{
  "em_ocean": [0.982, 0.990, 0.984],
  "em_land": [0.962, 0.980, 0.976],
  "em_snow": [0.986, 0.990, 0.990],
  "ocean_em_floor": 0.772,
  "wv_linear": [0.0165, 0.0110, 0.0230],
  "wv_quadratic": [0.000190, 0.000140, 0.000540],
  "wv_t_dep": 0.060,
  "tau_co2": 0.050,
  "tau_o3": 0.0090,
  "t_land_bias": -0.64,
  "t_water_bias": -0.34,
  "cext_water_scale": 1.45,
  "r_eff_multiplier": 1.0,
  "ciwc_multiplier": 5.25,
  "cswc_multiplier": 3.45,
  "snow_scatter_factor": 315.0,
  "ica_ice_scale": 4.82,
  "ica_liq_scale": 3.92,
  "wyser_offset": -1.62,
  "wyser_slope": 1.18e-3,
  "ice_spectral_shift": [0.885, 1.115, 1.140],
  "iwp_conv_thresh": 0.168
}
