Email,Test Task,Group,Included,Firm name,File Name,File Link,Timestamp,"Please copy and paste the filename of the test task you are reviewing. It should look like ""Firm Name_4 letters_Date""","In the DRAFTING exercise, please rate the quality of the DEPENDENT CLAIMS section.  [Enforceability]","In the DRAFTING exercise, please rate the quality of the DEPENDENT CLAIMS section.  [Technical Accuracy]","In the DRAFTING exercise, please rate the quality of the DEPENDENT CLAIMS section.  [Strategic Ambiguity]","In the DRAFTING exercise, please rate the quality of the DEPENDENT CLAIMS section.  [Completeness and Alignment with Objectives]","In the DRAFTING exercise, please rate the quality of the DEPENDENT CLAIMS section.  [Clarity ]","In the DRAFTING exercise, please rate the quality of the DETAILED DESCRIPTION section.  [Enforceability]","In the DRAFTING exercise, please rate the quality of the DETAILED DESCRIPTION section.  [Technical Accuracy]","In the DRAFTING exercise, please rate the quality of the DETAILED DESCRIPTION section.  [Strategic Ambiguity]","In the DRAFTING exercise, please rate the quality of the DETAILED DESCRIPTION section.  [Completeness and Alignment with Objectives]","In the DRAFTING exercise, please rate the quality of the DETAILED DESCRIPTION section.  [Clarity ]",Please rate the quality of the CRITIQUE section's redlined edits.   [Enforceability],Please rate the quality of the CRITIQUE section's redlined edits.   [Technical Accuracy],Please rate the quality of the CRITIQUE section's redlined edits.   [Strategic Ambiguity],Please rate the quality of the CRITIQUE section's redlined edits.   [Completeness and Alignment with Objectives],Please rate the quality of the CRITIQUE section's redlined edits.   [Clarity ],Rater ID,"Find the length of time it took them to complete the DRAFTING portion of the exercise and convert it into a total number of minutes (e.g. ""Two hours and 3 minutes"" -> 123)","Find the length of time it took them to complete the CRITIQUE portion of the exercise and convert it into a total number of minutes (e.g. ""Two hours and 3 minutes"" -> 123)","R_In the DRAFTING exercise, please rate the quality of the DEPENDENT CLAIMS section.  [Enforceability]","R_In the DRAFTING exercise, please rate the quality of the DEPENDENT CLAIMS section.  [Technical Accuracy]","R_In the DRAFTING exercise, please rate the quality of the DEPENDENT CLAIMS section.  [Strategic Ambiguity]","R_In the DRAFTING exercise, please rate the quality of the DEPENDENT CLAIMS section.  [Completeness and Alignment with Objectives]","R_In the DRAFTING exercise, please rate the quality of the DEPENDENT CLAIMS section.  [Clarity ]","R_In the DRAFTING exercise, please rate the quality of the DETAILED DESCRIPTION section.  [Enforceability]","R_In the DRAFTING exercise, please rate the quality of the DETAILED DESCRIPTION section.  [Technical Accuracy]","R_In the DRAFTING exercise, please rate the quality of the DETAILED DESCRIPTION section.  [Strategic Ambiguity]","R_In the DRAFTING exercise, please rate the quality of the DETAILED DESCRIPTION section.  [Completeness and Alignment with Objectives]","R_In the DRAFTING exercise, please rate the quality of the DETAILED DESCRIPTION section.  [Clarity ]",R_Please rate the quality of the CRITIQUE section's redlined edits.   [Enforceability],R_Please rate the quality of the CRITIQUE section's redlined edits.   [Technical Accuracy],R_Please rate the quality of the CRITIQUE section's redlined edits.   [Strategic Ambiguity],R_Please rate the quality of the CRITIQUE section's redlined edits.   [Completeness and Alignment with Objectives],R_Please rate the quality of the CRITIQUE section's redlined edits.   [Clarity ],Equal,"R1_In the DRAFTING exercise, please rate the quality of the DEPENDENT CLAIMS section.  [Enforceability]","R1_In the DRAFTING exercise, please rate the quality of the DEPENDENT CLAIMS section.  [Technical Accuracy]","R1_In the DRAFTING exercise, please rate the quality of the DEPENDENT CLAIMS section.  [Strategic Ambiguity]","R1_In the DRAFTING exercise, please rate the quality of the DEPENDENT CLAIMS section.  [Completeness and Alignment with Objectives]","R1_In the DRAFTING exercise, please rate the quality of the DEPENDENT CLAIMS section.  [Clarity ]","R1_In the DRAFTING exercise, please rate the quality of the DETAILED DESCRIPTION section.  [Enforceability]","R1_In the DRAFTING exercise, please rate the quality of the DETAILED DESCRIPTION section.  [Technical Accuracy]","R1_In the DRAFTING exercise, please rate the quality of the DETAILED DESCRIPTION section.  [Strategic Ambiguity]","R1_In the DRAFTING exercise, please rate the quality of the DETAILED DESCRIPTION section.  [Completeness and Alignment with Objectives]","R1_In the DRAFTING exercise, please rate the quality of the DETAILED DESCRIPTION section.  [Clarity ]",R1_Please rate the quality of the CRITIQUE section's redlined edits.   [Enforceability],R1_Please rate the quality of the CRITIQUE section's redlined edits.   [Technical Accuracy],R1_Please rate the quality of the CRITIQUE section's redlined edits.   [Strategic Ambiguity],R1_Please rate the quality of the CRITIQUE section's redlined edits.   [Completeness and Alignment with Objectives],R1_Please rate the quality of the CRITIQUE section's redlined edits.   [Clarity ],"R2_In the DRAFTING exercise, please rate the quality of the DEPENDENT CLAIMS section.  [Enforceability]","R2_In the DRAFTING exercise, please rate the quality of the DEPENDENT CLAIMS section.  [Technical Accuracy]","R2_In the DRAFTING exercise, please rate the quality of the DEPENDENT CLAIMS section.  [Strategic Ambiguity]","R2_In the DRAFTING exercise, please rate the quality of the DEPENDENT CLAIMS section.  [Completeness and Alignment with Objectives]","R2_In the DRAFTING exercise, please rate the quality of the DEPENDENT CLAIMS section.  [Clarity ]","R2_In the DRAFTING exercise, please rate the quality of the DETAILED DESCRIPTION section.  [Enforceability]","R2_In the DRAFTING exercise, please rate the quality of the DETAILED DESCRIPTION section.  [Technical Accuracy]","R2_In the DRAFTING exercise, please rate the quality of the DETAILED DESCRIPTION section.  [Strategic Ambiguity]","R2_In the DRAFTING exercise, please rate the quality of the DETAILED DESCRIPTION section.  [Completeness and Alignment with Objectives]","R2_In the DRAFTING exercise, please rate the quality of the DETAILED DESCRIPTION section.  [Clarity ]",R2_Please rate the quality of the CRITIQUE section's redlined edits.   [Enforceability],R2_Please rate the quality of the CRITIQUE section's redlined edits.   [Technical Accuracy],R2_Please rate the quality of the CRITIQUE section's redlined edits.   [Strategic Ambiguity],R2_Please rate the quality of the CRITIQUE section's redlined edits.   [Completeness and Alignment with Objectives],R2_Please rate the quality of the CRITIQUE section's redlined edits.   [Clarity ],"R1_Summary score, drafting and description","R2_Summary score, drafting and description","R2_Summary score, critique"
2cdab44c-b983-59d6-b313-92970f49a9c1,No Match,No Match,,No Match,No Match,No Match,Mon Apr 28 2025 12:02:54 GMT-0700 (Pacific Daylight Time),Rater_Srir_04252025,4 (Above Standard),4 (Above Standard),4 (Above Standard),4 (Above Standard),4 (Above Standard),4 (Above Standard),4 (Above Standard),4 (Above Standard),4 (Above Standard),4 (Above Standard),4 (Above Standard),4 (Above Standard),4 (Above Standard),4 (Above Standard),3 (Meets Standard),,,,4.0,4.0,4.0,4.0,4.0,4.0,4.0,4.0,4.0,4.0,4.0,4.0,4.0,4.0,3.0,False,,,,,,,,,,,,,,,,,,,,,,,,,,,,,,,,,
2cdab44c-b983-59d6-b313-92970f49a9c1,No Match,No Match,,No Match,No Match,No Match,Mon Apr 28 2025 12:08:54 GMT-0700 (Pacific Daylight Time),Rater_Raji_04252025,3 (Meets Standard),4 (Above Standard),4 (Above Standard),3 (Meets Standard),3 (Meets Standard),3 (Meets Standard),4 (Above Standard),4 (Above Standard),3 (Meets Standard),3 (Meets Standard),3 (Meets Standard),4 (Above Standard),4 (Above Standard),3 (Meets Standard),3 (Meets Standard),,,,3.0,4.0,4.0,3.0,3.0,3.0,4.0,4.0,3.0,3.0,3.0,4.0,4.0,3.0,3.0,False,,,,,,,,,,,,,,,,,,,,,,,,,,,,,,,,,
3ca57e08-b3bd-5e37-ac44-817d5c1ff656,1,POC (GP 2 default),0.0,Firm 6,Firm 6_3ca57e08,,Tue Jul 01 2025 18:55:05 GMT-0700 (Pacific Daylight Time),Firm 6_3ca57e08,3 (Meets Standard),3 (Meets Standard),3 (Meets Standard),4 (Above Standard),4 (Above Standard),3 (Meets Standard),3 (Meets Standard),2 (Below Standard),3 (Meets Standard),4 (Above Standard),2 (Below Standard),2 (Below Standard),1 (Far Below Standard),1 (Far Below Standard),1 (Far Below Standard),264e35df-e7c8-5bab-853d-30ab145ff01f,,,3.0,3.0,3.0,4.0,4.0,3.0,3.0,2.0,3.0,4.0,2.0,2.0,1.0,1.0,1.0,False,3.0,3.0,3.0,4.0,4.0,3.0,3.0,2.0,3.0,4.0,2.0,2.0,1.0,1.0,1.0,,,,,,,,,,,,,,,,3.2,,
3ca57e08-b3bd-5e37-ac44-817d5c1ff656,1,POC (GP 2 default),0.0,Firm 6,Firm 6_3ca57e08,,Tue Jul 01 2025 18:56:48 GMT-0700 (Pacific Daylight Time),Firm 6_3ca57e08,3 (Meets Standard),4 (Above Standard),3 (Meets Standard),3 (Meets Standard),4 (Above Standard),3 (Meets Standard),4 (Above Standard),3 (Meets Standard),4 (Above Standard),3 (Meets Standard),2 (Below Standard),2 (Below Standard),3 (Meets Standard),3 (Meets Standard),3 (Meets Standard),04f1990c-7a83-52b0-b457-c850750be3af,,,3.0,4.0,3.0,3.0,4.0,3.0,4.0,3.0,4.0,3.0,2.0,2.0,3.0,3.0,3.0,False,3.0,4.0,3.0,3.0,4.0,3.0,4.0,3.0,4.0,3.0,2.0,2.0,3.0,3.0,3.0,,,,,,,,,,,,,,,,3.4,,
9af56d58-f51e-57ef-b27a-7478a5f10830,1,Group 1,1.0,Firm 3,Firm 3_9af56d58,,Tue Jul 01 2025 18:58:38 GMT-0700 (Pacific Daylight Time),Firm 3_9af56d58,3 (Meets Standard),4 (Above Standard),3 (Meets Standard),4 (Above Standard),3 (Meets Standard),2 (Below Standard),3 (Meets Standard),3 (Meets Standard),3 (Meets Standard),3 (Meets Standard),4 (Above Standard),3 (Meets Standard),3 (Meets Standard),4 (Above Standard),4 (Above Standard),264e35df-e7c8-5bab-853d-30ab145ff01f,,,3.0,4.0,3.0,4.0,3.0,2.0,3.0,3.0,3.0,3.0,4.0,3.0,3.0,4.0,4.0,False,3.0,4.0,3.0,4.0,3.0,2.0,3.0,3.0,3.0,3.0,4.0,3.0,3.0,4.0,4.0,,,,,,,,,,,,,,,,3.1,,
9af56d58-f51e-57ef-b27a-7478a5f10830,1,Group 1,1.0,Firm 3,Firm 3_9af56d58,,Tue Jul 01 2025 18:59:45 GMT-0700 (Pacific Daylight Time),Firm 3_9af56d58,3 (Meets Standard),4 (Above Standard),4 (Above Standard),4 (Above Standard),3 (Meets Standard),3 (Meets Standard),4 (Above Standard),3 (Meets Standard),4 (Above Standard),3 (Meets Standard),4 (Above Standard),4 (Above Standard),4 (Above Standard),4 (Above Standard),4 (Above Standard),04f1990c-7a83-52b0-b457-c850750be3af,,,3.0,4.0,4.0,4.0,3.0,3.0,4.0,3.0,4.0,3.0,4.0,4.0,4.0,4.0,4.0,False,3.0,4.0,4.0,4.0,3.0,3.0,4.0,3.0,4.0,3.0,4.0,4.0,4.0,4.0,4.0,,,,,,,,,,,,,,,,3.5,,
4a83f16b-8b58-5035-afbd-3a8d7d1a267e,1,Group 1,1.0,Firm 3,Firm 3_4a83f16b,,Wed Jul 02 2025 07:37:33 GMT-0700 (Pacific Daylight Time),Firm 3_4a83f16b,3 (Meets Standard),4 (Above Standard),3 (Meets Standard),4 (Above Standard),3 (Meets Standard),3 (Meets Standard),3 (Meets Standard),3 (Meets Standard),3 (Meets Standard),4 (Above Standard),4 (Above Standard),4 (Above Standard),3 (Meets Standard),4 (Above Standard),4 (Above Standard),264e35df-e7c8-5bab-853d-30ab145ff01f,,,3.0,4.0,3.0,4.0,3.0,3.0,3.0,3.0,3.0,4.0,4.0,4.0,3.0,4.0,4.0,False,3.0,4.0,3.0,4.0,3.0,3.0,3.0,3.0,3.0,4.0,4.0,4.0,3.0,4.0,4.0,,,,,,,,,,,,,,,,3.3,,
4a83f16b-8b58-5035-afbd-3a8d7d1a267e,1,Group 1,1.0,Firm 3,Firm 3_4a83f16b,,Wed Jul 02 2025 07:40:05 GMT-0700 (Pacific Daylight Time),Firm 3_4a83f16b,4 (Above Standard),4 (Above Standard),4 (Above Standard),4 (Above Standard),4 (Above Standard),4 (Above Standard),4 (Above Standard),4 (Above Standard),3 (Meets Standard),3 (Meets Standard),4 (Above Standard),4 (Above Standard),3 (Meets Standard),4 (Above Standard),4 (Above Standard),04f1990c-7a83-52b0-b457-c850750be3af,,,4.0,4.0,4.0,4.0,4.0,4.0,4.0,4.0,3.0,3.0,4.0,4.0,3.0,4.0,4.0,False,4.0,4.0,4.0,4.0,4.0,4.0,4.0,4.0,3.0,3.0,4.0,4.0,3.0,4.0,4.0,,,,,,,,,,,,,,,,3.8,,
13987cbc-4ed6-55c3-93aa-24c1982f2b4c,1,POC (GP 2 default),0.0,Firm 6,Firm 6_13987cbc,,Wed Jul 02 2025 07:41:46 GMT-0700 (Pacific Daylight Time),Firm 6_13987cbc,3 (Meets Standard),4 (Above Standard),2 (Below Standard),3 (Meets Standard),3 (Meets Standard),3 (Meets Standard),2 (Below Standard),3 (Meets Standard),2 (Below Standard),2 (Below Standard),4 (Above Standard),4 (Above Standard),3 (Meets Standard),3 (Meets Standard),3 (Meets Standard),2dfcafe6-1583-5669-8a0f-49b9cb44f4b9,,,3.0,4.0,2.0,3.0,3.0,3.0,2.0,3.0,2.0,2.0,4.0,4.0,3.0,3.0,3.0,False,3.0,4.0,2.0,3.0,3.0,3.0,2.0,3.0,2.0,2.0,4.0,4.0,3.0,3.0,3.0,,,,,,,,,,,,,,,,2.7,,
13987cbc-4ed6-55c3-93aa-24c1982f2b4c,1,POC (GP 2 default),0.0,Firm 6,Firm 6_13987cbc,,Wed Jul 02 2025 07:46:29 GMT-0700 (Pacific Daylight Time),Firm 6_13987cbc,3 (Meets Standard),4 (Above Standard),4 (Above Standard),3 (Meets Standard),3 (Meets Standard),3 (Meets Standard),4 (Above Standard),3 (Meets Standard),3 (Meets Standard),4 (Above Standard),3 (Meets Standard),4 (Above Standard),4 (Above Standard),3 (Meets Standard),4 (Above Standard),2e61a7b3-d753-52d1-b80b-add6dc3998c1,,,3.0,4.0,4.0,3.0,3.0,3.0,4.0,3.0,3.0,4.0,3.0,4.0,4.0,3.0,4.0,False,3.0,4.0,4.0,3.0,3.0,3.0,4.0,3.0,3.0,4.0,3.0,4.0,4.0,3.0,4.0,,,,,,,,,,,,,,,,3.4,,
8a84f103-4317-58ec-8986-923e544a0b42,1,Group 2,1.0,Firm 6,Firm 6_8a84f103,,Wed Jul 02 2025 07:48:10 GMT-0700 (Pacific Daylight Time),Firm 6_8a84f103,3 (Meets Standard),3 (Meets Standard),3 (Meets Standard),4 (Above Standard),4 (Above Standard),3 (Meets Standard),3 (Meets Standard),2 (Below Standard),3 (Meets Standard),3 (Meets Standard),4 (Above Standard),3 (Meets Standard),4 (Above Standard),4 (Above Standard),3 (Meets Standard),264e35df-e7c8-5bab-853d-30ab145ff01f,,,3.0,3.0,3.0,4.0,4.0,3.0,3.0,2.0,3.0,3.0,4.0,3.0,4.0,4.0,3.0,False,3.0,3.0,3.0,4.0,4.0,3.0,3.0,2.0,3.0,3.0,4.0,3.0,4.0,4.0,3.0,,,,,,,,,,,,,,,,3.1,,
8a84f103-4317-58ec-8986-923e544a0b42,1,Group 2,1.0,Firm 6,Firm 6_8a84f103,,Wed Jul 02 2025 07:51:34 GMT-0700 (Pacific Daylight Time),Firm 6_8a84f103,3 (Meets Standard),3 (Meets Standard),3 (Meets Standard),3 (Meets Standard),3 (Meets Standard),3 (Meets Standard),4 (Above Standard),3 (Meets Standard),3 (Meets Standard),4 (Above Standard),3 (Meets Standard),4 (Above Standard),4 (Above Standard),3 (Meets Standard),4 (Above Standard),2dfcafe6-1583-5669-8a0f-49b9cb44f4b9,,,3.0,3.0,3.0,3.0,3.0,3.0,4.0,3.0,3.0,4.0,3.0,4.0,4.0,3.0,4.0,False,3.0,3.0,3.0,3.0,3.0,3.0,4.0,3.0,3.0,4.0,3.0,4.0,4.0,3.0,4.0,,,,,,,,,,,,,,,,3.2,,
4bcf550c-b99c-5d84-953a-cacf63652ae7,1,Group 2,1.0,Firm 3,Firm 3_4bcf550c,,Wed Jul 02 2025 07:57:52 GMT-0700 (Pacific Daylight Time),Firm 3_4bcf550c,3 (Meets Standard),3 (Meets Standard),3 (Meets Standard),4 (Above Standard),3 (Meets Standard),2 (Below Standard),3 (Meets Standard),2 (Below Standard),3 (Meets Standard),3 (Meets Standard),3 (Meets Standard),2 (Below Standard),3 (Meets Standard),3 (Meets Standard),3 (Meets Standard),264e35df-e7c8-5bab-853d-30ab145ff01f,,,3.0,3.0,3.0,4.0,3.0,2.0,3.0,2.0,3.0,3.0,3.0,2.0,3.0,3.0,3.0,False,3.0,3.0,3.0,4.0,3.0,2.0,3.0,2.0,3.0,3.0,3.0,2.0,3.0,3.0,3.0,,,,,,,,,,,,,,,,2.9,,
4bcf550c-b99c-5d84-953a-cacf63652ae7,1,Group 2,1.0,Firm 3,Firm 3_4bcf550c,,Wed Jul 02 2025 08:01:12 GMT-0700 (Pacific Daylight Time),Firm 3_4bcf550c,4 (Above Standard),4 (Above Standard),3 (Meets Standard),4 (Above Standard),4 (Above Standard),3 (Meets Standard),3 (Meets Standard),3 (Meets Standard),4 (Above Standard),3 (Meets Standard),2 (Below Standard),2 (Below Standard),1 (Far Below Standard),2 (Below Standard),2 (Below Standard),2dfcafe6-1583-5669-8a0f-49b9cb44f4b9,,,4.0,4.0,3.0,4.0,4.0,3.0,3.0,3.0,4.0,3.0,2.0,2.0,1.0,2.0,2.0,False,4.0,4.0,3.0,4.0,4.0,3.0,3.0,3.0,4.0,3.0,2.0,2.0,1.0,2.0,2.0,,,,,,,,,,,,,,,,3.5,,
ee13843f-f078-5f66-841b-e1c5602f23ce,1,Group 2,1.0,Firm 3,Firm 3_ee13843f,,Wed Jul 02 2025 08:04:39 GMT-0700 (Pacific Daylight Time),Firm 3_ee13843f,3 (Meets Standard),4 (Above Standard),3 (Meets Standard),3 (Meets Standard),3 (Meets Standard),2 (Below Standard),3 (Meets Standard),2 (Below Standard),3 (Meets Standard),3 (Meets Standard),3 (Meets Standard),3 (Meets Standard),4 (Above Standard),3 (Meets Standard),4 (Above Standard),264e35df-e7c8-5bab-853d-30ab145ff01f,,,3.0,4.0,3.0,3.0,3.0,2.0,3.0,2.0,3.0,3.0,3.0,3.0,4.0,3.0,4.0,False,3.0,4.0,3.0,3.0,3.0,2.0,3.0,2.0,3.0,3.0,3.0,3.0,4.0,3.0,4.0,,,,,,,,,,,,,,,,2.9,,
ee13843f-f078-5f66-841b-e1c5602f23ce,1,Group 2,1.0,Firm 3,Firm 3_ee13843f,,Wed Jul 02 2025 08:05:57 GMT-0700 (Pacific Daylight Time),Firm 3_ee13843f,3 (Meets Standard),3 (Meets Standard),3 (Meets Standard),4 (Above Standard),3 (Meets Standard),3 (Meets Standard),4 (Above Standard),3 (Meets Standard),4 (Above Standard),4 (Above Standard),1 (Far Below Standard),2 (Below Standard),1 (Far Below Standard),2 (Below Standard),2 (Below Standard),2dfcafe6-1583-5669-8a0f-49b9cb44f4b9,,,3.0,3.0,3.0,4.0,3.0,3.0,4.0,3.0,4.0,4.0,1.0,2.0,1.0,2.0,2.0,False,3.0,3.0,3.0,4.0,3.0,3.0,4.0,3.0,4.0,4.0,1.0,2.0,1.0,2.0,2.0,,,,,,,,,,,,,,,,3.4,,
8930cf72-69e4-5ee7-ba45-9fc568c1010e,1,Group 1,1.0,Firm 6,Firm 6_8930cf72,,Wed Jul 02 2025 08:19:45 GMT-0700 (Pacific Daylight Time),Firm 6_8930cf72,3 (Meets Standard),3 (Meets Standard),4 (Above Standard),4 (Above Standard),3 (Meets Standard),2 (Below Standard),2 (Below Standard),3 (Meets Standard),3 (Meets Standard),3 (Meets Standard),3 (Meets Standard),3 (Meets Standard),3 (Meets Standard),3 (Meets Standard),4 (Above Standard),264e35df-e7c8-5bab-853d-30ab145ff01f,,,3.0,3.0,4.0,4.0,3.0,2.0,2.0,3.0,3.0,3.0,3.0,3.0,3.0,3.0,4.0,False,3.0,3.0,4.0,4.0,3.0,2.0,2.0,3.0,3.0,3.0,3.0,3.0,3.0,3.0,4.0,,,,,,,,,,,,,,,,3.0,,
8930cf72-69e4-5ee7-ba45-9fc568c1010e,1,Group 1,1.0,Firm 6,Firm 6_8930cf72,,Wed Jul 02 2025 08:22:05 GMT-0700 (Pacific Daylight Time),Firm 6_8930cf72,4 (Above Standard),4 (Above Standard),3 (Meets Standard),3 (Meets Standard),4 (Above Standard),3 (Meets Standard),3 (Meets Standard),3 (Meets Standard),2 (Below Standard),2 (Below Standard),4 (Above Standard),5 (Exceptional),4 (Above Standard),5 (Exceptional),4 (Above Standard),2dfcafe6-1583-5669-8a0f-49b9cb44f4b9,,,4.0,4.0,3.0,3.0,4.0,3.0,3.0,3.0,2.0,2.0,4.0,5.0,4.0,5.0,4.0,False,4.0,4.0,3.0,3.0,4.0,3.0,3.0,3.0,2.0,2.0,4.0,5.0,4.0,5.0,4.0,,,,,,,,,,,,,,,,3.1,,
8c5e2f92-5f07-5cf2-aaf1-cef7a94c73f9,1,Group 1,1.0,Firm 6,Firm 6_8c5e2f92,,Wed Jul 02 2025 08:23:35 GMT-0700 (Pacific Daylight Time),Firm 6_8c5e2f92,3 (Meets Standard),2 (Below Standard),4 (Above Standard),3 (Meets Standard),3 (Meets Standard),3 (Meets Standard),2 (Below Standard),3 (Meets Standard),3 (Meets Standard),3 (Meets Standard),3 (Meets Standard),2 (Below Standard),3 (Meets Standard),2 (Below Standard),2 (Below Standard),264e35df-e7c8-5bab-853d-30ab145ff01f,,,3.0,2.0,4.0,3.0,3.0,3.0,2.0,3.0,3.0,3.0,3.0,2.0,3.0,2.0,2.0,False,3.0,2.0,4.0,3.0,3.0,3.0,2.0,3.0,3.0,3.0,3.0,2.0,3.0,2.0,2.0,,,,,,,,,,,,,,,,2.9,,
8c5e2f92-5f07-5cf2-aaf1-cef7a94c73f9,1,Group 1,1.0,Firm 6,Firm 6_8c5e2f92,,Wed Jul 02 2025 08:25:07 GMT-0700 (Pacific Daylight Time),Firm 6_8c5e2f92,4 (Above Standard),3 (Meets Standard),3 (Meets Standard),4 (Above Standard),4 (Above Standard),3 (Meets Standard),3 (Meets Standard),3 (Meets Standard),3 (Meets Standard),4 (Above Standard),2 (Below Standard),1 (Far Below Standard),2 (Below Standard),1 (Far Below Standard),1 (Far Below Standard),2dfcafe6-1583-5669-8a0f-49b9cb44f4b9,,,4.0,3.0,3.0,4.0,4.0,3.0,3.0,3.0,3.0,4.0,2.0,1.0,2.0,1.0,1.0,False,4.0,3.0,3.0,4.0,4.0,3.0,3.0,3.0,3.0,4.0,2.0,1.0,2.0,1.0,1.0,,,,,,,,,,,,,,,,3.4,,
8fe2b5ba-f2c7-5a77-be88-22e250eaca9d,1,Group 2,1.0,Firm 3,Firm 3_8fe2b5ba,,Wed Jul 02 2025 08:27:35 GMT-0700 (Pacific Daylight Time),Firm 3_8fe2b5ba,2 (Below Standard),3 (Meets Standard),4 (Above Standard),4 (Above Standard),3 (Meets Standard),2 (Below Standard),2 (Below Standard),3 (Meets Standard),3 (Meets Standard),3 (Meets Standard),3 (Meets Standard),3 (Meets Standard),4 (Above Standard),3 (Meets Standard),4 (Above Standard),264e35df-e7c8-5bab-853d-30ab145ff01f,,,2.0,3.0,4.0,4.0,3.0,2.0,2.0,3.0,3.0,3.0,3.0,3.0,4.0,3.0,4.0,False,2.0,3.0,4.0,4.0,3.0,2.0,2.0,3.0,3.0,3.0,3.0,3.0,4.0,3.0,4.0,,,,,,,,,,,,,,,,2.9,,
8fe2b5ba-f2c7-5a77-be88-22e250eaca9d,1,Group 2,1.0,Firm 3,Firm 3_8fe2b5ba,,Wed Jul 02 2025 08:30:19 GMT-0700 (Pacific Daylight Time),Firm 3_8fe2b5ba,2 (Below Standard),2 (Below Standard),2 (Below Standard),3 (Meets Standard),2 (Below Standard),2 (Below Standard),2 (Below Standard),2 (Below Standard),3 (Meets Standard),3 (Meets Standard),3 (Meets Standard),3 (Meets Standard),3 (Meets Standard),3 (Meets Standard),3 (Meets Standard),2dfcafe6-1583-5669-8a0f-49b9cb44f4b9,,,2.0,2.0,2.0,3.0,2.0,2.0,2.0,2.0,3.0,3.0,3.0,3.0,3.0,3.0,3.0,False,2.0,2.0,2.0,3.0,2.0,2.0,2.0,2.0,3.0,3.0,3.0,3.0,3.0,3.0,3.0,,,,,,,,,,,,,,,,2.3,,
e304a224-9c86-573b-a3ed-ff33fa3b82db,1,Group 2,1.0,Firm 3,Firm 3_e304a224,,Wed Jul 02 2025 08:32:33 GMT-0700 (Pacific Daylight Time),Firm 3_e304a224,3 (Meets Standard),4 (Above Standard),3 (Meets Standard),4 (Above Standard),3 (Meets Standard),3 (Meets Standard),3 (Meets Standard),4 (Above Standard),3 (Meets Standard),3 (Meets Standard),3 (Meets Standard),3 (Meets Standard),2 (Below Standard),3 (Meets Standard),4 (Above Standard),264e35df-e7c8-5bab-853d-30ab145ff01f,,,3.0,4.0,3.0,4.0,3.0,3.0,3.0,4.0,3.0,3.0,3.0,3.0,2.0,3.0,4.0,False,3.0,4.0,3.0,4.0,3.0,3.0,3.0,4.0,3.0,3.0,3.0,3.0,2.0,3.0,4.0,,,,,,,,,,,,,,,,3.3,,
e304a224-9c86-573b-a3ed-ff33fa3b82db,1,Group 2,1.0,Firm 3,Firm 3_e304a224,,Wed Jul 02 2025 08:34:12 GMT-0700 (Pacific Daylight Time),Firm 3_e304a224,3 (Meets Standard),3 (Meets Standard),3 (Meets Standard),3 (Meets Standard),4 (Above Standard),3 (Meets Standard),4 (Above Standard),3 (Meets Standard),3 (Meets Standard),4 (Above Standard),3 (Meets Standard),2 (Below Standard),4 (Above Standard),4 (Above Standard),4 (Above Standard),2e61a7b3-d753-52d1-b80b-add6dc3998c1,,,3.0,3.0,3.0,3.0,4.0,3.0,4.0,3.0,3.0,4.0,3.0,2.0,4.0,4.0,4.0,False,3.0,3.0,3.0,3.0,4.0,3.0,4.0,3.0,3.0,4.0,3.0,2.0,4.0,4.0,4.0,,,,,,,,,,,,,,,,3.3,,
66493ea1-816a-5340-9d76-7049a2202180,1,Group 2,1.0,Firm 3,Firm 3_66493ea1,,Wed Jul 02 2025 08:35:27 GMT-0700 (Pacific Daylight Time),Firm 3_66493ea1,3 (Meets Standard),4 (Above Standard),3 (Meets Standard),3 (Meets Standard),3 (Meets Standard),3 (Meets Standard),3 (Meets Standard),3 (Meets Standard),3 (Meets Standard),2 (Below Standard),3 (Meets Standard),3 (Meets Standard),2 (Below Standard),4 (Above Standard),4 (Above Standard),264e35df-e7c8-5bab-853d-30ab145ff01f,,,3.0,4.0,3.0,3.0,3.0,3.0,3.0,3.0,3.0,2.0,3.0,3.0,2.0,4.0,4.0,False,3.0,4.0,3.0,3.0,3.0,3.0,3.0,3.0,3.0,2.0,3.0,3.0,2.0,4.0,4.0,,,,,,,,,,,,,,,,3.0,,
66493ea1-816a-5340-9d76-7049a2202180,1,Group 2,1.0,Firm 3,Firm 3_66493ea1,,Wed Jul 02 2025 08:37:03 GMT-0700 (Pacific Daylight Time),Firm 3_66493ea1,4 (Above Standard),3 (Meets Standard),4 (Above Standard),3 (Meets Standard),3 (Meets Standard),4 (Above Standard),4 (Above Standard),4 (Above Standard),3 (Meets Standard),3 (Meets Standard),3 (Meets Standard),4 (Above Standard),3 (Meets Standard),4 (Above Standard),3 (Meets Standard),2e61a7b3-d753-52d1-b80b-add6dc3998c1,,,4.0,3.0,4.0,3.0,3.0,4.0,4.0,4.0,3.0,3.0,3.0,4.0,3.0,4.0,3.0,False,4.0,3.0,4.0,3.0,3.0,4.0,4.0,4.0,3.0,3.0,3.0,4.0,3.0,4.0,3.0,,,,,,,,,,,,,,,,3.5,,
ca431490-16da-5915-8766-4f6a124ce757,1,Group 2,1.0,Firm 3,Firm 3_ca431490,,Wed Jul 02 2025 08:40:12 GMT-0700 (Pacific Daylight Time),Firm 3_ca431490,3 (Meets Standard),4 (Above Standard),3 (Meets Standard),4 (Above Standard),4 (Above Standard),3 (Meets Standard),4 (Above Standard),3 (Meets Standard),3 (Meets Standard),3 (Meets Standard),3 (Meets Standard),3 (Meets Standard),3 (Meets Standard),4 (Above Standard),3 (Meets Standard),264e35df-e7c8-5bab-853d-30ab145ff01f,,,3.0,4.0,3.0,4.0,4.0,3.0,4.0,3.0,3.0,3.0,3.0,3.0,3.0,4.0,3.0,False,3.0,4.0,3.0,4.0,4.0,3.0,4.0,3.0,3.0,3.0,3.0,3.0,3.0,4.0,3.0,,,,,,,,,,,,,,,,3.4,,
ca431490-16da-5915-8766-4f6a124ce757,1,Group 2,1.0,Firm 3,Firm 3_ca431490,,Wed Jul 02 2025 08:41:27 GMT-0700 (Pacific Daylight Time),Firm 3_ca431490,3 (Meets Standard),4 (Above Standard),4 (Above Standard),4 (Above Standard),3 (Meets Standard),3 (Meets Standard),3 (Meets Standard),3 (Meets Standard),3 (Meets Standard),3 (Meets Standard),4 (Above Standard),4 (Above Standard),3 (Meets Standard),4 (Above Standard),4 (Above Standard),2dfcafe6-1583-5669-8a0f-49b9cb44f4b9,,,3.0,4.0,4.0,4.0,3.0,3.0,3.0,3.0,3.0,3.0,4.0,4.0,3.0,4.0,4.0,False,3.0,4.0,4.0,4.0,3.0,3.0,3.0,3.0,3.0,3.0,4.0,4.0,3.0,4.0,4.0,,,,,,,,,,,,,,,,3.3,,
ad974298-cda3-5101-b90c-718c1b107ab7,1,Group 2,1.0,Firm 6,Firm 6_ad974298,,Wed Jul 02 2025 08:42:31 GMT-0700 (Pacific Daylight Time),Firm 6_ad974298,2 (Below Standard),4 (Above Standard),3 (Meets Standard),3 (Meets Standard),3 (Meets Standard),3 (Meets Standard),3 (Meets Standard),2 (Below Standard),3 (Meets Standard),3 (Meets Standard),3 (Meets Standard),4 (Above Standard),3 (Meets Standard),3 (Meets Standard),4 (Above Standard),264e35df-e7c8-5bab-853d-30ab145ff01f,,,2.0,4.0,3.0,3.0,3.0,3.0,3.0,2.0,3.0,3.0,3.0,4.0,3.0,3.0,4.0,False,2.0,4.0,3.0,3.0,3.0,3.0,3.0,2.0,3.0,3.0,3.0,4.0,3.0,3.0,4.0,,,,,,,,,,,,,,,,2.9,,
ad974298-cda3-5101-b90c-718c1b107ab7,1,Group 2,1.0,Firm 6,Firm 6_ad974298,,Wed Jul 02 2025 08:45:22 GMT-0700 (Pacific Daylight Time),Firm 6_ad974298,3 (Meets Standard),4 (Above Standard),3 (Meets Standard),4 (Above Standard),3 (Meets Standard),3 (Meets Standard),4 (Above Standard),3 (Meets Standard),4 (Above Standard),3 (Meets Standard),3 (Meets Standard),4 (Above Standard),3 (Meets Standard),3 (Meets Standard),3 (Meets Standard),2dfcafe6-1583-5669-8a0f-49b9cb44f4b9,,,3.0,4.0,3.0,4.0,3.0,3.0,4.0,3.0,4.0,3.0,3.0,4.0,3.0,3.0,3.0,False,3.0,4.0,3.0,4.0,3.0,3.0,4.0,3.0,4.0,3.0,3.0,4.0,3.0,3.0,3.0,,,,,,,,,,,,,,,,3.4,,
fbf9dda2-9921-5382-97b2-924fc4c67cce,1,Group 2,1.0,Firm 6,Firm 6_fbf9dda2,,Wed Jul 02 2025 08:52:17 GMT-0700 (Pacific Daylight Time),Firm 6_fbf9dda2,3 (Meets Standard),3 (Meets Standard),2 (Below Standard),2 (Below Standard),3 (Meets Standard),3 (Meets Standard),3 (Meets Standard),3 (Meets Standard),3 (Meets Standard),3 (Meets Standard),,,,,,264e35df-e7c8-5bab-853d-30ab145ff01f,,,3.0,3.0,2.0,2.0,3.0,3.0,3.0,3.0,3.0,3.0,,,,,,False,3.0,3.0,2.0,2.0,3.0,3.0,3.0,3.0,3.0,3.0,,,,,,,,,,,,,,,,,,,,,2.8,,
fbf9dda2-9921-5382-97b2-924fc4c67cce,1,Group 2,1.0,Firm 6,Firm 6_fbf9dda2,,Wed Jul 02 2025 08:53:27 GMT-0700 (Pacific Daylight Time),Firm 6_fbf9dda2,3 (Meets Standard),4 (Above Standard),3 (Meets Standard),3 (Meets Standard),4 (Above Standard),3 (Meets Standard),4 (Above Standard),3 (Meets Standard),4 (Above Standard),4 (Above Standard),,,,,,2dfcafe6-1583-5669-8a0f-49b9cb44f4b9,,,3.0,4.0,3.0,3.0,4.0,3.0,4.0,3.0,4.0,4.0,,,,,,False,3.0,4.0,3.0,3.0,4.0,3.0,4.0,3.0,4.0,4.0,,,,,,,,,,,,,,,,,,,,,3.5,,
fde3fcbe-a6b4-5a21-aec5-d83055abcd55,1,Group 2,1.0,Firm 3,Firm 3_fde3fcbe,,Wed Jul 02 2025 08:54:35 GMT-0700 (Pacific Daylight Time),Firm 3_fde3fcbe,3 (Meets Standard),3 (Meets Standard),2 (Below Standard),3 (Meets Standard),3 (Meets Standard),1 (Far Below Standard),1 (Far Below Standard),1 (Far Below Standard),1 (Far Below Standard),1 (Far Below Standard),,,,,,264e35df-e7c8-5bab-853d-30ab145ff01f,,,3.0,3.0,2.0,3.0,3.0,1.0,1.0,1.0,1.0,1.0,,,,,,False,3.0,3.0,2.0,3.0,3.0,1.0,1.0,1.0,1.0,1.0,,,,,,,,,,,,,,,,,,,,,1.9,,
fde3fcbe-a6b4-5a21-aec5-d83055abcd55,1,Group 2,1.0,Firm 3,Firm 3_fde3fcbe,,Wed Jul 02 2025 08:55:41 GMT-0700 (Pacific Daylight Time),Firm 3_fde3fcbe,2 (Below Standard),3 (Meets Standard),3 (Meets Standard),2 (Below Standard),2 (Below Standard),1 (Far Below Standard),1 (Far Below Standard),1 (Far Below Standard),1 (Far Below Standard),1 (Far Below Standard),,,,,,2dfcafe6-1583-5669-8a0f-49b9cb44f4b9,,,2.0,3.0,3.0,2.0,2.0,1.0,1.0,1.0,1.0,1.0,,,,,,False,2.0,3.0,3.0,2.0,2.0,1.0,1.0,1.0,1.0,1.0,,,,,,,,,,,,,,,,,,,,,1.7,,
8c5e2f92-5f07-5cf2-aaf1-cef7a94c73f9,2,Group 1,1.0,Firm 6,Firm 6_8c5e2f92,,Fri Aug 22 2025 11:02:19 GMT-0700 (Pacific Daylight Time),Firm 6_8c5e2f92,2 (Below Standard),3 (Meets Standard),3 (Meets Standard),3 (Meets Standard),2 (Below Standard),2 (Below Standard),2 (Below Standard),3 (Meets Standard),2 (Below Standard),2 (Below Standard),,,,,,eb314089-e101-5857-9b74-3a7e96f8ed6b,,,2.0,3.0,3.0,3.0,2.0,2.0,2.0,3.0,2.0,2.0,,,,,,False,,,,,,,,,,,,,,,,2.0,3.0,3.0,3.0,2.0,2.0,2.0,3.0,2.0,2.0,,,,,,,2.4,
9af56d58-f51e-57ef-b27a-7478a5f10830,2,Group 1,1.0,Firm 3,Firm 3_9af56d58,,Mon Aug 25 2025 08:24:48 GMT-0700 (Pacific Daylight Time),Firm 3_9af56d58,2 (Below Standard),2 (Below Standard),3 (Meets Standard),3 (Meets Standard),1 (Far Below Standard),3 (Meets Standard),3 (Meets Standard),3 (Meets Standard),4 (Above Standard),2 (Below Standard),,,,,,eb314089-e101-5857-9b74-3a7e96f8ed6b,,,2.0,2.0,3.0,3.0,1.0,3.0,3.0,3.0,4.0,2.0,,,,,,False,,,,,,,,,,,,,,,,2.0,2.0,3.0,3.0,1.0,3.0,3.0,3.0,4.0,2.0,,,,,,,2.6,
fde3fcbe-a6b4-5a21-aec5-d83055abcd55,2,Group 2,1.0,Firm 3,Firm 3_fde3fcbe,,Mon Aug 25 2025 09:01:20 GMT-0700 (Pacific Daylight Time),Firm 3_fde3fcbe,5 (Exceptional),5 (Exceptional),5 (Exceptional),4 (Above Standard),5 (Exceptional),4 (Above Standard),5 (Exceptional),4 (Above Standard),4 (Above Standard),5 (Exceptional),,,,,,eb314089-e101-5857-9b74-3a7e96f8ed6b,,,5.0,5.0,5.0,4.0,5.0,4.0,5.0,4.0,4.0,5.0,,,,,,False,,,,,,,,,,,,,,,,5.0,5.0,5.0,4.0,5.0,4.0,5.0,4.0,4.0,5.0,,,,,,,4.6,
4bcf550c-b99c-5d84-953a-cacf63652ae7,2,Group 2,1.0,Firm 3,Firm 3_4bcf550c,,Mon Aug 25 2025 10:26:58 GMT-0700 (Pacific Daylight Time),Firm 3_4bcf550c,3 (Meets Standard),4 (Above Standard),3 (Meets Standard),3 (Meets Standard),5 (Exceptional),4 (Above Standard),4 (Above Standard),4 (Above Standard),4 (Above Standard),4 (Above Standard),,,,,,eb314089-e101-5857-9b74-3a7e96f8ed6b,,,3.0,4.0,3.0,3.0,5.0,4.0,4.0,4.0,4.0,4.0,,,,,,False,,,,,,,,,,,,,,,,3.0,4.0,3.0,3.0,5.0,4.0,4.0,4.0,4.0,4.0,,,,,,,3.8,
8fe2b5ba-f2c7-5a77-be88-22e250eaca9d,2,Group 2,1.0,Firm 3,Firm 3_8fe2b5ba,,Mon Aug 25 2025 10:42:21 GMT-0700 (Pacific Daylight Time),Firm 3_8fe2b5ba,3 (Meets Standard),3 (Meets Standard),4 (Above Standard),4 (Above Standard),3 (Meets Standard),4 (Above Standard),4 (Above Standard),4 (Above Standard),4 (Above Standard),4 (Above Standard),,,,,,eb314089-e101-5857-9b74-3a7e96f8ed6b,,,3.0,3.0,4.0,4.0,3.0,4.0,4.0,4.0,4.0,4.0,,,,,,False,,,,,,,,,,,,,,,,3.0,3.0,4.0,4.0,3.0,4.0,4.0,4.0,4.0,4.0,,,,,,,3.7,
ee13843f-f078-5f66-841b-e1c5602f23ce,2,Group 2,1.0,Firm 3,Firm 3_ee13843f,,Mon Aug 25 2025 11:29:08 GMT-0700 (Pacific Daylight Time),Firm 3_ee13843f,4 (Above Standard),4 (Above Standard),4 (Above Standard),4 (Above Standard),5 (Exceptional),4 (Above Standard),5 (Exceptional),4 (Above Standard),4 (Above Standard),5 (Exceptional),,,,,,eb314089-e101-5857-9b74-3a7e96f8ed6b,,,4.0,4.0,4.0,4.0,5.0,4.0,5.0,4.0,4.0,5.0,,,,,,False,,,,,,,,,,,,,,,,4.0,4.0,4.0,4.0,5.0,4.0,5.0,4.0,4.0,5.0,,,,,,,4.3,
ca431490-16da-5915-8766-4f6a124ce757,2,Group 2,1.0,Firm 3,Firm 3_ca431490,,Mon Aug 25 2025 11:43:05 GMT-0700 (Pacific Daylight Time),Firm 3_ca431490,4 (Above Standard),4 (Above Standard),4 (Above Standard),4 (Above Standard),4 (Above Standard),4 (Above Standard),4 (Above Standard),4 (Above Standard),4 (Above Standard),4 (Above Standard),,,,,,eb314089-e101-5857-9b74-3a7e96f8ed6b,,,4.0,4.0,4.0,4.0,4.0,4.0,4.0,4.0,4.0,4.0,,,,,,True,,,,,,,,,,,,,,,,4.0,4.0,4.0,4.0,4.0,4.0,4.0,4.0,4.0,4.0,,,,,,,4.0,
4bcf550c-b99c-5d84-953a-cacf63652ae7,2,Group 2,1.0,Firm 3,Firm 3_4bcf550c,,Mon Aug 25 2025 13:27:06 GMT-0700 (Pacific Daylight Time),Firm 3_4bcf550c,3 (Meets Standard),4 (Above Standard),3 (Meets Standard),3 (Meets Standard),5 (Exceptional),4 (Above Standard),4 (Above Standard),4 (Above Standard),4 (Above Standard),4 (Above Standard),,,,,,eb314089-e101-5857-9b74-3a7e96f8ed6b,,,3.0,4.0,3.0,3.0,5.0,4.0,4.0,4.0,4.0,4.0,,,,,,False,,,,,,,,,,,,,,,,3.0,4.0,3.0,3.0,5.0,4.0,4.0,4.0,4.0,4.0,,,,,,,3.8,
7e5a9b32-f7eb-5782-9581-fe36edd0fae9,1,Group 2,1.0,Firm 12,Firm 12_7e5a9b32,,Tue Aug 26 2025 08:56:50 GMT-0700 (Pacific Daylight Time),Firm 12_7e5a9b32,3 (Meets Standard),3 (Meets Standard),3 (Meets Standard),3 (Meets Standard),4 (Above Standard),4 (Above Standard),4 (Above Standard),4 (Above Standard),3 (Meets Standard),3 (Meets Standard),,,,,,eb314089-e101-5857-9b74-3a7e96f8ed6b,,,3.0,3.0,3.0,3.0,4.0,4.0,4.0,4.0,3.0,3.0,,,,,,False,3.0,3.0,3.0,3.0,4.0,4.0,4.0,4.0,3.0,3.0,,,,,,,,,,,,,,,,,,,,,3.4,,
2de0fe04-92f5-5f5d-b655-4de7bdf0bfa8,1,Group 1,1.0,Firm 12,Firm 12_2de0fe04,,Tue Aug 26 2025 08:58:15 GMT-0700 (Pacific Daylight Time),Firm 12_2de0fe04,3 (Meets Standard),3 (Meets Standard),3 (Meets Standard),3 (Meets Standard),2 (Below Standard),3 (Meets Standard),3 (Meets Standard),2 (Below Standard),3 (Meets Standard),3 (Meets Standard),,,,,,eb314089-e101-5857-9b74-3a7e96f8ed6b,,,3.0,3.0,3.0,3.0,2.0,3.0,3.0,2.0,3.0,3.0,,,,,,False,3.0,3.0,3.0,3.0,2.0,3.0,3.0,2.0,3.0,3.0,,,,,,,,,,,,,,,,,,,,,2.8,,
7a46de25-4e0c-5412-9f27-655bf590f86e,1,Group 2,1.0,Firm 12,Firm 12_7a46de25,,Tue Aug 26 2025 09:00:15 GMT-0700 (Pacific Daylight Time),Firm 12_7a46de25,3 (Meets Standard),3 (Meets Standard),3 (Meets Standard),3 (Meets Standard),4 (Above Standard),3 (Meets Standard),3 (Meets Standard),3 (Meets Standard),2 (Below Standard),2 (Below Standard),,,,,,eb314089-e101-5857-9b74-3a7e96f8ed6b,,,3.0,3.0,3.0,3.0,4.0,3.0,3.0,3.0,2.0,2.0,,,,,,False,3.0,3.0,3.0,3.0,4.0,3.0,3.0,3.0,2.0,2.0,,,,,,,,,,,,,,,,,,,,,2.9,,
fde3fcbe-a6b4-5a21-aec5-d83055abcd55,2,Group 2,1.0,Firm 3,Firm 3_fde3fcbe,,Tue Aug 26 2025 10:30:47 GMT-0700 (Pacific Daylight Time),Firm 3_fde3fcbe,5 (Exceptional),5 (Exceptional),4 (Above Standard),4 (Above Standard),5 (Exceptional),3 (Meets Standard),4 (Above Standard),3 (Meets Standard),4 (Above Standard),4 (Above Standard),,,,,,264e35df-e7c8-5bab-853d-30ab145ff01f,,,5.0,5.0,4.0,4.0,5.0,3.0,4.0,3.0,4.0,4.0,,,,,,False,,,,,,,,,,,,,,,,5.0,5.0,4.0,4.0,5.0,3.0,4.0,3.0,4.0,4.0,,,,,,,4.1,
8fe2b5ba-f2c7-5a77-be88-22e250eaca9d,2,Group 2,1.0,Firm 3,Firm 3_8fe2b5ba,,Tue Aug 26 2025 10:34:25 GMT-0700 (Pacific Daylight Time),Firm 3_8fe2b5ba,4 (Above Standard),4 (Above Standard),3 (Meets Standard),4 (Above Standard),4 (Above Standard),4 (Above Standard),4 (Above Standard),3 (Meets Standard),4 (Above Standard),4 (Above Standard),,,,,,264e35df-e7c8-5bab-853d-30ab145ff01f,,,4.0,4.0,3.0,4.0,4.0,4.0,4.0,3.0,4.0,4.0,,,,,,False,,,,,,,,,,,,,,,,4.0,4.0,3.0,4.0,4.0,4.0,4.0,3.0,4.0,4.0,,,,,,,3.8,
8c5e2f92-5f07-5cf2-aaf1-cef7a94c73f9,2,Group 1,1.0,Firm 6,Firm 6_8c5e2f92,,Tue Aug 26 2025 10:39:45 GMT-0700 (Pacific Daylight Time),Firm 6_8c5e2f92,4 (Above Standard),4 (Above Standard),3 (Meets Standard),4 (Above Standard),4 (Above Standard),4 (Above Standard),4 (Above Standard),3 (Meets Standard),4 (Above Standard),4 (Above Standard),,,,,,04f1990c-7a83-52b0-b457-c850750be3af,,,4.0,4.0,3.0,4.0,4.0,4.0,4.0,3.0,4.0,4.0,,,,,,False,,,,,,,,,,,,,,,,4.0,4.0,3.0,4.0,4.0,4.0,4.0,3.0,4.0,4.0,,,,,,,3.8,
ca431490-16da-5915-8766-4f6a124ce757,2,Group 2,1.0,Firm 3,Firm 3_ca431490,,Tue Aug 26 2025 10:40:56 GMT-0700 (Pacific Daylight Time),Firm 3_ca431490,4 (Above Standard),4 (Above Standard),3 (Meets Standard),4 (Above Standard),4 (Above Standard),4 (Above Standard),4 (Above Standard),4 (Above Standard),4 (Above Standard),4 (Above Standard),,,,,,04f1990c-7a83-52b0-b457-c850750be3af,,,4.0,4.0,3.0,4.0,4.0,4.0,4.0,4.0,4.0,4.0,,,,,,False,,,,,,,,,,,,,,,,4.0,4.0,3.0,4.0,4.0,4.0,4.0,4.0,4.0,4.0,,,,,,,3.9,
9af56d58-f51e-57ef-b27a-7478a5f10830,2,Group 1,1.0,Firm 3,Firm 3_9af56d58,,Tue Aug 26 2025 11:51:24 GMT-0700 (Pacific Daylight Time),Firm 3_9af56d58,4 (Above Standard),3 (Meets Standard),4 (Above Standard),3 (Meets Standard),3 (Meets Standard),4 (Above Standard),3 (Meets Standard),4 (Above Standard),4 (Above Standard),4 (Above Standard),,,,,,2dfcafe6-1583-5669-8a0f-49b9cb44f4b9,,,4.0,3.0,4.0,3.0,3.0,4.0,3.0,4.0,4.0,4.0,,,,,,False,,,,,,,,,,,,,,,,4.0,3.0,4.0,3.0,3.0,4.0,3.0,4.0,4.0,4.0,,,,,,,3.6,
ee13843f-f078-5f66-841b-e1c5602f23ce,2,Group 2,1.0,Firm 3,Firm 3_ee13843f,,Tue Aug 26 2025 11:57:03 GMT-0700 (Pacific Daylight Time),Firm 3_ee13843f,5 (Exceptional),4 (Above Standard),5 (Exceptional),5 (Exceptional),5 (Exceptional),5 (Exceptional),4 (Above Standard),5 (Exceptional),5 (Exceptional),5 (Exceptional),,,,,,2dfcafe6-1583-5669-8a0f-49b9cb44f4b9,,,5.0,4.0,5.0,5.0,5.0,5.0,4.0,5.0,5.0,5.0,,,,,,False,,,,,,,,,,,,,,,,5.0,4.0,5.0,5.0,5.0,5.0,4.0,5.0,5.0,5.0,,,,,,,4.8,
e9a8662d-22ae-53d2-92a0-00303f8cba79,1,Group 2,1.0,Firm 9,Firm 9_e9a8662d,,Tue Aug 26 2025 14:10:05 GMT-0700 (Pacific Daylight Time),Firm 9_e9a8662d,3 (Meets Standard),3 (Meets Standard),3 (Meets Standard),3 (Meets Standard),3 (Meets Standard),2 (Below Standard),2 (Below Standard),2 (Below Standard),2 (Below Standard),2 (Below Standard),,,,,,eb314089-e101-5857-9b74-3a7e96f8ed6b,,,3.0,3.0,3.0,3.0,3.0,2.0,2.0,2.0,2.0,2.0,,,,,,False,3.0,3.0,3.0,3.0,3.0,2.0,2.0,2.0,2.0,2.0,,,,,,,,,,,,,,,,,,,,,2.5,,
437ac34e-a2a6-52ec-a60e-545d5193059a,1,Group 2,1.0,Firm 9,Firm 9_437ac34e,,Tue Aug 26 2025 14:11:57 GMT-0700 (Pacific Daylight Time),Firm 9_437ac34e,4 (Above Standard),4 (Above Standard),4 (Above Standard),4 (Above Standard),4 (Above Standard),1 (Far Below Standard),1 (Far Below Standard),1 (Far Below Standard),1 (Far Below Standard),2 (Below Standard),,,,,,eb314089-e101-5857-9b74-3a7e96f8ed6b,,,4.0,4.0,4.0,4.0,4.0,1.0,1.0,1.0,1.0,2.0,,,,,,False,4.0,4.0,4.0,4.0,4.0,1.0,1.0,1.0,1.0,2.0,,,,,,,,,,,,,,,,,,,,,2.6,,
1d70fc9e-037c-5bfb-86dd-e1bbe0dc520d,1,Group 2,1.0,Firm 10,Firm 10_1d70fc9e,,Tue Aug 26 2025 14:13:31 GMT-0700 (Pacific Daylight Time),Firm 10_1d70fc9e,2 (Below Standard),3 (Meets Standard),3 (Meets Standard),4 (Above Standard),3 (Meets Standard),3 (Meets Standard),3 (Meets Standard),3 (Meets Standard),2 (Below Standard),2 (Below Standard),,,,,,eb314089-e101-5857-9b74-3a7e96f8ed6b,,,2.0,3.0,3.0,4.0,3.0,3.0,3.0,3.0,2.0,2.0,,,,,,False,2.0,3.0,3.0,4.0,3.0,3.0,3.0,3.0,2.0,2.0,,,,,,,,,,,,,,,,,,,,,2.8,,
2a124c0c-72e7-50b9-9793-1cdf4c83f469,1,Group 1,1.0,Firm 9,Firm 9_2a124c0c,,Tue Aug 26 2025 14:14:51 GMT-0700 (Pacific Daylight Time),Firm 9_2a124c0c,3 (Meets Standard),3 (Meets Standard),3 (Meets Standard),4 (Above Standard),4 (Above Standard),3 (Meets Standard),3 (Meets Standard),3 (Meets Standard),3 (Meets Standard),3 (Meets Standard),,,,,,eb314089-e101-5857-9b74-3a7e96f8ed6b,,,3.0,3.0,3.0,4.0,4.0,3.0,3.0,3.0,3.0,3.0,,,,,,False,3.0,3.0,3.0,4.0,4.0,3.0,3.0,3.0,3.0,3.0,,,,,,,,,,,,,,,,,,,,,3.2,,
29696480-3e2b-5a15-ad36-3e0c20c2901f,1,Group 1,1.0,Firm 10,Firm 10_29696480,,Tue Aug 26 2025 14:16:00 GMT-0700 (Pacific Daylight Time),Firm 10_29696480,3 (Meets Standard),3 (Meets Standard),3 (Meets Standard),3 (Meets Standard),3 (Meets Standard),2 (Below Standard),3 (Meets Standard),3 (Meets Standard),2 (Below Standard),3 (Meets Standard),,,,,,eb314089-e101-5857-9b74-3a7e96f8ed6b,,,3.0,3.0,3.0,3.0,3.0,2.0,3.0,3.0,2.0,3.0,,,,,,False,3.0,3.0,3.0,3.0,3.0,2.0,3.0,3.0,2.0,3.0,,,,,,,,,,,,,,,,,,,,,2.8,,
4bcf550c-b99c-5d84-953a-cacf63652ae7,2,Group 2,1.0,Firm 3,Firm 3_4bcf550c,,Thu Aug 28 2025 08:51:55 GMT-0700 (Pacific Daylight Time),Firm 3_4bcf550c,3 (Meets Standard),3 (Meets Standard),3 (Meets Standard),3 (Meets Standard),4 (Above Standard),4 (Above Standard),4 (Above Standard),3 (Meets Standard),4 (Above Standard),4 (Above Standard),,,,,,04f1990c-7a83-52b0-b457-c850750be3af,,,3.0,3.0,3.0,3.0,4.0,4.0,4.0,3.0,4.0,4.0,,,,,,False,,,,,,,,,,,,,,,,3.0,3.0,3.0,3.0,4.0,4.0,4.0,3.0,4.0,4.0,,,,,,,3.5,
ad00a7e1-172f-53c3-bb94-219d3d25aaa3,1,Group 2,1.0,Firm 10,Firm 10_ad00a7e1,,Mon Sep 01 2025 11:17:35 GMT-0700 (Pacific Daylight Time),Firm 10_ad00a7e1,3 (Meets Standard),3 (Meets Standard),3 (Meets Standard),3 (Meets Standard),4 (Above Standard),2 (Below Standard),3 (Meets Standard),3 (Meets Standard),2 (Below Standard),3 (Meets Standard),,,,,,eb314089-e101-5857-9b74-3a7e96f8ed6b,,,3.0,3.0,3.0,3.0,4.0,2.0,3.0,3.0,2.0,3.0,,,,,,False,3.0,3.0,3.0,3.0,4.0,2.0,3.0,3.0,2.0,3.0,,,,,,,,,,,,,,,,,,,,,2.9,,
1702c072-da20-502e-9e79-c6b7c47be339,1,Group 2,1.0,Firm 10,Firm 10_1702c072,,Mon Sep 01 2025 12:57:28 GMT-0700 (Pacific Daylight Time),Firm 10_1702c072,3 (Meets Standard),3 (Meets Standard),3 (Meets Standard),4 (Above Standard),3 (Meets Standard),3 (Meets Standard),3 (Meets Standard),3 (Meets Standard),3 (Meets Standard),3 (Meets Standard),,,,,,eb314089-e101-5857-9b74-3a7e96f8ed6b,,,3.0,3.0,3.0,4.0,3.0,3.0,3.0,3.0,3.0,3.0,,,,,,False,3.0,3.0,3.0,4.0,3.0,3.0,3.0,3.0,3.0,3.0,,,,,,,,,,,,,,,,,,,,,3.1,,
194eeeb1-bde1-55bd-9608-e981b3c95b0d,1,Group 2,1.0,Firm 9,Firm 9_194eeeb1,,Mon Sep 01 2025 13:19:36 GMT-0700 (Pacific Daylight Time),Firm 9_194eeeb1,3 (Meets Standard),4 (Above Standard),3 (Meets Standard),3 (Meets Standard),3 (Meets Standard),2 (Below Standard),3 (Meets Standard),3 (Meets Standard),3 (Meets Standard),2 (Below Standard),,,,,,eb314089-e101-5857-9b74-3a7e96f8ed6b,,,3.0,4.0,3.0,3.0,3.0,2.0,3.0,3.0,3.0,2.0,,,,,,False,3.0,4.0,3.0,3.0,3.0,2.0,3.0,3.0,3.0,2.0,,,,,,,,,,,,,,,,,,,,,2.9,,
ad974298-cda3-5101-b90c-718c1b107ab7,2,Group 2,1.0,Firm 6,Firm 6_ad974298,,Mon Sep 01 2025 13:33:58 GMT-0700 (Pacific Daylight Time),Firm 6_ad974298,3 (Meets Standard),4 (Above Standard),4 (Above Standard),3 (Meets Standard),4 (Above Standard),2 (Below Standard),3 (Meets Standard),4 (Above Standard),4 (Above Standard),4 (Above Standard),,,,,,eb314089-e101-5857-9b74-3a7e96f8ed6b,,,3.0,4.0,4.0,3.0,4.0,2.0,3.0,4.0,4.0,4.0,,,,,,False,,,,,,,,,,,,,,,,3.0,4.0,4.0,3.0,4.0,2.0,3.0,4.0,4.0,4.0,,,,,,,3.5,
fbf9dda2-9921-5382-97b2-924fc4c67cce,2,Group 2,1.0,Firm 6,Firm 6_fbf9dda2,,Mon Sep 01 2025 13:50:35 GMT-0700 (Pacific Daylight Time),Firm 6_fbf9dda2,3 (Meets Standard),3 (Meets Standard),3 (Meets Standard),3 (Meets Standard),3 (Meets Standard),3 (Meets Standard),3 (Meets Standard),3 (Meets Standard),3 (Meets Standard),3 (Meets Standard),,,,,,eb314089-e101-5857-9b74-3a7e96f8ed6b,,,3.0,3.0,3.0,3.0,3.0,3.0,3.0,3.0,3.0,3.0,,,,,,True,,,,,,,,,,,,,,,,3.0,3.0,3.0,3.0,3.0,3.0,3.0,3.0,3.0,3.0,,,,,,,3.0,
8930cf72-69e4-5ee7-ba45-9fc568c1010e,2,Group 1,1.0,Firm 6,Firm 6_8930cf72,,Mon Sep 01 2025 14:11:17 GMT-0700 (Pacific Daylight Time),Firm 6_8930cf72,2 (Below Standard),2 (Below Standard),2 (Below Standard),2 (Below Standard),2 (Below Standard),3 (Meets Standard),3 (Meets Standard),3 (Meets Standard),2 (Below Standard),2 (Below Standard),,,,,,eb314089-e101-5857-9b74-3a7e96f8ed6b,,,2.0,2.0,2.0,2.0,2.0,3.0,3.0,3.0,2.0,2.0,,,,,,False,,,,,,,,,,,,,,,,2.0,2.0,2.0,2.0,2.0,3.0,3.0,3.0,2.0,2.0,,,,,,,2.3,
c32b9a16-c556-54a0-a1b2-cf2fdff3bfa0,1,Group 2,1.0,Firm 10,Firm 10_c32b9a16,,Mon Sep 01 2025 14:27:32 GMT-0700 (Pacific Daylight Time),Firm 10_c32b9a16,4 (Above Standard),4 (Above Standard),3 (Meets Standard),3 (Meets Standard),3 (Meets Standard),4 (Above Standard),4 (Above Standard),5 (Exceptional),4 (Above Standard),3 (Meets Standard),,,,,,eb314089-e101-5857-9b74-3a7e96f8ed6b,,,4.0,4.0,3.0,3.0,3.0,4.0,4.0,5.0,4.0,3.0,,,,,,False,4.0,4.0,3.0,3.0,3.0,4.0,4.0,5.0,4.0,3.0,,,,,,,,,,,,,,,,,,,,,3.7,,
c01133c5-11bb-5ec1-8522-21fc1e018222,1,Group 2,0.0,Firm 18,Firm 18_c01133c5,,Mon Sep 01 2025 14:37:21 GMT-0700 (Pacific Daylight Time),Firm 18_c01133c5,4 (Above Standard),5 (Exceptional),4 (Above Standard),4 (Above Standard),4 (Above Standard),4 (Above Standard),4 (Above Standard),4 (Above Standard),4 (Above Standard),4 (Above Standard),,,,,,eb314089-e101-5857-9b74-3a7e96f8ed6b,,,4.0,5.0,4.0,4.0,4.0,4.0,4.0,4.0,4.0,4.0,,,,,,False,4.0,5.0,4.0,4.0,4.0,4.0,4.0,4.0,4.0,4.0,,,,,,,,,,,,,,,,,,,,,4.1,,
f0b005a2-dc62-5b37-9d9a-6eab7f74b30f,1,Group 2,0.0,Firm 18,Firm 18_f0b005a2,,Mon Sep 01 2025 14:47:09 GMT-0700 (Pacific Daylight Time),Firm 18_f0b005a2,3 (Meets Standard),4 (Above Standard),4 (Above Standard),4 (Above Standard),4 (Above Standard),4 (Above Standard),4 (Above Standard),4 (Above Standard),4 (Above Standard),4 (Above Standard),,,,,,eb314089-e101-5857-9b74-3a7e96f8ed6b,,,3.0,4.0,4.0,4.0,4.0,4.0,4.0,4.0,4.0,4.0,,,,,,False,3.0,4.0,4.0,4.0,4.0,4.0,4.0,4.0,4.0,4.0,,,,,,,,,,,,,,,,,,,,,3.9,,
469e4cf9-5b13-522c-8cc0-e73cc163861e,1,Dropped,0.0,Firm 11,Firm 11_469e4cf9,,Tue Sep 02 2025 10:52:22 GMT-0700 (Pacific Daylight Time),Firm 11_469e4cf9,4 (Above Standard),4 (Above Standard),4 (Above Standard),5 (Exceptional),4 (Above Standard),4 (Above Standard),5 (Exceptional),5 (Exceptional),4 (Above Standard),5 (Exceptional),,,,,,eb314089-e101-5857-9b74-3a7e96f8ed6b,,,4.0,4.0,4.0,5.0,4.0,4.0,5.0,5.0,4.0,5.0,,,,,,False,4.0,4.0,4.0,5.0,4.0,4.0,5.0,5.0,4.0,5.0,,,,,,,,,,,,,,,,,,,,,4.4,,
4325b8b7-eee6-5964-92d1-752069e71184,1,Group 2,1.0,Firm 11,Firm 11_4325b8b7,,Tue Sep 02 2025 11:08:57 GMT-0700 (Pacific Daylight Time),Firm 11_4325b8b7,3 (Meets Standard),4 (Above Standard),4 (Above Standard),4 (Above Standard),3 (Meets Standard),4 (Above Standard),3 (Meets Standard),4 (Above Standard),4 (Above Standard),4 (Above Standard),,,,,,eb314089-e101-5857-9b74-3a7e96f8ed6b,,,3.0,4.0,4.0,4.0,3.0,4.0,3.0,4.0,4.0,4.0,,,,,,False,3.0,4.0,4.0,4.0,3.0,4.0,3.0,4.0,4.0,4.0,,,,,,,,,,,,,,,,,,,,,3.7,,
4b0de7b6-78b0-5944-9c91-414424c1d114,1,Group 2,0.0,Firm 18,Firm 18_4b0de7b6,,Tue Sep 02 2025 11:44:15 GMT-0700 (Pacific Daylight Time),Firm 18_4b0de7b6,3 (Meets Standard),3 (Meets Standard),2 (Below Standard),3 (Meets Standard),3 (Meets Standard),3 (Meets Standard),4 (Above Standard),4 (Above Standard),3 (Meets Standard),4 (Above Standard),,,,,,eb314089-e101-5857-9b74-3a7e96f8ed6b,,,3.0,3.0,2.0,3.0,3.0,3.0,4.0,4.0,3.0,4.0,,,,,,False,3.0,3.0,2.0,3.0,3.0,3.0,4.0,4.0,3.0,4.0,,,,,,,,,,,,,,,,,,,,,3.2,,
1e78f3ba-3477-50a8-a066-00a9feea6a14,1,Group 2,1.0,Firm 8,Firm 8_1e78f3ba,,Tue Sep 02 2025 12:14:39 GMT-0700 (Pacific Daylight Time),Firm 8_1e78f3ba,4 (Above Standard),4 (Above Standard),4 (Above Standard),4 (Above Standard),3 (Meets Standard),3 (Meets Standard),4 (Above Standard),4 (Above Standard),4 (Above Standard),4 (Above Standard),,,,,,eb314089-e101-5857-9b74-3a7e96f8ed6b,,,4.0,4.0,4.0,4.0,3.0,3.0,4.0,4.0,4.0,4.0,,,,,,False,4.0,4.0,4.0,4.0,3.0,3.0,4.0,4.0,4.0,4.0,,,,,,,,,,,,,,,,,,,,,3.8,,
3c9f686e-d22b-56cb-b6dc-5e5e3fe14700,1,Group 1,1.0,Firm 8,Firm 8_3c9f686e,,Tue Sep 02 2025 12:24:37 GMT-0700 (Pacific Daylight Time),Firm 8_3c9f686e,3 (Meets Standard),3 (Meets Standard),2 (Below Standard),3 (Meets Standard),2 (Below Standard),2 (Below Standard),3 (Meets Standard),3 (Meets Standard),2 (Below Standard),3 (Meets Standard),,,,,,eb314089-e101-5857-9b74-3a7e96f8ed6b,,,3.0,3.0,2.0,3.0,2.0,2.0,3.0,3.0,2.0,3.0,,,,,,False,3.0,3.0,2.0,3.0,2.0,2.0,3.0,3.0,2.0,3.0,,,,,,,,,,,,,,,,,,,,,2.6,,
4157e66d-76e9-55cb-a372-9f8df9f09c0b,1,Group 1,1.0,Firm 8,Firm 8_4157e66d,,Tue Sep 02 2025 12:41:11 GMT-0700 (Pacific Daylight Time),Firm 8_4157e66d,4 (Above Standard),4 (Above Standard),5 (Exceptional),4 (Above Standard),4 (Above Standard),4 (Above Standard),4 (Above Standard),4 (Above Standard),3 (Meets Standard),4 (Above Standard),,,,,,eb314089-e101-5857-9b74-3a7e96f8ed6b,,,4.0,4.0,5.0,4.0,4.0,4.0,4.0,4.0,3.0,4.0,,,,,,False,4.0,4.0,5.0,4.0,4.0,4.0,4.0,4.0,3.0,4.0,,,,,,,,,,,,,,,,,,,,,4.0,,
92580f1e-ddde-5cbe-b77f-b1fb1c8bd55a,1,Group 2,1.0,Firm 8,Firm 8_92580f1e,,Tue Sep 02 2025 12:56:03 GMT-0700 (Pacific Daylight Time),Firm 8_92580f1e,3 (Meets Standard),3 (Meets Standard),3 (Meets Standard),3 (Meets Standard),2 (Below Standard),3 (Meets Standard),3 (Meets Standard),3 (Meets Standard),3 (Meets Standard),3 (Meets Standard),,,,,,eb314089-e101-5857-9b74-3a7e96f8ed6b,,,3.0,3.0,3.0,3.0,2.0,3.0,3.0,3.0,3.0,3.0,,,,,,False,3.0,3.0,3.0,3.0,2.0,3.0,3.0,3.0,3.0,3.0,,,,,,,,,,,,,,,,,,,,,2.9,,
dfb30212-15ab-58f9-ba91-42a18c698aa6,1,Group 1,1.0,Firm 10,Firm 10_dfb30212,,Tue Sep 02 2025 13:11:12 GMT-0700 (Pacific Daylight Time),Firm 10_dfb30212,2 (Below Standard),2 (Below Standard),2 (Below Standard),2 (Below Standard),2 (Below Standard),3 (Meets Standard),3 (Meets Standard),2 (Below Standard),2 (Below Standard),3 (Meets Standard),,,,,,eb314089-e101-5857-9b74-3a7e96f8ed6b,,,2.0,2.0,2.0,2.0,2.0,3.0,3.0,2.0,2.0,3.0,,,,,,False,2.0,2.0,2.0,2.0,2.0,3.0,3.0,2.0,2.0,3.0,,,,,,,,,,,,,,,,,,,,,2.3,,
79d8a242-5752-5cfa-9abd-643524c4f12a,1,Group 2,1.0,Firm 5,Firm 5_79d8a242,,Tue Sep 02 2025 13:20:15 GMT-0700 (Pacific Daylight Time),Firm 5_79d8a242,3 (Meets Standard),3 (Meets Standard),4 (Above Standard),3 (Meets Standard),3 (Meets Standard),3 (Meets Standard),4 (Above Standard),3 (Meets Standard),3 (Meets Standard),3 (Meets Standard),,,,,,eb314089-e101-5857-9b74-3a7e96f8ed6b,,,3.0,3.0,4.0,3.0,3.0,3.0,4.0,3.0,3.0,3.0,,,,,,False,3.0,3.0,4.0,3.0,3.0,3.0,4.0,3.0,3.0,3.0,,,,,,,,,,,,,,,,,,,,,3.2,,
ad974298-cda3-5101-b90c-718c1b107ab7,2,Group 2,1.0,Firm 6,Firm 6_ad974298,,Tue Sep 02 2025 13:52:07 GMT-0700 (Pacific Daylight Time),Firm 6_ad974298,3 (Meets Standard),4 (Above Standard),4 (Above Standard),4 (Above Standard),4 (Above Standard),3 (Meets Standard),3 (Meets Standard),3 (Meets Standard),3 (Meets Standard),4 (Above Standard),,,,,,264e35df-e7c8-5bab-853d-30ab145ff01f,,,3.0,4.0,4.0,4.0,4.0,3.0,3.0,3.0,3.0,4.0,,,,,,False,,,,,,,,,,,,,,,,3.0,4.0,4.0,4.0,4.0,3.0,3.0,3.0,3.0,4.0,,,,,,,3.5,
fbf9dda2-9921-5382-97b2-924fc4c67cce,2,Group 2,1.0,Firm 6,Firm 6_fbf9dda2,,Tue Sep 02 2025 13:55:07 GMT-0700 (Pacific Daylight Time),Firm 6_fbf9dda2,4 (Above Standard),4 (Above Standard),3 (Meets Standard),4 (Above Standard),3 (Meets Standard),4 (Above Standard),4 (Above Standard),4 (Above Standard),5 (Exceptional),5 (Exceptional),,,,,,264e35df-e7c8-5bab-853d-30ab145ff01f,,,4.0,4.0,3.0,4.0,3.0,4.0,4.0,4.0,5.0,5.0,,,,,,False,,,,,,,,,,,,,,,,4.0,4.0,3.0,4.0,3.0,4.0,4.0,4.0,5.0,5.0,,,,,,,4.0,
a2681b4e-7a61-5565-a3c5-e92f1305f587,1,Group 1,1.0,Firm 5,Firm 5_a2681b4e,,Wed Sep 03 2025 07:42:17 GMT-0700 (Pacific Daylight Time),Firm 5_a2681b4e,3 (Meets Standard),3 (Meets Standard),2 (Below Standard),3 (Meets Standard),3 (Meets Standard),3 (Meets Standard),4 (Above Standard),4 (Above Standard),3 (Meets Standard),3 (Meets Standard),,,,,,eb314089-e101-5857-9b74-3a7e96f8ed6b,,,3.0,3.0,2.0,3.0,3.0,3.0,4.0,4.0,3.0,3.0,,,,,,False,3.0,3.0,2.0,3.0,3.0,3.0,4.0,4.0,3.0,3.0,,,,,,,,,,,,,,,,,,,,,3.1,,
8930cf72-69e4-5ee7-ba45-9fc568c1010e,2,Group 1,1.0,Firm 6,Firm 6_8930cf72,,Wed Sep 03 2025 12:07:14 GMT-0700 (Pacific Daylight Time),Firm 6_8930cf72,2 (Below Standard),2 (Below Standard),3 (Meets Standard),2 (Below Standard),2 (Below Standard),3 (Meets Standard),2 (Below Standard),2 (Below Standard),3 (Meets Standard),3 (Meets Standard),,,,,,2dfcafe6-1583-5669-8a0f-49b9cb44f4b9,,,2.0,2.0,3.0,2.0,2.0,3.0,2.0,2.0,3.0,3.0,,,,,,False,,,,,,,,,,,,,,,,2.0,2.0,3.0,2.0,2.0,3.0,2.0,2.0,3.0,3.0,,,,,,,2.4,
c4dc4f83-9465-5266-9c88-ca83ef76d53f,1,Group 2,1.0,Firm 5,Firm 5_c4dc4f83,,Wed Sep 03 2025 12:16:08 GMT-0700 (Pacific Daylight Time),Firm 5_c4dc4f83,3 (Meets Standard),3 (Meets Standard),3 (Meets Standard),3 (Meets Standard),3 (Meets Standard),3 (Meets Standard),3 (Meets Standard),2 (Below Standard),3 (Meets Standard),3 (Meets Standard),,,,,,eb314089-e101-5857-9b74-3a7e96f8ed6b,,,3.0,3.0,3.0,3.0,3.0,3.0,3.0,2.0,3.0,3.0,,,,,,False,3.0,3.0,3.0,3.0,3.0,3.0,3.0,2.0,3.0,3.0,,,,,,,,,,,,,,,,,,,,,2.9,,
aa2b0260-28d6-520f-b8cb-37db10a3897c,1,Group 2,1.0,Firm 5,Firm 5_aa2b0260,,Wed Sep 03 2025 12:28:19 GMT-0700 (Pacific Daylight Time),Firm 5_aa2b0260,3 (Meets Standard),3 (Meets Standard),4 (Above Standard),3 (Meets Standard),3 (Meets Standard),3 (Meets Standard),3 (Meets Standard),3 (Meets Standard),2 (Below Standard),3 (Meets Standard),,,,,,eb314089-e101-5857-9b74-3a7e96f8ed6b,,,3.0,3.0,4.0,3.0,3.0,3.0,3.0,3.0,2.0,3.0,,,,,,False,3.0,3.0,4.0,3.0,3.0,3.0,3.0,3.0,2.0,3.0,,,,,,,,,,,,,,,,,,,,,3.0,,
3395f03f-a6ce-5b76-b994-f3c2beb8a9f1,1,Group 2,1.0,Firm 5,Firm 5_3395f03f,,Wed Sep 03 2025 13:04:30 GMT-0700 (Pacific Daylight Time),Firm 5_3395f03f,3 (Meets Standard),3 (Meets Standard),3 (Meets Standard),3 (Meets Standard),3 (Meets Standard),3 (Meets Standard),3 (Meets Standard),3 (Meets Standard),3 (Meets Standard),3 (Meets Standard),,,,,,eb314089-e101-5857-9b74-3a7e96f8ed6b,,,3.0,3.0,3.0,3.0,3.0,3.0,3.0,3.0,3.0,3.0,,,,,,True,3.0,3.0,3.0,3.0,3.0,3.0,3.0,3.0,3.0,3.0,,,,,,,,,,,,,,,,,,,,,3.0,,
714d58d7-d24c-5daa-9999-c9cb84ae78a9,1,Group 2,1.0,Firm 8,Firm 8_714d58d7,,Wed Sep 03 2025 13:52:23 GMT-0700 (Pacific Daylight Time),Firm 8_714d58d7,3 (Meets Standard),3 (Meets Standard),3 (Meets Standard),3 (Meets Standard),3 (Meets Standard),3 (Meets Standard),3 (Meets Standard),4 (Above Standard),4 (Above Standard),3 (Meets Standard),,,,,,eb314089-e101-5857-9b74-3a7e96f8ed6b,,,3.0,3.0,3.0,3.0,3.0,3.0,3.0,4.0,4.0,3.0,,,,,,False,3.0,3.0,3.0,3.0,3.0,3.0,3.0,4.0,4.0,3.0,,,,,,,,,,,,,,,,,,,,,3.2,,
aad48e66-edaf-55b4-a29e-d6a8344f1f41,1,Group 2,1.0,Firm 8,Firm 8_aad48e66,,Wed Sep 03 2025 16:39:17 GMT-0700 (Pacific Daylight Time),Firm 8_aad48e66,3 (Meets Standard),4 (Above Standard),4 (Above Standard),4 (Above Standard),4 (Above Standard),4 (Above Standard),4 (Above Standard),4 (Above Standard),5 (Exceptional),5 (Exceptional),,,,,,eb314089-e101-5857-9b74-3a7e96f8ed6b,,,3.0,4.0,4.0,4.0,4.0,4.0,4.0,4.0,5.0,5.0,,,,,,False,3.0,4.0,4.0,4.0,4.0,4.0,4.0,4.0,5.0,5.0,,,,,,,,,,,,,,,,,,,,,4.1,,
299d8879-b858-5699-a6da-3f574133e106,1,Group 2,1.0,Firm 1,Firm 1_299d8879,,Wed Sep 03 2025 16:47:01 GMT-0700 (Pacific Daylight Time),Firm 1_299d8879,4 (Above Standard),4 (Above Standard),4 (Above Standard),4 (Above Standard),5 (Exceptional),4 (Above Standard),5 (Exceptional),4 (Above Standard),4 (Above Standard),5 (Exceptional),,,,,,eb314089-e101-5857-9b74-3a7e96f8ed6b,,,4.0,4.0,4.0,4.0,5.0,4.0,5.0,4.0,4.0,5.0,,,,,,False,4.0,4.0,4.0,4.0,5.0,4.0,5.0,4.0,4.0,5.0,,,,,,,,,,,,,,,,,,,,,4.3,,
9b71fb9a-d7b5-553a-a170-aef84e85ce6d,1,Group 2,1.0,Firm 1,Firm 1_9b71fb9a,,Wed Sep 03 2025 16:58:43 GMT-0700 (Pacific Daylight Time),Firm 1_9b71fb9a,4 (Above Standard),4 (Above Standard),4 (Above Standard),4 (Above Standard),4 (Above Standard),3 (Meets Standard),4 (Above Standard),4 (Above Standard),3 (Meets Standard),4 (Above Standard),,,,,,eb314089-e101-5857-9b74-3a7e96f8ed6b,,,4.0,4.0,4.0,4.0,4.0,3.0,4.0,4.0,3.0,4.0,,,,,,False,4.0,4.0,4.0,4.0,4.0,3.0,4.0,4.0,3.0,4.0,,,,,,,,,,,,,,,,,,,,,3.8,,
bcc22362-f3e9-52ca-bf3b-da3d52ad9bad,1,Group 1,1.0,Firm 1,Firm 1_bcc22362,,Wed Sep 03 2025 17:11:21 GMT-0700 (Pacific Daylight Time),Firm 1_bcc22362,2 (Below Standard),3 (Meets Standard),3 (Meets Standard),3 (Meets Standard),2 (Below Standard),3 (Meets Standard),3 (Meets Standard),3 (Meets Standard),2 (Below Standard),3 (Meets Standard),,,,,,eb314089-e101-5857-9b74-3a7e96f8ed6b,,,2.0,3.0,3.0,3.0,2.0,3.0,3.0,3.0,2.0,3.0,,,,,,False,2.0,3.0,3.0,3.0,2.0,3.0,3.0,3.0,2.0,3.0,,,,,,,,,,,,,,,,,,,,,2.7,,
ab3ea870-ef64-545f-81ec-6829a6ca8fcb,1,Group 2,1.0,Firm 1,Firm 1_ab3ea870,,Wed Sep 03 2025 17:17:05 GMT-0700 (Pacific Daylight Time),Firm 1_ab3ea870,3 (Meets Standard),3 (Meets Standard),4 (Above Standard),3 (Meets Standard),4 (Above Standard),3 (Meets Standard),4 (Above Standard),4 (Above Standard),3 (Meets Standard),3 (Meets Standard),,,,,,eb314089-e101-5857-9b74-3a7e96f8ed6b,,,3.0,3.0,4.0,3.0,4.0,3.0,4.0,4.0,3.0,3.0,,,,,,False,3.0,3.0,4.0,3.0,4.0,3.0,4.0,4.0,3.0,3.0,,,,,,,,,,,,,,,,,,,,,3.4,,
287c05d8-1bc8-5ce5-98f2-98e46a27b55b,1,Group 2,1.0,Firm 1,Firm 1_287c05d8,,Wed Sep 03 2025 17:24:58 GMT-0700 (Pacific Daylight Time),Firm 1_287c05d8,3 (Meets Standard),3 (Meets Standard),3 (Meets Standard),3 (Meets Standard),4 (Above Standard),3 (Meets Standard),3 (Meets Standard),3 (Meets Standard),3 (Meets Standard),4 (Above Standard),,,,,,eb314089-e101-5857-9b74-3a7e96f8ed6b,,,3.0,3.0,3.0,3.0,4.0,3.0,3.0,3.0,3.0,4.0,,,,,,False,3.0,3.0,3.0,3.0,4.0,3.0,3.0,3.0,3.0,4.0,,,,,,,,,,,,,,,,,,,,,3.2,,
b42d84a9-b936-5049-9f60-c93ab90a106e,1,Group 1,1.0,Firm 1,Firm 1_b42d84a9,,Wed Sep 03 2025 17:29:19 GMT-0700 (Pacific Daylight Time),Firm 1_b42d84a9,3 (Meets Standard),4 (Above Standard),4 (Above Standard),3 (Meets Standard),4 (Above Standard),3 (Meets Standard),4 (Above Standard),3 (Meets Standard),3 (Meets Standard),4 (Above Standard),,,,,,eb314089-e101-5857-9b74-3a7e96f8ed6b,,,3.0,4.0,4.0,3.0,4.0,3.0,4.0,3.0,3.0,4.0,,,,,,False,3.0,4.0,4.0,3.0,4.0,3.0,4.0,3.0,3.0,4.0,,,,,,,,,,,,,,,,,,,,,3.5,,
faa69544-c661-5136-90b7-6cae21f32a39,1,Group 2,0.0,Firm 18,Firm 18_faa69544,,Thu Sep 04 2025 08:53:59 GMT-0700 (Pacific Daylight Time),Firm 18_faa69544,4 (Above Standard),4 (Above Standard),5 (Exceptional),4 (Above Standard),5 (Exceptional),4 (Above Standard),4 (Above Standard),4 (Above Standard),5 (Exceptional),3 (Meets Standard),,,,,,eb314089-e101-5857-9b74-3a7e96f8ed6b,,,4.0,4.0,5.0,4.0,5.0,4.0,4.0,4.0,5.0,3.0,,,,,,False,4.0,4.0,5.0,4.0,5.0,4.0,4.0,4.0,5.0,3.0,,,,,,,,,,,,,,,,,,,,,4.2,,
28225b05-80fe-5a27-80b0-50adf97620d6,1,Group 2,1.0,Firm 1,Firm 1_28225b05,,Thu Sep 04 2025 09:02:54 GMT-0700 (Pacific Daylight Time),Firm 1_28225b05,3 (Meets Standard),3 (Meets Standard),3 (Meets Standard),3 (Meets Standard),3 (Meets Standard),4 (Above Standard),4 (Above Standard),3 (Meets Standard),3 (Meets Standard),4 (Above Standard),,,,,,eb314089-e101-5857-9b74-3a7e96f8ed6b,,,3.0,3.0,3.0,3.0,3.0,4.0,4.0,3.0,3.0,4.0,,,,,,False,3.0,3.0,3.0,3.0,3.0,4.0,4.0,3.0,3.0,4.0,,,,,,,,,,,,,,,,,,,,,3.3,,
2de0fe04-92f5-5f5d-b655-4de7bdf0bfa8,1,Group 1,1.0,Firm 12,Firm 12_2de0fe04,,Thu Sep 04 2025 09:25:49 GMT-0700 (Pacific Daylight Time),Firm 12_2de0fe04,4 (Above Standard),3 (Meets Standard),3 (Meets Standard),4 (Above Standard),3 (Meets Standard),4 (Above Standard),4 (Above Standard),4 (Above Standard),4 (Above Standard),4 (Above Standard),,,,,,264e35df-e7c8-5bab-853d-30ab145ff01f,,,4.0,3.0,3.0,4.0,3.0,4.0,4.0,4.0,4.0,4.0,,,,,,False,4.0,3.0,3.0,4.0,3.0,4.0,4.0,4.0,4.0,4.0,,,,,,,,,,,,,,,,,,,,,3.7,,
faa69544-c661-5136-90b7-6cae21f32a39,1,Group 2,0.0,Firm 18,Firm 18_faa69544,,Thu Sep 04 2025 09:27:26 GMT-0700 (Pacific Daylight Time),Firm 18_faa69544,4 (Above Standard),5 (Exceptional),4 (Above Standard),5 (Exceptional),4 (Above Standard),4 (Above Standard),4 (Above Standard),3 (Meets Standard),5 (Exceptional),4 (Above Standard),,,,,,264e35df-e7c8-5bab-853d-30ab145ff01f,,,4.0,5.0,4.0,5.0,4.0,4.0,4.0,3.0,5.0,4.0,,,,,,False,4.0,5.0,4.0,5.0,4.0,4.0,4.0,3.0,5.0,4.0,,,,,,,,,,,,,,,,,,,,,4.2,,
ad00a7e1-172f-53c3-bb94-219d3d25aaa3,1,Group 2,1.0,Firm 10,Firm 10_ad00a7e1,,Thu Sep 04 2025 09:28:35 GMT-0700 (Pacific Daylight Time),Firm 10_ad00a7e1,3 (Meets Standard),4 (Above Standard),3 (Meets Standard),3 (Meets Standard),4 (Above Standard),2 (Below Standard),2 (Below Standard),2 (Below Standard),2 (Below Standard),3 (Meets Standard),,,,,,264e35df-e7c8-5bab-853d-30ab145ff01f,,,3.0,4.0,3.0,3.0,4.0,2.0,2.0,2.0,2.0,3.0,,,,,,False,3.0,4.0,3.0,3.0,4.0,2.0,2.0,2.0,2.0,3.0,,,,,,,,,,,,,,,,,,,,,2.8,,
c01133c5-11bb-5ec1-8522-21fc1e018222,1,Group 2,0.0,Firm 18,Firm 18_c01133c5,,Thu Sep 04 2025 09:30:03 GMT-0700 (Pacific Daylight Time),Firm 18_c01133c5,3 (Meets Standard),4 (Above Standard),2 (Below Standard),3 (Meets Standard),3 (Meets Standard),3 (Meets Standard),4 (Above Standard),3 (Meets Standard),3 (Meets Standard),4 (Above Standard),,,,,,264e35df-e7c8-5bab-853d-30ab145ff01f,,,3.0,4.0,2.0,3.0,3.0,3.0,4.0,3.0,3.0,4.0,,,,,,False,3.0,4.0,2.0,3.0,3.0,3.0,4.0,3.0,3.0,4.0,,,,,,,,,,,,,,,,,,,,,3.2,,
4b0de7b6-78b0-5944-9c91-414424c1d114,1,Group 2,0.0,Firm 18,Firm 18_4b0de7b6,,Thu Sep 04 2025 09:32:12 GMT-0700 (Pacific Daylight Time),Firm 18_4b0de7b6,4 (Above Standard),4 (Above Standard),3 (Meets Standard),4 (Above Standard),5 (Exceptional),4 (Above Standard),4 (Above Standard),3 (Meets Standard),4 (Above Standard),4 (Above Standard),,,,,,264e35df-e7c8-5bab-853d-30ab145ff01f,,,4.0,4.0,3.0,4.0,5.0,4.0,4.0,3.0,4.0,4.0,,,,,,False,4.0,4.0,3.0,4.0,5.0,4.0,4.0,3.0,4.0,4.0,,,,,,,,,,,,,,,,,,,,,3.9,,
3c9f686e-d22b-56cb-b6dc-5e5e3fe14700,1,Group 1,1.0,Firm 8,Firm 8_3c9f686e,,Thu Sep 04 2025 09:33:21 GMT-0700 (Pacific Daylight Time),Firm 8_3c9f686e,2 (Below Standard),3 (Meets Standard),2 (Below Standard),2 (Below Standard),2 (Below Standard),2 (Below Standard),4 (Above Standard),3 (Meets Standard),4 (Above Standard),4 (Above Standard),,,,,,264e35df-e7c8-5bab-853d-30ab145ff01f,,,2.0,3.0,2.0,2.0,2.0,2.0,4.0,3.0,4.0,4.0,,,,,,False,2.0,3.0,2.0,2.0,2.0,2.0,4.0,3.0,4.0,4.0,,,,,,,,,,,,,,,,,,,,,2.8,,
92580f1e-ddde-5cbe-b77f-b1fb1c8bd55a,1,Group 2,1.0,Firm 8,Firm 8_92580f1e,,Thu Sep 04 2025 09:35:08 GMT-0700 (Pacific Daylight Time),Firm 8_92580f1e,4 (Above Standard),4 (Above Standard),3 (Meets Standard),4 (Above Standard),4 (Above Standard),4 (Above Standard),5 (Exceptional),4 (Above Standard),4 (Above Standard),4 (Above Standard),,,,,,264e35df-e7c8-5bab-853d-30ab145ff01f,,,4.0,4.0,3.0,4.0,4.0,4.0,5.0,4.0,4.0,4.0,,,,,,False,4.0,4.0,3.0,4.0,4.0,4.0,5.0,4.0,4.0,4.0,,,,,,,,,,,,,,,,,,,,,4.0,,
a2681b4e-7a61-5565-a3c5-e92f1305f587,1,Group 1,1.0,Firm 5,Firm 5_a2681b4e,,Thu Sep 04 2025 09:36:32 GMT-0700 (Pacific Daylight Time),Firm 5_a2681b4e,4 (Above Standard),5 (Exceptional),4 (Above Standard),4 (Above Standard),4 (Above Standard),4 (Above Standard),5 (Exceptional),4 (Above Standard),4 (Above Standard),4 (Above Standard),,,,,,264e35df-e7c8-5bab-853d-30ab145ff01f,,,4.0,5.0,4.0,4.0,4.0,4.0,5.0,4.0,4.0,4.0,,,,,,False,4.0,5.0,4.0,4.0,4.0,4.0,5.0,4.0,4.0,4.0,,,,,,,,,,,,,,,,,,,,,4.2,,
aa2b0260-28d6-520f-b8cb-37db10a3897c,1,Group 2,1.0,Firm 5,Firm 5_aa2b0260,,Thu Sep 04 2025 09:38:09 GMT-0700 (Pacific Daylight Time),Firm 5_aa2b0260,3 (Meets Standard),4 (Above Standard),4 (Above Standard),4 (Above Standard),4 (Above Standard),4 (Above Standard),5 (Exceptional),4 (Above Standard),3 (Meets Standard),4 (Above Standard),,,,,,264e35df-e7c8-5bab-853d-30ab145ff01f,,,3.0,4.0,4.0,4.0,4.0,4.0,5.0,4.0,3.0,4.0,,,,,,False,3.0,4.0,4.0,4.0,4.0,4.0,5.0,4.0,3.0,4.0,,,,,,,,,,,,,,,,,,,,,3.9,,
aad48e66-edaf-55b4-a29e-d6a8344f1f41,1,Group 2,1.0,Firm 8,Firm 8_aad48e66,,Thu Sep 04 2025 09:39:27 GMT-0700 (Pacific Daylight Time),Firm 8_aad48e66,4 (Above Standard),5 (Exceptional),4 (Above Standard),5 (Exceptional),5 (Exceptional),4 (Above Standard),5 (Exceptional),4 (Above Standard),5 (Exceptional),4 (Above Standard),,,,,,264e35df-e7c8-5bab-853d-30ab145ff01f,,,4.0,5.0,4.0,5.0,5.0,4.0,5.0,4.0,5.0,4.0,,,,,,False,4.0,5.0,4.0,5.0,5.0,4.0,5.0,4.0,5.0,4.0,,,,,,,,,,,,,,,,,,,,,4.5,,
b1de5495-d371-5761-b9d6-a3af62921641,1,Group 2,1.0,Firm 1,Firm 1_b1de5495,,Thu Sep 04 2025 11:35:49 GMT-0700 (Pacific Daylight Time),Firm 1_b1de5495,4 (Above Standard),4 (Above Standard),3 (Meets Standard),4 (Above Standard),3 (Meets Standard),4 (Above Standard),4 (Above Standard),4 (Above Standard),4 (Above Standard),5 (Exceptional),,,,,,eb314089-e101-5857-9b74-3a7e96f8ed6b,,,4.0,4.0,3.0,4.0,3.0,4.0,4.0,4.0,4.0,5.0,,,,,,False,4.0,4.0,3.0,4.0,3.0,4.0,4.0,4.0,4.0,5.0,,,,,,,,,,,,,,,,,,,,,3.9,,
9d4e5de5-9328-592f-aba9-af1f691ac0f5,1,Group 2,1.0,Firm 1,Firm 1_9d4e5de5,,Thu Sep 04 2025 13:23:10 GMT-0700 (Pacific Daylight Time),Firm 1_9d4e5de5,4 (Above Standard),4 (Above Standard),4 (Above Standard),4 (Above Standard),4 (Above Standard),3 (Meets Standard),4 (Above Standard),4 (Above Standard),3 (Meets Standard),4 (Above Standard),,,,,,eb314089-e101-5857-9b74-3a7e96f8ed6b,,,4.0,4.0,4.0,4.0,4.0,3.0,4.0,4.0,3.0,4.0,,,,,,False,4.0,4.0,4.0,4.0,4.0,3.0,4.0,4.0,3.0,4.0,,,,,,,,,,,,,,,,,,,,,3.8,,
38a12468-08d0-5610-8db9-1a56d5202680,1,Group 2,1.0,Firm 1,Firm 1_38a12468,,Thu Sep 04 2025 13:35:59 GMT-0700 (Pacific Daylight Time),Firm 1_38a12468,2 (Below Standard),2 (Below Standard),3 (Meets Standard),2 (Below Standard),2 (Below Standard),3 (Meets Standard),3 (Meets Standard),3 (Meets Standard),2 (Below Standard),3 (Meets Standard),,,,,,eb314089-e101-5857-9b74-3a7e96f8ed6b,,,2.0,2.0,3.0,2.0,2.0,3.0,3.0,3.0,2.0,3.0,,,,,,False,2.0,2.0,3.0,2.0,2.0,3.0,3.0,3.0,2.0,3.0,,,,,,,,,,,,,,,,,,,,,2.5,,
299d8879-b858-5699-a6da-3f574133e106,1,Group 2,1.0,Firm 1,Firm 1_299d8879,,Thu Sep 04 2025 13:36:01 GMT-0700 (Pacific Daylight Time),Firm 1_299d8879,4 (Above Standard),4 (Above Standard),4 (Above Standard),4 (Above Standard),4 (Above Standard),3 (Meets Standard),4 (Above Standard),3 (Meets Standard),3 (Meets Standard),3 (Meets Standard),,,,,,264e35df-e7c8-5bab-853d-30ab145ff01f,,,4.0,4.0,4.0,4.0,4.0,3.0,4.0,3.0,3.0,3.0,,,,,,False,4.0,4.0,4.0,4.0,4.0,3.0,4.0,3.0,3.0,3.0,,,,,,,,,,,,,,,,,,,,,3.6,,
9b71fb9a-d7b5-553a-a170-aef84e85ce6d,1,Group 2,1.0,Firm 1,Firm 1_9b71fb9a,,Thu Sep 04 2025 13:37:35 GMT-0700 (Pacific Daylight Time),Firm 1_9b71fb9a,5 (Exceptional),4 (Above Standard),4 (Above Standard),4 (Above Standard),4 (Above Standard),4 (Above Standard),4 (Above Standard),4 (Above Standard),4 (Above Standard),4 (Above Standard),,,,,,264e35df-e7c8-5bab-853d-30ab145ff01f,,,5.0,4.0,4.0,4.0,4.0,4.0,4.0,4.0,4.0,4.0,,,,,,False,5.0,4.0,4.0,4.0,4.0,4.0,4.0,4.0,4.0,4.0,,,,,,,,,,,,,,,,,,,,,4.1,,
bcc22362-f3e9-52ca-bf3b-da3d52ad9bad,1,Group 1,1.0,Firm 1,Firm 1_bcc22362,,Thu Sep 04 2025 13:39:04 GMT-0700 (Pacific Daylight Time),Firm 1_bcc22362,3 (Meets Standard),2 (Below Standard),3 (Meets Standard),3 (Meets Standard),3 (Meets Standard),3 (Meets Standard),4 (Above Standard),3 (Meets Standard),4 (Above Standard),4 (Above Standard),,,,,,264e35df-e7c8-5bab-853d-30ab145ff01f,,,3.0,2.0,3.0,3.0,3.0,3.0,4.0,3.0,4.0,4.0,,,,,,False,3.0,2.0,3.0,3.0,3.0,3.0,4.0,3.0,4.0,4.0,,,,,,,,,,,,,,,,,,,,,3.2,,
ab3ea870-ef64-545f-81ec-6829a6ca8fcb,1,Group 2,1.0,Firm 1,Firm 1_ab3ea870,,Thu Sep 04 2025 13:40:23 GMT-0700 (Pacific Daylight Time),Firm 1_ab3ea870,4 (Above Standard),5 (Exceptional),4 (Above Standard),4 (Above Standard),5 (Exceptional),4 (Above Standard),4 (Above Standard),4 (Above Standard),4 (Above Standard),4 (Above Standard),,,,,,264e35df-e7c8-5bab-853d-30ab145ff01f,,,4.0,5.0,4.0,4.0,5.0,4.0,4.0,4.0,4.0,4.0,,,,,,False,4.0,5.0,4.0,4.0,5.0,4.0,4.0,4.0,4.0,4.0,,,,,,,,,,,,,,,,,,,,,4.2,,
9d4e5de5-9328-592f-aba9-af1f691ac0f5,1,Group 2,1.0,Firm 1,Firm 1_9d4e5de5,,Thu Sep 04 2025 13:41:37 GMT-0700 (Pacific Daylight Time),Firm 1_9d4e5de5,4 (Above Standard),5 (Exceptional),4 (Above Standard),4 (Above Standard),4 (Above Standard),3 (Meets Standard),4 (Above Standard),3 (Meets Standard),4 (Above Standard),4 (Above Standard),,,,,,264e35df-e7c8-5bab-853d-30ab145ff01f,,,4.0,5.0,4.0,4.0,4.0,3.0,4.0,3.0,4.0,4.0,,,,,,False,4.0,5.0,4.0,4.0,4.0,3.0,4.0,3.0,4.0,4.0,,,,,,,,,,,,,,,,,,,,,3.9,,
287c05d8-1bc8-5ce5-98f2-98e46a27b55b,1,Group 2,1.0,Firm 1,Firm 1_287c05d8,,Thu Sep 04 2025 13:43:00 GMT-0700 (Pacific Daylight Time),Firm 1_287c05d8,4 (Above Standard),5 (Exceptional),3 (Meets Standard),4 (Above Standard),4 (Above Standard),4 (Above Standard),5 (Exceptional),4 (Above Standard),4 (Above Standard),4 (Above Standard),,,,,,264e35df-e7c8-5bab-853d-30ab145ff01f,,,4.0,5.0,3.0,4.0,4.0,4.0,5.0,4.0,4.0,4.0,,,,,,False,4.0,5.0,3.0,4.0,4.0,4.0,5.0,4.0,4.0,4.0,,,,,,,,,,,,,,,,,,,,,4.1,,
b42d84a9-b936-5049-9f60-c93ab90a106e,1,Group 1,1.0,Firm 1,Firm 1_b42d84a9,,Thu Sep 04 2025 13:44:29 GMT-0700 (Pacific Daylight Time),Firm 1_b42d84a9,4 (Above Standard),5 (Exceptional),4 (Above Standard),4 (Above Standard),4 (Above Standard),4 (Above Standard),5 (Exceptional),4 (Above Standard),4 (Above Standard),4 (Above Standard),,,,,,264e35df-e7c8-5bab-853d-30ab145ff01f,,,4.0,5.0,4.0,4.0,4.0,4.0,5.0,4.0,4.0,4.0,,,,,,False,4.0,5.0,4.0,4.0,4.0,4.0,5.0,4.0,4.0,4.0,,,,,,,,,,,,,,,,,,,,,4.2,,
cf3ccdb7-089b-56a1-b737-45eae682e66a,1,Group 1,1.0,Firm 1,Firm 1_cf3ccdb7,,Thu Sep 04 2025 13:47:29 GMT-0700 (Pacific Daylight Time),Firm 1_cf3ccdb7,3 (Meets Standard),2 (Below Standard),3 (Meets Standard),2 (Below Standard),2 (Below Standard),3 (Meets Standard),3 (Meets Standard),2 (Below Standard),2 (Below Standard),3 (Meets Standard),,,,,,eb314089-e101-5857-9b74-3a7e96f8ed6b,,,3.0,2.0,3.0,2.0,2.0,3.0,3.0,2.0,2.0,3.0,,,,,,False,3.0,2.0,3.0,2.0,2.0,3.0,3.0,2.0,2.0,3.0,,,,,,,,,,,,,,,,,,,,,2.5,,
5f411780-336d-59fd-aa8f-9bb7ad9877bd,1,Group 2,1.0,Firm 1,Firm 1_5f411780,,Thu Sep 04 2025 13:52:17 GMT-0700 (Pacific Daylight Time),Firm 1_5f411780,3 (Meets Standard),3 (Meets Standard),3 (Meets Standard),3 (Meets Standard),4 (Above Standard),3 (Meets Standard),4 (Above Standard),3 (Meets Standard),3 (Meets Standard),4 (Above Standard),,,,,,eb314089-e101-5857-9b74-3a7e96f8ed6b,,,3.0,3.0,3.0,3.0,4.0,3.0,4.0,3.0,3.0,4.0,,,,,,False,3.0,3.0,3.0,3.0,4.0,3.0,4.0,3.0,3.0,4.0,,,,,,,,,,,,,,,,,,,,,3.3,,
5cd35615-85d5-58ac-9247-589a4533957c,1,Group 1,1.0,Firm 1,Firm 1_5cd35615,,Thu Sep 04 2025 13:57:17 GMT-0700 (Pacific Daylight Time),Firm 1_5cd35615,3 (Meets Standard),4 (Above Standard),4 (Above Standard),4 (Above Standard),4 (Above Standard),3 (Meets Standard),4 (Above Standard),4 (Above Standard),4 (Above Standard),4 (Above Standard),,,,,,eb314089-e101-5857-9b74-3a7e96f8ed6b,,,3.0,4.0,4.0,4.0,4.0,3.0,4.0,4.0,4.0,4.0,,,,,,False,3.0,4.0,4.0,4.0,4.0,3.0,4.0,4.0,4.0,4.0,,,,,,,,,,,,,,,,,,,,,3.8,,
6f4ceb94-0083-53bc-8698-4e73d40ff3f3,1,Group 2,1.0,Firm 1,Firm 1_6f4ceb94,,Thu Sep 04 2025 14:08:19 GMT-0700 (Pacific Daylight Time),Firm 1_6f4ceb94,3 (Meets Standard),3 (Meets Standard),3 (Meets Standard),3 (Meets Standard),4 (Above Standard),3 (Meets Standard),3 (Meets Standard),3 (Meets Standard),3 (Meets Standard),4 (Above Standard),,,,,,eb314089-e101-5857-9b74-3a7e96f8ed6b,,,3.0,3.0,3.0,3.0,4.0,3.0,3.0,3.0,3.0,4.0,,,,,,False,3.0,3.0,3.0,3.0,4.0,3.0,3.0,3.0,3.0,4.0,,,,,,,,,,,,,,,,,,,,,3.2,,
7a46de25-4e0c-5412-9f27-655bf590f86e,1,Group 2,1.0,Firm 12,Firm 12_7a46de25,,Thu Sep 04 2025 14:42:59 GMT-0700 (Pacific Daylight Time),Firm 12_7a46de25,3 (Meets Standard),3 (Meets Standard),3 (Meets Standard),4 (Above Standard),4 (Above Standard),4 (Above Standard),3 (Meets Standard),4 (Above Standard),4 (Above Standard),4 (Above Standard),,,,,,2dfcafe6-1583-5669-8a0f-49b9cb44f4b9,,,3.0,3.0,3.0,4.0,4.0,4.0,3.0,4.0,4.0,4.0,,,,,,False,3.0,3.0,3.0,4.0,4.0,4.0,3.0,4.0,4.0,4.0,,,,,,,,,,,,,,,,,,,,,3.6,,
1d70fc9e-037c-5bfb-86dd-e1bbe0dc520d,1,Group 2,1.0,Firm 10,Firm 10_1d70fc9e,,Thu Sep 04 2025 14:47:58 GMT-0700 (Pacific Daylight Time),Firm 10_1d70fc9e,3 (Meets Standard),3 (Meets Standard),3 (Meets Standard),3 (Meets Standard),3 (Meets Standard),4 (Above Standard),3 (Meets Standard),3 (Meets Standard),3 (Meets Standard),4 (Above Standard),,,,,,2dfcafe6-1583-5669-8a0f-49b9cb44f4b9,,,3.0,3.0,3.0,3.0,3.0,4.0,3.0,3.0,3.0,4.0,,,,,,False,3.0,3.0,3.0,3.0,3.0,4.0,3.0,3.0,3.0,4.0,,,,,,,,,,,,,,,,,,,,,3.2,,
1702c072-da20-502e-9e79-c6b7c47be339,1,Group 2,1.0,Firm 10,Firm 10_1702c072,,Thu Sep 04 2025 14:52:32 GMT-0700 (Pacific Daylight Time),Firm 10_1702c072,4 (Above Standard),3 (Meets Standard),4 (Above Standard),3 (Meets Standard),4 (Above Standard),4 (Above Standard),4 (Above Standard),4 (Above Standard),4 (Above Standard),4 (Above Standard),,,,,,2dfcafe6-1583-5669-8a0f-49b9cb44f4b9,,,4.0,3.0,4.0,3.0,4.0,4.0,4.0,4.0,4.0,4.0,,,,,,False,4.0,3.0,4.0,3.0,4.0,4.0,4.0,4.0,4.0,4.0,,,,,,,,,,,,,,,,,,,,,3.8,,
f0b005a2-dc62-5b37-9d9a-6eab7f74b30f,1,Group 2,0.0,Firm 18,Firm 18_f0b005a2,,Thu Sep 04 2025 14:55:54 GMT-0700 (Pacific Daylight Time),Firm 18_f0b005a2,4 (Above Standard),4 (Above Standard),3 (Meets Standard),4 (Above Standard),3 (Meets Standard),4 (Above Standard),4 (Above Standard),5 (Exceptional),4 (Above Standard),5 (Exceptional),,,,,,2dfcafe6-1583-5669-8a0f-49b9cb44f4b9,,,4.0,4.0,3.0,4.0,3.0,4.0,4.0,5.0,4.0,5.0,,,,,,False,4.0,4.0,3.0,4.0,3.0,4.0,4.0,5.0,4.0,5.0,,,,,,,,,,,,,,,,,,,,,4.0,,
1e78f3ba-3477-50a8-a066-00a9feea6a14,1,Group 2,1.0,Firm 8,Firm 8_1e78f3ba,,Thu Sep 04 2025 15:03:45 GMT-0700 (Pacific Daylight Time),Firm 8_1e78f3ba,4 (Above Standard),4 (Above Standard),4 (Above Standard),4 (Above Standard),4 (Above Standard),4 (Above Standard),4 (Above Standard),3 (Meets Standard),4 (Above Standard),3 (Meets Standard),,,,,,2dfcafe6-1583-5669-8a0f-49b9cb44f4b9,,,4.0,4.0,4.0,4.0,4.0,4.0,4.0,3.0,4.0,3.0,,,,,,False,4.0,4.0,4.0,4.0,4.0,4.0,4.0,3.0,4.0,3.0,,,,,,,,,,,,,,,,,,,,,3.8,,
4157e66d-76e9-55cb-a372-9f8df9f09c0b,1,Group 1,1.0,Firm 8,Firm 8_4157e66d,,Thu Sep 04 2025 15:07:13 GMT-0700 (Pacific Daylight Time),Firm 8_4157e66d,4 (Above Standard),5 (Exceptional),4 (Above Standard),5 (Exceptional),4 (Above Standard),5 (Exceptional),5 (Exceptional),4 (Above Standard),4 (Above Standard),5 (Exceptional),,,,,,2dfcafe6-1583-5669-8a0f-49b9cb44f4b9,,,4.0,5.0,4.0,5.0,4.0,5.0,5.0,4.0,4.0,5.0,,,,,,False,4.0,5.0,4.0,5.0,4.0,5.0,5.0,4.0,4.0,5.0,,,,,,,,,,,,,,,,,,,,,4.5,,
dfb30212-15ab-58f9-ba91-42a18c698aa6,1,Group 1,1.0,Firm 10,Firm 10_dfb30212,,Thu Sep 04 2025 15:09:31 GMT-0700 (Pacific Daylight Time),Firm 10_dfb30212,2 (Below Standard),3 (Meets Standard),3 (Meets Standard),2 (Below Standard),2 (Below Standard),2 (Below Standard),2 (Below Standard),3 (Meets Standard),3 (Meets Standard),3 (Meets Standard),,,,,,2dfcafe6-1583-5669-8a0f-49b9cb44f4b9,,,2.0,3.0,3.0,2.0,2.0,2.0,2.0,3.0,3.0,3.0,,,,,,False,2.0,3.0,3.0,2.0,2.0,2.0,2.0,3.0,3.0,3.0,,,,,,,,,,,,,,,,,,,,,2.5,,
c4dc4f83-9465-5266-9c88-ca83ef76d53f,1,Group 2,1.0,Firm 5,Firm 5_c4dc4f83,,Thu Sep 04 2025 15:11:37 GMT-0700 (Pacific Daylight Time),Firm 5_c4dc4f83,2 (Below Standard),3 (Meets Standard),3 (Meets Standard),3 (Meets Standard),2 (Below Standard),3 (Meets Standard),3 (Meets Standard),3 (Meets Standard),3 (Meets Standard),2 (Below Standard),,,,,,2dfcafe6-1583-5669-8a0f-49b9cb44f4b9,,,2.0,3.0,3.0,3.0,2.0,3.0,3.0,3.0,3.0,2.0,,,,,,False,2.0,3.0,3.0,3.0,2.0,3.0,3.0,3.0,3.0,2.0,,,,,,,,,,,,,,,,,,,,,2.7,,
3395f03f-a6ce-5b76-b994-f3c2beb8a9f1,1,Group 2,1.0,Firm 5,Firm 5_3395f03f,,Thu Sep 04 2025 15:14:14 GMT-0700 (Pacific Daylight Time),Firm 5_3395f03f,3 (Meets Standard),2 (Below Standard),3 (Meets Standard),2 (Below Standard),3 (Meets Standard),4 (Above Standard),4 (Above Standard),4 (Above Standard),4 (Above Standard),4 (Above Standard),,,,,,2dfcafe6-1583-5669-8a0f-49b9cb44f4b9,,,3.0,2.0,3.0,2.0,3.0,4.0,4.0,4.0,4.0,4.0,,,,,,False,3.0,2.0,3.0,2.0,3.0,4.0,4.0,4.0,4.0,4.0,,,,,,,,,,,,,,,,,,,,,3.3,,
714d58d7-d24c-5daa-9999-c9cb84ae78a9,1,Group 2,1.0,Firm 8,Firm 8_714d58d7,,Thu Sep 04 2025 15:16:45 GMT-0700 (Pacific Daylight Time),Firm 8_714d58d7,4 (Above Standard),5 (Exceptional),4 (Above Standard),5 (Exceptional),4 (Above Standard),3 (Meets Standard),3 (Meets Standard),4 (Above Standard),4 (Above Standard),4 (Above Standard),,,,,,2dfcafe6-1583-5669-8a0f-49b9cb44f4b9,,,4.0,5.0,4.0,5.0,4.0,3.0,3.0,4.0,4.0,4.0,,,,,,False,4.0,5.0,4.0,5.0,4.0,3.0,3.0,4.0,4.0,4.0,,,,,,,,,,,,,,,,,,,,,4.0,,
5cd35615-85d5-58ac-9247-589a4533957c,1,Group 1,1.0,Firm 1,Firm 1_5cd35615,,Thu Sep 04 2025 15:19:06 GMT-0700 (Pacific Daylight Time),Firm 1_5cd35615,4 (Above Standard),5 (Exceptional),4 (Above Standard),4 (Above Standard),4 (Above Standard),4 (Above Standard),4 (Above Standard),5 (Exceptional),4 (Above Standard),4 (Above Standard),,,,,,2dfcafe6-1583-5669-8a0f-49b9cb44f4b9,,,4.0,5.0,4.0,4.0,4.0,4.0,4.0,5.0,4.0,4.0,,,,,,False,4.0,5.0,4.0,4.0,4.0,4.0,4.0,5.0,4.0,4.0,,,,,,,,,,,,,,,,,,,,,4.2,,
6f4ceb94-0083-53bc-8698-4e73d40ff3f3,1,Group 2,1.0,Firm 1,Firm 1_6f4ceb94,,Thu Sep 04 2025 15:21:25 GMT-0700 (Pacific Daylight Time),Firm 1_6f4ceb94,3 (Meets Standard),4 (Above Standard),3 (Meets Standard),4 (Above Standard),4 (Above Standard),3 (Meets Standard),4 (Above Standard),3 (Meets Standard),4 (Above Standard),4 (Above Standard),,,,,,2dfcafe6-1583-5669-8a0f-49b9cb44f4b9,,,3.0,4.0,3.0,4.0,4.0,3.0,4.0,3.0,4.0,4.0,,,,,,False,3.0,4.0,3.0,4.0,4.0,3.0,4.0,3.0,4.0,4.0,,,,,,,,,,,,,,,,,,,,,3.6,,
5f411780-336d-59fd-aa8f-9bb7ad9877bd,1,Group 2,1.0,Firm 1,Firm 1_5f411780,,Thu Sep 04 2025 15:24:23 GMT-0700 (Pacific Daylight Time),Firm 1_5f411780,3 (Meets Standard),4 (Above Standard),3 (Meets Standard),3 (Meets Standard),4 (Above Standard),4 (Above Standard),4 (Above Standard),3 (Meets Standard),4 (Above Standard),4 (Above Standard),,,,,,2dfcafe6-1583-5669-8a0f-49b9cb44f4b9,,,3.0,4.0,3.0,3.0,4.0,4.0,4.0,3.0,4.0,4.0,,,,,,False,3.0,4.0,3.0,3.0,4.0,4.0,4.0,3.0,4.0,4.0,,,,,,,,,,,,,,,,,,,,,3.6,,
cf3ccdb7-089b-56a1-b737-45eae682e66a,1,Group 1,1.0,Firm 1,Firm 1_cf3ccdb7,,Thu Sep 04 2025 15:26:54 GMT-0700 (Pacific Daylight Time),Firm 1_cf3ccdb7,2 (Below Standard),2 (Below Standard),3 (Meets Standard),2 (Below Standard),3 (Meets Standard),2 (Below Standard),3 (Meets Standard),2 (Below Standard),3 (Meets Standard),3 (Meets Standard),,,,,,2dfcafe6-1583-5669-8a0f-49b9cb44f4b9,,,2.0,2.0,3.0,2.0,3.0,2.0,3.0,2.0,3.0,3.0,,,,,,False,2.0,2.0,3.0,2.0,3.0,2.0,3.0,2.0,3.0,3.0,,,,,,,,,,,,,,,,,,,,,2.5,,
38a12468-08d0-5610-8db9-1a56d5202680,1,Group 2,1.0,Firm 1,Firm 1_38a12468,,Thu Sep 04 2025 15:31:35 GMT-0700 (Pacific Daylight Time),Firm 1_38a12468,2 (Below Standard),2 (Below Standard),3 (Meets Standard),2 (Below Standard),3 (Meets Standard),3 (Meets Standard),3 (Meets Standard),3 (Meets Standard),3 (Meets Standard),3 (Meets Standard),,,,,,2dfcafe6-1583-5669-8a0f-49b9cb44f4b9,,,2.0,2.0,3.0,2.0,3.0,3.0,3.0,3.0,3.0,3.0,,,,,,False,2.0,2.0,3.0,2.0,3.0,3.0,3.0,3.0,3.0,3.0,,,,,,,,,,,,,,,,,,,,,2.7,,
b1de5495-d371-5761-b9d6-a3af62921641,1,Group 2,1.0,Firm 1,Firm 1_b1de5495,,Thu Sep 04 2025 15:40:01 GMT-0700 (Pacific Daylight Time),Firm 1_b1de5495,2 (Below Standard),3 (Meets Standard),2 (Below Standard),3 (Meets Standard),3 (Meets Standard),4 (Above Standard),4 (Above Standard),3 (Meets Standard),4 (Above Standard),4 (Above Standard),,,,,,2dfcafe6-1583-5669-8a0f-49b9cb44f4b9,,,2.0,3.0,2.0,3.0,3.0,4.0,4.0,3.0,4.0,4.0,,,,,,False,2.0,3.0,2.0,3.0,3.0,4.0,4.0,3.0,4.0,4.0,,,,,,,,,,,,,,,,,,,,,3.2,,
28225b05-80fe-5a27-80b0-50adf97620d6,1,Group 2,1.0,Firm 1,Firm 1_28225b05,,Thu Sep 04 2025 15:43:03 GMT-0700 (Pacific Daylight Time),Firm 1_28225b05,3 (Meets Standard),3 (Meets Standard),3 (Meets Standard),3 (Meets Standard),4 (Above Standard),3 (Meets Standard),3 (Meets Standard),3 (Meets Standard),3 (Meets Standard),4 (Above Standard),,,,,,2dfcafe6-1583-5669-8a0f-49b9cb44f4b9,,,3.0,3.0,3.0,3.0,4.0,3.0,3.0,3.0,3.0,4.0,,,,,,False,3.0,3.0,3.0,3.0,4.0,3.0,3.0,3.0,3.0,4.0,,,,,,,,,,,,,,,,,,,,,3.2,,
0ebc67d4-8a05-50b3-af8d-01845f6ab05e,1,Group 1,1.0,Firm 5,Firm 5_0ebc67d4,,Mon Sep 08 2025 07:07:04 GMT-0700 (Pacific Daylight Time),Firm 5_0ebc67d4,3 (Meets Standard),3 (Meets Standard),3 (Meets Standard),3 (Meets Standard),3 (Meets Standard),3 (Meets Standard),4 (Above Standard),3 (Meets Standard),3 (Meets Standard),3 (Meets Standard),,,,,,eb314089-e101-5857-9b74-3a7e96f8ed6b,,,3.0,3.0,3.0,3.0,3.0,3.0,4.0,3.0,3.0,3.0,,,,,,False,3.0,3.0,3.0,3.0,3.0,3.0,4.0,3.0,3.0,3.0,,,,,,,,,,,,,,,,,,,,,3.1,,
c4c0b9ff-5041-522a-b44b-c13f32609164,1,Group 1,1.0,Firm 5,Firm 5_c4c0b9ff,,Mon Sep 08 2025 07:24:25 GMT-0700 (Pacific Daylight Time),Firm 5_c4c0b9ff,4 (Above Standard),4 (Above Standard),4 (Above Standard),4 (Above Standard),4 (Above Standard),4 (Above Standard),3 (Meets Standard),3 (Meets Standard),3 (Meets Standard),4 (Above Standard),,,,,,eb314089-e101-5857-9b74-3a7e96f8ed6b,,,4.0,4.0,4.0,4.0,4.0,4.0,3.0,3.0,3.0,4.0,,,,,,False,4.0,4.0,4.0,4.0,4.0,4.0,3.0,3.0,3.0,4.0,,,,,,,,,,,,,,,,,,,,,3.7,,
a5bef877-c146-516d-959a-1d0707159293,1,Group 2,0.0,Firm 1,Firm 1_a5bef877,,Mon Sep 08 2025 07:36:06 GMT-0700 (Pacific Daylight Time),Firm 1_a5bef877,2 (Below Standard),3 (Meets Standard),3 (Meets Standard),3 (Meets Standard),3 (Meets Standard),3 (Meets Standard),3 (Meets Standard),4 (Above Standard),3 (Meets Standard),3 (Meets Standard),,,,,,eb314089-e101-5857-9b74-3a7e96f8ed6b,,,2.0,3.0,3.0,3.0,3.0,3.0,3.0,4.0,3.0,3.0,,,,,,False,2.0,3.0,3.0,3.0,3.0,3.0,3.0,4.0,3.0,3.0,,,,,,,,,,,,,,,,,,,,,3.0,,
97118f49-4d52-5e9a-8993-ee74af786d55,1,Group 1,1.0,Firm 1,Firm 1_97118f49,,Mon Sep 08 2025 07:44:47 GMT-0700 (Pacific Daylight Time),Firm 1_97118f49,3 (Meets Standard),4 (Above Standard),4 (Above Standard),4 (Above Standard),4 (Above Standard),3 (Meets Standard),3 (Meets Standard),3 (Meets Standard),3 (Meets Standard),3 (Meets Standard),,,,,,eb314089-e101-5857-9b74-3a7e96f8ed6b,,,3.0,4.0,4.0,4.0,4.0,3.0,3.0,3.0,3.0,3.0,,,,,,False,3.0,4.0,4.0,4.0,4.0,3.0,3.0,3.0,3.0,3.0,,,,,,,,,,,,,,,,,,,,,3.4,,
8bc09ee7-8082-5b31-a844-9fda16660a99,1,Group 1,1.0,Firm 1,Firm 1_8bc09ee7,,Mon Sep 08 2025 08:07:32 GMT-0700 (Pacific Daylight Time),Firm 1_8bc09ee7,3 (Meets Standard),4 (Above Standard),3 (Meets Standard),3 (Meets Standard),4 (Above Standard),3 (Meets Standard),3 (Meets Standard),3 (Meets Standard),3 (Meets Standard),3 (Meets Standard),,,,,,eb314089-e101-5857-9b74-3a7e96f8ed6b,,,3.0,4.0,3.0,3.0,4.0,3.0,3.0,3.0,3.0,3.0,,,,,,False,3.0,4.0,3.0,3.0,4.0,3.0,3.0,3.0,3.0,3.0,,,,,,,,,,,,,,,,,,,,,3.2,,
d7fd7471-a479-57c1-83f6-e0ec52d2d532,1,Group 2,1.0,Firm 1,Firm 1_d7fd7471,,Mon Sep 08 2025 08:16:57 GMT-0700 (Pacific Daylight Time),Firm 1_d7fd7471,3 (Meets Standard),4 (Above Standard),3 (Meets Standard),4 (Above Standard),4 (Above Standard),3 (Meets Standard),3 (Meets Standard),3 (Meets Standard),3 (Meets Standard),3 (Meets Standard),,,,,,eb314089-e101-5857-9b74-3a7e96f8ed6b,,,3.0,4.0,3.0,4.0,4.0,3.0,3.0,3.0,3.0,3.0,,,,,,False,3.0,4.0,3.0,4.0,4.0,3.0,3.0,3.0,3.0,3.0,,,,,,,,,,,,,,,,,,,,,3.3,,
486a2581-6651-58de-9e84-8705878d9999,1,Group 2,1.0,Firm 1,Firm 1_486a2581,,Mon Sep 08 2025 08:23:53 GMT-0700 (Pacific Daylight Time),Firm 1_486a2581,3 (Meets Standard),3 (Meets Standard),3 (Meets Standard),2 (Below Standard),3 (Meets Standard),4 (Above Standard),4 (Above Standard),4 (Above Standard),4 (Above Standard),4 (Above Standard),,,,,,eb314089-e101-5857-9b74-3a7e96f8ed6b,,,3.0,3.0,3.0,2.0,3.0,4.0,4.0,4.0,4.0,4.0,,,,,,False,3.0,3.0,3.0,2.0,3.0,4.0,4.0,4.0,4.0,4.0,,,,,,,,,,,,,,,,,,,,,3.4,,
5f8586e1-b467-58d7-a3f9-73d2b30b2189,1,Group 2,1.0,Firm 1,Firm 1_5f8586e1,,Mon Sep 08 2025 08:35:02 GMT-0700 (Pacific Daylight Time),Firm 1_5f8586e1,3 (Meets Standard),4 (Above Standard),4 (Above Standard),3 (Meets Standard),4 (Above Standard),3 (Meets Standard),4 (Above Standard),3 (Meets Standard),4 (Above Standard),4 (Above Standard),,,,,,eb314089-e101-5857-9b74-3a7e96f8ed6b,,,3.0,4.0,4.0,3.0,4.0,3.0,4.0,3.0,4.0,4.0,,,,,,False,3.0,4.0,4.0,3.0,4.0,3.0,4.0,3.0,4.0,4.0,,,,,,,,,,,,,,,,,,,,,3.6,,
081064a2-d80d-54cc-aa3a-1021cbfbddf7,1,Group 2,1.0,Firm 5,Firm 5_081064a2,,Mon Sep 08 2025 09:07:07 GMT-0700 (Pacific Daylight Time),Firm 5_081064a2,3 (Meets Standard),3 (Meets Standard),3 (Meets Standard),3 (Meets Standard),4 (Above Standard),2 (Below Standard),2 (Below Standard),1 (Far Below Standard),1 (Far Below Standard),2 (Below Standard),,,,,,eb314089-e101-5857-9b74-3a7e96f8ed6b,,,3.0,3.0,3.0,3.0,4.0,2.0,2.0,1.0,1.0,2.0,,,,,,False,3.0,3.0,3.0,3.0,4.0,2.0,2.0,1.0,1.0,2.0,,,,,,,,,,,,,,,,,,,,,2.4,,
312bab6b-def1-5e03-ba9e-43b36762fc0e,1,Group 2,1.0,Firm 5,Firm 5_312bab6b,,Mon Sep 08 2025 11:12:01 GMT-0700 (Pacific Daylight Time),Firm 5_312bab6b,3 (Meets Standard),3 (Meets Standard),3 (Meets Standard),3 (Meets Standard),4 (Above Standard),3 (Meets Standard),4 (Above Standard),3 (Meets Standard),3 (Meets Standard),4 (Above Standard),,,,,,eb314089-e101-5857-9b74-3a7e96f8ed6b,,,3.0,3.0,3.0,3.0,4.0,3.0,4.0,3.0,3.0,4.0,,,,,,False,3.0,3.0,3.0,3.0,4.0,3.0,4.0,3.0,3.0,4.0,,,,,,,,,,,,,,,,,,,,,3.3,,
4172dcd9-39ce-514f-ae33-22e2c2c6053c,1,Group 1,1.0,Firm 1,Firm 1_4172dcd9,,Mon Sep 08 2025 11:30:39 GMT-0700 (Pacific Daylight Time),Firm 1_4172dcd9,3 (Meets Standard),3 (Meets Standard),3 (Meets Standard),3 (Meets Standard),3 (Meets Standard),3 (Meets Standard),3 (Meets Standard),3 (Meets Standard),4 (Above Standard),4 (Above Standard),,,,,,eb314089-e101-5857-9b74-3a7e96f8ed6b,,,3.0,3.0,3.0,3.0,3.0,3.0,3.0,3.0,4.0,4.0,,,,,,False,3.0,3.0,3.0,3.0,3.0,3.0,3.0,3.0,4.0,4.0,,,,,,,,,,,,,,,,,,,,,3.2,,
ae9932b3-2ab5-597d-b409-6add5dee6584,1,Group 2,1.0,Firm 1,Firm 1_ae9932b3,,Mon Sep 08 2025 11:38:07 GMT-0700 (Pacific Daylight Time),Firm 1_ae9932b3,3 (Meets Standard),4 (Above Standard),3 (Meets Standard),3 (Meets Standard),4 (Above Standard),3 (Meets Standard),3 (Meets Standard),3 (Meets Standard),3 (Meets Standard),4 (Above Standard),,,,,,eb314089-e101-5857-9b74-3a7e96f8ed6b,,,3.0,4.0,3.0,3.0,4.0,3.0,3.0,3.0,3.0,4.0,,,,,,False,3.0,4.0,3.0,3.0,4.0,3.0,3.0,3.0,3.0,4.0,,,,,,,,,,,,,,,,,,,,,3.3,,
a7a90342-3a1b-5f1a-8e28-1a5651a6dbcf,1,Group 2,1.0,Firm 1,Firm 1_a7a90342,,Mon Sep 08 2025 11:44:54 GMT-0700 (Pacific Daylight Time),Firm 1_a7a90342,3 (Meets Standard),3 (Meets Standard),2 (Below Standard),3 (Meets Standard),4 (Above Standard),3 (Meets Standard),3 (Meets Standard),3 (Meets Standard),3 (Meets Standard),4 (Above Standard),,,,,,eb314089-e101-5857-9b74-3a7e96f8ed6b,,,3.0,3.0,2.0,3.0,4.0,3.0,3.0,3.0,3.0,4.0,,,,,,False,3.0,3.0,2.0,3.0,4.0,3.0,3.0,3.0,3.0,4.0,,,,,,,,,,,,,,,,,,,,,3.1,,
83d2819a-5578-5c49-af4e-942ac1cb14d2,1,Group 2,1.0,Firm 1,Firm 1_83d2819a,,Mon Sep 08 2025 12:13:36 GMT-0700 (Pacific Daylight Time),Firm 1_83d2819a,3 (Meets Standard),3 (Meets Standard),4 (Above Standard),4 (Above Standard),3 (Meets Standard),3 (Meets Standard),3 (Meets Standard),3 (Meets Standard),3 (Meets Standard),4 (Above Standard),,,,,,eb314089-e101-5857-9b74-3a7e96f8ed6b,,,3.0,3.0,4.0,4.0,3.0,3.0,3.0,3.0,3.0,4.0,,,,,,False,3.0,3.0,4.0,4.0,3.0,3.0,3.0,3.0,3.0,4.0,,,,,,,,,,,,,,,,,,,,,3.3,,
37e3d325-ba20-5d4d-92ad-4331c7f4bd8a,1,Group 1,1.0,Firm 1,Firm 1_37e3d325,,Mon Sep 08 2025 12:21:17 GMT-0700 (Pacific Daylight Time),Firm 1_37e3d325,2 (Below Standard),3 (Meets Standard),3 (Meets Standard),2 (Below Standard),3 (Meets Standard),3 (Meets Standard),3 (Meets Standard),3 (Meets Standard),3 (Meets Standard),3 (Meets Standard),,,,,,eb314089-e101-5857-9b74-3a7e96f8ed6b,,,2.0,3.0,3.0,2.0,3.0,3.0,3.0,3.0,3.0,3.0,,,,,,False,2.0,3.0,3.0,2.0,3.0,3.0,3.0,3.0,3.0,3.0,,,,,,,,,,,,,,,,,,,,,2.8,,
4a3f193d-8e87-5e2c-b02b-d648ec30f3e7,1,Dropped,1.0,Firm 1,Firm 1_4a3f193d,,Mon Sep 08 2025 12:25:38 GMT-0700 (Pacific Daylight Time),Firm 1_4a3f193d,3 (Meets Standard),3 (Meets Standard),3 (Meets Standard),3 (Meets Standard),4 (Above Standard),4 (Above Standard),3 (Meets Standard),4 (Above Standard),4 (Above Standard),4 (Above Standard),,,,,,eb314089-e101-5857-9b74-3a7e96f8ed6b,,,3.0,3.0,3.0,3.0,4.0,4.0,3.0,4.0,4.0,4.0,,,,,,False,3.0,3.0,3.0,3.0,4.0,4.0,3.0,4.0,4.0,4.0,,,,,,,,,,,,,,,,,,,,,3.5,,
8a84f103-4317-58ec-8986-923e544a0b42,2,Group 2,1.0,Firm 6,Firm 6_8a84f103,,Mon Sep 08 2025 12:52:38 GMT-0700 (Pacific Daylight Time),Firm 6_8a84f103,2 (Below Standard),3 (Meets Standard),3 (Meets Standard),2 (Below Standard),2 (Below Standard),2 (Below Standard),3 (Meets Standard),3 (Meets Standard),3 (Meets Standard),2 (Below Standard),,,,,,eb314089-e101-5857-9b74-3a7e96f8ed6b,,,2.0,3.0,3.0,2.0,2.0,2.0,3.0,3.0,3.0,2.0,,,,,,False,,,,,,,,,,,,,,,,2.0,3.0,3.0,2.0,2.0,2.0,3.0,3.0,3.0,2.0,,,,,,,2.5,
e32861f6-9237-5964-b3aa-09d11c06b943,1,Group 2,1.0,Firm 1,Firm 1_e32861f6,,Mon Sep 08 2025 13:14:26 GMT-0700 (Pacific Daylight Time),Firm 1_e32861f6,3 (Meets Standard),4 (Above Standard),3 (Meets Standard),3 (Meets Standard),4 (Above Standard),3 (Meets Standard),4 (Above Standard),3 (Meets Standard),3 (Meets Standard),4 (Above Standard),,,,,,eb314089-e101-5857-9b74-3a7e96f8ed6b,,,3.0,4.0,3.0,3.0,4.0,3.0,4.0,3.0,3.0,4.0,,,,,,False,3.0,4.0,3.0,3.0,4.0,3.0,4.0,3.0,3.0,4.0,,,,,,,,,,,,,,,,,,,,,3.4,,
6aee6782-36bd-5b23-bb3e-1d6697b7f1ec,1,Group 2,0.0,Firm 1,Firm 1_6aee6782,,Mon Sep 08 2025 13:18:58 GMT-0700 (Pacific Daylight Time),Firm 1_6aee6782,3 (Meets Standard),4 (Above Standard),4 (Above Standard),4 (Above Standard),4 (Above Standard),3 (Meets Standard),4 (Above Standard),4 (Above Standard),4 (Above Standard),4 (Above Standard),,,,,,eb314089-e101-5857-9b74-3a7e96f8ed6b,,,3.0,4.0,4.0,4.0,4.0,3.0,4.0,4.0,4.0,4.0,,,,,,False,3.0,4.0,4.0,4.0,4.0,3.0,4.0,4.0,4.0,4.0,,,,,,,,,,,,,,,,,,,,,3.8,,
29b3c897-7936-5832-8d01-192f906fac19,1,Group 2,1.0,Firm 1,Firm 1_29b3c897,,Mon Sep 08 2025 13:29:25 GMT-0700 (Pacific Daylight Time),Firm 1_29b3c897,3 (Meets Standard),3 (Meets Standard),4 (Above Standard),4 (Above Standard),3 (Meets Standard),3 (Meets Standard),4 (Above Standard),3 (Meets Standard),3 (Meets Standard),4 (Above Standard),,,,,,eb314089-e101-5857-9b74-3a7e96f8ed6b,,,3.0,3.0,4.0,4.0,3.0,3.0,4.0,3.0,3.0,4.0,,,,,,False,3.0,3.0,4.0,4.0,3.0,3.0,4.0,3.0,3.0,4.0,,,,,,,,,,,,,,,,,,,,,3.4,,
aab0a06b-8503-5bb6-ac2d-e503b94fdeed,1,Group 2,0.0,Firm 1,Firm 1_aab0a06b,,Mon Sep 08 2025 13:39:55 GMT-0700 (Pacific Daylight Time),Firm 1_aab0a06b,3 (Meets Standard),4 (Above Standard),3 (Meets Standard),3 (Meets Standard),4 (Above Standard),3 (Meets Standard),4 (Above Standard),3 (Meets Standard),3 (Meets Standard),3 (Meets Standard),,,,,,eb314089-e101-5857-9b74-3a7e96f8ed6b,,,3.0,4.0,3.0,3.0,4.0,3.0,4.0,3.0,3.0,3.0,,,,,,False,3.0,4.0,3.0,3.0,4.0,3.0,4.0,3.0,3.0,3.0,,,,,,,,,,,,,,,,,,,,,3.3,,
51991fd2-0301-5cbf-9288-8cec13e1f456,1,Group 2,0.0,Firm 1,Firm 1_51991fd2,,Mon Sep 08 2025 13:54:01 GMT-0700 (Pacific Daylight Time),Firm 1_51991fd2,3 (Meets Standard),3 (Meets Standard),3 (Meets Standard),2 (Below Standard),4 (Above Standard),4 (Above Standard),4 (Above Standard),3 (Meets Standard),3 (Meets Standard),4 (Above Standard),,,,,,eb314089-e101-5857-9b74-3a7e96f8ed6b,,,3.0,3.0,3.0,2.0,4.0,4.0,4.0,3.0,3.0,4.0,,,,,,False,3.0,3.0,3.0,2.0,4.0,4.0,4.0,3.0,3.0,4.0,,,,,,,,,,,,,,,,,,,,,3.3,,
c0392826-9e31-556d-8f93-8603e350cf56,1,Group 2,0.0,Firm 1,Firm 1_c0392826,,Mon Sep 08 2025 14:05:48 GMT-0700 (Pacific Daylight Time),Firm 1_c0392826,3 (Meets Standard),3 (Meets Standard),3 (Meets Standard),3 (Meets Standard),4 (Above Standard),2 (Below Standard),3 (Meets Standard),3 (Meets Standard),3 (Meets Standard),4 (Above Standard),,,,,,eb314089-e101-5857-9b74-3a7e96f8ed6b,,,3.0,3.0,3.0,3.0,4.0,2.0,3.0,3.0,3.0,4.0,,,,,,False,3.0,3.0,3.0,3.0,4.0,2.0,3.0,3.0,3.0,4.0,,,,,,,,,,,,,,,,,,,,,3.1,,
3bbe29b6-00dc-5331-9fad-5d40ff285812,1,Group 1,1.0,Firm 1,Firm 1_3bbe29b6,,Mon Sep 08 2025 14:17:00 GMT-0700 (Pacific Daylight Time),Firm 1_3bbe29b6,4 (Above Standard),4 (Above Standard),4 (Above Standard),4 (Above Standard),5 (Exceptional),3 (Meets Standard),4 (Above Standard),3 (Meets Standard),3 (Meets Standard),4 (Above Standard),,,,,,eb314089-e101-5857-9b74-3a7e96f8ed6b,,,4.0,4.0,4.0,4.0,5.0,3.0,4.0,3.0,3.0,4.0,,,,,,False,4.0,4.0,4.0,4.0,5.0,3.0,4.0,3.0,3.0,4.0,,,,,,,,,,,,,,,,,,,,,3.8,,
899639f5-5f3e-578e-9a3a-f4c3c934a9f2,1,Group 2,1.0,Firm 1,Firm 1_899639f5,,Mon Sep 08 2025 14:22:30 GMT-0700 (Pacific Daylight Time),Firm 1_899639f5,3 (Meets Standard),3 (Meets Standard),3 (Meets Standard),3 (Meets Standard),3 (Meets Standard),3 (Meets Standard),3 (Meets Standard),3 (Meets Standard),3 (Meets Standard),3 (Meets Standard),,,,,,eb314089-e101-5857-9b74-3a7e96f8ed6b,,,3.0,3.0,3.0,3.0,3.0,3.0,3.0,3.0,3.0,3.0,,,,,,True,3.0,3.0,3.0,3.0,3.0,3.0,3.0,3.0,3.0,3.0,,,,,,,,,,,,,,,,,,,,,3.0,,
c395e2f8-5888-5053-ada4-a02e39247e17,1,Group 2,1.0,Firm 1,Firm 1_c395e2f8,,Mon Sep 08 2025 14:28:00 GMT-0700 (Pacific Daylight Time),Firm 1_c395e2f8,3 (Meets Standard),4 (Above Standard),4 (Above Standard),4 (Above Standard),3 (Meets Standard),3 (Meets Standard),4 (Above Standard),3 (Meets Standard),3 (Meets Standard),4 (Above Standard),,,,,,eb314089-e101-5857-9b74-3a7e96f8ed6b,,,3.0,4.0,4.0,4.0,3.0,3.0,4.0,3.0,3.0,4.0,,,,,,False,3.0,4.0,4.0,4.0,3.0,3.0,4.0,3.0,3.0,4.0,,,,,,,,,,,,,,,,,,,,,3.5,,
7c985637-fc36-5dba-9643-fcb25b88f805,1,Group 2,0.0,Firm 1,Firm 1_7c985637,,Mon Sep 08 2025 14:34:28 GMT-0700 (Pacific Daylight Time),Firm 1_7c985637,3 (Meets Standard),4 (Above Standard),4 (Above Standard),4 (Above Standard),4 (Above Standard),4 (Above Standard),4 (Above Standard),4 (Above Standard),4 (Above Standard),4 (Above Standard),,,,,,eb314089-e101-5857-9b74-3a7e96f8ed6b,,,3.0,4.0,4.0,4.0,4.0,4.0,4.0,4.0,4.0,4.0,,,,,,False,3.0,4.0,4.0,4.0,4.0,4.0,4.0,4.0,4.0,4.0,,,,,,,,,,,,,,,,,,,,,3.9,,
1fa3d8d4-a2ae-5a1c-844a-785e6d52c542,1,Group 2,0.0,Firm 1,Firm 1_1fa3d8d4,,Mon Sep 08 2025 15:31:43 GMT-0700 (Pacific Daylight Time),Firm 1_1fa3d8d4,3 (Meets Standard),4 (Above Standard),4 (Above Standard),3 (Meets Standard),3 (Meets Standard),3 (Meets Standard),4 (Above Standard),3 (Meets Standard),3 (Meets Standard),4 (Above Standard),,,,,,eb314089-e101-5857-9b74-3a7e96f8ed6b,,,3.0,4.0,4.0,3.0,3.0,3.0,4.0,3.0,3.0,4.0,,,,,,False,3.0,4.0,4.0,3.0,3.0,3.0,4.0,3.0,3.0,4.0,,,,,,,,,,,,,,,,,,,,,3.4,,
15ac974a-1e2b-50ce-aecc-7f9988d1426c,1,Group 2,0.0,Firm 1,Firm 1_15ac974a,,Wed Sep 10 2025 07:22:57 GMT-0700 (Pacific Daylight Time),Firm 1_15ac974a,3 (Meets Standard),3 (Meets Standard),3 (Meets Standard),3 (Meets Standard),2 (Below Standard),3 (Meets Standard),3 (Meets Standard),3 (Meets Standard),2 (Below Standard),3 (Meets Standard),,,,,,eb314089-e101-5857-9b74-3a7e96f8ed6b,,,3.0,3.0,3.0,3.0,2.0,3.0,3.0,3.0,2.0,3.0,,,,,,False,3.0,3.0,3.0,3.0,2.0,3.0,3.0,3.0,2.0,3.0,,,,,,,,,,,,,,,,,,,,,2.8,,
ee8c00c1-e842-5a90-80bb-05b78a089a9b,1,Group 2,1.0,Firm 1,Firm 1_ee8c00c1,,Wed Sep 10 2025 07:33:37 GMT-0700 (Pacific Daylight Time),Firm 1_ee8c00c1,3 (Meets Standard),3 (Meets Standard),3 (Meets Standard),3 (Meets Standard),3 (Meets Standard),4 (Above Standard),4 (Above Standard),4 (Above Standard),4 (Above Standard),5 (Exceptional),,,,,,eb314089-e101-5857-9b74-3a7e96f8ed6b,,,3.0,3.0,3.0,3.0,3.0,4.0,4.0,4.0,4.0,5.0,,,,,,False,3.0,3.0,3.0,3.0,3.0,4.0,4.0,4.0,4.0,5.0,,,,,,,,,,,,,,,,,,,,,3.6,,
b64f84df-142c-5b13-bb66-2181fb02379a,1,Group 2,1.0,Firm 1,Firm 1_b64f84df,,Wed Sep 10 2025 07:41:10 GMT-0700 (Pacific Daylight Time),Firm 1_b64f84df,3 (Meets Standard),3 (Meets Standard),4 (Above Standard),4 (Above Standard),4 (Above Standard),3 (Meets Standard),3 (Meets Standard),3 (Meets Standard),3 (Meets Standard),3 (Meets Standard),,,,,,eb314089-e101-5857-9b74-3a7e96f8ed6b,,,3.0,3.0,4.0,4.0,4.0,3.0,3.0,3.0,3.0,3.0,,,,,,False,3.0,3.0,4.0,4.0,4.0,3.0,3.0,3.0,3.0,3.0,,,,,,,,,,,,,,,,,,,,,3.3,,
2c77ffa4-3f6e-5886-a6b5-b59dad4b5c4f,1,Group 1,1.0,Firm 1,Firm 1_2c77ffa4,,Wed Sep 10 2025 07:56:37 GMT-0700 (Pacific Daylight Time),Firm 1_2c77ffa4,2 (Below Standard),3 (Meets Standard),3 (Meets Standard),3 (Meets Standard),2 (Below Standard),2 (Below Standard),2 (Below Standard),2 (Below Standard),2 (Below Standard),2 (Below Standard),,,,,,eb314089-e101-5857-9b74-3a7e96f8ed6b,,,2.0,3.0,3.0,3.0,2.0,2.0,2.0,2.0,2.0,2.0,,,,,,False,2.0,3.0,3.0,3.0,2.0,2.0,2.0,2.0,2.0,2.0,,,,,,,,,,,,,,,,,,,,,2.3,,
628268df-3e01-5f3d-a9da-aee2fc6a6c99,1,Group 1,1.0,Firm 1,Firm 1_628268df,,Wed Sep 10 2025 08:04:20 GMT-0700 (Pacific Daylight Time),Firm 1_628268df,2 (Below Standard),3 (Meets Standard),2 (Below Standard),3 (Meets Standard),2 (Below Standard),3 (Meets Standard),3 (Meets Standard),3 (Meets Standard),3 (Meets Standard),3 (Meets Standard),,,,,,eb314089-e101-5857-9b74-3a7e96f8ed6b,,,2.0,3.0,2.0,3.0,2.0,3.0,3.0,3.0,3.0,3.0,,,,,,False,2.0,3.0,2.0,3.0,2.0,3.0,3.0,3.0,3.0,3.0,,,,,,,,,,,,,,,,,,,,,2.7,,
1d5cc583-47da-5145-a753-9a82a8a48de3,1,Group 1,1.0,Firm 1,Firm 1_1d5cc583,,Wed Sep 10 2025 08:37:58 GMT-0700 (Pacific Daylight Time),Firm 1_1d5cc583,2 (Below Standard),3 (Meets Standard),3 (Meets Standard),3 (Meets Standard),2 (Below Standard),2 (Below Standard),3 (Meets Standard),3 (Meets Standard),2 (Below Standard),3 (Meets Standard),,,,,,eb314089-e101-5857-9b74-3a7e96f8ed6b,,,2.0,3.0,3.0,3.0,2.0,2.0,3.0,3.0,2.0,3.0,,,,,,False,2.0,3.0,3.0,3.0,2.0,2.0,3.0,3.0,2.0,3.0,,,,,,,,,,,,,,,,,,,,,2.6,,
2d090aa6-d95f-5de4-9076-d704e9d15a8f,1,Dropped,1.0,Firm 1,Firm 1_2d090aa6,,Wed Sep 10 2025 08:50:07 GMT-0700 (Pacific Daylight Time),Firm 1_2d090aa6,2 (Below Standard),2 (Below Standard),3 (Meets Standard),3 (Meets Standard),2 (Below Standard),2 (Below Standard),3 (Meets Standard),3 (Meets Standard),3 (Meets Standard),2 (Below Standard),,,,,,eb314089-e101-5857-9b74-3a7e96f8ed6b,,,2.0,2.0,3.0,3.0,2.0,2.0,3.0,3.0,3.0,2.0,,,,,,False,2.0,2.0,3.0,3.0,2.0,2.0,3.0,3.0,3.0,2.0,,,,,,,,,,,,,,,,,,,,,2.5,,
2ffaf05e-aedd-5585-9e30-c38c8bafb29f,1,Group 1,1.0,Firm 1,Firm 1_2ffaf05e,,Wed Sep 10 2025 08:56:43 GMT-0700 (Pacific Daylight Time),Firm 1_2ffaf05e,2 (Below Standard),2 (Below Standard),2 (Below Standard),2 (Below Standard),3 (Meets Standard),2 (Below Standard),3 (Meets Standard),3 (Meets Standard),2 (Below Standard),3 (Meets Standard),,,,,,eb314089-e101-5857-9b74-3a7e96f8ed6b,,,2.0,2.0,2.0,2.0,3.0,2.0,3.0,3.0,2.0,3.0,,,,,,False,2.0,2.0,2.0,2.0,3.0,2.0,3.0,3.0,2.0,3.0,,,,,,,,,,,,,,,,,,,,,2.4,,
71358a26-c4dd-5c37-9b72-2298fe55ff14,1,Group 2,1.0,Firm 1,Firm 1_71358a26,,Wed Sep 10 2025 09:57:08 GMT-0700 (Pacific Daylight Time),Firm 1_71358a26,3 (Meets Standard),3 (Meets Standard),3 (Meets Standard),3 (Meets Standard),3 (Meets Standard),3 (Meets Standard),3 (Meets Standard),3 (Meets Standard),3 (Meets Standard),3 (Meets Standard),,,,,,eb314089-e101-5857-9b74-3a7e96f8ed6b,,,3.0,3.0,3.0,3.0,3.0,3.0,3.0,3.0,3.0,3.0,,,,,,True,3.0,3.0,3.0,3.0,3.0,3.0,3.0,3.0,3.0,3.0,,,,,,,,,,,,,,,,,,,,,3.0,,
20635fec-cb2e-5f64-a74c-4bfe3207fb5b,1,Group 2,0.0,Firm 11,Firm 11_20635fec,,Wed Sep 10 2025 10:02:02 GMT-0700 (Pacific Daylight Time),Firm 11_20635fec,3 (Meets Standard),3 (Meets Standard),2 (Below Standard),3 (Meets Standard),3 (Meets Standard),3 (Meets Standard),4 (Above Standard),3 (Meets Standard),3 (Meets Standard),4 (Above Standard),,,,,,eb314089-e101-5857-9b74-3a7e96f8ed6b,,,3.0,3.0,2.0,3.0,3.0,3.0,4.0,3.0,3.0,4.0,,,,,,False,3.0,3.0,2.0,3.0,3.0,3.0,4.0,3.0,3.0,4.0,,,,,,,,,,,,,,,,,,,,,3.1,,
9bb27658-91d0-5345-9ccf-22f9558d6222,1,Group 1,1.0,Firm 4,Firm 4_9bb27658,,Wed Sep 10 2025 10:06:00 GMT-0700 (Pacific Daylight Time),Firm 4_9bb27658,3 (Meets Standard),3 (Meets Standard),4 (Above Standard),3 (Meets Standard),3 (Meets Standard),1 (Far Below Standard),1 (Far Below Standard),1 (Far Below Standard),1 (Far Below Standard),1 (Far Below Standard),,,,,,eb314089-e101-5857-9b74-3a7e96f8ed6b,,,3.0,3.0,4.0,3.0,3.0,1.0,1.0,1.0,1.0,1.0,,,,,,False,3.0,3.0,4.0,3.0,3.0,1.0,1.0,1.0,1.0,1.0,,,,,,,,,,,,,,,,,,,,,2.1,,
776a1baa-0b21-5fbb-b0f6-10d1774ac361,1,Group 1,1.0,Firm 4,Firm 4_776a1baa,,Wed Sep 10 2025 10:09:25 GMT-0700 (Pacific Daylight Time),Firm 4_776a1baa,3 (Meets Standard),3 (Meets Standard),3 (Meets Standard),3 (Meets Standard),4 (Above Standard),2 (Below Standard),3 (Meets Standard),3 (Meets Standard),3 (Meets Standard),3 (Meets Standard),,,,,,eb314089-e101-5857-9b74-3a7e96f8ed6b,,,3.0,3.0,3.0,3.0,4.0,2.0,3.0,3.0,3.0,3.0,,,,,,False,3.0,3.0,3.0,3.0,4.0,2.0,3.0,3.0,3.0,3.0,,,,,,,,,,,,,,,,,,,,,3.0,,
e32861f6-9237-5964-b3aa-09d11c06b943,1,Group 2,1.0,Firm 1,Firm 1_e32861f6,,Wed Sep 10 2025 13:58:13 GMT-0700 (Pacific Daylight Time),Firm 1_e32861f6,3 (Meets Standard),4 (Above Standard),3 (Meets Standard),3 (Meets Standard),3 (Meets Standard),3 (Meets Standard),4 (Above Standard),3 (Meets Standard),4 (Above Standard),3 (Meets Standard),,,,,,264e35df-e7c8-5bab-853d-30ab145ff01f,,,3.0,4.0,3.0,3.0,3.0,3.0,4.0,3.0,4.0,3.0,,,,,,False,3.0,4.0,3.0,3.0,3.0,3.0,4.0,3.0,4.0,3.0,,,,,,,,,,,,,,,,,,,,,3.3,,
6aee6782-36bd-5b23-bb3e-1d6697b7f1ec,1,Group 2,0.0,Firm 1,Firm 1_6aee6782,,Wed Sep 10 2025 14:00:14 GMT-0700 (Pacific Daylight Time),Firm 1_6aee6782,4 (Above Standard),3 (Meets Standard),3 (Meets Standard),3 (Meets Standard),3 (Meets Standard),4 (Above Standard),4 (Above Standard),4 (Above Standard),4 (Above Standard),4 (Above Standard),,,,,,264e35df-e7c8-5bab-853d-30ab145ff01f,,,4.0,3.0,3.0,3.0,3.0,4.0,4.0,4.0,4.0,4.0,,,,,,False,4.0,3.0,3.0,3.0,3.0,4.0,4.0,4.0,4.0,4.0,,,,,,,,,,,,,,,,,,,,,3.6,,
29b3c897-7936-5832-8d01-192f906fac19,1,Group 2,1.0,Firm 1,Firm 1_29b3c897,,Wed Sep 10 2025 14:02:02 GMT-0700 (Pacific Daylight Time),Firm 1_29b3c897,4 (Above Standard),4 (Above Standard),4 (Above Standard),4 (Above Standard),4 (Above Standard),4 (Above Standard),5 (Exceptional),4 (Above Standard),4 (Above Standard),4 (Above Standard),,,,,,264e35df-e7c8-5bab-853d-30ab145ff01f,,,4.0,4.0,4.0,4.0,4.0,4.0,5.0,4.0,4.0,4.0,,,,,,False,4.0,4.0,4.0,4.0,4.0,4.0,5.0,4.0,4.0,4.0,,,,,,,,,,,,,,,,,,,,,4.1,,
aab0a06b-8503-5bb6-ac2d-e503b94fdeed,1,Group 2,0.0,Firm 1,Firm 1_aab0a06b,,Wed Sep 10 2025 14:46:38 GMT-0700 (Pacific Daylight Time),Firm 1_aab0a06b,4 (Above Standard),5 (Exceptional),4 (Above Standard),4 (Above Standard),4 (Above Standard),4 (Above Standard),5 (Exceptional),4 (Above Standard),4 (Above Standard),5 (Exceptional),,,,,,264e35df-e7c8-5bab-853d-30ab145ff01f,,,4.0,5.0,4.0,4.0,4.0,4.0,5.0,4.0,4.0,5.0,,,,,,False,4.0,5.0,4.0,4.0,4.0,4.0,5.0,4.0,4.0,5.0,,,,,,,,,,,,,,,,,,,,,4.3,,
51991fd2-0301-5cbf-9288-8cec13e1f456,1,Group 2,0.0,Firm 1,Firm 1_51991fd2,,Wed Sep 10 2025 14:48:40 GMT-0700 (Pacific Daylight Time),Firm 1_51991fd2,5 (Exceptional),5 (Exceptional),4 (Above Standard),3 (Meets Standard),4 (Above Standard),5 (Exceptional),5 (Exceptional),4 (Above Standard),5 (Exceptional),5 (Exceptional),,,,,,264e35df-e7c8-5bab-853d-30ab145ff01f,,,5.0,5.0,4.0,3.0,4.0,5.0,5.0,4.0,5.0,5.0,,,,,,False,5.0,5.0,4.0,3.0,4.0,5.0,5.0,4.0,5.0,5.0,,,,,,,,,,,,,,,,,,,,,4.5,,
8a84f103-4317-58ec-8986-923e544a0b42,2,Group 2,1.0,Firm 6,Firm 6_8a84f103,,Fri Sep 12 2025 12:17:29 GMT-0700 (Pacific Daylight Time),Firm 6_8a84f103,3 (Meets Standard),5 (Exceptional),3 (Meets Standard),3 (Meets Standard),3 (Meets Standard),3 (Meets Standard),4 (Above Standard),3 (Meets Standard),4 (Above Standard),3 (Meets Standard),,,,,,264e35df-e7c8-5bab-853d-30ab145ff01f,35.0,,3.0,5.0,3.0,3.0,3.0,3.0,4.0,3.0,4.0,3.0,,,,,,False,,,,,,,,,,,,,,,,3.0,5.0,3.0,3.0,3.0,3.0,4.0,3.0,4.0,3.0,,,,,,,3.4,
e9a8662d-22ae-53d2-92a0-00303f8cba79,1,Group 2,1.0,Firm 9,Firm 9_e9a8662d,,Fri Sep 12 2025 12:19:54 GMT-0700 (Pacific Daylight Time),Firm 9_e9a8662d,3 (Meets Standard),3 (Meets Standard),2 (Below Standard),3 (Meets Standard),3 (Meets Standard),2 (Below Standard),3 (Meets Standard),2 (Below Standard),2 (Below Standard),3 (Meets Standard),,,,,,2e61a7b3-d753-52d1-b80b-add6dc3998c1,120.0,,3.0,3.0,2.0,3.0,3.0,2.0,3.0,2.0,2.0,3.0,,,,,,False,3.0,3.0,2.0,3.0,3.0,2.0,3.0,2.0,2.0,3.0,,,,,,,,,,,,,,,,,,,,,2.6,,
c0392826-9e31-556d-8f93-8603e350cf56,1,Group 2,0.0,Firm 1,Firm 1_c0392826,,Fri Sep 12 2025 12:23:57 GMT-0700 (Pacific Daylight Time),Firm 1_c0392826,4 (Above Standard),4 (Above Standard),4 (Above Standard),4 (Above Standard),4 (Above Standard),3 (Meets Standard),4 (Above Standard),3 (Meets Standard),4 (Above Standard),4 (Above Standard),,,,,,264e35df-e7c8-5bab-853d-30ab145ff01f,105.0,,4.0,4.0,4.0,4.0,4.0,3.0,4.0,3.0,4.0,4.0,,,,,,False,4.0,4.0,4.0,4.0,4.0,3.0,4.0,3.0,4.0,4.0,,,,,,,,,,,,,,,,,,,,,3.8,,
3bbe29b6-00dc-5331-9fad-5d40ff285812,1,Group 1,1.0,Firm 1,Firm 1_3bbe29b6,,Fri Sep 12 2025 12:25:41 GMT-0700 (Pacific Daylight Time),Firm 1_3bbe29b6,4 (Above Standard),4 (Above Standard),3 (Meets Standard),4 (Above Standard),4 (Above Standard),4 (Above Standard),5 (Exceptional),3 (Meets Standard),4 (Above Standard),4 (Above Standard),,,,,,264e35df-e7c8-5bab-853d-30ab145ff01f,115.0,,4.0,4.0,3.0,4.0,4.0,4.0,5.0,3.0,4.0,4.0,,,,,,False,4.0,4.0,3.0,4.0,4.0,4.0,5.0,3.0,4.0,4.0,,,,,,,,,,,,,,,,,,,,,3.9,,
9bb27658-91d0-5345-9ccf-22f9558d6222,1,Group 1,1.0,Firm 4,Firm 4_9bb27658,,Fri Sep 12 2025 12:26:15 GMT-0700 (Pacific Daylight Time),Firm 4_9bb27658,4 (Above Standard),4 (Above Standard),4 (Above Standard),4 (Above Standard),4 (Above Standard),1 (Far Below Standard),1 (Far Below Standard),1 (Far Below Standard),1 (Far Below Standard),1 (Far Below Standard),,,,,,04f1990c-7a83-52b0-b457-c850750be3af,110.0,,4.0,4.0,4.0,4.0,4.0,1.0,1.0,1.0,1.0,1.0,,,,,,False,4.0,4.0,4.0,4.0,4.0,1.0,1.0,1.0,1.0,1.0,,,,,,,,,,,,,,,,,,,,,2.5,,
7e5a9b32-f7eb-5782-9581-fe36edd0fae9,1,Group 2,1.0,Firm 12,Firm 12_7e5a9b32,,Fri Sep 12 2025 12:29:18 GMT-0700 (Pacific Daylight Time),Firm 12_7e5a9b32,4 (Above Standard),4 (Above Standard),3 (Meets Standard),4 (Above Standard),4 (Above Standard),4 (Above Standard),5 (Exceptional),4 (Above Standard),4 (Above Standard),4 (Above Standard),,,,,,04f1990c-7a83-52b0-b457-c850750be3af,110.0,,4.0,4.0,3.0,4.0,4.0,4.0,5.0,4.0,4.0,4.0,,,,,,False,4.0,4.0,3.0,4.0,4.0,4.0,5.0,4.0,4.0,4.0,,,,,,,,,,,,,,,,,,,,,4.0,,
437ac34e-a2a6-52ec-a60e-545d5193059a,1,Group 2,1.0,Firm 9,Firm 9_437ac34e,,Fri Sep 12 2025 12:30:16 GMT-0700 (Pacific Daylight Time),Firm 9_437ac34e,4 (Above Standard),4 (Above Standard),4 (Above Standard),4 (Above Standard),4 (Above Standard),1 (Far Below Standard),2 (Below Standard),1 (Far Below Standard),1 (Far Below Standard),1 (Far Below Standard),,,,,,04f1990c-7a83-52b0-b457-c850750be3af,120.0,,4.0,4.0,4.0,4.0,4.0,1.0,2.0,1.0,1.0,1.0,,,,,,False,4.0,4.0,4.0,4.0,4.0,1.0,2.0,1.0,1.0,1.0,,,,,,,,,,,,,,,,,,,,,2.6,,
c395e2f8-5888-5053-ada4-a02e39247e17,1,Group 2,1.0,Firm 1,Firm 1_c395e2f8,,Fri Sep 12 2025 12:30:46 GMT-0700 (Pacific Daylight Time),Firm 1_c395e2f8,4 (Above Standard),5 (Exceptional),4 (Above Standard),4 (Above Standard),5 (Exceptional),4 (Above Standard),5 (Exceptional),4 (Above Standard),4 (Above Standard),5 (Exceptional),,,,,,264e35df-e7c8-5bab-853d-30ab145ff01f,43.0,,4.0,5.0,4.0,4.0,5.0,4.0,5.0,4.0,4.0,5.0,,,,,,False,4.0,5.0,4.0,4.0,5.0,4.0,5.0,4.0,4.0,5.0,,,,,,,,,,,,,,,,,,,,,4.4,,
29696480-3e2b-5a15-ad36-3e0c20c2901f,1,Group 1,1.0,Firm 10,Firm 10_29696480,,Fri Sep 12 2025 12:33:39 GMT-0700 (Pacific Daylight Time),Firm 10_29696480,4 (Above Standard),4 (Above Standard),3 (Meets Standard),4 (Above Standard),4 (Above Standard),2 (Below Standard),4 (Above Standard),4 (Above Standard),3 (Meets Standard),4 (Above Standard),,,,,,04f1990c-7a83-52b0-b457-c850750be3af,120.0,,4.0,4.0,3.0,4.0,4.0,2.0,4.0,4.0,3.0,4.0,,,,,,False,4.0,4.0,3.0,4.0,4.0,2.0,4.0,4.0,3.0,4.0,,,,,,,,,,,,,,,,,,,,,3.6,,
c32b9a16-c556-54a0-a1b2-cf2fdff3bfa0,1,Group 2,1.0,Firm 10,Firm 10_c32b9a16,,Fri Sep 12 2025 12:34:51 GMT-0700 (Pacific Daylight Time),Firm 10_c32b9a16,4 (Above Standard),4 (Above Standard),3 (Meets Standard),4 (Above Standard),4 (Above Standard),5 (Exceptional),5 (Exceptional),4 (Above Standard),4 (Above Standard),5 (Exceptional),,,,,,04f1990c-7a83-52b0-b457-c850750be3af,80.0,,4.0,4.0,3.0,4.0,4.0,5.0,5.0,4.0,4.0,5.0,,,,,,False,4.0,4.0,3.0,4.0,4.0,5.0,5.0,4.0,4.0,5.0,,,,,,,,,,,,,,,,,,,,,4.2,,
4325b8b7-eee6-5964-92d1-752069e71184,1,Group 2,1.0,Firm 11,Firm 11_4325b8b7,,Fri Sep 12 2025 12:35:53 GMT-0700 (Pacific Daylight Time),Firm 11_4325b8b7,4 (Above Standard),4 (Above Standard),3 (Meets Standard),4 (Above Standard),4 (Above Standard),4 (Above Standard),4 (Above Standard),4 (Above Standard),4 (Above Standard),4 (Above Standard),,,,,,04f1990c-7a83-52b0-b457-c850750be3af,71.0,,4.0,4.0,3.0,4.0,4.0,4.0,4.0,4.0,4.0,4.0,,,,,,False,4.0,4.0,3.0,4.0,4.0,4.0,4.0,4.0,4.0,4.0,,,,,,,,,,,,,,,,,,,,,3.9,,
2a124c0c-72e7-50b9-9793-1cdf4c83f469,1,Group 1,1.0,Firm 9,Firm 9_2a124c0c,,Fri Sep 12 2025 12:36:32 GMT-0700 (Pacific Daylight Time),Firm 9_2a124c0c,3 (Meets Standard),3 (Meets Standard),3 (Meets Standard),4 (Above Standard),3 (Meets Standard),4 (Above Standard),4 (Above Standard),3 (Meets Standard),3 (Meets Standard),4 (Above Standard),,,,,,2e61a7b3-d753-52d1-b80b-add6dc3998c1,119.0,,3.0,3.0,3.0,4.0,3.0,4.0,4.0,3.0,3.0,4.0,,,,,,False,3.0,3.0,3.0,4.0,3.0,4.0,4.0,3.0,3.0,4.0,,,,,,,,,,,,,,,,,,,,,3.4,,
0ebc67d4-8a05-50b3-af8d-01845f6ab05e,1,Group 1,1.0,Firm 5,Firm 5_0ebc67d4,,Fri Sep 12 2025 12:36:48 GMT-0700 (Pacific Daylight Time),Firm 5_0ebc67d4,4 (Above Standard),4 (Above Standard),4 (Above Standard),4 (Above Standard),4 (Above Standard),4 (Above Standard),4 (Above Standard),4 (Above Standard),4 (Above Standard),5 (Exceptional),,,,,,04f1990c-7a83-52b0-b457-c850750be3af,82.0,,4.0,4.0,4.0,4.0,4.0,4.0,4.0,4.0,4.0,5.0,,,,,,False,4.0,4.0,4.0,4.0,4.0,4.0,4.0,4.0,4.0,5.0,,,,,,,,,,,,,,,,,,,,,4.1,,
c4c0b9ff-5041-522a-b44b-c13f32609164,1,Group 1,1.0,Firm 5,Firm 5_c4c0b9ff,,Fri Sep 12 2025 12:37:45 GMT-0700 (Pacific Daylight Time),Firm 5_c4c0b9ff,4 (Above Standard),4 (Above Standard),3 (Meets Standard),4 (Above Standard),4 (Above Standard),4 (Above Standard),4 (Above Standard),3 (Meets Standard),4 (Above Standard),4 (Above Standard),,,,,,04f1990c-7a83-52b0-b457-c850750be3af,120.0,,4.0,4.0,3.0,4.0,4.0,4.0,4.0,3.0,4.0,4.0,,,,,,False,4.0,4.0,3.0,4.0,4.0,4.0,4.0,3.0,4.0,4.0,,,,,,,,,,,,,,,,,,,,,3.8,,
a5bef877-c146-516d-959a-1d0707159293,1,Group 2,0.0,Firm 1,Firm 1_a5bef877,,Fri Sep 12 2025 12:38:53 GMT-0700 (Pacific Daylight Time),Firm 1_a5bef877,3 (Meets Standard),4 (Above Standard),4 (Above Standard),4 (Above Standard),5 (Exceptional),3 (Meets Standard),5 (Exceptional),4 (Above Standard),5 (Exceptional),5 (Exceptional),,,,,,04f1990c-7a83-52b0-b457-c850750be3af,119.0,,3.0,4.0,4.0,4.0,5.0,3.0,5.0,4.0,5.0,5.0,,,,,,False,3.0,4.0,4.0,4.0,5.0,3.0,5.0,4.0,5.0,5.0,,,,,,,,,,,,,,,,,,,,,4.2,,
97118f49-4d52-5e9a-8993-ee74af786d55,1,Group 1,1.0,Firm 1,Firm 1_97118f49,,Fri Sep 12 2025 12:39:42 GMT-0700 (Pacific Daylight Time),Firm 1_97118f49,4 (Above Standard),4 (Above Standard),3 (Meets Standard),4 (Above Standard),4 (Above Standard),4 (Above Standard),4 (Above Standard),3 (Meets Standard),4 (Above Standard),4 (Above Standard),,,,,,04f1990c-7a83-52b0-b457-c850750be3af,120.0,,4.0,4.0,3.0,4.0,4.0,4.0,4.0,3.0,4.0,4.0,,,,,,False,4.0,4.0,3.0,4.0,4.0,4.0,4.0,3.0,4.0,4.0,,,,,,,,,,,,,,,,,,,,,3.8,,
8bc09ee7-8082-5b31-a844-9fda16660a99,1,Group 1,1.0,Firm 1,Firm 1_8bc09ee7,,Fri Sep 12 2025 12:40:37 GMT-0700 (Pacific Daylight Time),Firm 1_8bc09ee7,4 (Above Standard),4 (Above Standard),3 (Meets Standard),4 (Above Standard),4 (Above Standard),4 (Above Standard),4 (Above Standard),3 (Meets Standard),4 (Above Standard),4 (Above Standard),,,,,,04f1990c-7a83-52b0-b457-c850750be3af,90.0,,4.0,4.0,3.0,4.0,4.0,4.0,4.0,3.0,4.0,4.0,,,,,,False,4.0,4.0,3.0,4.0,4.0,4.0,4.0,3.0,4.0,4.0,,,,,,,,,,,,,,,,,,,,,3.8,,
d7fd7471-a479-57c1-83f6-e0ec52d2d532,1,Group 2,1.0,Firm 1,Firm 1_d7fd7471,,Fri Sep 12 2025 12:41:35 GMT-0700 (Pacific Daylight Time),Firm 1_d7fd7471,4 (Above Standard),5 (Exceptional),3 (Meets Standard),4 (Above Standard),4 (Above Standard),4 (Above Standard),4 (Above Standard),3 (Meets Standard),4 (Above Standard),4 (Above Standard),,,,,,04f1990c-7a83-52b0-b457-c850750be3af,115.0,,4.0,5.0,3.0,4.0,4.0,4.0,4.0,3.0,4.0,4.0,,,,,,False,4.0,5.0,3.0,4.0,4.0,4.0,4.0,3.0,4.0,4.0,,,,,,,,,,,,,,,,,,,,,3.9,,
486a2581-6651-58de-9e84-8705878d9999,1,Group 2,1.0,Firm 1,Firm 1_486a2581,,Fri Sep 12 2025 12:42:33 GMT-0700 (Pacific Daylight Time),Firm 1_486a2581,4 (Above Standard),5 (Exceptional),3 (Meets Standard),3 (Meets Standard),5 (Exceptional),4 (Above Standard),5 (Exceptional),4 (Above Standard),5 (Exceptional),5 (Exceptional),,,,,,04f1990c-7a83-52b0-b457-c850750be3af,118.0,,4.0,5.0,3.0,3.0,5.0,4.0,5.0,4.0,5.0,5.0,,,,,,False,4.0,5.0,3.0,3.0,5.0,4.0,5.0,4.0,5.0,5.0,,,,,,,,,,,,,,,,,,,,,4.3,,
5f8586e1-b467-58d7-a3f9-73d2b30b2189,1,Group 2,1.0,Firm 1,Firm 1_5f8586e1,,Fri Sep 12 2025 12:43:35 GMT-0700 (Pacific Daylight Time),Firm 1_5f8586e1,4 (Above Standard),5 (Exceptional),3 (Meets Standard),4 (Above Standard),5 (Exceptional),4 (Above Standard),5 (Exceptional),4 (Above Standard),4 (Above Standard),4 (Above Standard),,,,,,04f1990c-7a83-52b0-b457-c850750be3af,93.0,,4.0,5.0,3.0,4.0,5.0,4.0,5.0,4.0,4.0,4.0,,,,,,False,4.0,5.0,3.0,4.0,5.0,4.0,5.0,4.0,4.0,4.0,,,,,,,,,,,,,,,,,,,,,4.2,,
20635fec-cb2e-5f64-a74c-4bfe3207fb5b,1,Group 2,0.0,Firm 11,Firm 11_20635fec,,Fri Sep 12 2025 12:45:00 GMT-0700 (Pacific Daylight Time),Firm 11_20635fec,3 (Meets Standard),4 (Above Standard),2 (Below Standard),3 (Meets Standard),4 (Above Standard),4 (Above Standard),4 (Above Standard),4 (Above Standard),4 (Above Standard),4 (Above Standard),,,,,,04f1990c-7a83-52b0-b457-c850750be3af,78.0,,3.0,4.0,2.0,3.0,4.0,4.0,4.0,4.0,4.0,4.0,,,,,,False,3.0,4.0,2.0,3.0,4.0,4.0,4.0,4.0,4.0,4.0,,,,,,,,,,,,,,,,,,,,,3.6,,
194eeeb1-bde1-55bd-9608-e981b3c95b0d,1,Group 2,1.0,Firm 9,Firm 9_194eeeb1,,Fri Sep 12 2025 12:46:09 GMT-0700 (Pacific Daylight Time),Firm 9_194eeeb1,3 (Meets Standard),3 (Meets Standard),2 (Below Standard),3 (Meets Standard),3 (Meets Standard),3 (Meets Standard),4 (Above Standard),3 (Meets Standard),4 (Above Standard),2 (Below Standard),,,,,,2e61a7b3-d753-52d1-b80b-add6dc3998c1,95.0,,3.0,3.0,2.0,3.0,3.0,3.0,4.0,3.0,4.0,2.0,,,,,,False,3.0,3.0,2.0,3.0,3.0,3.0,4.0,3.0,4.0,2.0,,,,,,,,,,,,,,,,,,,,,3.0,,
15ac974a-1e2b-50ce-aecc-7f9988d1426c,1,Group 2,0.0,Firm 1,Firm 1_15ac974a,,Fri Sep 12 2025 12:46:19 GMT-0700 (Pacific Daylight Time),Firm 1_15ac974a,4 (Above Standard),4 (Above Standard),4 (Above Standard),4 (Above Standard),3 (Meets Standard),4 (Above Standard),4 (Above Standard),4 (Above Standard),3 (Meets Standard),4 (Above Standard),,,,,,04f1990c-7a83-52b0-b457-c850750be3af,120.0,,4.0,4.0,4.0,4.0,3.0,4.0,4.0,4.0,3.0,4.0,,,,,,False,4.0,4.0,4.0,4.0,3.0,4.0,4.0,4.0,3.0,4.0,,,,,,,,,,,,,,,,,,,,,3.8,,
469e4cf9-5b13-522c-8cc0-e73cc163861e,1,Dropped,0.0,Firm 11,Firm 11_469e4cf9,,Fri Sep 12 2025 12:47:58 GMT-0700 (Pacific Daylight Time),Firm 11_469e4cf9,4 (Above Standard),4 (Above Standard),3 (Meets Standard),4 (Above Standard),4 (Above Standard),4 (Above Standard),4 (Above Standard),3 (Meets Standard),3 (Meets Standard),4 (Above Standard),,,,,,2e61a7b3-d753-52d1-b80b-add6dc3998c1,35.0,,4.0,4.0,3.0,4.0,4.0,4.0,4.0,3.0,3.0,4.0,,,,,,False,4.0,4.0,3.0,4.0,4.0,4.0,4.0,3.0,3.0,4.0,,,,,,,,,,,,,,,,,,,,,3.7,,
79d8a242-5752-5cfa-9abd-643524c4f12a,1,Group 2,1.0,Firm 5,Firm 5_79d8a242,,Fri Sep 12 2025 12:50:13 GMT-0700 (Pacific Daylight Time),Firm 5_79d8a242,3 (Meets Standard),3 (Meets Standard),3 (Meets Standard),3 (Meets Standard),3 (Meets Standard),4 (Above Standard),4 (Above Standard),3 (Meets Standard),3 (Meets Standard),4 (Above Standard),,,,,,2e61a7b3-d753-52d1-b80b-add6dc3998c1,86.0,,3.0,3.0,3.0,3.0,3.0,4.0,4.0,3.0,3.0,4.0,,,,,,False,3.0,3.0,3.0,3.0,3.0,4.0,4.0,3.0,3.0,4.0,,,,,,,,,,,,,,,,,,,,,3.3,,
081064a2-d80d-54cc-aa3a-1021cbfbddf7,1,Group 2,1.0,Firm 5,Firm 5_081064a2,,Fri Sep 12 2025 12:52:31 GMT-0700 (Pacific Daylight Time),Firm 5_081064a2,4 (Above Standard),3 (Meets Standard),3 (Meets Standard),3 (Meets Standard),3 (Meets Standard),2 (Below Standard),2 (Below Standard),2 (Below Standard),2 (Below Standard),2 (Below Standard),,,,,,2e61a7b3-d753-52d1-b80b-add6dc3998c1,119.0,,4.0,3.0,3.0,3.0,3.0,2.0,2.0,2.0,2.0,2.0,,,,,,False,4.0,3.0,3.0,3.0,3.0,2.0,2.0,2.0,2.0,2.0,,,,,,,,,,,,,,,,,,,,,2.6,,
312bab6b-def1-5e03-ba9e-43b36762fc0e,1,Group 2,1.0,Firm 5,Firm 5_312bab6b,,Fri Sep 12 2025 12:54:46 GMT-0700 (Pacific Daylight Time),Firm 5_312bab6b,3 (Meets Standard),3 (Meets Standard),3 (Meets Standard),3 (Meets Standard),3 (Meets Standard),3 (Meets Standard),4 (Above Standard),3 (Meets Standard),4 (Above Standard),4 (Above Standard),,,,,,2e61a7b3-d753-52d1-b80b-add6dc3998c1,120.0,,3.0,3.0,3.0,3.0,3.0,3.0,4.0,3.0,4.0,4.0,,,,,,False,3.0,3.0,3.0,3.0,3.0,3.0,4.0,3.0,4.0,4.0,,,,,,,,,,,,,,,,,,,,,3.3,,
4172dcd9-39ce-514f-ae33-22e2c2c6053c,1,Group 1,1.0,Firm 1,Firm 1_4172dcd9,,Fri Sep 12 2025 12:58:41 GMT-0700 (Pacific Daylight Time),Firm 1_4172dcd9,4 (Above Standard),3 (Meets Standard),3 (Meets Standard),3 (Meets Standard),3 (Meets Standard),4 (Above Standard),3 (Meets Standard),4 (Above Standard),3 (Meets Standard),4 (Above Standard),,,,,,2e61a7b3-d753-52d1-b80b-add6dc3998c1,160.0,,4.0,3.0,3.0,3.0,3.0,4.0,3.0,4.0,3.0,4.0,,,,,,False,4.0,3.0,3.0,3.0,3.0,4.0,3.0,4.0,3.0,4.0,,,,,,,,,,,,,,,,,,,,,3.4,,
ae9932b3-2ab5-597d-b409-6add5dee6584,1,Group 2,1.0,Firm 1,Firm 1_ae9932b3,,Fri Sep 12 2025 13:01:32 GMT-0700 (Pacific Daylight Time),Firm 1_ae9932b3,4 (Above Standard),4 (Above Standard),3 (Meets Standard),4 (Above Standard),4 (Above Standard),3 (Meets Standard),4 (Above Standard),2 (Below Standard),3 (Meets Standard),4 (Above Standard),,,,,,2e61a7b3-d753-52d1-b80b-add6dc3998c1,168.0,,4.0,4.0,3.0,4.0,4.0,3.0,4.0,2.0,3.0,4.0,,,,,,False,4.0,4.0,3.0,4.0,4.0,3.0,4.0,2.0,3.0,4.0,,,,,,,,,,,,,,,,,,,,,3.5,,
7c985637-fc36-5dba-9643-fcb25b88f805,1,Group 2,0.0,Firm 1,Firm 1_7c985637,,Fri Sep 12 2025 13:02:01 GMT-0700 (Pacific Daylight Time),Firm 1_7c985637,3 (Meets Standard),3 (Meets Standard),3 (Meets Standard),4 (Above Standard),4 (Above Standard),3 (Meets Standard),3 (Meets Standard),3 (Meets Standard),4 (Above Standard),4 (Above Standard),,,,,,2dfcafe6-1583-5669-8a0f-49b9cb44f4b9,105.0,,3.0,3.0,3.0,4.0,4.0,3.0,3.0,3.0,4.0,4.0,,,,,,False,3.0,3.0,3.0,4.0,4.0,3.0,3.0,3.0,4.0,4.0,,,,,,,,,,,,,,,,,,,,,3.4,,
a7a90342-3a1b-5f1a-8e28-1a5651a6dbcf,1,Group 2,1.0,Firm 1,Firm 1_a7a90342,,Fri Sep 12 2025 13:06:07 GMT-0700 (Pacific Daylight Time),Firm 1_a7a90342,3 (Meets Standard),3 (Meets Standard),3 (Meets Standard),2 (Below Standard),3 (Meets Standard),4 (Above Standard),4 (Above Standard),2 (Below Standard),3 (Meets Standard),4 (Above Standard),,,,,,2e61a7b3-d753-52d1-b80b-add6dc3998c1,65.0,,3.0,3.0,3.0,2.0,3.0,4.0,4.0,2.0,3.0,4.0,,,,,,False,3.0,3.0,3.0,2.0,3.0,4.0,4.0,2.0,3.0,4.0,,,,,,,,,,,,,,,,,,,,,3.1,,
1fa3d8d4-a2ae-5a1c-844a-785e6d52c542,1,Group 2,0.0,Firm 1,Firm 1_1fa3d8d4,,Fri Sep 12 2025 13:06:14 GMT-0700 (Pacific Daylight Time),Firm 1_1fa3d8d4,2 (Below Standard),3 (Meets Standard),3 (Meets Standard),3 (Meets Standard),3 (Meets Standard),3 (Meets Standard),3 (Meets Standard),3 (Meets Standard),3 (Meets Standard),4 (Above Standard),,,,,,2dfcafe6-1583-5669-8a0f-49b9cb44f4b9,134.0,,2.0,3.0,3.0,3.0,3.0,3.0,3.0,3.0,3.0,4.0,,,,,,False,2.0,3.0,3.0,3.0,3.0,3.0,3.0,3.0,3.0,4.0,,,,,,,,,,,,,,,,,,,,,3.0,,
2c77ffa4-3f6e-5886-a6b5-b59dad4b5c4f,1,Group 1,1.0,Firm 1,Firm 1_2c77ffa4,,Fri Sep 12 2025 13:08:49 GMT-0700 (Pacific Daylight Time),Firm 1_2c77ffa4,2 (Below Standard),3 (Meets Standard),2 (Below Standard),3 (Meets Standard),2 (Below Standard),1 (Far Below Standard),1 (Far Below Standard),2 (Below Standard),2 (Below Standard),2 (Below Standard),,,,,,2dfcafe6-1583-5669-8a0f-49b9cb44f4b9,103.0,,2.0,3.0,2.0,3.0,2.0,1.0,1.0,2.0,2.0,2.0,,,,,,False,2.0,3.0,2.0,3.0,2.0,1.0,1.0,2.0,2.0,2.0,,,,,,,,,,,,,,,,,,,,,2.0,,
83d2819a-5578-5c49-af4e-942ac1cb14d2,1,Group 2,1.0,Firm 1,Firm 1_83d2819a,,Fri Sep 12 2025 13:09:41 GMT-0700 (Pacific Daylight Time),Firm 1_83d2819a,3 (Meets Standard),4 (Above Standard),3 (Meets Standard),4 (Above Standard),4 (Above Standard),3 (Meets Standard),3 (Meets Standard),3 (Meets Standard),3 (Meets Standard),3 (Meets Standard),,,,,,2e61a7b3-d753-52d1-b80b-add6dc3998c1,97.0,,3.0,4.0,3.0,4.0,4.0,3.0,3.0,3.0,3.0,3.0,,,,,,False,3.0,4.0,3.0,4.0,4.0,3.0,3.0,3.0,3.0,3.0,,,,,,,,,,,,,,,,,,,,,3.3,,
37e3d325-ba20-5d4d-92ad-4331c7f4bd8a,1,Group 1,1.0,Firm 1,Firm 1_37e3d325,,Fri Sep 12 2025 13:11:04 GMT-0700 (Pacific Daylight Time),Firm 1_37e3d325,3 (Meets Standard),3 (Meets Standard),2 (Below Standard),3 (Meets Standard),4 (Above Standard),3 (Meets Standard),4 (Above Standard),2 (Below Standard),3 (Meets Standard),4 (Above Standard),,,,,,2e61a7b3-d753-52d1-b80b-add6dc3998c1,120.0,,3.0,3.0,2.0,3.0,4.0,3.0,4.0,2.0,3.0,4.0,,,,,,False,3.0,3.0,2.0,3.0,4.0,3.0,4.0,2.0,3.0,4.0,,,,,,,,,,,,,,,,,,,,,3.1,,
628268df-3e01-5f3d-a9da-aee2fc6a6c99,1,Group 1,1.0,Firm 1,Firm 1_628268df,,Fri Sep 12 2025 13:12:17 GMT-0700 (Pacific Daylight Time),Firm 1_628268df,3 (Meets Standard),4 (Above Standard),3 (Meets Standard),4 (Above Standard),3 (Meets Standard),4 (Above Standard),4 (Above Standard),3 (Meets Standard),4 (Above Standard),3 (Meets Standard),,,,,,2dfcafe6-1583-5669-8a0f-49b9cb44f4b9,121.0,,3.0,4.0,3.0,4.0,3.0,4.0,4.0,3.0,4.0,3.0,,,,,,False,3.0,4.0,3.0,4.0,3.0,4.0,4.0,3.0,4.0,3.0,,,,,,,,,,,,,,,,,,,,,3.5,,
4a3f193d-8e87-5e2c-b02b-d648ec30f3e7,1,Dropped,1.0,Firm 1,Firm 1_4a3f193d,,Fri Sep 12 2025 13:12:22 GMT-0700 (Pacific Daylight Time),Firm 1_4a3f193d,3 (Meets Standard),3 (Meets Standard),4 (Above Standard),4 (Above Standard),4 (Above Standard),4 (Above Standard),4 (Above Standard),4 (Above Standard),4 (Above Standard),4 (Above Standard),,,,,,2e61a7b3-d753-52d1-b80b-add6dc3998c1,160.0,,3.0,3.0,4.0,4.0,4.0,4.0,4.0,4.0,4.0,4.0,,,,,,False,3.0,3.0,4.0,4.0,4.0,4.0,4.0,4.0,4.0,4.0,,,,,,,,,,,,,,,,,,,,,3.8,,
776a1baa-0b21-5fbb-b0f6-10d1774ac361,1,Group 1,1.0,Firm 4,Firm 4_776a1baa,,Fri Sep 12 2025 13:25:54 GMT-0700 (Pacific Daylight Time),Firm 4_776a1baa,3 (Meets Standard),4 (Above Standard),3 (Meets Standard),4 (Above Standard),3 (Meets Standard),3 (Meets Standard),3 (Meets Standard),3 (Meets Standard),3 (Meets Standard),4 (Above Standard),,,,,,2dfcafe6-1583-5669-8a0f-49b9cb44f4b9,62.0,,3.0,4.0,3.0,4.0,3.0,3.0,3.0,3.0,3.0,4.0,,,,,,False,3.0,4.0,3.0,4.0,3.0,3.0,3.0,3.0,3.0,4.0,,,,,,,,,,,,,,,,,,,,,3.3,,
b64f84df-142c-5b13-bb66-2181fb02379a,1,Group 2,1.0,Firm 1,Firm 1_b64f84df,,Fri Sep 12 2025 13:28:26 GMT-0700 (Pacific Daylight Time),Firm 1_b64f84df,2 (Below Standard),3 (Meets Standard),3 (Meets Standard),3 (Meets Standard),3 (Meets Standard),2 (Below Standard),3 (Meets Standard),3 (Meets Standard),3 (Meets Standard),3 (Meets Standard),,,,,,2dfcafe6-1583-5669-8a0f-49b9cb44f4b9,90.0,,2.0,3.0,3.0,3.0,3.0,2.0,3.0,3.0,3.0,3.0,,,,,,False,2.0,3.0,3.0,3.0,3.0,2.0,3.0,3.0,3.0,3.0,,,,,,,,,,,,,,,,,,,,,2.8,,
1d5cc583-47da-5145-a753-9a82a8a48de3,1,Group 1,1.0,Firm 1,Firm 1_1d5cc583,,Fri Sep 12 2025 13:30:22 GMT-0700 (Pacific Daylight Time),Firm 1_1d5cc583,3 (Meets Standard),3 (Meets Standard),3 (Meets Standard),4 (Above Standard),3 (Meets Standard),3 (Meets Standard),3 (Meets Standard),3 (Meets Standard),3 (Meets Standard),3 (Meets Standard),,,,,,2dfcafe6-1583-5669-8a0f-49b9cb44f4b9,120.0,,3.0,3.0,3.0,4.0,3.0,3.0,3.0,3.0,3.0,3.0,,,,,,False,3.0,3.0,3.0,4.0,3.0,3.0,3.0,3.0,3.0,3.0,,,,,,,,,,,,,,,,,,,,,3.1,,
2d090aa6-d95f-5de4-9076-d704e9d15a8f,1,Dropped,1.0,Firm 1,Firm 1_2d090aa6,,Fri Sep 12 2025 13:32:45 GMT-0700 (Pacific Daylight Time),Firm 1_2d090aa6,2 (Below Standard),2 (Below Standard),2 (Below Standard),2 (Below Standard),3 (Meets Standard),2 (Below Standard),3 (Meets Standard),2 (Below Standard),2 (Below Standard),2 (Below Standard),,,,,,2dfcafe6-1583-5669-8a0f-49b9cb44f4b9,120.0,,2.0,2.0,2.0,2.0,3.0,2.0,3.0,2.0,2.0,2.0,,,,,,False,2.0,2.0,2.0,2.0,3.0,2.0,3.0,2.0,2.0,2.0,,,,,,,,,,,,,,,,,,,,,2.2,,
2ffaf05e-aedd-5585-9e30-c38c8bafb29f,1,Group 1,1.0,Firm 1,Firm 1_2ffaf05e,,Fri Sep 12 2025 13:40:25 GMT-0700 (Pacific Daylight Time),Firm 1_2ffaf05e,2 (Below Standard),3 (Meets Standard),2 (Below Standard),2 (Below Standard),3 (Meets Standard),3 (Meets Standard),3 (Meets Standard),3 (Meets Standard),3 (Meets Standard),3 (Meets Standard),,,,,,2dfcafe6-1583-5669-8a0f-49b9cb44f4b9,87.0,,2.0,3.0,2.0,2.0,3.0,3.0,3.0,3.0,3.0,3.0,,,,,,False,2.0,3.0,2.0,2.0,3.0,3.0,3.0,3.0,3.0,3.0,,,,,,,,,,,,,,,,,,,,,2.7,,
71358a26-c4dd-5c37-9b72-2298fe55ff14,1,Group 2,1.0,Firm 1,Firm 1_71358a26,,Fri Sep 12 2025 13:42:52 GMT-0700 (Pacific Daylight Time),Firm 1_71358a26,3 (Meets Standard),4 (Above Standard),3 (Meets Standard),3 (Meets Standard),4 (Above Standard),3 (Meets Standard),3 (Meets Standard),3 (Meets Standard),4 (Above Standard),3 (Meets Standard),,,,,,2dfcafe6-1583-5669-8a0f-49b9cb44f4b9,115.0,,3.0,4.0,3.0,3.0,4.0,3.0,3.0,3.0,4.0,3.0,,,,,,False,3.0,4.0,3.0,3.0,4.0,3.0,3.0,3.0,4.0,3.0,,,,,,,,,,,,,,,,,,,,,3.3,,
ee8c00c1-e842-5a90-80bb-05b78a089a9b,1,Group 2,1.0,Firm 1,Firm 1_ee8c00c1,,Tue Sep 16 2025 10:36:20 GMT-0700 (Pacific Daylight Time),Firm 1_ee8c00c1,3 (Meets Standard),3 (Meets Standard),2 (Below Standard),3 (Meets Standard),3 (Meets Standard),3 (Meets Standard),3 (Meets Standard),3 (Meets Standard),3 (Meets Standard),3 (Meets Standard),,,,,,264e35df-e7c8-5bab-853d-30ab145ff01f,121.0,,3.0,3.0,2.0,3.0,3.0,3.0,3.0,3.0,3.0,3.0,,,,,,False,3.0,3.0,2.0,3.0,3.0,3.0,3.0,3.0,3.0,3.0,,,,,,,,,,,,,,,,,,,,,2.9,,
c2728e0f-b5e6-5f44-b9d1-9578ac50d743,1,Group 2,1.0,Firm 4,Firm 4_c2728e0f,,Thu Sep 18 2025 11:34:36 GMT-0700 (Pacific Daylight Time),Firm 4_c2728e0f,3 (Meets Standard),3 (Meets Standard),3 (Meets Standard),4 (Above Standard),4 (Above Standard),4 (Above Standard),4 (Above Standard),3 (Meets Standard),3 (Meets Standard),4 (Above Standard),,,,,,eb314089-e101-5857-9b74-3a7e96f8ed6b,86.0,,3.0,3.0,3.0,4.0,4.0,4.0,4.0,3.0,3.0,4.0,,,,,,False,3.0,3.0,3.0,4.0,4.0,4.0,4.0,3.0,3.0,4.0,,,,,,,,,,,,,,,,,,,,,3.5,,
c2728e0f-b5e6-5f44-b9d1-9578ac50d743,1,Group 2,1.0,Firm 4,Firm 4_c2728e0f,,Fri Sep 19 2025 10:24:05 GMT-0700 (Pacific Daylight Time),Firm 4_c2728e0f,4 (Above Standard),5 (Exceptional),4 (Above Standard),4 (Above Standard),4 (Above Standard),4 (Above Standard),5 (Exceptional),4 (Above Standard),4 (Above Standard),4 (Above Standard),,,,,,04f1990c-7a83-52b0-b457-c850750be3af,86.0,,4.0,5.0,4.0,4.0,4.0,4.0,5.0,4.0,4.0,4.0,,,,,,False,4.0,5.0,4.0,4.0,4.0,4.0,5.0,4.0,4.0,4.0,,,,,,,,,,,,,,,,,,,,,4.2,,
899639f5-5f3e-578e-9a3a-f4c3c934a9f2,1,Group 2,1.0,Firm 1,Firm 1_899639f5,,Mon Sep 22 2025 07:49:25 GMT-0700 (Pacific Daylight Time),Firm 1_899639f5,4 (Above Standard),4 (Above Standard),3 (Meets Standard),4 (Above Standard),4 (Above Standard),4 (Above Standard),5 (Exceptional),4 (Above Standard),4 (Above Standard),5 (Exceptional),,,,,,264e35df-e7c8-5bab-853d-30ab145ff01f,,,4.0,4.0,3.0,4.0,4.0,4.0,5.0,4.0,4.0,5.0,,,,,,False,4.0,4.0,3.0,4.0,4.0,4.0,5.0,4.0,4.0,5.0,,,,,,,,,,,,,,,,,,,,,4.1,,
8a84f103-4317-58ec-8986-923e544a0b42,2,Group 2,1.0,Firm 6,Firm 6_8a84f103,,Mon Sep 22 2025 10:31:02 GMT-0700 (Pacific Daylight Time),Firm 6_8a84f103,,,,,,,,,,,2 (Below Standard),2 (Below Standard),2 (Below Standard),2 (Below Standard),2 (Below Standard),eb314089-e101-5857-9b74-3a7e96f8ed6b,,64.0,,,,,,,,,,,2.0,2.0,2.0,2.0,2.0,True,,,,,,,,,,,,,,,,,,,,,,,,,,2.0,2.0,2.0,2.0,2.0,,,2.0
8a84f103-4317-58ec-8986-923e544a0b42,2,Group 2,1.0,Firm 6,Firm 6_8a84f103,,Mon Sep 22 2025 11:48:53 GMT-0700 (Pacific Daylight Time),Firm 6_8a84f103,,,,,,,,,,,2 (Below Standard),2 (Below Standard),2 (Below Standard),2 (Below Standard),2 (Below Standard),264e35df-e7c8-5bab-853d-30ab145ff01f,,64.0,,,,,,,,,,,2.0,2.0,2.0,2.0,2.0,True,,,,,,,,,,,,,,,,,,,,,,,,,,2.0,2.0,2.0,2.0,2.0,,,2.0
fcc590fe-b472-5576-adf7-0db8f53aadde,1,Group 1,1.0,Firm 2,Firm 2_fcc590fe,,Mon Oct 06 2025 16:48:36 GMT-0700 (Pacific Daylight Time),Firm 2_fcc590fe,4 (Above Standard),4 (Above Standard),4 (Above Standard),4 (Above Standard),5 (Exceptional),4 (Above Standard),4 (Above Standard),4 (Above Standard),4 (Above Standard),5 (Exceptional),,,,,,eb314089-e101-5857-9b74-3a7e96f8ed6b,120.0,,4.0,4.0,4.0,4.0,5.0,4.0,4.0,4.0,4.0,5.0,,,,,,False,4.0,4.0,4.0,4.0,5.0,4.0,4.0,4.0,4.0,5.0,,,,,,,,,,,,,,,,,,,,,4.2,,
6a408cef-e378-509e-b122-7020d4442de6,1,Group 2,1.0,Firm 2,Firm 2_6a408cef,,Mon Oct 06 2025 16:56:43 GMT-0700 (Pacific Daylight Time),Firm 2_6a408cef,4 (Above Standard),4 (Above Standard),4 (Above Standard),5 (Exceptional),5 (Exceptional),4 (Above Standard),4 (Above Standard),4 (Above Standard),4 (Above Standard),5 (Exceptional),,,,,,eb314089-e101-5857-9b74-3a7e96f8ed6b,99.0,,4.0,4.0,4.0,5.0,5.0,4.0,4.0,4.0,4.0,5.0,,,,,,False,4.0,4.0,4.0,5.0,5.0,4.0,4.0,4.0,4.0,5.0,,,,,,,,,,,,,,,,,,,,,4.3,,
bdad2972-1b06-5143-baea-94731e8d82eb,1,Group 2,1.0,Firm 2,Firm 2_bdad2972,,Mon Oct 06 2025 17:02:31 GMT-0700 (Pacific Daylight Time),Firm 2_bdad2972,4 (Above Standard),4 (Above Standard),4 (Above Standard),5 (Exceptional),5 (Exceptional),4 (Above Standard),4 (Above Standard),3 (Meets Standard),3 (Meets Standard),4 (Above Standard),,,,,,eb314089-e101-5857-9b74-3a7e96f8ed6b,120.0,,4.0,4.0,4.0,5.0,5.0,4.0,4.0,3.0,3.0,4.0,,,,,,False,4.0,4.0,4.0,5.0,5.0,4.0,4.0,3.0,3.0,4.0,,,,,,,,,,,,,,,,,,,,,4.0,,
15068612-35ca-54b2-8bc0-662ebe3db2c6,1,Group 2,1.0,Firm 2,Firm 2_15068612,,Mon Oct 06 2025 17:08:04 GMT-0700 (Pacific Daylight Time),Firm 2_15068612,4 (Above Standard),3 (Meets Standard),3 (Meets Standard),4 (Above Standard),4 (Above Standard),3 (Meets Standard),4 (Above Standard),3 (Meets Standard),3 (Meets Standard),4 (Above Standard),,,,,,eb314089-e101-5857-9b74-3a7e96f8ed6b,100.0,,4.0,3.0,3.0,4.0,4.0,3.0,4.0,3.0,3.0,4.0,,,,,,False,4.0,3.0,3.0,4.0,4.0,3.0,4.0,3.0,3.0,4.0,,,,,,,,,,,,,,,,,,,,,3.5,,
111860c0-1ec3-523b-bfb3-1a2e8e361dd2,1,Group 2,0.0,Firm 2,Firm 2_111860c0,,Mon Oct 06 2025 17:12:55 GMT-0700 (Pacific Daylight Time),Firm 2_111860c0,4 (Above Standard),4 (Above Standard),4 (Above Standard),4 (Above Standard),5 (Exceptional),4 (Above Standard),4 (Above Standard),4 (Above Standard),4 (Above Standard),4 (Above Standard),,,,,,eb314089-e101-5857-9b74-3a7e96f8ed6b,81.0,,4.0,4.0,4.0,4.0,5.0,4.0,4.0,4.0,4.0,4.0,,,,,,False,4.0,4.0,4.0,4.0,5.0,4.0,4.0,4.0,4.0,4.0,,,,,,,,,,,,,,,,,,,,,4.1,,
ade4ca81-4320-5b8b-a29d-20ede345a425,1,Group 1,1.0,Firm 2,Firm 2_ade4ca81,,Mon Oct 06 2025 17:17:05 GMT-0700 (Pacific Daylight Time),Firm 2_ade4ca81,3 (Meets Standard),3 (Meets Standard),3 (Meets Standard),3 (Meets Standard),4 (Above Standard),2 (Below Standard),3 (Meets Standard),3 (Meets Standard),3 (Meets Standard),3 (Meets Standard),,,,,,eb314089-e101-5857-9b74-3a7e96f8ed6b,115.0,,3.0,3.0,3.0,3.0,4.0,2.0,3.0,3.0,3.0,3.0,,,,,,False,3.0,3.0,3.0,3.0,4.0,2.0,3.0,3.0,3.0,3.0,,,,,,,,,,,,,,,,,,,,,3.0,,
5f155ac5-5ece-5e91-b0cb-e7afa524c9e8,1,Group 1,1.0,Firm 2,Firm 2_5f155ac5,,Mon Oct 06 2025 17:20:46 GMT-0700 (Pacific Daylight Time),Firm 2_5f155ac5,2 (Below Standard),3 (Meets Standard),2 (Below Standard),3 (Meets Standard),3 (Meets Standard),1 (Far Below Standard),1 (Far Below Standard),1 (Far Below Standard),1 (Far Below Standard),2 (Below Standard),,,,,,eb314089-e101-5857-9b74-3a7e96f8ed6b,120.0,,2.0,3.0,2.0,3.0,3.0,1.0,1.0,1.0,1.0,2.0,,,,,,False,2.0,3.0,2.0,3.0,3.0,1.0,1.0,1.0,1.0,2.0,,,,,,,,,,,,,,,,,,,,,1.9,,
198001e7-9099-51fb-8928-1294eeb930f7,1,Group 2,1.0,Firm 2,Firm 2_198001e7,,Mon Oct 06 2025 17:25:11 GMT-0700 (Pacific Daylight Time),Firm 2_198001e7,3 (Meets Standard),3 (Meets Standard),3 (Meets Standard),4 (Above Standard),4 (Above Standard),3 (Meets Standard),3 (Meets Standard),3 (Meets Standard),3 (Meets Standard),4 (Above Standard),,,,,,eb314089-e101-5857-9b74-3a7e96f8ed6b,112.0,,3.0,3.0,3.0,4.0,4.0,3.0,3.0,3.0,3.0,4.0,,,,,,False,3.0,3.0,3.0,4.0,4.0,3.0,3.0,3.0,3.0,4.0,,,,,,,,,,,,,,,,,,,,,3.3,,
07faca57-bbcc-5655-bdbe-b5454a40da34,1,Group 1,1.0,Firm 2,Firm 2_07faca57,,Mon Oct 06 2025 17:29:45 GMT-0700 (Pacific Daylight Time),Firm 2_07faca57,3 (Meets Standard),4 (Above Standard),4 (Above Standard),3 (Meets Standard),3 (Meets Standard),3 (Meets Standard),3 (Meets Standard),3 (Meets Standard),3 (Meets Standard),3 (Meets Standard),,,,,,eb314089-e101-5857-9b74-3a7e96f8ed6b,88.0,,3.0,4.0,4.0,3.0,3.0,3.0,3.0,3.0,3.0,3.0,,,,,,False,3.0,4.0,4.0,3.0,3.0,3.0,3.0,3.0,3.0,3.0,,,,,,,,,,,,,,,,,,,,,3.2,,
7984c7ab-7de8-5842-b747-321180c43dce,1,Group 2,1.0,Firm 2,Firm 2_7984c7ab,,Tue Oct 07 2025 12:12:44 GMT-0700 (Pacific Daylight Time),Firm 2_7984c7ab,4 (Above Standard),3 (Meets Standard),3 (Meets Standard),4 (Above Standard),4 (Above Standard),4 (Above Standard),4 (Above Standard),3 (Meets Standard),3 (Meets Standard),4 (Above Standard),,,,,,04f1990c-7a83-52b0-b457-c850750be3af,69.0,,4.0,3.0,3.0,4.0,4.0,4.0,4.0,3.0,3.0,4.0,,,,,,False,4.0,3.0,3.0,4.0,4.0,4.0,4.0,3.0,3.0,4.0,,,,,,,,,,,,,,,,,,,,,3.6,,
bf8f2708-95cc-5b2f-96a4-074b2b2726f7,1,Group 2,1.0,Firm 2,Firm 2_bf8f2708,,Tue Oct 07 2025 12:14:05 GMT-0700 (Pacific Daylight Time),Firm 2_bf8f2708,4 (Above Standard),5 (Exceptional),4 (Above Standard),4 (Above Standard),5 (Exceptional),4 (Above Standard),5 (Exceptional),5 (Exceptional),4 (Above Standard),5 (Exceptional),,,,,,04f1990c-7a83-52b0-b457-c850750be3af,105.0,,4.0,5.0,4.0,4.0,5.0,4.0,5.0,5.0,4.0,5.0,,,,,,False,4.0,5.0,4.0,4.0,5.0,4.0,5.0,5.0,4.0,5.0,,,,,,,,,,,,,,,,,,,,,4.5,,
7089484c-92e7-5084-8acb-d9feb6f920f5,1,Group 2,1.0,Firm 2,Firm 2_7089484c,,Tue Oct 07 2025 12:15:08 GMT-0700 (Pacific Daylight Time),Firm 2_7089484c,4 (Above Standard),5 (Exceptional),5 (Exceptional),4 (Above Standard),5 (Exceptional),4 (Above Standard),5 (Exceptional),4 (Above Standard),4 (Above Standard),5 (Exceptional),,,,,,04f1990c-7a83-52b0-b457-c850750be3af,52.0,,4.0,5.0,5.0,4.0,5.0,4.0,5.0,4.0,4.0,5.0,,,,,,False,4.0,5.0,5.0,4.0,5.0,4.0,5.0,4.0,4.0,5.0,,,,,,,,,,,,,,,,,,,,,4.5,,
e019d218-d3f8-540b-9012-5aac92572bb6,1,Group 1,1.0,Firm 2,Firm 2_e019d218,,Tue Oct 07 2025 12:15:59 GMT-0700 (Pacific Daylight Time),Firm 2_e019d218,4 (Above Standard),5 (Exceptional),4 (Above Standard),4 (Above Standard),5 (Exceptional),4 (Above Standard),5 (Exceptional),4 (Above Standard),4 (Above Standard),5 (Exceptional),,,,,,04f1990c-7a83-52b0-b457-c850750be3af,100.0,,4.0,5.0,4.0,4.0,5.0,4.0,5.0,4.0,4.0,5.0,,,,,,False,4.0,5.0,4.0,4.0,5.0,4.0,5.0,4.0,4.0,5.0,,,,,,,,,,,,,,,,,,,,,4.4,,
e019d218-d3f8-540b-9012-5aac92572bb6,1,Group 1,1.0,Firm 2,Firm 2_e019d218,,Tue Oct 07 2025 12:59:40 GMT-0700 (Pacific Daylight Time),Firm 2_e019d218,3 (Meets Standard),4 (Above Standard),3 (Meets Standard),3 (Meets Standard),4 (Above Standard),3 (Meets Standard),3 (Meets Standard),4 (Above Standard),4 (Above Standard),4 (Above Standard),,,,,,eb314089-e101-5857-9b74-3a7e96f8ed6b,100.0,,3.0,4.0,3.0,3.0,4.0,3.0,3.0,4.0,4.0,4.0,,,,,,False,3.0,4.0,3.0,3.0,4.0,3.0,3.0,4.0,4.0,4.0,,,,,,,,,,,,,,,,,,,,,3.5,,
7089484c-92e7-5084-8acb-d9feb6f920f5,1,Group 2,1.0,Firm 2,Firm 2_7089484c,,Tue Oct 07 2025 13:04:41 GMT-0700 (Pacific Daylight Time),Firm 2_7089484c,2 (Below Standard),2 (Below Standard),3 (Meets Standard),2 (Below Standard),3 (Meets Standard),2 (Below Standard),2 (Below Standard),3 (Meets Standard),2 (Below Standard),3 (Meets Standard),,,,,,eb314089-e101-5857-9b74-3a7e96f8ed6b,52.0,,2.0,2.0,3.0,2.0,3.0,2.0,2.0,3.0,2.0,3.0,,,,,,False,2.0,2.0,3.0,2.0,3.0,2.0,2.0,3.0,2.0,3.0,,,,,,,,,,,,,,,,,,,,,2.4,,
0424c1e1-8335-5f40-b3bc-98787b582ff6,1,Group 2,1.0,Firm 2,Firm 2_0424c1e1,,Tue Oct 07 2025 14:01:32 GMT-0700 (Pacific Daylight Time),Firm 2_0424c1e1,3 (Meets Standard),3 (Meets Standard),3 (Meets Standard),4 (Above Standard),4 (Above Standard),3 (Meets Standard),3 (Meets Standard),3 (Meets Standard),4 (Above Standard),4 (Above Standard),,,,,,eb314089-e101-5857-9b74-3a7e96f8ed6b,100.0,,3.0,3.0,3.0,4.0,4.0,3.0,3.0,3.0,4.0,4.0,,,,,,False,3.0,3.0,3.0,4.0,4.0,3.0,3.0,3.0,4.0,4.0,,,,,,,,,,,,,,,,,,,,,3.4,,
bf8f2708-95cc-5b2f-96a4-074b2b2726f7,1,Group 2,1.0,Firm 2,Firm 2_bf8f2708,,Tue Oct 07 2025 14:05:56 GMT-0700 (Pacific Daylight Time),Firm 2_bf8f2708,3 (Meets Standard),3 (Meets Standard),3 (Meets Standard),3 (Meets Standard),3 (Meets Standard),3 (Meets Standard),3 (Meets Standard),3 (Meets Standard),3 (Meets Standard),4 (Above Standard),,,,,,eb314089-e101-5857-9b74-3a7e96f8ed6b,105.0,,3.0,3.0,3.0,3.0,3.0,3.0,3.0,3.0,3.0,4.0,,,,,,False,3.0,3.0,3.0,3.0,3.0,3.0,3.0,3.0,3.0,4.0,,,,,,,,,,,,,,,,,,,,,3.1,,
7984c7ab-7de8-5842-b747-321180c43dce,1,Group 2,1.0,Firm 2,Firm 2_7984c7ab,,Tue Oct 07 2025 14:11:20 GMT-0700 (Pacific Daylight Time),Firm 2_7984c7ab,3 (Meets Standard),3 (Meets Standard),4 (Above Standard),4 (Above Standard),4 (Above Standard),3 (Meets Standard),4 (Above Standard),3 (Meets Standard),3 (Meets Standard),4 (Above Standard),,,,,,eb314089-e101-5857-9b74-3a7e96f8ed6b,69.0,,3.0,3.0,4.0,4.0,4.0,3.0,4.0,3.0,3.0,4.0,,,,,,False,3.0,3.0,4.0,4.0,4.0,3.0,4.0,3.0,3.0,4.0,,,,,,,,,,,,,,,,,,,,,3.5,,
64b78655-942a-5dcf-8d1c-e757cf0561a8,1,Group 2,1.0,Firm 2,Firm 2_64b78655,,Tue Oct 07 2025 14:15:57 GMT-0700 (Pacific Daylight Time),Firm 2_64b78655,3 (Meets Standard),4 (Above Standard),3 (Meets Standard),4 (Above Standard),4 (Above Standard),3 (Meets Standard),4 (Above Standard),4 (Above Standard),4 (Above Standard),4 (Above Standard),,,,,,eb314089-e101-5857-9b74-3a7e96f8ed6b,120.0,,3.0,4.0,3.0,4.0,4.0,3.0,4.0,4.0,4.0,4.0,,,,,,False,3.0,4.0,3.0,4.0,4.0,3.0,4.0,4.0,4.0,4.0,,,,,,,,,,,,,,,,,,,,,3.7,,
3e5ea9c7-a9c0-5609-b951-ef13610ba37f,1,Group 1,1.0,Firm 2,Firm 2_3e5ea9c7,,Tue Oct 07 2025 14:18:59 GMT-0700 (Pacific Daylight Time),Firm 2_3e5ea9c7,3 (Meets Standard),3 (Meets Standard),3 (Meets Standard),3 (Meets Standard),3 (Meets Standard),3 (Meets Standard),3 (Meets Standard),3 (Meets Standard),2 (Below Standard),3 (Meets Standard),,,,,,eb314089-e101-5857-9b74-3a7e96f8ed6b,120.0,,3.0,3.0,3.0,3.0,3.0,3.0,3.0,3.0,2.0,3.0,,,,,,False,3.0,3.0,3.0,3.0,3.0,3.0,3.0,3.0,2.0,3.0,,,,,,,,,,,,,,,,,,,,,2.9,,
0424c1e1-8335-5f40-b3bc-98787b582ff6,1,Group 2,1.0,Firm 2,Firm 2_0424c1e1,,Wed Oct 08 2025 07:03:01 GMT-0700 (Pacific Daylight Time),Firm 2_0424c1e1,3 (Meets Standard),4 (Above Standard),3 (Meets Standard),4 (Above Standard),4 (Above Standard),4 (Above Standard),4 (Above Standard),4 (Above Standard),3 (Meets Standard),3 (Meets Standard),,,,,,264e35df-e7c8-5bab-853d-30ab145ff01f,100.0,,3.0,4.0,3.0,4.0,4.0,4.0,4.0,4.0,3.0,3.0,,,,,,False,3.0,4.0,3.0,4.0,4.0,4.0,4.0,4.0,3.0,3.0,,,,,,,,,,,,,,,,,,,,,3.6,,
64b78655-942a-5dcf-8d1c-e757cf0561a8,1,Group 2,1.0,Firm 2,Firm 2_64b78655,,Wed Oct 08 2025 07:04:58 GMT-0700 (Pacific Daylight Time),Firm 2_64b78655,4 (Above Standard),4 (Above Standard),4 (Above Standard),4 (Above Standard),4 (Above Standard),4 (Above Standard),5 (Exceptional),4 (Above Standard),4 (Above Standard),4 (Above Standard),,,,,,264e35df-e7c8-5bab-853d-30ab145ff01f,120.0,,4.0,4.0,4.0,4.0,4.0,4.0,5.0,4.0,4.0,4.0,,,,,,False,4.0,4.0,4.0,4.0,4.0,4.0,5.0,4.0,4.0,4.0,,,,,,,,,,,,,,,,,,,,,4.1,,
3e5ea9c7-a9c0-5609-b951-ef13610ba37f,1,Group 1,1.0,Firm 2,Firm 2_3e5ea9c7,,Wed Oct 08 2025 07:06:30 GMT-0700 (Pacific Daylight Time),Firm 2_3e5ea9c7,4 (Above Standard),4 (Above Standard),4 (Above Standard),4 (Above Standard),4 (Above Standard),3 (Meets Standard),4 (Above Standard),3 (Meets Standard),3 (Meets Standard),3 (Meets Standard),,,,,,264e35df-e7c8-5bab-853d-30ab145ff01f,120.0,,4.0,4.0,4.0,4.0,4.0,3.0,4.0,3.0,3.0,3.0,,,,,,False,4.0,4.0,4.0,4.0,4.0,3.0,4.0,3.0,3.0,3.0,,,,,,,,,,,,,,,,,,,,,3.6,,
07faca57-bbcc-5655-bdbe-b5454a40da34,1,Group 1,1.0,Firm 2,Firm 2_07faca57,,Wed Oct 08 2025 07:07:59 GMT-0700 (Pacific Daylight Time),Firm 2_07faca57,4 (Above Standard),4 (Above Standard),4 (Above Standard),4 (Above Standard),4 (Above Standard),4 (Above Standard),4 (Above Standard),4 (Above Standard),4 (Above Standard),4 (Above Standard),,,,,,264e35df-e7c8-5bab-853d-30ab145ff01f,88.0,,4.0,4.0,4.0,4.0,4.0,4.0,4.0,4.0,4.0,4.0,,,,,,True,4.0,4.0,4.0,4.0,4.0,4.0,4.0,4.0,4.0,4.0,,,,,,,,,,,,,,,,,,,,,4.0,,
111860c0-1ec3-523b-bfb3-1a2e8e361dd2,1,Group 2,0.0,Firm 2,Firm 2_111860c0,,Wed Oct 08 2025 11:15:26 GMT-0700 (Pacific Daylight Time),Firm 2_111860c0,2 (Below Standard),3 (Meets Standard),2 (Below Standard),3 (Meets Standard),3 (Meets Standard),4 (Above Standard),4 (Above Standard),3 (Meets Standard),4 (Above Standard),4 (Above Standard),,,,,,2dfcafe6-1583-5669-8a0f-49b9cb44f4b9,81.0,,2.0,3.0,2.0,3.0,3.0,4.0,4.0,3.0,4.0,4.0,,,,,,False,2.0,3.0,2.0,3.0,3.0,4.0,4.0,3.0,4.0,4.0,,,,,,,,,,,,,,,,,,,,,3.2,,
15068612-35ca-54b2-8bc0-662ebe3db2c6,1,Group 2,1.0,Firm 2,Firm 2_15068612,,Wed Oct 08 2025 11:24:51 GMT-0700 (Pacific Daylight Time),Firm 2_15068612,3 (Meets Standard),4 (Above Standard),4 (Above Standard),4 (Above Standard),4 (Above Standard),4 (Above Standard),4 (Above Standard),4 (Above Standard),4 (Above Standard),4 (Above Standard),,,,,,2dfcafe6-1583-5669-8a0f-49b9cb44f4b9,108.0,,3.0,4.0,4.0,4.0,4.0,4.0,4.0,4.0,4.0,4.0,,,,,,False,3.0,4.0,4.0,4.0,4.0,4.0,4.0,4.0,4.0,4.0,,,,,,,,,,,,,,,,,,,,,3.9,,
bdad2972-1b06-5143-baea-94731e8d82eb,1,Group 2,1.0,Firm 2,Firm 2_bdad2972,,Wed Oct 08 2025 11:27:02 GMT-0700 (Pacific Daylight Time),Firm 2_bdad2972,4 (Above Standard),4 (Above Standard),3 (Meets Standard),4 (Above Standard),4 (Above Standard),4 (Above Standard),4 (Above Standard),4 (Above Standard),4 (Above Standard),4 (Above Standard),,,,,,2dfcafe6-1583-5669-8a0f-49b9cb44f4b9,120.0,,4.0,4.0,3.0,4.0,4.0,4.0,4.0,4.0,4.0,4.0,,,,,,False,4.0,4.0,3.0,4.0,4.0,4.0,4.0,4.0,4.0,4.0,,,,,,,,,,,,,,,,,,,,,3.9,,
6a408cef-e378-509e-b122-7020d4442de6,1,Group 2,1.0,Firm 2,Firm 2_6a408cef,,Wed Oct 08 2025 11:30:44 GMT-0700 (Pacific Daylight Time),Firm 2_6a408cef,4 (Above Standard),4 (Above Standard),4 (Above Standard),4 (Above Standard),4 (Above Standard),4 (Above Standard),4 (Above Standard),4 (Above Standard),3 (Meets Standard),4 (Above Standard),,,,,,2dfcafe6-1583-5669-8a0f-49b9cb44f4b9,99.0,,4.0,4.0,4.0,4.0,4.0,4.0,4.0,4.0,3.0,4.0,,,,,,False,4.0,4.0,4.0,4.0,4.0,4.0,4.0,4.0,3.0,4.0,,,,,,,,,,,,,,,,,,,,,3.9,,
198001e7-9099-51fb-8928-1294eeb930f7,1,Group 2,1.0,Firm 2,Firm 2_198001e7,,Wed Oct 08 2025 17:55:23 GMT-0700 (Pacific Daylight Time),Firm 2_198001e7,3 (Meets Standard),3 (Meets Standard),3 (Meets Standard),4 (Above Standard),3 (Meets Standard),3 (Meets Standard),3 (Meets Standard),4 (Above Standard),4 (Above Standard),3 (Meets Standard),,,,,,2e61a7b3-d753-52d1-b80b-add6dc3998c1,112.0,,3.0,3.0,3.0,4.0,3.0,3.0,3.0,4.0,4.0,3.0,,,,,,False,3.0,3.0,3.0,4.0,3.0,3.0,3.0,4.0,4.0,3.0,,,,,,,,,,,,,,,,,,,,,3.3,,
5f155ac5-5ece-5e91-b0cb-e7afa524c9e8,1,Group 1,1.0,Firm 2,Firm 2_5f155ac5,,Wed Oct 08 2025 17:56:34 GMT-0700 (Pacific Daylight Time),Firm 2_5f155ac5,3 (Meets Standard),3 (Meets Standard),3 (Meets Standard),2 (Below Standard),3 (Meets Standard),1 (Far Below Standard),1 (Far Below Standard),1 (Far Below Standard),1 (Far Below Standard),1 (Far Below Standard),,,,,,2e61a7b3-d753-52d1-b80b-add6dc3998c1,120.0,,3.0,3.0,3.0,2.0,3.0,1.0,1.0,1.0,1.0,1.0,,,,,,False,3.0,3.0,3.0,2.0,3.0,1.0,1.0,1.0,1.0,1.0,,,,,,,,,,,,,,,,,,,,,1.9,,
ade4ca81-4320-5b8b-a29d-20ede345a425,1,Group 1,1.0,Firm 2,Firm 2_ade4ca81,,Wed Oct 08 2025 17:58:05 GMT-0700 (Pacific Daylight Time),Firm 2_ade4ca81,4 (Above Standard),3 (Meets Standard),3 (Meets Standard),4 (Above Standard),4 (Above Standard),3 (Meets Standard),4 (Above Standard),3 (Meets Standard),3 (Meets Standard),4 (Above Standard),,,,,,2e61a7b3-d753-52d1-b80b-add6dc3998c1,115.0,,4.0,3.0,3.0,4.0,4.0,3.0,4.0,3.0,3.0,4.0,,,,,,False,4.0,3.0,3.0,4.0,4.0,3.0,4.0,3.0,3.0,4.0,,,,,,,,,,,,,,,,,,,,,3.5,,
fcc590fe-b472-5576-adf7-0db8f53aadde,1,Group 1,1.0,Firm 2,Firm 2_fcc590fe,,Wed Oct 08 2025 17:59:21 GMT-0700 (Pacific Daylight Time),Firm 2_fcc590fe,4 (Above Standard),4 (Above Standard),4 (Above Standard),4 (Above Standard),3 (Meets Standard),3 (Meets Standard),4 (Above Standard),4 (Above Standard),3 (Meets Standard),4 (Above Standard),,,,,,2e61a7b3-d753-52d1-b80b-add6dc3998c1,120.0,,4.0,4.0,4.0,4.0,3.0,3.0,4.0,4.0,3.0,4.0,,,,,,False,4.0,4.0,4.0,4.0,3.0,3.0,4.0,4.0,3.0,4.0,,,,,,,,,,,,,,,,,,,,,3.7,,
25f83601-4352-57bd-9f44-832960bd1768,1,Group 2,1.0,Firm 2,Firm 2_25f83601,,Mon Oct 13 2025 09:03:40 GMT-0700 (Pacific Daylight Time),Firm 2_25f83601,3 (Meets Standard),3 (Meets Standard),3 (Meets Standard),4 (Above Standard),4 (Above Standard),3 (Meets Standard),3 (Meets Standard),3 (Meets Standard),3 (Meets Standard),4 (Above Standard),,,,,,eb314089-e101-5857-9b74-3a7e96f8ed6b,120.0,,3.0,3.0,3.0,4.0,4.0,3.0,3.0,3.0,3.0,4.0,,,,,,False,3.0,3.0,3.0,4.0,4.0,3.0,3.0,3.0,3.0,4.0,,,,,,,,,,,,,,,,,,,,,3.3,,
25f83601-4352-57bd-9f44-832960bd1768,1,Group 2,1.0,Firm 2,Firm 2_25f83601,,Tue Oct 14 2025 08:39:21 GMT-0700 (Pacific Daylight Time),Firm 2_25f83601,4 (Above Standard),5 (Exceptional),4 (Above Standard),5 (Exceptional),5 (Exceptional),4 (Above Standard),5 (Exceptional),4 (Above Standard),4 (Above Standard),4 (Above Standard),,,,,,264e35df-e7c8-5bab-853d-30ab145ff01f,120.0,,4.0,5.0,4.0,5.0,5.0,4.0,5.0,4.0,4.0,4.0,,,,,,False,4.0,5.0,4.0,5.0,5.0,4.0,5.0,4.0,4.0,4.0,,,,,,,,,,,,,,,,,,,,,4.4,,
f441ce38-520e-5e2f-8360-370a01459d59,1,Group 2,1.0,Firm 2,Firm 2_f441ce38,,Tue Oct 14 2025 10:31:53 GMT-0700 (Pacific Daylight Time),Firm 2_f441ce38,3 (Meets Standard),4 (Above Standard),4 (Above Standard),4 (Above Standard),4 (Above Standard),3 (Meets Standard),4 (Above Standard),3 (Meets Standard),3 (Meets Standard),4 (Above Standard),,,,,,eb314089-e101-5857-9b74-3a7e96f8ed6b,107.0,,3.0,4.0,4.0,4.0,4.0,3.0,4.0,3.0,3.0,4.0,,,,,,False,3.0,4.0,4.0,4.0,4.0,3.0,4.0,3.0,3.0,4.0,,,,,,,,,,,,,,,,,,,,,3.6,,
28ec896f-ed9f-545f-bee1-10ac5420b63d,1,Group 2,1.0,Firm 2,Firm 2_28ec896f,,Tue Oct 14 2025 10:37:50 GMT-0700 (Pacific Daylight Time),Firm 2_28ec896f,3 (Meets Standard),3 (Meets Standard),2 (Below Standard),3 (Meets Standard),3 (Meets Standard),3 (Meets Standard),3 (Meets Standard),3 (Meets Standard),3 (Meets Standard),3 (Meets Standard),,,,,,eb314089-e101-5857-9b74-3a7e96f8ed6b,,,3.0,3.0,2.0,3.0,3.0,3.0,3.0,3.0,3.0,3.0,,,,,,False,3.0,3.0,2.0,3.0,3.0,3.0,3.0,3.0,3.0,3.0,,,,,,,,,,,,,,,,,,,,,2.9,,
28ec896f-ed9f-545f-bee1-10ac5420b63d,1,Group 2,1.0,Firm 2,Firm 2_28ec896f,,Wed Oct 15 2025 07:40:34 GMT-0700 (Pacific Daylight Time),Firm 2_28ec896f,1 (Far Below Standard),2 (Below Standard),2 (Below Standard),2 (Below Standard),3 (Meets Standard),3 (Meets Standard),4 (Above Standard),3 (Meets Standard),3 (Meets Standard),3 (Meets Standard),,,,,,2dfcafe6-1583-5669-8a0f-49b9cb44f4b9,,,1.0,2.0,2.0,2.0,3.0,3.0,4.0,3.0,3.0,3.0,,,,,,False,1.0,2.0,2.0,2.0,3.0,3.0,4.0,3.0,3.0,3.0,,,,,,,,,,,,,,,,,,,,,2.6,,
f441ce38-520e-5e2f-8360-370a01459d59,1,Group 2,1.0,Firm 2,Firm 2_f441ce38,,Fri Oct 17 2025 11:18:48 GMT-0700 (Pacific Daylight Time),Firm 2_f441ce38,4 (Above Standard),4 (Above Standard),4 (Above Standard),4 (Above Standard),4 (Above Standard),4 (Above Standard),4 (Above Standard),4 (Above Standard),4 (Above Standard),4 (Above Standard),,,,,,04f1990c-7a83-52b0-b457-c850750be3af,107.0,,4.0,4.0,4.0,4.0,4.0,4.0,4.0,4.0,4.0,4.0,,,,,,True,4.0,4.0,4.0,4.0,4.0,4.0,4.0,4.0,4.0,4.0,,,,,,,,,,,,,,,,,,,,,4.0,,
fd9eb52e-4419-54c4-8919-38759eb71e45,1,Group 1,1.0,Firm 7,Firm 7_fd9eb52e,,Tue Oct 21 2025 07:43:32 GMT-0700 (Pacific Daylight Time),Firm 7_fd9eb52e,3 (Meets Standard),3 (Meets Standard),2 (Below Standard),3 (Meets Standard),3 (Meets Standard),3 (Meets Standard),3 (Meets Standard),3 (Meets Standard),4 (Above Standard),4 (Above Standard),,,,,,eb314089-e101-5857-9b74-3a7e96f8ed6b,130.0,,3.0,3.0,2.0,3.0,3.0,3.0,3.0,3.0,4.0,4.0,,,,,,False,3.0,3.0,2.0,3.0,3.0,3.0,3.0,3.0,4.0,4.0,,,,,,,,,,,,,,,,,,,,,3.1,,
15527170-9f0f-51c3-9987-2983f238cbf1,1,Group 2,1.0,Firm 2,Firm 2_15527170,,Wed Oct 22 2025 08:59:13 GMT-0700 (Pacific Daylight Time),Firm 2_15527170,3 (Meets Standard),3 (Meets Standard),4 (Above Standard),3 (Meets Standard),4 (Above Standard),4 (Above Standard),4 (Above Standard),4 (Above Standard),4 (Above Standard),4 (Above Standard),,,,,,eb314089-e101-5857-9b74-3a7e96f8ed6b,90.0,,3.0,3.0,4.0,3.0,4.0,4.0,4.0,4.0,4.0,4.0,,,,,,False,3.0,3.0,4.0,3.0,4.0,4.0,4.0,4.0,4.0,4.0,,,,,,,,,,,,,,,,,,,,,3.7,,
15527170-9f0f-51c3-9987-2983f238cbf1,1,Group 2,1.0,Firm 2,Firm 2_15527170,,Wed Oct 22 2025 14:50:49 GMT-0700 (Pacific Daylight Time),Firm 2_15527170,5 (Exceptional),5 (Exceptional),4 (Above Standard),4 (Above Standard),5 (Exceptional),4 (Above Standard),5 (Exceptional),4 (Above Standard),4 (Above Standard),4 (Above Standard),,,,,,264e35df-e7c8-5bab-853d-30ab145ff01f,90.0,,5.0,5.0,4.0,4.0,5.0,4.0,5.0,4.0,4.0,4.0,,,,,,False,5.0,5.0,4.0,4.0,5.0,4.0,5.0,4.0,4.0,4.0,,,,,,,,,,,,,,,,,,,,,4.4,,
fd9eb52e-4419-54c4-8919-38759eb71e45,1,Group 1,1.0,Firm 7,Firm 7_fd9eb52e,,Wed Oct 22 2025 14:56:33 GMT-0700 (Pacific Daylight Time),Firm 7_fd9eb52e,1 (Far Below Standard),2 (Below Standard),2 (Below Standard),1 (Far Below Standard),1 (Far Below Standard),3 (Meets Standard),3 (Meets Standard),3 (Meets Standard),3 (Meets Standard),3 (Meets Standard),,,,,,2dfcafe6-1583-5669-8a0f-49b9cb44f4b9,130.0,,1.0,2.0,2.0,1.0,1.0,3.0,3.0,3.0,3.0,3.0,,,,,,False,1.0,2.0,2.0,1.0,1.0,3.0,3.0,3.0,3.0,3.0,,,,,,,,,,,,,,,,,,,,,2.2,,
b66ba204-38d5-5532-8224-775deb04efaf,1,Group 2,1.0,Firm 2,Firm 2_b66ba204,,Wed Oct 29 2025 08:56:06 GMT-0700 (Pacific Daylight Time),Firm 2_b66ba204,3 (Meets Standard),4 (Above Standard),4 (Above Standard),4 (Above Standard),4 (Above Standard),3 (Meets Standard),4 (Above Standard),4 (Above Standard),3 (Meets Standard),4 (Above Standard),,,,,,eb314089-e101-5857-9b74-3a7e96f8ed6b,120.0,,3.0,4.0,4.0,4.0,4.0,3.0,4.0,4.0,3.0,4.0,,,,,,False,3.0,4.0,4.0,4.0,4.0,3.0,4.0,4.0,3.0,4.0,,,,,,,,,,,,,,,,,,,,,3.7,,
b66ba204-38d5-5532-8224-775deb04efaf,1,Group 2,1.0,Firm 2,Firm 2_b66ba204,,Thu Oct 30 2025 09:28:50 GMT-0700 (Pacific Daylight Time),Firm 2_b66ba204,5 (Exceptional),5 (Exceptional),4 (Above Standard),5 (Exceptional),5 (Exceptional),5 (Exceptional),4 (Above Standard),4 (Above Standard),4 (Above Standard),4 (Above Standard),,,,,,264e35df-e7c8-5bab-853d-30ab145ff01f,120.0,,5.0,5.0,4.0,5.0,5.0,5.0,4.0,4.0,4.0,4.0,,,,,,False,5.0,5.0,4.0,5.0,5.0,5.0,4.0,4.0,4.0,4.0,,,,,,,,,,,,,,,,,,,,,4.5,,
c32b9a16-c556-54a0-a1b2-cf2fdff3bfa0,2,Group 2,1.0,Firm 10,Firm 10_c32b9a16,,Fri Nov 07 2025 06:18:03 GMT-0800 (Pacific Standard Time),Firm 10_c32b9a16,4 (Above Standard),4 (Above Standard),4 (Above Standard),4 (Above Standard),5 (Exceptional),3 (Meets Standard),4 (Above Standard),4 (Above Standard),3 (Meets Standard),5 (Exceptional),3 (Meets Standard),3 (Meets Standard),3 (Meets Standard),3 (Meets Standard),4 (Above Standard),eb314089-e101-5857-9b74-3a7e96f8ed6b,70.0,45.0,4.0,4.0,4.0,4.0,5.0,3.0,4.0,4.0,3.0,5.0,3.0,3.0,3.0,3.0,4.0,False,,,,,,,,,,,,,,,,4.0,4.0,4.0,4.0,5.0,3.0,4.0,4.0,3.0,5.0,3.0,3.0,3.0,3.0,4.0,,4.0,3.2
1d70fc9e-037c-5bfb-86dd-e1bbe0dc520d,2,Group 2,1.0,Firm 10,Firm 10_1d70fc9e,,Fri Nov 07 2025 06:34:43 GMT-0800 (Pacific Standard Time),Firm 10_1d70fc9e,3 (Meets Standard),4 (Above Standard),3 (Meets Standard),3 (Meets Standard),3 (Meets Standard),4 (Above Standard),4 (Above Standard),4 (Above Standard),4 (Above Standard),5 (Exceptional),3 (Meets Standard),3 (Meets Standard),3 (Meets Standard),3 (Meets Standard),2 (Below Standard),eb314089-e101-5857-9b74-3a7e96f8ed6b,71.0,95.0,3.0,4.0,3.0,3.0,3.0,4.0,4.0,4.0,4.0,5.0,3.0,3.0,3.0,3.0,2.0,False,,,,,,,,,,,,,,,,3.0,4.0,3.0,3.0,3.0,4.0,4.0,4.0,4.0,5.0,3.0,3.0,3.0,3.0,2.0,,3.7,2.8
29696480-3e2b-5a15-ad36-3e0c20c2901f,2,Group 1,1.0,Firm 10,Firm 10_29696480,,Fri Nov 07 2025 06:45:31 GMT-0800 (Pacific Standard Time),Firm 10_29696480,3 (Meets Standard),3 (Meets Standard),4 (Above Standard),3 (Meets Standard),3 (Meets Standard),2 (Below Standard),3 (Meets Standard),2 (Below Standard),2 (Below Standard),2 (Below Standard),1 (Far Below Standard),1 (Far Below Standard),1 (Far Below Standard),1 (Far Below Standard),1 (Far Below Standard),eb314089-e101-5857-9b74-3a7e96f8ed6b,150.0,30.0,3.0,3.0,4.0,3.0,3.0,2.0,3.0,2.0,2.0,2.0,1.0,1.0,1.0,1.0,1.0,False,,,,,,,,,,,,,,,,3.0,3.0,4.0,3.0,3.0,2.0,3.0,2.0,2.0,2.0,1.0,1.0,1.0,1.0,1.0,,2.7,1.0
4325b8b7-eee6-5964-92d1-752069e71184,2,Group 2,1.0,Firm 11,Firm 11_4325b8b7,,Fri Nov 07 2025 06:50:05 GMT-0800 (Pacific Standard Time),Firm 11_4325b8b7,3 (Meets Standard),4 (Above Standard),2 (Below Standard),3 (Meets Standard),4 (Above Standard),3 (Meets Standard),4 (Above Standard),3 (Meets Standard),4 (Above Standard),4 (Above Standard),2 (Below Standard),3 (Meets Standard),3 (Meets Standard),3 (Meets Standard),3 (Meets Standard),eb314089-e101-5857-9b74-3a7e96f8ed6b,107.0,72.0,3.0,4.0,2.0,3.0,4.0,3.0,4.0,3.0,4.0,4.0,2.0,3.0,3.0,3.0,3.0,False,,,,,,,,,,,,,,,,3.0,4.0,2.0,3.0,4.0,3.0,4.0,3.0,4.0,4.0,2.0,3.0,3.0,3.0,3.0,,3.4,2.8
2a124c0c-72e7-50b9-9793-1cdf4c83f469,2,Group 1,1.0,Firm 9,Firm 9_2a124c0c,,Fri Nov 07 2025 06:55:49 GMT-0800 (Pacific Standard Time),Firm 9_2a124c0c,3 (Meets Standard),4 (Above Standard),4 (Above Standard),4 (Above Standard),4 (Above Standard),4 (Above Standard),4 (Above Standard),4 (Above Standard),4 (Above Standard),5 (Exceptional),3 (Meets Standard),3 (Meets Standard),3 (Meets Standard),3 (Meets Standard),2 (Below Standard),eb314089-e101-5857-9b74-3a7e96f8ed6b,111.0,132.0,3.0,4.0,4.0,4.0,4.0,4.0,4.0,4.0,4.0,5.0,3.0,3.0,3.0,3.0,2.0,False,,,,,,,,,,,,,,,,3.0,4.0,4.0,4.0,4.0,4.0,4.0,4.0,4.0,5.0,3.0,3.0,3.0,3.0,2.0,,4.0,2.8
2de0fe04-92f5-5f5d-b655-4de7bdf0bfa8,2,Group 1,1.0,Firm 12,Firm 12_2de0fe04,,Fri Nov 07 2025 07:04:37 GMT-0800 (Pacific Standard Time),Firm 12_2de0fe04,3 (Meets Standard),4 (Above Standard),4 (Above Standard),3 (Meets Standard),4 (Above Standard),2 (Below Standard),3 (Meets Standard),2 (Below Standard),2 (Below Standard),3 (Meets Standard),3 (Meets Standard),2 (Below Standard),3 (Meets Standard),3 (Meets Standard),2 (Below Standard),eb314089-e101-5857-9b74-3a7e96f8ed6b,113.0,67.0,3.0,4.0,4.0,3.0,4.0,2.0,3.0,2.0,2.0,3.0,3.0,2.0,3.0,3.0,2.0,False,,,,,,,,,,,,,,,,3.0,4.0,4.0,3.0,4.0,2.0,3.0,2.0,2.0,3.0,3.0,2.0,3.0,3.0,2.0,,3.0,2.6
fbf9dda2-9921-5382-97b2-924fc4c67cce,2,Group 2,1.0,Firm 6,Firm 6_fbf9dda2,,Fri Nov 07 2025 07:07:35 GMT-0800 (Pacific Standard Time),Firm 6_fbf9dda2,,,,,,,,,,,3 (Meets Standard),3 (Meets Standard),4 (Above Standard),3 (Meets Standard),3 (Meets Standard),eb314089-e101-5857-9b74-3a7e96f8ed6b,,91.0,,,,,,,,,,,3.0,3.0,4.0,3.0,3.0,False,,,,,,,,,,,,,,,,,,,,,,,,,,3.0,3.0,4.0,3.0,3.0,,,3.2
fbf9dda2-9921-5382-97b2-924fc4c67cce,2,Group 2,1.0,Firm 6,Firm 6_fbf9dda2,,Fri Nov 07 2025 07:28:01 GMT-0800 (Pacific Standard Time),Firm 6_fbf9dda2,,,,,,,,,,,3 (Meets Standard),3 (Meets Standard),4 (Above Standard),3 (Meets Standard),3 (Meets Standard),eb314089-e101-5857-9b74-3a7e96f8ed6b,,91.0,,,,,,,,,,,3.0,3.0,4.0,3.0,3.0,False,,,,,,,,,,,,,,,,,,,,,,,,,,3.0,3.0,4.0,3.0,3.0,,,3.2
8a84f103-4317-58ec-8986-923e544a0b42,2,Group 2,1.0,Firm 6,Firm 6_8a84f103,,Fri Nov 07 2025 09:41:41 GMT-0800 (Pacific Standard Time),Firm 6_8a84f103,,,,,,,,,,,3 (Meets Standard),3 (Meets Standard),4 (Above Standard),3 (Meets Standard),4 (Above Standard),eb314089-e101-5857-9b74-3a7e96f8ed6b,,64.0,,,,,,,,,,,3.0,3.0,4.0,3.0,4.0,False,,,,,,,,,,,,,,,,,,,,,,,,,,3.0,3.0,4.0,3.0,4.0,,,3.4
ad974298-cda3-5101-b90c-718c1b107ab7,2,Group 2,1.0,Firm 6,Firm 6_ad974298,,Fri Nov 07 2025 09:47:43 GMT-0800 (Pacific Standard Time),Firm 6_ad974298,,,,,,,,,,,3 (Meets Standard),3 (Meets Standard),4 (Above Standard),4 (Above Standard),3 (Meets Standard),eb314089-e101-5857-9b74-3a7e96f8ed6b,,85.0,,,,,,,,,,,3.0,3.0,4.0,4.0,3.0,False,,,,,,,,,,,,,,,,,,,,,,,,,,3.0,3.0,4.0,4.0,3.0,,,3.4
8930cf72-69e4-5ee7-ba45-9fc568c1010e,2,Group 1,1.0,Firm 6,Firm 6_8930cf72,,Fri Nov 07 2025 09:50:42 GMT-0800 (Pacific Standard Time),Firm 6_8930cf72,,,,,,,,,,,2 (Below Standard),3 (Meets Standard),3 (Meets Standard),3 (Meets Standard),3 (Meets Standard),eb314089-e101-5857-9b74-3a7e96f8ed6b,,47.0,,,,,,,,,,,2.0,3.0,3.0,3.0,3.0,False,,,,,,,,,,,,,,,,,,,,,,,,,,2.0,3.0,3.0,3.0,3.0,,,2.8
8c5e2f92-5f07-5cf2-aaf1-cef7a94c73f9,2,Group 1,1.0,Firm 6,Firm 6_8c5e2f92,,Fri Nov 07 2025 09:53:25 GMT-0800 (Pacific Standard Time),Firm 6_8c5e2f92,,,,,,,,,,,3 (Meets Standard),3 (Meets Standard),4 (Above Standard),3 (Meets Standard),3 (Meets Standard),eb314089-e101-5857-9b74-3a7e96f8ed6b,,129.0,,,,,,,,,,,3.0,3.0,4.0,3.0,3.0,False,,,,,,,,,,,,,,,,,,,,,,,,,,3.0,3.0,4.0,3.0,3.0,,,3.2
e9a8662d-22ae-53d2-92a0-00303f8cba79,2,Group 2,1.0,Firm 9,Firm 9_e9a8662d,,Fri Nov 07 2025 09:59:46 GMT-0800 (Pacific Standard Time),Firm 9_e9a8662d,4 (Above Standard),4 (Above Standard),5 (Exceptional),4 (Above Standard),5 (Exceptional),4 (Above Standard),4 (Above Standard),4 (Above Standard),4 (Above Standard),5 (Exceptional),3 (Meets Standard),3 (Meets Standard),3 (Meets Standard),3 (Meets Standard),3 (Meets Standard),eb314089-e101-5857-9b74-3a7e96f8ed6b,192.0,63.0,4.0,4.0,5.0,4.0,5.0,4.0,4.0,4.0,4.0,5.0,3.0,3.0,3.0,3.0,3.0,False,,,,,,,,,,,,,,,,4.0,4.0,5.0,4.0,5.0,4.0,4.0,4.0,4.0,5.0,3.0,3.0,3.0,3.0,3.0,,4.3,3.0
1d70fc9e-037c-5bfb-86dd-e1bbe0dc520d,2,Group 2,1.0,Firm 10,Firm 10_1d70fc9e,,Fri Nov 07 2025 13:07:08 GMT-0800 (Pacific Standard Time),Firm 10_1d70fc9e,3 (Meets Standard),3 (Meets Standard),4 (Above Standard),3 (Meets Standard),2 (Below Standard),3 (Meets Standard),4 (Above Standard),3 (Meets Standard),3 (Meets Standard),4 (Above Standard),3 (Meets Standard),4 (Above Standard),3 (Meets Standard),4 (Above Standard),3 (Meets Standard),2e61a7b3-d753-52d1-b80b-add6dc3998c1,71.0,95.0,3.0,3.0,4.0,3.0,2.0,3.0,4.0,3.0,3.0,4.0,3.0,4.0,3.0,4.0,3.0,False,,,,,,,,,,,,,,,,3.0,3.0,4.0,3.0,2.0,3.0,4.0,3.0,3.0,4.0,3.0,4.0,3.0,4.0,3.0,,3.2,3.4
2de0fe04-92f5-5f5d-b655-4de7bdf0bfa8,2,Group 1,1.0,Firm 12,Firm 12_2de0fe04,,Fri Nov 07 2025 13:09:04 GMT-0800 (Pacific Standard Time),Firm 12_2de0fe04,4 (Above Standard),3 (Meets Standard),4 (Above Standard),3 (Meets Standard),3 (Meets Standard),3 (Meets Standard),3 (Meets Standard),3 (Meets Standard),3 (Meets Standard),3 (Meets Standard),3 (Meets Standard),3 (Meets Standard),3 (Meets Standard),4 (Above Standard),3 (Meets Standard),2e61a7b3-d753-52d1-b80b-add6dc3998c1,113.0,67.0,4.0,3.0,4.0,3.0,3.0,3.0,3.0,3.0,3.0,3.0,3.0,3.0,3.0,4.0,3.0,False,,,,,,,,,,,,,,,,4.0,3.0,4.0,3.0,3.0,3.0,3.0,3.0,3.0,3.0,3.0,3.0,3.0,4.0,3.0,,3.2,3.2
2a124c0c-72e7-50b9-9793-1cdf4c83f469,2,Group 1,1.0,Firm 9,Firm 9_2a124c0c,,Fri Nov 07 2025 13:38:19 GMT-0800 (Pacific Standard Time),Firm 9_2a124c0c,4 (Above Standard),4 (Above Standard),4 (Above Standard),4 (Above Standard),4 (Above Standard),4 (Above Standard),5 (Exceptional),4 (Above Standard),5 (Exceptional),4 (Above Standard),3 (Meets Standard),3 (Meets Standard),3 (Meets Standard),4 (Above Standard),3 (Meets Standard),264e35df-e7c8-5bab-853d-30ab145ff01f,111.0,132.0,4.0,4.0,4.0,4.0,4.0,4.0,5.0,4.0,5.0,4.0,3.0,3.0,3.0,4.0,3.0,False,,,,,,,,,,,,,,,,4.0,4.0,4.0,4.0,4.0,4.0,5.0,4.0,5.0,4.0,3.0,3.0,3.0,4.0,3.0,,4.2,3.2
8930cf72-69e4-5ee7-ba45-9fc568c1010e,2,Group 1,1.0,Firm 6,Firm 6_8930cf72,,Fri Nov 07 2025 13:40:24 GMT-0800 (Pacific Standard Time),Firm 6_8930cf72,,,,,,,,,,,4 (Above Standard),4 (Above Standard),4 (Above Standard),4 (Above Standard),4 (Above Standard),264e35df-e7c8-5bab-853d-30ab145ff01f,,47.0,,,,,,,,,,,4.0,4.0,4.0,4.0,4.0,True,,,,,,,,,,,,,,,,,,,,,,,,,,4.0,4.0,4.0,4.0,4.0,,,4.0
8c5e2f92-5f07-5cf2-aaf1-cef7a94c73f9,2,Group 1,1.0,Firm 6,Firm 6_8c5e2f92,,Fri Nov 07 2025 13:41:43 GMT-0800 (Pacific Standard Time),Firm 6_8c5e2f92,,,,,,,,,,,3 (Meets Standard),3 (Meets Standard),3 (Meets Standard),4 (Above Standard),3 (Meets Standard),264e35df-e7c8-5bab-853d-30ab145ff01f,,129.0,,,,,,,,,,,3.0,3.0,3.0,4.0,3.0,False,,,,,,,,,,,,,,,,,,,,,,,,,,3.0,3.0,3.0,4.0,3.0,,,3.2
ad974298-cda3-5101-b90c-718c1b107ab7,2,Group 2,1.0,Firm 6,Firm 6_ad974298,,Fri Nov 07 2025 13:49:05 GMT-0800 (Pacific Standard Time),Firm 6_ad974298,,,,,,,,,,,2 (Below Standard),2 (Below Standard),2 (Below Standard),3 (Meets Standard),3 (Meets Standard),2dfcafe6-1583-5669-8a0f-49b9cb44f4b9,,85.0,,,,,,,,,,,2.0,2.0,2.0,3.0,3.0,False,,,,,,,,,,,,,,,,,,,,,,,,,,2.0,2.0,2.0,3.0,3.0,,,2.4
c32b9a16-c556-54a0-a1b2-cf2fdff3bfa0,2,Group 2,1.0,Firm 10,Firm 10_c32b9a16,,Fri Nov 07 2025 13:55:59 GMT-0800 (Pacific Standard Time),Firm 10_c32b9a16,4 (Above Standard),4 (Above Standard),4 (Above Standard),4 (Above Standard),4 (Above Standard),2 (Below Standard),2 (Below Standard),2 (Below Standard),3 (Meets Standard),3 (Meets Standard),2 (Below Standard),2 (Below Standard),3 (Meets Standard),3 (Meets Standard),3 (Meets Standard),2dfcafe6-1583-5669-8a0f-49b9cb44f4b9,70.0,45.0,4.0,4.0,4.0,4.0,4.0,2.0,2.0,2.0,3.0,3.0,2.0,2.0,3.0,3.0,3.0,False,,,,,,,,,,,,,,,,4.0,4.0,4.0,4.0,4.0,2.0,2.0,2.0,3.0,3.0,2.0,2.0,3.0,3.0,3.0,,3.2,2.6
fbf9dda2-9921-5382-97b2-924fc4c67cce,2,Group 2,1.0,Firm 6,Firm 6_fbf9dda2,,Fri Nov 07 2025 14:00:47 GMT-0800 (Pacific Standard Time),Firm 6_fbf9dda2,,,,,,,,,,,2 (Below Standard),2 (Below Standard),2 (Below Standard),3 (Meets Standard),3 (Meets Standard),2dfcafe6-1583-5669-8a0f-49b9cb44f4b9,,91.0,,,,,,,,,,,2.0,2.0,2.0,3.0,3.0,False,,,,,,,,,,,,,,,,,,,,,,,,,,2.0,2.0,2.0,3.0,3.0,,,2.4
29696480-3e2b-5a15-ad36-3e0c20c2901f,2,Group 1,1.0,Firm 10,Firm 10_29696480,,Fri Nov 07 2025 14:05:08 GMT-0800 (Pacific Standard Time),Firm 10_29696480,4 (Above Standard),3 (Meets Standard),4 (Above Standard),4 (Above Standard),4 (Above Standard),3 (Meets Standard),3 (Meets Standard),3 (Meets Standard),3 (Meets Standard),3 (Meets Standard),1 (Far Below Standard),1 (Far Below Standard),1 (Far Below Standard),1 (Far Below Standard),1 (Far Below Standard),2dfcafe6-1583-5669-8a0f-49b9cb44f4b9,150.0,30.0,4.0,3.0,4.0,4.0,4.0,3.0,3.0,3.0,3.0,3.0,1.0,1.0,1.0,1.0,1.0,False,,,,,,,,,,,,,,,,4.0,3.0,4.0,4.0,4.0,3.0,3.0,3.0,3.0,3.0,1.0,1.0,1.0,1.0,1.0,,3.4,1.0
92580f1e-ddde-5cbe-b77f-b1fb1c8bd55a,2,Group 2,1.0,Firm 8,Firm 8_92580f1e,,Thu Nov 13 2025 06:28:44 GMT-0800 (Pacific Standard Time),Firm 8_92580f1e,4 (Above Standard),4 (Above Standard),4 (Above Standard),4 (Above Standard),4 (Above Standard),3 (Meets Standard),4 (Above Standard),3 (Meets Standard),3 (Meets Standard),4 (Above Standard),3 (Meets Standard),4 (Above Standard),4 (Above Standard),3 (Meets Standard),3 (Meets Standard),eb314089-e101-5857-9b74-3a7e96f8ed6b,118.0,40.0,4.0,4.0,4.0,4.0,4.0,3.0,4.0,3.0,3.0,4.0,3.0,4.0,4.0,3.0,3.0,False,,,,,,,,,,,,,,,,4.0,4.0,4.0,4.0,4.0,3.0,4.0,3.0,3.0,4.0,3.0,4.0,4.0,3.0,3.0,,3.7,3.4
1e78f3ba-3477-50a8-a066-00a9feea6a14,2,Group 2,1.0,Firm 8,Firm 8_1e78f3ba,,Thu Nov 13 2025 06:36:48 GMT-0800 (Pacific Standard Time),Firm 8_1e78f3ba,4 (Above Standard),4 (Above Standard),4 (Above Standard),3 (Meets Standard),4 (Above Standard),3 (Meets Standard),4 (Above Standard),3 (Meets Standard),3 (Meets Standard),4 (Above Standard),3 (Meets Standard),3 (Meets Standard),3 (Meets Standard),3 (Meets Standard),3 (Meets Standard),eb314089-e101-5857-9b74-3a7e96f8ed6b,115.0,120.0,4.0,4.0,4.0,3.0,4.0,3.0,4.0,3.0,3.0,4.0,3.0,3.0,3.0,3.0,3.0,False,,,,,,,,,,,,,,,,4.0,4.0,4.0,3.0,4.0,3.0,4.0,3.0,3.0,4.0,3.0,3.0,3.0,3.0,3.0,,3.6,3.0
20635fec-cb2e-5f64-a74c-4bfe3207fb5b,2,Group 2,0.0,Firm 11,Firm 11_20635fec,,Thu Nov 13 2025 06:53:10 GMT-0800 (Pacific Standard Time),Firm 11_20635fec,4 (Above Standard),4 (Above Standard),4 (Above Standard),4 (Above Standard),4 (Above Standard),,,,,,4 (Above Standard),3 (Meets Standard),3 (Meets Standard),4 (Above Standard),3 (Meets Standard),eb314089-e101-5857-9b74-3a7e96f8ed6b,66.0,133.0,4.0,4.0,4.0,4.0,4.0,,,,,,4.0,3.0,3.0,4.0,3.0,False,,,,,,,,,,,,,,,,4.0,4.0,4.0,4.0,4.0,,,,,,4.0,3.0,3.0,4.0,3.0,,4.0,3.4
92580f1e-ddde-5cbe-b77f-b1fb1c8bd55a,2,Group 2,1.0,Firm 8,Firm 8_92580f1e,,Thu Nov 13 2025 13:51:53 GMT-0800 (Pacific Standard Time),Firm 8_92580f1e,4 (Above Standard),4 (Above Standard),4 (Above Standard),4 (Above Standard),4 (Above Standard),4 (Above Standard),4 (Above Standard),4 (Above Standard),4 (Above Standard),4 (Above Standard),3 (Meets Standard),3 (Meets Standard),3 (Meets Standard),4 (Above Standard),4 (Above Standard),2dfcafe6-1583-5669-8a0f-49b9cb44f4b9,118.0,40.0,4.0,4.0,4.0,4.0,4.0,4.0,4.0,4.0,4.0,4.0,3.0,3.0,3.0,4.0,4.0,False,,,,,,,,,,,,,,,,4.0,4.0,4.0,4.0,4.0,4.0,4.0,4.0,4.0,4.0,3.0,3.0,3.0,4.0,4.0,,4.0,3.4
1e78f3ba-3477-50a8-a066-00a9feea6a14,2,Group 2,1.0,Firm 8,Firm 8_1e78f3ba,,Thu Nov 13 2025 13:55:34 GMT-0800 (Pacific Standard Time),Firm 8_1e78f3ba,4 (Above Standard),4 (Above Standard),4 (Above Standard),4 (Above Standard),4 (Above Standard),3 (Meets Standard),3 (Meets Standard),3 (Meets Standard),3 (Meets Standard),3 (Meets Standard),3 (Meets Standard),3 (Meets Standard),3 (Meets Standard),3 (Meets Standard),3 (Meets Standard),2dfcafe6-1583-5669-8a0f-49b9cb44f4b9,115.0,120.0,4.0,4.0,4.0,4.0,4.0,3.0,3.0,3.0,3.0,3.0,3.0,3.0,3.0,3.0,3.0,False,,,,,,,,,,,,,,,,4.0,4.0,4.0,4.0,4.0,3.0,3.0,3.0,3.0,3.0,3.0,3.0,3.0,3.0,3.0,,3.5,3.0
20635fec-cb2e-5f64-a74c-4bfe3207fb5b,2,Group 2,0.0,Firm 11,Firm 11_20635fec,,Thu Nov 13 2025 14:11:50 GMT-0800 (Pacific Standard Time),Firm 11_20635fec,4 (Above Standard),3 (Meets Standard),3 (Meets Standard),3 (Meets Standard),3 (Meets Standard),,,,,,3 (Meets Standard),4 (Above Standard),3 (Meets Standard),3 (Meets Standard),3 (Meets Standard),2e61a7b3-d753-52d1-b80b-add6dc3998c1,66.0,133.0,4.0,3.0,3.0,3.0,3.0,,,,,,3.0,4.0,3.0,3.0,3.0,False,,,,,,,,,,,,,,,,4.0,3.0,3.0,3.0,3.0,,,,,,3.0,4.0,3.0,3.0,3.0,,3.2,3.2
714d58d7-d24c-5daa-9999-c9cb84ae78a9,2,Group 2,1.0,Firm 8,Firm 8_714d58d7,,Thu Nov 13 2025 14:15:28 GMT-0800 (Pacific Standard Time),Firm 8_714d58d7,3 (Meets Standard),4 (Above Standard),3 (Meets Standard),3 (Meets Standard),3 (Meets Standard),3 (Meets Standard),3 (Meets Standard),3 (Meets Standard),2 (Below Standard),3 (Meets Standard),,,,,,eb314089-e101-5857-9b74-3a7e96f8ed6b,107.0,49.0,3.0,4.0,3.0,3.0,3.0,3.0,3.0,3.0,2.0,3.0,,,,,,False,,,,,,,,,,,,,,,,3.0,4.0,3.0,3.0,3.0,3.0,3.0,3.0,2.0,3.0,,,,,,,3.0,
714d58d7-d24c-5daa-9999-c9cb84ae78a9,2,Group 2,1.0,Firm 8,Firm 8_714d58d7,,Thu Nov 13 2025 14:16:06 GMT-0800 (Pacific Standard Time),Firm 8_714d58d7,3 (Meets Standard),4 (Above Standard),3 (Meets Standard),3 (Meets Standard),3 (Meets Standard),3 (Meets Standard),4 (Above Standard),3 (Meets Standard),3 (Meets Standard),3 (Meets Standard),,,,,,264e35df-e7c8-5bab-853d-30ab145ff01f,107.0,49.0,3.0,4.0,3.0,3.0,3.0,3.0,4.0,3.0,3.0,3.0,,,,,,False,,,,,,,,,,,,,,,,3.0,4.0,3.0,3.0,3.0,3.0,4.0,3.0,3.0,3.0,,,,,,,3.2,
714d58d7-d24c-5daa-9999-c9cb84ae78a9,2,Group 2,1.0,Firm 8,Firm 8_714d58d7,,Thu Nov 13 2025 14:16:55 GMT-0800 (Pacific Standard Time),Firm 8_714d58d7,,,,,,,,,,,2 (Below Standard),3 (Meets Standard),2 (Below Standard),2 (Below Standard),3 (Meets Standard),eb314089-e101-5857-9b74-3a7e96f8ed6b,,49.0,,,,,,,,,,,2.0,3.0,2.0,2.0,3.0,False,,,,,,,,,,,,,,,,,,,,,,,,,,2.0,3.0,2.0,2.0,3.0,,,2.4
714d58d7-d24c-5daa-9999-c9cb84ae78a9,2,Group 2,1.0,Firm 8,Firm 8_714d58d7,,Thu Nov 13 2025 14:17:40 GMT-0800 (Pacific Standard Time),Firm 8_714d58d7,,,,,,,,,,,2 (Below Standard),3 (Meets Standard),2 (Below Standard),2 (Below Standard),2 (Below Standard),264e35df-e7c8-5bab-853d-30ab145ff01f,,49.0,,,,,,,,,,,2.0,3.0,2.0,2.0,2.0,False,,,,,,,,,,,,,,,,,,,,,,,,,,2.0,3.0,2.0,2.0,2.0,,,2.2
3c9f686e-d22b-56cb-b6dc-5e5e3fe14700,2,Group 1,1.0,Firm 8,Firm 8_3c9f686e,,Fri Nov 14 2025 06:04:36 GMT-0800 (Pacific Standard Time),Firm 8_3c9f686e,3 (Meets Standard),4 (Above Standard),4 (Above Standard),4 (Above Standard),4 (Above Standard),4 (Above Standard),4 (Above Standard),4 (Above Standard),5 (Exceptional),5 (Exceptional),3 (Meets Standard),3 (Meets Standard),3 (Meets Standard),3 (Meets Standard),3 (Meets Standard),eb314089-e101-5857-9b74-3a7e96f8ed6b,135.0,103.0,3.0,4.0,4.0,4.0,4.0,4.0,4.0,4.0,5.0,5.0,3.0,3.0,3.0,3.0,3.0,False,,,,,,,,,,,,,,,,3.0,4.0,4.0,4.0,4.0,4.0,4.0,4.0,5.0,5.0,3.0,3.0,3.0,3.0,3.0,,4.1,3.0
dfb30212-15ab-58f9-ba91-42a18c698aa6,2,Group 1,1.0,Firm 10,Firm 10_dfb30212,,Fri Nov 14 2025 06:08:28 GMT-0800 (Pacific Standard Time),Firm 10_dfb30212,3 (Meets Standard),4 (Above Standard),3 (Meets Standard),4 (Above Standard),4 (Above Standard),3 (Meets Standard),4 (Above Standard),3 (Meets Standard),3 (Meets Standard),4 (Above Standard),2 (Below Standard),2 (Below Standard),3 (Meets Standard),2 (Below Standard),2 (Below Standard),eb314089-e101-5857-9b74-3a7e96f8ed6b,101.0,105.0,3.0,4.0,3.0,4.0,4.0,3.0,4.0,3.0,3.0,4.0,2.0,2.0,3.0,2.0,2.0,False,,,,,,,,,,,,,,,,3.0,4.0,3.0,4.0,4.0,3.0,4.0,3.0,3.0,4.0,2.0,2.0,3.0,2.0,2.0,,3.5,2.2
194eeeb1-bde1-55bd-9608-e981b3c95b0d,2,Group 2,1.0,Firm 9,Firm 9_194eeeb1,,Fri Nov 14 2025 12:21:59 GMT-0800 (Pacific Standard Time),Firm 9_194eeeb1,3 (Meets Standard),4 (Above Standard),3 (Meets Standard),4 (Above Standard),4 (Above Standard),2 (Below Standard),2 (Below Standard),2 (Below Standard),2 (Below Standard),2 (Below Standard),3 (Meets Standard),3 (Meets Standard),3 (Meets Standard),3 (Meets Standard),3 (Meets Standard),eb314089-e101-5857-9b74-3a7e96f8ed6b,192.0,48.0,3.0,4.0,3.0,4.0,4.0,2.0,2.0,2.0,2.0,2.0,3.0,3.0,3.0,3.0,3.0,False,,,,,,,,,,,,,,,,3.0,4.0,3.0,4.0,4.0,2.0,2.0,2.0,2.0,2.0,3.0,3.0,3.0,3.0,3.0,,2.8,3.0
ad00a7e1-172f-53c3-bb94-219d3d25aaa3,2,Group 2,1.0,Firm 10,Firm 10_ad00a7e1,,Fri Nov 14 2025 12:33:28 GMT-0800 (Pacific Standard Time),Firm 10_ad00a7e1,3 (Meets Standard),4 (Above Standard),3 (Meets Standard),3 (Meets Standard),4 (Above Standard),5 (Exceptional),5 (Exceptional),5 (Exceptional),5 (Exceptional),5 (Exceptional),3 (Meets Standard),3 (Meets Standard),3 (Meets Standard),3 (Meets Standard),3 (Meets Standard),eb314089-e101-5857-9b74-3a7e96f8ed6b,75.0,30.0,3.0,4.0,3.0,3.0,4.0,5.0,5.0,5.0,5.0,5.0,3.0,3.0,3.0,3.0,3.0,False,,,,,,,,,,,,,,,,3.0,4.0,3.0,3.0,4.0,5.0,5.0,5.0,5.0,5.0,3.0,3.0,3.0,3.0,3.0,,4.2,3.0
7a46de25-4e0c-5412-9f27-655bf590f86e,2,Group 2,1.0,Firm 12,Firm 12_7a46de25,,Fri Nov 14 2025 12:43:49 GMT-0800 (Pacific Standard Time),Firm 12_7a46de25,3 (Meets Standard),4 (Above Standard),3 (Meets Standard),4 (Above Standard),4 (Above Standard),2 (Below Standard),2 (Below Standard),2 (Below Standard),2 (Below Standard),2 (Below Standard),2 (Below Standard),3 (Meets Standard),3 (Meets Standard),3 (Meets Standard),3 (Meets Standard),eb314089-e101-5857-9b74-3a7e96f8ed6b,150.0,90.0,3.0,4.0,3.0,4.0,4.0,2.0,2.0,2.0,2.0,2.0,2.0,3.0,3.0,3.0,3.0,False,,,,,,,,,,,,,,,,3.0,4.0,3.0,4.0,4.0,2.0,2.0,2.0,2.0,2.0,2.0,3.0,3.0,3.0,3.0,,2.8,2.8
3c9f686e-d22b-56cb-b6dc-5e5e3fe14700,2,Group 1,1.0,Firm 8,Firm 8_3c9f686e,,Mon Nov 17 2025 13:17:30 GMT-0800 (Pacific Standard Time),Firm 8_3c9f686e,3 (Meets Standard),3 (Meets Standard),3 (Meets Standard),3 (Meets Standard),3 (Meets Standard),4 (Above Standard),3 (Meets Standard),3 (Meets Standard),3 (Meets Standard),3 (Meets Standard),3 (Meets Standard),3 (Meets Standard),2 (Below Standard),2 (Below Standard),2 (Below Standard),264e35df-e7c8-5bab-853d-30ab145ff01f,135.0,103.0,3.0,3.0,3.0,3.0,3.0,4.0,3.0,3.0,3.0,3.0,3.0,3.0,2.0,2.0,2.0,False,,,,,,,,,,,,,,,,3.0,3.0,3.0,3.0,3.0,4.0,3.0,3.0,3.0,3.0,3.0,3.0,2.0,2.0,2.0,,3.1,2.4
dfb30212-15ab-58f9-ba91-42a18c698aa6,2,Group 1,1.0,Firm 10,Firm 10_dfb30212,,Mon Nov 17 2025 13:19:06 GMT-0800 (Pacific Standard Time),Firm 10_dfb30212,3 (Meets Standard),3 (Meets Standard),3 (Meets Standard),2 (Below Standard),2 (Below Standard),3 (Meets Standard),3 (Meets Standard),3 (Meets Standard),3 (Meets Standard),3 (Meets Standard),,,,,,264e35df-e7c8-5bab-853d-30ab145ff01f,101.0,105.0,3.0,3.0,3.0,2.0,2.0,3.0,3.0,3.0,3.0,3.0,,,,,,False,,,,,,,,,,,,,,,,3.0,3.0,3.0,2.0,2.0,3.0,3.0,3.0,3.0,3.0,,,,,,,2.8,
194eeeb1-bde1-55bd-9608-e981b3c95b0d,2,Group 2,1.0,Firm 9,Firm 9_194eeeb1,,Tue Nov 18 2025 13:06:36 GMT-0800 (Pacific Standard Time),Firm 9_194eeeb1,3 (Meets Standard),4 (Above Standard),3 (Meets Standard),4 (Above Standard),3 (Meets Standard),3 (Meets Standard),3 (Meets Standard),3 (Meets Standard),3 (Meets Standard),4 (Above Standard),3 (Meets Standard),4 (Above Standard),3 (Meets Standard),3 (Meets Standard),4 (Above Standard),2dfcafe6-1583-5669-8a0f-49b9cb44f4b9,192.0,48.0,3.0,4.0,3.0,4.0,3.0,3.0,3.0,3.0,3.0,4.0,3.0,4.0,3.0,3.0,4.0,False,,,,,,,,,,,,,,,,3.0,4.0,3.0,4.0,3.0,3.0,3.0,3.0,3.0,4.0,3.0,4.0,3.0,3.0,4.0,,3.3,3.4
ad00a7e1-172f-53c3-bb94-219d3d25aaa3,2,Group 2,1.0,Firm 10,Firm 10_ad00a7e1,,Tue Nov 18 2025 13:09:59 GMT-0800 (Pacific Standard Time),Firm 10_ad00a7e1,4 (Above Standard),4 (Above Standard),4 (Above Standard),4 (Above Standard),4 (Above Standard),3 (Meets Standard),3 (Meets Standard),3 (Meets Standard),3 (Meets Standard),3 (Meets Standard),2 (Below Standard),2 (Below Standard),2 (Below Standard),2 (Below Standard),2 (Below Standard),2dfcafe6-1583-5669-8a0f-49b9cb44f4b9,75.0,30.0,4.0,4.0,4.0,4.0,4.0,3.0,3.0,3.0,3.0,3.0,2.0,2.0,2.0,2.0,2.0,False,,,,,,,,,,,,,,,,4.0,4.0,4.0,4.0,4.0,3.0,3.0,3.0,3.0,3.0,2.0,2.0,2.0,2.0,2.0,,3.5,2.0
7a46de25-4e0c-5412-9f27-655bf590f86e,2,Group 2,1.0,Firm 12,Firm 12_7a46de25,,Tue Nov 18 2025 13:12:25 GMT-0800 (Pacific Standard Time),Firm 12_7a46de25,3 (Meets Standard),3 (Meets Standard),3 (Meets Standard),3 (Meets Standard),3 (Meets Standard),3 (Meets Standard),3 (Meets Standard),3 (Meets Standard),3 (Meets Standard),3 (Meets Standard),3 (Meets Standard),2 (Below Standard),3 (Meets Standard),2 (Below Standard),3 (Meets Standard),2dfcafe6-1583-5669-8a0f-49b9cb44f4b9,160.0,90.0,3.0,3.0,3.0,3.0,3.0,3.0,3.0,3.0,3.0,3.0,3.0,2.0,3.0,2.0,3.0,False,,,,,,,,,,,,,,,,3.0,3.0,3.0,3.0,3.0,3.0,3.0,3.0,3.0,3.0,3.0,2.0,3.0,2.0,3.0,,3.0,2.6
7e5a9b32-f7eb-5782-9581-fe36edd0fae9,2,Group 2,1.0,Firm 12,Firm 12_7e5a9b32,,Wed Nov 19 2025 08:52:32 GMT-0800 (Pacific Standard Time),Firm 12_7e5a9b32,3 (Meets Standard),3 (Meets Standard),3 (Meets Standard),3 (Meets Standard),4 (Above Standard),3 (Meets Standard),3 (Meets Standard),3 (Meets Standard),3 (Meets Standard),4 (Above Standard),4 (Above Standard),3 (Meets Standard),3 (Meets Standard),4 (Above Standard),4 (Above Standard),eb314089-e101-5857-9b74-3a7e96f8ed6b,126.0,114.0,3.0,3.0,3.0,3.0,4.0,3.0,3.0,3.0,3.0,4.0,4.0,3.0,3.0,4.0,4.0,False,,,,,,,,,,,,,,,,3.0,3.0,3.0,3.0,4.0,3.0,3.0,3.0,3.0,4.0,4.0,3.0,3.0,4.0,4.0,,3.2,3.6
aad48e66-edaf-55b4-a29e-d6a8344f1f41,2,Group 2,1.0,Firm 8,Firm 8_aad48e66,,Wed Nov 19 2025 09:05:02 GMT-0800 (Pacific Standard Time),Firm 8_aad48e66,3 (Meets Standard),4 (Above Standard),4 (Above Standard),4 (Above Standard),3 (Meets Standard),3 (Meets Standard),3 (Meets Standard),3 (Meets Standard),3 (Meets Standard),3 (Meets Standard),3 (Meets Standard),3 (Meets Standard),3 (Meets Standard),3 (Meets Standard),3 (Meets Standard),eb314089-e101-5857-9b74-3a7e96f8ed6b,90.0,90.0,3.0,4.0,4.0,4.0,3.0,3.0,3.0,3.0,3.0,3.0,3.0,3.0,3.0,3.0,3.0,False,,,,,,,,,,,,,,,,3.0,4.0,4.0,4.0,3.0,3.0,3.0,3.0,3.0,3.0,3.0,3.0,3.0,3.0,3.0,,3.3,3.0
7e5a9b32-f7eb-5782-9581-fe36edd0fae9,2,Group 2,1.0,Firm 12,Firm 12_7e5a9b32,,Fri Nov 21 2025 17:14:37 GMT-0800 (Pacific Standard Time),Firm 12_7e5a9b32,4 (Above Standard),4 (Above Standard),4 (Above Standard),3 (Meets Standard),3 (Meets Standard),2 (Below Standard),3 (Meets Standard),3 (Meets Standard),3 (Meets Standard),3 (Meets Standard),3 (Meets Standard),3 (Meets Standard),3 (Meets Standard),3 (Meets Standard),3 (Meets Standard),2e61a7b3-d753-52d1-b80b-add6dc3998c1,126.0,114.0,4.0,4.0,4.0,3.0,3.0,2.0,3.0,3.0,3.0,3.0,3.0,3.0,3.0,3.0,3.0,False,,,,,,,,,,,,,,,,4.0,4.0,4.0,3.0,3.0,2.0,3.0,3.0,3.0,3.0,3.0,3.0,3.0,3.0,3.0,,3.2,3.0
aad48e66-edaf-55b4-a29e-d6a8344f1f41,2,Group 2,1.0,Firm 8,Firm 8_aad48e66,,Fri Nov 21 2025 17:16:37 GMT-0800 (Pacific Standard Time),Firm 8_aad48e66,3 (Meets Standard),4 (Above Standard),4 (Above Standard),4 (Above Standard),4 (Above Standard),3 (Meets Standard),4 (Above Standard),3 (Meets Standard),3 (Meets Standard),4 (Above Standard),3 (Meets Standard),3 (Meets Standard),3 (Meets Standard),3 (Meets Standard),3 (Meets Standard),2e61a7b3-d753-52d1-b80b-add6dc3998c1,90.0,90.0,3.0,4.0,4.0,4.0,4.0,3.0,4.0,3.0,3.0,4.0,3.0,3.0,3.0,3.0,3.0,False,,,,,,,,,,,,,,,,3.0,4.0,4.0,4.0,4.0,3.0,4.0,3.0,3.0,4.0,3.0,3.0,3.0,3.0,3.0,,3.6,3.0
29b3c897-7936-5832-8d01-192f906fac19,2,Group 2,1.0,Firm 1,Firm 1_29b3c897,,Tue Nov 25 2025 17:45:00 GMT-0800 (Pacific Standard Time),Firm 1_29b3c897,3 (Meets Standard),4 (Above Standard),3 (Meets Standard),4 (Above Standard),4 (Above Standard),2 (Below Standard),2 (Below Standard),2 (Below Standard),1 (Far Below Standard),2 (Below Standard),2 (Below Standard),2 (Below Standard),2 (Below Standard),2 (Below Standard),2 (Below Standard),eb314089-e101-5857-9b74-3a7e96f8ed6b,138.0,63.0,3.0,4.0,3.0,4.0,4.0,2.0,2.0,2.0,1.0,2.0,2.0,2.0,2.0,2.0,2.0,False,,,,,,,,,,,,,,,,3.0,4.0,3.0,4.0,4.0,2.0,2.0,2.0,1.0,2.0,2.0,2.0,2.0,2.0,2.0,,2.7,2.0
28225b05-80fe-5a27-80b0-50adf97620d6,2,Group 2,1.0,Firm 1,Firm 1_28225b05,,Tue Nov 25 2025 17:54:31 GMT-0800 (Pacific Standard Time),Firm 1_28225b05,3 (Meets Standard),3 (Meets Standard),3 (Meets Standard),3 (Meets Standard),3 (Meets Standard),3 (Meets Standard),3 (Meets Standard),3 (Meets Standard),3 (Meets Standard),4 (Above Standard),3 (Meets Standard),3 (Meets Standard),3 (Meets Standard),3 (Meets Standard),3 (Meets Standard),eb314089-e101-5857-9b74-3a7e96f8ed6b,94.0,68.0,3.0,3.0,3.0,3.0,3.0,3.0,3.0,3.0,3.0,4.0,3.0,3.0,3.0,3.0,3.0,False,,,,,,,,,,,,,,,,3.0,3.0,3.0,3.0,3.0,3.0,3.0,3.0,3.0,4.0,3.0,3.0,3.0,3.0,3.0,,3.1,3.0
37e3d325-ba20-5d4d-92ad-4331c7f4bd8a,2,Group 1,1.0,Firm 1,Firm 1_37e3d325,,Tue Nov 25 2025 18:01:31 GMT-0800 (Pacific Standard Time),Firm 1_37e3d325,3 (Meets Standard),3 (Meets Standard),3 (Meets Standard),3 (Meets Standard),3 (Meets Standard),3 (Meets Standard),3 (Meets Standard),3 (Meets Standard),3 (Meets Standard),3 (Meets Standard),2 (Below Standard),2 (Below Standard),3 (Meets Standard),2 (Below Standard),2 (Below Standard),eb314089-e101-5857-9b74-3a7e96f8ed6b,162.0,55.0,3.0,3.0,3.0,3.0,3.0,3.0,3.0,3.0,3.0,3.0,2.0,2.0,3.0,2.0,2.0,False,,,,,,,,,,,,,,,,3.0,3.0,3.0,3.0,3.0,3.0,3.0,3.0,3.0,3.0,2.0,2.0,3.0,2.0,2.0,,3.0,2.2
c0392826-9e31-556d-8f93-8603e350cf56,2,Group 2,0.0,Firm 1,Firm 1_c0392826,,Tue Nov 25 2025 18:08:01 GMT-0800 (Pacific Standard Time),Firm 1_c0392826,3 (Meets Standard),3 (Meets Standard),3 (Meets Standard),3 (Meets Standard),3 (Meets Standard),3 (Meets Standard),4 (Above Standard),3 (Meets Standard),3 (Meets Standard),4 (Above Standard),3 (Meets Standard),3 (Meets Standard),3 (Meets Standard),3 (Meets Standard),3 (Meets Standard),eb314089-e101-5857-9b74-3a7e96f8ed6b,65.0,95.0,3.0,3.0,3.0,3.0,3.0,3.0,4.0,3.0,3.0,4.0,3.0,3.0,3.0,3.0,3.0,False,,,,,,,,,,,,,,,,3.0,3.0,3.0,3.0,3.0,3.0,4.0,3.0,3.0,4.0,3.0,3.0,3.0,3.0,3.0,,3.2,3.0
a5bef877-c146-516d-959a-1d0707159293,2,Group 2,0.0,Firm 1,Firm 1_a5bef877,,Tue Nov 25 2025 18:11:59 GMT-0800 (Pacific Standard Time),Firm 1_a5bef877,3 (Meets Standard),4 (Above Standard),4 (Above Standard),3 (Meets Standard),4 (Above Standard),3 (Meets Standard),4 (Above Standard),4 (Above Standard),3 (Meets Standard),4 (Above Standard),3 (Meets Standard),3 (Meets Standard),3 (Meets Standard),3 (Meets Standard),3 (Meets Standard),eb314089-e101-5857-9b74-3a7e96f8ed6b,102.0,87.0,3.0,4.0,4.0,3.0,4.0,3.0,4.0,4.0,3.0,4.0,3.0,3.0,3.0,3.0,3.0,False,,,,,,,,,,,,,,,,3.0,4.0,4.0,3.0,4.0,3.0,4.0,4.0,3.0,4.0,3.0,3.0,3.0,3.0,3.0,,3.6,3.0
1702c072-da20-502e-9e79-c6b7c47be339,2,Group 2,1.0,Firm 10,Firm 10_1702c072,,Wed Nov 26 2025 10:30:55 GMT-0800 (Pacific Standard Time),Firm 10_1702c072,3 (Meets Standard),4 (Above Standard),4 (Above Standard),3 (Meets Standard),3 (Meets Standard),3 (Meets Standard),4 (Above Standard),3 (Meets Standard),4 (Above Standard),4 (Above Standard),3 (Meets Standard),3 (Meets Standard),3 (Meets Standard),3 (Meets Standard),3 (Meets Standard),eb314089-e101-5857-9b74-3a7e96f8ed6b,107.0,98.0,3.0,4.0,4.0,3.0,3.0,3.0,4.0,3.0,4.0,4.0,3.0,3.0,3.0,3.0,3.0,False,,,,,,,,,,,,,,,,3.0,4.0,4.0,3.0,3.0,3.0,4.0,3.0,4.0,4.0,3.0,3.0,3.0,3.0,3.0,,3.5,3.0
cf3ccdb7-089b-56a1-b737-45eae682e66a,2,Group 1,1.0,Firm 1,Firm 1_cf3ccdb7,,Wed Nov 26 2025 10:39:43 GMT-0800 (Pacific Standard Time),Firm 1_cf3ccdb7,3 (Meets Standard),4 (Above Standard),3 (Meets Standard),3 (Meets Standard),3 (Meets Standard),3 (Meets Standard),4 (Above Standard),3 (Meets Standard),3 (Meets Standard),4 (Above Standard),2 (Below Standard),1 (Far Below Standard),2 (Below Standard),2 (Below Standard),1 (Far Below Standard),eb314089-e101-5857-9b74-3a7e96f8ed6b,105.0,90.0,3.0,4.0,3.0,3.0,3.0,3.0,4.0,3.0,3.0,4.0,2.0,1.0,2.0,2.0,1.0,False,,,,,,,,,,,,,,,,3.0,4.0,3.0,3.0,3.0,3.0,4.0,3.0,3.0,4.0,2.0,1.0,2.0,2.0,1.0,,3.3,1.6
5cd35615-85d5-58ac-9247-589a4533957c,2,Group 1,1.0,Firm 1,Firm 1_5cd35615,,Wed Nov 26 2025 10:44:57 GMT-0800 (Pacific Standard Time),Firm 1_5cd35615,3 (Meets Standard),4 (Above Standard),3 (Meets Standard),4 (Above Standard),4 (Above Standard),3 (Meets Standard),4 (Above Standard),3 (Meets Standard),3 (Meets Standard),3 (Meets Standard),3 (Meets Standard),3 (Meets Standard),3 (Meets Standard),2 (Below Standard),3 (Meets Standard),eb314089-e101-5857-9b74-3a7e96f8ed6b,86.0,82.0,3.0,4.0,3.0,4.0,4.0,3.0,4.0,3.0,3.0,3.0,3.0,3.0,3.0,2.0,3.0,False,,,,,,,,,,,,,,,,3.0,4.0,3.0,4.0,4.0,3.0,4.0,3.0,3.0,3.0,3.0,3.0,3.0,2.0,3.0,,3.4,2.8
b64f84df-142c-5b13-bb66-2181fb02379a,2,Group 2,1.0,Firm 1,Firm 1_b64f84df,,Wed Nov 26 2025 10:49:22 GMT-0800 (Pacific Standard Time),Firm 1_b64f84df,3 (Meets Standard),4 (Above Standard),3 (Meets Standard),4 (Above Standard),4 (Above Standard),3 (Meets Standard),4 (Above Standard),3 (Meets Standard),3 (Meets Standard),4 (Above Standard),2 (Below Standard),2 (Below Standard),2 (Below Standard),2 (Below Standard),2 (Below Standard),eb314089-e101-5857-9b74-3a7e96f8ed6b,86.0,75.0,3.0,4.0,3.0,4.0,4.0,3.0,4.0,3.0,3.0,4.0,2.0,2.0,2.0,2.0,2.0,False,,,,,,,,,,,,,,,,3.0,4.0,3.0,4.0,4.0,3.0,4.0,3.0,3.0,4.0,2.0,2.0,2.0,2.0,2.0,,3.5,2.0
9d4e5de5-9328-592f-aba9-af1f691ac0f5,2,Group 2,1.0,Firm 1,Firm 1_9d4e5de5,,Wed Nov 26 2025 10:56:12 GMT-0800 (Pacific Standard Time),Firm 1_9d4e5de5,2 (Below Standard),3 (Meets Standard),3 (Meets Standard),3 (Meets Standard),3 (Meets Standard),2 (Below Standard),3 (Meets Standard),3 (Meets Standard),3 (Meets Standard),3 (Meets Standard),1 (Far Below Standard),1 (Far Below Standard),1 (Far Below Standard),1 (Far Below Standard),1 (Far Below Standard),eb314089-e101-5857-9b74-3a7e96f8ed6b,92.0,43.0,2.0,3.0,3.0,3.0,3.0,2.0,3.0,3.0,3.0,3.0,1.0,1.0,1.0,1.0,1.0,False,,,,,,,,,,,,,,,,2.0,3.0,3.0,3.0,3.0,2.0,3.0,3.0,3.0,3.0,1.0,1.0,1.0,1.0,1.0,,2.8,1.0
83d2819a-5578-5c49-af4e-942ac1cb14d2,2,Group 2,1.0,Firm 1,Firm 1_83d2819a,,Wed Nov 26 2025 11:01:51 GMT-0800 (Pacific Standard Time),Firm 1_83d2819a,3 (Meets Standard),4 (Above Standard),3 (Meets Standard),3 (Meets Standard),4 (Above Standard),3 (Meets Standard),4 (Above Standard),3 (Meets Standard),4 (Above Standard),4 (Above Standard),3 (Meets Standard),3 (Meets Standard),3 (Meets Standard),3 (Meets Standard),3 (Meets Standard),eb314089-e101-5857-9b74-3a7e96f8ed6b,125.0,46.0,3.0,4.0,3.0,3.0,4.0,3.0,4.0,3.0,4.0,4.0,3.0,3.0,3.0,3.0,3.0,False,,,,,,,,,,,,,,,,3.0,4.0,3.0,3.0,4.0,3.0,4.0,3.0,4.0,4.0,3.0,3.0,3.0,3.0,3.0,,3.5,3.0
6f4ceb94-0083-53bc-8698-4e73d40ff3f3,2,Group 2,1.0,Firm 1,Firm 1_6f4ceb94,,Wed Nov 26 2025 11:07:14 GMT-0800 (Pacific Standard Time),Firm 1_6f4ceb94,,,,,,,,,,,3 (Meets Standard),3 (Meets Standard),3 (Meets Standard),3 (Meets Standard),3 (Meets Standard),eb314089-e101-5857-9b74-3a7e96f8ed6b,150.0,90.0,,,,,,,,,,,3.0,3.0,3.0,3.0,3.0,True,,,,,,,,,,,,,,,,,,,,,,,,,,3.0,3.0,3.0,3.0,3.0,,,3.0
2c77ffa4-3f6e-5886-a6b5-b59dad4b5c4f,2,Group 1,1.0,Firm 1,Firm 1_2c77ffa4,,Wed Nov 26 2025 11:15:20 GMT-0800 (Pacific Standard Time),Firm 1_2c77ffa4,1 (Far Below Standard),2 (Below Standard),2 (Below Standard),2 (Below Standard),1 (Far Below Standard),2 (Below Standard),3 (Meets Standard),2 (Below Standard),2 (Below Standard),3 (Meets Standard),2 (Below Standard),2 (Below Standard),2 (Below Standard),2 (Below Standard),2 (Below Standard),eb314089-e101-5857-9b74-3a7e96f8ed6b,57.0,18.0,1.0,2.0,2.0,2.0,1.0,2.0,3.0,2.0,2.0,3.0,2.0,2.0,2.0,2.0,2.0,False,,,,,,,,,,,,,,,,1.0,2.0,2.0,2.0,1.0,2.0,3.0,2.0,2.0,3.0,2.0,2.0,2.0,2.0,2.0,,2.0,2.0
bcc22362-f3e9-52ca-bf3b-da3d52ad9bad,2,Group 1,1.0,Firm 1,Firm 1_bcc22362,,Wed Nov 26 2025 11:26:31 GMT-0800 (Pacific Standard Time),Firm 1_bcc22362,3 (Meets Standard),3 (Meets Standard),2 (Below Standard),3 (Meets Standard),3 (Meets Standard),3 (Meets Standard),3 (Meets Standard),3 (Meets Standard),3 (Meets Standard),3 (Meets Standard),2 (Below Standard),2 (Below Standard),3 (Meets Standard),2 (Below Standard),2 (Below Standard),eb314089-e101-5857-9b74-3a7e96f8ed6b,102.0,71.0,3.0,3.0,2.0,3.0,3.0,3.0,3.0,3.0,3.0,3.0,2.0,2.0,3.0,2.0,2.0,False,,,,,,,,,,,,,,,,3.0,3.0,2.0,3.0,3.0,3.0,3.0,3.0,3.0,3.0,2.0,2.0,3.0,2.0,2.0,,2.9,2.2
e32861f6-9237-5964-b3aa-09d11c06b943,2,Group 2,1.0,Firm 1,Firm 1_e32861f6,,Wed Nov 26 2025 11:31:21 GMT-0800 (Pacific Standard Time),Firm 1_e32861f6,3 (Meets Standard),4 (Above Standard),4 (Above Standard),3 (Meets Standard),3 (Meets Standard),3 (Meets Standard),4 (Above Standard),3 (Meets Standard),3 (Meets Standard),4 (Above Standard),1 (Far Below Standard),1 (Far Below Standard),1 (Far Below Standard),2 (Below Standard),2 (Below Standard),eb314089-e101-5857-9b74-3a7e96f8ed6b,115.0,65.0,3.0,4.0,4.0,3.0,3.0,3.0,4.0,3.0,3.0,4.0,1.0,1.0,1.0,2.0,2.0,False,,,,,,,,,,,,,,,,3.0,4.0,4.0,3.0,3.0,3.0,4.0,3.0,3.0,4.0,1.0,1.0,1.0,2.0,2.0,,3.4,1.4
a7a90342-3a1b-5f1a-8e28-1a5651a6dbcf,2,Group 2,1.0,Firm 1,Firm 1_a7a90342,,Wed Nov 26 2025 11:36:44 GMT-0800 (Pacific Standard Time),Firm 1_a7a90342,3 (Meets Standard),4 (Above Standard),4 (Above Standard),4 (Above Standard),4 (Above Standard),3 (Meets Standard),3 (Meets Standard),3 (Meets Standard),3 (Meets Standard),4 (Above Standard),2 (Below Standard),2 (Below Standard),1 (Far Below Standard),1 (Far Below Standard),1 (Far Below Standard),eb314089-e101-5857-9b74-3a7e96f8ed6b,141.0,52.0,3.0,4.0,4.0,4.0,4.0,3.0,3.0,3.0,3.0,4.0,2.0,2.0,1.0,1.0,1.0,False,,,,,,,,,,,,,,,,3.0,4.0,4.0,4.0,4.0,3.0,3.0,3.0,3.0,4.0,2.0,2.0,1.0,1.0,1.0,,3.5,1.4
71358a26-c4dd-5c37-9b72-2298fe55ff14,2,Group 2,1.0,Firm 1,Firm 1_71358a26,,Wed Nov 26 2025 11:41:55 GMT-0800 (Pacific Standard Time),Firm 1_71358a26,3 (Meets Standard),3 (Meets Standard),3 (Meets Standard),3 (Meets Standard),4 (Above Standard),3 (Meets Standard),3 (Meets Standard),3 (Meets Standard),3 (Meets Standard),4 (Above Standard),2 (Below Standard),2 (Below Standard),2 (Below Standard),2 (Below Standard),2 (Below Standard),eb314089-e101-5857-9b74-3a7e96f8ed6b,122.0,,3.0,3.0,3.0,3.0,4.0,3.0,3.0,3.0,3.0,4.0,2.0,2.0,2.0,2.0,2.0,False,,,,,,,,,,,,,,,,3.0,3.0,3.0,3.0,4.0,3.0,3.0,3.0,3.0,4.0,2.0,2.0,2.0,2.0,2.0,,3.2,2.0
9d4e5de5-9328-592f-aba9-af1f691ac0f5,2,Group 2,1.0,Firm 1,Firm 1_9d4e5de5,,Thu Nov 27 2025 13:45:44 GMT-0800 (Pacific Standard Time),Firm 1_9d4e5de5,2 (Below Standard),3 (Meets Standard),2 (Below Standard),3 (Meets Standard),3 (Meets Standard),3 (Meets Standard),3 (Meets Standard),3 (Meets Standard),4 (Above Standard),4 (Above Standard),1 (Far Below Standard),1 (Far Below Standard),1 (Far Below Standard),1 (Far Below Standard),1 (Far Below Standard),264e35df-e7c8-5bab-853d-30ab145ff01f,92.0,43.0,2.0,3.0,2.0,3.0,3.0,3.0,3.0,3.0,4.0,4.0,1.0,1.0,1.0,1.0,1.0,False,,,,,,,,,,,,,,,,2.0,3.0,2.0,3.0,3.0,3.0,3.0,3.0,4.0,4.0,1.0,1.0,1.0,1.0,1.0,,3.0,1.0
a5bef877-c146-516d-959a-1d0707159293,2,Group 2,0.0,Firm 1,Firm 1_a5bef877,,Thu Nov 27 2025 13:48:30 GMT-0800 (Pacific Standard Time),Firm 1_a5bef877,2 (Below Standard),2 (Below Standard),2 (Below Standard),3 (Meets Standard),3 (Meets Standard),3 (Meets Standard),2 (Below Standard),2 (Below Standard),2 (Below Standard),2 (Below Standard),4 (Above Standard),4 (Above Standard),3 (Meets Standard),4 (Above Standard),4 (Above Standard),264e35df-e7c8-5bab-853d-30ab145ff01f,102.0,97.0,2.0,2.0,2.0,3.0,3.0,3.0,2.0,2.0,2.0,2.0,4.0,4.0,3.0,4.0,4.0,False,,,,,,,,,,,,,,,,2.0,2.0,2.0,3.0,3.0,3.0,2.0,2.0,2.0,2.0,4.0,4.0,3.0,4.0,4.0,,2.3,3.8
c0392826-9e31-556d-8f93-8603e350cf56,2,Group 2,0.0,Firm 1,Firm 1_c0392826,,Thu Nov 27 2025 13:51:24 GMT-0800 (Pacific Standard Time),Firm 1_c0392826,2 (Below Standard),3 (Meets Standard),2 (Below Standard),3 (Meets Standard),3 (Meets Standard),2 (Below Standard),4 (Above Standard),2 (Below Standard),4 (Above Standard),3 (Meets Standard),4 (Above Standard),4 (Above Standard),3 (Meets Standard),3 (Meets Standard),3 (Meets Standard),264e35df-e7c8-5bab-853d-30ab145ff01f,75.0,95.0,2.0,3.0,2.0,3.0,3.0,2.0,4.0,2.0,4.0,3.0,4.0,4.0,3.0,3.0,3.0,False,,,,,,,,,,,,,,,,2.0,3.0,2.0,3.0,3.0,2.0,4.0,2.0,4.0,3.0,4.0,4.0,3.0,3.0,3.0,,2.8,3.4
2c77ffa4-3f6e-5886-a6b5-b59dad4b5c4f,2,Group 1,1.0,Firm 1,Firm 1_2c77ffa4,,Fri Nov 28 2025 08:49:14 GMT-0800 (Pacific Standard Time),Firm 1_2c77ffa4,1 (Far Below Standard),2 (Below Standard),1 (Far Below Standard),1 (Far Below Standard),1 (Far Below Standard),1 (Far Below Standard),1 (Far Below Standard),1 (Far Below Standard),1 (Far Below Standard),1 (Far Below Standard),1 (Far Below Standard),1 (Far Below Standard),1 (Far Below Standard),1 (Far Below Standard),1 (Far Below Standard),264e35df-e7c8-5bab-853d-30ab145ff01f,57.0,18.0,1.0,2.0,1.0,1.0,1.0,1.0,1.0,1.0,1.0,1.0,1.0,1.0,1.0,1.0,1.0,False,,,,,,,,,,,,,,,,1.0,2.0,1.0,1.0,1.0,1.0,1.0,1.0,1.0,1.0,1.0,1.0,1.0,1.0,1.0,,1.1,1.0
e32861f6-9237-5964-b3aa-09d11c06b943,2,Group 2,1.0,Firm 1,Firm 1_e32861f6,,Fri Nov 28 2025 08:51:27 GMT-0800 (Pacific Standard Time),Firm 1_e32861f6,3 (Meets Standard),4 (Above Standard),3 (Meets Standard),3 (Meets Standard),3 (Meets Standard),3 (Meets Standard),4 (Above Standard),3 (Meets Standard),3 (Meets Standard),3 (Meets Standard),2 (Below Standard),2 (Below Standard),2 (Below Standard),2 (Below Standard),2 (Below Standard),264e35df-e7c8-5bab-853d-30ab145ff01f,115.0,65.0,3.0,4.0,3.0,3.0,3.0,3.0,4.0,3.0,3.0,3.0,2.0,2.0,2.0,2.0,2.0,False,,,,,,,,,,,,,,,,3.0,4.0,3.0,3.0,3.0,3.0,4.0,3.0,3.0,3.0,2.0,2.0,2.0,2.0,2.0,,3.2,2.0
2ffaf05e-aedd-5585-9e30-c38c8bafb29f,2,Group 1,1.0,Firm 1,Firm 1_2ffaf05e,,Fri Nov 28 2025 10:55:42 GMT-0800 (Pacific Standard Time),Firm 1_2ffaf05e,3 (Meets Standard),4 (Above Standard),4 (Above Standard),3 (Meets Standard),4 (Above Standard),3 (Meets Standard),4 (Above Standard),3 (Meets Standard),3 (Meets Standard),4 (Above Standard),3 (Meets Standard),3 (Meets Standard),3 (Meets Standard),3 (Meets Standard),2 (Below Standard),eb314089-e101-5857-9b74-3a7e96f8ed6b,105.0,39.0,3.0,4.0,4.0,3.0,4.0,3.0,4.0,3.0,3.0,4.0,3.0,3.0,3.0,3.0,2.0,False,,,,,,,,,,,,,,,,3.0,4.0,4.0,3.0,4.0,3.0,4.0,3.0,3.0,4.0,3.0,3.0,3.0,3.0,2.0,,3.5,2.8
486a2581-6651-58de-9e84-8705878d9999,2,Group 2,1.0,Firm 1,Firm 1_486a2581,,Fri Nov 28 2025 11:03:13 GMT-0800 (Pacific Standard Time),Firm 1_486a2581,3 (Meets Standard),4 (Above Standard),4 (Above Standard),3 (Meets Standard),4 (Above Standard),3 (Meets Standard),3 (Meets Standard),3 (Meets Standard),3 (Meets Standard),4 (Above Standard),3 (Meets Standard),3 (Meets Standard),3 (Meets Standard),3 (Meets Standard),3 (Meets Standard),eb314089-e101-5857-9b74-3a7e96f8ed6b,150.0,90.0,3.0,4.0,4.0,3.0,4.0,3.0,3.0,3.0,3.0,4.0,3.0,3.0,3.0,3.0,3.0,False,,,,,,,,,,,,,,,,3.0,4.0,4.0,3.0,4.0,3.0,3.0,3.0,3.0,4.0,3.0,3.0,3.0,3.0,3.0,,3.4,3.0
37e3d325-ba20-5d4d-92ad-4331c7f4bd8a,2,Group 1,1.0,Firm 1,Firm 1_37e3d325,,Fri Nov 28 2025 14:22:47 GMT-0800 (Pacific Standard Time),Firm 1_37e3d325,3 (Meets Standard),3 (Meets Standard),3 (Meets Standard),3 (Meets Standard),2 (Below Standard),3 (Meets Standard),3 (Meets Standard),3 (Meets Standard),3 (Meets Standard),3 (Meets Standard),2 (Below Standard),2 (Below Standard),2 (Below Standard),3 (Meets Standard),2 (Below Standard),2dfcafe6-1583-5669-8a0f-49b9cb44f4b9,162.0,55.0,3.0,3.0,3.0,3.0,2.0,3.0,3.0,3.0,3.0,3.0,2.0,2.0,2.0,3.0,2.0,False,,,,,,,,,,,,,,,,3.0,3.0,3.0,3.0,2.0,3.0,3.0,3.0,3.0,3.0,2.0,2.0,2.0,3.0,2.0,,2.9,2.2
71358a26-c4dd-5c37-9b72-2298fe55ff14,2,Group 2,1.0,Firm 1,Firm 1_71358a26,,Fri Nov 28 2025 14:26:31 GMT-0800 (Pacific Standard Time),Firm 1_71358a26,4 (Above Standard),4 (Above Standard),3 (Meets Standard),4 (Above Standard),4 (Above Standard),4 (Above Standard),4 (Above Standard),4 (Above Standard),4 (Above Standard),4 (Above Standard),3 (Meets Standard),3 (Meets Standard),3 (Meets Standard),3 (Meets Standard),3 (Meets Standard),2dfcafe6-1583-5669-8a0f-49b9cb44f4b9,122.0,,4.0,4.0,3.0,4.0,4.0,4.0,4.0,4.0,4.0,4.0,3.0,3.0,3.0,3.0,3.0,False,,,,,,,,,,,,,,,,4.0,4.0,3.0,4.0,4.0,4.0,4.0,4.0,4.0,4.0,3.0,3.0,3.0,3.0,3.0,,3.9,3.0
83d2819a-5578-5c49-af4e-942ac1cb14d2,2,Group 2,1.0,Firm 1,Firm 1_83d2819a,,Fri Nov 28 2025 14:29:02 GMT-0800 (Pacific Standard Time),Firm 1_83d2819a,3 (Meets Standard),4 (Above Standard),3 (Meets Standard),3 (Meets Standard),3 (Meets Standard),4 (Above Standard),3 (Meets Standard),4 (Above Standard),4 (Above Standard),3 (Meets Standard),3 (Meets Standard),3 (Meets Standard),3 (Meets Standard),3 (Meets Standard),3 (Meets Standard),2dfcafe6-1583-5669-8a0f-49b9cb44f4b9,125.0,46.0,3.0,4.0,3.0,3.0,3.0,4.0,3.0,4.0,4.0,3.0,3.0,3.0,3.0,3.0,3.0,False,,,,,,,,,,,,,,,,3.0,4.0,3.0,3.0,3.0,4.0,3.0,4.0,4.0,3.0,3.0,3.0,3.0,3.0,3.0,,3.4,3.0
6f4ceb94-0083-53bc-8698-4e73d40ff3f3,2,Group 2,1.0,Firm 1,Firm 1_6f4ceb94,,Fri Nov 28 2025 14:31:34 GMT-0800 (Pacific Standard Time),Firm 1_6f4ceb94,,,,,,,,,,,4 (Above Standard),4 (Above Standard),4 (Above Standard),4 (Above Standard),4 (Above Standard),2dfcafe6-1583-5669-8a0f-49b9cb44f4b9,150.0,90.0,,,,,,,,,,,4.0,4.0,4.0,4.0,4.0,True,,,,,,,,,,,,,,,,,,,,,,,,,,4.0,4.0,4.0,4.0,4.0,,,4.0
bcc22362-f3e9-52ca-bf3b-da3d52ad9bad,2,Group 1,1.0,Firm 1,Firm 1_bcc22362,,Fri Nov 28 2025 14:34:31 GMT-0800 (Pacific Standard Time),Firm 1_bcc22362,3 (Meets Standard),4 (Above Standard),3 (Meets Standard),3 (Meets Standard),3 (Meets Standard),2 (Below Standard),2 (Below Standard),2 (Below Standard),2 (Below Standard),2 (Below Standard),3 (Meets Standard),3 (Meets Standard),3 (Meets Standard),3 (Meets Standard),3 (Meets Standard),2dfcafe6-1583-5669-8a0f-49b9cb44f4b9,102.0,71.0,3.0,4.0,3.0,3.0,3.0,2.0,2.0,2.0,2.0,2.0,3.0,3.0,3.0,3.0,3.0,False,,,,,,,,,,,,,,,,3.0,4.0,3.0,3.0,3.0,2.0,2.0,2.0,2.0,2.0,3.0,3.0,3.0,3.0,3.0,,2.6,3.0
486a2581-6651-58de-9e84-8705878d9999,2,Group 2,1.0,Firm 1,Firm 1_486a2581,,Mon Dec 01 2025 14:04:10 GMT-0800 (Pacific Standard Time),Firm 1_486a2581,3 (Meets Standard),3 (Meets Standard),3 (Meets Standard),3 (Meets Standard),3 (Meets Standard),3 (Meets Standard),4 (Above Standard),4 (Above Standard),3 (Meets Standard),4 (Above Standard),3 (Meets Standard),3 (Meets Standard),3 (Meets Standard),3 (Meets Standard),3 (Meets Standard),2dfcafe6-1583-5669-8a0f-49b9cb44f4b9,150.0,90.0,3.0,3.0,3.0,3.0,3.0,3.0,4.0,4.0,3.0,4.0,3.0,3.0,3.0,3.0,3.0,False,,,,,,,,,,,,,,,,3.0,3.0,3.0,3.0,3.0,3.0,4.0,4.0,3.0,4.0,3.0,3.0,3.0,3.0,3.0,,3.3,3.0
2ffaf05e-aedd-5585-9e30-c38c8bafb29f,2,Group 1,1.0,Firm 1,Firm 1_2ffaf05e,,Mon Dec 01 2025 14:16:42 GMT-0800 (Pacific Standard Time),Firm 1_2ffaf05e,3 (Meets Standard),3 (Meets Standard),3 (Meets Standard),3 (Meets Standard),3 (Meets Standard),3 (Meets Standard),3 (Meets Standard),3 (Meets Standard),3 (Meets Standard),3 (Meets Standard),2 (Below Standard),2 (Below Standard),2 (Below Standard),2 (Below Standard),2 (Below Standard),2dfcafe6-1583-5669-8a0f-49b9cb44f4b9,105.0,39.0,3.0,3.0,3.0,3.0,3.0,3.0,3.0,3.0,3.0,3.0,2.0,2.0,2.0,2.0,2.0,False,,,,,,,,,,,,,,,,3.0,3.0,3.0,3.0,3.0,3.0,3.0,3.0,3.0,3.0,2.0,2.0,2.0,2.0,2.0,,3.0,2.0
29b3c897-7936-5832-8d01-192f906fac19,2,Group 2,1.0,Firm 1,Firm 1_29b3c897,,Mon Dec 01 2025 17:21:14 GMT-0800 (Pacific Standard Time),Firm 1_29b3c897,3 (Meets Standard),2 (Below Standard),3 (Meets Standard),2 (Below Standard),2 (Below Standard),2 (Below Standard),2 (Below Standard),2 (Below Standard),2 (Below Standard),2 (Below Standard),3 (Meets Standard),3 (Meets Standard),3 (Meets Standard),3 (Meets Standard),3 (Meets Standard),2e61a7b3-d753-52d1-b80b-add6dc3998c1,138.0,63.0,3.0,2.0,3.0,2.0,2.0,2.0,2.0,2.0,2.0,2.0,3.0,3.0,3.0,3.0,3.0,False,,,,,,,,,,,,,,,,3.0,2.0,3.0,2.0,2.0,2.0,2.0,2.0,2.0,2.0,3.0,3.0,3.0,3.0,3.0,,2.2,3.0
a7a90342-3a1b-5f1a-8e28-1a5651a6dbcf,2,Group 2,1.0,Firm 1,Firm 1_a7a90342,,Mon Dec 01 2025 17:22:35 GMT-0800 (Pacific Standard Time),Firm 1_a7a90342,3 (Meets Standard),3 (Meets Standard),3 (Meets Standard),3 (Meets Standard),3 (Meets Standard),3 (Meets Standard),4 (Above Standard),3 (Meets Standard),3 (Meets Standard),4 (Above Standard),2 (Below Standard),3 (Meets Standard),3 (Meets Standard),3 (Meets Standard),3 (Meets Standard),2e61a7b3-d753-52d1-b80b-add6dc3998c1,141.0,52.0,3.0,3.0,3.0,3.0,3.0,3.0,4.0,3.0,3.0,4.0,2.0,3.0,3.0,3.0,3.0,False,,,,,,,,,,,,,,,,3.0,3.0,3.0,3.0,3.0,3.0,4.0,3.0,3.0,4.0,2.0,3.0,3.0,3.0,3.0,,3.2,2.8
b64f84df-142c-5b13-bb66-2181fb02379a,2,Group 2,1.0,Firm 1,Firm 1_b64f84df,,Mon Dec 01 2025 17:24:55 GMT-0800 (Pacific Standard Time),Firm 1_b64f84df,3 (Meets Standard),3 (Meets Standard),3 (Meets Standard),4 (Above Standard),3 (Meets Standard),3 (Meets Standard),4 (Above Standard),3 (Meets Standard),3 (Meets Standard),4 (Above Standard),2 (Below Standard),3 (Meets Standard),3 (Meets Standard),3 (Meets Standard),3 (Meets Standard),2e61a7b3-d753-52d1-b80b-add6dc3998c1,86.0,75.0,3.0,3.0,3.0,4.0,3.0,3.0,4.0,3.0,3.0,4.0,2.0,3.0,3.0,3.0,3.0,False,,,,,,,,,,,,,,,,3.0,3.0,3.0,4.0,3.0,3.0,4.0,3.0,3.0,4.0,2.0,3.0,3.0,3.0,3.0,,3.3,2.8
1702c072-da20-502e-9e79-c6b7c47be339,2,Group 2,1.0,Firm 10,Firm 10_1702c072,,Mon Dec 01 2025 17:26:45 GMT-0800 (Pacific Standard Time),Firm 10_1702c072,2 (Below Standard),3 (Meets Standard),3 (Meets Standard),3 (Meets Standard),3 (Meets Standard),3 (Meets Standard),4 (Above Standard),3 (Meets Standard),3 (Meets Standard),4 (Above Standard),3 (Meets Standard),3 (Meets Standard),3 (Meets Standard),3 (Meets Standard),3 (Meets Standard),2e61a7b3-d753-52d1-b80b-add6dc3998c1,107.0,98.0,2.0,3.0,3.0,3.0,3.0,3.0,4.0,3.0,3.0,4.0,3.0,3.0,3.0,3.0,3.0,False,,,,,,,,,,,,,,,,2.0,3.0,3.0,3.0,3.0,3.0,4.0,3.0,3.0,4.0,3.0,3.0,3.0,3.0,3.0,,3.1,3.0
6aee6782-36bd-5b23-bb3e-1d6697b7f1ec,2,Group 2,0.0,Firm 1,Firm 1_6aee6782,,Thu Dec 04 2025 02:10:35 GMT-0800 (Pacific Standard Time),Firm 1_6aee6782,3 (Meets Standard),4 (Above Standard),3 (Meets Standard),3 (Meets Standard),4 (Above Standard),3 (Meets Standard),4 (Above Standard),4 (Above Standard),4 (Above Standard),4 (Above Standard),1 (Far Below Standard),2 (Below Standard),2 (Below Standard),1 (Far Below Standard),1 (Far Below Standard),eb314089-e101-5857-9b74-3a7e96f8ed6b,80.0,35.0,3.0,4.0,3.0,3.0,4.0,3.0,4.0,4.0,4.0,4.0,1.0,2.0,2.0,1.0,1.0,False,,,,,,,,,,,,,,,,3.0,4.0,3.0,3.0,4.0,3.0,4.0,4.0,4.0,4.0,1.0,2.0,2.0,1.0,1.0,,3.6,1.4
51991fd2-0301-5cbf-9288-8cec13e1f456,2,Group 2,0.0,Firm 1,Firm 1_51991fd2,,Thu Dec 04 2025 02:15:51 GMT-0800 (Pacific Standard Time),Firm 1_51991fd2,3 (Meets Standard),3 (Meets Standard),4 (Above Standard),3 (Meets Standard),4 (Above Standard),3 (Meets Standard),4 (Above Standard),4 (Above Standard),3 (Meets Standard),4 (Above Standard),2 (Below Standard),3 (Meets Standard),2 (Below Standard),3 (Meets Standard),2 (Below Standard),eb314089-e101-5857-9b74-3a7e96f8ed6b,140.0,60.0,3.0,3.0,4.0,3.0,4.0,3.0,4.0,4.0,3.0,4.0,2.0,3.0,2.0,3.0,2.0,False,,,,,,,,,,,,,,,,3.0,3.0,4.0,3.0,4.0,3.0,4.0,4.0,3.0,4.0,2.0,3.0,2.0,3.0,2.0,,3.5,2.4
ae9932b3-2ab5-597d-b409-6add5dee6584,2,Group 2,1.0,Firm 1,Firm 1_ae9932b3,,Thu Dec 04 2025 02:21:54 GMT-0800 (Pacific Standard Time),Firm 1_ae9932b3,3 (Meets Standard),3 (Meets Standard),3 (Meets Standard),3 (Meets Standard),3 (Meets Standard),2 (Below Standard),3 (Meets Standard),2 (Below Standard),2 (Below Standard),3 (Meets Standard),1 (Far Below Standard),2 (Below Standard),2 (Below Standard),2 (Below Standard),1 (Far Below Standard),eb314089-e101-5857-9b74-3a7e96f8ed6b,135.0,110.0,3.0,3.0,3.0,3.0,3.0,2.0,3.0,2.0,2.0,3.0,1.0,2.0,2.0,2.0,1.0,False,,,,,,,,,,,,,,,,3.0,3.0,3.0,3.0,3.0,2.0,3.0,2.0,2.0,3.0,1.0,2.0,2.0,2.0,1.0,,2.7,1.6
4172dcd9-39ce-514f-ae33-22e2c2c6053c,2,Group 1,1.0,Firm 1,Firm 1_4172dcd9,,Thu Dec 04 2025 02:26:47 GMT-0800 (Pacific Standard Time),Firm 1_4172dcd9,3 (Meets Standard),3 (Meets Standard),2 (Below Standard),3 (Meets Standard),3 (Meets Standard),3 (Meets Standard),3 (Meets Standard),3 (Meets Standard),3 (Meets Standard),3 (Meets Standard),1 (Far Below Standard),2 (Below Standard),2 (Below Standard),2 (Below Standard),1 (Far Below Standard),eb314089-e101-5857-9b74-3a7e96f8ed6b,142.0,40.0,3.0,3.0,2.0,3.0,3.0,3.0,3.0,3.0,3.0,3.0,1.0,2.0,2.0,2.0,1.0,False,,,,,,,,,,,,,,,,3.0,3.0,2.0,3.0,3.0,3.0,3.0,3.0,3.0,3.0,1.0,2.0,2.0,2.0,1.0,,2.9,1.6
15ac974a-1e2b-50ce-aecc-7f9988d1426c,2,Group 2,0.0,Firm 1,Firm 1_15ac974a,,Thu Dec 04 2025 02:32:26 GMT-0800 (Pacific Standard Time),Firm 1_15ac974a,3 (Meets Standard),4 (Above Standard),3 (Meets Standard),3 (Meets Standard),4 (Above Standard),3 (Meets Standard),3 (Meets Standard),3 (Meets Standard),3 (Meets Standard),4 (Above Standard),2 (Below Standard),3 (Meets Standard),3 (Meets Standard),2 (Below Standard),2 (Below Standard),eb314089-e101-5857-9b74-3a7e96f8ed6b,66.0,100.0,3.0,4.0,3.0,3.0,4.0,3.0,3.0,3.0,3.0,4.0,2.0,3.0,3.0,2.0,2.0,False,,,,,,,,,,,,,,,,3.0,4.0,3.0,3.0,4.0,3.0,3.0,3.0,3.0,4.0,2.0,3.0,3.0,2.0,2.0,,3.3,2.4
d7fd7471-a479-57c1-83f6-e0ec52d2d532,2,Group 2,1.0,Firm 1,Firm 1_d7fd7471,,Thu Dec 04 2025 02:40:16 GMT-0800 (Pacific Standard Time),Firm 1_d7fd7471,3 (Meets Standard),3 (Meets Standard),3 (Meets Standard),3 (Meets Standard),4 (Above Standard),3 (Meets Standard),4 (Above Standard),3 (Meets Standard),4 (Above Standard),4 (Above Standard),3 (Meets Standard),3 (Meets Standard),3 (Meets Standard),3 (Meets Standard),3 (Meets Standard),eb314089-e101-5857-9b74-3a7e96f8ed6b,100.0,140.0,3.0,3.0,3.0,3.0,4.0,3.0,4.0,3.0,4.0,4.0,3.0,3.0,3.0,3.0,3.0,False,,,,,,,,,,,,,,,,3.0,3.0,3.0,3.0,4.0,3.0,4.0,3.0,4.0,4.0,3.0,3.0,3.0,3.0,3.0,,3.4,3.0
437ac34e-a2a6-52ec-a60e-545d5193059a,2,Group 2,1.0,Firm 9,Firm 9_437ac34e,,Thu Dec 04 2025 02:46:37 GMT-0800 (Pacific Standard Time),Firm 9_437ac34e,4 (Above Standard),4 (Above Standard),4 (Above Standard),4 (Above Standard),4 (Above Standard),3 (Meets Standard),4 (Above Standard),3 (Meets Standard),4 (Above Standard),4 (Above Standard),2 (Below Standard),2 (Below Standard),2 (Below Standard),2 (Below Standard),2 (Below Standard),eb314089-e101-5857-9b74-3a7e96f8ed6b,57.0,30.0,4.0,4.0,4.0,4.0,4.0,3.0,4.0,3.0,4.0,4.0,2.0,2.0,2.0,2.0,2.0,False,,,,,,,,,,,,,,,,4.0,4.0,4.0,4.0,4.0,3.0,4.0,3.0,4.0,4.0,2.0,2.0,2.0,2.0,2.0,,3.8,2.0
628268df-3e01-5f3d-a9da-aee2fc6a6c99,2,Group 1,1.0,Firm 1,Firm 1_628268df,,Thu Dec 04 2025 02:50:10 GMT-0800 (Pacific Standard Time),Firm 1_628268df,3 (Meets Standard),4 (Above Standard),4 (Above Standard),4 (Above Standard),4 (Above Standard),3 (Meets Standard),4 (Above Standard),4 (Above Standard),3 (Meets Standard),4 (Above Standard),3 (Meets Standard),3 (Meets Standard),3 (Meets Standard),3 (Meets Standard),3 (Meets Standard),eb314089-e101-5857-9b74-3a7e96f8ed6b,140.0,100.0,3.0,4.0,4.0,4.0,4.0,3.0,4.0,4.0,3.0,4.0,3.0,3.0,3.0,3.0,3.0,False,,,,,,,,,,,,,,,,3.0,4.0,4.0,4.0,4.0,3.0,4.0,4.0,3.0,4.0,3.0,3.0,3.0,3.0,3.0,,3.7,3.0
5f411780-336d-59fd-aa8f-9bb7ad9877bd,2,Group 2,1.0,Firm 1,Firm 1_5f411780,,Thu Dec 04 2025 02:53:59 GMT-0800 (Pacific Standard Time),Firm 1_5f411780,3 (Meets Standard),3 (Meets Standard),3 (Meets Standard),3 (Meets Standard),3 (Meets Standard),3 (Meets Standard),3 (Meets Standard),3 (Meets Standard),3 (Meets Standard),4 (Above Standard),3 (Meets Standard),3 (Meets Standard),3 (Meets Standard),3 (Meets Standard),3 (Meets Standard),eb314089-e101-5857-9b74-3a7e96f8ed6b,166.0,47.0,3.0,3.0,3.0,3.0,3.0,3.0,3.0,3.0,3.0,4.0,3.0,3.0,3.0,3.0,3.0,False,,,,,,,,,,,,,,,,3.0,3.0,3.0,3.0,3.0,3.0,3.0,3.0,3.0,4.0,3.0,3.0,3.0,3.0,3.0,,3.1,3.0
97118f49-4d52-5e9a-8993-ee74af786d55,2,Group 1,1.0,Firm 1,Firm 1_97118f49,,Thu Dec 04 2025 02:57:56 GMT-0800 (Pacific Standard Time),Firm 1_97118f49,3 (Meets Standard),4 (Above Standard),4 (Above Standard),4 (Above Standard),4 (Above Standard),3 (Meets Standard),3 (Meets Standard),3 (Meets Standard),2 (Below Standard),3 (Meets Standard),2 (Below Standard),2 (Below Standard),3 (Meets Standard),3 (Meets Standard),2 (Below Standard),eb314089-e101-5857-9b74-3a7e96f8ed6b,102.0,45.0,3.0,4.0,4.0,4.0,4.0,3.0,3.0,3.0,2.0,3.0,2.0,2.0,3.0,3.0,2.0,False,,,,,,,,,,,,,,,,3.0,4.0,4.0,4.0,4.0,3.0,3.0,3.0,2.0,3.0,2.0,2.0,3.0,3.0,2.0,,3.3,2.4
ee8c00c1-e842-5a90-80bb-05b78a089a9b,2,Group 2,1.0,Firm 1,Firm 1_ee8c00c1,,Thu Dec 04 2025 03:02:15 GMT-0800 (Pacific Standard Time),Firm 1_ee8c00c1,3 (Meets Standard),3 (Meets Standard),3 (Meets Standard),3 (Meets Standard),3 (Meets Standard),3 (Meets Standard),3 (Meets Standard),3 (Meets Standard),3 (Meets Standard),3 (Meets Standard),1 (Far Below Standard),1 (Far Below Standard),2 (Below Standard),1 (Far Below Standard),1 (Far Below Standard),eb314089-e101-5857-9b74-3a7e96f8ed6b,99.0,88.0,3.0,3.0,3.0,3.0,3.0,3.0,3.0,3.0,3.0,3.0,1.0,1.0,2.0,1.0,1.0,False,,,,,,,,,,,,,,,,3.0,3.0,3.0,3.0,3.0,3.0,3.0,3.0,3.0,3.0,1.0,1.0,2.0,1.0,1.0,,3.0,1.2
287c05d8-1bc8-5ce5-98f2-98e46a27b55b,2,Group 2,1.0,Firm 1,Firm 1_287c05d8,,Thu Dec 04 2025 03:05:56 GMT-0800 (Pacific Standard Time),Firm 1_287c05d8,3 (Meets Standard),4 (Above Standard),4 (Above Standard),4 (Above Standard),4 (Above Standard),3 (Meets Standard),4 (Above Standard),4 (Above Standard),3 (Meets Standard),4 (Above Standard),2 (Below Standard),2 (Below Standard),3 (Meets Standard),2 (Below Standard),2 (Below Standard),eb314089-e101-5857-9b74-3a7e96f8ed6b,102.0,40.0,3.0,4.0,4.0,4.0,4.0,3.0,4.0,4.0,3.0,4.0,2.0,2.0,3.0,2.0,2.0,False,,,,,,,,,,,,,,,,3.0,4.0,4.0,4.0,4.0,3.0,4.0,4.0,3.0,4.0,2.0,2.0,3.0,2.0,2.0,,3.7,2.2
ab3ea870-ef64-545f-81ec-6829a6ca8fcb,2,Group 2,1.0,Firm 1,Firm 1_ab3ea870,,Thu Dec 04 2025 03:09:59 GMT-0800 (Pacific Standard Time),Firm 1_ab3ea870,3 (Meets Standard),4 (Above Standard),4 (Above Standard),4 (Above Standard),4 (Above Standard),3 (Meets Standard),4 (Above Standard),4 (Above Standard),4 (Above Standard),4 (Above Standard),3 (Meets Standard),4 (Above Standard),3 (Meets Standard),3 (Meets Standard),3 (Meets Standard),eb314089-e101-5857-9b74-3a7e96f8ed6b,140.0,55.0,3.0,4.0,4.0,4.0,4.0,3.0,4.0,4.0,4.0,4.0,3.0,4.0,3.0,3.0,3.0,False,,,,,,,,,,,,,,,,3.0,4.0,4.0,4.0,4.0,3.0,4.0,4.0,4.0,4.0,3.0,4.0,3.0,3.0,3.0,,3.8,3.2
899639f5-5f3e-578e-9a3a-f4c3c934a9f2,2,Group 2,1.0,Firm 1,Firm 1_899639f5,,Thu Dec 04 2025 03:13:54 GMT-0800 (Pacific Standard Time),Firm 1_899639f5,4 (Above Standard),4 (Above Standard),4 (Above Standard),4 (Above Standard),5 (Exceptional),3 (Meets Standard),4 (Above Standard),4 (Above Standard),3 (Meets Standard),4 (Above Standard),1 (Far Below Standard),2 (Below Standard),1 (Far Below Standard),2 (Below Standard),1 (Far Below Standard),eb314089-e101-5857-9b74-3a7e96f8ed6b,121.0,33.0,4.0,4.0,4.0,4.0,5.0,3.0,4.0,4.0,3.0,4.0,1.0,2.0,1.0,2.0,1.0,False,,,,,,,,,,,,,,,,4.0,4.0,4.0,4.0,5.0,3.0,4.0,4.0,3.0,4.0,1.0,2.0,1.0,2.0,1.0,,3.9,1.4
9b71fb9a-d7b5-553a-a170-aef84e85ce6d,2,Group 2,1.0,Firm 1,Firm 1_9b71fb9a,,Thu Dec 04 2025 03:17:40 GMT-0800 (Pacific Standard Time),Firm 1_9b71fb9a,3 (Meets Standard),3 (Meets Standard),3 (Meets Standard),3 (Meets Standard),3 (Meets Standard),3 (Meets Standard),3 (Meets Standard),3 (Meets Standard),3 (Meets Standard),3 (Meets Standard),2 (Below Standard),3 (Meets Standard),3 (Meets Standard),3 (Meets Standard),2 (Below Standard),eb314089-e101-5857-9b74-3a7e96f8ed6b,105.0,93.0,3.0,3.0,3.0,3.0,3.0,3.0,3.0,3.0,3.0,3.0,2.0,3.0,3.0,3.0,2.0,False,,,,,,,,,,,,,,,,3.0,3.0,3.0,3.0,3.0,3.0,3.0,3.0,3.0,3.0,2.0,3.0,3.0,3.0,2.0,,3.0,2.6
4325b8b7-eee6-5964-92d1-752069e71184,2,Group 2,1.0,Firm 11,Firm 11_4325b8b7,,Thu Dec 04 2025 08:11:35 GMT-0800 (Pacific Standard Time),Firm 11_4325b8b7,4 (Above Standard),4 (Above Standard),3 (Meets Standard),4 (Above Standard),4 (Above Standard),4 (Above Standard),4 (Above Standard),4 (Above Standard),4 (Above Standard),4 (Above Standard),3 (Meets Standard),3 (Meets Standard),3 (Meets Standard),3 (Meets Standard),3 (Meets Standard),04f1990c-7a83-52b0-b457-c850750be3af,107.0,72.0,4.0,4.0,3.0,4.0,4.0,4.0,4.0,4.0,4.0,4.0,3.0,3.0,3.0,3.0,3.0,False,,,,,,,,,,,,,,,,4.0,4.0,3.0,4.0,4.0,4.0,4.0,4.0,4.0,4.0,3.0,3.0,3.0,3.0,3.0,,3.9,3.0
e9a8662d-22ae-53d2-92a0-00303f8cba79,2,Group 2,1.0,Firm 9,Firm 9_e9a8662d,,Thu Dec 04 2025 08:12:42 GMT-0800 (Pacific Standard Time),Firm 9_e9a8662d,4 (Above Standard),4 (Above Standard),4 (Above Standard),4 (Above Standard),4 (Above Standard),4 (Above Standard),4 (Above Standard),4 (Above Standard),4 (Above Standard),4 (Above Standard),3 (Meets Standard),4 (Above Standard),3 (Meets Standard),4 (Above Standard),4 (Above Standard),04f1990c-7a83-52b0-b457-c850750be3af,192.0,63.0,4.0,4.0,4.0,4.0,4.0,4.0,4.0,4.0,4.0,4.0,3.0,4.0,3.0,4.0,4.0,False,,,,,,,,,,,,,,,,4.0,4.0,4.0,4.0,4.0,4.0,4.0,4.0,4.0,4.0,3.0,4.0,3.0,4.0,4.0,,4.0,3.6
cf3ccdb7-089b-56a1-b737-45eae682e66a,2,Group 1,1.0,Firm 1,Firm 1_cf3ccdb7,,Thu Dec 04 2025 08:13:50 GMT-0800 (Pacific Standard Time),Firm 1_cf3ccdb7,3 (Meets Standard),4 (Above Standard),4 (Above Standard),4 (Above Standard),4 (Above Standard),4 (Above Standard),4 (Above Standard),4 (Above Standard),4 (Above Standard),4 (Above Standard),3 (Meets Standard),2 (Below Standard),2 (Below Standard),3 (Meets Standard),3 (Meets Standard),04f1990c-7a83-52b0-b457-c850750be3af,105.0,90.0,3.0,4.0,4.0,4.0,4.0,4.0,4.0,4.0,4.0,4.0,3.0,2.0,2.0,3.0,3.0,False,,,,,,,,,,,,,,,,3.0,4.0,4.0,4.0,4.0,4.0,4.0,4.0,4.0,4.0,3.0,2.0,2.0,3.0,3.0,,3.9,2.6
5cd35615-85d5-58ac-9247-589a4533957c,2,Group 1,1.0,Firm 1,Firm 1_5cd35615,,Thu Dec 04 2025 08:15:06 GMT-0800 (Pacific Standard Time),Firm 1_5cd35615,3 (Meets Standard),4 (Above Standard),4 (Above Standard),4 (Above Standard),4 (Above Standard),3 (Meets Standard),4 (Above Standard),3 (Meets Standard),4 (Above Standard),3 (Meets Standard),3 (Meets Standard),4 (Above Standard),4 (Above Standard),3 (Meets Standard),4 (Above Standard),04f1990c-7a83-52b0-b457-c850750be3af,86.0,82.0,3.0,4.0,4.0,4.0,4.0,3.0,4.0,3.0,4.0,3.0,3.0,4.0,4.0,3.0,4.0,False,,,,,,,,,,,,,,,,3.0,4.0,4.0,4.0,4.0,3.0,4.0,3.0,4.0,3.0,3.0,4.0,4.0,3.0,4.0,,3.6,3.6
8a84f103-4317-58ec-8986-923e544a0b42,2,Group 2,1.0,Firm 6,Firm 6_8a84f103,,Thu Dec 04 2025 08:16:35 GMT-0800 (Pacific Standard Time),Firm 6_8a84f103,,,,,,,,,,,3 (Meets Standard),3 (Meets Standard),3 (Meets Standard),3 (Meets Standard),3 (Meets Standard),04f1990c-7a83-52b0-b457-c850750be3af,,64.0,,,,,,,,,,,3.0,3.0,3.0,3.0,3.0,True,,,,,,,,,,,,,,,,,,,,,,,,,,3.0,3.0,3.0,3.0,3.0,,,3.0
d7fd7471-a479-57c1-83f6-e0ec52d2d532,2,Group 2,1.0,Firm 1,Firm 1_d7fd7471,,Thu Dec 04 2025 10:46:56 GMT-0800 (Pacific Standard Time),Firm 1_d7fd7471,3 (Meets Standard),3 (Meets Standard),3 (Meets Standard),3 (Meets Standard),4 (Above Standard),3 (Meets Standard),3 (Meets Standard),3 (Meets Standard),3 (Meets Standard),4 (Above Standard),3 (Meets Standard),4 (Above Standard),3 (Meets Standard),4 (Above Standard),4 (Above Standard),2dfcafe6-1583-5669-8a0f-49b9cb44f4b9,100.0,140.0,3.0,3.0,3.0,3.0,4.0,3.0,3.0,3.0,3.0,4.0,3.0,4.0,3.0,4.0,4.0,False,,,,,,,,,,,,,,,,3.0,3.0,3.0,3.0,4.0,3.0,3.0,3.0,3.0,4.0,3.0,4.0,3.0,4.0,4.0,,3.2,3.6
437ac34e-a2a6-52ec-a60e-545d5193059a,2,Group 2,1.0,Firm 9,Firm 9_437ac34e,,Thu Dec 04 2025 10:49:40 GMT-0800 (Pacific Standard Time),Firm 9_437ac34e,4 (Above Standard),4 (Above Standard),3 (Meets Standard),3 (Meets Standard),4 (Above Standard),3 (Meets Standard),3 (Meets Standard),3 (Meets Standard),3 (Meets Standard),4 (Above Standard),2 (Below Standard),2 (Below Standard),2 (Below Standard),2 (Below Standard),2 (Below Standard),2dfcafe6-1583-5669-8a0f-49b9cb44f4b9,117.0,30.0,4.0,4.0,3.0,3.0,4.0,3.0,3.0,3.0,3.0,4.0,2.0,2.0,2.0,2.0,2.0,False,,,,,,,,,,,,,,,,4.0,4.0,3.0,3.0,4.0,3.0,3.0,3.0,3.0,4.0,2.0,2.0,2.0,2.0,2.0,,3.4,2.0
628268df-3e01-5f3d-a9da-aee2fc6a6c99,2,Group 1,1.0,Firm 1,Firm 1_628268df,,Thu Dec 04 2025 10:51:26 GMT-0800 (Pacific Standard Time),Firm 1_628268df,4 (Above Standard),4 (Above Standard),3 (Meets Standard),3 (Meets Standard),4 (Above Standard),3 (Meets Standard),3 (Meets Standard),3 (Meets Standard),3 (Meets Standard),3 (Meets Standard),3 (Meets Standard),3 (Meets Standard),3 (Meets Standard),4 (Above Standard),3 (Meets Standard),2dfcafe6-1583-5669-8a0f-49b9cb44f4b9,140.0,100.0,4.0,4.0,3.0,3.0,4.0,3.0,3.0,3.0,3.0,3.0,3.0,3.0,3.0,4.0,3.0,False,,,,,,,,,,,,,,,,4.0,4.0,3.0,3.0,4.0,3.0,3.0,3.0,3.0,3.0,3.0,3.0,3.0,4.0,3.0,,3.3,3.2
5f411780-336d-59fd-aa8f-9bb7ad9877bd,2,Group 2,1.0,Firm 1,Firm 1_5f411780,,Thu Dec 04 2025 10:54:29 GMT-0800 (Pacific Standard Time),Firm 1_5f411780,3 (Meets Standard),3 (Meets Standard),3 (Meets Standard),3 (Meets Standard),3 (Meets Standard),3 (Meets Standard),3 (Meets Standard),3 (Meets Standard),3 (Meets Standard),3 (Meets Standard),3 (Meets Standard),3 (Meets Standard),3 (Meets Standard),3 (Meets Standard),3 (Meets Standard),2dfcafe6-1583-5669-8a0f-49b9cb44f4b9,166.0,47.0,3.0,3.0,3.0,3.0,3.0,3.0,3.0,3.0,3.0,3.0,3.0,3.0,3.0,3.0,3.0,True,,,,,,,,,,,,,,,,3.0,3.0,3.0,3.0,3.0,3.0,3.0,3.0,3.0,3.0,3.0,3.0,3.0,3.0,3.0,,3.0,3.0
ab3ea870-ef64-545f-81ec-6829a6ca8fcb,2,Group 2,1.0,Firm 1,Firm 1_ab3ea870,,Thu Dec 04 2025 10:56:45 GMT-0800 (Pacific Standard Time),Firm 1_ab3ea870,4 (Above Standard),4 (Above Standard),3 (Meets Standard),4 (Above Standard),4 (Above Standard),4 (Above Standard),4 (Above Standard),3 (Meets Standard),4 (Above Standard),4 (Above Standard),3 (Meets Standard),3 (Meets Standard),3 (Meets Standard),4 (Above Standard),3 (Meets Standard),2dfcafe6-1583-5669-8a0f-49b9cb44f4b9,140.0,55.0,4.0,4.0,3.0,4.0,4.0,4.0,4.0,3.0,4.0,4.0,3.0,3.0,3.0,4.0,3.0,False,,,,,,,,,,,,,,,,4.0,4.0,3.0,4.0,4.0,4.0,4.0,3.0,4.0,4.0,3.0,3.0,3.0,4.0,3.0,,3.8,3.2
899639f5-5f3e-578e-9a3a-f4c3c934a9f2,2,Group 2,1.0,Firm 1,Firm 1_899639f5,,Thu Dec 04 2025 10:59:17 GMT-0800 (Pacific Standard Time),Firm 1_899639f5,3 (Meets Standard),3 (Meets Standard),3 (Meets Standard),3 (Meets Standard),3 (Meets Standard),4 (Above Standard),3 (Meets Standard),3 (Meets Standard),4 (Above Standard),4 (Above Standard),1 (Far Below Standard),1 (Far Below Standard),1 (Far Below Standard),2 (Below Standard),1 (Far Below Standard),2dfcafe6-1583-5669-8a0f-49b9cb44f4b9,121.0,33.0,3.0,3.0,3.0,3.0,3.0,4.0,3.0,3.0,4.0,4.0,1.0,1.0,1.0,2.0,1.0,False,,,,,,,,,,,,,,,,3.0,3.0,3.0,3.0,3.0,4.0,3.0,3.0,4.0,4.0,1.0,1.0,1.0,2.0,1.0,,3.3,1.2
51991fd2-0301-5cbf-9288-8cec13e1f456,2,Group 2,0.0,Firm 1,Firm 1_51991fd2,,Thu Dec 04 2025 11:01:44 GMT-0800 (Pacific Standard Time),Firm 1_51991fd2,4 (Above Standard),4 (Above Standard),3 (Meets Standard),3 (Meets Standard),3 (Meets Standard),4 (Above Standard),4 (Above Standard),3 (Meets Standard),4 (Above Standard),4 (Above Standard),3 (Meets Standard),3 (Meets Standard),3 (Meets Standard),2 (Below Standard),2 (Below Standard),2dfcafe6-1583-5669-8a0f-49b9cb44f4b9,140.0,60.0,4.0,4.0,3.0,3.0,3.0,4.0,4.0,3.0,4.0,4.0,3.0,3.0,3.0,2.0,2.0,False,,,,,,,,,,,,,,,,4.0,4.0,3.0,3.0,3.0,4.0,4.0,3.0,4.0,4.0,3.0,3.0,3.0,2.0,2.0,,3.6,2.6
6aee6782-36bd-5b23-bb3e-1d6697b7f1ec,2,Group 2,0.0,Firm 1,Firm 1_6aee6782,,Thu Dec 04 2025 11:04:07 GMT-0800 (Pacific Standard Time),Firm 1_6aee6782,4 (Above Standard),4 (Above Standard),3 (Meets Standard),3 (Meets Standard),3 (Meets Standard),4 (Above Standard),3 (Meets Standard),3 (Meets Standard),3 (Meets Standard),3 (Meets Standard),1 (Far Below Standard),1 (Far Below Standard),1 (Far Below Standard),1 (Far Below Standard),1 (Far Below Standard),2dfcafe6-1583-5669-8a0f-49b9cb44f4b9,140.0,35.0,4.0,4.0,3.0,3.0,3.0,4.0,3.0,3.0,3.0,3.0,1.0,1.0,1.0,1.0,1.0,False,,,,,,,,,,,,,,,,4.0,4.0,3.0,3.0,3.0,4.0,3.0,3.0,3.0,3.0,1.0,1.0,1.0,1.0,1.0,,3.3,1.0
ae9932b3-2ab5-597d-b409-6add5dee6584,2,Group 2,1.0,Firm 1,Firm 1_ae9932b3,,Thu Dec 04 2025 11:06:23 GMT-0800 (Pacific Standard Time),Firm 1_ae9932b3,3 (Meets Standard),3 (Meets Standard),2 (Below Standard),3 (Meets Standard),2 (Below Standard),2 (Below Standard),2 (Below Standard),2 (Below Standard),2 (Below Standard),2 (Below Standard),3 (Meets Standard),3 (Meets Standard),3 (Meets Standard),3 (Meets Standard),3 (Meets Standard),2dfcafe6-1583-5669-8a0f-49b9cb44f4b9,135.0,110.0,3.0,3.0,2.0,3.0,2.0,2.0,2.0,2.0,2.0,2.0,3.0,3.0,3.0,3.0,3.0,False,,,,,,,,,,,,,,,,3.0,3.0,2.0,3.0,2.0,2.0,2.0,2.0,2.0,2.0,3.0,3.0,3.0,3.0,3.0,,2.3,3.0
4172dcd9-39ce-514f-ae33-22e2c2c6053c,2,Group 1,1.0,Firm 1,Firm 1_4172dcd9,,Thu Dec 04 2025 11:08:32 GMT-0800 (Pacific Standard Time),Firm 1_4172dcd9,3 (Meets Standard),2 (Below Standard),3 (Meets Standard),3 (Meets Standard),2 (Below Standard),2 (Below Standard),2 (Below Standard),2 (Below Standard),2 (Below Standard),2 (Below Standard),3 (Meets Standard),3 (Meets Standard),3 (Meets Standard),3 (Meets Standard),3 (Meets Standard),2dfcafe6-1583-5669-8a0f-49b9cb44f4b9,142.0,40.0,3.0,2.0,3.0,3.0,2.0,2.0,2.0,2.0,2.0,2.0,3.0,3.0,3.0,3.0,3.0,False,,,,,,,,,,,,,,,,3.0,2.0,3.0,3.0,2.0,2.0,2.0,2.0,2.0,2.0,3.0,3.0,3.0,3.0,3.0,,2.3,3.0
15ac974a-1e2b-50ce-aecc-7f9988d1426c,2,Group 2,0.0,Firm 1,Firm 1_15ac974a,,Thu Dec 04 2025 11:10:22 GMT-0800 (Pacific Standard Time),Firm 1_15ac974a,3 (Meets Standard),3 (Meets Standard),3 (Meets Standard),4 (Above Standard),3 (Meets Standard),2 (Below Standard),3 (Meets Standard),3 (Meets Standard),3 (Meets Standard),3 (Meets Standard),3 (Meets Standard),3 (Meets Standard),3 (Meets Standard),3 (Meets Standard),3 (Meets Standard),2dfcafe6-1583-5669-8a0f-49b9cb44f4b9,66.0,100.0,3.0,3.0,3.0,4.0,3.0,2.0,3.0,3.0,3.0,3.0,3.0,3.0,3.0,3.0,3.0,False,,,,,,,,,,,,,,,,3.0,3.0,3.0,4.0,3.0,2.0,3.0,3.0,3.0,3.0,3.0,3.0,3.0,3.0,3.0,,3.0,3.0
28225b05-80fe-5a27-80b0-50adf97620d6,2,Group 2,1.0,Firm 1,Firm 1_28225b05,,Thu Dec 04 2025 11:33:18 GMT-0800 (Pacific Standard Time),Firm 1_28225b05,2 (Below Standard),3 (Meets Standard),3 (Meets Standard),3 (Meets Standard),3 (Meets Standard),3 (Meets Standard),3 (Meets Standard),2 (Below Standard),3 (Meets Standard),3 (Meets Standard),2 (Below Standard),2 (Below Standard),2 (Below Standard),2 (Below Standard),1 (Far Below Standard),2e61a7b3-d753-52d1-b80b-add6dc3998c1,94.0,68.0,2.0,3.0,3.0,3.0,3.0,3.0,3.0,2.0,3.0,3.0,2.0,2.0,2.0,2.0,1.0,False,,,,,,,,,,,,,,,,2.0,3.0,3.0,3.0,3.0,3.0,3.0,2.0,3.0,3.0,2.0,2.0,2.0,2.0,1.0,,2.8,1.8
1fa3d8d4-a2ae-5a1c-844a-785e6d52c542,2,Group 2,0.0,Firm 1,Firm 1_1fa3d8d4,,Thu Dec 04 2025 11:35:07 GMT-0800 (Pacific Standard Time),Firm 1_1fa3d8d4,3 (Meets Standard),3 (Meets Standard),3 (Meets Standard),3 (Meets Standard),4 (Above Standard),3 (Meets Standard),3 (Meets Standard),3 (Meets Standard),3 (Meets Standard),3 (Meets Standard),2 (Below Standard),3 (Meets Standard),2 (Below Standard),3 (Meets Standard),3 (Meets Standard),eb314089-e101-5857-9b74-3a7e96f8ed6b,141.0,98.0,3.0,3.0,3.0,3.0,4.0,3.0,3.0,3.0,3.0,3.0,2.0,3.0,2.0,3.0,3.0,False,,,,,,,,,,,,,,,,3.0,3.0,3.0,3.0,4.0,3.0,3.0,3.0,3.0,3.0,2.0,3.0,2.0,3.0,3.0,,3.1,2.6
97118f49-4d52-5e9a-8993-ee74af786d55,2,Group 1,1.0,Firm 1,Firm 1_97118f49,,Thu Dec 04 2025 11:35:35 GMT-0800 (Pacific Standard Time),Firm 1_97118f49,3 (Meets Standard),4 (Above Standard),4 (Above Standard),3 (Meets Standard),4 (Above Standard),3 (Meets Standard),4 (Above Standard),3 (Meets Standard),3 (Meets Standard),4 (Above Standard),2 (Below Standard),3 (Meets Standard),3 (Meets Standard),3 (Meets Standard),2 (Below Standard),2e61a7b3-d753-52d1-b80b-add6dc3998c1,102.0,45.0,3.0,4.0,4.0,3.0,4.0,3.0,4.0,3.0,3.0,4.0,2.0,3.0,3.0,3.0,2.0,False,,,,,,,,,,,,,,,,3.0,4.0,4.0,3.0,4.0,3.0,4.0,3.0,3.0,4.0,2.0,3.0,3.0,3.0,2.0,,3.5,2.6
38a12468-08d0-5610-8db9-1a56d5202680,2,Group 2,1.0,Firm 1,Firm 1_38a12468,,Thu Dec 04 2025 11:36:27 GMT-0800 (Pacific Standard Time),Firm 1_38a12468,4 (Above Standard),4 (Above Standard),4 (Above Standard),4 (Above Standard),5 (Exceptional),3 (Meets Standard),4 (Above Standard),3 (Meets Standard),4 (Above Standard),4 (Above Standard),3 (Meets Standard),3 (Meets Standard),2 (Below Standard),2 (Below Standard),3 (Meets Standard),eb314089-e101-5857-9b74-3a7e96f8ed6b,180.0,60.0,4.0,4.0,4.0,4.0,5.0,3.0,4.0,3.0,4.0,4.0,3.0,3.0,2.0,2.0,3.0,False,,,,,,,,,,,,,,,,4.0,4.0,4.0,4.0,5.0,3.0,4.0,3.0,4.0,4.0,3.0,3.0,2.0,2.0,3.0,,3.9,2.6
ee8c00c1-e842-5a90-80bb-05b78a089a9b,2,Group 2,1.0,Firm 1,Firm 1_ee8c00c1,,Thu Dec 04 2025 11:41:12 GMT-0800 (Pacific Standard Time),Firm 1_ee8c00c1,2 (Below Standard),3 (Meets Standard),3 (Meets Standard),2 (Below Standard),3 (Meets Standard),2 (Below Standard),3 (Meets Standard),2 (Below Standard),2 (Below Standard),3 (Meets Standard),1 (Far Below Standard),1 (Far Below Standard),1 (Far Below Standard),1 (Far Below Standard),1 (Far Below Standard),2e61a7b3-d753-52d1-b80b-add6dc3998c1,99.0,,2.0,3.0,3.0,2.0,3.0,2.0,3.0,2.0,2.0,3.0,1.0,1.0,1.0,1.0,1.0,False,,,,,,,,,,,,,,,,2.0,3.0,3.0,2.0,3.0,2.0,3.0,2.0,2.0,3.0,1.0,1.0,1.0,1.0,1.0,,2.5,1.0
287c05d8-1bc8-5ce5-98f2-98e46a27b55b,2,Group 2,1.0,Firm 1,Firm 1_287c05d8,,Thu Dec 04 2025 11:43:47 GMT-0800 (Pacific Standard Time),Firm 1_287c05d8,2 (Below Standard),3 (Meets Standard),3 (Meets Standard),3 (Meets Standard),3 (Meets Standard),2 (Below Standard),3 (Meets Standard),2 (Below Standard),2 (Below Standard),3 (Meets Standard),3 (Meets Standard),3 (Meets Standard),4 (Above Standard),3 (Meets Standard),3 (Meets Standard),2e61a7b3-d753-52d1-b80b-add6dc3998c1,102.0,40.0,2.0,3.0,3.0,3.0,3.0,2.0,3.0,2.0,2.0,3.0,3.0,3.0,4.0,3.0,3.0,False,,,,,,,,,,,,,,,,2.0,3.0,3.0,3.0,3.0,2.0,3.0,2.0,2.0,3.0,3.0,3.0,4.0,3.0,3.0,,2.6,3.2
9b71fb9a-d7b5-553a-a170-aef84e85ce6d,2,Group 2,1.0,Firm 1,Firm 1_9b71fb9a,,Thu Dec 04 2025 11:46:43 GMT-0800 (Pacific Standard Time),Firm 1_9b71fb9a,4 (Above Standard),3 (Meets Standard),4 (Above Standard),3 (Meets Standard),3 (Meets Standard),2 (Below Standard),2 (Below Standard),3 (Meets Standard),2 (Below Standard),2 (Below Standard),2 (Below Standard),3 (Meets Standard),2 (Below Standard),3 (Meets Standard),2 (Below Standard),2e61a7b3-d753-52d1-b80b-add6dc3998c1,105.0,93.0,4.0,3.0,4.0,3.0,3.0,2.0,2.0,3.0,2.0,2.0,2.0,3.0,2.0,3.0,2.0,False,,,,,,,,,,,,,,,,4.0,3.0,4.0,3.0,3.0,2.0,2.0,3.0,2.0,2.0,2.0,3.0,2.0,3.0,2.0,,2.8,2.4
299d8879-b858-5699-a6da-3f574133e106,2,Group 2,1.0,Firm 1,Firm 1_299d8879,,Thu Dec 04 2025 11:49:01 GMT-0800 (Pacific Standard Time),Firm 1_299d8879,4 (Above Standard),4 (Above Standard),4 (Above Standard),4 (Above Standard),5 (Exceptional),3 (Meets Standard),4 (Above Standard),4 (Above Standard),3 (Meets Standard),4 (Above Standard),3 (Meets Standard),3 (Meets Standard),3 (Meets Standard),3 (Meets Standard),4 (Above Standard),eb314089-e101-5857-9b74-3a7e96f8ed6b,98.0,74.0,4.0,4.0,4.0,4.0,5.0,3.0,4.0,4.0,3.0,4.0,3.0,3.0,3.0,3.0,4.0,False,,,,,,,,,,,,,,,,4.0,4.0,4.0,4.0,5.0,3.0,4.0,4.0,3.0,4.0,3.0,3.0,3.0,3.0,4.0,,3.9,3.2
299d8879-b858-5699-a6da-3f574133e106,2,Group 2,1.0,Firm 1,Firm 1_299d8879,,Thu Dec 04 2025 12:24:59 GMT-0800 (Pacific Standard Time),Firm 1_299d8879,3 (Meets Standard),3 (Meets Standard),3 (Meets Standard),4 (Above Standard),3 (Meets Standard),3 (Meets Standard),2 (Below Standard),3 (Meets Standard),2 (Below Standard),3 (Meets Standard),3 (Meets Standard),3 (Meets Standard),3 (Meets Standard),2 (Below Standard),3 (Meets Standard),2dfcafe6-1583-5669-8a0f-49b9cb44f4b9,98.0,74.0,3.0,3.0,3.0,4.0,3.0,3.0,2.0,3.0,2.0,3.0,3.0,3.0,3.0,2.0,3.0,False,,,,,,,,,,,,,,,,3.0,3.0,3.0,4.0,3.0,3.0,2.0,3.0,2.0,3.0,3.0,3.0,3.0,2.0,3.0,,2.9,2.8
38a12468-08d0-5610-8db9-1a56d5202680,2,Group 2,1.0,Firm 1,Firm 1_38a12468,,Thu Dec 04 2025 12:27:38 GMT-0800 (Pacific Standard Time),Firm 1_38a12468,3 (Meets Standard),3 (Meets Standard),3 (Meets Standard),3 (Meets Standard),3 (Meets Standard),3 (Meets Standard),3 (Meets Standard),3 (Meets Standard),3 (Meets Standard),3 (Meets Standard),3 (Meets Standard),2 (Below Standard),3 (Meets Standard),3 (Meets Standard),3 (Meets Standard),2dfcafe6-1583-5669-8a0f-49b9cb44f4b9,180.0,60.0,3.0,3.0,3.0,3.0,3.0,3.0,3.0,3.0,3.0,3.0,3.0,2.0,3.0,3.0,3.0,False,,,,,,,,,,,,,,,,3.0,3.0,3.0,3.0,3.0,3.0,3.0,3.0,3.0,3.0,3.0,2.0,3.0,3.0,3.0,,3.0,2.8
1fa3d8d4-a2ae-5a1c-844a-785e6d52c542,2,Group 2,0.0,Firm 1,Firm 1_1fa3d8d4,,Thu Dec 04 2025 12:30:36 GMT-0800 (Pacific Standard Time),Firm 1_1fa3d8d4,3 (Meets Standard),3 (Meets Standard),3 (Meets Standard),3 (Meets Standard),3 (Meets Standard),3 (Meets Standard),3 (Meets Standard),3 (Meets Standard),3 (Meets Standard),3 (Meets Standard),2 (Below Standard),2 (Below Standard),3 (Meets Standard),3 (Meets Standard),3 (Meets Standard),2dfcafe6-1583-5669-8a0f-49b9cb44f4b9,141.0,98.0,3.0,3.0,3.0,3.0,3.0,3.0,3.0,3.0,3.0,3.0,2.0,2.0,3.0,3.0,3.0,False,,,,,,,,,,,,,,,,3.0,3.0,3.0,3.0,3.0,3.0,3.0,3.0,3.0,3.0,2.0,2.0,3.0,3.0,3.0,,3.0,2.6
b1de5495-d371-5761-b9d6-a3af62921641,2,Group 2,1.0,Firm 1,Firm 1_b1de5495,,Wed Dec 10 2025 13:34:04 GMT-0800 (Pacific Standard Time),Firm 1_b1de5495,3 (Meets Standard),3 (Meets Standard),3 (Meets Standard),3 (Meets Standard),4 (Above Standard),3 (Meets Standard),3 (Meets Standard),3 (Meets Standard),3 (Meets Standard),4 (Above Standard),3 (Meets Standard),3 (Meets Standard),3 (Meets Standard),3 (Meets Standard),3 (Meets Standard),eb314089-e101-5857-9b74-3a7e96f8ed6b,140.0,75.0,3.0,3.0,3.0,3.0,4.0,3.0,3.0,3.0,3.0,4.0,3.0,3.0,3.0,3.0,3.0,False,,,,,,,,,,,,,,,,3.0,3.0,3.0,3.0,4.0,3.0,3.0,3.0,3.0,4.0,3.0,3.0,3.0,3.0,3.0,,3.2,3.0
a85153f2-f4f2-5bf8-9f5a-95adf22610e1,2,Group 2,1.0,Firm 1,Firm 1_a85153f2,,Wed Dec 10 2025 13:38:19 GMT-0800 (Pacific Standard Time),Firm 1_a85153f2,3 (Meets Standard),4 (Above Standard),2 (Below Standard),3 (Meets Standard),4 (Above Standard),3 (Meets Standard),3 (Meets Standard),3 (Meets Standard),3 (Meets Standard),4 (Above Standard),3 (Meets Standard),3 (Meets Standard),3 (Meets Standard),3 (Meets Standard),3 (Meets Standard),eb314089-e101-5857-9b74-3a7e96f8ed6b,40.0,80.0,3.0,4.0,2.0,3.0,4.0,3.0,3.0,3.0,3.0,4.0,3.0,3.0,3.0,3.0,3.0,False,,,,,,,,,,,,,,,,3.0,4.0,2.0,3.0,4.0,3.0,3.0,3.0,3.0,4.0,3.0,3.0,3.0,3.0,3.0,,3.2,3.0
5f8586e1-b467-58d7-a3f9-73d2b30b2189,2,Group 2,1.0,Firm 1,Firm 1_5f8586e1,,Wed Dec 10 2025 13:43:11 GMT-0800 (Pacific Standard Time),Firm 1_5f8586e1,4 (Above Standard),4 (Above Standard),4 (Above Standard),4 (Above Standard),4 (Above Standard),3 (Meets Standard),3 (Meets Standard),3 (Meets Standard),3 (Meets Standard),4 (Above Standard),3 (Meets Standard),4 (Above Standard),3 (Meets Standard),3 (Meets Standard),3 (Meets Standard),eb314089-e101-5857-9b74-3a7e96f8ed6b,113.0,110.0,4.0,4.0,4.0,4.0,4.0,3.0,3.0,3.0,3.0,4.0,3.0,4.0,3.0,3.0,3.0,False,,,,,,,,,,,,,,,,4.0,4.0,4.0,4.0,4.0,3.0,3.0,3.0,3.0,4.0,3.0,4.0,3.0,3.0,3.0,,3.6,3.2
7c985637-fc36-5dba-9643-fcb25b88f805,2,Group 2,0.0,Firm 1,Firm 1_7c985637,,Wed Dec 10 2025 13:48:06 GMT-0800 (Pacific Standard Time),Firm 1_7c985637,3 (Meets Standard),4 (Above Standard),3 (Meets Standard),4 (Above Standard),4 (Above Standard),3 (Meets Standard),3 (Meets Standard),3 (Meets Standard),3 (Meets Standard),4 (Above Standard),3 (Meets Standard),3 (Meets Standard),3 (Meets Standard),3 (Meets Standard),3 (Meets Standard),eb314089-e101-5857-9b74-3a7e96f8ed6b,210.0,60.0,3.0,4.0,3.0,4.0,4.0,3.0,3.0,3.0,3.0,4.0,3.0,3.0,3.0,3.0,3.0,False,,,,,,,,,,,,,,,,3.0,4.0,3.0,4.0,4.0,3.0,3.0,3.0,3.0,4.0,3.0,3.0,3.0,3.0,3.0,,3.4,3.0
8bc09ee7-8082-5b31-a844-9fda16660a99,2,Group 1,1.0,Firm 1,Firm 1_8bc09ee7,,Wed Dec 10 2025 13:53:57 GMT-0800 (Pacific Standard Time),Firm 1_8bc09ee7,3 (Meets Standard),3 (Meets Standard),3 (Meets Standard),2 (Below Standard),3 (Meets Standard),2 (Below Standard),2 (Below Standard),2 (Below Standard),2 (Below Standard),1 (Far Below Standard),2 (Below Standard),2 (Below Standard),3 (Meets Standard),2 (Below Standard),2 (Below Standard),eb314089-e101-5857-9b74-3a7e96f8ed6b,78.0,72.0,3.0,3.0,3.0,2.0,3.0,2.0,2.0,2.0,2.0,1.0,2.0,2.0,3.0,2.0,2.0,False,,,,,,,,,,,,,,,,3.0,3.0,3.0,2.0,3.0,2.0,2.0,2.0,2.0,1.0,2.0,2.0,3.0,2.0,2.0,,2.3,2.2
b42d84a9-b936-5049-9f60-c93ab90a106e,2,Group 1,1.0,Firm 1,Firm 1_b42d84a9,,Wed Dec 10 2025 13:58:03 GMT-0800 (Pacific Standard Time),Firm 1_b42d84a9,3 (Meets Standard),3 (Meets Standard),4 (Above Standard),3 (Meets Standard),3 (Meets Standard),3 (Meets Standard),4 (Above Standard),3 (Meets Standard),3 (Meets Standard),4 (Above Standard),2 (Below Standard),3 (Meets Standard),2 (Below Standard),2 (Below Standard),3 (Meets Standard),eb314089-e101-5857-9b74-3a7e96f8ed6b,90.0,90.0,3.0,3.0,4.0,3.0,3.0,3.0,4.0,3.0,3.0,4.0,2.0,3.0,2.0,2.0,3.0,False,,,,,,,,,,,,,,,,3.0,3.0,4.0,3.0,3.0,3.0,4.0,3.0,3.0,4.0,2.0,3.0,2.0,2.0,3.0,,3.3,2.4
3bbe29b6-00dc-5331-9fad-5d40ff285812,2,Group 1,1.0,Firm 1,Firm 1_3bbe29b6,,Wed Dec 10 2025 14:15:35 GMT-0800 (Pacific Standard Time),Firm 1_3bbe29b6,3 (Meets Standard),3 (Meets Standard),2 (Below Standard),3 (Meets Standard),3 (Meets Standard),3 (Meets Standard),3 (Meets Standard),3 (Meets Standard),3 (Meets Standard),4 (Above Standard),,,,,,eb314089-e101-5857-9b74-3a7e96f8ed6b,114.0,40.0,3.0,3.0,2.0,3.0,3.0,3.0,3.0,3.0,3.0,4.0,,,,,,False,,,,,,,,,,,,,,,,3.0,3.0,2.0,3.0,3.0,3.0,3.0,3.0,3.0,4.0,,,,,,,3.0,
1d5cc583-47da-5145-a753-9a82a8a48de3,2,Group 1,1.0,Firm 1,Firm 1_1d5cc583,,Wed Dec 10 2025 14:25:11 GMT-0800 (Pacific Standard Time),Firm 1_1d5cc583,3 (Meets Standard),3 (Meets Standard),3 (Meets Standard),3 (Meets Standard),3 (Meets Standard),3 (Meets Standard),3 (Meets Standard),3 (Meets Standard),3 (Meets Standard),3 (Meets Standard),2 (Below Standard),3 (Meets Standard),3 (Meets Standard),2 (Below Standard),2 (Below Standard),eb314089-e101-5857-9b74-3a7e96f8ed6b,120.0,106.0,3.0,3.0,3.0,3.0,3.0,3.0,3.0,3.0,3.0,3.0,2.0,3.0,3.0,2.0,2.0,False,,,,,,,,,,,,,,,,3.0,3.0,3.0,3.0,3.0,3.0,3.0,3.0,3.0,3.0,2.0,3.0,3.0,2.0,2.0,,3.0,2.4
a85153f2-f4f2-5bf8-9f5a-95adf22610e1,2,Group 2,1.0,Firm 1,Firm 1_a85153f2,,Mon Dec 15 2025 07:50:01 GMT-0800 (Pacific Standard Time),Firm 1_a85153f2,4 (Above Standard),4 (Above Standard),3 (Meets Standard),4 (Above Standard),4 (Above Standard),3 (Meets Standard),3 (Meets Standard),2 (Below Standard),2 (Below Standard),3 (Meets Standard),3 (Meets Standard),4 (Above Standard),3 (Meets Standard),3 (Meets Standard),3 (Meets Standard),264e35df-e7c8-5bab-853d-30ab145ff01f,40.0,80.0,4.0,4.0,3.0,4.0,4.0,3.0,3.0,2.0,2.0,3.0,3.0,4.0,3.0,3.0,3.0,False,,,,,,,,,,,,,,,,4.0,4.0,3.0,4.0,4.0,3.0,3.0,2.0,2.0,3.0,3.0,4.0,3.0,3.0,3.0,,3.2,3.2
5f8586e1-b467-58d7-a3f9-73d2b30b2189,2,Group 2,1.0,Firm 1,Firm 1_5f8586e1,,Mon Dec 15 2025 07:53:03 GMT-0800 (Pacific Standard Time),Firm 1_5f8586e1,3 (Meets Standard),3 (Meets Standard),2 (Below Standard),2 (Below Standard),2 (Below Standard),3 (Meets Standard),3 (Meets Standard),2 (Below Standard),3 (Meets Standard),2 (Below Standard),3 (Meets Standard),3 (Meets Standard),2 (Below Standard),3 (Meets Standard),3 (Meets Standard),264e35df-e7c8-5bab-853d-30ab145ff01f,113.0,110.0,3.0,3.0,2.0,2.0,2.0,3.0,3.0,2.0,3.0,2.0,3.0,3.0,2.0,3.0,3.0,False,,,,,,,,,,,,,,,,3.0,3.0,2.0,2.0,2.0,3.0,3.0,2.0,3.0,2.0,3.0,3.0,2.0,3.0,3.0,,2.5,2.8
7c985637-fc36-5dba-9643-fcb25b88f805,2,Group 2,0.0,Firm 1,Firm 1_7c985637,,Mon Dec 15 2025 07:56:31 GMT-0800 (Pacific Standard Time),Firm 1_7c985637,4 (Above Standard),4 (Above Standard),3 (Meets Standard),3 (Meets Standard),3 (Meets Standard),3 (Meets Standard),3 (Meets Standard),2 (Below Standard),3 (Meets Standard),3 (Meets Standard),3 (Meets Standard),3 (Meets Standard),2 (Below Standard),2 (Below Standard),2 (Below Standard),264e35df-e7c8-5bab-853d-30ab145ff01f,180.0,60.0,4.0,4.0,3.0,3.0,3.0,3.0,3.0,2.0,3.0,3.0,3.0,3.0,2.0,2.0,2.0,False,,,,,,,,,,,,,,,,4.0,4.0,3.0,3.0,3.0,3.0,3.0,2.0,3.0,3.0,3.0,3.0,2.0,2.0,2.0,,3.1,2.4
8bc09ee7-8082-5b31-a844-9fda16660a99,2,Group 1,1.0,Firm 1,Firm 1_8bc09ee7,,Mon Dec 15 2025 07:59:58 GMT-0800 (Pacific Standard Time),Firm 1_8bc09ee7,3 (Meets Standard),2 (Below Standard),3 (Meets Standard),2 (Below Standard),2 (Below Standard),2 (Below Standard),2 (Below Standard),1 (Far Below Standard),2 (Below Standard),1 (Far Below Standard),3 (Meets Standard),3 (Meets Standard),2 (Below Standard),2 (Below Standard),2 (Below Standard),264e35df-e7c8-5bab-853d-30ab145ff01f,78.0,72.0,3.0,2.0,3.0,2.0,2.0,2.0,2.0,1.0,2.0,1.0,3.0,3.0,2.0,2.0,2.0,False,,,,,,,,,,,,,,,,3.0,2.0,3.0,2.0,2.0,2.0,2.0,1.0,2.0,1.0,3.0,3.0,2.0,2.0,2.0,,2.0,2.4
b42d84a9-b936-5049-9f60-c93ab90a106e,2,Group 1,1.0,Firm 1,Firm 1_b42d84a9,,Mon Dec 15 2025 08:01:46 GMT-0800 (Pacific Standard Time),Firm 1_b42d84a9,3 (Meets Standard),3 (Meets Standard),2 (Below Standard),3 (Meets Standard),3 (Meets Standard),3 (Meets Standard),3 (Meets Standard),3 (Meets Standard),3 (Meets Standard),3 (Meets Standard),3 (Meets Standard),3 (Meets Standard),3 (Meets Standard),3 (Meets Standard),3 (Meets Standard),264e35df-e7c8-5bab-853d-30ab145ff01f,90.0,90.0,3.0,3.0,2.0,3.0,3.0,3.0,3.0,3.0,3.0,3.0,3.0,3.0,3.0,3.0,3.0,False,,,,,,,,,,,,,,,,3.0,3.0,2.0,3.0,3.0,3.0,3.0,3.0,3.0,3.0,3.0,3.0,3.0,3.0,3.0,,2.9,3.0
c395e2f8-5888-5053-ada4-a02e39247e17,2,Group 2,1.0,Firm 1,Firm 1_c395e2f8,,Mon Dec 15 2025 13:37:18 GMT-0800 (Pacific Standard Time),Firm 1_c395e2f8,2 (Below Standard),3 (Meets Standard),3 (Meets Standard),3 (Meets Standard),3 (Meets Standard),2 (Below Standard),2 (Below Standard),2 (Below Standard),2 (Below Standard),1 (Far Below Standard),,,,,,eb314089-e101-5857-9b74-3a7e96f8ed6b,,,2.0,3.0,3.0,3.0,3.0,2.0,2.0,2.0,2.0,1.0,,,,,,False,,,,,,,,,,,,,,,,2.0,3.0,3.0,3.0,3.0,2.0,2.0,2.0,2.0,1.0,,,,,,,2.3,
b1de5495-d371-5761-b9d6-a3af62921641,2,Group 2,1.0,Firm 1,Firm 1_b1de5495,,Mon Dec 15 2025 14:26:09 GMT-0800 (Pacific Standard Time),Firm 1_b1de5495,4 (Above Standard),4 (Above Standard),4 (Above Standard),4 (Above Standard),4 (Above Standard),4 (Above Standard),4 (Above Standard),4 (Above Standard),4 (Above Standard),4 (Above Standard),3 (Meets Standard),3 (Meets Standard),4 (Above Standard),3 (Meets Standard),3 (Meets Standard),04f1990c-7a83-52b0-b457-c850750be3af,140.0,75.0,4.0,4.0,4.0,4.0,4.0,4.0,4.0,4.0,4.0,4.0,3.0,3.0,4.0,3.0,3.0,False,,,,,,,,,,,,,,,,4.0,4.0,4.0,4.0,4.0,4.0,4.0,4.0,4.0,4.0,3.0,3.0,4.0,3.0,3.0,,4.0,3.2
1d5cc583-47da-5145-a753-9a82a8a48de3,2,Group 1,1.0,Firm 1,Firm 1_1d5cc583,,Mon Dec 15 2025 14:27:24 GMT-0800 (Pacific Standard Time),Firm 1_1d5cc583,4 (Above Standard),4 (Above Standard),4 (Above Standard),4 (Above Standard),4 (Above Standard),4 (Above Standard),4 (Above Standard),4 (Above Standard),4 (Above Standard),4 (Above Standard),3 (Meets Standard),3 (Meets Standard),3 (Meets Standard),3 (Meets Standard),3 (Meets Standard),04f1990c-7a83-52b0-b457-c850750be3af,120.0,106.0,4.0,4.0,4.0,4.0,4.0,4.0,4.0,4.0,4.0,4.0,3.0,3.0,3.0,3.0,3.0,False,,,,,,,,,,,,,,,,4.0,4.0,4.0,4.0,4.0,4.0,4.0,4.0,4.0,4.0,3.0,3.0,3.0,3.0,3.0,,4.0,3.0
3bbe29b6-00dc-5331-9fad-5d40ff285812,2,Group 1,1.0,Firm 1,Firm 1_3bbe29b6,,Tue Dec 16 2025 10:52:50 GMT-0800 (Pacific Standard Time),Firm 1_3bbe29b6,4 (Above Standard),4 (Above Standard),3 (Meets Standard),3 (Meets Standard),4 (Above Standard),4 (Above Standard),4 (Above Standard),3 (Meets Standard),3 (Meets Standard),4 (Above Standard),1 (Far Below Standard),1 (Far Below Standard),1 (Far Below Standard),1 (Far Below Standard),1 (Far Below Standard),2dfcafe6-1583-5669-8a0f-49b9cb44f4b9,114.0,40.0,4.0,4.0,3.0,3.0,4.0,4.0,4.0,3.0,3.0,4.0,1.0,1.0,1.0,1.0,1.0,False,,,,,,,,,,,,,,,,4.0,4.0,3.0,3.0,4.0,4.0,4.0,3.0,3.0,4.0,1.0,1.0,1.0,1.0,1.0,,3.6,1.0
c395e2f8-5888-5053-ada4-a02e39247e17,2,Group 2,1.0,Firm 1,Firm 1_c395e2f8,,Tue Dec 16 2025 10:55:42 GMT-0800 (Pacific Standard Time),Firm 1_c395e2f8,4 (Above Standard),4 (Above Standard),4 (Above Standard),4 (Above Standard),4 (Above Standard),2 (Below Standard),2 (Below Standard),2 (Below Standard),3 (Meets Standard),3 (Meets Standard),,,,,,2dfcafe6-1583-5669-8a0f-49b9cb44f4b9,,,4.0,4.0,4.0,4.0,4.0,2.0,2.0,2.0,3.0,3.0,,,,,,False,,,,,,,,,,,,,,,,4.0,4.0,4.0,4.0,4.0,2.0,2.0,2.0,3.0,3.0,,,,,,,3.2,
dd9c24ef-209c-5c1e-9fb6-d8a4a4ebdc9a,2,Group 2,1.0,Firm 1,Firm 1_dd9c24ef,,Fri Dec 26 2025 04:53:58 GMT-0800 (Pacific Standard Time),Firm 1_dd9c24ef,3 (Meets Standard),4 (Above Standard),4 (Above Standard),4 (Above Standard),4 (Above Standard),3 (Meets Standard),4 (Above Standard),4 (Above Standard),4 (Above Standard),4 (Above Standard),2 (Below Standard),3 (Meets Standard),3 (Meets Standard),3 (Meets Standard),2 (Below Standard),eb314089-e101-5857-9b74-3a7e96f8ed6b,130.0,135.0,3.0,4.0,4.0,4.0,4.0,3.0,4.0,4.0,4.0,4.0,2.0,3.0,3.0,3.0,2.0,False,,,,,,,,,,,,,,,,3.0,4.0,4.0,4.0,4.0,3.0,4.0,4.0,4.0,4.0,2.0,3.0,3.0,3.0,2.0,,3.8,2.6
dd9c24ef-209c-5c1e-9fb6-d8a4a4ebdc9a,2,Group 2,1.0,Firm 1,Firm 1_dd9c24ef,,Tue Dec 30 2025 06:54:13 GMT-0800 (Pacific Standard Time),Firm 1_dd9c24ef,3 (Meets Standard),2 (Below Standard),2 (Below Standard),3 (Meets Standard),3 (Meets Standard),3 (Meets Standard),3 (Meets Standard),3 (Meets Standard),3 (Meets Standard),3 (Meets Standard),2 (Below Standard),3 (Meets Standard),2 (Below Standard),2 (Below Standard),2 (Below Standard),264e35df-e7c8-5bab-853d-30ab145ff01f,130.0,135.0,3.0,2.0,2.0,3.0,3.0,3.0,3.0,3.0,3.0,3.0,2.0,3.0,2.0,2.0,2.0,False,,,,,,,,,,,,,,,,3.0,2.0,2.0,3.0,3.0,3.0,3.0,3.0,3.0,3.0,2.0,3.0,2.0,2.0,2.0,,2.8,2.2
6a408cef-e378-509e-b122-7020d4442de6,2,Group 2,1.0,Firm 2,Firm 2_6a408cef,,Wed Jan 14 2026 09:40:25 GMT-0800 (Pacific Standard Time),Firm 2_6a408cef,3 (Meets Standard),4 (Above Standard),4 (Above Standard),4 (Above Standard),4 (Above Standard),3 (Meets Standard),4 (Above Standard),4 (Above Standard),4 (Above Standard),4 (Above Standard),3 (Meets Standard),3 (Meets Standard),3 (Meets Standard),3 (Meets Standard),3 (Meets Standard),eb314089-e101-5857-9b74-3a7e96f8ed6b,110.0,70.0,3.0,4.0,4.0,4.0,4.0,3.0,4.0,4.0,4.0,4.0,3.0,3.0,3.0,3.0,3.0,False,,,,,,,,,,,,,,,,3.0,4.0,4.0,4.0,4.0,3.0,4.0,4.0,4.0,4.0,3.0,3.0,3.0,3.0,3.0,,3.8,3.0
15527170-9f0f-51c3-9987-2983f238cbf1,2,Group 2,1.0,Firm 2,Firm 2_15527170,,Wed Jan 14 2026 09:46:47 GMT-0800 (Pacific Standard Time),Firm 2_15527170,3 (Meets Standard),3 (Meets Standard),3 (Meets Standard),3 (Meets Standard),3 (Meets Standard),1 (Far Below Standard),3 (Meets Standard),3 (Meets Standard),2 (Below Standard),2 (Below Standard),2 (Below Standard),2 (Below Standard),3 (Meets Standard),2 (Below Standard),2 (Below Standard),eb314089-e101-5857-9b74-3a7e96f8ed6b,90.0,90.0,3.0,3.0,3.0,3.0,3.0,1.0,3.0,3.0,2.0,2.0,2.0,2.0,3.0,2.0,2.0,False,,,,,,,,,,,,,,,,3.0,3.0,3.0,3.0,3.0,1.0,3.0,3.0,2.0,2.0,2.0,2.0,3.0,2.0,2.0,,2.6,2.2
e019d218-d3f8-540b-9012-5aac92572bb6,2,Group 1,1.0,Firm 2,Firm 2_e019d218,,Wed Jan 14 2026 09:56:15 GMT-0800 (Pacific Standard Time),Firm 2_e019d218,3 (Meets Standard),4 (Above Standard),3 (Meets Standard),3 (Meets Standard),4 (Above Standard),3 (Meets Standard),3 (Meets Standard),3 (Meets Standard),3 (Meets Standard),4 (Above Standard),3 (Meets Standard),3 (Meets Standard),3 (Meets Standard),3 (Meets Standard),2 (Below Standard),eb314089-e101-5857-9b74-3a7e96f8ed6b,121.0,59.0,3.0,4.0,3.0,3.0,4.0,3.0,3.0,3.0,3.0,4.0,3.0,3.0,3.0,3.0,2.0,False,,,,,,,,,,,,,,,,3.0,4.0,3.0,3.0,4.0,3.0,3.0,3.0,3.0,4.0,3.0,3.0,3.0,3.0,2.0,,3.3,2.8
7984c7ab-7de8-5842-b747-321180c43dce,2,Group 2,1.0,Firm 2,Firm 2_7984c7ab,,Wed Jan 14 2026 10:11:39 GMT-0800 (Pacific Standard Time),Firm 2_7984c7ab,3 (Meets Standard),4 (Above Standard),4 (Above Standard),4 (Above Standard),4 (Above Standard),3 (Meets Standard),4 (Above Standard),4 (Above Standard),4 (Above Standard),4 (Above Standard),3 (Meets Standard),3 (Meets Standard),3 (Meets Standard),3 (Meets Standard),3 (Meets Standard),eb314089-e101-5857-9b74-3a7e96f8ed6b,25.0,75.0,3.0,4.0,4.0,4.0,4.0,3.0,4.0,4.0,4.0,4.0,3.0,3.0,3.0,3.0,3.0,False,,,,,,,,,,,,,,,,3.0,4.0,4.0,4.0,4.0,3.0,4.0,4.0,4.0,4.0,3.0,3.0,3.0,3.0,3.0,,3.8,3.0
7984c7ab-7de8-5842-b747-321180c43dce,2,Group 2,1.0,Firm 2,Firm 2_7984c7ab,,Fri Jan 16 2026 05:46:24 GMT-0800 (Pacific Standard Time),Firm 2_7984c7ab,3 (Meets Standard),4 (Above Standard),3 (Meets Standard),4 (Above Standard),4 (Above Standard),3 (Meets Standard),4 (Above Standard),3 (Meets Standard),3 (Meets Standard),3 (Meets Standard),4 (Above Standard),4 (Above Standard),3 (Meets Standard),3 (Meets Standard),3 (Meets Standard),264e35df-e7c8-5bab-853d-30ab145ff01f,25.0,75.0,3.0,4.0,3.0,4.0,4.0,3.0,4.0,3.0,3.0,3.0,4.0,4.0,3.0,3.0,3.0,False,,,,,,,,,,,,,,,,3.0,4.0,3.0,4.0,4.0,3.0,4.0,3.0,3.0,3.0,4.0,4.0,3.0,3.0,3.0,,3.4,3.4
6a408cef-e378-509e-b122-7020d4442de6,2,Group 2,1.0,Firm 2,Firm 2_6a408cef,,Fri Jan 16 2026 11:08:15 GMT-0800 (Pacific Standard Time),Firm 2_6a408cef,3 (Meets Standard),4 (Above Standard),4 (Above Standard),4 (Above Standard),4 (Above Standard),4 (Above Standard),4 (Above Standard),4 (Above Standard),4 (Above Standard),4 (Above Standard),3 (Meets Standard),3 (Meets Standard),3 (Meets Standard),3 (Meets Standard),3 (Meets Standard),04f1990c-7a83-52b0-b457-c850750be3af,110.0,70.0,3.0,4.0,4.0,4.0,4.0,4.0,4.0,4.0,4.0,4.0,3.0,3.0,3.0,3.0,3.0,False,,,,,,,,,,,,,,,,3.0,4.0,4.0,4.0,4.0,4.0,4.0,4.0,4.0,4.0,3.0,3.0,3.0,3.0,3.0,,3.9,3.0
07faca57-bbcc-5655-bdbe-b5454a40da34,2,Group 1,1.0,Firm 2,Firm 2_07faca57,,Fri Jan 16 2026 11:18:07 GMT-0800 (Pacific Standard Time),Firm 2_07faca57,3 (Meets Standard),4 (Above Standard),3 (Meets Standard),4 (Above Standard),4 (Above Standard),3 (Meets Standard),3 (Meets Standard),3 (Meets Standard),3 (Meets Standard),3 (Meets Standard),3 (Meets Standard),3 (Meets Standard),3 (Meets Standard),3 (Meets Standard),2 (Below Standard),eb314089-e101-5857-9b74-3a7e96f8ed6b,155.0,85.0,3.0,4.0,3.0,4.0,4.0,3.0,3.0,3.0,3.0,3.0,3.0,3.0,3.0,3.0,2.0,False,,,,,,,,,,,,,,,,3.0,4.0,3.0,4.0,4.0,3.0,3.0,3.0,3.0,3.0,3.0,3.0,3.0,3.0,2.0,,3.3,2.8
198001e7-9099-51fb-8928-1294eeb930f7,2,Group 2,1.0,Firm 2,Firm 2_198001e7,,Fri Jan 16 2026 11:25:06 GMT-0800 (Pacific Standard Time),Firm 2_198001e7,3 (Meets Standard),3 (Meets Standard),3 (Meets Standard),3 (Meets Standard),4 (Above Standard),4 (Above Standard),4 (Above Standard),3 (Meets Standard),3 (Meets Standard),4 (Above Standard),3 (Meets Standard),3 (Meets Standard),3 (Meets Standard),3 (Meets Standard),3 (Meets Standard),eb314089-e101-5857-9b74-3a7e96f8ed6b,77.0,85.0,3.0,3.0,3.0,3.0,4.0,4.0,4.0,3.0,3.0,4.0,3.0,3.0,3.0,3.0,3.0,False,,,,,,,,,,,,,,,,3.0,3.0,3.0,3.0,4.0,4.0,4.0,3.0,3.0,4.0,3.0,3.0,3.0,3.0,3.0,,3.4,3.0
bf8f2708-95cc-5b2f-96a4-074b2b2726f7,2,Group 2,1.0,Firm 2,Firm 2_bf8f2708,,Fri Jan 16 2026 11:30:54 GMT-0800 (Pacific Standard Time),Firm 2_bf8f2708,3 (Meets Standard),4 (Above Standard),4 (Above Standard),3 (Meets Standard),4 (Above Standard),2 (Below Standard),3 (Meets Standard),3 (Meets Standard),3 (Meets Standard),3 (Meets Standard),3 (Meets Standard),3 (Meets Standard),3 (Meets Standard),2 (Below Standard),2 (Below Standard),eb314089-e101-5857-9b74-3a7e96f8ed6b,90.0,60.0,3.0,4.0,4.0,3.0,4.0,2.0,3.0,3.0,3.0,3.0,3.0,3.0,3.0,2.0,2.0,False,,,,,,,,,,,,,,,,3.0,4.0,4.0,3.0,4.0,2.0,3.0,3.0,3.0,3.0,3.0,3.0,3.0,2.0,2.0,,3.2,2.6
e019d218-d3f8-540b-9012-5aac92572bb6,2,Group 1,1.0,Firm 2,Firm 2_e019d218,,Fri Jan 16 2026 12:05:19 GMT-0800 (Pacific Standard Time),Firm 2_e019d218,3 (Meets Standard),3 (Meets Standard),3 (Meets Standard),3 (Meets Standard),3 (Meets Standard),4 (Above Standard),3 (Meets Standard),3 (Meets Standard),4 (Above Standard),4 (Above Standard),3 (Meets Standard),3 (Meets Standard),3 (Meets Standard),4 (Above Standard),4 (Above Standard),2dfcafe6-1583-5669-8a0f-49b9cb44f4b9,121.0,59.0,3.0,3.0,3.0,3.0,3.0,4.0,3.0,3.0,4.0,4.0,3.0,3.0,3.0,4.0,4.0,False,,,,,,,,,,,,,,,,3.0,3.0,3.0,3.0,3.0,4.0,3.0,3.0,4.0,4.0,3.0,3.0,3.0,4.0,4.0,,3.3,3.4
bf8f2708-95cc-5b2f-96a4-074b2b2726f7,2,Group 2,1.0,Firm 2,Firm 2_bf8f2708,,Fri Jan 16 2026 12:08:10 GMT-0800 (Pacific Standard Time),Firm 2_bf8f2708,4 (Above Standard),4 (Above Standard),4 (Above Standard),4 (Above Standard),4 (Above Standard),3 (Meets Standard),3 (Meets Standard),3 (Meets Standard),3 (Meets Standard),3 (Meets Standard),3 (Meets Standard),3 (Meets Standard),3 (Meets Standard),4 (Above Standard),3 (Meets Standard),2dfcafe6-1583-5669-8a0f-49b9cb44f4b9,90.0,60.0,4.0,4.0,4.0,4.0,4.0,3.0,3.0,3.0,3.0,3.0,3.0,3.0,3.0,4.0,3.0,False,,,,,,,,,,,,,,,,4.0,4.0,4.0,4.0,4.0,3.0,3.0,3.0,3.0,3.0,3.0,3.0,3.0,4.0,3.0,,3.5,3.2
15527170-9f0f-51c3-9987-2983f238cbf1,2,Group 2,1.0,Firm 2,Firm 2_15527170,,Fri Jan 16 2026 14:19:07 GMT-0800 (Pacific Standard Time),Firm 2_15527170,3 (Meets Standard),3 (Meets Standard),3 (Meets Standard),3 (Meets Standard),2 (Below Standard),2 (Below Standard),3 (Meets Standard),3 (Meets Standard),2 (Below Standard),2 (Below Standard),3 (Meets Standard),3 (Meets Standard),3 (Meets Standard),3 (Meets Standard),3 (Meets Standard),2e61a7b3-d753-52d1-b80b-add6dc3998c1,90.0,90.0,3.0,3.0,3.0,3.0,2.0,2.0,3.0,3.0,2.0,2.0,3.0,3.0,3.0,3.0,3.0,False,,,,,,,,,,,,,,,,3.0,3.0,3.0,3.0,2.0,2.0,3.0,3.0,2.0,2.0,3.0,3.0,3.0,3.0,3.0,,2.6,3.0
198001e7-9099-51fb-8928-1294eeb930f7,2,Group 2,1.0,Firm 2,Firm 2_198001e7,,Fri Jan 16 2026 14:21:10 GMT-0800 (Pacific Standard Time),Firm 2_198001e7,2 (Below Standard),2 (Below Standard),3 (Meets Standard),3 (Meets Standard),2 (Below Standard),2 (Below Standard),3 (Meets Standard),3 (Meets Standard),3 (Meets Standard),4 (Above Standard),3 (Meets Standard),3 (Meets Standard),3 (Meets Standard),3 (Meets Standard),3 (Meets Standard),2e61a7b3-d753-52d1-b80b-add6dc3998c1,77.0,85.0,2.0,2.0,3.0,3.0,2.0,2.0,3.0,3.0,3.0,4.0,3.0,3.0,3.0,3.0,3.0,False,,,,,,,,,,,,,,,,2.0,2.0,3.0,3.0,2.0,2.0,3.0,3.0,3.0,4.0,3.0,3.0,3.0,3.0,3.0,,2.7,3.0
07faca57-bbcc-5655-bdbe-b5454a40da34,2,Group 1,1.0,Firm 2,Firm 2_07faca57,,Mon Jan 19 2026 06:34:30 GMT-0800 (Pacific Standard Time),Firm 2_07faca57,3 (Meets Standard),4 (Above Standard),3 (Meets Standard),4 (Above Standard),3 (Meets Standard),2 (Below Standard),3 (Meets Standard),2 (Below Standard),2 (Below Standard),3 (Meets Standard),3 (Meets Standard),3 (Meets Standard),2 (Below Standard),3 (Meets Standard),3 (Meets Standard),264e35df-e7c8-5bab-853d-30ab145ff01f,155.0,85.0,3.0,4.0,3.0,4.0,3.0,2.0,3.0,2.0,2.0,3.0,3.0,3.0,2.0,3.0,3.0,False,,,,,,,,,,,,,,,,3.0,4.0,3.0,4.0,3.0,2.0,3.0,2.0,2.0,3.0,3.0,3.0,2.0,3.0,3.0,,2.9,2.8
7089484c-92e7-5084-8acb-d9feb6f920f5,2,Group 2,1.0,Firm 2,Firm 2_7089484c,,Thu Jan 22 2026 06:55:41 GMT-0800 (Pacific Standard Time),Firm 2_7089484c,3 (Meets Standard),3 (Meets Standard),3 (Meets Standard),3 (Meets Standard),3 (Meets Standard),2 (Below Standard),2 (Below Standard),2 (Below Standard),2 (Below Standard),2 (Below Standard),2 (Below Standard),3 (Meets Standard),3 (Meets Standard),2 (Below Standard),2 (Below Standard),eb314089-e101-5857-9b74-3a7e96f8ed6b,92.0,35.0,3.0,3.0,3.0,3.0,3.0,2.0,2.0,2.0,2.0,2.0,2.0,3.0,3.0,2.0,2.0,False,,,,,,,,,,,,,,,,3.0,3.0,3.0,3.0,3.0,2.0,2.0,2.0,2.0,2.0,2.0,3.0,3.0,2.0,2.0,,2.5,2.4
5f155ac5-5ece-5e91-b0cb-e7afa524c9e8,2,Group 1,1.0,Firm 2,Firm 2_5f155ac5,,Thu Jan 22 2026 06:57:58 GMT-0800 (Pacific Standard Time),Firm 2_5f155ac5,3 (Meets Standard),4 (Above Standard),3 (Meets Standard),4 (Above Standard),4 (Above Standard),,,,,,3 (Meets Standard),3 (Meets Standard),3 (Meets Standard),3 (Meets Standard),2 (Below Standard),eb314089-e101-5857-9b74-3a7e96f8ed6b,65.0,115.0,3.0,4.0,3.0,4.0,4.0,,,,,,3.0,3.0,3.0,3.0,2.0,False,,,,,,,,,,,,,,,,3.0,4.0,3.0,4.0,4.0,,,,,,3.0,3.0,3.0,3.0,2.0,,3.6,2.8
7089484c-92e7-5084-8acb-d9feb6f920f5,2,Group 2,1.0,Firm 2,Firm 2_7089484c,,Thu Jan 22 2026 17:34:05 GMT-0800 (Pacific Standard Time),Firm 2_7089484c,2 (Below Standard),3 (Meets Standard),2 (Below Standard),3 (Meets Standard),2 (Below Standard),2 (Below Standard),3 (Meets Standard),2 (Below Standard),3 (Meets Standard),3 (Meets Standard),3 (Meets Standard),2 (Below Standard),2 (Below Standard),3 (Meets Standard),2 (Below Standard),264e35df-e7c8-5bab-853d-30ab145ff01f,92.0,35.0,2.0,3.0,2.0,3.0,2.0,2.0,3.0,2.0,3.0,3.0,3.0,2.0,2.0,3.0,2.0,False,,,,,,,,,,,,,,,,2.0,3.0,2.0,3.0,2.0,2.0,3.0,2.0,3.0,3.0,3.0,2.0,2.0,3.0,2.0,,2.5,2.4
5f155ac5-5ece-5e91-b0cb-e7afa524c9e8,2,Group 1,1.0,Firm 2,Firm 2_5f155ac5,,Thu Jan 22 2026 17:35:46 GMT-0800 (Pacific Standard Time),Firm 2_5f155ac5,2 (Below Standard),3 (Meets Standard),2 (Below Standard),3 (Meets Standard),2 (Below Standard),,,,,,3 (Meets Standard),2 (Below Standard),2 (Below Standard),3 (Meets Standard),3 (Meets Standard),264e35df-e7c8-5bab-853d-30ab145ff01f,65.0,115.0,2.0,3.0,2.0,3.0,2.0,,,,,,3.0,2.0,2.0,3.0,3.0,False,,,,,,,,,,,,,,,,2.0,3.0,2.0,3.0,2.0,,,,,,3.0,2.0,2.0,3.0,3.0,,2.4,2.6
15068612-35ca-54b2-8bc0-662ebe3db2c6,2,Group 2,1.0,Firm 2,Firm 2_15068612,,Thu Jan 22 2026 17:43:36 GMT-0800 (Pacific Standard Time),Firm 2_15068612,3 (Meets Standard),2 (Below Standard),2 (Below Standard),2 (Below Standard),3 (Meets Standard),3 (Meets Standard),3 (Meets Standard),3 (Meets Standard),3 (Meets Standard),2 (Below Standard),2 (Below Standard),2 (Below Standard),2 (Below Standard),2 (Below Standard),1 (Far Below Standard),eb314089-e101-5857-9b74-3a7e96f8ed6b,120.0,60.0,3.0,2.0,2.0,2.0,3.0,3.0,3.0,3.0,3.0,2.0,2.0,2.0,2.0,2.0,1.0,False,,,,,,,,,,,,,,,,3.0,2.0,2.0,2.0,3.0,3.0,3.0,3.0,3.0,2.0,2.0,2.0,2.0,2.0,1.0,,2.6,1.8
3e5ea9c7-a9c0-5609-b951-ef13610ba37f,2,Group 1,1.0,Firm 2,Firm 2_3e5ea9c7,,Thu Jan 22 2026 17:51:33 GMT-0800 (Pacific Standard Time),Firm 2_3e5ea9c7,1 (Far Below Standard),1 (Far Below Standard),1 (Far Below Standard),2 (Below Standard),1 (Far Below Standard),3 (Meets Standard),3 (Meets Standard),3 (Meets Standard),3 (Meets Standard),3 (Meets Standard),2 (Below Standard),3 (Meets Standard),3 (Meets Standard),3 (Meets Standard),2 (Below Standard),eb314089-e101-5857-9b74-3a7e96f8ed6b,120.0,120.0,1.0,1.0,1.0,2.0,1.0,3.0,3.0,3.0,3.0,3.0,2.0,3.0,3.0,3.0,2.0,False,,,,,,,,,,,,,,,,1.0,1.0,1.0,2.0,1.0,3.0,3.0,3.0,3.0,3.0,2.0,3.0,3.0,3.0,2.0,,2.1,2.6
3e5ea9c7-a9c0-5609-b951-ef13610ba37f,2,Group 1,1.0,Firm 2,Firm 2_3e5ea9c7,,Fri Jan 23 2026 12:52:08 GMT-0800 (Pacific Standard Time),Firm 2_3e5ea9c7,2 (Below Standard),2 (Below Standard),2 (Below Standard),2 (Below Standard),2 (Below Standard),2 (Below Standard),2 (Below Standard),2 (Below Standard),2 (Below Standard),2 (Below Standard),3 (Meets Standard),3 (Meets Standard),3 (Meets Standard),3 (Meets Standard),3 (Meets Standard),2e61a7b3-d753-52d1-b80b-add6dc3998c1,120.0,120.0,2.0,2.0,2.0,2.0,2.0,2.0,2.0,2.0,2.0,2.0,3.0,3.0,3.0,3.0,3.0,False,,,,,,,,,,,,,,,,2.0,2.0,2.0,2.0,2.0,2.0,2.0,2.0,2.0,2.0,3.0,3.0,3.0,3.0,3.0,,2.0,3.0
ade4ca81-4320-5b8b-a29d-20ede345a425,2,Group 1,1.0,Firm 2,Firm 2_ade4ca81,,Wed Jan 28 2026 07:44:32 GMT-0800 (Pacific Standard Time),Firm 2_ade4ca81,2 (Below Standard),1 (Far Below Standard),1 (Far Below Standard),2 (Below Standard),1 (Far Below Standard),2 (Below Standard),2 (Below Standard),2 (Below Standard),2 (Below Standard),2 (Below Standard),2 (Below Standard),3 (Meets Standard),3 (Meets Standard),3 (Meets Standard),2 (Below Standard),eb314089-e101-5857-9b74-3a7e96f8ed6b,84.0,37.0,2.0,1.0,1.0,2.0,1.0,2.0,2.0,2.0,2.0,2.0,2.0,3.0,3.0,3.0,2.0,False,,,,,,,,,,,,,,,,2.0,1.0,1.0,2.0,1.0,2.0,2.0,2.0,2.0,2.0,2.0,3.0,3.0,3.0,2.0,,1.7,2.6
fcc590fe-b472-5576-adf7-0db8f53aadde,2,Group 1,1.0,Firm 2,Firm 2_fcc590fe,,Wed Jan 28 2026 07:56:38 GMT-0800 (Pacific Standard Time),Firm 2_fcc590fe,4 (Above Standard),4 (Above Standard),4 (Above Standard),4 (Above Standard),4 (Above Standard),4 (Above Standard),4 (Above Standard),4 (Above Standard),4 (Above Standard),4 (Above Standard),,,,,,eb314089-e101-5857-9b74-3a7e96f8ed6b,240.0,,4.0,4.0,4.0,4.0,4.0,4.0,4.0,4.0,4.0,4.0,,,,,,True,,,,,,,,,,,,,,,,4.0,4.0,4.0,4.0,4.0,4.0,4.0,4.0,4.0,4.0,,,,,,,4.0,
64b78655-942a-5dcf-8d1c-e757cf0561a8,2,Group 2,1.0,Firm 2,Firm 2_64b78655,,Wed Jan 28 2026 08:05:02 GMT-0800 (Pacific Standard Time),Firm 2_64b78655,4 (Above Standard),4 (Above Standard),4 (Above Standard),4 (Above Standard),4 (Above Standard),4 (Above Standard),4 (Above Standard),4 (Above Standard),4 (Above Standard),4 (Above Standard),2 (Below Standard),3 (Meets Standard),3 (Meets Standard),2 (Below Standard),3 (Meets Standard),eb314089-e101-5857-9b74-3a7e96f8ed6b,90.0,48.0,4.0,4.0,4.0,4.0,4.0,4.0,4.0,4.0,4.0,4.0,2.0,3.0,3.0,2.0,3.0,False,,,,,,,,,,,,,,,,4.0,4.0,4.0,4.0,4.0,4.0,4.0,4.0,4.0,4.0,2.0,3.0,3.0,2.0,3.0,,4.0,2.6
0424c1e1-8335-5f40-b3bc-98787b582ff6,2,Group 2,1.0,Firm 2,Firm 2_0424c1e1,,Wed Jan 28 2026 09:18:09 GMT-0800 (Pacific Standard Time),Firm 2_0424c1e1,3 (Meets Standard),3 (Meets Standard),3 (Meets Standard),3 (Meets Standard),3 (Meets Standard),2 (Below Standard),3 (Meets Standard),3 (Meets Standard),2 (Below Standard),3 (Meets Standard),2 (Below Standard),2 (Below Standard),3 (Meets Standard),3 (Meets Standard),2 (Below Standard),eb314089-e101-5857-9b74-3a7e96f8ed6b,46.0,176.0,3.0,3.0,3.0,3.0,3.0,2.0,3.0,3.0,2.0,3.0,2.0,2.0,3.0,3.0,2.0,False,,,,,,,,,,,,,,,,3.0,3.0,3.0,3.0,3.0,2.0,3.0,3.0,2.0,3.0,2.0,2.0,3.0,3.0,2.0,,2.8,2.4
bdad2972-1b06-5143-baea-94731e8d82eb,2,Group 2,1.0,Firm 2,Firm 2_bdad2972,,Wed Jan 28 2026 09:32:20 GMT-0800 (Pacific Standard Time),Firm 2_bdad2972,4 (Above Standard),4 (Above Standard),4 (Above Standard),4 (Above Standard),5 (Exceptional),2 (Below Standard),4 (Above Standard),4 (Above Standard),4 (Above Standard),4 (Above Standard),3 (Meets Standard),3 (Meets Standard),3 (Meets Standard),3 (Meets Standard),3 (Meets Standard),eb314089-e101-5857-9b74-3a7e96f8ed6b,120.0,60.0,4.0,4.0,4.0,4.0,5.0,2.0,4.0,4.0,4.0,4.0,3.0,3.0,3.0,3.0,3.0,False,,,,,,,,,,,,,,,,4.0,4.0,4.0,4.0,5.0,2.0,4.0,4.0,4.0,4.0,3.0,3.0,3.0,3.0,3.0,,3.9,3.0
111860c0-1ec3-523b-bfb3-1a2e8e361dd2,2,Group 2,0.0,Firm 2,Firm 2_111860c0,,Wed Jan 28 2026 09:54:15 GMT-0800 (Pacific Standard Time),Firm 2_111860c0,3 (Meets Standard),4 (Above Standard),4 (Above Standard),4 (Above Standard),4 (Above Standard),4 (Above Standard),4 (Above Standard),4 (Above Standard),4 (Above Standard),4 (Above Standard),3 (Meets Standard),3 (Meets Standard),3 (Meets Standard),3 (Meets Standard),3 (Meets Standard),eb314089-e101-5857-9b74-3a7e96f8ed6b,75.0,100.0,3.0,4.0,4.0,4.0,4.0,4.0,4.0,4.0,4.0,4.0,3.0,3.0,3.0,3.0,3.0,False,,,,,,,,,,,,,,,,3.0,4.0,4.0,4.0,4.0,4.0,4.0,4.0,4.0,4.0,3.0,3.0,3.0,3.0,3.0,,3.9,3.0
6f2377f4-c5c5-56ff-85bb-5576b57e8149,2,Group 1,1.0,Firm 2,Firm 2_6f2377f4,,Wed Jan 28 2026 10:09:59 GMT-0800 (Pacific Standard Time),Firm 2_6f2377f4,3 (Meets Standard),3 (Meets Standard),3 (Meets Standard),3 (Meets Standard),3 (Meets Standard),3 (Meets Standard),3 (Meets Standard),3 (Meets Standard),3 (Meets Standard),3 (Meets Standard),2 (Below Standard),3 (Meets Standard),3 (Meets Standard),2 (Below Standard),3 (Meets Standard),eb314089-e101-5857-9b74-3a7e96f8ed6b,152.0,64.0,3.0,3.0,3.0,3.0,3.0,3.0,3.0,3.0,3.0,3.0,2.0,3.0,3.0,2.0,3.0,False,,,,,,,,,,,,,,,,3.0,3.0,3.0,3.0,3.0,3.0,3.0,3.0,3.0,3.0,2.0,3.0,3.0,2.0,3.0,,3.0,2.6
64b78655-942a-5dcf-8d1c-e757cf0561a8,2,Group 2,1.0,Firm 2,Firm 2_64b78655,,Wed Jan 28 2026 14:05:38 GMT-0800 (Pacific Standard Time),Firm 2_64b78655,4 (Above Standard),4 (Above Standard),4 (Above Standard),4 (Above Standard),4 (Above Standard),3 (Meets Standard),3 (Meets Standard),3 (Meets Standard),4 (Above Standard),4 (Above Standard),3 (Meets Standard),3 (Meets Standard),3 (Meets Standard),3 (Meets Standard),2 (Below Standard),2dfcafe6-1583-5669-8a0f-49b9cb44f4b9,90.0,48.0,4.0,4.0,4.0,4.0,4.0,3.0,3.0,3.0,4.0,4.0,3.0,3.0,3.0,3.0,2.0,False,,,,,,,,,,,,,,,,4.0,4.0,4.0,4.0,4.0,3.0,3.0,3.0,4.0,4.0,3.0,3.0,3.0,3.0,2.0,,3.7,2.8
2ad761b7-fee0-592a-a28a-16f2e839e89e,2,Group 1,1.0,Firm 2,Firm 2_2ad761b7,,Thu Jan 29 2026 08:25:04 GMT-0800 (Pacific Standard Time),Firm 2_2ad761b7,3 (Meets Standard),3 (Meets Standard),2 (Below Standard),3 (Meets Standard),2 (Below Standard),,,,,,3 (Meets Standard),3 (Meets Standard),2 (Below Standard),3 (Meets Standard),3 (Meets Standard),264e35df-e7c8-5bab-853d-30ab145ff01f,75.0,105.0,3.0,3.0,2.0,3.0,2.0,,,,,,3.0,3.0,2.0,3.0,3.0,False,,,,,,,,,,,,,,,,3.0,3.0,2.0,3.0,2.0,,,,,,3.0,3.0,2.0,3.0,3.0,,2.6,2.8
ade4ca81-4320-5b8b-a29d-20ede345a425,2,Group 1,1.0,Firm 2,Firm 2_ade4ca81,,Thu Jan 29 2026 08:27:13 GMT-0800 (Pacific Standard Time),Firm 2_ade4ca81,2 (Below Standard),2 (Below Standard),2 (Below Standard),2 (Below Standard),2 (Below Standard),2 (Below Standard),3 (Meets Standard),3 (Meets Standard),3 (Meets Standard),3 (Meets Standard),3 (Meets Standard),2 (Below Standard),3 (Meets Standard),3 (Meets Standard),3 (Meets Standard),264e35df-e7c8-5bab-853d-30ab145ff01f,84.0,37.0,2.0,2.0,2.0,2.0,2.0,2.0,3.0,3.0,3.0,3.0,3.0,2.0,3.0,3.0,3.0,False,,,,,,,,,,,,,,,,2.0,2.0,2.0,2.0,2.0,2.0,3.0,3.0,3.0,3.0,3.0,2.0,3.0,3.0,3.0,,2.4,2.8
6f2377f4-c5c5-56ff-85bb-5576b57e8149,2,Group 1,1.0,Firm 2,Firm 2_6f2377f4,,Thu Jan 29 2026 08:29:58 GMT-0800 (Pacific Standard Time),Firm 2_6f2377f4,3 (Meets Standard),4 (Above Standard),3 (Meets Standard),3 (Meets Standard),4 (Above Standard),3 (Meets Standard),4 (Above Standard),3 (Meets Standard),4 (Above Standard),3 (Meets Standard),2 (Below Standard),3 (Meets Standard),2 (Below Standard),2 (Below Standard),2 (Below Standard),264e35df-e7c8-5bab-853d-30ab145ff01f,152.0,64.0,3.0,4.0,3.0,3.0,4.0,3.0,4.0,3.0,4.0,3.0,2.0,3.0,2.0,2.0,2.0,False,,,,,,,,,,,,,,,,3.0,4.0,3.0,3.0,4.0,3.0,4.0,3.0,4.0,3.0,2.0,3.0,2.0,2.0,2.0,,3.4,2.2
bdad2972-1b06-5143-baea-94731e8d82eb,2,Group 2,1.0,Firm 2,Firm 2_bdad2972,,Thu Jan 29 2026 17:01:54 GMT-0800 (Pacific Standard Time),Firm 2_bdad2972,3 (Meets Standard),3 (Meets Standard),3 (Meets Standard),3 (Meets Standard),3 (Meets Standard),3 (Meets Standard),3 (Meets Standard),3 (Meets Standard),3 (Meets Standard),3 (Meets Standard),3 (Meets Standard),3 (Meets Standard),3 (Meets Standard),3 (Meets Standard),3 (Meets Standard),2e61a7b3-d753-52d1-b80b-add6dc3998c1,120.0,60.0,3.0,3.0,3.0,3.0,3.0,3.0,3.0,3.0,3.0,3.0,3.0,3.0,3.0,3.0,3.0,True,,,,,,,,,,,,,,,,3.0,3.0,3.0,3.0,3.0,3.0,3.0,3.0,3.0,3.0,3.0,3.0,3.0,3.0,3.0,,3.0,3.0
fcc590fe-b472-5576-adf7-0db8f53aadde,2,Group 1,1.0,Firm 2,Firm 2_fcc590fe,,Thu Jan 29 2026 17:03:52 GMT-0800 (Pacific Standard Time),Firm 2_fcc590fe,3 (Meets Standard),3 (Meets Standard),3 (Meets Standard),3 (Meets Standard),3 (Meets Standard),3 (Meets Standard),3 (Meets Standard),3 (Meets Standard),3 (Meets Standard),3 (Meets Standard),,,,,,2e61a7b3-d753-52d1-b80b-add6dc3998c1,240.0,,3.0,3.0,3.0,3.0,3.0,3.0,3.0,3.0,3.0,3.0,,,,,,True,,,,,,,,,,,,,,,,3.0,3.0,3.0,3.0,3.0,3.0,3.0,3.0,3.0,3.0,,,,,,,3.0,
25f83601-4352-57bd-9f44-832960bd1768,2,Group 2,1.0,Firm 2,Firm 2_25f83601,,Fri Jan 30 2026 07:18:45 GMT-0800 (Pacific Standard Time),Firm 2_25f83601,3 (Meets Standard),4 (Above Standard),4 (Above Standard),4 (Above Standard),4 (Above Standard),4 (Above Standard),4 (Above Standard),4 (Above Standard),4 (Above Standard),4 (Above Standard),3 (Meets Standard),3 (Meets Standard),4 (Above Standard),4 (Above Standard),3 (Meets Standard),eb314089-e101-5857-9b74-3a7e96f8ed6b,190.0,65.0,3.0,4.0,4.0,4.0,4.0,4.0,4.0,4.0,4.0,4.0,3.0,3.0,4.0,4.0,3.0,False,,,,,,,,,,,,,,,,3.0,4.0,4.0,4.0,4.0,4.0,4.0,4.0,4.0,4.0,3.0,3.0,4.0,4.0,3.0,,3.9,3.4
28ec896f-ed9f-545f-bee1-10ac5420b63d,2,Group 2,1.0,Firm 2,Firm 2_28ec896f,,Fri Jan 30 2026 08:02:55 GMT-0800 (Pacific Standard Time),Firm 2_28ec896f,3 (Meets Standard),3 (Meets Standard),3 (Meets Standard),3 (Meets Standard),3 (Meets Standard),,,,,,3 (Meets Standard),3 (Meets Standard),3 (Meets Standard),3 (Meets Standard),3 (Meets Standard),eb314089-e101-5857-9b74-3a7e96f8ed6b,60.0,60.0,3.0,3.0,3.0,3.0,3.0,,,,,,3.0,3.0,3.0,3.0,3.0,True,,,,,,,,,,,,,,,,3.0,3.0,3.0,3.0,3.0,,,,,,3.0,3.0,3.0,3.0,3.0,,3.0,3.0
15068612-35ca-54b2-8bc0-662ebe3db2c6,2,Group 2,1.0,Firm 2,Firm 2_15068612,,Fri Jan 30 2026 09:09:21 GMT-0800 (Pacific Standard Time),Firm 2_15068612,3 (Meets Standard),3 (Meets Standard),3 (Meets Standard),3 (Meets Standard),3 (Meets Standard),3 (Meets Standard),3 (Meets Standard),3 (Meets Standard),3 (Meets Standard),3 (Meets Standard),3 (Meets Standard),3 (Meets Standard),3 (Meets Standard),3 (Meets Standard),3 (Meets Standard),04f1990c-7a83-52b0-b457-c850750be3af,120.0,60.0,3.0,3.0,3.0,3.0,3.0,3.0,3.0,3.0,3.0,3.0,3.0,3.0,3.0,3.0,3.0,True,,,,,,,,,,,,,,,,3.0,3.0,3.0,3.0,3.0,3.0,3.0,3.0,3.0,3.0,3.0,3.0,3.0,3.0,3.0,,3.0,3.0
0424c1e1-8335-5f40-b3bc-98787b582ff6,2,Group 2,1.0,Firm 2,Firm 2_0424c1e1,,Fri Jan 30 2026 09:10:12 GMT-0800 (Pacific Standard Time),Firm 2_0424c1e1,4 (Above Standard),4 (Above Standard),4 (Above Standard),4 (Above Standard),4 (Above Standard),3 (Meets Standard),3 (Meets Standard),4 (Above Standard),3 (Meets Standard),4 (Above Standard),3 (Meets Standard),3 (Meets Standard),2 (Below Standard),3 (Meets Standard),3 (Meets Standard),04f1990c-7a83-52b0-b457-c850750be3af,46.0,176.0,4.0,4.0,4.0,4.0,4.0,3.0,3.0,4.0,3.0,4.0,3.0,3.0,2.0,3.0,3.0,False,,,,,,,,,,,,,,,,4.0,4.0,4.0,4.0,4.0,3.0,3.0,4.0,3.0,4.0,3.0,3.0,2.0,3.0,3.0,,3.7,2.8
25f83601-4352-57bd-9f44-832960bd1768,2,Group 2,1.0,Firm 2,Firm 2_25f83601,,Fri Jan 30 2026 09:11:12 GMT-0800 (Pacific Standard Time),Firm 2_25f83601,4 (Above Standard),4 (Above Standard),4 (Above Standard),4 (Above Standard),5 (Exceptional),4 (Above Standard),4 (Above Standard),5 (Exceptional),5 (Exceptional),4 (Above Standard),3 (Meets Standard),3 (Meets Standard),3 (Meets Standard),3 (Meets Standard),2 (Below Standard),04f1990c-7a83-52b0-b457-c850750be3af,190.0,65.0,4.0,4.0,4.0,4.0,5.0,4.0,4.0,5.0,5.0,4.0,3.0,3.0,3.0,3.0,2.0,False,,,,,,,,,,,,,,,,4.0,4.0,4.0,4.0,5.0,4.0,4.0,5.0,5.0,4.0,3.0,3.0,3.0,3.0,2.0,,4.3,2.8
aa2b0260-28d6-520f-b8cb-37db10a3897c,2,Group 2,1.0,Firm 5,Firm 5_aa2b0260,,Fri Jan 30 2026 09:33:33 GMT-0800 (Pacific Standard Time),Firm 5_aa2b0260,3 (Meets Standard),3 (Meets Standard),2 (Below Standard),2 (Below Standard),3 (Meets Standard),3 (Meets Standard),3 (Meets Standard),2 (Below Standard),3 (Meets Standard),3 (Meets Standard),3 (Meets Standard),3 (Meets Standard),3 (Meets Standard),3 (Meets Standard),3 (Meets Standard),eb314089-e101-5857-9b74-3a7e96f8ed6b,123.0,95.0,3.0,3.0,2.0,2.0,3.0,3.0,3.0,2.0,3.0,3.0,3.0,3.0,3.0,3.0,3.0,False,,,,,,,,,,,,,,,,3.0,3.0,2.0,2.0,3.0,3.0,3.0,2.0,3.0,3.0,3.0,3.0,3.0,3.0,3.0,,2.7,3.0
111860c0-1ec3-523b-bfb3-1a2e8e361dd2,2,Group 2,0.0,Firm 2,Firm 2_111860c0,,Fri Jan 30 2026 11:52:43 GMT-0800 (Pacific Standard Time),Firm 2_111860c0,4 (Above Standard),4 (Above Standard),3 (Meets Standard),4 (Above Standard),4 (Above Standard),4 (Above Standard),4 (Above Standard),3 (Meets Standard),4 (Above Standard),3 (Meets Standard),4 (Above Standard),4 (Above Standard),4 (Above Standard),4 (Above Standard),4 (Above Standard),264e35df-e7c8-5bab-853d-30ab145ff01f,75.0,100.0,4.0,4.0,3.0,4.0,4.0,4.0,4.0,3.0,4.0,3.0,4.0,4.0,4.0,4.0,4.0,False,,,,,,,,,,,,,,,,4.0,4.0,3.0,4.0,4.0,4.0,4.0,3.0,4.0,3.0,4.0,4.0,4.0,4.0,4.0,,3.7,4.0
28ec896f-ed9f-545f-bee1-10ac5420b63d,2,Group 2,1.0,Firm 2,Firm 2_28ec896f,,Fri Jan 30 2026 11:58:26 GMT-0800 (Pacific Standard Time),Firm 2_28ec896f,4 (Above Standard),4 (Above Standard),4 (Above Standard),4 (Above Standard),4 (Above Standard),,,,,,3 (Meets Standard),3 (Meets Standard),3 (Meets Standard),4 (Above Standard),3 (Meets Standard),2dfcafe6-1583-5669-8a0f-49b9cb44f4b9,60.0,60.0,4.0,4.0,4.0,4.0,4.0,,,,,,3.0,3.0,3.0,4.0,3.0,False,,,,,,,,,,,,,,,,4.0,4.0,4.0,4.0,4.0,,,,,,3.0,3.0,3.0,4.0,3.0,,4.0,3.2
2c5d386c-5010-5e09-9b3a-26efaa3472ce,2,Group 2,1.0,Firm 5,Firm 5_2c5d386c,,Wed Feb 04 2026 11:15:05 GMT-0800 (Pacific Standard Time),Firm 5_2c5d386c,3 (Meets Standard),3 (Meets Standard),3 (Meets Standard),3 (Meets Standard),3 (Meets Standard),3 (Meets Standard),3 (Meets Standard),3 (Meets Standard),3 (Meets Standard),3 (Meets Standard),1 (Far Below Standard),1 (Far Below Standard),1 (Far Below Standard),1 (Far Below Standard),1 (Far Below Standard),2dfcafe6-1583-5669-8a0f-49b9cb44f4b9,192.0,48.0,3.0,3.0,3.0,3.0,3.0,3.0,3.0,3.0,3.0,3.0,1.0,1.0,1.0,1.0,1.0,False,,,,,,,,,,,,,,,,3.0,3.0,3.0,3.0,3.0,3.0,3.0,3.0,3.0,3.0,1.0,1.0,1.0,1.0,1.0,,3.0,1.0
2c5d386c-5010-5e09-9b3a-26efaa3472ce,2,Group 2,1.0,Firm 5,Firm 5_2c5d386c,,Wed Feb 04 2026 11:18:11 GMT-0800 (Pacific Standard Time),Firm 5_2c5d386c,3 (Meets Standard),3 (Meets Standard),3 (Meets Standard),3 (Meets Standard),3 (Meets Standard),3 (Meets Standard),3 (Meets Standard),3 (Meets Standard),3 (Meets Standard),3 (Meets Standard),1 (Far Below Standard),1 (Far Below Standard),1 (Far Below Standard),1 (Far Below Standard),1 (Far Below Standard),2dfcafe6-1583-5669-8a0f-49b9cb44f4b9,192.0,48.0,3.0,3.0,3.0,3.0,3.0,3.0,3.0,3.0,3.0,3.0,1.0,1.0,1.0,1.0,1.0,False,,,,,,,,,,,,,,,,3.0,3.0,3.0,3.0,3.0,3.0,3.0,3.0,3.0,3.0,1.0,1.0,1.0,1.0,1.0,,3.0,1.0
aa2b0260-28d6-520f-b8cb-37db10a3897c,2,Group 2,1.0,Firm 5,Firm 5_aa2b0260,,Wed Feb 04 2026 11:21:49 GMT-0800 (Pacific Standard Time),Firm 5_aa2b0260,3 (Meets Standard),3 (Meets Standard),3 (Meets Standard),3 (Meets Standard),3 (Meets Standard),4 (Above Standard),4 (Above Standard),4 (Above Standard),4 (Above Standard),4 (Above Standard),3 (Meets Standard),3 (Meets Standard),3 (Meets Standard),3 (Meets Standard),3 (Meets Standard),2dfcafe6-1583-5669-8a0f-49b9cb44f4b9,123.0,95.0,3.0,3.0,3.0,3.0,3.0,4.0,4.0,4.0,4.0,4.0,3.0,3.0,3.0,3.0,3.0,False,,,,,,,,,,,,,,,,3.0,3.0,3.0,3.0,3.0,4.0,4.0,4.0,4.0,4.0,3.0,3.0,3.0,3.0,3.0,,3.5,3.0
2c5d386c-5010-5e09-9b3a-26efaa3472ce,2,Group 2,1.0,Firm 5,Firm 5_2c5d386c,,Thu Feb 05 2026 09:24:23 GMT-0800 (Pacific Standard Time),Firm 5_2c5d386c,4 (Above Standard),4 (Above Standard),4 (Above Standard),4 (Above Standard),4 (Above Standard),3 (Meets Standard),4 (Above Standard),4 (Above Standard),4 (Above Standard),4 (Above Standard),1 (Far Below Standard),1 (Far Below Standard),1 (Far Below Standard),1 (Far Below Standard),1 (Far Below Standard),eb314089-e101-5857-9b74-3a7e96f8ed6b,192.0,48.0,4.0,4.0,4.0,4.0,4.0,3.0,4.0,4.0,4.0,4.0,1.0,1.0,1.0,1.0,1.0,False,,,,,,,,,,,,,,,,4.0,4.0,4.0,4.0,4.0,3.0,4.0,4.0,4.0,4.0,1.0,1.0,1.0,1.0,1.0,,3.9,1.0
c4dc4f83-9465-5266-9c88-ca83ef76d53f,2,Group 2,1.0,Firm 5,Firm 5_c4dc4f83,,Thu Feb 05 2026 09:39:03 GMT-0800 (Pacific Standard Time),Firm 5_c4dc4f83,3 (Meets Standard),3 (Meets Standard),4 (Above Standard),4 (Above Standard),4 (Above Standard),3 (Meets Standard),3 (Meets Standard),4 (Above Standard),4 (Above Standard),4 (Above Standard),2 (Below Standard),2 (Below Standard),3 (Meets Standard),2 (Below Standard),2 (Below Standard),eb314089-e101-5857-9b74-3a7e96f8ed6b,119.0,55.0,3.0,3.0,4.0,4.0,4.0,3.0,3.0,4.0,4.0,4.0,2.0,2.0,3.0,2.0,2.0,False,,,,,,,,,,,,,,,,3.0,3.0,4.0,4.0,4.0,3.0,3.0,4.0,4.0,4.0,2.0,2.0,3.0,2.0,2.0,,3.6,2.2
081064a2-d80d-54cc-aa3a-1021cbfbddf7,2,Group 2,1.0,Firm 5,Firm 5_081064a2,,Thu Feb 05 2026 09:42:38 GMT-0800 (Pacific Standard Time),Firm 5_081064a2,3 (Meets Standard),4 (Above Standard),4 (Above Standard),4 (Above Standard),4 (Above Standard),3 (Meets Standard),4 (Above Standard),4 (Above Standard),4 (Above Standard),4 (Above Standard),3 (Meets Standard),3 (Meets Standard),3 (Meets Standard),3 (Meets Standard),2 (Below Standard),eb314089-e101-5857-9b74-3a7e96f8ed6b,96.0,46.0,3.0,4.0,4.0,4.0,4.0,3.0,4.0,4.0,4.0,4.0,3.0,3.0,3.0,3.0,2.0,False,,,,,,,,,,,,,,,,3.0,4.0,4.0,4.0,4.0,3.0,4.0,4.0,4.0,4.0,3.0,3.0,3.0,3.0,2.0,,3.8,2.8
c4c0b9ff-5041-522a-b44b-c13f32609164,2,Group 1,1.0,Firm 5,Firm 5_c4c0b9ff,,Thu Feb 05 2026 09:50:17 GMT-0800 (Pacific Standard Time),Firm 5_c4c0b9ff,3 (Meets Standard),4 (Above Standard),4 (Above Standard),4 (Above Standard),4 (Above Standard),3 (Meets Standard),3 (Meets Standard),4 (Above Standard),4 (Above Standard),3 (Meets Standard),1 (Far Below Standard),2 (Below Standard),2 (Below Standard),2 (Below Standard),2 (Below Standard),eb314089-e101-5857-9b74-3a7e96f8ed6b,130.0,50.0,3.0,4.0,4.0,4.0,4.0,3.0,3.0,4.0,4.0,3.0,1.0,2.0,2.0,2.0,2.0,False,,,,,,,,,,,,,,,,3.0,4.0,4.0,4.0,4.0,3.0,3.0,4.0,4.0,3.0,1.0,2.0,2.0,2.0,2.0,,3.6,1.8
312bab6b-def1-5e03-ba9e-43b36762fc0e,2,Group 2,1.0,Firm 5,Firm 5_312bab6b,,Thu Feb 05 2026 15:57:15 GMT-0800 (Pacific Standard Time),Firm 5_312bab6b,4 (Above Standard),4 (Above Standard),4 (Above Standard),4 (Above Standard),4 (Above Standard),2 (Below Standard),3 (Meets Standard),4 (Above Standard),4 (Above Standard),4 (Above Standard),3 (Meets Standard),3 (Meets Standard),3 (Meets Standard),3 (Meets Standard),3 (Meets Standard),eb314089-e101-5857-9b74-3a7e96f8ed6b,125.0,115.0,4.0,4.0,4.0,4.0,4.0,2.0,3.0,4.0,4.0,4.0,3.0,3.0,3.0,3.0,3.0,False,,,,,,,,,,,,,,,,4.0,4.0,4.0,4.0,4.0,2.0,3.0,4.0,4.0,4.0,3.0,3.0,3.0,3.0,3.0,,3.7,3.0
3395f03f-a6ce-5b76-b994-f3c2beb8a9f1,2,Group 2,1.0,Firm 5,Firm 5_3395f03f,,Thu Feb 05 2026 16:04:02 GMT-0800 (Pacific Standard Time),Firm 5_3395f03f,4 (Above Standard),4 (Above Standard),5 (Exceptional),4 (Above Standard),4 (Above Standard),4 (Above Standard),4 (Above Standard),4 (Above Standard),4 (Above Standard),4 (Above Standard),3 (Meets Standard),3 (Meets Standard),3 (Meets Standard),3 (Meets Standard),3 (Meets Standard),eb314089-e101-5857-9b74-3a7e96f8ed6b,119.0,49.0,4.0,4.0,5.0,4.0,4.0,4.0,4.0,4.0,4.0,4.0,3.0,3.0,3.0,3.0,3.0,False,,,,,,,,,,,,,,,,4.0,4.0,5.0,4.0,4.0,4.0,4.0,4.0,4.0,4.0,3.0,3.0,3.0,3.0,3.0,,4.1,3.0
79d8a242-5752-5cfa-9abd-643524c4f12a,2,Group 2,1.0,Firm 5,Firm 5_79d8a242,,Thu Feb 05 2026 16:09:50 GMT-0800 (Pacific Standard Time),Firm 5_79d8a242,3 (Meets Standard),4 (Above Standard),4 (Above Standard),4 (Above Standard),4 (Above Standard),3 (Meets Standard),4 (Above Standard),4 (Above Standard),4 (Above Standard),4 (Above Standard),3 (Meets Standard),3 (Meets Standard),3 (Meets Standard),3 (Meets Standard),3 (Meets Standard),eb314089-e101-5857-9b74-3a7e96f8ed6b,116.0,51.0,3.0,4.0,4.0,4.0,4.0,3.0,4.0,4.0,4.0,4.0,3.0,3.0,3.0,3.0,3.0,False,,,,,,,,,,,,,,,,3.0,4.0,4.0,4.0,4.0,3.0,4.0,4.0,4.0,4.0,3.0,3.0,3.0,3.0,3.0,,3.8,3.0
2ad761b7-fee0-592a-a28a-16f2e839e89e,2,Group 1,1.0,Firm 2,Firm 2_2ad761b7,,Fri Feb 06 2026 05:48:30 GMT-0800 (Pacific Standard Time),Firm 2_2ad761b7,3 (Meets Standard),3 (Meets Standard),3 (Meets Standard),3 (Meets Standard),4 (Above Standard),,,,,,2 (Below Standard),2 (Below Standard),3 (Meets Standard),3 (Meets Standard),2 (Below Standard),eb314089-e101-5857-9b74-3a7e96f8ed6b,75.0,105.0,3.0,3.0,3.0,3.0,4.0,,,,,,2.0,2.0,3.0,3.0,2.0,False,,,,,,,,,,,,,,,,3.0,3.0,3.0,3.0,4.0,,,,,,2.0,2.0,3.0,3.0,2.0,,3.2,2.4
312bab6b-def1-5e03-ba9e-43b36762fc0e,2,Group 2,1.0,Firm 5,Firm 5_312bab6b,,Fri Feb 06 2026 08:19:50 GMT-0800 (Pacific Standard Time),Firm 5_312bab6b,5 (Exceptional),4 (Above Standard),4 (Above Standard),5 (Exceptional),4 (Above Standard),2 (Below Standard),3 (Meets Standard),2 (Below Standard),2 (Below Standard),3 (Meets Standard),4 (Above Standard),4 (Above Standard),3 (Meets Standard),4 (Above Standard),4 (Above Standard),264e35df-e7c8-5bab-853d-30ab145ff01f,125.0,115.0,5.0,4.0,4.0,5.0,4.0,2.0,3.0,2.0,2.0,3.0,4.0,4.0,3.0,4.0,4.0,False,,,,,,,,,,,,,,,,5.0,4.0,4.0,5.0,4.0,2.0,3.0,2.0,2.0,3.0,4.0,4.0,3.0,4.0,4.0,,3.4,3.8
3395f03f-a6ce-5b76-b994-f3c2beb8a9f1,2,Group 2,1.0,Firm 5,Firm 5_3395f03f,,Fri Feb 06 2026 08:22:36 GMT-0800 (Pacific Standard Time),Firm 5_3395f03f,3 (Meets Standard),4 (Above Standard),3 (Meets Standard),4 (Above Standard),3 (Meets Standard),3 (Meets Standard),3 (Meets Standard),3 (Meets Standard),3 (Meets Standard),4 (Above Standard),3 (Meets Standard),3 (Meets Standard),2 (Below Standard),3 (Meets Standard),3 (Meets Standard),264e35df-e7c8-5bab-853d-30ab145ff01f,119.0,49.0,3.0,4.0,3.0,4.0,3.0,3.0,3.0,3.0,3.0,4.0,3.0,3.0,2.0,3.0,3.0,False,,,,,,,,,,,,,,,,3.0,4.0,3.0,4.0,3.0,3.0,3.0,3.0,3.0,4.0,3.0,3.0,2.0,3.0,3.0,,3.3,2.8
79d8a242-5752-5cfa-9abd-643524c4f12a,2,Group 2,1.0,Firm 5,Firm 5_79d8a242,,Fri Feb 06 2026 08:24:21 GMT-0800 (Pacific Standard Time),Firm 5_79d8a242,3 (Meets Standard),4 (Above Standard),3 (Meets Standard),3 (Meets Standard),3 (Meets Standard),2 (Below Standard),3 (Meets Standard),2 (Below Standard),2 (Below Standard),2 (Below Standard),2 (Below Standard),2 (Below Standard),2 (Below Standard),2 (Below Standard),2 (Below Standard),264e35df-e7c8-5bab-853d-30ab145ff01f,116.0,51.0,3.0,4.0,3.0,3.0,3.0,2.0,3.0,2.0,2.0,2.0,2.0,2.0,2.0,2.0,2.0,False,,,,,,,,,,,,,,,,3.0,4.0,3.0,3.0,3.0,2.0,3.0,2.0,2.0,2.0,2.0,2.0,2.0,2.0,2.0,,2.7,2.0
081064a2-d80d-54cc-aa3a-1021cbfbddf7,2,Group 2,1.0,Firm 5,Firm 5_081064a2,,Fri Feb 06 2026 13:18:12 GMT-0800 (Pacific Standard Time),Firm 5_081064a2,4 (Above Standard),4 (Above Standard),4 (Above Standard),4 (Above Standard),4 (Above Standard),4 (Above Standard),4 (Above Standard),5 (Exceptional),4 (Above Standard),5 (Exceptional),3 (Meets Standard),3 (Meets Standard),2 (Below Standard),3 (Meets Standard),2 (Below Standard),04f1990c-7a83-52b0-b457-c850750be3af,96.0,46.0,4.0,4.0,4.0,4.0,4.0,4.0,4.0,5.0,4.0,5.0,3.0,3.0,2.0,3.0,2.0,False,,,,,,,,,,,,,,,,4.0,4.0,4.0,4.0,4.0,4.0,4.0,5.0,4.0,5.0,3.0,3.0,2.0,3.0,2.0,,4.2,2.6
c4c0b9ff-5041-522a-b44b-c13f32609164,2,Group 1,1.0,Firm 5,Firm 5_c4c0b9ff,,Fri Feb 06 2026 13:18:52 GMT-0800 (Pacific Standard Time),Firm 5_c4c0b9ff,4 (Above Standard),4 (Above Standard),4 (Above Standard),4 (Above Standard),5 (Exceptional),4 (Above Standard),4 (Above Standard),4 (Above Standard),5 (Exceptional),5 (Exceptional),2 (Below Standard),3 (Meets Standard),2 (Below Standard),3 (Meets Standard),3 (Meets Standard),04f1990c-7a83-52b0-b457-c850750be3af,130.0,50.0,4.0,4.0,4.0,4.0,5.0,4.0,4.0,4.0,5.0,5.0,2.0,3.0,2.0,3.0,3.0,False,,,,,,,,,,,,,,,,4.0,4.0,4.0,4.0,5.0,4.0,4.0,4.0,5.0,5.0,2.0,3.0,2.0,3.0,3.0,,4.3,2.6
c4dc4f83-9465-5266-9c88-ca83ef76d53f,2,Group 2,1.0,Firm 5,Firm 5_c4dc4f83,,Mon Feb 09 2026 17:47:52 GMT-0800 (Pacific Standard Time),Firm 5_c4dc4f83,3 (Meets Standard),3 (Meets Standard),3 (Meets Standard),3 (Meets Standard),3 (Meets Standard),3 (Meets Standard),3 (Meets Standard),3 (Meets Standard),3 (Meets Standard),3 (Meets Standard),3 (Meets Standard),3 (Meets Standard),3 (Meets Standard),3 (Meets Standard),3 (Meets Standard),2e61a7b3-d753-52d1-b80b-add6dc3998c1,119.0,55.0,3.0,3.0,3.0,3.0,3.0,3.0,3.0,3.0,3.0,3.0,3.0,3.0,3.0,3.0,3.0,True,,,,,,,,,,,,,,,,3.0,3.0,3.0,3.0,3.0,3.0,3.0,3.0,3.0,3.0,3.0,3.0,3.0,3.0,3.0,,3.0,3.0
b66ba204-38d5-5532-8224-775deb04efaf,2,Group 2,1.0,Firm 2,Firm 2_b66ba204,,Wed Feb 11 2026 09:35:19 GMT-0800 (Pacific Standard Time),Firm 2_b66ba204,3 (Meets Standard),3 (Meets Standard),3 (Meets Standard),3 (Meets Standard),3 (Meets Standard),3 (Meets Standard),3 (Meets Standard),3 (Meets Standard),3 (Meets Standard),3 (Meets Standard),3 (Meets Standard),3 (Meets Standard),3 (Meets Standard),3 (Meets Standard),3 (Meets Standard),eb314089-e101-5857-9b74-3a7e96f8ed6b,45.0,195.0,3.0,3.0,3.0,3.0,3.0,3.0,3.0,3.0,3.0,3.0,3.0,3.0,3.0,3.0,3.0,True,,,,,,,,,,,,,,,,3.0,3.0,3.0,3.0,3.0,3.0,3.0,3.0,3.0,3.0,3.0,3.0,3.0,3.0,3.0,,3.0,3.0
b66ba204-38d5-5532-8224-775deb04efaf,2,Group 2,1.0,Firm 2,Firm 2_b66ba204,,Wed Feb 11 2026 13:56:19 GMT-0800 (Pacific Standard Time),Firm 2_b66ba204,4 (Above Standard),4 (Above Standard),4 (Above Standard),5 (Exceptional),4 (Above Standard),4 (Above Standard),4 (Above Standard),4 (Above Standard),4 (Above Standard),4 (Above Standard),3 (Meets Standard),3 (Meets Standard),2 (Below Standard),3 (Meets Standard),3 (Meets Standard),04f1990c-7a83-52b0-b457-c850750be3af,45.0,195.0,4.0,4.0,4.0,5.0,4.0,4.0,4.0,4.0,4.0,4.0,3.0,3.0,2.0,3.0,3.0,False,,,,,,,,,,,,,,,,4.0,4.0,4.0,5.0,4.0,4.0,4.0,4.0,4.0,4.0,3.0,3.0,2.0,3.0,3.0,,4.1,2.8
d66c4d44-7a4e-54c1-96d9-4f322fcbb4ea,2,Group 2,1.0,Firm 5,Firm 5_d66c4d44,,Wed Feb 18 2026 06:35:50 GMT-0800 (Pacific Standard Time),Firm 5_d66c4d44,3 (Meets Standard),4 (Above Standard),4 (Above Standard),3 (Meets Standard),4 (Above Standard),4 (Above Standard),4 (Above Standard),4 (Above Standard),4 (Above Standard),4 (Above Standard),3 (Meets Standard),3 (Meets Standard),4 (Above Standard),3 (Meets Standard),3 (Meets Standard),eb314089-e101-5857-9b74-3a7e96f8ed6b,74.0,86.0,3.0,4.0,4.0,3.0,4.0,4.0,4.0,4.0,4.0,4.0,3.0,3.0,4.0,3.0,3.0,False,,,,,,,,,,,,,,,,3.0,4.0,4.0,3.0,4.0,4.0,4.0,4.0,4.0,4.0,3.0,3.0,4.0,3.0,3.0,,3.8,3.2
0ebc67d4-8a05-50b3-af8d-01845f6ab05e,2,Group 1,1.0,Firm 5,Firm 5_0ebc67d4,,Wed Feb 18 2026 06:41:30 GMT-0800 (Pacific Standard Time),Firm 5_0ebc67d4,4 (Above Standard),4 (Above Standard),4 (Above Standard),4 (Above Standard),4 (Above Standard),3 (Meets Standard),4 (Above Standard),4 (Above Standard),4 (Above Standard),4 (Above Standard),3 (Meets Standard),3 (Meets Standard),3 (Meets Standard),3 (Meets Standard),3 (Meets Standard),eb314089-e101-5857-9b74-3a7e96f8ed6b,87.0,75.0,4.0,4.0,4.0,4.0,4.0,3.0,4.0,4.0,4.0,4.0,3.0,3.0,3.0,3.0,3.0,False,,,,,,,,,,,,,,,,4.0,4.0,4.0,4.0,4.0,3.0,4.0,4.0,4.0,4.0,3.0,3.0,3.0,3.0,3.0,,3.9,3.0
a2681b4e-7a61-5565-a3c5-e92f1305f587,2,Group 1,1.0,Firm 5,Firm 5_a2681b4e,,Wed Feb 18 2026 06:47:23 GMT-0800 (Pacific Standard Time),Firm 5_a2681b4e,3 (Meets Standard),3 (Meets Standard),2 (Below Standard),3 (Meets Standard),3 (Meets Standard),2 (Below Standard),2 (Below Standard),1 (Far Below Standard),1 (Far Below Standard),1 (Far Below Standard),1 (Far Below Standard),1 (Far Below Standard),2 (Below Standard),1 (Far Below Standard),1 (Far Below Standard),eb314089-e101-5857-9b74-3a7e96f8ed6b,70.0,46.0,3.0,3.0,2.0,3.0,3.0,2.0,2.0,1.0,1.0,1.0,1.0,1.0,2.0,1.0,1.0,False,,,,,,,,,,,,,,,,3.0,3.0,2.0,3.0,3.0,2.0,2.0,1.0,1.0,1.0,1.0,1.0,2.0,1.0,1.0,,2.1,1.2
ee8c00c1-e842-5a90-80bb-05b78a089a9b,2,Group 2,1.0,Firm 1,Firm 1_ee8c00c1,,Wed Feb 18 2026 06:57:29 GMT-0800 (Pacific Standard Time),Firm 1_ee8c00c1,3 (Meets Standard),4 (Above Standard),4 (Above Standard),4 (Above Standard),4 (Above Standard),3 (Meets Standard),3 (Meets Standard),2 (Below Standard),3 (Meets Standard),3 (Meets Standard),2 (Below Standard),2 (Below Standard),2 (Below Standard),2 (Below Standard),2 (Below Standard),eb314089-e101-5857-9b74-3a7e96f8ed6b,99.0,88.0,3.0,4.0,4.0,4.0,4.0,3.0,3.0,2.0,3.0,3.0,2.0,2.0,2.0,2.0,2.0,False,,,,,,,,,,,,,,,,3.0,4.0,4.0,4.0,4.0,3.0,3.0,2.0,3.0,3.0,2.0,2.0,2.0,2.0,2.0,,3.3,2.0
ee8c00c1-e842-5a90-80bb-05b78a089a9b,2,Group 2,1.0,Firm 1,Firm 1_ee8c00c1,,Wed Feb 18 2026 12:07:31 GMT-0800 (Pacific Standard Time),Firm 1_ee8c00c1,3 (Meets Standard),4 (Above Standard),3 (Meets Standard),4 (Above Standard),4 (Above Standard),4 (Above Standard),4 (Above Standard),3 (Meets Standard),4 (Above Standard),4 (Above Standard),3 (Meets Standard),2 (Below Standard),2 (Below Standard),2 (Below Standard),3 (Meets Standard),264e35df-e7c8-5bab-853d-30ab145ff01f,99.0,88.0,3.0,4.0,3.0,4.0,4.0,4.0,4.0,3.0,4.0,4.0,3.0,2.0,2.0,2.0,3.0,False,,,,,,,,,,,,,,,,3.0,4.0,3.0,4.0,4.0,4.0,4.0,3.0,4.0,4.0,3.0,2.0,2.0,2.0,3.0,,3.7,2.4
d66c4d44-7a4e-54c1-96d9-4f322fcbb4ea,2,Group 2,1.0,Firm 5,Firm 5_d66c4d44,,Wed Feb 18 2026 12:43:28 GMT-0800 (Pacific Standard Time),Firm 5_d66c4d44,4 (Above Standard),4 (Above Standard),4 (Above Standard),4 (Above Standard),4 (Above Standard),4 (Above Standard),4 (Above Standard),4 (Above Standard),4 (Above Standard),5 (Exceptional),3 (Meets Standard),3 (Meets Standard),3 (Meets Standard),3 (Meets Standard),2 (Below Standard),04f1990c-7a83-52b0-b457-c850750be3af,74.0,86.0,4.0,4.0,4.0,4.0,4.0,4.0,4.0,4.0,4.0,5.0,3.0,3.0,3.0,3.0,2.0,False,,,,,,,,,,,,,,,,4.0,4.0,4.0,4.0,4.0,4.0,4.0,4.0,4.0,5.0,3.0,3.0,3.0,3.0,2.0,,4.1,2.8
a2681b4e-7a61-5565-a3c5-e92f1305f587,2,Group 1,1.0,Firm 5,Firm 5_a2681b4e,,Wed Feb 18 2026 12:44:13 GMT-0800 (Pacific Standard Time),Firm 5_a2681b4e,4 (Above Standard),4 (Above Standard),3 (Meets Standard),4 (Above Standard),4 (Above Standard),2 (Below Standard),2 (Below Standard),2 (Below Standard),2 (Below Standard),2 (Below Standard),2 (Below Standard),2 (Below Standard),2 (Below Standard),2 (Below Standard),2 (Below Standard),04f1990c-7a83-52b0-b457-c850750be3af,70.0,46.0,4.0,4.0,3.0,4.0,4.0,2.0,2.0,2.0,2.0,2.0,2.0,2.0,2.0,2.0,2.0,False,,,,,,,,,,,,,,,,4.0,4.0,3.0,4.0,4.0,2.0,2.0,2.0,2.0,2.0,2.0,2.0,2.0,2.0,2.0,,2.9,2.0
0ebc67d4-8a05-50b3-af8d-01845f6ab05e,2,Group 1,1.0,Firm 5,Firm 5_0ebc67d4,,Wed Feb 18 2026 12:53:29 GMT-0800 (Pacific Standard Time),Firm 5_0ebc67d4,4 (Above Standard),3 (Meets Standard),3 (Meets Standard),4 (Above Standard),3 (Meets Standard),3 (Meets Standard),3 (Meets Standard),3 (Meets Standard),3 (Meets Standard),3 (Meets Standard),3 (Meets Standard),4 (Above Standard),3 (Meets Standard),3 (Meets Standard),4 (Above Standard),2e61a7b3-d753-52d1-b80b-add6dc3998c1,87.0,75.0,4.0,3.0,3.0,4.0,3.0,3.0,3.0,3.0,3.0,3.0,3.0,4.0,3.0,3.0,4.0,False,,,,,,,,,,,,,,,,4.0,3.0,3.0,4.0,3.0,3.0,3.0,3.0,3.0,3.0,3.0,4.0,3.0,3.0,4.0,,3.2,3.4
714d58d7-d24c-5daa-9999-c9cb84ae78a9,1,Group 2,1.0,,,,,,,,,,,,,,,,,,,,,LLM,,,5.0,5.0,4.0,5.0,5.0,4.0,5.0,4.0,5.0,5.0,,,,,,,5.0,5.0,4.0,5.0,5.0,4.0,5.0,4.0,5.0,5.0,,,,,,,,,,,,,,,,,,,,,4.7,,
2de0fe04-92f5-5f5d-b655-4de7bdf0bfa8,1,Group 1,1.0,,,,,,,,,,,,,,,,,,,,,LLM,,,4.0,5.0,4.0,5.0,5.0,4.0,5.0,4.0,4.0,5.0,,,,,,,4.0,5.0,4.0,5.0,5.0,4.0,5.0,4.0,4.0,5.0,,,,,,,,,,,,,,,,,,,,,4.5,,
28225b05-80fe-5a27-80b0-50adf97620d6,1,Group 2,1.0,,,,,,,,,,,,,,,,,,,,,LLM,,,4.0,5.0,4.0,5.0,5.0,4.0,5.0,4.0,5.0,5.0,,,,,,,4.0,5.0,4.0,5.0,5.0,4.0,5.0,4.0,5.0,5.0,,,,,,,,,,,,,,,,,,,,,4.6,,
b66ba204-38d5-5532-8224-775deb04efaf,1,Group 2,1.0,,,,,,,,,,,,,,,,,,,,,LLM,,,2.0,2.0,3.0,3.0,2.0,4.0,3.0,4.0,3.0,3.0,,,,,,,2.0,2.0,3.0,3.0,2.0,4.0,3.0,4.0,3.0,3.0,,,,,,,,,,,,,,,,,,,,,2.9,,
a2681b4e-7a61-5565-a3c5-e92f1305f587,1,Group 1,1.0,,,,,,,,,,,,,,,,,,,,,LLM,,,2.0,2.0,2.0,2.0,2.0,3.0,4.0,3.0,2.0,2.0,,,,,,,2.0,2.0,2.0,2.0,2.0,3.0,4.0,3.0,2.0,2.0,,,,,,,,,,,,,,,,,,,,,2.4,,
3ca57e08-b3bd-5e37-ac44-817d5c1ff656,1,POC (GP 2 default),0.0,,,,,,,,,,,,,,,,,,,,,LLM,,,2.0,3.0,4.0,4.0,3.0,4.0,4.0,4.0,4.0,4.0,,,,,,,2.0,3.0,4.0,4.0,3.0,4.0,4.0,4.0,4.0,4.0,,,,,,,,,,,,,,,,,,,,,3.6,,
c2728e0f-b5e6-5f44-b9d1-9578ac50d743,1,Group 2,1.0,,,,,,,,,,,,,,,,,,,,,LLM,,,4.0,5.0,5.0,5.0,5.0,5.0,5.0,5.0,5.0,5.0,,,,,,,4.0,5.0,5.0,5.0,5.0,5.0,5.0,5.0,5.0,5.0,,,,,,,,,,,,,,,,,,,,,4.9,,
ad974298-cda3-5101-b90c-718c1b107ab7,1,Group 2,1.0,,,,,,,,,,,,,,,,,,,,,LLM,,,2.0,3.0,4.0,4.0,3.0,2.0,3.0,3.0,2.0,2.0,,,,,,,2.0,3.0,4.0,4.0,3.0,2.0,3.0,3.0,2.0,2.0,,,,,,,,,,,,,,,,,,,,,2.8,,
aa2b0260-28d6-520f-b8cb-37db10a3897c,1,Group 2,1.0,,,,,,,,,,,,,,,,,,,,,LLM,,,5.0,5.0,4.0,5.0,5.0,5.0,5.0,4.0,5.0,5.0,,,,,,,5.0,5.0,4.0,5.0,5.0,5.0,5.0,4.0,5.0,5.0,,,,,,,,,,,,,,,,,,,,,4.8,,
8a84f103-4317-58ec-8986-923e544a0b42,1,Group 2,1.0,,,,,,,,,,,,,,,,,,,,,LLM,,,4.0,5.0,4.0,4.0,5.0,4.0,5.0,4.0,5.0,5.0,,,,,,,4.0,5.0,4.0,4.0,5.0,4.0,5.0,4.0,5.0,5.0,,,,,,,,,,,,,,,,,,,,,4.5,,
7e5a9b32-f7eb-5782-9581-fe36edd0fae9,1,Group 2,1.0,,,,,,,,,,,,,,,,,,,,,LLM,,,4.0,5.0,4.0,5.0,5.0,4.0,2.0,4.0,3.0,2.0,,,,,,,4.0,5.0,4.0,5.0,5.0,4.0,2.0,4.0,3.0,2.0,,,,,,,,,,,,,,,,,,,,,3.8,,
776a1baa-0b21-5fbb-b0f6-10d1774ac361,1,Group 1,1.0,,,,,,,,,,,,,,,,,,,,,LLM,,,4.0,5.0,4.0,5.0,5.0,4.0,5.0,5.0,5.0,5.0,,,,,,,4.0,5.0,4.0,5.0,5.0,4.0,5.0,5.0,5.0,5.0,,,,,,,,,,,,,,,,,,,,,4.7,,
20635fec-cb2e-5f64-a74c-4bfe3207fb5b,1,Group 2,0.0,,,,,,,,,,,,,,,,,,,,,LLM,,,1.0,4.0,3.0,2.0,1.0,5.0,5.0,4.0,5.0,5.0,,,,,,,1.0,4.0,3.0,2.0,1.0,5.0,5.0,4.0,5.0,5.0,,,,,,,,,,,,,,,,,,,,,3.5,,
3e5ea9c7-a9c0-5609-b951-ef13610ba37f,1,Group 1,1.0,,,,,,,,,,,,,,,,,,,,,LLM,,,4.0,4.0,4.0,4.0,4.0,2.0,4.0,3.0,3.0,4.0,,,,,,,4.0,4.0,4.0,4.0,4.0,2.0,4.0,3.0,3.0,4.0,,,,,,,,,,,,,,,,,,,,,3.6,,
cf3ccdb7-089b-56a1-b737-45eae682e66a,1,Group 1,1.0,,,,,,,,,,,,,,,,,,,,,LLM,,,4.0,5.0,4.0,5.0,4.0,3.0,3.0,3.0,2.0,3.0,,,,,,,4.0,5.0,4.0,5.0,4.0,3.0,3.0,3.0,2.0,3.0,,,,,,,,,,,,,,,,,,,,,3.6,,
aab0a06b-8503-5bb6-ac2d-e503b94fdeed,1,Group 2,0.0,,,,,,,,,,,,,,,,,,,,,LLM,,,5.0,5.0,4.0,5.0,5.0,5.0,5.0,4.0,5.0,4.0,,,,,,,5.0,5.0,4.0,5.0,5.0,5.0,5.0,4.0,5.0,4.0,,,,,,,,,,,,,,,,,,,,,4.7,,
c4c0b9ff-5041-522a-b44b-c13f32609164,1,Group 1,1.0,,,,,,,,,,,,,,,,,,,,,LLM,,,1.0,4.0,3.0,3.0,2.0,4.0,5.0,4.0,4.0,5.0,,,,,,,1.0,4.0,3.0,3.0,2.0,4.0,5.0,4.0,4.0,5.0,,,,,,,,,,,,,,,,,,,,,3.5,,
c4dc4f83-9465-5266-9c88-ca83ef76d53f,1,Group 2,1.0,,,,,,,,,,,,,,,,,,,,,LLM,,,1.0,3.0,2.0,3.0,2.0,3.0,3.0,3.0,2.0,4.0,,,,,,,1.0,3.0,2.0,3.0,2.0,3.0,3.0,3.0,2.0,4.0,,,,,,,,,,,,,,,,,,,,,2.6,,
2a124c0c-72e7-50b9-9793-1cdf4c83f469,1,Group 1,1.0,,,,,,,,,,,,,,,,,,,,,LLM,,,4.0,5.0,4.0,4.0,4.0,4.0,5.0,4.0,5.0,5.0,,,,,,,4.0,5.0,4.0,4.0,4.0,4.0,5.0,4.0,5.0,5.0,,,,,,,,,,,,,,,,,,,,,4.4,,
fd9eb52e-4419-54c4-8919-38759eb71e45,1,Group 1,1.0,,,,,,,,,,,,,,,,,,,,,LLM,,,2.0,2.0,3.0,3.0,2.0,4.0,4.0,4.0,4.0,4.0,,,,,,,2.0,2.0,3.0,3.0,2.0,4.0,4.0,4.0,4.0,4.0,,,,,,,,,,,,,,,,,,,,,3.2,,
d7fd7471-a479-57c1-83f6-e0ec52d2d532,1,Group 2,1.0,,,,,,,,,,,,,,,,,,,,,LLM,,,2.0,4.0,3.0,3.0,2.0,2.0,3.0,3.0,2.0,1.0,,,,,,,2.0,4.0,3.0,3.0,2.0,2.0,3.0,3.0,2.0,1.0,,,,,,,,,,,,,,,,,,,,,2.5,,
ae9932b3-2ab5-597d-b409-6add5dee6584,1,Group 2,1.0,,,,,,,,,,,,,,,,,,,,,LLM,,,4.0,4.0,4.0,5.0,4.0,5.0,5.0,4.0,4.0,5.0,,,,,,,4.0,4.0,4.0,5.0,4.0,5.0,5.0,4.0,4.0,5.0,,,,,,,,,,,,,,,,,,,,,4.4,,
e304a224-9c86-573b-a3ed-ff33fa3b82db,1,Group 2,1.0,,,,,,,,,,,,,,,,,,,,,LLM,,,4.0,5.0,4.0,5.0,5.0,4.0,5.0,4.0,5.0,5.0,,,,,,,4.0,5.0,4.0,5.0,5.0,4.0,5.0,4.0,5.0,5.0,,,,,,,,,,,,,,,,,,,,,4.6,,
2d090aa6-d95f-5de4-9076-d704e9d15a8f,1,Dropped,1.0,,,,,,,,,,,,,,,,,,,,,LLM,,,2.0,2.0,4.0,3.0,2.0,2.0,3.0,1.0,1.0,2.0,,,,,,,2.0,2.0,4.0,3.0,2.0,2.0,3.0,1.0,1.0,2.0,,,,,,,,,,,,,,,,,,,,,2.2,,
5cd35615-85d5-58ac-9247-589a4533957c,1,Group 1,1.0,,,,,,,,,,,,,,,,,,,,,LLM,,,1.0,1.0,1.0,1.0,1.0,4.0,4.0,4.0,3.0,4.0,,,,,,,1.0,1.0,1.0,1.0,1.0,4.0,4.0,4.0,3.0,4.0,,,,,,,,,,,,,,,,,,,,,2.4,,
e32861f6-9237-5964-b3aa-09d11c06b943,1,Group 2,1.0,,,,,,,,,,,,,,,,,,,,,LLM,,,3.0,5.0,3.0,4.0,4.0,5.0,5.0,4.0,5.0,5.0,,,,,,,3.0,5.0,3.0,4.0,4.0,5.0,5.0,4.0,5.0,5.0,,,,,,,,,,,,,,,,,,,,,4.3,,
a7a90342-3a1b-5f1a-8e28-1a5651a6dbcf,1,Group 2,1.0,,,,,,,,,,,,,,,,,,,,,LLM,,,5.0,5.0,4.0,5.0,5.0,4.0,4.0,3.0,4.0,5.0,,,,,,,5.0,5.0,4.0,5.0,5.0,4.0,4.0,3.0,4.0,5.0,,,,,,,,,,,,,,,,,,,,,4.4,,
37e3d325-ba20-5d4d-92ad-4331c7f4bd8a,1,Group 1,1.0,,,,,,,,,,,,,,,,,,,,,LLM,,,1.0,1.0,2.0,2.0,1.0,2.0,2.0,3.0,2.0,1.0,,,,,,,1.0,1.0,2.0,2.0,1.0,2.0,2.0,3.0,2.0,1.0,,,,,,,,,,,,,,,,,,,,,1.7,,
66493ea1-816a-5340-9d76-7049a2202180,1,Group 2,1.0,,,,,,,,,,,,,,,,,,,,,LLM,,,5.0,5.0,4.0,5.0,5.0,5.0,5.0,4.0,5.0,5.0,,,,,,,5.0,5.0,4.0,5.0,5.0,5.0,5.0,4.0,5.0,5.0,,,,,,,,,,,,,,,,,,,,,4.8,,
71358a26-c4dd-5c37-9b72-2298fe55ff14,1,Group 2,1.0,,,,,,,,,,,,,,,,,,,,,LLM,,,1.0,3.0,1.0,1.0,1.0,4.0,5.0,4.0,5.0,5.0,,,,,,,1.0,3.0,1.0,1.0,1.0,4.0,5.0,4.0,5.0,5.0,,,,,,,,,,,,,,,,,,,,,3.0,,
a5bef877-c146-516d-959a-1d0707159293,1,Group 2,0.0,,,,,,,,,,,,,,,,,,,,,LLM,,,4.0,5.0,4.0,5.0,4.0,5.0,5.0,5.0,5.0,5.0,,,,,,,4.0,5.0,4.0,5.0,4.0,5.0,5.0,5.0,5.0,5.0,,,,,,,,,,,,,,,,,,,,,4.7,,
111860c0-1ec3-523b-bfb3-1a2e8e361dd2,1,Group 2,0.0,,,,,,,,,,,,,,,,,,,,,LLM,,,1.0,2.0,1.0,2.0,1.0,4.0,5.0,4.0,5.0,5.0,,,,,,,1.0,2.0,1.0,2.0,1.0,4.0,5.0,4.0,5.0,5.0,,,,,,,,,,,,,,,,,,,,,3.0,,
83d2819a-5578-5c49-af4e-942ac1cb14d2,1,Group 2,1.0,,,,,,,,,,,,,,,,,,,,,LLM,,,3.0,2.0,2.0,2.0,2.0,2.0,2.0,1.0,1.0,2.0,,,,,,,3.0,2.0,2.0,2.0,2.0,2.0,2.0,1.0,1.0,2.0,,,,,,,,,,,,,,,,,,,,,1.9,,
fbf9dda2-9921-5382-97b2-924fc4c67cce,1,Group 2,1.0,,,,,,,,,,,,,,,,,,,,,LLM,,,4.0,5.0,4.0,5.0,4.0,4.0,5.0,3.0,3.0,2.0,,,,,,,4.0,5.0,4.0,5.0,4.0,4.0,5.0,3.0,3.0,2.0,,,,,,,,,,,,,,,,,,,,,3.9,,
437ac34e-a2a6-52ec-a60e-545d5193059a,1,Group 2,1.0,,,,,,,,,,,,,,,,,,,,,LLM,,,4.0,2.0,4.0,4.0,3.0,4.0,5.0,4.0,2.0,4.0,,,,,,,4.0,2.0,4.0,4.0,3.0,4.0,5.0,4.0,2.0,4.0,,,,,,,,,,,,,,,,,,,,,3.6,,
4b0de7b6-78b0-5944-9c91-414424c1d114,1,Group 2,0.0,,,,,,,,,,,,,,,,,,,,,LLM,,,4.0,5.0,3.0,5.0,4.0,5.0,5.0,4.0,5.0,5.0,,,,,,,4.0,5.0,3.0,5.0,4.0,5.0,5.0,4.0,5.0,5.0,,,,,,,,,,,,,,,,,,,,,4.5,,
8fe2b5ba-f2c7-5a77-be88-22e250eaca9d,1,Group 2,1.0,,,,,,,,,,,,,,,,,,,,,LLM,,,4.0,5.0,4.0,5.0,5.0,4.0,2.0,3.0,3.0,3.0,,,,,,,4.0,5.0,4.0,5.0,5.0,4.0,2.0,3.0,3.0,3.0,,,,,,,,,,,,,,,,,,,,,3.8,,
ee13843f-f078-5f66-841b-e1c5602f23ce,1,Group 2,1.0,,,,,,,,,,,,,,,,,,,,,LLM,,,4.0,5.0,4.0,5.0,5.0,4.0,5.0,4.0,5.0,5.0,,,,,,,4.0,5.0,4.0,5.0,5.0,4.0,5.0,4.0,5.0,5.0,,,,,,,,,,,,,,,,,,,,,4.6,,
29b3c897-7936-5832-8d01-192f906fac19,1,Group 2,1.0,,,,,,,,,,,,,,,,,,,,,LLM,,,4.0,5.0,4.0,5.0,5.0,4.0,5.0,4.0,5.0,5.0,,,,,,,4.0,5.0,4.0,5.0,5.0,4.0,5.0,4.0,5.0,5.0,,,,,,,,,,,,,,,,,,,,,4.6,,
6aee6782-36bd-5b23-bb3e-1d6697b7f1ec,1,Group 2,0.0,,,,,,,,,,,,,,,,,,,,,LLM,,,4.0,5.0,4.0,5.0,5.0,2.0,2.0,2.0,3.0,1.0,,,,,,,4.0,5.0,4.0,5.0,5.0,2.0,2.0,2.0,3.0,1.0,,,,,,,,,,,,,,,,,,,,,3.3,,
8bc09ee7-8082-5b31-a844-9fda16660a99,1,Group 1,1.0,,,,,,,,,,,,,,,,,,,,,LLM,,,5.0,5.0,4.0,5.0,5.0,4.0,5.0,5.0,5.0,5.0,,,,,,,5.0,5.0,4.0,5.0,5.0,4.0,5.0,5.0,5.0,5.0,,,,,,,,,,,,,,,,,,,,,4.8,,
4157e66d-76e9-55cb-a372-9f8df9f09c0b,1,Group 1,1.0,,,,,,,,,,,,,,,,,,,,,LLM,,,4.0,5.0,4.0,5.0,5.0,4.0,3.0,4.0,2.0,2.0,,,,,,,4.0,5.0,4.0,5.0,5.0,4.0,3.0,4.0,2.0,2.0,,,,,,,,,,,,,,,,,,,,,3.8,,
25f83601-4352-57bd-9f44-832960bd1768,1,Group 2,1.0,,,,,,,,,,,,,,,,,,,,,LLM,,,4.0,5.0,4.0,5.0,5.0,4.0,4.0,4.0,3.0,4.0,,,,,,,4.0,5.0,4.0,5.0,5.0,4.0,4.0,4.0,3.0,4.0,,,,,,,,,,,,,,,,,,,,,4.2,,
15ac974a-1e2b-50ce-aecc-7f9988d1426c,1,Group 2,0.0,,,,,,,,,,,,,,,,,,,,,LLM,,,4.0,5.0,4.0,5.0,5.0,4.0,4.0,4.0,3.0,4.0,,,,,,,4.0,5.0,4.0,5.0,5.0,4.0,4.0,4.0,3.0,4.0,,,,,,,,,,,,,,,,,,,,,4.2,,
15068612-35ca-54b2-8bc0-662ebe3db2c6,1,Group 2,1.0,,,,,,,,,,,,,,,,,,,,,LLM,,,5.0,5.0,4.0,5.0,5.0,5.0,5.0,4.0,5.0,5.0,,,,,,,5.0,5.0,4.0,5.0,5.0,5.0,5.0,4.0,5.0,5.0,,,,,,,,,,,,,,,,,,,,,4.8,,
38a12468-08d0-5610-8db9-1a56d5202680,1,Group 2,1.0,,,,,,,,,,,,,,,,,,,,,LLM,,,4.0,5.0,4.0,5.0,4.0,5.0,5.0,5.0,5.0,5.0,,,,,,,4.0,5.0,4.0,5.0,4.0,5.0,5.0,5.0,5.0,5.0,,,,,,,,,,,,,,,,,,,,,4.7,,
ca431490-16da-5915-8766-4f6a124ce757,1,Group 2,1.0,,,,,,,,,,,,,,,,,,,,,LLM,,,2.0,4.0,3.0,3.0,3.0,4.0,5.0,4.0,5.0,5.0,,,,,,,2.0,4.0,3.0,3.0,3.0,4.0,5.0,4.0,5.0,5.0,,,,,,,,,,,,,,,,,,,,,3.8,,
4a3f193d-8e87-5e2c-b02b-d648ec30f3e7,1,Dropped,1.0,,,,,,,,,,,,,,,,,,,,,LLM,,,4.0,5.0,4.0,5.0,5.0,4.0,5.0,4.0,5.0,5.0,,,,,,,4.0,5.0,4.0,5.0,5.0,4.0,5.0,4.0,5.0,5.0,,,,,,,,,,,,,,,,,,,,,4.6,,
07faca57-bbcc-5655-bdbe-b5454a40da34,1,Group 1,1.0,,,,,,,,,,,,,,,,,,,,,LLM,,,2.0,3.0,3.0,4.0,2.0,4.0,4.0,4.0,4.0,4.0,,,,,,,2.0,3.0,3.0,4.0,2.0,4.0,4.0,4.0,4.0,4.0,,,,,,,,,,,,,,,,,,,,,3.4,,
c32b9a16-c556-54a0-a1b2-cf2fdff3bfa0,1,Group 2,1.0,,,,,,,,,,,,,,,,,,,,,LLM,,,5.0,5.0,4.0,5.0,5.0,4.0,4.0,5.0,4.0,5.0,,,,,,,5.0,5.0,4.0,5.0,5.0,4.0,4.0,5.0,4.0,5.0,,,,,,,,,,,,,,,,,,,,,4.6,,
faa69544-c661-5136-90b7-6cae21f32a39,1,Group 2,0.0,,,,,,,,,,,,,,,,,,,,,LLM,,,5.0,5.0,4.0,5.0,5.0,5.0,5.0,4.0,5.0,5.0,,,,,,,5.0,5.0,4.0,5.0,5.0,5.0,5.0,4.0,5.0,5.0,,,,,,,,,,,,,,,,,,,,,4.8,,
f441ce38-520e-5e2f-8360-370a01459d59,1,Group 2,1.0,,,,,,,,,,,,,,,,,,,,,LLM,,,4.0,5.0,4.0,5.0,4.0,4.0,5.0,3.0,4.0,5.0,,,,,,,4.0,5.0,4.0,5.0,4.0,4.0,5.0,3.0,4.0,5.0,,,,,,,,,,,,,,,,,,,,,4.3,,
0424c1e1-8335-5f40-b3bc-98787b582ff6,1,Group 2,1.0,,,,,,,,,,,,,,,,,,,,,LLM,,,4.0,5.0,4.0,5.0,5.0,4.0,3.0,4.0,5.0,3.0,,,,,,,4.0,5.0,4.0,5.0,5.0,4.0,3.0,4.0,5.0,3.0,,,,,,,,,,,,,,,,,,,,,4.2,,
1fa3d8d4-a2ae-5a1c-844a-785e6d52c542,1,Group 2,0.0,,,,,,,,,,,,,,,,,,,,,LLM,,,4.0,5.0,4.0,5.0,5.0,4.0,5.0,4.0,5.0,5.0,,,,,,,4.0,5.0,4.0,5.0,5.0,4.0,5.0,4.0,5.0,5.0,,,,,,,,,,,,,,,,,,,,,4.6,,
8c5e2f92-5f07-5cf2-aaf1-cef7a94c73f9,1,Group 1,1.0,,,,,,,,,,,,,,,,,,,,,LLM,,,4.0,5.0,5.0,4.0,5.0,4.0,5.0,5.0,4.0,5.0,,,,,,,4.0,5.0,5.0,4.0,5.0,4.0,5.0,5.0,4.0,5.0,,,,,,,,,,,,,,,,,,,,,4.6,,
bdad2972-1b06-5143-baea-94731e8d82eb,1,Group 2,1.0,,,,,,,,,,,,,,,,,,,,,LLM,,,5.0,5.0,4.0,5.0,5.0,2.0,5.0,3.0,4.0,4.0,,,,,,,5.0,5.0,4.0,5.0,5.0,2.0,5.0,3.0,4.0,4.0,,,,,,,,,,,,,,,,,,,,,4.2,,
c0392826-9e31-556d-8f93-8603e350cf56,1,Group 2,0.0,,,,,,,,,,,,,,,,,,,,,LLM,,,4.0,5.0,4.0,5.0,5.0,4.0,5.0,4.0,5.0,5.0,,,,,,,4.0,5.0,4.0,5.0,5.0,4.0,5.0,4.0,5.0,5.0,,,,,,,,,,,,,,,,,,,,,4.6,,
8930cf72-69e4-5ee7-ba45-9fc568c1010e,1,Group 1,1.0,,,,,,,,,,,,,,,,,,,,,LLM,,,4.0,5.0,4.0,5.0,5.0,4.0,3.0,4.0,4.0,3.0,,,,,,,4.0,5.0,4.0,5.0,5.0,4.0,3.0,4.0,4.0,3.0,,,,,,,,,,,,,,,,,,,,,4.1,,
9d4e5de5-9328-592f-aba9-af1f691ac0f5,1,Group 2,1.0,,,,,,,,,,,,,,,,,,,,,LLM,,,4.0,5.0,4.0,5.0,5.0,4.0,4.0,4.0,4.0,5.0,,,,,,,4.0,5.0,4.0,5.0,5.0,4.0,4.0,4.0,4.0,5.0,,,,,,,,,,,,,,,,,,,,,4.4,,
e9a8662d-22ae-53d2-92a0-00303f8cba79,1,Group 2,1.0,,,,,,,,,,,,,,,,,,,,,LLM,,,5.0,5.0,4.0,5.0,5.0,3.0,2.0,2.0,2.0,4.0,,,,,,,5.0,5.0,4.0,5.0,5.0,3.0,2.0,2.0,2.0,4.0,,,,,,,,,,,,,,,,,,,,,3.7,,
9b71fb9a-d7b5-553a-a170-aef84e85ce6d,1,Group 2,1.0,,,,,,,,,,,,,,,,,,,,,LLM,,,4.0,5.0,4.0,5.0,5.0,4.0,5.0,4.0,4.0,5.0,,,,,,,4.0,5.0,4.0,5.0,5.0,4.0,5.0,4.0,4.0,5.0,,,,,,,,,,,,,,,,,,,,,4.5,,
6a408cef-e378-509e-b122-7020d4442de6,1,Group 2,1.0,,,,,,,,,,,,,,,,,,,,,LLM,,,5.0,5.0,4.0,5.0,5.0,4.0,5.0,4.0,5.0,4.0,,,,,,,5.0,5.0,4.0,5.0,5.0,4.0,5.0,4.0,5.0,4.0,,,,,,,,,,,,,,,,,,,,,4.6,,
15527170-9f0f-51c3-9987-2983f238cbf1,1,Group 2,1.0,,,,,,,,,,,,,,,,,,,,,LLM,,,5.0,5.0,4.0,5.0,5.0,5.0,5.0,5.0,5.0,5.0,,,,,,,5.0,5.0,4.0,5.0,5.0,5.0,5.0,5.0,5.0,5.0,,,,,,,,,,,,,,,,,,,,,4.9,,
2c77ffa4-3f6e-5886-a6b5-b59dad4b5c4f,1,Group 1,1.0,,,,,,,,,,,,,,,,,,,,,LLM,,,2.0,4.0,3.0,4.0,2.0,1.0,2.0,1.0,1.0,1.0,,,,,,,2.0,4.0,3.0,4.0,2.0,1.0,2.0,1.0,1.0,1.0,,,,,,,,,,,,,,,,,,,,,2.1,,
1e78f3ba-3477-50a8-a066-00a9feea6a14,1,Group 2,1.0,,,,,,,,,,,,,,,,,,,,,LLM,,,4.0,5.0,4.0,5.0,5.0,4.0,5.0,4.0,5.0,5.0,,,,,,,4.0,5.0,4.0,5.0,5.0,4.0,5.0,4.0,5.0,5.0,,,,,,,,,,,,,,,,,,,,,4.6,,
bcc22362-f3e9-52ca-bf3b-da3d52ad9bad,1,Group 1,1.0,,,,,,,,,,,,,,,,,,,,,LLM,,,1.0,2.0,3.0,2.0,2.0,4.0,4.0,4.0,4.0,4.0,,,,,,,1.0,2.0,3.0,2.0,2.0,4.0,4.0,4.0,4.0,4.0,,,,,,,,,,,,,,,,,,,,,3.0,,
92580f1e-ddde-5cbe-b77f-b1fb1c8bd55a,1,Group 2,1.0,,,,,,,,,,,,,,,,,,,,,LLM,,,5.0,5.0,5.0,5.0,5.0,4.0,5.0,5.0,4.0,5.0,,,,,,,5.0,5.0,5.0,5.0,5.0,4.0,5.0,5.0,4.0,5.0,,,,,,,,,,,,,,,,,,,,,4.8,,
312bab6b-def1-5e03-ba9e-43b36762fc0e,1,Group 2,1.0,,,,,,,,,,,,,,,,,,,,,LLM,,,4.0,5.0,4.0,5.0,5.0,4.0,5.0,4.0,5.0,5.0,,,,,,,4.0,5.0,4.0,5.0,5.0,4.0,5.0,4.0,5.0,5.0,,,,,,,,,,,,,,,,,,,,,4.6,,
79d8a242-5752-5cfa-9abd-643524c4f12a,1,Group 2,1.0,,,,,,,,,,,,,,,,,,,,,LLM,,,4.0,5.0,4.0,5.0,4.0,2.0,2.0,3.0,2.0,2.0,,,,,,,4.0,5.0,4.0,5.0,4.0,2.0,2.0,3.0,2.0,2.0,,,,,,,,,,,,,,,,,,,,,3.3,,
5f155ac5-5ece-5e91-b0cb-e7afa524c9e8,1,Group 1,1.0,,,,,,,,,,,,,,,,,,,,,LLM,,,2.0,1.0,2.0,2.0,2.0,1.0,1.0,1.0,1.0,1.0,,,,,,,2.0,1.0,2.0,2.0,2.0,1.0,1.0,1.0,1.0,1.0,,,,,,,,,,,,,,,,,,,,,1.4,,
7984c7ab-7de8-5842-b747-321180c43dce,1,Group 2,1.0,,,,,,,,,,,,,,,,,,,,,LLM,,,3.0,4.0,4.0,4.0,3.0,4.0,5.0,4.0,4.0,5.0,,,,,,,3.0,4.0,4.0,4.0,3.0,4.0,5.0,4.0,4.0,5.0,,,,,,,,,,,,,,,,,,,,,4.0,,
dfb30212-15ab-58f9-ba91-42a18c698aa6,1,Group 1,1.0,,,,,,,,,,,,,,,,,,,,,LLM,,,1.0,4.0,2.0,3.0,2.0,3.0,3.0,2.0,2.0,3.0,,,,,,,1.0,4.0,2.0,3.0,2.0,3.0,3.0,2.0,2.0,3.0,,,,,,,,,,,,,,,,,,,,,2.5,,
13987cbc-4ed6-55c3-93aa-24c1982f2b4c,1,POC (GP 2 default),0.0,,,,,,,,,,,,,,,,,,,,,LLM,,,4.0,5.0,3.0,5.0,5.0,4.0,5.0,4.0,5.0,5.0,,,,,,,4.0,5.0,3.0,5.0,5.0,4.0,5.0,4.0,5.0,5.0,,,,,,,,,,,,,,,,,,,,,4.5,,
3395f03f-a6ce-5b76-b994-f3c2beb8a9f1,1,Group 2,1.0,,,,,,,,,,,,,,,,,,,,,LLM,,,5.0,5.0,5.0,5.0,5.0,4.0,5.0,4.0,4.0,5.0,,,,,,,5.0,5.0,5.0,5.0,5.0,4.0,5.0,4.0,4.0,5.0,,,,,,,,,,,,,,,,,,,,,4.7,,
198001e7-9099-51fb-8928-1294eeb930f7,1,Group 2,1.0,,,,,,,,,,,,,,,,,,,,,LLM,,,4.0,5.0,4.0,5.0,5.0,4.0,3.0,4.0,3.0,4.0,,,,,,,4.0,5.0,4.0,5.0,5.0,4.0,3.0,4.0,3.0,4.0,,,,,,,,,,,,,,,,,,,,,4.1,,
bf8f2708-95cc-5b2f-96a4-074b2b2726f7,1,Group 2,1.0,,,,,,,,,,,,,,,,,,,,,LLM,,,4.0,5.0,4.0,5.0,5.0,4.0,5.0,4.0,5.0,5.0,,,,,,,4.0,5.0,4.0,5.0,5.0,4.0,5.0,4.0,5.0,5.0,,,,,,,,,,,,,,,,,,,,,4.6,,
7089484c-92e7-5084-8acb-d9feb6f920f5,1,Group 2,1.0,,,,,,,,,,,,,,,,,,,,,LLM,,,4.0,5.0,5.0,5.0,5.0,4.0,5.0,4.0,5.0,5.0,,,,,,,4.0,5.0,5.0,5.0,5.0,4.0,5.0,4.0,5.0,5.0,,,,,,,,,,,,,,,,,,,,,4.7,,
9bb27658-91d0-5345-9ccf-22f9558d6222,1,Group 1,1.0,,,,,,,,,,,,,,,,,,,,,LLM,,,2.0,5.0,3.0,4.0,3.0,1.0,1.0,1.0,1.0,1.0,,,,,,,2.0,5.0,3.0,4.0,3.0,1.0,1.0,1.0,1.0,1.0,,,,,,,,,,,,,,,,,,,,,2.2,,
287c05d8-1bc8-5ce5-98f2-98e46a27b55b,1,Group 2,1.0,,,,,,,,,,,,,,,,,,,,,LLM,,,5.0,5.0,4.0,5.0,5.0,4.0,5.0,4.0,4.0,5.0,,,,,,,5.0,5.0,4.0,5.0,5.0,4.0,5.0,4.0,4.0,5.0,,,,,,,,,,,,,,,,,,,,,4.6,,
486a2581-6651-58de-9e84-8705878d9999,1,Group 2,1.0,,,,,,,,,,,,,,,,,,,,,LLM,,,4.0,5.0,4.0,5.0,4.0,4.0,5.0,4.0,5.0,5.0,,,,,,,4.0,5.0,4.0,5.0,4.0,4.0,5.0,4.0,5.0,5.0,,,,,,,,,,,,,,,,,,,,,4.5,,
ade4ca81-4320-5b8b-a29d-20ede345a425,1,Group 1,1.0,,,,,,,,,,,,,,,,,,,,,LLM,,,5.0,5.0,4.0,5.0,5.0,4.0,5.0,4.0,5.0,5.0,,,,,,,5.0,5.0,4.0,5.0,5.0,4.0,5.0,4.0,5.0,5.0,,,,,,,,,,,,,,,,,,,,,4.7,,
c395e2f8-5888-5053-ada4-a02e39247e17,1,Group 2,1.0,,,,,,,,,,,,,,,,,,,,,LLM,,,4.0,5.0,4.0,5.0,5.0,4.0,3.0,4.0,3.0,4.0,,,,,,,4.0,5.0,4.0,5.0,5.0,4.0,3.0,4.0,3.0,4.0,,,,,,,,,,,,,,,,,,,,,4.1,,
c01133c5-11bb-5ec1-8522-21fc1e018222,1,Group 2,0.0,,,,,,,,,,,,,,,,,,,,,LLM,,,2.0,2.0,3.0,4.0,2.0,2.0,4.0,3.0,2.0,2.0,,,,,,,2.0,2.0,3.0,4.0,2.0,2.0,4.0,3.0,2.0,2.0,,,,,,,,,,,,,,,,,,,,,2.6,,
4325b8b7-eee6-5964-92d1-752069e71184,1,Group 2,1.0,,,,,,,,,,,,,,,,,,,,,LLM,,,3.0,4.0,2.0,3.0,3.0,4.0,5.0,4.0,4.0,4.0,,,,,,,3.0,4.0,2.0,3.0,3.0,4.0,5.0,4.0,4.0,4.0,,,,,,,,,,,,,,,,,,,,,3.6,,
fcc590fe-b472-5576-adf7-0db8f53aadde,1,Group 1,1.0,,,,,,,,,,,,,,,,,,,,,LLM,,,1.0,2.0,3.0,4.0,2.0,3.0,3.0,3.0,2.0,3.0,,,,,,,1.0,2.0,3.0,4.0,2.0,3.0,3.0,3.0,2.0,3.0,,,,,,,,,,,,,,,,,,,,,2.6,,
51991fd2-0301-5cbf-9288-8cec13e1f456,1,Group 2,0.0,,,,,,,,,,,,,,,,,,,,,LLM,,,4.0,5.0,3.0,3.0,4.0,4.0,3.0,3.0,4.0,3.0,,,,,,,4.0,5.0,3.0,3.0,4.0,4.0,3.0,3.0,4.0,3.0,,,,,,,,,,,,,,,,,,,,,3.6,,
b1de5495-d371-5761-b9d6-a3af62921641,1,Group 2,1.0,,,,,,,,,,,,,,,,,,,,,LLM,,,4.0,5.0,4.0,5.0,4.0,4.0,5.0,4.0,4.0,4.0,,,,,,,4.0,5.0,4.0,5.0,4.0,4.0,5.0,4.0,4.0,4.0,,,,,,,,,,,,,,,,,,,,,4.3,,
e019d218-d3f8-540b-9012-5aac92572bb6,1,Group 1,1.0,,,,,,,,,,,,,,,,,,,,,LLM,,,4.0,3.0,3.0,4.0,4.0,3.0,2.0,3.0,2.0,3.0,,,,,,,4.0,3.0,3.0,4.0,4.0,3.0,2.0,3.0,2.0,3.0,,,,,,,,,,,,,,,,,,,,,3.1,,
5f411780-336d-59fd-aa8f-9bb7ad9877bd,1,Group 2,1.0,,,,,,,,,,,,,,,,,,,,,LLM,,,5.0,5.0,4.0,5.0,5.0,4.0,5.0,3.0,3.0,3.0,,,,,,,5.0,5.0,4.0,5.0,5.0,4.0,5.0,3.0,3.0,3.0,,,,,,,,,,,,,,,,,,,,,4.2,,
4bcf550c-b99c-5d84-953a-cacf63652ae7,1,Group 2,1.0,,,,,,,,,,,,,,,,,,,,,LLM,,,4.0,5.0,4.0,5.0,5.0,4.0,5.0,4.0,5.0,5.0,,,,,,,4.0,5.0,4.0,5.0,5.0,4.0,5.0,4.0,5.0,5.0,,,,,,,,,,,,,,,,,,,,,4.6,,
5f8586e1-b467-58d7-a3f9-73d2b30b2189,1,Group 2,1.0,,,,,,,,,,,,,,,,,,,,,LLM,,,5.0,5.0,4.0,5.0,5.0,4.0,4.0,4.0,4.0,5.0,,,,,,,5.0,5.0,4.0,5.0,5.0,4.0,4.0,4.0,4.0,5.0,,,,,,,,,,,,,,,,,,,,,4.5,,
4172dcd9-39ce-514f-ae33-22e2c2c6053c,1,Group 1,1.0,,,,,,,,,,,,,,,,,,,,,LLM,,,4.0,5.0,3.0,5.0,5.0,4.0,4.0,4.0,4.0,5.0,,,,,,,4.0,5.0,3.0,5.0,5.0,4.0,4.0,4.0,4.0,5.0,,,,,,,,,,,,,,,,,,,,,4.3,,
97118f49-4d52-5e9a-8993-ee74af786d55,1,Group 1,1.0,,,,,,,,,,,,,,,,,,,,,LLM,,,4.0,5.0,4.0,5.0,5.0,2.0,4.0,3.0,2.0,1.0,,,,,,,4.0,5.0,4.0,5.0,5.0,2.0,4.0,3.0,2.0,1.0,,,,,,,,,,,,,,,,,,,,,3.5,,
1d5cc583-47da-5145-a753-9a82a8a48de3,1,Group 1,1.0,,,,,,,,,,,,,,,,,,,,,LLM,,,5.0,5.0,4.0,5.0,5.0,4.0,5.0,4.0,4.0,4.0,,,,,,,5.0,5.0,4.0,5.0,5.0,4.0,5.0,4.0,4.0,4.0,,,,,,,,,,,,,,,,,,,,,4.5,,
aad48e66-edaf-55b4-a29e-d6a8344f1f41,1,Group 2,1.0,,,,,,,,,,,,,,,,,,,,,LLM,,,5.0,5.0,4.0,5.0,5.0,5.0,5.0,4.0,5.0,5.0,,,,,,,5.0,5.0,4.0,5.0,5.0,5.0,5.0,4.0,5.0,5.0,,,,,,,,,,,,,,,,,,,,,4.8,,
7c985637-fc36-5dba-9643-fcb25b88f805,1,Group 2,0.0,,,,,,,,,,,,,,,,,,,,,LLM,,,4.0,5.0,3.0,5.0,5.0,4.0,5.0,4.0,5.0,5.0,,,,,,,4.0,5.0,3.0,5.0,5.0,4.0,5.0,4.0,5.0,5.0,,,,,,,,,,,,,,,,,,,,,4.5,,
4a83f16b-8b58-5035-afbd-3a8d7d1a267e,1,Group 1,1.0,,,,,,,,,,,,,,,,,,,,,LLM,,,5.0,5.0,4.0,5.0,5.0,4.0,5.0,4.0,4.0,5.0,,,,,,,5.0,5.0,4.0,5.0,5.0,4.0,5.0,4.0,4.0,5.0,,,,,,,,,,,,,,,,,,,,,4.6,,
f0b005a2-dc62-5b37-9d9a-6eab7f74b30f,1,Group 2,0.0,,,,,,,,,,,,,,,,,,,,,LLM,,,5.0,5.0,4.0,5.0,5.0,3.0,3.0,3.0,2.0,4.0,,,,,,,5.0,5.0,4.0,5.0,5.0,3.0,3.0,3.0,2.0,4.0,,,,,,,,,,,,,,,,,,,,,3.9,,
fde3fcbe-a6b4-5a21-aec5-d83055abcd55,1,Group 2,1.0,,,,,,,,,,,,,,,,,,,,,LLM,,,0.0,0.0,0.0,0.0,0.0,0.0,0.0,0.0,0.0,0.0,,,,,,,0.0,0.0,0.0,0.0,0.0,0.0,0.0,0.0,0.0,0.0,,,,,,,,,,,,,,,,,,,,,0.0,,
469e4cf9-5b13-522c-8cc0-e73cc163861e,1,Dropped,,,,,,,,,,,,,,,,,,,,,,LLM,,,5.0,5.0,4.0,5.0,5.0,5.0,5.0,4.0,5.0,5.0,,,,,,,5.0,5.0,4.0,5.0,5.0,5.0,5.0,4.0,5.0,5.0,,,,,,,,,,,,,,,,,,,,,4.8,,
899639f5-5f3e-578e-9a3a-f4c3c934a9f2,1,Group 2,1.0,,,,,,,,,,,,,,,,,,,,,LLM,,,4.0,5.0,4.0,5.0,5.0,4.0,3.0,4.0,3.0,4.0,,,,,,,4.0,5.0,4.0,5.0,5.0,4.0,3.0,4.0,3.0,4.0,,,,,,,,,,,,,,,,,,,,,4.1,,
64b78655-942a-5dcf-8d1c-e757cf0561a8,1,Group 2,1.0,,,,,,,,,,,,,,,,,,,,,LLM,,,5.0,5.0,4.0,5.0,5.0,4.0,5.0,4.0,5.0,5.0,,,,,,,5.0,5.0,4.0,5.0,5.0,4.0,5.0,4.0,5.0,5.0,,,,,,,,,,,,,,,,,,,,,4.7,,
7a46de25-4e0c-5412-9f27-655bf590f86e,1,Group 2,1.0,,,,,,,,,,,,,,,,,,,,,LLM,,,4.0,5.0,4.0,4.0,5.0,3.0,2.0,4.0,3.0,4.0,,,,,,,4.0,5.0,4.0,4.0,5.0,3.0,2.0,4.0,3.0,4.0,,,,,,,,,,,,,,,,,,,,,3.8,,
6f4ceb94-0083-53bc-8698-4e73d40ff3f3,1,Group 2,1.0,,,,,,,,,,,,,,,,,,,,,LLM,,,4.0,5.0,3.0,4.0,5.0,5.0,5.0,4.0,5.0,5.0,,,,,,,4.0,5.0,3.0,4.0,5.0,5.0,5.0,4.0,5.0,5.0,,,,,,,,,,,,,,,,,,,,,4.5,,
1d70fc9e-037c-5bfb-86dd-e1bbe0dc520d,1,Group 2,1.0,,,,,,,,,,,,,,,,,,,,,LLM,,,5.0,5.0,4.0,5.0,5.0,5.0,5.0,4.0,5.0,5.0,,,,,,,5.0,5.0,4.0,5.0,5.0,5.0,5.0,4.0,5.0,5.0,,,,,,,,,,,,,,,,,,,,,4.8,,
194eeeb1-bde1-55bd-9608-e981b3c95b0d,1,Group 2,1.0,,,,,,,,,,,,,,,,,,,,,LLM,,,4.0,5.0,3.0,5.0,5.0,4.0,5.0,3.0,5.0,5.0,,,,,,,4.0,5.0,3.0,5.0,5.0,4.0,5.0,3.0,5.0,5.0,,,,,,,,,,,,,,,,,,,,,4.4,,
29696480-3e2b-5a15-ad36-3e0c20c2901f,1,Group 1,1.0,,,,,,,,,,,,,,,,,,,,,LLM,,,5.0,5.0,4.0,5.0,5.0,4.0,5.0,4.0,4.0,5.0,,,,,,,5.0,5.0,4.0,5.0,5.0,4.0,5.0,4.0,4.0,5.0,,,,,,,,,,,,,,,,,,,,,4.6,,
b64f84df-142c-5b13-bb66-2181fb02379a,1,Group 2,1.0,,,,,,,,,,,,,,,,,,,,,LLM,,,5.0,5.0,4.0,5.0,5.0,4.0,5.0,4.0,5.0,5.0,,,,,,,5.0,5.0,4.0,5.0,5.0,4.0,5.0,4.0,5.0,5.0,,,,,,,,,,,,,,,,,,,,,4.7,,
0ebc67d4-8a05-50b3-af8d-01845f6ab05e,1,Group 1,1.0,,,,,,,,,,,,,,,,,,,,,LLM,,,5.0,5.0,4.0,5.0,5.0,5.0,5.0,4.0,5.0,5.0,,,,,,,5.0,5.0,4.0,5.0,5.0,5.0,5.0,4.0,5.0,5.0,,,,,,,,,,,,,,,,,,,,,4.8,,
299d8879-b858-5699-a6da-3f574133e106,1,Group 2,1.0,,,,,,,,,,,,,,,,,,,,,LLM,,,4.0,5.0,4.0,5.0,5.0,4.0,5.0,4.0,5.0,5.0,,,,,,,4.0,5.0,4.0,5.0,5.0,4.0,5.0,4.0,5.0,5.0,,,,,,,,,,,,,,,,,,,,,4.6,,
1702c072-da20-502e-9e79-c6b7c47be339,1,Group 2,1.0,,,,,,,,,,,,,,,,,,,,,LLM,,,1.0,4.0,4.0,2.0,2.0,4.0,5.0,4.0,4.0,5.0,,,,,,,1.0,4.0,4.0,2.0,2.0,4.0,5.0,4.0,4.0,5.0,,,,,,,,,,,,,,,,,,,,,3.5,,
081064a2-d80d-54cc-aa3a-1021cbfbddf7,1,Group 2,1.0,,,,,,,,,,,,,,,,,,,,,LLM,,,3.0,3.0,4.0,3.0,4.0,2.0,2.0,4.0,1.0,3.0,,,,,,,3.0,3.0,4.0,3.0,4.0,2.0,2.0,4.0,1.0,3.0,,,,,,,,,,,,,,,,,,,,,2.9,,
3bbe29b6-00dc-5331-9fad-5d40ff285812,1,Group 1,1.0,,,,,,,,,,,,,,,,,,,,,LLM,,,4.0,5.0,4.0,5.0,5.0,4.0,3.0,4.0,4.0,3.0,,,,,,,4.0,5.0,4.0,5.0,5.0,4.0,3.0,4.0,4.0,3.0,,,,,,,,,,,,,,,,,,,,,4.1,,
3c9f686e-d22b-56cb-b6dc-5e5e3fe14700,1,Group 1,1.0,,,,,,,,,,,,,,,,,,,,,LLM,,,5.0,5.0,4.0,5.0,5.0,4.0,5.0,4.0,5.0,5.0,,,,,,,5.0,5.0,4.0,5.0,5.0,4.0,5.0,4.0,5.0,5.0,,,,,,,,,,,,,,,,,,,,,4.7,,
b42d84a9-b936-5049-9f60-c93ab90a106e,1,Group 2,1.0,,,,,,,,,,,,,,,,,,,,,LLM,,,4.0,5.0,4.0,5.0,5.0,4.0,5.0,4.0,3.0,3.0,,,,,,,4.0,5.0,4.0,5.0,5.0,4.0,5.0,4.0,3.0,3.0,,,,,,,,,,,,,,,,,,,,,4.2,,
28ec896f-ed9f-545f-bee1-10ac5420b63d,1,Group 2,1.0,,,,,,,,,,,,,,,,,,,,,LLM,,,5.0,5.0,4.0,5.0,5.0,4.0,5.0,4.0,5.0,5.0,,,,,,,5.0,5.0,4.0,5.0,5.0,4.0,5.0,4.0,5.0,5.0,,,,,,,,,,,,,,,,,,,,,4.7,,
ab3ea870-ef64-545f-81ec-6829a6ca8fcb,1,Group 2,1.0,,,,,,,,,,,,,,,,,,,,,LLM,,,5.0,5.0,4.0,5.0,5.0,5.0,5.0,4.0,5.0,5.0,,,,,,,5.0,5.0,4.0,5.0,5.0,5.0,5.0,4.0,5.0,5.0,,,,,,,,,,,,,,,,,,,,,4.8,,
628268df-3e01-5f3d-a9da-aee2fc6a6c99,1,Group 1,1.0,,,,,,,,,,,,,,,,,,,,,LLM,,,5.0,5.0,5.0,5.0,5.0,4.0,5.0,4.0,4.0,5.0,,,,,,,5.0,5.0,5.0,5.0,5.0,4.0,5.0,4.0,4.0,5.0,,,,,,,,,,,,,,,,,,,,,4.7,,
ee8c00c1-e842-5a90-80bb-05b78a089a9b,1,Group 2,1.0,,,,,,,,,,,,,,,,,,,,,LLM,,,4.0,5.0,4.0,5.0,5.0,5.0,5.0,4.0,5.0,5.0,,,,,,,4.0,5.0,4.0,5.0,5.0,5.0,5.0,4.0,5.0,5.0,,,,,,,,,,,,,,,,,,,,,4.7,,
20635fec-cb2e-5f64-a74c-4bfe3207fb5b,2,Group 2,0.0,,,,,,,,,,,,,,,,,,,,,LLM,,,4.0,4.0,4.0,3.0,4.0,1.0,1.0,1.0,1.0,1.0,,,,,,,,,,,,,,,,,,,,,,4.0,4.0,4.0,3.0,4.0,1.0,1.0,1.0,1.0,1.0,,,,,,,2.4,
4325b8b7-eee6-5964-92d1-752069e71184,2,Group 2,1.0,,,,,,,,,,,,,,,,,,,,,LLM,,,,,,,,,,,,,5.0,4.0,4.0,5.0,5.0,,,,,,,,,,,,,,,,,,,,,,,,,,,5.0,4.0,4.0,5.0,5.0,,,4.6
4325b8b7-eee6-5964-92d1-752069e71184,2,Group 2,1.0,,,,,,,,,,,,,,,,,,,,,LLM,,,1.0,4.0,3.0,2.0,2.0,4.0,4.0,4.0,4.0,4.0,,,,,,,,,,,,,,,,,,,,,,1.0,4.0,3.0,2.0,2.0,4.0,4.0,4.0,4.0,4.0,,,,,,,3.2,
437ac34e-a2a6-52ec-a60e-545d5193059a,2,Group 2,1.0,,,,,,,,,,,,,,,,,,,,,LLM,,,,,,,,,,,,,5.0,4.0,4.0,5.0,5.0,,,,,,,,,,,,,,,,,,,,,,,,,,,5.0,4.0,4.0,5.0,5.0,,,4.6
437ac34e-a2a6-52ec-a60e-545d5193059a,2,Group 2,1.0,,,,,,,,,,,,,,,,,,,,,LLM,,,4.0,5.0,4.0,3.0,4.0,4.0,5.0,4.0,5.0,5.0,,,,,,,,,,,,,,,,,,,,,,4.0,5.0,4.0,3.0,4.0,4.0,5.0,4.0,5.0,5.0,,,,,,,4.3,
194eeeb1-bde1-55bd-9608-e981b3c95b0d,2,Group 2,1.0,,,,,,,,,,,,,,,,,,,,,LLM,,,,,,,,,,,,,3.0,3.0,2.0,2.0,3.0,,,,,,,,,,,,,,,,,,,,,,,,,,,3.0,3.0,2.0,2.0,3.0,,,2.6
194eeeb1-bde1-55bd-9608-e981b3c95b0d,2,Group 2,1.0,,,,,,,,,,,,,,,,,,,,,LLM,,,5.0,5.0,4.0,5.0,5.0,3.0,4.0,3.0,3.0,5.0,,,,,,,,,,,,,,,,,,,,,,5.0,5.0,4.0,5.0,5.0,3.0,4.0,3.0,3.0,5.0,,,,,,,4.2,
e9a8662d-22ae-53d2-92a0-00303f8cba79,2,Group 2,1.0,,,,,,,,,,,,,,,,,,,,,LLM,,,,,,,,,,,,,2.0,3.0,1.0,2.0,3.0,,,,,,,,,,,,,,,,,,,,,,,,,,,2.0,3.0,1.0,2.0,3.0,,,2.2
e9a8662d-22ae-53d2-92a0-00303f8cba79,2,Group 2,1.0,,,,,,,,,,,,,,,,,,,,,LLM,,,5.0,5.0,5.0,5.0,5.0,5.0,5.0,5.0,5.0,5.0,,,,,,,,,,,,,,,,,,,,,,5.0,5.0,5.0,5.0,5.0,5.0,5.0,5.0,5.0,5.0,,,,,,,5.0,
2a124c0c-72e7-50b9-9793-1cdf4c83f469,2,Group 1,1.0,,,,,,,,,,,,,,,,,,,,,LLM,,,,,,,,,,,,,5.0,5.0,4.0,4.0,5.0,,,,,,,,,,,,,,,,,,,,,,,,,,,5.0,5.0,4.0,4.0,5.0,,,4.6
2a124c0c-72e7-50b9-9793-1cdf4c83f469,2,Group 1,1.0,,,,,,,,,,,,,,,,,,,,,LLM,,,2.0,4.0,3.0,2.0,2.0,4.0,4.0,4.0,3.0,3.0,,,,,,,,,,,,,,,,,,,,,,2.0,4.0,3.0,2.0,2.0,4.0,4.0,4.0,3.0,3.0,,,,,,,3.1,
dd9c24ef-209c-5c1e-9fb6-d8a4a4ebdc9a,2,Group 2,1.0,,,,,,,,,,,,,,,,,,,,,LLM,,,,,,,,,,,,,5.0,4.0,5.0,5.0,5.0,,,,,,,,,,,,,,,,,,,,,,,,,,,5.0,4.0,5.0,5.0,5.0,,,4.8
dd9c24ef-209c-5c1e-9fb6-d8a4a4ebdc9a,2,Group 2,1.0,,,,,,,,,,,,,,,,,,,,,LLM,,,5.0,5.0,4.0,5.0,5.0,5.0,5.0,5.0,5.0,5.0,,,,,,,,,,,,,,,,,,,,,,5.0,5.0,4.0,5.0,5.0,5.0,5.0,5.0,5.0,5.0,,,,,,,4.9,
1d5cc583-47da-5145-a753-9a82a8a48de3,2,Group 1,1.0,,,,,,,,,,,,,,,,,,,,,LLM,,,,,,,,,,,,,4.0,4.0,3.0,1.0,4.0,,,,,,,,,,,,,,,,,,,,,,,,,,,4.0,4.0,3.0,1.0,4.0,,,3.2
1d5cc583-47da-5145-a753-9a82a8a48de3,2,Group 1,1.0,,,,,,,,,,,,,,,,,,,,,LLM,,,4.0,5.0,4.0,4.0,5.0,1.0,2.0,1.0,1.0,1.0,,,,,,,,,,,,,,,,,,,,,,4.0,5.0,4.0,4.0,5.0,1.0,2.0,1.0,1.0,1.0,,,,,,,2.8,
c395e2f8-5888-5053-ada4-a02e39247e17,2,Group 2,1.0,,,,,,,,,,,,,,,,,,,,,LLM,,,4.0,5.0,4.0,5.0,5.0,4.0,3.0,4.0,5.0,2.0,,,,,,,,,,,,,,,,,,,,,,4.0,5.0,4.0,5.0,5.0,4.0,3.0,4.0,5.0,2.0,,,,,,,4.1,
7c985637-fc36-5dba-9643-fcb25b88f805,2,Group 2,0.0,,,,,,,,,,,,,,,,,,,,,LLM,,,,,,,,,,,,,5.0,5.0,4.0,5.0,5.0,,,,,,,,,,,,,,,,,,,,,,,,,,,5.0,5.0,4.0,5.0,5.0,,,4.8
7c985637-fc36-5dba-9643-fcb25b88f805,2,Group 2,0.0,,,,,,,,,,,,,,,,,,,,,LLM,,,5.0,5.0,4.0,5.0,5.0,3.0,2.0,3.0,3.0,2.0,,,,,,,,,,,,,,,,,,,,,,5.0,5.0,4.0,5.0,5.0,3.0,2.0,3.0,3.0,2.0,,,,,,,3.7,
3bbe29b6-00dc-5331-9fad-5d40ff285812,2,Group 1,1.0,,,,,,,,,,,,,,,,,,,,,LLM,,,,,,,,,,,,,1.0,1.0,1.0,1.0,1.0,,,,,,,,,,,,,,,,,,,,,,,,,,,1.0,1.0,1.0,1.0,1.0,,,1.0
3bbe29b6-00dc-5331-9fad-5d40ff285812,2,Group 1,1.0,,,,,,,,,,,,,,,,,,,,,LLM,,,4.0,5.0,4.0,4.0,5.0,2.0,2.0,2.0,2.0,2.0,,,,,,,,,,,,,,,,,,,,,,4.0,5.0,4.0,4.0,5.0,2.0,2.0,2.0,2.0,2.0,,,,,,,3.2,
b42d84a9-b936-5049-9f60-c93ab90a106e,2,Group 2,1.0,,,,,,,,,,,,,,,,,,,,,LLM,,,,,,,,,,,,,4.0,3.0,4.0,4.0,5.0,,,,,,,,,,,,,,,,,,,,,,,,,,,4.0,3.0,4.0,4.0,5.0,,,4.0
b42d84a9-b936-5049-9f60-c93ab90a106e,2,Group 2,1.0,,,,,,,,,,,,,,,,,,,,,LLM,,,4.0,5.0,4.0,3.0,5.0,4.0,3.0,4.0,3.0,5.0,,,,,,,,,,,,,,,,,,,,,,4.0,5.0,4.0,3.0,5.0,4.0,3.0,4.0,3.0,5.0,,,,,,,4.0,
a85153f2-f4f2-5bf8-9f5a-95adf22610e1,2,Group 2,1.0,,,,,,,,,,,,,,,,,,,,,LLM,,,,,,,,,,,,,2.0,2.0,2.0,2.0,2.0,,,,,,,,,,,,,,,,,,,,,,,,,,,2.0,2.0,2.0,2.0,2.0,,,2.0
a85153f2-f4f2-5bf8-9f5a-95adf22610e1,2,Group 2,1.0,,,,,,,,,,,,,,,,,,,,,LLM,,,5.0,5.0,4.0,5.0,5.0,4.0,5.0,4.0,3.0,5.0,,,,,,,,,,,,,,,,,,,,,,5.0,5.0,4.0,5.0,5.0,4.0,5.0,4.0,3.0,5.0,,,,,,,4.5,
b1de5495-d371-5761-b9d6-a3af62921641,2,Group 2,1.0,,,,,,,,,,,,,,,,,,,,,LLM,,,,,,,,,,,,,1.0,1.0,1.0,1.0,1.0,,,,,,,,,,,,,,,,,,,,,,,,,,,1.0,1.0,1.0,1.0,1.0,,,1.0
b1de5495-d371-5761-b9d6-a3af62921641,2,Group 2,1.0,,,,,,,,,,,,,,,,,,,,,LLM,,,1.0,3.0,2.0,2.0,2.0,2.0,2.0,3.0,3.0,2.0,,,,,,,,,,,,,,,,,,,,,,1.0,3.0,2.0,2.0,2.0,2.0,2.0,3.0,3.0,2.0,,,,,,,2.2,
6f4ceb94-0083-53bc-8698-4e73d40ff3f3,2,Group 2,1.0,,,,,,,,,,,,,,,,,,,,,LLM,,,,,,,,,,,,,5.0,4.0,4.0,5.0,5.0,,,,,,,,,,,,,,,,,,,,,,,,,,,5.0,4.0,4.0,5.0,5.0,,,4.6
8a84f103-4317-58ec-8986-923e544a0b42,2,Group 2,1.0,,,,,,,,,,,,,,,,,,,,,LLM,,,5.0,5.0,4.0,5.0,5.0,4.0,4.0,4.0,3.0,5.0,,,,,,,,,,,,,,,,,,,,,,5.0,5.0,4.0,5.0,5.0,4.0,4.0,4.0,3.0,5.0,,,,,,,4.4,
ad974298-cda3-5101-b90c-718c1b107ab7,2,Group 2,1.0,,,,,,,,,,,,,,,,,,,,,LLM,,,2.0,4.0,3.0,3.0,2.0,4.0,5.0,4.0,5.0,5.0,,,,,,,,,,,,,,,,,,,,,,2.0,4.0,3.0,3.0,2.0,4.0,5.0,4.0,5.0,5.0,,,,,,,3.7,
fbf9dda2-9921-5382-97b2-924fc4c67cce,2,Group 2,1.0,,,,,,,,,,,,,,,,,,,,,LLM,,,2.0,5.0,4.0,3.0,3.0,3.0,5.0,4.0,4.0,5.0,,,,,,,,,,,,,,,,,,,,,,2.0,5.0,4.0,3.0,3.0,3.0,5.0,4.0,4.0,5.0,,,,,,,3.8,
8930cf72-69e4-5ee7-ba45-9fc568c1010e,2,Group 1,1.0,,,,,,,,,,,,,,,,,,,,,LLM,,,3.0,4.0,4.0,4.0,3.0,4.0,5.0,4.0,5.0,5.0,,,,,,,,,,,,,,,,,,,,,,3.0,4.0,4.0,4.0,3.0,4.0,5.0,4.0,5.0,5.0,,,,,,,4.1,
fbf9dda2-9921-5382-97b2-924fc4c67cce,2,Group 2,1.0,,,,,,,,,,,,,,,,,,,,,LLM,,,,,,,,,,,,,1.0,1.0,1.0,1.0,1.0,,,,,,,,,,,,,,,,,,,,,,,,,,,1.0,1.0,1.0,1.0,1.0,,,1.0
8c5e2f92-5f07-5cf2-aaf1-cef7a94c73f9,2,Group 1,1.0,,,,,,,,,,,,,,,,,,,,,LLM,,,3.0,4.0,2.0,3.0,3.0,2.0,4.0,2.0,2.0,2.0,,,,,,,,,,,,,,,,,,,,,,3.0,4.0,2.0,3.0,3.0,2.0,4.0,2.0,2.0,2.0,,,,,,,2.7,
ad974298-cda3-5101-b90c-718c1b107ab7,2,Group 2,1.0,,,,,,,,,,,,,,,,,,,,,LLM,,,,,,,,,,,,,2.0,2.0,1.0,2.0,2.0,,,,,,,,,,,,,,,,,,,,,,,,,,,2.0,2.0,1.0,2.0,2.0,,,1.8
8930cf72-69e4-5ee7-ba45-9fc568c1010e,2,Group 1,1.0,,,,,,,,,,,,,,,,,,,,,LLM,,,,,,,,,,,,,1.0,1.0,1.0,1.0,1.0,,,,,,,,,,,,,,,,,,,,,,,,,,,1.0,1.0,1.0,1.0,1.0,,,1.0
714d58d7-d24c-5daa-9999-c9cb84ae78a9,2,Group 2,1.0,,,,,,,,,,,,,,,,,,,,,LLM,,,5.0,5.0,4.0,5.0,5.0,4.0,5.0,4.0,4.0,5.0,,,,,,,,,,,,,,,,,,,,,,5.0,5.0,4.0,5.0,5.0,4.0,5.0,4.0,4.0,5.0,,,,,,,4.6,
714d58d7-d24c-5daa-9999-c9cb84ae78a9,2,Group 2,1.0,,,,,,,,,,,,,,,,,,,,,LLM,,,,,,,,,,,,,3.0,3.0,3.0,2.0,3.0,,,,,,,,,,,,,,,,,,,,,,,,,,,3.0,3.0,3.0,2.0,3.0,,,2.8
64b78655-942a-5dcf-8d1c-e757cf0561a8,2,Group 2,1.0,,,,,,,,,,,,,,,,,,,,,LLM,,,,,,,,,,,,,4.0,3.0,4.0,3.0,4.0,,,,,,,,,,,,,,,,,,,,,,,,,,,4.0,3.0,4.0,3.0,4.0,,,3.6
64b78655-942a-5dcf-8d1c-e757cf0561a8,2,Group 2,1.0,,,,,,,,,,,,,,,,,,,,,LLM,,,4.0,5.0,4.0,3.0,5.0,4.0,5.0,4.0,5.0,5.0,,,,,,,,,,,,,,,,,,,,,,4.0,5.0,4.0,3.0,5.0,4.0,5.0,4.0,5.0,5.0,,,,,,,4.4,
5f8586e1-b467-58d7-a3f9-73d2b30b2189,2,Group 2,1.0,,,,,,,,,,,,,,,,,,,,,LLM,,,,,,,,,,,,,5.0,4.0,4.0,5.0,5.0,,,,,,,,,,,,,,,,,,,,,,,,,,,5.0,4.0,4.0,5.0,5.0,,,4.6
299d8879-b858-5699-a6da-3f574133e106,2,Group 2,1.0,,,,,,,,,,,,,,,,,,,,,LLM,,,,,,,,,,,,,5.0,5.0,4.0,4.0,5.0,,,,,,,,,,,,,,,,,,,,,,,,,,,5.0,5.0,4.0,4.0,5.0,,,4.6
299d8879-b858-5699-a6da-3f574133e106,2,Group 2,1.0,,,,,,,,,,,,,,,,,,,,,LLM,,,5.0,5.0,4.0,5.0,5.0,5.0,5.0,4.0,5.0,5.0,,,,,,,,,,,,,,,,,,,,,,5.0,5.0,4.0,5.0,5.0,5.0,5.0,4.0,5.0,5.0,,,,,,,4.8,
38a12468-08d0-5610-8db9-1a56d5202680,2,Group 2,1.0,,,,,,,,,,,,,,,,,,,,,LLM,,,,,,,,,,,,,5.0,5.0,5.0,5.0,5.0,,,,,,,,,,,,,,,,,,,,,,,,,,,5.0,5.0,5.0,5.0,5.0,,,5.0
38a12468-08d0-5610-8db9-1a56d5202680,2,Group 2,1.0,,,,,,,,,,,,,,,,,,,,,LLM,,,4.0,5.0,4.0,3.0,5.0,4.0,3.0,4.0,4.0,4.0,,,,,,,,,,,,,,,,,,,,,,4.0,5.0,4.0,3.0,5.0,4.0,3.0,4.0,4.0,4.0,,,,,,,4.0,
1fa3d8d4-a2ae-5a1c-844a-785e6d52c542,2,Group 2,0.0,,,,,,,,,,,,,,,,,,,,,LLM,,,,,,,,,,,,,2.0,2.0,2.0,4.0,4.0,,,,,,,,,,,,,,,,,,,,,,,,,,,2.0,2.0,2.0,4.0,4.0,,,2.8
1fa3d8d4-a2ae-5a1c-844a-785e6d52c542,2,Group 2,0.0,,,,,,,,,,,,,,,,,,,,,LLM,,,1.0,3.0,2.0,2.0,1.0,4.0,5.0,4.0,5.0,5.0,,,,,,,,,,,,,,,,,,,,,,1.0,3.0,2.0,2.0,1.0,4.0,5.0,4.0,5.0,5.0,,,,,,,3.2,
9b71fb9a-d7b5-553a-a170-aef84e85ce6d,2,Group 2,1.0,,,,,,,,,,,,,,,,,,,,,LLM,,,,,,,,,,,,,5.0,5.0,4.0,5.0,5.0,,,,,,,,,,,,,,,,,,,,,,,,,,,5.0,5.0,4.0,5.0,5.0,,,4.8
9b71fb9a-d7b5-553a-a170-aef84e85ce6d,2,Group 2,1.0,,,,,,,,,,,,,,,,,,,,,LLM,,,4.0,5.0,4.0,5.0,5.0,3.0,4.0,4.0,3.0,5.0,,,,,,,,,,,,,,,,,,,,,,4.0,5.0,4.0,5.0,5.0,3.0,4.0,4.0,3.0,5.0,,,,,,,4.2,
899639f5-5f3e-578e-9a3a-f4c3c934a9f2,2,Group 2,1.0,,,,,,,,,,,,,,,,,,,,,LLM,,,,,,,,,,,,,1.0,1.0,1.0,1.0,1.0,,,,,,,,,,,,,,,,,,,,,,,,,,,1.0,1.0,1.0,1.0,1.0,,,1.0
899639f5-5f3e-578e-9a3a-f4c3c934a9f2,2,Group 2,1.0,,,,,,,,,,,,,,,,,,,,,LLM,,,4.0,5.0,4.0,5.0,4.0,4.0,5.0,4.0,5.0,5.0,,,,,,,,,,,,,,,,,,,,,,4.0,5.0,4.0,5.0,4.0,4.0,5.0,4.0,5.0,5.0,,,,,,,4.5,
ab3ea870-ef64-545f-81ec-6829a6ca8fcb,2,Group 2,1.0,,,,,,,,,,,,,,,,,,,,,LLM,,,,,,,,,,,,,5.0,5.0,5.0,5.0,5.0,,,,,,,,,,,,,,,,,,,,,,,,,,,5.0,5.0,5.0,5.0,5.0,,,5.0
ab3ea870-ef64-545f-81ec-6829a6ca8fcb,2,Group 2,1.0,,,,,,,,,,,,,,,,,,,,,LLM,,,5.0,5.0,4.0,5.0,5.0,4.0,5.0,4.0,5.0,5.0,,,,,,,,,,,,,,,,,,,,,,5.0,5.0,4.0,5.0,5.0,4.0,5.0,4.0,5.0,5.0,,,,,,,4.7,
287c05d8-1bc8-5ce5-98f2-98e46a27b55b,2,Group 2,1.0,,,,,,,,,,,,,,,,,,,,,LLM,,,,,,,,,,,,,5.0,4.0,4.0,5.0,5.0,,,,,,,,,,,,,,,,,,,,,,,,,,,5.0,4.0,4.0,5.0,5.0,,,4.6
287c05d8-1bc8-5ce5-98f2-98e46a27b55b,2,Group 2,1.0,,,,,,,,,,,,,,,,,,,,,LLM,,,5.0,5.0,4.0,5.0,5.0,4.0,4.0,4.0,4.0,5.0,,,,,,,,,,,,,,,,,,,,,,5.0,5.0,4.0,5.0,5.0,4.0,4.0,4.0,4.0,5.0,,,,,,,4.5,
97118f49-4d52-5e9a-8993-ee74af786d55,2,Group 1,1.0,,,,,,,,,,,,,,,,,,,,,LLM,,,,,,,,,,,,,5.0,4.0,5.0,5.0,5.0,,,,,,,,,,,,,,,,,,,,,,,,,,,5.0,4.0,5.0,5.0,5.0,,,4.8
97118f49-4d52-5e9a-8993-ee74af786d55,2,Group 1,1.0,,,,,,,,,,,,,,,,,,,,,LLM,,,4.0,5.0,4.0,2.0,4.0,4.0,5.0,4.0,4.0,5.0,,,,,,,,,,,,,,,,,,,,,,4.0,5.0,4.0,2.0,4.0,4.0,5.0,4.0,4.0,5.0,,,,,,,4.1,
5f411780-336d-59fd-aa8f-9bb7ad9877bd,2,Group 2,1.0,,,,,,,,,,,,,,,,,,,,,LLM,,,,,,,,,,,,,5.0,5.0,5.0,5.0,5.0,,,,,,,,,,,,,,,,,,,,,,,,,,,5.0,5.0,5.0,5.0,5.0,,,5.0
5f411780-336d-59fd-aa8f-9bb7ad9877bd,2,Group 2,1.0,,,,,,,,,,,,,,,,,,,,,LLM,,,5.0,5.0,4.0,5.0,5.0,4.0,5.0,3.0,4.0,5.0,,,,,,,,,,,,,,,,,,,,,,5.0,5.0,4.0,5.0,5.0,4.0,5.0,3.0,4.0,5.0,,,,,,,4.5,
628268df-3e01-5f3d-a9da-aee2fc6a6c99,2,Group 1,1.0,,,,,,,,,,,,,,,,,,,,,LLM,,,,,,,,,,,,,1.0,1.0,1.0,1.0,1.0,,,,,,,,,,,,,,,,,,,,,,,,,,,1.0,1.0,1.0,1.0,1.0,,,1.0
628268df-3e01-5f3d-a9da-aee2fc6a6c99,2,Group 1,1.0,,,,,,,,,,,,,,,,,,,,,LLM,,,4.0,5.0,3.0,3.0,4.0,4.0,5.0,4.0,5.0,5.0,,,,,,,,,,,,,,,,,,,,,,4.0,5.0,3.0,3.0,4.0,4.0,5.0,4.0,5.0,5.0,,,,,,,4.2,
d7fd7471-a479-57c1-83f6-e0ec52d2d532,2,Group 2,1.0,,,,,,,,,,,,,,,,,,,,,LLM,,,,,,,,,,,,,5.0,5.0,5.0,5.0,5.0,,,,,,,,,,,,,,,,,,,,,,,,,,,5.0,5.0,5.0,5.0,5.0,,,5.0
d7fd7471-a479-57c1-83f6-e0ec52d2d532,2,Group 2,1.0,,,,,,,,,,,,,,,,,,,,,LLM,,,4.0,5.0,4.0,5.0,5.0,4.0,4.0,4.0,4.0,5.0,,,,,,,,,,,,,,,,,,,,,,4.0,5.0,4.0,5.0,5.0,4.0,4.0,4.0,4.0,5.0,,,,,,,4.4,
51991fd2-0301-5cbf-9288-8cec13e1f456,2,Group 2,0.0,,,,,,,,,,,,,,,,,,,,,LLM,,,,,,,,,,,,,5.0,3.0,4.0,4.0,5.0,,,,,,,,,,,,,,,,,,,,,,,,,,,5.0,3.0,4.0,4.0,5.0,,,4.2
51991fd2-0301-5cbf-9288-8cec13e1f456,2,Group 2,0.0,,,,,,,,,,,,,,,,,,,,,LLM,,,5.0,5.0,5.0,5.0,5.0,5.0,5.0,4.0,5.0,5.0,,,,,,,,,,,,,,,,,,,,,,5.0,5.0,5.0,5.0,5.0,5.0,5.0,4.0,5.0,5.0,,,,,,,4.9,
15ac974a-1e2b-50ce-aecc-7f9988d1426c,2,Group 2,0.0,,,,,,,,,,,,,,,,,,,,,LLM,,,,,,,,,,,,,5.0,4.0,5.0,4.0,5.0,,,,,,,,,,,,,,,,,,,,,,,,,,,5.0,4.0,5.0,4.0,5.0,,,4.6
15ac974a-1e2b-50ce-aecc-7f9988d1426c,2,Group 2,0.0,,,,,,,,,,,,,,,,,,,,,LLM,,,4.0,5.0,3.0,3.0,4.0,4.0,5.0,4.0,5.0,5.0,,,,,,,,,,,,,,,,,,,,,,4.0,5.0,3.0,3.0,4.0,4.0,5.0,4.0,5.0,5.0,,,,,,,4.2,
4172dcd9-39ce-514f-ae33-22e2c2c6053c,2,Group 1,1.0,,,,,,,,,,,,,,,,,,,,,LLM,,,,,,,,,,,,,5.0,5.0,4.0,5.0,5.0,,,,,,,,,,,,,,,,,,,,,,,,,,,5.0,5.0,4.0,5.0,5.0,,,4.8
4172dcd9-39ce-514f-ae33-22e2c2c6053c,2,Group 1,1.0,,,,,,,,,,,,,,,,,,,,,LLM,,,2.0,4.0,3.0,3.0,2.0,4.0,5.0,4.0,5.0,5.0,,,,,,,,,,,,,,,,,,,,,,2.0,4.0,3.0,3.0,2.0,4.0,5.0,4.0,5.0,5.0,,,,,,,3.7,
ae9932b3-2ab5-597d-b409-6add5dee6584,2,Group 2,1.0,,,,,,,,,,,,,,,,,,,,,LLM,,,,,,,,,,,,,5.0,4.0,5.0,5.0,5.0,,,,,,,,,,,,,,,,,,,,,,,,,,,5.0,4.0,5.0,5.0,5.0,,,4.8
ae9932b3-2ab5-597d-b409-6add5dee6584,2,Group 2,1.0,,,,,,,,,,,,,,,,,,,,,LLM,,,4.0,5.0,4.0,5.0,5.0,2.0,3.0,1.0,1.0,3.0,,,,,,,,,,,,,,,,,,,,,,4.0,5.0,4.0,5.0,5.0,2.0,3.0,1.0,1.0,3.0,,,,,,,3.3,
28225b05-80fe-5a27-80b0-50adf97620d6,2,Group 2,1.0,,,,,,,,,,,,,,,,,,,,,LLM,,,,,,,,,,,,,5.0,4.0,4.0,5.0,5.0,,,,,,,,,,,,,,,,,,,,,,,,,,,5.0,4.0,4.0,5.0,5.0,,,4.6
28225b05-80fe-5a27-80b0-50adf97620d6,2,Group 2,1.0,,,,,,,,,,,,,,,,,,,,,LLM,,,4.0,5.0,4.0,5.0,5.0,4.0,5.0,4.0,5.0,5.0,,,,,,,,,,,,,,,,,,,,,,4.0,5.0,4.0,5.0,5.0,4.0,5.0,4.0,5.0,5.0,,,,,,,4.6,
71358a26-c4dd-5c37-9b72-2298fe55ff14,2,Group 2,1.0,,,,,,,,,,,,,,,,,,,,,LLM,,,,,,,,,,,,,5.0,4.0,5.0,4.0,5.0,,,,,,,,,,,,,,,,,,,,,,,,,,,5.0,4.0,5.0,4.0,5.0,,,4.6
71358a26-c4dd-5c37-9b72-2298fe55ff14,2,Group 2,1.0,,,,,,,,,,,,,,,,,,,,,LLM,,,4.0,5.0,4.0,5.0,5.0,4.0,5.0,4.0,5.0,5.0,,,,,,,,,,,,,,,,,,,,,,4.0,5.0,4.0,5.0,5.0,4.0,5.0,4.0,5.0,5.0,,,,,,,4.6,
486a2581-6651-58de-9e84-8705878d9999,2,Group 2,1.0,,,,,,,,,,,,,,,,,,,,,LLM,,,,,,,,,,,,,5.0,5.0,4.0,5.0,5.0,,,,,,,,,,,,,,,,,,,,,,,,,,,5.0,5.0,4.0,5.0,5.0,,,4.8
486a2581-6651-58de-9e84-8705878d9999,2,Group 2,1.0,,,,,,,,,,,,,,,,,,,,,LLM,,,4.0,5.0,4.0,5.0,5.0,4.0,5.0,4.0,5.0,5.0,,,,,,,,,,,,,,,,,,,,,,4.0,5.0,4.0,5.0,5.0,4.0,5.0,4.0,5.0,5.0,,,,,,,4.6,
b64f84df-142c-5b13-bb66-2181fb02379a,2,Group 2,1.0,,,,,,,,,,,,,,,,,,,,,LLM,,,,,,,,,,,,,3.0,4.0,4.0,4.0,4.0,,,,,,,,,,,,,,,,,,,,,,,,,,,3.0,4.0,4.0,4.0,4.0,,,3.8
b64f84df-142c-5b13-bb66-2181fb02379a,2,Group 2,1.0,,,,,,,,,,,,,,,,,,,,,LLM,,,5.0,5.0,4.0,5.0,5.0,5.0,5.0,4.0,5.0,5.0,,,,,,,,,,,,,,,,,,,,,,5.0,5.0,4.0,5.0,5.0,5.0,5.0,4.0,5.0,5.0,,,,,,,4.8,
cf3ccdb7-089b-56a1-b737-45eae682e66a,2,Group 1,1.0,,,,,,,,,,,,,,,,,,,,,LLM,,,,,,,,,,,,,3.0,4.0,3.0,3.0,4.0,,,,,,,,,,,,,,,,,,,,,,,,,,,3.0,4.0,3.0,3.0,4.0,,,3.4
cf3ccdb7-089b-56a1-b737-45eae682e66a,2,Group 1,1.0,,,,,,,,,,,,,,,,,,,,,LLM,,,2.0,4.0,3.0,4.0,3.0,2.0,1.0,1.0,1.0,1.0,,,,,,,,,,,,,,,,,,,,,,2.0,4.0,3.0,4.0,3.0,2.0,1.0,1.0,1.0,1.0,,,,,,,2.2,
5cd35615-85d5-58ac-9247-589a4533957c,2,Group 1,1.0,,,,,,,,,,,,,,,,,,,,,LLM,,,,,,,,,,,,,5.0,4.0,4.0,5.0,5.0,,,,,,,,,,,,,,,,,,,,,,,,,,,5.0,4.0,4.0,5.0,5.0,,,4.6
5cd35615-85d5-58ac-9247-589a4533957c,2,Group 1,1.0,,,,,,,,,,,,,,,,,,,,,LLM,,,3.0,5.0,4.0,5.0,4.0,4.0,3.0,3.0,3.0,4.0,,,,,,,,,,,,,,,,,,,,,,3.0,5.0,4.0,5.0,4.0,4.0,3.0,3.0,3.0,4.0,,,,,,,3.8,
a7a90342-3a1b-5f1a-8e28-1a5651a6dbcf,2,Group 2,1.0,,,,,,,,,,,,,,,,,,,,,LLM,,,,,,,,,,,,,1.0,1.0,1.0,1.0,1.0,,,,,,,,,,,,,,,,,,,,,,,,,,,1.0,1.0,1.0,1.0,1.0,,,1.0
a7a90342-3a1b-5f1a-8e28-1a5651a6dbcf,2,Group 2,1.0,,,,,,,,,,,,,,,,,,,,,LLM,,,5.0,5.0,4.0,5.0,5.0,4.0,5.0,4.0,5.0,5.0,,,,,,,,,,,,,,,,,,,,,,5.0,5.0,4.0,5.0,5.0,4.0,5.0,4.0,5.0,5.0,,,,,,,4.7,
83d2819a-5578-5c49-af4e-942ac1cb14d2,2,Group 2,1.0,,,,,,,,,,,,,,,,,,,,,LLM,,,,,,,,,,,,,5.0,5.0,4.0,5.0,5.0,,,,,,,,,,,,,,,,,,,,,,,,,,,5.0,5.0,4.0,5.0,5.0,,,4.8
83d2819a-5578-5c49-af4e-942ac1cb14d2,2,Group 2,1.0,,,,,,,,,,,,,,,,,,,,,LLM,,,4.0,5.0,4.0,5.0,5.0,4.0,5.0,4.0,4.0,5.0,,,,,,,,,,,,,,,,,,,,,,4.0,5.0,4.0,5.0,5.0,4.0,5.0,4.0,4.0,5.0,,,,,,,4.5,
2c77ffa4-3f6e-5886-a6b5-b59dad4b5c4f,2,Group 1,1.0,,,,,,,,,,,,,,,,,,,,,LLM,,,,,,,,,,,,,2.0,2.0,1.0,2.0,2.0,,,,,,,,,,,,,,,,,,,,,,,,,,,2.0,2.0,1.0,2.0,2.0,,,1.8
2c77ffa4-3f6e-5886-a6b5-b59dad4b5c4f,2,Group 1,1.0,,,,,,,,,,,,,,,,,,,,,LLM,,,4.0,5.0,4.0,2.0,4.0,3.0,4.0,4.0,2.0,4.0,,,,,,,,,,,,,,,,,,,,,,4.0,5.0,4.0,2.0,4.0,3.0,4.0,4.0,2.0,4.0,,,,,,,3.6,
bcc22362-f3e9-52ca-bf3b-da3d52ad9bad,2,Group 1,1.0,,,,,,,,,,,,,,,,,,,,,LLM,,,,,,,,,,,,,4.0,4.0,4.0,4.0,4.0,,,,,,,,,,,,,,,,,,,,,,,,,,,4.0,4.0,4.0,4.0,4.0,,,4.0
bcc22362-f3e9-52ca-bf3b-da3d52ad9bad,2,Group 1,1.0,,,,,,,,,,,,,,,,,,,,,LLM,,,5.0,5.0,4.0,5.0,5.0,4.0,5.0,4.0,5.0,5.0,,,,,,,,,,,,,,,,,,,,,,5.0,5.0,4.0,5.0,5.0,4.0,5.0,4.0,5.0,5.0,,,,,,,4.7,
e32861f6-9237-5964-b3aa-09d11c06b943,2,Group 2,1.0,,,,,,,,,,,,,,,,,,,,,LLM,,,,,,,,,,,,,5.0,5.0,4.0,5.0,5.0,,,,,,,,,,,,,,,,,,,,,,,,,,,5.0,5.0,4.0,5.0,5.0,,,4.8
e32861f6-9237-5964-b3aa-09d11c06b943,2,Group 2,1.0,,,,,,,,,,,,,,,,,,,,,LLM,,,4.0,5.0,4.0,4.0,4.0,4.0,5.0,4.0,4.0,5.0,,,,,,,,,,,,,,,,,,,,,,4.0,5.0,4.0,4.0,4.0,4.0,5.0,4.0,4.0,5.0,,,,,,,4.3,
6aee6782-36bd-5b23-bb3e-1d6697b7f1ec,2,Group 2,0.0,,,,,,,,,,,,,,,,,,,,,LLM,,,,,,,,,,,,,2.0,1.0,2.0,2.0,1.0,,,,,,,,,,,,,,,,,,,,,,,,,,,2.0,1.0,2.0,2.0,1.0,,,1.6
6aee6782-36bd-5b23-bb3e-1d6697b7f1ec,2,Group 2,0.0,,,,,,,,,,,,,,,,,,,,,LLM,,,3.0,4.0,4.0,3.0,4.0,3.0,2.0,3.0,2.0,3.0,,,,,,,,,,,,,,,,,,,,,,3.0,4.0,4.0,3.0,4.0,3.0,2.0,3.0,2.0,3.0,,,,,,,3.1,
9d4e5de5-9328-592f-aba9-af1f691ac0f5,2,Group 2,1.0,,,,,,,,,,,,,,,,,,,,,LLM,,,,,,,,,,,,,5.0,4.0,4.0,4.0,5.0,,,,,,,,,,,,,,,,,,,,,,,,,,,5.0,4.0,4.0,4.0,5.0,,,4.4
9d4e5de5-9328-592f-aba9-af1f691ac0f5,2,Group 2,1.0,,,,,,,,,,,,,,,,,,,,,LLM,,,5.0,5.0,4.0,5.0,5.0,5.0,5.0,4.0,5.0,5.0,,,,,,,,,,,,,,,,,,,,,,5.0,5.0,4.0,5.0,5.0,5.0,5.0,4.0,5.0,5.0,,,,,,,4.8,
a5bef877-c146-516d-959a-1d0707159293,2,Group 2,0.0,,,,,,,,,,,,,,,,,,,,,LLM,,,,,,,,,,,,,4.0,4.0,5.0,4.0,4.0,,,,,,,,,,,,,,,,,,,,,,,,,,,4.0,4.0,5.0,4.0,4.0,,,4.2
a5bef877-c146-516d-959a-1d0707159293,2,Group 2,0.0,,,,,,,,,,,,,,,,,,,,,LLM,,,4.0,5.0,4.0,5.0,5.0,4.0,5.0,4.0,5.0,5.0,,,,,,,,,,,,,,,,,,,,,,4.0,5.0,4.0,5.0,5.0,4.0,5.0,4.0,5.0,5.0,,,,,,,4.6,
c0392826-9e31-556d-8f93-8603e350cf56,2,Group 2,0.0,,,,,,,,,,,,,,,,,,,,,LLM,,,,,,,,,,,,,4.0,3.0,3.0,3.0,5.0,,,,,,,,,,,,,,,,,,,,,,,,,,,4.0,3.0,3.0,3.0,5.0,,,3.6
c0392826-9e31-556d-8f93-8603e350cf56,2,Group 2,0.0,,,,,,,,,,,,,,,,,,,,,LLM,,,4.0,5.0,4.0,5.0,5.0,4.0,5.0,5.0,5.0,5.0,,,,,,,,,,,,,,,,,,,,,,4.0,5.0,4.0,5.0,5.0,4.0,5.0,5.0,5.0,5.0,,,,,,,4.7,
37e3d325-ba20-5d4d-92ad-4331c7f4bd8a,2,Group 1,1.0,,,,,,,,,,,,,,,,,,,,,LLM,,,,,,,,,,,,,3.0,4.0,2.0,4.0,4.0,,,,,,,,,,,,,,,,,,,,,,,,,,,3.0,4.0,2.0,4.0,4.0,,,3.4
37e3d325-ba20-5d4d-92ad-4331c7f4bd8a,2,Group 1,1.0,,,,,,,,,,,,,,,,,,,,,LLM,,,4.0,5.0,4.0,5.0,5.0,3.0,2.0,2.0,2.0,3.0,,,,,,,,,,,,,,,,,,,,,,4.0,5.0,4.0,5.0,5.0,3.0,2.0,2.0,2.0,3.0,,,,,,,3.5,
29b3c897-7936-5832-8d01-192f906fac19,2,Group 2,1.0,,,,,,,,,,,,,,,,,,,,,LLM,,,,,,,,,,,,,5.0,5.0,4.0,5.0,5.0,,,,,,,,,,,,,,,,,,,,,,,,,,,5.0,5.0,4.0,5.0,5.0,,,4.8
29b3c897-7936-5832-8d01-192f906fac19,2,Group 2,1.0,,,,,,,,,,,,,,,,,,,,,LLM,,,4.0,5.0,3.0,5.0,5.0,4.0,5.0,4.0,3.0,5.0,,,,,,,,,,,,,,,,,,,,,,4.0,5.0,3.0,5.0,5.0,4.0,5.0,4.0,3.0,5.0,,,,,,,4.3,
8c5e2f92-5f07-5cf2-aaf1-cef7a94c73f9,2,Group 1,1.0,,,,,,,,,,,,,,,,,,,,,LLM,,,,,,,,,,,,,1.0,1.0,1.0,1.0,1.0,,,,,,,,,,,,,,,,,,,,,,,,,,,1.0,1.0,1.0,1.0,1.0,,,1.0
b66ba204-38d5-5532-8224-775deb04efaf,2,Group 2,1.0,,,,,,,,,,,,,,,,,,,,,LLM,,,,,,,,,,,,,5.0,4.0,4.0,5.0,5.0,,,,,,,,,,,,,,,,,,,,,,,,,,,5.0,4.0,4.0,5.0,5.0,,,4.6
b66ba204-38d5-5532-8224-775deb04efaf,2,Group 2,1.0,,,,,,,,,,,,,,,,,,,,,LLM,,,4.0,5.0,3.0,4.0,5.0,4.0,5.0,3.0,4.0,5.0,,,,,,,,,,,,,,,,,,,,,,4.0,5.0,3.0,4.0,5.0,4.0,5.0,3.0,4.0,5.0,,,,,,,4.2,
25f83601-4352-57bd-9f44-832960bd1768,2,Group 2,1.0,,,,,,,,,,,,,,,,,,,,,LLM,,,,,,,,,,,,,5.0,4.0,5.0,5.0,5.0,,,,,,,,,,,,,,,,,,,,,,,,,,,5.0,4.0,5.0,5.0,5.0,,,4.8
25f83601-4352-57bd-9f44-832960bd1768,2,Group 2,1.0,,,,,,,,,,,,,,,,,,,,,LLM,,,5.0,5.0,4.0,5.0,5.0,5.0,5.0,4.0,5.0,5.0,,,,,,,,,,,,,,,,,,,,,,5.0,5.0,4.0,5.0,5.0,5.0,5.0,4.0,5.0,5.0,,,,,,,4.8,
111860c0-1ec3-523b-bfb3-1a2e8e361dd2,2,Group 2,0.0,,,,,,,,,,,,,,,,,,,,,LLM,,,,,,,,,,,,,5.0,5.0,4.0,5.0,5.0,,,,,,,,,,,,,,,,,,,,,,,,,,,5.0,5.0,4.0,5.0,5.0,,,4.8
111860c0-1ec3-523b-bfb3-1a2e8e361dd2,2,Group 2,0.0,,,,,,,,,,,,,,,,,,,,,LLM,,,5.0,5.0,4.0,5.0,5.0,2.0,3.0,4.0,3.0,4.0,,,,,,,,,,,,,,,,,,,,,,5.0,5.0,4.0,5.0,5.0,2.0,3.0,4.0,3.0,4.0,,,,,,,4.0,
2ad761b7-fee0-592a-a28a-16f2e839e89e,2,Group 1,1.0,,,,,,,,,,,,,,,,,,,,,LLM,,,,,,,,,,,,,1.0,1.0,1.0,1.0,1.0,,,,,,,,,,,,,,,,,,,,,,,,,,,1.0,1.0,1.0,1.0,1.0,,,1.0
2ad761b7-fee0-592a-a28a-16f2e839e89e,2,Group 1,1.0,,,,,,,,,,,,,,,,,,,,,LLM,,,4.0,5.0,4.0,4.0,4.0,1.0,1.0,1.0,1.0,1.0,,,,,,,,,,,,,,,,,,,,,,4.0,5.0,4.0,4.0,4.0,1.0,1.0,1.0,1.0,1.0,,,,,,,2.6,
ade4ca81-4320-5b8b-a29d-20ede345a425,2,Group 1,1.0,,,,,,,,,,,,,,,,,,,,,LLM,,,,,,,,,,,,,1.0,1.0,1.0,1.0,1.0,,,,,,,,,,,,,,,,,,,,,,,,,,,1.0,1.0,1.0,1.0,1.0,,,1.0
ade4ca81-4320-5b8b-a29d-20ede345a425,2,Group 1,1.0,,,,,,,,,,,,,,,,,,,,,LLM,,,2.0,5.0,4.0,5.0,3.0,4.0,5.0,4.0,5.0,4.0,,,,,,,,,,,,,,,,,,,,,,2.0,5.0,4.0,5.0,3.0,4.0,5.0,4.0,5.0,4.0,,,,,,,4.1,
dfb30212-15ab-58f9-ba91-42a18c698aa6,2,Group 1,1.0,,,,,,,,,,,,,,,,,,,,,LLM,,,,,,,,,,,,,2.0,2.0,2.0,2.0,2.0,,,,,,,,,,,,,,,,,,,,,,,,,,,2.0,2.0,2.0,2.0,2.0,,,2.0
dfb30212-15ab-58f9-ba91-42a18c698aa6,2,Group 1,1.0,,,,,,,,,,,,,,,,,,,,,LLM,,,3.0,5.0,3.0,3.0,4.0,2.0,2.0,2.0,2.0,3.0,,,,,,,,,,,,,,,,,,,,,,3.0,5.0,3.0,3.0,4.0,2.0,2.0,2.0,2.0,3.0,,,,,,,2.9,
a2681b4e-7a61-5565-a3c5-e92f1305f587,2,Group 1,1.0,,,,,,,,,,,,,,,,,,,,,LLM,,,,,,,,,,,,,2.0,2.0,2.0,2.0,2.0,,,,,,,,,,,,,,,,,,,,,,,,,,,2.0,2.0,2.0,2.0,2.0,,,2.0
a2681b4e-7a61-5565-a3c5-e92f1305f587,2,Group 1,1.0,,,,,,,,,,,,,,,,,,,,,LLM,,,3.0,4.0,3.0,2.0,4.0,3.0,4.0,2.0,2.0,5.0,,,,,,,,,,,,,,,,,,,,,,3.0,4.0,3.0,2.0,4.0,3.0,4.0,2.0,2.0,5.0,,,,,,,3.2,
bdad2972-1b06-5143-baea-94731e8d82eb,2,Group 2,1.0,,,,,,,,,,,,,,,,,,,,,LLM,,,5.0,5.0,4.0,5.0,5.0,4.0,5.0,4.0,5.0,5.0,,,,,,,,,,,,,,,,,,,,,,5.0,5.0,4.0,5.0,5.0,4.0,5.0,4.0,5.0,5.0,,,,,,,4.7,
fcc590fe-b472-5576-adf7-0db8f53aadde,2,Group 1,1.0,,,,,,,,,,,,,,,,,,,,,LLM,,,4.0,5.0,4.0,5.0,5.0,4.0,4.0,3.0,3.0,5.0,,,,,,,,,,,,,,,,,,,,,,4.0,5.0,4.0,5.0,5.0,4.0,4.0,3.0,3.0,5.0,,,,,,,4.2,
28ec896f-ed9f-545f-bee1-10ac5420b63d,2,Group 2,1.0,,,,,,,,,,,,,,,,,,,,,LLM,,,,,,,,,,,,,5.0,4.0,4.0,5.0,5.0,,,,,,,,,,,,,,,,,,,,,,,,,,,5.0,4.0,4.0,5.0,5.0,,,4.6
28ec896f-ed9f-545f-bee1-10ac5420b63d,2,Group 2,1.0,,,,,,,,,,,,,,,,,,,,,LLM,,,5.0,5.0,5.0,5.0,5.0,1.0,1.0,1.0,1.0,1.0,,,,,,,,,,,,,,,,,,,,,,5.0,5.0,5.0,5.0,5.0,1.0,1.0,1.0,1.0,1.0,,,,,,,3.0,
0424c1e1-8335-5f40-b3bc-98787b582ff6,2,Group 2,1.0,,,,,,,,,,,,,,,,,,,,,LLM,,,,,,,,,,,,,3.0,3.0,3.0,3.0,4.0,,,,,,,,,,,,,,,,,,,,,,,,,,,3.0,3.0,3.0,3.0,4.0,,,3.2
0424c1e1-8335-5f40-b3bc-98787b582ff6,2,Group 2,1.0,,,,,,,,,,,,,,,,,,,,,LLM,,,5.0,5.0,4.0,5.0,5.0,5.0,5.0,4.0,5.0,5.0,,,,,,,,,,,,,,,,,,,,,,5.0,5.0,4.0,5.0,5.0,5.0,5.0,4.0,5.0,5.0,,,,,,,4.8,
6f2377f4-c5c5-56ff-85bb-5576b57e8149,2,Group 1,1.0,,,,,,,,,,,,,,,,,,,,,LLM,,,,,,,,,,,,,1.0,1.0,1.0,1.0,1.0,,,,,,,,,,,,,,,,,,,,,,,,,,,1.0,1.0,1.0,1.0,1.0,,,1.0
6f2377f4-c5c5-56ff-85bb-5576b57e8149,2,Group 1,1.0,,,,,,,,,,,,,,,,,,,,,LLM,,,4.0,5.0,3.0,2.0,4.0,4.0,3.0,3.0,4.0,3.0,,,,,,,,,,,,,,,,,,,,,,4.0,5.0,3.0,2.0,4.0,4.0,3.0,3.0,4.0,3.0,,,,,,,3.5,
7089484c-92e7-5084-8acb-d9feb6f920f5,2,Group 2,1.0,,,,,,,,,,,,,,,,,,,,,LLM,,,,,,,,,,,,,4.0,1.0,3.0,2.0,3.0,,,,,,,,,,,,,,,,,,,,,,,,,,,4.0,1.0,3.0,2.0,3.0,,,2.6
7089484c-92e7-5084-8acb-d9feb6f920f5,2,Group 2,1.0,,,,,,,,,,,,,,,,,,,,,LLM,,,4.0,5.0,4.0,5.0,5.0,4.0,5.0,4.0,3.0,5.0,,,,,,,,,,,,,,,,,,,,,,4.0,5.0,4.0,5.0,5.0,4.0,5.0,4.0,3.0,5.0,,,,,,,4.4,
15068612-35ca-54b2-8bc0-662ebe3db2c6,2,Group 2,1.0,,,,,,,,,,,,,,,,,,,,,LLM,,,,,,,,,,,,,1.0,1.0,1.0,1.0,1.0,,,,,,,,,,,,,,,,,,,,,,,,,,,1.0,1.0,1.0,1.0,1.0,,,1.0
15068612-35ca-54b2-8bc0-662ebe3db2c6,2,Group 2,1.0,,,,,,,,,,,,,,,,,,,,,LLM,,,5.0,5.0,4.0,5.0,5.0,4.0,5.0,3.0,5.0,5.0,,,,,,,,,,,,,,,,,,,,,,5.0,5.0,4.0,5.0,5.0,4.0,5.0,3.0,5.0,5.0,,,,,,,4.6,
3e5ea9c7-a9c0-5609-b951-ef13610ba37f,2,Group 1,1.0,,,,,,,,,,,,,,,,,,,,,LLM,,,,,,,,,,,,,1.0,1.0,1.0,1.0,1.0,,,,,,,,,,,,,,,,,,,,,,,,,,,1.0,1.0,1.0,1.0,1.0,,,1.0
3e5ea9c7-a9c0-5609-b951-ef13610ba37f,2,Group 1,1.0,,,,,,,,,,,,,,,,,,,,,LLM,,,4.0,5.0,4.0,5.0,4.0,3.0,4.0,4.0,3.0,3.0,,,,,,,,,,,,,,,,,,,,,,4.0,5.0,4.0,5.0,4.0,3.0,4.0,4.0,3.0,3.0,,,,,,,3.9,
07faca57-bbcc-5655-bdbe-b5454a40da34,2,Group 1,1.0,,,,,,,,,,,,,,,,,,,,,LLM,,,,,,,,,,,,,2.0,4.0,3.0,2.0,2.0,,,,,,,,,,,,,,,,,,,,,,,,,,,2.0,4.0,3.0,2.0,2.0,,,2.6
07faca57-bbcc-5655-bdbe-b5454a40da34,2,Group 1,1.0,,,,,,,,,,,,,,,,,,,,,LLM,,,3.0,5.0,2.0,2.0,3.0,4.0,5.0,4.0,4.0,5.0,,,,,,,,,,,,,,,,,,,,,,3.0,5.0,2.0,2.0,3.0,4.0,5.0,4.0,4.0,5.0,,,,,,,3.7,
198001e7-9099-51fb-8928-1294eeb930f7,2,Group 2,1.0,,,,,,,,,,,,,,,,,,,,,LLM,,,,,,,,,,,,,4.0,4.0,5.0,4.0,5.0,,,,,,,,,,,,,,,,,,,,,,,,,,,4.0,4.0,5.0,4.0,5.0,,,4.4
198001e7-9099-51fb-8928-1294eeb930f7,2,Group 2,1.0,,,,,,,,,,,,,,,,,,,,,LLM,,,5.0,5.0,4.0,5.0,5.0,5.0,5.0,5.0,5.0,5.0,,,,,,,,,,,,,,,,,,,,,,5.0,5.0,4.0,5.0,5.0,5.0,5.0,5.0,5.0,5.0,,,,,,,4.9,
bf8f2708-95cc-5b2f-96a4-074b2b2726f7,2,Group 2,1.0,,,,,,,,,,,,,,,,,,,,,LLM,,,,,,,,,,,,,5.0,4.0,4.0,4.0,5.0,,,,,,,,,,,,,,,,,,,,,,,,,,,5.0,4.0,4.0,4.0,5.0,,,4.4
bf8f2708-95cc-5b2f-96a4-074b2b2726f7,2,Group 2,1.0,,,,,,,,,,,,,,,,,,,,,LLM,,,5.0,5.0,5.0,5.0,5.0,5.0,5.0,4.0,5.0,5.0,,,,,,,,,,,,,,,,,,,,,,5.0,5.0,5.0,5.0,5.0,5.0,5.0,4.0,5.0,5.0,,,,,,,4.9,
5f155ac5-5ece-5e91-b0cb-e7afa524c9e8,2,Group 1,1.0,,,,,,,,,,,,,,,,,,,,,LLM,,,,,,,,,,,,,2.0,1.0,2.0,2.0,3.0,,,,,,,,,,,,,,,,,,,,,,,,,,,2.0,1.0,2.0,2.0,3.0,,,2.0
5f155ac5-5ece-5e91-b0cb-e7afa524c9e8,2,Group 1,1.0,,,,,,,,,,,,,,,,,,,,,LLM,,,5.0,5.0,4.0,5.0,5.0,1.0,1.0,1.0,1.0,1.0,,,,,,,,,,,,,,,,,,,,,,5.0,5.0,4.0,5.0,5.0,1.0,1.0,1.0,1.0,1.0,,,,,,,2.9,
6a408cef-e378-509e-b122-7020d4442de6,2,Group 2,1.0,,,,,,,,,,,,,,,,,,,,,LLM,,,,,,,,,,,,,5.0,4.0,4.0,4.0,4.0,,,,,,,,,,,,,,,,,,,,,,,,,,,5.0,4.0,4.0,4.0,4.0,,,4.2
6a408cef-e378-509e-b122-7020d4442de6,2,Group 2,1.0,,,,,,,,,,,,,,,,,,,,,LLM,,,4.0,5.0,4.0,5.0,5.0,4.0,5.0,4.0,5.0,5.0,,,,,,,,,,,,,,,,,,,,,,4.0,5.0,4.0,5.0,5.0,4.0,5.0,4.0,5.0,5.0,,,,,,,4.6,
15527170-9f0f-51c3-9987-2983f238cbf1,2,Group 2,1.0,,,,,,,,,,,,,,,,,,,,,LLM,,,,,,,,,,,,,5.0,4.0,5.0,4.0,5.0,,,,,,,,,,,,,,,,,,,,,,,,,,,5.0,4.0,5.0,4.0,5.0,,,4.6
15527170-9f0f-51c3-9987-2983f238cbf1,2,Group 2,1.0,,,,,,,,,,,,,,,,,,,,,LLM,,,5.0,5.0,4.0,5.0,5.0,4.0,5.0,4.0,5.0,5.0,,,,,,,,,,,,,,,,,,,,,,5.0,5.0,4.0,5.0,5.0,4.0,5.0,4.0,5.0,5.0,,,,,,,4.7,
e019d218-d3f8-540b-9012-5aac92572bb6,2,Group 1,1.0,,,,,,,,,,,,,,,,,,,,,LLM,,,,,,,,,,,,,5.0,4.0,4.0,5.0,5.0,,,,,,,,,,,,,,,,,,,,,,,,,,,5.0,4.0,4.0,5.0,5.0,,,4.6
e019d218-d3f8-540b-9012-5aac92572bb6,2,Group 1,1.0,,,,,,,,,,,,,,,,,,,,,LLM,,,4.0,5.0,3.0,3.0,5.0,2.0,2.0,1.0,2.0,2.0,,,,,,,,,,,,,,,,,,,,,,4.0,5.0,3.0,3.0,5.0,2.0,2.0,1.0,2.0,2.0,,,,,,,2.9,
7984c7ab-7de8-5842-b747-321180c43dce,2,Group 2,1.0,,,,,,,,,,,,,,,,,,,,,LLM,,,,,,,,,,,,,2.0,2.0,2.0,2.0,2.0,,,,,,,,,,,,,,,,,,,,,,,,,,,2.0,2.0,2.0,2.0,2.0,,,2.0
7984c7ab-7de8-5842-b747-321180c43dce,2,Group 2,1.0,,,,,,,,,,,,,,,,,,,,,LLM,,,4.0,5.0,4.0,5.0,5.0,4.0,5.0,4.0,3.0,5.0,,,,,,,,,,,,,,,,,,,,,,4.0,5.0,4.0,5.0,5.0,4.0,5.0,4.0,3.0,5.0,,,,,,,4.4,
7e5a9b32-f7eb-5782-9581-fe36edd0fae9,2,Group 2,1.0,,,,,,,,,,,,,,,,,,,,,LLM,,,,,,,,,,,,,5.0,5.0,5.0,4.0,5.0,,,,,,,,,,,,,,,,,,,,,,,,,,,5.0,5.0,5.0,4.0,5.0,,,4.8
7e5a9b32-f7eb-5782-9581-fe36edd0fae9,2,Group 2,1.0,,,,,,,,,,,,,,,,,,,,,LLM,,,4.0,5.0,4.0,5.0,5.0,3.0,4.0,3.0,2.0,3.0,,,,,,,,,,,,,,,,,,,,,,4.0,5.0,4.0,5.0,5.0,3.0,4.0,3.0,2.0,3.0,,,,,,,3.8,
7a46de25-4e0c-5412-9f27-655bf590f86e,2,Group 2,1.0,,,,,,,,,,,,,,,,,,,,,LLM,,,,,,,,,,,,,5.0,5.0,5.0,5.0,5.0,,,,,,,,,,,,,,,,,,,,,,,,,,,5.0,5.0,5.0,5.0,5.0,,,5.0
7a46de25-4e0c-5412-9f27-655bf590f86e,2,Group 2,1.0,,,,,,,,,,,,,,,,,,,,,LLM,,,2.0,5.0,4.0,4.0,4.0,2.0,3.0,3.0,2.0,3.0,,,,,,,,,,,,,,,,,,,,,,2.0,5.0,4.0,4.0,4.0,2.0,3.0,3.0,2.0,3.0,,,,,,,3.2,
2de0fe04-92f5-5f5d-b655-4de7bdf0bfa8,2,Group 1,1.0,,,,,,,,,,,,,,,,,,,,,LLM,,,,,,,,,,,,,5.0,4.0,4.0,4.0,5.0,,,,,,,,,,,,,,,,,,,,,,,,,,,5.0,4.0,4.0,4.0,5.0,,,4.4
2de0fe04-92f5-5f5d-b655-4de7bdf0bfa8,2,Group 1,1.0,,,,,,,,,,,,,,,,,,,,,LLM,,,4.0,5.0,4.0,3.0,5.0,4.0,5.0,4.0,5.0,5.0,,,,,,,,,,,,,,,,,,,,,,4.0,5.0,4.0,3.0,5.0,4.0,5.0,4.0,5.0,5.0,,,,,,,4.4,
aad48e66-edaf-55b4-a29e-d6a8344f1f41,2,Group 2,1.0,,,,,,,,,,,,,,,,,,,,,LLM,,,,,,,,,,,,,5.0,4.0,5.0,4.0,5.0,,,,,,,,,,,,,,,,,,,,,,,,,,,5.0,4.0,5.0,4.0,5.0,,,4.6
aad48e66-edaf-55b4-a29e-d6a8344f1f41,2,Group 2,1.0,,,,,,,,,,,,,,,,,,,,,LLM,,,5.0,5.0,4.0,5.0,5.0,5.0,5.0,4.0,5.0,5.0,,,,,,,,,,,,,,,,,,,,,,5.0,5.0,4.0,5.0,5.0,5.0,5.0,4.0,5.0,5.0,,,,,,,4.8,
92580f1e-ddde-5cbe-b77f-b1fb1c8bd55a,2,Group 2,1.0,,,,,,,,,,,,,,,,,,,,,LLM,,,,,,,,,,,,,1.0,1.0,1.0,1.0,1.0,,,,,,,,,,,,,,,,,,,,,,,,,,,1.0,1.0,1.0,1.0,1.0,,,1.0
92580f1e-ddde-5cbe-b77f-b1fb1c8bd55a,2,Group 2,1.0,,,,,,,,,,,,,,,,,,,,,LLM,,,4.0,5.0,4.0,5.0,5.0,4.0,5.0,4.0,4.0,5.0,,,,,,,,,,,,,,,,,,,,,,4.0,5.0,4.0,5.0,5.0,4.0,5.0,4.0,4.0,5.0,,,,,,,4.5,
1e78f3ba-3477-50a8-a066-00a9feea6a14,2,Group 2,1.0,,,,,,,,,,,,,,,,,,,,,LLM,,,,,,,,,,,,,4.0,4.0,4.0,4.0,5.0,,,,,,,,,,,,,,,,,,,,,,,,,,,4.0,4.0,4.0,4.0,5.0,,,4.2
1e78f3ba-3477-50a8-a066-00a9feea6a14,2,Group 2,1.0,,,,,,,,,,,,,,,,,,,,,LLM,,,5.0,5.0,4.0,5.0,5.0,4.0,5.0,4.0,5.0,5.0,,,,,,,,,,,,,,,,,,,,,,5.0,5.0,4.0,5.0,5.0,4.0,5.0,4.0,5.0,5.0,,,,,,,4.7,
3c9f686e-d22b-56cb-b6dc-5e5e3fe14700,2,Group 1,1.0,,,,,,,,,,,,,,,,,,,,,LLM,,,,,,,,,,,,,4.0,3.0,4.0,4.0,4.0,,,,,,,,,,,,,,,,,,,,,,,,,,,4.0,3.0,4.0,4.0,4.0,,,3.8
3c9f686e-d22b-56cb-b6dc-5e5e3fe14700,2,Group 1,1.0,,,,,,,,,,,,,,,,,,,,,LLM,,,4.0,5.0,4.0,5.0,5.0,4.0,5.0,4.0,4.0,5.0,,,,,,,,,,,,,,,,,,,,,,4.0,5.0,4.0,5.0,5.0,4.0,5.0,4.0,4.0,5.0,,,,,,,4.5,
1702c072-da20-502e-9e79-c6b7c47be339,2,Group 2,1.0,,,,,,,,,,,,,,,,,,,,,LLM,,,,,,,,,,,,,1.0,1.0,1.0,1.0,1.0,,,,,,,,,,,,,,,,,,,,,,,,,,,1.0,1.0,1.0,1.0,1.0,,,1.0
1702c072-da20-502e-9e79-c6b7c47be339,2,Group 2,1.0,,,,,,,,,,,,,,,,,,,,,LLM,,,1.0,3.0,4.0,2.0,2.0,4.0,4.0,4.0,4.0,4.0,,,,,,,,,,,,,,,,,,,,,,1.0,3.0,4.0,2.0,2.0,4.0,4.0,4.0,4.0,4.0,,,,,,,3.2,
29696480-3e2b-5a15-ad36-3e0c20c2901f,2,Group 1,1.0,,,,,,,,,,,,,,,,,,,,,LLM,,,,,,,,,,,,,2.0,1.0,1.0,2.0,2.0,,,,,,,,,,,,,,,,,,,,,,,,,,,2.0,1.0,1.0,2.0,2.0,,,1.6
29696480-3e2b-5a15-ad36-3e0c20c2901f,2,Group 1,1.0,,,,,,,,,,,,,,,,,,,,,LLM,,,2.0,3.0,3.0,2.0,2.0,4.0,5.0,4.0,5.0,5.0,,,,,,,,,,,,,,,,,,,,,,2.0,3.0,3.0,2.0,2.0,4.0,5.0,4.0,5.0,5.0,,,,,,,3.5,
1d70fc9e-037c-5bfb-86dd-e1bbe0dc520d,2,Group 2,1.0,,,,,,,,,,,,,,,,,,,,,LLM,,,,,,,,,,,,,1.0,1.0,1.0,1.0,1.0,,,,,,,,,,,,,,,,,,,,,,,,,,,1.0,1.0,1.0,1.0,1.0,,,1.0
1d70fc9e-037c-5bfb-86dd-e1bbe0dc520d,2,Group 2,1.0,,,,,,,,,,,,,,,,,,,,,LLM,,,5.0,5.0,4.0,5.0,5.0,5.0,5.0,4.0,5.0,5.0,,,,,,,,,,,,,,,,,,,,,,5.0,5.0,4.0,5.0,5.0,5.0,5.0,4.0,5.0,5.0,,,,,,,4.8,
c32b9a16-c556-54a0-a1b2-cf2fdff3bfa0,2,Group 2,1.0,,,,,,,,,,,,,,,,,,,,,LLM,,,,,,,,,,,,,4.0,1.0,3.0,2.0,4.0,,,,,,,,,,,,,,,,,,,,,,,,,,,4.0,1.0,3.0,2.0,4.0,,,2.8
c32b9a16-c556-54a0-a1b2-cf2fdff3bfa0,2,Group 2,1.0,,,,,,,,,,,,,,,,,,,,,LLM,,,4.0,5.0,4.0,5.0,5.0,4.0,5.0,4.0,5.0,5.0,,,,,,,,,,,,,,,,,,,,,,4.0,5.0,4.0,5.0,5.0,4.0,5.0,4.0,5.0,5.0,,,,,,,4.6,
fde3fcbe-a6b4-5a21-aec5-d83055abcd55,2,Group 2,1.0,,,,,,,,,,,,,,,,,,,,,LLM,,,4.0,5.0,4.0,5.0,4.0,4.0,4.0,4.0,4.0,4.0,,,,,,,,,,,,,,,,,,,,,,4.0,5.0,4.0,5.0,4.0,4.0,4.0,4.0,4.0,4.0,,,,,,,4.2,
4bcf550c-b99c-5d84-953a-cacf63652ae7,2,Group 2,1.0,,,,,,,,,,,,,,,,,,,,,LLM,,,4.0,5.0,4.0,3.0,4.0,4.0,5.0,4.0,5.0,5.0,,,,,,,,,,,,,,,,,,,,,,4.0,5.0,4.0,3.0,4.0,4.0,5.0,4.0,5.0,5.0,,,,,,,4.3,
8fe2b5ba-f2c7-5a77-be88-22e250eaca9d,2,Group 2,1.0,,,,,,,,,,,,,,,,,,,,,LLM,,,2.0,5.0,4.0,4.0,3.0,4.0,3.0,3.0,2.0,4.0,,,,,,,,,,,,,,,,,,,,,,2.0,5.0,4.0,4.0,3.0,4.0,3.0,3.0,2.0,4.0,,,,,,,3.4,
ee13843f-f078-5f66-841b-e1c5602f23ce,2,Group 2,1.0,,,,,,,,,,,,,,,,,,,,,LLM,,,5.0,5.0,5.0,5.0,5.0,5.0,5.0,4.0,5.0,5.0,,,,,,,,,,,,,,,,,,,,,,5.0,5.0,5.0,5.0,5.0,5.0,5.0,4.0,5.0,5.0,,,,,,,4.9,
ca431490-16da-5915-8766-4f6a124ce757,2,Group 2,1.0,,,,,,,,,,,,,,,,,,,,,LLM,,,2.0,5.0,4.0,5.0,4.0,4.0,5.0,4.0,5.0,5.0,,,,,,,,,,,,,,,,,,,,,,2.0,5.0,4.0,5.0,4.0,4.0,5.0,4.0,5.0,5.0,,,,,,,4.3,
d66c4d44-7a4e-54c1-96d9-4f322fcbb4ea,2,Group 2,1.0,,,,,,,,,,,,,,,,,,,,,LLM,,,,,,,,,,,,,1.0,1.0,1.0,1.0,1.0,,,,,,,,,,,,,,,,,,,,,,,,,,,1.0,1.0,1.0,1.0,1.0,,,1.0
d66c4d44-7a4e-54c1-96d9-4f322fcbb4ea,2,Group 2,1.0,,,,,,,,,,,,,,,,,,,,,LLM,,,5.0,5.0,4.0,5.0,5.0,5.0,5.0,5.0,5.0,5.0,,,,,,,,,,,,,,,,,,,,,,5.0,5.0,4.0,5.0,5.0,5.0,5.0,5.0,5.0,5.0,,,,,,,4.9,
0ebc67d4-8a05-50b3-af8d-01845f6ab05e,2,Group 1,1.0,,,,,,,,,,,,,,,,,,,,,LLM,,,,,,,,,,,,,5.0,4.0,4.0,4.0,5.0,,,,,,,,,,,,,,,,,,,,,,,,,,,5.0,4.0,4.0,4.0,5.0,,,4.4
0ebc67d4-8a05-50b3-af8d-01845f6ab05e,2,Group 1,1.0,,,,,,,,,,,,,,,,,,,,,LLM,,,5.0,5.0,4.0,5.0,5.0,5.0,5.0,4.0,5.0,5.0,,,,,,,,,,,,,,,,,,,,,,5.0,5.0,4.0,5.0,5.0,5.0,5.0,4.0,5.0,5.0,,,,,,,4.8,
c4dc4f83-9465-5266-9c88-ca83ef76d53f,2,Group 2,1.0,,,,,,,,,,,,,,,,,,,,,LLM,,,,,,,,,,,,,5.0,4.0,4.0,4.0,5.0,,,,,,,,,,,,,,,,,,,,,,,,,,,5.0,4.0,4.0,4.0,5.0,,,4.4
c4dc4f83-9465-5266-9c88-ca83ef76d53f,2,Group 2,1.0,,,,,,,,,,,,,,,,,,,,,LLM,,,4.0,4.0,3.0,4.0,4.0,4.0,3.0,4.0,4.0,4.0,,,,,,,,,,,,,,,,,,,,,,4.0,4.0,3.0,4.0,4.0,4.0,3.0,4.0,4.0,4.0,,,,,,,3.8,
081064a2-d80d-54cc-aa3a-1021cbfbddf7,2,Group 2,1.0,,,,,,,,,,,,,,,,,,,,,LLM,,,,,,,,,,,,,5.0,4.0,4.0,3.0,5.0,,,,,,,,,,,,,,,,,,,,,,,,,,,5.0,4.0,4.0,3.0,5.0,,,4.2
081064a2-d80d-54cc-aa3a-1021cbfbddf7,2,Group 2,1.0,,,,,,,,,,,,,,,,,,,,,LLM,,,5.0,5.0,4.0,5.0,5.0,4.0,5.0,4.0,4.0,5.0,,,,,,,,,,,,,,,,,,,,,,5.0,5.0,4.0,5.0,5.0,4.0,5.0,4.0,4.0,5.0,,,,,,,4.6,
c4c0b9ff-5041-522a-b44b-c13f32609164,2,Group 1,1.0,,,,,,,,,,,,,,,,,,,,,LLM,,,,,,,,,,,,,5.0,4.0,4.0,4.0,4.0,,,,,,,,,,,,,,,,,,,,,,,,,,,5.0,4.0,4.0,4.0,4.0,,,4.2
c4c0b9ff-5041-522a-b44b-c13f32609164,2,Group 1,1.0,,,,,,,,,,,,,,,,,,,,,LLM,,,4.0,5.0,3.0,3.0,4.0,3.0,3.0,3.0,2.0,4.0,,,,,,,,,,,,,,,,,,,,,,4.0,5.0,3.0,3.0,4.0,3.0,3.0,3.0,2.0,4.0,,,,,,,3.4,
312bab6b-def1-5e03-ba9e-43b36762fc0e,2,Group 2,1.0,,,,,,,,,,,,,,,,,,,,,LLM,,,,,,,,,,,,,5.0,5.0,4.0,5.0,5.0,,,,,,,,,,,,,,,,,,,,,,,,,,,5.0,5.0,4.0,5.0,5.0,,,4.8
312bab6b-def1-5e03-ba9e-43b36762fc0e,2,Group 2,1.0,,,,,,,,,,,,,,,,,,,,,LLM,,,2.0,4.0,3.0,3.0,3.0,4.0,5.0,3.0,5.0,5.0,,,,,,,,,,,,,,,,,,,,,,2.0,4.0,3.0,3.0,3.0,4.0,5.0,3.0,5.0,5.0,,,,,,,3.7,
3395f03f-a6ce-5b76-b994-f3c2beb8a9f1,2,Group 2,1.0,,,,,,,,,,,,,,,,,,,,,LLM,,,,,,,,,,,,,5.0,5.0,5.0,5.0,5.0,,,,,,,,,,,,,,,,,,,,,,,,,,,5.0,5.0,5.0,5.0,5.0,,,5.0
3395f03f-a6ce-5b76-b994-f3c2beb8a9f1,2,Group 2,1.0,,,,,,,,,,,,,,,,,,,,,LLM,,,4.0,5.0,4.0,4.0,5.0,2.0,2.0,3.0,2.0,2.0,,,,,,,,,,,,,,,,,,,,,,4.0,5.0,4.0,4.0,5.0,2.0,2.0,3.0,2.0,2.0,,,,,,,3.3,
79d8a242-5752-5cfa-9abd-643524c4f12a,2,Group 2,1.0,,,,,,,,,,,,,,,,,,,,,LLM,,,,,,,,,,,,,5.0,4.0,3.0,4.0,5.0,,,,,,,,,,,,,,,,,,,,,,,,,,,5.0,4.0,3.0,4.0,5.0,,,4.2
79d8a242-5752-5cfa-9abd-643524c4f12a,2,Group 2,1.0,,,,,,,,,,,,,,,,,,,,,LLM,,,3.0,3.0,3.0,3.0,4.0,2.0,1.0,1.0,1.0,2.0,,,,,,,,,,,,,,,,,,,,,,3.0,3.0,3.0,3.0,4.0,2.0,1.0,1.0,1.0,2.0,,,,,,,2.3,
aa2b0260-28d6-520f-b8cb-37db10a3897c,2,Group 2,1.0,,,,,,,,,,,,,,,,,,,,,LLM,,,,,,,,,,,,,5.0,5.0,4.0,4.0,5.0,,,,,,,,,,,,,,,,,,,,,,,,,,,5.0,5.0,4.0,4.0,5.0,,,4.6
aa2b0260-28d6-520f-b8cb-37db10a3897c,2,Group 2,1.0,,,,,,,,,,,,,,,,,,,,,LLM,,,1.0,4.0,3.0,2.0,2.0,4.0,5.0,4.0,5.0,5.0,,,,,,,,,,,,,,,,,,,,,,1.0,4.0,3.0,2.0,2.0,4.0,5.0,4.0,5.0,5.0,,,,,,,3.5,
2c5d386c-5010-5e09-9b3a-26efaa3472ce,2,Group 2,1.0,,,,,,,,,,,,,,,,,,,,,LLM,,,,,,,,,,,,,1.0,2.0,1.0,1.0,1.0,,,,,,,,,,,,,,,,,,,,,,,,,,,1.0,2.0,1.0,1.0,1.0,,,1.2
2c5d386c-5010-5e09-9b3a-26efaa3472ce,2,Group 2,1.0,,,,,,,,,,,,,,,,,,,,,LLM,,,5.0,5.0,4.0,5.0,5.0,2.0,3.0,2.0,2.0,2.0,,,,,,,,,,,,,,,,,,,,,,5.0,5.0,4.0,5.0,5.0,2.0,3.0,2.0,2.0,2.0,,,,,,,3.5,
ee8c00c1-e842-5a90-80bb-05b78a089a9b,2,Group 2,1.0,,,,,,,,,,,,,,,,,,,,,LLM,,,,,,,,,,,,,3.0,4.0,3.0,3.0,4.0,,,,,,,,,,,,,,,,,,,,,,,,,,,3.0,4.0,3.0,3.0,4.0,,,3.4
ee8c00c1-e842-5a90-80bb-05b78a089a9b,2,Group 2,1.0,,,,,,,,,,,,,,,,,,,,,LLM,,,1.0,1.0,1.0,1.0,1.0,1.0,1.0,1.0,1.0,1.0,,,,,,,,,,,,,,,,,,,,,,1.0,1.0,1.0,1.0,1.0,1.0,1.0,1.0,1.0,1.0,,,,,,,1.0,
5f8586e1-b467-58d7-a3f9-73d2b30b2189,2,Group 2,1.0,,,,,,,,,,,,,,,,,,,,,LLM,,,4.0,5.0,4.0,5.0,4.0,4.0,5.0,3.0,4.0,5.0,,,,,,,,,,,,,,,,,,,,,,4.0,5.0,4.0,5.0,4.0,4.0,5.0,3.0,4.0,5.0,,,,,,,4.3,
ad00a7e1-172f-53c3-bb94-219d3d25aaa3,1,Group 2,1.0,,,,,,,,,,,,,,,,,,,,,LLM,,,2.0,1.0,1.0,1.0,3.0,1.0,1.0,1.0,1.0,4.0,,,,,,,2.0,1.0,1.0,1.0,3.0,1.0,1.0,1.0,1.0,4.0,,,,,,,,,,,,,,,,,,,,,1.6,,
2ffaf05e-aedd-5585-9e30-c38c8bafb29f,1,Group 1,1.0,,,,,,,,,,,,,,,,,,,,,LLM,,,2.0,3.0,2.0,2.0,3.0,2.0,2.0,1.0,1.0,2.0,,,,,,,2.0,3.0,2.0,2.0,3.0,2.0,2.0,1.0,1.0,2.0,,,,,,,,,,,,,,,,,,,,,2.0,,
2ffaf05e-aedd-5585-9e30-c38c8bafb29f,2,Group 1,1.0,,,,,,,,,,,,,,,,,,,,,LLM,,,3.0,4.0,3.0,3.0,3.0,1.0,1.0,1.0,1.0,2.0,,,,,,,,,,,,,,,,,,,,,,3.0,4.0,3.0,3.0,3.0,1.0,1.0,1.0,1.0,2.0,,,,,,,2.2,
2ffaf05e-aedd-5585-9e30-c38c8bafb29f,2,Group 1,1.0,,,,,,,,,,,,,,,,,,,,,LLM,,,,,,,,,,,,,5.0,4.0,5.0,5.0,5.0,,,,,,,,,,,,,,,,,,,,,,,,,,,5.0,4.0,5.0,5.0,5.0,,,4.8
8bc09ee7-8082-5b31-a844-9fda16660a99,2,Group 1,1.0,,,,,,,,,,,,,,,,,,,,,LLM,,,1.0,3.0,3.0,3.0,2.0,3.0,4.0,3.0,3.0,2.0,,,,,,,,,,,,,,,,,,,,,,1.0,3.0,3.0,3.0,2.0,3.0,4.0,3.0,3.0,2.0,,,,,,,2.7,
8bc09ee7-8082-5b31-a844-9fda16660a99,2,Group 1,1.0,,,,,,,,,,,,,,,,,,,,,LLM,,,,,,,,,,,,,1.0,1.0,1.0,1.0,1.0,,,,,,,,,,,,,,,,,,,,,,,,,,,1.0,1.0,1.0,1.0,1.0,,,1.0
ad00a7e1-172f-53c3-bb94-219d3d25aaa3,2,Group 2,1.0,,,,,,,,,,,,,,,,,,,,,LLM,,,5.0,5.0,5.0,5.0,5.0,5.0,5.0,4.0,5.0,5.0,,,,,,,,,,,,,,,,,,,,,,5.0,5.0,5.0,5.0,5.0,5.0,5.0,4.0,5.0,5.0,,,,,,,4.9,
ad00a7e1-172f-53c3-bb94-219d3d25aaa3,2,Group 2,1.0,,,,,,,,,,,,,,,,,,,,,LLM,,,,,,,,,,,,,5.0,4.0,5.0,4.0,5.0,,,,,,,,,,,,,,,,,,,,,,,,,,,5.0,4.0,5.0,4.0,5.0,,,4.6
8a84f103-4317-58ec-8986-923e544a0b42,2,Group 2,1.0,,,,,,,,,,,,,,,,,,,,,LLM,,,,,,,,,,,,,5.0,2.0,3.0,4.0,5.0,,,,,,,,,,,,,,,,,,,,,,,,,,,5.0,2.0,3.0,4.0,5.0,,,3.8
bdad2972-1b06-5143-baea-94731e8d82eb,2,Group 2,1.0,,,,,,,,,,,,,,,,,,,,,LLM,,,,,,,,,,,,,4.0,3.0,2.0,4.0,4.0,,,,,,,,,,,,,,,,,,,,,,,,,,,4.0,3.0,2.0,4.0,4.0,,,3.4
9af56d58-f51e-57ef-b27a-7478a5f10830,1,Group 1,1.0,,,,,,,,,,,,,,,,,,,,,LLM,,,4.0,5.0,3.0,5.0,4.0,4.0,5.0,3.0,5.0,5.0,,,,,,,4.0,5.0,3.0,5.0,4.0,4.0,5.0,3.0,5.0,5.0,,,,,,,,,,,,,,,,,,,,,4.3,,
9af56d58-f51e-57ef-b27a-7478a5f10830,2,Group 1,1.0,,,,,,,,,,,,,,,,,,,,,LLM,,,4.0,5.0,3.0,4.0,4.0,3.0,3.0,3.0,2.0,3.0,,,,,,,,,,,,,,,,,,,,,,4.0,5.0,3.0,4.0,4.0,3.0,3.0,3.0,2.0,3.0,,,,,,,3.4,
,,,,,,,,,,,,,,,,,,,,,,,,,,,,,,,,,,,,,,,,,,,,,,,,,,,,,,,,,,,,,,,,,,,,,,,,,,,
,,,,,,,,,,,,,,,,,,,,,,,,,,,,,,,,,,,,,,,,,,,,,,,,,,,,,,,,,,,,,,,,,,,,,,,,,,,
,,,,,,,,,,,,,,,,,,,,,,,,,,,,,,,,,,,,,,,,,,,,,,,,,,,,,,,,,,,,,,,,,,,,,,,,,,,
,,,,,,,,,,,,,,,,,,,,,,,,,,,,,,,,,,,,,,,,,,,,,,,,,,,,,,,,,,,,,,,,,,,,,,,,,,,
,,,,,,,,,,,,,,,,,,,,,,,,,,,,,,,,,,,,,,,,,,,,,,,,,,,,,,,,,,,,,,,,,,,,,,,,,,,
,,,,,,,,,,,,,,,,,,,,,,,,,,,,,,,,,,,,,,,,,,,,,,,,,,,,,,,,,,,,,,,,,,,,,,,,,,,
,,,,,,,,,,,,,,,,,,,,,,,,,,,,,,,,,,,,,,,,,,,,,,,,,,,,,,,,,,,,,,,,,,,,,,,,,,,
,,,,,,,,,,,,,,,,,,,,,,,,,,,,,,,,,,,,,,,,,,,,,,,,,,,,,,,,,,,,,,,,,,,,,,,,,,,
,,,,,,,,,,,,,,,,,,,,,,,,,,,,,,,,,,,,,,,,,,,,,,,,,,,,,,,,,,,,,,,,,,,,,,,,,,,
,,,,,,,,,,,,,,,,,,,,,,,,,,,,,,,,,,,,,,,,,,,,,,,,,,,,,,,,,,,,,,,,,,,,,,,,,,,
,,,,,,,,,,,,,,,,,,,,,,,,,,,,,,,,,,,,,,,,,,,,,,,,,,,,,,,,,,,,,,,,,,,,,,,,,,,
,,,,,,,,,,,,,,,,,,,,,,,,,,,,,,,,,,,,,,,,,,,,,,,,,,,,,,,,,,,,,,,,,,,,,,,,,,,
,,,,,,,,,,,,,,,,,,,,,,,,,,,,,,,,,,,,,,,,,,,,,,,,,,,,,,,,,,,,,,,,,,,,,,,,,,,
,,,,,,,,,,,,,,,,,,,,,,,,,,,,,,,,,,,,,,,,,,,,,,,,,,,,,,,,,,,,,,,,,,,,,,,,,,,
,,,,,,,,,,,,,,,,,,,,,,,,,,,,,,,,,,,,,,,,,,,,,,,,,,,,,,,,,,,,,,,,,,,,,,,,,,,
,,,,,,,,,,,,,,,,,,,,,,,,,,,,,,,,,,,,,,,,,,,,,,,,,,,,,,,,,,,,,,,,,,,,,,,,,,,
,,,,,,,,,,,,,,,,,,,,,,,,,,,,,,,,,,,,,,,,,,,,,,,,,,,,,,,,,,,,,,,,,,,,,,,,,,,
,,,,,,,,,,,,,,,,,,,,,,,,,,,,,,,,,,,,,,,,,,,,,,,,,,,,,,,,,,,,,,,,,,,,,,,,,,,
,,,,,,,,,,,,,,,,,,,,,,,,,,,,,,,,,,,,,,,,,,,,,,,,,,,,,,,,,,,,,,,,,,,,,,,,,,,
,,,,,,,,,,,,,,,,,,,,,,,,,,,,,,,,,,,,,,,,,,,,,,,,,,,,,,,,,,,,,,,,,,,,,,,,,,,
,,,,,,,,,,,,,,,,,,,,,,,,,,,,,,,,,,,,,,,,,,,,,,,,,,,,,,,,,,,,,,,,,,,,,,,,,,,
,,,,,,,,,,,,,,,,,,,,,,,,,,,,,,,,,,,,,,,,,,,,,,,,,,,,,,,,,,,,,,,,,,,,,,,,,,,
,,,,,,,,,,,,,,,,,,,,,,,,,,,,,,,,,,,,,,,,,,,,,,,,,,,,,,,,,,,,,,,,,,,,,,,,,,,
,,,,,,,,,,,,,,,,,,,,,,,,,,,,,,,,,,,,,,,,,,,,,,,,,,,,,,,,,,,,,,,,,,,,,,,,,,,
,,,,,,,,,,,,,,,,,,,,,,,,,,,,,,,,,,,,,,,,,,,,,,,,,,,,,,,,,,,,,,,,,,,,,,,,,,,
,,,,,,,,,,,,,,,,,,,,,,,,,,,,,,,,,,,,,,,,,,,,,,,,,,,,,,,,,,,,,,,,,,,,,,,,,,,
,,,,,,,,,,,,,,,,,,,,,,,,,,,,,,,,,,,,,,,,,,,,,,,,,,,,,,,,,,,,,,,,,,,,,,,,,,,
,,,,,,,,,,,,,,,,,,,,,,,,,,,,,,,,,,,,,,,,,,,,,,,,,,,,,,,,,,,,,,,,,,,,,,,,,,,
,,,,,,,,,,,,,,,,,,,,,,,,,,,,,,,,,,,,,,,,,,,,,,,,,,,,,,,,,,,,,,,,,,,,,,,,,,,
,,,,,,,,,,,,,,,,,,,,,,,,,,,,,,,,,,,,,,,,,,,,,,,,,,,,,,,,,,,,,,,,,,,,,,,,,,,
,,,,,,,,,,,,,,,,,,,,,,,,,,,,,,,,,,,,,,,,,,,,,,,,,,,,,,,,,,,,,,,,,,,,,,,,,,,
,,,,,,,,,,,,,,,,,,,,,,,,,,,,,,,,,,,,,,,,,,,,,,,,,,,,,,,,,,,,,,,,,,,,,,,,,,,
,,,,,,,,,,,,,,,,,,,,,,,,,,,,,,,,,,,,,,,,,,,,,,,,,,,,,,,,,,,,,,,,,,,,,,,,,,,
,,,,,,,,,,,,,,,,,,,,,,,,,,,,,,,,,,,,,,,,,,,,,,,,,,,,,,,,,,,,,,,,,,,,,,,,,,,
,,,,,,,,,,,,,,,,,,,,,,,,,,,,,,,,,,,,,,,,,,,,,,,,,,,,,,,,,,,,,,,,,,,,,,,,,,,
,,,,,,,,,,,,,,,,,,,,,,,,,,,,,,,,,,,,,,,,,,,,,,,,,,,,,,,,,,,,,,,,,,,,,,,,,,,
,,,,,,,,,,,,,,,,,,,,,,,,,,,,,,,,,,,,,,,,,,,,,,,,,,,,,,,,,,,,,,,,,,,,,,,,,,,
,,,,,,,,,,,,,,,,,,,,,,,,,,,,,,,,,,,,,,,,,,,,,,,,,,,,,,,,,,,,,,,,,,,,,,,,,,,
,,,,,,,,,,,,,,,,,,,,,,,,,,,,,,,,,,,,,,,,,,,,,,,,,,,,,,,,,,,,,,,,,,,,,,,,,,,
,,,,,,,,,,,,,,,,,,,,,,,,,,,,,,,,,,,,,,,,,,,,,,,,,,,,,,,,,,,,,,,,,,,,,,,,,,,
,,,,,,,,,,,,,,,,,,,,,,,,,,,,,,,,,,,,,,,,,,,,,,,,,,,,,,,,,,,,,,,,,,,,,,,,,,,
,,,,,,,,,,,,,,,,,,,,,,,,,,,,,,,,,,,,,,,,,,,,,,,,,,,,,,,,,,,,,,,,,,,,,,,,,,,
,,,,,,,,,,,,,,,,,,,,,,,,,,,,,,,,,,,,,,,,,,,,,,,,,,,,,,,,,,,,,,,,,,,,,,,,,,,
,,,,,,,,,,,,,,,,,,,,,,,,,,,,,,,,,,,,,,,,,,,,,,,,,,,,,,,,,,,,,,,,,,,,,,,,,,,
,,,,,,,,,,,,,,,,,,,,,,,,,,,,,,,,,,,,,,,,,,,,,,,,,,,,,,,,,,,,,,,,,,,,,,,,,,,
,,,,,,,,,,,,,,,,,,,,,,,,,,,,,,,,,,,,,,,,,,,,,,,,,,,,,,,,,,,,,,,,,,,,,,,,,,,
,,,,,,,,,,,,,,,,,,,,,,,,,,,,,,,,,,,,,,,,,,,,,,,,,,,,,,,,,,,,,,,,,,,,,,,,,,,
,,,,,,,,,,,,,,,,,,,,,,,,,,,,,,,,,,,,,,,,,,,,,,,,,,,,,,,,,,,,,,,,,,,,,,,,,,,
,,,,,,,,,,,,,,,,,,,,,,,,,,,,,,,,,,,,,,,,,,,,,,,,,,,,,,,,,,,,,,,,,,,,,,,,,,,
,,,,,,,,,,,,,,,,,,,,,,,,,,,,,,,,,,,,,,,,,,,,,,,,,,,,,,,,,,,,,,,,,,,,,,,,,,,
,,,,,,,,,,,,,,,,,,,,,,,,,,,,,,,,,,,,,,,,,,,,,,,,,,,,,,,,,,,,,,,,,,,,,,,,,,,
,,,,,,,,,,,,,,,,,,,,,,,,,,,,,,,,,,,,,,,,,,,,,,,,,,,,,,,,,,,,,,,,,,,,,,,,,,,
,,,,,,,,,,,,,,,,,,,,,,,,,,,,,,,,,,,,,,,,,,,,,,,,,,,,,,,,,,,,,,,,,,,,,,,,,,,
,,,,,,,,,,,,,,,,,,,,,,,,,,,,,,,,,,,,,,,,,,,,,,,,,,,,,,,,,,,,,,,,,,,,,,,,,,,
,,,,,,,,,,,,,,,,,,,,,,,,,,,,,,,,,,,,,,,,,,,,,,,,,,,,,,,,,,,,,,,,,,,,,,,,,,,
,,,,,,,,,,,,,,,,,,,,,,,,,,,,,,,,,,,,,,,,,,,,,,,,,,,,,,,,,,,,,,,,,,,,,,,,,,,
,,,,,,,,,,,,,,,,,,,,,,,,,,,,,,,,,,,,,,,,,,,,,,,,,,,,,,,,,,,,,,,,,,,,,,,,,,,
,,,,,,,,,,,,,,,,,,,,,,,,,,,,,,,,,,,,,,,,,,,,,,,,,,,,,,,,,,,,,,,,,,,,,,,,,,,
,,,,,,,,,,,,,,,,,,,,,,,,,,,,,,,,,,,,,,,,,,,,,,,,,,,,,,,,,,,,,,,,,,,,,,,,,,,
,,,,,,,,,,,,,,,,,,,,,,,,,,,,,,,,,,,,,,,,,,,,,,,,,,,,,,,,,,,,,,,,,,,,,,,,,,,
,,,,,,,,,,,,,,,,,,,,,,,,,,,,,,,,,,,,,,,,,,,,,,,,,,,,,,,,,,,,,,,,,,,,,,,,,,,
,,,,,,,,,,,,,,,,,,,,,,,,,,,,,,,,,,,,,,,,,,,,,,,,,,,,,,,,,,,,,,,,,,,,,,,,,,,
,,,,,,,,,,,,,,,,,,,,,,,,,,,,,,,,,,,,,,,,,,,,,,,,,,,,,,,,,,,,,,,,,,,,,,,,,,,
,,,,,,,,,,,,,,,,,,,,,,,,,,,,,,,,,,,,,,,,,,,,,,,,,,,,,,,,,,,,,,,,,,,,,,,,,,,
,,,,,,,,,,,,,,,,,,,,,,,,,,,,,,,,,,,,,,,,,,,,,,,,,,,,,,,,,,,,,,,,,,,,,,,,,,,
,,,,,,,,,,,,,,,,,,,,,,,,,,,,,,,,,,,,,,,,,,,,,,,,,,,,,,,,,,,,,,,,,,,,,,,,,,,
,,,,,,,,,,,,,,,,,,,,,,,,,,,,,,,,,,,,,,,,,,,,,,,,,,,,,,,,,,,,,,,,,,,,,,,,,,,
,,,,,,,,,,,,,,,,,,,,,,,,,,,,,,,,,,,,,,,,,,,,,,,,,,,,,,,,,,,,,,,,,,,,,,,,,,,
,,,,,,,,,,,,,,,,,,,,,,,,,,,,,,,,,,,,,,,,,,,,,,,,,,,,,,,,,,,,,,,,,,,,,,,,,,,
,,,,,,,,,,,,,,,,,,,,,,,,,,,,,,,,,,,,,,,,,,,,,,,,,,,,,,,,,,,,,,,,,,,,,,,,,,,
,,,,,,,,,,,,,,,,,,,,,,,,,,,,,,,,,,,,,,,,,,,,,,,,,,,,,,,,,,,,,,,,,,,,,,,,,,,
,,,,,,,,,,,,,,,,,,,,,,,,,,,,,,,,,,,,,,,,,,,,,,,,,,,,,,,,,,,,,,,,,,,,,,,,,,,
,,,,,,,,,,,,,,,,,,,,,,,,,,,,,,,,,,,,,,,,,,,,,,,,,,,,,,,,,,,,,,,,,,,,,,,,,,,
,,,,,,,,,,,,,,,,,,,,,,,,,,,,,,,,,,,,,,,,,,,,,,,,,,,,,,,,,,,,,,,,,,,,,,,,,,,
,,,,,,,,,,,,,,,,,,,,,,,,,,,,,,,,,,,,,,,,,,,,,,,,,,,,,,,,,,,,,,,,,,,,,,,,,,,
,,,,,,,,,,,,,,,,,,,,,,,,,,,,,,,,,,,,,,,,,,,,,,,,,,,,,,,,,,,,,,,,,,,,,,,,,,,
,,,,,,,,,,,,,,,,,,,,,,,,,,,,,,,,,,,,,,,,,,,,,,,,,,,,,,,,,,,,,,,,,,,,,,,,,,,
,,,,,,,,,,,,,,,,,,,,,,,,,,,,,,,,,,,,,,,,,,,,,,,,,,,,,,,,,,,,,,,,,,,,,,,,,,,
,,,,,,,,,,,,,,,,,,,,,,,,,,,,,,,,,,,,,,,,,,,,,,,,,,,,,,,,,,,,,,,,,,,,,,,,,,,
,,,,,,,,,,,,,,,,,,,,,,,,,,,,,,,,,,,,,,,,,,,,,,,,,,,,,,,,,,,,,,,,,,,,,,,,,,,
,,,,,,,,,,,,,,,,,,,,,,,,,,,,,,,,,,,,,,,,,,,,,,,,,,,,,,,,,,,,,,,,,,,,,,,,,,,
,,,,,,,,,,,,,,,,,,,,,,,,,,,,,,,,,,,,,,,,,,,,,,,,,,,,,,,,,,,,,,,,,,,,,,,,,,,
,,,,,,,,,,,,,,,,,,,,,,,,,,,,,,,,,,,,,,,,,,,,,,,,,,,,,,,,,,,,,,,,,,,,,,,,,,,
,,,,,,,,,,,,,,,,,,,,,,,,,,,,,,,,,,,,,,,,,,,,,,,,,,,,,,,,,,,,,,,,,,,,,,,,,,,
,,,,,,,,,,,,,,,,,,,,,,,,,,,,,,,,,,,,,,,,,,,,,,,,,,,,,,,,,,,,,,,,,,,,,,,,,,,
,,,,,,,,,,,,,,,,,,,,,,,,,,,,,,,,,,,,,,,,,,,,,,,,,,,,,,,,,,,,,,,,,,,,,,,,,,,
,,,,,,,,,,,,,,,,,,,,,,,,,,,,,,,,,,,,,,,,,,,,,,,,,,,,,,,,,,,,,,,,,,,,,,,,,,,
,,,,,,,,,,,,,,,,,,,,,,,,,,,,,,,,,,,,,,,,,,,,,,,,,,,,,,,,,,,,,,,,,,,,,,,,,,,
,,,,,,,,,,,,,,,,,,,,,,,,,,,,,,,,,,,,,,,,,,,,,,,,,,,,,,,,,,,,,,,,,,,,,,,,,,,
,,,,,,,,,,,,,,,,,,,,,,,,,,,,,,,,,,,,,,,,,,,,,,,,,,,,,,,,,,,,,,,,,,,,,,,,,,,
,,,,,,,,,,,,,,,,,,,,,,,,,,,,,,,,,,,,,,,,,,,,,,,,,,,,,,,,,,,,,,,,,,,,,,,,,,,
,,,,,,,,,,,,,,,,,,,,,,,,,,,,,,,,,,,,,,,,,,,,,,,,,,,,,,,,,,,,,,,,,,,,,,,,,,,
,,,,,,,,,,,,,,,,,,,,,,,,,,,,,,,,,,,,,,,,,,,,,,,,,,,,,,,,,,,,,,,,,,,,,,,,,,,
,,,,,,,,,,,,,,,,,,,,,,,,,,,,,,,,,,,,,,,,,,,,,,,,,,,,,,,,,,,,,,,,,,,,,,,,,,,
,,,,,,,,,,,,,,,,,,,,,,,,,,,,,,,,,,,,,,,,,,,,,,,,,,,,,,,,,,,,,,,,,,,,,,,,,,,
,,,,,,,,,,,,,,,,,,,,,,,,,,,,,,,,,,,,,,,,,,,,,,,,,,,,,,,,,,,,,,,,,,,,,,,,,,,
,,,,,,,,,,,,,,,,,,,,,,,,,,,,,,,,,,,,,,,,,,,,,,,,,,,,,,,,,,,,,,,,,,,,,,,,,,,
,,,,,,,,,,,,,,,,,,,,,,,,,,,,,,,,,,,,,,,,,,,,,,,,,,,,,,,,,,,,,,,,,,,,,,,,,,,
,,,,,,,,,,,,,,,,,,,,,,,,,,,,,,,,,,,,,,,,,,,,,,,,,,,,,,,,,,,,,,,,,,,,,,,,,,,
,,,,,,,,,,,,,,,,,,,,,,,,,,,,,,,,,,,,,,,,,,,,,,,,,,,,,,,,,,,,,,,,,,,,,,,,,,,
,,,,,,,,,,,,,,,,,,,,,,,,,,,,,,,,,,,,,,,,,,,,,,,,,,,,,,,,,,,,,,,,,,,,,,,,,,,
,,,,,,,,,,,,,,,,,,,,,,,,,,,,,,,,,,,,,,,,,,,,,,,,,,,,,,,,,,,,,,,,,,,,,,,,,,,
,,,,,,,,,,,,,,,,,,,,,,,,,,,,,,,,,,,,,,,,,,,,,,,,,,,,,,,,,,,,,,,,,,,,,,,,,,,
,,,,,,,,,,,,,,,,,,,,,,,,,,,,,,,,,,,,,,,,,,,,,,,,,,,,,,,,,,,,,,,,,,,,,,,,,,,
,,,,,,,,,,,,,,,,,,,,,,,,,,,,,,,,,,,,,,,,,,,,,,,,,,,,,,,,,,,,,,,,,,,,,,,,,,,
,,,,,,,,,,,,,,,,,,,,,,,,,,,,,,,,,,,,,,,,,,,,,,,,,,,,,,,,,,,,,,,,,,,,,,,,,,,
,,,,,,,,,,,,,,,,,,,,,,,,,,,,,,,,,,,,,,,,,,,,,,,,,,,,,,,,,,,,,,,,,,,,,,,,,,,
,,,,,,,,,,,,,,,,,,,,,,,,,,,,,,,,,,,,,,,,,,,,,,,,,,,,,,,,,,,,,,,,,,,,,,,,,,,
,,,,,,,,,,,,,,,,,,,,,,,,,,,,,,,,,,,,,,,,,,,,,,,,,,,,,,,,,,,,,,,,,,,,,,,,,,,
,,,,,,,,,,,,,,,,,,,,,,,,,,,,,,,,,,,,,,,,,,,,,,,,,,,,,,,,,,,,,,,,,,,,,,,,,,,
,,,,,,,,,,,,,,,,,,,,,,,,,,,,,,,,,,,,,,,,,,,,,,,,,,,,,,,,,,,,,,,,,,,,,,,,,,,
,,,,,,,,,,,,,,,,,,,,,,,,,,,,,,,,,,,,,,,,,,,,,,,,,,,,,,,,,,,,,,,,,,,,,,,,,,,
,,,,,,,,,,,,,,,,,,,,,,,,,,,,,,,,,,,,,,,,,,,,,,,,,,,,,,,,,,,,,,,,,,,,,,,,,,,
,,,,,,,,,,,,,,,,,,,,,,,,,,,,,,,,,,,,,,,,,,,,,,,,,,,,,,,,,,,,,,,,,,,,,,,,,,,
,,,,,,,,,,,,,,,,,,,,,,,,,,,,,,,,,,,,,,,,,,,,,,,,,,,,,,,,,,,,,,,,,,,,,,,,,,,
,,,,,,,,,,,,,,,,,,,,,,,,,,,,,,,,,,,,,,,,,,,,,,,,,,,,,,,,,,,,,,,,,,,,,,,,,,,
,,,,,,,,,,,,,,,,,,,,,,,,,,,,,,,,,,,,,,,,,,,,,,,,,,,,,,,,,,,,,,,,,,,,,,,,,,,
,,,,,,,,,,,,,,,,,,,,,,,,,,,,,,,,,,,,,,,,,,,,,,,,,,,,,,,,,,,,,,,,,,,,,,,,,,,
,,,,,,,,,,,,,,,,,,,,,,,,,,,,,,,,,,,,,,,,,,,,,,,,,,,,,,,,,,,,,,,,,,,,,,,,,,,
,,,,,,,,,,,,,,,,,,,,,,,,,,,,,,,,,,,,,,,,,,,,,,,,,,,,,,,,,,,,,,,,,,,,,,,,,,,
,,,,,,,,,,,,,,,,,,,,,,,,,,,,,,,,,,,,,,,,,,,,,,,,,,,,,,,,,,,,,,,,,,,,,,,,,,,
,,,,,,,,,,,,,,,,,,,,,,,,,,,,,,,,,,,,,,,,,,,,,,,,,,,,,,,,,,,,,,,,,,,,,,,,,,,
,,,,,,,,,,,,,,,,,,,,,,,,,,,,,,,,,,,,,,,,,,,,,,,,,,,,,,,,,,,,,,,,,,,,,,,,,,,
,,,,,,,,,,,,,,,,,,,,,,,,,,,,,,,,,,,,,,,,,,,,,,,,,,,,,,,,,,,,,,,,,,,,,,,,,,,
,,,,,,,,,,,,,,,,,,,,,,,,,,,,,,,,,,,,,,,,,,,,,,,,,,,,,,,,,,,,,,,,,,,,,,,,,,,
,,,,,,,,,,,,,,,,,,,,,,,,,,,,,,,,,,,,,,,,,,,,,,,,,,,,,,,,,,,,,,,,,,,,,,,,,,,
,,,,,,,,,,,,,,,,,,,,,,,,,,,,,,,,,,,,,,,,,,,,,,,,,,,,,,,,,,,,,,,,,,,,,,,,,,,
,,,,,,,,,,,,,,,,,,,,,,,,,,,,,,,,,,,,,,,,,,,,,,,,,,,,,,,,,,,,,,,,,,,,,,,,,,,
,,,,,,,,,,,,,,,,,,,,,,,,,,,,,,,,,,,,,,,,,,,,,,,,,,,,,,,,,,,,,,,,,,,,,,,,,,,
,,,,,,,,,,,,,,,,,,,,,,,,,,,,,,,,,,,,,,,,,,,,,,,,,,,,,,,,,,,,,,,,,,,,,,,,,,,
,,,,,,,,,,,,,,,,,,,,,,,,,,,,,,,,,,,,,,,,,,,,,,,,,,,,,,,,,,,,,,,,,,,,,,,,,,,
,,,,,,,,,,,,,,,,,,,,,,,,,,,,,,,,,,,,,,,,,,,,,,,,,,,,,,,,,,,,,,,,,,,,,,,,,,,
,,,,,,,,,,,,,,,,,,,,,,,,,,,,,,,,,,,,,,,,,,,,,,,,,,,,,,,,,,,,,,,,,,,,,,,,,,,
,,,,,,,,,,,,,,,,,,,,,,,,,,,,,,,,,,,,,,,,,,,,,,,,,,,,,,,,,,,,,,,,,,,,,,,,,,,
,,,,,,,,,,,,,,,,,,,,,,,,,,,,,,,,,,,,,,,,,,,,,,,,,,,,,,,,,,,,,,,,,,,,,,,,,,,
,,,,,,,,,,,,,,,,,,,,,,,,,,,,,,,,,,,,,,,,,,,,,,,,,,,,,,,,,,,,,,,,,,,,,,,,,,,
,,,,,,,,,,,,,,,,,,,,,,,,,,,,,,,,,,,,,,,,,,,,,,,,,,,,,,,,,,,,,,,,,,,,,,,,,,,
,,,,,,,,,,,,,,,,,,,,,,,,,,,,,,,,,,,,,,,,,,,,,,,,,,,,,,,,,,,,,,,,,,,,,,,,,,,
,,,,,,,,,,,,,,,,,,,,,,,,,,,,,,,,,,,,,,,,,,,,,,,,,,,,,,,,,,,,,,,,,,,,,,,,,,,
,,,,,,,,,,,,,,,,,,,,,,,,,,,,,,,,,,,,,,,,,,,,,,,,,,,,,,,,,,,,,,,,,,,,,,,,,,,
,,,,,,,,,,,,,,,,,,,,,,,,,,,,,,,,,,,,,,,,,,,,,,,,,,,,,,,,,,,,,,,,,,,,,,,,,,,
,,,,,,,,,,,,,,,,,,,,,,,,,,,,,,,,,,,,,,,,,,,,,,,,,,,,,,,,,,,,,,,,,,,,,,,,,,,
,,,,,,,,,,,,,,,,,,,,,,,,,,,,,,,,,,,,,,,,,,,,,,,,,,,,,,,,,,,,,,,,,,,,,,,,,,,
,,,,,,,,,,,,,,,,,,,,,,,,,,,,,,,,,,,,,,,,,,,,,,,,,,,,,,,,,,,,,,,,,,,,,,,,,,,
,,,,,,,,,,,,,,,,,,,,,,,,,,,,,,,,,,,,,,,,,,,,,,,,,,,,,,,,,,,,,,,,,,,,,,,,,,,
,,,,,,,,,,,,,,,,,,,,,,,,,,,,,,,,,,,,,,,,,,,,,,,,,,,,,,,,,,,,,,,,,,,,,,,,,,,
,,,,,,,,,,,,,,,,,,,,,,,,,,,,,,,,,,,,,,,,,,,,,,,,,,,,,,,,,,,,,,,,,,,,,,,,,,,
,,,,,,,,,,,,,,,,,,,,,,,,,,,,,,,,,,,,,,,,,,,,,,,,,,,,,,,,,,,,,,,,,,,,,,,,,,,
,,,,,,,,,,,,,,,,,,,,,,,,,,,,,,,,,,,,,,,,,,,,,,,,,,,,,,,,,,,,,,,,,,,,,,,,,,,
,,,,,,,,,,,,,,,,,,,,,,,,,,,,,,,,,,,,,,,,,,,,,,,,,,,,,,,,,,,,,,,,,,,,,,,,,,,
,,,,,,,,,,,,,,,,,,,,,,,,,,,,,,,,,,,,,,,,,,,,,,,,,,,,,,,,,,,,,,,,,,,,,,,,,,,
,,,,,,,,,,,,,,,,,,,,,,,,,,,,,,,,,,,,,,,,,,,,,,,,,,,,,,,,,,,,,,,,,,,,,,,,,,,
,,,,,,,,,,,,,,,,,,,,,,,,,,,,,,,,,,,,,,,,,,,,,,,,,,,,,,,,,,,,,,,,,,,,,,,,,,,
,,,,,,,,,,,,,,,,,,,,,,,,,,,,,,,,,,,,,,,,,,,,,,,,,,,,,,,,,,,,,,,,,,,,,,,,,,,
,,,,,,,,,,,,,,,,,,,,,,,,,,,,,,,,,,,,,,,,,,,,,,,,,,,,,,,,,,,,,,,,,,,,,,,,,,,
,,,,,,,,,,,,,,,,,,,,,,,,,,,,,,,,,,,,,,,,,,,,,,,,,,,,,,,,,,,,,,,,,,,,,,,,,,,
,,,,,,,,,,,,,,,,,,,,,,,,,,,,,,,,,,,,,,,,,,,,,,,,,,,,,,,,,,,,,,,,,,,,,,,,,,,
,,,,,,,,,,,,,,,,,,,,,,,,,,,,,,,,,,,,,,,,,,,,,,,,,,,,,,,,,,,,,,,,,,,,,,,,,,,
,,,,,,,,,,,,,,,,,,,,,,,,,,,,,,,,,,,,,,,,,,,,,,,,,,,,,,,,,,,,,,,,,,,,,,,,,,,
,,,,,,,,,,,,,,,,,,,,,,,,,,,,,,,,,,,,,,,,,,,,,,,,,,,,,,,,,,,,,,,,,,,,,,,,,,,
,,,,,,,,,,,,,,,,,,,,,,,,,,,,,,,,,,,,,,,,,,,,,,,,,,,,,,,,,,,,,,,,,,,,,,,,,,,
,,,,,,,,,,,,,,,,,,,,,,,,,,,,,,,,,,,,,,,,,,,,,,,,,,,,,,,,,,,,,,,,,,,,,,,,,,,
,,,,,,,,,,,,,,,,,,,,,,,,,,,,,,,,,,,,,,,,,,,,,,,,,,,,,,,,,,,,,,,,,,,,,,,,,,,
,,,,,,,,,,,,,,,,,,,,,,,,,,,,,,,,,,,,,,,,,,,,,,,,,,,,,,,,,,,,,,,,,,,,,,,,,,,
,,,,,,,,,,,,,,,,,,,,,,,,,,,,,,,,,,,,,,,,,,,,,,,,,,,,,,,,,,,,,,,,,,,,,,,,,,,
,,,,,,,,,,,,,,,,,,,,,,,,,,,,,,,,,,,,,,,,,,,,,,,,,,,,,,,,,,,,,,,,,,,,,,,,,,,
,,,,,,,,,,,,,,,,,,,,,,,,,,,,,,,,,,,,,,,,,,,,,,,,,,,,,,,,,,,,,,,,,,,,,,,,,,,
,,,,,,,,,,,,,,,,,,,,,,,,,,,,,,,,,,,,,,,,,,,,,,,,,,,,,,,,,,,,,,,,,,,,,,,,,,,
,,,,,,,,,,,,,,,,,,,,,,,,,,,,,,,,,,,,,,,,,,,,,,,,,,,,,,,,,,,,,,,,,,,,,,,,,,,
,,,,,,,,,,,,,,,,,,,,,,,,,,,,,,,,,,,,,,,,,,,,,,,,,,,,,,,,,,,,,,,,,,,,,,,,,,,
,,,,,,,,,,,,,,,,,,,,,,,,,,,,,,,,,,,,,,,,,,,,,,,,,,,,,,,,,,,,,,,,,,,,,,,,,,,
,,,,,,,,,,,,,,,,,,,,,,,,,,,,,,,,,,,,,,,,,,,,,,,,,,,,,,,,,,,,,,,,,,,,,,,,,,,
,,,,,,,,,,,,,,,,,,,,,,,,,,,,,,,,,,,,,,,,,,,,,,,,,,,,,,,,,,,,,,,,,,,,,,,,,,,
,,,,,,,,,,,,,,,,,,,,,,,,,,,,,,,,,,,,,,,,,,,,,,,,,,,,,,,,,,,,,,,,,,,,,,,,,,,
,,,,,,,,,,,,,,,,,,,,,,,,,,,,,,,,,,,,,,,,,,,,,,,,,,,,,,,,,,,,,,,,,,,,,,,,,,,
,,,,,,,,,,,,,,,,,,,,,,,,,,,,,,,,,,,,,,,,,,,,,,,,,,,,,,,,,,,,,,,,,,,,,,,,,,,
,,,,,,,,,,,,,,,,,,,,,,,,,,,,,,,,,,,,,,,,,,,,,,,,,,,,,,,,,,,,,,,,,,,,,,,,,,,
,,,,,,,,,,,,,,,,,,,,,,,,,,,,,,,,,,,,,,,,,,,,,,,,,,,,,,,,,,,,,,,,,,,,,,,,,,,
,,,,,,,,,,,,,,,,,,,,,,,,,,,,,,,,,,,,,,,,,,,,,,,,,,,,,,,,,,,,,,,,,,,,,,,,,,,
,,,,,,,,,,,,,,,,,,,,,,,,,,,,,,,,,,,,,,,,,,,,,,,,,,,,,,,,,,,,,,,,,,,,,,,,,,,
,,,,,,,,,,,,,,,,,,,,,,,,,,,,,,,,,,,,,,,,,,,,,,,,,,,,,,,,,,,,,,,,,,,,,,,,,,,
,,,,,,,,,,,,,,,,,,,,,,,,,,,,,,,,,,,,,,,,,,,,,,,,,,,,,,,,,,,,,,,,,,,,,,,,,,,
,,,,,,,,,,,,,,,,,,,,,,,,,,,,,,,,,,,,,,,,,,,,,,,,,,,,,,,,,,,,,,,,,,,,,,,,,,,
,,,,,,,,,,,,,,,,,,,,,,,,,,,,,,,,,,,,,,,,,,,,,,,,,,,,,,,,,,,,,,,,,,,,,,,,,,,
,,,,,,,,,,,,,,,,,,,,,,,,,,,,,,,,,,,,,,,,,,,,,,,,,,,,,,,,,,,,,,,,,,,,,,,,,,,
,,,,,,,,,,,,,,,,,,,,,,,,,,,,,,,,,,,,,,,,,,,,,,,,,,,,,,,,,,,,,,,,,,,,,,,,,,,
,,,,,,,,,,,,,,,,,,,,,,,,,,,,,,,,,,,,,,,,,,,,,,,,,,,,,,,,,,,,,,,,,,,,,,,,,,,
,,,,,,,,,,,,,,,,,,,,,,,,,,,,,,,,,,,,,,,,,,,,,,,,,,,,,,,,,,,,,,,,,,,,,,,,,,,
,,,,,,,,,,,,,,,,,,,,,,,,,,,,,,,,,,,,,,,,,,,,,,,,,,,,,,,,,,,,,,,,,,,,,,,,,,,
,,,,,,,,,,,,,,,,,,,,,,,,,,,,,,,,,,,,,,,,,,,,,,,,,,,,,,,,,,,,,,,,,,,,,,,,,,,
,,,,,,,,,,,,,,,,,,,,,,,,,,,,,,,,,,,,,,,,,,,,,,,,,,,,,,,,,,,,,,,,,,,,,,,,,,,
,,,,,,,,,,,,,,,,,,,,,,,,,,,,,,,,,,,,,,,,,,,,,,,,,,,,,,,,,,,,,,,,,,,,,,,,,,,
,,,,,,,,,,,,,,,,,,,,,,,,,,,,,,,,,,,,,,,,,,,,,,,,,,,,,,,,,,,,,,,,,,,,,,,,,,,
,,,,,,,,,,,,,,,,,,,,,,,,,,,,,,,,,,,,,,,,,,,,,,,,,,,,,,,,,,,,,,,,,,,,,,,,,,,
,,,,,,,,,,,,,,,,,,,,,,,,,,,,,,,,,,,,,,,,,,,,,,,,,,,,,,,,,,,,,,,,,,,,,,,,,,,
,,,,,,,,,,,,,,,,,,,,,,,,,,,,,,,,,,,,,,,,,,,,,,,,,,,,,,,,,,,,,,,,,,,,,,,,,,,
,,,,,,,,,,,,,,,,,,,,,,,,,,,,,,,,,,,,,,,,,,,,,,,,,,,,,,,,,,,,,,,,,,,,,,,,,,,
,,,,,,,,,,,,,,,,,,,,,,,,,,,,,,,,,,,,,,,,,,,,,,,,,,,,,,,,,,,,,,,,,,,,,,,,,,,
,,,,,,,,,,,,,,,,,,,,,,,,,,,,,,,,,,,,,,,,,,,,,,,,,,,,,,,,,,,,,,,,,,,,,,,,,,,
,,,,,,,,,,,,,,,,,,,,,,,,,,,,,,,,,,,,,,,,,,,,,,,,,,,,,,,,,,,,,,,,,,,,,,,,,,,
,,,,,,,,,,,,,,,,,,,,,,,,,,,,,,,,,,,,,,,,,,,,,,,,,,,,,,,,,,,,,,,,,,,,,,,,,,,
,,,,,,,,,,,,,,,,,,,,,,,,,,,,,,,,,,,,,,,,,,,,,,,,,,,,,,,,,,,,,,,,,,,,,,,,,,,
,,,,,,,,,,,,,,,,,,,,,,,,,,,,,,,,,,,,,,,,,,,,,,,,,,,,,,,,,,,,,,,,,,,,,,,,,,,
,,,,,,,,,,,,,,,,,,,,,,,,,,,,,,,,,,,,,,,,,,,,,,,,,,,,,,,,,,,,,,,,,,,,,,,,,,,
,,,,,,,,,,,,,,,,,,,,,,,,,,,,,,,,,,,,,,,,,,,,,,,,,,,,,,,,,,,,,,,,,,,,,,,,,,,
,,,,,,,,,,,,,,,,,,,,,,,,,,,,,,,,,,,,,,,,,,,,,,,,,,,,,,,,,,,,,,,,,,,,,,,,,,,
,,,,,,,,,,,,,,,,,,,,,,,,,,,,,,,,,,,,,,,,,,,,,,,,,,,,,,,,,,,,,,,,,,,,,,,,,,,
,,,,,,,,,,,,,,,,,,,,,,,,,,,,,,,,,,,,,,,,,,,,,,,,,,,,,,,,,,,,,,,,,,,,,,,,,,,
,,,,,,,,,,,,,,,,,,,,,,,,,,,,,,,,,,,,,,,,,,,,,,,,,,,,,,,,,,,,,,,,,,,,,,,,,,,
,,,,,,,,,,,,,,,,,,,,,,,,,,,,,,,,,,,,,,,,,,,,,,,,,,,,,,,,,,,,,,,,,,,,,,,,,,,
,,,,,,,,,,,,,,,,,,,,,,,,,,,,,,,,,,,,,,,,,,,,,,,,,,,,,,,,,,,,,,,,,,,,,,,,,,,
,,,,,,,,,,,,,,,,,,,,,,,,,,,,,,,,,,,,,,,,,,,,,,,,,,,,,,,,,,,,,,,,,,,,,,,,,,,
,,,,,,,,,,,,,,,,,,,,,,,,,,,,,,,,,,,,,,,,,,,,,,,,,,,,,,,,,,,,,,,,,,,,,,,,,,,
,,,,,,,,,,,,,,,,,,,,,,,,,,,,,,,,,,,,,,,,,,,,,,,,,,,,,,,,,,,,,,,,,,,,,,,,,,,
,,,,,,,,,,,,,,,,,,,,,,,,,,,,,,,,,,,,,,,,,,,,,,,,,,,,,,,,,,,,,,,,,,,,,,,,,,,
,,,,,,,,,,,,,,,,,,,,,,,,,,,,,,,,,,,,,,,,,,,,,,,,,,,,,,,,,,,,,,,,,,,,,,,,,,,
,,,,,,,,,,,,,,,,,,,,,,,,,,,,,,,,,,,,,,,,,,,,,,,,,,,,,,,,,,,,,,,,,,,,,,,,,,,
,,,,,,,,,,,,,,,,,,,,,,,,,,,,,,,,,,,,,,,,,,,,,,,,,,,,,,,,,,,,,,,,,,,,,,,,,,,
,,,,,,,,,,,,,,,,,,,,,,,,,,,,,,,,,,,,,,,,,,,,,,,,,,,,,,,,,,,,,,,,,,,,,,,,,,,
,,,,,,,,,,,,,,,,,,,,,,,,,,,,,,,,,,,,,,,,,,,,,,,,,,,,,,,,,,,,,,,,,,,,,,,,,,,
,,,,,,,,,,,,,,,,,,,,,,,,,,,,,,,,,,,,,,,,,,,,,,,,,,,,,,,,,,,,,,,,,,,,,,,,,,,
,,,,,,,,,,,,,,,,,,,,,,,,,,,,,,,,,,,,,,,,,,,,,,,,,,,,,,,,,,,,,,,,,,,,,,,,,,,
,,,,,,,,,,,,,,,,,,,,,,,,,,,,,,,,,,,,,,,,,,,,,,,,,,,,,,,,,,,,,,,,,,,,,,,,,,,
,,,,,,,,,,,,,,,,,,,,,,,,,,,,,,,,,,,,,,,,,,,,,,,,,,,,,,,,,,,,,,,,,,,,,,,,,,,
,,,,,,,,,,,,,,,,,,,,,,,,,,,,,,,,,,,,,,,,,,,,,,,,,,,,,,,,,,,,,,,,,,,,,,,,,,,
,,,,,,,,,,,,,,,,,,,,,,,,,,,,,,,,,,,,,,,,,,,,,,,,,,,,,,,,,,,,,,,,,,,,,,,,,,,
,,,,,,,,,,,,,,,,,,,,,,,,,,,,,,,,,,,,,,,,,,,,,,,,,,,,,,,,,,,,,,,,,,,,,,,,,,,
,,,,,,,,,,,,,,,,,,,,,,,,,,,,,,,,,,,,,,,,,,,,,,,,,,,,,,,,,,,,,,,,,,,,,,,,,,,
,,,,,,,,,,,,,,,,,,,,,,,,,,,,,,,,,,,,,,,,,,,,,,,,,,,,,,,,,,,,,,,,,,,,,,,,,,,
,,,,,,,,,,,,,,,,,,,,,,,,,,,,,,,,,,,,,,,,,,,,,,,,,,,,,,,,,,,,,,,,,,,,,,,,,,,
,,,,,,,,,,,,,,,,,,,,,,,,,,,,,,,,,,,,,,,,,,,,,,,,,,,,,,,,,,,,,,,,,,,,,,,,,,,
,,,,,,,,,,,,,,,,,,,,,,,,,,,,,,,,,,,,,,,,,,,,,,,,,,,,,,,,,,,,,,,,,,,,,,,,,,,
,,,,,,,,,,,,,,,,,,,,,,,,,,,,,,,,,,,,,,,,,,,,,,,,,,,,,,,,,,,,,,,,,,,,,,,,,,,
,,,,,,,,,,,,,,,,,,,,,,,,,,,,,,,,,,,,,,,,,,,,,,,,,,,,,,,,,,,,,,,,,,,,,,,,,,,
,,,,,,,,,,,,,,,,,,,,,,,,,,,,,,,,,,,,,,,,,,,,,,,,,,,,,,,,,,,,,,,,,,,,,,,,,,,
,,,,,,,,,,,,,,,,,,,,,,,,,,,,,,,,,,,,,,,,,,,,,,,,,,,,,,,,,,,,,,,,,,,,,,,,,,,
,,,,,,,,,,,,,,,,,,,,,,,,,,,,,,,,,,,,,,,,,,,,,,,,,,,,,,,,,,,,,,,,,,,,,,,,,,,
,,,,,,,,,,,,,,,,,,,,,,,,,,,,,,,,,,,,,,,,,,,,,,,,,,,,,,,,,,,,,,,,,,,,,,,,,,,
,,,,,,,,,,,,,,,,,,,,,,,,,,,,,,,,,,,,,,,,,,,,,,,,,,,,,,,,,,,,,,,,,,,,,,,,,,,
,,,,,,,,,,,,,,,,,,,,,,,,,,,,,,,,,,,,,,,,,,,,,,,,,,,,,,,,,,,,,,,,,,,,,,,,,,,
,,,,,,,,,,,,,,,,,,,,,,,,,,,,,,,,,,,,,,,,,,,,,,,,,,,,,,,,,,,,,,,,,,,,,,,,,,,
,,,,,,,,,,,,,,,,,,,,,,,,,,,,,,,,,,,,,,,,,,,,,,,,,,,,,,,,,,,,,,,,,,,,,,,,,,,
,,,,,,,,,,,,,,,,,,,,,,,,,,,,,,,,,,,,,,,,,,,,,,,,,,,,,,,,,,,,,,,,,,,,,,,,,,,
,,,,,,,,,,,,,,,,,,,,,,,,,,,,,,,,,,,,,,,,,,,,,,,,,,,,,,,,,,,,,,,,,,,,,,,,,,,
,,,,,,,,,,,,,,,,,,,,,,,,,,,,,,,,,,,,,,,,,,,,,,,,,,,,,,,,,,,,,,,,,,,,,,,,,,,
,,,,,,,,,,,,,,,,,,,,,,,,,,,,,,,,,,,,,,,,,,,,,,,,,,,,,,,,,,,,,,,,,,,,,,,,,,,
,,,,,,,,,,,,,,,,,,,,,,,,,,,,,,,,,,,,,,,,,,,,,,,,,,,,,,,,,,,,,,,,,,,,,,,,,,,
,,,,,,,,,,,,,,,,,,,,,,,,,,,,,,,,,,,,,,,,,,,,,,,,,,,,,,,,,,,,,,,,,,,,,,,,,,,
,,,,,,,,,,,,,,,,,,,,,,,,,,,,,,,,,,,,,,,,,,,,,,,,,,,,,,,,,,,,,,,,,,,,,,,,,,,
,,,,,,,,,,,,,,,,,,,,,,,,,,,,,,,,,,,,,,,,,,,,,,,,,,,,,,,,,,,,,,,,,,,,,,,,,,,
,,,,,,,,,,,,,,,,,,,,,,,,,,,,,,,,,,,,,,,,,,,,,,,,,,,,,,,,,,,,,,,,,,,,,,,,,,,
,,,,,,,,,,,,,,,,,,,,,,,,,,,,,,,,,,,,,,,,,,,,,,,,,,,,,,,,,,,,,,,,,,,,,,,,,,,
,,,,,,,,,,,,,,,,,,,,,,,,,,,,,,,,,,,,,,,,,,,,,,,,,,,,,,,,,,,,,,,,,,,,,,,,,,,
,,,,,,,,,,,,,,,,,,,,,,,,,,,,,,,,,,,,,,,,,,,,,,,,,,,,,,,,,,,,,,,,,,,,,,,,,,,
,,,,,,,,,,,,,,,,,,,,,,,,,,,,,,,,,,,,,,,,,,,,,,,,,,,,,,,,,,,,,,,,,,,,,,,,,,,
,,,,,,,,,,,,,,,,,,,,,,,,,,,,,,,,,,,,,,,,,,,,,,,,,,,,,,,,,,,,,,,,,,,,,,,,,,,
,,,,,,,,,,,,,,,,,,,,,,,,,,,,,,,,,,,,,,,,,,,,,,,,,,,,,,,,,,,,,,,,,,,,,,,,,,,
,,,,,,,,,,,,,,,,,,,,,,,,,,,,,,,,,,,,,,,,,,,,,,,,,,,,,,,,,,,,,,,,,,,,,,,,,,,
,,,,,,,,,,,,,,,,,,,,,,,,,,,,,,,,,,,,,,,,,,,,,,,,,,,,,,,,,,,,,,,,,,,,,,,,,,,
,,,,,,,,,,,,,,,,,,,,,,,,,,,,,,,,,,,,,,,,,,,,,,,,,,,,,,,,,,,,,,,,,,,,,,,,,,,
,,,,,,,,,,,,,,,,,,,,,,,,,,,,,,,,,,,,,,,,,,,,,,,,,,,,,,,,,,,,,,,,,,,,,,,,,,,
,,,,,,,,,,,,,,,,,,,,,,,,,,,,,,,,,,,,,,,,,,,,,,,,,,,,,,,,,,,,,,,,,,,,,,,,,,,
,,,,,,,,,,,,,,,,,,,,,,,,,,,,,,,,,,,,,,,,,,,,,,,,,,,,,,,,,,,,,,,,,,,,,,,,,,,
,,,,,,,,,,,,,,,,,,,,,,,,,,,,,,,,,,,,,,,,,,,,,,,,,,,,,,,,,,,,,,,,,,,,,,,,,,,
,,,,,,,,,,,,,,,,,,,,,,,,,,,,,,,,,,,,,,,,,,,,,,,,,,,,,,,,,,,,,,,,,,,,,,,,,,,
,,,,,,,,,,,,,,,,,,,,,,,,,,,,,,,,,,,,,,,,,,,,,,,,,,,,,,,,,,,,,,,,,,,,,,,,,,,
,,,,,,,,,,,,,,,,,,,,,,,,,,,,,,,,,,,,,,,,,,,,,,,,,,,,,,,,,,,,,,,,,,,,,,,,,,,
,,,,,,,,,,,,,,,,,,,,,,,,,,,,,,,,,,,,,,,,,,,,,,,,,,,,,,,,,,,,,,,,,,,,,,,,,,,
,,,,,,,,,,,,,,,,,,,,,,,,,,,,,,,,,,,,,,,,,,,,,,,,,,,,,,,,,,,,,,,,,,,,,,,,,,,
,,,,,,,,,,,,,,,,,,,,,,,,,,,,,,,,,,,,,,,,,,,,,,,,,,,,,,,,,,,,,,,,,,,,,,,,,,,
,,,,,,,,,,,,,,,,,,,,,,,,,,,,,,,,,,,,,,,,,,,,,,,,,,,,,,,,,,,,,,,,,,,,,,,,,,,
,,,,,,,,,,,,,,,,,,,,,,,,,,,,,,,,,,,,,,,,,,,,,,,,,,,,,,,,,,,,,,,,,,,,,,,,,,,
,,,,,,,,,,,,,,,,,,,,,,,,,,,,,,,,,,,,,,,,,,,,,,,,,,,,,,,,,,,,,,,,,,,,,,,,,,,
,,,,,,,,,,,,,,,,,,,,,,,,,,,,,,,,,,,,,,,,,,,,,,,,,,,,,,,,,,,,,,,,,,,,,,,,,,,
,,,,,,,,,,,,,,,,,,,,,,,,,,,,,,,,,,,,,,,,,,,,,,,,,,,,,,,,,,,,,,,,,,,,,,,,,,,
,,,,,,,,,,,,,,,,,,,,,,,,,,,,,,,,,,,,,,,,,,,,,,,,,,,,,,,,,,,,,,,,,,,,,,,,,,,
,,,,,,,,,,,,,,,,,,,,,,,,,,,,,,,,,,,,,,,,,,,,,,,,,,,,,,,,,,,,,,,,,,,,,,,,,,,
,,,,,,,,,,,,,,,,,,,,,,,,,,,,,,,,,,,,,,,,,,,,,,,,,,,,,,,,,,,,,,,,,,,,,,,,,,,
,,,,,,,,,,,,,,,,,,,,,,,,,,,,,,,,,,,,,,,,,,,,,,,,,,,,,,,,,,,,,,,,,,,,,,,,,,,
,,,,,,,,,,,,,,,,,,,,,,,,,,,,,,,,,,,,,,,,,,,,,,,,,,,,,,,,,,,,,,,,,,,,,,,,,,,
,,,,,,,,,,,,,,,,,,,,,,,,,,,,,,,,,,,,,,,,,,,,,,,,,,,,,,,,,,,,,,,,,,,,,,,,,,,
,,,,,,,,,,,,,,,,,,,,,,,,,,,,,,,,,,,,,,,,,,,,,,,,,,,,,,,,,,,,,,,,,,,,,,,,,,,
,,,,,,,,,,,,,,,,,,,,,,,,,,,,,,,,,,,,,,,,,,,,,,,,,,,,,,,,,,,,,,,,,,,,,,,,,,,
,,,,,,,,,,,,,,,,,,,,,,,,,,,,,,,,,,,,,,,,,,,,,,,,,,,,,,,,,,,,,,,,,,,,,,,,,,,
,,,,,,,,,,,,,,,,,,,,,,,,,,,,,,,,,,,,,,,,,,,,,,,,,,,,,,,,,,,,,,,,,,,,,,,,,,,
,,,,,,,,,,,,,,,,,,,,,,,,,,,,,,,,,,,,,,,,,,,,,,,,,,,,,,,,,,,,,,,,,,,,,,,,,,,
,,,,,,,,,,,,,,,,,,,,,,,,,,,,,,,,,,,,,,,,,,,,,,,,,,,,,,,,,,,,,,,,,,,,,,,,,,,
,,,,,,,,,,,,,,,,,,,,,,,,,,,,,,,,,,,,,,,,,,,,,,,,,,,,,,,,,,,,,,,,,,,,,,,,,,,
,,,,,,,,,,,,,,,,,,,,,,,,,,,,,,,,,,,,,,,,,,,,,,,,,,,,,,,,,,,,,,,,,,,,,,,,,,,
,,,,,,,,,,,,,,,,,,,,,,,,,,,,,,,,,,,,,,,,,,,,,,,,,,,,,,,,,,,,,,,,,,,,,,,,,,,
,,,,,,,,,,,,,,,,,,,,,,,,,,,,,,,,,,,,,,,,,,,,,,,,,,,,,,,,,,,,,,,,,,,,,,,,,,,
,,,,,,,,,,,,,,,,,,,,,,,,,,,,,,,,,,,,,,,,,,,,,,,,,,,,,,,,,,,,,,,,,,,,,,,,,,,
,,,,,,,,,,,,,,,,,,,,,,,,,,,,,,,,,,,,,,,,,,,,,,,,,,,,,,,,,,,,,,,,,,,,,,,,,,,
,,,,,,,,,,,,,,,,,,,,,,,,,,,,,,,,,,,,,,,,,,,,,,,,,,,,,,,,,,,,,,,,,,,,,,,,,,,
,,,,,,,,,,,,,,,,,,,,,,,,,,,,,,,,,,,,,,,,,,,,,,,,,,,,,,,,,,,,,,,,,,,,,,,,,,,
,,,,,,,,,,,,,,,,,,,,,,,,,,,,,,,,,,,,,,,,,,,,,,,,,,,,,,,,,,,,,,,,,,,,,,,,,,,
,,,,,,,,,,,,,,,,,,,,,,,,,,,,,,,,,,,,,,,,,,,,,,,,,,,,,,,,,,,,,,,,,,,,,,,,,,,
,,,,,,,,,,,,,,,,,,,,,,,,,,,,,,,,,,,,,,,,,,,,,,,,,,,,,,,,,,,,,,,,,,,,,,,,,,,
,,,,,,,,,,,,,,,,,,,,,,,,,,,,,,,,,,,,,,,,,,,,,,,,,,,,,,,,,,,,,,,,,,,,,,,,,,,
,,,,,,,,,,,,,,,,,,,,,,,,,,,,,,,,,,,,,,,,,,,,,,,,,,,,,,,,,,,,,,,,,,,,,,,,,,,
,,,,,,,,,,,,,,,,,,,,,,,,,,,,,,,,,,,,,,,,,,,,,,,,,,,,,,,,,,,,,,,,,,,,,,,,,,,
,,,,,,,,,,,,,,,,,,,,,,,,,,,,,,,,,,,,,,,,,,,,,,,,,,,,,,,,,,,,,,,,,,,,,,,,,,,
,,,,,,,,,,,,,,,,,,,,,,,,,,,,,,,,,,,,,,,,,,,,,,,,,,,,,,,,,,,,,,,,,,,,,,,,,,,
,,,,,,,,,,,,,,,,,,,,,,,,,,,,,,,,,,,,,,,,,,,,,,,,,,,,,,,,,,,,,,,,,,,,,,,,,,,
,,,,,,,,,,,,,,,,,,,,,,,,,,,,,,,,,,,,,,,,,,,,,,,,,,,,,,,,,,,,,,,,,,,,,,,,,,,
,,,,,,,,,,,,,,,,,,,,,,,,,,,,,,,,,,,,,,,,,,,,,,,,,,,,,,,,,,,,,,,,,,,,,,,,,,,
,,,,,,,,,,,,,,,,,,,,,,,,,,,,,,,,,,,,,,,,,,,,,,,,,,,,,,,,,,,,,,,,,,,,,,,,,,,
,,,,,,,,,,,,,,,,,,,,,,,,,,,,,,,,,,,,,,,,,,,,,,,,,,,,,,,,,,,,,,,,,,,,,,,,,,,
,,,,,,,,,,,,,,,,,,,,,,,,,,,,,,,,,,,,,,,,,,,,,,,,,,,,,,,,,,,,,,,,,,,,,,,,,,,
,,,,,,,,,,,,,,,,,,,,,,,,,,,,,,,,,,,,,,,,,,,,,,,,,,,,,,,,,,,,,,,,,,,,,,,,,,,
,,,,,,,,,,,,,,,,,,,,,,,,,,,,,,,,,,,,,,,,,,,,,,,,,,,,,,,,,,,,,,,,,,,,,,,,,,,
