reference_date,target,horizon,target_end_date,location,output_type,output_type_id,value
2026-09-12,wk inc covid hosp,0,2026-09-12,01,quantile,0.01,58.0
2026-09-12,wk inc covid hosp,0,2026-09-12,01,quantile,0.025,64.0
2026-09-12,wk inc covid hosp,0,2026-09-12,01,quantile,0.05,69.0
2026-09-12,wk inc covid hosp,0,2026-09-12,01,quantile,0.1,75.0
2026-09-12,wk inc covid hosp,0,2026-09-12,01,quantile,0.15,79.0
2026-09-12,wk inc covid hosp,0,2026-09-12,01,quantile,0.2,83.0
2026-09-12,wk inc covid hosp,0,2026-09-12,01,quantile,0.25,86.0
2026-09-12,wk inc covid hosp,0,2026-09-12,01,quantile,0.3,89.0
2026-09-12,wk inc covid hosp,0,2026-09-12,01,quantile,0.35,92.0
2026-09-12,wk inc covid hosp,0,2026-09-12,01,quantile,0.4,94.0
2026-09-12,wk inc covid hosp,0,2026-09-12,01,quantile,0.45,97.0
2026-09-12,wk inc covid hosp,0,2026-09-12,01,quantile,0.5,100.0
2026-09-12,wk inc covid hosp,0,2026-09-12,01,quantile,0.55,102.0
2026-09-12,wk inc covid hosp,0,2026-09-12,01,quantile,0.6,105.0
2026-09-12,wk inc covid hosp,0,2026-09-12,01,quantile,0.65,108.0
2026-09-12,wk inc covid hosp,0,2026-09-12,01,quantile,0.7,111.0
2026-09-12,wk inc covid hosp,0,2026-09-12,01,quantile,0.75,114.0
2026-09-12,wk inc covid hosp,0,2026-09-12,01,quantile,0.8,118.0
2026-09-12,wk inc covid hosp,0,2026-09-12,01,quantile,0.85,122.0
2026-09-12,wk inc covid hosp,0,2026-09-12,01,quantile,0.9,128.0
2026-09-12,wk inc covid hosp,0,2026-09-12,01,quantile,0.95,137.0
2026-09-12,wk inc covid hosp,0,2026-09-12,01,quantile,0.975,145.0
2026-09-12,wk inc covid hosp,0,2026-09-12,01,quantile,0.99,154.0
2026-09-12,wk inc covid hosp,0,2026-09-12,02,quantile,0.01,1.0
2026-09-12,wk inc covid hosp,0,2026-09-12,02,quantile,0.025,1.0
2026-09-12,wk inc covid hosp,0,2026-09-12,02,quantile,0.05,2.0
2026-09-12,wk inc covid hosp,0,2026-09-12,02,quantile,0.1,3.0
2026-09-12,wk inc covid hosp,0,2026-09-12,02,quantile,0.15,3.0
2026-09-12,wk inc covid hosp,0,2026-09-12,02,quantile,0.2,4.0
2026-09-12,wk inc covid hosp,0,2026-09-12,02,quantile,0.25,4.0
2026-09-12,wk inc covid hosp,0,2026-09-12,02,quantile,0.3,4.0
2026-09-12,wk inc covid hosp,0,2026-09-12,02,quantile,0.35,5.0
2026-09-12,wk inc covid hosp,0,2026-09-12,02,quantile,0.4,5.0
2026-09-12,wk inc covid hosp,0,2026-09-12,02,quantile,0.45,5.0
2026-09-12,wk inc covid hosp,0,2026-09-12,02,quantile,0.5,6.0
2026-09-12,wk inc covid hosp,0,2026-09-12,02,quantile,0.55,6.0
2026-09-12,wk inc covid hosp,0,2026-09-12,02,quantile,0.6,6.0
2026-09-12,wk inc covid hosp,0,2026-09-12,02,quantile,0.65,7.0
2026-09-12,wk inc covid hosp,0,2026-09-12,02,quantile,0.7,7.0
2026-09-12,wk inc covid hosp,0,2026-09-12,02,quantile,0.75,8.0
2026-09-12,wk inc covid hosp,0,2026-09-12,02,quantile,0.8,8.0
2026-09-12,wk inc covid hosp,0,2026-09-12,02,quantile,0.85,9.0
2026-09-12,wk inc covid hosp,0,2026-09-12,02,quantile,0.9,9.0
2026-09-12,wk inc covid hosp,0,2026-09-12,02,quantile,0.95,11.0
2026-09-12,wk inc covid hosp,0,2026-09-12,02,quantile,0.975,12.0
2026-09-12,wk inc covid hosp,0,2026-09-12,02,quantile,0.99,13.0
2026-09-12,wk inc covid hosp,0,2026-09-12,04,quantile,0.01,53.0
2026-09-12,wk inc covid hosp,0,2026-09-12,04,quantile,0.025,59.0
2026-09-12,wk inc covid hosp,0,2026-09-12,04,quantile,0.05,63.0
2026-09-12,wk inc covid hosp,0,2026-09-12,04,quantile,0.1,69.0
2026-09-12,wk inc covid hosp,0,2026-09-12,04,quantile,0.15,73.0
2026-09-12,wk inc covid hosp,0,2026-09-12,04,quantile,0.2,77.0
2026-09-12,wk inc covid hosp,0,2026-09-12,04,quantile,0.25,80.0
2026-09-12,wk inc covid hosp,0,2026-09-12,04,quantile,0.3,82.0
2026-09-12,wk inc covid hosp,0,2026-09-12,04,quantile,0.35,85.0
2026-09-12,wk inc covid hosp,0,2026-09-12,04,quantile,0.4,87.0
2026-09-12,wk inc covid hosp,0,2026-09-12,04,quantile,0.45,90.0
2026-09-12,wk inc covid hosp,0,2026-09-12,04,quantile,0.5,92.0
2026-09-12,wk inc covid hosp,0,2026-09-12,04,quantile,0.55,94.0
2026-09-12,wk inc covid hosp,0,2026-09-12,04,quantile,0.6,97.0
2026-09-12,wk inc covid hosp,0,2026-09-12,04,quantile,0.65,100.0
2026-09-12,wk inc covid hosp,0,2026-09-12,04,quantile,0.7,102.0
2026-09-12,wk inc covid hosp,0,2026-09-12,04,quantile,0.75,105.0
2026-09-12,wk inc covid hosp,0,2026-09-12,04,quantile,0.8,109.0
2026-09-12,wk inc covid hosp,0,2026-09-12,04,quantile,0.85,113.0
2026-09-12,wk inc covid hosp,0,2026-09-12,04,quantile,0.9,119.0
2026-09-12,wk inc covid hosp,0,2026-09-12,04,quantile,0.95,127.0
2026-09-12,wk inc covid hosp,0,2026-09-12,04,quantile,0.975,134.0
2026-09-12,wk inc covid hosp,0,2026-09-12,04,quantile,0.99,143.0
2026-09-12,wk inc covid hosp,0,2026-09-12,05,quantile,0.01,6.0
2026-09-12,wk inc covid hosp,0,2026-09-12,05,quantile,0.025,7.0
2026-09-12,wk inc covid hosp,0,2026-09-12,05,quantile,0.05,8.0
2026-09-12,wk inc covid hosp,0,2026-09-12,05,quantile,0.1,10.0
2026-09-12,wk inc covid hosp,0,2026-09-12,05,quantile,0.15,11.0
2026-09-12,wk inc covid hosp,0,2026-09-12,05,quantile,0.2,11.0
2026-09-12,wk inc covid hosp,0,2026-09-12,05,quantile,0.25,12.0
2026-09-12,wk inc covid hosp,0,2026-09-12,05,quantile,0.3,13.0
2026-09-12,wk inc covid hosp,0,2026-09-12,05,quantile,0.35,13.0
2026-09-12,wk inc covid hosp,0,2026-09-12,05,quantile,0.4,14.0
2026-09-12,wk inc covid hosp,0,2026-09-12,05,quantile,0.45,15.0
2026-09-12,wk inc covid hosp,0,2026-09-12,05,quantile,0.5,15.0
2026-09-12,wk inc covid hosp,0,2026-09-12,05,quantile,0.55,16.0
2026-09-12,wk inc covid hosp,0,2026-09-12,05,quantile,0.6,17.0
2026-09-12,wk inc covid hosp,0,2026-09-12,05,quantile,0.65,17.0
2026-09-12,wk inc covid hosp,0,2026-09-12,05,quantile,0.7,18.0
2026-09-12,wk inc covid hosp,0,2026-09-12,05,quantile,0.75,19.0
2026-09-12,wk inc covid hosp,0,2026-09-12,05,quantile,0.8,20.0
2026-09-12,wk inc covid hosp,0,2026-09-12,05,quantile,0.85,21.0
2026-09-12,wk inc covid hosp,0,2026-09-12,05,quantile,0.9,22.0
2026-09-12,wk inc covid hosp,0,2026-09-12,05,quantile,0.95,24.0
2026-09-12,wk inc covid hosp,0,2026-09-12,05,quantile,0.975,26.0
2026-09-12,wk inc covid hosp,0,2026-09-12,05,quantile,0.99,28.0
2026-09-12,wk inc covid hosp,0,2026-09-12,06,quantile,0.01,424.0
2026-09-12,wk inc covid hosp,0,2026-09-12,06,quantile,0.025,458.0
2026-09-12,wk inc covid hosp,0,2026-09-12,06,quantile,0.05,489.0
2026-09-12,wk inc covid hosp,0,2026-09-12,06,quantile,0.1,527.0
2026-09-12,wk inc covid hosp,0,2026-09-12,06,quantile,0.15,554.0
2026-09-12,wk inc covid hosp,0,2026-09-12,06,quantile,0.2,575.0
2026-09-12,wk inc covid hosp,0,2026-09-12,06,quantile,0.25,594.0
2026-09-12,wk inc covid hosp,0,2026-09-12,06,quantile,0.3,611.0
2026-09-12,wk inc covid hosp,0,2026-09-12,06,quantile,0.35,628.0
2026-09-12,wk inc covid hosp,0,2026-09-12,06,quantile,0.4,644.0
2026-09-12,wk inc covid hosp,0,2026-09-12,06,quantile,0.45,659.0
2026-09-12,wk inc covid hosp,0,2026-09-12,06,quantile,0.5,675.0
2026-09-12,wk inc covid hosp,0,2026-09-12,06,quantile,0.55,691.0
2026-09-12,wk inc covid hosp,0,2026-09-12,06,quantile,0.6,707.0
2026-09-12,wk inc covid hosp,0,2026-09-12,06,quantile,0.65,724.0
2026-09-12,wk inc covid hosp,0,2026-09-12,06,quantile,0.7,742.0
2026-09-12,wk inc covid hosp,0,2026-09-12,06,quantile,0.75,763.0
2026-09-12,wk inc covid hosp,0,2026-09-12,06,quantile,0.8,785.0
2026-09-12,wk inc covid hosp,0,2026-09-12,06,quantile,0.85,812.0
2026-09-12,wk inc covid hosp,0,2026-09-12,06,quantile,0.9,847.0
2026-09-12,wk inc covid hosp,0,2026-09-12,06,quantile,0.95,901.0
2026-09-12,wk inc covid hosp,0,2026-09-12,06,quantile,0.975,949.0
2026-09-12,wk inc covid hosp,0,2026-09-12,06,quantile,0.99,1007.0
2026-09-12,wk inc covid hosp,0,2026-09-12,08,quantile,0.01,13.0
2026-09-12,wk inc covid hosp,0,2026-09-12,08,quantile,0.025,14.0
2026-09-12,wk inc covid hosp,0,2026-09-12,08,quantile,0.05,16.0
2026-09-12,wk inc covid hosp,0,2026-09-12,08,quantile,0.1,18.0
2026-09-12,wk inc covid hosp,0,2026-09-12,08,quantile,0.15,20.0
2026-09-12,wk inc covid hosp,0,2026-09-12,08,quantile,0.2,21.0
2026-09-12,wk inc covid hosp,0,2026-09-12,08,quantile,0.25,22.0
2026-09-12,wk inc covid hosp,0,2026-09-12,08,quantile,0.3,23.0
2026-09-12,wk inc covid hosp,0,2026-09-12,08,quantile,0.35,24.0
2026-09-12,wk inc covid hosp,0,2026-09-12,08,quantile,0.4,25.0
2026-09-12,wk inc covid hosp,0,2026-09-12,08,quantile,0.45,26.0
2026-09-12,wk inc covid hosp,0,2026-09-12,08,quantile,0.5,27.0
2026-09-12,wk inc covid hosp,0,2026-09-12,08,quantile,0.55,28.0
2026-09-12,wk inc covid hosp,0,2026-09-12,08,quantile,0.6,28.0
2026-09-12,wk inc covid hosp,0,2026-09-12,08,quantile,0.65,29.0
2026-09-12,wk inc covid hosp,0,2026-09-12,08,quantile,0.7,30.0
2026-09-12,wk inc covid hosp,0,2026-09-12,08,quantile,0.75,32.0
2026-09-12,wk inc covid hosp,0,2026-09-12,08,quantile,0.8,33.0
2026-09-12,wk inc covid hosp,0,2026-09-12,08,quantile,0.85,34.0
2026-09-12,wk inc covid hosp,0,2026-09-12,08,quantile,0.9,36.0
2026-09-12,wk inc covid hosp,0,2026-09-12,08,quantile,0.95,40.0
2026-09-12,wk inc covid hosp,0,2026-09-12,08,quantile,0.975,42.0
2026-09-12,wk inc covid hosp,0,2026-09-12,08,quantile,0.99,46.0
2026-09-12,wk inc covid hosp,0,2026-09-12,09,quantile,0.01,2.0
2026-09-12,wk inc covid hosp,0,2026-09-12,09,quantile,0.025,3.0
2026-09-12,wk inc covid hosp,0,2026-09-12,09,quantile,0.05,3.0
2026-09-12,wk inc covid hosp,0,2026-09-12,09,quantile,0.1,4.0
2026-09-12,wk inc covid hosp,0,2026-09-12,09,quantile,0.15,5.0
2026-09-12,wk inc covid hosp,0,2026-09-12,09,quantile,0.2,6.0
2026-09-12,wk inc covid hosp,0,2026-09-12,09,quantile,0.25,6.0
2026-09-12,wk inc covid hosp,0,2026-09-12,09,quantile,0.3,7.0
2026-09-12,wk inc covid hosp,0,2026-09-12,09,quantile,0.35,7.0
2026-09-12,wk inc covid hosp,0,2026-09-12,09,quantile,0.4,7.0
2026-09-12,wk inc covid hosp,0,2026-09-12,09,quantile,0.45,8.0
2026-09-12,wk inc covid hosp,0,2026-09-12,09,quantile,0.5,8.0
2026-09-12,wk inc covid hosp,0,2026-09-12,09,quantile,0.55,9.0
2026-09-12,wk inc covid hosp,0,2026-09-12,09,quantile,0.6,9.0
2026-09-12,wk inc covid hosp,0,2026-09-12,09,quantile,0.65,10.0
2026-09-12,wk inc covid hosp,0,2026-09-12,09,quantile,0.7,10.0
2026-09-12,wk inc covid hosp,0,2026-09-12,09,quantile,0.75,11.0
2026-09-12,wk inc covid hosp,0,2026-09-12,09,quantile,0.8,12.0
2026-09-12,wk inc covid hosp,0,2026-09-12,09,quantile,0.85,13.0
2026-09-12,wk inc covid hosp,0,2026-09-12,09,quantile,0.9,14.0
2026-09-12,wk inc covid hosp,0,2026-09-12,09,quantile,0.95,15.0
2026-09-12,wk inc covid hosp,0,2026-09-12,09,quantile,0.975,17.0
2026-09-12,wk inc covid hosp,0,2026-09-12,09,quantile,0.99,19.0
2026-09-12,wk inc covid hosp,0,2026-09-12,10,quantile,0.01,1.0
2026-09-12,wk inc covid hosp,0,2026-09-12,10,quantile,0.025,2.0
2026-09-12,wk inc covid hosp,0,2026-09-12,10,quantile,0.05,2.0
2026-09-12,wk inc covid hosp,0,2026-09-12,10,quantile,0.1,3.0
2026-09-12,wk inc covid hosp,0,2026-09-12,10,quantile,0.15,4.0
2026-09-12,wk inc covid hosp,0,2026-09-12,10,quantile,0.2,4.0
2026-09-12,wk inc covid hosp,0,2026-09-12,10,quantile,0.25,4.0
2026-09-12,wk inc covid hosp,0,2026-09-12,10,quantile,0.3,5.0
2026-09-12,wk inc covid hosp,0,2026-09-12,10,quantile,0.35,5.0
2026-09-12,wk inc covid hosp,0,2026-09-12,10,quantile,0.4,6.0
2026-09-12,wk inc covid hosp,0,2026-09-12,10,quantile,0.45,6.0
2026-09-12,wk inc covid hosp,0,2026-09-12,10,quantile,0.5,6.0
2026-09-12,wk inc covid hosp,0,2026-09-12,10,quantile,0.55,7.0
2026-09-12,wk inc covid hosp,0,2026-09-12,10,quantile,0.6,7.0
2026-09-12,wk inc covid hosp,0,2026-09-12,10,quantile,0.65,7.0
2026-09-12,wk inc covid hosp,0,2026-09-12,10,quantile,0.7,8.0
2026-09-12,wk inc covid hosp,0,2026-09-12,10,quantile,0.75,8.0
2026-09-12,wk inc covid hosp,0,2026-09-12,10,quantile,0.8,9.0
2026-09-12,wk inc covid hosp,0,2026-09-12,10,quantile,0.85,9.0
2026-09-12,wk inc covid hosp,0,2026-09-12,10,quantile,0.9,10.0
2026-09-12,wk inc covid hosp,0,2026-09-12,10,quantile,0.95,11.0
2026-09-12,wk inc covid hosp,0,2026-09-12,10,quantile,0.975,13.0
2026-09-12,wk inc covid hosp,0,2026-09-12,10,quantile,0.99,14.0
2026-09-12,wk inc covid hosp,0,2026-09-12,11,quantile,0.01,0.0
2026-09-12,wk inc covid hosp,0,2026-09-12,11,quantile,0.025,0.0
2026-09-12,wk inc covid hosp,0,2026-09-12,11,quantile,0.05,0.0
2026-09-12,wk inc covid hosp,0,2026-09-12,11,quantile,0.1,0.0
2026-09-12,wk inc covid hosp,0,2026-09-12,11,quantile,0.15,0.0
2026-09-12,wk inc covid hosp,0,2026-09-12,11,quantile,0.2,0.0
2026-09-12,wk inc covid hosp,0,2026-09-12,11,quantile,0.25,0.0
2026-09-12,wk inc covid hosp,0,2026-09-12,11,quantile,0.3,0.0
2026-09-12,wk inc covid hosp,0,2026-09-12,11,quantile,0.35,0.0
2026-09-12,wk inc covid hosp,0,2026-09-12,11,quantile,0.4,1.0
2026-09-12,wk inc covid hosp,0,2026-09-12,11,quantile,0.45,1.0
2026-09-12,wk inc covid hosp,0,2026-09-12,11,quantile,0.5,1.0
2026-09-12,wk inc covid hosp,0,2026-09-12,11,quantile,0.55,1.0
2026-09-12,wk inc covid hosp,0,2026-09-12,11,quantile,0.6,1.0
2026-09-12,wk inc covid hosp,0,2026-09-12,11,quantile,0.65,1.0
2026-09-12,wk inc covid hosp,0,2026-09-12,11,quantile,0.7,1.0
2026-09-12,wk inc covid hosp,0,2026-09-12,11,quantile,0.75,2.0
2026-09-12,wk inc covid hosp,0,2026-09-12,11,quantile,0.8,2.0
2026-09-12,wk inc covid hosp,0,2026-09-12,11,quantile,0.85,2.0
2026-09-12,wk inc covid hosp,0,2026-09-12,11,quantile,0.9,2.0
2026-09-12,wk inc covid hosp,0,2026-09-12,11,quantile,0.95,3.0
2026-09-12,wk inc covid hosp,0,2026-09-12,11,quantile,0.975,3.0
2026-09-12,wk inc covid hosp,0,2026-09-12,11,quantile,0.99,4.0
2026-09-12,wk inc covid hosp,0,2026-09-12,12,quantile,0.01,385.0
2026-09-12,wk inc covid hosp,0,2026-09-12,12,quantile,0.025,417.0
2026-09-12,wk inc covid hosp,0,2026-09-12,12,quantile,0.05,445.0
2026-09-12,wk inc covid hosp,0,2026-09-12,12,quantile,0.1,480.0
2026-09-12,wk inc covid hosp,0,2026-09-12,12,quantile,0.15,504.0
2026-09-12,wk inc covid hosp,0,2026-09-12,12,quantile,0.2,523.0
2026-09-12,wk inc covid hosp,0,2026-09-12,12,quantile,0.25,541.0
2026-09-12,wk inc covid hosp,0,2026-09-12,12,quantile,0.3,557.0
2026-09-12,wk inc covid hosp,0,2026-09-12,12,quantile,0.35,571.0
2026-09-12,wk inc covid hosp,0,2026-09-12,12,quantile,0.4,586.0
2026-09-12,wk inc covid hosp,0,2026-09-12,12,quantile,0.45,600.0
2026-09-12,wk inc covid hosp,0,2026-09-12,12,quantile,0.5,614.0
2026-09-12,wk inc covid hosp,0,2026-09-12,12,quantile,0.55,629.0
2026-09-12,wk inc covid hosp,0,2026-09-12,12,quantile,0.6,644.0
2026-09-12,wk inc covid hosp,0,2026-09-12,12,quantile,0.65,659.0
2026-09-12,wk inc covid hosp,0,2026-09-12,12,quantile,0.7,676.0
2026-09-12,wk inc covid hosp,0,2026-09-12,12,quantile,0.75,694.0
2026-09-12,wk inc covid hosp,0,2026-09-12,12,quantile,0.8,715.0
2026-09-12,wk inc covid hosp,0,2026-09-12,12,quantile,0.85,740.0
2026-09-12,wk inc covid hosp,0,2026-09-12,12,quantile,0.9,772.0
2026-09-12,wk inc covid hosp,0,2026-09-12,12,quantile,0.95,821.0
2026-09-12,wk inc covid hosp,0,2026-09-12,12,quantile,0.975,865.0
2026-09-12,wk inc covid hosp,0,2026-09-12,12,quantile,0.99,918.0
2026-09-12,wk inc covid hosp,0,2026-09-12,13,quantile,0.01,61.0
2026-09-12,wk inc covid hosp,0,2026-09-12,13,quantile,0.025,67.0
2026-09-12,wk inc covid hosp,0,2026-09-12,13,quantile,0.05,72.0
2026-09-12,wk inc covid hosp,0,2026-09-12,13,quantile,0.1,79.0
2026-09-12,wk inc covid hosp,0,2026-09-12,13,quantile,0.15,83.0
2026-09-12,wk inc covid hosp,0,2026-09-12,13,quantile,0.2,87.0
2026-09-12,wk inc covid hosp,0,2026-09-12,13,quantile,0.25,90.0
2026-09-12,wk inc covid hosp,0,2026-09-12,13,quantile,0.3,93.0
2026-09-12,wk inc covid hosp,0,2026-09-12,13,quantile,0.35,96.0
2026-09-12,wk inc covid hosp,0,2026-09-12,13,quantile,0.4,99.0
2026-09-12,wk inc covid hosp,0,2026-09-12,13,quantile,0.45,101.0
2026-09-12,wk inc covid hosp,0,2026-09-12,13,quantile,0.5,104.0
2026-09-12,wk inc covid hosp,0,2026-09-12,13,quantile,0.55,107.0
2026-09-12,wk inc covid hosp,0,2026-09-12,13,quantile,0.6,110.0
2026-09-12,wk inc covid hosp,0,2026-09-12,13,quantile,0.65,113.0
2026-09-12,wk inc covid hosp,0,2026-09-12,13,quantile,0.7,116.0
2026-09-12,wk inc covid hosp,0,2026-09-12,13,quantile,0.75,119.0
2026-09-12,wk inc covid hosp,0,2026-09-12,13,quantile,0.8,123.0
2026-09-12,wk inc covid hosp,0,2026-09-12,13,quantile,0.85,128.0
2026-09-12,wk inc covid hosp,0,2026-09-12,13,quantile,0.9,134.0
2026-09-12,wk inc covid hosp,0,2026-09-12,13,quantile,0.95,143.0
2026-09-12,wk inc covid hosp,0,2026-09-12,13,quantile,0.975,151.0
2026-09-12,wk inc covid hosp,0,2026-09-12,13,quantile,0.99,161.0
2026-09-12,wk inc covid hosp,0,2026-09-12,15,quantile,0.01,11.0
2026-09-12,wk inc covid hosp,0,2026-09-12,15,quantile,0.025,13.0
2026-09-12,wk inc covid hosp,0,2026-09-12,15,quantile,0.05,14.0
2026-09-12,wk inc covid hosp,0,2026-09-12,15,quantile,0.1,16.0
2026-09-12,wk inc covid hosp,0,2026-09-12,15,quantile,0.15,18.0
2026-09-12,wk inc covid hosp,0,2026-09-12,15,quantile,0.2,19.0
2026-09-12,wk inc covid hosp,0,2026-09-12,15,quantile,0.25,20.0
2026-09-12,wk inc covid hosp,0,2026-09-12,15,quantile,0.3,21.0
2026-09-12,wk inc covid hosp,0,2026-09-12,15,quantile,0.35,22.0
2026-09-12,wk inc covid hosp,0,2026-09-12,15,quantile,0.4,22.0
2026-09-12,wk inc covid hosp,0,2026-09-12,15,quantile,0.45,23.0
2026-09-12,wk inc covid hosp,0,2026-09-12,15,quantile,0.5,24.0
2026-09-12,wk inc covid hosp,0,2026-09-12,15,quantile,0.55,25.0
2026-09-12,wk inc covid hosp,0,2026-09-12,15,quantile,0.6,26.0
2026-09-12,wk inc covid hosp,0,2026-09-12,15,quantile,0.65,27.0
2026-09-12,wk inc covid hosp,0,2026-09-12,15,quantile,0.7,28.0
2026-09-12,wk inc covid hosp,0,2026-09-12,15,quantile,0.75,29.0
2026-09-12,wk inc covid hosp,0,2026-09-12,15,quantile,0.8,30.0
2026-09-12,wk inc covid hosp,0,2026-09-12,15,quantile,0.85,31.0
2026-09-12,wk inc covid hosp,0,2026-09-12,15,quantile,0.9,33.0
2026-09-12,wk inc covid hosp,0,2026-09-12,15,quantile,0.95,36.0
2026-09-12,wk inc covid hosp,0,2026-09-12,15,quantile,0.975,39.0
2026-09-12,wk inc covid hosp,0,2026-09-12,15,quantile,0.99,42.0
2026-09-12,wk inc covid hosp,0,2026-09-12,16,quantile,0.01,6.0
2026-09-12,wk inc covid hosp,0,2026-09-12,16,quantile,0.025,7.0
2026-09-12,wk inc covid hosp,0,2026-09-12,16,quantile,0.05,9.0
2026-09-12,wk inc covid hosp,0,2026-09-12,16,quantile,0.1,10.0
2026-09-12,wk inc covid hosp,0,2026-09-12,16,quantile,0.15,11.0
2026-09-12,wk inc covid hosp,0,2026-09-12,16,quantile,0.2,12.0
2026-09-12,wk inc covid hosp,0,2026-09-12,16,quantile,0.25,13.0
2026-09-12,wk inc covid hosp,0,2026-09-12,16,quantile,0.3,13.0
2026-09-12,wk inc covid hosp,0,2026-09-12,16,quantile,0.35,14.0
2026-09-12,wk inc covid hosp,0,2026-09-12,16,quantile,0.4,15.0
2026-09-12,wk inc covid hosp,0,2026-09-12,16,quantile,0.45,15.0
2026-09-12,wk inc covid hosp,0,2026-09-12,16,quantile,0.5,16.0
2026-09-12,wk inc covid hosp,0,2026-09-12,16,quantile,0.55,16.0
2026-09-12,wk inc covid hosp,0,2026-09-12,16,quantile,0.6,17.0
2026-09-12,wk inc covid hosp,0,2026-09-12,16,quantile,0.65,18.0
2026-09-12,wk inc covid hosp,0,2026-09-12,16,quantile,0.7,18.0
2026-09-12,wk inc covid hosp,0,2026-09-12,16,quantile,0.75,19.0
2026-09-12,wk inc covid hosp,0,2026-09-12,16,quantile,0.8,20.0
2026-09-12,wk inc covid hosp,0,2026-09-12,16,quantile,0.85,21.0
2026-09-12,wk inc covid hosp,0,2026-09-12,16,quantile,0.9,23.0
2026-09-12,wk inc covid hosp,0,2026-09-12,16,quantile,0.95,25.0
2026-09-12,wk inc covid hosp,0,2026-09-12,16,quantile,0.975,27.0
2026-09-12,wk inc covid hosp,0,2026-09-12,16,quantile,0.99,29.0
2026-09-12,wk inc covid hosp,0,2026-09-12,17,quantile,0.01,26.0
2026-09-12,wk inc covid hosp,0,2026-09-12,17,quantile,0.025,29.0
2026-09-12,wk inc covid hosp,0,2026-09-12,17,quantile,0.05,32.0
2026-09-12,wk inc covid hosp,0,2026-09-12,17,quantile,0.1,35.0
2026-09-12,wk inc covid hosp,0,2026-09-12,17,quantile,0.15,37.0
2026-09-12,wk inc covid hosp,0,2026-09-12,17,quantile,0.2,39.0
2026-09-12,wk inc covid hosp,0,2026-09-12,17,quantile,0.25,41.0
2026-09-12,wk inc covid hosp,0,2026-09-12,17,quantile,0.3,42.0
2026-09-12,wk inc covid hosp,0,2026-09-12,17,quantile,0.35,44.0
2026-09-12,wk inc covid hosp,0,2026-09-12,17,quantile,0.4,45.0
2026-09-12,wk inc covid hosp,0,2026-09-12,17,quantile,0.45,47.0
2026-09-12,wk inc covid hosp,0,2026-09-12,17,quantile,0.5,48.0
2026-09-12,wk inc covid hosp,0,2026-09-12,17,quantile,0.55,50.0
2026-09-12,wk inc covid hosp,0,2026-09-12,17,quantile,0.6,51.0
2026-09-12,wk inc covid hosp,0,2026-09-12,17,quantile,0.65,53.0
2026-09-12,wk inc covid hosp,0,2026-09-12,17,quantile,0.7,54.0
2026-09-12,wk inc covid hosp,0,2026-09-12,17,quantile,0.75,56.0
2026-09-12,wk inc covid hosp,0,2026-09-12,17,quantile,0.8,58.0
2026-09-12,wk inc covid hosp,0,2026-09-12,17,quantile,0.85,60.0
2026-09-12,wk inc covid hosp,0,2026-09-12,17,quantile,0.9,64.0
2026-09-12,wk inc covid hosp,0,2026-09-12,17,quantile,0.95,68.0
2026-09-12,wk inc covid hosp,0,2026-09-12,17,quantile,0.975,73.0
2026-09-12,wk inc covid hosp,0,2026-09-12,17,quantile,0.99,78.0
2026-09-12,wk inc covid hosp,0,2026-09-12,18,quantile,0.01,16.0
2026-09-12,wk inc covid hosp,0,2026-09-12,18,quantile,0.025,18.0
2026-09-12,wk inc covid hosp,0,2026-09-12,18,quantile,0.05,20.0
2026-09-12,wk inc covid hosp,0,2026-09-12,18,quantile,0.1,22.0
2026-09-12,wk inc covid hosp,0,2026-09-12,18,quantile,0.15,24.0
2026-09-12,wk inc covid hosp,0,2026-09-12,18,quantile,0.2,25.0
2026-09-12,wk inc covid hosp,0,2026-09-12,18,quantile,0.25,26.0
2026-09-12,wk inc covid hosp,0,2026-09-12,18,quantile,0.3,27.0
2026-09-12,wk inc covid hosp,0,2026-09-12,18,quantile,0.35,29.0
2026-09-12,wk inc covid hosp,0,2026-09-12,18,quantile,0.4,30.0
2026-09-12,wk inc covid hosp,0,2026-09-12,18,quantile,0.45,31.0
2026-09-12,wk inc covid hosp,0,2026-09-12,18,quantile,0.5,32.0
2026-09-12,wk inc covid hosp,0,2026-09-12,18,quantile,0.55,33.0
2026-09-12,wk inc covid hosp,0,2026-09-12,18,quantile,0.6,34.0
2026-09-12,wk inc covid hosp,0,2026-09-12,18,quantile,0.65,35.0
2026-09-12,wk inc covid hosp,0,2026-09-12,18,quantile,0.7,36.0
2026-09-12,wk inc covid hosp,0,2026-09-12,18,quantile,0.75,37.0
2026-09-12,wk inc covid hosp,0,2026-09-12,18,quantile,0.8,39.0
2026-09-12,wk inc covid hosp,0,2026-09-12,18,quantile,0.85,40.0
2026-09-12,wk inc covid hosp,0,2026-09-12,18,quantile,0.9,43.0
2026-09-12,wk inc covid hosp,0,2026-09-12,18,quantile,0.95,46.0
2026-09-12,wk inc covid hosp,0,2026-09-12,18,quantile,0.975,49.0
2026-09-12,wk inc covid hosp,0,2026-09-12,18,quantile,0.99,53.0
2026-09-12,wk inc covid hosp,0,2026-09-12,19,quantile,0.01,6.0
2026-09-12,wk inc covid hosp,0,2026-09-12,19,quantile,0.025,7.0
2026-09-12,wk inc covid hosp,0,2026-09-12,19,quantile,0.05,8.0
2026-09-12,wk inc covid hosp,0,2026-09-12,19,quantile,0.1,10.0
2026-09-12,wk inc covid hosp,0,2026-09-12,19,quantile,0.15,11.0
2026-09-12,wk inc covid hosp,0,2026-09-12,19,quantile,0.2,11.0
2026-09-12,wk inc covid hosp,0,2026-09-12,19,quantile,0.25,12.0
2026-09-12,wk inc covid hosp,0,2026-09-12,19,quantile,0.3,13.0
2026-09-12,wk inc covid hosp,0,2026-09-12,19,quantile,0.35,13.0
2026-09-12,wk inc covid hosp,0,2026-09-12,19,quantile,0.4,14.0
2026-09-12,wk inc covid hosp,0,2026-09-12,19,quantile,0.45,15.0
2026-09-12,wk inc covid hosp,0,2026-09-12,19,quantile,0.5,15.0
2026-09-12,wk inc covid hosp,0,2026-09-12,19,quantile,0.55,16.0
2026-09-12,wk inc covid hosp,0,2026-09-12,19,quantile,0.6,16.0
2026-09-12,wk inc covid hosp,0,2026-09-12,19,quantile,0.65,17.0
2026-09-12,wk inc covid hosp,0,2026-09-12,19,quantile,0.7,18.0
2026-09-12,wk inc covid hosp,0,2026-09-12,19,quantile,0.75,19.0
2026-09-12,wk inc covid hosp,0,2026-09-12,19,quantile,0.8,20.0
2026-09-12,wk inc covid hosp,0,2026-09-12,19,quantile,0.85,21.0
2026-09-12,wk inc covid hosp,0,2026-09-12,19,quantile,0.9,22.0
2026-09-12,wk inc covid hosp,0,2026-09-12,19,quantile,0.95,24.0
2026-09-12,wk inc covid hosp,0,2026-09-12,19,quantile,0.975,26.0
2026-09-12,wk inc covid hosp,0,2026-09-12,19,quantile,0.99,28.0
2026-09-12,wk inc covid hosp,0,2026-09-12,20,quantile,0.01,1.0
2026-09-12,wk inc covid hosp,0,2026-09-12,20,quantile,0.025,2.0
2026-09-12,wk inc covid hosp,0,2026-09-12,20,quantile,0.05,3.0
2026-09-12,wk inc covid hosp,0,2026-09-12,20,quantile,0.1,4.0
2026-09-12,wk inc covid hosp,0,2026-09-12,20,quantile,0.15,4.0
2026-09-12,wk inc covid hosp,0,2026-09-12,20,quantile,0.2,5.0
2026-09-12,wk inc covid hosp,0,2026-09-12,20,quantile,0.25,5.0
2026-09-12,wk inc covid hosp,0,2026-09-12,20,quantile,0.3,6.0
2026-09-12,wk inc covid hosp,0,2026-09-12,20,quantile,0.35,6.0
2026-09-12,wk inc covid hosp,0,2026-09-12,20,quantile,0.4,7.0
2026-09-12,wk inc covid hosp,0,2026-09-12,20,quantile,0.45,7.0
2026-09-12,wk inc covid hosp,0,2026-09-12,20,quantile,0.5,8.0
2026-09-12,wk inc covid hosp,0,2026-09-12,20,quantile,0.55,8.0
2026-09-12,wk inc covid hosp,0,2026-09-12,20,quantile,0.6,8.0
2026-09-12,wk inc covid hosp,0,2026-09-12,20,quantile,0.65,9.0
2026-09-12,wk inc covid hosp,0,2026-09-12,20,quantile,0.7,9.0
2026-09-12,wk inc covid hosp,0,2026-09-12,20,quantile,0.75,10.0
2026-09-12,wk inc covid hosp,0,2026-09-12,20,quantile,0.8,11.0
2026-09-12,wk inc covid hosp,0,2026-09-12,20,quantile,0.85,11.0
2026-09-12,wk inc covid hosp,0,2026-09-12,20,quantile,0.9,12.0
2026-09-12,wk inc covid hosp,0,2026-09-12,20,quantile,0.95,14.0
2026-09-12,wk inc covid hosp,0,2026-09-12,20,quantile,0.975,15.0
2026-09-12,wk inc covid hosp,0,2026-09-12,20,quantile,0.99,17.0
2026-09-12,wk inc covid hosp,0,2026-09-12,21,quantile,0.01,6.0
2026-09-12,wk inc covid hosp,0,2026-09-12,21,quantile,0.025,7.0
2026-09-12,wk inc covid hosp,0,2026-09-12,21,quantile,0.05,8.0
2026-09-12,wk inc covid hosp,0,2026-09-12,21,quantile,0.1,10.0
2026-09-12,wk inc covid hosp,0,2026-09-12,21,quantile,0.15,11.0
2026-09-12,wk inc covid hosp,0,2026-09-12,21,quantile,0.2,11.0
2026-09-12,wk inc covid hosp,0,2026-09-12,21,quantile,0.25,12.0
2026-09-12,wk inc covid hosp,0,2026-09-12,21,quantile,0.3,13.0
2026-09-12,wk inc covid hosp,0,2026-09-12,21,quantile,0.35,13.0
2026-09-12,wk inc covid hosp,0,2026-09-12,21,quantile,0.4,14.0
2026-09-12,wk inc covid hosp,0,2026-09-12,21,quantile,0.45,15.0
2026-09-12,wk inc covid hosp,0,2026-09-12,21,quantile,0.5,15.0
2026-09-12,wk inc covid hosp,0,2026-09-12,21,quantile,0.55,16.0
2026-09-12,wk inc covid hosp,0,2026-09-12,21,quantile,0.6,16.0
2026-09-12,wk inc covid hosp,0,2026-09-12,21,quantile,0.65,17.0
2026-09-12,wk inc covid hosp,0,2026-09-12,21,quantile,0.7,18.0
2026-09-12,wk inc covid hosp,0,2026-09-12,21,quantile,0.75,19.0
2026-09-12,wk inc covid hosp,0,2026-09-12,21,quantile,0.8,20.0
2026-09-12,wk inc covid hosp,0,2026-09-12,21,quantile,0.85,21.0
2026-09-12,wk inc covid hosp,0,2026-09-12,21,quantile,0.9,22.0
2026-09-12,wk inc covid hosp,0,2026-09-12,21,quantile,0.95,24.0
2026-09-12,wk inc covid hosp,0,2026-09-12,21,quantile,0.975,26.0
2026-09-12,wk inc covid hosp,0,2026-09-12,21,quantile,0.99,29.0
2026-09-12,wk inc covid hosp,0,2026-09-12,22,quantile,0.01,59.0
2026-09-12,wk inc covid hosp,0,2026-09-12,22,quantile,0.025,65.0
2026-09-12,wk inc covid hosp,0,2026-09-12,22,quantile,0.05,70.0
2026-09-12,wk inc covid hosp,0,2026-09-12,22,quantile,0.1,76.0
2026-09-12,wk inc covid hosp,0,2026-09-12,22,quantile,0.15,81.0
2026-09-12,wk inc covid hosp,0,2026-09-12,22,quantile,0.2,84.0
2026-09-12,wk inc covid hosp,0,2026-09-12,22,quantile,0.25,87.0
2026-09-12,wk inc covid hosp,0,2026-09-12,22,quantile,0.3,90.0
2026-09-12,wk inc covid hosp,0,2026-09-12,22,quantile,0.35,93.0
2026-09-12,wk inc covid hosp,0,2026-09-12,22,quantile,0.4,96.0
2026-09-12,wk inc covid hosp,0,2026-09-12,22,quantile,0.45,98.0
2026-09-12,wk inc covid hosp,0,2026-09-12,22,quantile,0.5,101.0
2026-09-12,wk inc covid hosp,0,2026-09-12,22,quantile,0.55,103.0
2026-09-12,wk inc covid hosp,0,2026-09-12,22,quantile,0.6,106.0
2026-09-12,wk inc covid hosp,0,2026-09-12,22,quantile,0.65,109.0
2026-09-12,wk inc covid hosp,0,2026-09-12,22,quantile,0.7,112.0
2026-09-12,wk inc covid hosp,0,2026-09-12,22,quantile,0.75,115.0
2026-09-12,wk inc covid hosp,0,2026-09-12,22,quantile,0.8,119.0
2026-09-12,wk inc covid hosp,0,2026-09-12,22,quantile,0.85,124.0
2026-09-12,wk inc covid hosp,0,2026-09-12,22,quantile,0.9,130.0
2026-09-12,wk inc covid hosp,0,2026-09-12,22,quantile,0.95,139.0
2026-09-12,wk inc covid hosp,0,2026-09-12,22,quantile,0.975,147.0
2026-09-12,wk inc covid hosp,0,2026-09-12,22,quantile,0.99,156.0
2026-09-12,wk inc covid hosp,0,2026-09-12,23,quantile,0.01,0.0
2026-09-12,wk inc covid hosp,0,2026-09-12,23,quantile,0.025,0.0
2026-09-12,wk inc covid hosp,0,2026-09-12,23,quantile,0.05,0.0
2026-09-12,wk inc covid hosp,0,2026-09-12,23,quantile,0.1,0.0
2026-09-12,wk inc covid hosp,0,2026-09-12,23,quantile,0.15,0.0
2026-09-12,wk inc covid hosp,0,2026-09-12,23,quantile,0.2,0.0
2026-09-12,wk inc covid hosp,0,2026-09-12,23,quantile,0.25,0.0
2026-09-12,wk inc covid hosp,0,2026-09-12,23,quantile,0.3,0.0
2026-09-12,wk inc covid hosp,0,2026-09-12,23,quantile,0.35,0.0
2026-09-12,wk inc covid hosp,0,2026-09-12,23,quantile,0.4,0.0
2026-09-12,wk inc covid hosp,0,2026-09-12,23,quantile,0.45,0.0
2026-09-12,wk inc covid hosp,0,2026-09-12,23,quantile,0.5,0.0
2026-09-12,wk inc covid hosp,0,2026-09-12,23,quantile,0.55,0.0
2026-09-12,wk inc covid hosp,0,2026-09-12,23,quantile,0.6,0.0
2026-09-12,wk inc covid hosp,0,2026-09-12,23,quantile,0.65,0.0
2026-09-12,wk inc covid hosp,0,2026-09-12,23,quantile,0.7,0.0
2026-09-12,wk inc covid hosp,0,2026-09-12,23,quantile,0.75,0.0
2026-09-12,wk inc covid hosp,0,2026-09-12,23,quantile,0.8,0.0
2026-09-12,wk inc covid hosp,0,2026-09-12,23,quantile,0.85,0.0
2026-09-12,wk inc covid hosp,0,2026-09-12,23,quantile,0.9,0.0
2026-09-12,wk inc covid hosp,0,2026-09-12,23,quantile,0.95,0.0
2026-09-12,wk inc covid hosp,0,2026-09-12,23,quantile,0.975,0.0
2026-09-12,wk inc covid hosp,0,2026-09-12,23,quantile,0.99,0.0
2026-09-12,wk inc covid hosp,0,2026-09-12,24,quantile,0.01,5.0
2026-09-12,wk inc covid hosp,0,2026-09-12,24,quantile,0.025,6.0
2026-09-12,wk inc covid hosp,0,2026-09-12,24,quantile,0.05,7.0
2026-09-12,wk inc covid hosp,0,2026-09-12,24,quantile,0.1,8.0
2026-09-12,wk inc covid hosp,0,2026-09-12,24,quantile,0.15,9.0
2026-09-12,wk inc covid hosp,0,2026-09-12,24,quantile,0.2,10.0
2026-09-12,wk inc covid hosp,0,2026-09-12,24,quantile,0.25,10.0
2026-09-12,wk inc covid hosp,0,2026-09-12,24,quantile,0.3,11.0
2026-09-12,wk inc covid hosp,0,2026-09-12,24,quantile,0.35,12.0
2026-09-12,wk inc covid hosp,0,2026-09-12,24,quantile,0.4,12.0
2026-09-12,wk inc covid hosp,0,2026-09-12,24,quantile,0.45,13.0
2026-09-12,wk inc covid hosp,0,2026-09-12,24,quantile,0.5,13.0
2026-09-12,wk inc covid hosp,0,2026-09-12,24,quantile,0.55,14.0
2026-09-12,wk inc covid hosp,0,2026-09-12,24,quantile,0.6,14.0
2026-09-12,wk inc covid hosp,0,2026-09-12,24,quantile,0.65,15.0
2026-09-12,wk inc covid hosp,0,2026-09-12,24,quantile,0.7,16.0
2026-09-12,wk inc covid hosp,0,2026-09-12,24,quantile,0.75,16.0
2026-09-12,wk inc covid hosp,0,2026-09-12,24,quantile,0.8,17.0
2026-09-12,wk inc covid hosp,0,2026-09-12,24,quantile,0.85,18.0
2026-09-12,wk inc covid hosp,0,2026-09-12,24,quantile,0.9,19.0
2026-09-12,wk inc covid hosp,0,2026-09-12,24,quantile,0.95,21.0
2026-09-12,wk inc covid hosp,0,2026-09-12,24,quantile,0.975,23.0
2026-09-12,wk inc covid hosp,0,2026-09-12,24,quantile,0.99,25.0
2026-09-12,wk inc covid hosp,0,2026-09-12,25,quantile,0.01,11.0
2026-09-12,wk inc covid hosp,0,2026-09-12,25,quantile,0.025,13.0
2026-09-12,wk inc covid hosp,0,2026-09-12,25,quantile,0.05,14.0
2026-09-12,wk inc covid hosp,0,2026-09-12,25,quantile,0.1,16.0
2026-09-12,wk inc covid hosp,0,2026-09-12,25,quantile,0.15,17.0
2026-09-12,wk inc covid hosp,0,2026-09-12,25,quantile,0.2,19.0
2026-09-12,wk inc covid hosp,0,2026-09-12,25,quantile,0.25,20.0
2026-09-12,wk inc covid hosp,0,2026-09-12,25,quantile,0.3,20.0
2026-09-12,wk inc covid hosp,0,2026-09-12,25,quantile,0.35,21.0
2026-09-12,wk inc covid hosp,0,2026-09-12,25,quantile,0.4,22.0
2026-09-12,wk inc covid hosp,0,2026-09-12,25,quantile,0.45,23.0
2026-09-12,wk inc covid hosp,0,2026-09-12,25,quantile,0.5,24.0
2026-09-12,wk inc covid hosp,0,2026-09-12,25,quantile,0.55,25.0
2026-09-12,wk inc covid hosp,0,2026-09-12,25,quantile,0.6,25.0
2026-09-12,wk inc covid hosp,0,2026-09-12,25,quantile,0.65,26.0
2026-09-12,wk inc covid hosp,0,2026-09-12,25,quantile,0.7,27.0
2026-09-12,wk inc covid hosp,0,2026-09-12,25,quantile,0.75,28.0
2026-09-12,wk inc covid hosp,0,2026-09-12,25,quantile,0.8,30.0
2026-09-12,wk inc covid hosp,0,2026-09-12,25,quantile,0.85,31.0
2026-09-12,wk inc covid hosp,0,2026-09-12,25,quantile,0.9,33.0
2026-09-12,wk inc covid hosp,0,2026-09-12,25,quantile,0.95,36.0
2026-09-12,wk inc covid hosp,0,2026-09-12,25,quantile,0.975,38.0
2026-09-12,wk inc covid hosp,0,2026-09-12,25,quantile,0.99,41.0
2026-09-12,wk inc covid hosp,0,2026-09-12,26,quantile,0.01,7.0
2026-09-12,wk inc covid hosp,0,2026-09-12,26,quantile,0.025,9.0
2026-09-12,wk inc covid hosp,0,2026-09-12,26,quantile,0.05,10.0
2026-09-12,wk inc covid hosp,0,2026-09-12,26,quantile,0.1,12.0
2026-09-12,wk inc covid hosp,0,2026-09-12,26,quantile,0.15,14.0
2026-09-12,wk inc covid hosp,0,2026-09-12,26,quantile,0.2,15.0
2026-09-12,wk inc covid hosp,0,2026-09-12,26,quantile,0.25,16.0
2026-09-12,wk inc covid hosp,0,2026-09-12,26,quantile,0.3,17.0
2026-09-12,wk inc covid hosp,0,2026-09-12,26,quantile,0.35,18.0
2026-09-12,wk inc covid hosp,0,2026-09-12,26,quantile,0.4,18.0
2026-09-12,wk inc covid hosp,0,2026-09-12,26,quantile,0.45,19.0
2026-09-12,wk inc covid hosp,0,2026-09-12,26,quantile,0.5,20.0
2026-09-12,wk inc covid hosp,0,2026-09-12,26,quantile,0.55,21.0
2026-09-12,wk inc covid hosp,0,2026-09-12,26,quantile,0.6,22.0
2026-09-12,wk inc covid hosp,0,2026-09-12,26,quantile,0.65,23.0
2026-09-12,wk inc covid hosp,0,2026-09-12,26,quantile,0.7,24.0
2026-09-12,wk inc covid hosp,0,2026-09-12,26,quantile,0.75,25.0
2026-09-12,wk inc covid hosp,0,2026-09-12,26,quantile,0.8,26.0
2026-09-12,wk inc covid hosp,0,2026-09-12,26,quantile,0.85,28.0
2026-09-12,wk inc covid hosp,0,2026-09-12,26,quantile,0.9,30.0
2026-09-12,wk inc covid hosp,0,2026-09-12,26,quantile,0.95,33.0
2026-09-12,wk inc covid hosp,0,2026-09-12,26,quantile,0.975,36.0
2026-09-12,wk inc covid hosp,0,2026-09-12,26,quantile,0.99,39.0
2026-09-12,wk inc covid hosp,0,2026-09-12,27,quantile,0.01,14.0
2026-09-12,wk inc covid hosp,0,2026-09-12,27,quantile,0.025,16.0
2026-09-12,wk inc covid hosp,0,2026-09-12,27,quantile,0.05,18.0
2026-09-12,wk inc covid hosp,0,2026-09-12,27,quantile,0.1,20.0
2026-09-12,wk inc covid hosp,0,2026-09-12,27,quantile,0.15,21.0
2026-09-12,wk inc covid hosp,0,2026-09-12,27,quantile,0.2,23.0
2026-09-12,wk inc covid hosp,0,2026-09-12,27,quantile,0.25,24.0
2026-09-12,wk inc covid hosp,0,2026-09-12,27,quantile,0.3,25.0
2026-09-12,wk inc covid hosp,0,2026-09-12,27,quantile,0.35,26.0
2026-09-12,wk inc covid hosp,0,2026-09-12,27,quantile,0.4,27.0
2026-09-12,wk inc covid hosp,0,2026-09-12,27,quantile,0.45,28.0
2026-09-12,wk inc covid hosp,0,2026-09-12,27,quantile,0.5,29.0
2026-09-12,wk inc covid hosp,0,2026-09-12,27,quantile,0.55,30.0
2026-09-12,wk inc covid hosp,0,2026-09-12,27,quantile,0.6,31.0
2026-09-12,wk inc covid hosp,0,2026-09-12,27,quantile,0.65,32.0
2026-09-12,wk inc covid hosp,0,2026-09-12,27,quantile,0.7,33.0
2026-09-12,wk inc covid hosp,0,2026-09-12,27,quantile,0.75,34.0
2026-09-12,wk inc covid hosp,0,2026-09-12,27,quantile,0.8,35.0
2026-09-12,wk inc covid hosp,0,2026-09-12,27,quantile,0.85,37.0
2026-09-12,wk inc covid hosp,0,2026-09-12,27,quantile,0.9,39.0
2026-09-12,wk inc covid hosp,0,2026-09-12,27,quantile,0.95,42.0
2026-09-12,wk inc covid hosp,0,2026-09-12,27,quantile,0.975,45.0
2026-09-12,wk inc covid hosp,0,2026-09-12,27,quantile,0.99,49.0
2026-09-12,wk inc covid hosp,0,2026-09-12,28,quantile,0.01,16.0
2026-09-12,wk inc covid hosp,0,2026-09-12,28,quantile,0.025,19.0
2026-09-12,wk inc covid hosp,0,2026-09-12,28,quantile,0.05,21.0
2026-09-12,wk inc covid hosp,0,2026-09-12,28,quantile,0.1,23.0
2026-09-12,wk inc covid hosp,0,2026-09-12,28,quantile,0.15,25.0
2026-09-12,wk inc covid hosp,0,2026-09-12,28,quantile,0.2,26.0
2026-09-12,wk inc covid hosp,0,2026-09-12,28,quantile,0.25,27.0
2026-09-12,wk inc covid hosp,0,2026-09-12,28,quantile,0.3,29.0
2026-09-12,wk inc covid hosp,0,2026-09-12,28,quantile,0.35,30.0
2026-09-12,wk inc covid hosp,0,2026-09-12,28,quantile,0.4,31.0
2026-09-12,wk inc covid hosp,0,2026-09-12,28,quantile,0.45,32.0
2026-09-12,wk inc covid hosp,0,2026-09-12,28,quantile,0.5,33.0
2026-09-12,wk inc covid hosp,0,2026-09-12,28,quantile,0.55,34.0
2026-09-12,wk inc covid hosp,0,2026-09-12,28,quantile,0.6,35.0
2026-09-12,wk inc covid hosp,0,2026-09-12,28,quantile,0.65,36.0
2026-09-12,wk inc covid hosp,0,2026-09-12,28,quantile,0.7,37.0
2026-09-12,wk inc covid hosp,0,2026-09-12,28,quantile,0.75,39.0
2026-09-12,wk inc covid hosp,0,2026-09-12,28,quantile,0.8,40.0
2026-09-12,wk inc covid hosp,0,2026-09-12,28,quantile,0.85,42.0
2026-09-12,wk inc covid hosp,0,2026-09-12,28,quantile,0.9,44.0
2026-09-12,wk inc covid hosp,0,2026-09-12,28,quantile,0.95,48.0
2026-09-12,wk inc covid hosp,0,2026-09-12,28,quantile,0.975,51.0
2026-09-12,wk inc covid hosp,0,2026-09-12,28,quantile,0.99,55.0
2026-09-12,wk inc covid hosp,0,2026-09-12,29,quantile,0.01,9.0
2026-09-12,wk inc covid hosp,0,2026-09-12,29,quantile,0.025,11.0
2026-09-12,wk inc covid hosp,0,2026-09-12,29,quantile,0.05,12.0
2026-09-12,wk inc covid hosp,0,2026-09-12,29,quantile,0.1,14.0
2026-09-12,wk inc covid hosp,0,2026-09-12,29,quantile,0.15,15.0
2026-09-12,wk inc covid hosp,0,2026-09-12,29,quantile,0.2,16.0
2026-09-12,wk inc covid hosp,0,2026-09-12,29,quantile,0.25,17.0
2026-09-12,wk inc covid hosp,0,2026-09-12,29,quantile,0.3,18.0
2026-09-12,wk inc covid hosp,0,2026-09-12,29,quantile,0.35,19.0
2026-09-12,wk inc covid hosp,0,2026-09-12,29,quantile,0.4,20.0
2026-09-12,wk inc covid hosp,0,2026-09-12,29,quantile,0.45,21.0
2026-09-12,wk inc covid hosp,0,2026-09-12,29,quantile,0.5,21.0
2026-09-12,wk inc covid hosp,0,2026-09-12,29,quantile,0.55,22.0
2026-09-12,wk inc covid hosp,0,2026-09-12,29,quantile,0.6,23.0
2026-09-12,wk inc covid hosp,0,2026-09-12,29,quantile,0.65,24.0
2026-09-12,wk inc covid hosp,0,2026-09-12,29,quantile,0.7,25.0
2026-09-12,wk inc covid hosp,0,2026-09-12,29,quantile,0.75,26.0
2026-09-12,wk inc covid hosp,0,2026-09-12,29,quantile,0.8,27.0
2026-09-12,wk inc covid hosp,0,2026-09-12,29,quantile,0.85,28.0
2026-09-12,wk inc covid hosp,0,2026-09-12,29,quantile,0.9,30.0
2026-09-12,wk inc covid hosp,0,2026-09-12,29,quantile,0.95,33.0
2026-09-12,wk inc covid hosp,0,2026-09-12,29,quantile,0.975,36.0
2026-09-12,wk inc covid hosp,0,2026-09-12,29,quantile,0.99,39.0
2026-09-12,wk inc covid hosp,0,2026-09-12,30,quantile,0.01,2.0
2026-09-12,wk inc covid hosp,0,2026-09-12,30,quantile,0.025,2.0
2026-09-12,wk inc covid hosp,0,2026-09-12,30,quantile,0.05,3.0
2026-09-12,wk inc covid hosp,0,2026-09-12,30,quantile,0.1,4.0
2026-09-12,wk inc covid hosp,0,2026-09-12,30,quantile,0.15,4.0
2026-09-12,wk inc covid hosp,0,2026-09-12,30,quantile,0.2,5.0
2026-09-12,wk inc covid hosp,0,2026-09-12,30,quantile,0.25,5.0
2026-09-12,wk inc covid hosp,0,2026-09-12,30,quantile,0.3,6.0
2026-09-12,wk inc covid hosp,0,2026-09-12,30,quantile,0.35,6.0
2026-09-12,wk inc covid hosp,0,2026-09-12,30,quantile,0.4,6.0
2026-09-12,wk inc covid hosp,0,2026-09-12,30,quantile,0.45,7.0
2026-09-12,wk inc covid hosp,0,2026-09-12,30,quantile,0.5,7.0
2026-09-12,wk inc covid hosp,0,2026-09-12,30,quantile,0.55,7.0
2026-09-12,wk inc covid hosp,0,2026-09-12,30,quantile,0.6,8.0
2026-09-12,wk inc covid hosp,0,2026-09-12,30,quantile,0.65,8.0
2026-09-12,wk inc covid hosp,0,2026-09-12,30,quantile,0.7,9.0
2026-09-12,wk inc covid hosp,0,2026-09-12,30,quantile,0.75,9.0
2026-09-12,wk inc covid hosp,0,2026-09-12,30,quantile,0.8,10.0
2026-09-12,wk inc covid hosp,0,2026-09-12,30,quantile,0.85,10.0
2026-09-12,wk inc covid hosp,0,2026-09-12,30,quantile,0.9,11.0
2026-09-12,wk inc covid hosp,0,2026-09-12,30,quantile,0.95,13.0
2026-09-12,wk inc covid hosp,0,2026-09-12,30,quantile,0.975,14.0
2026-09-12,wk inc covid hosp,0,2026-09-12,30,quantile,0.99,15.0
2026-09-12,wk inc covid hosp,0,2026-09-12,31,quantile,0.01,2.0
2026-09-12,wk inc covid hosp,0,2026-09-12,31,quantile,0.025,3.0
2026-09-12,wk inc covid hosp,0,2026-09-12,31,quantile,0.05,4.0
2026-09-12,wk inc covid hosp,0,2026-09-12,31,quantile,0.1,5.0
2026-09-12,wk inc covid hosp,0,2026-09-12,31,quantile,0.15,5.0
2026-09-12,wk inc covid hosp,0,2026-09-12,31,quantile,0.2,6.0
2026-09-12,wk inc covid hosp,0,2026-09-12,31,quantile,0.25,6.0
2026-09-12,wk inc covid hosp,0,2026-09-12,31,quantile,0.3,7.0
2026-09-12,wk inc covid hosp,0,2026-09-12,31,quantile,0.35,7.0
2026-09-12,wk inc covid hosp,0,2026-09-12,31,quantile,0.4,8.0
2026-09-12,wk inc covid hosp,0,2026-09-12,31,quantile,0.45,8.0
2026-09-12,wk inc covid hosp,0,2026-09-12,31,quantile,0.5,8.0
2026-09-12,wk inc covid hosp,0,2026-09-12,31,quantile,0.55,9.0
2026-09-12,wk inc covid hosp,0,2026-09-12,31,quantile,0.6,9.0
2026-09-12,wk inc covid hosp,0,2026-09-12,31,quantile,0.65,10.0
2026-09-12,wk inc covid hosp,0,2026-09-12,31,quantile,0.7,10.0
2026-09-12,wk inc covid hosp,0,2026-09-12,31,quantile,0.75,11.0
2026-09-12,wk inc covid hosp,0,2026-09-12,31,quantile,0.8,11.0
2026-09-12,wk inc covid hosp,0,2026-09-12,31,quantile,0.85,12.0
2026-09-12,wk inc covid hosp,0,2026-09-12,31,quantile,0.9,13.0
2026-09-12,wk inc covid hosp,0,2026-09-12,31,quantile,0.95,15.0
2026-09-12,wk inc covid hosp,0,2026-09-12,31,quantile,0.975,16.0
2026-09-12,wk inc covid hosp,0,2026-09-12,31,quantile,0.99,18.0
2026-09-12,wk inc covid hosp,0,2026-09-12,32,quantile,0.01,16.0
2026-09-12,wk inc covid hosp,0,2026-09-12,32,quantile,0.025,18.0
2026-09-12,wk inc covid hosp,0,2026-09-12,32,quantile,0.05,20.0
2026-09-12,wk inc covid hosp,0,2026-09-12,32,quantile,0.1,23.0
2026-09-12,wk inc covid hosp,0,2026-09-12,32,quantile,0.15,25.0
2026-09-12,wk inc covid hosp,0,2026-09-12,32,quantile,0.2,26.0
2026-09-12,wk inc covid hosp,0,2026-09-12,32,quantile,0.25,27.0
2026-09-12,wk inc covid hosp,0,2026-09-12,32,quantile,0.3,28.0
2026-09-12,wk inc covid hosp,0,2026-09-12,32,quantile,0.35,29.0
2026-09-12,wk inc covid hosp,0,2026-09-12,32,quantile,0.4,30.0
2026-09-12,wk inc covid hosp,0,2026-09-12,32,quantile,0.45,31.0
2026-09-12,wk inc covid hosp,0,2026-09-12,32,quantile,0.5,32.0
2026-09-12,wk inc covid hosp,0,2026-09-12,32,quantile,0.55,34.0
2026-09-12,wk inc covid hosp,0,2026-09-12,32,quantile,0.6,35.0
2026-09-12,wk inc covid hosp,0,2026-09-12,32,quantile,0.65,36.0
2026-09-12,wk inc covid hosp,0,2026-09-12,32,quantile,0.7,37.0
2026-09-12,wk inc covid hosp,0,2026-09-12,32,quantile,0.75,38.0
2026-09-12,wk inc covid hosp,0,2026-09-12,32,quantile,0.8,40.0
2026-09-12,wk inc covid hosp,0,2026-09-12,32,quantile,0.85,42.0
2026-09-12,wk inc covid hosp,0,2026-09-12,32,quantile,0.9,44.0
2026-09-12,wk inc covid hosp,0,2026-09-12,32,quantile,0.95,47.0
2026-09-12,wk inc covid hosp,0,2026-09-12,32,quantile,0.975,51.0
2026-09-12,wk inc covid hosp,0,2026-09-12,32,quantile,0.99,54.0
2026-09-12,wk inc covid hosp,0,2026-09-12,33,quantile,0.01,0.0
2026-09-12,wk inc covid hosp,0,2026-09-12,33,quantile,0.025,0.0
2026-09-12,wk inc covid hosp,0,2026-09-12,33,quantile,0.05,1.0
2026-09-12,wk inc covid hosp,0,2026-09-12,33,quantile,0.1,1.0
2026-09-12,wk inc covid hosp,0,2026-09-12,33,quantile,0.15,2.0
2026-09-12,wk inc covid hosp,0,2026-09-12,33,quantile,0.2,2.0
2026-09-12,wk inc covid hosp,0,2026-09-12,33,quantile,0.25,2.0
2026-09-12,wk inc covid hosp,0,2026-09-12,33,quantile,0.3,3.0
2026-09-12,wk inc covid hosp,0,2026-09-12,33,quantile,0.35,3.0
2026-09-12,wk inc covid hosp,0,2026-09-12,33,quantile,0.4,3.0
2026-09-12,wk inc covid hosp,0,2026-09-12,33,quantile,0.45,3.0
2026-09-12,wk inc covid hosp,0,2026-09-12,33,quantile,0.5,4.0
2026-09-12,wk inc covid hosp,0,2026-09-12,33,quantile,0.55,4.0
2026-09-12,wk inc covid hosp,0,2026-09-12,33,quantile,0.6,4.0
2026-09-12,wk inc covid hosp,0,2026-09-12,33,quantile,0.65,4.0
2026-09-12,wk inc covid hosp,0,2026-09-12,33,quantile,0.7,5.0
2026-09-12,wk inc covid hosp,0,2026-09-12,33,quantile,0.75,5.0
2026-09-12,wk inc covid hosp,0,2026-09-12,33,quantile,0.8,6.0
2026-09-12,wk inc covid hosp,0,2026-09-12,33,quantile,0.85,6.0
2026-09-12,wk inc covid hosp,0,2026-09-12,33,quantile,0.9,7.0
2026-09-12,wk inc covid hosp,0,2026-09-12,33,quantile,0.95,8.0
2026-09-12,wk inc covid hosp,0,2026-09-12,33,quantile,0.975,9.0
2026-09-12,wk inc covid hosp,0,2026-09-12,33,quantile,0.99,10.0
2026-09-12,wk inc covid hosp,0,2026-09-12,34,quantile,0.01,75.0
2026-09-12,wk inc covid hosp,0,2026-09-12,34,quantile,0.025,82.0
2026-09-12,wk inc covid hosp,0,2026-09-12,34,quantile,0.05,88.0
2026-09-12,wk inc covid hosp,0,2026-09-12,34,quantile,0.1,96.0
2026-09-12,wk inc covid hosp,0,2026-09-12,34,quantile,0.15,101.0
2026-09-12,wk inc covid hosp,0,2026-09-12,34,quantile,0.2,105.0
2026-09-12,wk inc covid hosp,0,2026-09-12,34,quantile,0.25,109.0
2026-09-12,wk inc covid hosp,0,2026-09-12,34,quantile,0.3,113.0
2026-09-12,wk inc covid hosp,0,2026-09-12,34,quantile,0.35,116.0
2026-09-12,wk inc covid hosp,0,2026-09-12,34,quantile,0.4,119.0
2026-09-12,wk inc covid hosp,0,2026-09-12,34,quantile,0.45,122.0
2026-09-12,wk inc covid hosp,0,2026-09-12,34,quantile,0.5,126.0
2026-09-12,wk inc covid hosp,0,2026-09-12,34,quantile,0.55,129.0
2026-09-12,wk inc covid hosp,0,2026-09-12,34,quantile,0.6,132.0
2026-09-12,wk inc covid hosp,0,2026-09-12,34,quantile,0.65,136.0
2026-09-12,wk inc covid hosp,0,2026-09-12,34,quantile,0.7,139.0
2026-09-12,wk inc covid hosp,0,2026-09-12,34,quantile,0.75,143.0
2026-09-12,wk inc covid hosp,0,2026-09-12,34,quantile,0.8,148.0
2026-09-12,wk inc covid hosp,0,2026-09-12,34,quantile,0.85,154.0
2026-09-12,wk inc covid hosp,0,2026-09-12,34,quantile,0.9,161.0
2026-09-12,wk inc covid hosp,0,2026-09-12,34,quantile,0.95,172.0
2026-09-12,wk inc covid hosp,0,2026-09-12,34,quantile,0.975,181.0
2026-09-12,wk inc covid hosp,0,2026-09-12,34,quantile,0.99,193.0
2026-09-12,wk inc covid hosp,0,2026-09-12,35,quantile,0.01,12.0
2026-09-12,wk inc covid hosp,0,2026-09-12,35,quantile,0.025,14.0
2026-09-12,wk inc covid hosp,0,2026-09-12,35,quantile,0.05,15.0
2026-09-12,wk inc covid hosp,0,2026-09-12,35,quantile,0.1,17.0
2026-09-12,wk inc covid hosp,0,2026-09-12,35,quantile,0.15,19.0
2026-09-12,wk inc covid hosp,0,2026-09-12,35,quantile,0.2,20.0
2026-09-12,wk inc covid hosp,0,2026-09-12,35,quantile,0.25,21.0
2026-09-12,wk inc covid hosp,0,2026-09-12,35,quantile,0.3,22.0
2026-09-12,wk inc covid hosp,0,2026-09-12,35,quantile,0.35,23.0
2026-09-12,wk inc covid hosp,0,2026-09-12,35,quantile,0.4,23.0
2026-09-12,wk inc covid hosp,0,2026-09-12,35,quantile,0.45,24.0
2026-09-12,wk inc covid hosp,0,2026-09-12,35,quantile,0.5,25.0
2026-09-12,wk inc covid hosp,0,2026-09-12,35,quantile,0.55,26.0
2026-09-12,wk inc covid hosp,0,2026-09-12,35,quantile,0.6,27.0
2026-09-12,wk inc covid hosp,0,2026-09-12,35,quantile,0.65,28.0
2026-09-12,wk inc covid hosp,0,2026-09-12,35,quantile,0.7,29.0
2026-09-12,wk inc covid hosp,0,2026-09-12,35,quantile,0.75,30.0
2026-09-12,wk inc covid hosp,0,2026-09-12,35,quantile,0.8,31.0
2026-09-12,wk inc covid hosp,0,2026-09-12,35,quantile,0.85,33.0
2026-09-12,wk inc covid hosp,0,2026-09-12,35,quantile,0.9,35.0
2026-09-12,wk inc covid hosp,0,2026-09-12,35,quantile,0.95,38.0
2026-09-12,wk inc covid hosp,0,2026-09-12,35,quantile,0.975,40.0
2026-09-12,wk inc covid hosp,0,2026-09-12,35,quantile,0.99,43.0
2026-09-12,wk inc covid hosp,0,2026-09-12,36,quantile,0.01,127.0
2026-09-12,wk inc covid hosp,0,2026-09-12,36,quantile,0.025,138.0
2026-09-12,wk inc covid hosp,0,2026-09-12,36,quantile,0.05,148.0
2026-09-12,wk inc covid hosp,0,2026-09-12,36,quantile,0.1,160.0
2026-09-12,wk inc covid hosp,0,2026-09-12,36,quantile,0.15,169.0
2026-09-12,wk inc covid hosp,0,2026-09-12,36,quantile,0.2,176.0
2026-09-12,wk inc covid hosp,0,2026-09-12,36,quantile,0.25,182.0
2026-09-12,wk inc covid hosp,0,2026-09-12,36,quantile,0.3,188.0
2026-09-12,wk inc covid hosp,0,2026-09-12,36,quantile,0.35,193.0
2026-09-12,wk inc covid hosp,0,2026-09-12,36,quantile,0.4,198.0
2026-09-12,wk inc covid hosp,0,2026-09-12,36,quantile,0.45,203.0
2026-09-12,wk inc covid hosp,0,2026-09-12,36,quantile,0.5,208.0
2026-09-12,wk inc covid hosp,0,2026-09-12,36,quantile,0.55,213.0
2026-09-12,wk inc covid hosp,0,2026-09-12,36,quantile,0.6,218.0
2026-09-12,wk inc covid hosp,0,2026-09-12,36,quantile,0.65,224.0
2026-09-12,wk inc covid hosp,0,2026-09-12,36,quantile,0.7,230.0
2026-09-12,wk inc covid hosp,0,2026-09-12,36,quantile,0.75,236.0
2026-09-12,wk inc covid hosp,0,2026-09-12,36,quantile,0.8,244.0
2026-09-12,wk inc covid hosp,0,2026-09-12,36,quantile,0.85,253.0
2026-09-12,wk inc covid hosp,0,2026-09-12,36,quantile,0.9,264.0
2026-09-12,wk inc covid hosp,0,2026-09-12,36,quantile,0.95,281.0
2026-09-12,wk inc covid hosp,0,2026-09-12,36,quantile,0.975,297.0
2026-09-12,wk inc covid hosp,0,2026-09-12,36,quantile,0.99,316.0
2026-09-12,wk inc covid hosp,0,2026-09-12,37,quantile,0.01,94.0
2026-09-12,wk inc covid hosp,0,2026-09-12,37,quantile,0.025,103.0
2026-09-12,wk inc covid hosp,0,2026-09-12,37,quantile,0.05,111.0
2026-09-12,wk inc covid hosp,0,2026-09-12,37,quantile,0.1,120.0
2026-09-12,wk inc covid hosp,0,2026-09-12,37,quantile,0.15,127.0
2026-09-12,wk inc covid hosp,0,2026-09-12,37,quantile,0.2,132.0
2026-09-12,wk inc covid hosp,0,2026-09-12,37,quantile,0.25,137.0
2026-09-12,wk inc covid hosp,0,2026-09-12,37,quantile,0.3,141.0
2026-09-12,wk inc covid hosp,0,2026-09-12,37,quantile,0.35,145.0
2026-09-12,wk inc covid hosp,0,2026-09-12,37,quantile,0.4,149.0
2026-09-12,wk inc covid hosp,0,2026-09-12,37,quantile,0.45,153.0
2026-09-12,wk inc covid hosp,0,2026-09-12,37,quantile,0.5,157.0
2026-09-12,wk inc covid hosp,0,2026-09-12,37,quantile,0.55,161.0
2026-09-12,wk inc covid hosp,0,2026-09-12,37,quantile,0.6,165.0
2026-09-12,wk inc covid hosp,0,2026-09-12,37,quantile,0.65,169.0
2026-09-12,wk inc covid hosp,0,2026-09-12,37,quantile,0.7,173.0
2026-09-12,wk inc covid hosp,0,2026-09-12,37,quantile,0.75,178.0
2026-09-12,wk inc covid hosp,0,2026-09-12,37,quantile,0.8,184.0
2026-09-12,wk inc covid hosp,0,2026-09-12,37,quantile,0.85,191.0
2026-09-12,wk inc covid hosp,0,2026-09-12,37,quantile,0.9,200.0
2026-09-12,wk inc covid hosp,0,2026-09-12,37,quantile,0.95,213.0
2026-09-12,wk inc covid hosp,0,2026-09-12,37,quantile,0.975,225.0
2026-09-12,wk inc covid hosp,0,2026-09-12,37,quantile,0.99,239.0
2026-09-12,wk inc covid hosp,0,2026-09-12,38,quantile,0.01,0.0
2026-09-12,wk inc covid hosp,0,2026-09-12,38,quantile,0.025,0.0
2026-09-12,wk inc covid hosp,0,2026-09-12,38,quantile,0.05,0.0
2026-09-12,wk inc covid hosp,0,2026-09-12,38,quantile,0.1,0.0
2026-09-12,wk inc covid hosp,0,2026-09-12,38,quantile,0.15,0.0
2026-09-12,wk inc covid hosp,0,2026-09-12,38,quantile,0.2,1.0
2026-09-12,wk inc covid hosp,0,2026-09-12,38,quantile,0.25,1.0
2026-09-12,wk inc covid hosp,0,2026-09-12,38,quantile,0.3,1.0
2026-09-12,wk inc covid hosp,0,2026-09-12,38,quantile,0.35,1.0
2026-09-12,wk inc covid hosp,0,2026-09-12,38,quantile,0.4,1.0
2026-09-12,wk inc covid hosp,0,2026-09-12,38,quantile,0.45,2.0
2026-09-12,wk inc covid hosp,0,2026-09-12,38,quantile,0.5,2.0
2026-09-12,wk inc covid hosp,0,2026-09-12,38,quantile,0.55,2.0
2026-09-12,wk inc covid hosp,0,2026-09-12,38,quantile,0.6,2.0
2026-09-12,wk inc covid hosp,0,2026-09-12,38,quantile,0.65,2.0
2026-09-12,wk inc covid hosp,0,2026-09-12,38,quantile,0.7,3.0
2026-09-12,wk inc covid hosp,0,2026-09-12,38,quantile,0.75,3.0
2026-09-12,wk inc covid hosp,0,2026-09-12,38,quantile,0.8,3.0
2026-09-12,wk inc covid hosp,0,2026-09-12,38,quantile,0.85,3.0
2026-09-12,wk inc covid hosp,0,2026-09-12,38,quantile,0.9,4.0
2026-09-12,wk inc covid hosp,0,2026-09-12,38,quantile,0.95,5.0
2026-09-12,wk inc covid hosp,0,2026-09-12,38,quantile,0.975,5.0
2026-09-12,wk inc covid hosp,0,2026-09-12,38,quantile,0.99,6.0
2026-09-12,wk inc covid hosp,0,2026-09-12,39,quantile,0.01,47.0
2026-09-12,wk inc covid hosp,0,2026-09-12,39,quantile,0.025,52.0
2026-09-12,wk inc covid hosp,0,2026-09-12,39,quantile,0.05,57.0
2026-09-12,wk inc covid hosp,0,2026-09-12,39,quantile,0.1,62.0
2026-09-12,wk inc covid hosp,0,2026-09-12,39,quantile,0.15,66.0
2026-09-12,wk inc covid hosp,0,2026-09-12,39,quantile,0.2,69.0
2026-09-12,wk inc covid hosp,0,2026-09-12,39,quantile,0.25,71.0
2026-09-12,wk inc covid hosp,0,2026-09-12,39,quantile,0.3,74.0
2026-09-12,wk inc covid hosp,0,2026-09-12,39,quantile,0.35,76.0
2026-09-12,wk inc covid hosp,0,2026-09-12,39,quantile,0.4,78.0
2026-09-12,wk inc covid hosp,0,2026-09-12,39,quantile,0.45,80.0
2026-09-12,wk inc covid hosp,0,2026-09-12,39,quantile,0.5,83.0
2026-09-12,wk inc covid hosp,0,2026-09-12,39,quantile,0.55,85.0
2026-09-12,wk inc covid hosp,0,2026-09-12,39,quantile,0.6,87.0
2026-09-12,wk inc covid hosp,0,2026-09-12,39,quantile,0.65,89.0
2026-09-12,wk inc covid hosp,0,2026-09-12,39,quantile,0.7,92.0
2026-09-12,wk inc covid hosp,0,2026-09-12,39,quantile,0.75,95.0
2026-09-12,wk inc covid hosp,0,2026-09-12,39,quantile,0.8,98.0
2026-09-12,wk inc covid hosp,0,2026-09-12,39,quantile,0.85,102.0
2026-09-12,wk inc covid hosp,0,2026-09-12,39,quantile,0.9,107.0
2026-09-12,wk inc covid hosp,0,2026-09-12,39,quantile,0.95,114.0
2026-09-12,wk inc covid hosp,0,2026-09-12,39,quantile,0.975,121.0
2026-09-12,wk inc covid hosp,0,2026-09-12,39,quantile,0.99,129.0
2026-09-12,wk inc covid hosp,0,2026-09-12,40,quantile,0.01,16.0
2026-09-12,wk inc covid hosp,0,2026-09-12,40,quantile,0.025,18.0
2026-09-12,wk inc covid hosp,0,2026-09-12,40,quantile,0.05,20.0
2026-09-12,wk inc covid hosp,0,2026-09-12,40,quantile,0.1,23.0
2026-09-12,wk inc covid hosp,0,2026-09-12,40,quantile,0.15,24.0
2026-09-12,wk inc covid hosp,0,2026-09-12,40,quantile,0.2,26.0
2026-09-12,wk inc covid hosp,0,2026-09-12,40,quantile,0.25,27.0
2026-09-12,wk inc covid hosp,0,2026-09-12,40,quantile,0.3,28.0
2026-09-12,wk inc covid hosp,0,2026-09-12,40,quantile,0.35,29.0
2026-09-12,wk inc covid hosp,0,2026-09-12,40,quantile,0.4,30.0
2026-09-12,wk inc covid hosp,0,2026-09-12,40,quantile,0.45,31.0
2026-09-12,wk inc covid hosp,0,2026-09-12,40,quantile,0.5,32.0
2026-09-12,wk inc covid hosp,0,2026-09-12,40,quantile,0.55,33.0
2026-09-12,wk inc covid hosp,0,2026-09-12,40,quantile,0.6,34.0
2026-09-12,wk inc covid hosp,0,2026-09-12,40,quantile,0.65,36.0
2026-09-12,wk inc covid hosp,0,2026-09-12,40,quantile,0.7,37.0
2026-09-12,wk inc covid hosp,0,2026-09-12,40,quantile,0.75,38.0
2026-09-12,wk inc covid hosp,0,2026-09-12,40,quantile,0.8,40.0
2026-09-12,wk inc covid hosp,0,2026-09-12,40,quantile,0.85,41.0
2026-09-12,wk inc covid hosp,0,2026-09-12,40,quantile,0.9,44.0
2026-09-12,wk inc covid hosp,0,2026-09-12,40,quantile,0.95,47.0
2026-09-12,wk inc covid hosp,0,2026-09-12,40,quantile,0.975,50.0
2026-09-12,wk inc covid hosp,0,2026-09-12,40,quantile,0.99,54.0
2026-09-12,wk inc covid hosp,0,2026-09-12,41,quantile,0.01,11.0
2026-09-12,wk inc covid hosp,0,2026-09-12,41,quantile,0.025,12.0
2026-09-12,wk inc covid hosp,0,2026-09-12,41,quantile,0.05,14.0
2026-09-12,wk inc covid hosp,0,2026-09-12,41,quantile,0.1,16.0
2026-09-12,wk inc covid hosp,0,2026-09-12,41,quantile,0.15,17.0
2026-09-12,wk inc covid hosp,0,2026-09-12,41,quantile,0.2,18.0
2026-09-12,wk inc covid hosp,0,2026-09-12,41,quantile,0.25,19.0
2026-09-12,wk inc covid hosp,0,2026-09-12,41,quantile,0.3,20.0
2026-09-12,wk inc covid hosp,0,2026-09-12,41,quantile,0.35,21.0
2026-09-12,wk inc covid hosp,0,2026-09-12,41,quantile,0.4,22.0
2026-09-12,wk inc covid hosp,0,2026-09-12,41,quantile,0.45,22.0
2026-09-12,wk inc covid hosp,0,2026-09-12,41,quantile,0.5,23.0
2026-09-12,wk inc covid hosp,0,2026-09-12,41,quantile,0.55,24.0
2026-09-12,wk inc covid hosp,0,2026-09-12,41,quantile,0.6,25.0
2026-09-12,wk inc covid hosp,0,2026-09-12,41,quantile,0.65,26.0
2026-09-12,wk inc covid hosp,0,2026-09-12,41,quantile,0.7,27.0
2026-09-12,wk inc covid hosp,0,2026-09-12,41,quantile,0.75,28.0
2026-09-12,wk inc covid hosp,0,2026-09-12,41,quantile,0.8,29.0
2026-09-12,wk inc covid hosp,0,2026-09-12,41,quantile,0.85,30.0
2026-09-12,wk inc covid hosp,0,2026-09-12,41,quantile,0.9,32.0
2026-09-12,wk inc covid hosp,0,2026-09-12,41,quantile,0.95,35.0
2026-09-12,wk inc covid hosp,0,2026-09-12,41,quantile,0.975,38.0
2026-09-12,wk inc covid hosp,0,2026-09-12,41,quantile,0.99,41.0
2026-09-12,wk inc covid hosp,0,2026-09-12,42,quantile,0.01,66.0
2026-09-12,wk inc covid hosp,0,2026-09-12,42,quantile,0.025,72.0
2026-09-12,wk inc covid hosp,0,2026-09-12,42,quantile,0.05,77.0
2026-09-12,wk inc covid hosp,0,2026-09-12,42,quantile,0.1,84.0
2026-09-12,wk inc covid hosp,0,2026-09-12,42,quantile,0.15,89.0
2026-09-12,wk inc covid hosp,0,2026-09-12,42,quantile,0.2,93.0
2026-09-12,wk inc covid hosp,0,2026-09-12,42,quantile,0.25,96.0
2026-09-12,wk inc covid hosp,0,2026-09-12,42,quantile,0.3,100.0
2026-09-12,wk inc covid hosp,0,2026-09-12,42,quantile,0.35,103.0
2026-09-12,wk inc covid hosp,0,2026-09-12,42,quantile,0.4,106.0
2026-09-12,wk inc covid hosp,0,2026-09-12,42,quantile,0.45,108.0
2026-09-12,wk inc covid hosp,0,2026-09-12,42,quantile,0.5,111.0
2026-09-12,wk inc covid hosp,0,2026-09-12,42,quantile,0.55,114.0
2026-09-12,wk inc covid hosp,0,2026-09-12,42,quantile,0.6,117.0
2026-09-12,wk inc covid hosp,0,2026-09-12,42,quantile,0.65,120.0
2026-09-12,wk inc covid hosp,0,2026-09-12,42,quantile,0.7,123.0
2026-09-12,wk inc covid hosp,0,2026-09-12,42,quantile,0.75,127.0
2026-09-12,wk inc covid hosp,0,2026-09-12,42,quantile,0.8,131.0
2026-09-12,wk inc covid hosp,0,2026-09-12,42,quantile,0.85,136.0
2026-09-12,wk inc covid hosp,0,2026-09-12,42,quantile,0.9,143.0
2026-09-12,wk inc covid hosp,0,2026-09-12,42,quantile,0.95,152.0
2026-09-12,wk inc covid hosp,0,2026-09-12,42,quantile,0.975,161.0
2026-09-12,wk inc covid hosp,0,2026-09-12,42,quantile,0.99,172.0
2026-09-12,wk inc covid hosp,0,2026-09-12,44,quantile,0.01,3.0
2026-09-12,wk inc covid hosp,0,2026-09-12,44,quantile,0.025,3.0
2026-09-12,wk inc covid hosp,0,2026-09-12,44,quantile,0.05,4.0
2026-09-12,wk inc covid hosp,0,2026-09-12,44,quantile,0.1,5.0
2026-09-12,wk inc covid hosp,0,2026-09-12,44,quantile,0.15,6.0
2026-09-12,wk inc covid hosp,0,2026-09-12,44,quantile,0.2,6.0
2026-09-12,wk inc covid hosp,0,2026-09-12,44,quantile,0.25,7.0
2026-09-12,wk inc covid hosp,0,2026-09-12,44,quantile,0.3,7.0
2026-09-12,wk inc covid hosp,0,2026-09-12,44,quantile,0.35,8.0
2026-09-12,wk inc covid hosp,0,2026-09-12,44,quantile,0.4,8.0
2026-09-12,wk inc covid hosp,0,2026-09-12,44,quantile,0.45,9.0
2026-09-12,wk inc covid hosp,0,2026-09-12,44,quantile,0.5,9.0
2026-09-12,wk inc covid hosp,0,2026-09-12,44,quantile,0.55,10.0
2026-09-12,wk inc covid hosp,0,2026-09-12,44,quantile,0.6,10.0
2026-09-12,wk inc covid hosp,0,2026-09-12,44,quantile,0.65,11.0
2026-09-12,wk inc covid hosp,0,2026-09-12,44,quantile,0.7,11.0
2026-09-12,wk inc covid hosp,0,2026-09-12,44,quantile,0.75,12.0
2026-09-12,wk inc covid hosp,0,2026-09-12,44,quantile,0.8,12.0
2026-09-12,wk inc covid hosp,0,2026-09-12,44,quantile,0.85,13.0
2026-09-12,wk inc covid hosp,0,2026-09-12,44,quantile,0.9,14.0
2026-09-12,wk inc covid hosp,0,2026-09-12,44,quantile,0.95,16.0
2026-09-12,wk inc covid hosp,0,2026-09-12,44,quantile,0.975,17.0
2026-09-12,wk inc covid hosp,0,2026-09-12,44,quantile,0.99,19.0
2026-09-12,wk inc covid hosp,0,2026-09-12,45,quantile,0.01,36.0
2026-09-12,wk inc covid hosp,0,2026-09-12,45,quantile,0.025,40.0
2026-09-12,wk inc covid hosp,0,2026-09-12,45,quantile,0.05,44.0
2026-09-12,wk inc covid hosp,0,2026-09-12,45,quantile,0.1,48.0
2026-09-12,wk inc covid hosp,0,2026-09-12,45,quantile,0.15,51.0
2026-09-12,wk inc covid hosp,0,2026-09-12,45,quantile,0.2,54.0
2026-09-12,wk inc covid hosp,0,2026-09-12,45,quantile,0.25,56.0
2026-09-12,wk inc covid hosp,0,2026-09-12,45,quantile,0.3,58.0
2026-09-12,wk inc covid hosp,0,2026-09-12,45,quantile,0.35,60.0
2026-09-12,wk inc covid hosp,0,2026-09-12,45,quantile,0.4,61.0
2026-09-12,wk inc covid hosp,0,2026-09-12,45,quantile,0.45,63.0
2026-09-12,wk inc covid hosp,0,2026-09-12,45,quantile,0.5,65.0
2026-09-12,wk inc covid hosp,0,2026-09-12,45,quantile,0.55,67.0
2026-09-12,wk inc covid hosp,0,2026-09-12,45,quantile,0.6,69.0
2026-09-12,wk inc covid hosp,0,2026-09-12,45,quantile,0.65,71.0
2026-09-12,wk inc covid hosp,0,2026-09-12,45,quantile,0.7,73.0
2026-09-12,wk inc covid hosp,0,2026-09-12,45,quantile,0.75,75.0
2026-09-12,wk inc covid hosp,0,2026-09-12,45,quantile,0.8,78.0
2026-09-12,wk inc covid hosp,0,2026-09-12,45,quantile,0.85,81.0
2026-09-12,wk inc covid hosp,0,2026-09-12,45,quantile,0.9,85.0
2026-09-12,wk inc covid hosp,0,2026-09-12,45,quantile,0.95,91.0
2026-09-12,wk inc covid hosp,0,2026-09-12,45,quantile,0.975,96.0
2026-09-12,wk inc covid hosp,0,2026-09-12,45,quantile,0.99,103.0
2026-09-12,wk inc covid hosp,0,2026-09-12,46,quantile,0.01,1.0
2026-09-12,wk inc covid hosp,0,2026-09-12,46,quantile,0.025,1.0
2026-09-12,wk inc covid hosp,0,2026-09-12,46,quantile,0.05,2.0
2026-09-12,wk inc covid hosp,0,2026-09-12,46,quantile,0.1,3.0
2026-09-12,wk inc covid hosp,0,2026-09-12,46,quantile,0.15,3.0
2026-09-12,wk inc covid hosp,0,2026-09-12,46,quantile,0.2,3.0
2026-09-12,wk inc covid hosp,0,2026-09-12,46,quantile,0.25,4.0
2026-09-12,wk inc covid hosp,0,2026-09-12,46,quantile,0.3,4.0
2026-09-12,wk inc covid hosp,0,2026-09-12,46,quantile,0.35,5.0
2026-09-12,wk inc covid hosp,0,2026-09-12,46,quantile,0.4,5.0
2026-09-12,wk inc covid hosp,0,2026-09-12,46,quantile,0.45,5.0
2026-09-12,wk inc covid hosp,0,2026-09-12,46,quantile,0.5,6.0
2026-09-12,wk inc covid hosp,0,2026-09-12,46,quantile,0.55,6.0
2026-09-12,wk inc covid hosp,0,2026-09-12,46,quantile,0.6,6.0
2026-09-12,wk inc covid hosp,0,2026-09-12,46,quantile,0.65,7.0
2026-09-12,wk inc covid hosp,0,2026-09-12,46,quantile,0.7,7.0
2026-09-12,wk inc covid hosp,0,2026-09-12,46,quantile,0.75,7.0
2026-09-12,wk inc covid hosp,0,2026-09-12,46,quantile,0.8,8.0
2026-09-12,wk inc covid hosp,0,2026-09-12,46,quantile,0.85,8.0
2026-09-12,wk inc covid hosp,0,2026-09-12,46,quantile,0.9,9.0
2026-09-12,wk inc covid hosp,0,2026-09-12,46,quantile,0.95,10.0
2026-09-12,wk inc covid hosp,0,2026-09-12,46,quantile,0.975,11.0
2026-09-12,wk inc covid hosp,0,2026-09-12,46,quantile,0.99,13.0
2026-09-12,wk inc covid hosp,0,2026-09-12,47,quantile,0.01,42.0
2026-09-12,wk inc covid hosp,0,2026-09-12,47,quantile,0.025,47.0
2026-09-12,wk inc covid hosp,0,2026-09-12,47,quantile,0.05,51.0
2026-09-12,wk inc covid hosp,0,2026-09-12,47,quantile,0.1,56.0
2026-09-12,wk inc covid hosp,0,2026-09-12,47,quantile,0.15,59.0
2026-09-12,wk inc covid hosp,0,2026-09-12,47,quantile,0.2,62.0
2026-09-12,wk inc covid hosp,0,2026-09-12,47,quantile,0.25,64.0
2026-09-12,wk inc covid hosp,0,2026-09-12,47,quantile,0.3,66.0
2026-09-12,wk inc covid hosp,0,2026-09-12,47,quantile,0.35,69.0
2026-09-12,wk inc covid hosp,0,2026-09-12,47,quantile,0.4,71.0
2026-09-12,wk inc covid hosp,0,2026-09-12,47,quantile,0.45,73.0
2026-09-12,wk inc covid hosp,0,2026-09-12,47,quantile,0.5,75.0
2026-09-12,wk inc covid hosp,0,2026-09-12,47,quantile,0.55,77.0
2026-09-12,wk inc covid hosp,0,2026-09-12,47,quantile,0.6,79.0
2026-09-12,wk inc covid hosp,0,2026-09-12,47,quantile,0.65,81.0
2026-09-12,wk inc covid hosp,0,2026-09-12,47,quantile,0.7,83.0
2026-09-12,wk inc covid hosp,0,2026-09-12,47,quantile,0.75,86.0
2026-09-12,wk inc covid hosp,0,2026-09-12,47,quantile,0.8,89.0
2026-09-12,wk inc covid hosp,0,2026-09-12,47,quantile,0.85,92.0
2026-09-12,wk inc covid hosp,0,2026-09-12,47,quantile,0.9,97.0
2026-09-12,wk inc covid hosp,0,2026-09-12,47,quantile,0.95,104.0
2026-09-12,wk inc covid hosp,0,2026-09-12,47,quantile,0.975,110.0
2026-09-12,wk inc covid hosp,0,2026-09-12,47,quantile,0.99,117.0
2026-09-12,wk inc covid hosp,0,2026-09-12,48,quantile,0.01,343.0
2026-09-12,wk inc covid hosp,0,2026-09-12,48,quantile,0.025,371.0
2026-09-12,wk inc covid hosp,0,2026-09-12,48,quantile,0.05,396.0
2026-09-12,wk inc covid hosp,0,2026-09-12,48,quantile,0.1,427.0
2026-09-12,wk inc covid hosp,0,2026-09-12,48,quantile,0.15,448.0
2026-09-12,wk inc covid hosp,0,2026-09-12,48,quantile,0.2,466.0
2026-09-12,wk inc covid hosp,0,2026-09-12,48,quantile,0.25,481.0
2026-09-12,wk inc covid hosp,0,2026-09-12,48,quantile,0.3,495.0
2026-09-12,wk inc covid hosp,0,2026-09-12,48,quantile,0.35,509.0
2026-09-12,wk inc covid hosp,0,2026-09-12,48,quantile,0.4,522.0
2026-09-12,wk inc covid hosp,0,2026-09-12,48,quantile,0.45,534.0
2026-09-12,wk inc covid hosp,0,2026-09-12,48,quantile,0.5,547.0
2026-09-12,wk inc covid hosp,0,2026-09-12,48,quantile,0.55,560.0
2026-09-12,wk inc covid hosp,0,2026-09-12,48,quantile,0.6,573.0
2026-09-12,wk inc covid hosp,0,2026-09-12,48,quantile,0.65,587.0
2026-09-12,wk inc covid hosp,0,2026-09-12,48,quantile,0.7,602.0
2026-09-12,wk inc covid hosp,0,2026-09-12,48,quantile,0.75,618.0
2026-09-12,wk inc covid hosp,0,2026-09-12,48,quantile,0.8,637.0
2026-09-12,wk inc covid hosp,0,2026-09-12,48,quantile,0.85,659.0
2026-09-12,wk inc covid hosp,0,2026-09-12,48,quantile,0.9,688.0
2026-09-12,wk inc covid hosp,0,2026-09-12,48,quantile,0.95,731.0
2026-09-12,wk inc covid hosp,0,2026-09-12,48,quantile,0.975,771.0
2026-09-12,wk inc covid hosp,0,2026-09-12,48,quantile,0.99,818.0
2026-09-12,wk inc covid hosp,0,2026-09-12,49,quantile,0.01,1.0
2026-09-12,wk inc covid hosp,0,2026-09-12,49,quantile,0.025,2.0
2026-09-12,wk inc covid hosp,0,2026-09-12,49,quantile,0.05,2.0
2026-09-12,wk inc covid hosp,0,2026-09-12,49,quantile,0.1,3.0
2026-09-12,wk inc covid hosp,0,2026-09-12,49,quantile,0.15,4.0
2026-09-12,wk inc covid hosp,0,2026-09-12,49,quantile,0.2,4.0
2026-09-12,wk inc covid hosp,0,2026-09-12,49,quantile,0.25,4.0
2026-09-12,wk inc covid hosp,0,2026-09-12,49,quantile,0.3,5.0
2026-09-12,wk inc covid hosp,0,2026-09-12,49,quantile,0.35,5.0
2026-09-12,wk inc covid hosp,0,2026-09-12,49,quantile,0.4,5.0
2026-09-12,wk inc covid hosp,0,2026-09-12,49,quantile,0.45,6.0
2026-09-12,wk inc covid hosp,0,2026-09-12,49,quantile,0.5,6.0
2026-09-12,wk inc covid hosp,0,2026-09-12,49,quantile,0.55,7.0
2026-09-12,wk inc covid hosp,0,2026-09-12,49,quantile,0.6,7.0
2026-09-12,wk inc covid hosp,0,2026-09-12,49,quantile,0.65,7.0
2026-09-12,wk inc covid hosp,0,2026-09-12,49,quantile,0.7,8.0
2026-09-12,wk inc covid hosp,0,2026-09-12,49,quantile,0.75,8.0
2026-09-12,wk inc covid hosp,0,2026-09-12,49,quantile,0.8,9.0
2026-09-12,wk inc covid hosp,0,2026-09-12,49,quantile,0.85,9.0
2026-09-12,wk inc covid hosp,0,2026-09-12,49,quantile,0.9,10.0
2026-09-12,wk inc covid hosp,0,2026-09-12,49,quantile,0.95,11.0
2026-09-12,wk inc covid hosp,0,2026-09-12,49,quantile,0.975,12.0
2026-09-12,wk inc covid hosp,0,2026-09-12,49,quantile,0.99,14.0
2026-09-12,wk inc covid hosp,0,2026-09-12,50,quantile,0.01,1.0
2026-09-12,wk inc covid hosp,0,2026-09-12,50,quantile,0.025,2.0
2026-09-12,wk inc covid hosp,0,2026-09-12,50,quantile,0.05,2.0
2026-09-12,wk inc covid hosp,0,2026-09-12,50,quantile,0.1,3.0
2026-09-12,wk inc covid hosp,0,2026-09-12,50,quantile,0.15,4.0
2026-09-12,wk inc covid hosp,0,2026-09-12,50,quantile,0.2,4.0
2026-09-12,wk inc covid hosp,0,2026-09-12,50,quantile,0.25,5.0
2026-09-12,wk inc covid hosp,0,2026-09-12,50,quantile,0.3,5.0
2026-09-12,wk inc covid hosp,0,2026-09-12,50,quantile,0.35,5.0
2026-09-12,wk inc covid hosp,0,2026-09-12,50,quantile,0.4,6.0
2026-09-12,wk inc covid hosp,0,2026-09-12,50,quantile,0.45,6.0
2026-09-12,wk inc covid hosp,0,2026-09-12,50,quantile,0.5,6.0
2026-09-12,wk inc covid hosp,0,2026-09-12,50,quantile,0.55,7.0
2026-09-12,wk inc covid hosp,0,2026-09-12,50,quantile,0.6,7.0
2026-09-12,wk inc covid hosp,0,2026-09-12,50,quantile,0.65,8.0
2026-09-12,wk inc covid hosp,0,2026-09-12,50,quantile,0.7,8.0
2026-09-12,wk inc covid hosp,0,2026-09-12,50,quantile,0.75,9.0
2026-09-12,wk inc covid hosp,0,2026-09-12,50,quantile,0.8,9.0
2026-09-12,wk inc covid hosp,0,2026-09-12,50,quantile,0.85,10.0
2026-09-12,wk inc covid hosp,0,2026-09-12,50,quantile,0.9,11.0
2026-09-12,wk inc covid hosp,0,2026-09-12,50,quantile,0.95,12.0
2026-09-12,wk inc covid hosp,0,2026-09-12,50,quantile,0.975,13.0
2026-09-12,wk inc covid hosp,0,2026-09-12,50,quantile,0.99,14.0
2026-09-12,wk inc covid hosp,0,2026-09-12,51,quantile,0.01,18.0
2026-09-12,wk inc covid hosp,0,2026-09-12,51,quantile,0.025,20.0
2026-09-12,wk inc covid hosp,0,2026-09-12,51,quantile,0.05,22.0
2026-09-12,wk inc covid hosp,0,2026-09-12,51,quantile,0.1,25.0
2026-09-12,wk inc covid hosp,0,2026-09-12,51,quantile,0.15,27.0
2026-09-12,wk inc covid hosp,0,2026-09-12,51,quantile,0.2,28.0
2026-09-12,wk inc covid hosp,0,2026-09-12,51,quantile,0.25,30.0
2026-09-12,wk inc covid hosp,0,2026-09-12,51,quantile,0.3,31.0
2026-09-12,wk inc covid hosp,0,2026-09-12,51,quantile,0.35,32.0
2026-09-12,wk inc covid hosp,0,2026-09-12,51,quantile,0.4,33.0
2026-09-12,wk inc covid hosp,0,2026-09-12,51,quantile,0.45,34.0
2026-09-12,wk inc covid hosp,0,2026-09-12,51,quantile,0.5,35.0
2026-09-12,wk inc covid hosp,0,2026-09-12,51,quantile,0.55,36.0
2026-09-12,wk inc covid hosp,0,2026-09-12,51,quantile,0.6,38.0
2026-09-12,wk inc covid hosp,0,2026-09-12,51,quantile,0.65,39.0
2026-09-12,wk inc covid hosp,0,2026-09-12,51,quantile,0.7,40.0
2026-09-12,wk inc covid hosp,0,2026-09-12,51,quantile,0.75,41.0
2026-09-12,wk inc covid hosp,0,2026-09-12,51,quantile,0.8,43.0
2026-09-12,wk inc covid hosp,0,2026-09-12,51,quantile,0.85,45.0
2026-09-12,wk inc covid hosp,0,2026-09-12,51,quantile,0.9,47.0
2026-09-12,wk inc covid hosp,0,2026-09-12,51,quantile,0.95,51.0
2026-09-12,wk inc covid hosp,0,2026-09-12,51,quantile,0.975,55.0
2026-09-12,wk inc covid hosp,0,2026-09-12,51,quantile,0.99,59.0
2026-09-12,wk inc covid hosp,0,2026-09-12,53,quantile,0.01,21.0
2026-09-12,wk inc covid hosp,0,2026-09-12,53,quantile,0.025,23.0
2026-09-12,wk inc covid hosp,0,2026-09-12,53,quantile,0.05,25.0
2026-09-12,wk inc covid hosp,0,2026-09-12,53,quantile,0.1,28.0
2026-09-12,wk inc covid hosp,0,2026-09-12,53,quantile,0.15,30.0
2026-09-12,wk inc covid hosp,0,2026-09-12,53,quantile,0.2,32.0
2026-09-12,wk inc covid hosp,0,2026-09-12,53,quantile,0.25,33.0
2026-09-12,wk inc covid hosp,0,2026-09-12,53,quantile,0.3,35.0
2026-09-12,wk inc covid hosp,0,2026-09-12,53,quantile,0.35,36.0
2026-09-12,wk inc covid hosp,0,2026-09-12,53,quantile,0.4,37.0
2026-09-12,wk inc covid hosp,0,2026-09-12,53,quantile,0.45,38.0
2026-09-12,wk inc covid hosp,0,2026-09-12,53,quantile,0.5,40.0
2026-09-12,wk inc covid hosp,0,2026-09-12,53,quantile,0.55,41.0
2026-09-12,wk inc covid hosp,0,2026-09-12,53,quantile,0.6,42.0
2026-09-12,wk inc covid hosp,0,2026-09-12,53,quantile,0.65,43.0
2026-09-12,wk inc covid hosp,0,2026-09-12,53,quantile,0.7,45.0
2026-09-12,wk inc covid hosp,0,2026-09-12,53,quantile,0.75,46.0
2026-09-12,wk inc covid hosp,0,2026-09-12,53,quantile,0.8,48.0
2026-09-12,wk inc covid hosp,0,2026-09-12,53,quantile,0.85,50.0
2026-09-12,wk inc covid hosp,0,2026-09-12,53,quantile,0.9,53.0
2026-09-12,wk inc covid hosp,0,2026-09-12,53,quantile,0.95,57.0
2026-09-12,wk inc covid hosp,0,2026-09-12,53,quantile,0.975,61.0
2026-09-12,wk inc covid hosp,0,2026-09-12,53,quantile,0.99,65.0
2026-09-12,wk inc covid hosp,0,2026-09-12,54,quantile,0.01,2.0
2026-09-12,wk inc covid hosp,0,2026-09-12,54,quantile,0.025,3.0
2026-09-12,wk inc covid hosp,0,2026-09-12,54,quantile,0.05,4.0
2026-09-12,wk inc covid hosp,0,2026-09-12,54,quantile,0.1,5.0
2026-09-12,wk inc covid hosp,0,2026-09-12,54,quantile,0.15,6.0
2026-09-12,wk inc covid hosp,0,2026-09-12,54,quantile,0.2,6.0
2026-09-12,wk inc covid hosp,0,2026-09-12,54,quantile,0.25,7.0
2026-09-12,wk inc covid hosp,0,2026-09-12,54,quantile,0.3,7.0
2026-09-12,wk inc covid hosp,0,2026-09-12,54,quantile,0.35,8.0
2026-09-12,wk inc covid hosp,0,2026-09-12,54,quantile,0.4,8.0
2026-09-12,wk inc covid hosp,0,2026-09-12,54,quantile,0.45,8.0
2026-09-12,wk inc covid hosp,0,2026-09-12,54,quantile,0.5,9.0
2026-09-12,wk inc covid hosp,0,2026-09-12,54,quantile,0.55,9.0
2026-09-12,wk inc covid hosp,0,2026-09-12,54,quantile,0.6,10.0
2026-09-12,wk inc covid hosp,0,2026-09-12,54,quantile,0.65,10.0
2026-09-12,wk inc covid hosp,0,2026-09-12,54,quantile,0.7,11.0
2026-09-12,wk inc covid hosp,0,2026-09-12,54,quantile,0.75,11.0
2026-09-12,wk inc covid hosp,0,2026-09-12,54,quantile,0.8,12.0
2026-09-12,wk inc covid hosp,0,2026-09-12,54,quantile,0.85,13.0
2026-09-12,wk inc covid hosp,0,2026-09-12,54,quantile,0.9,14.0
2026-09-12,wk inc covid hosp,0,2026-09-12,54,quantile,0.95,15.0
2026-09-12,wk inc covid hosp,0,2026-09-12,54,quantile,0.975,17.0
2026-09-12,wk inc covid hosp,0,2026-09-12,54,quantile,0.99,18.0
2026-09-12,wk inc covid hosp,0,2026-09-12,55,quantile,0.01,12.0
2026-09-12,wk inc covid hosp,0,2026-09-12,55,quantile,0.025,14.0
2026-09-12,wk inc covid hosp,0,2026-09-12,55,quantile,0.05,16.0
2026-09-12,wk inc covid hosp,0,2026-09-12,55,quantile,0.1,18.0
2026-09-12,wk inc covid hosp,0,2026-09-12,55,quantile,0.15,19.0
2026-09-12,wk inc covid hosp,0,2026-09-12,55,quantile,0.2,21.0
2026-09-12,wk inc covid hosp,0,2026-09-12,55,quantile,0.25,22.0
2026-09-12,wk inc covid hosp,0,2026-09-12,55,quantile,0.3,23.0
2026-09-12,wk inc covid hosp,0,2026-09-12,55,quantile,0.35,24.0
2026-09-12,wk inc covid hosp,0,2026-09-12,55,quantile,0.4,24.0
2026-09-12,wk inc covid hosp,0,2026-09-12,55,quantile,0.45,25.0
2026-09-12,wk inc covid hosp,0,2026-09-12,55,quantile,0.5,26.0
2026-09-12,wk inc covid hosp,0,2026-09-12,55,quantile,0.55,27.0
2026-09-12,wk inc covid hosp,0,2026-09-12,55,quantile,0.6,28.0
2026-09-12,wk inc covid hosp,0,2026-09-12,55,quantile,0.65,29.0
2026-09-12,wk inc covid hosp,0,2026-09-12,55,quantile,0.7,30.0
2026-09-12,wk inc covid hosp,0,2026-09-12,55,quantile,0.75,31.0
2026-09-12,wk inc covid hosp,0,2026-09-12,55,quantile,0.8,32.0
2026-09-12,wk inc covid hosp,0,2026-09-12,55,quantile,0.85,34.0
2026-09-12,wk inc covid hosp,0,2026-09-12,55,quantile,0.9,36.0
2026-09-12,wk inc covid hosp,0,2026-09-12,55,quantile,0.95,39.0
2026-09-12,wk inc covid hosp,0,2026-09-12,55,quantile,0.975,42.0
2026-09-12,wk inc covid hosp,0,2026-09-12,55,quantile,0.99,45.0
2026-09-12,wk inc covid hosp,0,2026-09-12,56,quantile,0.01,0.0
2026-09-12,wk inc covid hosp,0,2026-09-12,56,quantile,0.025,0.0
2026-09-12,wk inc covid hosp,0,2026-09-12,56,quantile,0.05,0.0
2026-09-12,wk inc covid hosp,0,2026-09-12,56,quantile,0.1,0.0
2026-09-12,wk inc covid hosp,0,2026-09-12,56,quantile,0.15,0.0
2026-09-12,wk inc covid hosp,0,2026-09-12,56,quantile,0.2,1.0
2026-09-12,wk inc covid hosp,0,2026-09-12,56,quantile,0.25,1.0
2026-09-12,wk inc covid hosp,0,2026-09-12,56,quantile,0.3,1.0
2026-09-12,wk inc covid hosp,0,2026-09-12,56,quantile,0.35,1.0
2026-09-12,wk inc covid hosp,0,2026-09-12,56,quantile,0.4,1.0
2026-09-12,wk inc covid hosp,0,2026-09-12,56,quantile,0.45,2.0
2026-09-12,wk inc covid hosp,0,2026-09-12,56,quantile,0.5,2.0
2026-09-12,wk inc covid hosp,0,2026-09-12,56,quantile,0.55,2.0
2026-09-12,wk inc covid hosp,0,2026-09-12,56,quantile,0.6,2.0
2026-09-12,wk inc covid hosp,0,2026-09-12,56,quantile,0.65,2.0
2026-09-12,wk inc covid hosp,0,2026-09-12,56,quantile,0.7,3.0
2026-09-12,wk inc covid hosp,0,2026-09-12,56,quantile,0.75,3.0
2026-09-12,wk inc covid hosp,0,2026-09-12,56,quantile,0.8,3.0
2026-09-12,wk inc covid hosp,0,2026-09-12,56,quantile,0.85,3.0
2026-09-12,wk inc covid hosp,0,2026-09-12,56,quantile,0.9,4.0
2026-09-12,wk inc covid hosp,0,2026-09-12,56,quantile,0.95,5.0
2026-09-12,wk inc covid hosp,0,2026-09-12,56,quantile,0.975,5.0
2026-09-12,wk inc covid hosp,0,2026-09-12,56,quantile,0.99,6.0
2026-09-12,wk inc covid hosp,0,2026-09-12,72,quantile,0.01,20.0
2026-09-12,wk inc covid hosp,0,2026-09-12,72,quantile,0.025,23.0
2026-09-12,wk inc covid hosp,0,2026-09-12,72,quantile,0.05,26.0
2026-09-12,wk inc covid hosp,0,2026-09-12,72,quantile,0.1,30.0
2026-09-12,wk inc covid hosp,0,2026-09-12,72,quantile,0.15,32.0
2026-09-12,wk inc covid hosp,0,2026-09-12,72,quantile,0.2,34.0
2026-09-12,wk inc covid hosp,0,2026-09-12,72,quantile,0.25,36.0
2026-09-12,wk inc covid hosp,0,2026-09-12,72,quantile,0.3,38.0
2026-09-12,wk inc covid hosp,0,2026-09-12,72,quantile,0.35,40.0
2026-09-12,wk inc covid hosp,0,2026-09-12,72,quantile,0.4,41.0
2026-09-12,wk inc covid hosp,0,2026-09-12,72,quantile,0.45,43.0
2026-09-12,wk inc covid hosp,0,2026-09-12,72,quantile,0.5,45.0
2026-09-12,wk inc covid hosp,0,2026-09-12,72,quantile,0.55,46.0
2026-09-12,wk inc covid hosp,0,2026-09-12,72,quantile,0.6,48.0
2026-09-12,wk inc covid hosp,0,2026-09-12,72,quantile,0.65,50.0
2026-09-12,wk inc covid hosp,0,2026-09-12,72,quantile,0.7,52.0
2026-09-12,wk inc covid hosp,0,2026-09-12,72,quantile,0.75,54.0
2026-09-12,wk inc covid hosp,0,2026-09-12,72,quantile,0.8,56.0
2026-09-12,wk inc covid hosp,0,2026-09-12,72,quantile,0.85,59.0
2026-09-12,wk inc covid hosp,0,2026-09-12,72,quantile,0.9,63.0
2026-09-12,wk inc covid hosp,0,2026-09-12,72,quantile,0.95,69.0
2026-09-12,wk inc covid hosp,0,2026-09-12,72,quantile,0.975,75.0
2026-09-12,wk inc covid hosp,0,2026-09-12,72,quantile,0.99,81.0
2026-09-12,wk inc covid hosp,1,2026-09-19,01,quantile,0.01,53.0
2026-09-12,wk inc covid hosp,1,2026-09-19,01,quantile,0.025,60.0
2026-09-12,wk inc covid hosp,1,2026-09-19,01,quantile,0.05,66.0
2026-09-12,wk inc covid hosp,1,2026-09-19,01,quantile,0.1,74.0
2026-09-12,wk inc covid hosp,1,2026-09-19,01,quantile,0.15,80.0
2026-09-12,wk inc covid hosp,1,2026-09-19,01,quantile,0.2,84.0
2026-09-12,wk inc covid hosp,1,2026-09-19,01,quantile,0.25,88.0
2026-09-12,wk inc covid hosp,1,2026-09-19,01,quantile,0.3,92.0
2026-09-12,wk inc covid hosp,1,2026-09-19,01,quantile,0.35,96.0
2026-09-12,wk inc covid hosp,1,2026-09-19,01,quantile,0.4,99.0
2026-09-12,wk inc covid hosp,1,2026-09-19,01,quantile,0.45,103.0
2026-09-12,wk inc covid hosp,1,2026-09-19,01,quantile,0.5,106.0
2026-09-12,wk inc covid hosp,1,2026-09-19,01,quantile,0.55,110.0
2026-09-12,wk inc covid hosp,1,2026-09-19,01,quantile,0.6,113.0
2026-09-12,wk inc covid hosp,1,2026-09-19,01,quantile,0.65,117.0
2026-09-12,wk inc covid hosp,1,2026-09-19,01,quantile,0.7,121.0
2026-09-12,wk inc covid hosp,1,2026-09-19,01,quantile,0.75,126.0
2026-09-12,wk inc covid hosp,1,2026-09-19,01,quantile,0.8,131.0
2026-09-12,wk inc covid hosp,1,2026-09-19,01,quantile,0.85,137.0
2026-09-12,wk inc covid hosp,1,2026-09-19,01,quantile,0.9,145.0
2026-09-12,wk inc covid hosp,1,2026-09-19,01,quantile,0.95,158.0
2026-09-12,wk inc covid hosp,1,2026-09-19,01,quantile,0.975,169.0
2026-09-12,wk inc covid hosp,1,2026-09-19,01,quantile,0.99,183.0
2026-09-12,wk inc covid hosp,1,2026-09-19,02,quantile,0.01,1.0
2026-09-12,wk inc covid hosp,1,2026-09-19,02,quantile,0.025,2.0
2026-09-12,wk inc covid hosp,1,2026-09-19,02,quantile,0.05,2.0
2026-09-12,wk inc covid hosp,1,2026-09-19,02,quantile,0.1,3.0
2026-09-12,wk inc covid hosp,1,2026-09-19,02,quantile,0.15,4.0
2026-09-12,wk inc covid hosp,1,2026-09-19,02,quantile,0.2,4.0
2026-09-12,wk inc covid hosp,1,2026-09-19,02,quantile,0.25,5.0
2026-09-12,wk inc covid hosp,1,2026-09-19,02,quantile,0.3,5.0
2026-09-12,wk inc covid hosp,1,2026-09-19,02,quantile,0.35,5.0
2026-09-12,wk inc covid hosp,1,2026-09-19,02,quantile,0.4,6.0
2026-09-12,wk inc covid hosp,1,2026-09-19,02,quantile,0.45,6.0
2026-09-12,wk inc covid hosp,1,2026-09-19,02,quantile,0.5,7.0
2026-09-12,wk inc covid hosp,1,2026-09-19,02,quantile,0.55,7.0
2026-09-12,wk inc covid hosp,1,2026-09-19,02,quantile,0.6,7.0
2026-09-12,wk inc covid hosp,1,2026-09-19,02,quantile,0.65,8.0
2026-09-12,wk inc covid hosp,1,2026-09-19,02,quantile,0.7,8.0
2026-09-12,wk inc covid hosp,1,2026-09-19,02,quantile,0.75,9.0
2026-09-12,wk inc covid hosp,1,2026-09-19,02,quantile,0.8,9.0
2026-09-12,wk inc covid hosp,1,2026-09-19,02,quantile,0.85,10.0
2026-09-12,wk inc covid hosp,1,2026-09-19,02,quantile,0.9,11.0
2026-09-12,wk inc covid hosp,1,2026-09-19,02,quantile,0.95,12.0
2026-09-12,wk inc covid hosp,1,2026-09-19,02,quantile,0.975,14.0
2026-09-12,wk inc covid hosp,1,2026-09-19,02,quantile,0.99,15.0
2026-09-12,wk inc covid hosp,1,2026-09-19,04,quantile,0.01,54.0
2026-09-12,wk inc covid hosp,1,2026-09-19,04,quantile,0.025,61.0
2026-09-12,wk inc covid hosp,1,2026-09-19,04,quantile,0.05,68.0
2026-09-12,wk inc covid hosp,1,2026-09-19,04,quantile,0.1,76.0
2026-09-12,wk inc covid hosp,1,2026-09-19,04,quantile,0.15,81.0
2026-09-12,wk inc covid hosp,1,2026-09-19,04,quantile,0.2,86.0
2026-09-12,wk inc covid hosp,1,2026-09-19,04,quantile,0.25,90.0
2026-09-12,wk inc covid hosp,1,2026-09-19,04,quantile,0.3,94.0
2026-09-12,wk inc covid hosp,1,2026-09-19,04,quantile,0.35,98.0
2026-09-12,wk inc covid hosp,1,2026-09-19,04,quantile,0.4,101.0
2026-09-12,wk inc covid hosp,1,2026-09-19,04,quantile,0.45,105.0
2026-09-12,wk inc covid hosp,1,2026-09-19,04,quantile,0.5,108.0
2026-09-12,wk inc covid hosp,1,2026-09-19,04,quantile,0.55,112.0
2026-09-12,wk inc covid hosp,1,2026-09-19,04,quantile,0.6,115.0
2026-09-12,wk inc covid hosp,1,2026-09-19,04,quantile,0.65,119.0
2026-09-12,wk inc covid hosp,1,2026-09-19,04,quantile,0.7,124.0
2026-09-12,wk inc covid hosp,1,2026-09-19,04,quantile,0.75,128.0
2026-09-12,wk inc covid hosp,1,2026-09-19,04,quantile,0.8,133.0
2026-09-12,wk inc covid hosp,1,2026-09-19,04,quantile,0.85,140.0
2026-09-12,wk inc covid hosp,1,2026-09-19,04,quantile,0.9,148.0
2026-09-12,wk inc covid hosp,1,2026-09-19,04,quantile,0.95,161.0
2026-09-12,wk inc covid hosp,1,2026-09-19,04,quantile,0.975,172.0
2026-09-12,wk inc covid hosp,1,2026-09-19,04,quantile,0.99,187.0
2026-09-12,wk inc covid hosp,1,2026-09-19,05,quantile,0.01,6.0
2026-09-12,wk inc covid hosp,1,2026-09-19,05,quantile,0.025,7.0
2026-09-12,wk inc covid hosp,1,2026-09-19,05,quantile,0.05,8.0
2026-09-12,wk inc covid hosp,1,2026-09-19,05,quantile,0.1,10.0
2026-09-12,wk inc covid hosp,1,2026-09-19,05,quantile,0.15,11.0
2026-09-12,wk inc covid hosp,1,2026-09-19,05,quantile,0.2,12.0
2026-09-12,wk inc covid hosp,1,2026-09-19,05,quantile,0.25,13.0
2026-09-12,wk inc covid hosp,1,2026-09-19,05,quantile,0.3,13.0
2026-09-12,wk inc covid hosp,1,2026-09-19,05,quantile,0.35,14.0
2026-09-12,wk inc covid hosp,1,2026-09-19,05,quantile,0.4,15.0
2026-09-12,wk inc covid hosp,1,2026-09-19,05,quantile,0.45,15.0
2026-09-12,wk inc covid hosp,1,2026-09-19,05,quantile,0.5,16.0
2026-09-12,wk inc covid hosp,1,2026-09-19,05,quantile,0.55,17.0
2026-09-12,wk inc covid hosp,1,2026-09-19,05,quantile,0.6,18.0
2026-09-12,wk inc covid hosp,1,2026-09-19,05,quantile,0.65,18.0
2026-09-12,wk inc covid hosp,1,2026-09-19,05,quantile,0.7,19.0
2026-09-12,wk inc covid hosp,1,2026-09-19,05,quantile,0.75,20.0
2026-09-12,wk inc covid hosp,1,2026-09-19,05,quantile,0.8,21.0
2026-09-12,wk inc covid hosp,1,2026-09-19,05,quantile,0.85,22.0
2026-09-12,wk inc covid hosp,1,2026-09-19,05,quantile,0.9,24.0
2026-09-12,wk inc covid hosp,1,2026-09-19,05,quantile,0.95,27.0
2026-09-12,wk inc covid hosp,1,2026-09-19,05,quantile,0.975,29.0
2026-09-12,wk inc covid hosp,1,2026-09-19,05,quantile,0.99,32.0
2026-09-12,wk inc covid hosp,1,2026-09-19,06,quantile,0.01,394.0
2026-09-12,wk inc covid hosp,1,2026-09-19,06,quantile,0.025,439.0
2026-09-12,wk inc covid hosp,1,2026-09-19,06,quantile,0.05,480.0
2026-09-12,wk inc covid hosp,1,2026-09-19,06,quantile,0.1,531.0
2026-09-12,wk inc covid hosp,1,2026-09-19,06,quantile,0.15,568.0
2026-09-12,wk inc covid hosp,1,2026-09-19,06,quantile,0.2,598.0
2026-09-12,wk inc covid hosp,1,2026-09-19,06,quantile,0.25,624.0
2026-09-12,wk inc covid hosp,1,2026-09-19,06,quantile,0.3,649.0
2026-09-12,wk inc covid hosp,1,2026-09-19,06,quantile,0.35,672.0
2026-09-12,wk inc covid hosp,1,2026-09-19,06,quantile,0.4,695.0
2026-09-12,wk inc covid hosp,1,2026-09-19,06,quantile,0.45,717.0
2026-09-12,wk inc covid hosp,1,2026-09-19,06,quantile,0.5,740.0
2026-09-12,wk inc covid hosp,1,2026-09-19,06,quantile,0.55,763.0
2026-09-12,wk inc covid hosp,1,2026-09-19,06,quantile,0.6,787.0
2026-09-12,wk inc covid hosp,1,2026-09-19,06,quantile,0.65,812.0
2026-09-12,wk inc covid hosp,1,2026-09-19,06,quantile,0.7,839.0
2026-09-12,wk inc covid hosp,1,2026-09-19,06,quantile,0.75,869.0
2026-09-12,wk inc covid hosp,1,2026-09-19,06,quantile,0.8,903.0
2026-09-12,wk inc covid hosp,1,2026-09-19,06,quantile,0.85,944.0
2026-09-12,wk inc covid hosp,1,2026-09-19,06,quantile,0.9,997.0
2026-09-12,wk inc covid hosp,1,2026-09-19,06,quantile,0.95,1079.0
2026-09-12,wk inc covid hosp,1,2026-09-19,06,quantile,0.975,1153.0
2026-09-12,wk inc covid hosp,1,2026-09-19,06,quantile,0.99,1244.0
2026-09-12,wk inc covid hosp,1,2026-09-19,08,quantile,0.01,12.0
2026-09-12,wk inc covid hosp,1,2026-09-19,08,quantile,0.025,14.0
2026-09-12,wk inc covid hosp,1,2026-09-19,08,quantile,0.05,16.0
2026-09-12,wk inc covid hosp,1,2026-09-19,08,quantile,0.1,19.0
2026-09-12,wk inc covid hosp,1,2026-09-19,08,quantile,0.15,21.0
2026-09-12,wk inc covid hosp,1,2026-09-19,08,quantile,0.2,22.0
2026-09-12,wk inc covid hosp,1,2026-09-19,08,quantile,0.25,24.0
2026-09-12,wk inc covid hosp,1,2026-09-19,08,quantile,0.3,25.0
2026-09-12,wk inc covid hosp,1,2026-09-19,08,quantile,0.35,26.0
2026-09-12,wk inc covid hosp,1,2026-09-19,08,quantile,0.4,27.0
2026-09-12,wk inc covid hosp,1,2026-09-19,08,quantile,0.45,28.0
2026-09-12,wk inc covid hosp,1,2026-09-19,08,quantile,0.5,29.0
2026-09-12,wk inc covid hosp,1,2026-09-19,08,quantile,0.55,30.0
2026-09-12,wk inc covid hosp,1,2026-09-19,08,quantile,0.6,32.0
2026-09-12,wk inc covid hosp,1,2026-09-19,08,quantile,0.65,33.0
2026-09-12,wk inc covid hosp,1,2026-09-19,08,quantile,0.7,34.0
2026-09-12,wk inc covid hosp,1,2026-09-19,08,quantile,0.75,36.0
2026-09-12,wk inc covid hosp,1,2026-09-19,08,quantile,0.8,37.0
2026-09-12,wk inc covid hosp,1,2026-09-19,08,quantile,0.85,39.0
2026-09-12,wk inc covid hosp,1,2026-09-19,08,quantile,0.9,42.0
2026-09-12,wk inc covid hosp,1,2026-09-19,08,quantile,0.95,46.0
2026-09-12,wk inc covid hosp,1,2026-09-19,08,quantile,0.975,50.0
2026-09-12,wk inc covid hosp,1,2026-09-19,08,quantile,0.99,54.0
2026-09-12,wk inc covid hosp,1,2026-09-19,09,quantile,0.01,1.0
2026-09-12,wk inc covid hosp,1,2026-09-19,09,quantile,0.025,2.0
2026-09-12,wk inc covid hosp,1,2026-09-19,09,quantile,0.05,3.0
2026-09-12,wk inc covid hosp,1,2026-09-19,09,quantile,0.1,4.0
2026-09-12,wk inc covid hosp,1,2026-09-19,09,quantile,0.15,4.0
2026-09-12,wk inc covid hosp,1,2026-09-19,09,quantile,0.2,5.0
2026-09-12,wk inc covid hosp,1,2026-09-19,09,quantile,0.25,6.0
2026-09-12,wk inc covid hosp,1,2026-09-19,09,quantile,0.3,6.0
2026-09-12,wk inc covid hosp,1,2026-09-19,09,quantile,0.35,7.0
2026-09-12,wk inc covid hosp,1,2026-09-19,09,quantile,0.4,7.0
2026-09-12,wk inc covid hosp,1,2026-09-19,09,quantile,0.45,8.0
2026-09-12,wk inc covid hosp,1,2026-09-19,09,quantile,0.5,8.0
2026-09-12,wk inc covid hosp,1,2026-09-19,09,quantile,0.55,9.0
2026-09-12,wk inc covid hosp,1,2026-09-19,09,quantile,0.6,9.0
2026-09-12,wk inc covid hosp,1,2026-09-19,09,quantile,0.65,10.0
2026-09-12,wk inc covid hosp,1,2026-09-19,09,quantile,0.7,11.0
2026-09-12,wk inc covid hosp,1,2026-09-19,09,quantile,0.75,11.0
2026-09-12,wk inc covid hosp,1,2026-09-19,09,quantile,0.8,12.0
2026-09-12,wk inc covid hosp,1,2026-09-19,09,quantile,0.85,13.0
2026-09-12,wk inc covid hosp,1,2026-09-19,09,quantile,0.9,14.0
2026-09-12,wk inc covid hosp,1,2026-09-19,09,quantile,0.95,16.0
2026-09-12,wk inc covid hosp,1,2026-09-19,09,quantile,0.975,18.0
2026-09-12,wk inc covid hosp,1,2026-09-19,09,quantile,0.99,21.0
2026-09-12,wk inc covid hosp,1,2026-09-19,10,quantile,0.01,1.0
2026-09-12,wk inc covid hosp,1,2026-09-19,10,quantile,0.025,2.0
2026-09-12,wk inc covid hosp,1,2026-09-19,10,quantile,0.05,3.0
2026-09-12,wk inc covid hosp,1,2026-09-19,10,quantile,0.1,3.0
2026-09-12,wk inc covid hosp,1,2026-09-19,10,quantile,0.15,4.0
2026-09-12,wk inc covid hosp,1,2026-09-19,10,quantile,0.2,5.0
2026-09-12,wk inc covid hosp,1,2026-09-19,10,quantile,0.25,5.0
2026-09-12,wk inc covid hosp,1,2026-09-19,10,quantile,0.3,5.0
2026-09-12,wk inc covid hosp,1,2026-09-19,10,quantile,0.35,6.0
2026-09-12,wk inc covid hosp,1,2026-09-19,10,quantile,0.4,6.0
2026-09-12,wk inc covid hosp,1,2026-09-19,10,quantile,0.45,7.0
2026-09-12,wk inc covid hosp,1,2026-09-19,10,quantile,0.5,7.0
2026-09-12,wk inc covid hosp,1,2026-09-19,10,quantile,0.55,8.0
2026-09-12,wk inc covid hosp,1,2026-09-19,10,quantile,0.6,8.0
2026-09-12,wk inc covid hosp,1,2026-09-19,10,quantile,0.65,8.0
2026-09-12,wk inc covid hosp,1,2026-09-19,10,quantile,0.7,9.0
2026-09-12,wk inc covid hosp,1,2026-09-19,10,quantile,0.75,9.0
2026-09-12,wk inc covid hosp,1,2026-09-19,10,quantile,0.8,10.0
2026-09-12,wk inc covid hosp,1,2026-09-19,10,quantile,0.85,11.0
2026-09-12,wk inc covid hosp,1,2026-09-19,10,quantile,0.9,12.0
2026-09-12,wk inc covid hosp,1,2026-09-19,10,quantile,0.95,13.0
2026-09-12,wk inc covid hosp,1,2026-09-19,10,quantile,0.975,15.0
2026-09-12,wk inc covid hosp,1,2026-09-19,10,quantile,0.99,16.0
2026-09-12,wk inc covid hosp,1,2026-09-19,11,quantile,0.01,0.0
2026-09-12,wk inc covid hosp,1,2026-09-19,11,quantile,0.025,0.0
2026-09-12,wk inc covid hosp,1,2026-09-19,11,quantile,0.05,0.0
2026-09-12,wk inc covid hosp,1,2026-09-19,11,quantile,0.1,0.0
2026-09-12,wk inc covid hosp,1,2026-09-19,11,quantile,0.15,0.0
2026-09-12,wk inc covid hosp,1,2026-09-19,11,quantile,0.2,0.0
2026-09-12,wk inc covid hosp,1,2026-09-19,11,quantile,0.25,0.0
2026-09-12,wk inc covid hosp,1,2026-09-19,11,quantile,0.3,0.0
2026-09-12,wk inc covid hosp,1,2026-09-19,11,quantile,0.35,0.0
2026-09-12,wk inc covid hosp,1,2026-09-19,11,quantile,0.4,1.0
2026-09-12,wk inc covid hosp,1,2026-09-19,11,quantile,0.45,1.0
2026-09-12,wk inc covid hosp,1,2026-09-19,11,quantile,0.5,1.0
2026-09-12,wk inc covid hosp,1,2026-09-19,11,quantile,0.55,1.0
2026-09-12,wk inc covid hosp,1,2026-09-19,11,quantile,0.6,1.0
2026-09-12,wk inc covid hosp,1,2026-09-19,11,quantile,0.65,1.0
2026-09-12,wk inc covid hosp,1,2026-09-19,11,quantile,0.7,1.0
2026-09-12,wk inc covid hosp,1,2026-09-19,11,quantile,0.75,2.0
2026-09-12,wk inc covid hosp,1,2026-09-19,11,quantile,0.8,2.0
2026-09-12,wk inc covid hosp,1,2026-09-19,11,quantile,0.85,2.0
2026-09-12,wk inc covid hosp,1,2026-09-19,11,quantile,0.9,2.0
2026-09-12,wk inc covid hosp,1,2026-09-19,11,quantile,0.95,3.0
2026-09-12,wk inc covid hosp,1,2026-09-19,11,quantile,0.975,4.0
2026-09-12,wk inc covid hosp,1,2026-09-19,11,quantile,0.99,4.0
2026-09-12,wk inc covid hosp,1,2026-09-19,12,quantile,0.01,364.0
2026-09-12,wk inc covid hosp,1,2026-09-19,12,quantile,0.025,406.0
2026-09-12,wk inc covid hosp,1,2026-09-19,12,quantile,0.05,444.0
2026-09-12,wk inc covid hosp,1,2026-09-19,12,quantile,0.1,492.0
2026-09-12,wk inc covid hosp,1,2026-09-19,12,quantile,0.15,525.0
2026-09-12,wk inc covid hosp,1,2026-09-19,12,quantile,0.2,553.0
2026-09-12,wk inc covid hosp,1,2026-09-19,12,quantile,0.25,578.0
2026-09-12,wk inc covid hosp,1,2026-09-19,12,quantile,0.3,601.0
2026-09-12,wk inc covid hosp,1,2026-09-19,12,quantile,0.35,622.0
2026-09-12,wk inc covid hosp,1,2026-09-19,12,quantile,0.4,643.0
2026-09-12,wk inc covid hosp,1,2026-09-19,12,quantile,0.45,664.0
2026-09-12,wk inc covid hosp,1,2026-09-19,12,quantile,0.5,685.0
2026-09-12,wk inc covid hosp,1,2026-09-19,12,quantile,0.55,706.0
2026-09-12,wk inc covid hosp,1,2026-09-19,12,quantile,0.6,728.0
2026-09-12,wk inc covid hosp,1,2026-09-19,12,quantile,0.65,752.0
2026-09-12,wk inc covid hosp,1,2026-09-19,12,quantile,0.7,777.0
2026-09-12,wk inc covid hosp,1,2026-09-19,12,quantile,0.75,804.0
2026-09-12,wk inc covid hosp,1,2026-09-19,12,quantile,0.8,836.0
2026-09-12,wk inc covid hosp,1,2026-09-19,12,quantile,0.85,874.0
2026-09-12,wk inc covid hosp,1,2026-09-19,12,quantile,0.9,923.0
2026-09-12,wk inc covid hosp,1,2026-09-19,12,quantile,0.95,999.0
2026-09-12,wk inc covid hosp,1,2026-09-19,12,quantile,0.975,1068.0
2026-09-12,wk inc covid hosp,1,2026-09-19,12,quantile,0.99,1152.0
2026-09-12,wk inc covid hosp,1,2026-09-19,13,quantile,0.01,57.0
2026-09-12,wk inc covid hosp,1,2026-09-19,13,quantile,0.025,64.0
2026-09-12,wk inc covid hosp,1,2026-09-19,13,quantile,0.05,71.0
2026-09-12,wk inc covid hosp,1,2026-09-19,13,quantile,0.1,80.0
2026-09-12,wk inc covid hosp,1,2026-09-19,13,quantile,0.15,85.0
2026-09-12,wk inc covid hosp,1,2026-09-19,13,quantile,0.2,90.0
2026-09-12,wk inc covid hosp,1,2026-09-19,13,quantile,0.25,95.0
2026-09-12,wk inc covid hosp,1,2026-09-19,13,quantile,0.3,99.0
2026-09-12,wk inc covid hosp,1,2026-09-19,13,quantile,0.35,102.0
2026-09-12,wk inc covid hosp,1,2026-09-19,13,quantile,0.4,106.0
2026-09-12,wk inc covid hosp,1,2026-09-19,13,quantile,0.45,110.0
2026-09-12,wk inc covid hosp,1,2026-09-19,13,quantile,0.5,113.0
2026-09-12,wk inc covid hosp,1,2026-09-19,13,quantile,0.55,117.0
2026-09-12,wk inc covid hosp,1,2026-09-19,13,quantile,0.6,121.0
2026-09-12,wk inc covid hosp,1,2026-09-19,13,quantile,0.65,125.0
2026-09-12,wk inc covid hosp,1,2026-09-19,13,quantile,0.7,130.0
2026-09-12,wk inc covid hosp,1,2026-09-19,13,quantile,0.75,134.0
2026-09-12,wk inc covid hosp,1,2026-09-19,13,quantile,0.8,140.0
2026-09-12,wk inc covid hosp,1,2026-09-19,13,quantile,0.85,147.0
2026-09-12,wk inc covid hosp,1,2026-09-19,13,quantile,0.9,155.0
2026-09-12,wk inc covid hosp,1,2026-09-19,13,quantile,0.95,169.0
2026-09-12,wk inc covid hosp,1,2026-09-19,13,quantile,0.975,181.0
2026-09-12,wk inc covid hosp,1,2026-09-19,13,quantile,0.99,196.0
2026-09-12,wk inc covid hosp,1,2026-09-19,15,quantile,0.01,8.0
2026-09-12,wk inc covid hosp,1,2026-09-19,15,quantile,0.025,10.0
2026-09-12,wk inc covid hosp,1,2026-09-19,15,quantile,0.05,11.0
2026-09-12,wk inc covid hosp,1,2026-09-19,15,quantile,0.1,13.0
2026-09-12,wk inc covid hosp,1,2026-09-19,15,quantile,0.15,14.0
2026-09-12,wk inc covid hosp,1,2026-09-19,15,quantile,0.2,16.0
2026-09-12,wk inc covid hosp,1,2026-09-19,15,quantile,0.25,17.0
2026-09-12,wk inc covid hosp,1,2026-09-19,15,quantile,0.3,18.0
2026-09-12,wk inc covid hosp,1,2026-09-19,15,quantile,0.35,18.0
2026-09-12,wk inc covid hosp,1,2026-09-19,15,quantile,0.4,19.0
2026-09-12,wk inc covid hosp,1,2026-09-19,15,quantile,0.45,20.0
2026-09-12,wk inc covid hosp,1,2026-09-19,15,quantile,0.5,21.0
2026-09-12,wk inc covid hosp,1,2026-09-19,15,quantile,0.55,22.0
2026-09-12,wk inc covid hosp,1,2026-09-19,15,quantile,0.6,23.0
2026-09-12,wk inc covid hosp,1,2026-09-19,15,quantile,0.65,24.0
2026-09-12,wk inc covid hosp,1,2026-09-19,15,quantile,0.7,25.0
2026-09-12,wk inc covid hosp,1,2026-09-19,15,quantile,0.75,26.0
2026-09-12,wk inc covid hosp,1,2026-09-19,15,quantile,0.8,27.0
2026-09-12,wk inc covid hosp,1,2026-09-19,15,quantile,0.85,29.0
2026-09-12,wk inc covid hosp,1,2026-09-19,15,quantile,0.9,31.0
2026-09-12,wk inc covid hosp,1,2026-09-19,15,quantile,0.95,34.0
2026-09-12,wk inc covid hosp,1,2026-09-19,15,quantile,0.975,37.0
2026-09-12,wk inc covid hosp,1,2026-09-19,15,quantile,0.99,40.0
2026-09-12,wk inc covid hosp,1,2026-09-19,16,quantile,0.01,7.0
2026-09-12,wk inc covid hosp,1,2026-09-19,16,quantile,0.025,9.0
2026-09-12,wk inc covid hosp,1,2026-09-19,16,quantile,0.05,10.0
2026-09-12,wk inc covid hosp,1,2026-09-19,16,quantile,0.1,12.0
2026-09-12,wk inc covid hosp,1,2026-09-19,16,quantile,0.15,13.0
2026-09-12,wk inc covid hosp,1,2026-09-19,16,quantile,0.2,14.0
2026-09-12,wk inc covid hosp,1,2026-09-19,16,quantile,0.25,15.0
2026-09-12,wk inc covid hosp,1,2026-09-19,16,quantile,0.3,16.0
2026-09-12,wk inc covid hosp,1,2026-09-19,16,quantile,0.35,17.0
2026-09-12,wk inc covid hosp,1,2026-09-19,16,quantile,0.4,18.0
2026-09-12,wk inc covid hosp,1,2026-09-19,16,quantile,0.45,18.0
2026-09-12,wk inc covid hosp,1,2026-09-19,16,quantile,0.5,19.0
2026-09-12,wk inc covid hosp,1,2026-09-19,16,quantile,0.55,20.0
2026-09-12,wk inc covid hosp,1,2026-09-19,16,quantile,0.6,21.0
2026-09-12,wk inc covid hosp,1,2026-09-19,16,quantile,0.65,22.0
2026-09-12,wk inc covid hosp,1,2026-09-19,16,quantile,0.7,23.0
2026-09-12,wk inc covid hosp,1,2026-09-19,16,quantile,0.75,24.0
2026-09-12,wk inc covid hosp,1,2026-09-19,16,quantile,0.8,25.0
2026-09-12,wk inc covid hosp,1,2026-09-19,16,quantile,0.85,26.0
2026-09-12,wk inc covid hosp,1,2026-09-19,16,quantile,0.9,28.0
2026-09-12,wk inc covid hosp,1,2026-09-19,16,quantile,0.95,31.0
2026-09-12,wk inc covid hosp,1,2026-09-19,16,quantile,0.975,34.0
2026-09-12,wk inc covid hosp,1,2026-09-19,16,quantile,0.99,37.0
2026-09-12,wk inc covid hosp,1,2026-09-19,17,quantile,0.01,24.0
2026-09-12,wk inc covid hosp,1,2026-09-19,17,quantile,0.025,28.0
2026-09-12,wk inc covid hosp,1,2026-09-19,17,quantile,0.05,31.0
2026-09-12,wk inc covid hosp,1,2026-09-19,17,quantile,0.1,35.0
2026-09-12,wk inc covid hosp,1,2026-09-19,17,quantile,0.15,38.0
2026-09-12,wk inc covid hosp,1,2026-09-19,17,quantile,0.2,40.0
2026-09-12,wk inc covid hosp,1,2026-09-19,17,quantile,0.25,42.0
2026-09-12,wk inc covid hosp,1,2026-09-19,17,quantile,0.3,44.0
2026-09-12,wk inc covid hosp,1,2026-09-19,17,quantile,0.35,46.0
2026-09-12,wk inc covid hosp,1,2026-09-19,17,quantile,0.4,48.0
2026-09-12,wk inc covid hosp,1,2026-09-19,17,quantile,0.45,50.0
2026-09-12,wk inc covid hosp,1,2026-09-19,17,quantile,0.5,52.0
2026-09-12,wk inc covid hosp,1,2026-09-19,17,quantile,0.55,53.0
2026-09-12,wk inc covid hosp,1,2026-09-19,17,quantile,0.6,55.0
2026-09-12,wk inc covid hosp,1,2026-09-19,17,quantile,0.65,57.0
2026-09-12,wk inc covid hosp,1,2026-09-19,17,quantile,0.7,60.0
2026-09-12,wk inc covid hosp,1,2026-09-19,17,quantile,0.75,62.0
2026-09-12,wk inc covid hosp,1,2026-09-19,17,quantile,0.8,65.0
2026-09-12,wk inc covid hosp,1,2026-09-19,17,quantile,0.85,68.0
2026-09-12,wk inc covid hosp,1,2026-09-19,17,quantile,0.9,72.0
2026-09-12,wk inc covid hosp,1,2026-09-19,17,quantile,0.95,79.0
2026-09-12,wk inc covid hosp,1,2026-09-19,17,quantile,0.975,85.0
2026-09-12,wk inc covid hosp,1,2026-09-19,17,quantile,0.99,92.0
2026-09-12,wk inc covid hosp,1,2026-09-19,18,quantile,0.01,12.0
2026-09-12,wk inc covid hosp,1,2026-09-19,18,quantile,0.025,15.0
2026-09-12,wk inc covid hosp,1,2026-09-19,18,quantile,0.05,17.0
2026-09-12,wk inc covid hosp,1,2026-09-19,18,quantile,0.1,19.0
2026-09-12,wk inc covid hosp,1,2026-09-19,18,quantile,0.15,21.0
2026-09-12,wk inc covid hosp,1,2026-09-19,18,quantile,0.2,22.0
2026-09-12,wk inc covid hosp,1,2026-09-19,18,quantile,0.25,24.0
2026-09-12,wk inc covid hosp,1,2026-09-19,18,quantile,0.3,25.0
2026-09-12,wk inc covid hosp,1,2026-09-19,18,quantile,0.35,26.0
2026-09-12,wk inc covid hosp,1,2026-09-19,18,quantile,0.4,27.0
2026-09-12,wk inc covid hosp,1,2026-09-19,18,quantile,0.45,28.0
2026-09-12,wk inc covid hosp,1,2026-09-19,18,quantile,0.5,29.0
2026-09-12,wk inc covid hosp,1,2026-09-19,18,quantile,0.55,31.0
2026-09-12,wk inc covid hosp,1,2026-09-19,18,quantile,0.6,32.0
2026-09-12,wk inc covid hosp,1,2026-09-19,18,quantile,0.65,33.0
2026-09-12,wk inc covid hosp,1,2026-09-19,18,quantile,0.7,34.0
2026-09-12,wk inc covid hosp,1,2026-09-19,18,quantile,0.75,36.0
2026-09-12,wk inc covid hosp,1,2026-09-19,18,quantile,0.8,37.0
2026-09-12,wk inc covid hosp,1,2026-09-19,18,quantile,0.85,40.0
2026-09-12,wk inc covid hosp,1,2026-09-19,18,quantile,0.9,42.0
2026-09-12,wk inc covid hosp,1,2026-09-19,18,quantile,0.95,46.0
2026-09-12,wk inc covid hosp,1,2026-09-19,18,quantile,0.975,50.0
2026-09-12,wk inc covid hosp,1,2026-09-19,18,quantile,0.99,54.0
2026-09-12,wk inc covid hosp,1,2026-09-19,19,quantile,0.01,6.0
2026-09-12,wk inc covid hosp,1,2026-09-19,19,quantile,0.025,7.0
2026-09-12,wk inc covid hosp,1,2026-09-19,19,quantile,0.05,8.0
2026-09-12,wk inc covid hosp,1,2026-09-19,19,quantile,0.1,10.0
2026-09-12,wk inc covid hosp,1,2026-09-19,19,quantile,0.15,11.0
2026-09-12,wk inc covid hosp,1,2026-09-19,19,quantile,0.2,12.0
2026-09-12,wk inc covid hosp,1,2026-09-19,19,quantile,0.25,12.0
2026-09-12,wk inc covid hosp,1,2026-09-19,19,quantile,0.3,13.0
2026-09-12,wk inc covid hosp,1,2026-09-19,19,quantile,0.35,14.0
2026-09-12,wk inc covid hosp,1,2026-09-19,19,quantile,0.4,15.0
2026-09-12,wk inc covid hosp,1,2026-09-19,19,quantile,0.45,15.0
2026-09-12,wk inc covid hosp,1,2026-09-19,19,quantile,0.5,16.0
2026-09-12,wk inc covid hosp,1,2026-09-19,19,quantile,0.55,17.0
2026-09-12,wk inc covid hosp,1,2026-09-19,19,quantile,0.6,18.0
2026-09-12,wk inc covid hosp,1,2026-09-19,19,quantile,0.65,18.0
2026-09-12,wk inc covid hosp,1,2026-09-19,19,quantile,0.7,19.0
2026-09-12,wk inc covid hosp,1,2026-09-19,19,quantile,0.75,20.0
2026-09-12,wk inc covid hosp,1,2026-09-19,19,quantile,0.8,21.0
2026-09-12,wk inc covid hosp,1,2026-09-19,19,quantile,0.85,22.0
2026-09-12,wk inc covid hosp,1,2026-09-19,19,quantile,0.9,24.0
2026-09-12,wk inc covid hosp,1,2026-09-19,19,quantile,0.95,27.0
2026-09-12,wk inc covid hosp,1,2026-09-19,19,quantile,0.975,29.0
2026-09-12,wk inc covid hosp,1,2026-09-19,19,quantile,0.99,32.0
2026-09-12,wk inc covid hosp,1,2026-09-19,20,quantile,0.01,1.0
2026-09-12,wk inc covid hosp,1,2026-09-19,20,quantile,0.025,2.0
2026-09-12,wk inc covid hosp,1,2026-09-19,20,quantile,0.05,2.0
2026-09-12,wk inc covid hosp,1,2026-09-19,20,quantile,0.1,3.0
2026-09-12,wk inc covid hosp,1,2026-09-19,20,quantile,0.15,4.0
2026-09-12,wk inc covid hosp,1,2026-09-19,20,quantile,0.2,4.0
2026-09-12,wk inc covid hosp,1,2026-09-19,20,quantile,0.25,5.0
2026-09-12,wk inc covid hosp,1,2026-09-19,20,quantile,0.3,5.0
2026-09-12,wk inc covid hosp,1,2026-09-19,20,quantile,0.35,6.0
2026-09-12,wk inc covid hosp,1,2026-09-19,20,quantile,0.4,6.0
2026-09-12,wk inc covid hosp,1,2026-09-19,20,quantile,0.45,7.0
2026-09-12,wk inc covid hosp,1,2026-09-19,20,quantile,0.5,7.0
2026-09-12,wk inc covid hosp,1,2026-09-19,20,quantile,0.55,8.0
2026-09-12,wk inc covid hosp,1,2026-09-19,20,quantile,0.6,8.0
2026-09-12,wk inc covid hosp,1,2026-09-19,20,quantile,0.65,9.0
2026-09-12,wk inc covid hosp,1,2026-09-19,20,quantile,0.7,9.0
2026-09-12,wk inc covid hosp,1,2026-09-19,20,quantile,0.75,10.0
2026-09-12,wk inc covid hosp,1,2026-09-19,20,quantile,0.8,11.0
2026-09-12,wk inc covid hosp,1,2026-09-19,20,quantile,0.85,12.0
2026-09-12,wk inc covid hosp,1,2026-09-19,20,quantile,0.9,13.0
2026-09-12,wk inc covid hosp,1,2026-09-19,20,quantile,0.95,15.0
2026-09-12,wk inc covid hosp,1,2026-09-19,20,quantile,0.975,17.0
2026-09-12,wk inc covid hosp,1,2026-09-19,20,quantile,0.99,19.0
2026-09-12,wk inc covid hosp,1,2026-09-19,21,quantile,0.01,5.0
2026-09-12,wk inc covid hosp,1,2026-09-19,21,quantile,0.025,6.0
2026-09-12,wk inc covid hosp,1,2026-09-19,21,quantile,0.05,7.0
2026-09-12,wk inc covid hosp,1,2026-09-19,21,quantile,0.1,8.0
2026-09-12,wk inc covid hosp,1,2026-09-19,21,quantile,0.15,9.0
2026-09-12,wk inc covid hosp,1,2026-09-19,21,quantile,0.2,10.0
2026-09-12,wk inc covid hosp,1,2026-09-19,21,quantile,0.25,11.0
2026-09-12,wk inc covid hosp,1,2026-09-19,21,quantile,0.3,12.0
2026-09-12,wk inc covid hosp,1,2026-09-19,21,quantile,0.35,13.0
2026-09-12,wk inc covid hosp,1,2026-09-19,21,quantile,0.4,13.0
2026-09-12,wk inc covid hosp,1,2026-09-19,21,quantile,0.45,14.0
2026-09-12,wk inc covid hosp,1,2026-09-19,21,quantile,0.5,15.0
2026-09-12,wk inc covid hosp,1,2026-09-19,21,quantile,0.55,16.0
2026-09-12,wk inc covid hosp,1,2026-09-19,21,quantile,0.6,16.0
2026-09-12,wk inc covid hosp,1,2026-09-19,21,quantile,0.65,17.0
2026-09-12,wk inc covid hosp,1,2026-09-19,21,quantile,0.7,18.0
2026-09-12,wk inc covid hosp,1,2026-09-19,21,quantile,0.75,19.0
2026-09-12,wk inc covid hosp,1,2026-09-19,21,quantile,0.8,20.0
2026-09-12,wk inc covid hosp,1,2026-09-19,21,quantile,0.85,21.0
2026-09-12,wk inc covid hosp,1,2026-09-19,21,quantile,0.9,23.0
2026-09-12,wk inc covid hosp,1,2026-09-19,21,quantile,0.95,26.0
2026-09-12,wk inc covid hosp,1,2026-09-19,21,quantile,0.975,28.0
2026-09-12,wk inc covid hosp,1,2026-09-19,21,quantile,0.99,31.0
2026-09-12,wk inc covid hosp,1,2026-09-19,22,quantile,0.01,57.0
2026-09-12,wk inc covid hosp,1,2026-09-19,22,quantile,0.025,64.0
2026-09-12,wk inc covid hosp,1,2026-09-19,22,quantile,0.05,71.0
2026-09-12,wk inc covid hosp,1,2026-09-19,22,quantile,0.1,79.0
2026-09-12,wk inc covid hosp,1,2026-09-19,22,quantile,0.15,85.0
2026-09-12,wk inc covid hosp,1,2026-09-19,22,quantile,0.2,90.0
2026-09-12,wk inc covid hosp,1,2026-09-19,22,quantile,0.25,94.0
2026-09-12,wk inc covid hosp,1,2026-09-19,22,quantile,0.3,98.0
2026-09-12,wk inc covid hosp,1,2026-09-19,22,quantile,0.35,102.0
2026-09-12,wk inc covid hosp,1,2026-09-19,22,quantile,0.4,106.0
2026-09-12,wk inc covid hosp,1,2026-09-19,22,quantile,0.45,109.0
2026-09-12,wk inc covid hosp,1,2026-09-19,22,quantile,0.5,113.0
2026-09-12,wk inc covid hosp,1,2026-09-19,22,quantile,0.55,117.0
2026-09-12,wk inc covid hosp,1,2026-09-19,22,quantile,0.6,120.0
2026-09-12,wk inc covid hosp,1,2026-09-19,22,quantile,0.65,125.0
2026-09-12,wk inc covid hosp,1,2026-09-19,22,quantile,0.7,129.0
2026-09-12,wk inc covid hosp,1,2026-09-19,22,quantile,0.75,134.0
2026-09-12,wk inc covid hosp,1,2026-09-19,22,quantile,0.8,139.0
2026-09-12,wk inc covid hosp,1,2026-09-19,22,quantile,0.85,146.0
2026-09-12,wk inc covid hosp,1,2026-09-19,22,quantile,0.9,154.0
2026-09-12,wk inc covid hosp,1,2026-09-19,22,quantile,0.95,168.0
2026-09-12,wk inc covid hosp,1,2026-09-19,22,quantile,0.975,177.0
2026-09-12,wk inc covid hosp,1,2026-09-19,22,quantile,0.99,186.0
2026-09-12,wk inc covid hosp,1,2026-09-19,23,quantile,0.01,0.0
2026-09-12,wk inc covid hosp,1,2026-09-19,23,quantile,0.025,0.0
2026-09-12,wk inc covid hosp,1,2026-09-19,23,quantile,0.05,0.0
2026-09-12,wk inc covid hosp,1,2026-09-19,23,quantile,0.1,0.0
2026-09-12,wk inc covid hosp,1,2026-09-19,23,quantile,0.15,0.0
2026-09-12,wk inc covid hosp,1,2026-09-19,23,quantile,0.2,0.0
2026-09-12,wk inc covid hosp,1,2026-09-19,23,quantile,0.25,0.0
2026-09-12,wk inc covid hosp,1,2026-09-19,23,quantile,0.3,0.0
2026-09-12,wk inc covid hosp,1,2026-09-19,23,quantile,0.35,0.0
2026-09-12,wk inc covid hosp,1,2026-09-19,23,quantile,0.4,0.0
2026-09-12,wk inc covid hosp,1,2026-09-19,23,quantile,0.45,0.0
2026-09-12,wk inc covid hosp,1,2026-09-19,23,quantile,0.5,0.0
2026-09-12,wk inc covid hosp,1,2026-09-19,23,quantile,0.55,0.0
2026-09-12,wk inc covid hosp,1,2026-09-19,23,quantile,0.6,0.0
2026-09-12,wk inc covid hosp,1,2026-09-19,23,quantile,0.65,0.0
2026-09-12,wk inc covid hosp,1,2026-09-19,23,quantile,0.7,0.0
2026-09-12,wk inc covid hosp,1,2026-09-19,23,quantile,0.75,0.0
2026-09-12,wk inc covid hosp,1,2026-09-19,23,quantile,0.8,0.0
2026-09-12,wk inc covid hosp,1,2026-09-19,23,quantile,0.85,0.0
2026-09-12,wk inc covid hosp,1,2026-09-19,23,quantile,0.9,0.0
2026-09-12,wk inc covid hosp,1,2026-09-19,23,quantile,0.95,0.0
2026-09-12,wk inc covid hosp,1,2026-09-19,23,quantile,0.975,0.0
2026-09-12,wk inc covid hosp,1,2026-09-19,23,quantile,0.99,0.0
2026-09-12,wk inc covid hosp,1,2026-09-19,24,quantile,0.01,3.0
2026-09-12,wk inc covid hosp,1,2026-09-19,24,quantile,0.025,4.0
2026-09-12,wk inc covid hosp,1,2026-09-19,24,quantile,0.05,5.0
2026-09-12,wk inc covid hosp,1,2026-09-19,24,quantile,0.1,6.0
2026-09-12,wk inc covid hosp,1,2026-09-19,24,quantile,0.15,7.0
2026-09-12,wk inc covid hosp,1,2026-09-19,24,quantile,0.2,8.0
2026-09-12,wk inc covid hosp,1,2026-09-19,24,quantile,0.25,9.0
2026-09-12,wk inc covid hosp,1,2026-09-19,24,quantile,0.3,9.0
2026-09-12,wk inc covid hosp,1,2026-09-19,24,quantile,0.35,10.0
2026-09-12,wk inc covid hosp,1,2026-09-19,24,quantile,0.4,10.0
2026-09-12,wk inc covid hosp,1,2026-09-19,24,quantile,0.45,11.0
2026-09-12,wk inc covid hosp,1,2026-09-19,24,quantile,0.5,12.0
2026-09-12,wk inc covid hosp,1,2026-09-19,24,quantile,0.55,12.0
2026-09-12,wk inc covid hosp,1,2026-09-19,24,quantile,0.6,13.0
2026-09-12,wk inc covid hosp,1,2026-09-19,24,quantile,0.65,13.0
2026-09-12,wk inc covid hosp,1,2026-09-19,24,quantile,0.7,14.0
2026-09-12,wk inc covid hosp,1,2026-09-19,24,quantile,0.75,15.0
2026-09-12,wk inc covid hosp,1,2026-09-19,24,quantile,0.8,16.0
2026-09-12,wk inc covid hosp,1,2026-09-19,24,quantile,0.85,17.0
2026-09-12,wk inc covid hosp,1,2026-09-19,24,quantile,0.9,18.0
2026-09-12,wk inc covid hosp,1,2026-09-19,24,quantile,0.95,21.0
2026-09-12,wk inc covid hosp,1,2026-09-19,24,quantile,0.975,23.0
2026-09-12,wk inc covid hosp,1,2026-09-19,24,quantile,0.99,25.0
2026-09-12,wk inc covid hosp,1,2026-09-19,25,quantile,0.01,8.0
2026-09-12,wk inc covid hosp,1,2026-09-19,25,quantile,0.025,9.0
2026-09-12,wk inc covid hosp,1,2026-09-19,25,quantile,0.05,11.0
2026-09-12,wk inc covid hosp,1,2026-09-19,25,quantile,0.1,13.0
2026-09-12,wk inc covid hosp,1,2026-09-19,25,quantile,0.15,15.0
2026-09-12,wk inc covid hosp,1,2026-09-19,25,quantile,0.2,16.0
2026-09-12,wk inc covid hosp,1,2026-09-19,25,quantile,0.25,17.0
2026-09-12,wk inc covid hosp,1,2026-09-19,25,quantile,0.3,18.0
2026-09-12,wk inc covid hosp,1,2026-09-19,25,quantile,0.35,19.0
2026-09-12,wk inc covid hosp,1,2026-09-19,25,quantile,0.4,20.0
2026-09-12,wk inc covid hosp,1,2026-09-19,25,quantile,0.45,21.0
2026-09-12,wk inc covid hosp,1,2026-09-19,25,quantile,0.5,22.0
2026-09-12,wk inc covid hosp,1,2026-09-19,25,quantile,0.55,23.0
2026-09-12,wk inc covid hosp,1,2026-09-19,25,quantile,0.6,24.0
2026-09-12,wk inc covid hosp,1,2026-09-19,25,quantile,0.65,25.0
2026-09-12,wk inc covid hosp,1,2026-09-19,25,quantile,0.7,26.0
2026-09-12,wk inc covid hosp,1,2026-09-19,25,quantile,0.75,27.0
2026-09-12,wk inc covid hosp,1,2026-09-19,25,quantile,0.8,29.0
2026-09-12,wk inc covid hosp,1,2026-09-19,25,quantile,0.85,30.0
2026-09-12,wk inc covid hosp,1,2026-09-19,25,quantile,0.9,33.0
2026-09-12,wk inc covid hosp,1,2026-09-19,25,quantile,0.95,36.0
2026-09-12,wk inc covid hosp,1,2026-09-19,25,quantile,0.975,39.0
2026-09-12,wk inc covid hosp,1,2026-09-19,25,quantile,0.99,43.0
2026-09-12,wk inc covid hosp,1,2026-09-19,26,quantile,0.01,5.0
2026-09-12,wk inc covid hosp,1,2026-09-19,26,quantile,0.025,7.0
2026-09-12,wk inc covid hosp,1,2026-09-19,26,quantile,0.05,9.0
2026-09-12,wk inc covid hosp,1,2026-09-19,26,quantile,0.1,11.0
2026-09-12,wk inc covid hosp,1,2026-09-19,26,quantile,0.15,12.0
2026-09-12,wk inc covid hosp,1,2026-09-19,26,quantile,0.2,13.0
2026-09-12,wk inc covid hosp,1,2026-09-19,26,quantile,0.25,15.0
2026-09-12,wk inc covid hosp,1,2026-09-19,26,quantile,0.3,16.0
2026-09-12,wk inc covid hosp,1,2026-09-19,26,quantile,0.35,17.0
2026-09-12,wk inc covid hosp,1,2026-09-19,26,quantile,0.4,18.0
2026-09-12,wk inc covid hosp,1,2026-09-19,26,quantile,0.45,19.0
2026-09-12,wk inc covid hosp,1,2026-09-19,26,quantile,0.5,20.0
2026-09-12,wk inc covid hosp,1,2026-09-19,26,quantile,0.55,21.0
2026-09-12,wk inc covid hosp,1,2026-09-19,26,quantile,0.6,22.0
2026-09-12,wk inc covid hosp,1,2026-09-19,26,quantile,0.65,23.0
2026-09-12,wk inc covid hosp,1,2026-09-19,26,quantile,0.7,24.0
2026-09-12,wk inc covid hosp,1,2026-09-19,26,quantile,0.75,26.0
2026-09-12,wk inc covid hosp,1,2026-09-19,26,quantile,0.8,27.0
2026-09-12,wk inc covid hosp,1,2026-09-19,26,quantile,0.85,29.0
2026-09-12,wk inc covid hosp,1,2026-09-19,26,quantile,0.9,32.0
2026-09-12,wk inc covid hosp,1,2026-09-19,26,quantile,0.95,36.0
2026-09-12,wk inc covid hosp,1,2026-09-19,26,quantile,0.975,40.0
2026-09-12,wk inc covid hosp,1,2026-09-19,26,quantile,0.99,45.0
2026-09-12,wk inc covid hosp,1,2026-09-19,27,quantile,0.01,14.0
2026-09-12,wk inc covid hosp,1,2026-09-19,27,quantile,0.025,17.0
2026-09-12,wk inc covid hosp,1,2026-09-19,27,quantile,0.05,19.0
2026-09-12,wk inc covid hosp,1,2026-09-19,27,quantile,0.1,22.0
2026-09-12,wk inc covid hosp,1,2026-09-19,27,quantile,0.15,24.0
2026-09-12,wk inc covid hosp,1,2026-09-19,27,quantile,0.2,25.0
2026-09-12,wk inc covid hosp,1,2026-09-19,27,quantile,0.25,27.0
2026-09-12,wk inc covid hosp,1,2026-09-19,27,quantile,0.3,28.0
2026-09-12,wk inc covid hosp,1,2026-09-19,27,quantile,0.35,30.0
2026-09-12,wk inc covid hosp,1,2026-09-19,27,quantile,0.4,31.0
2026-09-12,wk inc covid hosp,1,2026-09-19,27,quantile,0.45,32.0
2026-09-12,wk inc covid hosp,1,2026-09-19,27,quantile,0.5,33.0
2026-09-12,wk inc covid hosp,1,2026-09-19,27,quantile,0.55,35.0
2026-09-12,wk inc covid hosp,1,2026-09-19,27,quantile,0.6,36.0
2026-09-12,wk inc covid hosp,1,2026-09-19,27,quantile,0.65,37.0
2026-09-12,wk inc covid hosp,1,2026-09-19,27,quantile,0.7,39.0
2026-09-12,wk inc covid hosp,1,2026-09-19,27,quantile,0.75,40.0
2026-09-12,wk inc covid hosp,1,2026-09-19,27,quantile,0.8,42.0
2026-09-12,wk inc covid hosp,1,2026-09-19,27,quantile,0.85,44.0
2026-09-12,wk inc covid hosp,1,2026-09-19,27,quantile,0.9,47.0
2026-09-12,wk inc covid hosp,1,2026-09-19,27,quantile,0.95,52.0
2026-09-12,wk inc covid hosp,1,2026-09-19,27,quantile,0.975,56.0
2026-09-12,wk inc covid hosp,1,2026-09-19,27,quantile,0.99,61.0
2026-09-12,wk inc covid hosp,1,2026-09-19,28,quantile,0.01,11.0
2026-09-12,wk inc covid hosp,1,2026-09-19,28,quantile,0.025,14.0
2026-09-12,wk inc covid hosp,1,2026-09-19,28,quantile,0.05,15.0
2026-09-12,wk inc covid hosp,1,2026-09-19,28,quantile,0.1,18.0
2026-09-12,wk inc covid hosp,1,2026-09-19,28,quantile,0.15,20.0
2026-09-12,wk inc covid hosp,1,2026-09-19,28,quantile,0.2,21.0
2026-09-12,wk inc covid hosp,1,2026-09-19,28,quantile,0.25,22.0
2026-09-12,wk inc covid hosp,1,2026-09-19,28,quantile,0.3,23.0
2026-09-12,wk inc covid hosp,1,2026-09-19,28,quantile,0.35,24.0
2026-09-12,wk inc covid hosp,1,2026-09-19,28,quantile,0.4,25.0
2026-09-12,wk inc covid hosp,1,2026-09-19,28,quantile,0.45,27.0
2026-09-12,wk inc covid hosp,1,2026-09-19,28,quantile,0.5,28.0
2026-09-12,wk inc covid hosp,1,2026-09-19,28,quantile,0.55,29.0
2026-09-12,wk inc covid hosp,1,2026-09-19,28,quantile,0.6,30.0
2026-09-12,wk inc covid hosp,1,2026-09-19,28,quantile,0.65,31.0
2026-09-12,wk inc covid hosp,1,2026-09-19,28,quantile,0.7,32.0
2026-09-12,wk inc covid hosp,1,2026-09-19,28,quantile,0.75,34.0
2026-09-12,wk inc covid hosp,1,2026-09-19,28,quantile,0.8,35.0
2026-09-12,wk inc covid hosp,1,2026-09-19,28,quantile,0.85,37.0
2026-09-12,wk inc covid hosp,1,2026-09-19,28,quantile,0.9,40.0
2026-09-12,wk inc covid hosp,1,2026-09-19,28,quantile,0.95,44.0
2026-09-12,wk inc covid hosp,1,2026-09-19,28,quantile,0.975,47.0
2026-09-12,wk inc covid hosp,1,2026-09-19,28,quantile,0.99,51.0
2026-09-12,wk inc covid hosp,1,2026-09-19,29,quantile,0.01,7.0
2026-09-12,wk inc covid hosp,1,2026-09-19,29,quantile,0.025,9.0
2026-09-12,wk inc covid hosp,1,2026-09-19,29,quantile,0.05,11.0
2026-09-12,wk inc covid hosp,1,2026-09-19,29,quantile,0.1,13.0
2026-09-12,wk inc covid hosp,1,2026-09-19,29,quantile,0.15,14.0
2026-09-12,wk inc covid hosp,1,2026-09-19,29,quantile,0.2,15.0
2026-09-12,wk inc covid hosp,1,2026-09-19,29,quantile,0.25,16.0
2026-09-12,wk inc covid hosp,1,2026-09-19,29,quantile,0.3,17.0
2026-09-12,wk inc covid hosp,1,2026-09-19,29,quantile,0.35,18.0
2026-09-12,wk inc covid hosp,1,2026-09-19,29,quantile,0.4,19.0
2026-09-12,wk inc covid hosp,1,2026-09-19,29,quantile,0.45,20.0
2026-09-12,wk inc covid hosp,1,2026-09-19,29,quantile,0.5,21.0
2026-09-12,wk inc covid hosp,1,2026-09-19,29,quantile,0.55,22.0
2026-09-12,wk inc covid hosp,1,2026-09-19,29,quantile,0.6,23.0
2026-09-12,wk inc covid hosp,1,2026-09-19,29,quantile,0.65,24.0
2026-09-12,wk inc covid hosp,1,2026-09-19,29,quantile,0.7,25.0
2026-09-12,wk inc covid hosp,1,2026-09-19,29,quantile,0.75,26.0
2026-09-12,wk inc covid hosp,1,2026-09-19,29,quantile,0.8,28.0
2026-09-12,wk inc covid hosp,1,2026-09-19,29,quantile,0.85,30.0
2026-09-12,wk inc covid hosp,1,2026-09-19,29,quantile,0.9,32.0
2026-09-12,wk inc covid hosp,1,2026-09-19,29,quantile,0.95,35.0
2026-09-12,wk inc covid hosp,1,2026-09-19,29,quantile,0.975,38.0
2026-09-12,wk inc covid hosp,1,2026-09-19,29,quantile,0.99,42.0
2026-09-12,wk inc covid hosp,1,2026-09-19,30,quantile,0.01,2.0
2026-09-12,wk inc covid hosp,1,2026-09-19,30,quantile,0.025,3.0
2026-09-12,wk inc covid hosp,1,2026-09-19,30,quantile,0.05,4.0
2026-09-12,wk inc covid hosp,1,2026-09-19,30,quantile,0.1,5.0
2026-09-12,wk inc covid hosp,1,2026-09-19,30,quantile,0.15,5.0
2026-09-12,wk inc covid hosp,1,2026-09-19,30,quantile,0.2,6.0
2026-09-12,wk inc covid hosp,1,2026-09-19,30,quantile,0.25,6.0
2026-09-12,wk inc covid hosp,1,2026-09-19,30,quantile,0.3,7.0
2026-09-12,wk inc covid hosp,1,2026-09-19,30,quantile,0.35,7.0
2026-09-12,wk inc covid hosp,1,2026-09-19,30,quantile,0.4,8.0
2026-09-12,wk inc covid hosp,1,2026-09-19,30,quantile,0.45,8.0
2026-09-12,wk inc covid hosp,1,2026-09-19,30,quantile,0.5,9.0
2026-09-12,wk inc covid hosp,1,2026-09-19,30,quantile,0.55,9.0
2026-09-12,wk inc covid hosp,1,2026-09-19,30,quantile,0.6,10.0
2026-09-12,wk inc covid hosp,1,2026-09-19,30,quantile,0.65,10.0
2026-09-12,wk inc covid hosp,1,2026-09-19,30,quantile,0.7,11.0
2026-09-12,wk inc covid hosp,1,2026-09-19,30,quantile,0.75,11.0
2026-09-12,wk inc covid hosp,1,2026-09-19,30,quantile,0.8,12.0
2026-09-12,wk inc covid hosp,1,2026-09-19,30,quantile,0.85,13.0
2026-09-12,wk inc covid hosp,1,2026-09-19,30,quantile,0.9,14.0
2026-09-12,wk inc covid hosp,1,2026-09-19,30,quantile,0.95,16.0
2026-09-12,wk inc covid hosp,1,2026-09-19,30,quantile,0.975,17.0
2026-09-12,wk inc covid hosp,1,2026-09-19,30,quantile,0.99,19.0
2026-09-12,wk inc covid hosp,1,2026-09-19,31,quantile,0.01,3.0
2026-09-12,wk inc covid hosp,1,2026-09-19,31,quantile,0.025,4.0
2026-09-12,wk inc covid hosp,1,2026-09-19,31,quantile,0.05,5.0
2026-09-12,wk inc covid hosp,1,2026-09-19,31,quantile,0.1,6.0
2026-09-12,wk inc covid hosp,1,2026-09-19,31,quantile,0.15,6.0
2026-09-12,wk inc covid hosp,1,2026-09-19,31,quantile,0.2,7.0
2026-09-12,wk inc covid hosp,1,2026-09-19,31,quantile,0.25,8.0
2026-09-12,wk inc covid hosp,1,2026-09-19,31,quantile,0.3,8.0
2026-09-12,wk inc covid hosp,1,2026-09-19,31,quantile,0.35,9.0
2026-09-12,wk inc covid hosp,1,2026-09-19,31,quantile,0.4,9.0
2026-09-12,wk inc covid hosp,1,2026-09-19,31,quantile,0.45,10.0
2026-09-12,wk inc covid hosp,1,2026-09-19,31,quantile,0.5,10.0
2026-09-12,wk inc covid hosp,1,2026-09-19,31,quantile,0.55,11.0
2026-09-12,wk inc covid hosp,1,2026-09-19,31,quantile,0.6,11.0
2026-09-12,wk inc covid hosp,1,2026-09-19,31,quantile,0.65,12.0
2026-09-12,wk inc covid hosp,1,2026-09-19,31,quantile,0.7,12.0
2026-09-12,wk inc covid hosp,1,2026-09-19,31,quantile,0.75,13.0
2026-09-12,wk inc covid hosp,1,2026-09-19,31,quantile,0.8,14.0
2026-09-12,wk inc covid hosp,1,2026-09-19,31,quantile,0.85,15.0
2026-09-12,wk inc covid hosp,1,2026-09-19,31,quantile,0.9,16.0
2026-09-12,wk inc covid hosp,1,2026-09-19,31,quantile,0.95,18.0
2026-09-12,wk inc covid hosp,1,2026-09-19,31,quantile,0.975,20.0
2026-09-12,wk inc covid hosp,1,2026-09-19,31,quantile,0.99,22.0
2026-09-12,wk inc covid hosp,1,2026-09-19,32,quantile,0.01,17.0
2026-09-12,wk inc covid hosp,1,2026-09-19,32,quantile,0.025,19.0
2026-09-12,wk inc covid hosp,1,2026-09-19,32,quantile,0.05,22.0
2026-09-12,wk inc covid hosp,1,2026-09-19,32,quantile,0.1,25.0
2026-09-12,wk inc covid hosp,1,2026-09-19,32,quantile,0.15,27.0
2026-09-12,wk inc covid hosp,1,2026-09-19,32,quantile,0.2,29.0
2026-09-12,wk inc covid hosp,1,2026-09-19,32,quantile,0.25,31.0
2026-09-12,wk inc covid hosp,1,2026-09-19,32,quantile,0.3,32.0
2026-09-12,wk inc covid hosp,1,2026-09-19,32,quantile,0.35,34.0
2026-09-12,wk inc covid hosp,1,2026-09-19,32,quantile,0.4,35.0
2026-09-12,wk inc covid hosp,1,2026-09-19,32,quantile,0.45,36.0
2026-09-12,wk inc covid hosp,1,2026-09-19,32,quantile,0.5,38.0
2026-09-12,wk inc covid hosp,1,2026-09-19,32,quantile,0.55,39.0
2026-09-12,wk inc covid hosp,1,2026-09-19,32,quantile,0.6,41.0
2026-09-12,wk inc covid hosp,1,2026-09-19,32,quantile,0.65,42.0
2026-09-12,wk inc covid hosp,1,2026-09-19,32,quantile,0.7,44.0
2026-09-12,wk inc covid hosp,1,2026-09-19,32,quantile,0.75,46.0
2026-09-12,wk inc covid hosp,1,2026-09-19,32,quantile,0.8,48.0
2026-09-12,wk inc covid hosp,1,2026-09-19,32,quantile,0.85,50.0
2026-09-12,wk inc covid hosp,1,2026-09-19,32,quantile,0.9,53.0
2026-09-12,wk inc covid hosp,1,2026-09-19,32,quantile,0.95,58.0
2026-09-12,wk inc covid hosp,1,2026-09-19,32,quantile,0.975,63.0
2026-09-12,wk inc covid hosp,1,2026-09-19,32,quantile,0.99,69.0
2026-09-12,wk inc covid hosp,1,2026-09-19,33,quantile,0.01,0.0
2026-09-12,wk inc covid hosp,1,2026-09-19,33,quantile,0.025,0.0
2026-09-12,wk inc covid hosp,1,2026-09-19,33,quantile,0.05,1.0
2026-09-12,wk inc covid hosp,1,2026-09-19,33,quantile,0.1,1.0
2026-09-12,wk inc covid hosp,1,2026-09-19,33,quantile,0.15,1.0
2026-09-12,wk inc covid hosp,1,2026-09-19,33,quantile,0.2,2.0
2026-09-12,wk inc covid hosp,1,2026-09-19,33,quantile,0.25,2.0
2026-09-12,wk inc covid hosp,1,2026-09-19,33,quantile,0.3,2.0
2026-09-12,wk inc covid hosp,1,2026-09-19,33,quantile,0.35,3.0
2026-09-12,wk inc covid hosp,1,2026-09-19,33,quantile,0.4,3.0
2026-09-12,wk inc covid hosp,1,2026-09-19,33,quantile,0.45,3.0
2026-09-12,wk inc covid hosp,1,2026-09-19,33,quantile,0.5,4.0
2026-09-12,wk inc covid hosp,1,2026-09-19,33,quantile,0.55,4.0
2026-09-12,wk inc covid hosp,1,2026-09-19,33,quantile,0.6,4.0
2026-09-12,wk inc covid hosp,1,2026-09-19,33,quantile,0.65,4.0
2026-09-12,wk inc covid hosp,1,2026-09-19,33,quantile,0.7,5.0
2026-09-12,wk inc covid hosp,1,2026-09-19,33,quantile,0.75,5.0
2026-09-12,wk inc covid hosp,1,2026-09-19,33,quantile,0.8,6.0
2026-09-12,wk inc covid hosp,1,2026-09-19,33,quantile,0.85,6.0
2026-09-12,wk inc covid hosp,1,2026-09-19,33,quantile,0.9,7.0
2026-09-12,wk inc covid hosp,1,2026-09-19,33,quantile,0.95,8.0
2026-09-12,wk inc covid hosp,1,2026-09-19,33,quantile,0.975,9.0
2026-09-12,wk inc covid hosp,1,2026-09-19,33,quantile,0.99,11.0
2026-09-12,wk inc covid hosp,1,2026-09-19,34,quantile,0.01,72.0
2026-09-12,wk inc covid hosp,1,2026-09-19,34,quantile,0.025,81.0
2026-09-12,wk inc covid hosp,1,2026-09-19,34,quantile,0.05,90.0
2026-09-12,wk inc covid hosp,1,2026-09-19,34,quantile,0.1,100.0
2026-09-12,wk inc covid hosp,1,2026-09-19,34,quantile,0.15,107.0
2026-09-12,wk inc covid hosp,1,2026-09-19,34,quantile,0.2,113.0
2026-09-12,wk inc covid hosp,1,2026-09-19,34,quantile,0.25,119.0
2026-09-12,wk inc covid hosp,1,2026-09-19,34,quantile,0.3,124.0
2026-09-12,wk inc covid hosp,1,2026-09-19,34,quantile,0.35,128.0
2026-09-12,wk inc covid hosp,1,2026-09-19,34,quantile,0.4,133.0
2026-09-12,wk inc covid hosp,1,2026-09-19,34,quantile,0.45,137.0
2026-09-12,wk inc covid hosp,1,2026-09-19,34,quantile,0.5,142.0
2026-09-12,wk inc covid hosp,1,2026-09-19,34,quantile,0.55,147.0
2026-09-12,wk inc covid hosp,1,2026-09-19,34,quantile,0.6,151.0
2026-09-12,wk inc covid hosp,1,2026-09-19,34,quantile,0.65,156.0
2026-09-12,wk inc covid hosp,1,2026-09-19,34,quantile,0.7,162.0
2026-09-12,wk inc covid hosp,1,2026-09-19,34,quantile,0.75,168.0
2026-09-12,wk inc covid hosp,1,2026-09-19,34,quantile,0.8,175.0
2026-09-12,wk inc covid hosp,1,2026-09-19,34,quantile,0.85,183.0
2026-09-12,wk inc covid hosp,1,2026-09-19,34,quantile,0.9,194.0
2026-09-12,wk inc covid hosp,1,2026-09-19,34,quantile,0.95,210.0
2026-09-12,wk inc covid hosp,1,2026-09-19,34,quantile,0.975,225.0
2026-09-12,wk inc covid hosp,1,2026-09-19,34,quantile,0.99,243.0
2026-09-12,wk inc covid hosp,1,2026-09-19,35,quantile,0.01,12.0
2026-09-12,wk inc covid hosp,1,2026-09-19,35,quantile,0.025,14.0
2026-09-12,wk inc covid hosp,1,2026-09-19,35,quantile,0.05,16.0
2026-09-12,wk inc covid hosp,1,2026-09-19,35,quantile,0.1,19.0
2026-09-12,wk inc covid hosp,1,2026-09-19,35,quantile,0.15,20.0
2026-09-12,wk inc covid hosp,1,2026-09-19,35,quantile,0.2,22.0
2026-09-12,wk inc covid hosp,1,2026-09-19,35,quantile,0.25,23.0
2026-09-12,wk inc covid hosp,1,2026-09-19,35,quantile,0.3,24.0
2026-09-12,wk inc covid hosp,1,2026-09-19,35,quantile,0.35,26.0
2026-09-12,wk inc covid hosp,1,2026-09-19,35,quantile,0.4,27.0
2026-09-12,wk inc covid hosp,1,2026-09-19,35,quantile,0.45,28.0
2026-09-12,wk inc covid hosp,1,2026-09-19,35,quantile,0.5,29.0
2026-09-12,wk inc covid hosp,1,2026-09-19,35,quantile,0.55,30.0
2026-09-12,wk inc covid hosp,1,2026-09-19,35,quantile,0.6,31.0
2026-09-12,wk inc covid hosp,1,2026-09-19,35,quantile,0.65,32.0
2026-09-12,wk inc covid hosp,1,2026-09-19,35,quantile,0.7,34.0
2026-09-12,wk inc covid hosp,1,2026-09-19,35,quantile,0.75,35.0
2026-09-12,wk inc covid hosp,1,2026-09-19,35,quantile,0.8,37.0
2026-09-12,wk inc covid hosp,1,2026-09-19,35,quantile,0.85,39.0
2026-09-12,wk inc covid hosp,1,2026-09-19,35,quantile,0.9,41.0
2026-09-12,wk inc covid hosp,1,2026-09-19,35,quantile,0.95,45.0
2026-09-12,wk inc covid hosp,1,2026-09-19,35,quantile,0.975,49.0
2026-09-12,wk inc covid hosp,1,2026-09-19,35,quantile,0.99,53.0
2026-09-12,wk inc covid hosp,1,2026-09-19,36,quantile,0.01,112.0
2026-09-12,wk inc covid hosp,1,2026-09-19,36,quantile,0.025,126.0
2026-09-12,wk inc covid hosp,1,2026-09-19,36,quantile,0.05,138.0
2026-09-12,wk inc covid hosp,1,2026-09-19,36,quantile,0.1,153.0
2026-09-12,wk inc covid hosp,1,2026-09-19,36,quantile,0.15,164.0
2026-09-12,wk inc covid hosp,1,2026-09-19,36,quantile,0.2,173.0
2026-09-12,wk inc covid hosp,1,2026-09-19,36,quantile,0.25,181.0
2026-09-12,wk inc covid hosp,1,2026-09-19,36,quantile,0.3,189.0
2026-09-12,wk inc covid hosp,1,2026-09-19,36,quantile,0.35,196.0
2026-09-12,wk inc covid hosp,1,2026-09-19,36,quantile,0.4,202.0
2026-09-12,wk inc covid hosp,1,2026-09-19,36,quantile,0.45,209.0
2026-09-12,wk inc covid hosp,1,2026-09-19,36,quantile,0.5,216.0
2026-09-12,wk inc covid hosp,1,2026-09-19,36,quantile,0.55,223.0
2026-09-12,wk inc covid hosp,1,2026-09-19,36,quantile,0.6,230.0
2026-09-12,wk inc covid hosp,1,2026-09-19,36,quantile,0.65,238.0
2026-09-12,wk inc covid hosp,1,2026-09-19,36,quantile,0.7,246.0
2026-09-12,wk inc covid hosp,1,2026-09-19,36,quantile,0.75,255.0
2026-09-12,wk inc covid hosp,1,2026-09-19,36,quantile,0.8,265.0
2026-09-12,wk inc covid hosp,1,2026-09-19,36,quantile,0.85,277.0
2026-09-12,wk inc covid hosp,1,2026-09-19,36,quantile,0.9,293.0
2026-09-12,wk inc covid hosp,1,2026-09-19,36,quantile,0.95,318.0
2026-09-12,wk inc covid hosp,1,2026-09-19,36,quantile,0.975,340.0
2026-09-12,wk inc covid hosp,1,2026-09-19,36,quantile,0.99,367.0
2026-09-12,wk inc covid hosp,1,2026-09-19,37,quantile,0.01,88.0
2026-09-12,wk inc covid hosp,1,2026-09-19,37,quantile,0.025,99.0
2026-09-12,wk inc covid hosp,1,2026-09-19,37,quantile,0.05,109.0
2026-09-12,wk inc covid hosp,1,2026-09-19,37,quantile,0.1,121.0
2026-09-12,wk inc covid hosp,1,2026-09-19,37,quantile,0.15,130.0
2026-09-12,wk inc covid hosp,1,2026-09-19,37,quantile,0.2,137.0
2026-09-12,wk inc covid hosp,1,2026-09-19,37,quantile,0.25,143.0
2026-09-12,wk inc covid hosp,1,2026-09-19,37,quantile,0.3,149.0
2026-09-12,wk inc covid hosp,1,2026-09-19,37,quantile,0.35,155.0
2026-09-12,wk inc covid hosp,1,2026-09-19,37,quantile,0.4,160.0
2026-09-12,wk inc covid hosp,1,2026-09-19,37,quantile,0.45,166.0
2026-09-12,wk inc covid hosp,1,2026-09-19,37,quantile,0.5,171.0
2026-09-12,wk inc covid hosp,1,2026-09-19,37,quantile,0.55,177.0
2026-09-12,wk inc covid hosp,1,2026-09-19,37,quantile,0.6,182.0
2026-09-12,wk inc covid hosp,1,2026-09-19,37,quantile,0.65,188.0
2026-09-12,wk inc covid hosp,1,2026-09-19,37,quantile,0.7,195.0
2026-09-12,wk inc covid hosp,1,2026-09-19,37,quantile,0.75,202.0
2026-09-12,wk inc covid hosp,1,2026-09-19,37,quantile,0.8,210.0
2026-09-12,wk inc covid hosp,1,2026-09-19,37,quantile,0.85,220.0
2026-09-12,wk inc covid hosp,1,2026-09-19,37,quantile,0.9,233.0
2026-09-12,wk inc covid hosp,1,2026-09-19,37,quantile,0.95,253.0
2026-09-12,wk inc covid hosp,1,2026-09-19,37,quantile,0.975,270.0
2026-09-12,wk inc covid hosp,1,2026-09-19,37,quantile,0.99,292.0
2026-09-12,wk inc covid hosp,1,2026-09-19,38,quantile,0.01,0.0
2026-09-12,wk inc covid hosp,1,2026-09-19,38,quantile,0.025,0.0
2026-09-12,wk inc covid hosp,1,2026-09-19,38,quantile,0.05,0.0
2026-09-12,wk inc covid hosp,1,2026-09-19,38,quantile,0.1,0.0
2026-09-12,wk inc covid hosp,1,2026-09-19,38,quantile,0.15,0.0
2026-09-12,wk inc covid hosp,1,2026-09-19,38,quantile,0.2,1.0
2026-09-12,wk inc covid hosp,1,2026-09-19,38,quantile,0.25,1.0
2026-09-12,wk inc covid hosp,1,2026-09-19,38,quantile,0.3,1.0
2026-09-12,wk inc covid hosp,1,2026-09-19,38,quantile,0.35,1.0
2026-09-12,wk inc covid hosp,1,2026-09-19,38,quantile,0.4,1.0
2026-09-12,wk inc covid hosp,1,2026-09-19,38,quantile,0.45,2.0
2026-09-12,wk inc covid hosp,1,2026-09-19,38,quantile,0.5,2.0
2026-09-12,wk inc covid hosp,1,2026-09-19,38,quantile,0.55,2.0
2026-09-12,wk inc covid hosp,1,2026-09-19,38,quantile,0.6,2.0
2026-09-12,wk inc covid hosp,1,2026-09-19,38,quantile,0.65,2.0
2026-09-12,wk inc covid hosp,1,2026-09-19,38,quantile,0.7,3.0
2026-09-12,wk inc covid hosp,1,2026-09-19,38,quantile,0.75,3.0
2026-09-12,wk inc covid hosp,1,2026-09-19,38,quantile,0.8,3.0
2026-09-12,wk inc covid hosp,1,2026-09-19,38,quantile,0.85,3.0
2026-09-12,wk inc covid hosp,1,2026-09-19,38,quantile,0.9,4.0
2026-09-12,wk inc covid hosp,1,2026-09-19,38,quantile,0.95,5.0
2026-09-12,wk inc covid hosp,1,2026-09-19,38,quantile,0.975,5.0
2026-09-12,wk inc covid hosp,1,2026-09-19,38,quantile,0.99,6.0
2026-09-12,wk inc covid hosp,1,2026-09-19,39,quantile,0.01,50.0
2026-09-12,wk inc covid hosp,1,2026-09-19,39,quantile,0.025,56.0
2026-09-12,wk inc covid hosp,1,2026-09-19,39,quantile,0.05,62.0
2026-09-12,wk inc covid hosp,1,2026-09-19,39,quantile,0.1,69.0
2026-09-12,wk inc covid hosp,1,2026-09-19,39,quantile,0.15,74.0
2026-09-12,wk inc covid hosp,1,2026-09-19,39,quantile,0.2,79.0
2026-09-12,wk inc covid hosp,1,2026-09-19,39,quantile,0.25,83.0
2026-09-12,wk inc covid hosp,1,2026-09-19,39,quantile,0.3,86.0
2026-09-12,wk inc covid hosp,1,2026-09-19,39,quantile,0.35,89.0
2026-09-12,wk inc covid hosp,1,2026-09-19,39,quantile,0.4,93.0
2026-09-12,wk inc covid hosp,1,2026-09-19,39,quantile,0.45,96.0
2026-09-12,wk inc covid hosp,1,2026-09-19,39,quantile,0.5,99.0
2026-09-12,wk inc covid hosp,1,2026-09-19,39,quantile,0.55,103.0
2026-09-12,wk inc covid hosp,1,2026-09-19,39,quantile,0.6,106.0
2026-09-12,wk inc covid hosp,1,2026-09-19,39,quantile,0.65,110.0
2026-09-12,wk inc covid hosp,1,2026-09-19,39,quantile,0.7,113.0
2026-09-12,wk inc covid hosp,1,2026-09-19,39,quantile,0.75,118.0
2026-09-12,wk inc covid hosp,1,2026-09-19,39,quantile,0.8,123.0
2026-09-12,wk inc covid hosp,1,2026-09-19,39,quantile,0.85,128.0
2026-09-12,wk inc covid hosp,1,2026-09-19,39,quantile,0.9,136.0
2026-09-12,wk inc covid hosp,1,2026-09-19,39,quantile,0.95,148.0
2026-09-12,wk inc covid hosp,1,2026-09-19,39,quantile,0.975,159.0
2026-09-12,wk inc covid hosp,1,2026-09-19,39,quantile,0.99,172.0
2026-09-12,wk inc covid hosp,1,2026-09-19,40,quantile,0.01,17.0
2026-09-12,wk inc covid hosp,1,2026-09-19,40,quantile,0.025,19.0
2026-09-12,wk inc covid hosp,1,2026-09-19,40,quantile,0.05,22.0
2026-09-12,wk inc covid hosp,1,2026-09-19,40,quantile,0.1,25.0
2026-09-12,wk inc covid hosp,1,2026-09-19,40,quantile,0.15,27.0
2026-09-12,wk inc covid hosp,1,2026-09-19,40,quantile,0.2,29.0
2026-09-12,wk inc covid hosp,1,2026-09-19,40,quantile,0.25,31.0
2026-09-12,wk inc covid hosp,1,2026-09-19,40,quantile,0.3,32.0
2026-09-12,wk inc covid hosp,1,2026-09-19,40,quantile,0.35,34.0
2026-09-12,wk inc covid hosp,1,2026-09-19,40,quantile,0.4,35.0
2026-09-12,wk inc covid hosp,1,2026-09-19,40,quantile,0.45,36.0
2026-09-12,wk inc covid hosp,1,2026-09-19,40,quantile,0.5,38.0
2026-09-12,wk inc covid hosp,1,2026-09-19,40,quantile,0.55,39.0
2026-09-12,wk inc covid hosp,1,2026-09-19,40,quantile,0.6,41.0
2026-09-12,wk inc covid hosp,1,2026-09-19,40,quantile,0.65,42.0
2026-09-12,wk inc covid hosp,1,2026-09-19,40,quantile,0.7,44.0
2026-09-12,wk inc covid hosp,1,2026-09-19,40,quantile,0.75,46.0
2026-09-12,wk inc covid hosp,1,2026-09-19,40,quantile,0.8,48.0
2026-09-12,wk inc covid hosp,1,2026-09-19,40,quantile,0.85,50.0
2026-09-12,wk inc covid hosp,1,2026-09-19,40,quantile,0.9,53.0
2026-09-12,wk inc covid hosp,1,2026-09-19,40,quantile,0.95,58.0
2026-09-12,wk inc covid hosp,1,2026-09-19,40,quantile,0.975,63.0
2026-09-12,wk inc covid hosp,1,2026-09-19,40,quantile,0.99,69.0
2026-09-12,wk inc covid hosp,1,2026-09-19,41,quantile,0.01,11.0
2026-09-12,wk inc covid hosp,1,2026-09-19,41,quantile,0.025,13.0
2026-09-12,wk inc covid hosp,1,2026-09-19,41,quantile,0.05,15.0
2026-09-12,wk inc covid hosp,1,2026-09-19,41,quantile,0.1,17.0
2026-09-12,wk inc covid hosp,1,2026-09-19,41,quantile,0.15,19.0
2026-09-12,wk inc covid hosp,1,2026-09-19,41,quantile,0.2,20.0
2026-09-12,wk inc covid hosp,1,2026-09-19,41,quantile,0.25,22.0
2026-09-12,wk inc covid hosp,1,2026-09-19,41,quantile,0.3,23.0
2026-09-12,wk inc covid hosp,1,2026-09-19,41,quantile,0.35,24.0
2026-09-12,wk inc covid hosp,1,2026-09-19,41,quantile,0.4,25.0
2026-09-12,wk inc covid hosp,1,2026-09-19,41,quantile,0.45,26.0
2026-09-12,wk inc covid hosp,1,2026-09-19,41,quantile,0.5,27.0
2026-09-12,wk inc covid hosp,1,2026-09-19,41,quantile,0.55,28.0
2026-09-12,wk inc covid hosp,1,2026-09-19,41,quantile,0.6,29.0
2026-09-12,wk inc covid hosp,1,2026-09-19,41,quantile,0.65,30.0
2026-09-12,wk inc covid hosp,1,2026-09-19,41,quantile,0.7,32.0
2026-09-12,wk inc covid hosp,1,2026-09-19,41,quantile,0.75,33.0
2026-09-12,wk inc covid hosp,1,2026-09-19,41,quantile,0.8,34.0
2026-09-12,wk inc covid hosp,1,2026-09-19,41,quantile,0.85,36.0
2026-09-12,wk inc covid hosp,1,2026-09-19,41,quantile,0.9,39.0
2026-09-12,wk inc covid hosp,1,2026-09-19,41,quantile,0.95,43.0
2026-09-12,wk inc covid hosp,1,2026-09-19,41,quantile,0.975,46.0
2026-09-12,wk inc covid hosp,1,2026-09-19,41,quantile,0.99,50.0
2026-09-12,wk inc covid hosp,1,2026-09-19,42,quantile,0.01,63.0
2026-09-12,wk inc covid hosp,1,2026-09-19,42,quantile,0.025,71.0
2026-09-12,wk inc covid hosp,1,2026-09-19,42,quantile,0.05,78.0
2026-09-12,wk inc covid hosp,1,2026-09-19,42,quantile,0.1,87.0
2026-09-12,wk inc covid hosp,1,2026-09-19,42,quantile,0.15,93.0
2026-09-12,wk inc covid hosp,1,2026-09-19,42,quantile,0.2,99.0
2026-09-12,wk inc covid hosp,1,2026-09-19,42,quantile,0.25,103.0
2026-09-12,wk inc covid hosp,1,2026-09-19,42,quantile,0.3,108.0
2026-09-12,wk inc covid hosp,1,2026-09-19,42,quantile,0.35,112.0
2026-09-12,wk inc covid hosp,1,2026-09-19,42,quantile,0.4,116.0
2026-09-12,wk inc covid hosp,1,2026-09-19,42,quantile,0.45,120.0
2026-09-12,wk inc covid hosp,1,2026-09-19,42,quantile,0.5,124.0
2026-09-12,wk inc covid hosp,1,2026-09-19,42,quantile,0.55,128.0
2026-09-12,wk inc covid hosp,1,2026-09-19,42,quantile,0.6,132.0
2026-09-12,wk inc covid hosp,1,2026-09-19,42,quantile,0.65,136.0
2026-09-12,wk inc covid hosp,1,2026-09-19,42,quantile,0.7,141.0
2026-09-12,wk inc covid hosp,1,2026-09-19,42,quantile,0.75,146.0
2026-09-12,wk inc covid hosp,1,2026-09-19,42,quantile,0.8,152.0
2026-09-12,wk inc covid hosp,1,2026-09-19,42,quantile,0.85,160.0
2026-09-12,wk inc covid hosp,1,2026-09-19,42,quantile,0.9,169.0
2026-09-12,wk inc covid hosp,1,2026-09-19,42,quantile,0.95,183.0
2026-09-12,wk inc covid hosp,1,2026-09-19,42,quantile,0.975,197.0
2026-09-12,wk inc covid hosp,1,2026-09-19,42,quantile,0.99,213.0
2026-09-12,wk inc covid hosp,1,2026-09-19,44,quantile,0.01,3.0
2026-09-12,wk inc covid hosp,1,2026-09-19,44,quantile,0.025,4.0
2026-09-12,wk inc covid hosp,1,2026-09-19,44,quantile,0.05,4.0
2026-09-12,wk inc covid hosp,1,2026-09-19,44,quantile,0.1,6.0
2026-09-12,wk inc covid hosp,1,2026-09-19,44,quantile,0.15,6.0
2026-09-12,wk inc covid hosp,1,2026-09-19,44,quantile,0.2,7.0
2026-09-12,wk inc covid hosp,1,2026-09-19,44,quantile,0.25,8.0
2026-09-12,wk inc covid hosp,1,2026-09-19,44,quantile,0.3,8.0
2026-09-12,wk inc covid hosp,1,2026-09-19,44,quantile,0.35,9.0
2026-09-12,wk inc covid hosp,1,2026-09-19,44,quantile,0.4,9.0
2026-09-12,wk inc covid hosp,1,2026-09-19,44,quantile,0.45,10.0
2026-09-12,wk inc covid hosp,1,2026-09-19,44,quantile,0.5,10.0
2026-09-12,wk inc covid hosp,1,2026-09-19,44,quantile,0.55,11.0
2026-09-12,wk inc covid hosp,1,2026-09-19,44,quantile,0.6,11.0
2026-09-12,wk inc covid hosp,1,2026-09-19,44,quantile,0.65,12.0
2026-09-12,wk inc covid hosp,1,2026-09-19,44,quantile,0.7,12.0
2026-09-12,wk inc covid hosp,1,2026-09-19,44,quantile,0.75,13.0
2026-09-12,wk inc covid hosp,1,2026-09-19,44,quantile,0.8,14.0
2026-09-12,wk inc covid hosp,1,2026-09-19,44,quantile,0.85,15.0
2026-09-12,wk inc covid hosp,1,2026-09-19,44,quantile,0.9,16.0
2026-09-12,wk inc covid hosp,1,2026-09-19,44,quantile,0.95,18.0
2026-09-12,wk inc covid hosp,1,2026-09-19,44,quantile,0.975,19.0
2026-09-12,wk inc covid hosp,1,2026-09-19,44,quantile,0.99,22.0
2026-09-12,wk inc covid hosp,1,2026-09-19,45,quantile,0.01,34.0
2026-09-12,wk inc covid hosp,1,2026-09-19,45,quantile,0.025,39.0
2026-09-12,wk inc covid hosp,1,2026-09-19,45,quantile,0.05,43.0
2026-09-12,wk inc covid hosp,1,2026-09-19,45,quantile,0.1,48.0
2026-09-12,wk inc covid hosp,1,2026-09-19,45,quantile,0.15,52.0
2026-09-12,wk inc covid hosp,1,2026-09-19,45,quantile,0.2,55.0
2026-09-12,wk inc covid hosp,1,2026-09-19,45,quantile,0.25,58.0
2026-09-12,wk inc covid hosp,1,2026-09-19,45,quantile,0.3,60.0
2026-09-12,wk inc covid hosp,1,2026-09-19,45,quantile,0.35,63.0
2026-09-12,wk inc covid hosp,1,2026-09-19,45,quantile,0.4,65.0
2026-09-12,wk inc covid hosp,1,2026-09-19,45,quantile,0.45,68.0
2026-09-12,wk inc covid hosp,1,2026-09-19,45,quantile,0.5,70.0
2026-09-12,wk inc covid hosp,1,2026-09-19,45,quantile,0.55,72.0
2026-09-12,wk inc covid hosp,1,2026-09-19,45,quantile,0.6,75.0
2026-09-12,wk inc covid hosp,1,2026-09-19,45,quantile,0.65,77.0
2026-09-12,wk inc covid hosp,1,2026-09-19,45,quantile,0.7,80.0
2026-09-12,wk inc covid hosp,1,2026-09-19,45,quantile,0.75,83.0
2026-09-12,wk inc covid hosp,1,2026-09-19,45,quantile,0.8,87.0
2026-09-12,wk inc covid hosp,1,2026-09-19,45,quantile,0.85,91.0
2026-09-12,wk inc covid hosp,1,2026-09-19,45,quantile,0.9,97.0
2026-09-12,wk inc covid hosp,1,2026-09-19,45,quantile,0.95,105.0
2026-09-12,wk inc covid hosp,1,2026-09-19,45,quantile,0.975,113.0
2026-09-12,wk inc covid hosp,1,2026-09-19,45,quantile,0.99,123.0
2026-09-12,wk inc covid hosp,1,2026-09-19,46,quantile,0.01,1.0
2026-09-12,wk inc covid hosp,1,2026-09-19,46,quantile,0.025,2.0
2026-09-12,wk inc covid hosp,1,2026-09-19,46,quantile,0.05,2.0
2026-09-12,wk inc covid hosp,1,2026-09-19,46,quantile,0.1,3.0
2026-09-12,wk inc covid hosp,1,2026-09-19,46,quantile,0.15,4.0
2026-09-12,wk inc covid hosp,1,2026-09-19,46,quantile,0.2,4.0
2026-09-12,wk inc covid hosp,1,2026-09-19,46,quantile,0.25,5.0
2026-09-12,wk inc covid hosp,1,2026-09-19,46,quantile,0.3,5.0
2026-09-12,wk inc covid hosp,1,2026-09-19,46,quantile,0.35,5.0
2026-09-12,wk inc covid hosp,1,2026-09-19,46,quantile,0.4,6.0
2026-09-12,wk inc covid hosp,1,2026-09-19,46,quantile,0.45,6.0
2026-09-12,wk inc covid hosp,1,2026-09-19,46,quantile,0.5,6.0
2026-09-12,wk inc covid hosp,1,2026-09-19,46,quantile,0.55,7.0
2026-09-12,wk inc covid hosp,1,2026-09-19,46,quantile,0.6,7.0
2026-09-12,wk inc covid hosp,1,2026-09-19,46,quantile,0.65,8.0
2026-09-12,wk inc covid hosp,1,2026-09-19,46,quantile,0.7,8.0
2026-09-12,wk inc covid hosp,1,2026-09-19,46,quantile,0.75,9.0
2026-09-12,wk inc covid hosp,1,2026-09-19,46,quantile,0.8,9.0
2026-09-12,wk inc covid hosp,1,2026-09-19,46,quantile,0.85,10.0
2026-09-12,wk inc covid hosp,1,2026-09-19,46,quantile,0.9,11.0
2026-09-12,wk inc covid hosp,1,2026-09-19,46,quantile,0.95,12.0
2026-09-12,wk inc covid hosp,1,2026-09-19,46,quantile,0.975,13.0
2026-09-12,wk inc covid hosp,1,2026-09-19,46,quantile,0.99,15.0
2026-09-12,wk inc covid hosp,1,2026-09-19,47,quantile,0.01,40.0
2026-09-12,wk inc covid hosp,1,2026-09-19,47,quantile,0.025,45.0
2026-09-12,wk inc covid hosp,1,2026-09-19,47,quantile,0.05,50.0
2026-09-12,wk inc covid hosp,1,2026-09-19,47,quantile,0.1,56.0
2026-09-12,wk inc covid hosp,1,2026-09-19,47,quantile,0.15,61.0
2026-09-12,wk inc covid hosp,1,2026-09-19,47,quantile,0.2,64.0
2026-09-12,wk inc covid hosp,1,2026-09-19,47,quantile,0.25,68.0
2026-09-12,wk inc covid hosp,1,2026-09-19,47,quantile,0.3,70.0
2026-09-12,wk inc covid hosp,1,2026-09-19,47,quantile,0.35,73.0
2026-09-12,wk inc covid hosp,1,2026-09-19,47,quantile,0.4,76.0
2026-09-12,wk inc covid hosp,1,2026-09-19,47,quantile,0.45,79.0
2026-09-12,wk inc covid hosp,1,2026-09-19,47,quantile,0.5,81.0
2026-09-12,wk inc covid hosp,1,2026-09-19,47,quantile,0.55,84.0
2026-09-12,wk inc covid hosp,1,2026-09-19,47,quantile,0.6,87.0
2026-09-12,wk inc covid hosp,1,2026-09-19,47,quantile,0.65,90.0
2026-09-12,wk inc covid hosp,1,2026-09-19,47,quantile,0.7,93.0
2026-09-12,wk inc covid hosp,1,2026-09-19,47,quantile,0.75,97.0
2026-09-12,wk inc covid hosp,1,2026-09-19,47,quantile,0.8,101.0
2026-09-12,wk inc covid hosp,1,2026-09-19,47,quantile,0.85,106.0
2026-09-12,wk inc covid hosp,1,2026-09-19,47,quantile,0.9,112.0
2026-09-12,wk inc covid hosp,1,2026-09-19,47,quantile,0.95,122.0
2026-09-12,wk inc covid hosp,1,2026-09-19,47,quantile,0.975,131.0
2026-09-12,wk inc covid hosp,1,2026-09-19,47,quantile,0.99,142.0
2026-09-12,wk inc covid hosp,1,2026-09-19,48,quantile,0.01,317.0
2026-09-12,wk inc covid hosp,1,2026-09-19,48,quantile,0.025,353.0
2026-09-12,wk inc covid hosp,1,2026-09-19,48,quantile,0.05,387.0
2026-09-12,wk inc covid hosp,1,2026-09-19,48,quantile,0.1,428.0
2026-09-12,wk inc covid hosp,1,2026-09-19,48,quantile,0.15,458.0
2026-09-12,wk inc covid hosp,1,2026-09-19,48,quantile,0.2,482.0
2026-09-12,wk inc covid hosp,1,2026-09-19,48,quantile,0.25,503.0
2026-09-12,wk inc covid hosp,1,2026-09-19,48,quantile,0.3,523.0
2026-09-12,wk inc covid hosp,1,2026-09-19,48,quantile,0.35,542.0
2026-09-12,wk inc covid hosp,1,2026-09-19,48,quantile,0.4,561.0
2026-09-12,wk inc covid hosp,1,2026-09-19,48,quantile,0.45,579.0
2026-09-12,wk inc covid hosp,1,2026-09-19,48,quantile,0.5,597.0
2026-09-12,wk inc covid hosp,1,2026-09-19,48,quantile,0.55,616.0
2026-09-12,wk inc covid hosp,1,2026-09-19,48,quantile,0.6,635.0
2026-09-12,wk inc covid hosp,1,2026-09-19,48,quantile,0.65,655.0
2026-09-12,wk inc covid hosp,1,2026-09-19,48,quantile,0.7,677.0
2026-09-12,wk inc covid hosp,1,2026-09-19,48,quantile,0.75,701.0
2026-09-12,wk inc covid hosp,1,2026-09-19,48,quantile,0.8,729.0
2026-09-12,wk inc covid hosp,1,2026-09-19,48,quantile,0.85,762.0
2026-09-12,wk inc covid hosp,1,2026-09-19,48,quantile,0.9,805.0
2026-09-12,wk inc covid hosp,1,2026-09-19,48,quantile,0.95,871.0
2026-09-12,wk inc covid hosp,1,2026-09-19,48,quantile,0.975,931.0
2026-09-12,wk inc covid hosp,1,2026-09-19,48,quantile,0.99,1005.0
2026-09-12,wk inc covid hosp,1,2026-09-19,49,quantile,0.01,1.0
2026-09-12,wk inc covid hosp,1,2026-09-19,49,quantile,0.025,1.0
2026-09-12,wk inc covid hosp,1,2026-09-19,49,quantile,0.05,2.0
2026-09-12,wk inc covid hosp,1,2026-09-19,49,quantile,0.1,3.0
2026-09-12,wk inc covid hosp,1,2026-09-19,49,quantile,0.15,3.0
2026-09-12,wk inc covid hosp,1,2026-09-19,49,quantile,0.2,4.0
2026-09-12,wk inc covid hosp,1,2026-09-19,49,quantile,0.25,4.0
2026-09-12,wk inc covid hosp,1,2026-09-19,49,quantile,0.3,4.0
2026-09-12,wk inc covid hosp,1,2026-09-19,49,quantile,0.35,5.0
2026-09-12,wk inc covid hosp,1,2026-09-19,49,quantile,0.4,5.0
2026-09-12,wk inc covid hosp,1,2026-09-19,49,quantile,0.45,6.0
2026-09-12,wk inc covid hosp,1,2026-09-19,49,quantile,0.5,6.0
2026-09-12,wk inc covid hosp,1,2026-09-19,49,quantile,0.55,6.0
2026-09-12,wk inc covid hosp,1,2026-09-19,49,quantile,0.6,7.0
2026-09-12,wk inc covid hosp,1,2026-09-19,49,quantile,0.65,7.0
2026-09-12,wk inc covid hosp,1,2026-09-19,49,quantile,0.7,8.0
2026-09-12,wk inc covid hosp,1,2026-09-19,49,quantile,0.75,8.0
2026-09-12,wk inc covid hosp,1,2026-09-19,49,quantile,0.8,9.0
2026-09-12,wk inc covid hosp,1,2026-09-19,49,quantile,0.85,9.0
2026-09-12,wk inc covid hosp,1,2026-09-19,49,quantile,0.9,10.0
2026-09-12,wk inc covid hosp,1,2026-09-19,49,quantile,0.95,12.0
2026-09-12,wk inc covid hosp,1,2026-09-19,49,quantile,0.975,13.0
2026-09-12,wk inc covid hosp,1,2026-09-19,49,quantile,0.99,14.0
2026-09-12,wk inc covid hosp,1,2026-09-19,50,quantile,0.01,1.0
2026-09-12,wk inc covid hosp,1,2026-09-19,50,quantile,0.025,2.0
2026-09-12,wk inc covid hosp,1,2026-09-19,50,quantile,0.05,3.0
2026-09-12,wk inc covid hosp,1,2026-09-19,50,quantile,0.1,4.0
2026-09-12,wk inc covid hosp,1,2026-09-19,50,quantile,0.15,4.0
2026-09-12,wk inc covid hosp,1,2026-09-19,50,quantile,0.2,5.0
2026-09-12,wk inc covid hosp,1,2026-09-19,50,quantile,0.25,5.0
2026-09-12,wk inc covid hosp,1,2026-09-19,50,quantile,0.3,6.0
2026-09-12,wk inc covid hosp,1,2026-09-19,50,quantile,0.35,6.0
2026-09-12,wk inc covid hosp,1,2026-09-19,50,quantile,0.4,7.0
2026-09-12,wk inc covid hosp,1,2026-09-19,50,quantile,0.45,7.0
2026-09-12,wk inc covid hosp,1,2026-09-19,50,quantile,0.5,7.0
2026-09-12,wk inc covid hosp,1,2026-09-19,50,quantile,0.55,8.0
2026-09-12,wk inc covid hosp,1,2026-09-19,50,quantile,0.6,8.0
2026-09-12,wk inc covid hosp,1,2026-09-19,50,quantile,0.65,9.0
2026-09-12,wk inc covid hosp,1,2026-09-19,50,quantile,0.7,9.0
2026-09-12,wk inc covid hosp,1,2026-09-19,50,quantile,0.75,10.0
2026-09-12,wk inc covid hosp,1,2026-09-19,50,quantile,0.8,10.0
2026-09-12,wk inc covid hosp,1,2026-09-19,50,quantile,0.85,11.0
2026-09-12,wk inc covid hosp,1,2026-09-19,50,quantile,0.9,12.0
2026-09-12,wk inc covid hosp,1,2026-09-19,50,quantile,0.95,14.0
2026-09-12,wk inc covid hosp,1,2026-09-19,50,quantile,0.975,15.0
2026-09-12,wk inc covid hosp,1,2026-09-19,50,quantile,0.99,17.0
2026-09-12,wk inc covid hosp,1,2026-09-19,51,quantile,0.01,16.0
2026-09-12,wk inc covid hosp,1,2026-09-19,51,quantile,0.025,19.0
2026-09-12,wk inc covid hosp,1,2026-09-19,51,quantile,0.05,21.0
2026-09-12,wk inc covid hosp,1,2026-09-19,51,quantile,0.1,24.0
2026-09-12,wk inc covid hosp,1,2026-09-19,51,quantile,0.15,27.0
2026-09-12,wk inc covid hosp,1,2026-09-19,51,quantile,0.2,28.0
2026-09-12,wk inc covid hosp,1,2026-09-19,51,quantile,0.25,30.0
2026-09-12,wk inc covid hosp,1,2026-09-19,51,quantile,0.3,31.0
2026-09-12,wk inc covid hosp,1,2026-09-19,51,quantile,0.35,33.0
2026-09-12,wk inc covid hosp,1,2026-09-19,51,quantile,0.4,34.0
2026-09-12,wk inc covid hosp,1,2026-09-19,51,quantile,0.45,36.0
2026-09-12,wk inc covid hosp,1,2026-09-19,51,quantile,0.5,37.0
2026-09-12,wk inc covid hosp,1,2026-09-19,51,quantile,0.55,38.0
2026-09-12,wk inc covid hosp,1,2026-09-19,51,quantile,0.6,40.0
2026-09-12,wk inc covid hosp,1,2026-09-19,51,quantile,0.65,41.0
2026-09-12,wk inc covid hosp,1,2026-09-19,51,quantile,0.7,43.0
2026-09-12,wk inc covid hosp,1,2026-09-19,51,quantile,0.75,45.0
2026-09-12,wk inc covid hosp,1,2026-09-19,51,quantile,0.8,47.0
2026-09-12,wk inc covid hosp,1,2026-09-19,51,quantile,0.85,49.0
2026-09-12,wk inc covid hosp,1,2026-09-19,51,quantile,0.9,52.0
2026-09-12,wk inc covid hosp,1,2026-09-19,51,quantile,0.95,57.0
2026-09-12,wk inc covid hosp,1,2026-09-19,51,quantile,0.975,62.0
2026-09-12,wk inc covid hosp,1,2026-09-19,51,quantile,0.99,67.0
2026-09-12,wk inc covid hosp,1,2026-09-19,53,quantile,0.01,19.0
2026-09-12,wk inc covid hosp,1,2026-09-19,53,quantile,0.025,22.0
2026-09-12,wk inc covid hosp,1,2026-09-19,53,quantile,0.05,25.0
2026-09-12,wk inc covid hosp,1,2026-09-19,53,quantile,0.1,28.0
2026-09-12,wk inc covid hosp,1,2026-09-19,53,quantile,0.15,31.0
2026-09-12,wk inc covid hosp,1,2026-09-19,53,quantile,0.2,33.0
2026-09-12,wk inc covid hosp,1,2026-09-19,53,quantile,0.25,34.0
2026-09-12,wk inc covid hosp,1,2026-09-19,53,quantile,0.3,36.0
2026-09-12,wk inc covid hosp,1,2026-09-19,53,quantile,0.35,38.0
2026-09-12,wk inc covid hosp,1,2026-09-19,53,quantile,0.4,39.0
2026-09-12,wk inc covid hosp,1,2026-09-19,53,quantile,0.45,41.0
2026-09-12,wk inc covid hosp,1,2026-09-19,53,quantile,0.5,42.0
2026-09-12,wk inc covid hosp,1,2026-09-19,53,quantile,0.55,44.0
2026-09-12,wk inc covid hosp,1,2026-09-19,53,quantile,0.6,45.0
2026-09-12,wk inc covid hosp,1,2026-09-19,53,quantile,0.65,47.0
2026-09-12,wk inc covid hosp,1,2026-09-19,53,quantile,0.7,49.0
2026-09-12,wk inc covid hosp,1,2026-09-19,53,quantile,0.75,51.0
2026-09-12,wk inc covid hosp,1,2026-09-19,53,quantile,0.8,53.0
2026-09-12,wk inc covid hosp,1,2026-09-19,53,quantile,0.85,56.0
2026-09-12,wk inc covid hosp,1,2026-09-19,53,quantile,0.9,59.0
2026-09-12,wk inc covid hosp,1,2026-09-19,53,quantile,0.95,65.0
2026-09-12,wk inc covid hosp,1,2026-09-19,53,quantile,0.975,70.0
2026-09-12,wk inc covid hosp,1,2026-09-19,53,quantile,0.99,76.0
2026-09-12,wk inc covid hosp,1,2026-09-19,54,quantile,0.01,3.0
2026-09-12,wk inc covid hosp,1,2026-09-19,54,quantile,0.025,3.0
2026-09-12,wk inc covid hosp,1,2026-09-19,54,quantile,0.05,4.0
2026-09-12,wk inc covid hosp,1,2026-09-19,54,quantile,0.1,5.0
2026-09-12,wk inc covid hosp,1,2026-09-19,54,quantile,0.15,6.0
2026-09-12,wk inc covid hosp,1,2026-09-19,54,quantile,0.2,7.0
2026-09-12,wk inc covid hosp,1,2026-09-19,54,quantile,0.25,7.0
2026-09-12,wk inc covid hosp,1,2026-09-19,54,quantile,0.3,8.0
2026-09-12,wk inc covid hosp,1,2026-09-19,54,quantile,0.35,8.0
2026-09-12,wk inc covid hosp,1,2026-09-19,54,quantile,0.4,9.0
2026-09-12,wk inc covid hosp,1,2026-09-19,54,quantile,0.45,9.0
2026-09-12,wk inc covid hosp,1,2026-09-19,54,quantile,0.5,10.0
2026-09-12,wk inc covid hosp,1,2026-09-19,54,quantile,0.55,10.0
2026-09-12,wk inc covid hosp,1,2026-09-19,54,quantile,0.6,11.0
2026-09-12,wk inc covid hosp,1,2026-09-19,54,quantile,0.65,11.0
2026-09-12,wk inc covid hosp,1,2026-09-19,54,quantile,0.7,12.0
2026-09-12,wk inc covid hosp,1,2026-09-19,54,quantile,0.75,13.0
2026-09-12,wk inc covid hosp,1,2026-09-19,54,quantile,0.8,13.0
2026-09-12,wk inc covid hosp,1,2026-09-19,54,quantile,0.85,14.0
2026-09-12,wk inc covid hosp,1,2026-09-19,54,quantile,0.9,15.0
2026-09-12,wk inc covid hosp,1,2026-09-19,54,quantile,0.95,17.0
2026-09-12,wk inc covid hosp,1,2026-09-19,54,quantile,0.975,19.0
2026-09-12,wk inc covid hosp,1,2026-09-19,54,quantile,0.99,21.0
2026-09-12,wk inc covid hosp,1,2026-09-19,55,quantile,0.01,14.0
2026-09-12,wk inc covid hosp,1,2026-09-19,55,quantile,0.025,16.0
2026-09-12,wk inc covid hosp,1,2026-09-19,55,quantile,0.05,18.0
2026-09-12,wk inc covid hosp,1,2026-09-19,55,quantile,0.1,21.0
2026-09-12,wk inc covid hosp,1,2026-09-19,55,quantile,0.15,23.0
2026-09-12,wk inc covid hosp,1,2026-09-19,55,quantile,0.2,24.0
2026-09-12,wk inc covid hosp,1,2026-09-19,55,quantile,0.25,26.0
2026-09-12,wk inc covid hosp,1,2026-09-19,55,quantile,0.3,27.0
2026-09-12,wk inc covid hosp,1,2026-09-19,55,quantile,0.35,28.0
2026-09-12,wk inc covid hosp,1,2026-09-19,55,quantile,0.4,30.0
2026-09-12,wk inc covid hosp,1,2026-09-19,55,quantile,0.45,31.0
2026-09-12,wk inc covid hosp,1,2026-09-19,55,quantile,0.5,32.0
2026-09-12,wk inc covid hosp,1,2026-09-19,55,quantile,0.55,33.0
2026-09-12,wk inc covid hosp,1,2026-09-19,55,quantile,0.6,35.0
2026-09-12,wk inc covid hosp,1,2026-09-19,55,quantile,0.65,36.0
2026-09-12,wk inc covid hosp,1,2026-09-19,55,quantile,0.7,37.0
2026-09-12,wk inc covid hosp,1,2026-09-19,55,quantile,0.75,39.0
2026-09-12,wk inc covid hosp,1,2026-09-19,55,quantile,0.8,41.0
2026-09-12,wk inc covid hosp,1,2026-09-19,55,quantile,0.85,43.0
2026-09-12,wk inc covid hosp,1,2026-09-19,55,quantile,0.9,46.0
2026-09-12,wk inc covid hosp,1,2026-09-19,55,quantile,0.95,50.0
2026-09-12,wk inc covid hosp,1,2026-09-19,55,quantile,0.975,54.0
2026-09-12,wk inc covid hosp,1,2026-09-19,55,quantile,0.99,59.0
2026-09-12,wk inc covid hosp,1,2026-09-19,56,quantile,0.01,0.0
2026-09-12,wk inc covid hosp,1,2026-09-19,56,quantile,0.025,0.0
2026-09-12,wk inc covid hosp,1,2026-09-19,56,quantile,0.05,0.0
2026-09-12,wk inc covid hosp,1,2026-09-19,56,quantile,0.1,0.0
2026-09-12,wk inc covid hosp,1,2026-09-19,56,quantile,0.15,0.0
2026-09-12,wk inc covid hosp,1,2026-09-19,56,quantile,0.2,1.0
2026-09-12,wk inc covid hosp,1,2026-09-19,56,quantile,0.25,1.0
2026-09-12,wk inc covid hosp,1,2026-09-19,56,quantile,0.3,1.0
2026-09-12,wk inc covid hosp,1,2026-09-19,56,quantile,0.35,1.0
2026-09-12,wk inc covid hosp,1,2026-09-19,56,quantile,0.4,1.0
2026-09-12,wk inc covid hosp,1,2026-09-19,56,quantile,0.45,2.0
2026-09-12,wk inc covid hosp,1,2026-09-19,56,quantile,0.5,2.0
2026-09-12,wk inc covid hosp,1,2026-09-19,56,quantile,0.55,2.0
2026-09-12,wk inc covid hosp,1,2026-09-19,56,quantile,0.6,2.0
2026-09-12,wk inc covid hosp,1,2026-09-19,56,quantile,0.65,2.0
2026-09-12,wk inc covid hosp,1,2026-09-19,56,quantile,0.7,3.0
2026-09-12,wk inc covid hosp,1,2026-09-19,56,quantile,0.75,3.0
2026-09-12,wk inc covid hosp,1,2026-09-19,56,quantile,0.8,3.0
2026-09-12,wk inc covid hosp,1,2026-09-19,56,quantile,0.85,4.0
2026-09-12,wk inc covid hosp,1,2026-09-19,56,quantile,0.9,4.0
2026-09-12,wk inc covid hosp,1,2026-09-19,56,quantile,0.95,5.0
2026-09-12,wk inc covid hosp,1,2026-09-19,56,quantile,0.975,6.0
2026-09-12,wk inc covid hosp,1,2026-09-19,56,quantile,0.99,6.0
2026-09-12,wk inc covid hosp,1,2026-09-19,72,quantile,0.01,14.0
2026-09-12,wk inc covid hosp,1,2026-09-19,72,quantile,0.025,18.0
2026-09-12,wk inc covid hosp,1,2026-09-19,72,quantile,0.05,21.0
2026-09-12,wk inc covid hosp,1,2026-09-19,72,quantile,0.1,25.0
2026-09-12,wk inc covid hosp,1,2026-09-19,72,quantile,0.15,28.0
2026-09-12,wk inc covid hosp,1,2026-09-19,72,quantile,0.2,31.0
2026-09-12,wk inc covid hosp,1,2026-09-19,72,quantile,0.25,33.0
2026-09-12,wk inc covid hosp,1,2026-09-19,72,quantile,0.3,35.0
2026-09-12,wk inc covid hosp,1,2026-09-19,72,quantile,0.35,37.0
2026-09-12,wk inc covid hosp,1,2026-09-19,72,quantile,0.4,40.0
2026-09-12,wk inc covid hosp,1,2026-09-19,72,quantile,0.45,42.0
2026-09-12,wk inc covid hosp,1,2026-09-19,72,quantile,0.5,44.0
2026-09-12,wk inc covid hosp,1,2026-09-19,72,quantile,0.55,46.0
2026-09-12,wk inc covid hosp,1,2026-09-19,72,quantile,0.6,48.0
2026-09-12,wk inc covid hosp,1,2026-09-19,72,quantile,0.65,51.0
2026-09-12,wk inc covid hosp,1,2026-09-19,72,quantile,0.7,53.0
2026-09-12,wk inc covid hosp,1,2026-09-19,72,quantile,0.75,56.0
2026-09-12,wk inc covid hosp,1,2026-09-19,72,quantile,0.8,59.0
2026-09-12,wk inc covid hosp,1,2026-09-19,72,quantile,0.85,64.0
2026-09-12,wk inc covid hosp,1,2026-09-19,72,quantile,0.9,69.0
2026-09-12,wk inc covid hosp,1,2026-09-19,72,quantile,0.95,77.0
2026-09-12,wk inc covid hosp,1,2026-09-19,72,quantile,0.975,85.0
2026-09-12,wk inc covid hosp,1,2026-09-19,72,quantile,0.99,95.0
2026-09-12,wk inc covid hosp,2,2026-09-26,01,quantile,0.01,48.0
2026-09-12,wk inc covid hosp,2,2026-09-26,01,quantile,0.025,55.0
2026-09-12,wk inc covid hosp,2,2026-09-26,01,quantile,0.05,63.0
2026-09-12,wk inc covid hosp,2,2026-09-26,01,quantile,0.1,72.0
2026-09-12,wk inc covid hosp,2,2026-09-26,01,quantile,0.15,79.0
2026-09-12,wk inc covid hosp,2,2026-09-26,01,quantile,0.2,85.0
2026-09-12,wk inc covid hosp,2,2026-09-26,01,quantile,0.25,90.0
2026-09-12,wk inc covid hosp,2,2026-09-26,01,quantile,0.3,95.0
2026-09-12,wk inc covid hosp,2,2026-09-26,01,quantile,0.35,99.0
2026-09-12,wk inc covid hosp,2,2026-09-26,01,quantile,0.4,104.0
2026-09-12,wk inc covid hosp,2,2026-09-26,01,quantile,0.45,107.0
2026-09-12,wk inc covid hosp,2,2026-09-26,01,quantile,0.5,110.0
2026-09-12,wk inc covid hosp,2,2026-09-26,01,quantile,0.55,113.0
2026-09-12,wk inc covid hosp,2,2026-09-26,01,quantile,0.6,116.0
2026-09-12,wk inc covid hosp,2,2026-09-26,01,quantile,0.65,119.0
2026-09-12,wk inc covid hosp,2,2026-09-26,01,quantile,0.7,122.0
2026-09-12,wk inc covid hosp,2,2026-09-26,01,quantile,0.75,126.0
2026-09-12,wk inc covid hosp,2,2026-09-26,01,quantile,0.8,130.0
2026-09-12,wk inc covid hosp,2,2026-09-26,01,quantile,0.85,135.0
2026-09-12,wk inc covid hosp,2,2026-09-26,01,quantile,0.9,141.0
2026-09-12,wk inc covid hosp,2,2026-09-26,01,quantile,0.95,151.0
2026-09-12,wk inc covid hosp,2,2026-09-26,01,quantile,0.975,159.0
2026-09-12,wk inc covid hosp,2,2026-09-26,01,quantile,0.99,170.0
2026-09-12,wk inc covid hosp,2,2026-09-26,02,quantile,0.01,1.0
2026-09-12,wk inc covid hosp,2,2026-09-26,02,quantile,0.025,2.0
2026-09-12,wk inc covid hosp,2,2026-09-26,02,quantile,0.05,3.0
2026-09-12,wk inc covid hosp,2,2026-09-26,02,quantile,0.1,4.0
2026-09-12,wk inc covid hosp,2,2026-09-26,02,quantile,0.15,4.0
2026-09-12,wk inc covid hosp,2,2026-09-26,02,quantile,0.2,5.0
2026-09-12,wk inc covid hosp,2,2026-09-26,02,quantile,0.25,5.0
2026-09-12,wk inc covid hosp,2,2026-09-26,02,quantile,0.3,6.0
2026-09-12,wk inc covid hosp,2,2026-09-26,02,quantile,0.35,6.0
2026-09-12,wk inc covid hosp,2,2026-09-26,02,quantile,0.4,7.0
2026-09-12,wk inc covid hosp,2,2026-09-26,02,quantile,0.45,7.0
2026-09-12,wk inc covid hosp,2,2026-09-26,02,quantile,0.5,8.0
2026-09-12,wk inc covid hosp,2,2026-09-26,02,quantile,0.55,8.0
2026-09-12,wk inc covid hosp,2,2026-09-26,02,quantile,0.6,8.0
2026-09-12,wk inc covid hosp,2,2026-09-26,02,quantile,0.65,9.0
2026-09-12,wk inc covid hosp,2,2026-09-26,02,quantile,0.7,10.0
2026-09-12,wk inc covid hosp,2,2026-09-26,02,quantile,0.75,10.0
2026-09-12,wk inc covid hosp,2,2026-09-26,02,quantile,0.8,11.0
2026-09-12,wk inc covid hosp,2,2026-09-26,02,quantile,0.85,12.0
2026-09-12,wk inc covid hosp,2,2026-09-26,02,quantile,0.9,13.0
2026-09-12,wk inc covid hosp,2,2026-09-26,02,quantile,0.95,15.0
2026-09-12,wk inc covid hosp,2,2026-09-26,02,quantile,0.975,16.0
2026-09-12,wk inc covid hosp,2,2026-09-26,02,quantile,0.99,18.0
2026-09-12,wk inc covid hosp,2,2026-09-26,04,quantile,0.01,53.0
2026-09-12,wk inc covid hosp,2,2026-09-26,04,quantile,0.025,61.0
2026-09-12,wk inc covid hosp,2,2026-09-26,04,quantile,0.05,69.0
2026-09-12,wk inc covid hosp,2,2026-09-26,04,quantile,0.1,80.0
2026-09-12,wk inc covid hosp,2,2026-09-26,04,quantile,0.15,87.0
2026-09-12,wk inc covid hosp,2,2026-09-26,04,quantile,0.2,93.0
2026-09-12,wk inc covid hosp,2,2026-09-26,04,quantile,0.25,99.0
2026-09-12,wk inc covid hosp,2,2026-09-26,04,quantile,0.3,102.0
2026-09-12,wk inc covid hosp,2,2026-09-26,04,quantile,0.35,105.0
2026-09-12,wk inc covid hosp,2,2026-09-26,04,quantile,0.4,108.0
2026-09-12,wk inc covid hosp,2,2026-09-26,04,quantile,0.45,111.0
2026-09-12,wk inc covid hosp,2,2026-09-26,04,quantile,0.5,114.0
2026-09-12,wk inc covid hosp,2,2026-09-26,04,quantile,0.55,117.0
2026-09-12,wk inc covid hosp,2,2026-09-26,04,quantile,0.6,120.0
2026-09-12,wk inc covid hosp,2,2026-09-26,04,quantile,0.65,123.0
2026-09-12,wk inc covid hosp,2,2026-09-26,04,quantile,0.7,126.0
2026-09-12,wk inc covid hosp,2,2026-09-26,04,quantile,0.75,130.0
2026-09-12,wk inc covid hosp,2,2026-09-26,04,quantile,0.8,134.0
2026-09-12,wk inc covid hosp,2,2026-09-26,04,quantile,0.85,139.0
2026-09-12,wk inc covid hosp,2,2026-09-26,04,quantile,0.9,146.0
2026-09-12,wk inc covid hosp,2,2026-09-26,04,quantile,0.95,156.0
2026-09-12,wk inc covid hosp,2,2026-09-26,04,quantile,0.975,165.0
2026-09-12,wk inc covid hosp,2,2026-09-26,04,quantile,0.99,176.0
2026-09-12,wk inc covid hosp,2,2026-09-26,05,quantile,0.01,5.0
2026-09-12,wk inc covid hosp,2,2026-09-26,05,quantile,0.025,6.0
2026-09-12,wk inc covid hosp,2,2026-09-26,05,quantile,0.05,8.0
2026-09-12,wk inc covid hosp,2,2026-09-26,05,quantile,0.1,10.0
2026-09-12,wk inc covid hosp,2,2026-09-26,05,quantile,0.15,11.0
2026-09-12,wk inc covid hosp,2,2026-09-26,05,quantile,0.2,12.0
2026-09-12,wk inc covid hosp,2,2026-09-26,05,quantile,0.25,13.0
2026-09-12,wk inc covid hosp,2,2026-09-26,05,quantile,0.3,14.0
2026-09-12,wk inc covid hosp,2,2026-09-26,05,quantile,0.35,14.0
2026-09-12,wk inc covid hosp,2,2026-09-26,05,quantile,0.4,15.0
2026-09-12,wk inc covid hosp,2,2026-09-26,05,quantile,0.45,16.0
2026-09-12,wk inc covid hosp,2,2026-09-26,05,quantile,0.5,17.0
2026-09-12,wk inc covid hosp,2,2026-09-26,05,quantile,0.55,18.0
2026-09-12,wk inc covid hosp,2,2026-09-26,05,quantile,0.6,19.0
2026-09-12,wk inc covid hosp,2,2026-09-26,05,quantile,0.65,20.0
2026-09-12,wk inc covid hosp,2,2026-09-26,05,quantile,0.7,21.0
2026-09-12,wk inc covid hosp,2,2026-09-26,05,quantile,0.75,22.0
2026-09-12,wk inc covid hosp,2,2026-09-26,05,quantile,0.8,23.0
2026-09-12,wk inc covid hosp,2,2026-09-26,05,quantile,0.85,25.0
2026-09-12,wk inc covid hosp,2,2026-09-26,05,quantile,0.9,27.0
2026-09-12,wk inc covid hosp,2,2026-09-26,05,quantile,0.95,30.0
2026-09-12,wk inc covid hosp,2,2026-09-26,05,quantile,0.975,33.0
2026-09-12,wk inc covid hosp,2,2026-09-26,05,quantile,0.99,36.0
2026-09-12,wk inc covid hosp,2,2026-09-26,06,quantile,0.01,357.0
2026-09-12,wk inc covid hosp,2,2026-09-26,06,quantile,0.025,412.0
2026-09-12,wk inc covid hosp,2,2026-09-26,06,quantile,0.05,463.0
2026-09-12,wk inc covid hosp,2,2026-09-26,06,quantile,0.1,527.0
2026-09-12,wk inc covid hosp,2,2026-09-26,06,quantile,0.15,574.0
2026-09-12,wk inc covid hosp,2,2026-09-26,06,quantile,0.2,613.0
2026-09-12,wk inc covid hosp,2,2026-09-26,06,quantile,0.25,648.0
2026-09-12,wk inc covid hosp,2,2026-09-26,06,quantile,0.3,680.0
2026-09-12,wk inc covid hosp,2,2026-09-26,06,quantile,0.35,711.0
2026-09-12,wk inc covid hosp,2,2026-09-26,06,quantile,0.4,741.0
2026-09-12,wk inc covid hosp,2,2026-09-26,06,quantile,0.45,771.0
2026-09-12,wk inc covid hosp,2,2026-09-26,06,quantile,0.5,802.0
2026-09-12,wk inc covid hosp,2,2026-09-26,06,quantile,0.55,833.0
2026-09-12,wk inc covid hosp,2,2026-09-26,06,quantile,0.6,866.0
2026-09-12,wk inc covid hosp,2,2026-09-26,06,quantile,0.65,900.0
2026-09-12,wk inc covid hosp,2,2026-09-26,06,quantile,0.7,937.0
2026-09-12,wk inc covid hosp,2,2026-09-26,06,quantile,0.75,979.0
2026-09-12,wk inc covid hosp,2,2026-09-26,06,quantile,0.8,1026.0
2026-09-12,wk inc covid hosp,2,2026-09-26,06,quantile,0.85,1084.0
2026-09-12,wk inc covid hosp,2,2026-09-26,06,quantile,0.9,1158.0
2026-09-12,wk inc covid hosp,2,2026-09-26,06,quantile,0.95,1275.0
2026-09-12,wk inc covid hosp,2,2026-09-26,06,quantile,0.975,1383.0
2026-09-12,wk inc covid hosp,2,2026-09-26,06,quantile,0.99,1515.0
2026-09-12,wk inc covid hosp,2,2026-09-26,08,quantile,0.01,12.0
2026-09-12,wk inc covid hosp,2,2026-09-26,08,quantile,0.025,14.0
2026-09-12,wk inc covid hosp,2,2026-09-26,08,quantile,0.05,16.0
2026-09-12,wk inc covid hosp,2,2026-09-26,08,quantile,0.1,19.0
2026-09-12,wk inc covid hosp,2,2026-09-26,08,quantile,0.15,21.0
2026-09-12,wk inc covid hosp,2,2026-09-26,08,quantile,0.2,23.0
2026-09-12,wk inc covid hosp,2,2026-09-26,08,quantile,0.25,25.0
2026-09-12,wk inc covid hosp,2,2026-09-26,08,quantile,0.3,26.0
2026-09-12,wk inc covid hosp,2,2026-09-26,08,quantile,0.35,28.0
2026-09-12,wk inc covid hosp,2,2026-09-26,08,quantile,0.4,29.0
2026-09-12,wk inc covid hosp,2,2026-09-26,08,quantile,0.45,30.0
2026-09-12,wk inc covid hosp,2,2026-09-26,08,quantile,0.5,32.0
2026-09-12,wk inc covid hosp,2,2026-09-26,08,quantile,0.55,33.0
2026-09-12,wk inc covid hosp,2,2026-09-26,08,quantile,0.6,35.0
2026-09-12,wk inc covid hosp,2,2026-09-26,08,quantile,0.65,36.0
2026-09-12,wk inc covid hosp,2,2026-09-26,08,quantile,0.7,38.0
2026-09-12,wk inc covid hosp,2,2026-09-26,08,quantile,0.75,40.0
2026-09-12,wk inc covid hosp,2,2026-09-26,08,quantile,0.8,42.0
2026-09-12,wk inc covid hosp,2,2026-09-26,08,quantile,0.85,45.0
2026-09-12,wk inc covid hosp,2,2026-09-26,08,quantile,0.9,48.0
2026-09-12,wk inc covid hosp,2,2026-09-26,08,quantile,0.95,53.0
2026-09-12,wk inc covid hosp,2,2026-09-26,08,quantile,0.975,58.0
2026-09-12,wk inc covid hosp,2,2026-09-26,08,quantile,0.99,64.0
2026-09-12,wk inc covid hosp,2,2026-09-26,09,quantile,0.01,1.0
2026-09-12,wk inc covid hosp,2,2026-09-26,09,quantile,0.025,1.0
2026-09-12,wk inc covid hosp,2,2026-09-26,09,quantile,0.05,2.0
2026-09-12,wk inc covid hosp,2,2026-09-26,09,quantile,0.1,3.0
2026-09-12,wk inc covid hosp,2,2026-09-26,09,quantile,0.15,4.0
2026-09-12,wk inc covid hosp,2,2026-09-26,09,quantile,0.2,5.0
2026-09-12,wk inc covid hosp,2,2026-09-26,09,quantile,0.25,5.0
2026-09-12,wk inc covid hosp,2,2026-09-26,09,quantile,0.3,6.0
2026-09-12,wk inc covid hosp,2,2026-09-26,09,quantile,0.35,6.0
2026-09-12,wk inc covid hosp,2,2026-09-26,09,quantile,0.4,7.0
2026-09-12,wk inc covid hosp,2,2026-09-26,09,quantile,0.45,7.0
2026-09-12,wk inc covid hosp,2,2026-09-26,09,quantile,0.5,8.0
2026-09-12,wk inc covid hosp,2,2026-09-26,09,quantile,0.55,9.0
2026-09-12,wk inc covid hosp,2,2026-09-26,09,quantile,0.6,9.0
2026-09-12,wk inc covid hosp,2,2026-09-26,09,quantile,0.65,10.0
2026-09-12,wk inc covid hosp,2,2026-09-26,09,quantile,0.7,11.0
2026-09-12,wk inc covid hosp,2,2026-09-26,09,quantile,0.75,12.0
2026-09-12,wk inc covid hosp,2,2026-09-26,09,quantile,0.8,12.0
2026-09-12,wk inc covid hosp,2,2026-09-26,09,quantile,0.85,14.0
2026-09-12,wk inc covid hosp,2,2026-09-26,09,quantile,0.9,15.0
2026-09-12,wk inc covid hosp,2,2026-09-26,09,quantile,0.95,18.0
2026-09-12,wk inc covid hosp,2,2026-09-26,09,quantile,0.975,20.0
2026-09-12,wk inc covid hosp,2,2026-09-26,09,quantile,0.99,23.0
2026-09-12,wk inc covid hosp,2,2026-09-26,10,quantile,0.01,1.0
2026-09-12,wk inc covid hosp,2,2026-09-26,10,quantile,0.025,2.0
2026-09-12,wk inc covid hosp,2,2026-09-26,10,quantile,0.05,3.0
2026-09-12,wk inc covid hosp,2,2026-09-26,10,quantile,0.1,4.0
2026-09-12,wk inc covid hosp,2,2026-09-26,10,quantile,0.15,4.0
2026-09-12,wk inc covid hosp,2,2026-09-26,10,quantile,0.2,5.0
2026-09-12,wk inc covid hosp,2,2026-09-26,10,quantile,0.25,6.0
2026-09-12,wk inc covid hosp,2,2026-09-26,10,quantile,0.3,6.0
2026-09-12,wk inc covid hosp,2,2026-09-26,10,quantile,0.35,7.0
2026-09-12,wk inc covid hosp,2,2026-09-26,10,quantile,0.4,7.0
2026-09-12,wk inc covid hosp,2,2026-09-26,10,quantile,0.45,7.0
2026-09-12,wk inc covid hosp,2,2026-09-26,10,quantile,0.5,8.0
2026-09-12,wk inc covid hosp,2,2026-09-26,10,quantile,0.55,8.0
2026-09-12,wk inc covid hosp,2,2026-09-26,10,quantile,0.6,9.0
2026-09-12,wk inc covid hosp,2,2026-09-26,10,quantile,0.65,9.0
2026-09-12,wk inc covid hosp,2,2026-09-26,10,quantile,0.7,10.0
2026-09-12,wk inc covid hosp,2,2026-09-26,10,quantile,0.75,11.0
2026-09-12,wk inc covid hosp,2,2026-09-26,10,quantile,0.8,11.0
2026-09-12,wk inc covid hosp,2,2026-09-26,10,quantile,0.85,12.0
2026-09-12,wk inc covid hosp,2,2026-09-26,10,quantile,0.9,13.0
2026-09-12,wk inc covid hosp,2,2026-09-26,10,quantile,0.95,15.0
2026-09-12,wk inc covid hosp,2,2026-09-26,10,quantile,0.975,17.0
2026-09-12,wk inc covid hosp,2,2026-09-26,10,quantile,0.99,19.0
2026-09-12,wk inc covid hosp,2,2026-09-26,11,quantile,0.01,0.0
2026-09-12,wk inc covid hosp,2,2026-09-26,11,quantile,0.025,0.0
2026-09-12,wk inc covid hosp,2,2026-09-26,11,quantile,0.05,0.0
2026-09-12,wk inc covid hosp,2,2026-09-26,11,quantile,0.1,0.0
2026-09-12,wk inc covid hosp,2,2026-09-26,11,quantile,0.15,0.0
2026-09-12,wk inc covid hosp,2,2026-09-26,11,quantile,0.2,0.0
2026-09-12,wk inc covid hosp,2,2026-09-26,11,quantile,0.25,0.0
2026-09-12,wk inc covid hosp,2,2026-09-26,11,quantile,0.3,0.0
2026-09-12,wk inc covid hosp,2,2026-09-26,11,quantile,0.35,0.0
2026-09-12,wk inc covid hosp,2,2026-09-26,11,quantile,0.4,0.0
2026-09-12,wk inc covid hosp,2,2026-09-26,11,quantile,0.45,1.0
2026-09-12,wk inc covid hosp,2,2026-09-26,11,quantile,0.5,1.0
2026-09-12,wk inc covid hosp,2,2026-09-26,11,quantile,0.55,1.0
2026-09-12,wk inc covid hosp,2,2026-09-26,11,quantile,0.6,1.0
2026-09-12,wk inc covid hosp,2,2026-09-26,11,quantile,0.65,1.0
2026-09-12,wk inc covid hosp,2,2026-09-26,11,quantile,0.7,1.0
2026-09-12,wk inc covid hosp,2,2026-09-26,11,quantile,0.75,2.0
2026-09-12,wk inc covid hosp,2,2026-09-26,11,quantile,0.8,2.0
2026-09-12,wk inc covid hosp,2,2026-09-26,11,quantile,0.85,2.0
2026-09-12,wk inc covid hosp,2,2026-09-26,11,quantile,0.9,2.0
2026-09-12,wk inc covid hosp,2,2026-09-26,11,quantile,0.95,3.0
2026-09-12,wk inc covid hosp,2,2026-09-26,11,quantile,0.975,4.0
2026-09-12,wk inc covid hosp,2,2026-09-26,11,quantile,0.99,4.0
2026-09-12,wk inc covid hosp,2,2026-09-26,12,quantile,0.01,335.0
2026-09-12,wk inc covid hosp,2,2026-09-26,12,quantile,0.025,386.0
2026-09-12,wk inc covid hosp,2,2026-09-26,12,quantile,0.05,434.0
2026-09-12,wk inc covid hosp,2,2026-09-26,12,quantile,0.1,494.0
2026-09-12,wk inc covid hosp,2,2026-09-26,12,quantile,0.15,538.0
2026-09-12,wk inc covid hosp,2,2026-09-26,12,quantile,0.2,575.0
2026-09-12,wk inc covid hosp,2,2026-09-26,12,quantile,0.25,604.0
2026-09-12,wk inc covid hosp,2,2026-09-26,12,quantile,0.3,622.0
2026-09-12,wk inc covid hosp,2,2026-09-26,12,quantile,0.35,638.0
2026-09-12,wk inc covid hosp,2,2026-09-26,12,quantile,0.4,655.0
2026-09-12,wk inc covid hosp,2,2026-09-26,12,quantile,0.45,670.0
2026-09-12,wk inc covid hosp,2,2026-09-26,12,quantile,0.5,686.0
2026-09-12,wk inc covid hosp,2,2026-09-26,12,quantile,0.55,702.0
2026-09-12,wk inc covid hosp,2,2026-09-26,12,quantile,0.6,719.0
2026-09-12,wk inc covid hosp,2,2026-09-26,12,quantile,0.65,736.0
2026-09-12,wk inc covid hosp,2,2026-09-26,12,quantile,0.7,755.0
2026-09-12,wk inc covid hosp,2,2026-09-26,12,quantile,0.75,775.0
2026-09-12,wk inc covid hosp,2,2026-09-26,12,quantile,0.8,798.0
2026-09-12,wk inc covid hosp,2,2026-09-26,12,quantile,0.85,826.0
2026-09-12,wk inc covid hosp,2,2026-09-26,12,quantile,0.9,861.0
2026-09-12,wk inc covid hosp,2,2026-09-26,12,quantile,0.95,916.0
2026-09-12,wk inc covid hosp,2,2026-09-26,12,quantile,0.975,965.0
2026-09-12,wk inc covid hosp,2,2026-09-26,12,quantile,0.99,1024.0
2026-09-12,wk inc covid hosp,2,2026-09-26,13,quantile,0.01,52.0
2026-09-12,wk inc covid hosp,2,2026-09-26,13,quantile,0.025,61.0
2026-09-12,wk inc covid hosp,2,2026-09-26,13,quantile,0.05,69.0
2026-09-12,wk inc covid hosp,2,2026-09-26,13,quantile,0.1,79.0
2026-09-12,wk inc covid hosp,2,2026-09-26,13,quantile,0.15,86.0
2026-09-12,wk inc covid hosp,2,2026-09-26,13,quantile,0.2,92.0
2026-09-12,wk inc covid hosp,2,2026-09-26,13,quantile,0.25,98.0
2026-09-12,wk inc covid hosp,2,2026-09-26,13,quantile,0.3,103.0
2026-09-12,wk inc covid hosp,2,2026-09-26,13,quantile,0.35,108.0
2026-09-12,wk inc covid hosp,2,2026-09-26,13,quantile,0.4,113.0
2026-09-12,wk inc covid hosp,2,2026-09-26,13,quantile,0.45,118.0
2026-09-12,wk inc covid hosp,2,2026-09-26,13,quantile,0.5,122.0
2026-09-12,wk inc covid hosp,2,2026-09-26,13,quantile,0.55,127.0
2026-09-12,wk inc covid hosp,2,2026-09-26,13,quantile,0.6,132.0
2026-09-12,wk inc covid hosp,2,2026-09-26,13,quantile,0.65,138.0
2026-09-12,wk inc covid hosp,2,2026-09-26,13,quantile,0.7,144.0
2026-09-12,wk inc covid hosp,2,2026-09-26,13,quantile,0.75,150.0
2026-09-12,wk inc covid hosp,2,2026-09-26,13,quantile,0.8,158.0
2026-09-12,wk inc covid hosp,2,2026-09-26,13,quantile,0.85,167.0
2026-09-12,wk inc covid hosp,2,2026-09-26,13,quantile,0.9,179.0
2026-09-12,wk inc covid hosp,2,2026-09-26,13,quantile,0.95,197.0
2026-09-12,wk inc covid hosp,2,2026-09-26,13,quantile,0.975,214.0
2026-09-12,wk inc covid hosp,2,2026-09-26,13,quantile,0.99,234.0
2026-09-12,wk inc covid hosp,2,2026-09-26,15,quantile,0.01,5.0
2026-09-12,wk inc covid hosp,2,2026-09-26,15,quantile,0.025,7.0
2026-09-12,wk inc covid hosp,2,2026-09-26,15,quantile,0.05,8.0
2026-09-12,wk inc covid hosp,2,2026-09-26,15,quantile,0.1,10.0
2026-09-12,wk inc covid hosp,2,2026-09-26,15,quantile,0.15,11.0
2026-09-12,wk inc covid hosp,2,2026-09-26,15,quantile,0.2,13.0
2026-09-12,wk inc covid hosp,2,2026-09-26,15,quantile,0.25,14.0
2026-09-12,wk inc covid hosp,2,2026-09-26,15,quantile,0.3,14.0
2026-09-12,wk inc covid hosp,2,2026-09-26,15,quantile,0.35,15.0
2026-09-12,wk inc covid hosp,2,2026-09-26,15,quantile,0.4,16.0
2026-09-12,wk inc covid hosp,2,2026-09-26,15,quantile,0.45,17.0
2026-09-12,wk inc covid hosp,2,2026-09-26,15,quantile,0.5,18.0
2026-09-12,wk inc covid hosp,2,2026-09-26,15,quantile,0.55,19.0
2026-09-12,wk inc covid hosp,2,2026-09-26,15,quantile,0.6,20.0
2026-09-12,wk inc covid hosp,2,2026-09-26,15,quantile,0.65,21.0
2026-09-12,wk inc covid hosp,2,2026-09-26,15,quantile,0.7,22.0
2026-09-12,wk inc covid hosp,2,2026-09-26,15,quantile,0.75,23.0
2026-09-12,wk inc covid hosp,2,2026-09-26,15,quantile,0.8,24.0
2026-09-12,wk inc covid hosp,2,2026-09-26,15,quantile,0.85,26.0
2026-09-12,wk inc covid hosp,2,2026-09-26,15,quantile,0.9,28.0
2026-09-12,wk inc covid hosp,2,2026-09-26,15,quantile,0.95,31.0
2026-09-12,wk inc covid hosp,2,2026-09-26,15,quantile,0.975,34.0
2026-09-12,wk inc covid hosp,2,2026-09-26,15,quantile,0.99,38.0
2026-09-12,wk inc covid hosp,2,2026-09-26,16,quantile,0.01,7.0
2026-09-12,wk inc covid hosp,2,2026-09-26,16,quantile,0.025,9.0
2026-09-12,wk inc covid hosp,2,2026-09-26,16,quantile,0.05,11.0
2026-09-12,wk inc covid hosp,2,2026-09-26,16,quantile,0.1,13.0
2026-09-12,wk inc covid hosp,2,2026-09-26,16,quantile,0.15,15.0
2026-09-12,wk inc covid hosp,2,2026-09-26,16,quantile,0.2,16.0
2026-09-12,wk inc covid hosp,2,2026-09-26,16,quantile,0.25,17.0
2026-09-12,wk inc covid hosp,2,2026-09-26,16,quantile,0.3,18.0
2026-09-12,wk inc covid hosp,2,2026-09-26,16,quantile,0.35,19.0
2026-09-12,wk inc covid hosp,2,2026-09-26,16,quantile,0.4,20.0
2026-09-12,wk inc covid hosp,2,2026-09-26,16,quantile,0.45,21.0
2026-09-12,wk inc covid hosp,2,2026-09-26,16,quantile,0.5,22.0
2026-09-12,wk inc covid hosp,2,2026-09-26,16,quantile,0.55,23.0
2026-09-12,wk inc covid hosp,2,2026-09-26,16,quantile,0.6,25.0
2026-09-12,wk inc covid hosp,2,2026-09-26,16,quantile,0.65,26.0
2026-09-12,wk inc covid hosp,2,2026-09-26,16,quantile,0.7,27.0
2026-09-12,wk inc covid hosp,2,2026-09-26,16,quantile,0.75,28.0
2026-09-12,wk inc covid hosp,2,2026-09-26,16,quantile,0.8,30.0
2026-09-12,wk inc covid hosp,2,2026-09-26,16,quantile,0.85,32.0
2026-09-12,wk inc covid hosp,2,2026-09-26,16,quantile,0.9,34.0
2026-09-12,wk inc covid hosp,2,2026-09-26,16,quantile,0.95,38.0
2026-09-12,wk inc covid hosp,2,2026-09-26,16,quantile,0.975,41.0
2026-09-12,wk inc covid hosp,2,2026-09-26,16,quantile,0.99,44.0
2026-09-12,wk inc covid hosp,2,2026-09-26,17,quantile,0.01,22.0
2026-09-12,wk inc covid hosp,2,2026-09-26,17,quantile,0.025,26.0
2026-09-12,wk inc covid hosp,2,2026-09-26,17,quantile,0.05,30.0
2026-09-12,wk inc covid hosp,2,2026-09-26,17,quantile,0.1,34.0
2026-09-12,wk inc covid hosp,2,2026-09-26,17,quantile,0.15,38.0
2026-09-12,wk inc covid hosp,2,2026-09-26,17,quantile,0.2,41.0
2026-09-12,wk inc covid hosp,2,2026-09-26,17,quantile,0.25,43.0
2026-09-12,wk inc covid hosp,2,2026-09-26,17,quantile,0.3,46.0
2026-09-12,wk inc covid hosp,2,2026-09-26,17,quantile,0.35,48.0
2026-09-12,wk inc covid hosp,2,2026-09-26,17,quantile,0.4,50.0
2026-09-12,wk inc covid hosp,2,2026-09-26,17,quantile,0.45,53.0
2026-09-12,wk inc covid hosp,2,2026-09-26,17,quantile,0.5,55.0
2026-09-12,wk inc covid hosp,2,2026-09-26,17,quantile,0.55,57.0
2026-09-12,wk inc covid hosp,2,2026-09-26,17,quantile,0.6,60.0
2026-09-12,wk inc covid hosp,2,2026-09-26,17,quantile,0.65,62.0
2026-09-12,wk inc covid hosp,2,2026-09-26,17,quantile,0.7,65.0
2026-09-12,wk inc covid hosp,2,2026-09-26,17,quantile,0.75,68.0
2026-09-12,wk inc covid hosp,2,2026-09-26,17,quantile,0.8,72.0
2026-09-12,wk inc covid hosp,2,2026-09-26,17,quantile,0.85,76.0
2026-09-12,wk inc covid hosp,2,2026-09-26,17,quantile,0.9,82.0
2026-09-12,wk inc covid hosp,2,2026-09-26,17,quantile,0.95,90.0
2026-09-12,wk inc covid hosp,2,2026-09-26,17,quantile,0.975,98.0
2026-09-12,wk inc covid hosp,2,2026-09-26,17,quantile,0.99,108.0
2026-09-12,wk inc covid hosp,2,2026-09-26,18,quantile,0.01,10.0
2026-09-12,wk inc covid hosp,2,2026-09-26,18,quantile,0.025,12.0
2026-09-12,wk inc covid hosp,2,2026-09-26,18,quantile,0.05,14.0
2026-09-12,wk inc covid hosp,2,2026-09-26,18,quantile,0.1,16.0
2026-09-12,wk inc covid hosp,2,2026-09-26,18,quantile,0.15,18.0
2026-09-12,wk inc covid hosp,2,2026-09-26,18,quantile,0.2,20.0
2026-09-12,wk inc covid hosp,2,2026-09-26,18,quantile,0.25,21.0
2026-09-12,wk inc covid hosp,2,2026-09-26,18,quantile,0.3,22.0
2026-09-12,wk inc covid hosp,2,2026-09-26,18,quantile,0.35,24.0
2026-09-12,wk inc covid hosp,2,2026-09-26,18,quantile,0.4,25.0
2026-09-12,wk inc covid hosp,2,2026-09-26,18,quantile,0.45,26.0
2026-09-12,wk inc covid hosp,2,2026-09-26,18,quantile,0.5,27.0
2026-09-12,wk inc covid hosp,2,2026-09-26,18,quantile,0.55,28.0
2026-09-12,wk inc covid hosp,2,2026-09-26,18,quantile,0.6,30.0
2026-09-12,wk inc covid hosp,2,2026-09-26,18,quantile,0.65,31.0
2026-09-12,wk inc covid hosp,2,2026-09-26,18,quantile,0.7,33.0
2026-09-12,wk inc covid hosp,2,2026-09-26,18,quantile,0.75,34.0
2026-09-12,wk inc covid hosp,2,2026-09-26,18,quantile,0.8,36.0
2026-09-12,wk inc covid hosp,2,2026-09-26,18,quantile,0.85,38.0
2026-09-12,wk inc covid hosp,2,2026-09-26,18,quantile,0.9,41.0
2026-09-12,wk inc covid hosp,2,2026-09-26,18,quantile,0.95,46.0
2026-09-12,wk inc covid hosp,2,2026-09-26,18,quantile,0.975,50.0
2026-09-12,wk inc covid hosp,2,2026-09-26,18,quantile,0.99,56.0
2026-09-12,wk inc covid hosp,2,2026-09-26,19,quantile,0.01,5.0
2026-09-12,wk inc covid hosp,2,2026-09-26,19,quantile,0.025,6.0
2026-09-12,wk inc covid hosp,2,2026-09-26,19,quantile,0.05,8.0
2026-09-12,wk inc covid hosp,2,2026-09-26,19,quantile,0.1,9.0
2026-09-12,wk inc covid hosp,2,2026-09-26,19,quantile,0.15,11.0
2026-09-12,wk inc covid hosp,2,2026-09-26,19,quantile,0.2,12.0
2026-09-12,wk inc covid hosp,2,2026-09-26,19,quantile,0.25,13.0
2026-09-12,wk inc covid hosp,2,2026-09-26,19,quantile,0.3,14.0
2026-09-12,wk inc covid hosp,2,2026-09-26,19,quantile,0.35,14.0
2026-09-12,wk inc covid hosp,2,2026-09-26,19,quantile,0.4,15.0
2026-09-12,wk inc covid hosp,2,2026-09-26,19,quantile,0.45,16.0
2026-09-12,wk inc covid hosp,2,2026-09-26,19,quantile,0.5,17.0
2026-09-12,wk inc covid hosp,2,2026-09-26,19,quantile,0.55,18.0
2026-09-12,wk inc covid hosp,2,2026-09-26,19,quantile,0.6,19.0
2026-09-12,wk inc covid hosp,2,2026-09-26,19,quantile,0.65,19.0
2026-09-12,wk inc covid hosp,2,2026-09-26,19,quantile,0.7,20.0
2026-09-12,wk inc covid hosp,2,2026-09-26,19,quantile,0.75,22.0
2026-09-12,wk inc covid hosp,2,2026-09-26,19,quantile,0.8,23.0
2026-09-12,wk inc covid hosp,2,2026-09-26,19,quantile,0.85,24.0
2026-09-12,wk inc covid hosp,2,2026-09-26,19,quantile,0.9,26.0
2026-09-12,wk inc covid hosp,2,2026-09-26,19,quantile,0.95,30.0
2026-09-12,wk inc covid hosp,2,2026-09-26,19,quantile,0.975,33.0
2026-09-12,wk inc covid hosp,2,2026-09-26,19,quantile,0.99,36.0
2026-09-12,wk inc covid hosp,2,2026-09-26,20,quantile,0.01,1.0
2026-09-12,wk inc covid hosp,2,2026-09-26,20,quantile,0.025,1.0
2026-09-12,wk inc covid hosp,2,2026-09-26,20,quantile,0.05,2.0
2026-09-12,wk inc covid hosp,2,2026-09-26,20,quantile,0.1,3.0
2026-09-12,wk inc covid hosp,2,2026-09-26,20,quantile,0.15,3.0
2026-09-12,wk inc covid hosp,2,2026-09-26,20,quantile,0.2,4.0
2026-09-12,wk inc covid hosp,2,2026-09-26,20,quantile,0.25,5.0
2026-09-12,wk inc covid hosp,2,2026-09-26,20,quantile,0.3,5.0
2026-09-12,wk inc covid hosp,2,2026-09-26,20,quantile,0.35,6.0
2026-09-12,wk inc covid hosp,2,2026-09-26,20,quantile,0.4,6.0
2026-09-12,wk inc covid hosp,2,2026-09-26,20,quantile,0.45,7.0
2026-09-12,wk inc covid hosp,2,2026-09-26,20,quantile,0.5,7.0
2026-09-12,wk inc covid hosp,2,2026-09-26,20,quantile,0.55,8.0
2026-09-12,wk inc covid hosp,2,2026-09-26,20,quantile,0.6,8.0
2026-09-12,wk inc covid hosp,2,2026-09-26,20,quantile,0.65,9.0
2026-09-12,wk inc covid hosp,2,2026-09-26,20,quantile,0.7,10.0
2026-09-12,wk inc covid hosp,2,2026-09-26,20,quantile,0.75,10.0
2026-09-12,wk inc covid hosp,2,2026-09-26,20,quantile,0.8,11.0
2026-09-12,wk inc covid hosp,2,2026-09-26,20,quantile,0.85,12.0
2026-09-12,wk inc covid hosp,2,2026-09-26,20,quantile,0.9,14.0
2026-09-12,wk inc covid hosp,2,2026-09-26,20,quantile,0.95,16.0
2026-09-12,wk inc covid hosp,2,2026-09-26,20,quantile,0.975,18.0
2026-09-12,wk inc covid hosp,2,2026-09-26,20,quantile,0.99,20.0
2026-09-12,wk inc covid hosp,2,2026-09-26,21,quantile,0.01,3.0
2026-09-12,wk inc covid hosp,2,2026-09-26,21,quantile,0.025,5.0
2026-09-12,wk inc covid hosp,2,2026-09-26,21,quantile,0.05,6.0
2026-09-12,wk inc covid hosp,2,2026-09-26,21,quantile,0.1,7.0
2026-09-12,wk inc covid hosp,2,2026-09-26,21,quantile,0.15,8.0
2026-09-12,wk inc covid hosp,2,2026-09-26,21,quantile,0.2,9.0
2026-09-12,wk inc covid hosp,2,2026-09-26,21,quantile,0.25,10.0
2026-09-12,wk inc covid hosp,2,2026-09-26,21,quantile,0.3,11.0
2026-09-12,wk inc covid hosp,2,2026-09-26,21,quantile,0.35,12.0
2026-09-12,wk inc covid hosp,2,2026-09-26,21,quantile,0.4,13.0
2026-09-12,wk inc covid hosp,2,2026-09-26,21,quantile,0.45,14.0
2026-09-12,wk inc covid hosp,2,2026-09-26,21,quantile,0.5,15.0
2026-09-12,wk inc covid hosp,2,2026-09-26,21,quantile,0.55,15.0
2026-09-12,wk inc covid hosp,2,2026-09-26,21,quantile,0.6,16.0
2026-09-12,wk inc covid hosp,2,2026-09-26,21,quantile,0.65,17.0
2026-09-12,wk inc covid hosp,2,2026-09-26,21,quantile,0.7,18.0
2026-09-12,wk inc covid hosp,2,2026-09-26,21,quantile,0.75,19.0
2026-09-12,wk inc covid hosp,2,2026-09-26,21,quantile,0.8,21.0
2026-09-12,wk inc covid hosp,2,2026-09-26,21,quantile,0.85,22.0
2026-09-12,wk inc covid hosp,2,2026-09-26,21,quantile,0.9,24.0
2026-09-12,wk inc covid hosp,2,2026-09-26,21,quantile,0.95,27.0
2026-09-12,wk inc covid hosp,2,2026-09-26,21,quantile,0.975,30.0
2026-09-12,wk inc covid hosp,2,2026-09-26,21,quantile,0.99,34.0
2026-09-12,wk inc covid hosp,2,2026-09-26,22,quantile,0.01,51.0
2026-09-12,wk inc covid hosp,2,2026-09-26,22,quantile,0.025,56.0
2026-09-12,wk inc covid hosp,2,2026-09-26,22,quantile,0.05,60.0
2026-09-12,wk inc covid hosp,2,2026-09-26,22,quantile,0.1,66.0
2026-09-12,wk inc covid hosp,2,2026-09-26,22,quantile,0.15,70.0
2026-09-12,wk inc covid hosp,2,2026-09-26,22,quantile,0.2,73.0
2026-09-12,wk inc covid hosp,2,2026-09-26,22,quantile,0.25,76.0
2026-09-12,wk inc covid hosp,2,2026-09-26,22,quantile,0.3,78.0
2026-09-12,wk inc covid hosp,2,2026-09-26,22,quantile,0.35,81.0
2026-09-12,wk inc covid hosp,2,2026-09-26,22,quantile,0.4,83.0
2026-09-12,wk inc covid hosp,2,2026-09-26,22,quantile,0.45,86.0
2026-09-12,wk inc covid hosp,2,2026-09-26,22,quantile,0.5,88.0
2026-09-12,wk inc covid hosp,2,2026-09-26,22,quantile,0.55,90.0
2026-09-12,wk inc covid hosp,2,2026-09-26,22,quantile,0.6,93.0
2026-09-12,wk inc covid hosp,2,2026-09-26,22,quantile,0.65,95.0
2026-09-12,wk inc covid hosp,2,2026-09-26,22,quantile,0.7,98.0
2026-09-12,wk inc covid hosp,2,2026-09-26,22,quantile,0.75,101.0
2026-09-12,wk inc covid hosp,2,2026-09-26,22,quantile,0.8,104.0
2026-09-12,wk inc covid hosp,2,2026-09-26,22,quantile,0.85,108.0
2026-09-12,wk inc covid hosp,2,2026-09-26,22,quantile,0.9,113.0
2026-09-12,wk inc covid hosp,2,2026-09-26,22,quantile,0.95,121.0
2026-09-12,wk inc covid hosp,2,2026-09-26,22,quantile,0.975,128.0
2026-09-12,wk inc covid hosp,2,2026-09-26,22,quantile,0.99,137.0
2026-09-12,wk inc covid hosp,2,2026-09-26,23,quantile,0.01,0.0
2026-09-12,wk inc covid hosp,2,2026-09-26,23,quantile,0.025,0.0
2026-09-12,wk inc covid hosp,2,2026-09-26,23,quantile,0.05,0.0
2026-09-12,wk inc covid hosp,2,2026-09-26,23,quantile,0.1,0.0
2026-09-12,wk inc covid hosp,2,2026-09-26,23,quantile,0.15,0.0
2026-09-12,wk inc covid hosp,2,2026-09-26,23,quantile,0.2,0.0
2026-09-12,wk inc covid hosp,2,2026-09-26,23,quantile,0.25,0.0
2026-09-12,wk inc covid hosp,2,2026-09-26,23,quantile,0.3,0.0
2026-09-12,wk inc covid hosp,2,2026-09-26,23,quantile,0.35,0.0
2026-09-12,wk inc covid hosp,2,2026-09-26,23,quantile,0.4,0.0
2026-09-12,wk inc covid hosp,2,2026-09-26,23,quantile,0.45,0.0
2026-09-12,wk inc covid hosp,2,2026-09-26,23,quantile,0.5,0.0
2026-09-12,wk inc covid hosp,2,2026-09-26,23,quantile,0.55,0.0
2026-09-12,wk inc covid hosp,2,2026-09-26,23,quantile,0.6,0.0
2026-09-12,wk inc covid hosp,2,2026-09-26,23,quantile,0.65,0.0
2026-09-12,wk inc covid hosp,2,2026-09-26,23,quantile,0.7,0.0
2026-09-12,wk inc covid hosp,2,2026-09-26,23,quantile,0.75,0.0
2026-09-12,wk inc covid hosp,2,2026-09-26,23,quantile,0.8,0.0
2026-09-12,wk inc covid hosp,2,2026-09-26,23,quantile,0.85,0.0
2026-09-12,wk inc covid hosp,2,2026-09-26,23,quantile,0.9,0.0
2026-09-12,wk inc covid hosp,2,2026-09-26,23,quantile,0.95,0.0
2026-09-12,wk inc covid hosp,2,2026-09-26,23,quantile,0.975,0.0
2026-09-12,wk inc covid hosp,2,2026-09-26,23,quantile,0.99,0.0
2026-09-12,wk inc covid hosp,2,2026-09-26,24,quantile,0.01,2.0
2026-09-12,wk inc covid hosp,2,2026-09-26,24,quantile,0.025,3.0
2026-09-12,wk inc covid hosp,2,2026-09-26,24,quantile,0.05,4.0
2026-09-12,wk inc covid hosp,2,2026-09-26,24,quantile,0.1,6.0
2026-09-12,wk inc covid hosp,2,2026-09-26,24,quantile,0.15,7.0
2026-09-12,wk inc covid hosp,2,2026-09-26,24,quantile,0.2,7.0
2026-09-12,wk inc covid hosp,2,2026-09-26,24,quantile,0.25,8.0
2026-09-12,wk inc covid hosp,2,2026-09-26,24,quantile,0.3,9.0
2026-09-12,wk inc covid hosp,2,2026-09-26,24,quantile,0.35,9.0
2026-09-12,wk inc covid hosp,2,2026-09-26,24,quantile,0.4,10.0
2026-09-12,wk inc covid hosp,2,2026-09-26,24,quantile,0.45,11.0
2026-09-12,wk inc covid hosp,2,2026-09-26,24,quantile,0.5,11.0
2026-09-12,wk inc covid hosp,2,2026-09-26,24,quantile,0.55,12.0
2026-09-12,wk inc covid hosp,2,2026-09-26,24,quantile,0.6,13.0
2026-09-12,wk inc covid hosp,2,2026-09-26,24,quantile,0.65,14.0
2026-09-12,wk inc covid hosp,2,2026-09-26,24,quantile,0.7,14.0
2026-09-12,wk inc covid hosp,2,2026-09-26,24,quantile,0.75,15.0
2026-09-12,wk inc covid hosp,2,2026-09-26,24,quantile,0.8,16.0
2026-09-12,wk inc covid hosp,2,2026-09-26,24,quantile,0.85,18.0
2026-09-12,wk inc covid hosp,2,2026-09-26,24,quantile,0.9,19.0
2026-09-12,wk inc covid hosp,2,2026-09-26,24,quantile,0.95,22.0
2026-09-12,wk inc covid hosp,2,2026-09-26,24,quantile,0.975,24.0
2026-09-12,wk inc covid hosp,2,2026-09-26,24,quantile,0.99,27.0
2026-09-12,wk inc covid hosp,2,2026-09-26,25,quantile,0.01,5.0
2026-09-12,wk inc covid hosp,2,2026-09-26,25,quantile,0.025,7.0
2026-09-12,wk inc covid hosp,2,2026-09-26,25,quantile,0.05,10.0
2026-09-12,wk inc covid hosp,2,2026-09-26,25,quantile,0.1,12.0
2026-09-12,wk inc covid hosp,2,2026-09-26,25,quantile,0.15,13.0
2026-09-12,wk inc covid hosp,2,2026-09-26,25,quantile,0.2,15.0
2026-09-12,wk inc covid hosp,2,2026-09-26,25,quantile,0.25,16.0
2026-09-12,wk inc covid hosp,2,2026-09-26,25,quantile,0.3,17.0
2026-09-12,wk inc covid hosp,2,2026-09-26,25,quantile,0.35,18.0
2026-09-12,wk inc covid hosp,2,2026-09-26,25,quantile,0.4,19.0
2026-09-12,wk inc covid hosp,2,2026-09-26,25,quantile,0.45,20.0
2026-09-12,wk inc covid hosp,2,2026-09-26,25,quantile,0.5,21.0
2026-09-12,wk inc covid hosp,2,2026-09-26,25,quantile,0.55,22.0
2026-09-12,wk inc covid hosp,2,2026-09-26,25,quantile,0.6,24.0
2026-09-12,wk inc covid hosp,2,2026-09-26,25,quantile,0.65,25.0
2026-09-12,wk inc covid hosp,2,2026-09-26,25,quantile,0.7,26.0
2026-09-12,wk inc covid hosp,2,2026-09-26,25,quantile,0.75,28.0
2026-09-12,wk inc covid hosp,2,2026-09-26,25,quantile,0.8,29.0
2026-09-12,wk inc covid hosp,2,2026-09-26,25,quantile,0.85,32.0
2026-09-12,wk inc covid hosp,2,2026-09-26,25,quantile,0.9,34.0
2026-09-12,wk inc covid hosp,2,2026-09-26,25,quantile,0.95,39.0
2026-09-12,wk inc covid hosp,2,2026-09-26,25,quantile,0.975,43.0
2026-09-12,wk inc covid hosp,2,2026-09-26,25,quantile,0.99,48.0
2026-09-12,wk inc covid hosp,2,2026-09-26,26,quantile,0.01,4.0
2026-09-12,wk inc covid hosp,2,2026-09-26,26,quantile,0.025,5.0
2026-09-12,wk inc covid hosp,2,2026-09-26,26,quantile,0.05,7.0
2026-09-12,wk inc covid hosp,2,2026-09-26,26,quantile,0.1,9.0
2026-09-12,wk inc covid hosp,2,2026-09-26,26,quantile,0.15,10.0
2026-09-12,wk inc covid hosp,2,2026-09-26,26,quantile,0.2,12.0
2026-09-12,wk inc covid hosp,2,2026-09-26,26,quantile,0.25,13.0
2026-09-12,wk inc covid hosp,2,2026-09-26,26,quantile,0.3,14.0
2026-09-12,wk inc covid hosp,2,2026-09-26,26,quantile,0.35,16.0
2026-09-12,wk inc covid hosp,2,2026-09-26,26,quantile,0.4,17.0
2026-09-12,wk inc covid hosp,2,2026-09-26,26,quantile,0.45,18.0
2026-09-12,wk inc covid hosp,2,2026-09-26,26,quantile,0.5,19.0
2026-09-12,wk inc covid hosp,2,2026-09-26,26,quantile,0.55,20.0
2026-09-12,wk inc covid hosp,2,2026-09-26,26,quantile,0.6,22.0
2026-09-12,wk inc covid hosp,2,2026-09-26,26,quantile,0.65,23.0
2026-09-12,wk inc covid hosp,2,2026-09-26,26,quantile,0.7,25.0
2026-09-12,wk inc covid hosp,2,2026-09-26,26,quantile,0.75,27.0
2026-09-12,wk inc covid hosp,2,2026-09-26,26,quantile,0.8,29.0
2026-09-12,wk inc covid hosp,2,2026-09-26,26,quantile,0.85,31.0
2026-09-12,wk inc covid hosp,2,2026-09-26,26,quantile,0.9,35.0
2026-09-12,wk inc covid hosp,2,2026-09-26,26,quantile,0.95,40.0
2026-09-12,wk inc covid hosp,2,2026-09-26,26,quantile,0.975,45.0
2026-09-12,wk inc covid hosp,2,2026-09-26,26,quantile,0.99,51.0
2026-09-12,wk inc covid hosp,2,2026-09-26,27,quantile,0.01,14.0
2026-09-12,wk inc covid hosp,2,2026-09-26,27,quantile,0.025,17.0
2026-09-12,wk inc covid hosp,2,2026-09-26,27,quantile,0.05,20.0
2026-09-12,wk inc covid hosp,2,2026-09-26,27,quantile,0.1,23.0
2026-09-12,wk inc covid hosp,2,2026-09-26,27,quantile,0.15,26.0
2026-09-12,wk inc covid hosp,2,2026-09-26,27,quantile,0.2,28.0
2026-09-12,wk inc covid hosp,2,2026-09-26,27,quantile,0.25,29.0
2026-09-12,wk inc covid hosp,2,2026-09-26,27,quantile,0.3,31.0
2026-09-12,wk inc covid hosp,2,2026-09-26,27,quantile,0.35,33.0
2026-09-12,wk inc covid hosp,2,2026-09-26,27,quantile,0.4,34.0
2026-09-12,wk inc covid hosp,2,2026-09-26,27,quantile,0.45,36.0
2026-09-12,wk inc covid hosp,2,2026-09-26,27,quantile,0.5,38.0
2026-09-12,wk inc covid hosp,2,2026-09-26,27,quantile,0.55,39.0
2026-09-12,wk inc covid hosp,2,2026-09-26,27,quantile,0.6,41.0
2026-09-12,wk inc covid hosp,2,2026-09-26,27,quantile,0.65,43.0
2026-09-12,wk inc covid hosp,2,2026-09-26,27,quantile,0.7,45.0
2026-09-12,wk inc covid hosp,2,2026-09-26,27,quantile,0.75,47.0
2026-09-12,wk inc covid hosp,2,2026-09-26,27,quantile,0.8,50.0
2026-09-12,wk inc covid hosp,2,2026-09-26,27,quantile,0.85,53.0
2026-09-12,wk inc covid hosp,2,2026-09-26,27,quantile,0.9,57.0
2026-09-12,wk inc covid hosp,2,2026-09-26,27,quantile,0.95,63.0
2026-09-12,wk inc covid hosp,2,2026-09-26,27,quantile,0.975,68.0
2026-09-12,wk inc covid hosp,2,2026-09-26,27,quantile,0.99,75.0
2026-09-12,wk inc covid hosp,2,2026-09-26,28,quantile,0.01,8.0
2026-09-12,wk inc covid hosp,2,2026-09-26,28,quantile,0.025,10.0
2026-09-12,wk inc covid hosp,2,2026-09-26,28,quantile,0.05,12.0
2026-09-12,wk inc covid hosp,2,2026-09-26,28,quantile,0.1,14.0
2026-09-12,wk inc covid hosp,2,2026-09-26,28,quantile,0.15,16.0
2026-09-12,wk inc covid hosp,2,2026-09-26,28,quantile,0.2,18.0
2026-09-12,wk inc covid hosp,2,2026-09-26,28,quantile,0.25,19.0
2026-09-12,wk inc covid hosp,2,2026-09-26,28,quantile,0.3,20.0
2026-09-12,wk inc covid hosp,2,2026-09-26,28,quantile,0.35,22.0
2026-09-12,wk inc covid hosp,2,2026-09-26,28,quantile,0.4,23.0
2026-09-12,wk inc covid hosp,2,2026-09-26,28,quantile,0.45,24.0
2026-09-12,wk inc covid hosp,2,2026-09-26,28,quantile,0.5,25.0
2026-09-12,wk inc covid hosp,2,2026-09-26,28,quantile,0.55,27.0
2026-09-12,wk inc covid hosp,2,2026-09-26,28,quantile,0.6,28.0
2026-09-12,wk inc covid hosp,2,2026-09-26,28,quantile,0.65,29.0
2026-09-12,wk inc covid hosp,2,2026-09-26,28,quantile,0.7,31.0
2026-09-12,wk inc covid hosp,2,2026-09-26,28,quantile,0.75,33.0
2026-09-12,wk inc covid hosp,2,2026-09-26,28,quantile,0.8,35.0
2026-09-12,wk inc covid hosp,2,2026-09-26,28,quantile,0.85,37.0
2026-09-12,wk inc covid hosp,2,2026-09-26,28,quantile,0.9,40.0
2026-09-12,wk inc covid hosp,2,2026-09-26,28,quantile,0.95,45.0
2026-09-12,wk inc covid hosp,2,2026-09-26,28,quantile,0.975,50.0
2026-09-12,wk inc covid hosp,2,2026-09-26,28,quantile,0.99,56.0
2026-09-12,wk inc covid hosp,2,2026-09-26,29,quantile,0.01,5.0
2026-09-12,wk inc covid hosp,2,2026-09-26,29,quantile,0.025,7.0
2026-09-12,wk inc covid hosp,2,2026-09-26,29,quantile,0.05,9.0
2026-09-12,wk inc covid hosp,2,2026-09-26,29,quantile,0.1,11.0
2026-09-12,wk inc covid hosp,2,2026-09-26,29,quantile,0.15,13.0
2026-09-12,wk inc covid hosp,2,2026-09-26,29,quantile,0.2,14.0
2026-09-12,wk inc covid hosp,2,2026-09-26,29,quantile,0.25,15.0
2026-09-12,wk inc covid hosp,2,2026-09-26,29,quantile,0.3,17.0
2026-09-12,wk inc covid hosp,2,2026-09-26,29,quantile,0.35,18.0
2026-09-12,wk inc covid hosp,2,2026-09-26,29,quantile,0.4,19.0
2026-09-12,wk inc covid hosp,2,2026-09-26,29,quantile,0.45,20.0
2026-09-12,wk inc covid hosp,2,2026-09-26,29,quantile,0.5,21.0
2026-09-12,wk inc covid hosp,2,2026-09-26,29,quantile,0.55,22.0
2026-09-12,wk inc covid hosp,2,2026-09-26,29,quantile,0.6,23.0
2026-09-12,wk inc covid hosp,2,2026-09-26,29,quantile,0.65,24.0
2026-09-12,wk inc covid hosp,2,2026-09-26,29,quantile,0.7,26.0
2026-09-12,wk inc covid hosp,2,2026-09-26,29,quantile,0.75,27.0
2026-09-12,wk inc covid hosp,2,2026-09-26,29,quantile,0.8,29.0
2026-09-12,wk inc covid hosp,2,2026-09-26,29,quantile,0.85,31.0
2026-09-12,wk inc covid hosp,2,2026-09-26,29,quantile,0.9,33.0
2026-09-12,wk inc covid hosp,2,2026-09-26,29,quantile,0.95,38.0
2026-09-12,wk inc covid hosp,2,2026-09-26,29,quantile,0.975,42.0
2026-09-12,wk inc covid hosp,2,2026-09-26,29,quantile,0.99,46.0
2026-09-12,wk inc covid hosp,2,2026-09-26,30,quantile,0.01,2.0
2026-09-12,wk inc covid hosp,2,2026-09-26,30,quantile,0.025,3.0
2026-09-12,wk inc covid hosp,2,2026-09-26,30,quantile,0.05,4.0
2026-09-12,wk inc covid hosp,2,2026-09-26,30,quantile,0.1,5.0
2026-09-12,wk inc covid hosp,2,2026-09-26,30,quantile,0.15,6.0
2026-09-12,wk inc covid hosp,2,2026-09-26,30,quantile,0.2,7.0
2026-09-12,wk inc covid hosp,2,2026-09-26,30,quantile,0.25,7.0
2026-09-12,wk inc covid hosp,2,2026-09-26,30,quantile,0.3,8.0
2026-09-12,wk inc covid hosp,2,2026-09-26,30,quantile,0.35,9.0
2026-09-12,wk inc covid hosp,2,2026-09-26,30,quantile,0.4,9.0
2026-09-12,wk inc covid hosp,2,2026-09-26,30,quantile,0.45,10.0
2026-09-12,wk inc covid hosp,2,2026-09-26,30,quantile,0.5,10.0
2026-09-12,wk inc covid hosp,2,2026-09-26,30,quantile,0.55,11.0
2026-09-12,wk inc covid hosp,2,2026-09-26,30,quantile,0.6,11.0
2026-09-12,wk inc covid hosp,2,2026-09-26,30,quantile,0.65,12.0
2026-09-12,wk inc covid hosp,2,2026-09-26,30,quantile,0.7,13.0
2026-09-12,wk inc covid hosp,2,2026-09-26,30,quantile,0.75,13.0
2026-09-12,wk inc covid hosp,2,2026-09-26,30,quantile,0.8,14.0
2026-09-12,wk inc covid hosp,2,2026-09-26,30,quantile,0.85,15.0
2026-09-12,wk inc covid hosp,2,2026-09-26,30,quantile,0.9,17.0
2026-09-12,wk inc covid hosp,2,2026-09-26,30,quantile,0.95,19.0
2026-09-12,wk inc covid hosp,2,2026-09-26,30,quantile,0.975,21.0
2026-09-12,wk inc covid hosp,2,2026-09-26,30,quantile,0.99,23.0
2026-09-12,wk inc covid hosp,2,2026-09-26,31,quantile,0.01,3.0
2026-09-12,wk inc covid hosp,2,2026-09-26,31,quantile,0.025,4.0
2026-09-12,wk inc covid hosp,2,2026-09-26,31,quantile,0.05,5.0
2026-09-12,wk inc covid hosp,2,2026-09-26,31,quantile,0.1,6.0
2026-09-12,wk inc covid hosp,2,2026-09-26,31,quantile,0.15,7.0
2026-09-12,wk inc covid hosp,2,2026-09-26,31,quantile,0.2,8.0
2026-09-12,wk inc covid hosp,2,2026-09-26,31,quantile,0.25,9.0
2026-09-12,wk inc covid hosp,2,2026-09-26,31,quantile,0.3,9.0
2026-09-12,wk inc covid hosp,2,2026-09-26,31,quantile,0.35,10.0
2026-09-12,wk inc covid hosp,2,2026-09-26,31,quantile,0.4,11.0
2026-09-12,wk inc covid hosp,2,2026-09-26,31,quantile,0.45,11.0
2026-09-12,wk inc covid hosp,2,2026-09-26,31,quantile,0.5,12.0
2026-09-12,wk inc covid hosp,2,2026-09-26,31,quantile,0.55,13.0
2026-09-12,wk inc covid hosp,2,2026-09-26,31,quantile,0.6,13.0
2026-09-12,wk inc covid hosp,2,2026-09-26,31,quantile,0.65,14.0
2026-09-12,wk inc covid hosp,2,2026-09-26,31,quantile,0.7,15.0
2026-09-12,wk inc covid hosp,2,2026-09-26,31,quantile,0.75,16.0
2026-09-12,wk inc covid hosp,2,2026-09-26,31,quantile,0.8,17.0
2026-09-12,wk inc covid hosp,2,2026-09-26,31,quantile,0.85,18.0
2026-09-12,wk inc covid hosp,2,2026-09-26,31,quantile,0.9,19.0
2026-09-12,wk inc covid hosp,2,2026-09-26,31,quantile,0.95,22.0
2026-09-12,wk inc covid hosp,2,2026-09-26,31,quantile,0.975,24.0
2026-09-12,wk inc covid hosp,2,2026-09-26,31,quantile,0.99,27.0
2026-09-12,wk inc covid hosp,2,2026-09-26,32,quantile,0.01,16.0
2026-09-12,wk inc covid hosp,2,2026-09-26,32,quantile,0.025,18.0
2026-09-12,wk inc covid hosp,2,2026-09-26,32,quantile,0.05,20.0
2026-09-12,wk inc covid hosp,2,2026-09-26,32,quantile,0.1,23.0
2026-09-12,wk inc covid hosp,2,2026-09-26,32,quantile,0.15,25.0
2026-09-12,wk inc covid hosp,2,2026-09-26,32,quantile,0.2,26.0
2026-09-12,wk inc covid hosp,2,2026-09-26,32,quantile,0.25,27.0
2026-09-12,wk inc covid hosp,2,2026-09-26,32,quantile,0.3,28.0
2026-09-12,wk inc covid hosp,2,2026-09-26,32,quantile,0.35,29.0
2026-09-12,wk inc covid hosp,2,2026-09-26,32,quantile,0.4,30.0
2026-09-12,wk inc covid hosp,2,2026-09-26,32,quantile,0.45,31.0
2026-09-12,wk inc covid hosp,2,2026-09-26,32,quantile,0.5,32.0
2026-09-12,wk inc covid hosp,2,2026-09-26,32,quantile,0.55,34.0
2026-09-12,wk inc covid hosp,2,2026-09-26,32,quantile,0.6,35.0
2026-09-12,wk inc covid hosp,2,2026-09-26,32,quantile,0.65,36.0
2026-09-12,wk inc covid hosp,2,2026-09-26,32,quantile,0.7,37.0
2026-09-12,wk inc covid hosp,2,2026-09-26,32,quantile,0.75,38.0
2026-09-12,wk inc covid hosp,2,2026-09-26,32,quantile,0.8,40.0
2026-09-12,wk inc covid hosp,2,2026-09-26,32,quantile,0.85,42.0
2026-09-12,wk inc covid hosp,2,2026-09-26,32,quantile,0.9,44.0
2026-09-12,wk inc covid hosp,2,2026-09-26,32,quantile,0.95,47.0
2026-09-12,wk inc covid hosp,2,2026-09-26,32,quantile,0.975,51.0
2026-09-12,wk inc covid hosp,2,2026-09-26,32,quantile,0.99,54.0
2026-09-12,wk inc covid hosp,2,2026-09-26,33,quantile,0.01,0.0
2026-09-12,wk inc covid hosp,2,2026-09-26,33,quantile,0.025,0.0
2026-09-12,wk inc covid hosp,2,2026-09-26,33,quantile,0.05,0.0
2026-09-12,wk inc covid hosp,2,2026-09-26,33,quantile,0.1,1.0
2026-09-12,wk inc covid hosp,2,2026-09-26,33,quantile,0.15,1.0
2026-09-12,wk inc covid hosp,2,2026-09-26,33,quantile,0.2,2.0
2026-09-12,wk inc covid hosp,2,2026-09-26,33,quantile,0.25,2.0
2026-09-12,wk inc covid hosp,2,2026-09-26,33,quantile,0.3,2.0
2026-09-12,wk inc covid hosp,2,2026-09-26,33,quantile,0.35,3.0
2026-09-12,wk inc covid hosp,2,2026-09-26,33,quantile,0.4,3.0
2026-09-12,wk inc covid hosp,2,2026-09-26,33,quantile,0.45,3.0
2026-09-12,wk inc covid hosp,2,2026-09-26,33,quantile,0.5,3.0
2026-09-12,wk inc covid hosp,2,2026-09-26,33,quantile,0.55,4.0
2026-09-12,wk inc covid hosp,2,2026-09-26,33,quantile,0.6,4.0
2026-09-12,wk inc covid hosp,2,2026-09-26,33,quantile,0.65,4.0
2026-09-12,wk inc covid hosp,2,2026-09-26,33,quantile,0.7,5.0
2026-09-12,wk inc covid hosp,2,2026-09-26,33,quantile,0.75,5.0
2026-09-12,wk inc covid hosp,2,2026-09-26,33,quantile,0.8,6.0
2026-09-12,wk inc covid hosp,2,2026-09-26,33,quantile,0.85,7.0
2026-09-12,wk inc covid hosp,2,2026-09-26,33,quantile,0.9,7.0
2026-09-12,wk inc covid hosp,2,2026-09-26,33,quantile,0.95,9.0
2026-09-12,wk inc covid hosp,2,2026-09-26,33,quantile,0.975,10.0
2026-09-12,wk inc covid hosp,2,2026-09-26,33,quantile,0.99,12.0
2026-09-12,wk inc covid hosp,2,2026-09-26,34,quantile,0.01,68.0
2026-09-12,wk inc covid hosp,2,2026-09-26,34,quantile,0.025,79.0
2026-09-12,wk inc covid hosp,2,2026-09-26,34,quantile,0.05,89.0
2026-09-12,wk inc covid hosp,2,2026-09-26,34,quantile,0.1,102.0
2026-09-12,wk inc covid hosp,2,2026-09-26,34,quantile,0.15,112.0
2026-09-12,wk inc covid hosp,2,2026-09-26,34,quantile,0.2,119.0
2026-09-12,wk inc covid hosp,2,2026-09-26,34,quantile,0.25,126.0
2026-09-12,wk inc covid hosp,2,2026-09-26,34,quantile,0.3,133.0
2026-09-12,wk inc covid hosp,2,2026-09-26,34,quantile,0.35,139.0
2026-09-12,wk inc covid hosp,2,2026-09-26,34,quantile,0.4,145.0
2026-09-12,wk inc covid hosp,2,2026-09-26,34,quantile,0.45,152.0
2026-09-12,wk inc covid hosp,2,2026-09-26,34,quantile,0.5,158.0
2026-09-12,wk inc covid hosp,2,2026-09-26,34,quantile,0.55,164.0
2026-09-12,wk inc covid hosp,2,2026-09-26,34,quantile,0.6,171.0
2026-09-12,wk inc covid hosp,2,2026-09-26,34,quantile,0.65,177.0
2026-09-12,wk inc covid hosp,2,2026-09-26,34,quantile,0.7,185.0
2026-09-12,wk inc covid hosp,2,2026-09-26,34,quantile,0.75,193.0
2026-09-12,wk inc covid hosp,2,2026-09-26,34,quantile,0.8,203.0
2026-09-12,wk inc covid hosp,2,2026-09-26,34,quantile,0.85,215.0
2026-09-12,wk inc covid hosp,2,2026-09-26,34,quantile,0.9,230.0
2026-09-12,wk inc covid hosp,2,2026-09-26,34,quantile,0.95,253.0
2026-09-12,wk inc covid hosp,2,2026-09-26,34,quantile,0.975,275.0
2026-09-12,wk inc covid hosp,2,2026-09-26,34,quantile,0.99,302.0
2026-09-12,wk inc covid hosp,2,2026-09-26,35,quantile,0.01,12.0
2026-09-12,wk inc covid hosp,2,2026-09-26,35,quantile,0.025,14.0
2026-09-12,wk inc covid hosp,2,2026-09-26,35,quantile,0.05,17.0
2026-09-12,wk inc covid hosp,2,2026-09-26,35,quantile,0.1,20.0
2026-09-12,wk inc covid hosp,2,2026-09-26,35,quantile,0.15,22.0
2026-09-12,wk inc covid hosp,2,2026-09-26,35,quantile,0.2,24.0
2026-09-12,wk inc covid hosp,2,2026-09-26,35,quantile,0.25,25.0
2026-09-12,wk inc covid hosp,2,2026-09-26,35,quantile,0.3,27.0
2026-09-12,wk inc covid hosp,2,2026-09-26,35,quantile,0.35,28.0
2026-09-12,wk inc covid hosp,2,2026-09-26,35,quantile,0.4,29.0
2026-09-12,wk inc covid hosp,2,2026-09-26,35,quantile,0.45,31.0
2026-09-12,wk inc covid hosp,2,2026-09-26,35,quantile,0.5,32.0
2026-09-12,wk inc covid hosp,2,2026-09-26,35,quantile,0.55,34.0
2026-09-12,wk inc covid hosp,2,2026-09-26,35,quantile,0.6,35.0
2026-09-12,wk inc covid hosp,2,2026-09-26,35,quantile,0.65,37.0
2026-09-12,wk inc covid hosp,2,2026-09-26,35,quantile,0.7,39.0
2026-09-12,wk inc covid hosp,2,2026-09-26,35,quantile,0.75,41.0
2026-09-12,wk inc covid hosp,2,2026-09-26,35,quantile,0.8,43.0
2026-09-12,wk inc covid hosp,2,2026-09-26,35,quantile,0.85,44.0
2026-09-12,wk inc covid hosp,2,2026-09-26,35,quantile,0.9,47.0
2026-09-12,wk inc covid hosp,2,2026-09-26,35,quantile,0.95,51.0
2026-09-12,wk inc covid hosp,2,2026-09-26,35,quantile,0.975,54.0
2026-09-12,wk inc covid hosp,2,2026-09-26,35,quantile,0.99,58.0
2026-09-12,wk inc covid hosp,2,2026-09-26,36,quantile,0.01,97.0
2026-09-12,wk inc covid hosp,2,2026-09-26,36,quantile,0.025,113.0
2026-09-12,wk inc covid hosp,2,2026-09-26,36,quantile,0.05,127.0
2026-09-12,wk inc covid hosp,2,2026-09-26,36,quantile,0.1,145.0
2026-09-12,wk inc covid hosp,2,2026-09-26,36,quantile,0.15,158.0
2026-09-12,wk inc covid hosp,2,2026-09-26,36,quantile,0.2,170.0
2026-09-12,wk inc covid hosp,2,2026-09-26,36,quantile,0.25,179.0
2026-09-12,wk inc covid hosp,2,2026-09-26,36,quantile,0.3,189.0
2026-09-12,wk inc covid hosp,2,2026-09-26,36,quantile,0.35,197.0
2026-09-12,wk inc covid hosp,2,2026-09-26,36,quantile,0.4,206.0
2026-09-12,wk inc covid hosp,2,2026-09-26,36,quantile,0.45,214.0
2026-09-12,wk inc covid hosp,2,2026-09-26,36,quantile,0.5,223.0
2026-09-12,wk inc covid hosp,2,2026-09-26,36,quantile,0.55,232.0
2026-09-12,wk inc covid hosp,2,2026-09-26,36,quantile,0.6,241.0
2026-09-12,wk inc covid hosp,2,2026-09-26,36,quantile,0.65,251.0
2026-09-12,wk inc covid hosp,2,2026-09-26,36,quantile,0.7,261.0
2026-09-12,wk inc covid hosp,2,2026-09-26,36,quantile,0.75,273.0
2026-09-12,wk inc covid hosp,2,2026-09-26,36,quantile,0.8,287.0
2026-09-12,wk inc covid hosp,2,2026-09-26,36,quantile,0.85,303.0
2026-09-12,wk inc covid hosp,2,2026-09-26,36,quantile,0.9,324.0
2026-09-12,wk inc covid hosp,2,2026-09-26,36,quantile,0.95,357.0
2026-09-12,wk inc covid hosp,2,2026-09-26,36,quantile,0.975,388.0
2026-09-12,wk inc covid hosp,2,2026-09-26,36,quantile,0.99,425.0
2026-09-12,wk inc covid hosp,2,2026-09-26,37,quantile,0.01,80.0
2026-09-12,wk inc covid hosp,2,2026-09-26,37,quantile,0.025,93.0
2026-09-12,wk inc covid hosp,2,2026-09-26,37,quantile,0.05,105.0
2026-09-12,wk inc covid hosp,2,2026-09-26,37,quantile,0.1,120.0
2026-09-12,wk inc covid hosp,2,2026-09-26,37,quantile,0.15,131.0
2026-09-12,wk inc covid hosp,2,2026-09-26,37,quantile,0.2,140.0
2026-09-12,wk inc covid hosp,2,2026-09-26,37,quantile,0.25,149.0
2026-09-12,wk inc covid hosp,2,2026-09-26,37,quantile,0.3,156.0
2026-09-12,wk inc covid hosp,2,2026-09-26,37,quantile,0.35,164.0
2026-09-12,wk inc covid hosp,2,2026-09-26,37,quantile,0.4,171.0
2026-09-12,wk inc covid hosp,2,2026-09-26,37,quantile,0.45,178.0
2026-09-12,wk inc covid hosp,2,2026-09-26,37,quantile,0.5,185.0
2026-09-12,wk inc covid hosp,2,2026-09-26,37,quantile,0.55,192.0
2026-09-12,wk inc covid hosp,2,2026-09-26,37,quantile,0.6,200.0
2026-09-12,wk inc covid hosp,2,2026-09-26,37,quantile,0.65,208.0
2026-09-12,wk inc covid hosp,2,2026-09-26,37,quantile,0.7,217.0
2026-09-12,wk inc covid hosp,2,2026-09-26,37,quantile,0.75,227.0
2026-09-12,wk inc covid hosp,2,2026-09-26,37,quantile,0.8,238.0
2026-09-12,wk inc covid hosp,2,2026-09-26,37,quantile,0.85,251.0
2026-09-12,wk inc covid hosp,2,2026-09-26,37,quantile,0.9,269.0
2026-09-12,wk inc covid hosp,2,2026-09-26,37,quantile,0.95,297.0
2026-09-12,wk inc covid hosp,2,2026-09-26,37,quantile,0.975,322.0
2026-09-12,wk inc covid hosp,2,2026-09-26,37,quantile,0.99,353.0
2026-09-12,wk inc covid hosp,2,2026-09-26,38,quantile,0.01,0.0
2026-09-12,wk inc covid hosp,2,2026-09-26,38,quantile,0.025,0.0
2026-09-12,wk inc covid hosp,2,2026-09-26,38,quantile,0.05,0.0
2026-09-12,wk inc covid hosp,2,2026-09-26,38,quantile,0.1,0.0
2026-09-12,wk inc covid hosp,2,2026-09-26,38,quantile,0.15,0.0
2026-09-12,wk inc covid hosp,2,2026-09-26,38,quantile,0.2,1.0
2026-09-12,wk inc covid hosp,2,2026-09-26,38,quantile,0.25,1.0
2026-09-12,wk inc covid hosp,2,2026-09-26,38,quantile,0.3,1.0
2026-09-12,wk inc covid hosp,2,2026-09-26,38,quantile,0.35,1.0
2026-09-12,wk inc covid hosp,2,2026-09-26,38,quantile,0.4,1.0
2026-09-12,wk inc covid hosp,2,2026-09-26,38,quantile,0.45,1.0
2026-09-12,wk inc covid hosp,2,2026-09-26,38,quantile,0.5,2.0
2026-09-12,wk inc covid hosp,2,2026-09-26,38,quantile,0.55,2.0
2026-09-12,wk inc covid hosp,2,2026-09-26,38,quantile,0.6,2.0
2026-09-12,wk inc covid hosp,2,2026-09-26,38,quantile,0.65,2.0
2026-09-12,wk inc covid hosp,2,2026-09-26,38,quantile,0.7,3.0
2026-09-12,wk inc covid hosp,2,2026-09-26,38,quantile,0.75,3.0
2026-09-12,wk inc covid hosp,2,2026-09-26,38,quantile,0.8,3.0
2026-09-12,wk inc covid hosp,2,2026-09-26,38,quantile,0.85,3.0
2026-09-12,wk inc covid hosp,2,2026-09-26,38,quantile,0.9,4.0
2026-09-12,wk inc covid hosp,2,2026-09-26,38,quantile,0.95,5.0
2026-09-12,wk inc covid hosp,2,2026-09-26,38,quantile,0.975,5.0
2026-09-12,wk inc covid hosp,2,2026-09-26,38,quantile,0.99,6.0
2026-09-12,wk inc covid hosp,2,2026-09-26,39,quantile,0.01,49.0
2026-09-12,wk inc covid hosp,2,2026-09-26,39,quantile,0.025,57.0
2026-09-12,wk inc covid hosp,2,2026-09-26,39,quantile,0.05,65.0
2026-09-12,wk inc covid hosp,2,2026-09-26,39,quantile,0.1,74.0
2026-09-12,wk inc covid hosp,2,2026-09-26,39,quantile,0.15,81.0
2026-09-12,wk inc covid hosp,2,2026-09-26,39,quantile,0.2,87.0
2026-09-12,wk inc covid hosp,2,2026-09-26,39,quantile,0.25,92.0
2026-09-12,wk inc covid hosp,2,2026-09-26,39,quantile,0.3,97.0
2026-09-12,wk inc covid hosp,2,2026-09-26,39,quantile,0.35,102.0
2026-09-12,wk inc covid hosp,2,2026-09-26,39,quantile,0.4,106.0
2026-09-12,wk inc covid hosp,2,2026-09-26,39,quantile,0.45,111.0
2026-09-12,wk inc covid hosp,2,2026-09-26,39,quantile,0.5,115.0
2026-09-12,wk inc covid hosp,2,2026-09-26,39,quantile,0.55,120.0
2026-09-12,wk inc covid hosp,2,2026-09-26,39,quantile,0.6,125.0
2026-09-12,wk inc covid hosp,2,2026-09-26,39,quantile,0.65,130.0
2026-09-12,wk inc covid hosp,2,2026-09-26,39,quantile,0.7,136.0
2026-09-12,wk inc covid hosp,2,2026-09-26,39,quantile,0.75,142.0
2026-09-12,wk inc covid hosp,2,2026-09-26,39,quantile,0.8,149.0
2026-09-12,wk inc covid hosp,2,2026-09-26,39,quantile,0.85,157.0
2026-09-12,wk inc covid hosp,2,2026-09-26,39,quantile,0.9,169.0
2026-09-12,wk inc covid hosp,2,2026-09-26,39,quantile,0.95,186.0
2026-09-12,wk inc covid hosp,2,2026-09-26,39,quantile,0.975,202.0
2026-09-12,wk inc covid hosp,2,2026-09-26,39,quantile,0.99,222.0
2026-09-12,wk inc covid hosp,2,2026-09-26,40,quantile,0.01,16.0
2026-09-12,wk inc covid hosp,2,2026-09-26,40,quantile,0.025,20.0
2026-09-12,wk inc covid hosp,2,2026-09-26,40,quantile,0.05,23.0
2026-09-12,wk inc covid hosp,2,2026-09-26,40,quantile,0.1,27.0
2026-09-12,wk inc covid hosp,2,2026-09-26,40,quantile,0.15,29.0
2026-09-12,wk inc covid hosp,2,2026-09-26,40,quantile,0.2,32.0
2026-09-12,wk inc covid hosp,2,2026-09-26,40,quantile,0.25,34.0
2026-09-12,wk inc covid hosp,2,2026-09-26,40,quantile,0.3,36.0
2026-09-12,wk inc covid hosp,2,2026-09-26,40,quantile,0.35,38.0
2026-09-12,wk inc covid hosp,2,2026-09-26,40,quantile,0.4,39.0
2026-09-12,wk inc covid hosp,2,2026-09-26,40,quantile,0.45,41.0
2026-09-12,wk inc covid hosp,2,2026-09-26,40,quantile,0.5,43.0
2026-09-12,wk inc covid hosp,2,2026-09-26,40,quantile,0.55,45.0
2026-09-12,wk inc covid hosp,2,2026-09-26,40,quantile,0.6,47.0
2026-09-12,wk inc covid hosp,2,2026-09-26,40,quantile,0.65,49.0
2026-09-12,wk inc covid hosp,2,2026-09-26,40,quantile,0.7,51.0
2026-09-12,wk inc covid hosp,2,2026-09-26,40,quantile,0.75,54.0
2026-09-12,wk inc covid hosp,2,2026-09-26,40,quantile,0.8,56.0
2026-09-12,wk inc covid hosp,2,2026-09-26,40,quantile,0.85,60.0
2026-09-12,wk inc covid hosp,2,2026-09-26,40,quantile,0.9,64.0
2026-09-12,wk inc covid hosp,2,2026-09-26,40,quantile,0.95,71.0
2026-09-12,wk inc covid hosp,2,2026-09-26,40,quantile,0.975,78.0
2026-09-12,wk inc covid hosp,2,2026-09-26,40,quantile,0.99,86.0
2026-09-12,wk inc covid hosp,2,2026-09-26,41,quantile,0.01,11.0
2026-09-12,wk inc covid hosp,2,2026-09-26,41,quantile,0.025,13.0
2026-09-12,wk inc covid hosp,2,2026-09-26,41,quantile,0.05,16.0
2026-09-12,wk inc covid hosp,2,2026-09-26,41,quantile,0.1,18.0
2026-09-12,wk inc covid hosp,2,2026-09-26,41,quantile,0.15,20.0
2026-09-12,wk inc covid hosp,2,2026-09-26,41,quantile,0.2,22.0
2026-09-12,wk inc covid hosp,2,2026-09-26,41,quantile,0.25,24.0
2026-09-12,wk inc covid hosp,2,2026-09-26,41,quantile,0.3,25.0
2026-09-12,wk inc covid hosp,2,2026-09-26,41,quantile,0.35,26.0
2026-09-12,wk inc covid hosp,2,2026-09-26,41,quantile,0.4,28.0
2026-09-12,wk inc covid hosp,2,2026-09-26,41,quantile,0.45,29.0
2026-09-12,wk inc covid hosp,2,2026-09-26,41,quantile,0.5,30.0
2026-09-12,wk inc covid hosp,2,2026-09-26,41,quantile,0.55,32.0
2026-09-12,wk inc covid hosp,2,2026-09-26,41,quantile,0.6,33.0
2026-09-12,wk inc covid hosp,2,2026-09-26,41,quantile,0.65,35.0
2026-09-12,wk inc covid hosp,2,2026-09-26,41,quantile,0.7,36.0
2026-09-12,wk inc covid hosp,2,2026-09-26,41,quantile,0.75,38.0
2026-09-12,wk inc covid hosp,2,2026-09-26,41,quantile,0.8,40.0
2026-09-12,wk inc covid hosp,2,2026-09-26,41,quantile,0.85,43.0
2026-09-12,wk inc covid hosp,2,2026-09-26,41,quantile,0.9,46.0
2026-09-12,wk inc covid hosp,2,2026-09-26,41,quantile,0.95,51.0
2026-09-12,wk inc covid hosp,2,2026-09-26,41,quantile,0.975,56.0
2026-09-12,wk inc covid hosp,2,2026-09-26,41,quantile,0.99,62.0
2026-09-12,wk inc covid hosp,2,2026-09-26,42,quantile,0.01,58.0
2026-09-12,wk inc covid hosp,2,2026-09-26,42,quantile,0.025,67.0
2026-09-12,wk inc covid hosp,2,2026-09-26,42,quantile,0.05,76.0
2026-09-12,wk inc covid hosp,2,2026-09-26,42,quantile,0.1,88.0
2026-09-12,wk inc covid hosp,2,2026-09-26,42,quantile,0.15,96.0
2026-09-12,wk inc covid hosp,2,2026-09-26,42,quantile,0.2,103.0
2026-09-12,wk inc covid hosp,2,2026-09-26,42,quantile,0.25,109.0
2026-09-12,wk inc covid hosp,2,2026-09-26,42,quantile,0.3,114.0
2026-09-12,wk inc covid hosp,2,2026-09-26,42,quantile,0.35,120.0
2026-09-12,wk inc covid hosp,2,2026-09-26,42,quantile,0.4,125.0
2026-09-12,wk inc covid hosp,2,2026-09-26,42,quantile,0.45,130.0
2026-09-12,wk inc covid hosp,2,2026-09-26,42,quantile,0.5,136.0
2026-09-12,wk inc covid hosp,2,2026-09-26,42,quantile,0.55,141.0
2026-09-12,wk inc covid hosp,2,2026-09-26,42,quantile,0.6,147.0
2026-09-12,wk inc covid hosp,2,2026-09-26,42,quantile,0.65,153.0
2026-09-12,wk inc covid hosp,2,2026-09-26,42,quantile,0.7,159.0
2026-09-12,wk inc covid hosp,2,2026-09-26,42,quantile,0.75,167.0
2026-09-12,wk inc covid hosp,2,2026-09-26,42,quantile,0.8,175.0
2026-09-12,wk inc covid hosp,2,2026-09-26,42,quantile,0.85,185.0
2026-09-12,wk inc covid hosp,2,2026-09-26,42,quantile,0.9,198.0
2026-09-12,wk inc covid hosp,2,2026-09-26,42,quantile,0.95,218.0
2026-09-12,wk inc covid hosp,2,2026-09-26,42,quantile,0.975,237.0
2026-09-12,wk inc covid hosp,2,2026-09-26,42,quantile,0.99,260.0
2026-09-12,wk inc covid hosp,2,2026-09-26,44,quantile,0.01,3.0
2026-09-12,wk inc covid hosp,2,2026-09-26,44,quantile,0.025,4.0
2026-09-12,wk inc covid hosp,2,2026-09-26,44,quantile,0.05,4.0
2026-09-12,wk inc covid hosp,2,2026-09-26,44,quantile,0.1,6.0
2026-09-12,wk inc covid hosp,2,2026-09-26,44,quantile,0.15,7.0
2026-09-12,wk inc covid hosp,2,2026-09-26,44,quantile,0.2,7.0
2026-09-12,wk inc covid hosp,2,2026-09-26,44,quantile,0.25,8.0
2026-09-12,wk inc covid hosp,2,2026-09-26,44,quantile,0.3,9.0
2026-09-12,wk inc covid hosp,2,2026-09-26,44,quantile,0.35,9.0
2026-09-12,wk inc covid hosp,2,2026-09-26,44,quantile,0.4,10.0
2026-09-12,wk inc covid hosp,2,2026-09-26,44,quantile,0.45,10.0
2026-09-12,wk inc covid hosp,2,2026-09-26,44,quantile,0.5,11.0
2026-09-12,wk inc covid hosp,2,2026-09-26,44,quantile,0.55,12.0
2026-09-12,wk inc covid hosp,2,2026-09-26,44,quantile,0.6,12.0
2026-09-12,wk inc covid hosp,2,2026-09-26,44,quantile,0.65,13.0
2026-09-12,wk inc covid hosp,2,2026-09-26,44,quantile,0.7,14.0
2026-09-12,wk inc covid hosp,2,2026-09-26,44,quantile,0.75,14.0
2026-09-12,wk inc covid hosp,2,2026-09-26,44,quantile,0.8,15.0
2026-09-12,wk inc covid hosp,2,2026-09-26,44,quantile,0.85,16.0
2026-09-12,wk inc covid hosp,2,2026-09-26,44,quantile,0.9,18.0
2026-09-12,wk inc covid hosp,2,2026-09-26,44,quantile,0.95,20.0
2026-09-12,wk inc covid hosp,2,2026-09-26,44,quantile,0.975,22.0
2026-09-12,wk inc covid hosp,2,2026-09-26,44,quantile,0.99,25.0
2026-09-12,wk inc covid hosp,2,2026-09-26,45,quantile,0.01,31.0
2026-09-12,wk inc covid hosp,2,2026-09-26,45,quantile,0.025,36.0
2026-09-12,wk inc covid hosp,2,2026-09-26,45,quantile,0.05,41.0
2026-09-12,wk inc covid hosp,2,2026-09-26,45,quantile,0.1,47.0
2026-09-12,wk inc covid hosp,2,2026-09-26,45,quantile,0.15,52.0
2026-09-12,wk inc covid hosp,2,2026-09-26,45,quantile,0.2,56.0
2026-09-12,wk inc covid hosp,2,2026-09-26,45,quantile,0.25,59.0
2026-09-12,wk inc covid hosp,2,2026-09-26,45,quantile,0.3,63.0
2026-09-12,wk inc covid hosp,2,2026-09-26,45,quantile,0.35,66.0
2026-09-12,wk inc covid hosp,2,2026-09-26,45,quantile,0.4,69.0
2026-09-12,wk inc covid hosp,2,2026-09-26,45,quantile,0.45,72.0
2026-09-12,wk inc covid hosp,2,2026-09-26,45,quantile,0.5,75.0
2026-09-12,wk inc covid hosp,2,2026-09-26,45,quantile,0.55,78.0
2026-09-12,wk inc covid hosp,2,2026-09-26,45,quantile,0.6,81.0
2026-09-12,wk inc covid hosp,2,2026-09-26,45,quantile,0.65,84.0
2026-09-12,wk inc covid hosp,2,2026-09-26,45,quantile,0.7,88.0
2026-09-12,wk inc covid hosp,2,2026-09-26,45,quantile,0.75,92.0
2026-09-12,wk inc covid hosp,2,2026-09-26,45,quantile,0.8,97.0
2026-09-12,wk inc covid hosp,2,2026-09-26,45,quantile,0.85,102.0
2026-09-12,wk inc covid hosp,2,2026-09-26,45,quantile,0.9,110.0
2026-09-12,wk inc covid hosp,2,2026-09-26,45,quantile,0.95,122.0
2026-09-12,wk inc covid hosp,2,2026-09-26,45,quantile,0.975,132.0
2026-09-12,wk inc covid hosp,2,2026-09-26,45,quantile,0.99,145.0
2026-09-12,wk inc covid hosp,2,2026-09-26,46,quantile,0.01,1.0
2026-09-12,wk inc covid hosp,2,2026-09-26,46,quantile,0.025,2.0
2026-09-12,wk inc covid hosp,2,2026-09-26,46,quantile,0.05,3.0
2026-09-12,wk inc covid hosp,2,2026-09-26,46,quantile,0.1,3.0
2026-09-12,wk inc covid hosp,2,2026-09-26,46,quantile,0.15,4.0
2026-09-12,wk inc covid hosp,2,2026-09-26,46,quantile,0.2,5.0
2026-09-12,wk inc covid hosp,2,2026-09-26,46,quantile,0.25,5.0
2026-09-12,wk inc covid hosp,2,2026-09-26,46,quantile,0.3,6.0
2026-09-12,wk inc covid hosp,2,2026-09-26,46,quantile,0.35,6.0
2026-09-12,wk inc covid hosp,2,2026-09-26,46,quantile,0.4,6.0
2026-09-12,wk inc covid hosp,2,2026-09-26,46,quantile,0.45,7.0
2026-09-12,wk inc covid hosp,2,2026-09-26,46,quantile,0.5,7.0
2026-09-12,wk inc covid hosp,2,2026-09-26,46,quantile,0.55,8.0
2026-09-12,wk inc covid hosp,2,2026-09-26,46,quantile,0.6,8.0
2026-09-12,wk inc covid hosp,2,2026-09-26,46,quantile,0.65,9.0
2026-09-12,wk inc covid hosp,2,2026-09-26,46,quantile,0.7,9.0
2026-09-12,wk inc covid hosp,2,2026-09-26,46,quantile,0.75,10.0
2026-09-12,wk inc covid hosp,2,2026-09-26,46,quantile,0.8,11.0
2026-09-12,wk inc covid hosp,2,2026-09-26,46,quantile,0.85,11.0
2026-09-12,wk inc covid hosp,2,2026-09-26,46,quantile,0.9,12.0
2026-09-12,wk inc covid hosp,2,2026-09-26,46,quantile,0.95,14.0
2026-09-12,wk inc covid hosp,2,2026-09-26,46,quantile,0.975,16.0
2026-09-12,wk inc covid hosp,2,2026-09-26,46,quantile,0.99,18.0
2026-09-12,wk inc covid hosp,2,2026-09-26,47,quantile,0.01,37.0
2026-09-12,wk inc covid hosp,2,2026-09-26,47,quantile,0.025,43.0
2026-09-12,wk inc covid hosp,2,2026-09-26,47,quantile,0.05,49.0
2026-09-12,wk inc covid hosp,2,2026-09-26,47,quantile,0.1,56.0
2026-09-12,wk inc covid hosp,2,2026-09-26,47,quantile,0.15,61.0
2026-09-12,wk inc covid hosp,2,2026-09-26,47,quantile,0.2,66.0
2026-09-12,wk inc covid hosp,2,2026-09-26,47,quantile,0.25,70.0
2026-09-12,wk inc covid hosp,2,2026-09-26,47,quantile,0.3,74.0
2026-09-12,wk inc covid hosp,2,2026-09-26,47,quantile,0.35,77.0
2026-09-12,wk inc covid hosp,2,2026-09-26,47,quantile,0.4,81.0
2026-09-12,wk inc covid hosp,2,2026-09-26,47,quantile,0.45,84.0
2026-09-12,wk inc covid hosp,2,2026-09-26,47,quantile,0.5,88.0
2026-09-12,wk inc covid hosp,2,2026-09-26,47,quantile,0.55,91.0
2026-09-12,wk inc covid hosp,2,2026-09-26,47,quantile,0.6,95.0
2026-09-12,wk inc covid hosp,2,2026-09-26,47,quantile,0.65,99.0
2026-09-12,wk inc covid hosp,2,2026-09-26,47,quantile,0.7,103.0
2026-09-12,wk inc covid hosp,2,2026-09-26,47,quantile,0.75,108.0
2026-09-12,wk inc covid hosp,2,2026-09-26,47,quantile,0.8,114.0
2026-09-12,wk inc covid hosp,2,2026-09-26,47,quantile,0.85,120.0
2026-09-12,wk inc covid hosp,2,2026-09-26,47,quantile,0.9,129.0
2026-09-12,wk inc covid hosp,2,2026-09-26,47,quantile,0.95,143.0
2026-09-12,wk inc covid hosp,2,2026-09-26,47,quantile,0.975,155.0
2026-09-12,wk inc covid hosp,2,2026-09-26,47,quantile,0.99,170.0
2026-09-12,wk inc covid hosp,2,2026-09-26,48,quantile,0.01,287.0
2026-09-12,wk inc covid hosp,2,2026-09-26,48,quantile,0.025,330.0
2026-09-12,wk inc covid hosp,2,2026-09-26,48,quantile,0.05,371.0
2026-09-12,wk inc covid hosp,2,2026-09-26,48,quantile,0.1,423.0
2026-09-12,wk inc covid hosp,2,2026-09-26,48,quantile,0.15,459.0
2026-09-12,wk inc covid hosp,2,2026-09-26,48,quantile,0.2,477.0
2026-09-12,wk inc covid hosp,2,2026-09-26,48,quantile,0.25,493.0
2026-09-12,wk inc covid hosp,2,2026-09-26,48,quantile,0.3,507.0
2026-09-12,wk inc covid hosp,2,2026-09-26,48,quantile,0.35,521.0
2026-09-12,wk inc covid hosp,2,2026-09-26,48,quantile,0.4,534.0
2026-09-12,wk inc covid hosp,2,2026-09-26,48,quantile,0.45,547.0
2026-09-12,wk inc covid hosp,2,2026-09-26,48,quantile,0.5,560.0
2026-09-12,wk inc covid hosp,2,2026-09-26,48,quantile,0.55,573.0
2026-09-12,wk inc covid hosp,2,2026-09-26,48,quantile,0.6,587.0
2026-09-12,wk inc covid hosp,2,2026-09-26,48,quantile,0.65,601.0
2026-09-12,wk inc covid hosp,2,2026-09-26,48,quantile,0.7,616.0
2026-09-12,wk inc covid hosp,2,2026-09-26,48,quantile,0.75,633.0
2026-09-12,wk inc covid hosp,2,2026-09-26,48,quantile,0.8,652.0
2026-09-12,wk inc covid hosp,2,2026-09-26,48,quantile,0.85,675.0
2026-09-12,wk inc covid hosp,2,2026-09-26,48,quantile,0.9,704.0
2026-09-12,wk inc covid hosp,2,2026-09-26,48,quantile,0.95,748.0
2026-09-12,wk inc covid hosp,2,2026-09-26,48,quantile,0.975,789.0
2026-09-12,wk inc covid hosp,2,2026-09-26,48,quantile,0.99,837.0
2026-09-12,wk inc covid hosp,2,2026-09-26,49,quantile,0.01,0.0
2026-09-12,wk inc covid hosp,2,2026-09-26,49,quantile,0.025,1.0
2026-09-12,wk inc covid hosp,2,2026-09-26,49,quantile,0.05,2.0
2026-09-12,wk inc covid hosp,2,2026-09-26,49,quantile,0.1,2.0
2026-09-12,wk inc covid hosp,2,2026-09-26,49,quantile,0.15,3.0
2026-09-12,wk inc covid hosp,2,2026-09-26,49,quantile,0.2,3.0
2026-09-12,wk inc covid hosp,2,2026-09-26,49,quantile,0.25,4.0
2026-09-12,wk inc covid hosp,2,2026-09-26,49,quantile,0.3,4.0
2026-09-12,wk inc covid hosp,2,2026-09-26,49,quantile,0.35,5.0
2026-09-12,wk inc covid hosp,2,2026-09-26,49,quantile,0.4,5.0
2026-09-12,wk inc covid hosp,2,2026-09-26,49,quantile,0.45,5.0
2026-09-12,wk inc covid hosp,2,2026-09-26,49,quantile,0.5,6.0
2026-09-12,wk inc covid hosp,2,2026-09-26,49,quantile,0.55,6.0
2026-09-12,wk inc covid hosp,2,2026-09-26,49,quantile,0.6,7.0
2026-09-12,wk inc covid hosp,2,2026-09-26,49,quantile,0.65,7.0
2026-09-12,wk inc covid hosp,2,2026-09-26,49,quantile,0.7,8.0
2026-09-12,wk inc covid hosp,2,2026-09-26,49,quantile,0.75,8.0
2026-09-12,wk inc covid hosp,2,2026-09-26,49,quantile,0.8,9.0
2026-09-12,wk inc covid hosp,2,2026-09-26,49,quantile,0.85,10.0
2026-09-12,wk inc covid hosp,2,2026-09-26,49,quantile,0.9,11.0
2026-09-12,wk inc covid hosp,2,2026-09-26,49,quantile,0.95,12.0
2026-09-12,wk inc covid hosp,2,2026-09-26,49,quantile,0.975,14.0
2026-09-12,wk inc covid hosp,2,2026-09-26,49,quantile,0.99,15.0
2026-09-12,wk inc covid hosp,2,2026-09-26,50,quantile,0.01,2.0
2026-09-12,wk inc covid hosp,2,2026-09-26,50,quantile,0.025,2.0
2026-09-12,wk inc covid hosp,2,2026-09-26,50,quantile,0.05,3.0
2026-09-12,wk inc covid hosp,2,2026-09-26,50,quantile,0.1,4.0
2026-09-12,wk inc covid hosp,2,2026-09-26,50,quantile,0.15,5.0
2026-09-12,wk inc covid hosp,2,2026-09-26,50,quantile,0.2,5.0
2026-09-12,wk inc covid hosp,2,2026-09-26,50,quantile,0.25,6.0
2026-09-12,wk inc covid hosp,2,2026-09-26,50,quantile,0.3,6.0
2026-09-12,wk inc covid hosp,2,2026-09-26,50,quantile,0.35,7.0
2026-09-12,wk inc covid hosp,2,2026-09-26,50,quantile,0.4,7.0
2026-09-12,wk inc covid hosp,2,2026-09-26,50,quantile,0.45,8.0
2026-09-12,wk inc covid hosp,2,2026-09-26,50,quantile,0.5,8.0
2026-09-12,wk inc covid hosp,2,2026-09-26,50,quantile,0.55,9.0
2026-09-12,wk inc covid hosp,2,2026-09-26,50,quantile,0.6,9.0
2026-09-12,wk inc covid hosp,2,2026-09-26,50,quantile,0.65,10.0
2026-09-12,wk inc covid hosp,2,2026-09-26,50,quantile,0.7,10.0
2026-09-12,wk inc covid hosp,2,2026-09-26,50,quantile,0.75,11.0
2026-09-12,wk inc covid hosp,2,2026-09-26,50,quantile,0.8,12.0
2026-09-12,wk inc covid hosp,2,2026-09-26,50,quantile,0.85,13.0
2026-09-12,wk inc covid hosp,2,2026-09-26,50,quantile,0.9,14.0
2026-09-12,wk inc covid hosp,2,2026-09-26,50,quantile,0.95,16.0
2026-09-12,wk inc covid hosp,2,2026-09-26,50,quantile,0.975,17.0
2026-09-12,wk inc covid hosp,2,2026-09-26,50,quantile,0.99,19.0
2026-09-12,wk inc covid hosp,2,2026-09-26,51,quantile,0.01,14.0
2026-09-12,wk inc covid hosp,2,2026-09-26,51,quantile,0.025,17.0
2026-09-12,wk inc covid hosp,2,2026-09-26,51,quantile,0.05,20.0
2026-09-12,wk inc covid hosp,2,2026-09-26,51,quantile,0.1,24.0
2026-09-12,wk inc covid hosp,2,2026-09-26,51,quantile,0.15,26.0
2026-09-12,wk inc covid hosp,2,2026-09-26,51,quantile,0.2,28.0
2026-09-12,wk inc covid hosp,2,2026-09-26,51,quantile,0.25,30.0
2026-09-12,wk inc covid hosp,2,2026-09-26,51,quantile,0.3,32.0
2026-09-12,wk inc covid hosp,2,2026-09-26,51,quantile,0.35,33.0
2026-09-12,wk inc covid hosp,2,2026-09-26,51,quantile,0.4,35.0
2026-09-12,wk inc covid hosp,2,2026-09-26,51,quantile,0.45,37.0
2026-09-12,wk inc covid hosp,2,2026-09-26,51,quantile,0.5,38.0
2026-09-12,wk inc covid hosp,2,2026-09-26,51,quantile,0.55,40.0
2026-09-12,wk inc covid hosp,2,2026-09-26,51,quantile,0.6,42.0
2026-09-12,wk inc covid hosp,2,2026-09-26,51,quantile,0.65,44.0
2026-09-12,wk inc covid hosp,2,2026-09-26,51,quantile,0.7,46.0
2026-09-12,wk inc covid hosp,2,2026-09-26,51,quantile,0.75,48.0
2026-09-12,wk inc covid hosp,2,2026-09-26,51,quantile,0.8,50.0
2026-09-12,wk inc covid hosp,2,2026-09-26,51,quantile,0.85,54.0
2026-09-12,wk inc covid hosp,2,2026-09-26,51,quantile,0.9,58.0
2026-09-12,wk inc covid hosp,2,2026-09-26,51,quantile,0.95,64.0
2026-09-12,wk inc covid hosp,2,2026-09-26,51,quantile,0.975,70.0
2026-09-12,wk inc covid hosp,2,2026-09-26,51,quantile,0.99,77.0
2026-09-12,wk inc covid hosp,2,2026-09-26,53,quantile,0.01,17.0
2026-09-12,wk inc covid hosp,2,2026-09-26,53,quantile,0.025,20.0
2026-09-12,wk inc covid hosp,2,2026-09-26,53,quantile,0.05,24.0
2026-09-12,wk inc covid hosp,2,2026-09-26,53,quantile,0.1,28.0
2026-09-12,wk inc covid hosp,2,2026-09-26,53,quantile,0.15,30.0
2026-09-12,wk inc covid hosp,2,2026-09-26,53,quantile,0.2,33.0
2026-09-12,wk inc covid hosp,2,2026-09-26,53,quantile,0.25,35.0
2026-09-12,wk inc covid hosp,2,2026-09-26,53,quantile,0.3,37.0
2026-09-12,wk inc covid hosp,2,2026-09-26,53,quantile,0.35,39.0
2026-09-12,wk inc covid hosp,2,2026-09-26,53,quantile,0.4,41.0
2026-09-12,wk inc covid hosp,2,2026-09-26,53,quantile,0.45,43.0
2026-09-12,wk inc covid hosp,2,2026-09-26,53,quantile,0.5,44.0
2026-09-12,wk inc covid hosp,2,2026-09-26,53,quantile,0.55,46.0
2026-09-12,wk inc covid hosp,2,2026-09-26,53,quantile,0.6,48.0
2026-09-12,wk inc covid hosp,2,2026-09-26,53,quantile,0.65,50.0
2026-09-12,wk inc covid hosp,2,2026-09-26,53,quantile,0.7,53.0
2026-09-12,wk inc covid hosp,2,2026-09-26,53,quantile,0.75,55.0
2026-09-12,wk inc covid hosp,2,2026-09-26,53,quantile,0.8,58.0
2026-09-12,wk inc covid hosp,2,2026-09-26,53,quantile,0.85,62.0
2026-09-12,wk inc covid hosp,2,2026-09-26,53,quantile,0.9,66.0
2026-09-12,wk inc covid hosp,2,2026-09-26,53,quantile,0.95,74.0
2026-09-12,wk inc covid hosp,2,2026-09-26,53,quantile,0.975,80.0
2026-09-12,wk inc covid hosp,2,2026-09-26,53,quantile,0.99,88.0
2026-09-12,wk inc covid hosp,2,2026-09-26,54,quantile,0.01,2.0
2026-09-12,wk inc covid hosp,2,2026-09-26,54,quantile,0.025,3.0
2026-09-12,wk inc covid hosp,2,2026-09-26,54,quantile,0.05,4.0
2026-09-12,wk inc covid hosp,2,2026-09-26,54,quantile,0.1,6.0
2026-09-12,wk inc covid hosp,2,2026-09-26,54,quantile,0.15,6.0
2026-09-12,wk inc covid hosp,2,2026-09-26,54,quantile,0.2,7.0
2026-09-12,wk inc covid hosp,2,2026-09-26,54,quantile,0.25,8.0
2026-09-12,wk inc covid hosp,2,2026-09-26,54,quantile,0.3,8.0
2026-09-12,wk inc covid hosp,2,2026-09-26,54,quantile,0.35,9.0
2026-09-12,wk inc covid hosp,2,2026-09-26,54,quantile,0.4,9.0
2026-09-12,wk inc covid hosp,2,2026-09-26,54,quantile,0.45,10.0
2026-09-12,wk inc covid hosp,2,2026-09-26,54,quantile,0.5,11.0
2026-09-12,wk inc covid hosp,2,2026-09-26,54,quantile,0.55,11.0
2026-09-12,wk inc covid hosp,2,2026-09-26,54,quantile,0.6,12.0
2026-09-12,wk inc covid hosp,2,2026-09-26,54,quantile,0.65,12.0
2026-09-12,wk inc covid hosp,2,2026-09-26,54,quantile,0.7,13.0
2026-09-12,wk inc covid hosp,2,2026-09-26,54,quantile,0.75,14.0
2026-09-12,wk inc covid hosp,2,2026-09-26,54,quantile,0.8,15.0
2026-09-12,wk inc covid hosp,2,2026-09-26,54,quantile,0.85,16.0
2026-09-12,wk inc covid hosp,2,2026-09-26,54,quantile,0.9,17.0
2026-09-12,wk inc covid hosp,2,2026-09-26,54,quantile,0.95,20.0
2026-09-12,wk inc covid hosp,2,2026-09-26,54,quantile,0.975,22.0
2026-09-12,wk inc covid hosp,2,2026-09-26,54,quantile,0.99,24.0
2026-09-12,wk inc covid hosp,2,2026-09-26,55,quantile,0.01,14.0
2026-09-12,wk inc covid hosp,2,2026-09-26,55,quantile,0.025,17.0
2026-09-12,wk inc covid hosp,2,2026-09-26,55,quantile,0.05,20.0
2026-09-12,wk inc covid hosp,2,2026-09-26,55,quantile,0.1,23.0
2026-09-12,wk inc covid hosp,2,2026-09-26,55,quantile,0.15,26.0
2026-09-12,wk inc covid hosp,2,2026-09-26,55,quantile,0.2,28.0
2026-09-12,wk inc covid hosp,2,2026-09-26,55,quantile,0.25,29.0
2026-09-12,wk inc covid hosp,2,2026-09-26,55,quantile,0.3,31.0
2026-09-12,wk inc covid hosp,2,2026-09-26,55,quantile,0.35,33.0
2026-09-12,wk inc covid hosp,2,2026-09-26,55,quantile,0.4,34.0
2026-09-12,wk inc covid hosp,2,2026-09-26,55,quantile,0.45,36.0
2026-09-12,wk inc covid hosp,2,2026-09-26,55,quantile,0.5,38.0
2026-09-12,wk inc covid hosp,2,2026-09-26,55,quantile,0.55,39.0
2026-09-12,wk inc covid hosp,2,2026-09-26,55,quantile,0.6,41.0
2026-09-12,wk inc covid hosp,2,2026-09-26,55,quantile,0.65,43.0
2026-09-12,wk inc covid hosp,2,2026-09-26,55,quantile,0.7,45.0
2026-09-12,wk inc covid hosp,2,2026-09-26,55,quantile,0.75,47.0
2026-09-12,wk inc covid hosp,2,2026-09-26,55,quantile,0.8,50.0
2026-09-12,wk inc covid hosp,2,2026-09-26,55,quantile,0.85,53.0
2026-09-12,wk inc covid hosp,2,2026-09-26,55,quantile,0.9,57.0
2026-09-12,wk inc covid hosp,2,2026-09-26,55,quantile,0.95,63.0
2026-09-12,wk inc covid hosp,2,2026-09-26,55,quantile,0.975,69.0
2026-09-12,wk inc covid hosp,2,2026-09-26,55,quantile,0.99,76.0
2026-09-12,wk inc covid hosp,2,2026-09-26,56,quantile,0.01,0.0
2026-09-12,wk inc covid hosp,2,2026-09-26,56,quantile,0.025,0.0
2026-09-12,wk inc covid hosp,2,2026-09-26,56,quantile,0.05,0.0
2026-09-12,wk inc covid hosp,2,2026-09-26,56,quantile,0.1,0.0
2026-09-12,wk inc covid hosp,2,2026-09-26,56,quantile,0.15,0.0
2026-09-12,wk inc covid hosp,2,2026-09-26,56,quantile,0.2,1.0
2026-09-12,wk inc covid hosp,2,2026-09-26,56,quantile,0.25,1.0
2026-09-12,wk inc covid hosp,2,2026-09-26,56,quantile,0.3,1.0
2026-09-12,wk inc covid hosp,2,2026-09-26,56,quantile,0.35,1.0
2026-09-12,wk inc covid hosp,2,2026-09-26,56,quantile,0.4,1.0
2026-09-12,wk inc covid hosp,2,2026-09-26,56,quantile,0.45,1.0
2026-09-12,wk inc covid hosp,2,2026-09-26,56,quantile,0.5,2.0
2026-09-12,wk inc covid hosp,2,2026-09-26,56,quantile,0.55,2.0
2026-09-12,wk inc covid hosp,2,2026-09-26,56,quantile,0.6,2.0
2026-09-12,wk inc covid hosp,2,2026-09-26,56,quantile,0.65,2.0
2026-09-12,wk inc covid hosp,2,2026-09-26,56,quantile,0.7,3.0
2026-09-12,wk inc covid hosp,2,2026-09-26,56,quantile,0.75,3.0
2026-09-12,wk inc covid hosp,2,2026-09-26,56,quantile,0.8,3.0
2026-09-12,wk inc covid hosp,2,2026-09-26,56,quantile,0.85,4.0
2026-09-12,wk inc covid hosp,2,2026-09-26,56,quantile,0.9,4.0
2026-09-12,wk inc covid hosp,2,2026-09-26,56,quantile,0.95,5.0
2026-09-12,wk inc covid hosp,2,2026-09-26,56,quantile,0.975,6.0
2026-09-12,wk inc covid hosp,2,2026-09-26,56,quantile,0.99,7.0
2026-09-12,wk inc covid hosp,2,2026-09-26,72,quantile,0.01,10.0
2026-09-12,wk inc covid hosp,2,2026-09-26,72,quantile,0.025,13.0
2026-09-12,wk inc covid hosp,2,2026-09-26,72,quantile,0.05,16.0
2026-09-12,wk inc covid hosp,2,2026-09-26,72,quantile,0.1,21.0
2026-09-12,wk inc covid hosp,2,2026-09-26,72,quantile,0.15,24.0
2026-09-12,wk inc covid hosp,2,2026-09-26,72,quantile,0.2,27.0
2026-09-12,wk inc covid hosp,2,2026-09-26,72,quantile,0.25,30.0
2026-09-12,wk inc covid hosp,2,2026-09-26,72,quantile,0.3,32.0
2026-09-12,wk inc covid hosp,2,2026-09-26,72,quantile,0.35,35.0
2026-09-12,wk inc covid hosp,2,2026-09-26,72,quantile,0.4,37.0
2026-09-12,wk inc covid hosp,2,2026-09-26,72,quantile,0.45,40.0
2026-09-12,wk inc covid hosp,2,2026-09-26,72,quantile,0.5,43.0
2026-09-12,wk inc covid hosp,2,2026-09-26,72,quantile,0.55,45.0
2026-09-12,wk inc covid hosp,2,2026-09-26,72,quantile,0.6,48.0
2026-09-12,wk inc covid hosp,2,2026-09-26,72,quantile,0.65,51.0
2026-09-12,wk inc covid hosp,2,2026-09-26,72,quantile,0.7,54.0
2026-09-12,wk inc covid hosp,2,2026-09-26,72,quantile,0.75,58.0
2026-09-12,wk inc covid hosp,2,2026-09-26,72,quantile,0.8,62.0
2026-09-12,wk inc covid hosp,2,2026-09-26,72,quantile,0.85,68.0
2026-09-12,wk inc covid hosp,2,2026-09-26,72,quantile,0.9,75.0
2026-09-12,wk inc covid hosp,2,2026-09-26,72,quantile,0.95,86.0
2026-09-12,wk inc covid hosp,2,2026-09-26,72,quantile,0.975,97.0
2026-09-12,wk inc covid hosp,2,2026-09-26,72,quantile,0.99,110.0
2026-09-12,wk inc covid hosp,3,2026-10-03,01,quantile,0.01,41.0
2026-09-12,wk inc covid hosp,3,2026-10-03,01,quantile,0.025,47.0
2026-09-12,wk inc covid hosp,3,2026-10-03,01,quantile,0.05,51.0
2026-09-12,wk inc covid hosp,3,2026-10-03,01,quantile,0.1,57.0
2026-09-12,wk inc covid hosp,3,2026-10-03,01,quantile,0.15,61.0
2026-09-12,wk inc covid hosp,3,2026-10-03,01,quantile,0.2,65.0
2026-09-12,wk inc covid hosp,3,2026-10-03,01,quantile,0.25,67.0
2026-09-12,wk inc covid hosp,3,2026-10-03,01,quantile,0.3,70.0
2026-09-12,wk inc covid hosp,3,2026-10-03,01,quantile,0.35,73.0
2026-09-12,wk inc covid hosp,3,2026-10-03,01,quantile,0.4,75.0
2026-09-12,wk inc covid hosp,3,2026-10-03,01,quantile,0.45,78.0
2026-09-12,wk inc covid hosp,3,2026-10-03,01,quantile,0.5,80.0
2026-09-12,wk inc covid hosp,3,2026-10-03,01,quantile,0.55,83.0
2026-09-12,wk inc covid hosp,3,2026-10-03,01,quantile,0.6,85.0
2026-09-12,wk inc covid hosp,3,2026-10-03,01,quantile,0.65,88.0
2026-09-12,wk inc covid hosp,3,2026-10-03,01,quantile,0.7,91.0
2026-09-12,wk inc covid hosp,3,2026-10-03,01,quantile,0.75,94.0
2026-09-12,wk inc covid hosp,3,2026-10-03,01,quantile,0.8,98.0
2026-09-12,wk inc covid hosp,3,2026-10-03,01,quantile,0.85,103.0
2026-09-12,wk inc covid hosp,3,2026-10-03,01,quantile,0.9,108.0
2026-09-12,wk inc covid hosp,3,2026-10-03,01,quantile,0.95,117.0
2026-09-12,wk inc covid hosp,3,2026-10-03,01,quantile,0.975,125.0
2026-09-12,wk inc covid hosp,3,2026-10-03,01,quantile,0.99,139.0
2026-09-12,wk inc covid hosp,3,2026-10-03,02,quantile,0.01,0.0
2026-09-12,wk inc covid hosp,3,2026-10-03,02,quantile,0.025,1.0
2026-09-12,wk inc covid hosp,3,2026-10-03,02,quantile,0.05,1.0
2026-09-12,wk inc covid hosp,3,2026-10-03,02,quantile,0.1,2.0
2026-09-12,wk inc covid hosp,3,2026-10-03,02,quantile,0.15,2.0
2026-09-12,wk inc covid hosp,3,2026-10-03,02,quantile,0.2,3.0
2026-09-12,wk inc covid hosp,3,2026-10-03,02,quantile,0.25,3.0
2026-09-12,wk inc covid hosp,3,2026-10-03,02,quantile,0.3,3.0
2026-09-12,wk inc covid hosp,3,2026-10-03,02,quantile,0.35,4.0
2026-09-12,wk inc covid hosp,3,2026-10-03,02,quantile,0.4,4.0
2026-09-12,wk inc covid hosp,3,2026-10-03,02,quantile,0.45,4.0
2026-09-12,wk inc covid hosp,3,2026-10-03,02,quantile,0.5,5.0
2026-09-12,wk inc covid hosp,3,2026-10-03,02,quantile,0.55,5.0
2026-09-12,wk inc covid hosp,3,2026-10-03,02,quantile,0.6,5.0
2026-09-12,wk inc covid hosp,3,2026-10-03,02,quantile,0.65,6.0
2026-09-12,wk inc covid hosp,3,2026-10-03,02,quantile,0.7,6.0
2026-09-12,wk inc covid hosp,3,2026-10-03,02,quantile,0.75,6.0
2026-09-12,wk inc covid hosp,3,2026-10-03,02,quantile,0.8,7.0
2026-09-12,wk inc covid hosp,3,2026-10-03,02,quantile,0.85,7.0
2026-09-12,wk inc covid hosp,3,2026-10-03,02,quantile,0.9,8.0
2026-09-12,wk inc covid hosp,3,2026-10-03,02,quantile,0.95,9.0
2026-09-12,wk inc covid hosp,3,2026-10-03,02,quantile,0.975,10.0
2026-09-12,wk inc covid hosp,3,2026-10-03,02,quantile,0.99,12.0
2026-09-12,wk inc covid hosp,3,2026-10-03,04,quantile,0.01,49.0
2026-09-12,wk inc covid hosp,3,2026-10-03,04,quantile,0.025,59.0
2026-09-12,wk inc covid hosp,3,2026-10-03,04,quantile,0.05,65.0
2026-09-12,wk inc covid hosp,3,2026-10-03,04,quantile,0.1,72.0
2026-09-12,wk inc covid hosp,3,2026-10-03,04,quantile,0.15,77.0
2026-09-12,wk inc covid hosp,3,2026-10-03,04,quantile,0.2,81.0
2026-09-12,wk inc covid hosp,3,2026-10-03,04,quantile,0.25,84.0
2026-09-12,wk inc covid hosp,3,2026-10-03,04,quantile,0.3,88.0
2026-09-12,wk inc covid hosp,3,2026-10-03,04,quantile,0.35,91.0
2026-09-12,wk inc covid hosp,3,2026-10-03,04,quantile,0.4,94.0
2026-09-12,wk inc covid hosp,3,2026-10-03,04,quantile,0.45,97.0
2026-09-12,wk inc covid hosp,3,2026-10-03,04,quantile,0.5,100.0
2026-09-12,wk inc covid hosp,3,2026-10-03,04,quantile,0.55,103.0
2026-09-12,wk inc covid hosp,3,2026-10-03,04,quantile,0.6,106.0
2026-09-12,wk inc covid hosp,3,2026-10-03,04,quantile,0.65,110.0
2026-09-12,wk inc covid hosp,3,2026-10-03,04,quantile,0.7,113.0
2026-09-12,wk inc covid hosp,3,2026-10-03,04,quantile,0.75,117.0
2026-09-12,wk inc covid hosp,3,2026-10-03,04,quantile,0.8,122.0
2026-09-12,wk inc covid hosp,3,2026-10-03,04,quantile,0.85,127.0
2026-09-12,wk inc covid hosp,3,2026-10-03,04,quantile,0.9,134.0
2026-09-12,wk inc covid hosp,3,2026-10-03,04,quantile,0.95,145.0
2026-09-12,wk inc covid hosp,3,2026-10-03,04,quantile,0.975,155.0
2026-09-12,wk inc covid hosp,3,2026-10-03,04,quantile,0.99,167.0
2026-09-12,wk inc covid hosp,3,2026-10-03,05,quantile,0.01,4.0
2026-09-12,wk inc covid hosp,3,2026-10-03,05,quantile,0.025,6.0
2026-09-12,wk inc covid hosp,3,2026-10-03,05,quantile,0.05,7.0
2026-09-12,wk inc covid hosp,3,2026-10-03,05,quantile,0.1,9.0
2026-09-12,wk inc covid hosp,3,2026-10-03,05,quantile,0.15,11.0
2026-09-12,wk inc covid hosp,3,2026-10-03,05,quantile,0.2,12.0
2026-09-12,wk inc covid hosp,3,2026-10-03,05,quantile,0.25,13.0
2026-09-12,wk inc covid hosp,3,2026-10-03,05,quantile,0.3,14.0
2026-09-12,wk inc covid hosp,3,2026-10-03,05,quantile,0.35,15.0
2026-09-12,wk inc covid hosp,3,2026-10-03,05,quantile,0.4,16.0
2026-09-12,wk inc covid hosp,3,2026-10-03,05,quantile,0.45,17.0
2026-09-12,wk inc covid hosp,3,2026-10-03,05,quantile,0.5,18.0
2026-09-12,wk inc covid hosp,3,2026-10-03,05,quantile,0.55,19.0
2026-09-12,wk inc covid hosp,3,2026-10-03,05,quantile,0.6,20.0
2026-09-12,wk inc covid hosp,3,2026-10-03,05,quantile,0.65,21.0
2026-09-12,wk inc covid hosp,3,2026-10-03,05,quantile,0.7,22.0
2026-09-12,wk inc covid hosp,3,2026-10-03,05,quantile,0.75,23.0
2026-09-12,wk inc covid hosp,3,2026-10-03,05,quantile,0.8,25.0
2026-09-12,wk inc covid hosp,3,2026-10-03,05,quantile,0.85,27.0
2026-09-12,wk inc covid hosp,3,2026-10-03,05,quantile,0.9,29.0
2026-09-12,wk inc covid hosp,3,2026-10-03,05,quantile,0.95,33.0
2026-09-12,wk inc covid hosp,3,2026-10-03,05,quantile,0.975,37.0
2026-09-12,wk inc covid hosp,3,2026-10-03,05,quantile,0.99,41.0
2026-09-12,wk inc covid hosp,3,2026-10-03,06,quantile,0.01,317.0
2026-09-12,wk inc covid hosp,3,2026-10-03,06,quantile,0.025,379.0
2026-09-12,wk inc covid hosp,3,2026-10-03,06,quantile,0.05,439.0
2026-09-12,wk inc covid hosp,3,2026-10-03,06,quantile,0.1,515.0
2026-09-12,wk inc covid hosp,3,2026-10-03,06,quantile,0.15,572.0
2026-09-12,wk inc covid hosp,3,2026-10-03,06,quantile,0.2,620.0
2026-09-12,wk inc covid hosp,3,2026-10-03,06,quantile,0.25,664.0
2026-09-12,wk inc covid hosp,3,2026-10-03,06,quantile,0.3,705.0
2026-09-12,wk inc covid hosp,3,2026-10-03,06,quantile,0.35,744.0
2026-09-12,wk inc covid hosp,3,2026-10-03,06,quantile,0.4,782.0
2026-09-12,wk inc covid hosp,3,2026-10-03,06,quantile,0.45,821.0
2026-09-12,wk inc covid hosp,3,2026-10-03,06,quantile,0.5,860.0
2026-09-12,wk inc covid hosp,3,2026-10-03,06,quantile,0.55,901.0
2026-09-12,wk inc covid hosp,3,2026-10-03,06,quantile,0.6,943.0
2026-09-12,wk inc covid hosp,3,2026-10-03,06,quantile,0.65,988.0
2026-09-12,wk inc covid hosp,3,2026-10-03,06,quantile,0.7,1037.0
2026-09-12,wk inc covid hosp,3,2026-10-03,06,quantile,0.75,1092.0
2026-09-12,wk inc covid hosp,3,2026-10-03,06,quantile,0.8,1155.0
2026-09-12,wk inc covid hosp,3,2026-10-03,06,quantile,0.85,1231.0
2026-09-12,wk inc covid hosp,3,2026-10-03,06,quantile,0.9,1318.0
2026-09-12,wk inc covid hosp,3,2026-10-03,06,quantile,0.95,1418.0
2026-09-12,wk inc covid hosp,3,2026-10-03,06,quantile,0.975,1508.0
2026-09-12,wk inc covid hosp,3,2026-10-03,06,quantile,0.99,1618.0
2026-09-12,wk inc covid hosp,3,2026-10-03,08,quantile,0.01,10.0
2026-09-12,wk inc covid hosp,3,2026-10-03,08,quantile,0.025,13.0
2026-09-12,wk inc covid hosp,3,2026-10-03,08,quantile,0.05,16.0
2026-09-12,wk inc covid hosp,3,2026-10-03,08,quantile,0.1,19.0
2026-09-12,wk inc covid hosp,3,2026-10-03,08,quantile,0.15,21.0
2026-09-12,wk inc covid hosp,3,2026-10-03,08,quantile,0.2,24.0
2026-09-12,wk inc covid hosp,3,2026-10-03,08,quantile,0.25,25.0
2026-09-12,wk inc covid hosp,3,2026-10-03,08,quantile,0.3,27.0
2026-09-12,wk inc covid hosp,3,2026-10-03,08,quantile,0.35,29.0
2026-09-12,wk inc covid hosp,3,2026-10-03,08,quantile,0.4,31.0
2026-09-12,wk inc covid hosp,3,2026-10-03,08,quantile,0.45,32.0
2026-09-12,wk inc covid hosp,3,2026-10-03,08,quantile,0.5,34.0
2026-09-12,wk inc covid hosp,3,2026-10-03,08,quantile,0.55,36.0
2026-09-12,wk inc covid hosp,3,2026-10-03,08,quantile,0.6,38.0
2026-09-12,wk inc covid hosp,3,2026-10-03,08,quantile,0.65,40.0
2026-09-12,wk inc covid hosp,3,2026-10-03,08,quantile,0.7,42.0
2026-09-12,wk inc covid hosp,3,2026-10-03,08,quantile,0.75,44.0
2026-09-12,wk inc covid hosp,3,2026-10-03,08,quantile,0.8,47.0
2026-09-12,wk inc covid hosp,3,2026-10-03,08,quantile,0.85,50.0
2026-09-12,wk inc covid hosp,3,2026-10-03,08,quantile,0.9,55.0
2026-09-12,wk inc covid hosp,3,2026-10-03,08,quantile,0.95,62.0
2026-09-12,wk inc covid hosp,3,2026-10-03,08,quantile,0.975,68.0
2026-09-12,wk inc covid hosp,3,2026-10-03,08,quantile,0.99,76.0
2026-09-12,wk inc covid hosp,3,2026-10-03,09,quantile,0.01,0.0
2026-09-12,wk inc covid hosp,3,2026-10-03,09,quantile,0.025,1.0
2026-09-12,wk inc covid hosp,3,2026-10-03,09,quantile,0.05,2.0
2026-09-12,wk inc covid hosp,3,2026-10-03,09,quantile,0.1,3.0
2026-09-12,wk inc covid hosp,3,2026-10-03,09,quantile,0.15,3.0
2026-09-12,wk inc covid hosp,3,2026-10-03,09,quantile,0.2,4.0
2026-09-12,wk inc covid hosp,3,2026-10-03,09,quantile,0.25,5.0
2026-09-12,wk inc covid hosp,3,2026-10-03,09,quantile,0.3,5.0
2026-09-12,wk inc covid hosp,3,2026-10-03,09,quantile,0.35,6.0
2026-09-12,wk inc covid hosp,3,2026-10-03,09,quantile,0.4,6.0
2026-09-12,wk inc covid hosp,3,2026-10-03,09,quantile,0.45,7.0
2026-09-12,wk inc covid hosp,3,2026-10-03,09,quantile,0.5,8.0
2026-09-12,wk inc covid hosp,3,2026-10-03,09,quantile,0.55,8.0
2026-09-12,wk inc covid hosp,3,2026-10-03,09,quantile,0.6,9.0
2026-09-12,wk inc covid hosp,3,2026-10-03,09,quantile,0.65,10.0
2026-09-12,wk inc covid hosp,3,2026-10-03,09,quantile,0.7,11.0
2026-09-12,wk inc covid hosp,3,2026-10-03,09,quantile,0.75,12.0
2026-09-12,wk inc covid hosp,3,2026-10-03,09,quantile,0.8,13.0
2026-09-12,wk inc covid hosp,3,2026-10-03,09,quantile,0.85,14.0
2026-09-12,wk inc covid hosp,3,2026-10-03,09,quantile,0.9,16.0
2026-09-12,wk inc covid hosp,3,2026-10-03,09,quantile,0.95,19.0
2026-09-12,wk inc covid hosp,3,2026-10-03,09,quantile,0.975,22.0
2026-09-12,wk inc covid hosp,3,2026-10-03,09,quantile,0.99,26.0
2026-09-12,wk inc covid hosp,3,2026-10-03,10,quantile,0.01,1.0
2026-09-12,wk inc covid hosp,3,2026-10-03,10,quantile,0.025,2.0
2026-09-12,wk inc covid hosp,3,2026-10-03,10,quantile,0.05,3.0
2026-09-12,wk inc covid hosp,3,2026-10-03,10,quantile,0.1,4.0
2026-09-12,wk inc covid hosp,3,2026-10-03,10,quantile,0.15,5.0
2026-09-12,wk inc covid hosp,3,2026-10-03,10,quantile,0.2,5.0
2026-09-12,wk inc covid hosp,3,2026-10-03,10,quantile,0.25,6.0
2026-09-12,wk inc covid hosp,3,2026-10-03,10,quantile,0.3,7.0
2026-09-12,wk inc covid hosp,3,2026-10-03,10,quantile,0.35,7.0
2026-09-12,wk inc covid hosp,3,2026-10-03,10,quantile,0.4,8.0
2026-09-12,wk inc covid hosp,3,2026-10-03,10,quantile,0.45,8.0
2026-09-12,wk inc covid hosp,3,2026-10-03,10,quantile,0.5,9.0
2026-09-12,wk inc covid hosp,3,2026-10-03,10,quantile,0.55,9.0
2026-09-12,wk inc covid hosp,3,2026-10-03,10,quantile,0.6,10.0
2026-09-12,wk inc covid hosp,3,2026-10-03,10,quantile,0.65,10.0
2026-09-12,wk inc covid hosp,3,2026-10-03,10,quantile,0.7,11.0
2026-09-12,wk inc covid hosp,3,2026-10-03,10,quantile,0.75,12.0
2026-09-12,wk inc covid hosp,3,2026-10-03,10,quantile,0.8,13.0
2026-09-12,wk inc covid hosp,3,2026-10-03,10,quantile,0.85,14.0
2026-09-12,wk inc covid hosp,3,2026-10-03,10,quantile,0.9,15.0
2026-09-12,wk inc covid hosp,3,2026-10-03,10,quantile,0.95,18.0
2026-09-12,wk inc covid hosp,3,2026-10-03,10,quantile,0.975,20.0
2026-09-12,wk inc covid hosp,3,2026-10-03,10,quantile,0.99,22.0
2026-09-12,wk inc covid hosp,3,2026-10-03,11,quantile,0.01,0.0
2026-09-12,wk inc covid hosp,3,2026-10-03,11,quantile,0.025,0.0
2026-09-12,wk inc covid hosp,3,2026-10-03,11,quantile,0.05,0.0
2026-09-12,wk inc covid hosp,3,2026-10-03,11,quantile,0.1,0.0
2026-09-12,wk inc covid hosp,3,2026-10-03,11,quantile,0.15,0.0
2026-09-12,wk inc covid hosp,3,2026-10-03,11,quantile,0.2,0.0
2026-09-12,wk inc covid hosp,3,2026-10-03,11,quantile,0.25,0.0
2026-09-12,wk inc covid hosp,3,2026-10-03,11,quantile,0.3,0.0
2026-09-12,wk inc covid hosp,3,2026-10-03,11,quantile,0.35,0.0
2026-09-12,wk inc covid hosp,3,2026-10-03,11,quantile,0.4,0.0
2026-09-12,wk inc covid hosp,3,2026-10-03,11,quantile,0.45,1.0
2026-09-12,wk inc covid hosp,3,2026-10-03,11,quantile,0.5,1.0
2026-09-12,wk inc covid hosp,3,2026-10-03,11,quantile,0.55,1.0
2026-09-12,wk inc covid hosp,3,2026-10-03,11,quantile,0.6,1.0
2026-09-12,wk inc covid hosp,3,2026-10-03,11,quantile,0.65,1.0
2026-09-12,wk inc covid hosp,3,2026-10-03,11,quantile,0.7,1.0
2026-09-12,wk inc covid hosp,3,2026-10-03,11,quantile,0.75,2.0
2026-09-12,wk inc covid hosp,3,2026-10-03,11,quantile,0.8,2.0
2026-09-12,wk inc covid hosp,3,2026-10-03,11,quantile,0.85,2.0
2026-09-12,wk inc covid hosp,3,2026-10-03,11,quantile,0.9,3.0
2026-09-12,wk inc covid hosp,3,2026-10-03,11,quantile,0.95,3.0
2026-09-12,wk inc covid hosp,3,2026-10-03,11,quantile,0.975,4.0
2026-09-12,wk inc covid hosp,3,2026-10-03,11,quantile,0.99,5.0
2026-09-12,wk inc covid hosp,3,2026-10-03,12,quantile,0.01,285.0
2026-09-12,wk inc covid hosp,3,2026-10-03,12,quantile,0.025,315.0
2026-09-12,wk inc covid hosp,3,2026-10-03,12,quantile,0.05,342.0
2026-09-12,wk inc covid hosp,3,2026-10-03,12,quantile,0.1,375.0
2026-09-12,wk inc covid hosp,3,2026-10-03,12,quantile,0.15,399.0
2026-09-12,wk inc covid hosp,3,2026-10-03,12,quantile,0.2,418.0
2026-09-12,wk inc covid hosp,3,2026-10-03,12,quantile,0.25,435.0
2026-09-12,wk inc covid hosp,3,2026-10-03,12,quantile,0.3,451.0
2026-09-12,wk inc covid hosp,3,2026-10-03,12,quantile,0.35,466.0
2026-09-12,wk inc covid hosp,3,2026-10-03,12,quantile,0.4,480.0
2026-09-12,wk inc covid hosp,3,2026-10-03,12,quantile,0.45,495.0
2026-09-12,wk inc covid hosp,3,2026-10-03,12,quantile,0.5,509.0
2026-09-12,wk inc covid hosp,3,2026-10-03,12,quantile,0.55,523.0
2026-09-12,wk inc covid hosp,3,2026-10-03,12,quantile,0.6,539.0
2026-09-12,wk inc covid hosp,3,2026-10-03,12,quantile,0.65,554.0
2026-09-12,wk inc covid hosp,3,2026-10-03,12,quantile,0.7,572.0
2026-09-12,wk inc covid hosp,3,2026-10-03,12,quantile,0.75,590.0
2026-09-12,wk inc covid hosp,3,2026-10-03,12,quantile,0.8,612.0
2026-09-12,wk inc covid hosp,3,2026-10-03,12,quantile,0.85,637.0
2026-09-12,wk inc covid hosp,3,2026-10-03,12,quantile,0.9,671.0
2026-09-12,wk inc covid hosp,3,2026-10-03,12,quantile,0.95,722.0
2026-09-12,wk inc covid hosp,3,2026-10-03,12,quantile,0.975,768.0
2026-09-12,wk inc covid hosp,3,2026-10-03,12,quantile,0.99,824.0
2026-09-12,wk inc covid hosp,3,2026-10-03,13,quantile,0.01,46.0
2026-09-12,wk inc covid hosp,3,2026-10-03,13,quantile,0.025,56.0
2026-09-12,wk inc covid hosp,3,2026-10-03,13,quantile,0.05,65.0
2026-09-12,wk inc covid hosp,3,2026-10-03,13,quantile,0.1,74.0
2026-09-12,wk inc covid hosp,3,2026-10-03,13,quantile,0.15,79.0
2026-09-12,wk inc covid hosp,3,2026-10-03,13,quantile,0.2,83.0
2026-09-12,wk inc covid hosp,3,2026-10-03,13,quantile,0.25,87.0
2026-09-12,wk inc covid hosp,3,2026-10-03,13,quantile,0.3,90.0
2026-09-12,wk inc covid hosp,3,2026-10-03,13,quantile,0.35,93.0
2026-09-12,wk inc covid hosp,3,2026-10-03,13,quantile,0.4,96.0
2026-09-12,wk inc covid hosp,3,2026-10-03,13,quantile,0.45,100.0
2026-09-12,wk inc covid hosp,3,2026-10-03,13,quantile,0.5,103.0
2026-09-12,wk inc covid hosp,3,2026-10-03,13,quantile,0.55,106.0
2026-09-12,wk inc covid hosp,3,2026-10-03,13,quantile,0.6,109.0
2026-09-12,wk inc covid hosp,3,2026-10-03,13,quantile,0.65,112.0
2026-09-12,wk inc covid hosp,3,2026-10-03,13,quantile,0.7,116.0
2026-09-12,wk inc covid hosp,3,2026-10-03,13,quantile,0.75,120.0
2026-09-12,wk inc covid hosp,3,2026-10-03,13,quantile,0.8,125.0
2026-09-12,wk inc covid hosp,3,2026-10-03,13,quantile,0.85,130.0
2026-09-12,wk inc covid hosp,3,2026-10-03,13,quantile,0.9,138.0
2026-09-12,wk inc covid hosp,3,2026-10-03,13,quantile,0.95,149.0
2026-09-12,wk inc covid hosp,3,2026-10-03,13,quantile,0.975,159.0
2026-09-12,wk inc covid hosp,3,2026-10-03,13,quantile,0.99,171.0
2026-09-12,wk inc covid hosp,3,2026-10-03,15,quantile,0.01,3.0
2026-09-12,wk inc covid hosp,3,2026-10-03,15,quantile,0.025,5.0
2026-09-12,wk inc covid hosp,3,2026-10-03,15,quantile,0.05,6.0
2026-09-12,wk inc covid hosp,3,2026-10-03,15,quantile,0.1,8.0
2026-09-12,wk inc covid hosp,3,2026-10-03,15,quantile,0.15,9.0
2026-09-12,wk inc covid hosp,3,2026-10-03,15,quantile,0.2,10.0
2026-09-12,wk inc covid hosp,3,2026-10-03,15,quantile,0.25,11.0
2026-09-12,wk inc covid hosp,3,2026-10-03,15,quantile,0.3,12.0
2026-09-12,wk inc covid hosp,3,2026-10-03,15,quantile,0.35,12.0
2026-09-12,wk inc covid hosp,3,2026-10-03,15,quantile,0.4,13.0
2026-09-12,wk inc covid hosp,3,2026-10-03,15,quantile,0.45,14.0
2026-09-12,wk inc covid hosp,3,2026-10-03,15,quantile,0.5,15.0
2026-09-12,wk inc covid hosp,3,2026-10-03,15,quantile,0.55,16.0
2026-09-12,wk inc covid hosp,3,2026-10-03,15,quantile,0.6,17.0
2026-09-12,wk inc covid hosp,3,2026-10-03,15,quantile,0.65,18.0
2026-09-12,wk inc covid hosp,3,2026-10-03,15,quantile,0.7,19.0
2026-09-12,wk inc covid hosp,3,2026-10-03,15,quantile,0.75,21.0
2026-09-12,wk inc covid hosp,3,2026-10-03,15,quantile,0.8,22.0
2026-09-12,wk inc covid hosp,3,2026-10-03,15,quantile,0.85,24.0
2026-09-12,wk inc covid hosp,3,2026-10-03,15,quantile,0.9,27.0
2026-09-12,wk inc covid hosp,3,2026-10-03,15,quantile,0.95,31.0
2026-09-12,wk inc covid hosp,3,2026-10-03,15,quantile,0.975,34.0
2026-09-12,wk inc covid hosp,3,2026-10-03,15,quantile,0.99,39.0
2026-09-12,wk inc covid hosp,3,2026-10-03,16,quantile,0.01,7.0
2026-09-12,wk inc covid hosp,3,2026-10-03,16,quantile,0.025,9.0
2026-09-12,wk inc covid hosp,3,2026-10-03,16,quantile,0.05,10.0
2026-09-12,wk inc covid hosp,3,2026-10-03,16,quantile,0.1,12.0
2026-09-12,wk inc covid hosp,3,2026-10-03,16,quantile,0.15,13.0
2026-09-12,wk inc covid hosp,3,2026-10-03,16,quantile,0.2,14.0
2026-09-12,wk inc covid hosp,3,2026-10-03,16,quantile,0.25,15.0
2026-09-12,wk inc covid hosp,3,2026-10-03,16,quantile,0.3,16.0
2026-09-12,wk inc covid hosp,3,2026-10-03,16,quantile,0.35,17.0
2026-09-12,wk inc covid hosp,3,2026-10-03,16,quantile,0.4,18.0
2026-09-12,wk inc covid hosp,3,2026-10-03,16,quantile,0.45,18.0
2026-09-12,wk inc covid hosp,3,2026-10-03,16,quantile,0.5,19.0
2026-09-12,wk inc covid hosp,3,2026-10-03,16,quantile,0.55,20.0
2026-09-12,wk inc covid hosp,3,2026-10-03,16,quantile,0.6,21.0
2026-09-12,wk inc covid hosp,3,2026-10-03,16,quantile,0.65,22.0
2026-09-12,wk inc covid hosp,3,2026-10-03,16,quantile,0.7,23.0
2026-09-12,wk inc covid hosp,3,2026-10-03,16,quantile,0.75,24.0
2026-09-12,wk inc covid hosp,3,2026-10-03,16,quantile,0.8,25.0
2026-09-12,wk inc covid hosp,3,2026-10-03,16,quantile,0.85,26.0
2026-09-12,wk inc covid hosp,3,2026-10-03,16,quantile,0.9,28.0
2026-09-12,wk inc covid hosp,3,2026-10-03,16,quantile,0.95,31.0
2026-09-12,wk inc covid hosp,3,2026-10-03,16,quantile,0.975,33.0
2026-09-12,wk inc covid hosp,3,2026-10-03,16,quantile,0.99,36.0
2026-09-12,wk inc covid hosp,3,2026-10-03,17,quantile,0.01,19.0
2026-09-12,wk inc covid hosp,3,2026-10-03,17,quantile,0.025,24.0
2026-09-12,wk inc covid hosp,3,2026-10-03,17,quantile,0.05,28.0
2026-09-12,wk inc covid hosp,3,2026-10-03,17,quantile,0.1,33.0
2026-09-12,wk inc covid hosp,3,2026-10-03,17,quantile,0.15,37.0
2026-09-12,wk inc covid hosp,3,2026-10-03,17,quantile,0.2,41.0
2026-09-12,wk inc covid hosp,3,2026-10-03,17,quantile,0.25,44.0
2026-09-12,wk inc covid hosp,3,2026-10-03,17,quantile,0.3,47.0
2026-09-12,wk inc covid hosp,3,2026-10-03,17,quantile,0.35,50.0
2026-09-12,wk inc covid hosp,3,2026-10-03,17,quantile,0.4,52.0
2026-09-12,wk inc covid hosp,3,2026-10-03,17,quantile,0.45,55.0
2026-09-12,wk inc covid hosp,3,2026-10-03,17,quantile,0.5,58.0
2026-09-12,wk inc covid hosp,3,2026-10-03,17,quantile,0.55,61.0
2026-09-12,wk inc covid hosp,3,2026-10-03,17,quantile,0.6,64.0
2026-09-12,wk inc covid hosp,3,2026-10-03,17,quantile,0.65,67.0
2026-09-12,wk inc covid hosp,3,2026-10-03,17,quantile,0.7,71.0
2026-09-12,wk inc covid hosp,3,2026-10-03,17,quantile,0.75,75.0
2026-09-12,wk inc covid hosp,3,2026-10-03,17,quantile,0.8,79.0
2026-09-12,wk inc covid hosp,3,2026-10-03,17,quantile,0.85,85.0
2026-09-12,wk inc covid hosp,3,2026-10-03,17,quantile,0.9,92.0
2026-09-12,wk inc covid hosp,3,2026-10-03,17,quantile,0.95,103.0
2026-09-12,wk inc covid hosp,3,2026-10-03,17,quantile,0.975,114.0
2026-09-12,wk inc covid hosp,3,2026-10-03,17,quantile,0.99,127.0
2026-09-12,wk inc covid hosp,3,2026-10-03,18,quantile,0.01,7.0
2026-09-12,wk inc covid hosp,3,2026-10-03,18,quantile,0.025,9.0
2026-09-12,wk inc covid hosp,3,2026-10-03,18,quantile,0.05,11.0
2026-09-12,wk inc covid hosp,3,2026-10-03,18,quantile,0.1,14.0
2026-09-12,wk inc covid hosp,3,2026-10-03,18,quantile,0.15,15.0
2026-09-12,wk inc covid hosp,3,2026-10-03,18,quantile,0.2,17.0
2026-09-12,wk inc covid hosp,3,2026-10-03,18,quantile,0.25,18.0
2026-09-12,wk inc covid hosp,3,2026-10-03,18,quantile,0.3,20.0
2026-09-12,wk inc covid hosp,3,2026-10-03,18,quantile,0.35,21.0
2026-09-12,wk inc covid hosp,3,2026-10-03,18,quantile,0.4,22.0
2026-09-12,wk inc covid hosp,3,2026-10-03,18,quantile,0.45,24.0
2026-09-12,wk inc covid hosp,3,2026-10-03,18,quantile,0.5,25.0
2026-09-12,wk inc covid hosp,3,2026-10-03,18,quantile,0.55,26.0
2026-09-12,wk inc covid hosp,3,2026-10-03,18,quantile,0.6,28.0
2026-09-12,wk inc covid hosp,3,2026-10-03,18,quantile,0.65,29.0
2026-09-12,wk inc covid hosp,3,2026-10-03,18,quantile,0.7,31.0
2026-09-12,wk inc covid hosp,3,2026-10-03,18,quantile,0.75,33.0
2026-09-12,wk inc covid hosp,3,2026-10-03,18,quantile,0.8,35.0
2026-09-12,wk inc covid hosp,3,2026-10-03,18,quantile,0.85,37.0
2026-09-12,wk inc covid hosp,3,2026-10-03,18,quantile,0.9,41.0
2026-09-12,wk inc covid hosp,3,2026-10-03,18,quantile,0.95,46.0
2026-09-12,wk inc covid hosp,3,2026-10-03,18,quantile,0.975,51.0
2026-09-12,wk inc covid hosp,3,2026-10-03,18,quantile,0.99,57.0
2026-09-12,wk inc covid hosp,3,2026-10-03,19,quantile,0.01,4.0
2026-09-12,wk inc covid hosp,3,2026-10-03,19,quantile,0.025,6.0
2026-09-12,wk inc covid hosp,3,2026-10-03,19,quantile,0.05,7.0
2026-09-12,wk inc covid hosp,3,2026-10-03,19,quantile,0.1,9.0
2026-09-12,wk inc covid hosp,3,2026-10-03,19,quantile,0.15,11.0
2026-09-12,wk inc covid hosp,3,2026-10-03,19,quantile,0.2,12.0
2026-09-12,wk inc covid hosp,3,2026-10-03,19,quantile,0.25,13.0
2026-09-12,wk inc covid hosp,3,2026-10-03,19,quantile,0.3,14.0
2026-09-12,wk inc covid hosp,3,2026-10-03,19,quantile,0.35,15.0
2026-09-12,wk inc covid hosp,3,2026-10-03,19,quantile,0.4,16.0
2026-09-12,wk inc covid hosp,3,2026-10-03,19,quantile,0.45,17.0
2026-09-12,wk inc covid hosp,3,2026-10-03,19,quantile,0.5,18.0
2026-09-12,wk inc covid hosp,3,2026-10-03,19,quantile,0.55,19.0
2026-09-12,wk inc covid hosp,3,2026-10-03,19,quantile,0.6,20.0
2026-09-12,wk inc covid hosp,3,2026-10-03,19,quantile,0.65,21.0
2026-09-12,wk inc covid hosp,3,2026-10-03,19,quantile,0.7,22.0
2026-09-12,wk inc covid hosp,3,2026-10-03,19,quantile,0.75,23.0
2026-09-12,wk inc covid hosp,3,2026-10-03,19,quantile,0.8,25.0
2026-09-12,wk inc covid hosp,3,2026-10-03,19,quantile,0.85,27.0
2026-09-12,wk inc covid hosp,3,2026-10-03,19,quantile,0.9,29.0
2026-09-12,wk inc covid hosp,3,2026-10-03,19,quantile,0.95,33.0
2026-09-12,wk inc covid hosp,3,2026-10-03,19,quantile,0.975,37.0
2026-09-12,wk inc covid hosp,3,2026-10-03,19,quantile,0.99,41.0
2026-09-12,wk inc covid hosp,3,2026-10-03,20,quantile,0.01,0.0
2026-09-12,wk inc covid hosp,3,2026-10-03,20,quantile,0.025,1.0
2026-09-12,wk inc covid hosp,3,2026-10-03,20,quantile,0.05,1.0
2026-09-12,wk inc covid hosp,3,2026-10-03,20,quantile,0.1,2.0
2026-09-12,wk inc covid hosp,3,2026-10-03,20,quantile,0.15,3.0
2026-09-12,wk inc covid hosp,3,2026-10-03,20,quantile,0.2,3.0
2026-09-12,wk inc covid hosp,3,2026-10-03,20,quantile,0.25,4.0
2026-09-12,wk inc covid hosp,3,2026-10-03,20,quantile,0.3,5.0
2026-09-12,wk inc covid hosp,3,2026-10-03,20,quantile,0.35,5.0
2026-09-12,wk inc covid hosp,3,2026-10-03,20,quantile,0.4,6.0
2026-09-12,wk inc covid hosp,3,2026-10-03,20,quantile,0.45,6.0
2026-09-12,wk inc covid hosp,3,2026-10-03,20,quantile,0.5,7.0
2026-09-12,wk inc covid hosp,3,2026-10-03,20,quantile,0.55,8.0
2026-09-12,wk inc covid hosp,3,2026-10-03,20,quantile,0.6,8.0
2026-09-12,wk inc covid hosp,3,2026-10-03,20,quantile,0.65,9.0
2026-09-12,wk inc covid hosp,3,2026-10-03,20,quantile,0.7,10.0
2026-09-12,wk inc covid hosp,3,2026-10-03,20,quantile,0.75,11.0
2026-09-12,wk inc covid hosp,3,2026-10-03,20,quantile,0.8,12.0
2026-09-12,wk inc covid hosp,3,2026-10-03,20,quantile,0.85,13.0
2026-09-12,wk inc covid hosp,3,2026-10-03,20,quantile,0.9,15.0
2026-09-12,wk inc covid hosp,3,2026-10-03,20,quantile,0.95,17.0
2026-09-12,wk inc covid hosp,3,2026-10-03,20,quantile,0.975,19.0
2026-09-12,wk inc covid hosp,3,2026-10-03,20,quantile,0.99,22.0
2026-09-12,wk inc covid hosp,3,2026-10-03,21,quantile,0.01,2.0
2026-09-12,wk inc covid hosp,3,2026-10-03,21,quantile,0.025,3.0
2026-09-12,wk inc covid hosp,3,2026-10-03,21,quantile,0.05,5.0
2026-09-12,wk inc covid hosp,3,2026-10-03,21,quantile,0.1,6.0
2026-09-12,wk inc covid hosp,3,2026-10-03,21,quantile,0.15,7.0
2026-09-12,wk inc covid hosp,3,2026-10-03,21,quantile,0.2,8.0
2026-09-12,wk inc covid hosp,3,2026-10-03,21,quantile,0.25,9.0
2026-09-12,wk inc covid hosp,3,2026-10-03,21,quantile,0.3,10.0
2026-09-12,wk inc covid hosp,3,2026-10-03,21,quantile,0.35,11.0
2026-09-12,wk inc covid hosp,3,2026-10-03,21,quantile,0.4,12.0
2026-09-12,wk inc covid hosp,3,2026-10-03,21,quantile,0.45,13.0
2026-09-12,wk inc covid hosp,3,2026-10-03,21,quantile,0.5,14.0
2026-09-12,wk inc covid hosp,3,2026-10-03,21,quantile,0.55,15.0
2026-09-12,wk inc covid hosp,3,2026-10-03,21,quantile,0.6,16.0
2026-09-12,wk inc covid hosp,3,2026-10-03,21,quantile,0.65,17.0
2026-09-12,wk inc covid hosp,3,2026-10-03,21,quantile,0.7,18.0
2026-09-12,wk inc covid hosp,3,2026-10-03,21,quantile,0.75,20.0
2026-09-12,wk inc covid hosp,3,2026-10-03,21,quantile,0.8,21.0
2026-09-12,wk inc covid hosp,3,2026-10-03,21,quantile,0.85,23.0
2026-09-12,wk inc covid hosp,3,2026-10-03,21,quantile,0.9,25.0
2026-09-12,wk inc covid hosp,3,2026-10-03,21,quantile,0.95,29.0
2026-09-12,wk inc covid hosp,3,2026-10-03,21,quantile,0.975,33.0
2026-09-12,wk inc covid hosp,3,2026-10-03,21,quantile,0.99,37.0
2026-09-12,wk inc covid hosp,3,2026-10-03,22,quantile,0.01,35.0
2026-09-12,wk inc covid hosp,3,2026-10-03,22,quantile,0.025,39.0
2026-09-12,wk inc covid hosp,3,2026-10-03,22,quantile,0.05,43.0
2026-09-12,wk inc covid hosp,3,2026-10-03,22,quantile,0.1,48.0
2026-09-12,wk inc covid hosp,3,2026-10-03,22,quantile,0.15,52.0
2026-09-12,wk inc covid hosp,3,2026-10-03,22,quantile,0.2,55.0
2026-09-12,wk inc covid hosp,3,2026-10-03,22,quantile,0.25,57.0
2026-09-12,wk inc covid hosp,3,2026-10-03,22,quantile,0.3,60.0
2026-09-12,wk inc covid hosp,3,2026-10-03,22,quantile,0.35,62.0
2026-09-12,wk inc covid hosp,3,2026-10-03,22,quantile,0.4,64.0
2026-09-12,wk inc covid hosp,3,2026-10-03,22,quantile,0.45,66.0
2026-09-12,wk inc covid hosp,3,2026-10-03,22,quantile,0.5,68.0
2026-09-12,wk inc covid hosp,3,2026-10-03,22,quantile,0.55,71.0
2026-09-12,wk inc covid hosp,3,2026-10-03,22,quantile,0.6,73.0
2026-09-12,wk inc covid hosp,3,2026-10-03,22,quantile,0.65,75.0
2026-09-12,wk inc covid hosp,3,2026-10-03,22,quantile,0.7,78.0
2026-09-12,wk inc covid hosp,3,2026-10-03,22,quantile,0.75,81.0
2026-09-12,wk inc covid hosp,3,2026-10-03,22,quantile,0.8,85.0
2026-09-12,wk inc covid hosp,3,2026-10-03,22,quantile,0.85,92.0
2026-09-12,wk inc covid hosp,3,2026-10-03,22,quantile,0.9,101.0
2026-09-12,wk inc covid hosp,3,2026-10-03,22,quantile,0.95,115.0
2026-09-12,wk inc covid hosp,3,2026-10-03,22,quantile,0.975,128.0
2026-09-12,wk inc covid hosp,3,2026-10-03,22,quantile,0.99,144.0
2026-09-12,wk inc covid hosp,3,2026-10-03,23,quantile,0.01,0.0
2026-09-12,wk inc covid hosp,3,2026-10-03,23,quantile,0.025,0.0
2026-09-12,wk inc covid hosp,3,2026-10-03,23,quantile,0.05,0.0
2026-09-12,wk inc covid hosp,3,2026-10-03,23,quantile,0.1,0.0
2026-09-12,wk inc covid hosp,3,2026-10-03,23,quantile,0.15,0.0
2026-09-12,wk inc covid hosp,3,2026-10-03,23,quantile,0.2,0.0
2026-09-12,wk inc covid hosp,3,2026-10-03,23,quantile,0.25,0.0
2026-09-12,wk inc covid hosp,3,2026-10-03,23,quantile,0.3,0.0
2026-09-12,wk inc covid hosp,3,2026-10-03,23,quantile,0.35,0.0
2026-09-12,wk inc covid hosp,3,2026-10-03,23,quantile,0.4,0.0
2026-09-12,wk inc covid hosp,3,2026-10-03,23,quantile,0.45,0.0
2026-09-12,wk inc covid hosp,3,2026-10-03,23,quantile,0.5,0.0
2026-09-12,wk inc covid hosp,3,2026-10-03,23,quantile,0.55,0.0
2026-09-12,wk inc covid hosp,3,2026-10-03,23,quantile,0.6,0.0
2026-09-12,wk inc covid hosp,3,2026-10-03,23,quantile,0.65,0.0
2026-09-12,wk inc covid hosp,3,2026-10-03,23,quantile,0.7,0.0
2026-09-12,wk inc covid hosp,3,2026-10-03,23,quantile,0.75,0.0
2026-09-12,wk inc covid hosp,3,2026-10-03,23,quantile,0.8,0.0
2026-09-12,wk inc covid hosp,3,2026-10-03,23,quantile,0.85,0.0
2026-09-12,wk inc covid hosp,3,2026-10-03,23,quantile,0.9,0.0
2026-09-12,wk inc covid hosp,3,2026-10-03,23,quantile,0.95,0.0
2026-09-12,wk inc covid hosp,3,2026-10-03,23,quantile,0.975,0.0
2026-09-12,wk inc covid hosp,3,2026-10-03,23,quantile,0.99,0.0
2026-09-12,wk inc covid hosp,3,2026-10-03,24,quantile,0.01,1.0
2026-09-12,wk inc covid hosp,3,2026-10-03,24,quantile,0.025,3.0
2026-09-12,wk inc covid hosp,3,2026-10-03,24,quantile,0.05,4.0
2026-09-12,wk inc covid hosp,3,2026-10-03,24,quantile,0.1,5.0
2026-09-12,wk inc covid hosp,3,2026-10-03,24,quantile,0.15,6.0
2026-09-12,wk inc covid hosp,3,2026-10-03,24,quantile,0.2,7.0
2026-09-12,wk inc covid hosp,3,2026-10-03,24,quantile,0.25,8.0
2026-09-12,wk inc covid hosp,3,2026-10-03,24,quantile,0.3,8.0
2026-09-12,wk inc covid hosp,3,2026-10-03,24,quantile,0.35,9.0
2026-09-12,wk inc covid hosp,3,2026-10-03,24,quantile,0.4,10.0
2026-09-12,wk inc covid hosp,3,2026-10-03,24,quantile,0.45,10.0
2026-09-12,wk inc covid hosp,3,2026-10-03,24,quantile,0.5,11.0
2026-09-12,wk inc covid hosp,3,2026-10-03,24,quantile,0.55,12.0
2026-09-12,wk inc covid hosp,3,2026-10-03,24,quantile,0.6,13.0
2026-09-12,wk inc covid hosp,3,2026-10-03,24,quantile,0.65,14.0
2026-09-12,wk inc covid hosp,3,2026-10-03,24,quantile,0.7,15.0
2026-09-12,wk inc covid hosp,3,2026-10-03,24,quantile,0.75,16.0
2026-09-12,wk inc covid hosp,3,2026-10-03,24,quantile,0.8,17.0
2026-09-12,wk inc covid hosp,3,2026-10-03,24,quantile,0.85,18.0
2026-09-12,wk inc covid hosp,3,2026-10-03,24,quantile,0.9,20.0
2026-09-12,wk inc covid hosp,3,2026-10-03,24,quantile,0.95,23.0
2026-09-12,wk inc covid hosp,3,2026-10-03,24,quantile,0.975,26.0
2026-09-12,wk inc covid hosp,3,2026-10-03,24,quantile,0.99,30.0
2026-09-12,wk inc covid hosp,3,2026-10-03,25,quantile,0.01,3.0
2026-09-12,wk inc covid hosp,3,2026-10-03,25,quantile,0.025,5.0
2026-09-12,wk inc covid hosp,3,2026-10-03,25,quantile,0.05,7.0
2026-09-12,wk inc covid hosp,3,2026-10-03,25,quantile,0.1,10.0
2026-09-12,wk inc covid hosp,3,2026-10-03,25,quantile,0.15,12.0
2026-09-12,wk inc covid hosp,3,2026-10-03,25,quantile,0.2,14.0
2026-09-12,wk inc covid hosp,3,2026-10-03,25,quantile,0.25,15.0
2026-09-12,wk inc covid hosp,3,2026-10-03,25,quantile,0.3,16.0
2026-09-12,wk inc covid hosp,3,2026-10-03,25,quantile,0.35,17.0
2026-09-12,wk inc covid hosp,3,2026-10-03,25,quantile,0.4,19.0
2026-09-12,wk inc covid hosp,3,2026-10-03,25,quantile,0.45,20.0
2026-09-12,wk inc covid hosp,3,2026-10-03,25,quantile,0.5,21.0
2026-09-12,wk inc covid hosp,3,2026-10-03,25,quantile,0.55,22.0
2026-09-12,wk inc covid hosp,3,2026-10-03,25,quantile,0.6,24.0
2026-09-12,wk inc covid hosp,3,2026-10-03,25,quantile,0.65,25.0
2026-09-12,wk inc covid hosp,3,2026-10-03,25,quantile,0.7,27.0
2026-09-12,wk inc covid hosp,3,2026-10-03,25,quantile,0.75,28.0
2026-09-12,wk inc covid hosp,3,2026-10-03,25,quantile,0.8,30.0
2026-09-12,wk inc covid hosp,3,2026-10-03,25,quantile,0.85,33.0
2026-09-12,wk inc covid hosp,3,2026-10-03,25,quantile,0.9,36.0
2026-09-12,wk inc covid hosp,3,2026-10-03,25,quantile,0.95,41.0
2026-09-12,wk inc covid hosp,3,2026-10-03,25,quantile,0.975,46.0
2026-09-12,wk inc covid hosp,3,2026-10-03,25,quantile,0.99,52.0
2026-09-12,wk inc covid hosp,3,2026-10-03,26,quantile,0.01,2.0
2026-09-12,wk inc covid hosp,3,2026-10-03,26,quantile,0.025,4.0
2026-09-12,wk inc covid hosp,3,2026-10-03,26,quantile,0.05,5.0
2026-09-12,wk inc covid hosp,3,2026-10-03,26,quantile,0.1,7.0
2026-09-12,wk inc covid hosp,3,2026-10-03,26,quantile,0.15,9.0
2026-09-12,wk inc covid hosp,3,2026-10-03,26,quantile,0.2,10.0
2026-09-12,wk inc covid hosp,3,2026-10-03,26,quantile,0.25,12.0
2026-09-12,wk inc covid hosp,3,2026-10-03,26,quantile,0.3,13.0
2026-09-12,wk inc covid hosp,3,2026-10-03,26,quantile,0.35,14.0
2026-09-12,wk inc covid hosp,3,2026-10-03,26,quantile,0.4,16.0
2026-09-12,wk inc covid hosp,3,2026-10-03,26,quantile,0.45,17.0
2026-09-12,wk inc covid hosp,3,2026-10-03,26,quantile,0.5,18.0
2026-09-12,wk inc covid hosp,3,2026-10-03,26,quantile,0.55,20.0
2026-09-12,wk inc covid hosp,3,2026-10-03,26,quantile,0.6,22.0
2026-09-12,wk inc covid hosp,3,2026-10-03,26,quantile,0.65,23.0
2026-09-12,wk inc covid hosp,3,2026-10-03,26,quantile,0.7,25.0
2026-09-12,wk inc covid hosp,3,2026-10-03,26,quantile,0.75,27.0
2026-09-12,wk inc covid hosp,3,2026-10-03,26,quantile,0.8,30.0
2026-09-12,wk inc covid hosp,3,2026-10-03,26,quantile,0.85,33.0
2026-09-12,wk inc covid hosp,3,2026-10-03,26,quantile,0.9,37.0
2026-09-12,wk inc covid hosp,3,2026-10-03,26,quantile,0.95,44.0
2026-09-12,wk inc covid hosp,3,2026-10-03,26,quantile,0.975,50.0
2026-09-12,wk inc covid hosp,3,2026-10-03,26,quantile,0.99,59.0
2026-09-12,wk inc covid hosp,3,2026-10-03,27,quantile,0.01,13.0
2026-09-12,wk inc covid hosp,3,2026-10-03,27,quantile,0.025,16.0
2026-09-12,wk inc covid hosp,3,2026-10-03,27,quantile,0.05,20.0
2026-09-12,wk inc covid hosp,3,2026-10-03,27,quantile,0.1,24.0
2026-09-12,wk inc covid hosp,3,2026-10-03,27,quantile,0.15,27.0
2026-09-12,wk inc covid hosp,3,2026-10-03,27,quantile,0.2,29.0
2026-09-12,wk inc covid hosp,3,2026-10-03,27,quantile,0.25,31.0
2026-09-12,wk inc covid hosp,3,2026-10-03,27,quantile,0.3,34.0
2026-09-12,wk inc covid hosp,3,2026-10-03,27,quantile,0.35,36.0
2026-09-12,wk inc covid hosp,3,2026-10-03,27,quantile,0.4,38.0
2026-09-12,wk inc covid hosp,3,2026-10-03,27,quantile,0.45,40.0
2026-09-12,wk inc covid hosp,3,2026-10-03,27,quantile,0.5,42.0
2026-09-12,wk inc covid hosp,3,2026-10-03,27,quantile,0.55,44.0
2026-09-12,wk inc covid hosp,3,2026-10-03,27,quantile,0.6,46.0
2026-09-12,wk inc covid hosp,3,2026-10-03,27,quantile,0.65,48.0
2026-09-12,wk inc covid hosp,3,2026-10-03,27,quantile,0.7,51.0
2026-09-12,wk inc covid hosp,3,2026-10-03,27,quantile,0.75,54.0
2026-09-12,wk inc covid hosp,3,2026-10-03,27,quantile,0.8,57.0
2026-09-12,wk inc covid hosp,3,2026-10-03,27,quantile,0.85,61.0
2026-09-12,wk inc covid hosp,3,2026-10-03,27,quantile,0.9,67.0
2026-09-12,wk inc covid hosp,3,2026-10-03,27,quantile,0.95,75.0
2026-09-12,wk inc covid hosp,3,2026-10-03,27,quantile,0.975,83.0
2026-09-12,wk inc covid hosp,3,2026-10-03,27,quantile,0.99,92.0
2026-09-12,wk inc covid hosp,3,2026-10-03,28,quantile,0.01,5.0
2026-09-12,wk inc covid hosp,3,2026-10-03,28,quantile,0.025,8.0
2026-09-12,wk inc covid hosp,3,2026-10-03,28,quantile,0.05,10.0
2026-09-12,wk inc covid hosp,3,2026-10-03,28,quantile,0.1,13.0
2026-09-12,wk inc covid hosp,3,2026-10-03,28,quantile,0.15,14.0
2026-09-12,wk inc covid hosp,3,2026-10-03,28,quantile,0.2,16.0
2026-09-12,wk inc covid hosp,3,2026-10-03,28,quantile,0.25,18.0
2026-09-12,wk inc covid hosp,3,2026-10-03,28,quantile,0.3,19.0
2026-09-12,wk inc covid hosp,3,2026-10-03,28,quantile,0.35,21.0
2026-09-12,wk inc covid hosp,3,2026-10-03,28,quantile,0.4,22.0
2026-09-12,wk inc covid hosp,3,2026-10-03,28,quantile,0.45,23.0
2026-09-12,wk inc covid hosp,3,2026-10-03,28,quantile,0.5,25.0
2026-09-12,wk inc covid hosp,3,2026-10-03,28,quantile,0.55,26.0
2026-09-12,wk inc covid hosp,3,2026-10-03,28,quantile,0.6,28.0
2026-09-12,wk inc covid hosp,3,2026-10-03,28,quantile,0.65,30.0
2026-09-12,wk inc covid hosp,3,2026-10-03,28,quantile,0.7,31.0
2026-09-12,wk inc covid hosp,3,2026-10-03,28,quantile,0.75,33.0
2026-09-12,wk inc covid hosp,3,2026-10-03,28,quantile,0.8,36.0
2026-09-12,wk inc covid hosp,3,2026-10-03,28,quantile,0.85,39.0
2026-09-12,wk inc covid hosp,3,2026-10-03,28,quantile,0.9,43.0
2026-09-12,wk inc covid hosp,3,2026-10-03,28,quantile,0.95,49.0
2026-09-12,wk inc covid hosp,3,2026-10-03,28,quantile,0.975,54.0
2026-09-12,wk inc covid hosp,3,2026-10-03,28,quantile,0.99,61.0
2026-09-12,wk inc covid hosp,3,2026-10-03,29,quantile,0.01,3.0
2026-09-12,wk inc covid hosp,3,2026-10-03,29,quantile,0.025,5.0
2026-09-12,wk inc covid hosp,3,2026-10-03,29,quantile,0.05,7.0
2026-09-12,wk inc covid hosp,3,2026-10-03,29,quantile,0.1,10.0
2026-09-12,wk inc covid hosp,3,2026-10-03,29,quantile,0.15,12.0
2026-09-12,wk inc covid hosp,3,2026-10-03,29,quantile,0.2,13.0
2026-09-12,wk inc covid hosp,3,2026-10-03,29,quantile,0.25,14.0
2026-09-12,wk inc covid hosp,3,2026-10-03,29,quantile,0.3,16.0
2026-09-12,wk inc covid hosp,3,2026-10-03,29,quantile,0.35,17.0
2026-09-12,wk inc covid hosp,3,2026-10-03,29,quantile,0.4,18.0
2026-09-12,wk inc covid hosp,3,2026-10-03,29,quantile,0.45,19.0
2026-09-12,wk inc covid hosp,3,2026-10-03,29,quantile,0.5,20.0
2026-09-12,wk inc covid hosp,3,2026-10-03,29,quantile,0.55,22.0
2026-09-12,wk inc covid hosp,3,2026-10-03,29,quantile,0.6,23.0
2026-09-12,wk inc covid hosp,3,2026-10-03,29,quantile,0.65,24.0
2026-09-12,wk inc covid hosp,3,2026-10-03,29,quantile,0.7,26.0
2026-09-12,wk inc covid hosp,3,2026-10-03,29,quantile,0.75,28.0
2026-09-12,wk inc covid hosp,3,2026-10-03,29,quantile,0.8,30.0
2026-09-12,wk inc covid hosp,3,2026-10-03,29,quantile,0.85,32.0
2026-09-12,wk inc covid hosp,3,2026-10-03,29,quantile,0.9,35.0
2026-09-12,wk inc covid hosp,3,2026-10-03,29,quantile,0.95,40.0
2026-09-12,wk inc covid hosp,3,2026-10-03,29,quantile,0.975,45.0
2026-09-12,wk inc covid hosp,3,2026-10-03,29,quantile,0.99,51.0
2026-09-12,wk inc covid hosp,3,2026-10-03,30,quantile,0.01,2.0
2026-09-12,wk inc covid hosp,3,2026-10-03,30,quantile,0.025,3.0
2026-09-12,wk inc covid hosp,3,2026-10-03,30,quantile,0.05,4.0
2026-09-12,wk inc covid hosp,3,2026-10-03,30,quantile,0.1,6.0
2026-09-12,wk inc covid hosp,3,2026-10-03,30,quantile,0.15,7.0
2026-09-12,wk inc covid hosp,3,2026-10-03,30,quantile,0.2,8.0
2026-09-12,wk inc covid hosp,3,2026-10-03,30,quantile,0.25,8.0
2026-09-12,wk inc covid hosp,3,2026-10-03,30,quantile,0.3,9.0
2026-09-12,wk inc covid hosp,3,2026-10-03,30,quantile,0.35,10.0
2026-09-12,wk inc covid hosp,3,2026-10-03,30,quantile,0.4,10.0
2026-09-12,wk inc covid hosp,3,2026-10-03,30,quantile,0.45,11.0
2026-09-12,wk inc covid hosp,3,2026-10-03,30,quantile,0.5,12.0
2026-09-12,wk inc covid hosp,3,2026-10-03,30,quantile,0.55,12.0
2026-09-12,wk inc covid hosp,3,2026-10-03,30,quantile,0.6,13.0
2026-09-12,wk inc covid hosp,3,2026-10-03,30,quantile,0.65,14.0
2026-09-12,wk inc covid hosp,3,2026-10-03,30,quantile,0.7,15.0
2026-09-12,wk inc covid hosp,3,2026-10-03,30,quantile,0.75,16.0
2026-09-12,wk inc covid hosp,3,2026-10-03,30,quantile,0.8,17.0
2026-09-12,wk inc covid hosp,3,2026-10-03,30,quantile,0.85,18.0
2026-09-12,wk inc covid hosp,3,2026-10-03,30,quantile,0.9,20.0
2026-09-12,wk inc covid hosp,3,2026-10-03,30,quantile,0.95,23.0
2026-09-12,wk inc covid hosp,3,2026-10-03,30,quantile,0.975,25.0
2026-09-12,wk inc covid hosp,3,2026-10-03,30,quantile,0.99,29.0
2026-09-12,wk inc covid hosp,3,2026-10-03,31,quantile,0.01,3.0
2026-09-12,wk inc covid hosp,3,2026-10-03,31,quantile,0.025,4.0
2026-09-12,wk inc covid hosp,3,2026-10-03,31,quantile,0.05,5.0
2026-09-12,wk inc covid hosp,3,2026-10-03,31,quantile,0.1,7.0
2026-09-12,wk inc covid hosp,3,2026-10-03,31,quantile,0.15,8.0
2026-09-12,wk inc covid hosp,3,2026-10-03,31,quantile,0.2,9.0
2026-09-12,wk inc covid hosp,3,2026-10-03,31,quantile,0.25,10.0
2026-09-12,wk inc covid hosp,3,2026-10-03,31,quantile,0.3,11.0
2026-09-12,wk inc covid hosp,3,2026-10-03,31,quantile,0.35,11.0
2026-09-12,wk inc covid hosp,3,2026-10-03,31,quantile,0.4,12.0
2026-09-12,wk inc covid hosp,3,2026-10-03,31,quantile,0.45,13.0
2026-09-12,wk inc covid hosp,3,2026-10-03,31,quantile,0.5,14.0
2026-09-12,wk inc covid hosp,3,2026-10-03,31,quantile,0.55,14.0
2026-09-12,wk inc covid hosp,3,2026-10-03,31,quantile,0.6,15.0
2026-09-12,wk inc covid hosp,3,2026-10-03,31,quantile,0.65,16.0
2026-09-12,wk inc covid hosp,3,2026-10-03,31,quantile,0.7,17.0
2026-09-12,wk inc covid hosp,3,2026-10-03,31,quantile,0.75,18.0
2026-09-12,wk inc covid hosp,3,2026-10-03,31,quantile,0.8,20.0
2026-09-12,wk inc covid hosp,3,2026-10-03,31,quantile,0.85,21.0
2026-09-12,wk inc covid hosp,3,2026-10-03,31,quantile,0.9,23.0
2026-09-12,wk inc covid hosp,3,2026-10-03,31,quantile,0.95,26.0
2026-09-12,wk inc covid hosp,3,2026-10-03,31,quantile,0.975,29.0
2026-09-12,wk inc covid hosp,3,2026-10-03,31,quantile,0.99,33.0
2026-09-12,wk inc covid hosp,3,2026-10-03,32,quantile,0.01,15.0
2026-09-12,wk inc covid hosp,3,2026-10-03,32,quantile,0.025,17.0
2026-09-12,wk inc covid hosp,3,2026-10-03,32,quantile,0.05,20.0
2026-09-12,wk inc covid hosp,3,2026-10-03,32,quantile,0.1,22.0
2026-09-12,wk inc covid hosp,3,2026-10-03,32,quantile,0.15,24.0
2026-09-12,wk inc covid hosp,3,2026-10-03,32,quantile,0.2,26.0
2026-09-12,wk inc covid hosp,3,2026-10-03,32,quantile,0.25,27.0
2026-09-12,wk inc covid hosp,3,2026-10-03,32,quantile,0.3,29.0
2026-09-12,wk inc covid hosp,3,2026-10-03,32,quantile,0.35,30.0
2026-09-12,wk inc covid hosp,3,2026-10-03,32,quantile,0.4,31.0
2026-09-12,wk inc covid hosp,3,2026-10-03,32,quantile,0.45,32.0
2026-09-12,wk inc covid hosp,3,2026-10-03,32,quantile,0.5,33.0
2026-09-12,wk inc covid hosp,3,2026-10-03,32,quantile,0.55,34.0
2026-09-12,wk inc covid hosp,3,2026-10-03,32,quantile,0.6,36.0
2026-09-12,wk inc covid hosp,3,2026-10-03,32,quantile,0.65,37.0
2026-09-12,wk inc covid hosp,3,2026-10-03,32,quantile,0.7,38.0
2026-09-12,wk inc covid hosp,3,2026-10-03,32,quantile,0.75,40.0
2026-09-12,wk inc covid hosp,3,2026-10-03,32,quantile,0.8,42.0
2026-09-12,wk inc covid hosp,3,2026-10-03,32,quantile,0.85,44.0
2026-09-12,wk inc covid hosp,3,2026-10-03,32,quantile,0.9,46.0
2026-09-12,wk inc covid hosp,3,2026-10-03,32,quantile,0.95,51.0
2026-09-12,wk inc covid hosp,3,2026-10-03,32,quantile,0.975,54.0
2026-09-12,wk inc covid hosp,3,2026-10-03,32,quantile,0.99,59.0
2026-09-12,wk inc covid hosp,3,2026-10-03,33,quantile,0.01,0.0
2026-09-12,wk inc covid hosp,3,2026-10-03,33,quantile,0.025,0.0
2026-09-12,wk inc covid hosp,3,2026-10-03,33,quantile,0.05,0.0
2026-09-12,wk inc covid hosp,3,2026-10-03,33,quantile,0.1,1.0
2026-09-12,wk inc covid hosp,3,2026-10-03,33,quantile,0.15,1.0
2026-09-12,wk inc covid hosp,3,2026-10-03,33,quantile,0.2,1.0
2026-09-12,wk inc covid hosp,3,2026-10-03,33,quantile,0.25,2.0
2026-09-12,wk inc covid hosp,3,2026-10-03,33,quantile,0.3,2.0
2026-09-12,wk inc covid hosp,3,2026-10-03,33,quantile,0.35,2.0
2026-09-12,wk inc covid hosp,3,2026-10-03,33,quantile,0.4,3.0
2026-09-12,wk inc covid hosp,3,2026-10-03,33,quantile,0.45,3.0
2026-09-12,wk inc covid hosp,3,2026-10-03,33,quantile,0.5,3.0
2026-09-12,wk inc covid hosp,3,2026-10-03,33,quantile,0.55,4.0
2026-09-12,wk inc covid hosp,3,2026-10-03,33,quantile,0.6,4.0
2026-09-12,wk inc covid hosp,3,2026-10-03,33,quantile,0.65,4.0
2026-09-12,wk inc covid hosp,3,2026-10-03,33,quantile,0.7,5.0
2026-09-12,wk inc covid hosp,3,2026-10-03,33,quantile,0.75,5.0
2026-09-12,wk inc covid hosp,3,2026-10-03,33,quantile,0.8,6.0
2026-09-12,wk inc covid hosp,3,2026-10-03,33,quantile,0.85,7.0
2026-09-12,wk inc covid hosp,3,2026-10-03,33,quantile,0.9,8.0
2026-09-12,wk inc covid hosp,3,2026-10-03,33,quantile,0.95,9.0
2026-09-12,wk inc covid hosp,3,2026-10-03,33,quantile,0.975,11.0
2026-09-12,wk inc covid hosp,3,2026-10-03,33,quantile,0.99,13.0
2026-09-12,wk inc covid hosp,3,2026-10-03,34,quantile,0.01,62.0
2026-09-12,wk inc covid hosp,3,2026-10-03,34,quantile,0.025,74.0
2026-09-12,wk inc covid hosp,3,2026-10-03,34,quantile,0.05,86.0
2026-09-12,wk inc covid hosp,3,2026-10-03,34,quantile,0.1,102.0
2026-09-12,wk inc covid hosp,3,2026-10-03,34,quantile,0.15,114.0
2026-09-12,wk inc covid hosp,3,2026-10-03,34,quantile,0.2,124.0
2026-09-12,wk inc covid hosp,3,2026-10-03,34,quantile,0.25,132.0
2026-09-12,wk inc covid hosp,3,2026-10-03,34,quantile,0.3,141.0
2026-09-12,wk inc covid hosp,3,2026-10-03,34,quantile,0.35,149.0
2026-09-12,wk inc covid hosp,3,2026-10-03,34,quantile,0.4,157.0
2026-09-12,wk inc covid hosp,3,2026-10-03,34,quantile,0.45,165.0
2026-09-12,wk inc covid hosp,3,2026-10-03,34,quantile,0.5,173.0
2026-09-12,wk inc covid hosp,3,2026-10-03,34,quantile,0.55,181.0
2026-09-12,wk inc covid hosp,3,2026-10-03,34,quantile,0.6,189.0
2026-09-12,wk inc covid hosp,3,2026-10-03,34,quantile,0.65,199.0
2026-09-12,wk inc covid hosp,3,2026-10-03,34,quantile,0.7,209.0
2026-09-12,wk inc covid hosp,3,2026-10-03,34,quantile,0.75,220.0
2026-09-12,wk inc covid hosp,3,2026-10-03,34,quantile,0.8,233.0
2026-09-12,wk inc covid hosp,3,2026-10-03,34,quantile,0.85,248.0
2026-09-12,wk inc covid hosp,3,2026-10-03,34,quantile,0.9,269.0
2026-09-12,wk inc covid hosp,3,2026-10-03,34,quantile,0.95,297.0
2026-09-12,wk inc covid hosp,3,2026-10-03,34,quantile,0.975,316.0
2026-09-12,wk inc covid hosp,3,2026-10-03,34,quantile,0.99,340.0
2026-09-12,wk inc covid hosp,3,2026-10-03,35,quantile,0.01,11.0
2026-09-12,wk inc covid hosp,3,2026-10-03,35,quantile,0.025,14.0
2026-09-12,wk inc covid hosp,3,2026-10-03,35,quantile,0.05,16.0
2026-09-12,wk inc covid hosp,3,2026-10-03,35,quantile,0.1,20.0
2026-09-12,wk inc covid hosp,3,2026-10-03,35,quantile,0.15,22.0
2026-09-12,wk inc covid hosp,3,2026-10-03,35,quantile,0.2,24.0
2026-09-12,wk inc covid hosp,3,2026-10-03,35,quantile,0.25,25.0
2026-09-12,wk inc covid hosp,3,2026-10-03,35,quantile,0.3,26.0
2026-09-12,wk inc covid hosp,3,2026-10-03,35,quantile,0.35,28.0
2026-09-12,wk inc covid hosp,3,2026-10-03,35,quantile,0.4,29.0
2026-09-12,wk inc covid hosp,3,2026-10-03,35,quantile,0.45,30.0
2026-09-12,wk inc covid hosp,3,2026-10-03,35,quantile,0.5,31.0
2026-09-12,wk inc covid hosp,3,2026-10-03,35,quantile,0.55,32.0
2026-09-12,wk inc covid hosp,3,2026-10-03,35,quantile,0.6,33.0
2026-09-12,wk inc covid hosp,3,2026-10-03,35,quantile,0.65,34.0
2026-09-12,wk inc covid hosp,3,2026-10-03,35,quantile,0.7,36.0
2026-09-12,wk inc covid hosp,3,2026-10-03,35,quantile,0.75,37.0
2026-09-12,wk inc covid hosp,3,2026-10-03,35,quantile,0.8,39.0
2026-09-12,wk inc covid hosp,3,2026-10-03,35,quantile,0.85,41.0
2026-09-12,wk inc covid hosp,3,2026-10-03,35,quantile,0.9,43.0
2026-09-12,wk inc covid hosp,3,2026-10-03,35,quantile,0.95,47.0
2026-09-12,wk inc covid hosp,3,2026-10-03,35,quantile,0.975,51.0
2026-09-12,wk inc covid hosp,3,2026-10-03,35,quantile,0.99,55.0
2026-09-12,wk inc covid hosp,3,2026-10-03,36,quantile,0.01,83.0
2026-09-12,wk inc covid hosp,3,2026-10-03,36,quantile,0.025,99.0
2026-09-12,wk inc covid hosp,3,2026-10-03,36,quantile,0.05,116.0
2026-09-12,wk inc covid hosp,3,2026-10-03,36,quantile,0.1,136.0
2026-09-12,wk inc covid hosp,3,2026-10-03,36,quantile,0.15,152.0
2026-09-12,wk inc covid hosp,3,2026-10-03,36,quantile,0.2,165.0
2026-09-12,wk inc covid hosp,3,2026-10-03,36,quantile,0.25,176.0
2026-09-12,wk inc covid hosp,3,2026-10-03,36,quantile,0.3,187.0
2026-09-12,wk inc covid hosp,3,2026-10-03,36,quantile,0.35,198.0
2026-09-12,wk inc covid hosp,3,2026-10-03,36,quantile,0.4,208.0
2026-09-12,wk inc covid hosp,3,2026-10-03,36,quantile,0.45,219.0
2026-09-12,wk inc covid hosp,3,2026-10-03,36,quantile,0.5,229.0
2026-09-12,wk inc covid hosp,3,2026-10-03,36,quantile,0.55,240.0
2026-09-12,wk inc covid hosp,3,2026-10-03,36,quantile,0.6,252.0
2026-09-12,wk inc covid hosp,3,2026-10-03,36,quantile,0.65,264.0
2026-09-12,wk inc covid hosp,3,2026-10-03,36,quantile,0.7,277.0
2026-09-12,wk inc covid hosp,3,2026-10-03,36,quantile,0.75,292.0
2026-09-12,wk inc covid hosp,3,2026-10-03,36,quantile,0.8,309.0
2026-09-12,wk inc covid hosp,3,2026-10-03,36,quantile,0.85,330.0
2026-09-12,wk inc covid hosp,3,2026-10-03,36,quantile,0.9,357.0
2026-09-12,wk inc covid hosp,3,2026-10-03,36,quantile,0.95,400.0
2026-09-12,wk inc covid hosp,3,2026-10-03,36,quantile,0.975,440.0
2026-09-12,wk inc covid hosp,3,2026-10-03,36,quantile,0.99,489.0
2026-09-12,wk inc covid hosp,3,2026-10-03,37,quantile,0.01,71.0
2026-09-12,wk inc covid hosp,3,2026-10-03,37,quantile,0.025,86.0
2026-09-12,wk inc covid hosp,3,2026-10-03,37,quantile,0.05,99.0
2026-09-12,wk inc covid hosp,3,2026-10-03,37,quantile,0.1,117.0
2026-09-12,wk inc covid hosp,3,2026-10-03,37,quantile,0.15,131.0
2026-09-12,wk inc covid hosp,3,2026-10-03,37,quantile,0.2,142.0
2026-09-12,wk inc covid hosp,3,2026-10-03,37,quantile,0.25,152.0
2026-09-12,wk inc covid hosp,3,2026-10-03,37,quantile,0.3,162.0
2026-09-12,wk inc covid hosp,3,2026-10-03,37,quantile,0.35,171.0
2026-09-12,wk inc covid hosp,3,2026-10-03,37,quantile,0.4,180.0
2026-09-12,wk inc covid hosp,3,2026-10-03,37,quantile,0.45,189.0
2026-09-12,wk inc covid hosp,3,2026-10-03,37,quantile,0.5,198.0
2026-09-12,wk inc covid hosp,3,2026-10-03,37,quantile,0.55,207.0
2026-09-12,wk inc covid hosp,3,2026-10-03,37,quantile,0.6,217.0
2026-09-12,wk inc covid hosp,3,2026-10-03,37,quantile,0.65,228.0
2026-09-12,wk inc covid hosp,3,2026-10-03,37,quantile,0.7,239.0
2026-09-12,wk inc covid hosp,3,2026-10-03,37,quantile,0.75,252.0
2026-09-12,wk inc covid hosp,3,2026-10-03,37,quantile,0.8,267.0
2026-09-12,wk inc covid hosp,3,2026-10-03,37,quantile,0.85,285.0
2026-09-12,wk inc covid hosp,3,2026-10-03,37,quantile,0.9,308.0
2026-09-12,wk inc covid hosp,3,2026-10-03,37,quantile,0.95,345.0
2026-09-12,wk inc covid hosp,3,2026-10-03,37,quantile,0.975,380.0
2026-09-12,wk inc covid hosp,3,2026-10-03,37,quantile,0.99,422.0
2026-09-12,wk inc covid hosp,3,2026-10-03,38,quantile,0.01,0.0
2026-09-12,wk inc covid hosp,3,2026-10-03,38,quantile,0.025,0.0
2026-09-12,wk inc covid hosp,3,2026-10-03,38,quantile,0.05,0.0
2026-09-12,wk inc covid hosp,3,2026-10-03,38,quantile,0.1,0.0
2026-09-12,wk inc covid hosp,3,2026-10-03,38,quantile,0.15,0.0
2026-09-12,wk inc covid hosp,3,2026-10-03,38,quantile,0.2,1.0
2026-09-12,wk inc covid hosp,3,2026-10-03,38,quantile,0.25,1.0
2026-09-12,wk inc covid hosp,3,2026-10-03,38,quantile,0.3,1.0
2026-09-12,wk inc covid hosp,3,2026-10-03,38,quantile,0.35,1.0
2026-09-12,wk inc covid hosp,3,2026-10-03,38,quantile,0.4,1.0
2026-09-12,wk inc covid hosp,3,2026-10-03,38,quantile,0.45,1.0
2026-09-12,wk inc covid hosp,3,2026-10-03,38,quantile,0.5,2.0
2026-09-12,wk inc covid hosp,3,2026-10-03,38,quantile,0.55,2.0
2026-09-12,wk inc covid hosp,3,2026-10-03,38,quantile,0.6,2.0
2026-09-12,wk inc covid hosp,3,2026-10-03,38,quantile,0.65,2.0
2026-09-12,wk inc covid hosp,3,2026-10-03,38,quantile,0.7,3.0
2026-09-12,wk inc covid hosp,3,2026-10-03,38,quantile,0.75,3.0
2026-09-12,wk inc covid hosp,3,2026-10-03,38,quantile,0.8,3.0
2026-09-12,wk inc covid hosp,3,2026-10-03,38,quantile,0.85,3.0
2026-09-12,wk inc covid hosp,3,2026-10-03,38,quantile,0.9,4.0
2026-09-12,wk inc covid hosp,3,2026-10-03,38,quantile,0.95,5.0
2026-09-12,wk inc covid hosp,3,2026-10-03,38,quantile,0.975,6.0
2026-09-12,wk inc covid hosp,3,2026-10-03,38,quantile,0.99,6.0
2026-09-12,wk inc covid hosp,3,2026-10-03,39,quantile,0.01,46.0
2026-09-12,wk inc covid hosp,3,2026-10-03,39,quantile,0.025,56.0
2026-09-12,wk inc covid hosp,3,2026-10-03,39,quantile,0.05,65.0
2026-09-12,wk inc covid hosp,3,2026-10-03,39,quantile,0.1,77.0
2026-09-12,wk inc covid hosp,3,2026-10-03,39,quantile,0.15,86.0
2026-09-12,wk inc covid hosp,3,2026-10-03,39,quantile,0.2,93.0
2026-09-12,wk inc covid hosp,3,2026-10-03,39,quantile,0.25,100.0
2026-09-12,wk inc covid hosp,3,2026-10-03,39,quantile,0.3,106.0
2026-09-12,wk inc covid hosp,3,2026-10-03,39,quantile,0.35,113.0
2026-09-12,wk inc covid hosp,3,2026-10-03,39,quantile,0.4,119.0
2026-09-12,wk inc covid hosp,3,2026-10-03,39,quantile,0.45,125.0
2026-09-12,wk inc covid hosp,3,2026-10-03,39,quantile,0.5,131.0
2026-09-12,wk inc covid hosp,3,2026-10-03,39,quantile,0.55,137.0
2026-09-12,wk inc covid hosp,3,2026-10-03,39,quantile,0.6,144.0
2026-09-12,wk inc covid hosp,3,2026-10-03,39,quantile,0.65,151.0
2026-09-12,wk inc covid hosp,3,2026-10-03,39,quantile,0.7,158.0
2026-09-12,wk inc covid hosp,3,2026-10-03,39,quantile,0.75,167.0
2026-09-12,wk inc covid hosp,3,2026-10-03,39,quantile,0.8,177.0
2026-09-12,wk inc covid hosp,3,2026-10-03,39,quantile,0.85,189.0
2026-09-12,wk inc covid hosp,3,2026-10-03,39,quantile,0.9,204.0
2026-09-12,wk inc covid hosp,3,2026-10-03,39,quantile,0.95,229.0
2026-09-12,wk inc covid hosp,3,2026-10-03,39,quantile,0.975,252.0
2026-09-12,wk inc covid hosp,3,2026-10-03,39,quantile,0.99,280.0
2026-09-12,wk inc covid hosp,3,2026-10-03,40,quantile,0.01,15.0
2026-09-12,wk inc covid hosp,3,2026-10-03,40,quantile,0.025,19.0
2026-09-12,wk inc covid hosp,3,2026-10-03,40,quantile,0.05,23.0
2026-09-12,wk inc covid hosp,3,2026-10-03,40,quantile,0.1,27.0
2026-09-12,wk inc covid hosp,3,2026-10-03,40,quantile,0.15,31.0
2026-09-12,wk inc covid hosp,3,2026-10-03,40,quantile,0.2,34.0
2026-09-12,wk inc covid hosp,3,2026-10-03,40,quantile,0.25,36.0
2026-09-12,wk inc covid hosp,3,2026-10-03,40,quantile,0.3,39.0
2026-09-12,wk inc covid hosp,3,2026-10-03,40,quantile,0.35,41.0
2026-09-12,wk inc covid hosp,3,2026-10-03,40,quantile,0.4,43.0
2026-09-12,wk inc covid hosp,3,2026-10-03,40,quantile,0.45,46.0
2026-09-12,wk inc covid hosp,3,2026-10-03,40,quantile,0.5,48.0
2026-09-12,wk inc covid hosp,3,2026-10-03,40,quantile,0.55,50.0
2026-09-12,wk inc covid hosp,3,2026-10-03,40,quantile,0.6,53.0
2026-09-12,wk inc covid hosp,3,2026-10-03,40,quantile,0.65,55.0
2026-09-12,wk inc covid hosp,3,2026-10-03,40,quantile,0.7,57.0
2026-09-12,wk inc covid hosp,3,2026-10-03,40,quantile,0.75,60.0
2026-09-12,wk inc covid hosp,3,2026-10-03,40,quantile,0.8,62.0
2026-09-12,wk inc covid hosp,3,2026-10-03,40,quantile,0.85,65.0
2026-09-12,wk inc covid hosp,3,2026-10-03,40,quantile,0.9,69.0
2026-09-12,wk inc covid hosp,3,2026-10-03,40,quantile,0.95,75.0
2026-09-12,wk inc covid hosp,3,2026-10-03,40,quantile,0.975,80.0
2026-09-12,wk inc covid hosp,3,2026-10-03,40,quantile,0.99,87.0
2026-09-12,wk inc covid hosp,3,2026-10-03,41,quantile,0.01,10.0
2026-09-12,wk inc covid hosp,3,2026-10-03,41,quantile,0.025,13.0
2026-09-12,wk inc covid hosp,3,2026-10-03,41,quantile,0.05,16.0
2026-09-12,wk inc covid hosp,3,2026-10-03,41,quantile,0.1,19.0
2026-09-12,wk inc covid hosp,3,2026-10-03,41,quantile,0.15,21.0
2026-09-12,wk inc covid hosp,3,2026-10-03,41,quantile,0.2,23.0
2026-09-12,wk inc covid hosp,3,2026-10-03,41,quantile,0.25,25.0
2026-09-12,wk inc covid hosp,3,2026-10-03,41,quantile,0.3,27.0
2026-09-12,wk inc covid hosp,3,2026-10-03,41,quantile,0.35,29.0
2026-09-12,wk inc covid hosp,3,2026-10-03,41,quantile,0.4,30.0
2026-09-12,wk inc covid hosp,3,2026-10-03,41,quantile,0.45,32.0
2026-09-12,wk inc covid hosp,3,2026-10-03,41,quantile,0.5,34.0
2026-09-12,wk inc covid hosp,3,2026-10-03,41,quantile,0.55,36.0
2026-09-12,wk inc covid hosp,3,2026-10-03,41,quantile,0.6,37.0
2026-09-12,wk inc covid hosp,3,2026-10-03,41,quantile,0.65,39.0
2026-09-12,wk inc covid hosp,3,2026-10-03,41,quantile,0.7,42.0
2026-09-12,wk inc covid hosp,3,2026-10-03,41,quantile,0.75,44.0
2026-09-12,wk inc covid hosp,3,2026-10-03,41,quantile,0.8,47.0
2026-09-12,wk inc covid hosp,3,2026-10-03,41,quantile,0.85,50.0
2026-09-12,wk inc covid hosp,3,2026-10-03,41,quantile,0.9,54.0
2026-09-12,wk inc covid hosp,3,2026-10-03,41,quantile,0.95,61.0
2026-09-12,wk inc covid hosp,3,2026-10-03,41,quantile,0.975,68.0
2026-09-12,wk inc covid hosp,3,2026-10-03,41,quantile,0.99,76.0
2026-09-12,wk inc covid hosp,3,2026-10-03,42,quantile,0.01,52.0
2026-09-12,wk inc covid hosp,3,2026-10-03,42,quantile,0.025,63.0
2026-09-12,wk inc covid hosp,3,2026-10-03,42,quantile,0.05,73.0
2026-09-12,wk inc covid hosp,3,2026-10-03,42,quantile,0.1,87.0
2026-09-12,wk inc covid hosp,3,2026-10-03,42,quantile,0.15,97.0
2026-09-12,wk inc covid hosp,3,2026-10-03,42,quantile,0.2,105.0
2026-09-12,wk inc covid hosp,3,2026-10-03,42,quantile,0.25,113.0
2026-09-12,wk inc covid hosp,3,2026-10-03,42,quantile,0.3,120.0
2026-09-12,wk inc covid hosp,3,2026-10-03,42,quantile,0.35,127.0
2026-09-12,wk inc covid hosp,3,2026-10-03,42,quantile,0.4,133.0
2026-09-12,wk inc covid hosp,3,2026-10-03,42,quantile,0.45,140.0
2026-09-12,wk inc covid hosp,3,2026-10-03,42,quantile,0.5,147.0
2026-09-12,wk inc covid hosp,3,2026-10-03,42,quantile,0.55,154.0
2026-09-12,wk inc covid hosp,3,2026-10-03,42,quantile,0.6,161.0
2026-09-12,wk inc covid hosp,3,2026-10-03,42,quantile,0.65,169.0
2026-09-12,wk inc covid hosp,3,2026-10-03,42,quantile,0.7,178.0
2026-09-12,wk inc covid hosp,3,2026-10-03,42,quantile,0.75,187.0
2026-09-12,wk inc covid hosp,3,2026-10-03,42,quantile,0.8,198.0
2026-09-12,wk inc covid hosp,3,2026-10-03,42,quantile,0.85,212.0
2026-09-12,wk inc covid hosp,3,2026-10-03,42,quantile,0.9,229.0
2026-09-12,wk inc covid hosp,3,2026-10-03,42,quantile,0.95,257.0
2026-09-12,wk inc covid hosp,3,2026-10-03,42,quantile,0.975,283.0
2026-09-12,wk inc covid hosp,3,2026-10-03,42,quantile,0.99,315.0
2026-09-12,wk inc covid hosp,3,2026-10-03,44,quantile,0.01,2.0
2026-09-12,wk inc covid hosp,3,2026-10-03,44,quantile,0.025,3.0
2026-09-12,wk inc covid hosp,3,2026-10-03,44,quantile,0.05,4.0
2026-09-12,wk inc covid hosp,3,2026-10-03,44,quantile,0.1,6.0
2026-09-12,wk inc covid hosp,3,2026-10-03,44,quantile,0.15,7.0
2026-09-12,wk inc covid hosp,3,2026-10-03,44,quantile,0.2,8.0
2026-09-12,wk inc covid hosp,3,2026-10-03,44,quantile,0.25,8.0
2026-09-12,wk inc covid hosp,3,2026-10-03,44,quantile,0.3,9.0
2026-09-12,wk inc covid hosp,3,2026-10-03,44,quantile,0.35,10.0
2026-09-12,wk inc covid hosp,3,2026-10-03,44,quantile,0.4,10.0
2026-09-12,wk inc covid hosp,3,2026-10-03,44,quantile,0.45,11.0
2026-09-12,wk inc covid hosp,3,2026-10-03,44,quantile,0.5,12.0
2026-09-12,wk inc covid hosp,3,2026-10-03,44,quantile,0.55,12.0
2026-09-12,wk inc covid hosp,3,2026-10-03,44,quantile,0.6,13.0
2026-09-12,wk inc covid hosp,3,2026-10-03,44,quantile,0.65,14.0
2026-09-12,wk inc covid hosp,3,2026-10-03,44,quantile,0.7,15.0
2026-09-12,wk inc covid hosp,3,2026-10-03,44,quantile,0.75,16.0
2026-09-12,wk inc covid hosp,3,2026-10-03,44,quantile,0.8,17.0
2026-09-12,wk inc covid hosp,3,2026-10-03,44,quantile,0.85,18.0
2026-09-12,wk inc covid hosp,3,2026-10-03,44,quantile,0.9,20.0
2026-09-12,wk inc covid hosp,3,2026-10-03,44,quantile,0.95,23.0
2026-09-12,wk inc covid hosp,3,2026-10-03,44,quantile,0.975,25.0
2026-09-12,wk inc covid hosp,3,2026-10-03,44,quantile,0.99,29.0
2026-09-12,wk inc covid hosp,3,2026-10-03,45,quantile,0.01,27.0
2026-09-12,wk inc covid hosp,3,2026-10-03,45,quantile,0.025,33.0
2026-09-12,wk inc covid hosp,3,2026-10-03,45,quantile,0.05,39.0
2026-09-12,wk inc covid hosp,3,2026-10-03,45,quantile,0.1,46.0
2026-09-12,wk inc covid hosp,3,2026-10-03,45,quantile,0.15,51.0
2026-09-12,wk inc covid hosp,3,2026-10-03,45,quantile,0.2,56.0
2026-09-12,wk inc covid hosp,3,2026-10-03,45,quantile,0.25,60.0
2026-09-12,wk inc covid hosp,3,2026-10-03,45,quantile,0.3,64.0
2026-09-12,wk inc covid hosp,3,2026-10-03,45,quantile,0.35,68.0
2026-09-12,wk inc covid hosp,3,2026-10-03,45,quantile,0.4,72.0
2026-09-12,wk inc covid hosp,3,2026-10-03,45,quantile,0.45,75.0
2026-09-12,wk inc covid hosp,3,2026-10-03,45,quantile,0.5,79.0
2026-09-12,wk inc covid hosp,3,2026-10-03,45,quantile,0.55,83.0
2026-09-12,wk inc covid hosp,3,2026-10-03,45,quantile,0.6,87.0
2026-09-12,wk inc covid hosp,3,2026-10-03,45,quantile,0.65,91.0
2026-09-12,wk inc covid hosp,3,2026-10-03,45,quantile,0.7,96.0
2026-09-12,wk inc covid hosp,3,2026-10-03,45,quantile,0.75,101.0
2026-09-12,wk inc covid hosp,3,2026-10-03,45,quantile,0.8,107.0
2026-09-12,wk inc covid hosp,3,2026-10-03,45,quantile,0.85,115.0
2026-09-12,wk inc covid hosp,3,2026-10-03,45,quantile,0.9,124.0
2026-09-12,wk inc covid hosp,3,2026-10-03,45,quantile,0.95,139.0
2026-09-12,wk inc covid hosp,3,2026-10-03,45,quantile,0.975,154.0
2026-09-12,wk inc covid hosp,3,2026-10-03,45,quantile,0.99,171.0
2026-09-12,wk inc covid hosp,3,2026-10-03,46,quantile,0.01,1.0
2026-09-12,wk inc covid hosp,3,2026-10-03,46,quantile,0.025,2.0
2026-09-12,wk inc covid hosp,3,2026-10-03,46,quantile,0.05,3.0
2026-09-12,wk inc covid hosp,3,2026-10-03,46,quantile,0.1,4.0
2026-09-12,wk inc covid hosp,3,2026-10-03,46,quantile,0.15,4.0
2026-09-12,wk inc covid hosp,3,2026-10-03,46,quantile,0.2,5.0
2026-09-12,wk inc covid hosp,3,2026-10-03,46,quantile,0.25,6.0
2026-09-12,wk inc covid hosp,3,2026-10-03,46,quantile,0.3,6.0
2026-09-12,wk inc covid hosp,3,2026-10-03,46,quantile,0.35,7.0
2026-09-12,wk inc covid hosp,3,2026-10-03,46,quantile,0.4,7.0
2026-09-12,wk inc covid hosp,3,2026-10-03,46,quantile,0.45,8.0
2026-09-12,wk inc covid hosp,3,2026-10-03,46,quantile,0.5,8.0
2026-09-12,wk inc covid hosp,3,2026-10-03,46,quantile,0.55,9.0
2026-09-12,wk inc covid hosp,3,2026-10-03,46,quantile,0.6,9.0
2026-09-12,wk inc covid hosp,3,2026-10-03,46,quantile,0.65,10.0
2026-09-12,wk inc covid hosp,3,2026-10-03,46,quantile,0.7,10.0
2026-09-12,wk inc covid hosp,3,2026-10-03,46,quantile,0.75,11.0
2026-09-12,wk inc covid hosp,3,2026-10-03,46,quantile,0.8,12.0
2026-09-12,wk inc covid hosp,3,2026-10-03,46,quantile,0.85,13.0
2026-09-12,wk inc covid hosp,3,2026-10-03,46,quantile,0.9,14.0
2026-09-12,wk inc covid hosp,3,2026-10-03,46,quantile,0.95,16.0
2026-09-12,wk inc covid hosp,3,2026-10-03,46,quantile,0.975,18.0
2026-09-12,wk inc covid hosp,3,2026-10-03,46,quantile,0.99,21.0
2026-09-12,wk inc covid hosp,3,2026-10-03,47,quantile,0.01,32.0
2026-09-12,wk inc covid hosp,3,2026-10-03,47,quantile,0.025,39.0
2026-09-12,wk inc covid hosp,3,2026-10-03,47,quantile,0.05,46.0
2026-09-12,wk inc covid hosp,3,2026-10-03,47,quantile,0.1,55.0
2026-09-12,wk inc covid hosp,3,2026-10-03,47,quantile,0.15,61.0
2026-09-12,wk inc covid hosp,3,2026-10-03,47,quantile,0.2,67.0
2026-09-12,wk inc covid hosp,3,2026-10-03,47,quantile,0.25,72.0
2026-09-12,wk inc covid hosp,3,2026-10-03,47,quantile,0.3,76.0
2026-09-12,wk inc covid hosp,3,2026-10-03,47,quantile,0.35,81.0
2026-09-12,wk inc covid hosp,3,2026-10-03,47,quantile,0.4,85.0
2026-09-12,wk inc covid hosp,3,2026-10-03,47,quantile,0.45,89.0
2026-09-12,wk inc covid hosp,3,2026-10-03,47,quantile,0.5,92.0
2026-09-12,wk inc covid hosp,3,2026-10-03,47,quantile,0.55,95.0
2026-09-12,wk inc covid hosp,3,2026-10-03,47,quantile,0.6,98.0
2026-09-12,wk inc covid hosp,3,2026-10-03,47,quantile,0.65,101.0
2026-09-12,wk inc covid hosp,3,2026-10-03,47,quantile,0.7,104.0
2026-09-12,wk inc covid hosp,3,2026-10-03,47,quantile,0.75,108.0
2026-09-12,wk inc covid hosp,3,2026-10-03,47,quantile,0.8,112.0
2026-09-12,wk inc covid hosp,3,2026-10-03,47,quantile,0.85,117.0
2026-09-12,wk inc covid hosp,3,2026-10-03,47,quantile,0.9,124.0
2026-09-12,wk inc covid hosp,3,2026-10-03,47,quantile,0.95,134.0
2026-09-12,wk inc covid hosp,3,2026-10-03,47,quantile,0.975,143.0
2026-09-12,wk inc covid hosp,3,2026-10-03,47,quantile,0.99,154.0
2026-09-12,wk inc covid hosp,3,2026-10-03,48,quantile,0.01,208.0
2026-09-12,wk inc covid hosp,3,2026-10-03,48,quantile,0.025,230.0
2026-09-12,wk inc covid hosp,3,2026-10-03,48,quantile,0.05,250.0
2026-09-12,wk inc covid hosp,3,2026-10-03,48,quantile,0.1,274.0
2026-09-12,wk inc covid hosp,3,2026-10-03,48,quantile,0.15,291.0
2026-09-12,wk inc covid hosp,3,2026-10-03,48,quantile,0.2,306.0
2026-09-12,wk inc covid hosp,3,2026-10-03,48,quantile,0.25,318.0
2026-09-12,wk inc covid hosp,3,2026-10-03,48,quantile,0.3,330.0
2026-09-12,wk inc covid hosp,3,2026-10-03,48,quantile,0.35,341.0
2026-09-12,wk inc covid hosp,3,2026-10-03,48,quantile,0.4,352.0
2026-09-12,wk inc covid hosp,3,2026-10-03,48,quantile,0.45,362.0
2026-09-12,wk inc covid hosp,3,2026-10-03,48,quantile,0.5,373.0
2026-09-12,wk inc covid hosp,3,2026-10-03,48,quantile,0.55,383.0
2026-09-12,wk inc covid hosp,3,2026-10-03,48,quantile,0.6,395.0
2026-09-12,wk inc covid hosp,3,2026-10-03,48,quantile,0.65,406.0
2026-09-12,wk inc covid hosp,3,2026-10-03,48,quantile,0.7,419.0
2026-09-12,wk inc covid hosp,3,2026-10-03,48,quantile,0.75,433.0
2026-09-12,wk inc covid hosp,3,2026-10-03,48,quantile,0.8,449.0
2026-09-12,wk inc covid hosp,3,2026-10-03,48,quantile,0.85,468.0
2026-09-12,wk inc covid hosp,3,2026-10-03,48,quantile,0.9,492.0
2026-09-12,wk inc covid hosp,3,2026-10-03,48,quantile,0.95,530.0
2026-09-12,wk inc covid hosp,3,2026-10-03,48,quantile,0.975,570.0
2026-09-12,wk inc covid hosp,3,2026-10-03,48,quantile,0.99,640.0
2026-09-12,wk inc covid hosp,3,2026-10-03,49,quantile,0.01,0.0
2026-09-12,wk inc covid hosp,3,2026-10-03,49,quantile,0.025,1.0
2026-09-12,wk inc covid hosp,3,2026-10-03,49,quantile,0.05,1.0
2026-09-12,wk inc covid hosp,3,2026-10-03,49,quantile,0.1,2.0
2026-09-12,wk inc covid hosp,3,2026-10-03,49,quantile,0.15,3.0
2026-09-12,wk inc covid hosp,3,2026-10-03,49,quantile,0.2,3.0
2026-09-12,wk inc covid hosp,3,2026-10-03,49,quantile,0.25,4.0
2026-09-12,wk inc covid hosp,3,2026-10-03,49,quantile,0.3,4.0
2026-09-12,wk inc covid hosp,3,2026-10-03,49,quantile,0.35,4.0
2026-09-12,wk inc covid hosp,3,2026-10-03,49,quantile,0.4,5.0
2026-09-12,wk inc covid hosp,3,2026-10-03,49,quantile,0.45,5.0
2026-09-12,wk inc covid hosp,3,2026-10-03,49,quantile,0.5,6.0
2026-09-12,wk inc covid hosp,3,2026-10-03,49,quantile,0.55,6.0
2026-09-12,wk inc covid hosp,3,2026-10-03,49,quantile,0.6,7.0
2026-09-12,wk inc covid hosp,3,2026-10-03,49,quantile,0.65,7.0
2026-09-12,wk inc covid hosp,3,2026-10-03,49,quantile,0.7,8.0
2026-09-12,wk inc covid hosp,3,2026-10-03,49,quantile,0.75,8.0
2026-09-12,wk inc covid hosp,3,2026-10-03,49,quantile,0.8,9.0
2026-09-12,wk inc covid hosp,3,2026-10-03,49,quantile,0.85,10.0
2026-09-12,wk inc covid hosp,3,2026-10-03,49,quantile,0.9,11.0
2026-09-12,wk inc covid hosp,3,2026-10-03,49,quantile,0.95,13.0
2026-09-12,wk inc covid hosp,3,2026-10-03,49,quantile,0.975,14.0
2026-09-12,wk inc covid hosp,3,2026-10-03,49,quantile,0.99,17.0
2026-09-12,wk inc covid hosp,3,2026-10-03,50,quantile,0.01,1.0
2026-09-12,wk inc covid hosp,3,2026-10-03,50,quantile,0.025,2.0
2026-09-12,wk inc covid hosp,3,2026-10-03,50,quantile,0.05,3.0
2026-09-12,wk inc covid hosp,3,2026-10-03,50,quantile,0.1,4.0
2026-09-12,wk inc covid hosp,3,2026-10-03,50,quantile,0.15,5.0
2026-09-12,wk inc covid hosp,3,2026-10-03,50,quantile,0.2,6.0
2026-09-12,wk inc covid hosp,3,2026-10-03,50,quantile,0.25,6.0
2026-09-12,wk inc covid hosp,3,2026-10-03,50,quantile,0.3,7.0
2026-09-12,wk inc covid hosp,3,2026-10-03,50,quantile,0.35,7.0
2026-09-12,wk inc covid hosp,3,2026-10-03,50,quantile,0.4,8.0
2026-09-12,wk inc covid hosp,3,2026-10-03,50,quantile,0.45,8.0
2026-09-12,wk inc covid hosp,3,2026-10-03,50,quantile,0.5,9.0
2026-09-12,wk inc covid hosp,3,2026-10-03,50,quantile,0.55,10.0
2026-09-12,wk inc covid hosp,3,2026-10-03,50,quantile,0.6,10.0
2026-09-12,wk inc covid hosp,3,2026-10-03,50,quantile,0.65,11.0
2026-09-12,wk inc covid hosp,3,2026-10-03,50,quantile,0.7,12.0
2026-09-12,wk inc covid hosp,3,2026-10-03,50,quantile,0.75,12.0
2026-09-12,wk inc covid hosp,3,2026-10-03,50,quantile,0.8,13.0
2026-09-12,wk inc covid hosp,3,2026-10-03,50,quantile,0.85,14.0
2026-09-12,wk inc covid hosp,3,2026-10-03,50,quantile,0.9,16.0
2026-09-12,wk inc covid hosp,3,2026-10-03,50,quantile,0.95,18.0
2026-09-12,wk inc covid hosp,3,2026-10-03,50,quantile,0.975,19.0
2026-09-12,wk inc covid hosp,3,2026-10-03,50,quantile,0.99,21.0
2026-09-12,wk inc covid hosp,3,2026-10-03,51,quantile,0.01,12.0
2026-09-12,wk inc covid hosp,3,2026-10-03,51,quantile,0.025,16.0
2026-09-12,wk inc covid hosp,3,2026-10-03,51,quantile,0.05,19.0
2026-09-12,wk inc covid hosp,3,2026-10-03,51,quantile,0.1,22.0
2026-09-12,wk inc covid hosp,3,2026-10-03,51,quantile,0.15,25.0
2026-09-12,wk inc covid hosp,3,2026-10-03,51,quantile,0.2,28.0
2026-09-12,wk inc covid hosp,3,2026-10-03,51,quantile,0.25,30.0
2026-09-12,wk inc covid hosp,3,2026-10-03,51,quantile,0.3,32.0
2026-09-12,wk inc covid hosp,3,2026-10-03,51,quantile,0.35,34.0
2026-09-12,wk inc covid hosp,3,2026-10-03,51,quantile,0.4,36.0
2026-09-12,wk inc covid hosp,3,2026-10-03,51,quantile,0.45,38.0
2026-09-12,wk inc covid hosp,3,2026-10-03,51,quantile,0.5,40.0
2026-09-12,wk inc covid hosp,3,2026-10-03,51,quantile,0.55,42.0
2026-09-12,wk inc covid hosp,3,2026-10-03,51,quantile,0.6,44.0
2026-09-12,wk inc covid hosp,3,2026-10-03,51,quantile,0.65,46.0
2026-09-12,wk inc covid hosp,3,2026-10-03,51,quantile,0.7,49.0
2026-09-12,wk inc covid hosp,3,2026-10-03,51,quantile,0.75,51.0
2026-09-12,wk inc covid hosp,3,2026-10-03,51,quantile,0.8,55.0
2026-09-12,wk inc covid hosp,3,2026-10-03,51,quantile,0.85,58.0
2026-09-12,wk inc covid hosp,3,2026-10-03,51,quantile,0.9,63.0
2026-09-12,wk inc covid hosp,3,2026-10-03,51,quantile,0.95,71.0
2026-09-12,wk inc covid hosp,3,2026-10-03,51,quantile,0.975,79.0
2026-09-12,wk inc covid hosp,3,2026-10-03,51,quantile,0.99,88.0
2026-09-12,wk inc covid hosp,3,2026-10-03,53,quantile,0.01,15.0
2026-09-12,wk inc covid hosp,3,2026-10-03,53,quantile,0.025,19.0
2026-09-12,wk inc covid hosp,3,2026-10-03,53,quantile,0.05,22.0
2026-09-12,wk inc covid hosp,3,2026-10-03,53,quantile,0.1,26.0
2026-09-12,wk inc covid hosp,3,2026-10-03,53,quantile,0.15,30.0
2026-09-12,wk inc covid hosp,3,2026-10-03,53,quantile,0.2,33.0
2026-09-12,wk inc covid hosp,3,2026-10-03,53,quantile,0.25,35.0
2026-09-12,wk inc covid hosp,3,2026-10-03,53,quantile,0.3,37.0
2026-09-12,wk inc covid hosp,3,2026-10-03,53,quantile,0.35,40.0
2026-09-12,wk inc covid hosp,3,2026-10-03,53,quantile,0.4,42.0
2026-09-12,wk inc covid hosp,3,2026-10-03,53,quantile,0.45,44.0
2026-09-12,wk inc covid hosp,3,2026-10-03,53,quantile,0.5,47.0
2026-09-12,wk inc covid hosp,3,2026-10-03,53,quantile,0.55,49.0
2026-09-12,wk inc covid hosp,3,2026-10-03,53,quantile,0.6,51.0
2026-09-12,wk inc covid hosp,3,2026-10-03,53,quantile,0.65,54.0
2026-09-12,wk inc covid hosp,3,2026-10-03,53,quantile,0.7,57.0
2026-09-12,wk inc covid hosp,3,2026-10-03,53,quantile,0.75,60.0
2026-09-12,wk inc covid hosp,3,2026-10-03,53,quantile,0.8,64.0
2026-09-12,wk inc covid hosp,3,2026-10-03,53,quantile,0.85,68.0
2026-09-12,wk inc covid hosp,3,2026-10-03,53,quantile,0.9,74.0
2026-09-12,wk inc covid hosp,3,2026-10-03,53,quantile,0.95,83.0
2026-09-12,wk inc covid hosp,3,2026-10-03,53,quantile,0.975,92.0
2026-09-12,wk inc covid hosp,3,2026-10-03,53,quantile,0.99,102.0
2026-09-12,wk inc covid hosp,3,2026-10-03,54,quantile,0.01,2.0
2026-09-12,wk inc covid hosp,3,2026-10-03,54,quantile,0.025,3.0
2026-09-12,wk inc covid hosp,3,2026-10-03,54,quantile,0.05,4.0
2026-09-12,wk inc covid hosp,3,2026-10-03,54,quantile,0.1,6.0
2026-09-12,wk inc covid hosp,3,2026-10-03,54,quantile,0.15,7.0
2026-09-12,wk inc covid hosp,3,2026-10-03,54,quantile,0.2,7.0
2026-09-12,wk inc covid hosp,3,2026-10-03,54,quantile,0.25,8.0
2026-09-12,wk inc covid hosp,3,2026-10-03,54,quantile,0.3,9.0
2026-09-12,wk inc covid hosp,3,2026-10-03,54,quantile,0.35,9.0
2026-09-12,wk inc covid hosp,3,2026-10-03,54,quantile,0.4,10.0
2026-09-12,wk inc covid hosp,3,2026-10-03,54,quantile,0.45,11.0
2026-09-12,wk inc covid hosp,3,2026-10-03,54,quantile,0.5,11.0
2026-09-12,wk inc covid hosp,3,2026-10-03,54,quantile,0.55,12.0
2026-09-12,wk inc covid hosp,3,2026-10-03,54,quantile,0.6,13.0
2026-09-12,wk inc covid hosp,3,2026-10-03,54,quantile,0.65,14.0
2026-09-12,wk inc covid hosp,3,2026-10-03,54,quantile,0.7,15.0
2026-09-12,wk inc covid hosp,3,2026-10-03,54,quantile,0.75,15.0
2026-09-12,wk inc covid hosp,3,2026-10-03,54,quantile,0.8,17.0
2026-09-12,wk inc covid hosp,3,2026-10-03,54,quantile,0.85,18.0
2026-09-12,wk inc covid hosp,3,2026-10-03,54,quantile,0.9,20.0
2026-09-12,wk inc covid hosp,3,2026-10-03,54,quantile,0.95,22.0
2026-09-12,wk inc covid hosp,3,2026-10-03,54,quantile,0.975,25.0
2026-09-12,wk inc covid hosp,3,2026-10-03,54,quantile,0.99,28.0
2026-09-12,wk inc covid hosp,3,2026-10-03,55,quantile,0.01,14.0
2026-09-12,wk inc covid hosp,3,2026-10-03,55,quantile,0.025,17.0
2026-09-12,wk inc covid hosp,3,2026-10-03,55,quantile,0.05,20.0
2026-09-12,wk inc covid hosp,3,2026-10-03,55,quantile,0.1,24.0
2026-09-12,wk inc covid hosp,3,2026-10-03,55,quantile,0.15,27.0
2026-09-12,wk inc covid hosp,3,2026-10-03,55,quantile,0.2,30.0
2026-09-12,wk inc covid hosp,3,2026-10-03,55,quantile,0.25,32.0
2026-09-12,wk inc covid hosp,3,2026-10-03,55,quantile,0.3,35.0
2026-09-12,wk inc covid hosp,3,2026-10-03,55,quantile,0.35,37.0
2026-09-12,wk inc covid hosp,3,2026-10-03,55,quantile,0.4,39.0
2026-09-12,wk inc covid hosp,3,2026-10-03,55,quantile,0.45,41.0
2026-09-12,wk inc covid hosp,3,2026-10-03,55,quantile,0.5,43.0
2026-09-12,wk inc covid hosp,3,2026-10-03,55,quantile,0.55,45.0
2026-09-12,wk inc covid hosp,3,2026-10-03,55,quantile,0.6,48.0
2026-09-12,wk inc covid hosp,3,2026-10-03,55,quantile,0.65,50.0
2026-09-12,wk inc covid hosp,3,2026-10-03,55,quantile,0.7,53.0
2026-09-12,wk inc covid hosp,3,2026-10-03,55,quantile,0.75,56.0
2026-09-12,wk inc covid hosp,3,2026-10-03,55,quantile,0.8,59.0
2026-09-12,wk inc covid hosp,3,2026-10-03,55,quantile,0.85,63.0
2026-09-12,wk inc covid hosp,3,2026-10-03,55,quantile,0.9,69.0
2026-09-12,wk inc covid hosp,3,2026-10-03,55,quantile,0.95,77.0
2026-09-12,wk inc covid hosp,3,2026-10-03,55,quantile,0.975,85.0
2026-09-12,wk inc covid hosp,3,2026-10-03,55,quantile,0.99,95.0
2026-09-12,wk inc covid hosp,3,2026-10-03,56,quantile,0.01,0.0
2026-09-12,wk inc covid hosp,3,2026-10-03,56,quantile,0.025,0.0
2026-09-12,wk inc covid hosp,3,2026-10-03,56,quantile,0.05,0.0
2026-09-12,wk inc covid hosp,3,2026-10-03,56,quantile,0.1,0.0
2026-09-12,wk inc covid hosp,3,2026-10-03,56,quantile,0.15,0.0
2026-09-12,wk inc covid hosp,3,2026-10-03,56,quantile,0.2,0.0
2026-09-12,wk inc covid hosp,3,2026-10-03,56,quantile,0.25,1.0
2026-09-12,wk inc covid hosp,3,2026-10-03,56,quantile,0.3,1.0
2026-09-12,wk inc covid hosp,3,2026-10-03,56,quantile,0.35,1.0
2026-09-12,wk inc covid hosp,3,2026-10-03,56,quantile,0.4,1.0
2026-09-12,wk inc covid hosp,3,2026-10-03,56,quantile,0.45,1.0
2026-09-12,wk inc covid hosp,3,2026-10-03,56,quantile,0.5,2.0
2026-09-12,wk inc covid hosp,3,2026-10-03,56,quantile,0.55,2.0
2026-09-12,wk inc covid hosp,3,2026-10-03,56,quantile,0.6,2.0
2026-09-12,wk inc covid hosp,3,2026-10-03,56,quantile,0.65,2.0
2026-09-12,wk inc covid hosp,3,2026-10-03,56,quantile,0.7,3.0
2026-09-12,wk inc covid hosp,3,2026-10-03,56,quantile,0.75,3.0
2026-09-12,wk inc covid hosp,3,2026-10-03,56,quantile,0.8,3.0
2026-09-12,wk inc covid hosp,3,2026-10-03,56,quantile,0.85,4.0
2026-09-12,wk inc covid hosp,3,2026-10-03,56,quantile,0.9,4.0
2026-09-12,wk inc covid hosp,3,2026-10-03,56,quantile,0.95,5.0
2026-09-12,wk inc covid hosp,3,2026-10-03,56,quantile,0.975,6.0
2026-09-12,wk inc covid hosp,3,2026-10-03,56,quantile,0.99,7.0
2026-09-12,wk inc covid hosp,3,2026-10-03,72,quantile,0.01,6.0
2026-09-12,wk inc covid hosp,3,2026-10-03,72,quantile,0.025,9.0
2026-09-12,wk inc covid hosp,3,2026-10-03,72,quantile,0.05,12.0
2026-09-12,wk inc covid hosp,3,2026-10-03,72,quantile,0.1,17.0
2026-09-12,wk inc covid hosp,3,2026-10-03,72,quantile,0.15,20.0
2026-09-12,wk inc covid hosp,3,2026-10-03,72,quantile,0.2,24.0
2026-09-12,wk inc covid hosp,3,2026-10-03,72,quantile,0.25,27.0
2026-09-12,wk inc covid hosp,3,2026-10-03,72,quantile,0.3,29.0
2026-09-12,wk inc covid hosp,3,2026-10-03,72,quantile,0.35,32.0
2026-09-12,wk inc covid hosp,3,2026-10-03,72,quantile,0.4,35.0
2026-09-12,wk inc covid hosp,3,2026-10-03,72,quantile,0.45,38.0
2026-09-12,wk inc covid hosp,3,2026-10-03,72,quantile,0.5,41.0
2026-09-12,wk inc covid hosp,3,2026-10-03,72,quantile,0.55,44.0
2026-09-12,wk inc covid hosp,3,2026-10-03,72,quantile,0.6,48.0
2026-09-12,wk inc covid hosp,3,2026-10-03,72,quantile,0.65,51.0
2026-09-12,wk inc covid hosp,3,2026-10-03,72,quantile,0.7,55.0
2026-09-12,wk inc covid hosp,3,2026-10-03,72,quantile,0.75,60.0
2026-09-12,wk inc covid hosp,3,2026-10-03,72,quantile,0.8,65.0
2026-09-12,wk inc covid hosp,3,2026-10-03,72,quantile,0.85,72.0
2026-09-12,wk inc covid hosp,3,2026-10-03,72,quantile,0.9,81.0
2026-09-12,wk inc covid hosp,3,2026-10-03,72,quantile,0.95,95.0
2026-09-12,wk inc covid hosp,3,2026-10-03,72,quantile,0.975,109.0
2026-09-12,wk inc covid hosp,3,2026-10-03,72,quantile,0.99,126.0
