reference_date,target,horizon,target_end_date,location,output_type,output_type_id,value
2026-10-10,wk inc covid hosp,0,2026-10-10,01,quantile,0.01,37.0
2026-10-10,wk inc covid hosp,0,2026-10-10,01,quantile,0.025,41.0
2026-10-10,wk inc covid hosp,0,2026-10-10,01,quantile,0.05,45.0
2026-10-10,wk inc covid hosp,0,2026-10-10,01,quantile,0.1,49.0
2026-10-10,wk inc covid hosp,0,2026-10-10,01,quantile,0.15,52.0
2026-10-10,wk inc covid hosp,0,2026-10-10,01,quantile,0.2,55.0
2026-10-10,wk inc covid hosp,0,2026-10-10,01,quantile,0.25,57.0
2026-10-10,wk inc covid hosp,0,2026-10-10,01,quantile,0.3,59.0
2026-10-10,wk inc covid hosp,0,2026-10-10,01,quantile,0.35,61.0
2026-10-10,wk inc covid hosp,0,2026-10-10,01,quantile,0.4,63.0
2026-10-10,wk inc covid hosp,0,2026-10-10,01,quantile,0.45,65.0
2026-10-10,wk inc covid hosp,0,2026-10-10,01,quantile,0.5,67.0
2026-10-10,wk inc covid hosp,0,2026-10-10,01,quantile,0.55,68.0
2026-10-10,wk inc covid hosp,0,2026-10-10,01,quantile,0.6,70.0
2026-10-10,wk inc covid hosp,0,2026-10-10,01,quantile,0.65,72.0
2026-10-10,wk inc covid hosp,0,2026-10-10,01,quantile,0.7,74.0
2026-10-10,wk inc covid hosp,0,2026-10-10,01,quantile,0.75,77.0
2026-10-10,wk inc covid hosp,0,2026-10-10,01,quantile,0.8,80.0
2026-10-10,wk inc covid hosp,0,2026-10-10,01,quantile,0.85,83.0
2026-10-10,wk inc covid hosp,0,2026-10-10,01,quantile,0.9,87.0
2026-10-10,wk inc covid hosp,0,2026-10-10,01,quantile,0.95,93.0
2026-10-10,wk inc covid hosp,0,2026-10-10,01,quantile,0.975,99.0
2026-10-10,wk inc covid hosp,0,2026-10-10,01,quantile,0.99,105.0
2026-10-10,wk inc covid hosp,0,2026-10-10,02,quantile,0.01,0.0
2026-10-10,wk inc covid hosp,0,2026-10-10,02,quantile,0.025,1.0
2026-10-10,wk inc covid hosp,0,2026-10-10,02,quantile,0.05,1.0
2026-10-10,wk inc covid hosp,0,2026-10-10,02,quantile,0.1,2.0
2026-10-10,wk inc covid hosp,0,2026-10-10,02,quantile,0.15,2.0
2026-10-10,wk inc covid hosp,0,2026-10-10,02,quantile,0.2,2.0
2026-10-10,wk inc covid hosp,0,2026-10-10,02,quantile,0.25,2.0
2026-10-10,wk inc covid hosp,0,2026-10-10,02,quantile,0.3,3.0
2026-10-10,wk inc covid hosp,0,2026-10-10,02,quantile,0.35,3.0
2026-10-10,wk inc covid hosp,0,2026-10-10,02,quantile,0.4,3.0
2026-10-10,wk inc covid hosp,0,2026-10-10,02,quantile,0.45,4.0
2026-10-10,wk inc covid hosp,0,2026-10-10,02,quantile,0.5,4.0
2026-10-10,wk inc covid hosp,0,2026-10-10,02,quantile,0.55,4.0
2026-10-10,wk inc covid hosp,0,2026-10-10,02,quantile,0.6,4.0
2026-10-10,wk inc covid hosp,0,2026-10-10,02,quantile,0.65,5.0
2026-10-10,wk inc covid hosp,0,2026-10-10,02,quantile,0.7,5.0
2026-10-10,wk inc covid hosp,0,2026-10-10,02,quantile,0.75,5.0
2026-10-10,wk inc covid hosp,0,2026-10-10,02,quantile,0.8,6.0
2026-10-10,wk inc covid hosp,0,2026-10-10,02,quantile,0.85,6.0
2026-10-10,wk inc covid hosp,0,2026-10-10,02,quantile,0.9,7.0
2026-10-10,wk inc covid hosp,0,2026-10-10,02,quantile,0.95,8.0
2026-10-10,wk inc covid hosp,0,2026-10-10,02,quantile,0.975,8.0
2026-10-10,wk inc covid hosp,0,2026-10-10,02,quantile,0.99,9.0
2026-10-10,wk inc covid hosp,0,2026-10-10,04,quantile,0.01,37.0
2026-10-10,wk inc covid hosp,0,2026-10-10,04,quantile,0.025,41.0
2026-10-10,wk inc covid hosp,0,2026-10-10,04,quantile,0.05,45.0
2026-10-10,wk inc covid hosp,0,2026-10-10,04,quantile,0.1,49.0
2026-10-10,wk inc covid hosp,0,2026-10-10,04,quantile,0.15,52.0
2026-10-10,wk inc covid hosp,0,2026-10-10,04,quantile,0.2,55.0
2026-10-10,wk inc covid hosp,0,2026-10-10,04,quantile,0.25,57.0
2026-10-10,wk inc covid hosp,0,2026-10-10,04,quantile,0.3,59.0
2026-10-10,wk inc covid hosp,0,2026-10-10,04,quantile,0.35,61.0
2026-10-10,wk inc covid hosp,0,2026-10-10,04,quantile,0.4,63.0
2026-10-10,wk inc covid hosp,0,2026-10-10,04,quantile,0.45,64.0
2026-10-10,wk inc covid hosp,0,2026-10-10,04,quantile,0.5,66.0
2026-10-10,wk inc covid hosp,0,2026-10-10,04,quantile,0.55,68.0
2026-10-10,wk inc covid hosp,0,2026-10-10,04,quantile,0.6,70.0
2026-10-10,wk inc covid hosp,0,2026-10-10,04,quantile,0.65,72.0
2026-10-10,wk inc covid hosp,0,2026-10-10,04,quantile,0.7,74.0
2026-10-10,wk inc covid hosp,0,2026-10-10,04,quantile,0.75,77.0
2026-10-10,wk inc covid hosp,0,2026-10-10,04,quantile,0.8,79.0
2026-10-10,wk inc covid hosp,0,2026-10-10,04,quantile,0.85,82.0
2026-10-10,wk inc covid hosp,0,2026-10-10,04,quantile,0.9,86.0
2026-10-10,wk inc covid hosp,0,2026-10-10,04,quantile,0.95,93.0
2026-10-10,wk inc covid hosp,0,2026-10-10,04,quantile,0.975,98.0
2026-10-10,wk inc covid hosp,0,2026-10-10,04,quantile,0.99,105.0
2026-10-10,wk inc covid hosp,0,2026-10-10,05,quantile,0.01,4.0
2026-10-10,wk inc covid hosp,0,2026-10-10,05,quantile,0.025,5.0
2026-10-10,wk inc covid hosp,0,2026-10-10,05,quantile,0.05,6.0
2026-10-10,wk inc covid hosp,0,2026-10-10,05,quantile,0.1,8.0
2026-10-10,wk inc covid hosp,0,2026-10-10,05,quantile,0.15,8.0
2026-10-10,wk inc covid hosp,0,2026-10-10,05,quantile,0.2,9.0
2026-10-10,wk inc covid hosp,0,2026-10-10,05,quantile,0.25,10.0
2026-10-10,wk inc covid hosp,0,2026-10-10,05,quantile,0.3,10.0
2026-10-10,wk inc covid hosp,0,2026-10-10,05,quantile,0.35,11.0
2026-10-10,wk inc covid hosp,0,2026-10-10,05,quantile,0.4,11.0
2026-10-10,wk inc covid hosp,0,2026-10-10,05,quantile,0.45,12.0
2026-10-10,wk inc covid hosp,0,2026-10-10,05,quantile,0.5,12.0
2026-10-10,wk inc covid hosp,0,2026-10-10,05,quantile,0.55,13.0
2026-10-10,wk inc covid hosp,0,2026-10-10,05,quantile,0.6,13.0
2026-10-10,wk inc covid hosp,0,2026-10-10,05,quantile,0.65,14.0
2026-10-10,wk inc covid hosp,0,2026-10-10,05,quantile,0.7,15.0
2026-10-10,wk inc covid hosp,0,2026-10-10,05,quantile,0.75,16.0
2026-10-10,wk inc covid hosp,0,2026-10-10,05,quantile,0.8,17.0
2026-10-10,wk inc covid hosp,0,2026-10-10,05,quantile,0.85,18.0
2026-10-10,wk inc covid hosp,0,2026-10-10,05,quantile,0.9,19.0
2026-10-10,wk inc covid hosp,0,2026-10-10,05,quantile,0.95,21.0
2026-10-10,wk inc covid hosp,0,2026-10-10,05,quantile,0.975,23.0
2026-10-10,wk inc covid hosp,0,2026-10-10,05,quantile,0.99,26.0
2026-10-10,wk inc covid hosp,0,2026-10-10,06,quantile,0.01,441.0
2026-10-10,wk inc covid hosp,0,2026-10-10,06,quantile,0.025,477.0
2026-10-10,wk inc covid hosp,0,2026-10-10,06,quantile,0.05,510.0
2026-10-10,wk inc covid hosp,0,2026-10-10,06,quantile,0.1,549.0
2026-10-10,wk inc covid hosp,0,2026-10-10,06,quantile,0.15,576.0
2026-10-10,wk inc covid hosp,0,2026-10-10,06,quantile,0.2,599.0
2026-10-10,wk inc covid hosp,0,2026-10-10,06,quantile,0.25,619.0
2026-10-10,wk inc covid hosp,0,2026-10-10,06,quantile,0.3,637.0
2026-10-10,wk inc covid hosp,0,2026-10-10,06,quantile,0.35,654.0
2026-10-10,wk inc covid hosp,0,2026-10-10,06,quantile,0.4,670.0
2026-10-10,wk inc covid hosp,0,2026-10-10,06,quantile,0.45,686.0
2026-10-10,wk inc covid hosp,0,2026-10-10,06,quantile,0.5,703.0
2026-10-10,wk inc covid hosp,0,2026-10-10,06,quantile,0.55,719.0
2026-10-10,wk inc covid hosp,0,2026-10-10,06,quantile,0.6,736.0
2026-10-10,wk inc covid hosp,0,2026-10-10,06,quantile,0.65,754.0
2026-10-10,wk inc covid hosp,0,2026-10-10,06,quantile,0.7,773.0
2026-10-10,wk inc covid hosp,0,2026-10-10,06,quantile,0.75,794.0
2026-10-10,wk inc covid hosp,0,2026-10-10,06,quantile,0.8,817.0
2026-10-10,wk inc covid hosp,0,2026-10-10,06,quantile,0.85,846.0
2026-10-10,wk inc covid hosp,0,2026-10-10,06,quantile,0.9,882.0
2026-10-10,wk inc covid hosp,0,2026-10-10,06,quantile,0.95,930.0
2026-10-10,wk inc covid hosp,0,2026-10-10,06,quantile,0.975,979.0
2026-10-10,wk inc covid hosp,0,2026-10-10,06,quantile,0.99,1045.0
2026-10-10,wk inc covid hosp,0,2026-10-10,08,quantile,0.01,23.0
2026-10-10,wk inc covid hosp,0,2026-10-10,08,quantile,0.025,26.0
2026-10-10,wk inc covid hosp,0,2026-10-10,08,quantile,0.05,28.0
2026-10-10,wk inc covid hosp,0,2026-10-10,08,quantile,0.1,31.0
2026-10-10,wk inc covid hosp,0,2026-10-10,08,quantile,0.15,33.0
2026-10-10,wk inc covid hosp,0,2026-10-10,08,quantile,0.2,35.0
2026-10-10,wk inc covid hosp,0,2026-10-10,08,quantile,0.25,37.0
2026-10-10,wk inc covid hosp,0,2026-10-10,08,quantile,0.3,38.0
2026-10-10,wk inc covid hosp,0,2026-10-10,08,quantile,0.35,39.0
2026-10-10,wk inc covid hosp,0,2026-10-10,08,quantile,0.4,41.0
2026-10-10,wk inc covid hosp,0,2026-10-10,08,quantile,0.45,42.0
2026-10-10,wk inc covid hosp,0,2026-10-10,08,quantile,0.5,43.0
2026-10-10,wk inc covid hosp,0,2026-10-10,08,quantile,0.55,45.0
2026-10-10,wk inc covid hosp,0,2026-10-10,08,quantile,0.6,46.0
2026-10-10,wk inc covid hosp,0,2026-10-10,08,quantile,0.65,47.0
2026-10-10,wk inc covid hosp,0,2026-10-10,08,quantile,0.7,49.0
2026-10-10,wk inc covid hosp,0,2026-10-10,08,quantile,0.75,51.0
2026-10-10,wk inc covid hosp,0,2026-10-10,08,quantile,0.8,52.0
2026-10-10,wk inc covid hosp,0,2026-10-10,08,quantile,0.85,55.0
2026-10-10,wk inc covid hosp,0,2026-10-10,08,quantile,0.9,58.0
2026-10-10,wk inc covid hosp,0,2026-10-10,08,quantile,0.95,62.0
2026-10-10,wk inc covid hosp,0,2026-10-10,08,quantile,0.975,66.0
2026-10-10,wk inc covid hosp,0,2026-10-10,08,quantile,0.99,71.0
2026-10-10,wk inc covid hosp,0,2026-10-10,09,quantile,0.01,41.0
2026-10-10,wk inc covid hosp,0,2026-10-10,09,quantile,0.025,44.0
2026-10-10,wk inc covid hosp,0,2026-10-10,09,quantile,0.05,47.0
2026-10-10,wk inc covid hosp,0,2026-10-10,09,quantile,0.1,50.0
2026-10-10,wk inc covid hosp,0,2026-10-10,09,quantile,0.15,53.0
2026-10-10,wk inc covid hosp,0,2026-10-10,09,quantile,0.2,54.0
2026-10-10,wk inc covid hosp,0,2026-10-10,09,quantile,0.25,56.0
2026-10-10,wk inc covid hosp,0,2026-10-10,09,quantile,0.3,57.0
2026-10-10,wk inc covid hosp,0,2026-10-10,09,quantile,0.35,59.0
2026-10-10,wk inc covid hosp,0,2026-10-10,09,quantile,0.4,60.0
2026-10-10,wk inc covid hosp,0,2026-10-10,09,quantile,0.45,61.0
2026-10-10,wk inc covid hosp,0,2026-10-10,09,quantile,0.5,63.0
2026-10-10,wk inc covid hosp,0,2026-10-10,09,quantile,0.55,64.0
2026-10-10,wk inc covid hosp,0,2026-10-10,09,quantile,0.6,65.0
2026-10-10,wk inc covid hosp,0,2026-10-10,09,quantile,0.65,67.0
2026-10-10,wk inc covid hosp,0,2026-10-10,09,quantile,0.7,68.0
2026-10-10,wk inc covid hosp,0,2026-10-10,09,quantile,0.75,70.0
2026-10-10,wk inc covid hosp,0,2026-10-10,09,quantile,0.8,71.0
2026-10-10,wk inc covid hosp,0,2026-10-10,09,quantile,0.85,74.0
2026-10-10,wk inc covid hosp,0,2026-10-10,09,quantile,0.9,76.0
2026-10-10,wk inc covid hosp,0,2026-10-10,09,quantile,0.95,80.0
2026-10-10,wk inc covid hosp,0,2026-10-10,09,quantile,0.975,84.0
2026-10-10,wk inc covid hosp,0,2026-10-10,09,quantile,0.99,88.0
2026-10-10,wk inc covid hosp,0,2026-10-10,10,quantile,0.01,2.0
2026-10-10,wk inc covid hosp,0,2026-10-10,10,quantile,0.025,3.0
2026-10-10,wk inc covid hosp,0,2026-10-10,10,quantile,0.05,4.0
2026-10-10,wk inc covid hosp,0,2026-10-10,10,quantile,0.1,5.0
2026-10-10,wk inc covid hosp,0,2026-10-10,10,quantile,0.15,6.0
2026-10-10,wk inc covid hosp,0,2026-10-10,10,quantile,0.2,6.0
2026-10-10,wk inc covid hosp,0,2026-10-10,10,quantile,0.25,7.0
2026-10-10,wk inc covid hosp,0,2026-10-10,10,quantile,0.3,7.0
2026-10-10,wk inc covid hosp,0,2026-10-10,10,quantile,0.35,8.0
2026-10-10,wk inc covid hosp,0,2026-10-10,10,quantile,0.4,8.0
2026-10-10,wk inc covid hosp,0,2026-10-10,10,quantile,0.45,9.0
2026-10-10,wk inc covid hosp,0,2026-10-10,10,quantile,0.5,9.0
2026-10-10,wk inc covid hosp,0,2026-10-10,10,quantile,0.55,9.0
2026-10-10,wk inc covid hosp,0,2026-10-10,10,quantile,0.6,10.0
2026-10-10,wk inc covid hosp,0,2026-10-10,10,quantile,0.65,10.0
2026-10-10,wk inc covid hosp,0,2026-10-10,10,quantile,0.7,11.0
2026-10-10,wk inc covid hosp,0,2026-10-10,10,quantile,0.75,11.0
2026-10-10,wk inc covid hosp,0,2026-10-10,10,quantile,0.8,12.0
2026-10-10,wk inc covid hosp,0,2026-10-10,10,quantile,0.85,13.0
2026-10-10,wk inc covid hosp,0,2026-10-10,10,quantile,0.9,14.0
2026-10-10,wk inc covid hosp,0,2026-10-10,10,quantile,0.95,15.0
2026-10-10,wk inc covid hosp,0,2026-10-10,10,quantile,0.975,17.0
2026-10-10,wk inc covid hosp,0,2026-10-10,10,quantile,0.99,18.0
2026-10-10,wk inc covid hosp,0,2026-10-10,11,quantile,0.01,3.0
2026-10-10,wk inc covid hosp,0,2026-10-10,11,quantile,0.025,4.0
2026-10-10,wk inc covid hosp,0,2026-10-10,11,quantile,0.05,4.0
2026-10-10,wk inc covid hosp,0,2026-10-10,11,quantile,0.1,5.0
2026-10-10,wk inc covid hosp,0,2026-10-10,11,quantile,0.15,6.0
2026-10-10,wk inc covid hosp,0,2026-10-10,11,quantile,0.2,6.0
2026-10-10,wk inc covid hosp,0,2026-10-10,11,quantile,0.25,7.0
2026-10-10,wk inc covid hosp,0,2026-10-10,11,quantile,0.3,7.0
2026-10-10,wk inc covid hosp,0,2026-10-10,11,quantile,0.35,8.0
2026-10-10,wk inc covid hosp,0,2026-10-10,11,quantile,0.4,8.0
2026-10-10,wk inc covid hosp,0,2026-10-10,11,quantile,0.45,8.0
2026-10-10,wk inc covid hosp,0,2026-10-10,11,quantile,0.5,9.0
2026-10-10,wk inc covid hosp,0,2026-10-10,11,quantile,0.55,9.0
2026-10-10,wk inc covid hosp,0,2026-10-10,11,quantile,0.6,10.0
2026-10-10,wk inc covid hosp,0,2026-10-10,11,quantile,0.65,10.0
2026-10-10,wk inc covid hosp,0,2026-10-10,11,quantile,0.7,11.0
2026-10-10,wk inc covid hosp,0,2026-10-10,11,quantile,0.75,11.0
2026-10-10,wk inc covid hosp,0,2026-10-10,11,quantile,0.8,12.0
2026-10-10,wk inc covid hosp,0,2026-10-10,11,quantile,0.85,12.0
2026-10-10,wk inc covid hosp,0,2026-10-10,11,quantile,0.9,13.0
2026-10-10,wk inc covid hosp,0,2026-10-10,11,quantile,0.95,15.0
2026-10-10,wk inc covid hosp,0,2026-10-10,11,quantile,0.975,16.0
2026-10-10,wk inc covid hosp,0,2026-10-10,11,quantile,0.99,17.0
2026-10-10,wk inc covid hosp,0,2026-10-10,12,quantile,0.01,276.0
2026-10-10,wk inc covid hosp,0,2026-10-10,12,quantile,0.025,289.0
2026-10-10,wk inc covid hosp,0,2026-10-10,12,quantile,0.05,300.0
2026-10-10,wk inc covid hosp,0,2026-10-10,12,quantile,0.1,319.0
2026-10-10,wk inc covid hosp,0,2026-10-10,12,quantile,0.15,338.0
2026-10-10,wk inc covid hosp,0,2026-10-10,12,quantile,0.2,352.0
2026-10-10,wk inc covid hosp,0,2026-10-10,12,quantile,0.25,366.0
2026-10-10,wk inc covid hosp,0,2026-10-10,12,quantile,0.3,378.0
2026-10-10,wk inc covid hosp,0,2026-10-10,12,quantile,0.35,389.0
2026-10-10,wk inc covid hosp,0,2026-10-10,12,quantile,0.4,400.0
2026-10-10,wk inc covid hosp,0,2026-10-10,12,quantile,0.45,411.0
2026-10-10,wk inc covid hosp,0,2026-10-10,12,quantile,0.5,422.0
2026-10-10,wk inc covid hosp,0,2026-10-10,12,quantile,0.55,433.0
2026-10-10,wk inc covid hosp,0,2026-10-10,12,quantile,0.6,444.0
2026-10-10,wk inc covid hosp,0,2026-10-10,12,quantile,0.65,456.0
2026-10-10,wk inc covid hosp,0,2026-10-10,12,quantile,0.7,469.0
2026-10-10,wk inc covid hosp,0,2026-10-10,12,quantile,0.75,483.0
2026-10-10,wk inc covid hosp,0,2026-10-10,12,quantile,0.8,500.0
2026-10-10,wk inc covid hosp,0,2026-10-10,12,quantile,0.85,519.0
2026-10-10,wk inc covid hosp,0,2026-10-10,12,quantile,0.9,544.0
2026-10-10,wk inc covid hosp,0,2026-10-10,12,quantile,0.95,582.0
2026-10-10,wk inc covid hosp,0,2026-10-10,12,quantile,0.975,616.0
2026-10-10,wk inc covid hosp,0,2026-10-10,12,quantile,0.99,658.0
2026-10-10,wk inc covid hosp,0,2026-10-10,13,quantile,0.01,37.0
2026-10-10,wk inc covid hosp,0,2026-10-10,13,quantile,0.025,42.0
2026-10-10,wk inc covid hosp,0,2026-10-10,13,quantile,0.05,47.0
2026-10-10,wk inc covid hosp,0,2026-10-10,13,quantile,0.1,53.0
2026-10-10,wk inc covid hosp,0,2026-10-10,13,quantile,0.15,57.0
2026-10-10,wk inc covid hosp,0,2026-10-10,13,quantile,0.2,61.0
2026-10-10,wk inc covid hosp,0,2026-10-10,13,quantile,0.25,64.0
2026-10-10,wk inc covid hosp,0,2026-10-10,13,quantile,0.3,67.0
2026-10-10,wk inc covid hosp,0,2026-10-10,13,quantile,0.35,70.0
2026-10-10,wk inc covid hosp,0,2026-10-10,13,quantile,0.4,73.0
2026-10-10,wk inc covid hosp,0,2026-10-10,13,quantile,0.45,75.0
2026-10-10,wk inc covid hosp,0,2026-10-10,13,quantile,0.5,78.0
2026-10-10,wk inc covid hosp,0,2026-10-10,13,quantile,0.55,81.0
2026-10-10,wk inc covid hosp,0,2026-10-10,13,quantile,0.6,84.0
2026-10-10,wk inc covid hosp,0,2026-10-10,13,quantile,0.65,87.0
2026-10-10,wk inc covid hosp,0,2026-10-10,13,quantile,0.7,90.0
2026-10-10,wk inc covid hosp,0,2026-10-10,13,quantile,0.75,93.0
2026-10-10,wk inc covid hosp,0,2026-10-10,13,quantile,0.8,97.0
2026-10-10,wk inc covid hosp,0,2026-10-10,13,quantile,0.85,100.0
2026-10-10,wk inc covid hosp,0,2026-10-10,13,quantile,0.9,103.0
2026-10-10,wk inc covid hosp,0,2026-10-10,13,quantile,0.95,108.0
2026-10-10,wk inc covid hosp,0,2026-10-10,13,quantile,0.975,113.0
2026-10-10,wk inc covid hosp,0,2026-10-10,13,quantile,0.99,118.0
2026-10-10,wk inc covid hosp,0,2026-10-10,15,quantile,0.01,11.0
2026-10-10,wk inc covid hosp,0,2026-10-10,15,quantile,0.025,13.0
2026-10-10,wk inc covid hosp,0,2026-10-10,15,quantile,0.05,15.0
2026-10-10,wk inc covid hosp,0,2026-10-10,15,quantile,0.1,17.0
2026-10-10,wk inc covid hosp,0,2026-10-10,15,quantile,0.15,18.0
2026-10-10,wk inc covid hosp,0,2026-10-10,15,quantile,0.2,19.0
2026-10-10,wk inc covid hosp,0,2026-10-10,15,quantile,0.25,20.0
2026-10-10,wk inc covid hosp,0,2026-10-10,15,quantile,0.3,21.0
2026-10-10,wk inc covid hosp,0,2026-10-10,15,quantile,0.35,22.0
2026-10-10,wk inc covid hosp,0,2026-10-10,15,quantile,0.4,23.0
2026-10-10,wk inc covid hosp,0,2026-10-10,15,quantile,0.45,24.0
2026-10-10,wk inc covid hosp,0,2026-10-10,15,quantile,0.5,25.0
2026-10-10,wk inc covid hosp,0,2026-10-10,15,quantile,0.55,26.0
2026-10-10,wk inc covid hosp,0,2026-10-10,15,quantile,0.6,27.0
2026-10-10,wk inc covid hosp,0,2026-10-10,15,quantile,0.65,28.0
2026-10-10,wk inc covid hosp,0,2026-10-10,15,quantile,0.7,29.0
2026-10-10,wk inc covid hosp,0,2026-10-10,15,quantile,0.75,30.0
2026-10-10,wk inc covid hosp,0,2026-10-10,15,quantile,0.8,31.0
2026-10-10,wk inc covid hosp,0,2026-10-10,15,quantile,0.85,33.0
2026-10-10,wk inc covid hosp,0,2026-10-10,15,quantile,0.9,35.0
2026-10-10,wk inc covid hosp,0,2026-10-10,15,quantile,0.95,38.0
2026-10-10,wk inc covid hosp,0,2026-10-10,15,quantile,0.975,41.0
2026-10-10,wk inc covid hosp,0,2026-10-10,15,quantile,0.99,44.0
2026-10-10,wk inc covid hosp,0,2026-10-10,16,quantile,0.01,2.0
2026-10-10,wk inc covid hosp,0,2026-10-10,16,quantile,0.025,3.0
2026-10-10,wk inc covid hosp,0,2026-10-10,16,quantile,0.05,4.0
2026-10-10,wk inc covid hosp,0,2026-10-10,16,quantile,0.1,5.0
2026-10-10,wk inc covid hosp,0,2026-10-10,16,quantile,0.15,5.0
2026-10-10,wk inc covid hosp,0,2026-10-10,16,quantile,0.2,6.0
2026-10-10,wk inc covid hosp,0,2026-10-10,16,quantile,0.25,7.0
2026-10-10,wk inc covid hosp,0,2026-10-10,16,quantile,0.3,7.0
2026-10-10,wk inc covid hosp,0,2026-10-10,16,quantile,0.35,7.0
2026-10-10,wk inc covid hosp,0,2026-10-10,16,quantile,0.4,8.0
2026-10-10,wk inc covid hosp,0,2026-10-10,16,quantile,0.45,8.0
2026-10-10,wk inc covid hosp,0,2026-10-10,16,quantile,0.5,9.0
2026-10-10,wk inc covid hosp,0,2026-10-10,16,quantile,0.55,9.0
2026-10-10,wk inc covid hosp,0,2026-10-10,16,quantile,0.6,10.0
2026-10-10,wk inc covid hosp,0,2026-10-10,16,quantile,0.65,10.0
2026-10-10,wk inc covid hosp,0,2026-10-10,16,quantile,0.7,10.0
2026-10-10,wk inc covid hosp,0,2026-10-10,16,quantile,0.75,11.0
2026-10-10,wk inc covid hosp,0,2026-10-10,16,quantile,0.8,12.0
2026-10-10,wk inc covid hosp,0,2026-10-10,16,quantile,0.85,12.0
2026-10-10,wk inc covid hosp,0,2026-10-10,16,quantile,0.9,13.0
2026-10-10,wk inc covid hosp,0,2026-10-10,16,quantile,0.95,15.0
2026-10-10,wk inc covid hosp,0,2026-10-10,16,quantile,0.975,16.0
2026-10-10,wk inc covid hosp,0,2026-10-10,16,quantile,0.99,18.0
2026-10-10,wk inc covid hosp,0,2026-10-10,17,quantile,0.01,39.0
2026-10-10,wk inc covid hosp,0,2026-10-10,17,quantile,0.025,43.0
2026-10-10,wk inc covid hosp,0,2026-10-10,17,quantile,0.05,47.0
2026-10-10,wk inc covid hosp,0,2026-10-10,17,quantile,0.1,51.0
2026-10-10,wk inc covid hosp,0,2026-10-10,17,quantile,0.15,54.0
2026-10-10,wk inc covid hosp,0,2026-10-10,17,quantile,0.2,57.0
2026-10-10,wk inc covid hosp,0,2026-10-10,17,quantile,0.25,59.0
2026-10-10,wk inc covid hosp,0,2026-10-10,17,quantile,0.3,61.0
2026-10-10,wk inc covid hosp,0,2026-10-10,17,quantile,0.35,63.0
2026-10-10,wk inc covid hosp,0,2026-10-10,17,quantile,0.4,65.0
2026-10-10,wk inc covid hosp,0,2026-10-10,17,quantile,0.45,67.0
2026-10-10,wk inc covid hosp,0,2026-10-10,17,quantile,0.5,69.0
2026-10-10,wk inc covid hosp,0,2026-10-10,17,quantile,0.55,71.0
2026-10-10,wk inc covid hosp,0,2026-10-10,17,quantile,0.6,73.0
2026-10-10,wk inc covid hosp,0,2026-10-10,17,quantile,0.65,75.0
2026-10-10,wk inc covid hosp,0,2026-10-10,17,quantile,0.7,77.0
2026-10-10,wk inc covid hosp,0,2026-10-10,17,quantile,0.75,79.0
2026-10-10,wk inc covid hosp,0,2026-10-10,17,quantile,0.8,82.0
2026-10-10,wk inc covid hosp,0,2026-10-10,17,quantile,0.85,85.0
2026-10-10,wk inc covid hosp,0,2026-10-10,17,quantile,0.9,90.0
2026-10-10,wk inc covid hosp,0,2026-10-10,17,quantile,0.95,96.0
2026-10-10,wk inc covid hosp,0,2026-10-10,17,quantile,0.975,102.0
2026-10-10,wk inc covid hosp,0,2026-10-10,17,quantile,0.99,109.0
2026-10-10,wk inc covid hosp,0,2026-10-10,18,quantile,0.01,22.0
2026-10-10,wk inc covid hosp,0,2026-10-10,18,quantile,0.025,25.0
2026-10-10,wk inc covid hosp,0,2026-10-10,18,quantile,0.05,27.0
2026-10-10,wk inc covid hosp,0,2026-10-10,18,quantile,0.1,30.0
2026-10-10,wk inc covid hosp,0,2026-10-10,18,quantile,0.15,32.0
2026-10-10,wk inc covid hosp,0,2026-10-10,18,quantile,0.2,34.0
2026-10-10,wk inc covid hosp,0,2026-10-10,18,quantile,0.25,36.0
2026-10-10,wk inc covid hosp,0,2026-10-10,18,quantile,0.3,37.0
2026-10-10,wk inc covid hosp,0,2026-10-10,18,quantile,0.35,38.0
2026-10-10,wk inc covid hosp,0,2026-10-10,18,quantile,0.4,40.0
2026-10-10,wk inc covid hosp,0,2026-10-10,18,quantile,0.45,41.0
2026-10-10,wk inc covid hosp,0,2026-10-10,18,quantile,0.5,42.0
2026-10-10,wk inc covid hosp,0,2026-10-10,18,quantile,0.55,43.0
2026-10-10,wk inc covid hosp,0,2026-10-10,18,quantile,0.6,45.0
2026-10-10,wk inc covid hosp,0,2026-10-10,18,quantile,0.65,46.0
2026-10-10,wk inc covid hosp,0,2026-10-10,18,quantile,0.7,48.0
2026-10-10,wk inc covid hosp,0,2026-10-10,18,quantile,0.75,49.0
2026-10-10,wk inc covid hosp,0,2026-10-10,18,quantile,0.8,51.0
2026-10-10,wk inc covid hosp,0,2026-10-10,18,quantile,0.85,53.0
2026-10-10,wk inc covid hosp,0,2026-10-10,18,quantile,0.9,56.0
2026-10-10,wk inc covid hosp,0,2026-10-10,18,quantile,0.95,60.0
2026-10-10,wk inc covid hosp,0,2026-10-10,18,quantile,0.975,64.0
2026-10-10,wk inc covid hosp,0,2026-10-10,18,quantile,0.99,69.0
2026-10-10,wk inc covid hosp,0,2026-10-10,19,quantile,0.01,5.0
2026-10-10,wk inc covid hosp,0,2026-10-10,19,quantile,0.025,6.0
2026-10-10,wk inc covid hosp,0,2026-10-10,19,quantile,0.05,7.0
2026-10-10,wk inc covid hosp,0,2026-10-10,19,quantile,0.1,8.0
2026-10-10,wk inc covid hosp,0,2026-10-10,19,quantile,0.15,9.0
2026-10-10,wk inc covid hosp,0,2026-10-10,19,quantile,0.2,10.0
2026-10-10,wk inc covid hosp,0,2026-10-10,19,quantile,0.25,10.0
2026-10-10,wk inc covid hosp,0,2026-10-10,19,quantile,0.3,11.0
2026-10-10,wk inc covid hosp,0,2026-10-10,19,quantile,0.35,12.0
2026-10-10,wk inc covid hosp,0,2026-10-10,19,quantile,0.4,12.0
2026-10-10,wk inc covid hosp,0,2026-10-10,19,quantile,0.45,13.0
2026-10-10,wk inc covid hosp,0,2026-10-10,19,quantile,0.5,13.0
2026-10-10,wk inc covid hosp,0,2026-10-10,19,quantile,0.55,14.0
2026-10-10,wk inc covid hosp,0,2026-10-10,19,quantile,0.6,14.0
2026-10-10,wk inc covid hosp,0,2026-10-10,19,quantile,0.65,15.0
2026-10-10,wk inc covid hosp,0,2026-10-10,19,quantile,0.7,16.0
2026-10-10,wk inc covid hosp,0,2026-10-10,19,quantile,0.75,16.0
2026-10-10,wk inc covid hosp,0,2026-10-10,19,quantile,0.8,17.0
2026-10-10,wk inc covid hosp,0,2026-10-10,19,quantile,0.85,18.0
2026-10-10,wk inc covid hosp,0,2026-10-10,19,quantile,0.9,19.0
2026-10-10,wk inc covid hosp,0,2026-10-10,19,quantile,0.95,21.0
2026-10-10,wk inc covid hosp,0,2026-10-10,19,quantile,0.975,23.0
2026-10-10,wk inc covid hosp,0,2026-10-10,19,quantile,0.99,25.0
2026-10-10,wk inc covid hosp,0,2026-10-10,20,quantile,0.01,2.0
2026-10-10,wk inc covid hosp,0,2026-10-10,20,quantile,0.025,3.0
2026-10-10,wk inc covid hosp,0,2026-10-10,20,quantile,0.05,3.0
2026-10-10,wk inc covid hosp,0,2026-10-10,20,quantile,0.1,4.0
2026-10-10,wk inc covid hosp,0,2026-10-10,20,quantile,0.15,5.0
2026-10-10,wk inc covid hosp,0,2026-10-10,20,quantile,0.2,6.0
2026-10-10,wk inc covid hosp,0,2026-10-10,20,quantile,0.25,6.0
2026-10-10,wk inc covid hosp,0,2026-10-10,20,quantile,0.3,6.0
2026-10-10,wk inc covid hosp,0,2026-10-10,20,quantile,0.35,7.0
2026-10-10,wk inc covid hosp,0,2026-10-10,20,quantile,0.4,7.0
2026-10-10,wk inc covid hosp,0,2026-10-10,20,quantile,0.45,8.0
2026-10-10,wk inc covid hosp,0,2026-10-10,20,quantile,0.5,8.0
2026-10-10,wk inc covid hosp,0,2026-10-10,20,quantile,0.55,9.0
2026-10-10,wk inc covid hosp,0,2026-10-10,20,quantile,0.6,9.0
2026-10-10,wk inc covid hosp,0,2026-10-10,20,quantile,0.65,9.0
2026-10-10,wk inc covid hosp,0,2026-10-10,20,quantile,0.7,10.0
2026-10-10,wk inc covid hosp,0,2026-10-10,20,quantile,0.75,10.0
2026-10-10,wk inc covid hosp,0,2026-10-10,20,quantile,0.8,11.0
2026-10-10,wk inc covid hosp,0,2026-10-10,20,quantile,0.85,12.0
2026-10-10,wk inc covid hosp,0,2026-10-10,20,quantile,0.9,13.0
2026-10-10,wk inc covid hosp,0,2026-10-10,20,quantile,0.95,14.0
2026-10-10,wk inc covid hosp,0,2026-10-10,20,quantile,0.975,16.0
2026-10-10,wk inc covid hosp,0,2026-10-10,20,quantile,0.99,17.0
2026-10-10,wk inc covid hosp,0,2026-10-10,21,quantile,0.01,8.0
2026-10-10,wk inc covid hosp,0,2026-10-10,21,quantile,0.025,10.0
2026-10-10,wk inc covid hosp,0,2026-10-10,21,quantile,0.05,11.0
2026-10-10,wk inc covid hosp,0,2026-10-10,21,quantile,0.1,13.0
2026-10-10,wk inc covid hosp,0,2026-10-10,21,quantile,0.15,14.0
2026-10-10,wk inc covid hosp,0,2026-10-10,21,quantile,0.2,15.0
2026-10-10,wk inc covid hosp,0,2026-10-10,21,quantile,0.25,16.0
2026-10-10,wk inc covid hosp,0,2026-10-10,21,quantile,0.3,17.0
2026-10-10,wk inc covid hosp,0,2026-10-10,21,quantile,0.35,18.0
2026-10-10,wk inc covid hosp,0,2026-10-10,21,quantile,0.4,18.0
2026-10-10,wk inc covid hosp,0,2026-10-10,21,quantile,0.45,19.0
2026-10-10,wk inc covid hosp,0,2026-10-10,21,quantile,0.5,20.0
2026-10-10,wk inc covid hosp,0,2026-10-10,21,quantile,0.55,21.0
2026-10-10,wk inc covid hosp,0,2026-10-10,21,quantile,0.6,22.0
2026-10-10,wk inc covid hosp,0,2026-10-10,21,quantile,0.65,22.0
2026-10-10,wk inc covid hosp,0,2026-10-10,21,quantile,0.7,23.0
2026-10-10,wk inc covid hosp,0,2026-10-10,21,quantile,0.75,24.0
2026-10-10,wk inc covid hosp,0,2026-10-10,21,quantile,0.8,25.0
2026-10-10,wk inc covid hosp,0,2026-10-10,21,quantile,0.85,27.0
2026-10-10,wk inc covid hosp,0,2026-10-10,21,quantile,0.9,28.0
2026-10-10,wk inc covid hosp,0,2026-10-10,21,quantile,0.95,31.0
2026-10-10,wk inc covid hosp,0,2026-10-10,21,quantile,0.975,34.0
2026-10-10,wk inc covid hosp,0,2026-10-10,21,quantile,0.99,36.0
2026-10-10,wk inc covid hosp,0,2026-10-10,22,quantile,0.01,38.0
2026-10-10,wk inc covid hosp,0,2026-10-10,22,quantile,0.025,42.0
2026-10-10,wk inc covid hosp,0,2026-10-10,22,quantile,0.05,46.0
2026-10-10,wk inc covid hosp,0,2026-10-10,22,quantile,0.1,52.0
2026-10-10,wk inc covid hosp,0,2026-10-10,22,quantile,0.15,56.0
2026-10-10,wk inc covid hosp,0,2026-10-10,22,quantile,0.2,60.0
2026-10-10,wk inc covid hosp,0,2026-10-10,22,quantile,0.25,62.0
2026-10-10,wk inc covid hosp,0,2026-10-10,22,quantile,0.3,64.0
2026-10-10,wk inc covid hosp,0,2026-10-10,22,quantile,0.35,65.0
2026-10-10,wk inc covid hosp,0,2026-10-10,22,quantile,0.4,67.0
2026-10-10,wk inc covid hosp,0,2026-10-10,22,quantile,0.45,68.0
2026-10-10,wk inc covid hosp,0,2026-10-10,22,quantile,0.5,69.0
2026-10-10,wk inc covid hosp,0,2026-10-10,22,quantile,0.55,71.0
2026-10-10,wk inc covid hosp,0,2026-10-10,22,quantile,0.6,72.0
2026-10-10,wk inc covid hosp,0,2026-10-10,22,quantile,0.65,74.0
2026-10-10,wk inc covid hosp,0,2026-10-10,22,quantile,0.7,76.0
2026-10-10,wk inc covid hosp,0,2026-10-10,22,quantile,0.75,78.0
2026-10-10,wk inc covid hosp,0,2026-10-10,22,quantile,0.8,81.0
2026-10-10,wk inc covid hosp,0,2026-10-10,22,quantile,0.85,84.0
2026-10-10,wk inc covid hosp,0,2026-10-10,22,quantile,0.9,88.0
2026-10-10,wk inc covid hosp,0,2026-10-10,22,quantile,0.95,95.0
2026-10-10,wk inc covid hosp,0,2026-10-10,22,quantile,0.975,100.0
2026-10-10,wk inc covid hosp,0,2026-10-10,22,quantile,0.99,107.0
2026-10-10,wk inc covid hosp,0,2026-10-10,23,quantile,0.01,0.0
2026-10-10,wk inc covid hosp,0,2026-10-10,23,quantile,0.025,0.0
2026-10-10,wk inc covid hosp,0,2026-10-10,23,quantile,0.05,0.0
2026-10-10,wk inc covid hosp,0,2026-10-10,23,quantile,0.1,0.0
2026-10-10,wk inc covid hosp,0,2026-10-10,23,quantile,0.15,0.0
2026-10-10,wk inc covid hosp,0,2026-10-10,23,quantile,0.2,1.0
2026-10-10,wk inc covid hosp,0,2026-10-10,23,quantile,0.25,1.0
2026-10-10,wk inc covid hosp,0,2026-10-10,23,quantile,0.3,1.0
2026-10-10,wk inc covid hosp,0,2026-10-10,23,quantile,0.35,1.0
2026-10-10,wk inc covid hosp,0,2026-10-10,23,quantile,0.4,1.0
2026-10-10,wk inc covid hosp,0,2026-10-10,23,quantile,0.45,1.0
2026-10-10,wk inc covid hosp,0,2026-10-10,23,quantile,0.5,2.0
2026-10-10,wk inc covid hosp,0,2026-10-10,23,quantile,0.55,2.0
2026-10-10,wk inc covid hosp,0,2026-10-10,23,quantile,0.6,2.0
2026-10-10,wk inc covid hosp,0,2026-10-10,23,quantile,0.65,2.0
2026-10-10,wk inc covid hosp,0,2026-10-10,23,quantile,0.7,2.0
2026-10-10,wk inc covid hosp,0,2026-10-10,23,quantile,0.75,3.0
2026-10-10,wk inc covid hosp,0,2026-10-10,23,quantile,0.8,3.0
2026-10-10,wk inc covid hosp,0,2026-10-10,23,quantile,0.85,3.0
2026-10-10,wk inc covid hosp,0,2026-10-10,23,quantile,0.9,4.0
2026-10-10,wk inc covid hosp,0,2026-10-10,23,quantile,0.95,4.0
2026-10-10,wk inc covid hosp,0,2026-10-10,23,quantile,0.975,5.0
2026-10-10,wk inc covid hosp,0,2026-10-10,23,quantile,0.99,6.0
2026-10-10,wk inc covid hosp,0,2026-10-10,24,quantile,0.01,23.0
2026-10-10,wk inc covid hosp,0,2026-10-10,24,quantile,0.025,25.0
2026-10-10,wk inc covid hosp,0,2026-10-10,24,quantile,0.05,28.0
2026-10-10,wk inc covid hosp,0,2026-10-10,24,quantile,0.1,31.0
2026-10-10,wk inc covid hosp,0,2026-10-10,24,quantile,0.15,33.0
2026-10-10,wk inc covid hosp,0,2026-10-10,24,quantile,0.2,35.0
2026-10-10,wk inc covid hosp,0,2026-10-10,24,quantile,0.25,36.0
2026-10-10,wk inc covid hosp,0,2026-10-10,24,quantile,0.3,38.0
2026-10-10,wk inc covid hosp,0,2026-10-10,24,quantile,0.35,39.0
2026-10-10,wk inc covid hosp,0,2026-10-10,24,quantile,0.4,40.0
2026-10-10,wk inc covid hosp,0,2026-10-10,24,quantile,0.45,42.0
2026-10-10,wk inc covid hosp,0,2026-10-10,24,quantile,0.5,43.0
2026-10-10,wk inc covid hosp,0,2026-10-10,24,quantile,0.55,44.0
2026-10-10,wk inc covid hosp,0,2026-10-10,24,quantile,0.6,45.0
2026-10-10,wk inc covid hosp,0,2026-10-10,24,quantile,0.65,47.0
2026-10-10,wk inc covid hosp,0,2026-10-10,24,quantile,0.7,48.0
2026-10-10,wk inc covid hosp,0,2026-10-10,24,quantile,0.75,50.0
2026-10-10,wk inc covid hosp,0,2026-10-10,24,quantile,0.8,52.0
2026-10-10,wk inc covid hosp,0,2026-10-10,24,quantile,0.85,54.0
2026-10-10,wk inc covid hosp,0,2026-10-10,24,quantile,0.9,57.0
2026-10-10,wk inc covid hosp,0,2026-10-10,24,quantile,0.95,61.0
2026-10-10,wk inc covid hosp,0,2026-10-10,24,quantile,0.975,65.0
2026-10-10,wk inc covid hosp,0,2026-10-10,24,quantile,0.99,70.0
2026-10-10,wk inc covid hosp,0,2026-10-10,25,quantile,0.01,33.0
2026-10-10,wk inc covid hosp,0,2026-10-10,25,quantile,0.025,37.0
2026-10-10,wk inc covid hosp,0,2026-10-10,25,quantile,0.05,40.0
2026-10-10,wk inc covid hosp,0,2026-10-10,25,quantile,0.1,44.0
2026-10-10,wk inc covid hosp,0,2026-10-10,25,quantile,0.15,47.0
2026-10-10,wk inc covid hosp,0,2026-10-10,25,quantile,0.2,49.0
2026-10-10,wk inc covid hosp,0,2026-10-10,25,quantile,0.25,51.0
2026-10-10,wk inc covid hosp,0,2026-10-10,25,quantile,0.3,53.0
2026-10-10,wk inc covid hosp,0,2026-10-10,25,quantile,0.35,55.0
2026-10-10,wk inc covid hosp,0,2026-10-10,25,quantile,0.4,57.0
2026-10-10,wk inc covid hosp,0,2026-10-10,25,quantile,0.45,58.0
2026-10-10,wk inc covid hosp,0,2026-10-10,25,quantile,0.5,60.0
2026-10-10,wk inc covid hosp,0,2026-10-10,25,quantile,0.55,62.0
2026-10-10,wk inc covid hosp,0,2026-10-10,25,quantile,0.6,63.0
2026-10-10,wk inc covid hosp,0,2026-10-10,25,quantile,0.65,65.0
2026-10-10,wk inc covid hosp,0,2026-10-10,25,quantile,0.7,67.0
2026-10-10,wk inc covid hosp,0,2026-10-10,25,quantile,0.75,69.0
2026-10-10,wk inc covid hosp,0,2026-10-10,25,quantile,0.8,72.0
2026-10-10,wk inc covid hosp,0,2026-10-10,25,quantile,0.85,75.0
2026-10-10,wk inc covid hosp,0,2026-10-10,25,quantile,0.9,79.0
2026-10-10,wk inc covid hosp,0,2026-10-10,25,quantile,0.95,84.0
2026-10-10,wk inc covid hosp,0,2026-10-10,25,quantile,0.975,89.0
2026-10-10,wk inc covid hosp,0,2026-10-10,25,quantile,0.99,96.0
2026-10-10,wk inc covid hosp,0,2026-10-10,26,quantile,0.01,33.0
2026-10-10,wk inc covid hosp,0,2026-10-10,26,quantile,0.025,36.0
2026-10-10,wk inc covid hosp,0,2026-10-10,26,quantile,0.05,40.0
2026-10-10,wk inc covid hosp,0,2026-10-10,26,quantile,0.1,44.0
2026-10-10,wk inc covid hosp,0,2026-10-10,26,quantile,0.15,46.0
2026-10-10,wk inc covid hosp,0,2026-10-10,26,quantile,0.2,49.0
2026-10-10,wk inc covid hosp,0,2026-10-10,26,quantile,0.25,51.0
2026-10-10,wk inc covid hosp,0,2026-10-10,26,quantile,0.3,53.0
2026-10-10,wk inc covid hosp,0,2026-10-10,26,quantile,0.35,54.0
2026-10-10,wk inc covid hosp,0,2026-10-10,26,quantile,0.4,56.0
2026-10-10,wk inc covid hosp,0,2026-10-10,26,quantile,0.45,58.0
2026-10-10,wk inc covid hosp,0,2026-10-10,26,quantile,0.5,59.0
2026-10-10,wk inc covid hosp,0,2026-10-10,26,quantile,0.55,61.0
2026-10-10,wk inc covid hosp,0,2026-10-10,26,quantile,0.6,63.0
2026-10-10,wk inc covid hosp,0,2026-10-10,26,quantile,0.65,64.0
2026-10-10,wk inc covid hosp,0,2026-10-10,26,quantile,0.7,66.0
2026-10-10,wk inc covid hosp,0,2026-10-10,26,quantile,0.75,69.0
2026-10-10,wk inc covid hosp,0,2026-10-10,26,quantile,0.8,71.0
2026-10-10,wk inc covid hosp,0,2026-10-10,26,quantile,0.85,74.0
2026-10-10,wk inc covid hosp,0,2026-10-10,26,quantile,0.9,78.0
2026-10-10,wk inc covid hosp,0,2026-10-10,26,quantile,0.95,83.0
2026-10-10,wk inc covid hosp,0,2026-10-10,26,quantile,0.975,88.0
2026-10-10,wk inc covid hosp,0,2026-10-10,26,quantile,0.99,95.0
2026-10-10,wk inc covid hosp,0,2026-10-10,27,quantile,0.01,20.0
2026-10-10,wk inc covid hosp,0,2026-10-10,27,quantile,0.025,23.0
2026-10-10,wk inc covid hosp,0,2026-10-10,27,quantile,0.05,25.0
2026-10-10,wk inc covid hosp,0,2026-10-10,27,quantile,0.1,28.0
2026-10-10,wk inc covid hosp,0,2026-10-10,27,quantile,0.15,30.0
2026-10-10,wk inc covid hosp,0,2026-10-10,27,quantile,0.2,32.0
2026-10-10,wk inc covid hosp,0,2026-10-10,27,quantile,0.25,33.0
2026-10-10,wk inc covid hosp,0,2026-10-10,27,quantile,0.3,34.0
2026-10-10,wk inc covid hosp,0,2026-10-10,27,quantile,0.35,36.0
2026-10-10,wk inc covid hosp,0,2026-10-10,27,quantile,0.4,37.0
2026-10-10,wk inc covid hosp,0,2026-10-10,27,quantile,0.45,38.0
2026-10-10,wk inc covid hosp,0,2026-10-10,27,quantile,0.5,39.0
2026-10-10,wk inc covid hosp,0,2026-10-10,27,quantile,0.55,41.0
2026-10-10,wk inc covid hosp,0,2026-10-10,27,quantile,0.6,42.0
2026-10-10,wk inc covid hosp,0,2026-10-10,27,quantile,0.65,43.0
2026-10-10,wk inc covid hosp,0,2026-10-10,27,quantile,0.7,44.0
2026-10-10,wk inc covid hosp,0,2026-10-10,27,quantile,0.75,46.0
2026-10-10,wk inc covid hosp,0,2026-10-10,27,quantile,0.8,48.0
2026-10-10,wk inc covid hosp,0,2026-10-10,27,quantile,0.85,50.0
2026-10-10,wk inc covid hosp,0,2026-10-10,27,quantile,0.9,52.0
2026-10-10,wk inc covid hosp,0,2026-10-10,27,quantile,0.95,57.0
2026-10-10,wk inc covid hosp,0,2026-10-10,27,quantile,0.975,60.0
2026-10-10,wk inc covid hosp,0,2026-10-10,27,quantile,0.99,65.0
2026-10-10,wk inc covid hosp,0,2026-10-10,28,quantile,0.01,11.0
2026-10-10,wk inc covid hosp,0,2026-10-10,28,quantile,0.025,13.0
2026-10-10,wk inc covid hosp,0,2026-10-10,28,quantile,0.05,15.0
2026-10-10,wk inc covid hosp,0,2026-10-10,28,quantile,0.1,17.0
2026-10-10,wk inc covid hosp,0,2026-10-10,28,quantile,0.15,19.0
2026-10-10,wk inc covid hosp,0,2026-10-10,28,quantile,0.2,20.0
2026-10-10,wk inc covid hosp,0,2026-10-10,28,quantile,0.25,21.0
2026-10-10,wk inc covid hosp,0,2026-10-10,28,quantile,0.3,22.0
2026-10-10,wk inc covid hosp,0,2026-10-10,28,quantile,0.35,23.0
2026-10-10,wk inc covid hosp,0,2026-10-10,28,quantile,0.4,24.0
2026-10-10,wk inc covid hosp,0,2026-10-10,28,quantile,0.45,26.0
2026-10-10,wk inc covid hosp,0,2026-10-10,28,quantile,0.5,27.0
2026-10-10,wk inc covid hosp,0,2026-10-10,28,quantile,0.55,28.0
2026-10-10,wk inc covid hosp,0,2026-10-10,28,quantile,0.6,29.0
2026-10-10,wk inc covid hosp,0,2026-10-10,28,quantile,0.65,30.0
2026-10-10,wk inc covid hosp,0,2026-10-10,28,quantile,0.7,31.0
2026-10-10,wk inc covid hosp,0,2026-10-10,28,quantile,0.75,33.0
2026-10-10,wk inc covid hosp,0,2026-10-10,28,quantile,0.8,34.0
2026-10-10,wk inc covid hosp,0,2026-10-10,28,quantile,0.85,36.0
2026-10-10,wk inc covid hosp,0,2026-10-10,28,quantile,0.9,39.0
2026-10-10,wk inc covid hosp,0,2026-10-10,28,quantile,0.95,42.0
2026-10-10,wk inc covid hosp,0,2026-10-10,28,quantile,0.975,45.0
2026-10-10,wk inc covid hosp,0,2026-10-10,28,quantile,0.99,49.0
2026-10-10,wk inc covid hosp,0,2026-10-10,29,quantile,0.01,21.0
2026-10-10,wk inc covid hosp,0,2026-10-10,29,quantile,0.025,24.0
2026-10-10,wk inc covid hosp,0,2026-10-10,29,quantile,0.05,26.0
2026-10-10,wk inc covid hosp,0,2026-10-10,29,quantile,0.1,29.0
2026-10-10,wk inc covid hosp,0,2026-10-10,29,quantile,0.15,31.0
2026-10-10,wk inc covid hosp,0,2026-10-10,29,quantile,0.2,33.0
2026-10-10,wk inc covid hosp,0,2026-10-10,29,quantile,0.25,34.0
2026-10-10,wk inc covid hosp,0,2026-10-10,29,quantile,0.3,36.0
2026-10-10,wk inc covid hosp,0,2026-10-10,29,quantile,0.35,37.0
2026-10-10,wk inc covid hosp,0,2026-10-10,29,quantile,0.4,38.0
2026-10-10,wk inc covid hosp,0,2026-10-10,29,quantile,0.45,40.0
2026-10-10,wk inc covid hosp,0,2026-10-10,29,quantile,0.5,41.0
2026-10-10,wk inc covid hosp,0,2026-10-10,29,quantile,0.55,42.0
2026-10-10,wk inc covid hosp,0,2026-10-10,29,quantile,0.6,43.0
2026-10-10,wk inc covid hosp,0,2026-10-10,29,quantile,0.65,45.0
2026-10-10,wk inc covid hosp,0,2026-10-10,29,quantile,0.7,46.0
2026-10-10,wk inc covid hosp,0,2026-10-10,29,quantile,0.75,48.0
2026-10-10,wk inc covid hosp,0,2026-10-10,29,quantile,0.8,49.0
2026-10-10,wk inc covid hosp,0,2026-10-10,29,quantile,0.85,52.0
2026-10-10,wk inc covid hosp,0,2026-10-10,29,quantile,0.9,54.0
2026-10-10,wk inc covid hosp,0,2026-10-10,29,quantile,0.95,59.0
2026-10-10,wk inc covid hosp,0,2026-10-10,29,quantile,0.975,62.0
2026-10-10,wk inc covid hosp,0,2026-10-10,29,quantile,0.99,67.0
2026-10-10,wk inc covid hosp,0,2026-10-10,30,quantile,0.01,4.0
2026-10-10,wk inc covid hosp,0,2026-10-10,30,quantile,0.025,5.0
2026-10-10,wk inc covid hosp,0,2026-10-10,30,quantile,0.05,6.0
2026-10-10,wk inc covid hosp,0,2026-10-10,30,quantile,0.1,7.0
2026-10-10,wk inc covid hosp,0,2026-10-10,30,quantile,0.15,8.0
2026-10-10,wk inc covid hosp,0,2026-10-10,30,quantile,0.2,9.0
2026-10-10,wk inc covid hosp,0,2026-10-10,30,quantile,0.25,9.0
2026-10-10,wk inc covid hosp,0,2026-10-10,30,quantile,0.3,10.0
2026-10-10,wk inc covid hosp,0,2026-10-10,30,quantile,0.35,10.0
2026-10-10,wk inc covid hosp,0,2026-10-10,30,quantile,0.4,11.0
2026-10-10,wk inc covid hosp,0,2026-10-10,30,quantile,0.45,11.0
2026-10-10,wk inc covid hosp,0,2026-10-10,30,quantile,0.5,12.0
2026-10-10,wk inc covid hosp,0,2026-10-10,30,quantile,0.55,12.0
2026-10-10,wk inc covid hosp,0,2026-10-10,30,quantile,0.6,13.0
2026-10-10,wk inc covid hosp,0,2026-10-10,30,quantile,0.65,14.0
2026-10-10,wk inc covid hosp,0,2026-10-10,30,quantile,0.7,14.0
2026-10-10,wk inc covid hosp,0,2026-10-10,30,quantile,0.75,15.0
2026-10-10,wk inc covid hosp,0,2026-10-10,30,quantile,0.8,16.0
2026-10-10,wk inc covid hosp,0,2026-10-10,30,quantile,0.85,16.0
2026-10-10,wk inc covid hosp,0,2026-10-10,30,quantile,0.9,18.0
2026-10-10,wk inc covid hosp,0,2026-10-10,30,quantile,0.95,19.0
2026-10-10,wk inc covid hosp,0,2026-10-10,30,quantile,0.975,21.0
2026-10-10,wk inc covid hosp,0,2026-10-10,30,quantile,0.99,23.0
2026-10-10,wk inc covid hosp,0,2026-10-10,31,quantile,0.01,3.0
2026-10-10,wk inc covid hosp,0,2026-10-10,31,quantile,0.025,4.0
2026-10-10,wk inc covid hosp,0,2026-10-10,31,quantile,0.05,4.0
2026-10-10,wk inc covid hosp,0,2026-10-10,31,quantile,0.1,5.0
2026-10-10,wk inc covid hosp,0,2026-10-10,31,quantile,0.15,6.0
2026-10-10,wk inc covid hosp,0,2026-10-10,31,quantile,0.2,7.0
2026-10-10,wk inc covid hosp,0,2026-10-10,31,quantile,0.25,7.0
2026-10-10,wk inc covid hosp,0,2026-10-10,31,quantile,0.3,8.0
2026-10-10,wk inc covid hosp,0,2026-10-10,31,quantile,0.35,8.0
2026-10-10,wk inc covid hosp,0,2026-10-10,31,quantile,0.4,8.0
2026-10-10,wk inc covid hosp,0,2026-10-10,31,quantile,0.45,9.0
2026-10-10,wk inc covid hosp,0,2026-10-10,31,quantile,0.5,9.0
2026-10-10,wk inc covid hosp,0,2026-10-10,31,quantile,0.55,10.0
2026-10-10,wk inc covid hosp,0,2026-10-10,31,quantile,0.6,10.0
2026-10-10,wk inc covid hosp,0,2026-10-10,31,quantile,0.65,11.0
2026-10-10,wk inc covid hosp,0,2026-10-10,31,quantile,0.7,11.0
2026-10-10,wk inc covid hosp,0,2026-10-10,31,quantile,0.75,12.0
2026-10-10,wk inc covid hosp,0,2026-10-10,31,quantile,0.8,13.0
2026-10-10,wk inc covid hosp,0,2026-10-10,31,quantile,0.85,13.0
2026-10-10,wk inc covid hosp,0,2026-10-10,31,quantile,0.9,14.0
2026-10-10,wk inc covid hosp,0,2026-10-10,31,quantile,0.95,16.0
2026-10-10,wk inc covid hosp,0,2026-10-10,31,quantile,0.975,17.0
2026-10-10,wk inc covid hosp,0,2026-10-10,31,quantile,0.99,19.0
2026-10-10,wk inc covid hosp,0,2026-10-10,32,quantile,0.01,17.0
2026-10-10,wk inc covid hosp,0,2026-10-10,32,quantile,0.025,19.0
2026-10-10,wk inc covid hosp,0,2026-10-10,32,quantile,0.05,21.0
2026-10-10,wk inc covid hosp,0,2026-10-10,32,quantile,0.1,23.0
2026-10-10,wk inc covid hosp,0,2026-10-10,32,quantile,0.15,25.0
2026-10-10,wk inc covid hosp,0,2026-10-10,32,quantile,0.2,26.0
2026-10-10,wk inc covid hosp,0,2026-10-10,32,quantile,0.25,27.0
2026-10-10,wk inc covid hosp,0,2026-10-10,32,quantile,0.3,28.0
2026-10-10,wk inc covid hosp,0,2026-10-10,32,quantile,0.35,28.0
2026-10-10,wk inc covid hosp,0,2026-10-10,32,quantile,0.4,29.0
2026-10-10,wk inc covid hosp,0,2026-10-10,32,quantile,0.45,30.0
2026-10-10,wk inc covid hosp,0,2026-10-10,32,quantile,0.5,31.0
2026-10-10,wk inc covid hosp,0,2026-10-10,32,quantile,0.55,32.0
2026-10-10,wk inc covid hosp,0,2026-10-10,32,quantile,0.6,32.0
2026-10-10,wk inc covid hosp,0,2026-10-10,32,quantile,0.65,33.0
2026-10-10,wk inc covid hosp,0,2026-10-10,32,quantile,0.7,34.0
2026-10-10,wk inc covid hosp,0,2026-10-10,32,quantile,0.75,35.0
2026-10-10,wk inc covid hosp,0,2026-10-10,32,quantile,0.8,36.0
2026-10-10,wk inc covid hosp,0,2026-10-10,32,quantile,0.85,38.0
2026-10-10,wk inc covid hosp,0,2026-10-10,32,quantile,0.9,39.0
2026-10-10,wk inc covid hosp,0,2026-10-10,32,quantile,0.95,42.0
2026-10-10,wk inc covid hosp,0,2026-10-10,32,quantile,0.975,44.0
2026-10-10,wk inc covid hosp,0,2026-10-10,32,quantile,0.99,47.0
2026-10-10,wk inc covid hosp,0,2026-10-10,33,quantile,0.01,2.0
2026-10-10,wk inc covid hosp,0,2026-10-10,33,quantile,0.025,2.0
2026-10-10,wk inc covid hosp,0,2026-10-10,33,quantile,0.05,3.0
2026-10-10,wk inc covid hosp,0,2026-10-10,33,quantile,0.1,4.0
2026-10-10,wk inc covid hosp,0,2026-10-10,33,quantile,0.15,5.0
2026-10-10,wk inc covid hosp,0,2026-10-10,33,quantile,0.2,5.0
2026-10-10,wk inc covid hosp,0,2026-10-10,33,quantile,0.25,6.0
2026-10-10,wk inc covid hosp,0,2026-10-10,33,quantile,0.3,6.0
2026-10-10,wk inc covid hosp,0,2026-10-10,33,quantile,0.35,6.0
2026-10-10,wk inc covid hosp,0,2026-10-10,33,quantile,0.4,7.0
2026-10-10,wk inc covid hosp,0,2026-10-10,33,quantile,0.45,7.0
2026-10-10,wk inc covid hosp,0,2026-10-10,33,quantile,0.5,7.0
2026-10-10,wk inc covid hosp,0,2026-10-10,33,quantile,0.55,8.0
2026-10-10,wk inc covid hosp,0,2026-10-10,33,quantile,0.6,8.0
2026-10-10,wk inc covid hosp,0,2026-10-10,33,quantile,0.65,9.0
2026-10-10,wk inc covid hosp,0,2026-10-10,33,quantile,0.7,9.0
2026-10-10,wk inc covid hosp,0,2026-10-10,33,quantile,0.75,10.0
2026-10-10,wk inc covid hosp,0,2026-10-10,33,quantile,0.8,10.0
2026-10-10,wk inc covid hosp,0,2026-10-10,33,quantile,0.85,11.0
2026-10-10,wk inc covid hosp,0,2026-10-10,33,quantile,0.9,12.0
2026-10-10,wk inc covid hosp,0,2026-10-10,33,quantile,0.95,13.0
2026-10-10,wk inc covid hosp,0,2026-10-10,33,quantile,0.975,14.0
2026-10-10,wk inc covid hosp,0,2026-10-10,33,quantile,0.99,16.0
2026-10-10,wk inc covid hosp,0,2026-10-10,34,quantile,0.01,104.0
2026-10-10,wk inc covid hosp,0,2026-10-10,34,quantile,0.025,113.0
2026-10-10,wk inc covid hosp,0,2026-10-10,34,quantile,0.05,122.0
2026-10-10,wk inc covid hosp,0,2026-10-10,34,quantile,0.1,132.0
2026-10-10,wk inc covid hosp,0,2026-10-10,34,quantile,0.15,139.0
2026-10-10,wk inc covid hosp,0,2026-10-10,34,quantile,0.2,145.0
2026-10-10,wk inc covid hosp,0,2026-10-10,34,quantile,0.25,150.0
2026-10-10,wk inc covid hosp,0,2026-10-10,34,quantile,0.3,155.0
2026-10-10,wk inc covid hosp,0,2026-10-10,34,quantile,0.35,159.0
2026-10-10,wk inc covid hosp,0,2026-10-10,34,quantile,0.4,163.0
2026-10-10,wk inc covid hosp,0,2026-10-10,34,quantile,0.45,168.0
2026-10-10,wk inc covid hosp,0,2026-10-10,34,quantile,0.5,172.0
2026-10-10,wk inc covid hosp,0,2026-10-10,34,quantile,0.55,176.0
2026-10-10,wk inc covid hosp,0,2026-10-10,34,quantile,0.6,181.0
2026-10-10,wk inc covid hosp,0,2026-10-10,34,quantile,0.65,185.0
2026-10-10,wk inc covid hosp,0,2026-10-10,34,quantile,0.7,190.0
2026-10-10,wk inc covid hosp,0,2026-10-10,34,quantile,0.75,196.0
2026-10-10,wk inc covid hosp,0,2026-10-10,34,quantile,0.8,202.0
2026-10-10,wk inc covid hosp,0,2026-10-10,34,quantile,0.85,209.0
2026-10-10,wk inc covid hosp,0,2026-10-10,34,quantile,0.9,219.0
2026-10-10,wk inc covid hosp,0,2026-10-10,34,quantile,0.95,229.0
2026-10-10,wk inc covid hosp,0,2026-10-10,34,quantile,0.975,237.0
2026-10-10,wk inc covid hosp,0,2026-10-10,34,quantile,0.99,247.0
2026-10-10,wk inc covid hosp,0,2026-10-10,35,quantile,0.01,3.0
2026-10-10,wk inc covid hosp,0,2026-10-10,35,quantile,0.025,4.0
2026-10-10,wk inc covid hosp,0,2026-10-10,35,quantile,0.05,5.0
2026-10-10,wk inc covid hosp,0,2026-10-10,35,quantile,0.1,6.0
2026-10-10,wk inc covid hosp,0,2026-10-10,35,quantile,0.15,6.0
2026-10-10,wk inc covid hosp,0,2026-10-10,35,quantile,0.2,7.0
2026-10-10,wk inc covid hosp,0,2026-10-10,35,quantile,0.25,7.0
2026-10-10,wk inc covid hosp,0,2026-10-10,35,quantile,0.3,8.0
2026-10-10,wk inc covid hosp,0,2026-10-10,35,quantile,0.35,8.0
2026-10-10,wk inc covid hosp,0,2026-10-10,35,quantile,0.4,9.0
2026-10-10,wk inc covid hosp,0,2026-10-10,35,quantile,0.45,9.0
2026-10-10,wk inc covid hosp,0,2026-10-10,35,quantile,0.5,10.0
2026-10-10,wk inc covid hosp,0,2026-10-10,35,quantile,0.55,10.0
2026-10-10,wk inc covid hosp,0,2026-10-10,35,quantile,0.6,11.0
2026-10-10,wk inc covid hosp,0,2026-10-10,35,quantile,0.65,11.0
2026-10-10,wk inc covid hosp,0,2026-10-10,35,quantile,0.7,12.0
2026-10-10,wk inc covid hosp,0,2026-10-10,35,quantile,0.75,12.0
2026-10-10,wk inc covid hosp,0,2026-10-10,35,quantile,0.8,13.0
2026-10-10,wk inc covid hosp,0,2026-10-10,35,quantile,0.85,14.0
2026-10-10,wk inc covid hosp,0,2026-10-10,35,quantile,0.9,15.0
2026-10-10,wk inc covid hosp,0,2026-10-10,35,quantile,0.95,17.0
2026-10-10,wk inc covid hosp,0,2026-10-10,35,quantile,0.975,18.0
2026-10-10,wk inc covid hosp,0,2026-10-10,35,quantile,0.99,20.0
2026-10-10,wk inc covid hosp,0,2026-10-10,36,quantile,0.01,193.0
2026-10-10,wk inc covid hosp,0,2026-10-10,36,quantile,0.025,210.0
2026-10-10,wk inc covid hosp,0,2026-10-10,36,quantile,0.05,225.0
2026-10-10,wk inc covid hosp,0,2026-10-10,36,quantile,0.1,243.0
2026-10-10,wk inc covid hosp,0,2026-10-10,36,quantile,0.15,255.0
2026-10-10,wk inc covid hosp,0,2026-10-10,36,quantile,0.2,265.0
2026-10-10,wk inc covid hosp,0,2026-10-10,36,quantile,0.25,274.0
2026-10-10,wk inc covid hosp,0,2026-10-10,36,quantile,0.3,283.0
2026-10-10,wk inc covid hosp,0,2026-10-10,36,quantile,0.35,290.0
2026-10-10,wk inc covid hosp,0,2026-10-10,36,quantile,0.4,298.0
2026-10-10,wk inc covid hosp,0,2026-10-10,36,quantile,0.45,305.0
2026-10-10,wk inc covid hosp,0,2026-10-10,36,quantile,0.5,313.0
2026-10-10,wk inc covid hosp,0,2026-10-10,36,quantile,0.55,320.0
2026-10-10,wk inc covid hosp,0,2026-10-10,36,quantile,0.6,328.0
2026-10-10,wk inc covid hosp,0,2026-10-10,36,quantile,0.65,336.0
2026-10-10,wk inc covid hosp,0,2026-10-10,36,quantile,0.7,345.0
2026-10-10,wk inc covid hosp,0,2026-10-10,36,quantile,0.75,354.0
2026-10-10,wk inc covid hosp,0,2026-10-10,36,quantile,0.8,365.0
2026-10-10,wk inc covid hosp,0,2026-10-10,36,quantile,0.85,378.0
2026-10-10,wk inc covid hosp,0,2026-10-10,36,quantile,0.9,395.0
2026-10-10,wk inc covid hosp,0,2026-10-10,36,quantile,0.95,420.0
2026-10-10,wk inc covid hosp,0,2026-10-10,36,quantile,0.975,443.0
2026-10-10,wk inc covid hosp,0,2026-10-10,36,quantile,0.99,471.0
2026-10-10,wk inc covid hosp,0,2026-10-10,37,quantile,0.01,122.0
2026-10-10,wk inc covid hosp,0,2026-10-10,37,quantile,0.025,133.0
2026-10-10,wk inc covid hosp,0,2026-10-10,37,quantile,0.05,143.0
2026-10-10,wk inc covid hosp,0,2026-10-10,37,quantile,0.1,155.0
2026-10-10,wk inc covid hosp,0,2026-10-10,37,quantile,0.15,163.0
2026-10-10,wk inc covid hosp,0,2026-10-10,37,quantile,0.2,170.0
2026-10-10,wk inc covid hosp,0,2026-10-10,37,quantile,0.25,176.0
2026-10-10,wk inc covid hosp,0,2026-10-10,37,quantile,0.3,181.0
2026-10-10,wk inc covid hosp,0,2026-10-10,37,quantile,0.35,186.0
2026-10-10,wk inc covid hosp,0,2026-10-10,37,quantile,0.4,189.0
2026-10-10,wk inc covid hosp,0,2026-10-10,37,quantile,0.45,192.0
2026-10-10,wk inc covid hosp,0,2026-10-10,37,quantile,0.5,195.0
2026-10-10,wk inc covid hosp,0,2026-10-10,37,quantile,0.55,198.0
2026-10-10,wk inc covid hosp,0,2026-10-10,37,quantile,0.6,201.0
2026-10-10,wk inc covid hosp,0,2026-10-10,37,quantile,0.65,204.0
2026-10-10,wk inc covid hosp,0,2026-10-10,37,quantile,0.7,208.0
2026-10-10,wk inc covid hosp,0,2026-10-10,37,quantile,0.75,211.0
2026-10-10,wk inc covid hosp,0,2026-10-10,37,quantile,0.8,216.0
2026-10-10,wk inc covid hosp,0,2026-10-10,37,quantile,0.85,221.0
2026-10-10,wk inc covid hosp,0,2026-10-10,37,quantile,0.9,227.0
2026-10-10,wk inc covid hosp,0,2026-10-10,37,quantile,0.95,236.0
2026-10-10,wk inc covid hosp,0,2026-10-10,37,quantile,0.975,245.0
2026-10-10,wk inc covid hosp,0,2026-10-10,37,quantile,0.99,255.0
2026-10-10,wk inc covid hosp,0,2026-10-10,38,quantile,0.01,0.0
2026-10-10,wk inc covid hosp,0,2026-10-10,38,quantile,0.025,0.0
2026-10-10,wk inc covid hosp,0,2026-10-10,38,quantile,0.05,0.0
2026-10-10,wk inc covid hosp,0,2026-10-10,38,quantile,0.1,0.0
2026-10-10,wk inc covid hosp,0,2026-10-10,38,quantile,0.15,0.0
2026-10-10,wk inc covid hosp,0,2026-10-10,38,quantile,0.2,0.0
2026-10-10,wk inc covid hosp,0,2026-10-10,38,quantile,0.25,0.0
2026-10-10,wk inc covid hosp,0,2026-10-10,38,quantile,0.3,0.0
2026-10-10,wk inc covid hosp,0,2026-10-10,38,quantile,0.35,0.0
2026-10-10,wk inc covid hosp,0,2026-10-10,38,quantile,0.4,0.0
2026-10-10,wk inc covid hosp,0,2026-10-10,38,quantile,0.45,0.0
2026-10-10,wk inc covid hosp,0,2026-10-10,38,quantile,0.5,0.0
2026-10-10,wk inc covid hosp,0,2026-10-10,38,quantile,0.55,0.0
2026-10-10,wk inc covid hosp,0,2026-10-10,38,quantile,0.6,0.0
2026-10-10,wk inc covid hosp,0,2026-10-10,38,quantile,0.65,0.0
2026-10-10,wk inc covid hosp,0,2026-10-10,38,quantile,0.7,0.0
2026-10-10,wk inc covid hosp,0,2026-10-10,38,quantile,0.75,0.0
2026-10-10,wk inc covid hosp,0,2026-10-10,38,quantile,0.8,0.0
2026-10-10,wk inc covid hosp,0,2026-10-10,38,quantile,0.85,0.0
2026-10-10,wk inc covid hosp,0,2026-10-10,38,quantile,0.9,0.0
2026-10-10,wk inc covid hosp,0,2026-10-10,38,quantile,0.95,0.0
2026-10-10,wk inc covid hosp,0,2026-10-10,38,quantile,0.975,0.0
2026-10-10,wk inc covid hosp,0,2026-10-10,38,quantile,0.99,0.0
2026-10-10,wk inc covid hosp,0,2026-10-10,39,quantile,0.01,59.0
2026-10-10,wk inc covid hosp,0,2026-10-10,39,quantile,0.025,65.0
2026-10-10,wk inc covid hosp,0,2026-10-10,39,quantile,0.05,70.0
2026-10-10,wk inc covid hosp,0,2026-10-10,39,quantile,0.1,76.0
2026-10-10,wk inc covid hosp,0,2026-10-10,39,quantile,0.15,81.0
2026-10-10,wk inc covid hosp,0,2026-10-10,39,quantile,0.2,84.0
2026-10-10,wk inc covid hosp,0,2026-10-10,39,quantile,0.25,88.0
2026-10-10,wk inc covid hosp,0,2026-10-10,39,quantile,0.3,90.0
2026-10-10,wk inc covid hosp,0,2026-10-10,39,quantile,0.35,93.0
2026-10-10,wk inc covid hosp,0,2026-10-10,39,quantile,0.4,96.0
2026-10-10,wk inc covid hosp,0,2026-10-10,39,quantile,0.45,98.0
2026-10-10,wk inc covid hosp,0,2026-10-10,39,quantile,0.5,101.0
2026-10-10,wk inc covid hosp,0,2026-10-10,39,quantile,0.55,104.0
2026-10-10,wk inc covid hosp,0,2026-10-10,39,quantile,0.6,106.0
2026-10-10,wk inc covid hosp,0,2026-10-10,39,quantile,0.65,109.0
2026-10-10,wk inc covid hosp,0,2026-10-10,39,quantile,0.7,112.0
2026-10-10,wk inc covid hosp,0,2026-10-10,39,quantile,0.75,116.0
2026-10-10,wk inc covid hosp,0,2026-10-10,39,quantile,0.8,120.0
2026-10-10,wk inc covid hosp,0,2026-10-10,39,quantile,0.85,124.0
2026-10-10,wk inc covid hosp,0,2026-10-10,39,quantile,0.9,130.0
2026-10-10,wk inc covid hosp,0,2026-10-10,39,quantile,0.95,139.0
2026-10-10,wk inc covid hosp,0,2026-10-10,39,quantile,0.975,147.0
2026-10-10,wk inc covid hosp,0,2026-10-10,39,quantile,0.99,157.0
2026-10-10,wk inc covid hosp,0,2026-10-10,40,quantile,0.01,7.0
2026-10-10,wk inc covid hosp,0,2026-10-10,40,quantile,0.025,9.0
2026-10-10,wk inc covid hosp,0,2026-10-10,40,quantile,0.05,10.0
2026-10-10,wk inc covid hosp,0,2026-10-10,40,quantile,0.1,12.0
2026-10-10,wk inc covid hosp,0,2026-10-10,40,quantile,0.15,13.0
2026-10-10,wk inc covid hosp,0,2026-10-10,40,quantile,0.2,14.0
2026-10-10,wk inc covid hosp,0,2026-10-10,40,quantile,0.25,15.0
2026-10-10,wk inc covid hosp,0,2026-10-10,40,quantile,0.3,16.0
2026-10-10,wk inc covid hosp,0,2026-10-10,40,quantile,0.35,16.0
2026-10-10,wk inc covid hosp,0,2026-10-10,40,quantile,0.4,17.0
2026-10-10,wk inc covid hosp,0,2026-10-10,40,quantile,0.45,18.0
2026-10-10,wk inc covid hosp,0,2026-10-10,40,quantile,0.5,18.0
2026-10-10,wk inc covid hosp,0,2026-10-10,40,quantile,0.55,19.0
2026-10-10,wk inc covid hosp,0,2026-10-10,40,quantile,0.6,20.0
2026-10-10,wk inc covid hosp,0,2026-10-10,40,quantile,0.65,21.0
2026-10-10,wk inc covid hosp,0,2026-10-10,40,quantile,0.7,22.0
2026-10-10,wk inc covid hosp,0,2026-10-10,40,quantile,0.75,23.0
2026-10-10,wk inc covid hosp,0,2026-10-10,40,quantile,0.8,24.0
2026-10-10,wk inc covid hosp,0,2026-10-10,40,quantile,0.85,25.0
2026-10-10,wk inc covid hosp,0,2026-10-10,40,quantile,0.9,26.0
2026-10-10,wk inc covid hosp,0,2026-10-10,40,quantile,0.95,29.0
2026-10-10,wk inc covid hosp,0,2026-10-10,40,quantile,0.975,31.0
2026-10-10,wk inc covid hosp,0,2026-10-10,40,quantile,0.99,34.0
2026-10-10,wk inc covid hosp,0,2026-10-10,41,quantile,0.01,38.0
2026-10-10,wk inc covid hosp,0,2026-10-10,41,quantile,0.025,42.0
2026-10-10,wk inc covid hosp,0,2026-10-10,41,quantile,0.05,45.0
2026-10-10,wk inc covid hosp,0,2026-10-10,41,quantile,0.1,50.0
2026-10-10,wk inc covid hosp,0,2026-10-10,41,quantile,0.15,53.0
2026-10-10,wk inc covid hosp,0,2026-10-10,41,quantile,0.2,55.0
2026-10-10,wk inc covid hosp,0,2026-10-10,41,quantile,0.25,58.0
2026-10-10,wk inc covid hosp,0,2026-10-10,41,quantile,0.3,60.0
2026-10-10,wk inc covid hosp,0,2026-10-10,41,quantile,0.35,62.0
2026-10-10,wk inc covid hosp,0,2026-10-10,41,quantile,0.4,64.0
2026-10-10,wk inc covid hosp,0,2026-10-10,41,quantile,0.45,65.0
2026-10-10,wk inc covid hosp,0,2026-10-10,41,quantile,0.5,67.0
2026-10-10,wk inc covid hosp,0,2026-10-10,41,quantile,0.55,69.0
2026-10-10,wk inc covid hosp,0,2026-10-10,41,quantile,0.6,71.0
2026-10-10,wk inc covid hosp,0,2026-10-10,41,quantile,0.65,73.0
2026-10-10,wk inc covid hosp,0,2026-10-10,41,quantile,0.7,75.0
2026-10-10,wk inc covid hosp,0,2026-10-10,41,quantile,0.75,78.0
2026-10-10,wk inc covid hosp,0,2026-10-10,41,quantile,0.8,80.0
2026-10-10,wk inc covid hosp,0,2026-10-10,41,quantile,0.85,83.0
2026-10-10,wk inc covid hosp,0,2026-10-10,41,quantile,0.9,88.0
2026-10-10,wk inc covid hosp,0,2026-10-10,41,quantile,0.95,94.0
2026-10-10,wk inc covid hosp,0,2026-10-10,41,quantile,0.975,100.0
2026-10-10,wk inc covid hosp,0,2026-10-10,41,quantile,0.99,106.0
2026-10-10,wk inc covid hosp,0,2026-10-10,42,quantile,0.01,83.0
2026-10-10,wk inc covid hosp,0,2026-10-10,42,quantile,0.025,90.0
2026-10-10,wk inc covid hosp,0,2026-10-10,42,quantile,0.05,97.0
2026-10-10,wk inc covid hosp,0,2026-10-10,42,quantile,0.1,106.0
2026-10-10,wk inc covid hosp,0,2026-10-10,42,quantile,0.15,111.0
2026-10-10,wk inc covid hosp,0,2026-10-10,42,quantile,0.2,116.0
2026-10-10,wk inc covid hosp,0,2026-10-10,42,quantile,0.25,120.0
2026-10-10,wk inc covid hosp,0,2026-10-10,42,quantile,0.3,124.0
2026-10-10,wk inc covid hosp,0,2026-10-10,42,quantile,0.35,128.0
2026-10-10,wk inc covid hosp,0,2026-10-10,42,quantile,0.4,131.0
2026-10-10,wk inc covid hosp,0,2026-10-10,42,quantile,0.45,135.0
2026-10-10,wk inc covid hosp,0,2026-10-10,42,quantile,0.5,138.0
2026-10-10,wk inc covid hosp,0,2026-10-10,42,quantile,0.55,142.0
2026-10-10,wk inc covid hosp,0,2026-10-10,42,quantile,0.6,145.0
2026-10-10,wk inc covid hosp,0,2026-10-10,42,quantile,0.65,149.0
2026-10-10,wk inc covid hosp,0,2026-10-10,42,quantile,0.7,153.0
2026-10-10,wk inc covid hosp,0,2026-10-10,42,quantile,0.75,158.0
2026-10-10,wk inc covid hosp,0,2026-10-10,42,quantile,0.8,163.0
2026-10-10,wk inc covid hosp,0,2026-10-10,42,quantile,0.85,169.0
2026-10-10,wk inc covid hosp,0,2026-10-10,42,quantile,0.9,177.0
2026-10-10,wk inc covid hosp,0,2026-10-10,42,quantile,0.95,188.0
2026-10-10,wk inc covid hosp,0,2026-10-10,42,quantile,0.975,199.0
2026-10-10,wk inc covid hosp,0,2026-10-10,42,quantile,0.99,212.0
2026-10-10,wk inc covid hosp,0,2026-10-10,44,quantile,0.01,8.0
2026-10-10,wk inc covid hosp,0,2026-10-10,44,quantile,0.025,10.0
2026-10-10,wk inc covid hosp,0,2026-10-10,44,quantile,0.05,11.0
2026-10-10,wk inc covid hosp,0,2026-10-10,44,quantile,0.1,13.0
2026-10-10,wk inc covid hosp,0,2026-10-10,44,quantile,0.15,14.0
2026-10-10,wk inc covid hosp,0,2026-10-10,44,quantile,0.2,15.0
2026-10-10,wk inc covid hosp,0,2026-10-10,44,quantile,0.25,16.0
2026-10-10,wk inc covid hosp,0,2026-10-10,44,quantile,0.3,17.0
2026-10-10,wk inc covid hosp,0,2026-10-10,44,quantile,0.35,17.0
2026-10-10,wk inc covid hosp,0,2026-10-10,44,quantile,0.4,18.0
2026-10-10,wk inc covid hosp,0,2026-10-10,44,quantile,0.45,19.0
2026-10-10,wk inc covid hosp,0,2026-10-10,44,quantile,0.5,19.0
2026-10-10,wk inc covid hosp,0,2026-10-10,44,quantile,0.55,20.0
2026-10-10,wk inc covid hosp,0,2026-10-10,44,quantile,0.6,21.0
2026-10-10,wk inc covid hosp,0,2026-10-10,44,quantile,0.65,22.0
2026-10-10,wk inc covid hosp,0,2026-10-10,44,quantile,0.7,23.0
2026-10-10,wk inc covid hosp,0,2026-10-10,44,quantile,0.75,23.0
2026-10-10,wk inc covid hosp,0,2026-10-10,44,quantile,0.8,24.0
2026-10-10,wk inc covid hosp,0,2026-10-10,44,quantile,0.85,26.0
2026-10-10,wk inc covid hosp,0,2026-10-10,44,quantile,0.9,27.0
2026-10-10,wk inc covid hosp,0,2026-10-10,44,quantile,0.95,30.0
2026-10-10,wk inc covid hosp,0,2026-10-10,44,quantile,0.975,32.0
2026-10-10,wk inc covid hosp,0,2026-10-10,44,quantile,0.99,35.0
2026-10-10,wk inc covid hosp,0,2026-10-10,45,quantile,0.01,33.0
2026-10-10,wk inc covid hosp,0,2026-10-10,45,quantile,0.025,36.0
2026-10-10,wk inc covid hosp,0,2026-10-10,45,quantile,0.05,40.0
2026-10-10,wk inc covid hosp,0,2026-10-10,45,quantile,0.1,44.0
2026-10-10,wk inc covid hosp,0,2026-10-10,45,quantile,0.15,46.0
2026-10-10,wk inc covid hosp,0,2026-10-10,45,quantile,0.2,49.0
2026-10-10,wk inc covid hosp,0,2026-10-10,45,quantile,0.25,51.0
2026-10-10,wk inc covid hosp,0,2026-10-10,45,quantile,0.3,53.0
2026-10-10,wk inc covid hosp,0,2026-10-10,45,quantile,0.35,54.0
2026-10-10,wk inc covid hosp,0,2026-10-10,45,quantile,0.4,56.0
2026-10-10,wk inc covid hosp,0,2026-10-10,45,quantile,0.45,58.0
2026-10-10,wk inc covid hosp,0,2026-10-10,45,quantile,0.5,59.0
2026-10-10,wk inc covid hosp,0,2026-10-10,45,quantile,0.55,61.0
2026-10-10,wk inc covid hosp,0,2026-10-10,45,quantile,0.6,63.0
2026-10-10,wk inc covid hosp,0,2026-10-10,45,quantile,0.65,65.0
2026-10-10,wk inc covid hosp,0,2026-10-10,45,quantile,0.7,66.0
2026-10-10,wk inc covid hosp,0,2026-10-10,45,quantile,0.75,69.0
2026-10-10,wk inc covid hosp,0,2026-10-10,45,quantile,0.8,71.0
2026-10-10,wk inc covid hosp,0,2026-10-10,45,quantile,0.85,74.0
2026-10-10,wk inc covid hosp,0,2026-10-10,45,quantile,0.9,78.0
2026-10-10,wk inc covid hosp,0,2026-10-10,45,quantile,0.95,83.0
2026-10-10,wk inc covid hosp,0,2026-10-10,45,quantile,0.975,88.0
2026-10-10,wk inc covid hosp,0,2026-10-10,45,quantile,0.99,95.0
2026-10-10,wk inc covid hosp,0,2026-10-10,46,quantile,0.01,3.0
2026-10-10,wk inc covid hosp,0,2026-10-10,46,quantile,0.025,3.0
2026-10-10,wk inc covid hosp,0,2026-10-10,46,quantile,0.05,4.0
2026-10-10,wk inc covid hosp,0,2026-10-10,46,quantile,0.1,5.0
2026-10-10,wk inc covid hosp,0,2026-10-10,46,quantile,0.15,6.0
2026-10-10,wk inc covid hosp,0,2026-10-10,46,quantile,0.2,7.0
2026-10-10,wk inc covid hosp,0,2026-10-10,46,quantile,0.25,7.0
2026-10-10,wk inc covid hosp,0,2026-10-10,46,quantile,0.3,8.0
2026-10-10,wk inc covid hosp,0,2026-10-10,46,quantile,0.35,8.0
2026-10-10,wk inc covid hosp,0,2026-10-10,46,quantile,0.4,8.0
2026-10-10,wk inc covid hosp,0,2026-10-10,46,quantile,0.45,9.0
2026-10-10,wk inc covid hosp,0,2026-10-10,46,quantile,0.5,9.0
2026-10-10,wk inc covid hosp,0,2026-10-10,46,quantile,0.55,10.0
2026-10-10,wk inc covid hosp,0,2026-10-10,46,quantile,0.6,10.0
2026-10-10,wk inc covid hosp,0,2026-10-10,46,quantile,0.65,11.0
2026-10-10,wk inc covid hosp,0,2026-10-10,46,quantile,0.7,11.0
2026-10-10,wk inc covid hosp,0,2026-10-10,46,quantile,0.75,12.0
2026-10-10,wk inc covid hosp,0,2026-10-10,46,quantile,0.8,12.0
2026-10-10,wk inc covid hosp,0,2026-10-10,46,quantile,0.85,13.0
2026-10-10,wk inc covid hosp,0,2026-10-10,46,quantile,0.9,14.0
2026-10-10,wk inc covid hosp,0,2026-10-10,46,quantile,0.95,16.0
2026-10-10,wk inc covid hosp,0,2026-10-10,46,quantile,0.975,17.0
2026-10-10,wk inc covid hosp,0,2026-10-10,46,quantile,0.99,19.0
2026-10-10,wk inc covid hosp,0,2026-10-10,47,quantile,0.01,37.0
2026-10-10,wk inc covid hosp,0,2026-10-10,47,quantile,0.025,41.0
2026-10-10,wk inc covid hosp,0,2026-10-10,47,quantile,0.05,45.0
2026-10-10,wk inc covid hosp,0,2026-10-10,47,quantile,0.1,49.0
2026-10-10,wk inc covid hosp,0,2026-10-10,47,quantile,0.15,52.0
2026-10-10,wk inc covid hosp,0,2026-10-10,47,quantile,0.2,55.0
2026-10-10,wk inc covid hosp,0,2026-10-10,47,quantile,0.25,57.0
2026-10-10,wk inc covid hosp,0,2026-10-10,47,quantile,0.3,59.0
2026-10-10,wk inc covid hosp,0,2026-10-10,47,quantile,0.35,61.0
2026-10-10,wk inc covid hosp,0,2026-10-10,47,quantile,0.4,63.0
2026-10-10,wk inc covid hosp,0,2026-10-10,47,quantile,0.45,64.0
2026-10-10,wk inc covid hosp,0,2026-10-10,47,quantile,0.5,66.0
2026-10-10,wk inc covid hosp,0,2026-10-10,47,quantile,0.55,68.0
2026-10-10,wk inc covid hosp,0,2026-10-10,47,quantile,0.6,70.0
2026-10-10,wk inc covid hosp,0,2026-10-10,47,quantile,0.65,72.0
2026-10-10,wk inc covid hosp,0,2026-10-10,47,quantile,0.7,74.0
2026-10-10,wk inc covid hosp,0,2026-10-10,47,quantile,0.75,76.0
2026-10-10,wk inc covid hosp,0,2026-10-10,47,quantile,0.8,79.0
2026-10-10,wk inc covid hosp,0,2026-10-10,47,quantile,0.85,82.0
2026-10-10,wk inc covid hosp,0,2026-10-10,47,quantile,0.9,86.0
2026-10-10,wk inc covid hosp,0,2026-10-10,47,quantile,0.95,93.0
2026-10-10,wk inc covid hosp,0,2026-10-10,47,quantile,0.975,98.0
2026-10-10,wk inc covid hosp,0,2026-10-10,47,quantile,0.99,105.0
2026-10-10,wk inc covid hosp,0,2026-10-10,48,quantile,0.01,153.0
2026-10-10,wk inc covid hosp,0,2026-10-10,48,quantile,0.025,171.0
2026-10-10,wk inc covid hosp,0,2026-10-10,48,quantile,0.05,189.0
2026-10-10,wk inc covid hosp,0,2026-10-10,48,quantile,0.1,210.0
2026-10-10,wk inc covid hosp,0,2026-10-10,48,quantile,0.15,226.0
2026-10-10,wk inc covid hosp,0,2026-10-10,48,quantile,0.2,239.0
2026-10-10,wk inc covid hosp,0,2026-10-10,48,quantile,0.25,250.0
2026-10-10,wk inc covid hosp,0,2026-10-10,48,quantile,0.3,260.0
2026-10-10,wk inc covid hosp,0,2026-10-10,48,quantile,0.35,270.0
2026-10-10,wk inc covid hosp,0,2026-10-10,48,quantile,0.4,280.0
2026-10-10,wk inc covid hosp,0,2026-10-10,48,quantile,0.45,290.0
2026-10-10,wk inc covid hosp,0,2026-10-10,48,quantile,0.5,299.0
2026-10-10,wk inc covid hosp,0,2026-10-10,48,quantile,0.55,308.0
2026-10-10,wk inc covid hosp,0,2026-10-10,48,quantile,0.6,313.0
2026-10-10,wk inc covid hosp,0,2026-10-10,48,quantile,0.65,317.0
2026-10-10,wk inc covid hosp,0,2026-10-10,48,quantile,0.7,322.0
2026-10-10,wk inc covid hosp,0,2026-10-10,48,quantile,0.75,328.0
2026-10-10,wk inc covid hosp,0,2026-10-10,48,quantile,0.8,334.0
2026-10-10,wk inc covid hosp,0,2026-10-10,48,quantile,0.85,341.0
2026-10-10,wk inc covid hosp,0,2026-10-10,48,quantile,0.9,351.0
2026-10-10,wk inc covid hosp,0,2026-10-10,48,quantile,0.95,365.0
2026-10-10,wk inc covid hosp,0,2026-10-10,48,quantile,0.975,377.0
2026-10-10,wk inc covid hosp,0,2026-10-10,48,quantile,0.99,392.0
2026-10-10,wk inc covid hosp,0,2026-10-10,49,quantile,0.01,4.0
2026-10-10,wk inc covid hosp,0,2026-10-10,49,quantile,0.025,5.0
2026-10-10,wk inc covid hosp,0,2026-10-10,49,quantile,0.05,6.0
2026-10-10,wk inc covid hosp,0,2026-10-10,49,quantile,0.1,7.0
2026-10-10,wk inc covid hosp,0,2026-10-10,49,quantile,0.15,8.0
2026-10-10,wk inc covid hosp,0,2026-10-10,49,quantile,0.2,9.0
2026-10-10,wk inc covid hosp,0,2026-10-10,49,quantile,0.25,9.0
2026-10-10,wk inc covid hosp,0,2026-10-10,49,quantile,0.3,10.0
2026-10-10,wk inc covid hosp,0,2026-10-10,49,quantile,0.35,10.0
2026-10-10,wk inc covid hosp,0,2026-10-10,49,quantile,0.4,11.0
2026-10-10,wk inc covid hosp,0,2026-10-10,49,quantile,0.45,12.0
2026-10-10,wk inc covid hosp,0,2026-10-10,49,quantile,0.5,12.0
2026-10-10,wk inc covid hosp,0,2026-10-10,49,quantile,0.55,13.0
2026-10-10,wk inc covid hosp,0,2026-10-10,49,quantile,0.6,13.0
2026-10-10,wk inc covid hosp,0,2026-10-10,49,quantile,0.65,14.0
2026-10-10,wk inc covid hosp,0,2026-10-10,49,quantile,0.7,14.0
2026-10-10,wk inc covid hosp,0,2026-10-10,49,quantile,0.75,15.0
2026-10-10,wk inc covid hosp,0,2026-10-10,49,quantile,0.8,16.0
2026-10-10,wk inc covid hosp,0,2026-10-10,49,quantile,0.85,17.0
2026-10-10,wk inc covid hosp,0,2026-10-10,49,quantile,0.9,18.0
2026-10-10,wk inc covid hosp,0,2026-10-10,49,quantile,0.95,20.0
2026-10-10,wk inc covid hosp,0,2026-10-10,49,quantile,0.975,22.0
2026-10-10,wk inc covid hosp,0,2026-10-10,49,quantile,0.99,24.0
2026-10-10,wk inc covid hosp,0,2026-10-10,50,quantile,0.01,0.0
2026-10-10,wk inc covid hosp,0,2026-10-10,50,quantile,0.025,0.0
2026-10-10,wk inc covid hosp,0,2026-10-10,50,quantile,0.05,0.0
2026-10-10,wk inc covid hosp,0,2026-10-10,50,quantile,0.1,0.0
2026-10-10,wk inc covid hosp,0,2026-10-10,50,quantile,0.15,0.0
2026-10-10,wk inc covid hosp,0,2026-10-10,50,quantile,0.2,1.0
2026-10-10,wk inc covid hosp,0,2026-10-10,50,quantile,0.25,1.0
2026-10-10,wk inc covid hosp,0,2026-10-10,50,quantile,0.3,1.0
2026-10-10,wk inc covid hosp,0,2026-10-10,50,quantile,0.35,1.0
2026-10-10,wk inc covid hosp,0,2026-10-10,50,quantile,0.4,1.0
2026-10-10,wk inc covid hosp,0,2026-10-10,50,quantile,0.45,2.0
2026-10-10,wk inc covid hosp,0,2026-10-10,50,quantile,0.5,2.0
2026-10-10,wk inc covid hosp,0,2026-10-10,50,quantile,0.55,2.0
2026-10-10,wk inc covid hosp,0,2026-10-10,50,quantile,0.6,2.0
2026-10-10,wk inc covid hosp,0,2026-10-10,50,quantile,0.65,2.0
2026-10-10,wk inc covid hosp,0,2026-10-10,50,quantile,0.7,3.0
2026-10-10,wk inc covid hosp,0,2026-10-10,50,quantile,0.75,3.0
2026-10-10,wk inc covid hosp,0,2026-10-10,50,quantile,0.8,3.0
2026-10-10,wk inc covid hosp,0,2026-10-10,50,quantile,0.85,3.0
2026-10-10,wk inc covid hosp,0,2026-10-10,50,quantile,0.9,4.0
2026-10-10,wk inc covid hosp,0,2026-10-10,50,quantile,0.95,5.0
2026-10-10,wk inc covid hosp,0,2026-10-10,50,quantile,0.975,5.0
2026-10-10,wk inc covid hosp,0,2026-10-10,50,quantile,0.99,6.0
2026-10-10,wk inc covid hosp,0,2026-10-10,51,quantile,0.01,23.0
2026-10-10,wk inc covid hosp,0,2026-10-10,51,quantile,0.025,25.0
2026-10-10,wk inc covid hosp,0,2026-10-10,51,quantile,0.05,28.0
2026-10-10,wk inc covid hosp,0,2026-10-10,51,quantile,0.1,31.0
2026-10-10,wk inc covid hosp,0,2026-10-10,51,quantile,0.15,33.0
2026-10-10,wk inc covid hosp,0,2026-10-10,51,quantile,0.2,35.0
2026-10-10,wk inc covid hosp,0,2026-10-10,51,quantile,0.25,36.0
2026-10-10,wk inc covid hosp,0,2026-10-10,51,quantile,0.3,38.0
2026-10-10,wk inc covid hosp,0,2026-10-10,51,quantile,0.35,39.0
2026-10-10,wk inc covid hosp,0,2026-10-10,51,quantile,0.4,40.0
2026-10-10,wk inc covid hosp,0,2026-10-10,51,quantile,0.45,42.0
2026-10-10,wk inc covid hosp,0,2026-10-10,51,quantile,0.5,43.0
2026-10-10,wk inc covid hosp,0,2026-10-10,51,quantile,0.55,44.0
2026-10-10,wk inc covid hosp,0,2026-10-10,51,quantile,0.6,46.0
2026-10-10,wk inc covid hosp,0,2026-10-10,51,quantile,0.65,47.0
2026-10-10,wk inc covid hosp,0,2026-10-10,51,quantile,0.7,48.0
2026-10-10,wk inc covid hosp,0,2026-10-10,51,quantile,0.75,50.0
2026-10-10,wk inc covid hosp,0,2026-10-10,51,quantile,0.8,52.0
2026-10-10,wk inc covid hosp,0,2026-10-10,51,quantile,0.85,54.0
2026-10-10,wk inc covid hosp,0,2026-10-10,51,quantile,0.9,57.0
2026-10-10,wk inc covid hosp,0,2026-10-10,51,quantile,0.95,61.0
2026-10-10,wk inc covid hosp,0,2026-10-10,51,quantile,0.975,65.0
2026-10-10,wk inc covid hosp,0,2026-10-10,51,quantile,0.99,70.0
2026-10-10,wk inc covid hosp,0,2026-10-10,53,quantile,0.01,107.0
2026-10-10,wk inc covid hosp,0,2026-10-10,53,quantile,0.025,113.0
2026-10-10,wk inc covid hosp,0,2026-10-10,53,quantile,0.05,118.0
2026-10-10,wk inc covid hosp,0,2026-10-10,53,quantile,0.1,124.0
2026-10-10,wk inc covid hosp,0,2026-10-10,53,quantile,0.15,129.0
2026-10-10,wk inc covid hosp,0,2026-10-10,53,quantile,0.2,132.0
2026-10-10,wk inc covid hosp,0,2026-10-10,53,quantile,0.25,135.0
2026-10-10,wk inc covid hosp,0,2026-10-10,53,quantile,0.3,138.0
2026-10-10,wk inc covid hosp,0,2026-10-10,53,quantile,0.35,140.0
2026-10-10,wk inc covid hosp,0,2026-10-10,53,quantile,0.4,143.0
2026-10-10,wk inc covid hosp,0,2026-10-10,53,quantile,0.45,145.0
2026-10-10,wk inc covid hosp,0,2026-10-10,53,quantile,0.5,148.0
2026-10-10,wk inc covid hosp,0,2026-10-10,53,quantile,0.55,150.0
2026-10-10,wk inc covid hosp,0,2026-10-10,53,quantile,0.6,153.0
2026-10-10,wk inc covid hosp,0,2026-10-10,53,quantile,0.65,155.0
2026-10-10,wk inc covid hosp,0,2026-10-10,53,quantile,0.7,158.0
2026-10-10,wk inc covid hosp,0,2026-10-10,53,quantile,0.75,161.0
2026-10-10,wk inc covid hosp,0,2026-10-10,53,quantile,0.8,164.0
2026-10-10,wk inc covid hosp,0,2026-10-10,53,quantile,0.85,168.0
2026-10-10,wk inc covid hosp,0,2026-10-10,53,quantile,0.9,173.0
2026-10-10,wk inc covid hosp,0,2026-10-10,53,quantile,0.95,181.0
2026-10-10,wk inc covid hosp,0,2026-10-10,53,quantile,0.975,188.0
2026-10-10,wk inc covid hosp,0,2026-10-10,53,quantile,0.99,196.0
2026-10-10,wk inc covid hosp,0,2026-10-10,54,quantile,0.01,10.0
2026-10-10,wk inc covid hosp,0,2026-10-10,54,quantile,0.025,12.0
2026-10-10,wk inc covid hosp,0,2026-10-10,54,quantile,0.05,14.0
2026-10-10,wk inc covid hosp,0,2026-10-10,54,quantile,0.1,15.0
2026-10-10,wk inc covid hosp,0,2026-10-10,54,quantile,0.15,17.0
2026-10-10,wk inc covid hosp,0,2026-10-10,54,quantile,0.2,18.0
2026-10-10,wk inc covid hosp,0,2026-10-10,54,quantile,0.25,19.0
2026-10-10,wk inc covid hosp,0,2026-10-10,54,quantile,0.3,20.0
2026-10-10,wk inc covid hosp,0,2026-10-10,54,quantile,0.35,20.0
2026-10-10,wk inc covid hosp,0,2026-10-10,54,quantile,0.4,21.0
2026-10-10,wk inc covid hosp,0,2026-10-10,54,quantile,0.45,22.0
2026-10-10,wk inc covid hosp,0,2026-10-10,54,quantile,0.5,23.0
2026-10-10,wk inc covid hosp,0,2026-10-10,54,quantile,0.55,24.0
2026-10-10,wk inc covid hosp,0,2026-10-10,54,quantile,0.6,25.0
2026-10-10,wk inc covid hosp,0,2026-10-10,54,quantile,0.65,25.0
2026-10-10,wk inc covid hosp,0,2026-10-10,54,quantile,0.7,26.0
2026-10-10,wk inc covid hosp,0,2026-10-10,54,quantile,0.75,27.0
2026-10-10,wk inc covid hosp,0,2026-10-10,54,quantile,0.8,29.0
2026-10-10,wk inc covid hosp,0,2026-10-10,54,quantile,0.85,30.0
2026-10-10,wk inc covid hosp,0,2026-10-10,54,quantile,0.9,32.0
2026-10-10,wk inc covid hosp,0,2026-10-10,54,quantile,0.95,34.0
2026-10-10,wk inc covid hosp,0,2026-10-10,54,quantile,0.975,37.0
2026-10-10,wk inc covid hosp,0,2026-10-10,54,quantile,0.99,40.0
2026-10-10,wk inc covid hosp,0,2026-10-10,55,quantile,0.01,30.0
2026-10-10,wk inc covid hosp,0,2026-10-10,55,quantile,0.025,33.0
2026-10-10,wk inc covid hosp,0,2026-10-10,55,quantile,0.05,37.0
2026-10-10,wk inc covid hosp,0,2026-10-10,55,quantile,0.1,40.0
2026-10-10,wk inc covid hosp,0,2026-10-10,55,quantile,0.15,43.0
2026-10-10,wk inc covid hosp,0,2026-10-10,55,quantile,0.2,45.0
2026-10-10,wk inc covid hosp,0,2026-10-10,55,quantile,0.25,47.0
2026-10-10,wk inc covid hosp,0,2026-10-10,55,quantile,0.3,49.0
2026-10-10,wk inc covid hosp,0,2026-10-10,55,quantile,0.35,50.0
2026-10-10,wk inc covid hosp,0,2026-10-10,55,quantile,0.4,52.0
2026-10-10,wk inc covid hosp,0,2026-10-10,55,quantile,0.45,53.0
2026-10-10,wk inc covid hosp,0,2026-10-10,55,quantile,0.5,55.0
2026-10-10,wk inc covid hosp,0,2026-10-10,55,quantile,0.55,56.0
2026-10-10,wk inc covid hosp,0,2026-10-10,55,quantile,0.6,58.0
2026-10-10,wk inc covid hosp,0,2026-10-10,55,quantile,0.65,60.0
2026-10-10,wk inc covid hosp,0,2026-10-10,55,quantile,0.7,62.0
2026-10-10,wk inc covid hosp,0,2026-10-10,55,quantile,0.75,64.0
2026-10-10,wk inc covid hosp,0,2026-10-10,55,quantile,0.8,66.0
2026-10-10,wk inc covid hosp,0,2026-10-10,55,quantile,0.85,69.0
2026-10-10,wk inc covid hosp,0,2026-10-10,55,quantile,0.9,72.0
2026-10-10,wk inc covid hosp,0,2026-10-10,55,quantile,0.95,77.0
2026-10-10,wk inc covid hosp,0,2026-10-10,55,quantile,0.975,82.0
2026-10-10,wk inc covid hosp,0,2026-10-10,55,quantile,0.99,88.0
2026-10-10,wk inc covid hosp,0,2026-10-10,56,quantile,0.01,0.0
2026-10-10,wk inc covid hosp,0,2026-10-10,56,quantile,0.025,0.0
2026-10-10,wk inc covid hosp,0,2026-10-10,56,quantile,0.05,0.0
2026-10-10,wk inc covid hosp,0,2026-10-10,56,quantile,0.1,0.0
2026-10-10,wk inc covid hosp,0,2026-10-10,56,quantile,0.15,0.0
2026-10-10,wk inc covid hosp,0,2026-10-10,56,quantile,0.2,0.0
2026-10-10,wk inc covid hosp,0,2026-10-10,56,quantile,0.25,0.0
2026-10-10,wk inc covid hosp,0,2026-10-10,56,quantile,0.3,0.0
2026-10-10,wk inc covid hosp,0,2026-10-10,56,quantile,0.35,0.0
2026-10-10,wk inc covid hosp,0,2026-10-10,56,quantile,0.4,1.0
2026-10-10,wk inc covid hosp,0,2026-10-10,56,quantile,0.45,1.0
2026-10-10,wk inc covid hosp,0,2026-10-10,56,quantile,0.5,1.0
2026-10-10,wk inc covid hosp,0,2026-10-10,56,quantile,0.55,1.0
2026-10-10,wk inc covid hosp,0,2026-10-10,56,quantile,0.6,1.0
2026-10-10,wk inc covid hosp,0,2026-10-10,56,quantile,0.65,1.0
2026-10-10,wk inc covid hosp,0,2026-10-10,56,quantile,0.7,1.0
2026-10-10,wk inc covid hosp,0,2026-10-10,56,quantile,0.75,2.0
2026-10-10,wk inc covid hosp,0,2026-10-10,56,quantile,0.8,2.0
2026-10-10,wk inc covid hosp,0,2026-10-10,56,quantile,0.85,2.0
2026-10-10,wk inc covid hosp,0,2026-10-10,56,quantile,0.9,2.0
2026-10-10,wk inc covid hosp,0,2026-10-10,56,quantile,0.95,3.0
2026-10-10,wk inc covid hosp,0,2026-10-10,56,quantile,0.975,3.0
2026-10-10,wk inc covid hosp,0,2026-10-10,56,quantile,0.99,4.0
2026-10-10,wk inc covid hosp,0,2026-10-10,72,quantile,0.01,43.0
2026-10-10,wk inc covid hosp,0,2026-10-10,72,quantile,0.025,47.0
2026-10-10,wk inc covid hosp,0,2026-10-10,72,quantile,0.05,51.0
2026-10-10,wk inc covid hosp,0,2026-10-10,72,quantile,0.1,57.0
2026-10-10,wk inc covid hosp,0,2026-10-10,72,quantile,0.15,61.0
2026-10-10,wk inc covid hosp,0,2026-10-10,72,quantile,0.2,63.0
2026-10-10,wk inc covid hosp,0,2026-10-10,72,quantile,0.25,65.0
2026-10-10,wk inc covid hosp,0,2026-10-10,72,quantile,0.3,67.0
2026-10-10,wk inc covid hosp,0,2026-10-10,72,quantile,0.35,69.0
2026-10-10,wk inc covid hosp,0,2026-10-10,72,quantile,0.4,71.0
2026-10-10,wk inc covid hosp,0,2026-10-10,72,quantile,0.45,73.0
2026-10-10,wk inc covid hosp,0,2026-10-10,72,quantile,0.5,75.0
2026-10-10,wk inc covid hosp,0,2026-10-10,72,quantile,0.55,77.0
2026-10-10,wk inc covid hosp,0,2026-10-10,72,quantile,0.6,79.0
2026-10-10,wk inc covid hosp,0,2026-10-10,72,quantile,0.65,82.0
2026-10-10,wk inc covid hosp,0,2026-10-10,72,quantile,0.7,84.0
2026-10-10,wk inc covid hosp,0,2026-10-10,72,quantile,0.75,87.0
2026-10-10,wk inc covid hosp,0,2026-10-10,72,quantile,0.8,90.0
2026-10-10,wk inc covid hosp,0,2026-10-10,72,quantile,0.85,93.0
2026-10-10,wk inc covid hosp,0,2026-10-10,72,quantile,0.9,98.0
2026-10-10,wk inc covid hosp,0,2026-10-10,72,quantile,0.95,105.0
2026-10-10,wk inc covid hosp,0,2026-10-10,72,quantile,0.975,111.0
2026-10-10,wk inc covid hosp,0,2026-10-10,72,quantile,0.99,118.0
2026-10-10,wk inc covid hosp,1,2026-10-17,01,quantile,0.01,30.0
2026-10-10,wk inc covid hosp,1,2026-10-17,01,quantile,0.025,34.0
2026-10-10,wk inc covid hosp,1,2026-10-17,01,quantile,0.05,38.0
2026-10-10,wk inc covid hosp,1,2026-10-17,01,quantile,0.1,43.0
2026-10-10,wk inc covid hosp,1,2026-10-17,01,quantile,0.15,46.0
2026-10-10,wk inc covid hosp,1,2026-10-17,01,quantile,0.2,49.0
2026-10-10,wk inc covid hosp,1,2026-10-17,01,quantile,0.25,52.0
2026-10-10,wk inc covid hosp,1,2026-10-17,01,quantile,0.3,56.0
2026-10-10,wk inc covid hosp,1,2026-10-17,01,quantile,0.35,59.0
2026-10-10,wk inc covid hosp,1,2026-10-17,01,quantile,0.4,62.0
2026-10-10,wk inc covid hosp,1,2026-10-17,01,quantile,0.45,65.0
2026-10-10,wk inc covid hosp,1,2026-10-17,01,quantile,0.5,67.0
2026-10-10,wk inc covid hosp,1,2026-10-17,01,quantile,0.55,68.0
2026-10-10,wk inc covid hosp,1,2026-10-17,01,quantile,0.6,70.0
2026-10-10,wk inc covid hosp,1,2026-10-17,01,quantile,0.65,72.0
2026-10-10,wk inc covid hosp,1,2026-10-17,01,quantile,0.7,74.0
2026-10-10,wk inc covid hosp,1,2026-10-17,01,quantile,0.75,76.0
2026-10-10,wk inc covid hosp,1,2026-10-17,01,quantile,0.8,78.0
2026-10-10,wk inc covid hosp,1,2026-10-17,01,quantile,0.85,81.0
2026-10-10,wk inc covid hosp,1,2026-10-17,01,quantile,0.9,86.0
2026-10-10,wk inc covid hosp,1,2026-10-17,01,quantile,0.95,94.0
2026-10-10,wk inc covid hosp,1,2026-10-17,01,quantile,0.975,101.0
2026-10-10,wk inc covid hosp,1,2026-10-17,01,quantile,0.99,110.0
2026-10-10,wk inc covid hosp,1,2026-10-17,02,quantile,0.01,1.0
2026-10-10,wk inc covid hosp,1,2026-10-17,02,quantile,0.025,1.0
2026-10-10,wk inc covid hosp,1,2026-10-17,02,quantile,0.05,2.0
2026-10-10,wk inc covid hosp,1,2026-10-17,02,quantile,0.1,2.0
2026-10-10,wk inc covid hosp,1,2026-10-17,02,quantile,0.15,3.0
2026-10-10,wk inc covid hosp,1,2026-10-17,02,quantile,0.2,3.0
2026-10-10,wk inc covid hosp,1,2026-10-17,02,quantile,0.25,3.0
2026-10-10,wk inc covid hosp,1,2026-10-17,02,quantile,0.3,4.0
2026-10-10,wk inc covid hosp,1,2026-10-17,02,quantile,0.35,4.0
2026-10-10,wk inc covid hosp,1,2026-10-17,02,quantile,0.4,4.0
2026-10-10,wk inc covid hosp,1,2026-10-17,02,quantile,0.45,4.0
2026-10-10,wk inc covid hosp,1,2026-10-17,02,quantile,0.5,5.0
2026-10-10,wk inc covid hosp,1,2026-10-17,02,quantile,0.55,5.0
2026-10-10,wk inc covid hosp,1,2026-10-17,02,quantile,0.6,5.0
2026-10-10,wk inc covid hosp,1,2026-10-17,02,quantile,0.65,6.0
2026-10-10,wk inc covid hosp,1,2026-10-17,02,quantile,0.7,6.0
2026-10-10,wk inc covid hosp,1,2026-10-17,02,quantile,0.75,6.0
2026-10-10,wk inc covid hosp,1,2026-10-17,02,quantile,0.8,7.0
2026-10-10,wk inc covid hosp,1,2026-10-17,02,quantile,0.85,7.0
2026-10-10,wk inc covid hosp,1,2026-10-17,02,quantile,0.9,8.0
2026-10-10,wk inc covid hosp,1,2026-10-17,02,quantile,0.95,9.0
2026-10-10,wk inc covid hosp,1,2026-10-17,02,quantile,0.975,10.0
2026-10-10,wk inc covid hosp,1,2026-10-17,02,quantile,0.99,11.0
2026-10-10,wk inc covid hosp,1,2026-10-17,04,quantile,0.01,30.0
2026-10-10,wk inc covid hosp,1,2026-10-17,04,quantile,0.025,34.0
2026-10-10,wk inc covid hosp,1,2026-10-17,04,quantile,0.05,38.0
2026-10-10,wk inc covid hosp,1,2026-10-17,04,quantile,0.1,42.0
2026-10-10,wk inc covid hosp,1,2026-10-17,04,quantile,0.15,46.0
2026-10-10,wk inc covid hosp,1,2026-10-17,04,quantile,0.2,49.0
2026-10-10,wk inc covid hosp,1,2026-10-17,04,quantile,0.25,51.0
2026-10-10,wk inc covid hosp,1,2026-10-17,04,quantile,0.3,53.0
2026-10-10,wk inc covid hosp,1,2026-10-17,04,quantile,0.35,56.0
2026-10-10,wk inc covid hosp,1,2026-10-17,04,quantile,0.4,58.0
2026-10-10,wk inc covid hosp,1,2026-10-17,04,quantile,0.45,60.0
2026-10-10,wk inc covid hosp,1,2026-10-17,04,quantile,0.5,62.0
2026-10-10,wk inc covid hosp,1,2026-10-17,04,quantile,0.55,64.0
2026-10-10,wk inc covid hosp,1,2026-10-17,04,quantile,0.6,66.0
2026-10-10,wk inc covid hosp,1,2026-10-17,04,quantile,0.65,69.0
2026-10-10,wk inc covid hosp,1,2026-10-17,04,quantile,0.7,71.0
2026-10-10,wk inc covid hosp,1,2026-10-17,04,quantile,0.75,74.0
2026-10-10,wk inc covid hosp,1,2026-10-17,04,quantile,0.8,77.0
2026-10-10,wk inc covid hosp,1,2026-10-17,04,quantile,0.85,81.0
2026-10-10,wk inc covid hosp,1,2026-10-17,04,quantile,0.9,86.0
2026-10-10,wk inc covid hosp,1,2026-10-17,04,quantile,0.95,94.0
2026-10-10,wk inc covid hosp,1,2026-10-17,04,quantile,0.975,101.0
2026-10-10,wk inc covid hosp,1,2026-10-17,04,quantile,0.99,111.0
2026-10-10,wk inc covid hosp,1,2026-10-17,05,quantile,0.01,4.0
2026-10-10,wk inc covid hosp,1,2026-10-17,05,quantile,0.025,5.0
2026-10-10,wk inc covid hosp,1,2026-10-17,05,quantile,0.05,6.0
2026-10-10,wk inc covid hosp,1,2026-10-17,05,quantile,0.1,7.0
2026-10-10,wk inc covid hosp,1,2026-10-17,05,quantile,0.15,8.0
2026-10-10,wk inc covid hosp,1,2026-10-17,05,quantile,0.2,9.0
2026-10-10,wk inc covid hosp,1,2026-10-17,05,quantile,0.25,9.0
2026-10-10,wk inc covid hosp,1,2026-10-17,05,quantile,0.3,10.0
2026-10-10,wk inc covid hosp,1,2026-10-17,05,quantile,0.35,11.0
2026-10-10,wk inc covid hosp,1,2026-10-17,05,quantile,0.4,11.0
2026-10-10,wk inc covid hosp,1,2026-10-17,05,quantile,0.45,12.0
2026-10-10,wk inc covid hosp,1,2026-10-17,05,quantile,0.5,12.0
2026-10-10,wk inc covid hosp,1,2026-10-17,05,quantile,0.55,13.0
2026-10-10,wk inc covid hosp,1,2026-10-17,05,quantile,0.6,13.0
2026-10-10,wk inc covid hosp,1,2026-10-17,05,quantile,0.65,14.0
2026-10-10,wk inc covid hosp,1,2026-10-17,05,quantile,0.7,15.0
2026-10-10,wk inc covid hosp,1,2026-10-17,05,quantile,0.75,16.0
2026-10-10,wk inc covid hosp,1,2026-10-17,05,quantile,0.8,17.0
2026-10-10,wk inc covid hosp,1,2026-10-17,05,quantile,0.85,19.0
2026-10-10,wk inc covid hosp,1,2026-10-17,05,quantile,0.9,20.0
2026-10-10,wk inc covid hosp,1,2026-10-17,05,quantile,0.95,23.0
2026-10-10,wk inc covid hosp,1,2026-10-17,05,quantile,0.975,26.0
2026-10-10,wk inc covid hosp,1,2026-10-17,05,quantile,0.99,29.0
2026-10-10,wk inc covid hosp,1,2026-10-17,06,quantile,0.01,358.0
2026-10-10,wk inc covid hosp,1,2026-10-17,06,quantile,0.025,399.0
2026-10-10,wk inc covid hosp,1,2026-10-17,06,quantile,0.05,437.0
2026-10-10,wk inc covid hosp,1,2026-10-17,06,quantile,0.1,483.0
2026-10-10,wk inc covid hosp,1,2026-10-17,06,quantile,0.15,516.0
2026-10-10,wk inc covid hosp,1,2026-10-17,06,quantile,0.2,534.0
2026-10-10,wk inc covid hosp,1,2026-10-17,06,quantile,0.25,549.0
2026-10-10,wk inc covid hosp,1,2026-10-17,06,quantile,0.3,573.0
2026-10-10,wk inc covid hosp,1,2026-10-17,06,quantile,0.35,597.0
2026-10-10,wk inc covid hosp,1,2026-10-17,06,quantile,0.4,620.0
2026-10-10,wk inc covid hosp,1,2026-10-17,06,quantile,0.45,642.0
2026-10-10,wk inc covid hosp,1,2026-10-17,06,quantile,0.5,665.0
2026-10-10,wk inc covid hosp,1,2026-10-17,06,quantile,0.55,688.0
2026-10-10,wk inc covid hosp,1,2026-10-17,06,quantile,0.6,712.0
2026-10-10,wk inc covid hosp,1,2026-10-17,06,quantile,0.65,738.0
2026-10-10,wk inc covid hosp,1,2026-10-17,06,quantile,0.7,763.0
2026-10-10,wk inc covid hosp,1,2026-10-17,06,quantile,0.75,790.0
2026-10-10,wk inc covid hosp,1,2026-10-17,06,quantile,0.8,822.0
2026-10-10,wk inc covid hosp,1,2026-10-17,06,quantile,0.85,859.0
2026-10-10,wk inc covid hosp,1,2026-10-17,06,quantile,0.9,907.0
2026-10-10,wk inc covid hosp,1,2026-10-17,06,quantile,0.95,982.0
2026-10-10,wk inc covid hosp,1,2026-10-17,06,quantile,0.975,1049.0
2026-10-10,wk inc covid hosp,1,2026-10-17,06,quantile,0.99,1132.0
2026-10-10,wk inc covid hosp,1,2026-10-17,08,quantile,0.01,25.0
2026-10-10,wk inc covid hosp,1,2026-10-17,08,quantile,0.025,28.0
2026-10-10,wk inc covid hosp,1,2026-10-17,08,quantile,0.05,32.0
2026-10-10,wk inc covid hosp,1,2026-10-17,08,quantile,0.1,36.0
2026-10-10,wk inc covid hosp,1,2026-10-17,08,quantile,0.15,39.0
2026-10-10,wk inc covid hosp,1,2026-10-17,08,quantile,0.2,41.0
2026-10-10,wk inc covid hosp,1,2026-10-17,08,quantile,0.25,42.0
2026-10-10,wk inc covid hosp,1,2026-10-17,08,quantile,0.3,44.0
2026-10-10,wk inc covid hosp,1,2026-10-17,08,quantile,0.35,45.0
2026-10-10,wk inc covid hosp,1,2026-10-17,08,quantile,0.4,46.0
2026-10-10,wk inc covid hosp,1,2026-10-17,08,quantile,0.45,48.0
2026-10-10,wk inc covid hosp,1,2026-10-17,08,quantile,0.5,49.0
2026-10-10,wk inc covid hosp,1,2026-10-17,08,quantile,0.55,50.0
2026-10-10,wk inc covid hosp,1,2026-10-17,08,quantile,0.6,51.0
2026-10-10,wk inc covid hosp,1,2026-10-17,08,quantile,0.65,53.0
2026-10-10,wk inc covid hosp,1,2026-10-17,08,quantile,0.7,54.0
2026-10-10,wk inc covid hosp,1,2026-10-17,08,quantile,0.75,56.0
2026-10-10,wk inc covid hosp,1,2026-10-17,08,quantile,0.8,57.0
2026-10-10,wk inc covid hosp,1,2026-10-17,08,quantile,0.85,60.0
2026-10-10,wk inc covid hosp,1,2026-10-17,08,quantile,0.9,62.0
2026-10-10,wk inc covid hosp,1,2026-10-17,08,quantile,0.95,66.0
2026-10-10,wk inc covid hosp,1,2026-10-17,08,quantile,0.975,70.0
2026-10-10,wk inc covid hosp,1,2026-10-17,08,quantile,0.99,74.0
2026-10-10,wk inc covid hosp,1,2026-10-17,09,quantile,0.01,28.0
2026-10-10,wk inc covid hosp,1,2026-10-17,09,quantile,0.025,31.0
2026-10-10,wk inc covid hosp,1,2026-10-17,09,quantile,0.05,33.0
2026-10-10,wk inc covid hosp,1,2026-10-17,09,quantile,0.1,36.0
2026-10-10,wk inc covid hosp,1,2026-10-17,09,quantile,0.15,38.0
2026-10-10,wk inc covid hosp,1,2026-10-17,09,quantile,0.2,40.0
2026-10-10,wk inc covid hosp,1,2026-10-17,09,quantile,0.25,42.0
2026-10-10,wk inc covid hosp,1,2026-10-17,09,quantile,0.3,43.0
2026-10-10,wk inc covid hosp,1,2026-10-17,09,quantile,0.35,44.0
2026-10-10,wk inc covid hosp,1,2026-10-17,09,quantile,0.4,46.0
2026-10-10,wk inc covid hosp,1,2026-10-17,09,quantile,0.45,47.0
2026-10-10,wk inc covid hosp,1,2026-10-17,09,quantile,0.5,48.0
2026-10-10,wk inc covid hosp,1,2026-10-17,09,quantile,0.55,49.0
2026-10-10,wk inc covid hosp,1,2026-10-17,09,quantile,0.6,51.0
2026-10-10,wk inc covid hosp,1,2026-10-17,09,quantile,0.65,52.0
2026-10-10,wk inc covid hosp,1,2026-10-17,09,quantile,0.7,53.0
2026-10-10,wk inc covid hosp,1,2026-10-17,09,quantile,0.75,55.0
2026-10-10,wk inc covid hosp,1,2026-10-17,09,quantile,0.8,57.0
2026-10-10,wk inc covid hosp,1,2026-10-17,09,quantile,0.85,59.0
2026-10-10,wk inc covid hosp,1,2026-10-17,09,quantile,0.9,61.0
2026-10-10,wk inc covid hosp,1,2026-10-17,09,quantile,0.95,65.0
2026-10-10,wk inc covid hosp,1,2026-10-17,09,quantile,0.975,69.0
2026-10-10,wk inc covid hosp,1,2026-10-17,09,quantile,0.99,73.0
2026-10-10,wk inc covid hosp,1,2026-10-17,10,quantile,0.01,2.0
2026-10-10,wk inc covid hosp,1,2026-10-17,10,quantile,0.025,2.0
2026-10-10,wk inc covid hosp,1,2026-10-17,10,quantile,0.05,3.0
2026-10-10,wk inc covid hosp,1,2026-10-17,10,quantile,0.1,4.0
2026-10-10,wk inc covid hosp,1,2026-10-17,10,quantile,0.15,5.0
2026-10-10,wk inc covid hosp,1,2026-10-17,10,quantile,0.2,5.0
2026-10-10,wk inc covid hosp,1,2026-10-17,10,quantile,0.25,6.0
2026-10-10,wk inc covid hosp,1,2026-10-17,10,quantile,0.3,6.0
2026-10-10,wk inc covid hosp,1,2026-10-17,10,quantile,0.35,7.0
2026-10-10,wk inc covid hosp,1,2026-10-17,10,quantile,0.4,7.0
2026-10-10,wk inc covid hosp,1,2026-10-17,10,quantile,0.45,8.0
2026-10-10,wk inc covid hosp,1,2026-10-17,10,quantile,0.5,8.0
2026-10-10,wk inc covid hosp,1,2026-10-17,10,quantile,0.55,8.0
2026-10-10,wk inc covid hosp,1,2026-10-17,10,quantile,0.6,9.0
2026-10-10,wk inc covid hosp,1,2026-10-17,10,quantile,0.65,9.0
2026-10-10,wk inc covid hosp,1,2026-10-17,10,quantile,0.7,10.0
2026-10-10,wk inc covid hosp,1,2026-10-17,10,quantile,0.75,10.0
2026-10-10,wk inc covid hosp,1,2026-10-17,10,quantile,0.8,11.0
2026-10-10,wk inc covid hosp,1,2026-10-17,10,quantile,0.85,12.0
2026-10-10,wk inc covid hosp,1,2026-10-17,10,quantile,0.9,13.0
2026-10-10,wk inc covid hosp,1,2026-10-17,10,quantile,0.95,15.0
2026-10-10,wk inc covid hosp,1,2026-10-17,10,quantile,0.975,16.0
2026-10-10,wk inc covid hosp,1,2026-10-17,10,quantile,0.99,18.0
2026-10-10,wk inc covid hosp,1,2026-10-17,11,quantile,0.01,2.0
2026-10-10,wk inc covid hosp,1,2026-10-17,11,quantile,0.025,3.0
2026-10-10,wk inc covid hosp,1,2026-10-17,11,quantile,0.05,3.0
2026-10-10,wk inc covid hosp,1,2026-10-17,11,quantile,0.1,4.0
2026-10-10,wk inc covid hosp,1,2026-10-17,11,quantile,0.15,5.0
2026-10-10,wk inc covid hosp,1,2026-10-17,11,quantile,0.2,5.0
2026-10-10,wk inc covid hosp,1,2026-10-17,11,quantile,0.25,6.0
2026-10-10,wk inc covid hosp,1,2026-10-17,11,quantile,0.3,6.0
2026-10-10,wk inc covid hosp,1,2026-10-17,11,quantile,0.35,7.0
2026-10-10,wk inc covid hosp,1,2026-10-17,11,quantile,0.4,7.0
2026-10-10,wk inc covid hosp,1,2026-10-17,11,quantile,0.45,7.0
2026-10-10,wk inc covid hosp,1,2026-10-17,11,quantile,0.5,8.0
2026-10-10,wk inc covid hosp,1,2026-10-17,11,quantile,0.55,8.0
2026-10-10,wk inc covid hosp,1,2026-10-17,11,quantile,0.6,9.0
2026-10-10,wk inc covid hosp,1,2026-10-17,11,quantile,0.65,9.0
2026-10-10,wk inc covid hosp,1,2026-10-17,11,quantile,0.7,10.0
2026-10-10,wk inc covid hosp,1,2026-10-17,11,quantile,0.75,10.0
2026-10-10,wk inc covid hosp,1,2026-10-17,11,quantile,0.8,11.0
2026-10-10,wk inc covid hosp,1,2026-10-17,11,quantile,0.85,12.0
2026-10-10,wk inc covid hosp,1,2026-10-17,11,quantile,0.9,13.0
2026-10-10,wk inc covid hosp,1,2026-10-17,11,quantile,0.95,14.0
2026-10-10,wk inc covid hosp,1,2026-10-17,11,quantile,0.975,16.0
2026-10-10,wk inc covid hosp,1,2026-10-17,11,quantile,0.99,18.0
2026-10-10,wk inc covid hosp,1,2026-10-17,12,quantile,0.01,202.0
2026-10-10,wk inc covid hosp,1,2026-10-17,12,quantile,0.025,229.0
2026-10-10,wk inc covid hosp,1,2026-10-17,12,quantile,0.05,254.0
2026-10-10,wk inc covid hosp,1,2026-10-17,12,quantile,0.1,286.0
2026-10-10,wk inc covid hosp,1,2026-10-17,12,quantile,0.15,308.0
2026-10-10,wk inc covid hosp,1,2026-10-17,12,quantile,0.2,327.0
2026-10-10,wk inc covid hosp,1,2026-10-17,12,quantile,0.25,344.0
2026-10-10,wk inc covid hosp,1,2026-10-17,12,quantile,0.3,359.0
2026-10-10,wk inc covid hosp,1,2026-10-17,12,quantile,0.35,374.0
2026-10-10,wk inc covid hosp,1,2026-10-17,12,quantile,0.4,389.0
2026-10-10,wk inc covid hosp,1,2026-10-17,12,quantile,0.45,403.0
2026-10-10,wk inc covid hosp,1,2026-10-17,12,quantile,0.5,417.0
2026-10-10,wk inc covid hosp,1,2026-10-17,12,quantile,0.55,432.0
2026-10-10,wk inc covid hosp,1,2026-10-17,12,quantile,0.6,447.0
2026-10-10,wk inc covid hosp,1,2026-10-17,12,quantile,0.65,462.0
2026-10-10,wk inc covid hosp,1,2026-10-17,12,quantile,0.7,478.0
2026-10-10,wk inc covid hosp,1,2026-10-17,12,quantile,0.75,495.0
2026-10-10,wk inc covid hosp,1,2026-10-17,12,quantile,0.8,514.0
2026-10-10,wk inc covid hosp,1,2026-10-17,12,quantile,0.85,538.0
2026-10-10,wk inc covid hosp,1,2026-10-17,12,quantile,0.9,568.0
2026-10-10,wk inc covid hosp,1,2026-10-17,12,quantile,0.95,615.0
2026-10-10,wk inc covid hosp,1,2026-10-17,12,quantile,0.975,658.0
2026-10-10,wk inc covid hosp,1,2026-10-17,12,quantile,0.99,710.0
2026-10-10,wk inc covid hosp,1,2026-10-17,13,quantile,0.01,27.0
2026-10-10,wk inc covid hosp,1,2026-10-17,13,quantile,0.025,33.0
2026-10-10,wk inc covid hosp,1,2026-10-17,13,quantile,0.05,38.0
2026-10-10,wk inc covid hosp,1,2026-10-17,13,quantile,0.1,43.0
2026-10-10,wk inc covid hosp,1,2026-10-17,13,quantile,0.15,45.0
2026-10-10,wk inc covid hosp,1,2026-10-17,13,quantile,0.2,47.0
2026-10-10,wk inc covid hosp,1,2026-10-17,13,quantile,0.25,48.0
2026-10-10,wk inc covid hosp,1,2026-10-17,13,quantile,0.3,50.0
2026-10-10,wk inc covid hosp,1,2026-10-17,13,quantile,0.35,51.0
2026-10-10,wk inc covid hosp,1,2026-10-17,13,quantile,0.4,53.0
2026-10-10,wk inc covid hosp,1,2026-10-17,13,quantile,0.45,54.0
2026-10-10,wk inc covid hosp,1,2026-10-17,13,quantile,0.5,55.0
2026-10-10,wk inc covid hosp,1,2026-10-17,13,quantile,0.55,57.0
2026-10-10,wk inc covid hosp,1,2026-10-17,13,quantile,0.6,58.0
2026-10-10,wk inc covid hosp,1,2026-10-17,13,quantile,0.65,60.0
2026-10-10,wk inc covid hosp,1,2026-10-17,13,quantile,0.7,62.0
2026-10-10,wk inc covid hosp,1,2026-10-17,13,quantile,0.75,65.0
2026-10-10,wk inc covid hosp,1,2026-10-17,13,quantile,0.8,67.0
2026-10-10,wk inc covid hosp,1,2026-10-17,13,quantile,0.85,71.0
2026-10-10,wk inc covid hosp,1,2026-10-17,13,quantile,0.9,75.0
2026-10-10,wk inc covid hosp,1,2026-10-17,13,quantile,0.95,82.0
2026-10-10,wk inc covid hosp,1,2026-10-17,13,quantile,0.975,88.0
2026-10-10,wk inc covid hosp,1,2026-10-17,13,quantile,0.99,96.0
2026-10-10,wk inc covid hosp,1,2026-10-17,15,quantile,0.01,9.0
2026-10-10,wk inc covid hosp,1,2026-10-17,15,quantile,0.025,11.0
2026-10-10,wk inc covid hosp,1,2026-10-17,15,quantile,0.05,13.0
2026-10-10,wk inc covid hosp,1,2026-10-17,15,quantile,0.1,15.0
2026-10-10,wk inc covid hosp,1,2026-10-17,15,quantile,0.15,17.0
2026-10-10,wk inc covid hosp,1,2026-10-17,15,quantile,0.2,18.0
2026-10-10,wk inc covid hosp,1,2026-10-17,15,quantile,0.25,19.0
2026-10-10,wk inc covid hosp,1,2026-10-17,15,quantile,0.3,20.0
2026-10-10,wk inc covid hosp,1,2026-10-17,15,quantile,0.35,21.0
2026-10-10,wk inc covid hosp,1,2026-10-17,15,quantile,0.4,23.0
2026-10-10,wk inc covid hosp,1,2026-10-17,15,quantile,0.45,24.0
2026-10-10,wk inc covid hosp,1,2026-10-17,15,quantile,0.5,25.0
2026-10-10,wk inc covid hosp,1,2026-10-17,15,quantile,0.55,26.0
2026-10-10,wk inc covid hosp,1,2026-10-17,15,quantile,0.6,27.0
2026-10-10,wk inc covid hosp,1,2026-10-17,15,quantile,0.65,28.0
2026-10-10,wk inc covid hosp,1,2026-10-17,15,quantile,0.7,29.0
2026-10-10,wk inc covid hosp,1,2026-10-17,15,quantile,0.75,31.0
2026-10-10,wk inc covid hosp,1,2026-10-17,15,quantile,0.8,32.0
2026-10-10,wk inc covid hosp,1,2026-10-17,15,quantile,0.85,34.0
2026-10-10,wk inc covid hosp,1,2026-10-17,15,quantile,0.9,37.0
2026-10-10,wk inc covid hosp,1,2026-10-17,15,quantile,0.95,41.0
2026-10-10,wk inc covid hosp,1,2026-10-17,15,quantile,0.975,44.0
2026-10-10,wk inc covid hosp,1,2026-10-17,15,quantile,0.99,48.0
2026-10-10,wk inc covid hosp,1,2026-10-17,16,quantile,0.01,2.0
2026-10-10,wk inc covid hosp,1,2026-10-17,16,quantile,0.025,3.0
2026-10-10,wk inc covid hosp,1,2026-10-17,16,quantile,0.05,4.0
2026-10-10,wk inc covid hosp,1,2026-10-17,16,quantile,0.1,4.0
2026-10-10,wk inc covid hosp,1,2026-10-17,16,quantile,0.15,5.0
2026-10-10,wk inc covid hosp,1,2026-10-17,16,quantile,0.2,6.0
2026-10-10,wk inc covid hosp,1,2026-10-17,16,quantile,0.25,6.0
2026-10-10,wk inc covid hosp,1,2026-10-17,16,quantile,0.3,7.0
2026-10-10,wk inc covid hosp,1,2026-10-17,16,quantile,0.35,7.0
2026-10-10,wk inc covid hosp,1,2026-10-17,16,quantile,0.4,8.0
2026-10-10,wk inc covid hosp,1,2026-10-17,16,quantile,0.45,8.0
2026-10-10,wk inc covid hosp,1,2026-10-17,16,quantile,0.5,9.0
2026-10-10,wk inc covid hosp,1,2026-10-17,16,quantile,0.55,9.0
2026-10-10,wk inc covid hosp,1,2026-10-17,16,quantile,0.6,10.0
2026-10-10,wk inc covid hosp,1,2026-10-17,16,quantile,0.65,10.0
2026-10-10,wk inc covid hosp,1,2026-10-17,16,quantile,0.7,11.0
2026-10-10,wk inc covid hosp,1,2026-10-17,16,quantile,0.75,11.0
2026-10-10,wk inc covid hosp,1,2026-10-17,16,quantile,0.8,12.0
2026-10-10,wk inc covid hosp,1,2026-10-17,16,quantile,0.85,13.0
2026-10-10,wk inc covid hosp,1,2026-10-17,16,quantile,0.9,14.0
2026-10-10,wk inc covid hosp,1,2026-10-17,16,quantile,0.95,15.0
2026-10-10,wk inc covid hosp,1,2026-10-17,16,quantile,0.975,17.0
2026-10-10,wk inc covid hosp,1,2026-10-17,16,quantile,0.99,19.0
2026-10-10,wk inc covid hosp,1,2026-10-17,17,quantile,0.01,37.0
2026-10-10,wk inc covid hosp,1,2026-10-17,17,quantile,0.025,42.0
2026-10-10,wk inc covid hosp,1,2026-10-17,17,quantile,0.05,47.0
2026-10-10,wk inc covid hosp,1,2026-10-17,17,quantile,0.1,53.0
2026-10-10,wk inc covid hosp,1,2026-10-17,17,quantile,0.15,57.0
2026-10-10,wk inc covid hosp,1,2026-10-17,17,quantile,0.2,60.0
2026-10-10,wk inc covid hosp,1,2026-10-17,17,quantile,0.25,63.0
2026-10-10,wk inc covid hosp,1,2026-10-17,17,quantile,0.3,66.0
2026-10-10,wk inc covid hosp,1,2026-10-17,17,quantile,0.35,68.0
2026-10-10,wk inc covid hosp,1,2026-10-17,17,quantile,0.4,71.0
2026-10-10,wk inc covid hosp,1,2026-10-17,17,quantile,0.45,74.0
2026-10-10,wk inc covid hosp,1,2026-10-17,17,quantile,0.5,76.0
2026-10-10,wk inc covid hosp,1,2026-10-17,17,quantile,0.55,79.0
2026-10-10,wk inc covid hosp,1,2026-10-17,17,quantile,0.6,81.0
2026-10-10,wk inc covid hosp,1,2026-10-17,17,quantile,0.65,84.0
2026-10-10,wk inc covid hosp,1,2026-10-17,17,quantile,0.7,87.0
2026-10-10,wk inc covid hosp,1,2026-10-17,17,quantile,0.75,91.0
2026-10-10,wk inc covid hosp,1,2026-10-17,17,quantile,0.8,94.0
2026-10-10,wk inc covid hosp,1,2026-10-17,17,quantile,0.85,99.0
2026-10-10,wk inc covid hosp,1,2026-10-17,17,quantile,0.9,105.0
2026-10-10,wk inc covid hosp,1,2026-10-17,17,quantile,0.95,114.0
2026-10-10,wk inc covid hosp,1,2026-10-17,17,quantile,0.975,123.0
2026-10-10,wk inc covid hosp,1,2026-10-17,17,quantile,0.99,133.0
2026-10-10,wk inc covid hosp,1,2026-10-17,18,quantile,0.01,20.0
2026-10-10,wk inc covid hosp,1,2026-10-17,18,quantile,0.025,24.0
2026-10-10,wk inc covid hosp,1,2026-10-17,18,quantile,0.05,26.0
2026-10-10,wk inc covid hosp,1,2026-10-17,18,quantile,0.1,30.0
2026-10-10,wk inc covid hosp,1,2026-10-17,18,quantile,0.15,33.0
2026-10-10,wk inc covid hosp,1,2026-10-17,18,quantile,0.2,35.0
2026-10-10,wk inc covid hosp,1,2026-10-17,18,quantile,0.25,37.0
2026-10-10,wk inc covid hosp,1,2026-10-17,18,quantile,0.3,38.0
2026-10-10,wk inc covid hosp,1,2026-10-17,18,quantile,0.35,40.0
2026-10-10,wk inc covid hosp,1,2026-10-17,18,quantile,0.4,41.0
2026-10-10,wk inc covid hosp,1,2026-10-17,18,quantile,0.45,43.0
2026-10-10,wk inc covid hosp,1,2026-10-17,18,quantile,0.5,45.0
2026-10-10,wk inc covid hosp,1,2026-10-17,18,quantile,0.55,46.0
2026-10-10,wk inc covid hosp,1,2026-10-17,18,quantile,0.6,48.0
2026-10-10,wk inc covid hosp,1,2026-10-17,18,quantile,0.65,50.0
2026-10-10,wk inc covid hosp,1,2026-10-17,18,quantile,0.7,52.0
2026-10-10,wk inc covid hosp,1,2026-10-17,18,quantile,0.75,54.0
2026-10-10,wk inc covid hosp,1,2026-10-17,18,quantile,0.8,56.0
2026-10-10,wk inc covid hosp,1,2026-10-17,18,quantile,0.85,59.0
2026-10-10,wk inc covid hosp,1,2026-10-17,18,quantile,0.9,63.0
2026-10-10,wk inc covid hosp,1,2026-10-17,18,quantile,0.95,69.0
2026-10-10,wk inc covid hosp,1,2026-10-17,18,quantile,0.975,74.0
2026-10-10,wk inc covid hosp,1,2026-10-17,18,quantile,0.99,80.0
2026-10-10,wk inc covid hosp,1,2026-10-17,19,quantile,0.01,4.0
2026-10-10,wk inc covid hosp,1,2026-10-17,19,quantile,0.025,5.0
2026-10-10,wk inc covid hosp,1,2026-10-17,19,quantile,0.05,6.0
2026-10-10,wk inc covid hosp,1,2026-10-17,19,quantile,0.1,7.0
2026-10-10,wk inc covid hosp,1,2026-10-17,19,quantile,0.15,8.0
2026-10-10,wk inc covid hosp,1,2026-10-17,19,quantile,0.2,9.0
2026-10-10,wk inc covid hosp,1,2026-10-17,19,quantile,0.25,9.0
2026-10-10,wk inc covid hosp,1,2026-10-17,19,quantile,0.3,10.0
2026-10-10,wk inc covid hosp,1,2026-10-17,19,quantile,0.35,11.0
2026-10-10,wk inc covid hosp,1,2026-10-17,19,quantile,0.4,11.0
2026-10-10,wk inc covid hosp,1,2026-10-17,19,quantile,0.45,12.0
2026-10-10,wk inc covid hosp,1,2026-10-17,19,quantile,0.5,12.0
2026-10-10,wk inc covid hosp,1,2026-10-17,19,quantile,0.55,13.0
2026-10-10,wk inc covid hosp,1,2026-10-17,19,quantile,0.6,13.0
2026-10-10,wk inc covid hosp,1,2026-10-17,19,quantile,0.65,14.0
2026-10-10,wk inc covid hosp,1,2026-10-17,19,quantile,0.7,15.0
2026-10-10,wk inc covid hosp,1,2026-10-17,19,quantile,0.75,16.0
2026-10-10,wk inc covid hosp,1,2026-10-17,19,quantile,0.8,16.0
2026-10-10,wk inc covid hosp,1,2026-10-17,19,quantile,0.85,17.0
2026-10-10,wk inc covid hosp,1,2026-10-17,19,quantile,0.9,19.0
2026-10-10,wk inc covid hosp,1,2026-10-17,19,quantile,0.95,21.0
2026-10-10,wk inc covid hosp,1,2026-10-17,19,quantile,0.975,23.0
2026-10-10,wk inc covid hosp,1,2026-10-17,19,quantile,0.99,25.0
2026-10-10,wk inc covid hosp,1,2026-10-17,20,quantile,0.01,1.0
2026-10-10,wk inc covid hosp,1,2026-10-17,20,quantile,0.025,2.0
2026-10-10,wk inc covid hosp,1,2026-10-17,20,quantile,0.05,3.0
2026-10-10,wk inc covid hosp,1,2026-10-17,20,quantile,0.1,4.0
2026-10-10,wk inc covid hosp,1,2026-10-17,20,quantile,0.15,5.0
2026-10-10,wk inc covid hosp,1,2026-10-17,20,quantile,0.2,5.0
2026-10-10,wk inc covid hosp,1,2026-10-17,20,quantile,0.25,6.0
2026-10-10,wk inc covid hosp,1,2026-10-17,20,quantile,0.3,6.0
2026-10-10,wk inc covid hosp,1,2026-10-17,20,quantile,0.35,7.0
2026-10-10,wk inc covid hosp,1,2026-10-17,20,quantile,0.4,7.0
2026-10-10,wk inc covid hosp,1,2026-10-17,20,quantile,0.45,8.0
2026-10-10,wk inc covid hosp,1,2026-10-17,20,quantile,0.5,8.0
2026-10-10,wk inc covid hosp,1,2026-10-17,20,quantile,0.55,8.0
2026-10-10,wk inc covid hosp,1,2026-10-17,20,quantile,0.6,9.0
2026-10-10,wk inc covid hosp,1,2026-10-17,20,quantile,0.65,9.0
2026-10-10,wk inc covid hosp,1,2026-10-17,20,quantile,0.7,10.0
2026-10-10,wk inc covid hosp,1,2026-10-17,20,quantile,0.75,11.0
2026-10-10,wk inc covid hosp,1,2026-10-17,20,quantile,0.8,11.0
2026-10-10,wk inc covid hosp,1,2026-10-17,20,quantile,0.85,12.0
2026-10-10,wk inc covid hosp,1,2026-10-17,20,quantile,0.9,13.0
2026-10-10,wk inc covid hosp,1,2026-10-17,20,quantile,0.95,15.0
2026-10-10,wk inc covid hosp,1,2026-10-17,20,quantile,0.975,17.0
2026-10-10,wk inc covid hosp,1,2026-10-17,20,quantile,0.99,18.0
2026-10-10,wk inc covid hosp,1,2026-10-17,21,quantile,0.01,6.0
2026-10-10,wk inc covid hosp,1,2026-10-17,21,quantile,0.025,8.0
2026-10-10,wk inc covid hosp,1,2026-10-17,21,quantile,0.05,10.0
2026-10-10,wk inc covid hosp,1,2026-10-17,21,quantile,0.1,12.0
2026-10-10,wk inc covid hosp,1,2026-10-17,21,quantile,0.15,13.0
2026-10-10,wk inc covid hosp,1,2026-10-17,21,quantile,0.2,14.0
2026-10-10,wk inc covid hosp,1,2026-10-17,21,quantile,0.25,15.0
2026-10-10,wk inc covid hosp,1,2026-10-17,21,quantile,0.3,16.0
2026-10-10,wk inc covid hosp,1,2026-10-17,21,quantile,0.35,17.0
2026-10-10,wk inc covid hosp,1,2026-10-17,21,quantile,0.4,18.0
2026-10-10,wk inc covid hosp,1,2026-10-17,21,quantile,0.45,19.0
2026-10-10,wk inc covid hosp,1,2026-10-17,21,quantile,0.5,20.0
2026-10-10,wk inc covid hosp,1,2026-10-17,21,quantile,0.55,21.0
2026-10-10,wk inc covid hosp,1,2026-10-17,21,quantile,0.6,22.0
2026-10-10,wk inc covid hosp,1,2026-10-17,21,quantile,0.65,23.0
2026-10-10,wk inc covid hosp,1,2026-10-17,21,quantile,0.7,24.0
2026-10-10,wk inc covid hosp,1,2026-10-17,21,quantile,0.75,25.0
2026-10-10,wk inc covid hosp,1,2026-10-17,21,quantile,0.8,26.0
2026-10-10,wk inc covid hosp,1,2026-10-17,21,quantile,0.85,28.0
2026-10-10,wk inc covid hosp,1,2026-10-17,21,quantile,0.9,30.0
2026-10-10,wk inc covid hosp,1,2026-10-17,21,quantile,0.95,33.0
2026-10-10,wk inc covid hosp,1,2026-10-17,21,quantile,0.975,36.0
2026-10-10,wk inc covid hosp,1,2026-10-17,21,quantile,0.99,40.0
2026-10-10,wk inc covid hosp,1,2026-10-17,22,quantile,0.01,28.0
2026-10-10,wk inc covid hosp,1,2026-10-17,22,quantile,0.025,32.0
2026-10-10,wk inc covid hosp,1,2026-10-17,22,quantile,0.05,37.0
2026-10-10,wk inc covid hosp,1,2026-10-17,22,quantile,0.1,41.0
2026-10-10,wk inc covid hosp,1,2026-10-17,22,quantile,0.15,44.0
2026-10-10,wk inc covid hosp,1,2026-10-17,22,quantile,0.2,46.0
2026-10-10,wk inc covid hosp,1,2026-10-17,22,quantile,0.25,48.0
2026-10-10,wk inc covid hosp,1,2026-10-17,22,quantile,0.3,50.0
2026-10-10,wk inc covid hosp,1,2026-10-17,22,quantile,0.35,52.0
2026-10-10,wk inc covid hosp,1,2026-10-17,22,quantile,0.4,54.0
2026-10-10,wk inc covid hosp,1,2026-10-17,22,quantile,0.45,56.0
2026-10-10,wk inc covid hosp,1,2026-10-17,22,quantile,0.5,58.0
2026-10-10,wk inc covid hosp,1,2026-10-17,22,quantile,0.55,60.0
2026-10-10,wk inc covid hosp,1,2026-10-17,22,quantile,0.6,63.0
2026-10-10,wk inc covid hosp,1,2026-10-17,22,quantile,0.65,65.0
2026-10-10,wk inc covid hosp,1,2026-10-17,22,quantile,0.7,67.0
2026-10-10,wk inc covid hosp,1,2026-10-17,22,quantile,0.75,70.0
2026-10-10,wk inc covid hosp,1,2026-10-17,22,quantile,0.8,73.0
2026-10-10,wk inc covid hosp,1,2026-10-17,22,quantile,0.85,76.0
2026-10-10,wk inc covid hosp,1,2026-10-17,22,quantile,0.9,81.0
2026-10-10,wk inc covid hosp,1,2026-10-17,22,quantile,0.95,88.0
2026-10-10,wk inc covid hosp,1,2026-10-17,22,quantile,0.975,95.0
2026-10-10,wk inc covid hosp,1,2026-10-17,22,quantile,0.99,103.0
2026-10-10,wk inc covid hosp,1,2026-10-17,23,quantile,0.01,0.0
2026-10-10,wk inc covid hosp,1,2026-10-17,23,quantile,0.025,0.0
2026-10-10,wk inc covid hosp,1,2026-10-17,23,quantile,0.05,0.0
2026-10-10,wk inc covid hosp,1,2026-10-17,23,quantile,0.1,0.0
2026-10-10,wk inc covid hosp,1,2026-10-17,23,quantile,0.15,0.0
2026-10-10,wk inc covid hosp,1,2026-10-17,23,quantile,0.2,1.0
2026-10-10,wk inc covid hosp,1,2026-10-17,23,quantile,0.25,1.0
2026-10-10,wk inc covid hosp,1,2026-10-17,23,quantile,0.3,1.0
2026-10-10,wk inc covid hosp,1,2026-10-17,23,quantile,0.35,1.0
2026-10-10,wk inc covid hosp,1,2026-10-17,23,quantile,0.4,1.0
2026-10-10,wk inc covid hosp,1,2026-10-17,23,quantile,0.45,1.0
2026-10-10,wk inc covid hosp,1,2026-10-17,23,quantile,0.5,2.0
2026-10-10,wk inc covid hosp,1,2026-10-17,23,quantile,0.55,2.0
2026-10-10,wk inc covid hosp,1,2026-10-17,23,quantile,0.6,2.0
2026-10-10,wk inc covid hosp,1,2026-10-17,23,quantile,0.65,2.0
2026-10-10,wk inc covid hosp,1,2026-10-17,23,quantile,0.7,2.0
2026-10-10,wk inc covid hosp,1,2026-10-17,23,quantile,0.75,3.0
2026-10-10,wk inc covid hosp,1,2026-10-17,23,quantile,0.8,3.0
2026-10-10,wk inc covid hosp,1,2026-10-17,23,quantile,0.85,3.0
2026-10-10,wk inc covid hosp,1,2026-10-17,23,quantile,0.9,4.0
2026-10-10,wk inc covid hosp,1,2026-10-17,23,quantile,0.95,5.0
2026-10-10,wk inc covid hosp,1,2026-10-17,23,quantile,0.975,5.0
2026-10-10,wk inc covid hosp,1,2026-10-17,23,quantile,0.99,6.0
2026-10-10,wk inc covid hosp,1,2026-10-17,24,quantile,0.01,21.0
2026-10-10,wk inc covid hosp,1,2026-10-17,24,quantile,0.025,24.0
2026-10-10,wk inc covid hosp,1,2026-10-17,24,quantile,0.05,27.0
2026-10-10,wk inc covid hosp,1,2026-10-17,24,quantile,0.1,30.0
2026-10-10,wk inc covid hosp,1,2026-10-17,24,quantile,0.15,33.0
2026-10-10,wk inc covid hosp,1,2026-10-17,24,quantile,0.2,35.0
2026-10-10,wk inc covid hosp,1,2026-10-17,24,quantile,0.25,37.0
2026-10-10,wk inc covid hosp,1,2026-10-17,24,quantile,0.3,39.0
2026-10-10,wk inc covid hosp,1,2026-10-17,24,quantile,0.35,40.0
2026-10-10,wk inc covid hosp,1,2026-10-17,24,quantile,0.4,42.0
2026-10-10,wk inc covid hosp,1,2026-10-17,24,quantile,0.45,44.0
2026-10-10,wk inc covid hosp,1,2026-10-17,24,quantile,0.5,45.0
2026-10-10,wk inc covid hosp,1,2026-10-17,24,quantile,0.55,47.0
2026-10-10,wk inc covid hosp,1,2026-10-17,24,quantile,0.6,48.0
2026-10-10,wk inc covid hosp,1,2026-10-17,24,quantile,0.65,50.0
2026-10-10,wk inc covid hosp,1,2026-10-17,24,quantile,0.7,51.0
2026-10-10,wk inc covid hosp,1,2026-10-17,24,quantile,0.75,52.0
2026-10-10,wk inc covid hosp,1,2026-10-17,24,quantile,0.8,54.0
2026-10-10,wk inc covid hosp,1,2026-10-17,24,quantile,0.85,56.0
2026-10-10,wk inc covid hosp,1,2026-10-17,24,quantile,0.9,59.0
2026-10-10,wk inc covid hosp,1,2026-10-17,24,quantile,0.95,63.0
2026-10-10,wk inc covid hosp,1,2026-10-17,24,quantile,0.975,66.0
2026-10-10,wk inc covid hosp,1,2026-10-17,24,quantile,0.99,70.0
2026-10-10,wk inc covid hosp,1,2026-10-17,25,quantile,0.01,33.0
2026-10-10,wk inc covid hosp,1,2026-10-17,25,quantile,0.025,38.0
2026-10-10,wk inc covid hosp,1,2026-10-17,25,quantile,0.05,42.0
2026-10-10,wk inc covid hosp,1,2026-10-17,25,quantile,0.1,47.0
2026-10-10,wk inc covid hosp,1,2026-10-17,25,quantile,0.15,51.0
2026-10-10,wk inc covid hosp,1,2026-10-17,25,quantile,0.2,54.0
2026-10-10,wk inc covid hosp,1,2026-10-17,25,quantile,0.25,57.0
2026-10-10,wk inc covid hosp,1,2026-10-17,25,quantile,0.3,60.0
2026-10-10,wk inc covid hosp,1,2026-10-17,25,quantile,0.35,62.0
2026-10-10,wk inc covid hosp,1,2026-10-17,25,quantile,0.4,64.0
2026-10-10,wk inc covid hosp,1,2026-10-17,25,quantile,0.45,67.0
2026-10-10,wk inc covid hosp,1,2026-10-17,25,quantile,0.5,69.0
2026-10-10,wk inc covid hosp,1,2026-10-17,25,quantile,0.55,71.0
2026-10-10,wk inc covid hosp,1,2026-10-17,25,quantile,0.6,74.0
2026-10-10,wk inc covid hosp,1,2026-10-17,25,quantile,0.65,76.0
2026-10-10,wk inc covid hosp,1,2026-10-17,25,quantile,0.7,79.0
2026-10-10,wk inc covid hosp,1,2026-10-17,25,quantile,0.75,82.0
2026-10-10,wk inc covid hosp,1,2026-10-17,25,quantile,0.8,86.0
2026-10-10,wk inc covid hosp,1,2026-10-17,25,quantile,0.85,90.0
2026-10-10,wk inc covid hosp,1,2026-10-17,25,quantile,0.9,95.0
2026-10-10,wk inc covid hosp,1,2026-10-17,25,quantile,0.95,104.0
2026-10-10,wk inc covid hosp,1,2026-10-17,25,quantile,0.975,112.0
2026-10-10,wk inc covid hosp,1,2026-10-17,25,quantile,0.99,121.0
2026-10-10,wk inc covid hosp,1,2026-10-17,26,quantile,0.01,33.0
2026-10-10,wk inc covid hosp,1,2026-10-17,26,quantile,0.025,37.0
2026-10-10,wk inc covid hosp,1,2026-10-17,26,quantile,0.05,41.0
2026-10-10,wk inc covid hosp,1,2026-10-17,26,quantile,0.1,46.0
2026-10-10,wk inc covid hosp,1,2026-10-17,26,quantile,0.15,50.0
2026-10-10,wk inc covid hosp,1,2026-10-17,26,quantile,0.2,53.0
2026-10-10,wk inc covid hosp,1,2026-10-17,26,quantile,0.25,56.0
2026-10-10,wk inc covid hosp,1,2026-10-17,26,quantile,0.3,58.0
2026-10-10,wk inc covid hosp,1,2026-10-17,26,quantile,0.35,61.0
2026-10-10,wk inc covid hosp,1,2026-10-17,26,quantile,0.4,63.0
2026-10-10,wk inc covid hosp,1,2026-10-17,26,quantile,0.45,65.0
2026-10-10,wk inc covid hosp,1,2026-10-17,26,quantile,0.5,67.0
2026-10-10,wk inc covid hosp,1,2026-10-17,26,quantile,0.55,70.0
2026-10-10,wk inc covid hosp,1,2026-10-17,26,quantile,0.6,72.0
2026-10-10,wk inc covid hosp,1,2026-10-17,26,quantile,0.65,75.0
2026-10-10,wk inc covid hosp,1,2026-10-17,26,quantile,0.7,77.0
2026-10-10,wk inc covid hosp,1,2026-10-17,26,quantile,0.75,80.0
2026-10-10,wk inc covid hosp,1,2026-10-17,26,quantile,0.8,84.0
2026-10-10,wk inc covid hosp,1,2026-10-17,26,quantile,0.85,88.0
2026-10-10,wk inc covid hosp,1,2026-10-17,26,quantile,0.9,93.0
2026-10-10,wk inc covid hosp,1,2026-10-17,26,quantile,0.95,102.0
2026-10-10,wk inc covid hosp,1,2026-10-17,26,quantile,0.975,109.0
2026-10-10,wk inc covid hosp,1,2026-10-17,26,quantile,0.99,118.0
2026-10-10,wk inc covid hosp,1,2026-10-17,27,quantile,0.01,20.0
2026-10-10,wk inc covid hosp,1,2026-10-17,27,quantile,0.025,23.0
2026-10-10,wk inc covid hosp,1,2026-10-17,27,quantile,0.05,26.0
2026-10-10,wk inc covid hosp,1,2026-10-17,27,quantile,0.1,29.0
2026-10-10,wk inc covid hosp,1,2026-10-17,27,quantile,0.15,32.0
2026-10-10,wk inc covid hosp,1,2026-10-17,27,quantile,0.2,34.0
2026-10-10,wk inc covid hosp,1,2026-10-17,27,quantile,0.25,36.0
2026-10-10,wk inc covid hosp,1,2026-10-17,27,quantile,0.3,37.0
2026-10-10,wk inc covid hosp,1,2026-10-17,27,quantile,0.35,39.0
2026-10-10,wk inc covid hosp,1,2026-10-17,27,quantile,0.4,41.0
2026-10-10,wk inc covid hosp,1,2026-10-17,27,quantile,0.45,42.0
2026-10-10,wk inc covid hosp,1,2026-10-17,27,quantile,0.5,44.0
2026-10-10,wk inc covid hosp,1,2026-10-17,27,quantile,0.55,45.0
2026-10-10,wk inc covid hosp,1,2026-10-17,27,quantile,0.6,47.0
2026-10-10,wk inc covid hosp,1,2026-10-17,27,quantile,0.65,49.0
2026-10-10,wk inc covid hosp,1,2026-10-17,27,quantile,0.7,51.0
2026-10-10,wk inc covid hosp,1,2026-10-17,27,quantile,0.75,53.0
2026-10-10,wk inc covid hosp,1,2026-10-17,27,quantile,0.8,55.0
2026-10-10,wk inc covid hosp,1,2026-10-17,27,quantile,0.85,58.0
2026-10-10,wk inc covid hosp,1,2026-10-17,27,quantile,0.9,62.0
2026-10-10,wk inc covid hosp,1,2026-10-17,27,quantile,0.95,67.0
2026-10-10,wk inc covid hosp,1,2026-10-17,27,quantile,0.975,72.0
2026-10-10,wk inc covid hosp,1,2026-10-17,27,quantile,0.99,79.0
2026-10-10,wk inc covid hosp,1,2026-10-17,28,quantile,0.01,8.0
2026-10-10,wk inc covid hosp,1,2026-10-17,28,quantile,0.025,10.0
2026-10-10,wk inc covid hosp,1,2026-10-17,28,quantile,0.05,12.0
2026-10-10,wk inc covid hosp,1,2026-10-17,28,quantile,0.1,14.0
2026-10-10,wk inc covid hosp,1,2026-10-17,28,quantile,0.15,16.0
2026-10-10,wk inc covid hosp,1,2026-10-17,28,quantile,0.2,18.0
2026-10-10,wk inc covid hosp,1,2026-10-17,28,quantile,0.25,19.0
2026-10-10,wk inc covid hosp,1,2026-10-17,28,quantile,0.3,21.0
2026-10-10,wk inc covid hosp,1,2026-10-17,28,quantile,0.35,22.0
2026-10-10,wk inc covid hosp,1,2026-10-17,28,quantile,0.4,23.0
2026-10-10,wk inc covid hosp,1,2026-10-17,28,quantile,0.45,25.0
2026-10-10,wk inc covid hosp,1,2026-10-17,28,quantile,0.5,26.0
2026-10-10,wk inc covid hosp,1,2026-10-17,28,quantile,0.55,27.0
2026-10-10,wk inc covid hosp,1,2026-10-17,28,quantile,0.6,29.0
2026-10-10,wk inc covid hosp,1,2026-10-17,28,quantile,0.65,30.0
2026-10-10,wk inc covid hosp,1,2026-10-17,28,quantile,0.7,32.0
2026-10-10,wk inc covid hosp,1,2026-10-17,28,quantile,0.75,34.0
2026-10-10,wk inc covid hosp,1,2026-10-17,28,quantile,0.8,36.0
2026-10-10,wk inc covid hosp,1,2026-10-17,28,quantile,0.85,38.0
2026-10-10,wk inc covid hosp,1,2026-10-17,28,quantile,0.9,41.0
2026-10-10,wk inc covid hosp,1,2026-10-17,28,quantile,0.95,45.0
2026-10-10,wk inc covid hosp,1,2026-10-17,28,quantile,0.975,49.0
2026-10-10,wk inc covid hosp,1,2026-10-17,28,quantile,0.99,54.0
2026-10-10,wk inc covid hosp,1,2026-10-17,29,quantile,0.01,17.0
2026-10-10,wk inc covid hosp,1,2026-10-17,29,quantile,0.025,19.0
2026-10-10,wk inc covid hosp,1,2026-10-17,29,quantile,0.05,22.0
2026-10-10,wk inc covid hosp,1,2026-10-17,29,quantile,0.1,25.0
2026-10-10,wk inc covid hosp,1,2026-10-17,29,quantile,0.15,27.0
2026-10-10,wk inc covid hosp,1,2026-10-17,29,quantile,0.2,29.0
2026-10-10,wk inc covid hosp,1,2026-10-17,29,quantile,0.25,30.0
2026-10-10,wk inc covid hosp,1,2026-10-17,29,quantile,0.3,32.0
2026-10-10,wk inc covid hosp,1,2026-10-17,29,quantile,0.35,33.0
2026-10-10,wk inc covid hosp,1,2026-10-17,29,quantile,0.4,35.0
2026-10-10,wk inc covid hosp,1,2026-10-17,29,quantile,0.45,36.0
2026-10-10,wk inc covid hosp,1,2026-10-17,29,quantile,0.5,37.0
2026-10-10,wk inc covid hosp,1,2026-10-17,29,quantile,0.55,39.0
2026-10-10,wk inc covid hosp,1,2026-10-17,29,quantile,0.6,40.0
2026-10-10,wk inc covid hosp,1,2026-10-17,29,quantile,0.65,42.0
2026-10-10,wk inc covid hosp,1,2026-10-17,29,quantile,0.7,43.0
2026-10-10,wk inc covid hosp,1,2026-10-17,29,quantile,0.75,45.0
2026-10-10,wk inc covid hosp,1,2026-10-17,29,quantile,0.8,47.0
2026-10-10,wk inc covid hosp,1,2026-10-17,29,quantile,0.85,50.0
2026-10-10,wk inc covid hosp,1,2026-10-17,29,quantile,0.9,53.0
2026-10-10,wk inc covid hosp,1,2026-10-17,29,quantile,0.95,58.0
2026-10-10,wk inc covid hosp,1,2026-10-17,29,quantile,0.975,62.0
2026-10-10,wk inc covid hosp,1,2026-10-17,29,quantile,0.99,68.0
2026-10-10,wk inc covid hosp,1,2026-10-17,30,quantile,0.01,5.0
2026-10-10,wk inc covid hosp,1,2026-10-17,30,quantile,0.025,6.0
2026-10-10,wk inc covid hosp,1,2026-10-17,30,quantile,0.05,7.0
2026-10-10,wk inc covid hosp,1,2026-10-17,30,quantile,0.1,8.0
2026-10-10,wk inc covid hosp,1,2026-10-17,30,quantile,0.15,9.0
2026-10-10,wk inc covid hosp,1,2026-10-17,30,quantile,0.2,10.0
2026-10-10,wk inc covid hosp,1,2026-10-17,30,quantile,0.25,10.0
2026-10-10,wk inc covid hosp,1,2026-10-17,30,quantile,0.3,11.0
2026-10-10,wk inc covid hosp,1,2026-10-17,30,quantile,0.35,11.0
2026-10-10,wk inc covid hosp,1,2026-10-17,30,quantile,0.4,12.0
2026-10-10,wk inc covid hosp,1,2026-10-17,30,quantile,0.45,12.0
2026-10-10,wk inc covid hosp,1,2026-10-17,30,quantile,0.5,13.0
2026-10-10,wk inc covid hosp,1,2026-10-17,30,quantile,0.55,13.0
2026-10-10,wk inc covid hosp,1,2026-10-17,30,quantile,0.6,14.0
2026-10-10,wk inc covid hosp,1,2026-10-17,30,quantile,0.65,14.0
2026-10-10,wk inc covid hosp,1,2026-10-17,30,quantile,0.7,15.0
2026-10-10,wk inc covid hosp,1,2026-10-17,30,quantile,0.75,16.0
2026-10-10,wk inc covid hosp,1,2026-10-17,30,quantile,0.8,16.0
2026-10-10,wk inc covid hosp,1,2026-10-17,30,quantile,0.85,17.0
2026-10-10,wk inc covid hosp,1,2026-10-17,30,quantile,0.9,19.0
2026-10-10,wk inc covid hosp,1,2026-10-17,30,quantile,0.95,20.0
2026-10-10,wk inc covid hosp,1,2026-10-17,30,quantile,0.975,22.0
2026-10-10,wk inc covid hosp,1,2026-10-17,30,quantile,0.99,24.0
2026-10-10,wk inc covid hosp,1,2026-10-17,31,quantile,0.01,2.0
2026-10-10,wk inc covid hosp,1,2026-10-17,31,quantile,0.025,3.0
2026-10-10,wk inc covid hosp,1,2026-10-17,31,quantile,0.05,4.0
2026-10-10,wk inc covid hosp,1,2026-10-17,31,quantile,0.1,5.0
2026-10-10,wk inc covid hosp,1,2026-10-17,31,quantile,0.15,5.0
2026-10-10,wk inc covid hosp,1,2026-10-17,31,quantile,0.2,6.0
2026-10-10,wk inc covid hosp,1,2026-10-17,31,quantile,0.25,6.0
2026-10-10,wk inc covid hosp,1,2026-10-17,31,quantile,0.3,7.0
2026-10-10,wk inc covid hosp,1,2026-10-17,31,quantile,0.35,7.0
2026-10-10,wk inc covid hosp,1,2026-10-17,31,quantile,0.4,8.0
2026-10-10,wk inc covid hosp,1,2026-10-17,31,quantile,0.45,8.0
2026-10-10,wk inc covid hosp,1,2026-10-17,31,quantile,0.5,8.0
2026-10-10,wk inc covid hosp,1,2026-10-17,31,quantile,0.55,9.0
2026-10-10,wk inc covid hosp,1,2026-10-17,31,quantile,0.6,9.0
2026-10-10,wk inc covid hosp,1,2026-10-17,31,quantile,0.65,10.0
2026-10-10,wk inc covid hosp,1,2026-10-17,31,quantile,0.7,10.0
2026-10-10,wk inc covid hosp,1,2026-10-17,31,quantile,0.75,11.0
2026-10-10,wk inc covid hosp,1,2026-10-17,31,quantile,0.8,11.0
2026-10-10,wk inc covid hosp,1,2026-10-17,31,quantile,0.85,12.0
2026-10-10,wk inc covid hosp,1,2026-10-17,31,quantile,0.9,13.0
2026-10-10,wk inc covid hosp,1,2026-10-17,31,quantile,0.95,14.0
2026-10-10,wk inc covid hosp,1,2026-10-17,31,quantile,0.975,16.0
2026-10-10,wk inc covid hosp,1,2026-10-17,31,quantile,0.99,17.0
2026-10-10,wk inc covid hosp,1,2026-10-17,32,quantile,0.01,19.0
2026-10-10,wk inc covid hosp,1,2026-10-17,32,quantile,0.025,22.0
2026-10-10,wk inc covid hosp,1,2026-10-17,32,quantile,0.05,24.0
2026-10-10,wk inc covid hosp,1,2026-10-17,32,quantile,0.1,28.0
2026-10-10,wk inc covid hosp,1,2026-10-17,32,quantile,0.15,29.0
2026-10-10,wk inc covid hosp,1,2026-10-17,32,quantile,0.2,31.0
2026-10-10,wk inc covid hosp,1,2026-10-17,32,quantile,0.25,32.0
2026-10-10,wk inc covid hosp,1,2026-10-17,32,quantile,0.3,33.0
2026-10-10,wk inc covid hosp,1,2026-10-17,32,quantile,0.35,34.0
2026-10-10,wk inc covid hosp,1,2026-10-17,32,quantile,0.4,35.0
2026-10-10,wk inc covid hosp,1,2026-10-17,32,quantile,0.45,36.0
2026-10-10,wk inc covid hosp,1,2026-10-17,32,quantile,0.5,37.0
2026-10-10,wk inc covid hosp,1,2026-10-17,32,quantile,0.55,38.0
2026-10-10,wk inc covid hosp,1,2026-10-17,32,quantile,0.6,39.0
2026-10-10,wk inc covid hosp,1,2026-10-17,32,quantile,0.65,40.0
2026-10-10,wk inc covid hosp,1,2026-10-17,32,quantile,0.7,42.0
2026-10-10,wk inc covid hosp,1,2026-10-17,32,quantile,0.75,43.0
2026-10-10,wk inc covid hosp,1,2026-10-17,32,quantile,0.8,44.0
2026-10-10,wk inc covid hosp,1,2026-10-17,32,quantile,0.85,46.0
2026-10-10,wk inc covid hosp,1,2026-10-17,32,quantile,0.9,48.0
2026-10-10,wk inc covid hosp,1,2026-10-17,32,quantile,0.95,52.0
2026-10-10,wk inc covid hosp,1,2026-10-17,32,quantile,0.975,55.0
2026-10-10,wk inc covid hosp,1,2026-10-17,32,quantile,0.99,58.0
2026-10-10,wk inc covid hosp,1,2026-10-17,33,quantile,0.01,1.0
2026-10-10,wk inc covid hosp,1,2026-10-17,33,quantile,0.025,2.0
2026-10-10,wk inc covid hosp,1,2026-10-17,33,quantile,0.05,2.0
2026-10-10,wk inc covid hosp,1,2026-10-17,33,quantile,0.1,3.0
2026-10-10,wk inc covid hosp,1,2026-10-17,33,quantile,0.15,4.0
2026-10-10,wk inc covid hosp,1,2026-10-17,33,quantile,0.2,4.0
2026-10-10,wk inc covid hosp,1,2026-10-17,33,quantile,0.25,5.0
2026-10-10,wk inc covid hosp,1,2026-10-17,33,quantile,0.3,5.0
2026-10-10,wk inc covid hosp,1,2026-10-17,33,quantile,0.35,5.0
2026-10-10,wk inc covid hosp,1,2026-10-17,33,quantile,0.4,6.0
2026-10-10,wk inc covid hosp,1,2026-10-17,33,quantile,0.45,6.0
2026-10-10,wk inc covid hosp,1,2026-10-17,33,quantile,0.5,6.0
2026-10-10,wk inc covid hosp,1,2026-10-17,33,quantile,0.55,7.0
2026-10-10,wk inc covid hosp,1,2026-10-17,33,quantile,0.6,7.0
2026-10-10,wk inc covid hosp,1,2026-10-17,33,quantile,0.65,8.0
2026-10-10,wk inc covid hosp,1,2026-10-17,33,quantile,0.7,8.0
2026-10-10,wk inc covid hosp,1,2026-10-17,33,quantile,0.75,9.0
2026-10-10,wk inc covid hosp,1,2026-10-17,33,quantile,0.8,9.0
2026-10-10,wk inc covid hosp,1,2026-10-17,33,quantile,0.85,10.0
2026-10-10,wk inc covid hosp,1,2026-10-17,33,quantile,0.9,11.0
2026-10-10,wk inc covid hosp,1,2026-10-17,33,quantile,0.95,12.0
2026-10-10,wk inc covid hosp,1,2026-10-17,33,quantile,0.975,14.0
2026-10-10,wk inc covid hosp,1,2026-10-17,33,quantile,0.99,15.0
2026-10-10,wk inc covid hosp,1,2026-10-17,34,quantile,0.01,99.0
2026-10-10,wk inc covid hosp,1,2026-10-17,34,quantile,0.025,110.0
2026-10-10,wk inc covid hosp,1,2026-10-17,34,quantile,0.05,116.0
2026-10-10,wk inc covid hosp,1,2026-10-17,34,quantile,0.1,124.0
2026-10-10,wk inc covid hosp,1,2026-10-17,34,quantile,0.15,129.0
2026-10-10,wk inc covid hosp,1,2026-10-17,34,quantile,0.2,134.0
2026-10-10,wk inc covid hosp,1,2026-10-17,34,quantile,0.25,138.0
2026-10-10,wk inc covid hosp,1,2026-10-17,34,quantile,0.3,141.0
2026-10-10,wk inc covid hosp,1,2026-10-17,34,quantile,0.35,145.0
2026-10-10,wk inc covid hosp,1,2026-10-17,34,quantile,0.4,148.0
2026-10-10,wk inc covid hosp,1,2026-10-17,34,quantile,0.45,151.0
2026-10-10,wk inc covid hosp,1,2026-10-17,34,quantile,0.5,154.0
2026-10-10,wk inc covid hosp,1,2026-10-17,34,quantile,0.55,157.0
2026-10-10,wk inc covid hosp,1,2026-10-17,34,quantile,0.6,160.0
2026-10-10,wk inc covid hosp,1,2026-10-17,34,quantile,0.65,164.0
2026-10-10,wk inc covid hosp,1,2026-10-17,34,quantile,0.7,167.0
2026-10-10,wk inc covid hosp,1,2026-10-17,34,quantile,0.75,171.0
2026-10-10,wk inc covid hosp,1,2026-10-17,34,quantile,0.8,176.0
2026-10-10,wk inc covid hosp,1,2026-10-17,34,quantile,0.85,181.0
2026-10-10,wk inc covid hosp,1,2026-10-17,34,quantile,0.9,188.0
2026-10-10,wk inc covid hosp,1,2026-10-17,34,quantile,0.95,198.0
2026-10-10,wk inc covid hosp,1,2026-10-17,34,quantile,0.975,208.0
2026-10-10,wk inc covid hosp,1,2026-10-17,34,quantile,0.99,219.0
2026-10-10,wk inc covid hosp,1,2026-10-17,35,quantile,0.01,2.0
2026-10-10,wk inc covid hosp,1,2026-10-17,35,quantile,0.025,3.0
2026-10-10,wk inc covid hosp,1,2026-10-17,35,quantile,0.05,4.0
2026-10-10,wk inc covid hosp,1,2026-10-17,35,quantile,0.1,5.0
2026-10-10,wk inc covid hosp,1,2026-10-17,35,quantile,0.15,6.0
2026-10-10,wk inc covid hosp,1,2026-10-17,35,quantile,0.2,7.0
2026-10-10,wk inc covid hosp,1,2026-10-17,35,quantile,0.25,7.0
2026-10-10,wk inc covid hosp,1,2026-10-17,35,quantile,0.3,8.0
2026-10-10,wk inc covid hosp,1,2026-10-17,35,quantile,0.35,8.0
2026-10-10,wk inc covid hosp,1,2026-10-17,35,quantile,0.4,9.0
2026-10-10,wk inc covid hosp,1,2026-10-17,35,quantile,0.45,9.0
2026-10-10,wk inc covid hosp,1,2026-10-17,35,quantile,0.5,10.0
2026-10-10,wk inc covid hosp,1,2026-10-17,35,quantile,0.55,10.0
2026-10-10,wk inc covid hosp,1,2026-10-17,35,quantile,0.6,11.0
2026-10-10,wk inc covid hosp,1,2026-10-17,35,quantile,0.65,11.0
2026-10-10,wk inc covid hosp,1,2026-10-17,35,quantile,0.7,12.0
2026-10-10,wk inc covid hosp,1,2026-10-17,35,quantile,0.75,13.0
2026-10-10,wk inc covid hosp,1,2026-10-17,35,quantile,0.8,13.0
2026-10-10,wk inc covid hosp,1,2026-10-17,35,quantile,0.85,14.0
2026-10-10,wk inc covid hosp,1,2026-10-17,35,quantile,0.9,16.0
2026-10-10,wk inc covid hosp,1,2026-10-17,35,quantile,0.95,18.0
2026-10-10,wk inc covid hosp,1,2026-10-17,35,quantile,0.975,19.0
2026-10-10,wk inc covid hosp,1,2026-10-17,35,quantile,0.99,22.0
2026-10-10,wk inc covid hosp,1,2026-10-17,36,quantile,0.01,174.0
2026-10-10,wk inc covid hosp,1,2026-10-17,36,quantile,0.025,195.0
2026-10-10,wk inc covid hosp,1,2026-10-17,36,quantile,0.05,213.0
2026-10-10,wk inc covid hosp,1,2026-10-17,36,quantile,0.1,236.0
2026-10-10,wk inc covid hosp,1,2026-10-17,36,quantile,0.15,253.0
2026-10-10,wk inc covid hosp,1,2026-10-17,36,quantile,0.2,267.0
2026-10-10,wk inc covid hosp,1,2026-10-17,36,quantile,0.25,279.0
2026-10-10,wk inc covid hosp,1,2026-10-17,36,quantile,0.3,290.0
2026-10-10,wk inc covid hosp,1,2026-10-17,36,quantile,0.35,300.0
2026-10-10,wk inc covid hosp,1,2026-10-17,36,quantile,0.4,311.0
2026-10-10,wk inc covid hosp,1,2026-10-17,36,quantile,0.45,321.0
2026-10-10,wk inc covid hosp,1,2026-10-17,36,quantile,0.5,330.0
2026-10-10,wk inc covid hosp,1,2026-10-17,36,quantile,0.55,336.0
2026-10-10,wk inc covid hosp,1,2026-10-17,36,quantile,0.6,342.0
2026-10-10,wk inc covid hosp,1,2026-10-17,36,quantile,0.65,349.0
2026-10-10,wk inc covid hosp,1,2026-10-17,36,quantile,0.7,356.0
2026-10-10,wk inc covid hosp,1,2026-10-17,36,quantile,0.75,364.0
2026-10-10,wk inc covid hosp,1,2026-10-17,36,quantile,0.8,373.0
2026-10-10,wk inc covid hosp,1,2026-10-17,36,quantile,0.85,384.0
2026-10-10,wk inc covid hosp,1,2026-10-17,36,quantile,0.9,397.0
2026-10-10,wk inc covid hosp,1,2026-10-17,36,quantile,0.95,418.0
2026-10-10,wk inc covid hosp,1,2026-10-17,36,quantile,0.975,436.0
2026-10-10,wk inc covid hosp,1,2026-10-17,36,quantile,0.99,458.0
2026-10-10,wk inc covid hosp,1,2026-10-17,37,quantile,0.01,103.0
2026-10-10,wk inc covid hosp,1,2026-10-17,37,quantile,0.025,111.0
2026-10-10,wk inc covid hosp,1,2026-10-17,37,quantile,0.05,117.0
2026-10-10,wk inc covid hosp,1,2026-10-17,37,quantile,0.1,125.0
2026-10-10,wk inc covid hosp,1,2026-10-17,37,quantile,0.15,131.0
2026-10-10,wk inc covid hosp,1,2026-10-17,37,quantile,0.2,135.0
2026-10-10,wk inc covid hosp,1,2026-10-17,37,quantile,0.25,139.0
2026-10-10,wk inc covid hosp,1,2026-10-17,37,quantile,0.3,143.0
2026-10-10,wk inc covid hosp,1,2026-10-17,37,quantile,0.35,146.0
2026-10-10,wk inc covid hosp,1,2026-10-17,37,quantile,0.4,149.0
2026-10-10,wk inc covid hosp,1,2026-10-17,37,quantile,0.45,152.0
2026-10-10,wk inc covid hosp,1,2026-10-17,37,quantile,0.5,155.0
2026-10-10,wk inc covid hosp,1,2026-10-17,37,quantile,0.55,159.0
2026-10-10,wk inc covid hosp,1,2026-10-17,37,quantile,0.6,162.0
2026-10-10,wk inc covid hosp,1,2026-10-17,37,quantile,0.65,165.0
2026-10-10,wk inc covid hosp,1,2026-10-17,37,quantile,0.7,169.0
2026-10-10,wk inc covid hosp,1,2026-10-17,37,quantile,0.75,173.0
2026-10-10,wk inc covid hosp,1,2026-10-17,37,quantile,0.8,177.0
2026-10-10,wk inc covid hosp,1,2026-10-17,37,quantile,0.85,183.0
2026-10-10,wk inc covid hosp,1,2026-10-17,37,quantile,0.9,192.0
2026-10-10,wk inc covid hosp,1,2026-10-17,37,quantile,0.95,210.0
2026-10-10,wk inc covid hosp,1,2026-10-17,37,quantile,0.975,227.0
2026-10-10,wk inc covid hosp,1,2026-10-17,37,quantile,0.99,247.0
2026-10-10,wk inc covid hosp,1,2026-10-17,38,quantile,0.01,0.0
2026-10-10,wk inc covid hosp,1,2026-10-17,38,quantile,0.025,0.0
2026-10-10,wk inc covid hosp,1,2026-10-17,38,quantile,0.05,0.0
2026-10-10,wk inc covid hosp,1,2026-10-17,38,quantile,0.1,0.0
2026-10-10,wk inc covid hosp,1,2026-10-17,38,quantile,0.15,0.0
2026-10-10,wk inc covid hosp,1,2026-10-17,38,quantile,0.2,0.0
2026-10-10,wk inc covid hosp,1,2026-10-17,38,quantile,0.25,0.0
2026-10-10,wk inc covid hosp,1,2026-10-17,38,quantile,0.3,0.0
2026-10-10,wk inc covid hosp,1,2026-10-17,38,quantile,0.35,0.0
2026-10-10,wk inc covid hosp,1,2026-10-17,38,quantile,0.4,0.0
2026-10-10,wk inc covid hosp,1,2026-10-17,38,quantile,0.45,0.0
2026-10-10,wk inc covid hosp,1,2026-10-17,38,quantile,0.5,0.0
2026-10-10,wk inc covid hosp,1,2026-10-17,38,quantile,0.55,0.0
2026-10-10,wk inc covid hosp,1,2026-10-17,38,quantile,0.6,0.0
2026-10-10,wk inc covid hosp,1,2026-10-17,38,quantile,0.65,0.0
2026-10-10,wk inc covid hosp,1,2026-10-17,38,quantile,0.7,0.0
2026-10-10,wk inc covid hosp,1,2026-10-17,38,quantile,0.75,0.0
2026-10-10,wk inc covid hosp,1,2026-10-17,38,quantile,0.8,0.0
2026-10-10,wk inc covid hosp,1,2026-10-17,38,quantile,0.85,0.0
2026-10-10,wk inc covid hosp,1,2026-10-17,38,quantile,0.9,0.0
2026-10-10,wk inc covid hosp,1,2026-10-17,38,quantile,0.95,0.0
2026-10-10,wk inc covid hosp,1,2026-10-17,38,quantile,0.975,0.0
2026-10-10,wk inc covid hosp,1,2026-10-17,38,quantile,0.99,0.0
2026-10-10,wk inc covid hosp,1,2026-10-17,39,quantile,0.01,57.0
2026-10-10,wk inc covid hosp,1,2026-10-17,39,quantile,0.025,64.0
2026-10-10,wk inc covid hosp,1,2026-10-17,39,quantile,0.05,71.0
2026-10-10,wk inc covid hosp,1,2026-10-17,39,quantile,0.1,79.0
2026-10-10,wk inc covid hosp,1,2026-10-17,39,quantile,0.15,85.0
2026-10-10,wk inc covid hosp,1,2026-10-17,39,quantile,0.2,90.0
2026-10-10,wk inc covid hosp,1,2026-10-17,39,quantile,0.25,94.0
2026-10-10,wk inc covid hosp,1,2026-10-17,39,quantile,0.3,98.0
2026-10-10,wk inc covid hosp,1,2026-10-17,39,quantile,0.35,102.0
2026-10-10,wk inc covid hosp,1,2026-10-17,39,quantile,0.4,105.0
2026-10-10,wk inc covid hosp,1,2026-10-17,39,quantile,0.45,109.0
2026-10-10,wk inc covid hosp,1,2026-10-17,39,quantile,0.5,113.0
2026-10-10,wk inc covid hosp,1,2026-10-17,39,quantile,0.55,116.0
2026-10-10,wk inc covid hosp,1,2026-10-17,39,quantile,0.6,120.0
2026-10-10,wk inc covid hosp,1,2026-10-17,39,quantile,0.65,124.0
2026-10-10,wk inc covid hosp,1,2026-10-17,39,quantile,0.7,129.0
2026-10-10,wk inc covid hosp,1,2026-10-17,39,quantile,0.75,134.0
2026-10-10,wk inc covid hosp,1,2026-10-17,39,quantile,0.8,139.0
2026-10-10,wk inc covid hosp,1,2026-10-17,39,quantile,0.85,145.0
2026-10-10,wk inc covid hosp,1,2026-10-17,39,quantile,0.9,151.0
2026-10-10,wk inc covid hosp,1,2026-10-17,39,quantile,0.95,159.0
2026-10-10,wk inc covid hosp,1,2026-10-17,39,quantile,0.975,167.0
2026-10-10,wk inc covid hosp,1,2026-10-17,39,quantile,0.99,176.0
2026-10-10,wk inc covid hosp,1,2026-10-17,40,quantile,0.01,5.0
2026-10-10,wk inc covid hosp,1,2026-10-17,40,quantile,0.025,7.0
2026-10-10,wk inc covid hosp,1,2026-10-17,40,quantile,0.05,8.0
2026-10-10,wk inc covid hosp,1,2026-10-17,40,quantile,0.1,10.0
2026-10-10,wk inc covid hosp,1,2026-10-17,40,quantile,0.15,12.0
2026-10-10,wk inc covid hosp,1,2026-10-17,40,quantile,0.2,13.0
2026-10-10,wk inc covid hosp,1,2026-10-17,40,quantile,0.25,14.0
2026-10-10,wk inc covid hosp,1,2026-10-17,40,quantile,0.3,15.0
2026-10-10,wk inc covid hosp,1,2026-10-17,40,quantile,0.35,16.0
2026-10-10,wk inc covid hosp,1,2026-10-17,40,quantile,0.4,17.0
2026-10-10,wk inc covid hosp,1,2026-10-17,40,quantile,0.45,17.0
2026-10-10,wk inc covid hosp,1,2026-10-17,40,quantile,0.5,18.0
2026-10-10,wk inc covid hosp,1,2026-10-17,40,quantile,0.55,19.0
2026-10-10,wk inc covid hosp,1,2026-10-17,40,quantile,0.6,20.0
2026-10-10,wk inc covid hosp,1,2026-10-17,40,quantile,0.65,21.0
2026-10-10,wk inc covid hosp,1,2026-10-17,40,quantile,0.7,22.0
2026-10-10,wk inc covid hosp,1,2026-10-17,40,quantile,0.75,23.0
2026-10-10,wk inc covid hosp,1,2026-10-17,40,quantile,0.8,24.0
2026-10-10,wk inc covid hosp,1,2026-10-17,40,quantile,0.85,26.0
2026-10-10,wk inc covid hosp,1,2026-10-17,40,quantile,0.9,28.0
2026-10-10,wk inc covid hosp,1,2026-10-17,40,quantile,0.95,31.0
2026-10-10,wk inc covid hosp,1,2026-10-17,40,quantile,0.975,34.0
2026-10-10,wk inc covid hosp,1,2026-10-17,40,quantile,0.99,37.0
2026-10-10,wk inc covid hosp,1,2026-10-17,41,quantile,0.01,35.0
2026-10-10,wk inc covid hosp,1,2026-10-17,41,quantile,0.025,40.0
2026-10-10,wk inc covid hosp,1,2026-10-17,41,quantile,0.05,44.0
2026-10-10,wk inc covid hosp,1,2026-10-17,41,quantile,0.1,50.0
2026-10-10,wk inc covid hosp,1,2026-10-17,41,quantile,0.15,54.0
2026-10-10,wk inc covid hosp,1,2026-10-17,41,quantile,0.2,57.0
2026-10-10,wk inc covid hosp,1,2026-10-17,41,quantile,0.25,60.0
2026-10-10,wk inc covid hosp,1,2026-10-17,41,quantile,0.3,63.0
2026-10-10,wk inc covid hosp,1,2026-10-17,41,quantile,0.35,65.0
2026-10-10,wk inc covid hosp,1,2026-10-17,41,quantile,0.4,68.0
2026-10-10,wk inc covid hosp,1,2026-10-17,41,quantile,0.45,70.0
2026-10-10,wk inc covid hosp,1,2026-10-17,41,quantile,0.5,72.0
2026-10-10,wk inc covid hosp,1,2026-10-17,41,quantile,0.55,75.0
2026-10-10,wk inc covid hosp,1,2026-10-17,41,quantile,0.6,78.0
2026-10-10,wk inc covid hosp,1,2026-10-17,41,quantile,0.65,80.0
2026-10-10,wk inc covid hosp,1,2026-10-17,41,quantile,0.7,83.0
2026-10-10,wk inc covid hosp,1,2026-10-17,41,quantile,0.75,86.0
2026-10-10,wk inc covid hosp,1,2026-10-17,41,quantile,0.8,90.0
2026-10-10,wk inc covid hosp,1,2026-10-17,41,quantile,0.85,94.0
2026-10-10,wk inc covid hosp,1,2026-10-17,41,quantile,0.9,100.0
2026-10-10,wk inc covid hosp,1,2026-10-17,41,quantile,0.95,109.0
2026-10-10,wk inc covid hosp,1,2026-10-17,41,quantile,0.975,117.0
2026-10-10,wk inc covid hosp,1,2026-10-17,41,quantile,0.99,127.0
2026-10-10,wk inc covid hosp,1,2026-10-17,42,quantile,0.01,79.0
2026-10-10,wk inc covid hosp,1,2026-10-17,42,quantile,0.025,89.0
2026-10-10,wk inc covid hosp,1,2026-10-17,42,quantile,0.05,98.0
2026-10-10,wk inc covid hosp,1,2026-10-17,42,quantile,0.1,109.0
2026-10-10,wk inc covid hosp,1,2026-10-17,42,quantile,0.15,117.0
2026-10-10,wk inc covid hosp,1,2026-10-17,42,quantile,0.2,123.0
2026-10-10,wk inc covid hosp,1,2026-10-17,42,quantile,0.25,129.0
2026-10-10,wk inc covid hosp,1,2026-10-17,42,quantile,0.3,135.0
2026-10-10,wk inc covid hosp,1,2026-10-17,42,quantile,0.35,140.0
2026-10-10,wk inc covid hosp,1,2026-10-17,42,quantile,0.4,145.0
2026-10-10,wk inc covid hosp,1,2026-10-17,42,quantile,0.45,150.0
2026-10-10,wk inc covid hosp,1,2026-10-17,42,quantile,0.5,154.0
2026-10-10,wk inc covid hosp,1,2026-10-17,42,quantile,0.55,159.0
2026-10-10,wk inc covid hosp,1,2026-10-17,42,quantile,0.6,165.0
2026-10-10,wk inc covid hosp,1,2026-10-17,42,quantile,0.65,170.0
2026-10-10,wk inc covid hosp,1,2026-10-17,42,quantile,0.7,176.0
2026-10-10,wk inc covid hosp,1,2026-10-17,42,quantile,0.75,182.0
2026-10-10,wk inc covid hosp,1,2026-10-17,42,quantile,0.8,190.0
2026-10-10,wk inc covid hosp,1,2026-10-17,42,quantile,0.85,199.0
2026-10-10,wk inc covid hosp,1,2026-10-17,42,quantile,0.9,210.0
2026-10-10,wk inc covid hosp,1,2026-10-17,42,quantile,0.95,228.0
2026-10-10,wk inc covid hosp,1,2026-10-17,42,quantile,0.975,244.0
2026-10-10,wk inc covid hosp,1,2026-10-17,42,quantile,0.99,264.0
2026-10-10,wk inc covid hosp,1,2026-10-17,44,quantile,0.01,8.0
2026-10-10,wk inc covid hosp,1,2026-10-17,44,quantile,0.025,9.0
2026-10-10,wk inc covid hosp,1,2026-10-17,44,quantile,0.05,10.0
2026-10-10,wk inc covid hosp,1,2026-10-17,44,quantile,0.1,12.0
2026-10-10,wk inc covid hosp,1,2026-10-17,44,quantile,0.15,13.0
2026-10-10,wk inc covid hosp,1,2026-10-17,44,quantile,0.2,14.0
2026-10-10,wk inc covid hosp,1,2026-10-17,44,quantile,0.25,15.0
2026-10-10,wk inc covid hosp,1,2026-10-17,44,quantile,0.3,15.0
2026-10-10,wk inc covid hosp,1,2026-10-17,44,quantile,0.35,16.0
2026-10-10,wk inc covid hosp,1,2026-10-17,44,quantile,0.4,17.0
2026-10-10,wk inc covid hosp,1,2026-10-17,44,quantile,0.45,17.0
2026-10-10,wk inc covid hosp,1,2026-10-17,44,quantile,0.5,18.0
2026-10-10,wk inc covid hosp,1,2026-10-17,44,quantile,0.55,18.0
2026-10-10,wk inc covid hosp,1,2026-10-17,44,quantile,0.6,19.0
2026-10-10,wk inc covid hosp,1,2026-10-17,44,quantile,0.65,20.0
2026-10-10,wk inc covid hosp,1,2026-10-17,44,quantile,0.7,20.0
2026-10-10,wk inc covid hosp,1,2026-10-17,44,quantile,0.75,21.0
2026-10-10,wk inc covid hosp,1,2026-10-17,44,quantile,0.8,22.0
2026-10-10,wk inc covid hosp,1,2026-10-17,44,quantile,0.85,23.0
2026-10-10,wk inc covid hosp,1,2026-10-17,44,quantile,0.9,25.0
2026-10-10,wk inc covid hosp,1,2026-10-17,44,quantile,0.95,27.0
2026-10-10,wk inc covid hosp,1,2026-10-17,44,quantile,0.975,29.0
2026-10-10,wk inc covid hosp,1,2026-10-17,44,quantile,0.99,31.0
2026-10-10,wk inc covid hosp,1,2026-10-17,45,quantile,0.01,26.0
2026-10-10,wk inc covid hosp,1,2026-10-17,45,quantile,0.025,30.0
2026-10-10,wk inc covid hosp,1,2026-10-17,45,quantile,0.05,34.0
2026-10-10,wk inc covid hosp,1,2026-10-17,45,quantile,0.1,38.0
2026-10-10,wk inc covid hosp,1,2026-10-17,45,quantile,0.15,41.0
2026-10-10,wk inc covid hosp,1,2026-10-17,45,quantile,0.2,44.0
2026-10-10,wk inc covid hosp,1,2026-10-17,45,quantile,0.25,46.0
2026-10-10,wk inc covid hosp,1,2026-10-17,45,quantile,0.3,48.0
2026-10-10,wk inc covid hosp,1,2026-10-17,45,quantile,0.35,50.0
2026-10-10,wk inc covid hosp,1,2026-10-17,45,quantile,0.4,52.0
2026-10-10,wk inc covid hosp,1,2026-10-17,45,quantile,0.45,54.0
2026-10-10,wk inc covid hosp,1,2026-10-17,45,quantile,0.5,56.0
2026-10-10,wk inc covid hosp,1,2026-10-17,45,quantile,0.55,58.0
2026-10-10,wk inc covid hosp,1,2026-10-17,45,quantile,0.6,60.0
2026-10-10,wk inc covid hosp,1,2026-10-17,45,quantile,0.65,62.0
2026-10-10,wk inc covid hosp,1,2026-10-17,45,quantile,0.7,65.0
2026-10-10,wk inc covid hosp,1,2026-10-17,45,quantile,0.75,67.0
2026-10-10,wk inc covid hosp,1,2026-10-17,45,quantile,0.8,70.0
2026-10-10,wk inc covid hosp,1,2026-10-17,45,quantile,0.85,74.0
2026-10-10,wk inc covid hosp,1,2026-10-17,45,quantile,0.9,78.0
2026-10-10,wk inc covid hosp,1,2026-10-17,45,quantile,0.95,85.0
2026-10-10,wk inc covid hosp,1,2026-10-17,45,quantile,0.975,91.0
2026-10-10,wk inc covid hosp,1,2026-10-17,45,quantile,0.99,97.0
2026-10-10,wk inc covid hosp,1,2026-10-17,46,quantile,0.01,2.0
2026-10-10,wk inc covid hosp,1,2026-10-17,46,quantile,0.025,3.0
2026-10-10,wk inc covid hosp,1,2026-10-17,46,quantile,0.05,4.0
2026-10-10,wk inc covid hosp,1,2026-10-17,46,quantile,0.1,5.0
2026-10-10,wk inc covid hosp,1,2026-10-17,46,quantile,0.15,6.0
2026-10-10,wk inc covid hosp,1,2026-10-17,46,quantile,0.2,6.0
2026-10-10,wk inc covid hosp,1,2026-10-17,46,quantile,0.25,7.0
2026-10-10,wk inc covid hosp,1,2026-10-17,46,quantile,0.3,7.0
2026-10-10,wk inc covid hosp,1,2026-10-17,46,quantile,0.35,8.0
2026-10-10,wk inc covid hosp,1,2026-10-17,46,quantile,0.4,8.0
2026-10-10,wk inc covid hosp,1,2026-10-17,46,quantile,0.45,9.0
2026-10-10,wk inc covid hosp,1,2026-10-17,46,quantile,0.5,9.0
2026-10-10,wk inc covid hosp,1,2026-10-17,46,quantile,0.55,10.0
2026-10-10,wk inc covid hosp,1,2026-10-17,46,quantile,0.6,10.0
2026-10-10,wk inc covid hosp,1,2026-10-17,46,quantile,0.65,11.0
2026-10-10,wk inc covid hosp,1,2026-10-17,46,quantile,0.7,11.0
2026-10-10,wk inc covid hosp,1,2026-10-17,46,quantile,0.75,12.0
2026-10-10,wk inc covid hosp,1,2026-10-17,46,quantile,0.8,13.0
2026-10-10,wk inc covid hosp,1,2026-10-17,46,quantile,0.85,14.0
2026-10-10,wk inc covid hosp,1,2026-10-17,46,quantile,0.9,15.0
2026-10-10,wk inc covid hosp,1,2026-10-17,46,quantile,0.95,16.0
2026-10-10,wk inc covid hosp,1,2026-10-17,46,quantile,0.975,18.0
2026-10-10,wk inc covid hosp,1,2026-10-17,46,quantile,0.99,20.0
2026-10-10,wk inc covid hosp,1,2026-10-17,47,quantile,0.01,29.0
2026-10-10,wk inc covid hosp,1,2026-10-17,47,quantile,0.025,33.0
2026-10-10,wk inc covid hosp,1,2026-10-17,47,quantile,0.05,36.0
2026-10-10,wk inc covid hosp,1,2026-10-17,47,quantile,0.1,41.0
2026-10-10,wk inc covid hosp,1,2026-10-17,47,quantile,0.15,44.0
2026-10-10,wk inc covid hosp,1,2026-10-17,47,quantile,0.2,47.0
2026-10-10,wk inc covid hosp,1,2026-10-17,47,quantile,0.25,50.0
2026-10-10,wk inc covid hosp,1,2026-10-17,47,quantile,0.3,52.0
2026-10-10,wk inc covid hosp,1,2026-10-17,47,quantile,0.35,54.0
2026-10-10,wk inc covid hosp,1,2026-10-17,47,quantile,0.4,56.0
2026-10-10,wk inc covid hosp,1,2026-10-17,47,quantile,0.45,58.0
2026-10-10,wk inc covid hosp,1,2026-10-17,47,quantile,0.5,60.0
2026-10-10,wk inc covid hosp,1,2026-10-17,47,quantile,0.55,62.0
2026-10-10,wk inc covid hosp,1,2026-10-17,47,quantile,0.6,64.0
2026-10-10,wk inc covid hosp,1,2026-10-17,47,quantile,0.65,67.0
2026-10-10,wk inc covid hosp,1,2026-10-17,47,quantile,0.7,69.0
2026-10-10,wk inc covid hosp,1,2026-10-17,47,quantile,0.75,72.0
2026-10-10,wk inc covid hosp,1,2026-10-17,47,quantile,0.8,75.0
2026-10-10,wk inc covid hosp,1,2026-10-17,47,quantile,0.85,79.0
2026-10-10,wk inc covid hosp,1,2026-10-17,47,quantile,0.9,83.0
2026-10-10,wk inc covid hosp,1,2026-10-17,47,quantile,0.95,91.0
2026-10-10,wk inc covid hosp,1,2026-10-17,47,quantile,0.975,98.0
2026-10-10,wk inc covid hosp,1,2026-10-17,47,quantile,0.99,106.0
2026-10-10,wk inc covid hosp,1,2026-10-17,48,quantile,0.01,110.0
2026-10-10,wk inc covid hosp,1,2026-10-17,48,quantile,0.025,131.0
2026-10-10,wk inc covid hosp,1,2026-10-17,48,quantile,0.05,151.0
2026-10-10,wk inc covid hosp,1,2026-10-17,48,quantile,0.1,177.0
2026-10-10,wk inc covid hosp,1,2026-10-17,48,quantile,0.15,197.0
2026-10-10,wk inc covid hosp,1,2026-10-17,48,quantile,0.2,213.0
2026-10-10,wk inc covid hosp,1,2026-10-17,48,quantile,0.25,225.0
2026-10-10,wk inc covid hosp,1,2026-10-17,48,quantile,0.3,231.0
2026-10-10,wk inc covid hosp,1,2026-10-17,48,quantile,0.35,236.0
2026-10-10,wk inc covid hosp,1,2026-10-17,48,quantile,0.4,241.0
2026-10-10,wk inc covid hosp,1,2026-10-17,48,quantile,0.45,245.0
2026-10-10,wk inc covid hosp,1,2026-10-17,48,quantile,0.5,250.0
2026-10-10,wk inc covid hosp,1,2026-10-17,48,quantile,0.55,255.0
2026-10-10,wk inc covid hosp,1,2026-10-17,48,quantile,0.6,260.0
2026-10-10,wk inc covid hosp,1,2026-10-17,48,quantile,0.65,265.0
2026-10-10,wk inc covid hosp,1,2026-10-17,48,quantile,0.7,271.0
2026-10-10,wk inc covid hosp,1,2026-10-17,48,quantile,0.75,277.0
2026-10-10,wk inc covid hosp,1,2026-10-17,48,quantile,0.8,284.0
2026-10-10,wk inc covid hosp,1,2026-10-17,48,quantile,0.85,292.0
2026-10-10,wk inc covid hosp,1,2026-10-17,48,quantile,0.9,303.0
2026-10-10,wk inc covid hosp,1,2026-10-17,48,quantile,0.95,319.0
2026-10-10,wk inc covid hosp,1,2026-10-17,48,quantile,0.975,333.0
2026-10-10,wk inc covid hosp,1,2026-10-17,48,quantile,0.99,350.0
2026-10-10,wk inc covid hosp,1,2026-10-17,49,quantile,0.01,3.0
2026-10-10,wk inc covid hosp,1,2026-10-17,49,quantile,0.025,4.0
2026-10-10,wk inc covid hosp,1,2026-10-17,49,quantile,0.05,5.0
2026-10-10,wk inc covid hosp,1,2026-10-17,49,quantile,0.1,7.0
2026-10-10,wk inc covid hosp,1,2026-10-17,49,quantile,0.15,7.0
2026-10-10,wk inc covid hosp,1,2026-10-17,49,quantile,0.2,8.0
2026-10-10,wk inc covid hosp,1,2026-10-17,49,quantile,0.25,9.0
2026-10-10,wk inc covid hosp,1,2026-10-17,49,quantile,0.3,10.0
2026-10-10,wk inc covid hosp,1,2026-10-17,49,quantile,0.35,10.0
2026-10-10,wk inc covid hosp,1,2026-10-17,49,quantile,0.4,11.0
2026-10-10,wk inc covid hosp,1,2026-10-17,49,quantile,0.45,11.0
2026-10-10,wk inc covid hosp,1,2026-10-17,49,quantile,0.5,12.0
2026-10-10,wk inc covid hosp,1,2026-10-17,49,quantile,0.55,13.0
2026-10-10,wk inc covid hosp,1,2026-10-17,49,quantile,0.6,13.0
2026-10-10,wk inc covid hosp,1,2026-10-17,49,quantile,0.65,14.0
2026-10-10,wk inc covid hosp,1,2026-10-17,49,quantile,0.7,15.0
2026-10-10,wk inc covid hosp,1,2026-10-17,49,quantile,0.75,15.0
2026-10-10,wk inc covid hosp,1,2026-10-17,49,quantile,0.8,16.0
2026-10-10,wk inc covid hosp,1,2026-10-17,49,quantile,0.85,17.0
2026-10-10,wk inc covid hosp,1,2026-10-17,49,quantile,0.9,19.0
2026-10-10,wk inc covid hosp,1,2026-10-17,49,quantile,0.95,21.0
2026-10-10,wk inc covid hosp,1,2026-10-17,49,quantile,0.975,23.0
2026-10-10,wk inc covid hosp,1,2026-10-17,49,quantile,0.99,26.0
2026-10-10,wk inc covid hosp,1,2026-10-17,50,quantile,0.01,0.0
2026-10-10,wk inc covid hosp,1,2026-10-17,50,quantile,0.025,0.0
2026-10-10,wk inc covid hosp,1,2026-10-17,50,quantile,0.05,0.0
2026-10-10,wk inc covid hosp,1,2026-10-17,50,quantile,0.1,0.0
2026-10-10,wk inc covid hosp,1,2026-10-17,50,quantile,0.15,0.0
2026-10-10,wk inc covid hosp,1,2026-10-17,50,quantile,0.2,1.0
2026-10-10,wk inc covid hosp,1,2026-10-17,50,quantile,0.25,1.0
2026-10-10,wk inc covid hosp,1,2026-10-17,50,quantile,0.3,1.0
2026-10-10,wk inc covid hosp,1,2026-10-17,50,quantile,0.35,1.0
2026-10-10,wk inc covid hosp,1,2026-10-17,50,quantile,0.4,1.0
2026-10-10,wk inc covid hosp,1,2026-10-17,50,quantile,0.45,1.0
2026-10-10,wk inc covid hosp,1,2026-10-17,50,quantile,0.5,2.0
2026-10-10,wk inc covid hosp,1,2026-10-17,50,quantile,0.55,2.0
2026-10-10,wk inc covid hosp,1,2026-10-17,50,quantile,0.6,2.0
2026-10-10,wk inc covid hosp,1,2026-10-17,50,quantile,0.65,2.0
2026-10-10,wk inc covid hosp,1,2026-10-17,50,quantile,0.7,3.0
2026-10-10,wk inc covid hosp,1,2026-10-17,50,quantile,0.75,3.0
2026-10-10,wk inc covid hosp,1,2026-10-17,50,quantile,0.8,3.0
2026-10-10,wk inc covid hosp,1,2026-10-17,50,quantile,0.85,3.0
2026-10-10,wk inc covid hosp,1,2026-10-17,50,quantile,0.9,4.0
2026-10-10,wk inc covid hosp,1,2026-10-17,50,quantile,0.95,5.0
2026-10-10,wk inc covid hosp,1,2026-10-17,50,quantile,0.975,6.0
2026-10-10,wk inc covid hosp,1,2026-10-17,50,quantile,0.99,6.0
2026-10-10,wk inc covid hosp,1,2026-10-17,51,quantile,0.01,20.0
2026-10-10,wk inc covid hosp,1,2026-10-17,51,quantile,0.025,23.0
2026-10-10,wk inc covid hosp,1,2026-10-17,51,quantile,0.05,26.0
2026-10-10,wk inc covid hosp,1,2026-10-17,51,quantile,0.1,29.0
2026-10-10,wk inc covid hosp,1,2026-10-17,51,quantile,0.15,32.0
2026-10-10,wk inc covid hosp,1,2026-10-17,51,quantile,0.2,34.0
2026-10-10,wk inc covid hosp,1,2026-10-17,51,quantile,0.25,36.0
2026-10-10,wk inc covid hosp,1,2026-10-17,51,quantile,0.3,37.0
2026-10-10,wk inc covid hosp,1,2026-10-17,51,quantile,0.35,39.0
2026-10-10,wk inc covid hosp,1,2026-10-17,51,quantile,0.4,40.0
2026-10-10,wk inc covid hosp,1,2026-10-17,51,quantile,0.45,42.0
2026-10-10,wk inc covid hosp,1,2026-10-17,51,quantile,0.5,44.0
2026-10-10,wk inc covid hosp,1,2026-10-17,51,quantile,0.55,45.0
2026-10-10,wk inc covid hosp,1,2026-10-17,51,quantile,0.6,47.0
2026-10-10,wk inc covid hosp,1,2026-10-17,51,quantile,0.65,48.0
2026-10-10,wk inc covid hosp,1,2026-10-17,51,quantile,0.7,50.0
2026-10-10,wk inc covid hosp,1,2026-10-17,51,quantile,0.75,52.0
2026-10-10,wk inc covid hosp,1,2026-10-17,51,quantile,0.8,55.0
2026-10-10,wk inc covid hosp,1,2026-10-17,51,quantile,0.85,58.0
2026-10-10,wk inc covid hosp,1,2026-10-17,51,quantile,0.9,61.0
2026-10-10,wk inc covid hosp,1,2026-10-17,51,quantile,0.95,67.0
2026-10-10,wk inc covid hosp,1,2026-10-17,51,quantile,0.975,72.0
2026-10-10,wk inc covid hosp,1,2026-10-17,51,quantile,0.99,78.0
2026-10-10,wk inc covid hosp,1,2026-10-17,53,quantile,0.01,65.0
2026-10-10,wk inc covid hosp,1,2026-10-17,53,quantile,0.025,70.0
2026-10-10,wk inc covid hosp,1,2026-10-17,53,quantile,0.05,75.0
2026-10-10,wk inc covid hosp,1,2026-10-17,53,quantile,0.1,81.0
2026-10-10,wk inc covid hosp,1,2026-10-17,53,quantile,0.15,84.0
2026-10-10,wk inc covid hosp,1,2026-10-17,53,quantile,0.2,87.0
2026-10-10,wk inc covid hosp,1,2026-10-17,53,quantile,0.25,90.0
2026-10-10,wk inc covid hosp,1,2026-10-17,53,quantile,0.3,93.0
2026-10-10,wk inc covid hosp,1,2026-10-17,53,quantile,0.35,95.0
2026-10-10,wk inc covid hosp,1,2026-10-17,53,quantile,0.4,97.0
2026-10-10,wk inc covid hosp,1,2026-10-17,53,quantile,0.45,99.0
2026-10-10,wk inc covid hosp,1,2026-10-17,53,quantile,0.5,102.0
2026-10-10,wk inc covid hosp,1,2026-10-17,53,quantile,0.55,104.0
2026-10-10,wk inc covid hosp,1,2026-10-17,53,quantile,0.6,106.0
2026-10-10,wk inc covid hosp,1,2026-10-17,53,quantile,0.65,108.0
2026-10-10,wk inc covid hosp,1,2026-10-17,53,quantile,0.7,111.0
2026-10-10,wk inc covid hosp,1,2026-10-17,53,quantile,0.75,114.0
2026-10-10,wk inc covid hosp,1,2026-10-17,53,quantile,0.8,117.0
2026-10-10,wk inc covid hosp,1,2026-10-17,53,quantile,0.85,121.0
2026-10-10,wk inc covid hosp,1,2026-10-17,53,quantile,0.9,125.0
2026-10-10,wk inc covid hosp,1,2026-10-17,53,quantile,0.95,135.0
2026-10-10,wk inc covid hosp,1,2026-10-17,53,quantile,0.975,146.0
2026-10-10,wk inc covid hosp,1,2026-10-17,53,quantile,0.99,159.0
2026-10-10,wk inc covid hosp,1,2026-10-17,54,quantile,0.01,11.0
2026-10-10,wk inc covid hosp,1,2026-10-17,54,quantile,0.025,13.0
2026-10-10,wk inc covid hosp,1,2026-10-17,54,quantile,0.05,15.0
2026-10-10,wk inc covid hosp,1,2026-10-17,54,quantile,0.1,17.0
2026-10-10,wk inc covid hosp,1,2026-10-17,54,quantile,0.15,19.0
2026-10-10,wk inc covid hosp,1,2026-10-17,54,quantile,0.2,20.0
2026-10-10,wk inc covid hosp,1,2026-10-17,54,quantile,0.25,21.0
2026-10-10,wk inc covid hosp,1,2026-10-17,54,quantile,0.3,22.0
2026-10-10,wk inc covid hosp,1,2026-10-17,54,quantile,0.35,24.0
2026-10-10,wk inc covid hosp,1,2026-10-17,54,quantile,0.4,24.0
2026-10-10,wk inc covid hosp,1,2026-10-17,54,quantile,0.45,25.0
2026-10-10,wk inc covid hosp,1,2026-10-17,54,quantile,0.5,26.0
2026-10-10,wk inc covid hosp,1,2026-10-17,54,quantile,0.55,27.0
2026-10-10,wk inc covid hosp,1,2026-10-17,54,quantile,0.6,28.0
2026-10-10,wk inc covid hosp,1,2026-10-17,54,quantile,0.65,28.0
2026-10-10,wk inc covid hosp,1,2026-10-17,54,quantile,0.7,29.0
2026-10-10,wk inc covid hosp,1,2026-10-17,54,quantile,0.75,30.0
2026-10-10,wk inc covid hosp,1,2026-10-17,54,quantile,0.8,32.0
2026-10-10,wk inc covid hosp,1,2026-10-17,54,quantile,0.85,33.0
2026-10-10,wk inc covid hosp,1,2026-10-17,54,quantile,0.9,35.0
2026-10-10,wk inc covid hosp,1,2026-10-17,54,quantile,0.95,37.0
2026-10-10,wk inc covid hosp,1,2026-10-17,54,quantile,0.975,40.0
2026-10-10,wk inc covid hosp,1,2026-10-17,54,quantile,0.99,42.0
2026-10-10,wk inc covid hosp,1,2026-10-17,55,quantile,0.01,30.0
2026-10-10,wk inc covid hosp,1,2026-10-17,55,quantile,0.025,34.0
2026-10-10,wk inc covid hosp,1,2026-10-17,55,quantile,0.05,38.0
2026-10-10,wk inc covid hosp,1,2026-10-17,55,quantile,0.1,43.0
2026-10-10,wk inc covid hosp,1,2026-10-17,55,quantile,0.15,47.0
2026-10-10,wk inc covid hosp,1,2026-10-17,55,quantile,0.2,50.0
2026-10-10,wk inc covid hosp,1,2026-10-17,55,quantile,0.25,52.0
2026-10-10,wk inc covid hosp,1,2026-10-17,55,quantile,0.3,54.0
2026-10-10,wk inc covid hosp,1,2026-10-17,55,quantile,0.35,57.0
2026-10-10,wk inc covid hosp,1,2026-10-17,55,quantile,0.4,58.0
2026-10-10,wk inc covid hosp,1,2026-10-17,55,quantile,0.45,60.0
2026-10-10,wk inc covid hosp,1,2026-10-17,55,quantile,0.5,61.0
2026-10-10,wk inc covid hosp,1,2026-10-17,55,quantile,0.55,62.0
2026-10-10,wk inc covid hosp,1,2026-10-17,55,quantile,0.6,64.0
2026-10-10,wk inc covid hosp,1,2026-10-17,55,quantile,0.65,66.0
2026-10-10,wk inc covid hosp,1,2026-10-17,55,quantile,0.7,67.0
2026-10-10,wk inc covid hosp,1,2026-10-17,55,quantile,0.75,69.0
2026-10-10,wk inc covid hosp,1,2026-10-17,55,quantile,0.8,71.0
2026-10-10,wk inc covid hosp,1,2026-10-17,55,quantile,0.85,74.0
2026-10-10,wk inc covid hosp,1,2026-10-17,55,quantile,0.9,77.0
2026-10-10,wk inc covid hosp,1,2026-10-17,55,quantile,0.95,82.0
2026-10-10,wk inc covid hosp,1,2026-10-17,55,quantile,0.975,86.0
2026-10-10,wk inc covid hosp,1,2026-10-17,55,quantile,0.99,91.0
2026-10-10,wk inc covid hosp,1,2026-10-17,56,quantile,0.01,0.0
2026-10-10,wk inc covid hosp,1,2026-10-17,56,quantile,0.025,0.0
2026-10-10,wk inc covid hosp,1,2026-10-17,56,quantile,0.05,0.0
2026-10-10,wk inc covid hosp,1,2026-10-17,56,quantile,0.1,0.0
2026-10-10,wk inc covid hosp,1,2026-10-17,56,quantile,0.15,0.0
2026-10-10,wk inc covid hosp,1,2026-10-17,56,quantile,0.2,0.0
2026-10-10,wk inc covid hosp,1,2026-10-17,56,quantile,0.25,0.0
2026-10-10,wk inc covid hosp,1,2026-10-17,56,quantile,0.3,0.0
2026-10-10,wk inc covid hosp,1,2026-10-17,56,quantile,0.35,0.0
2026-10-10,wk inc covid hosp,1,2026-10-17,56,quantile,0.4,1.0
2026-10-10,wk inc covid hosp,1,2026-10-17,56,quantile,0.45,1.0
2026-10-10,wk inc covid hosp,1,2026-10-17,56,quantile,0.5,1.0
2026-10-10,wk inc covid hosp,1,2026-10-17,56,quantile,0.55,1.0
2026-10-10,wk inc covid hosp,1,2026-10-17,56,quantile,0.6,1.0
2026-10-10,wk inc covid hosp,1,2026-10-17,56,quantile,0.65,1.0
2026-10-10,wk inc covid hosp,1,2026-10-17,56,quantile,0.7,1.0
2026-10-10,wk inc covid hosp,1,2026-10-17,56,quantile,0.75,2.0
2026-10-10,wk inc covid hosp,1,2026-10-17,56,quantile,0.8,2.0
2026-10-10,wk inc covid hosp,1,2026-10-17,56,quantile,0.85,2.0
2026-10-10,wk inc covid hosp,1,2026-10-17,56,quantile,0.9,2.0
2026-10-10,wk inc covid hosp,1,2026-10-17,56,quantile,0.95,3.0
2026-10-10,wk inc covid hosp,1,2026-10-17,56,quantile,0.975,3.0
2026-10-10,wk inc covid hosp,1,2026-10-17,56,quantile,0.99,4.0
2026-10-10,wk inc covid hosp,1,2026-10-17,72,quantile,0.01,31.0
2026-10-10,wk inc covid hosp,1,2026-10-17,72,quantile,0.025,36.0
2026-10-10,wk inc covid hosp,1,2026-10-17,72,quantile,0.05,40.0
2026-10-10,wk inc covid hosp,1,2026-10-17,72,quantile,0.1,45.0
2026-10-10,wk inc covid hosp,1,2026-10-17,72,quantile,0.15,48.0
2026-10-10,wk inc covid hosp,1,2026-10-17,72,quantile,0.2,51.0
2026-10-10,wk inc covid hosp,1,2026-10-17,72,quantile,0.25,54.0
2026-10-10,wk inc covid hosp,1,2026-10-17,72,quantile,0.3,56.0
2026-10-10,wk inc covid hosp,1,2026-10-17,72,quantile,0.35,59.0
2026-10-10,wk inc covid hosp,1,2026-10-17,72,quantile,0.4,61.0
2026-10-10,wk inc covid hosp,1,2026-10-17,72,quantile,0.45,63.0
2026-10-10,wk inc covid hosp,1,2026-10-17,72,quantile,0.5,65.0
2026-10-10,wk inc covid hosp,1,2026-10-17,72,quantile,0.55,68.0
2026-10-10,wk inc covid hosp,1,2026-10-17,72,quantile,0.6,70.0
2026-10-10,wk inc covid hosp,1,2026-10-17,72,quantile,0.65,72.0
2026-10-10,wk inc covid hosp,1,2026-10-17,72,quantile,0.7,75.0
2026-10-10,wk inc covid hosp,1,2026-10-17,72,quantile,0.75,78.0
2026-10-10,wk inc covid hosp,1,2026-10-17,72,quantile,0.8,81.0
2026-10-10,wk inc covid hosp,1,2026-10-17,72,quantile,0.85,85.0
2026-10-10,wk inc covid hosp,1,2026-10-17,72,quantile,0.9,91.0
2026-10-10,wk inc covid hosp,1,2026-10-17,72,quantile,0.95,99.0
2026-10-10,wk inc covid hosp,1,2026-10-17,72,quantile,0.975,106.0
2026-10-10,wk inc covid hosp,1,2026-10-17,72,quantile,0.99,115.0
2026-10-10,wk inc covid hosp,2,2026-10-24,01,quantile,0.01,23.0
2026-10-10,wk inc covid hosp,2,2026-10-24,01,quantile,0.025,27.0
2026-10-10,wk inc covid hosp,2,2026-10-24,01,quantile,0.05,31.0
2026-10-10,wk inc covid hosp,2,2026-10-24,01,quantile,0.1,36.0
2026-10-10,wk inc covid hosp,2,2026-10-24,01,quantile,0.15,40.0
2026-10-10,wk inc covid hosp,2,2026-10-24,01,quantile,0.2,43.0
2026-10-10,wk inc covid hosp,2,2026-10-24,01,quantile,0.25,46.0
2026-10-10,wk inc covid hosp,2,2026-10-24,01,quantile,0.3,48.0
2026-10-10,wk inc covid hosp,2,2026-10-24,01,quantile,0.35,51.0
2026-10-10,wk inc covid hosp,2,2026-10-24,01,quantile,0.4,53.0
2026-10-10,wk inc covid hosp,2,2026-10-24,01,quantile,0.45,56.0
2026-10-10,wk inc covid hosp,2,2026-10-24,01,quantile,0.5,58.0
2026-10-10,wk inc covid hosp,2,2026-10-24,01,quantile,0.55,60.0
2026-10-10,wk inc covid hosp,2,2026-10-24,01,quantile,0.6,63.0
2026-10-10,wk inc covid hosp,2,2026-10-24,01,quantile,0.65,66.0
2026-10-10,wk inc covid hosp,2,2026-10-24,01,quantile,0.7,69.0
2026-10-10,wk inc covid hosp,2,2026-10-24,01,quantile,0.75,72.0
2026-10-10,wk inc covid hosp,2,2026-10-24,01,quantile,0.8,76.0
2026-10-10,wk inc covid hosp,2,2026-10-24,01,quantile,0.85,80.0
2026-10-10,wk inc covid hosp,2,2026-10-24,01,quantile,0.9,86.0
2026-10-10,wk inc covid hosp,2,2026-10-24,01,quantile,0.95,95.0
2026-10-10,wk inc covid hosp,2,2026-10-24,01,quantile,0.975,103.0
2026-10-10,wk inc covid hosp,2,2026-10-24,01,quantile,0.99,114.0
2026-10-10,wk inc covid hosp,2,2026-10-24,02,quantile,0.01,0.0
2026-10-10,wk inc covid hosp,2,2026-10-24,02,quantile,0.025,0.0
2026-10-10,wk inc covid hosp,2,2026-10-24,02,quantile,0.05,0.0
2026-10-10,wk inc covid hosp,2,2026-10-24,02,quantile,0.1,1.0
2026-10-10,wk inc covid hosp,2,2026-10-24,02,quantile,0.15,1.0
2026-10-10,wk inc covid hosp,2,2026-10-24,02,quantile,0.2,2.0
2026-10-10,wk inc covid hosp,2,2026-10-24,02,quantile,0.25,2.0
2026-10-10,wk inc covid hosp,2,2026-10-24,02,quantile,0.3,2.0
2026-10-10,wk inc covid hosp,2,2026-10-24,02,quantile,0.35,2.0
2026-10-10,wk inc covid hosp,2,2026-10-24,02,quantile,0.4,3.0
2026-10-10,wk inc covid hosp,2,2026-10-24,02,quantile,0.45,3.0
2026-10-10,wk inc covid hosp,2,2026-10-24,02,quantile,0.5,3.0
2026-10-10,wk inc covid hosp,2,2026-10-24,02,quantile,0.55,3.0
2026-10-10,wk inc covid hosp,2,2026-10-24,02,quantile,0.6,4.0
2026-10-10,wk inc covid hosp,2,2026-10-24,02,quantile,0.65,4.0
2026-10-10,wk inc covid hosp,2,2026-10-24,02,quantile,0.7,4.0
2026-10-10,wk inc covid hosp,2,2026-10-24,02,quantile,0.75,5.0
2026-10-10,wk inc covid hosp,2,2026-10-24,02,quantile,0.8,5.0
2026-10-10,wk inc covid hosp,2,2026-10-24,02,quantile,0.85,6.0
2026-10-10,wk inc covid hosp,2,2026-10-24,02,quantile,0.9,6.0
2026-10-10,wk inc covid hosp,2,2026-10-24,02,quantile,0.95,8.0
2026-10-10,wk inc covid hosp,2,2026-10-24,02,quantile,0.975,9.0
2026-10-10,wk inc covid hosp,2,2026-10-24,02,quantile,0.99,10.0
2026-10-10,wk inc covid hosp,2,2026-10-24,04,quantile,0.01,23.0
2026-10-10,wk inc covid hosp,2,2026-10-24,04,quantile,0.025,27.0
2026-10-10,wk inc covid hosp,2,2026-10-24,04,quantile,0.05,31.0
2026-10-10,wk inc covid hosp,2,2026-10-24,04,quantile,0.1,36.0
2026-10-10,wk inc covid hosp,2,2026-10-24,04,quantile,0.15,40.0
2026-10-10,wk inc covid hosp,2,2026-10-24,04,quantile,0.2,43.0
2026-10-10,wk inc covid hosp,2,2026-10-24,04,quantile,0.25,46.0
2026-10-10,wk inc covid hosp,2,2026-10-24,04,quantile,0.3,48.0
2026-10-10,wk inc covid hosp,2,2026-10-24,04,quantile,0.35,51.0
2026-10-10,wk inc covid hosp,2,2026-10-24,04,quantile,0.4,53.0
2026-10-10,wk inc covid hosp,2,2026-10-24,04,quantile,0.45,56.0
2026-10-10,wk inc covid hosp,2,2026-10-24,04,quantile,0.5,59.0
2026-10-10,wk inc covid hosp,2,2026-10-24,04,quantile,0.55,61.0
2026-10-10,wk inc covid hosp,2,2026-10-24,04,quantile,0.6,64.0
2026-10-10,wk inc covid hosp,2,2026-10-24,04,quantile,0.65,67.0
2026-10-10,wk inc covid hosp,2,2026-10-24,04,quantile,0.7,71.0
2026-10-10,wk inc covid hosp,2,2026-10-24,04,quantile,0.75,74.0
2026-10-10,wk inc covid hosp,2,2026-10-24,04,quantile,0.8,79.0
2026-10-10,wk inc covid hosp,2,2026-10-24,04,quantile,0.85,84.0
2026-10-10,wk inc covid hosp,2,2026-10-24,04,quantile,0.9,91.0
2026-10-10,wk inc covid hosp,2,2026-10-24,04,quantile,0.95,101.0
2026-10-10,wk inc covid hosp,2,2026-10-24,04,quantile,0.975,111.0
2026-10-10,wk inc covid hosp,2,2026-10-24,04,quantile,0.99,123.0
2026-10-10,wk inc covid hosp,2,2026-10-24,05,quantile,0.01,3.0
2026-10-10,wk inc covid hosp,2,2026-10-24,05,quantile,0.025,4.0
2026-10-10,wk inc covid hosp,2,2026-10-24,05,quantile,0.05,5.0
2026-10-10,wk inc covid hosp,2,2026-10-24,05,quantile,0.1,6.0
2026-10-10,wk inc covid hosp,2,2026-10-24,05,quantile,0.15,7.0
2026-10-10,wk inc covid hosp,2,2026-10-24,05,quantile,0.2,8.0
2026-10-10,wk inc covid hosp,2,2026-10-24,05,quantile,0.25,9.0
2026-10-10,wk inc covid hosp,2,2026-10-24,05,quantile,0.3,10.0
2026-10-10,wk inc covid hosp,2,2026-10-24,05,quantile,0.35,10.0
2026-10-10,wk inc covid hosp,2,2026-10-24,05,quantile,0.4,11.0
2026-10-10,wk inc covid hosp,2,2026-10-24,05,quantile,0.45,12.0
2026-10-10,wk inc covid hosp,2,2026-10-24,05,quantile,0.5,12.0
2026-10-10,wk inc covid hosp,2,2026-10-24,05,quantile,0.55,13.0
2026-10-10,wk inc covid hosp,2,2026-10-24,05,quantile,0.6,13.0
2026-10-10,wk inc covid hosp,2,2026-10-24,05,quantile,0.65,14.0
2026-10-10,wk inc covid hosp,2,2026-10-24,05,quantile,0.7,15.0
2026-10-10,wk inc covid hosp,2,2026-10-24,05,quantile,0.75,17.0
2026-10-10,wk inc covid hosp,2,2026-10-24,05,quantile,0.8,18.0
2026-10-10,wk inc covid hosp,2,2026-10-24,05,quantile,0.85,20.0
2026-10-10,wk inc covid hosp,2,2026-10-24,05,quantile,0.9,22.0
2026-10-10,wk inc covid hosp,2,2026-10-24,05,quantile,0.95,25.0
2026-10-10,wk inc covid hosp,2,2026-10-24,05,quantile,0.975,29.0
2026-10-10,wk inc covid hosp,2,2026-10-24,05,quantile,0.99,33.0
2026-10-10,wk inc covid hosp,2,2026-10-24,06,quantile,0.01,286.0
2026-10-10,wk inc covid hosp,2,2026-10-24,06,quantile,0.025,329.0
2026-10-10,wk inc covid hosp,2,2026-10-24,06,quantile,0.05,366.0
2026-10-10,wk inc covid hosp,2,2026-10-24,06,quantile,0.1,405.0
2026-10-10,wk inc covid hosp,2,2026-10-24,06,quantile,0.15,447.0
2026-10-10,wk inc covid hosp,2,2026-10-24,06,quantile,0.2,482.0
2026-10-10,wk inc covid hosp,2,2026-10-24,06,quantile,0.25,513.0
2026-10-10,wk inc covid hosp,2,2026-10-24,06,quantile,0.3,543.0
2026-10-10,wk inc covid hosp,2,2026-10-24,06,quantile,0.35,570.0
2026-10-10,wk inc covid hosp,2,2026-10-24,06,quantile,0.4,594.0
2026-10-10,wk inc covid hosp,2,2026-10-24,06,quantile,0.45,618.0
2026-10-10,wk inc covid hosp,2,2026-10-24,06,quantile,0.5,642.0
2026-10-10,wk inc covid hosp,2,2026-10-24,06,quantile,0.55,667.0
2026-10-10,wk inc covid hosp,2,2026-10-24,06,quantile,0.6,694.0
2026-10-10,wk inc covid hosp,2,2026-10-24,06,quantile,0.65,721.0
2026-10-10,wk inc covid hosp,2,2026-10-24,06,quantile,0.7,751.0
2026-10-10,wk inc covid hosp,2,2026-10-24,06,quantile,0.75,784.0
2026-10-10,wk inc covid hosp,2,2026-10-24,06,quantile,0.8,823.0
2026-10-10,wk inc covid hosp,2,2026-10-24,06,quantile,0.85,868.0
2026-10-10,wk inc covid hosp,2,2026-10-24,06,quantile,0.9,929.0
2026-10-10,wk inc covid hosp,2,2026-10-24,06,quantile,0.95,1022.0
2026-10-10,wk inc covid hosp,2,2026-10-24,06,quantile,0.975,1109.0
2026-10-10,wk inc covid hosp,2,2026-10-24,06,quantile,0.99,1214.0
2026-10-10,wk inc covid hosp,2,2026-10-24,08,quantile,0.01,24.0
2026-10-10,wk inc covid hosp,2,2026-10-24,08,quantile,0.025,27.0
2026-10-10,wk inc covid hosp,2,2026-10-24,08,quantile,0.05,30.0
2026-10-10,wk inc covid hosp,2,2026-10-24,08,quantile,0.1,33.0
2026-10-10,wk inc covid hosp,2,2026-10-24,08,quantile,0.15,35.0
2026-10-10,wk inc covid hosp,2,2026-10-24,08,quantile,0.2,37.0
2026-10-10,wk inc covid hosp,2,2026-10-24,08,quantile,0.25,39.0
2026-10-10,wk inc covid hosp,2,2026-10-24,08,quantile,0.3,40.0
2026-10-10,wk inc covid hosp,2,2026-10-24,08,quantile,0.35,42.0
2026-10-10,wk inc covid hosp,2,2026-10-24,08,quantile,0.4,43.0
2026-10-10,wk inc covid hosp,2,2026-10-24,08,quantile,0.45,44.0
2026-10-10,wk inc covid hosp,2,2026-10-24,08,quantile,0.5,46.0
2026-10-10,wk inc covid hosp,2,2026-10-24,08,quantile,0.55,47.0
2026-10-10,wk inc covid hosp,2,2026-10-24,08,quantile,0.6,48.0
2026-10-10,wk inc covid hosp,2,2026-10-24,08,quantile,0.65,50.0
2026-10-10,wk inc covid hosp,2,2026-10-24,08,quantile,0.7,52.0
2026-10-10,wk inc covid hosp,2,2026-10-24,08,quantile,0.75,53.0
2026-10-10,wk inc covid hosp,2,2026-10-24,08,quantile,0.8,55.0
2026-10-10,wk inc covid hosp,2,2026-10-24,08,quantile,0.85,58.0
2026-10-10,wk inc covid hosp,2,2026-10-24,08,quantile,0.9,61.0
2026-10-10,wk inc covid hosp,2,2026-10-24,08,quantile,0.95,65.0
2026-10-10,wk inc covid hosp,2,2026-10-24,08,quantile,0.975,69.0
2026-10-10,wk inc covid hosp,2,2026-10-24,08,quantile,0.99,74.0
2026-10-10,wk inc covid hosp,2,2026-10-24,09,quantile,0.01,20.0
2026-10-10,wk inc covid hosp,2,2026-10-24,09,quantile,0.025,22.0
2026-10-10,wk inc covid hosp,2,2026-10-24,09,quantile,0.05,24.0
2026-10-10,wk inc covid hosp,2,2026-10-24,09,quantile,0.1,27.0
2026-10-10,wk inc covid hosp,2,2026-10-24,09,quantile,0.15,29.0
2026-10-10,wk inc covid hosp,2,2026-10-24,09,quantile,0.2,31.0
2026-10-10,wk inc covid hosp,2,2026-10-24,09,quantile,0.25,32.0
2026-10-10,wk inc covid hosp,2,2026-10-24,09,quantile,0.3,34.0
2026-10-10,wk inc covid hosp,2,2026-10-24,09,quantile,0.35,35.0
2026-10-10,wk inc covid hosp,2,2026-10-24,09,quantile,0.4,36.0
2026-10-10,wk inc covid hosp,2,2026-10-24,09,quantile,0.45,37.0
2026-10-10,wk inc covid hosp,2,2026-10-24,09,quantile,0.5,38.0
2026-10-10,wk inc covid hosp,2,2026-10-24,09,quantile,0.55,39.0
2026-10-10,wk inc covid hosp,2,2026-10-24,09,quantile,0.6,41.0
2026-10-10,wk inc covid hosp,2,2026-10-24,09,quantile,0.65,42.0
2026-10-10,wk inc covid hosp,2,2026-10-24,09,quantile,0.7,43.0
2026-10-10,wk inc covid hosp,2,2026-10-24,09,quantile,0.75,45.0
2026-10-10,wk inc covid hosp,2,2026-10-24,09,quantile,0.8,46.0
2026-10-10,wk inc covid hosp,2,2026-10-24,09,quantile,0.85,48.0
2026-10-10,wk inc covid hosp,2,2026-10-24,09,quantile,0.9,51.0
2026-10-10,wk inc covid hosp,2,2026-10-24,09,quantile,0.95,55.0
2026-10-10,wk inc covid hosp,2,2026-10-24,09,quantile,0.975,59.0
2026-10-10,wk inc covid hosp,2,2026-10-24,09,quantile,0.99,63.0
2026-10-10,wk inc covid hosp,2,2026-10-24,10,quantile,0.01,1.0
2026-10-10,wk inc covid hosp,2,2026-10-24,10,quantile,0.025,2.0
2026-10-10,wk inc covid hosp,2,2026-10-24,10,quantile,0.05,2.0
2026-10-10,wk inc covid hosp,2,2026-10-24,10,quantile,0.1,3.0
2026-10-10,wk inc covid hosp,2,2026-10-24,10,quantile,0.15,4.0
2026-10-10,wk inc covid hosp,2,2026-10-24,10,quantile,0.2,4.0
2026-10-10,wk inc covid hosp,2,2026-10-24,10,quantile,0.25,5.0
2026-10-10,wk inc covid hosp,2,2026-10-24,10,quantile,0.3,5.0
2026-10-10,wk inc covid hosp,2,2026-10-24,10,quantile,0.35,6.0
2026-10-10,wk inc covid hosp,2,2026-10-24,10,quantile,0.4,6.0
2026-10-10,wk inc covid hosp,2,2026-10-24,10,quantile,0.45,7.0
2026-10-10,wk inc covid hosp,2,2026-10-24,10,quantile,0.5,7.0
2026-10-10,wk inc covid hosp,2,2026-10-24,10,quantile,0.55,7.0
2026-10-10,wk inc covid hosp,2,2026-10-24,10,quantile,0.6,8.0
2026-10-10,wk inc covid hosp,2,2026-10-24,10,quantile,0.65,8.0
2026-10-10,wk inc covid hosp,2,2026-10-24,10,quantile,0.7,9.0
2026-10-10,wk inc covid hosp,2,2026-10-24,10,quantile,0.75,10.0
2026-10-10,wk inc covid hosp,2,2026-10-24,10,quantile,0.8,10.0
2026-10-10,wk inc covid hosp,2,2026-10-24,10,quantile,0.85,11.0
2026-10-10,wk inc covid hosp,2,2026-10-24,10,quantile,0.9,12.0
2026-10-10,wk inc covid hosp,2,2026-10-24,10,quantile,0.95,14.0
2026-10-10,wk inc covid hosp,2,2026-10-24,10,quantile,0.975,16.0
2026-10-10,wk inc covid hosp,2,2026-10-24,10,quantile,0.99,18.0
2026-10-10,wk inc covid hosp,2,2026-10-24,11,quantile,0.01,1.0
2026-10-10,wk inc covid hosp,2,2026-10-24,11,quantile,0.025,2.0
2026-10-10,wk inc covid hosp,2,2026-10-24,11,quantile,0.05,2.0
2026-10-10,wk inc covid hosp,2,2026-10-24,11,quantile,0.1,3.0
2026-10-10,wk inc covid hosp,2,2026-10-24,11,quantile,0.15,4.0
2026-10-10,wk inc covid hosp,2,2026-10-24,11,quantile,0.2,5.0
2026-10-10,wk inc covid hosp,2,2026-10-24,11,quantile,0.25,5.0
2026-10-10,wk inc covid hosp,2,2026-10-24,11,quantile,0.3,6.0
2026-10-10,wk inc covid hosp,2,2026-10-24,11,quantile,0.35,6.0
2026-10-10,wk inc covid hosp,2,2026-10-24,11,quantile,0.4,7.0
2026-10-10,wk inc covid hosp,2,2026-10-24,11,quantile,0.45,7.0
2026-10-10,wk inc covid hosp,2,2026-10-24,11,quantile,0.5,8.0
2026-10-10,wk inc covid hosp,2,2026-10-24,11,quantile,0.55,8.0
2026-10-10,wk inc covid hosp,2,2026-10-24,11,quantile,0.6,9.0
2026-10-10,wk inc covid hosp,2,2026-10-24,11,quantile,0.65,9.0
2026-10-10,wk inc covid hosp,2,2026-10-24,11,quantile,0.7,10.0
2026-10-10,wk inc covid hosp,2,2026-10-24,11,quantile,0.75,10.0
2026-10-10,wk inc covid hosp,2,2026-10-24,11,quantile,0.8,11.0
2026-10-10,wk inc covid hosp,2,2026-10-24,11,quantile,0.85,12.0
2026-10-10,wk inc covid hosp,2,2026-10-24,11,quantile,0.9,13.0
2026-10-10,wk inc covid hosp,2,2026-10-24,11,quantile,0.95,15.0
2026-10-10,wk inc covid hosp,2,2026-10-24,11,quantile,0.975,17.0
2026-10-10,wk inc covid hosp,2,2026-10-24,11,quantile,0.99,19.0
2026-10-10,wk inc covid hosp,2,2026-10-24,12,quantile,0.01,160.0
2026-10-10,wk inc covid hosp,2,2026-10-24,12,quantile,0.025,190.0
2026-10-10,wk inc covid hosp,2,2026-10-24,12,quantile,0.05,218.0
2026-10-10,wk inc covid hosp,2,2026-10-24,12,quantile,0.1,252.0
2026-10-10,wk inc covid hosp,2,2026-10-24,12,quantile,0.15,275.0
2026-10-10,wk inc covid hosp,2,2026-10-24,12,quantile,0.2,293.0
2026-10-10,wk inc covid hosp,2,2026-10-24,12,quantile,0.25,310.0
2026-10-10,wk inc covid hosp,2,2026-10-24,12,quantile,0.3,326.0
2026-10-10,wk inc covid hosp,2,2026-10-24,12,quantile,0.35,341.0
2026-10-10,wk inc covid hosp,2,2026-10-24,12,quantile,0.4,356.0
2026-10-10,wk inc covid hosp,2,2026-10-24,12,quantile,0.45,370.0
2026-10-10,wk inc covid hosp,2,2026-10-24,12,quantile,0.5,385.0
2026-10-10,wk inc covid hosp,2,2026-10-24,12,quantile,0.55,400.0
2026-10-10,wk inc covid hosp,2,2026-10-24,12,quantile,0.6,416.0
2026-10-10,wk inc covid hosp,2,2026-10-24,12,quantile,0.65,432.0
2026-10-10,wk inc covid hosp,2,2026-10-24,12,quantile,0.7,451.0
2026-10-10,wk inc covid hosp,2,2026-10-24,12,quantile,0.75,471.0
2026-10-10,wk inc covid hosp,2,2026-10-24,12,quantile,0.8,494.0
2026-10-10,wk inc covid hosp,2,2026-10-24,12,quantile,0.85,521.0
2026-10-10,wk inc covid hosp,2,2026-10-24,12,quantile,0.9,557.0
2026-10-10,wk inc covid hosp,2,2026-10-24,12,quantile,0.95,614.0
2026-10-10,wk inc covid hosp,2,2026-10-24,12,quantile,0.975,666.0
2026-10-10,wk inc covid hosp,2,2026-10-24,12,quantile,0.99,730.0
2026-10-10,wk inc covid hosp,2,2026-10-24,13,quantile,0.01,18.0
2026-10-10,wk inc covid hosp,2,2026-10-24,13,quantile,0.025,24.0
2026-10-10,wk inc covid hosp,2,2026-10-24,13,quantile,0.05,30.0
2026-10-10,wk inc covid hosp,2,2026-10-24,13,quantile,0.1,37.0
2026-10-10,wk inc covid hosp,2,2026-10-24,13,quantile,0.15,43.0
2026-10-10,wk inc covid hosp,2,2026-10-24,13,quantile,0.2,48.0
2026-10-10,wk inc covid hosp,2,2026-10-24,13,quantile,0.25,50.0
2026-10-10,wk inc covid hosp,2,2026-10-24,13,quantile,0.3,51.0
2026-10-10,wk inc covid hosp,2,2026-10-24,13,quantile,0.35,53.0
2026-10-10,wk inc covid hosp,2,2026-10-24,13,quantile,0.4,55.0
2026-10-10,wk inc covid hosp,2,2026-10-24,13,quantile,0.45,56.0
2026-10-10,wk inc covid hosp,2,2026-10-24,13,quantile,0.5,58.0
2026-10-10,wk inc covid hosp,2,2026-10-24,13,quantile,0.55,60.0
2026-10-10,wk inc covid hosp,2,2026-10-24,13,quantile,0.6,61.0
2026-10-10,wk inc covid hosp,2,2026-10-24,13,quantile,0.65,63.0
2026-10-10,wk inc covid hosp,2,2026-10-24,13,quantile,0.7,65.0
2026-10-10,wk inc covid hosp,2,2026-10-24,13,quantile,0.75,67.0
2026-10-10,wk inc covid hosp,2,2026-10-24,13,quantile,0.8,70.0
2026-10-10,wk inc covid hosp,2,2026-10-24,13,quantile,0.85,72.0
2026-10-10,wk inc covid hosp,2,2026-10-24,13,quantile,0.9,76.0
2026-10-10,wk inc covid hosp,2,2026-10-24,13,quantile,0.95,82.0
2026-10-10,wk inc covid hosp,2,2026-10-24,13,quantile,0.975,87.0
2026-10-10,wk inc covid hosp,2,2026-10-24,13,quantile,0.99,93.0
2026-10-10,wk inc covid hosp,2,2026-10-24,15,quantile,0.01,7.0
2026-10-10,wk inc covid hosp,2,2026-10-24,15,quantile,0.025,9.0
2026-10-10,wk inc covid hosp,2,2026-10-24,15,quantile,0.05,11.0
2026-10-10,wk inc covid hosp,2,2026-10-24,15,quantile,0.1,14.0
2026-10-10,wk inc covid hosp,2,2026-10-24,15,quantile,0.15,15.0
2026-10-10,wk inc covid hosp,2,2026-10-24,15,quantile,0.2,17.0
2026-10-10,wk inc covid hosp,2,2026-10-24,15,quantile,0.25,18.0
2026-10-10,wk inc covid hosp,2,2026-10-24,15,quantile,0.3,19.0
2026-10-10,wk inc covid hosp,2,2026-10-24,15,quantile,0.35,21.0
2026-10-10,wk inc covid hosp,2,2026-10-24,15,quantile,0.4,22.0
2026-10-10,wk inc covid hosp,2,2026-10-24,15,quantile,0.45,23.0
2026-10-10,wk inc covid hosp,2,2026-10-24,15,quantile,0.5,24.0
2026-10-10,wk inc covid hosp,2,2026-10-24,15,quantile,0.55,25.0
2026-10-10,wk inc covid hosp,2,2026-10-24,15,quantile,0.6,27.0
2026-10-10,wk inc covid hosp,2,2026-10-24,15,quantile,0.65,28.0
2026-10-10,wk inc covid hosp,2,2026-10-24,15,quantile,0.7,30.0
2026-10-10,wk inc covid hosp,2,2026-10-24,15,quantile,0.75,31.0
2026-10-10,wk inc covid hosp,2,2026-10-24,15,quantile,0.8,33.0
2026-10-10,wk inc covid hosp,2,2026-10-24,15,quantile,0.85,36.0
2026-10-10,wk inc covid hosp,2,2026-10-24,15,quantile,0.9,39.0
2026-10-10,wk inc covid hosp,2,2026-10-24,15,quantile,0.95,43.0
2026-10-10,wk inc covid hosp,2,2026-10-24,15,quantile,0.975,48.0
2026-10-10,wk inc covid hosp,2,2026-10-24,15,quantile,0.99,53.0
2026-10-10,wk inc covid hosp,2,2026-10-24,16,quantile,0.01,2.0
2026-10-10,wk inc covid hosp,2,2026-10-24,16,quantile,0.025,2.0
2026-10-10,wk inc covid hosp,2,2026-10-24,16,quantile,0.05,3.0
2026-10-10,wk inc covid hosp,2,2026-10-24,16,quantile,0.1,4.0
2026-10-10,wk inc covid hosp,2,2026-10-24,16,quantile,0.15,5.0
2026-10-10,wk inc covid hosp,2,2026-10-24,16,quantile,0.2,5.0
2026-10-10,wk inc covid hosp,2,2026-10-24,16,quantile,0.25,6.0
2026-10-10,wk inc covid hosp,2,2026-10-24,16,quantile,0.3,7.0
2026-10-10,wk inc covid hosp,2,2026-10-24,16,quantile,0.35,7.0
2026-10-10,wk inc covid hosp,2,2026-10-24,16,quantile,0.4,8.0
2026-10-10,wk inc covid hosp,2,2026-10-24,16,quantile,0.45,8.0
2026-10-10,wk inc covid hosp,2,2026-10-24,16,quantile,0.5,8.0
2026-10-10,wk inc covid hosp,2,2026-10-24,16,quantile,0.55,9.0
2026-10-10,wk inc covid hosp,2,2026-10-24,16,quantile,0.6,10.0
2026-10-10,wk inc covid hosp,2,2026-10-24,16,quantile,0.65,10.0
2026-10-10,wk inc covid hosp,2,2026-10-24,16,quantile,0.7,11.0
2026-10-10,wk inc covid hosp,2,2026-10-24,16,quantile,0.75,11.0
2026-10-10,wk inc covid hosp,2,2026-10-24,16,quantile,0.8,12.0
2026-10-10,wk inc covid hosp,2,2026-10-24,16,quantile,0.85,13.0
2026-10-10,wk inc covid hosp,2,2026-10-24,16,quantile,0.9,14.0
2026-10-10,wk inc covid hosp,2,2026-10-24,16,quantile,0.95,16.0
2026-10-10,wk inc covid hosp,2,2026-10-24,16,quantile,0.975,18.0
2026-10-10,wk inc covid hosp,2,2026-10-24,16,quantile,0.99,20.0
2026-10-10,wk inc covid hosp,2,2026-10-24,17,quantile,0.01,34.0
2026-10-10,wk inc covid hosp,2,2026-10-24,17,quantile,0.025,40.0
2026-10-10,wk inc covid hosp,2,2026-10-24,17,quantile,0.05,46.0
2026-10-10,wk inc covid hosp,2,2026-10-24,17,quantile,0.1,53.0
2026-10-10,wk inc covid hosp,2,2026-10-24,17,quantile,0.15,58.0
2026-10-10,wk inc covid hosp,2,2026-10-24,17,quantile,0.2,62.0
2026-10-10,wk inc covid hosp,2,2026-10-24,17,quantile,0.25,66.0
2026-10-10,wk inc covid hosp,2,2026-10-24,17,quantile,0.3,70.0
2026-10-10,wk inc covid hosp,2,2026-10-24,17,quantile,0.35,73.0
2026-10-10,wk inc covid hosp,2,2026-10-24,17,quantile,0.4,76.0
2026-10-10,wk inc covid hosp,2,2026-10-24,17,quantile,0.45,80.0
2026-10-10,wk inc covid hosp,2,2026-10-24,17,quantile,0.5,83.0
2026-10-10,wk inc covid hosp,2,2026-10-24,17,quantile,0.55,86.0
2026-10-10,wk inc covid hosp,2,2026-10-24,17,quantile,0.6,90.0
2026-10-10,wk inc covid hosp,2,2026-10-24,17,quantile,0.65,94.0
2026-10-10,wk inc covid hosp,2,2026-10-24,17,quantile,0.7,98.0
2026-10-10,wk inc covid hosp,2,2026-10-24,17,quantile,0.75,102.0
2026-10-10,wk inc covid hosp,2,2026-10-24,17,quantile,0.8,108.0
2026-10-10,wk inc covid hosp,2,2026-10-24,17,quantile,0.85,113.0
2026-10-10,wk inc covid hosp,2,2026-10-24,17,quantile,0.9,118.0
2026-10-10,wk inc covid hosp,2,2026-10-24,17,quantile,0.95,126.0
2026-10-10,wk inc covid hosp,2,2026-10-24,17,quantile,0.975,134.0
2026-10-10,wk inc covid hosp,2,2026-10-24,17,quantile,0.99,143.0
2026-10-10,wk inc covid hosp,2,2026-10-24,18,quantile,0.01,18.0
2026-10-10,wk inc covid hosp,2,2026-10-24,18,quantile,0.025,22.0
2026-10-10,wk inc covid hosp,2,2026-10-24,18,quantile,0.05,25.0
2026-10-10,wk inc covid hosp,2,2026-10-24,18,quantile,0.1,29.0
2026-10-10,wk inc covid hosp,2,2026-10-24,18,quantile,0.15,32.0
2026-10-10,wk inc covid hosp,2,2026-10-24,18,quantile,0.2,35.0
2026-10-10,wk inc covid hosp,2,2026-10-24,18,quantile,0.25,37.0
2026-10-10,wk inc covid hosp,2,2026-10-24,18,quantile,0.3,39.0
2026-10-10,wk inc covid hosp,2,2026-10-24,18,quantile,0.35,41.0
2026-10-10,wk inc covid hosp,2,2026-10-24,18,quantile,0.4,43.0
2026-10-10,wk inc covid hosp,2,2026-10-24,18,quantile,0.45,45.0
2026-10-10,wk inc covid hosp,2,2026-10-24,18,quantile,0.5,47.0
2026-10-10,wk inc covid hosp,2,2026-10-24,18,quantile,0.55,49.0
2026-10-10,wk inc covid hosp,2,2026-10-24,18,quantile,0.6,51.0
2026-10-10,wk inc covid hosp,2,2026-10-24,18,quantile,0.65,53.0
2026-10-10,wk inc covid hosp,2,2026-10-24,18,quantile,0.7,56.0
2026-10-10,wk inc covid hosp,2,2026-10-24,18,quantile,0.75,58.0
2026-10-10,wk inc covid hosp,2,2026-10-24,18,quantile,0.8,62.0
2026-10-10,wk inc covid hosp,2,2026-10-24,18,quantile,0.85,65.0
2026-10-10,wk inc covid hosp,2,2026-10-24,18,quantile,0.9,70.0
2026-10-10,wk inc covid hosp,2,2026-10-24,18,quantile,0.95,78.0
2026-10-10,wk inc covid hosp,2,2026-10-24,18,quantile,0.975,85.0
2026-10-10,wk inc covid hosp,2,2026-10-24,18,quantile,0.99,93.0
2026-10-10,wk inc covid hosp,2,2026-10-24,19,quantile,0.01,3.0
2026-10-10,wk inc covid hosp,2,2026-10-24,19,quantile,0.025,4.0
2026-10-10,wk inc covid hosp,2,2026-10-24,19,quantile,0.05,5.0
2026-10-10,wk inc covid hosp,2,2026-10-24,19,quantile,0.1,6.0
2026-10-10,wk inc covid hosp,2,2026-10-24,19,quantile,0.15,7.0
2026-10-10,wk inc covid hosp,2,2026-10-24,19,quantile,0.2,7.0
2026-10-10,wk inc covid hosp,2,2026-10-24,19,quantile,0.25,8.0
2026-10-10,wk inc covid hosp,2,2026-10-24,19,quantile,0.3,9.0
2026-10-10,wk inc covid hosp,2,2026-10-24,19,quantile,0.35,9.0
2026-10-10,wk inc covid hosp,2,2026-10-24,19,quantile,0.4,10.0
2026-10-10,wk inc covid hosp,2,2026-10-24,19,quantile,0.45,11.0
2026-10-10,wk inc covid hosp,2,2026-10-24,19,quantile,0.5,11.0
2026-10-10,wk inc covid hosp,2,2026-10-24,19,quantile,0.55,12.0
2026-10-10,wk inc covid hosp,2,2026-10-24,19,quantile,0.6,12.0
2026-10-10,wk inc covid hosp,2,2026-10-24,19,quantile,0.65,13.0
2026-10-10,wk inc covid hosp,2,2026-10-24,19,quantile,0.7,14.0
2026-10-10,wk inc covid hosp,2,2026-10-24,19,quantile,0.75,15.0
2026-10-10,wk inc covid hosp,2,2026-10-24,19,quantile,0.8,16.0
2026-10-10,wk inc covid hosp,2,2026-10-24,19,quantile,0.85,17.0
2026-10-10,wk inc covid hosp,2,2026-10-24,19,quantile,0.9,18.0
2026-10-10,wk inc covid hosp,2,2026-10-24,19,quantile,0.95,21.0
2026-10-10,wk inc covid hosp,2,2026-10-24,19,quantile,0.975,23.0
2026-10-10,wk inc covid hosp,2,2026-10-24,19,quantile,0.99,26.0
2026-10-10,wk inc covid hosp,2,2026-10-24,20,quantile,0.01,1.0
2026-10-10,wk inc covid hosp,2,2026-10-24,20,quantile,0.025,1.0
2026-10-10,wk inc covid hosp,2,2026-10-24,20,quantile,0.05,2.0
2026-10-10,wk inc covid hosp,2,2026-10-24,20,quantile,0.1,3.0
2026-10-10,wk inc covid hosp,2,2026-10-24,20,quantile,0.15,4.0
2026-10-10,wk inc covid hosp,2,2026-10-24,20,quantile,0.2,5.0
2026-10-10,wk inc covid hosp,2,2026-10-24,20,quantile,0.25,5.0
2026-10-10,wk inc covid hosp,2,2026-10-24,20,quantile,0.3,6.0
2026-10-10,wk inc covid hosp,2,2026-10-24,20,quantile,0.35,6.0
2026-10-10,wk inc covid hosp,2,2026-10-24,20,quantile,0.4,7.0
2026-10-10,wk inc covid hosp,2,2026-10-24,20,quantile,0.45,7.0
2026-10-10,wk inc covid hosp,2,2026-10-24,20,quantile,0.5,8.0
2026-10-10,wk inc covid hosp,2,2026-10-24,20,quantile,0.55,8.0
2026-10-10,wk inc covid hosp,2,2026-10-24,20,quantile,0.6,9.0
2026-10-10,wk inc covid hosp,2,2026-10-24,20,quantile,0.65,9.0
2026-10-10,wk inc covid hosp,2,2026-10-24,20,quantile,0.7,10.0
2026-10-10,wk inc covid hosp,2,2026-10-24,20,quantile,0.75,11.0
2026-10-10,wk inc covid hosp,2,2026-10-24,20,quantile,0.8,12.0
2026-10-10,wk inc covid hosp,2,2026-10-24,20,quantile,0.85,13.0
2026-10-10,wk inc covid hosp,2,2026-10-24,20,quantile,0.9,14.0
2026-10-10,wk inc covid hosp,2,2026-10-24,20,quantile,0.95,16.0
2026-10-10,wk inc covid hosp,2,2026-10-24,20,quantile,0.975,18.0
2026-10-10,wk inc covid hosp,2,2026-10-24,20,quantile,0.99,20.0
2026-10-10,wk inc covid hosp,2,2026-10-24,21,quantile,0.01,4.0
2026-10-10,wk inc covid hosp,2,2026-10-24,21,quantile,0.025,6.0
2026-10-10,wk inc covid hosp,2,2026-10-24,21,quantile,0.05,8.0
2026-10-10,wk inc covid hosp,2,2026-10-24,21,quantile,0.1,10.0
2026-10-10,wk inc covid hosp,2,2026-10-24,21,quantile,0.15,12.0
2026-10-10,wk inc covid hosp,2,2026-10-24,21,quantile,0.2,13.0
2026-10-10,wk inc covid hosp,2,2026-10-24,21,quantile,0.25,14.0
2026-10-10,wk inc covid hosp,2,2026-10-24,21,quantile,0.3,15.0
2026-10-10,wk inc covid hosp,2,2026-10-24,21,quantile,0.35,16.0
2026-10-10,wk inc covid hosp,2,2026-10-24,21,quantile,0.4,17.0
2026-10-10,wk inc covid hosp,2,2026-10-24,21,quantile,0.45,18.0
2026-10-10,wk inc covid hosp,2,2026-10-24,21,quantile,0.5,19.0
2026-10-10,wk inc covid hosp,2,2026-10-24,21,quantile,0.55,21.0
2026-10-10,wk inc covid hosp,2,2026-10-24,21,quantile,0.6,22.0
2026-10-10,wk inc covid hosp,2,2026-10-24,21,quantile,0.65,23.0
2026-10-10,wk inc covid hosp,2,2026-10-24,21,quantile,0.7,24.0
2026-10-10,wk inc covid hosp,2,2026-10-24,21,quantile,0.75,25.0
2026-10-10,wk inc covid hosp,2,2026-10-24,21,quantile,0.8,27.0
2026-10-10,wk inc covid hosp,2,2026-10-24,21,quantile,0.85,29.0
2026-10-10,wk inc covid hosp,2,2026-10-24,21,quantile,0.9,31.0
2026-10-10,wk inc covid hosp,2,2026-10-24,21,quantile,0.95,35.0
2026-10-10,wk inc covid hosp,2,2026-10-24,21,quantile,0.975,39.0
2026-10-10,wk inc covid hosp,2,2026-10-24,21,quantile,0.99,44.0
2026-10-10,wk inc covid hosp,2,2026-10-24,22,quantile,0.01,19.0
2026-10-10,wk inc covid hosp,2,2026-10-24,22,quantile,0.025,23.0
2026-10-10,wk inc covid hosp,2,2026-10-24,22,quantile,0.05,29.0
2026-10-10,wk inc covid hosp,2,2026-10-24,22,quantile,0.1,36.0
2026-10-10,wk inc covid hosp,2,2026-10-24,22,quantile,0.15,42.0
2026-10-10,wk inc covid hosp,2,2026-10-24,22,quantile,0.2,45.0
2026-10-10,wk inc covid hosp,2,2026-10-24,22,quantile,0.25,47.0
2026-10-10,wk inc covid hosp,2,2026-10-24,22,quantile,0.3,49.0
2026-10-10,wk inc covid hosp,2,2026-10-24,22,quantile,0.35,50.0
2026-10-10,wk inc covid hosp,2,2026-10-24,22,quantile,0.4,52.0
2026-10-10,wk inc covid hosp,2,2026-10-24,22,quantile,0.45,53.0
2026-10-10,wk inc covid hosp,2,2026-10-24,22,quantile,0.5,55.0
2026-10-10,wk inc covid hosp,2,2026-10-24,22,quantile,0.55,56.0
2026-10-10,wk inc covid hosp,2,2026-10-24,22,quantile,0.6,58.0
2026-10-10,wk inc covid hosp,2,2026-10-24,22,quantile,0.65,60.0
2026-10-10,wk inc covid hosp,2,2026-10-24,22,quantile,0.7,62.0
2026-10-10,wk inc covid hosp,2,2026-10-24,22,quantile,0.75,64.0
2026-10-10,wk inc covid hosp,2,2026-10-24,22,quantile,0.8,66.0
2026-10-10,wk inc covid hosp,2,2026-10-24,22,quantile,0.85,69.0
2026-10-10,wk inc covid hosp,2,2026-10-24,22,quantile,0.9,73.0
2026-10-10,wk inc covid hosp,2,2026-10-24,22,quantile,0.95,81.0
2026-10-10,wk inc covid hosp,2,2026-10-24,22,quantile,0.975,88.0
2026-10-10,wk inc covid hosp,2,2026-10-24,22,quantile,0.99,97.0
2026-10-10,wk inc covid hosp,2,2026-10-24,23,quantile,0.01,0.0
2026-10-10,wk inc covid hosp,2,2026-10-24,23,quantile,0.025,0.0
2026-10-10,wk inc covid hosp,2,2026-10-24,23,quantile,0.05,0.0
2026-10-10,wk inc covid hosp,2,2026-10-24,23,quantile,0.1,0.0
2026-10-10,wk inc covid hosp,2,2026-10-24,23,quantile,0.15,0.0
2026-10-10,wk inc covid hosp,2,2026-10-24,23,quantile,0.2,1.0
2026-10-10,wk inc covid hosp,2,2026-10-24,23,quantile,0.25,1.0
2026-10-10,wk inc covid hosp,2,2026-10-24,23,quantile,0.3,1.0
2026-10-10,wk inc covid hosp,2,2026-10-24,23,quantile,0.35,1.0
2026-10-10,wk inc covid hosp,2,2026-10-24,23,quantile,0.4,1.0
2026-10-10,wk inc covid hosp,2,2026-10-24,23,quantile,0.45,1.0
2026-10-10,wk inc covid hosp,2,2026-10-24,23,quantile,0.5,2.0
2026-10-10,wk inc covid hosp,2,2026-10-24,23,quantile,0.55,2.0
2026-10-10,wk inc covid hosp,2,2026-10-24,23,quantile,0.6,2.0
2026-10-10,wk inc covid hosp,2,2026-10-24,23,quantile,0.65,2.0
2026-10-10,wk inc covid hosp,2,2026-10-24,23,quantile,0.7,2.0
2026-10-10,wk inc covid hosp,2,2026-10-24,23,quantile,0.75,3.0
2026-10-10,wk inc covid hosp,2,2026-10-24,23,quantile,0.8,3.0
2026-10-10,wk inc covid hosp,2,2026-10-24,23,quantile,0.85,3.0
2026-10-10,wk inc covid hosp,2,2026-10-24,23,quantile,0.9,4.0
2026-10-10,wk inc covid hosp,2,2026-10-24,23,quantile,0.95,5.0
2026-10-10,wk inc covid hosp,2,2026-10-24,23,quantile,0.975,5.0
2026-10-10,wk inc covid hosp,2,2026-10-24,23,quantile,0.99,6.0
2026-10-10,wk inc covid hosp,2,2026-10-24,24,quantile,0.01,19.0
2026-10-10,wk inc covid hosp,2,2026-10-24,24,quantile,0.025,22.0
2026-10-10,wk inc covid hosp,2,2026-10-24,24,quantile,0.05,25.0
2026-10-10,wk inc covid hosp,2,2026-10-24,24,quantile,0.1,30.0
2026-10-10,wk inc covid hosp,2,2026-10-24,24,quantile,0.15,32.0
2026-10-10,wk inc covid hosp,2,2026-10-24,24,quantile,0.2,34.0
2026-10-10,wk inc covid hosp,2,2026-10-24,24,quantile,0.25,35.0
2026-10-10,wk inc covid hosp,2,2026-10-24,24,quantile,0.3,37.0
2026-10-10,wk inc covid hosp,2,2026-10-24,24,quantile,0.35,38.0
2026-10-10,wk inc covid hosp,2,2026-10-24,24,quantile,0.4,39.0
2026-10-10,wk inc covid hosp,2,2026-10-24,24,quantile,0.45,41.0
2026-10-10,wk inc covid hosp,2,2026-10-24,24,quantile,0.5,42.0
2026-10-10,wk inc covid hosp,2,2026-10-24,24,quantile,0.55,43.0
2026-10-10,wk inc covid hosp,2,2026-10-24,24,quantile,0.6,44.0
2026-10-10,wk inc covid hosp,2,2026-10-24,24,quantile,0.65,46.0
2026-10-10,wk inc covid hosp,2,2026-10-24,24,quantile,0.7,47.0
2026-10-10,wk inc covid hosp,2,2026-10-24,24,quantile,0.75,49.0
2026-10-10,wk inc covid hosp,2,2026-10-24,24,quantile,0.8,51.0
2026-10-10,wk inc covid hosp,2,2026-10-24,24,quantile,0.85,53.0
2026-10-10,wk inc covid hosp,2,2026-10-24,24,quantile,0.9,56.0
2026-10-10,wk inc covid hosp,2,2026-10-24,24,quantile,0.95,60.0
2026-10-10,wk inc covid hosp,2,2026-10-24,24,quantile,0.975,64.0
2026-10-10,wk inc covid hosp,2,2026-10-24,24,quantile,0.99,69.0
2026-10-10,wk inc covid hosp,2,2026-10-24,25,quantile,0.01,32.0
2026-10-10,wk inc covid hosp,2,2026-10-24,25,quantile,0.025,38.0
2026-10-10,wk inc covid hosp,2,2026-10-24,25,quantile,0.05,43.0
2026-10-10,wk inc covid hosp,2,2026-10-24,25,quantile,0.1,49.0
2026-10-10,wk inc covid hosp,2,2026-10-24,25,quantile,0.15,54.0
2026-10-10,wk inc covid hosp,2,2026-10-24,25,quantile,0.2,58.0
2026-10-10,wk inc covid hosp,2,2026-10-24,25,quantile,0.25,62.0
2026-10-10,wk inc covid hosp,2,2026-10-24,25,quantile,0.3,65.0
2026-10-10,wk inc covid hosp,2,2026-10-24,25,quantile,0.35,68.0
2026-10-10,wk inc covid hosp,2,2026-10-24,25,quantile,0.4,71.0
2026-10-10,wk inc covid hosp,2,2026-10-24,25,quantile,0.45,74.0
2026-10-10,wk inc covid hosp,2,2026-10-24,25,quantile,0.5,78.0
2026-10-10,wk inc covid hosp,2,2026-10-24,25,quantile,0.55,81.0
2026-10-10,wk inc covid hosp,2,2026-10-24,25,quantile,0.6,84.0
2026-10-10,wk inc covid hosp,2,2026-10-24,25,quantile,0.65,88.0
2026-10-10,wk inc covid hosp,2,2026-10-24,25,quantile,0.7,92.0
2026-10-10,wk inc covid hosp,2,2026-10-24,25,quantile,0.75,95.0
2026-10-10,wk inc covid hosp,2,2026-10-24,25,quantile,0.8,99.0
2026-10-10,wk inc covid hosp,2,2026-10-24,25,quantile,0.85,102.0
2026-10-10,wk inc covid hosp,2,2026-10-24,25,quantile,0.9,107.0
2026-10-10,wk inc covid hosp,2,2026-10-24,25,quantile,0.95,115.0
2026-10-10,wk inc covid hosp,2,2026-10-24,25,quantile,0.975,122.0
2026-10-10,wk inc covid hosp,2,2026-10-24,25,quantile,0.99,130.0
2026-10-10,wk inc covid hosp,2,2026-10-24,26,quantile,0.01,31.0
2026-10-10,wk inc covid hosp,2,2026-10-24,26,quantile,0.025,36.0
2026-10-10,wk inc covid hosp,2,2026-10-24,26,quantile,0.05,41.0
2026-10-10,wk inc covid hosp,2,2026-10-24,26,quantile,0.1,48.0
2026-10-10,wk inc covid hosp,2,2026-10-24,26,quantile,0.15,53.0
2026-10-10,wk inc covid hosp,2,2026-10-24,26,quantile,0.2,56.0
2026-10-10,wk inc covid hosp,2,2026-10-24,26,quantile,0.25,60.0
2026-10-10,wk inc covid hosp,2,2026-10-24,26,quantile,0.3,63.0
2026-10-10,wk inc covid hosp,2,2026-10-24,26,quantile,0.35,66.0
2026-10-10,wk inc covid hosp,2,2026-10-24,26,quantile,0.4,69.0
2026-10-10,wk inc covid hosp,2,2026-10-24,26,quantile,0.45,72.0
2026-10-10,wk inc covid hosp,2,2026-10-24,26,quantile,0.5,75.0
2026-10-10,wk inc covid hosp,2,2026-10-24,26,quantile,0.55,78.0
2026-10-10,wk inc covid hosp,2,2026-10-24,26,quantile,0.6,82.0
2026-10-10,wk inc covid hosp,2,2026-10-24,26,quantile,0.65,85.0
2026-10-10,wk inc covid hosp,2,2026-10-24,26,quantile,0.7,89.0
2026-10-10,wk inc covid hosp,2,2026-10-24,26,quantile,0.75,93.0
2026-10-10,wk inc covid hosp,2,2026-10-24,26,quantile,0.8,98.0
2026-10-10,wk inc covid hosp,2,2026-10-24,26,quantile,0.85,103.0
2026-10-10,wk inc covid hosp,2,2026-10-24,26,quantile,0.9,111.0
2026-10-10,wk inc covid hosp,2,2026-10-24,26,quantile,0.95,123.0
2026-10-10,wk inc covid hosp,2,2026-10-24,26,quantile,0.975,133.0
2026-10-10,wk inc covid hosp,2,2026-10-24,26,quantile,0.99,147.0
2026-10-10,wk inc covid hosp,2,2026-10-24,27,quantile,0.01,19.0
2026-10-10,wk inc covid hosp,2,2026-10-24,27,quantile,0.025,22.0
2026-10-10,wk inc covid hosp,2,2026-10-24,27,quantile,0.05,26.0
2026-10-10,wk inc covid hosp,2,2026-10-24,27,quantile,0.1,30.0
2026-10-10,wk inc covid hosp,2,2026-10-24,27,quantile,0.15,32.0
2026-10-10,wk inc covid hosp,2,2026-10-24,27,quantile,0.2,33.0
2026-10-10,wk inc covid hosp,2,2026-10-24,27,quantile,0.25,35.0
2026-10-10,wk inc covid hosp,2,2026-10-24,27,quantile,0.3,36.0
2026-10-10,wk inc covid hosp,2,2026-10-24,27,quantile,0.35,38.0
2026-10-10,wk inc covid hosp,2,2026-10-24,27,quantile,0.4,39.0
2026-10-10,wk inc covid hosp,2,2026-10-24,27,quantile,0.45,40.0
2026-10-10,wk inc covid hosp,2,2026-10-24,27,quantile,0.5,41.0
2026-10-10,wk inc covid hosp,2,2026-10-24,27,quantile,0.55,42.0
2026-10-10,wk inc covid hosp,2,2026-10-24,27,quantile,0.6,44.0
2026-10-10,wk inc covid hosp,2,2026-10-24,27,quantile,0.65,45.0
2026-10-10,wk inc covid hosp,2,2026-10-24,27,quantile,0.7,47.0
2026-10-10,wk inc covid hosp,2,2026-10-24,27,quantile,0.75,48.0
2026-10-10,wk inc covid hosp,2,2026-10-24,27,quantile,0.8,50.0
2026-10-10,wk inc covid hosp,2,2026-10-24,27,quantile,0.85,52.0
2026-10-10,wk inc covid hosp,2,2026-10-24,27,quantile,0.9,55.0
2026-10-10,wk inc covid hosp,2,2026-10-24,27,quantile,0.95,59.0
2026-10-10,wk inc covid hosp,2,2026-10-24,27,quantile,0.975,63.0
2026-10-10,wk inc covid hosp,2,2026-10-24,27,quantile,0.99,68.0
2026-10-10,wk inc covid hosp,2,2026-10-24,28,quantile,0.01,5.0
2026-10-10,wk inc covid hosp,2,2026-10-24,28,quantile,0.025,7.0
2026-10-10,wk inc covid hosp,2,2026-10-24,28,quantile,0.05,9.0
2026-10-10,wk inc covid hosp,2,2026-10-24,28,quantile,0.1,12.0
2026-10-10,wk inc covid hosp,2,2026-10-24,28,quantile,0.15,14.0
2026-10-10,wk inc covid hosp,2,2026-10-24,28,quantile,0.2,16.0
2026-10-10,wk inc covid hosp,2,2026-10-24,28,quantile,0.25,18.0
2026-10-10,wk inc covid hosp,2,2026-10-24,28,quantile,0.3,19.0
2026-10-10,wk inc covid hosp,2,2026-10-24,28,quantile,0.35,21.0
2026-10-10,wk inc covid hosp,2,2026-10-24,28,quantile,0.4,22.0
2026-10-10,wk inc covid hosp,2,2026-10-24,28,quantile,0.45,24.0
2026-10-10,wk inc covid hosp,2,2026-10-24,28,quantile,0.5,25.0
2026-10-10,wk inc covid hosp,2,2026-10-24,28,quantile,0.55,27.0
2026-10-10,wk inc covid hosp,2,2026-10-24,28,quantile,0.6,29.0
2026-10-10,wk inc covid hosp,2,2026-10-24,28,quantile,0.65,31.0
2026-10-10,wk inc covid hosp,2,2026-10-24,28,quantile,0.7,33.0
2026-10-10,wk inc covid hosp,2,2026-10-24,28,quantile,0.75,35.0
2026-10-10,wk inc covid hosp,2,2026-10-24,28,quantile,0.8,37.0
2026-10-10,wk inc covid hosp,2,2026-10-24,28,quantile,0.85,40.0
2026-10-10,wk inc covid hosp,2,2026-10-24,28,quantile,0.9,43.0
2026-10-10,wk inc covid hosp,2,2026-10-24,28,quantile,0.95,49.0
2026-10-10,wk inc covid hosp,2,2026-10-24,28,quantile,0.975,54.0
2026-10-10,wk inc covid hosp,2,2026-10-24,28,quantile,0.99,60.0
2026-10-10,wk inc covid hosp,2,2026-10-24,29,quantile,0.01,12.0
2026-10-10,wk inc covid hosp,2,2026-10-24,29,quantile,0.025,15.0
2026-10-10,wk inc covid hosp,2,2026-10-24,29,quantile,0.05,17.0
2026-10-10,wk inc covid hosp,2,2026-10-24,29,quantile,0.1,21.0
2026-10-10,wk inc covid hosp,2,2026-10-24,29,quantile,0.15,23.0
2026-10-10,wk inc covid hosp,2,2026-10-24,29,quantile,0.2,25.0
2026-10-10,wk inc covid hosp,2,2026-10-24,29,quantile,0.25,26.0
2026-10-10,wk inc covid hosp,2,2026-10-24,29,quantile,0.3,28.0
2026-10-10,wk inc covid hosp,2,2026-10-24,29,quantile,0.35,29.0
2026-10-10,wk inc covid hosp,2,2026-10-24,29,quantile,0.4,31.0
2026-10-10,wk inc covid hosp,2,2026-10-24,29,quantile,0.45,32.0
2026-10-10,wk inc covid hosp,2,2026-10-24,29,quantile,0.5,34.0
2026-10-10,wk inc covid hosp,2,2026-10-24,29,quantile,0.55,35.0
2026-10-10,wk inc covid hosp,2,2026-10-24,29,quantile,0.6,37.0
2026-10-10,wk inc covid hosp,2,2026-10-24,29,quantile,0.65,39.0
2026-10-10,wk inc covid hosp,2,2026-10-24,29,quantile,0.7,41.0
2026-10-10,wk inc covid hosp,2,2026-10-24,29,quantile,0.75,43.0
2026-10-10,wk inc covid hosp,2,2026-10-24,29,quantile,0.8,45.0
2026-10-10,wk inc covid hosp,2,2026-10-24,29,quantile,0.85,48.0
2026-10-10,wk inc covid hosp,2,2026-10-24,29,quantile,0.9,52.0
2026-10-10,wk inc covid hosp,2,2026-10-24,29,quantile,0.95,59.0
2026-10-10,wk inc covid hosp,2,2026-10-24,29,quantile,0.975,65.0
2026-10-10,wk inc covid hosp,2,2026-10-24,29,quantile,0.99,72.0
2026-10-10,wk inc covid hosp,2,2026-10-24,30,quantile,0.01,5.0
2026-10-10,wk inc covid hosp,2,2026-10-24,30,quantile,0.025,6.0
2026-10-10,wk inc covid hosp,2,2026-10-24,30,quantile,0.05,7.0
2026-10-10,wk inc covid hosp,2,2026-10-24,30,quantile,0.1,8.0
2026-10-10,wk inc covid hosp,2,2026-10-24,30,quantile,0.15,9.0
2026-10-10,wk inc covid hosp,2,2026-10-24,30,quantile,0.2,9.0
2026-10-10,wk inc covid hosp,2,2026-10-24,30,quantile,0.25,10.0
2026-10-10,wk inc covid hosp,2,2026-10-24,30,quantile,0.3,11.0
2026-10-10,wk inc covid hosp,2,2026-10-24,30,quantile,0.35,11.0
2026-10-10,wk inc covid hosp,2,2026-10-24,30,quantile,0.4,12.0
2026-10-10,wk inc covid hosp,2,2026-10-24,30,quantile,0.45,12.0
2026-10-10,wk inc covid hosp,2,2026-10-24,30,quantile,0.5,13.0
2026-10-10,wk inc covid hosp,2,2026-10-24,30,quantile,0.55,13.0
2026-10-10,wk inc covid hosp,2,2026-10-24,30,quantile,0.6,14.0
2026-10-10,wk inc covid hosp,2,2026-10-24,30,quantile,0.65,15.0
2026-10-10,wk inc covid hosp,2,2026-10-24,30,quantile,0.7,15.0
2026-10-10,wk inc covid hosp,2,2026-10-24,30,quantile,0.75,16.0
2026-10-10,wk inc covid hosp,2,2026-10-24,30,quantile,0.8,17.0
2026-10-10,wk inc covid hosp,2,2026-10-24,30,quantile,0.85,18.0
2026-10-10,wk inc covid hosp,2,2026-10-24,30,quantile,0.9,19.0
2026-10-10,wk inc covid hosp,2,2026-10-24,30,quantile,0.95,21.0
2026-10-10,wk inc covid hosp,2,2026-10-24,30,quantile,0.975,22.0
2026-10-10,wk inc covid hosp,2,2026-10-24,30,quantile,0.99,25.0
2026-10-10,wk inc covid hosp,2,2026-10-24,31,quantile,0.01,3.0
2026-10-10,wk inc covid hosp,2,2026-10-24,31,quantile,0.025,5.0
2026-10-10,wk inc covid hosp,2,2026-10-24,31,quantile,0.05,6.0
2026-10-10,wk inc covid hosp,2,2026-10-24,31,quantile,0.1,7.0
2026-10-10,wk inc covid hosp,2,2026-10-24,31,quantile,0.15,8.0
2026-10-10,wk inc covid hosp,2,2026-10-24,31,quantile,0.2,9.0
2026-10-10,wk inc covid hosp,2,2026-10-24,31,quantile,0.25,10.0
2026-10-10,wk inc covid hosp,2,2026-10-24,31,quantile,0.3,10.0
2026-10-10,wk inc covid hosp,2,2026-10-24,31,quantile,0.35,11.0
2026-10-10,wk inc covid hosp,2,2026-10-24,31,quantile,0.4,12.0
2026-10-10,wk inc covid hosp,2,2026-10-24,31,quantile,0.45,12.0
2026-10-10,wk inc covid hosp,2,2026-10-24,31,quantile,0.5,13.0
2026-10-10,wk inc covid hosp,2,2026-10-24,31,quantile,0.55,14.0
2026-10-10,wk inc covid hosp,2,2026-10-24,31,quantile,0.6,14.0
2026-10-10,wk inc covid hosp,2,2026-10-24,31,quantile,0.65,15.0
2026-10-10,wk inc covid hosp,2,2026-10-24,31,quantile,0.7,16.0
2026-10-10,wk inc covid hosp,2,2026-10-24,31,quantile,0.75,17.0
2026-10-10,wk inc covid hosp,2,2026-10-24,31,quantile,0.8,18.0
2026-10-10,wk inc covid hosp,2,2026-10-24,31,quantile,0.85,19.0
2026-10-10,wk inc covid hosp,2,2026-10-24,31,quantile,0.9,21.0
2026-10-10,wk inc covid hosp,2,2026-10-24,31,quantile,0.95,23.0
2026-10-10,wk inc covid hosp,2,2026-10-24,31,quantile,0.975,26.0
2026-10-10,wk inc covid hosp,2,2026-10-24,31,quantile,0.99,29.0
2026-10-10,wk inc covid hosp,2,2026-10-24,32,quantile,0.01,10.0
2026-10-10,wk inc covid hosp,2,2026-10-24,32,quantile,0.025,12.0
2026-10-10,wk inc covid hosp,2,2026-10-24,32,quantile,0.05,13.0
2026-10-10,wk inc covid hosp,2,2026-10-24,32,quantile,0.1,15.0
2026-10-10,wk inc covid hosp,2,2026-10-24,32,quantile,0.15,16.0
2026-10-10,wk inc covid hosp,2,2026-10-24,32,quantile,0.2,18.0
2026-10-10,wk inc covid hosp,2,2026-10-24,32,quantile,0.25,19.0
2026-10-10,wk inc covid hosp,2,2026-10-24,32,quantile,0.3,20.0
2026-10-10,wk inc covid hosp,2,2026-10-24,32,quantile,0.35,22.0
2026-10-10,wk inc covid hosp,2,2026-10-24,32,quantile,0.4,23.0
2026-10-10,wk inc covid hosp,2,2026-10-24,32,quantile,0.45,24.0
2026-10-10,wk inc covid hosp,2,2026-10-24,32,quantile,0.5,25.0
2026-10-10,wk inc covid hosp,2,2026-10-24,32,quantile,0.55,27.0
2026-10-10,wk inc covid hosp,2,2026-10-24,32,quantile,0.6,28.0
2026-10-10,wk inc covid hosp,2,2026-10-24,32,quantile,0.65,29.0
2026-10-10,wk inc covid hosp,2,2026-10-24,32,quantile,0.7,31.0
2026-10-10,wk inc covid hosp,2,2026-10-24,32,quantile,0.75,33.0
2026-10-10,wk inc covid hosp,2,2026-10-24,32,quantile,0.8,35.0
2026-10-10,wk inc covid hosp,2,2026-10-24,32,quantile,0.85,37.0
2026-10-10,wk inc covid hosp,2,2026-10-24,32,quantile,0.9,40.0
2026-10-10,wk inc covid hosp,2,2026-10-24,32,quantile,0.95,45.0
2026-10-10,wk inc covid hosp,2,2026-10-24,32,quantile,0.975,50.0
2026-10-10,wk inc covid hosp,2,2026-10-24,32,quantile,0.99,56.0
2026-10-10,wk inc covid hosp,2,2026-10-24,33,quantile,0.01,1.0
2026-10-10,wk inc covid hosp,2,2026-10-24,33,quantile,0.025,1.0
2026-10-10,wk inc covid hosp,2,2026-10-24,33,quantile,0.05,2.0
2026-10-10,wk inc covid hosp,2,2026-10-24,33,quantile,0.1,3.0
2026-10-10,wk inc covid hosp,2,2026-10-24,33,quantile,0.15,3.0
2026-10-10,wk inc covid hosp,2,2026-10-24,33,quantile,0.2,4.0
2026-10-10,wk inc covid hosp,2,2026-10-24,33,quantile,0.25,4.0
2026-10-10,wk inc covid hosp,2,2026-10-24,33,quantile,0.3,5.0
2026-10-10,wk inc covid hosp,2,2026-10-24,33,quantile,0.35,5.0
2026-10-10,wk inc covid hosp,2,2026-10-24,33,quantile,0.4,5.0
2026-10-10,wk inc covid hosp,2,2026-10-24,33,quantile,0.45,6.0
2026-10-10,wk inc covid hosp,2,2026-10-24,33,quantile,0.5,6.0
2026-10-10,wk inc covid hosp,2,2026-10-24,33,quantile,0.55,7.0
2026-10-10,wk inc covid hosp,2,2026-10-24,33,quantile,0.6,7.0
2026-10-10,wk inc covid hosp,2,2026-10-24,33,quantile,0.65,8.0
2026-10-10,wk inc covid hosp,2,2026-10-24,33,quantile,0.7,8.0
2026-10-10,wk inc covid hosp,2,2026-10-24,33,quantile,0.75,9.0
2026-10-10,wk inc covid hosp,2,2026-10-24,33,quantile,0.8,9.0
2026-10-10,wk inc covid hosp,2,2026-10-24,33,quantile,0.85,10.0
2026-10-10,wk inc covid hosp,2,2026-10-24,33,quantile,0.9,11.0
2026-10-10,wk inc covid hosp,2,2026-10-24,33,quantile,0.95,13.0
2026-10-10,wk inc covid hosp,2,2026-10-24,33,quantile,0.975,14.0
2026-10-10,wk inc covid hosp,2,2026-10-24,33,quantile,0.99,16.0
2026-10-10,wk inc covid hosp,2,2026-10-24,34,quantile,0.01,65.0
2026-10-10,wk inc covid hosp,2,2026-10-24,34,quantile,0.025,72.0
2026-10-10,wk inc covid hosp,2,2026-10-24,34,quantile,0.05,77.0
2026-10-10,wk inc covid hosp,2,2026-10-24,34,quantile,0.1,84.0
2026-10-10,wk inc covid hosp,2,2026-10-24,34,quantile,0.15,89.0
2026-10-10,wk inc covid hosp,2,2026-10-24,34,quantile,0.2,93.0
2026-10-10,wk inc covid hosp,2,2026-10-24,34,quantile,0.25,96.0
2026-10-10,wk inc covid hosp,2,2026-10-24,34,quantile,0.3,99.0
2026-10-10,wk inc covid hosp,2,2026-10-24,34,quantile,0.35,102.0
2026-10-10,wk inc covid hosp,2,2026-10-24,34,quantile,0.4,105.0
2026-10-10,wk inc covid hosp,2,2026-10-24,34,quantile,0.45,108.0
2026-10-10,wk inc covid hosp,2,2026-10-24,34,quantile,0.5,111.0
2026-10-10,wk inc covid hosp,2,2026-10-24,34,quantile,0.55,114.0
2026-10-10,wk inc covid hosp,2,2026-10-24,34,quantile,0.6,117.0
2026-10-10,wk inc covid hosp,2,2026-10-24,34,quantile,0.65,120.0
2026-10-10,wk inc covid hosp,2,2026-10-24,34,quantile,0.7,123.0
2026-10-10,wk inc covid hosp,2,2026-10-24,34,quantile,0.75,127.0
2026-10-10,wk inc covid hosp,2,2026-10-24,34,quantile,0.8,131.0
2026-10-10,wk inc covid hosp,2,2026-10-24,34,quantile,0.85,136.0
2026-10-10,wk inc covid hosp,2,2026-10-24,34,quantile,0.9,142.0
2026-10-10,wk inc covid hosp,2,2026-10-24,34,quantile,0.95,157.0
2026-10-10,wk inc covid hosp,2,2026-10-24,34,quantile,0.975,172.0
2026-10-10,wk inc covid hosp,2,2026-10-24,34,quantile,0.99,191.0
2026-10-10,wk inc covid hosp,2,2026-10-24,35,quantile,0.01,1.0
2026-10-10,wk inc covid hosp,2,2026-10-24,35,quantile,0.025,2.0
2026-10-10,wk inc covid hosp,2,2026-10-24,35,quantile,0.05,3.0
2026-10-10,wk inc covid hosp,2,2026-10-24,35,quantile,0.1,4.0
2026-10-10,wk inc covid hosp,2,2026-10-24,35,quantile,0.15,5.0
2026-10-10,wk inc covid hosp,2,2026-10-24,35,quantile,0.2,6.0
2026-10-10,wk inc covid hosp,2,2026-10-24,35,quantile,0.25,7.0
2026-10-10,wk inc covid hosp,2,2026-10-24,35,quantile,0.3,7.0
2026-10-10,wk inc covid hosp,2,2026-10-24,35,quantile,0.35,8.0
2026-10-10,wk inc covid hosp,2,2026-10-24,35,quantile,0.4,8.0
2026-10-10,wk inc covid hosp,2,2026-10-24,35,quantile,0.45,9.0
2026-10-10,wk inc covid hosp,2,2026-10-24,35,quantile,0.5,10.0
2026-10-10,wk inc covid hosp,2,2026-10-24,35,quantile,0.55,10.0
2026-10-10,wk inc covid hosp,2,2026-10-24,35,quantile,0.6,11.0
2026-10-10,wk inc covid hosp,2,2026-10-24,35,quantile,0.65,11.0
2026-10-10,wk inc covid hosp,2,2026-10-24,35,quantile,0.7,12.0
2026-10-10,wk inc covid hosp,2,2026-10-24,35,quantile,0.75,13.0
2026-10-10,wk inc covid hosp,2,2026-10-24,35,quantile,0.8,14.0
2026-10-10,wk inc covid hosp,2,2026-10-24,35,quantile,0.85,15.0
2026-10-10,wk inc covid hosp,2,2026-10-24,35,quantile,0.9,16.0
2026-10-10,wk inc covid hosp,2,2026-10-24,35,quantile,0.95,19.0
2026-10-10,wk inc covid hosp,2,2026-10-24,35,quantile,0.975,21.0
2026-10-10,wk inc covid hosp,2,2026-10-24,35,quantile,0.99,23.0
2026-10-10,wk inc covid hosp,2,2026-10-24,36,quantile,0.01,154.0
2026-10-10,wk inc covid hosp,2,2026-10-24,36,quantile,0.025,177.0
2026-10-10,wk inc covid hosp,2,2026-10-24,36,quantile,0.05,194.0
2026-10-10,wk inc covid hosp,2,2026-10-24,36,quantile,0.1,210.0
2026-10-10,wk inc covid hosp,2,2026-10-24,36,quantile,0.15,221.0
2026-10-10,wk inc covid hosp,2,2026-10-24,36,quantile,0.2,230.0
2026-10-10,wk inc covid hosp,2,2026-10-24,36,quantile,0.25,238.0
2026-10-10,wk inc covid hosp,2,2026-10-24,36,quantile,0.3,245.0
2026-10-10,wk inc covid hosp,2,2026-10-24,36,quantile,0.35,252.0
2026-10-10,wk inc covid hosp,2,2026-10-24,36,quantile,0.4,258.0
2026-10-10,wk inc covid hosp,2,2026-10-24,36,quantile,0.45,265.0
2026-10-10,wk inc covid hosp,2,2026-10-24,36,quantile,0.5,271.0
2026-10-10,wk inc covid hosp,2,2026-10-24,36,quantile,0.55,278.0
2026-10-10,wk inc covid hosp,2,2026-10-24,36,quantile,0.6,284.0
2026-10-10,wk inc covid hosp,2,2026-10-24,36,quantile,0.65,291.0
2026-10-10,wk inc covid hosp,2,2026-10-24,36,quantile,0.7,299.0
2026-10-10,wk inc covid hosp,2,2026-10-24,36,quantile,0.75,307.0
2026-10-10,wk inc covid hosp,2,2026-10-24,36,quantile,0.8,317.0
2026-10-10,wk inc covid hosp,2,2026-10-24,36,quantile,0.85,328.0
2026-10-10,wk inc covid hosp,2,2026-10-24,36,quantile,0.9,343.0
2026-10-10,wk inc covid hosp,2,2026-10-24,36,quantile,0.95,365.0
2026-10-10,wk inc covid hosp,2,2026-10-24,36,quantile,0.975,385.0
2026-10-10,wk inc covid hosp,2,2026-10-24,36,quantile,0.99,409.0
2026-10-10,wk inc covid hosp,2,2026-10-24,37,quantile,0.01,66.0
2026-10-10,wk inc covid hosp,2,2026-10-24,37,quantile,0.025,72.0
2026-10-10,wk inc covid hosp,2,2026-10-24,37,quantile,0.05,78.0
2026-10-10,wk inc covid hosp,2,2026-10-24,37,quantile,0.1,85.0
2026-10-10,wk inc covid hosp,2,2026-10-24,37,quantile,0.15,90.0
2026-10-10,wk inc covid hosp,2,2026-10-24,37,quantile,0.2,98.0
2026-10-10,wk inc covid hosp,2,2026-10-24,37,quantile,0.25,104.0
2026-10-10,wk inc covid hosp,2,2026-10-24,37,quantile,0.3,111.0
2026-10-10,wk inc covid hosp,2,2026-10-24,37,quantile,0.35,117.0
2026-10-10,wk inc covid hosp,2,2026-10-24,37,quantile,0.4,122.0
2026-10-10,wk inc covid hosp,2,2026-10-24,37,quantile,0.45,128.0
2026-10-10,wk inc covid hosp,2,2026-10-24,37,quantile,0.5,134.0
2026-10-10,wk inc covid hosp,2,2026-10-24,37,quantile,0.55,140.0
2026-10-10,wk inc covid hosp,2,2026-10-24,37,quantile,0.6,147.0
2026-10-10,wk inc covid hosp,2,2026-10-24,37,quantile,0.65,154.0
2026-10-10,wk inc covid hosp,2,2026-10-24,37,quantile,0.7,161.0
2026-10-10,wk inc covid hosp,2,2026-10-24,37,quantile,0.75,169.0
2026-10-10,wk inc covid hosp,2,2026-10-24,37,quantile,0.8,179.0
2026-10-10,wk inc covid hosp,2,2026-10-24,37,quantile,0.85,190.0
2026-10-10,wk inc covid hosp,2,2026-10-24,37,quantile,0.9,205.0
2026-10-10,wk inc covid hosp,2,2026-10-24,37,quantile,0.95,229.0
2026-10-10,wk inc covid hosp,2,2026-10-24,37,quantile,0.975,250.0
2026-10-10,wk inc covid hosp,2,2026-10-24,37,quantile,0.99,277.0
2026-10-10,wk inc covid hosp,2,2026-10-24,38,quantile,0.01,0.0
2026-10-10,wk inc covid hosp,2,2026-10-24,38,quantile,0.025,0.0
2026-10-10,wk inc covid hosp,2,2026-10-24,38,quantile,0.05,0.0
2026-10-10,wk inc covid hosp,2,2026-10-24,38,quantile,0.1,0.0
2026-10-10,wk inc covid hosp,2,2026-10-24,38,quantile,0.15,0.0
2026-10-10,wk inc covid hosp,2,2026-10-24,38,quantile,0.2,0.0
2026-10-10,wk inc covid hosp,2,2026-10-24,38,quantile,0.25,0.0
2026-10-10,wk inc covid hosp,2,2026-10-24,38,quantile,0.3,0.0
2026-10-10,wk inc covid hosp,2,2026-10-24,38,quantile,0.35,0.0
2026-10-10,wk inc covid hosp,2,2026-10-24,38,quantile,0.4,0.0
2026-10-10,wk inc covid hosp,2,2026-10-24,38,quantile,0.45,0.0
2026-10-10,wk inc covid hosp,2,2026-10-24,38,quantile,0.5,0.0
2026-10-10,wk inc covid hosp,2,2026-10-24,38,quantile,0.55,0.0
2026-10-10,wk inc covid hosp,2,2026-10-24,38,quantile,0.6,0.0
2026-10-10,wk inc covid hosp,2,2026-10-24,38,quantile,0.65,0.0
2026-10-10,wk inc covid hosp,2,2026-10-24,38,quantile,0.7,0.0
2026-10-10,wk inc covid hosp,2,2026-10-24,38,quantile,0.75,0.0
2026-10-10,wk inc covid hosp,2,2026-10-24,38,quantile,0.8,0.0
2026-10-10,wk inc covid hosp,2,2026-10-24,38,quantile,0.85,0.0
2026-10-10,wk inc covid hosp,2,2026-10-24,38,quantile,0.9,0.0
2026-10-10,wk inc covid hosp,2,2026-10-24,38,quantile,0.95,0.0
2026-10-10,wk inc covid hosp,2,2026-10-24,38,quantile,0.975,0.0
2026-10-10,wk inc covid hosp,2,2026-10-24,38,quantile,0.99,0.0
2026-10-10,wk inc covid hosp,2,2026-10-24,39,quantile,0.01,53.0
2026-10-10,wk inc covid hosp,2,2026-10-24,39,quantile,0.025,61.0
2026-10-10,wk inc covid hosp,2,2026-10-24,39,quantile,0.05,70.0
2026-10-10,wk inc covid hosp,2,2026-10-24,39,quantile,0.1,80.0
2026-10-10,wk inc covid hosp,2,2026-10-24,39,quantile,0.15,87.0
2026-10-10,wk inc covid hosp,2,2026-10-24,39,quantile,0.2,94.0
2026-10-10,wk inc covid hosp,2,2026-10-24,39,quantile,0.25,99.0
2026-10-10,wk inc covid hosp,2,2026-10-24,39,quantile,0.3,104.0
2026-10-10,wk inc covid hosp,2,2026-10-24,39,quantile,0.35,109.0
2026-10-10,wk inc covid hosp,2,2026-10-24,39,quantile,0.4,114.0
2026-10-10,wk inc covid hosp,2,2026-10-24,39,quantile,0.45,119.0
2026-10-10,wk inc covid hosp,2,2026-10-24,39,quantile,0.5,124.0
2026-10-10,wk inc covid hosp,2,2026-10-24,39,quantile,0.55,129.0
2026-10-10,wk inc covid hosp,2,2026-10-24,39,quantile,0.6,134.0
2026-10-10,wk inc covid hosp,2,2026-10-24,39,quantile,0.65,137.0
2026-10-10,wk inc covid hosp,2,2026-10-24,39,quantile,0.7,141.0
2026-10-10,wk inc covid hosp,2,2026-10-24,39,quantile,0.75,145.0
2026-10-10,wk inc covid hosp,2,2026-10-24,39,quantile,0.8,150.0
2026-10-10,wk inc covid hosp,2,2026-10-24,39,quantile,0.85,156.0
2026-10-10,wk inc covid hosp,2,2026-10-24,39,quantile,0.9,163.0
2026-10-10,wk inc covid hosp,2,2026-10-24,39,quantile,0.95,174.0
2026-10-10,wk inc covid hosp,2,2026-10-24,39,quantile,0.975,184.0
2026-10-10,wk inc covid hosp,2,2026-10-24,39,quantile,0.99,196.0
2026-10-10,wk inc covid hosp,2,2026-10-24,40,quantile,0.01,3.0
2026-10-10,wk inc covid hosp,2,2026-10-24,40,quantile,0.025,5.0
2026-10-10,wk inc covid hosp,2,2026-10-24,40,quantile,0.05,7.0
2026-10-10,wk inc covid hosp,2,2026-10-24,40,quantile,0.1,9.0
2026-10-10,wk inc covid hosp,2,2026-10-24,40,quantile,0.15,10.0
2026-10-10,wk inc covid hosp,2,2026-10-24,40,quantile,0.2,12.0
2026-10-10,wk inc covid hosp,2,2026-10-24,40,quantile,0.25,13.0
2026-10-10,wk inc covid hosp,2,2026-10-24,40,quantile,0.3,14.0
2026-10-10,wk inc covid hosp,2,2026-10-24,40,quantile,0.35,15.0
2026-10-10,wk inc covid hosp,2,2026-10-24,40,quantile,0.4,16.0
2026-10-10,wk inc covid hosp,2,2026-10-24,40,quantile,0.45,17.0
2026-10-10,wk inc covid hosp,2,2026-10-24,40,quantile,0.5,18.0
2026-10-10,wk inc covid hosp,2,2026-10-24,40,quantile,0.55,19.0
2026-10-10,wk inc covid hosp,2,2026-10-24,40,quantile,0.6,20.0
2026-10-10,wk inc covid hosp,2,2026-10-24,40,quantile,0.65,21.0
2026-10-10,wk inc covid hosp,2,2026-10-24,40,quantile,0.7,22.0
2026-10-10,wk inc covid hosp,2,2026-10-24,40,quantile,0.75,24.0
2026-10-10,wk inc covid hosp,2,2026-10-24,40,quantile,0.8,25.0
2026-10-10,wk inc covid hosp,2,2026-10-24,40,quantile,0.85,27.0
2026-10-10,wk inc covid hosp,2,2026-10-24,40,quantile,0.9,29.0
2026-10-10,wk inc covid hosp,2,2026-10-24,40,quantile,0.95,33.0
2026-10-10,wk inc covid hosp,2,2026-10-24,40,quantile,0.975,36.0
2026-10-10,wk inc covid hosp,2,2026-10-24,40,quantile,0.99,41.0
2026-10-10,wk inc covid hosp,2,2026-10-24,41,quantile,0.01,32.0
2026-10-10,wk inc covid hosp,2,2026-10-24,41,quantile,0.025,37.0
2026-10-10,wk inc covid hosp,2,2026-10-24,41,quantile,0.05,40.0
2026-10-10,wk inc covid hosp,2,2026-10-24,41,quantile,0.1,45.0
2026-10-10,wk inc covid hosp,2,2026-10-24,41,quantile,0.15,47.0
2026-10-10,wk inc covid hosp,2,2026-10-24,41,quantile,0.2,50.0
2026-10-10,wk inc covid hosp,2,2026-10-24,41,quantile,0.25,52.0
2026-10-10,wk inc covid hosp,2,2026-10-24,41,quantile,0.3,54.0
2026-10-10,wk inc covid hosp,2,2026-10-24,41,quantile,0.35,55.0
2026-10-10,wk inc covid hosp,2,2026-10-24,41,quantile,0.4,57.0
2026-10-10,wk inc covid hosp,2,2026-10-24,41,quantile,0.45,59.0
2026-10-10,wk inc covid hosp,2,2026-10-24,41,quantile,0.5,60.0
2026-10-10,wk inc covid hosp,2,2026-10-24,41,quantile,0.55,62.0
2026-10-10,wk inc covid hosp,2,2026-10-24,41,quantile,0.6,64.0
2026-10-10,wk inc covid hosp,2,2026-10-24,41,quantile,0.65,66.0
2026-10-10,wk inc covid hosp,2,2026-10-24,41,quantile,0.7,68.0
2026-10-10,wk inc covid hosp,2,2026-10-24,41,quantile,0.75,70.0
2026-10-10,wk inc covid hosp,2,2026-10-24,41,quantile,0.8,72.0
2026-10-10,wk inc covid hosp,2,2026-10-24,41,quantile,0.85,75.0
2026-10-10,wk inc covid hosp,2,2026-10-24,41,quantile,0.9,79.0
2026-10-10,wk inc covid hosp,2,2026-10-24,41,quantile,0.95,85.0
2026-10-10,wk inc covid hosp,2,2026-10-24,41,quantile,0.975,90.0
2026-10-10,wk inc covid hosp,2,2026-10-24,41,quantile,0.99,96.0
2026-10-10,wk inc covid hosp,2,2026-10-24,42,quantile,0.01,73.0
2026-10-10,wk inc covid hosp,2,2026-10-24,42,quantile,0.025,85.0
2026-10-10,wk inc covid hosp,2,2026-10-24,42,quantile,0.05,96.0
2026-10-10,wk inc covid hosp,2,2026-10-24,42,quantile,0.1,110.0
2026-10-10,wk inc covid hosp,2,2026-10-24,42,quantile,0.15,120.0
2026-10-10,wk inc covid hosp,2,2026-10-24,42,quantile,0.2,129.0
2026-10-10,wk inc covid hosp,2,2026-10-24,42,quantile,0.25,136.0
2026-10-10,wk inc covid hosp,2,2026-10-24,42,quantile,0.3,143.0
2026-10-10,wk inc covid hosp,2,2026-10-24,42,quantile,0.35,150.0
2026-10-10,wk inc covid hosp,2,2026-10-24,42,quantile,0.4,157.0
2026-10-10,wk inc covid hosp,2,2026-10-24,42,quantile,0.45,163.0
2026-10-10,wk inc covid hosp,2,2026-10-24,42,quantile,0.5,170.0
2026-10-10,wk inc covid hosp,2,2026-10-24,42,quantile,0.55,177.0
2026-10-10,wk inc covid hosp,2,2026-10-24,42,quantile,0.6,184.0
2026-10-10,wk inc covid hosp,2,2026-10-24,42,quantile,0.65,191.0
2026-10-10,wk inc covid hosp,2,2026-10-24,42,quantile,0.7,199.0
2026-10-10,wk inc covid hosp,2,2026-10-24,42,quantile,0.75,208.0
2026-10-10,wk inc covid hosp,2,2026-10-24,42,quantile,0.8,219.0
2026-10-10,wk inc covid hosp,2,2026-10-24,42,quantile,0.85,231.0
2026-10-10,wk inc covid hosp,2,2026-10-24,42,quantile,0.9,247.0
2026-10-10,wk inc covid hosp,2,2026-10-24,42,quantile,0.95,273.0
2026-10-10,wk inc covid hosp,2,2026-10-24,42,quantile,0.975,296.0
2026-10-10,wk inc covid hosp,2,2026-10-24,42,quantile,0.99,325.0
2026-10-10,wk inc covid hosp,2,2026-10-24,44,quantile,0.01,3.0
2026-10-10,wk inc covid hosp,2,2026-10-24,44,quantile,0.025,4.0
2026-10-10,wk inc covid hosp,2,2026-10-24,44,quantile,0.05,5.0
2026-10-10,wk inc covid hosp,2,2026-10-24,44,quantile,0.1,6.0
2026-10-10,wk inc covid hosp,2,2026-10-24,44,quantile,0.15,7.0
2026-10-10,wk inc covid hosp,2,2026-10-24,44,quantile,0.2,7.0
2026-10-10,wk inc covid hosp,2,2026-10-24,44,quantile,0.25,8.0
2026-10-10,wk inc covid hosp,2,2026-10-24,44,quantile,0.3,8.0
2026-10-10,wk inc covid hosp,2,2026-10-24,44,quantile,0.35,9.0
2026-10-10,wk inc covid hosp,2,2026-10-24,44,quantile,0.4,9.0
2026-10-10,wk inc covid hosp,2,2026-10-24,44,quantile,0.45,10.0
2026-10-10,wk inc covid hosp,2,2026-10-24,44,quantile,0.5,10.0
2026-10-10,wk inc covid hosp,2,2026-10-24,44,quantile,0.55,11.0
2026-10-10,wk inc covid hosp,2,2026-10-24,44,quantile,0.6,11.0
2026-10-10,wk inc covid hosp,2,2026-10-24,44,quantile,0.65,12.0
2026-10-10,wk inc covid hosp,2,2026-10-24,44,quantile,0.7,12.0
2026-10-10,wk inc covid hosp,2,2026-10-24,44,quantile,0.75,13.0
2026-10-10,wk inc covid hosp,2,2026-10-24,44,quantile,0.8,14.0
2026-10-10,wk inc covid hosp,2,2026-10-24,44,quantile,0.85,14.0
2026-10-10,wk inc covid hosp,2,2026-10-24,44,quantile,0.9,15.0
2026-10-10,wk inc covid hosp,2,2026-10-24,44,quantile,0.95,17.0
2026-10-10,wk inc covid hosp,2,2026-10-24,44,quantile,0.975,19.0
2026-10-10,wk inc covid hosp,2,2026-10-24,44,quantile,0.99,20.0
2026-10-10,wk inc covid hosp,2,2026-10-24,45,quantile,0.01,21.0
2026-10-10,wk inc covid hosp,2,2026-10-24,45,quantile,0.025,25.0
2026-10-10,wk inc covid hosp,2,2026-10-24,45,quantile,0.05,28.0
2026-10-10,wk inc covid hosp,2,2026-10-24,45,quantile,0.1,33.0
2026-10-10,wk inc covid hosp,2,2026-10-24,45,quantile,0.15,36.0
2026-10-10,wk inc covid hosp,2,2026-10-24,45,quantile,0.2,39.0
2026-10-10,wk inc covid hosp,2,2026-10-24,45,quantile,0.25,42.0
2026-10-10,wk inc covid hosp,2,2026-10-24,45,quantile,0.3,43.0
2026-10-10,wk inc covid hosp,2,2026-10-24,45,quantile,0.35,45.0
2026-10-10,wk inc covid hosp,2,2026-10-24,45,quantile,0.4,46.0
2026-10-10,wk inc covid hosp,2,2026-10-24,45,quantile,0.45,48.0
2026-10-10,wk inc covid hosp,2,2026-10-24,45,quantile,0.5,49.0
2026-10-10,wk inc covid hosp,2,2026-10-24,45,quantile,0.55,51.0
2026-10-10,wk inc covid hosp,2,2026-10-24,45,quantile,0.6,52.0
2026-10-10,wk inc covid hosp,2,2026-10-24,45,quantile,0.65,54.0
2026-10-10,wk inc covid hosp,2,2026-10-24,45,quantile,0.7,56.0
2026-10-10,wk inc covid hosp,2,2026-10-24,45,quantile,0.75,59.0
2026-10-10,wk inc covid hosp,2,2026-10-24,45,quantile,0.8,63.0
2026-10-10,wk inc covid hosp,2,2026-10-24,45,quantile,0.85,67.0
2026-10-10,wk inc covid hosp,2,2026-10-24,45,quantile,0.9,72.0
2026-10-10,wk inc covid hosp,2,2026-10-24,45,quantile,0.95,81.0
2026-10-10,wk inc covid hosp,2,2026-10-24,45,quantile,0.975,89.0
2026-10-10,wk inc covid hosp,2,2026-10-24,45,quantile,0.99,99.0
2026-10-10,wk inc covid hosp,2,2026-10-24,46,quantile,0.01,2.0
2026-10-10,wk inc covid hosp,2,2026-10-24,46,quantile,0.025,2.0
2026-10-10,wk inc covid hosp,2,2026-10-24,46,quantile,0.05,3.0
2026-10-10,wk inc covid hosp,2,2026-10-24,46,quantile,0.1,4.0
2026-10-10,wk inc covid hosp,2,2026-10-24,46,quantile,0.15,4.0
2026-10-10,wk inc covid hosp,2,2026-10-24,46,quantile,0.2,5.0
2026-10-10,wk inc covid hosp,2,2026-10-24,46,quantile,0.25,5.0
2026-10-10,wk inc covid hosp,2,2026-10-24,46,quantile,0.3,6.0
2026-10-10,wk inc covid hosp,2,2026-10-24,46,quantile,0.35,6.0
2026-10-10,wk inc covid hosp,2,2026-10-24,46,quantile,0.4,7.0
2026-10-10,wk inc covid hosp,2,2026-10-24,46,quantile,0.45,7.0
2026-10-10,wk inc covid hosp,2,2026-10-24,46,quantile,0.5,7.0
2026-10-10,wk inc covid hosp,2,2026-10-24,46,quantile,0.55,8.0
2026-10-10,wk inc covid hosp,2,2026-10-24,46,quantile,0.6,8.0
2026-10-10,wk inc covid hosp,2,2026-10-24,46,quantile,0.65,9.0
2026-10-10,wk inc covid hosp,2,2026-10-24,46,quantile,0.7,9.0
2026-10-10,wk inc covid hosp,2,2026-10-24,46,quantile,0.75,10.0
2026-10-10,wk inc covid hosp,2,2026-10-24,46,quantile,0.8,10.0
2026-10-10,wk inc covid hosp,2,2026-10-24,46,quantile,0.85,11.0
2026-10-10,wk inc covid hosp,2,2026-10-24,46,quantile,0.9,12.0
2026-10-10,wk inc covid hosp,2,2026-10-24,46,quantile,0.95,13.0
2026-10-10,wk inc covid hosp,2,2026-10-24,46,quantile,0.975,14.0
2026-10-10,wk inc covid hosp,2,2026-10-24,46,quantile,0.99,16.0
2026-10-10,wk inc covid hosp,2,2026-10-24,47,quantile,0.01,21.0
2026-10-10,wk inc covid hosp,2,2026-10-24,47,quantile,0.025,25.0
2026-10-10,wk inc covid hosp,2,2026-10-24,47,quantile,0.05,29.0
2026-10-10,wk inc covid hosp,2,2026-10-24,47,quantile,0.1,34.0
2026-10-10,wk inc covid hosp,2,2026-10-24,47,quantile,0.15,37.0
2026-10-10,wk inc covid hosp,2,2026-10-24,47,quantile,0.2,40.0
2026-10-10,wk inc covid hosp,2,2026-10-24,47,quantile,0.25,43.0
2026-10-10,wk inc covid hosp,2,2026-10-24,47,quantile,0.3,45.0
2026-10-10,wk inc covid hosp,2,2026-10-24,47,quantile,0.35,47.0
2026-10-10,wk inc covid hosp,2,2026-10-24,47,quantile,0.4,49.0
2026-10-10,wk inc covid hosp,2,2026-10-24,47,quantile,0.45,52.0
2026-10-10,wk inc covid hosp,2,2026-10-24,47,quantile,0.5,54.0
2026-10-10,wk inc covid hosp,2,2026-10-24,47,quantile,0.55,57.0
2026-10-10,wk inc covid hosp,2,2026-10-24,47,quantile,0.6,60.0
2026-10-10,wk inc covid hosp,2,2026-10-24,47,quantile,0.65,62.0
2026-10-10,wk inc covid hosp,2,2026-10-24,47,quantile,0.7,66.0
2026-10-10,wk inc covid hosp,2,2026-10-24,47,quantile,0.75,69.0
2026-10-10,wk inc covid hosp,2,2026-10-24,47,quantile,0.8,73.0
2026-10-10,wk inc covid hosp,2,2026-10-24,47,quantile,0.85,78.0
2026-10-10,wk inc covid hosp,2,2026-10-24,47,quantile,0.9,83.0
2026-10-10,wk inc covid hosp,2,2026-10-24,47,quantile,0.95,89.0
2026-10-10,wk inc covid hosp,2,2026-10-24,47,quantile,0.975,97.0
2026-10-10,wk inc covid hosp,2,2026-10-24,47,quantile,0.99,106.0
2026-10-10,wk inc covid hosp,2,2026-10-24,48,quantile,0.01,76.0
2026-10-10,wk inc covid hosp,2,2026-10-24,48,quantile,0.025,97.0
2026-10-10,wk inc covid hosp,2,2026-10-24,48,quantile,0.05,118.0
2026-10-10,wk inc covid hosp,2,2026-10-24,48,quantile,0.1,147.0
2026-10-10,wk inc covid hosp,2,2026-10-24,48,quantile,0.15,168.0
2026-10-10,wk inc covid hosp,2,2026-10-24,48,quantile,0.2,175.0
2026-10-10,wk inc covid hosp,2,2026-10-24,48,quantile,0.25,181.0
2026-10-10,wk inc covid hosp,2,2026-10-24,48,quantile,0.3,187.0
2026-10-10,wk inc covid hosp,2,2026-10-24,48,quantile,0.35,192.0
2026-10-10,wk inc covid hosp,2,2026-10-24,48,quantile,0.4,197.0
2026-10-10,wk inc covid hosp,2,2026-10-24,48,quantile,0.45,202.0
2026-10-10,wk inc covid hosp,2,2026-10-24,48,quantile,0.5,207.0
2026-10-10,wk inc covid hosp,2,2026-10-24,48,quantile,0.55,212.0
2026-10-10,wk inc covid hosp,2,2026-10-24,48,quantile,0.6,217.0
2026-10-10,wk inc covid hosp,2,2026-10-24,48,quantile,0.65,223.0
2026-10-10,wk inc covid hosp,2,2026-10-24,48,quantile,0.7,229.0
2026-10-10,wk inc covid hosp,2,2026-10-24,48,quantile,0.75,235.0
2026-10-10,wk inc covid hosp,2,2026-10-24,48,quantile,0.8,243.0
2026-10-10,wk inc covid hosp,2,2026-10-24,48,quantile,0.85,251.0
2026-10-10,wk inc covid hosp,2,2026-10-24,48,quantile,0.9,262.0
2026-10-10,wk inc covid hosp,2,2026-10-24,48,quantile,0.95,280.0
2026-10-10,wk inc covid hosp,2,2026-10-24,48,quantile,0.975,295.0
2026-10-10,wk inc covid hosp,2,2026-10-24,48,quantile,0.99,314.0
2026-10-10,wk inc covid hosp,2,2026-10-24,49,quantile,0.01,3.0
2026-10-10,wk inc covid hosp,2,2026-10-24,49,quantile,0.025,4.0
2026-10-10,wk inc covid hosp,2,2026-10-24,49,quantile,0.05,5.0
2026-10-10,wk inc covid hosp,2,2026-10-24,49,quantile,0.1,6.0
2026-10-10,wk inc covid hosp,2,2026-10-24,49,quantile,0.15,7.0
2026-10-10,wk inc covid hosp,2,2026-10-24,49,quantile,0.2,8.0
2026-10-10,wk inc covid hosp,2,2026-10-24,49,quantile,0.25,8.0
2026-10-10,wk inc covid hosp,2,2026-10-24,49,quantile,0.3,9.0
2026-10-10,wk inc covid hosp,2,2026-10-24,49,quantile,0.35,10.0
2026-10-10,wk inc covid hosp,2,2026-10-24,49,quantile,0.4,10.0
2026-10-10,wk inc covid hosp,2,2026-10-24,49,quantile,0.45,11.0
2026-10-10,wk inc covid hosp,2,2026-10-24,49,quantile,0.5,12.0
2026-10-10,wk inc covid hosp,2,2026-10-24,49,quantile,0.55,12.0
2026-10-10,wk inc covid hosp,2,2026-10-24,49,quantile,0.6,13.0
2026-10-10,wk inc covid hosp,2,2026-10-24,49,quantile,0.65,14.0
2026-10-10,wk inc covid hosp,2,2026-10-24,49,quantile,0.7,15.0
2026-10-10,wk inc covid hosp,2,2026-10-24,49,quantile,0.75,16.0
2026-10-10,wk inc covid hosp,2,2026-10-24,49,quantile,0.8,17.0
2026-10-10,wk inc covid hosp,2,2026-10-24,49,quantile,0.85,18.0
2026-10-10,wk inc covid hosp,2,2026-10-24,49,quantile,0.9,20.0
2026-10-10,wk inc covid hosp,2,2026-10-24,49,quantile,0.95,22.0
2026-10-10,wk inc covid hosp,2,2026-10-24,49,quantile,0.975,25.0
2026-10-10,wk inc covid hosp,2,2026-10-24,49,quantile,0.99,28.0
2026-10-10,wk inc covid hosp,2,2026-10-24,50,quantile,0.01,0.0
2026-10-10,wk inc covid hosp,2,2026-10-24,50,quantile,0.025,0.0
2026-10-10,wk inc covid hosp,2,2026-10-24,50,quantile,0.05,0.0
2026-10-10,wk inc covid hosp,2,2026-10-24,50,quantile,0.1,0.0
2026-10-10,wk inc covid hosp,2,2026-10-24,50,quantile,0.15,0.0
2026-10-10,wk inc covid hosp,2,2026-10-24,50,quantile,0.2,1.0
2026-10-10,wk inc covid hosp,2,2026-10-24,50,quantile,0.25,1.0
2026-10-10,wk inc covid hosp,2,2026-10-24,50,quantile,0.3,1.0
2026-10-10,wk inc covid hosp,2,2026-10-24,50,quantile,0.35,1.0
2026-10-10,wk inc covid hosp,2,2026-10-24,50,quantile,0.4,1.0
2026-10-10,wk inc covid hosp,2,2026-10-24,50,quantile,0.45,1.0
2026-10-10,wk inc covid hosp,2,2026-10-24,50,quantile,0.5,2.0
2026-10-10,wk inc covid hosp,2,2026-10-24,50,quantile,0.55,2.0
2026-10-10,wk inc covid hosp,2,2026-10-24,50,quantile,0.6,2.0
2026-10-10,wk inc covid hosp,2,2026-10-24,50,quantile,0.65,2.0
2026-10-10,wk inc covid hosp,2,2026-10-24,50,quantile,0.7,3.0
2026-10-10,wk inc covid hosp,2,2026-10-24,50,quantile,0.75,3.0
2026-10-10,wk inc covid hosp,2,2026-10-24,50,quantile,0.8,3.0
2026-10-10,wk inc covid hosp,2,2026-10-24,50,quantile,0.85,4.0
2026-10-10,wk inc covid hosp,2,2026-10-24,50,quantile,0.9,4.0
2026-10-10,wk inc covid hosp,2,2026-10-24,50,quantile,0.95,5.0
2026-10-10,wk inc covid hosp,2,2026-10-24,50,quantile,0.975,6.0
2026-10-10,wk inc covid hosp,2,2026-10-24,50,quantile,0.99,7.0
2026-10-10,wk inc covid hosp,2,2026-10-24,51,quantile,0.01,17.0
2026-10-10,wk inc covid hosp,2,2026-10-24,51,quantile,0.025,20.0
2026-10-10,wk inc covid hosp,2,2026-10-24,51,quantile,0.05,23.0
2026-10-10,wk inc covid hosp,2,2026-10-24,51,quantile,0.1,27.0
2026-10-10,wk inc covid hosp,2,2026-10-24,51,quantile,0.15,30.0
2026-10-10,wk inc covid hosp,2,2026-10-24,51,quantile,0.2,32.0
2026-10-10,wk inc covid hosp,2,2026-10-24,51,quantile,0.25,35.0
2026-10-10,wk inc covid hosp,2,2026-10-24,51,quantile,0.3,37.0
2026-10-10,wk inc covid hosp,2,2026-10-24,51,quantile,0.35,38.0
2026-10-10,wk inc covid hosp,2,2026-10-24,51,quantile,0.4,40.0
2026-10-10,wk inc covid hosp,2,2026-10-24,51,quantile,0.45,42.0
2026-10-10,wk inc covid hosp,2,2026-10-24,51,quantile,0.5,44.0
2026-10-10,wk inc covid hosp,2,2026-10-24,51,quantile,0.55,46.0
2026-10-10,wk inc covid hosp,2,2026-10-24,51,quantile,0.6,48.0
2026-10-10,wk inc covid hosp,2,2026-10-24,51,quantile,0.65,50.0
2026-10-10,wk inc covid hosp,2,2026-10-24,51,quantile,0.7,52.0
2026-10-10,wk inc covid hosp,2,2026-10-24,51,quantile,0.75,55.0
2026-10-10,wk inc covid hosp,2,2026-10-24,51,quantile,0.8,58.0
2026-10-10,wk inc covid hosp,2,2026-10-24,51,quantile,0.85,61.0
2026-10-10,wk inc covid hosp,2,2026-10-24,51,quantile,0.9,66.0
2026-10-10,wk inc covid hosp,2,2026-10-24,51,quantile,0.95,73.0
2026-10-10,wk inc covid hosp,2,2026-10-24,51,quantile,0.975,79.0
2026-10-10,wk inc covid hosp,2,2026-10-24,51,quantile,0.99,88.0
2026-10-10,wk inc covid hosp,2,2026-10-24,53,quantile,0.01,51.0
2026-10-10,wk inc covid hosp,2,2026-10-24,53,quantile,0.025,56.0
2026-10-10,wk inc covid hosp,2,2026-10-24,53,quantile,0.05,60.0
2026-10-10,wk inc covid hosp,2,2026-10-24,53,quantile,0.1,66.0
2026-10-10,wk inc covid hosp,2,2026-10-24,53,quantile,0.15,70.0
2026-10-10,wk inc covid hosp,2,2026-10-24,53,quantile,0.2,73.0
2026-10-10,wk inc covid hosp,2,2026-10-24,53,quantile,0.25,76.0
2026-10-10,wk inc covid hosp,2,2026-10-24,53,quantile,0.3,78.0
2026-10-10,wk inc covid hosp,2,2026-10-24,53,quantile,0.35,81.0
2026-10-10,wk inc covid hosp,2,2026-10-24,53,quantile,0.4,83.0
2026-10-10,wk inc covid hosp,2,2026-10-24,53,quantile,0.45,86.0
2026-10-10,wk inc covid hosp,2,2026-10-24,53,quantile,0.5,88.0
2026-10-10,wk inc covid hosp,2,2026-10-24,53,quantile,0.55,90.0
2026-10-10,wk inc covid hosp,2,2026-10-24,53,quantile,0.6,94.0
2026-10-10,wk inc covid hosp,2,2026-10-24,53,quantile,0.65,98.0
2026-10-10,wk inc covid hosp,2,2026-10-24,53,quantile,0.7,103.0
2026-10-10,wk inc covid hosp,2,2026-10-24,53,quantile,0.75,108.0
2026-10-10,wk inc covid hosp,2,2026-10-24,53,quantile,0.8,114.0
2026-10-10,wk inc covid hosp,2,2026-10-24,53,quantile,0.85,122.0
2026-10-10,wk inc covid hosp,2,2026-10-24,53,quantile,0.9,131.0
2026-10-10,wk inc covid hosp,2,2026-10-24,53,quantile,0.95,147.0
2026-10-10,wk inc covid hosp,2,2026-10-24,53,quantile,0.975,161.0
2026-10-10,wk inc covid hosp,2,2026-10-24,53,quantile,0.99,178.0
2026-10-10,wk inc covid hosp,2,2026-10-24,54,quantile,0.01,10.0
2026-10-10,wk inc covid hosp,2,2026-10-24,54,quantile,0.025,12.0
2026-10-10,wk inc covid hosp,2,2026-10-24,54,quantile,0.05,14.0
2026-10-10,wk inc covid hosp,2,2026-10-24,54,quantile,0.1,15.0
2026-10-10,wk inc covid hosp,2,2026-10-24,54,quantile,0.15,17.0
2026-10-10,wk inc covid hosp,2,2026-10-24,54,quantile,0.2,18.0
2026-10-10,wk inc covid hosp,2,2026-10-24,54,quantile,0.25,19.0
2026-10-10,wk inc covid hosp,2,2026-10-24,54,quantile,0.3,20.0
2026-10-10,wk inc covid hosp,2,2026-10-24,54,quantile,0.35,20.0
2026-10-10,wk inc covid hosp,2,2026-10-24,54,quantile,0.4,21.0
2026-10-10,wk inc covid hosp,2,2026-10-24,54,quantile,0.45,22.0
2026-10-10,wk inc covid hosp,2,2026-10-24,54,quantile,0.5,23.0
2026-10-10,wk inc covid hosp,2,2026-10-24,54,quantile,0.55,24.0
2026-10-10,wk inc covid hosp,2,2026-10-24,54,quantile,0.6,25.0
2026-10-10,wk inc covid hosp,2,2026-10-24,54,quantile,0.65,25.0
2026-10-10,wk inc covid hosp,2,2026-10-24,54,quantile,0.7,26.0
2026-10-10,wk inc covid hosp,2,2026-10-24,54,quantile,0.75,27.0
2026-10-10,wk inc covid hosp,2,2026-10-24,54,quantile,0.8,29.0
2026-10-10,wk inc covid hosp,2,2026-10-24,54,quantile,0.85,30.0
2026-10-10,wk inc covid hosp,2,2026-10-24,54,quantile,0.9,32.0
2026-10-10,wk inc covid hosp,2,2026-10-24,54,quantile,0.95,34.0
2026-10-10,wk inc covid hosp,2,2026-10-24,54,quantile,0.975,37.0
2026-10-10,wk inc covid hosp,2,2026-10-24,54,quantile,0.99,40.0
2026-10-10,wk inc covid hosp,2,2026-10-24,55,quantile,0.01,23.0
2026-10-10,wk inc covid hosp,2,2026-10-24,55,quantile,0.025,26.0
2026-10-10,wk inc covid hosp,2,2026-10-24,55,quantile,0.05,28.0
2026-10-10,wk inc covid hosp,2,2026-10-24,55,quantile,0.1,31.0
2026-10-10,wk inc covid hosp,2,2026-10-24,55,quantile,0.15,33.0
2026-10-10,wk inc covid hosp,2,2026-10-24,55,quantile,0.2,35.0
2026-10-10,wk inc covid hosp,2,2026-10-24,55,quantile,0.25,37.0
2026-10-10,wk inc covid hosp,2,2026-10-24,55,quantile,0.3,38.0
2026-10-10,wk inc covid hosp,2,2026-10-24,55,quantile,0.35,39.0
2026-10-10,wk inc covid hosp,2,2026-10-24,55,quantile,0.4,41.0
2026-10-10,wk inc covid hosp,2,2026-10-24,55,quantile,0.45,42.0
2026-10-10,wk inc covid hosp,2,2026-10-24,55,quantile,0.5,43.0
2026-10-10,wk inc covid hosp,2,2026-10-24,55,quantile,0.55,45.0
2026-10-10,wk inc covid hosp,2,2026-10-24,55,quantile,0.6,46.0
2026-10-10,wk inc covid hosp,2,2026-10-24,55,quantile,0.65,47.0
2026-10-10,wk inc covid hosp,2,2026-10-24,55,quantile,0.7,49.0
2026-10-10,wk inc covid hosp,2,2026-10-24,55,quantile,0.75,51.0
2026-10-10,wk inc covid hosp,2,2026-10-24,55,quantile,0.8,52.0
2026-10-10,wk inc covid hosp,2,2026-10-24,55,quantile,0.85,55.0
2026-10-10,wk inc covid hosp,2,2026-10-24,55,quantile,0.9,58.0
2026-10-10,wk inc covid hosp,2,2026-10-24,55,quantile,0.95,62.0
2026-10-10,wk inc covid hosp,2,2026-10-24,55,quantile,0.975,66.0
2026-10-10,wk inc covid hosp,2,2026-10-24,55,quantile,0.99,71.0
2026-10-10,wk inc covid hosp,2,2026-10-24,56,quantile,0.01,0.0
2026-10-10,wk inc covid hosp,2,2026-10-24,56,quantile,0.025,0.0
2026-10-10,wk inc covid hosp,2,2026-10-24,56,quantile,0.05,0.0
2026-10-10,wk inc covid hosp,2,2026-10-24,56,quantile,0.1,0.0
2026-10-10,wk inc covid hosp,2,2026-10-24,56,quantile,0.15,0.0
2026-10-10,wk inc covid hosp,2,2026-10-24,56,quantile,0.2,0.0
2026-10-10,wk inc covid hosp,2,2026-10-24,56,quantile,0.25,0.0
2026-10-10,wk inc covid hosp,2,2026-10-24,56,quantile,0.3,0.0
2026-10-10,wk inc covid hosp,2,2026-10-24,56,quantile,0.35,0.0
2026-10-10,wk inc covid hosp,2,2026-10-24,56,quantile,0.4,1.0
2026-10-10,wk inc covid hosp,2,2026-10-24,56,quantile,0.45,1.0
2026-10-10,wk inc covid hosp,2,2026-10-24,56,quantile,0.5,1.0
2026-10-10,wk inc covid hosp,2,2026-10-24,56,quantile,0.55,1.0
2026-10-10,wk inc covid hosp,2,2026-10-24,56,quantile,0.6,1.0
2026-10-10,wk inc covid hosp,2,2026-10-24,56,quantile,0.65,1.0
2026-10-10,wk inc covid hosp,2,2026-10-24,56,quantile,0.7,1.0
2026-10-10,wk inc covid hosp,2,2026-10-24,56,quantile,0.75,2.0
2026-10-10,wk inc covid hosp,2,2026-10-24,56,quantile,0.8,2.0
2026-10-10,wk inc covid hosp,2,2026-10-24,56,quantile,0.85,2.0
2026-10-10,wk inc covid hosp,2,2026-10-24,56,quantile,0.9,2.0
2026-10-10,wk inc covid hosp,2,2026-10-24,56,quantile,0.95,3.0
2026-10-10,wk inc covid hosp,2,2026-10-24,56,quantile,0.975,3.0
2026-10-10,wk inc covid hosp,2,2026-10-24,56,quantile,0.99,4.0
2026-10-10,wk inc covid hosp,2,2026-10-24,72,quantile,0.01,22.0
2026-10-10,wk inc covid hosp,2,2026-10-24,72,quantile,0.025,26.0
2026-10-10,wk inc covid hosp,2,2026-10-24,72,quantile,0.05,30.0
2026-10-10,wk inc covid hosp,2,2026-10-24,72,quantile,0.1,35.0
2026-10-10,wk inc covid hosp,2,2026-10-24,72,quantile,0.15,38.0
2026-10-10,wk inc covid hosp,2,2026-10-24,72,quantile,0.2,41.0
2026-10-10,wk inc covid hosp,2,2026-10-24,72,quantile,0.25,44.0
2026-10-10,wk inc covid hosp,2,2026-10-24,72,quantile,0.3,46.0
2026-10-10,wk inc covid hosp,2,2026-10-24,72,quantile,0.35,49.0
2026-10-10,wk inc covid hosp,2,2026-10-24,72,quantile,0.4,51.0
2026-10-10,wk inc covid hosp,2,2026-10-24,72,quantile,0.45,53.0
2026-10-10,wk inc covid hosp,2,2026-10-24,72,quantile,0.5,56.0
2026-10-10,wk inc covid hosp,2,2026-10-24,72,quantile,0.55,58.0
2026-10-10,wk inc covid hosp,2,2026-10-24,72,quantile,0.6,60.0
2026-10-10,wk inc covid hosp,2,2026-10-24,72,quantile,0.65,63.0
2026-10-10,wk inc covid hosp,2,2026-10-24,72,quantile,0.7,66.0
2026-10-10,wk inc covid hosp,2,2026-10-24,72,quantile,0.75,69.0
2026-10-10,wk inc covid hosp,2,2026-10-24,72,quantile,0.8,72.0
2026-10-10,wk inc covid hosp,2,2026-10-24,72,quantile,0.85,77.0
2026-10-10,wk inc covid hosp,2,2026-10-24,72,quantile,0.9,82.0
2026-10-10,wk inc covid hosp,2,2026-10-24,72,quantile,0.95,91.0
2026-10-10,wk inc covid hosp,2,2026-10-24,72,quantile,0.975,99.0
2026-10-10,wk inc covid hosp,2,2026-10-24,72,quantile,0.99,109.0
2026-10-10,wk inc covid hosp,3,2026-10-31,01,quantile,0.01,18.0
2026-10-10,wk inc covid hosp,3,2026-10-31,01,quantile,0.025,22.0
2026-10-10,wk inc covid hosp,3,2026-10-31,01,quantile,0.05,26.0
2026-10-10,wk inc covid hosp,3,2026-10-31,01,quantile,0.1,31.0
2026-10-10,wk inc covid hosp,3,2026-10-31,01,quantile,0.15,34.0
2026-10-10,wk inc covid hosp,3,2026-10-31,01,quantile,0.2,38.0
2026-10-10,wk inc covid hosp,3,2026-10-31,01,quantile,0.25,41.0
2026-10-10,wk inc covid hosp,3,2026-10-31,01,quantile,0.3,43.0
2026-10-10,wk inc covid hosp,3,2026-10-31,01,quantile,0.35,46.0
2026-10-10,wk inc covid hosp,3,2026-10-31,01,quantile,0.4,48.0
2026-10-10,wk inc covid hosp,3,2026-10-31,01,quantile,0.45,51.0
2026-10-10,wk inc covid hosp,3,2026-10-31,01,quantile,0.5,54.0
2026-10-10,wk inc covid hosp,3,2026-10-31,01,quantile,0.55,56.0
2026-10-10,wk inc covid hosp,3,2026-10-31,01,quantile,0.6,59.0
2026-10-10,wk inc covid hosp,3,2026-10-31,01,quantile,0.65,62.0
2026-10-10,wk inc covid hosp,3,2026-10-31,01,quantile,0.7,65.0
2026-10-10,wk inc covid hosp,3,2026-10-31,01,quantile,0.75,69.0
2026-10-10,wk inc covid hosp,3,2026-10-31,01,quantile,0.8,73.0
2026-10-10,wk inc covid hosp,3,2026-10-31,01,quantile,0.85,78.0
2026-10-10,wk inc covid hosp,3,2026-10-31,01,quantile,0.9,85.0
2026-10-10,wk inc covid hosp,3,2026-10-31,01,quantile,0.95,95.0
2026-10-10,wk inc covid hosp,3,2026-10-31,01,quantile,0.975,105.0
2026-10-10,wk inc covid hosp,3,2026-10-31,01,quantile,0.99,117.0
2026-10-10,wk inc covid hosp,3,2026-10-31,02,quantile,0.01,0.0
2026-10-10,wk inc covid hosp,3,2026-10-31,02,quantile,0.025,1.0
2026-10-10,wk inc covid hosp,3,2026-10-31,02,quantile,0.05,1.0
2026-10-10,wk inc covid hosp,3,2026-10-31,02,quantile,0.1,2.0
2026-10-10,wk inc covid hosp,3,2026-10-31,02,quantile,0.15,3.0
2026-10-10,wk inc covid hosp,3,2026-10-31,02,quantile,0.2,3.0
2026-10-10,wk inc covid hosp,3,2026-10-31,02,quantile,0.25,4.0
2026-10-10,wk inc covid hosp,3,2026-10-31,02,quantile,0.3,4.0
2026-10-10,wk inc covid hosp,3,2026-10-31,02,quantile,0.35,4.0
2026-10-10,wk inc covid hosp,3,2026-10-31,02,quantile,0.4,5.0
2026-10-10,wk inc covid hosp,3,2026-10-31,02,quantile,0.45,5.0
2026-10-10,wk inc covid hosp,3,2026-10-31,02,quantile,0.5,6.0
2026-10-10,wk inc covid hosp,3,2026-10-31,02,quantile,0.55,6.0
2026-10-10,wk inc covid hosp,3,2026-10-31,02,quantile,0.6,6.0
2026-10-10,wk inc covid hosp,3,2026-10-31,02,quantile,0.65,7.0
2026-10-10,wk inc covid hosp,3,2026-10-31,02,quantile,0.7,7.0
2026-10-10,wk inc covid hosp,3,2026-10-31,02,quantile,0.75,8.0
2026-10-10,wk inc covid hosp,3,2026-10-31,02,quantile,0.8,8.0
2026-10-10,wk inc covid hosp,3,2026-10-31,02,quantile,0.85,9.0
2026-10-10,wk inc covid hosp,3,2026-10-31,02,quantile,0.9,10.0
2026-10-10,wk inc covid hosp,3,2026-10-31,02,quantile,0.95,12.0
2026-10-10,wk inc covid hosp,3,2026-10-31,02,quantile,0.975,13.0
2026-10-10,wk inc covid hosp,3,2026-10-31,02,quantile,0.99,15.0
2026-10-10,wk inc covid hosp,3,2026-10-31,04,quantile,0.01,17.0
2026-10-10,wk inc covid hosp,3,2026-10-31,04,quantile,0.025,21.0
2026-10-10,wk inc covid hosp,3,2026-10-31,04,quantile,0.05,25.0
2026-10-10,wk inc covid hosp,3,2026-10-31,04,quantile,0.1,30.0
2026-10-10,wk inc covid hosp,3,2026-10-31,04,quantile,0.15,34.0
2026-10-10,wk inc covid hosp,3,2026-10-31,04,quantile,0.2,37.0
2026-10-10,wk inc covid hosp,3,2026-10-31,04,quantile,0.25,42.0
2026-10-10,wk inc covid hosp,3,2026-10-31,04,quantile,0.3,45.0
2026-10-10,wk inc covid hosp,3,2026-10-31,04,quantile,0.35,48.0
2026-10-10,wk inc covid hosp,3,2026-10-31,04,quantile,0.4,51.0
2026-10-10,wk inc covid hosp,3,2026-10-31,04,quantile,0.45,54.0
2026-10-10,wk inc covid hosp,3,2026-10-31,04,quantile,0.5,57.0
2026-10-10,wk inc covid hosp,3,2026-10-31,04,quantile,0.55,61.0
2026-10-10,wk inc covid hosp,3,2026-10-31,04,quantile,0.6,64.0
2026-10-10,wk inc covid hosp,3,2026-10-31,04,quantile,0.65,68.0
2026-10-10,wk inc covid hosp,3,2026-10-31,04,quantile,0.7,72.0
2026-10-10,wk inc covid hosp,3,2026-10-31,04,quantile,0.75,76.0
2026-10-10,wk inc covid hosp,3,2026-10-31,04,quantile,0.8,81.0
2026-10-10,wk inc covid hosp,3,2026-10-31,04,quantile,0.85,88.0
2026-10-10,wk inc covid hosp,3,2026-10-31,04,quantile,0.9,96.0
2026-10-10,wk inc covid hosp,3,2026-10-31,04,quantile,0.95,109.0
2026-10-10,wk inc covid hosp,3,2026-10-31,04,quantile,0.975,122.0
2026-10-10,wk inc covid hosp,3,2026-10-31,04,quantile,0.99,137.0
2026-10-10,wk inc covid hosp,3,2026-10-31,05,quantile,0.01,2.0
2026-10-10,wk inc covid hosp,3,2026-10-31,05,quantile,0.025,4.0
2026-10-10,wk inc covid hosp,3,2026-10-31,05,quantile,0.05,5.0
2026-10-10,wk inc covid hosp,3,2026-10-31,05,quantile,0.1,6.0
2026-10-10,wk inc covid hosp,3,2026-10-31,05,quantile,0.15,7.0
2026-10-10,wk inc covid hosp,3,2026-10-31,05,quantile,0.2,8.0
2026-10-10,wk inc covid hosp,3,2026-10-31,05,quantile,0.25,9.0
2026-10-10,wk inc covid hosp,3,2026-10-31,05,quantile,0.3,9.0
2026-10-10,wk inc covid hosp,3,2026-10-31,05,quantile,0.35,10.0
2026-10-10,wk inc covid hosp,3,2026-10-31,05,quantile,0.4,11.0
2026-10-10,wk inc covid hosp,3,2026-10-31,05,quantile,0.45,11.0
2026-10-10,wk inc covid hosp,3,2026-10-31,05,quantile,0.5,12.0
2026-10-10,wk inc covid hosp,3,2026-10-31,05,quantile,0.55,13.0
2026-10-10,wk inc covid hosp,3,2026-10-31,05,quantile,0.6,13.0
2026-10-10,wk inc covid hosp,3,2026-10-31,05,quantile,0.65,14.0
2026-10-10,wk inc covid hosp,3,2026-10-31,05,quantile,0.7,16.0
2026-10-10,wk inc covid hosp,3,2026-10-31,05,quantile,0.75,17.0
2026-10-10,wk inc covid hosp,3,2026-10-31,05,quantile,0.8,19.0
2026-10-10,wk inc covid hosp,3,2026-10-31,05,quantile,0.85,21.0
2026-10-10,wk inc covid hosp,3,2026-10-31,05,quantile,0.9,23.0
2026-10-10,wk inc covid hosp,3,2026-10-31,05,quantile,0.95,28.0
2026-10-10,wk inc covid hosp,3,2026-10-31,05,quantile,0.975,32.0
2026-10-10,wk inc covid hosp,3,2026-10-31,05,quantile,0.99,36.0
2026-10-10,wk inc covid hosp,3,2026-10-31,06,quantile,0.01,224.0
2026-10-10,wk inc covid hosp,3,2026-10-31,06,quantile,0.025,268.0
2026-10-10,wk inc covid hosp,3,2026-10-31,06,quantile,0.05,311.0
2026-10-10,wk inc covid hosp,3,2026-10-31,06,quantile,0.1,355.0
2026-10-10,wk inc covid hosp,3,2026-10-31,06,quantile,0.15,402.0
2026-10-10,wk inc covid hosp,3,2026-10-31,06,quantile,0.2,440.0
2026-10-10,wk inc covid hosp,3,2026-10-31,06,quantile,0.25,471.0
2026-10-10,wk inc covid hosp,3,2026-10-31,06,quantile,0.3,500.0
2026-10-10,wk inc covid hosp,3,2026-10-31,06,quantile,0.35,528.0
2026-10-10,wk inc covid hosp,3,2026-10-31,06,quantile,0.4,555.0
2026-10-10,wk inc covid hosp,3,2026-10-31,06,quantile,0.45,583.0
2026-10-10,wk inc covid hosp,3,2026-10-31,06,quantile,0.5,611.0
2026-10-10,wk inc covid hosp,3,2026-10-31,06,quantile,0.55,640.0
2026-10-10,wk inc covid hosp,3,2026-10-31,06,quantile,0.6,670.0
2026-10-10,wk inc covid hosp,3,2026-10-31,06,quantile,0.65,702.0
2026-10-10,wk inc covid hosp,3,2026-10-31,06,quantile,0.7,737.0
2026-10-10,wk inc covid hosp,3,2026-10-31,06,quantile,0.75,776.0
2026-10-10,wk inc covid hosp,3,2026-10-31,06,quantile,0.8,820.0
2026-10-10,wk inc covid hosp,3,2026-10-31,06,quantile,0.85,875.0
2026-10-10,wk inc covid hosp,3,2026-10-31,06,quantile,0.9,947.0
2026-10-10,wk inc covid hosp,3,2026-10-31,06,quantile,0.95,1060.0
2026-10-10,wk inc covid hosp,3,2026-10-31,06,quantile,0.975,1164.0
2026-10-10,wk inc covid hosp,3,2026-10-31,06,quantile,0.99,1294.0
2026-10-10,wk inc covid hosp,3,2026-10-31,08,quantile,0.01,11.0
2026-10-10,wk inc covid hosp,3,2026-10-31,08,quantile,0.025,13.0
2026-10-10,wk inc covid hosp,3,2026-10-31,08,quantile,0.05,15.0
2026-10-10,wk inc covid hosp,3,2026-10-31,08,quantile,0.1,17.0
2026-10-10,wk inc covid hosp,3,2026-10-31,08,quantile,0.15,18.0
2026-10-10,wk inc covid hosp,3,2026-10-31,08,quantile,0.2,20.0
2026-10-10,wk inc covid hosp,3,2026-10-31,08,quantile,0.25,21.0
2026-10-10,wk inc covid hosp,3,2026-10-31,08,quantile,0.3,22.0
2026-10-10,wk inc covid hosp,3,2026-10-31,08,quantile,0.35,23.0
2026-10-10,wk inc covid hosp,3,2026-10-31,08,quantile,0.4,24.0
2026-10-10,wk inc covid hosp,3,2026-10-31,08,quantile,0.45,25.0
2026-10-10,wk inc covid hosp,3,2026-10-31,08,quantile,0.5,26.0
2026-10-10,wk inc covid hosp,3,2026-10-31,08,quantile,0.55,26.0
2026-10-10,wk inc covid hosp,3,2026-10-31,08,quantile,0.6,28.0
2026-10-10,wk inc covid hosp,3,2026-10-31,08,quantile,0.65,30.0
2026-10-10,wk inc covid hosp,3,2026-10-31,08,quantile,0.7,32.0
2026-10-10,wk inc covid hosp,3,2026-10-31,08,quantile,0.75,34.0
2026-10-10,wk inc covid hosp,3,2026-10-31,08,quantile,0.8,36.0
2026-10-10,wk inc covid hosp,3,2026-10-31,08,quantile,0.85,39.0
2026-10-10,wk inc covid hosp,3,2026-10-31,08,quantile,0.9,43.0
2026-10-10,wk inc covid hosp,3,2026-10-31,08,quantile,0.95,49.0
2026-10-10,wk inc covid hosp,3,2026-10-31,08,quantile,0.975,55.0
2026-10-10,wk inc covid hosp,3,2026-10-31,08,quantile,0.99,62.0
2026-10-10,wk inc covid hosp,3,2026-10-31,09,quantile,0.01,17.0
2026-10-10,wk inc covid hosp,3,2026-10-31,09,quantile,0.025,19.0
2026-10-10,wk inc covid hosp,3,2026-10-31,09,quantile,0.05,22.0
2026-10-10,wk inc covid hosp,3,2026-10-31,09,quantile,0.1,24.0
2026-10-10,wk inc covid hosp,3,2026-10-31,09,quantile,0.15,27.0
2026-10-10,wk inc covid hosp,3,2026-10-31,09,quantile,0.2,28.0
2026-10-10,wk inc covid hosp,3,2026-10-31,09,quantile,0.25,30.0
2026-10-10,wk inc covid hosp,3,2026-10-31,09,quantile,0.3,31.0
2026-10-10,wk inc covid hosp,3,2026-10-31,09,quantile,0.35,32.0
2026-10-10,wk inc covid hosp,3,2026-10-31,09,quantile,0.4,34.0
2026-10-10,wk inc covid hosp,3,2026-10-31,09,quantile,0.45,35.0
2026-10-10,wk inc covid hosp,3,2026-10-31,09,quantile,0.5,36.0
2026-10-10,wk inc covid hosp,3,2026-10-31,09,quantile,0.55,37.0
2026-10-10,wk inc covid hosp,3,2026-10-31,09,quantile,0.6,39.0
2026-10-10,wk inc covid hosp,3,2026-10-31,09,quantile,0.65,40.0
2026-10-10,wk inc covid hosp,3,2026-10-31,09,quantile,0.7,42.0
2026-10-10,wk inc covid hosp,3,2026-10-31,09,quantile,0.75,43.0
2026-10-10,wk inc covid hosp,3,2026-10-31,09,quantile,0.8,45.0
2026-10-10,wk inc covid hosp,3,2026-10-31,09,quantile,0.85,47.0
2026-10-10,wk inc covid hosp,3,2026-10-31,09,quantile,0.9,50.0
2026-10-10,wk inc covid hosp,3,2026-10-31,09,quantile,0.95,55.0
2026-10-10,wk inc covid hosp,3,2026-10-31,09,quantile,0.975,59.0
2026-10-10,wk inc covid hosp,3,2026-10-31,09,quantile,0.99,64.0
2026-10-10,wk inc covid hosp,3,2026-10-31,10,quantile,0.01,1.0
2026-10-10,wk inc covid hosp,3,2026-10-31,10,quantile,0.025,1.0
2026-10-10,wk inc covid hosp,3,2026-10-31,10,quantile,0.05,2.0
2026-10-10,wk inc covid hosp,3,2026-10-31,10,quantile,0.1,3.0
2026-10-10,wk inc covid hosp,3,2026-10-31,10,quantile,0.15,3.0
2026-10-10,wk inc covid hosp,3,2026-10-31,10,quantile,0.2,4.0
2026-10-10,wk inc covid hosp,3,2026-10-31,10,quantile,0.25,4.0
2026-10-10,wk inc covid hosp,3,2026-10-31,10,quantile,0.3,5.0
2026-10-10,wk inc covid hosp,3,2026-10-31,10,quantile,0.35,5.0
2026-10-10,wk inc covid hosp,3,2026-10-31,10,quantile,0.4,6.0
2026-10-10,wk inc covid hosp,3,2026-10-31,10,quantile,0.45,6.0
2026-10-10,wk inc covid hosp,3,2026-10-31,10,quantile,0.5,7.0
2026-10-10,wk inc covid hosp,3,2026-10-31,10,quantile,0.55,7.0
2026-10-10,wk inc covid hosp,3,2026-10-31,10,quantile,0.6,8.0
2026-10-10,wk inc covid hosp,3,2026-10-31,10,quantile,0.65,8.0
2026-10-10,wk inc covid hosp,3,2026-10-31,10,quantile,0.7,9.0
2026-10-10,wk inc covid hosp,3,2026-10-31,10,quantile,0.75,10.0
2026-10-10,wk inc covid hosp,3,2026-10-31,10,quantile,0.8,10.0
2026-10-10,wk inc covid hosp,3,2026-10-31,10,quantile,0.85,11.0
2026-10-10,wk inc covid hosp,3,2026-10-31,10,quantile,0.9,13.0
2026-10-10,wk inc covid hosp,3,2026-10-31,10,quantile,0.95,15.0
2026-10-10,wk inc covid hosp,3,2026-10-31,10,quantile,0.975,17.0
2026-10-10,wk inc covid hosp,3,2026-10-31,10,quantile,0.99,19.0
2026-10-10,wk inc covid hosp,3,2026-10-31,11,quantile,0.01,1.0
2026-10-10,wk inc covid hosp,3,2026-10-31,11,quantile,0.025,2.0
2026-10-10,wk inc covid hosp,3,2026-10-31,11,quantile,0.05,3.0
2026-10-10,wk inc covid hosp,3,2026-10-31,11,quantile,0.1,3.0
2026-10-10,wk inc covid hosp,3,2026-10-31,11,quantile,0.15,4.0
2026-10-10,wk inc covid hosp,3,2026-10-31,11,quantile,0.2,4.0
2026-10-10,wk inc covid hosp,3,2026-10-31,11,quantile,0.25,5.0
2026-10-10,wk inc covid hosp,3,2026-10-31,11,quantile,0.3,5.0
2026-10-10,wk inc covid hosp,3,2026-10-31,11,quantile,0.35,6.0
2026-10-10,wk inc covid hosp,3,2026-10-31,11,quantile,0.4,6.0
2026-10-10,wk inc covid hosp,3,2026-10-31,11,quantile,0.45,7.0
2026-10-10,wk inc covid hosp,3,2026-10-31,11,quantile,0.5,7.0
2026-10-10,wk inc covid hosp,3,2026-10-31,11,quantile,0.55,8.0
2026-10-10,wk inc covid hosp,3,2026-10-31,11,quantile,0.6,8.0
2026-10-10,wk inc covid hosp,3,2026-10-31,11,quantile,0.65,9.0
2026-10-10,wk inc covid hosp,3,2026-10-31,11,quantile,0.7,10.0
2026-10-10,wk inc covid hosp,3,2026-10-31,11,quantile,0.75,10.0
2026-10-10,wk inc covid hosp,3,2026-10-31,11,quantile,0.8,11.0
2026-10-10,wk inc covid hosp,3,2026-10-31,11,quantile,0.85,12.0
2026-10-10,wk inc covid hosp,3,2026-10-31,11,quantile,0.9,14.0
2026-10-10,wk inc covid hosp,3,2026-10-31,11,quantile,0.95,16.0
2026-10-10,wk inc covid hosp,3,2026-10-31,11,quantile,0.975,18.0
2026-10-10,wk inc covid hosp,3,2026-10-31,11,quantile,0.99,21.0
2026-10-10,wk inc covid hosp,3,2026-10-31,12,quantile,0.01,124.0
2026-10-10,wk inc covid hosp,3,2026-10-31,12,quantile,0.025,152.0
2026-10-10,wk inc covid hosp,3,2026-10-31,12,quantile,0.05,177.0
2026-10-10,wk inc covid hosp,3,2026-10-31,12,quantile,0.1,208.0
2026-10-10,wk inc covid hosp,3,2026-10-31,12,quantile,0.15,231.0
2026-10-10,wk inc covid hosp,3,2026-10-31,12,quantile,0.2,251.0
2026-10-10,wk inc covid hosp,3,2026-10-31,12,quantile,0.25,269.0
2026-10-10,wk inc covid hosp,3,2026-10-31,12,quantile,0.3,285.0
2026-10-10,wk inc covid hosp,3,2026-10-31,12,quantile,0.35,302.0
2026-10-10,wk inc covid hosp,3,2026-10-31,12,quantile,0.4,317.0
2026-10-10,wk inc covid hosp,3,2026-10-31,12,quantile,0.45,333.0
2026-10-10,wk inc covid hosp,3,2026-10-31,12,quantile,0.5,349.0
2026-10-10,wk inc covid hosp,3,2026-10-31,12,quantile,0.55,366.0
2026-10-10,wk inc covid hosp,3,2026-10-31,12,quantile,0.6,383.0
2026-10-10,wk inc covid hosp,3,2026-10-31,12,quantile,0.65,401.0
2026-10-10,wk inc covid hosp,3,2026-10-31,12,quantile,0.7,421.0
2026-10-10,wk inc covid hosp,3,2026-10-31,12,quantile,0.75,444.0
2026-10-10,wk inc covid hosp,3,2026-10-31,12,quantile,0.8,469.0
2026-10-10,wk inc covid hosp,3,2026-10-31,12,quantile,0.85,501.0
2026-10-10,wk inc covid hosp,3,2026-10-31,12,quantile,0.9,542.0
2026-10-10,wk inc covid hosp,3,2026-10-31,12,quantile,0.95,607.0
2026-10-10,wk inc covid hosp,3,2026-10-31,12,quantile,0.975,667.0
2026-10-10,wk inc covid hosp,3,2026-10-31,12,quantile,0.99,741.0
2026-10-10,wk inc covid hosp,3,2026-10-31,13,quantile,0.01,12.0
2026-10-10,wk inc covid hosp,3,2026-10-31,13,quantile,0.025,17.0
2026-10-10,wk inc covid hosp,3,2026-10-31,13,quantile,0.05,22.0
2026-10-10,wk inc covid hosp,3,2026-10-31,13,quantile,0.1,30.0
2026-10-10,wk inc covid hosp,3,2026-10-31,13,quantile,0.15,36.0
2026-10-10,wk inc covid hosp,3,2026-10-31,13,quantile,0.2,42.0
2026-10-10,wk inc covid hosp,3,2026-10-31,13,quantile,0.25,44.0
2026-10-10,wk inc covid hosp,3,2026-10-31,13,quantile,0.3,46.0
2026-10-10,wk inc covid hosp,3,2026-10-31,13,quantile,0.35,48.0
2026-10-10,wk inc covid hosp,3,2026-10-31,13,quantile,0.4,50.0
2026-10-10,wk inc covid hosp,3,2026-10-31,13,quantile,0.45,51.0
2026-10-10,wk inc covid hosp,3,2026-10-31,13,quantile,0.5,53.0
2026-10-10,wk inc covid hosp,3,2026-10-31,13,quantile,0.55,55.0
2026-10-10,wk inc covid hosp,3,2026-10-31,13,quantile,0.6,57.0
2026-10-10,wk inc covid hosp,3,2026-10-31,13,quantile,0.65,59.0
2026-10-10,wk inc covid hosp,3,2026-10-31,13,quantile,0.7,61.0
2026-10-10,wk inc covid hosp,3,2026-10-31,13,quantile,0.75,63.0
2026-10-10,wk inc covid hosp,3,2026-10-31,13,quantile,0.8,66.0
2026-10-10,wk inc covid hosp,3,2026-10-31,13,quantile,0.85,69.0
2026-10-10,wk inc covid hosp,3,2026-10-31,13,quantile,0.9,73.0
2026-10-10,wk inc covid hosp,3,2026-10-31,13,quantile,0.95,79.0
2026-10-10,wk inc covid hosp,3,2026-10-31,13,quantile,0.975,84.0
2026-10-10,wk inc covid hosp,3,2026-10-31,13,quantile,0.99,91.0
2026-10-10,wk inc covid hosp,3,2026-10-31,15,quantile,0.01,6.0
2026-10-10,wk inc covid hosp,3,2026-10-31,15,quantile,0.025,8.0
2026-10-10,wk inc covid hosp,3,2026-10-31,15,quantile,0.05,9.0
2026-10-10,wk inc covid hosp,3,2026-10-31,15,quantile,0.1,12.0
2026-10-10,wk inc covid hosp,3,2026-10-31,15,quantile,0.15,14.0
2026-10-10,wk inc covid hosp,3,2026-10-31,15,quantile,0.2,15.0
2026-10-10,wk inc covid hosp,3,2026-10-31,15,quantile,0.25,17.0
2026-10-10,wk inc covid hosp,3,2026-10-31,15,quantile,0.3,18.0
2026-10-10,wk inc covid hosp,3,2026-10-31,15,quantile,0.35,20.0
2026-10-10,wk inc covid hosp,3,2026-10-31,15,quantile,0.4,21.0
2026-10-10,wk inc covid hosp,3,2026-10-31,15,quantile,0.45,22.0
2026-10-10,wk inc covid hosp,3,2026-10-31,15,quantile,0.5,24.0
2026-10-10,wk inc covid hosp,3,2026-10-31,15,quantile,0.55,25.0
2026-10-10,wk inc covid hosp,3,2026-10-31,15,quantile,0.6,27.0
2026-10-10,wk inc covid hosp,3,2026-10-31,15,quantile,0.65,28.0
2026-10-10,wk inc covid hosp,3,2026-10-31,15,quantile,0.7,30.0
2026-10-10,wk inc covid hosp,3,2026-10-31,15,quantile,0.75,32.0
2026-10-10,wk inc covid hosp,3,2026-10-31,15,quantile,0.8,34.0
2026-10-10,wk inc covid hosp,3,2026-10-31,15,quantile,0.85,37.0
2026-10-10,wk inc covid hosp,3,2026-10-31,15,quantile,0.9,41.0
2026-10-10,wk inc covid hosp,3,2026-10-31,15,quantile,0.95,47.0
2026-10-10,wk inc covid hosp,3,2026-10-31,15,quantile,0.975,52.0
2026-10-10,wk inc covid hosp,3,2026-10-31,15,quantile,0.99,59.0
2026-10-10,wk inc covid hosp,3,2026-10-31,16,quantile,0.01,1.0
2026-10-10,wk inc covid hosp,3,2026-10-31,16,quantile,0.025,2.0
2026-10-10,wk inc covid hosp,3,2026-10-31,16,quantile,0.05,3.0
2026-10-10,wk inc covid hosp,3,2026-10-31,16,quantile,0.1,4.0
2026-10-10,wk inc covid hosp,3,2026-10-31,16,quantile,0.15,5.0
2026-10-10,wk inc covid hosp,3,2026-10-31,16,quantile,0.2,5.0
2026-10-10,wk inc covid hosp,3,2026-10-31,16,quantile,0.25,6.0
2026-10-10,wk inc covid hosp,3,2026-10-31,16,quantile,0.3,6.0
2026-10-10,wk inc covid hosp,3,2026-10-31,16,quantile,0.35,7.0
2026-10-10,wk inc covid hosp,3,2026-10-31,16,quantile,0.4,7.0
2026-10-10,wk inc covid hosp,3,2026-10-31,16,quantile,0.45,8.0
2026-10-10,wk inc covid hosp,3,2026-10-31,16,quantile,0.5,8.0
2026-10-10,wk inc covid hosp,3,2026-10-31,16,quantile,0.55,9.0
2026-10-10,wk inc covid hosp,3,2026-10-31,16,quantile,0.6,9.0
2026-10-10,wk inc covid hosp,3,2026-10-31,16,quantile,0.65,10.0
2026-10-10,wk inc covid hosp,3,2026-10-31,16,quantile,0.7,11.0
2026-10-10,wk inc covid hosp,3,2026-10-31,16,quantile,0.75,12.0
2026-10-10,wk inc covid hosp,3,2026-10-31,16,quantile,0.8,12.0
2026-10-10,wk inc covid hosp,3,2026-10-31,16,quantile,0.85,13.0
2026-10-10,wk inc covid hosp,3,2026-10-31,16,quantile,0.9,15.0
2026-10-10,wk inc covid hosp,3,2026-10-31,16,quantile,0.95,17.0
2026-10-10,wk inc covid hosp,3,2026-10-31,16,quantile,0.975,19.0
2026-10-10,wk inc covid hosp,3,2026-10-31,16,quantile,0.99,22.0
2026-10-10,wk inc covid hosp,3,2026-10-31,17,quantile,0.01,31.0
2026-10-10,wk inc covid hosp,3,2026-10-31,17,quantile,0.025,38.0
2026-10-10,wk inc covid hosp,3,2026-10-31,17,quantile,0.05,44.0
2026-10-10,wk inc covid hosp,3,2026-10-31,17,quantile,0.1,52.0
2026-10-10,wk inc covid hosp,3,2026-10-31,17,quantile,0.15,58.0
2026-10-10,wk inc covid hosp,3,2026-10-31,17,quantile,0.2,64.0
2026-10-10,wk inc covid hosp,3,2026-10-31,17,quantile,0.25,68.0
2026-10-10,wk inc covid hosp,3,2026-10-31,17,quantile,0.3,73.0
2026-10-10,wk inc covid hosp,3,2026-10-31,17,quantile,0.35,77.0
2026-10-10,wk inc covid hosp,3,2026-10-31,17,quantile,0.4,81.0
2026-10-10,wk inc covid hosp,3,2026-10-31,17,quantile,0.45,85.0
2026-10-10,wk inc covid hosp,3,2026-10-31,17,quantile,0.5,90.0
2026-10-10,wk inc covid hosp,3,2026-10-31,17,quantile,0.55,94.0
2026-10-10,wk inc covid hosp,3,2026-10-31,17,quantile,0.6,98.0
2026-10-10,wk inc covid hosp,3,2026-10-31,17,quantile,0.65,103.0
2026-10-10,wk inc covid hosp,3,2026-10-31,17,quantile,0.7,109.0
2026-10-10,wk inc covid hosp,3,2026-10-31,17,quantile,0.75,114.0
2026-10-10,wk inc covid hosp,3,2026-10-31,17,quantile,0.8,118.0
2026-10-10,wk inc covid hosp,3,2026-10-31,17,quantile,0.85,123.0
2026-10-10,wk inc covid hosp,3,2026-10-31,17,quantile,0.9,130.0
2026-10-10,wk inc covid hosp,3,2026-10-31,17,quantile,0.95,141.0
2026-10-10,wk inc covid hosp,3,2026-10-31,17,quantile,0.975,150.0
2026-10-10,wk inc covid hosp,3,2026-10-31,17,quantile,0.99,162.0
2026-10-10,wk inc covid hosp,3,2026-10-31,18,quantile,0.01,16.0
2026-10-10,wk inc covid hosp,3,2026-10-31,18,quantile,0.025,20.0
2026-10-10,wk inc covid hosp,3,2026-10-31,18,quantile,0.05,23.0
2026-10-10,wk inc covid hosp,3,2026-10-31,18,quantile,0.1,28.0
2026-10-10,wk inc covid hosp,3,2026-10-31,18,quantile,0.15,32.0
2026-10-10,wk inc covid hosp,3,2026-10-31,18,quantile,0.2,34.0
2026-10-10,wk inc covid hosp,3,2026-10-31,18,quantile,0.25,37.0
2026-10-10,wk inc covid hosp,3,2026-10-31,18,quantile,0.3,40.0
2026-10-10,wk inc covid hosp,3,2026-10-31,18,quantile,0.35,42.0
2026-10-10,wk inc covid hosp,3,2026-10-31,18,quantile,0.4,44.0
2026-10-10,wk inc covid hosp,3,2026-10-31,18,quantile,0.45,47.0
2026-10-10,wk inc covid hosp,3,2026-10-31,18,quantile,0.5,49.0
2026-10-10,wk inc covid hosp,3,2026-10-31,18,quantile,0.55,52.0
2026-10-10,wk inc covid hosp,3,2026-10-31,18,quantile,0.6,54.0
2026-10-10,wk inc covid hosp,3,2026-10-31,18,quantile,0.65,57.0
2026-10-10,wk inc covid hosp,3,2026-10-31,18,quantile,0.7,60.0
2026-10-10,wk inc covid hosp,3,2026-10-31,18,quantile,0.75,63.0
2026-10-10,wk inc covid hosp,3,2026-10-31,18,quantile,0.8,67.0
2026-10-10,wk inc covid hosp,3,2026-10-31,18,quantile,0.85,72.0
2026-10-10,wk inc covid hosp,3,2026-10-31,18,quantile,0.9,78.0
2026-10-10,wk inc covid hosp,3,2026-10-31,18,quantile,0.95,88.0
2026-10-10,wk inc covid hosp,3,2026-10-31,18,quantile,0.975,97.0
2026-10-10,wk inc covid hosp,3,2026-10-31,18,quantile,0.99,106.0
2026-10-10,wk inc covid hosp,3,2026-10-31,19,quantile,0.01,2.0
2026-10-10,wk inc covid hosp,3,2026-10-31,19,quantile,0.025,3.0
2026-10-10,wk inc covid hosp,3,2026-10-31,19,quantile,0.05,4.0
2026-10-10,wk inc covid hosp,3,2026-10-31,19,quantile,0.1,5.0
2026-10-10,wk inc covid hosp,3,2026-10-31,19,quantile,0.15,6.0
2026-10-10,wk inc covid hosp,3,2026-10-31,19,quantile,0.2,6.0
2026-10-10,wk inc covid hosp,3,2026-10-31,19,quantile,0.25,7.0
2026-10-10,wk inc covid hosp,3,2026-10-31,19,quantile,0.3,8.0
2026-10-10,wk inc covid hosp,3,2026-10-31,19,quantile,0.35,9.0
2026-10-10,wk inc covid hosp,3,2026-10-31,19,quantile,0.4,9.0
2026-10-10,wk inc covid hosp,3,2026-10-31,19,quantile,0.45,10.0
2026-10-10,wk inc covid hosp,3,2026-10-31,19,quantile,0.5,11.0
2026-10-10,wk inc covid hosp,3,2026-10-31,19,quantile,0.55,11.0
2026-10-10,wk inc covid hosp,3,2026-10-31,19,quantile,0.6,12.0
2026-10-10,wk inc covid hosp,3,2026-10-31,19,quantile,0.65,13.0
2026-10-10,wk inc covid hosp,3,2026-10-31,19,quantile,0.7,14.0
2026-10-10,wk inc covid hosp,3,2026-10-31,19,quantile,0.75,15.0
2026-10-10,wk inc covid hosp,3,2026-10-31,19,quantile,0.8,16.0
2026-10-10,wk inc covid hosp,3,2026-10-31,19,quantile,0.85,17.0
2026-10-10,wk inc covid hosp,3,2026-10-31,19,quantile,0.9,19.0
2026-10-10,wk inc covid hosp,3,2026-10-31,19,quantile,0.95,22.0
2026-10-10,wk inc covid hosp,3,2026-10-31,19,quantile,0.975,25.0
2026-10-10,wk inc covid hosp,3,2026-10-31,19,quantile,0.99,28.0
2026-10-10,wk inc covid hosp,3,2026-10-31,20,quantile,0.01,0.0
2026-10-10,wk inc covid hosp,3,2026-10-31,20,quantile,0.025,1.0
2026-10-10,wk inc covid hosp,3,2026-10-31,20,quantile,0.05,2.0
2026-10-10,wk inc covid hosp,3,2026-10-31,20,quantile,0.1,3.0
2026-10-10,wk inc covid hosp,3,2026-10-31,20,quantile,0.15,3.0
2026-10-10,wk inc covid hosp,3,2026-10-31,20,quantile,0.2,4.0
2026-10-10,wk inc covid hosp,3,2026-10-31,20,quantile,0.25,5.0
2026-10-10,wk inc covid hosp,3,2026-10-31,20,quantile,0.3,5.0
2026-10-10,wk inc covid hosp,3,2026-10-31,20,quantile,0.35,6.0
2026-10-10,wk inc covid hosp,3,2026-10-31,20,quantile,0.4,6.0
2026-10-10,wk inc covid hosp,3,2026-10-31,20,quantile,0.45,7.0
2026-10-10,wk inc covid hosp,3,2026-10-31,20,quantile,0.5,8.0
2026-10-10,wk inc covid hosp,3,2026-10-31,20,quantile,0.55,8.0
2026-10-10,wk inc covid hosp,3,2026-10-31,20,quantile,0.6,9.0
2026-10-10,wk inc covid hosp,3,2026-10-31,20,quantile,0.65,10.0
2026-10-10,wk inc covid hosp,3,2026-10-31,20,quantile,0.7,10.0
2026-10-10,wk inc covid hosp,3,2026-10-31,20,quantile,0.75,11.0
2026-10-10,wk inc covid hosp,3,2026-10-31,20,quantile,0.8,12.0
2026-10-10,wk inc covid hosp,3,2026-10-31,20,quantile,0.85,13.0
2026-10-10,wk inc covid hosp,3,2026-10-31,20,quantile,0.9,14.0
2026-10-10,wk inc covid hosp,3,2026-10-31,20,quantile,0.95,17.0
2026-10-10,wk inc covid hosp,3,2026-10-31,20,quantile,0.975,19.0
2026-10-10,wk inc covid hosp,3,2026-10-31,20,quantile,0.99,21.0
2026-10-10,wk inc covid hosp,3,2026-10-31,21,quantile,0.01,3.0
2026-10-10,wk inc covid hosp,3,2026-10-31,21,quantile,0.025,4.0
2026-10-10,wk inc covid hosp,3,2026-10-31,21,quantile,0.05,6.0
2026-10-10,wk inc covid hosp,3,2026-10-31,21,quantile,0.1,8.0
2026-10-10,wk inc covid hosp,3,2026-10-31,21,quantile,0.15,10.0
2026-10-10,wk inc covid hosp,3,2026-10-31,21,quantile,0.2,12.0
2026-10-10,wk inc covid hosp,3,2026-10-31,21,quantile,0.25,13.0
2026-10-10,wk inc covid hosp,3,2026-10-31,21,quantile,0.3,15.0
2026-10-10,wk inc covid hosp,3,2026-10-31,21,quantile,0.35,16.0
2026-10-10,wk inc covid hosp,3,2026-10-31,21,quantile,0.4,17.0
2026-10-10,wk inc covid hosp,3,2026-10-31,21,quantile,0.45,18.0
2026-10-10,wk inc covid hosp,3,2026-10-31,21,quantile,0.5,19.0
2026-10-10,wk inc covid hosp,3,2026-10-31,21,quantile,0.55,20.0
2026-10-10,wk inc covid hosp,3,2026-10-31,21,quantile,0.6,22.0
2026-10-10,wk inc covid hosp,3,2026-10-31,21,quantile,0.65,23.0
2026-10-10,wk inc covid hosp,3,2026-10-31,21,quantile,0.7,24.0
2026-10-10,wk inc covid hosp,3,2026-10-31,21,quantile,0.75,26.0
2026-10-10,wk inc covid hosp,3,2026-10-31,21,quantile,0.8,28.0
2026-10-10,wk inc covid hosp,3,2026-10-31,21,quantile,0.85,30.0
2026-10-10,wk inc covid hosp,3,2026-10-31,21,quantile,0.9,33.0
2026-10-10,wk inc covid hosp,3,2026-10-31,21,quantile,0.95,38.0
2026-10-10,wk inc covid hosp,3,2026-10-31,21,quantile,0.975,42.0
2026-10-10,wk inc covid hosp,3,2026-10-31,21,quantile,0.99,48.0
2026-10-10,wk inc covid hosp,3,2026-10-31,22,quantile,0.01,12.0
2026-10-10,wk inc covid hosp,3,2026-10-31,22,quantile,0.025,17.0
2026-10-10,wk inc covid hosp,3,2026-10-31,22,quantile,0.05,22.0
2026-10-10,wk inc covid hosp,3,2026-10-31,22,quantile,0.1,29.0
2026-10-10,wk inc covid hosp,3,2026-10-31,22,quantile,0.15,35.0
2026-10-10,wk inc covid hosp,3,2026-10-31,22,quantile,0.2,38.0
2026-10-10,wk inc covid hosp,3,2026-10-31,22,quantile,0.25,40.0
2026-10-10,wk inc covid hosp,3,2026-10-31,22,quantile,0.3,42.0
2026-10-10,wk inc covid hosp,3,2026-10-31,22,quantile,0.35,44.0
2026-10-10,wk inc covid hosp,3,2026-10-31,22,quantile,0.4,45.0
2026-10-10,wk inc covid hosp,3,2026-10-31,22,quantile,0.45,47.0
2026-10-10,wk inc covid hosp,3,2026-10-31,22,quantile,0.5,49.0
2026-10-10,wk inc covid hosp,3,2026-10-31,22,quantile,0.55,50.0
2026-10-10,wk inc covid hosp,3,2026-10-31,22,quantile,0.6,52.0
2026-10-10,wk inc covid hosp,3,2026-10-31,22,quantile,0.65,54.0
2026-10-10,wk inc covid hosp,3,2026-10-31,22,quantile,0.7,56.0
2026-10-10,wk inc covid hosp,3,2026-10-31,22,quantile,0.75,58.0
2026-10-10,wk inc covid hosp,3,2026-10-31,22,quantile,0.8,60.0
2026-10-10,wk inc covid hosp,3,2026-10-31,22,quantile,0.85,63.0
2026-10-10,wk inc covid hosp,3,2026-10-31,22,quantile,0.9,67.0
2026-10-10,wk inc covid hosp,3,2026-10-31,22,quantile,0.95,72.0
2026-10-10,wk inc covid hosp,3,2026-10-31,22,quantile,0.975,78.0
2026-10-10,wk inc covid hosp,3,2026-10-31,22,quantile,0.99,88.0
2026-10-10,wk inc covid hosp,3,2026-10-31,23,quantile,0.01,0.0
2026-10-10,wk inc covid hosp,3,2026-10-31,23,quantile,0.025,0.0
2026-10-10,wk inc covid hosp,3,2026-10-31,23,quantile,0.05,0.0
2026-10-10,wk inc covid hosp,3,2026-10-31,23,quantile,0.1,0.0
2026-10-10,wk inc covid hosp,3,2026-10-31,23,quantile,0.15,0.0
2026-10-10,wk inc covid hosp,3,2026-10-31,23,quantile,0.2,0.0
2026-10-10,wk inc covid hosp,3,2026-10-31,23,quantile,0.25,1.0
2026-10-10,wk inc covid hosp,3,2026-10-31,23,quantile,0.3,1.0
2026-10-10,wk inc covid hosp,3,2026-10-31,23,quantile,0.35,1.0
2026-10-10,wk inc covid hosp,3,2026-10-31,23,quantile,0.4,1.0
2026-10-10,wk inc covid hosp,3,2026-10-31,23,quantile,0.45,1.0
2026-10-10,wk inc covid hosp,3,2026-10-31,23,quantile,0.5,2.0
2026-10-10,wk inc covid hosp,3,2026-10-31,23,quantile,0.55,2.0
2026-10-10,wk inc covid hosp,3,2026-10-31,23,quantile,0.6,2.0
2026-10-10,wk inc covid hosp,3,2026-10-31,23,quantile,0.65,2.0
2026-10-10,wk inc covid hosp,3,2026-10-31,23,quantile,0.7,2.0
2026-10-10,wk inc covid hosp,3,2026-10-31,23,quantile,0.75,3.0
2026-10-10,wk inc covid hosp,3,2026-10-31,23,quantile,0.8,3.0
2026-10-10,wk inc covid hosp,3,2026-10-31,23,quantile,0.85,3.0
2026-10-10,wk inc covid hosp,3,2026-10-31,23,quantile,0.9,4.0
2026-10-10,wk inc covid hosp,3,2026-10-31,23,quantile,0.95,5.0
2026-10-10,wk inc covid hosp,3,2026-10-31,23,quantile,0.975,6.0
2026-10-10,wk inc covid hosp,3,2026-10-31,23,quantile,0.99,7.0
2026-10-10,wk inc covid hosp,3,2026-10-31,24,quantile,0.01,11.0
2026-10-10,wk inc covid hosp,3,2026-10-31,24,quantile,0.025,13.0
2026-10-10,wk inc covid hosp,3,2026-10-31,24,quantile,0.05,15.0
2026-10-10,wk inc covid hosp,3,2026-10-31,24,quantile,0.1,17.0
2026-10-10,wk inc covid hosp,3,2026-10-31,24,quantile,0.15,18.0
2026-10-10,wk inc covid hosp,3,2026-10-31,24,quantile,0.2,19.0
2026-10-10,wk inc covid hosp,3,2026-10-31,24,quantile,0.25,21.0
2026-10-10,wk inc covid hosp,3,2026-10-31,24,quantile,0.3,22.0
2026-10-10,wk inc covid hosp,3,2026-10-31,24,quantile,0.35,23.0
2026-10-10,wk inc covid hosp,3,2026-10-31,24,quantile,0.4,24.0
2026-10-10,wk inc covid hosp,3,2026-10-31,24,quantile,0.45,25.0
2026-10-10,wk inc covid hosp,3,2026-10-31,24,quantile,0.5,25.0
2026-10-10,wk inc covid hosp,3,2026-10-31,24,quantile,0.55,26.0
2026-10-10,wk inc covid hosp,3,2026-10-31,24,quantile,0.6,27.0
2026-10-10,wk inc covid hosp,3,2026-10-31,24,quantile,0.65,28.0
2026-10-10,wk inc covid hosp,3,2026-10-31,24,quantile,0.7,30.0
2026-10-10,wk inc covid hosp,3,2026-10-31,24,quantile,0.75,31.0
2026-10-10,wk inc covid hosp,3,2026-10-31,24,quantile,0.8,32.0
2026-10-10,wk inc covid hosp,3,2026-10-31,24,quantile,0.85,34.0
2026-10-10,wk inc covid hosp,3,2026-10-31,24,quantile,0.9,38.0
2026-10-10,wk inc covid hosp,3,2026-10-31,24,quantile,0.95,43.0
2026-10-10,wk inc covid hosp,3,2026-10-31,24,quantile,0.975,48.0
2026-10-10,wk inc covid hosp,3,2026-10-31,24,quantile,0.99,55.0
2026-10-10,wk inc covid hosp,3,2026-10-31,25,quantile,0.01,29.0
2026-10-10,wk inc covid hosp,3,2026-10-31,25,quantile,0.025,36.0
2026-10-10,wk inc covid hosp,3,2026-10-31,25,quantile,0.05,42.0
2026-10-10,wk inc covid hosp,3,2026-10-31,25,quantile,0.1,50.0
2026-10-10,wk inc covid hosp,3,2026-10-31,25,quantile,0.15,56.0
2026-10-10,wk inc covid hosp,3,2026-10-31,25,quantile,0.2,61.0
2026-10-10,wk inc covid hosp,3,2026-10-31,25,quantile,0.25,65.0
2026-10-10,wk inc covid hosp,3,2026-10-31,25,quantile,0.3,70.0
2026-10-10,wk inc covid hosp,3,2026-10-31,25,quantile,0.35,73.0
2026-10-10,wk inc covid hosp,3,2026-10-31,25,quantile,0.4,76.0
2026-10-10,wk inc covid hosp,3,2026-10-31,25,quantile,0.45,78.0
2026-10-10,wk inc covid hosp,3,2026-10-31,25,quantile,0.5,81.0
2026-10-10,wk inc covid hosp,3,2026-10-31,25,quantile,0.55,83.0
2026-10-10,wk inc covid hosp,3,2026-10-31,25,quantile,0.6,86.0
2026-10-10,wk inc covid hosp,3,2026-10-31,25,quantile,0.65,89.0
2026-10-10,wk inc covid hosp,3,2026-10-31,25,quantile,0.7,92.0
2026-10-10,wk inc covid hosp,3,2026-10-31,25,quantile,0.75,95.0
2026-10-10,wk inc covid hosp,3,2026-10-31,25,quantile,0.8,99.0
2026-10-10,wk inc covid hosp,3,2026-10-31,25,quantile,0.85,103.0
2026-10-10,wk inc covid hosp,3,2026-10-31,25,quantile,0.9,109.0
2026-10-10,wk inc covid hosp,3,2026-10-31,25,quantile,0.95,118.0
2026-10-10,wk inc covid hosp,3,2026-10-31,25,quantile,0.975,126.0
2026-10-10,wk inc covid hosp,3,2026-10-31,25,quantile,0.99,136.0
2026-10-10,wk inc covid hosp,3,2026-10-31,26,quantile,0.01,28.0
2026-10-10,wk inc covid hosp,3,2026-10-31,26,quantile,0.025,35.0
2026-10-10,wk inc covid hosp,3,2026-10-31,26,quantile,0.05,41.0
2026-10-10,wk inc covid hosp,3,2026-10-31,26,quantile,0.1,48.0
2026-10-10,wk inc covid hosp,3,2026-10-31,26,quantile,0.15,54.0
2026-10-10,wk inc covid hosp,3,2026-10-31,26,quantile,0.2,59.0
2026-10-10,wk inc covid hosp,3,2026-10-31,26,quantile,0.25,63.0
2026-10-10,wk inc covid hosp,3,2026-10-31,26,quantile,0.3,67.0
2026-10-10,wk inc covid hosp,3,2026-10-31,26,quantile,0.35,71.0
2026-10-10,wk inc covid hosp,3,2026-10-31,26,quantile,0.4,75.0
2026-10-10,wk inc covid hosp,3,2026-10-31,26,quantile,0.45,79.0
2026-10-10,wk inc covid hosp,3,2026-10-31,26,quantile,0.5,83.0
2026-10-10,wk inc covid hosp,3,2026-10-31,26,quantile,0.55,87.0
2026-10-10,wk inc covid hosp,3,2026-10-31,26,quantile,0.6,90.0
2026-10-10,wk inc covid hosp,3,2026-10-31,26,quantile,0.65,92.0
2026-10-10,wk inc covid hosp,3,2026-10-31,26,quantile,0.7,95.0
2026-10-10,wk inc covid hosp,3,2026-10-31,26,quantile,0.75,99.0
2026-10-10,wk inc covid hosp,3,2026-10-31,26,quantile,0.8,103.0
2026-10-10,wk inc covid hosp,3,2026-10-31,26,quantile,0.85,107.0
2026-10-10,wk inc covid hosp,3,2026-10-31,26,quantile,0.9,113.0
2026-10-10,wk inc covid hosp,3,2026-10-31,26,quantile,0.95,123.0
2026-10-10,wk inc covid hosp,3,2026-10-31,26,quantile,0.975,131.0
2026-10-10,wk inc covid hosp,3,2026-10-31,26,quantile,0.99,141.0
2026-10-10,wk inc covid hosp,3,2026-10-31,27,quantile,0.01,17.0
2026-10-10,wk inc covid hosp,3,2026-10-31,27,quantile,0.025,21.0
2026-10-10,wk inc covid hosp,3,2026-10-31,27,quantile,0.05,24.0
2026-10-10,wk inc covid hosp,3,2026-10-31,27,quantile,0.1,27.0
2026-10-10,wk inc covid hosp,3,2026-10-31,27,quantile,0.15,30.0
2026-10-10,wk inc covid hosp,3,2026-10-31,27,quantile,0.2,31.0
2026-10-10,wk inc covid hosp,3,2026-10-31,27,quantile,0.25,33.0
2026-10-10,wk inc covid hosp,3,2026-10-31,27,quantile,0.3,35.0
2026-10-10,wk inc covid hosp,3,2026-10-31,27,quantile,0.35,36.0
2026-10-10,wk inc covid hosp,3,2026-10-31,27,quantile,0.4,37.0
2026-10-10,wk inc covid hosp,3,2026-10-31,27,quantile,0.45,39.0
2026-10-10,wk inc covid hosp,3,2026-10-31,27,quantile,0.5,40.0
2026-10-10,wk inc covid hosp,3,2026-10-31,27,quantile,0.55,41.0
2026-10-10,wk inc covid hosp,3,2026-10-31,27,quantile,0.6,43.0
2026-10-10,wk inc covid hosp,3,2026-10-31,27,quantile,0.65,44.0
2026-10-10,wk inc covid hosp,3,2026-10-31,27,quantile,0.7,46.0
2026-10-10,wk inc covid hosp,3,2026-10-31,27,quantile,0.75,48.0
2026-10-10,wk inc covid hosp,3,2026-10-31,27,quantile,0.8,50.0
2026-10-10,wk inc covid hosp,3,2026-10-31,27,quantile,0.85,52.0
2026-10-10,wk inc covid hosp,3,2026-10-31,27,quantile,0.9,55.0
2026-10-10,wk inc covid hosp,3,2026-10-31,27,quantile,0.95,60.0
2026-10-10,wk inc covid hosp,3,2026-10-31,27,quantile,0.975,65.0
2026-10-10,wk inc covid hosp,3,2026-10-31,27,quantile,0.99,70.0
2026-10-10,wk inc covid hosp,3,2026-10-31,28,quantile,0.01,3.0
2026-10-10,wk inc covid hosp,3,2026-10-31,28,quantile,0.025,5.0
2026-10-10,wk inc covid hosp,3,2026-10-31,28,quantile,0.05,7.0
2026-10-10,wk inc covid hosp,3,2026-10-31,28,quantile,0.1,10.0
2026-10-10,wk inc covid hosp,3,2026-10-31,28,quantile,0.15,12.0
2026-10-10,wk inc covid hosp,3,2026-10-31,28,quantile,0.2,14.0
2026-10-10,wk inc covid hosp,3,2026-10-31,28,quantile,0.25,16.0
2026-10-10,wk inc covid hosp,3,2026-10-31,28,quantile,0.3,17.0
2026-10-10,wk inc covid hosp,3,2026-10-31,28,quantile,0.35,19.0
2026-10-10,wk inc covid hosp,3,2026-10-31,28,quantile,0.4,21.0
2026-10-10,wk inc covid hosp,3,2026-10-31,28,quantile,0.45,23.0
2026-10-10,wk inc covid hosp,3,2026-10-31,28,quantile,0.5,24.0
2026-10-10,wk inc covid hosp,3,2026-10-31,28,quantile,0.55,26.0
2026-10-10,wk inc covid hosp,3,2026-10-31,28,quantile,0.6,28.0
2026-10-10,wk inc covid hosp,3,2026-10-31,28,quantile,0.65,30.0
2026-10-10,wk inc covid hosp,3,2026-10-31,28,quantile,0.7,31.0
2026-10-10,wk inc covid hosp,3,2026-10-31,28,quantile,0.75,32.0
2026-10-10,wk inc covid hosp,3,2026-10-31,28,quantile,0.8,34.0
2026-10-10,wk inc covid hosp,3,2026-10-31,28,quantile,0.85,36.0
2026-10-10,wk inc covid hosp,3,2026-10-31,28,quantile,0.9,38.0
2026-10-10,wk inc covid hosp,3,2026-10-31,28,quantile,0.95,41.0
2026-10-10,wk inc covid hosp,3,2026-10-31,28,quantile,0.975,45.0
2026-10-10,wk inc covid hosp,3,2026-10-31,28,quantile,0.99,48.0
2026-10-10,wk inc covid hosp,3,2026-10-31,29,quantile,0.01,9.0
2026-10-10,wk inc covid hosp,3,2026-10-31,29,quantile,0.025,11.0
2026-10-10,wk inc covid hosp,3,2026-10-31,29,quantile,0.05,14.0
2026-10-10,wk inc covid hosp,3,2026-10-31,29,quantile,0.1,17.0
2026-10-10,wk inc covid hosp,3,2026-10-31,29,quantile,0.15,19.0
2026-10-10,wk inc covid hosp,3,2026-10-31,29,quantile,0.2,22.0
2026-10-10,wk inc covid hosp,3,2026-10-31,29,quantile,0.25,24.0
2026-10-10,wk inc covid hosp,3,2026-10-31,29,quantile,0.3,25.0
2026-10-10,wk inc covid hosp,3,2026-10-31,29,quantile,0.35,27.0
2026-10-10,wk inc covid hosp,3,2026-10-31,29,quantile,0.4,29.0
2026-10-10,wk inc covid hosp,3,2026-10-31,29,quantile,0.45,31.0
2026-10-10,wk inc covid hosp,3,2026-10-31,29,quantile,0.5,33.0
2026-10-10,wk inc covid hosp,3,2026-10-31,29,quantile,0.55,35.0
2026-10-10,wk inc covid hosp,3,2026-10-31,29,quantile,0.6,37.0
2026-10-10,wk inc covid hosp,3,2026-10-31,29,quantile,0.65,39.0
2026-10-10,wk inc covid hosp,3,2026-10-31,29,quantile,0.7,41.0
2026-10-10,wk inc covid hosp,3,2026-10-31,29,quantile,0.75,44.0
2026-10-10,wk inc covid hosp,3,2026-10-31,29,quantile,0.8,47.0
2026-10-10,wk inc covid hosp,3,2026-10-31,29,quantile,0.85,51.0
2026-10-10,wk inc covid hosp,3,2026-10-31,29,quantile,0.9,55.0
2026-10-10,wk inc covid hosp,3,2026-10-31,29,quantile,0.95,63.0
2026-10-10,wk inc covid hosp,3,2026-10-31,29,quantile,0.975,71.0
2026-10-10,wk inc covid hosp,3,2026-10-31,29,quantile,0.99,80.0
2026-10-10,wk inc covid hosp,3,2026-10-31,30,quantile,0.01,5.0
2026-10-10,wk inc covid hosp,3,2026-10-31,30,quantile,0.025,6.0
2026-10-10,wk inc covid hosp,3,2026-10-31,30,quantile,0.05,7.0
2026-10-10,wk inc covid hosp,3,2026-10-31,30,quantile,0.1,9.0
2026-10-10,wk inc covid hosp,3,2026-10-31,30,quantile,0.15,10.0
2026-10-10,wk inc covid hosp,3,2026-10-31,30,quantile,0.2,11.0
2026-10-10,wk inc covid hosp,3,2026-10-31,30,quantile,0.25,11.0
2026-10-10,wk inc covid hosp,3,2026-10-31,30,quantile,0.3,12.0
2026-10-10,wk inc covid hosp,3,2026-10-31,30,quantile,0.35,13.0
2026-10-10,wk inc covid hosp,3,2026-10-31,30,quantile,0.4,13.0
2026-10-10,wk inc covid hosp,3,2026-10-31,30,quantile,0.45,14.0
2026-10-10,wk inc covid hosp,3,2026-10-31,30,quantile,0.5,15.0
2026-10-10,wk inc covid hosp,3,2026-10-31,30,quantile,0.55,15.0
2026-10-10,wk inc covid hosp,3,2026-10-31,30,quantile,0.6,16.0
2026-10-10,wk inc covid hosp,3,2026-10-31,30,quantile,0.65,17.0
2026-10-10,wk inc covid hosp,3,2026-10-31,30,quantile,0.7,17.0
2026-10-10,wk inc covid hosp,3,2026-10-31,30,quantile,0.75,18.0
2026-10-10,wk inc covid hosp,3,2026-10-31,30,quantile,0.8,19.0
2026-10-10,wk inc covid hosp,3,2026-10-31,30,quantile,0.85,20.0
2026-10-10,wk inc covid hosp,3,2026-10-31,30,quantile,0.9,22.0
2026-10-10,wk inc covid hosp,3,2026-10-31,30,quantile,0.95,24.0
2026-10-10,wk inc covid hosp,3,2026-10-31,30,quantile,0.975,26.0
2026-10-10,wk inc covid hosp,3,2026-10-31,30,quantile,0.99,29.0
2026-10-10,wk inc covid hosp,3,2026-10-31,31,quantile,0.01,3.0
2026-10-10,wk inc covid hosp,3,2026-10-31,31,quantile,0.025,5.0
2026-10-10,wk inc covid hosp,3,2026-10-31,31,quantile,0.05,6.0
2026-10-10,wk inc covid hosp,3,2026-10-31,31,quantile,0.1,7.0
2026-10-10,wk inc covid hosp,3,2026-10-31,31,quantile,0.15,9.0
2026-10-10,wk inc covid hosp,3,2026-10-31,31,quantile,0.2,10.0
2026-10-10,wk inc covid hosp,3,2026-10-31,31,quantile,0.25,11.0
2026-10-10,wk inc covid hosp,3,2026-10-31,31,quantile,0.3,11.0
2026-10-10,wk inc covid hosp,3,2026-10-31,31,quantile,0.35,12.0
2026-10-10,wk inc covid hosp,3,2026-10-31,31,quantile,0.4,13.0
2026-10-10,wk inc covid hosp,3,2026-10-31,31,quantile,0.45,14.0
2026-10-10,wk inc covid hosp,3,2026-10-31,31,quantile,0.5,15.0
2026-10-10,wk inc covid hosp,3,2026-10-31,31,quantile,0.55,15.0
2026-10-10,wk inc covid hosp,3,2026-10-31,31,quantile,0.6,16.0
2026-10-10,wk inc covid hosp,3,2026-10-31,31,quantile,0.65,17.0
2026-10-10,wk inc covid hosp,3,2026-10-31,31,quantile,0.7,18.0
2026-10-10,wk inc covid hosp,3,2026-10-31,31,quantile,0.75,19.0
2026-10-10,wk inc covid hosp,3,2026-10-31,31,quantile,0.8,21.0
2026-10-10,wk inc covid hosp,3,2026-10-31,31,quantile,0.85,22.0
2026-10-10,wk inc covid hosp,3,2026-10-31,31,quantile,0.9,25.0
2026-10-10,wk inc covid hosp,3,2026-10-31,31,quantile,0.95,27.0
2026-10-10,wk inc covid hosp,3,2026-10-31,31,quantile,0.975,30.0
2026-10-10,wk inc covid hosp,3,2026-10-31,31,quantile,0.99,32.0
2026-10-10,wk inc covid hosp,3,2026-10-31,32,quantile,0.01,11.0
2026-10-10,wk inc covid hosp,3,2026-10-31,32,quantile,0.025,14.0
2026-10-10,wk inc covid hosp,3,2026-10-31,32,quantile,0.05,17.0
2026-10-10,wk inc covid hosp,3,2026-10-31,32,quantile,0.1,20.0
2026-10-10,wk inc covid hosp,3,2026-10-31,32,quantile,0.15,21.0
2026-10-10,wk inc covid hosp,3,2026-10-31,32,quantile,0.2,23.0
2026-10-10,wk inc covid hosp,3,2026-10-31,32,quantile,0.25,24.0
2026-10-10,wk inc covid hosp,3,2026-10-31,32,quantile,0.3,25.0
2026-10-10,wk inc covid hosp,3,2026-10-31,32,quantile,0.35,26.0
2026-10-10,wk inc covid hosp,3,2026-10-31,32,quantile,0.4,27.0
2026-10-10,wk inc covid hosp,3,2026-10-31,32,quantile,0.45,28.0
2026-10-10,wk inc covid hosp,3,2026-10-31,32,quantile,0.5,30.0
2026-10-10,wk inc covid hosp,3,2026-10-31,32,quantile,0.55,31.0
2026-10-10,wk inc covid hosp,3,2026-10-31,32,quantile,0.6,32.0
2026-10-10,wk inc covid hosp,3,2026-10-31,32,quantile,0.65,33.0
2026-10-10,wk inc covid hosp,3,2026-10-31,32,quantile,0.7,34.0
2026-10-10,wk inc covid hosp,3,2026-10-31,32,quantile,0.75,36.0
2026-10-10,wk inc covid hosp,3,2026-10-31,32,quantile,0.8,37.0
2026-10-10,wk inc covid hosp,3,2026-10-31,32,quantile,0.85,39.0
2026-10-10,wk inc covid hosp,3,2026-10-31,32,quantile,0.9,43.0
2026-10-10,wk inc covid hosp,3,2026-10-31,32,quantile,0.95,49.0
2026-10-10,wk inc covid hosp,3,2026-10-31,32,quantile,0.975,55.0
2026-10-10,wk inc covid hosp,3,2026-10-31,32,quantile,0.99,62.0
2026-10-10,wk inc covid hosp,3,2026-10-31,33,quantile,0.01,0.0
2026-10-10,wk inc covid hosp,3,2026-10-31,33,quantile,0.025,1.0
2026-10-10,wk inc covid hosp,3,2026-10-31,33,quantile,0.05,2.0
2026-10-10,wk inc covid hosp,3,2026-10-31,33,quantile,0.1,2.0
2026-10-10,wk inc covid hosp,3,2026-10-31,33,quantile,0.15,3.0
2026-10-10,wk inc covid hosp,3,2026-10-31,33,quantile,0.2,3.0
2026-10-10,wk inc covid hosp,3,2026-10-31,33,quantile,0.25,4.0
2026-10-10,wk inc covid hosp,3,2026-10-31,33,quantile,0.3,4.0
2026-10-10,wk inc covid hosp,3,2026-10-31,33,quantile,0.35,5.0
2026-10-10,wk inc covid hosp,3,2026-10-31,33,quantile,0.4,5.0
2026-10-10,wk inc covid hosp,3,2026-10-31,33,quantile,0.45,6.0
2026-10-10,wk inc covid hosp,3,2026-10-31,33,quantile,0.5,6.0
2026-10-10,wk inc covid hosp,3,2026-10-31,33,quantile,0.55,7.0
2026-10-10,wk inc covid hosp,3,2026-10-31,33,quantile,0.6,7.0
2026-10-10,wk inc covid hosp,3,2026-10-31,33,quantile,0.65,8.0
2026-10-10,wk inc covid hosp,3,2026-10-31,33,quantile,0.7,8.0
2026-10-10,wk inc covid hosp,3,2026-10-31,33,quantile,0.75,9.0
2026-10-10,wk inc covid hosp,3,2026-10-31,33,quantile,0.8,9.0
2026-10-10,wk inc covid hosp,3,2026-10-31,33,quantile,0.85,10.0
2026-10-10,wk inc covid hosp,3,2026-10-31,33,quantile,0.9,12.0
2026-10-10,wk inc covid hosp,3,2026-10-31,33,quantile,0.95,13.0
2026-10-10,wk inc covid hosp,3,2026-10-31,33,quantile,0.975,15.0
2026-10-10,wk inc covid hosp,3,2026-10-31,33,quantile,0.99,18.0
2026-10-10,wk inc covid hosp,3,2026-10-31,34,quantile,0.01,58.0
2026-10-10,wk inc covid hosp,3,2026-10-31,34,quantile,0.025,65.0
2026-10-10,wk inc covid hosp,3,2026-10-31,34,quantile,0.05,71.0
2026-10-10,wk inc covid hosp,3,2026-10-31,34,quantile,0.1,79.0
2026-10-10,wk inc covid hosp,3,2026-10-31,34,quantile,0.15,84.0
2026-10-10,wk inc covid hosp,3,2026-10-31,34,quantile,0.2,88.0
2026-10-10,wk inc covid hosp,3,2026-10-31,34,quantile,0.25,92.0
2026-10-10,wk inc covid hosp,3,2026-10-31,34,quantile,0.3,96.0
2026-10-10,wk inc covid hosp,3,2026-10-31,34,quantile,0.35,99.0
2026-10-10,wk inc covid hosp,3,2026-10-31,34,quantile,0.4,103.0
2026-10-10,wk inc covid hosp,3,2026-10-31,34,quantile,0.45,106.0
2026-10-10,wk inc covid hosp,3,2026-10-31,34,quantile,0.5,109.0
2026-10-10,wk inc covid hosp,3,2026-10-31,34,quantile,0.55,113.0
2026-10-10,wk inc covid hosp,3,2026-10-31,34,quantile,0.6,116.0
2026-10-10,wk inc covid hosp,3,2026-10-31,34,quantile,0.65,120.0
2026-10-10,wk inc covid hosp,3,2026-10-31,34,quantile,0.7,124.0
2026-10-10,wk inc covid hosp,3,2026-10-31,34,quantile,0.75,128.0
2026-10-10,wk inc covid hosp,3,2026-10-31,34,quantile,0.8,133.0
2026-10-10,wk inc covid hosp,3,2026-10-31,34,quantile,0.85,139.0
2026-10-10,wk inc covid hosp,3,2026-10-31,34,quantile,0.9,150.0
2026-10-10,wk inc covid hosp,3,2026-10-31,34,quantile,0.95,170.0
2026-10-10,wk inc covid hosp,3,2026-10-31,34,quantile,0.975,189.0
2026-10-10,wk inc covid hosp,3,2026-10-31,34,quantile,0.99,213.0
2026-10-10,wk inc covid hosp,3,2026-10-31,35,quantile,0.01,1.0
2026-10-10,wk inc covid hosp,3,2026-10-31,35,quantile,0.025,1.0
2026-10-10,wk inc covid hosp,3,2026-10-31,35,quantile,0.05,2.0
2026-10-10,wk inc covid hosp,3,2026-10-31,35,quantile,0.1,3.0
2026-10-10,wk inc covid hosp,3,2026-10-31,35,quantile,0.15,4.0
2026-10-10,wk inc covid hosp,3,2026-10-31,35,quantile,0.2,5.0
2026-10-10,wk inc covid hosp,3,2026-10-31,35,quantile,0.25,6.0
2026-10-10,wk inc covid hosp,3,2026-10-31,35,quantile,0.3,7.0
2026-10-10,wk inc covid hosp,3,2026-10-31,35,quantile,0.35,7.0
2026-10-10,wk inc covid hosp,3,2026-10-31,35,quantile,0.4,8.0
2026-10-10,wk inc covid hosp,3,2026-10-31,35,quantile,0.45,9.0
2026-10-10,wk inc covid hosp,3,2026-10-31,35,quantile,0.5,9.0
2026-10-10,wk inc covid hosp,3,2026-10-31,35,quantile,0.55,10.0
2026-10-10,wk inc covid hosp,3,2026-10-31,35,quantile,0.6,11.0
2026-10-10,wk inc covid hosp,3,2026-10-31,35,quantile,0.65,11.0
2026-10-10,wk inc covid hosp,3,2026-10-31,35,quantile,0.7,12.0
2026-10-10,wk inc covid hosp,3,2026-10-31,35,quantile,0.75,13.0
2026-10-10,wk inc covid hosp,3,2026-10-31,35,quantile,0.8,14.0
2026-10-10,wk inc covid hosp,3,2026-10-31,35,quantile,0.85,15.0
2026-10-10,wk inc covid hosp,3,2026-10-31,35,quantile,0.9,17.0
2026-10-10,wk inc covid hosp,3,2026-10-31,35,quantile,0.95,20.0
2026-10-10,wk inc covid hosp,3,2026-10-31,35,quantile,0.975,22.0
2026-10-10,wk inc covid hosp,3,2026-10-31,35,quantile,0.99,25.0
2026-10-10,wk inc covid hosp,3,2026-10-31,36,quantile,0.01,133.0
2026-10-10,wk inc covid hosp,3,2026-10-31,36,quantile,0.025,152.0
2026-10-10,wk inc covid hosp,3,2026-10-31,36,quantile,0.05,166.0
2026-10-10,wk inc covid hosp,3,2026-10-31,36,quantile,0.1,183.0
2026-10-10,wk inc covid hosp,3,2026-10-31,36,quantile,0.15,194.0
2026-10-10,wk inc covid hosp,3,2026-10-31,36,quantile,0.2,204.0
2026-10-10,wk inc covid hosp,3,2026-10-31,36,quantile,0.25,213.0
2026-10-10,wk inc covid hosp,3,2026-10-31,36,quantile,0.3,220.0
2026-10-10,wk inc covid hosp,3,2026-10-31,36,quantile,0.35,228.0
2026-10-10,wk inc covid hosp,3,2026-10-31,36,quantile,0.4,235.0
2026-10-10,wk inc covid hosp,3,2026-10-31,36,quantile,0.45,242.0
2026-10-10,wk inc covid hosp,3,2026-10-31,36,quantile,0.5,249.0
2026-10-10,wk inc covid hosp,3,2026-10-31,36,quantile,0.55,257.0
2026-10-10,wk inc covid hosp,3,2026-10-31,36,quantile,0.6,264.0
2026-10-10,wk inc covid hosp,3,2026-10-31,36,quantile,0.65,272.0
2026-10-10,wk inc covid hosp,3,2026-10-31,36,quantile,0.7,281.0
2026-10-10,wk inc covid hosp,3,2026-10-31,36,quantile,0.75,290.0
2026-10-10,wk inc covid hosp,3,2026-10-31,36,quantile,0.8,301.0
2026-10-10,wk inc covid hosp,3,2026-10-31,36,quantile,0.85,314.0
2026-10-10,wk inc covid hosp,3,2026-10-31,36,quantile,0.9,330.0
2026-10-10,wk inc covid hosp,3,2026-10-31,36,quantile,0.95,362.0
2026-10-10,wk inc covid hosp,3,2026-10-31,36,quantile,0.975,403.0
2026-10-10,wk inc covid hosp,3,2026-10-31,36,quantile,0.99,453.0
2026-10-10,wk inc covid hosp,3,2026-10-31,37,quantile,0.01,57.0
2026-10-10,wk inc covid hosp,3,2026-10-31,37,quantile,0.025,64.0
2026-10-10,wk inc covid hosp,3,2026-10-31,37,quantile,0.05,70.0
2026-10-10,wk inc covid hosp,3,2026-10-31,37,quantile,0.1,78.0
2026-10-10,wk inc covid hosp,3,2026-10-31,37,quantile,0.15,83.0
2026-10-10,wk inc covid hosp,3,2026-10-31,37,quantile,0.2,90.0
2026-10-10,wk inc covid hosp,3,2026-10-31,37,quantile,0.25,97.0
2026-10-10,wk inc covid hosp,3,2026-10-31,37,quantile,0.3,104.0
2026-10-10,wk inc covid hosp,3,2026-10-31,37,quantile,0.35,111.0
2026-10-10,wk inc covid hosp,3,2026-10-31,37,quantile,0.4,118.0
2026-10-10,wk inc covid hosp,3,2026-10-31,37,quantile,0.45,125.0
2026-10-10,wk inc covid hosp,3,2026-10-31,37,quantile,0.5,132.0
2026-10-10,wk inc covid hosp,3,2026-10-31,37,quantile,0.55,139.0
2026-10-10,wk inc covid hosp,3,2026-10-31,37,quantile,0.6,147.0
2026-10-10,wk inc covid hosp,3,2026-10-31,37,quantile,0.65,155.0
2026-10-10,wk inc covid hosp,3,2026-10-31,37,quantile,0.7,164.0
2026-10-10,wk inc covid hosp,3,2026-10-31,37,quantile,0.75,174.0
2026-10-10,wk inc covid hosp,3,2026-10-31,37,quantile,0.8,185.0
2026-10-10,wk inc covid hosp,3,2026-10-31,37,quantile,0.85,199.0
2026-10-10,wk inc covid hosp,3,2026-10-31,37,quantile,0.9,218.0
2026-10-10,wk inc covid hosp,3,2026-10-31,37,quantile,0.95,248.0
2026-10-10,wk inc covid hosp,3,2026-10-31,37,quantile,0.975,275.0
2026-10-10,wk inc covid hosp,3,2026-10-31,37,quantile,0.99,310.0
2026-10-10,wk inc covid hosp,3,2026-10-31,38,quantile,0.01,0.0
2026-10-10,wk inc covid hosp,3,2026-10-31,38,quantile,0.025,0.0
2026-10-10,wk inc covid hosp,3,2026-10-31,38,quantile,0.05,0.0
2026-10-10,wk inc covid hosp,3,2026-10-31,38,quantile,0.1,0.0
2026-10-10,wk inc covid hosp,3,2026-10-31,38,quantile,0.15,0.0
2026-10-10,wk inc covid hosp,3,2026-10-31,38,quantile,0.2,0.0
2026-10-10,wk inc covid hosp,3,2026-10-31,38,quantile,0.25,0.0
2026-10-10,wk inc covid hosp,3,2026-10-31,38,quantile,0.3,0.0
2026-10-10,wk inc covid hosp,3,2026-10-31,38,quantile,0.35,0.0
2026-10-10,wk inc covid hosp,3,2026-10-31,38,quantile,0.4,0.0
2026-10-10,wk inc covid hosp,3,2026-10-31,38,quantile,0.45,0.0
2026-10-10,wk inc covid hosp,3,2026-10-31,38,quantile,0.5,0.0
2026-10-10,wk inc covid hosp,3,2026-10-31,38,quantile,0.55,0.0
2026-10-10,wk inc covid hosp,3,2026-10-31,38,quantile,0.6,0.0
2026-10-10,wk inc covid hosp,3,2026-10-31,38,quantile,0.65,0.0
2026-10-10,wk inc covid hosp,3,2026-10-31,38,quantile,0.7,0.0
2026-10-10,wk inc covid hosp,3,2026-10-31,38,quantile,0.75,0.0
2026-10-10,wk inc covid hosp,3,2026-10-31,38,quantile,0.8,0.0
2026-10-10,wk inc covid hosp,3,2026-10-31,38,quantile,0.85,0.0
2026-10-10,wk inc covid hosp,3,2026-10-31,38,quantile,0.9,0.0
2026-10-10,wk inc covid hosp,3,2026-10-31,38,quantile,0.95,0.0
2026-10-10,wk inc covid hosp,3,2026-10-31,38,quantile,0.975,0.0
2026-10-10,wk inc covid hosp,3,2026-10-31,38,quantile,0.99,0.0
2026-10-10,wk inc covid hosp,3,2026-10-31,39,quantile,0.01,48.0
2026-10-10,wk inc covid hosp,3,2026-10-31,39,quantile,0.025,57.0
2026-10-10,wk inc covid hosp,3,2026-10-31,39,quantile,0.05,67.0
2026-10-10,wk inc covid hosp,3,2026-10-31,39,quantile,0.1,79.0
2026-10-10,wk inc covid hosp,3,2026-10-31,39,quantile,0.15,88.0
2026-10-10,wk inc covid hosp,3,2026-10-31,39,quantile,0.2,96.0
2026-10-10,wk inc covid hosp,3,2026-10-31,39,quantile,0.25,103.0
2026-10-10,wk inc covid hosp,3,2026-10-31,39,quantile,0.3,110.0
2026-10-10,wk inc covid hosp,3,2026-10-31,39,quantile,0.35,116.0
2026-10-10,wk inc covid hosp,3,2026-10-31,39,quantile,0.4,122.0
2026-10-10,wk inc covid hosp,3,2026-10-31,39,quantile,0.45,128.0
2026-10-10,wk inc covid hosp,3,2026-10-31,39,quantile,0.5,134.0
2026-10-10,wk inc covid hosp,3,2026-10-31,39,quantile,0.55,141.0
2026-10-10,wk inc covid hosp,3,2026-10-31,39,quantile,0.6,146.0
2026-10-10,wk inc covid hosp,3,2026-10-31,39,quantile,0.65,150.0
2026-10-10,wk inc covid hosp,3,2026-10-31,39,quantile,0.7,155.0
2026-10-10,wk inc covid hosp,3,2026-10-31,39,quantile,0.75,160.0
2026-10-10,wk inc covid hosp,3,2026-10-31,39,quantile,0.8,166.0
2026-10-10,wk inc covid hosp,3,2026-10-31,39,quantile,0.85,174.0
2026-10-10,wk inc covid hosp,3,2026-10-31,39,quantile,0.9,183.0
2026-10-10,wk inc covid hosp,3,2026-10-31,39,quantile,0.95,198.0
2026-10-10,wk inc covid hosp,3,2026-10-31,39,quantile,0.975,211.0
2026-10-10,wk inc covid hosp,3,2026-10-31,39,quantile,0.99,227.0
2026-10-10,wk inc covid hosp,3,2026-10-31,40,quantile,0.01,2.0
2026-10-10,wk inc covid hosp,3,2026-10-31,40,quantile,0.025,3.0
2026-10-10,wk inc covid hosp,3,2026-10-31,40,quantile,0.05,5.0
2026-10-10,wk inc covid hosp,3,2026-10-31,40,quantile,0.1,7.0
2026-10-10,wk inc covid hosp,3,2026-10-31,40,quantile,0.15,9.0
2026-10-10,wk inc covid hosp,3,2026-10-31,40,quantile,0.2,10.0
2026-10-10,wk inc covid hosp,3,2026-10-31,40,quantile,0.25,11.0
2026-10-10,wk inc covid hosp,3,2026-10-31,40,quantile,0.3,13.0
2026-10-10,wk inc covid hosp,3,2026-10-31,40,quantile,0.35,14.0
2026-10-10,wk inc covid hosp,3,2026-10-31,40,quantile,0.4,15.0
2026-10-10,wk inc covid hosp,3,2026-10-31,40,quantile,0.45,17.0
2026-10-10,wk inc covid hosp,3,2026-10-31,40,quantile,0.5,18.0
2026-10-10,wk inc covid hosp,3,2026-10-31,40,quantile,0.55,19.0
2026-10-10,wk inc covid hosp,3,2026-10-31,40,quantile,0.6,20.0
2026-10-10,wk inc covid hosp,3,2026-10-31,40,quantile,0.65,21.0
2026-10-10,wk inc covid hosp,3,2026-10-31,40,quantile,0.7,23.0
2026-10-10,wk inc covid hosp,3,2026-10-31,40,quantile,0.75,24.0
2026-10-10,wk inc covid hosp,3,2026-10-31,40,quantile,0.8,26.0
2026-10-10,wk inc covid hosp,3,2026-10-31,40,quantile,0.85,28.0
2026-10-10,wk inc covid hosp,3,2026-10-31,40,quantile,0.9,31.0
2026-10-10,wk inc covid hosp,3,2026-10-31,40,quantile,0.95,35.0
2026-10-10,wk inc covid hosp,3,2026-10-31,40,quantile,0.975,39.0
2026-10-10,wk inc covid hosp,3,2026-10-31,40,quantile,0.99,45.0
2026-10-10,wk inc covid hosp,3,2026-10-31,41,quantile,0.01,28.0
2026-10-10,wk inc covid hosp,3,2026-10-31,41,quantile,0.025,34.0
2026-10-10,wk inc covid hosp,3,2026-10-31,41,quantile,0.05,39.0
2026-10-10,wk inc covid hosp,3,2026-10-31,41,quantile,0.1,44.0
2026-10-10,wk inc covid hosp,3,2026-10-31,41,quantile,0.15,47.0
2026-10-10,wk inc covid hosp,3,2026-10-31,41,quantile,0.2,49.0
2026-10-10,wk inc covid hosp,3,2026-10-31,41,quantile,0.25,52.0
2026-10-10,wk inc covid hosp,3,2026-10-31,41,quantile,0.3,54.0
2026-10-10,wk inc covid hosp,3,2026-10-31,41,quantile,0.35,56.0
2026-10-10,wk inc covid hosp,3,2026-10-31,41,quantile,0.4,58.0
2026-10-10,wk inc covid hosp,3,2026-10-31,41,quantile,0.45,60.0
2026-10-10,wk inc covid hosp,3,2026-10-31,41,quantile,0.5,62.0
2026-10-10,wk inc covid hosp,3,2026-10-31,41,quantile,0.55,64.0
2026-10-10,wk inc covid hosp,3,2026-10-31,41,quantile,0.6,66.0
2026-10-10,wk inc covid hosp,3,2026-10-31,41,quantile,0.65,68.0
2026-10-10,wk inc covid hosp,3,2026-10-31,41,quantile,0.7,71.0
2026-10-10,wk inc covid hosp,3,2026-10-31,41,quantile,0.75,73.0
2026-10-10,wk inc covid hosp,3,2026-10-31,41,quantile,0.8,76.0
2026-10-10,wk inc covid hosp,3,2026-10-31,41,quantile,0.85,80.0
2026-10-10,wk inc covid hosp,3,2026-10-31,41,quantile,0.9,84.0
2026-10-10,wk inc covid hosp,3,2026-10-31,41,quantile,0.95,91.0
2026-10-10,wk inc covid hosp,3,2026-10-31,41,quantile,0.975,98.0
2026-10-10,wk inc covid hosp,3,2026-10-31,41,quantile,0.99,106.0
2026-10-10,wk inc covid hosp,3,2026-10-31,42,quantile,0.01,66.0
2026-10-10,wk inc covid hosp,3,2026-10-31,42,quantile,0.025,80.0
2026-10-10,wk inc covid hosp,3,2026-10-31,42,quantile,0.05,93.0
2026-10-10,wk inc covid hosp,3,2026-10-31,42,quantile,0.1,109.0
2026-10-10,wk inc covid hosp,3,2026-10-31,42,quantile,0.15,122.0
2026-10-10,wk inc covid hosp,3,2026-10-31,42,quantile,0.2,132.0
2026-10-10,wk inc covid hosp,3,2026-10-31,42,quantile,0.25,142.0
2026-10-10,wk inc covid hosp,3,2026-10-31,42,quantile,0.3,151.0
2026-10-10,wk inc covid hosp,3,2026-10-31,42,quantile,0.35,159.0
2026-10-10,wk inc covid hosp,3,2026-10-31,42,quantile,0.4,167.0
2026-10-10,wk inc covid hosp,3,2026-10-31,42,quantile,0.45,176.0
2026-10-10,wk inc covid hosp,3,2026-10-31,42,quantile,0.5,184.0
2026-10-10,wk inc covid hosp,3,2026-10-31,42,quantile,0.55,193.0
2026-10-10,wk inc covid hosp,3,2026-10-31,42,quantile,0.6,202.0
2026-10-10,wk inc covid hosp,3,2026-10-31,42,quantile,0.65,212.0
2026-10-10,wk inc covid hosp,3,2026-10-31,42,quantile,0.7,223.0
2026-10-10,wk inc covid hosp,3,2026-10-31,42,quantile,0.75,235.0
2026-10-10,wk inc covid hosp,3,2026-10-31,42,quantile,0.8,249.0
2026-10-10,wk inc covid hosp,3,2026-10-31,42,quantile,0.85,265.0
2026-10-10,wk inc covid hosp,3,2026-10-31,42,quantile,0.9,287.0
2026-10-10,wk inc covid hosp,3,2026-10-31,42,quantile,0.95,322.0
2026-10-10,wk inc covid hosp,3,2026-10-31,42,quantile,0.975,353.0
2026-10-10,wk inc covid hosp,3,2026-10-31,42,quantile,0.99,379.0
2026-10-10,wk inc covid hosp,3,2026-10-31,44,quantile,0.01,4.0
2026-10-10,wk inc covid hosp,3,2026-10-31,44,quantile,0.025,5.0
2026-10-10,wk inc covid hosp,3,2026-10-31,44,quantile,0.05,6.0
2026-10-10,wk inc covid hosp,3,2026-10-31,44,quantile,0.1,8.0
2026-10-10,wk inc covid hosp,3,2026-10-31,44,quantile,0.15,9.0
2026-10-10,wk inc covid hosp,3,2026-10-31,44,quantile,0.2,9.0
2026-10-10,wk inc covid hosp,3,2026-10-31,44,quantile,0.25,10.0
2026-10-10,wk inc covid hosp,3,2026-10-31,44,quantile,0.3,11.0
2026-10-10,wk inc covid hosp,3,2026-10-31,44,quantile,0.35,11.0
2026-10-10,wk inc covid hosp,3,2026-10-31,44,quantile,0.4,12.0
2026-10-10,wk inc covid hosp,3,2026-10-31,44,quantile,0.45,12.0
2026-10-10,wk inc covid hosp,3,2026-10-31,44,quantile,0.5,13.0
2026-10-10,wk inc covid hosp,3,2026-10-31,44,quantile,0.55,14.0
2026-10-10,wk inc covid hosp,3,2026-10-31,44,quantile,0.6,14.0
2026-10-10,wk inc covid hosp,3,2026-10-31,44,quantile,0.65,15.0
2026-10-10,wk inc covid hosp,3,2026-10-31,44,quantile,0.7,15.0
2026-10-10,wk inc covid hosp,3,2026-10-31,44,quantile,0.75,16.0
2026-10-10,wk inc covid hosp,3,2026-10-31,44,quantile,0.8,17.0
2026-10-10,wk inc covid hosp,3,2026-10-31,44,quantile,0.85,18.0
2026-10-10,wk inc covid hosp,3,2026-10-31,44,quantile,0.9,20.0
2026-10-10,wk inc covid hosp,3,2026-10-31,44,quantile,0.95,22.0
2026-10-10,wk inc covid hosp,3,2026-10-31,44,quantile,0.975,24.0
2026-10-10,wk inc covid hosp,3,2026-10-31,44,quantile,0.99,26.0
2026-10-10,wk inc covid hosp,3,2026-10-31,45,quantile,0.01,16.0
2026-10-10,wk inc covid hosp,3,2026-10-31,45,quantile,0.025,20.0
2026-10-10,wk inc covid hosp,3,2026-10-31,45,quantile,0.05,23.0
2026-10-10,wk inc covid hosp,3,2026-10-31,45,quantile,0.1,28.0
2026-10-10,wk inc covid hosp,3,2026-10-31,45,quantile,0.15,32.0
2026-10-10,wk inc covid hosp,3,2026-10-31,45,quantile,0.2,35.0
2026-10-10,wk inc covid hosp,3,2026-10-31,45,quantile,0.25,37.0
2026-10-10,wk inc covid hosp,3,2026-10-31,45,quantile,0.3,40.0
2026-10-10,wk inc covid hosp,3,2026-10-31,45,quantile,0.35,42.0
2026-10-10,wk inc covid hosp,3,2026-10-31,45,quantile,0.4,45.0
2026-10-10,wk inc covid hosp,3,2026-10-31,45,quantile,0.45,47.0
2026-10-10,wk inc covid hosp,3,2026-10-31,45,quantile,0.5,49.0
2026-10-10,wk inc covid hosp,3,2026-10-31,45,quantile,0.55,52.0
2026-10-10,wk inc covid hosp,3,2026-10-31,45,quantile,0.6,54.0
2026-10-10,wk inc covid hosp,3,2026-10-31,45,quantile,0.65,57.0
2026-10-10,wk inc covid hosp,3,2026-10-31,45,quantile,0.7,60.0
2026-10-10,wk inc covid hosp,3,2026-10-31,45,quantile,0.75,64.0
2026-10-10,wk inc covid hosp,3,2026-10-31,45,quantile,0.8,67.0
2026-10-10,wk inc covid hosp,3,2026-10-31,45,quantile,0.85,72.0
2026-10-10,wk inc covid hosp,3,2026-10-31,45,quantile,0.9,78.0
2026-10-10,wk inc covid hosp,3,2026-10-31,45,quantile,0.95,88.0
2026-10-10,wk inc covid hosp,3,2026-10-31,45,quantile,0.975,97.0
2026-10-10,wk inc covid hosp,3,2026-10-31,45,quantile,0.99,110.0
2026-10-10,wk inc covid hosp,3,2026-10-31,46,quantile,0.01,1.0
2026-10-10,wk inc covid hosp,3,2026-10-31,46,quantile,0.025,2.0
2026-10-10,wk inc covid hosp,3,2026-10-31,46,quantile,0.05,3.0
2026-10-10,wk inc covid hosp,3,2026-10-31,46,quantile,0.1,4.0
2026-10-10,wk inc covid hosp,3,2026-10-31,46,quantile,0.15,5.0
2026-10-10,wk inc covid hosp,3,2026-10-31,46,quantile,0.2,6.0
2026-10-10,wk inc covid hosp,3,2026-10-31,46,quantile,0.25,6.0
2026-10-10,wk inc covid hosp,3,2026-10-31,46,quantile,0.3,7.0
2026-10-10,wk inc covid hosp,3,2026-10-31,46,quantile,0.35,7.0
2026-10-10,wk inc covid hosp,3,2026-10-31,46,quantile,0.4,8.0
2026-10-10,wk inc covid hosp,3,2026-10-31,46,quantile,0.45,8.0
2026-10-10,wk inc covid hosp,3,2026-10-31,46,quantile,0.5,9.0
2026-10-10,wk inc covid hosp,3,2026-10-31,46,quantile,0.55,10.0
2026-10-10,wk inc covid hosp,3,2026-10-31,46,quantile,0.6,10.0
2026-10-10,wk inc covid hosp,3,2026-10-31,46,quantile,0.65,11.0
2026-10-10,wk inc covid hosp,3,2026-10-31,46,quantile,0.7,12.0
2026-10-10,wk inc covid hosp,3,2026-10-31,46,quantile,0.75,12.0
2026-10-10,wk inc covid hosp,3,2026-10-31,46,quantile,0.8,13.0
2026-10-10,wk inc covid hosp,3,2026-10-31,46,quantile,0.85,14.0
2026-10-10,wk inc covid hosp,3,2026-10-31,46,quantile,0.9,16.0
2026-10-10,wk inc covid hosp,3,2026-10-31,46,quantile,0.95,18.0
2026-10-10,wk inc covid hosp,3,2026-10-31,46,quantile,0.975,20.0
2026-10-10,wk inc covid hosp,3,2026-10-31,46,quantile,0.99,23.0
2026-10-10,wk inc covid hosp,3,2026-10-31,47,quantile,0.01,15.0
2026-10-10,wk inc covid hosp,3,2026-10-31,47,quantile,0.025,19.0
2026-10-10,wk inc covid hosp,3,2026-10-31,47,quantile,0.05,23.0
2026-10-10,wk inc covid hosp,3,2026-10-31,47,quantile,0.1,27.0
2026-10-10,wk inc covid hosp,3,2026-10-31,47,quantile,0.15,32.0
2026-10-10,wk inc covid hosp,3,2026-10-31,47,quantile,0.2,36.0
2026-10-10,wk inc covid hosp,3,2026-10-31,47,quantile,0.25,39.0
2026-10-10,wk inc covid hosp,3,2026-10-31,47,quantile,0.3,42.0
2026-10-10,wk inc covid hosp,3,2026-10-31,47,quantile,0.35,45.0
2026-10-10,wk inc covid hosp,3,2026-10-31,47,quantile,0.4,48.0
2026-10-10,wk inc covid hosp,3,2026-10-31,47,quantile,0.45,50.0
2026-10-10,wk inc covid hosp,3,2026-10-31,47,quantile,0.5,53.0
2026-10-10,wk inc covid hosp,3,2026-10-31,47,quantile,0.55,56.0
2026-10-10,wk inc covid hosp,3,2026-10-31,47,quantile,0.6,59.0
2026-10-10,wk inc covid hosp,3,2026-10-31,47,quantile,0.65,63.0
2026-10-10,wk inc covid hosp,3,2026-10-31,47,quantile,0.7,67.0
2026-10-10,wk inc covid hosp,3,2026-10-31,47,quantile,0.75,71.0
2026-10-10,wk inc covid hosp,3,2026-10-31,47,quantile,0.8,76.0
2026-10-10,wk inc covid hosp,3,2026-10-31,47,quantile,0.85,81.0
2026-10-10,wk inc covid hosp,3,2026-10-31,47,quantile,0.9,89.0
2026-10-10,wk inc covid hosp,3,2026-10-31,47,quantile,0.95,102.0
2026-10-10,wk inc covid hosp,3,2026-10-31,47,quantile,0.975,113.0
2026-10-10,wk inc covid hosp,3,2026-10-31,47,quantile,0.99,124.0
2026-10-10,wk inc covid hosp,3,2026-10-31,48,quantile,0.01,49.0
2026-10-10,wk inc covid hosp,3,2026-10-31,48,quantile,0.025,69.0
2026-10-10,wk inc covid hosp,3,2026-10-31,48,quantile,0.05,89.0
2026-10-10,wk inc covid hosp,3,2026-10-31,48,quantile,0.1,119.0
2026-10-10,wk inc covid hosp,3,2026-10-31,48,quantile,0.15,142.0
2026-10-10,wk inc covid hosp,3,2026-10-31,48,quantile,0.2,157.0
2026-10-10,wk inc covid hosp,3,2026-10-31,48,quantile,0.25,163.0
2026-10-10,wk inc covid hosp,3,2026-10-31,48,quantile,0.3,170.0
2026-10-10,wk inc covid hosp,3,2026-10-31,48,quantile,0.35,175.0
2026-10-10,wk inc covid hosp,3,2026-10-31,48,quantile,0.4,181.0
2026-10-10,wk inc covid hosp,3,2026-10-31,48,quantile,0.45,187.0
2026-10-10,wk inc covid hosp,3,2026-10-31,48,quantile,0.5,192.0
2026-10-10,wk inc covid hosp,3,2026-10-31,48,quantile,0.55,198.0
2026-10-10,wk inc covid hosp,3,2026-10-31,48,quantile,0.6,204.0
2026-10-10,wk inc covid hosp,3,2026-10-31,48,quantile,0.65,210.0
2026-10-10,wk inc covid hosp,3,2026-10-31,48,quantile,0.7,217.0
2026-10-10,wk inc covid hosp,3,2026-10-31,48,quantile,0.75,224.0
2026-10-10,wk inc covid hosp,3,2026-10-31,48,quantile,0.8,232.0
2026-10-10,wk inc covid hosp,3,2026-10-31,48,quantile,0.85,242.0
2026-10-10,wk inc covid hosp,3,2026-10-31,48,quantile,0.9,255.0
2026-10-10,wk inc covid hosp,3,2026-10-31,48,quantile,0.95,275.0
2026-10-10,wk inc covid hosp,3,2026-10-31,48,quantile,0.975,293.0
2026-10-10,wk inc covid hosp,3,2026-10-31,48,quantile,0.99,315.0
2026-10-10,wk inc covid hosp,3,2026-10-31,49,quantile,0.01,2.0
2026-10-10,wk inc covid hosp,3,2026-10-31,49,quantile,0.025,3.0
2026-10-10,wk inc covid hosp,3,2026-10-31,49,quantile,0.05,4.0
2026-10-10,wk inc covid hosp,3,2026-10-31,49,quantile,0.1,5.0
2026-10-10,wk inc covid hosp,3,2026-10-31,49,quantile,0.15,6.0
2026-10-10,wk inc covid hosp,3,2026-10-31,49,quantile,0.2,7.0
2026-10-10,wk inc covid hosp,3,2026-10-31,49,quantile,0.25,8.0
2026-10-10,wk inc covid hosp,3,2026-10-31,49,quantile,0.3,9.0
2026-10-10,wk inc covid hosp,3,2026-10-31,49,quantile,0.35,9.0
2026-10-10,wk inc covid hosp,3,2026-10-31,49,quantile,0.4,10.0
2026-10-10,wk inc covid hosp,3,2026-10-31,49,quantile,0.45,11.0
2026-10-10,wk inc covid hosp,3,2026-10-31,49,quantile,0.5,12.0
2026-10-10,wk inc covid hosp,3,2026-10-31,49,quantile,0.55,12.0
2026-10-10,wk inc covid hosp,3,2026-10-31,49,quantile,0.6,13.0
2026-10-10,wk inc covid hosp,3,2026-10-31,49,quantile,0.65,14.0
2026-10-10,wk inc covid hosp,3,2026-10-31,49,quantile,0.7,15.0
2026-10-10,wk inc covid hosp,3,2026-10-31,49,quantile,0.75,16.0
2026-10-10,wk inc covid hosp,3,2026-10-31,49,quantile,0.8,17.0
2026-10-10,wk inc covid hosp,3,2026-10-31,49,quantile,0.85,19.0
2026-10-10,wk inc covid hosp,3,2026-10-31,49,quantile,0.9,21.0
2026-10-10,wk inc covid hosp,3,2026-10-31,49,quantile,0.95,24.0
2026-10-10,wk inc covid hosp,3,2026-10-31,49,quantile,0.975,27.0
2026-10-10,wk inc covid hosp,3,2026-10-31,49,quantile,0.99,30.0
2026-10-10,wk inc covid hosp,3,2026-10-31,50,quantile,0.01,0.0
2026-10-10,wk inc covid hosp,3,2026-10-31,50,quantile,0.025,0.0
2026-10-10,wk inc covid hosp,3,2026-10-31,50,quantile,0.05,0.0
2026-10-10,wk inc covid hosp,3,2026-10-31,50,quantile,0.1,0.0
2026-10-10,wk inc covid hosp,3,2026-10-31,50,quantile,0.15,0.0
2026-10-10,wk inc covid hosp,3,2026-10-31,50,quantile,0.2,0.0
2026-10-10,wk inc covid hosp,3,2026-10-31,50,quantile,0.25,1.0
2026-10-10,wk inc covid hosp,3,2026-10-31,50,quantile,0.3,1.0
2026-10-10,wk inc covid hosp,3,2026-10-31,50,quantile,0.35,1.0
2026-10-10,wk inc covid hosp,3,2026-10-31,50,quantile,0.4,1.0
2026-10-10,wk inc covid hosp,3,2026-10-31,50,quantile,0.45,1.0
2026-10-10,wk inc covid hosp,3,2026-10-31,50,quantile,0.5,2.0
2026-10-10,wk inc covid hosp,3,2026-10-31,50,quantile,0.55,2.0
2026-10-10,wk inc covid hosp,3,2026-10-31,50,quantile,0.6,2.0
2026-10-10,wk inc covid hosp,3,2026-10-31,50,quantile,0.65,2.0
2026-10-10,wk inc covid hosp,3,2026-10-31,50,quantile,0.7,3.0
2026-10-10,wk inc covid hosp,3,2026-10-31,50,quantile,0.75,3.0
2026-10-10,wk inc covid hosp,3,2026-10-31,50,quantile,0.8,3.0
2026-10-10,wk inc covid hosp,3,2026-10-31,50,quantile,0.85,4.0
2026-10-10,wk inc covid hosp,3,2026-10-31,50,quantile,0.9,4.0
2026-10-10,wk inc covid hosp,3,2026-10-31,50,quantile,0.95,5.0
2026-10-10,wk inc covid hosp,3,2026-10-31,50,quantile,0.975,6.0
2026-10-10,wk inc covid hosp,3,2026-10-31,50,quantile,0.99,7.0
2026-10-10,wk inc covid hosp,3,2026-10-31,51,quantile,0.01,14.0
2026-10-10,wk inc covid hosp,3,2026-10-31,51,quantile,0.025,18.0
2026-10-10,wk inc covid hosp,3,2026-10-31,51,quantile,0.05,21.0
2026-10-10,wk inc covid hosp,3,2026-10-31,51,quantile,0.1,25.0
2026-10-10,wk inc covid hosp,3,2026-10-31,51,quantile,0.15,28.0
2026-10-10,wk inc covid hosp,3,2026-10-31,51,quantile,0.2,31.0
2026-10-10,wk inc covid hosp,3,2026-10-31,51,quantile,0.25,33.0
2026-10-10,wk inc covid hosp,3,2026-10-31,51,quantile,0.3,36.0
2026-10-10,wk inc covid hosp,3,2026-10-31,51,quantile,0.35,38.0
2026-10-10,wk inc covid hosp,3,2026-10-31,51,quantile,0.4,40.0
2026-10-10,wk inc covid hosp,3,2026-10-31,51,quantile,0.45,42.0
2026-10-10,wk inc covid hosp,3,2026-10-31,51,quantile,0.5,44.0
2026-10-10,wk inc covid hosp,3,2026-10-31,51,quantile,0.55,47.0
2026-10-10,wk inc covid hosp,3,2026-10-31,51,quantile,0.6,49.0
2026-10-10,wk inc covid hosp,3,2026-10-31,51,quantile,0.65,51.0
2026-10-10,wk inc covid hosp,3,2026-10-31,51,quantile,0.7,54.0
2026-10-10,wk inc covid hosp,3,2026-10-31,51,quantile,0.75,57.0
2026-10-10,wk inc covid hosp,3,2026-10-31,51,quantile,0.8,61.0
2026-10-10,wk inc covid hosp,3,2026-10-31,51,quantile,0.85,65.0
2026-10-10,wk inc covid hosp,3,2026-10-31,51,quantile,0.9,71.0
2026-10-10,wk inc covid hosp,3,2026-10-31,51,quantile,0.95,79.0
2026-10-10,wk inc covid hosp,3,2026-10-31,51,quantile,0.975,88.0
2026-10-10,wk inc covid hosp,3,2026-10-31,51,quantile,0.99,98.0
2026-10-10,wk inc covid hosp,3,2026-10-31,53,quantile,0.01,31.0
2026-10-10,wk inc covid hosp,3,2026-10-31,53,quantile,0.025,35.0
2026-10-10,wk inc covid hosp,3,2026-10-31,53,quantile,0.05,39.0
2026-10-10,wk inc covid hosp,3,2026-10-31,53,quantile,0.1,45.0
2026-10-10,wk inc covid hosp,3,2026-10-31,53,quantile,0.15,51.0
2026-10-10,wk inc covid hosp,3,2026-10-31,53,quantile,0.2,57.0
2026-10-10,wk inc covid hosp,3,2026-10-31,53,quantile,0.25,62.0
2026-10-10,wk inc covid hosp,3,2026-10-31,53,quantile,0.3,66.0
2026-10-10,wk inc covid hosp,3,2026-10-31,53,quantile,0.35,71.0
2026-10-10,wk inc covid hosp,3,2026-10-31,53,quantile,0.4,75.0
2026-10-10,wk inc covid hosp,3,2026-10-31,53,quantile,0.45,79.0
2026-10-10,wk inc covid hosp,3,2026-10-31,53,quantile,0.5,84.0
2026-10-10,wk inc covid hosp,3,2026-10-31,53,quantile,0.55,89.0
2026-10-10,wk inc covid hosp,3,2026-10-31,53,quantile,0.6,93.0
2026-10-10,wk inc covid hosp,3,2026-10-31,53,quantile,0.65,99.0
2026-10-10,wk inc covid hosp,3,2026-10-31,53,quantile,0.7,104.0
2026-10-10,wk inc covid hosp,3,2026-10-31,53,quantile,0.75,111.0
2026-10-10,wk inc covid hosp,3,2026-10-31,53,quantile,0.8,118.0
2026-10-10,wk inc covid hosp,3,2026-10-31,53,quantile,0.85,127.0
2026-10-10,wk inc covid hosp,3,2026-10-31,53,quantile,0.9,139.0
2026-10-10,wk inc covid hosp,3,2026-10-31,53,quantile,0.95,159.0
2026-10-10,wk inc covid hosp,3,2026-10-31,53,quantile,0.975,176.0
2026-10-10,wk inc covid hosp,3,2026-10-31,53,quantile,0.99,199.0
2026-10-10,wk inc covid hosp,3,2026-10-31,54,quantile,0.01,9.0
2026-10-10,wk inc covid hosp,3,2026-10-31,54,quantile,0.025,11.0
2026-10-10,wk inc covid hosp,3,2026-10-31,54,quantile,0.05,12.0
2026-10-10,wk inc covid hosp,3,2026-10-31,54,quantile,0.1,14.0
2026-10-10,wk inc covid hosp,3,2026-10-31,54,quantile,0.15,15.0
2026-10-10,wk inc covid hosp,3,2026-10-31,54,quantile,0.2,16.0
2026-10-10,wk inc covid hosp,3,2026-10-31,54,quantile,0.25,17.0
2026-10-10,wk inc covid hosp,3,2026-10-31,54,quantile,0.3,18.0
2026-10-10,wk inc covid hosp,3,2026-10-31,54,quantile,0.35,19.0
2026-10-10,wk inc covid hosp,3,2026-10-31,54,quantile,0.4,20.0
2026-10-10,wk inc covid hosp,3,2026-10-31,54,quantile,0.45,21.0
2026-10-10,wk inc covid hosp,3,2026-10-31,54,quantile,0.5,22.0
2026-10-10,wk inc covid hosp,3,2026-10-31,54,quantile,0.55,23.0
2026-10-10,wk inc covid hosp,3,2026-10-31,54,quantile,0.6,23.0
2026-10-10,wk inc covid hosp,3,2026-10-31,54,quantile,0.65,24.0
2026-10-10,wk inc covid hosp,3,2026-10-31,54,quantile,0.7,25.0
2026-10-10,wk inc covid hosp,3,2026-10-31,54,quantile,0.75,27.0
2026-10-10,wk inc covid hosp,3,2026-10-31,54,quantile,0.8,28.0
2026-10-10,wk inc covid hosp,3,2026-10-31,54,quantile,0.85,29.0
2026-10-10,wk inc covid hosp,3,2026-10-31,54,quantile,0.9,31.0
2026-10-10,wk inc covid hosp,3,2026-10-31,54,quantile,0.95,34.0
2026-10-10,wk inc covid hosp,3,2026-10-31,54,quantile,0.975,37.0
2026-10-10,wk inc covid hosp,3,2026-10-31,54,quantile,0.99,40.0
2026-10-10,wk inc covid hosp,3,2026-10-31,55,quantile,0.01,18.0
2026-10-10,wk inc covid hosp,3,2026-10-31,55,quantile,0.025,21.0
2026-10-10,wk inc covid hosp,3,2026-10-31,55,quantile,0.05,24.0
2026-10-10,wk inc covid hosp,3,2026-10-31,55,quantile,0.1,27.0
2026-10-10,wk inc covid hosp,3,2026-10-31,55,quantile,0.15,29.0
2026-10-10,wk inc covid hosp,3,2026-10-31,55,quantile,0.2,31.0
2026-10-10,wk inc covid hosp,3,2026-10-31,55,quantile,0.25,32.0
2026-10-10,wk inc covid hosp,3,2026-10-31,55,quantile,0.3,34.0
2026-10-10,wk inc covid hosp,3,2026-10-31,55,quantile,0.35,35.0
2026-10-10,wk inc covid hosp,3,2026-10-31,55,quantile,0.4,37.0
2026-10-10,wk inc covid hosp,3,2026-10-31,55,quantile,0.45,38.0
2026-10-10,wk inc covid hosp,3,2026-10-31,55,quantile,0.5,39.0
2026-10-10,wk inc covid hosp,3,2026-10-31,55,quantile,0.55,41.0
2026-10-10,wk inc covid hosp,3,2026-10-31,55,quantile,0.6,42.0
2026-10-10,wk inc covid hosp,3,2026-10-31,55,quantile,0.65,43.0
2026-10-10,wk inc covid hosp,3,2026-10-31,55,quantile,0.7,45.0
2026-10-10,wk inc covid hosp,3,2026-10-31,55,quantile,0.75,47.0
2026-10-10,wk inc covid hosp,3,2026-10-31,55,quantile,0.8,49.0
2026-10-10,wk inc covid hosp,3,2026-10-31,55,quantile,0.85,51.0
2026-10-10,wk inc covid hosp,3,2026-10-31,55,quantile,0.9,54.0
2026-10-10,wk inc covid hosp,3,2026-10-31,55,quantile,0.95,59.0
2026-10-10,wk inc covid hosp,3,2026-10-31,55,quantile,0.975,64.0
2026-10-10,wk inc covid hosp,3,2026-10-31,55,quantile,0.99,69.0
2026-10-10,wk inc covid hosp,3,2026-10-31,56,quantile,0.01,0.0
2026-10-10,wk inc covid hosp,3,2026-10-31,56,quantile,0.025,0.0
2026-10-10,wk inc covid hosp,3,2026-10-31,56,quantile,0.05,0.0
2026-10-10,wk inc covid hosp,3,2026-10-31,56,quantile,0.1,0.0
2026-10-10,wk inc covid hosp,3,2026-10-31,56,quantile,0.15,0.0
2026-10-10,wk inc covid hosp,3,2026-10-31,56,quantile,0.2,0.0
2026-10-10,wk inc covid hosp,3,2026-10-31,56,quantile,0.25,0.0
2026-10-10,wk inc covid hosp,3,2026-10-31,56,quantile,0.3,0.0
2026-10-10,wk inc covid hosp,3,2026-10-31,56,quantile,0.35,0.0
2026-10-10,wk inc covid hosp,3,2026-10-31,56,quantile,0.4,1.0
2026-10-10,wk inc covid hosp,3,2026-10-31,56,quantile,0.45,1.0
2026-10-10,wk inc covid hosp,3,2026-10-31,56,quantile,0.5,1.0
2026-10-10,wk inc covid hosp,3,2026-10-31,56,quantile,0.55,1.0
2026-10-10,wk inc covid hosp,3,2026-10-31,56,quantile,0.6,1.0
2026-10-10,wk inc covid hosp,3,2026-10-31,56,quantile,0.65,1.0
2026-10-10,wk inc covid hosp,3,2026-10-31,56,quantile,0.7,1.0
2026-10-10,wk inc covid hosp,3,2026-10-31,56,quantile,0.75,2.0
2026-10-10,wk inc covid hosp,3,2026-10-31,56,quantile,0.8,2.0
2026-10-10,wk inc covid hosp,3,2026-10-31,56,quantile,0.85,2.0
2026-10-10,wk inc covid hosp,3,2026-10-31,56,quantile,0.9,2.0
2026-10-10,wk inc covid hosp,3,2026-10-31,56,quantile,0.95,3.0
2026-10-10,wk inc covid hosp,3,2026-10-31,56,quantile,0.975,3.0
2026-10-10,wk inc covid hosp,3,2026-10-31,56,quantile,0.99,4.0
2026-10-10,wk inc covid hosp,3,2026-10-31,72,quantile,0.01,15.0
2026-10-10,wk inc covid hosp,3,2026-10-31,72,quantile,0.025,18.0
2026-10-10,wk inc covid hosp,3,2026-10-31,72,quantile,0.05,22.0
2026-10-10,wk inc covid hosp,3,2026-10-31,72,quantile,0.1,26.0
2026-10-10,wk inc covid hosp,3,2026-10-31,72,quantile,0.15,29.0
2026-10-10,wk inc covid hosp,3,2026-10-31,72,quantile,0.2,32.0
2026-10-10,wk inc covid hosp,3,2026-10-31,72,quantile,0.25,35.0
2026-10-10,wk inc covid hosp,3,2026-10-31,72,quantile,0.3,37.0
2026-10-10,wk inc covid hosp,3,2026-10-31,72,quantile,0.35,39.0
2026-10-10,wk inc covid hosp,3,2026-10-31,72,quantile,0.4,41.0
2026-10-10,wk inc covid hosp,3,2026-10-31,72,quantile,0.45,44.0
2026-10-10,wk inc covid hosp,3,2026-10-31,72,quantile,0.5,46.0
2026-10-10,wk inc covid hosp,3,2026-10-31,72,quantile,0.55,48.0
2026-10-10,wk inc covid hosp,3,2026-10-31,72,quantile,0.6,51.0
2026-10-10,wk inc covid hosp,3,2026-10-31,72,quantile,0.65,53.0
2026-10-10,wk inc covid hosp,3,2026-10-31,72,quantile,0.7,56.0
2026-10-10,wk inc covid hosp,3,2026-10-31,72,quantile,0.75,59.0
2026-10-10,wk inc covid hosp,3,2026-10-31,72,quantile,0.8,63.0
2026-10-10,wk inc covid hosp,3,2026-10-31,72,quantile,0.85,67.0
2026-10-10,wk inc covid hosp,3,2026-10-31,72,quantile,0.9,73.0
2026-10-10,wk inc covid hosp,3,2026-10-31,72,quantile,0.95,82.0
2026-10-10,wk inc covid hosp,3,2026-10-31,72,quantile,0.975,90.0
2026-10-10,wk inc covid hosp,3,2026-10-31,72,quantile,0.99,101.0
