reference_date,target,horizon,target_end_date,location,output_type,output_type_id,value
2026-09-19,wk inc covid hosp,0,2026-09-19,01,quantile,0.01,43.0
2026-09-19,wk inc covid hosp,0,2026-09-19,01,quantile,0.025,52.0
2026-09-19,wk inc covid hosp,0,2026-09-19,01,quantile,0.05,62.0
2026-09-19,wk inc covid hosp,0,2026-09-19,01,quantile,0.1,68.0
2026-09-19,wk inc covid hosp,0,2026-09-19,01,quantile,0.15,73.0
2026-09-19,wk inc covid hosp,0,2026-09-19,01,quantile,0.2,77.0
2026-09-19,wk inc covid hosp,0,2026-09-19,01,quantile,0.25,83.0
2026-09-19,wk inc covid hosp,0,2026-09-19,01,quantile,0.3,86.0
2026-09-19,wk inc covid hosp,0,2026-09-19,01,quantile,0.35,86.0
2026-09-19,wk inc covid hosp,0,2026-09-19,01,quantile,0.4,88.0
2026-09-19,wk inc covid hosp,0,2026-09-19,01,quantile,0.45,89.0
2026-09-19,wk inc covid hosp,0,2026-09-19,01,quantile,0.5,89.0
2026-09-19,wk inc covid hosp,0,2026-09-19,01,quantile,0.55,90.0
2026-09-19,wk inc covid hosp,0,2026-09-19,01,quantile,0.6,93.0
2026-09-19,wk inc covid hosp,0,2026-09-19,01,quantile,0.65,96.0
2026-09-19,wk inc covid hosp,0,2026-09-19,01,quantile,0.7,96.0
2026-09-19,wk inc covid hosp,0,2026-09-19,01,quantile,0.75,97.0
2026-09-19,wk inc covid hosp,0,2026-09-19,01,quantile,0.8,97.0
2026-09-19,wk inc covid hosp,0,2026-09-19,01,quantile,0.85,101.0
2026-09-19,wk inc covid hosp,0,2026-09-19,01,quantile,0.9,101.0
2026-09-19,wk inc covid hosp,0,2026-09-19,01,quantile,0.95,105.0
2026-09-19,wk inc covid hosp,0,2026-09-19,01,quantile,0.975,108.0
2026-09-19,wk inc covid hosp,0,2026-09-19,01,quantile,0.99,121.0
2026-09-19,wk inc covid hosp,0,2026-09-19,02,quantile,0.01,2.0
2026-09-19,wk inc covid hosp,0,2026-09-19,02,quantile,0.025,2.0
2026-09-19,wk inc covid hosp,0,2026-09-19,02,quantile,0.05,2.0
2026-09-19,wk inc covid hosp,0,2026-09-19,02,quantile,0.1,3.0
2026-09-19,wk inc covid hosp,0,2026-09-19,02,quantile,0.15,3.0
2026-09-19,wk inc covid hosp,0,2026-09-19,02,quantile,0.2,3.0
2026-09-19,wk inc covid hosp,0,2026-09-19,02,quantile,0.25,3.0
2026-09-19,wk inc covid hosp,0,2026-09-19,02,quantile,0.3,4.0
2026-09-19,wk inc covid hosp,0,2026-09-19,02,quantile,0.35,4.0
2026-09-19,wk inc covid hosp,0,2026-09-19,02,quantile,0.4,5.0
2026-09-19,wk inc covid hosp,0,2026-09-19,02,quantile,0.45,6.0
2026-09-19,wk inc covid hosp,0,2026-09-19,02,quantile,0.5,6.0
2026-09-19,wk inc covid hosp,0,2026-09-19,02,quantile,0.55,6.0
2026-09-19,wk inc covid hosp,0,2026-09-19,02,quantile,0.6,6.0
2026-09-19,wk inc covid hosp,0,2026-09-19,02,quantile,0.65,6.0
2026-09-19,wk inc covid hosp,0,2026-09-19,02,quantile,0.7,6.0
2026-09-19,wk inc covid hosp,0,2026-09-19,02,quantile,0.75,7.0
2026-09-19,wk inc covid hosp,0,2026-09-19,02,quantile,0.8,7.0
2026-09-19,wk inc covid hosp,0,2026-09-19,02,quantile,0.85,7.0
2026-09-19,wk inc covid hosp,0,2026-09-19,02,quantile,0.9,8.0
2026-09-19,wk inc covid hosp,0,2026-09-19,02,quantile,0.95,9.0
2026-09-19,wk inc covid hosp,0,2026-09-19,02,quantile,0.975,9.0
2026-09-19,wk inc covid hosp,0,2026-09-19,02,quantile,0.99,11.0
2026-09-19,wk inc covid hosp,0,2026-09-19,04,quantile,0.01,51.0
2026-09-19,wk inc covid hosp,0,2026-09-19,04,quantile,0.025,57.0
2026-09-19,wk inc covid hosp,0,2026-09-19,04,quantile,0.05,63.0
2026-09-19,wk inc covid hosp,0,2026-09-19,04,quantile,0.1,65.0
2026-09-19,wk inc covid hosp,0,2026-09-19,04,quantile,0.15,65.0
2026-09-19,wk inc covid hosp,0,2026-09-19,04,quantile,0.2,69.0
2026-09-19,wk inc covid hosp,0,2026-09-19,04,quantile,0.25,69.0
2026-09-19,wk inc covid hosp,0,2026-09-19,04,quantile,0.3,74.0
2026-09-19,wk inc covid hosp,0,2026-09-19,04,quantile,0.35,76.0
2026-09-19,wk inc covid hosp,0,2026-09-19,04,quantile,0.4,82.0
2026-09-19,wk inc covid hosp,0,2026-09-19,04,quantile,0.45,86.0
2026-09-19,wk inc covid hosp,0,2026-09-19,04,quantile,0.5,86.0
2026-09-19,wk inc covid hosp,0,2026-09-19,04,quantile,0.55,91.0
2026-09-19,wk inc covid hosp,0,2026-09-19,04,quantile,0.6,91.0
2026-09-19,wk inc covid hosp,0,2026-09-19,04,quantile,0.65,97.0
2026-09-19,wk inc covid hosp,0,2026-09-19,04,quantile,0.7,97.0
2026-09-19,wk inc covid hosp,0,2026-09-19,04,quantile,0.75,100.0
2026-09-19,wk inc covid hosp,0,2026-09-19,04,quantile,0.8,100.0
2026-09-19,wk inc covid hosp,0,2026-09-19,04,quantile,0.85,110.0
2026-09-19,wk inc covid hosp,0,2026-09-19,04,quantile,0.9,115.0
2026-09-19,wk inc covid hosp,0,2026-09-19,04,quantile,0.95,124.0
2026-09-19,wk inc covid hosp,0,2026-09-19,04,quantile,0.975,129.0
2026-09-19,wk inc covid hosp,0,2026-09-19,04,quantile,0.99,135.0
2026-09-19,wk inc covid hosp,0,2026-09-19,05,quantile,0.01,6.0
2026-09-19,wk inc covid hosp,0,2026-09-19,05,quantile,0.025,8.0
2026-09-19,wk inc covid hosp,0,2026-09-19,05,quantile,0.05,9.0
2026-09-19,wk inc covid hosp,0,2026-09-19,05,quantile,0.1,11.0
2026-09-19,wk inc covid hosp,0,2026-09-19,05,quantile,0.15,12.0
2026-09-19,wk inc covid hosp,0,2026-09-19,05,quantile,0.2,13.0
2026-09-19,wk inc covid hosp,0,2026-09-19,05,quantile,0.25,14.0
2026-09-19,wk inc covid hosp,0,2026-09-19,05,quantile,0.3,15.0
2026-09-19,wk inc covid hosp,0,2026-09-19,05,quantile,0.35,15.0
2026-09-19,wk inc covid hosp,0,2026-09-19,05,quantile,0.4,16.0
2026-09-19,wk inc covid hosp,0,2026-09-19,05,quantile,0.45,17.0
2026-09-19,wk inc covid hosp,0,2026-09-19,05,quantile,0.5,18.0
2026-09-19,wk inc covid hosp,0,2026-09-19,05,quantile,0.55,19.0
2026-09-19,wk inc covid hosp,0,2026-09-19,05,quantile,0.6,19.0
2026-09-19,wk inc covid hosp,0,2026-09-19,05,quantile,0.65,19.0
2026-09-19,wk inc covid hosp,0,2026-09-19,05,quantile,0.7,19.0
2026-09-19,wk inc covid hosp,0,2026-09-19,05,quantile,0.75,19.0
2026-09-19,wk inc covid hosp,0,2026-09-19,05,quantile,0.8,20.0
2026-09-19,wk inc covid hosp,0,2026-09-19,05,quantile,0.85,21.0
2026-09-19,wk inc covid hosp,0,2026-09-19,05,quantile,0.9,22.0
2026-09-19,wk inc covid hosp,0,2026-09-19,05,quantile,0.95,26.0
2026-09-19,wk inc covid hosp,0,2026-09-19,05,quantile,0.975,29.0
2026-09-19,wk inc covid hosp,0,2026-09-19,05,quantile,0.99,35.0
2026-09-19,wk inc covid hosp,0,2026-09-19,06,quantile,0.01,482.0
2026-09-19,wk inc covid hosp,0,2026-09-19,06,quantile,0.025,586.0
2026-09-19,wk inc covid hosp,0,2026-09-19,06,quantile,0.05,676.0
2026-09-19,wk inc covid hosp,0,2026-09-19,06,quantile,0.1,727.0
2026-09-19,wk inc covid hosp,0,2026-09-19,06,quantile,0.15,783.0
2026-09-19,wk inc covid hosp,0,2026-09-19,06,quantile,0.2,783.0
2026-09-19,wk inc covid hosp,0,2026-09-19,06,quantile,0.25,832.0
2026-09-19,wk inc covid hosp,0,2026-09-19,06,quantile,0.3,832.0
2026-09-19,wk inc covid hosp,0,2026-09-19,06,quantile,0.35,843.0
2026-09-19,wk inc covid hosp,0,2026-09-19,06,quantile,0.4,843.0
2026-09-19,wk inc covid hosp,0,2026-09-19,06,quantile,0.45,843.0
2026-09-19,wk inc covid hosp,0,2026-09-19,06,quantile,0.5,843.0
2026-09-19,wk inc covid hosp,0,2026-09-19,06,quantile,0.55,853.0
2026-09-19,wk inc covid hosp,0,2026-09-19,06,quantile,0.6,860.0
2026-09-19,wk inc covid hosp,0,2026-09-19,06,quantile,0.65,860.0
2026-09-19,wk inc covid hosp,0,2026-09-19,06,quantile,0.7,876.0
2026-09-19,wk inc covid hosp,0,2026-09-19,06,quantile,0.75,921.0
2026-09-19,wk inc covid hosp,0,2026-09-19,06,quantile,0.8,930.0
2026-09-19,wk inc covid hosp,0,2026-09-19,06,quantile,0.85,972.0
2026-09-19,wk inc covid hosp,0,2026-09-19,06,quantile,0.9,1016.0
2026-09-19,wk inc covid hosp,0,2026-09-19,06,quantile,0.95,1035.0
2026-09-19,wk inc covid hosp,0,2026-09-19,06,quantile,0.975,1035.0
2026-09-19,wk inc covid hosp,0,2026-09-19,06,quantile,0.99,1073.0
2026-09-19,wk inc covid hosp,0,2026-09-19,08,quantile,0.01,14.0
2026-09-19,wk inc covid hosp,0,2026-09-19,08,quantile,0.025,18.0
2026-09-19,wk inc covid hosp,0,2026-09-19,08,quantile,0.05,18.0
2026-09-19,wk inc covid hosp,0,2026-09-19,08,quantile,0.1,18.0
2026-09-19,wk inc covid hosp,0,2026-09-19,08,quantile,0.15,20.0
2026-09-19,wk inc covid hosp,0,2026-09-19,08,quantile,0.2,21.0
2026-09-19,wk inc covid hosp,0,2026-09-19,08,quantile,0.25,21.0
2026-09-19,wk inc covid hosp,0,2026-09-19,08,quantile,0.3,23.0
2026-09-19,wk inc covid hosp,0,2026-09-19,08,quantile,0.35,25.0
2026-09-19,wk inc covid hosp,0,2026-09-19,08,quantile,0.4,25.0
2026-09-19,wk inc covid hosp,0,2026-09-19,08,quantile,0.45,25.0
2026-09-19,wk inc covid hosp,0,2026-09-19,08,quantile,0.5,25.0
2026-09-19,wk inc covid hosp,0,2026-09-19,08,quantile,0.55,25.0
2026-09-19,wk inc covid hosp,0,2026-09-19,08,quantile,0.6,26.0
2026-09-19,wk inc covid hosp,0,2026-09-19,08,quantile,0.65,27.0
2026-09-19,wk inc covid hosp,0,2026-09-19,08,quantile,0.7,28.0
2026-09-19,wk inc covid hosp,0,2026-09-19,08,quantile,0.75,29.0
2026-09-19,wk inc covid hosp,0,2026-09-19,08,quantile,0.8,31.0
2026-09-19,wk inc covid hosp,0,2026-09-19,08,quantile,0.85,34.0
2026-09-19,wk inc covid hosp,0,2026-09-19,08,quantile,0.9,37.0
2026-09-19,wk inc covid hosp,0,2026-09-19,08,quantile,0.95,44.0
2026-09-19,wk inc covid hosp,0,2026-09-19,08,quantile,0.975,49.0
2026-09-19,wk inc covid hosp,0,2026-09-19,08,quantile,0.99,59.0
2026-09-19,wk inc covid hosp,0,2026-09-19,09,quantile,0.01,6.0
2026-09-19,wk inc covid hosp,0,2026-09-19,09,quantile,0.025,8.0
2026-09-19,wk inc covid hosp,0,2026-09-19,09,quantile,0.05,9.0
2026-09-19,wk inc covid hosp,0,2026-09-19,09,quantile,0.1,10.0
2026-09-19,wk inc covid hosp,0,2026-09-19,09,quantile,0.15,12.0
2026-09-19,wk inc covid hosp,0,2026-09-19,09,quantile,0.2,12.0
2026-09-19,wk inc covid hosp,0,2026-09-19,09,quantile,0.25,12.0
2026-09-19,wk inc covid hosp,0,2026-09-19,09,quantile,0.3,14.0
2026-09-19,wk inc covid hosp,0,2026-09-19,09,quantile,0.35,15.0
2026-09-19,wk inc covid hosp,0,2026-09-19,09,quantile,0.4,15.0
2026-09-19,wk inc covid hosp,0,2026-09-19,09,quantile,0.45,15.0
2026-09-19,wk inc covid hosp,0,2026-09-19,09,quantile,0.5,16.0
2026-09-19,wk inc covid hosp,0,2026-09-19,09,quantile,0.55,16.0
2026-09-19,wk inc covid hosp,0,2026-09-19,09,quantile,0.6,17.0
2026-09-19,wk inc covid hosp,0,2026-09-19,09,quantile,0.65,17.0
2026-09-19,wk inc covid hosp,0,2026-09-19,09,quantile,0.7,17.0
2026-09-19,wk inc covid hosp,0,2026-09-19,09,quantile,0.75,18.0
2026-09-19,wk inc covid hosp,0,2026-09-19,09,quantile,0.8,18.0
2026-09-19,wk inc covid hosp,0,2026-09-19,09,quantile,0.85,20.0
2026-09-19,wk inc covid hosp,0,2026-09-19,09,quantile,0.9,23.0
2026-09-19,wk inc covid hosp,0,2026-09-19,09,quantile,0.95,25.0
2026-09-19,wk inc covid hosp,0,2026-09-19,09,quantile,0.975,30.0
2026-09-19,wk inc covid hosp,0,2026-09-19,09,quantile,0.99,38.0
2026-09-19,wk inc covid hosp,0,2026-09-19,10,quantile,0.01,3.0
2026-09-19,wk inc covid hosp,0,2026-09-19,10,quantile,0.025,4.0
2026-09-19,wk inc covid hosp,0,2026-09-19,10,quantile,0.05,5.0
2026-09-19,wk inc covid hosp,0,2026-09-19,10,quantile,0.1,6.0
2026-09-19,wk inc covid hosp,0,2026-09-19,10,quantile,0.15,6.0
2026-09-19,wk inc covid hosp,0,2026-09-19,10,quantile,0.2,7.0
2026-09-19,wk inc covid hosp,0,2026-09-19,10,quantile,0.25,7.0
2026-09-19,wk inc covid hosp,0,2026-09-19,10,quantile,0.3,7.0
2026-09-19,wk inc covid hosp,0,2026-09-19,10,quantile,0.35,7.0
2026-09-19,wk inc covid hosp,0,2026-09-19,10,quantile,0.4,8.0
2026-09-19,wk inc covid hosp,0,2026-09-19,10,quantile,0.45,10.0
2026-09-19,wk inc covid hosp,0,2026-09-19,10,quantile,0.5,10.0
2026-09-19,wk inc covid hosp,0,2026-09-19,10,quantile,0.55,10.0
2026-09-19,wk inc covid hosp,0,2026-09-19,10,quantile,0.6,10.0
2026-09-19,wk inc covid hosp,0,2026-09-19,10,quantile,0.65,11.0
2026-09-19,wk inc covid hosp,0,2026-09-19,10,quantile,0.7,12.0
2026-09-19,wk inc covid hosp,0,2026-09-19,10,quantile,0.75,12.0
2026-09-19,wk inc covid hosp,0,2026-09-19,10,quantile,0.8,13.0
2026-09-19,wk inc covid hosp,0,2026-09-19,10,quantile,0.85,14.0
2026-09-19,wk inc covid hosp,0,2026-09-19,10,quantile,0.9,16.0
2026-09-19,wk inc covid hosp,0,2026-09-19,10,quantile,0.95,18.0
2026-09-19,wk inc covid hosp,0,2026-09-19,10,quantile,0.975,20.0
2026-09-19,wk inc covid hosp,0,2026-09-19,10,quantile,0.99,21.0
2026-09-19,wk inc covid hosp,0,2026-09-19,11,quantile,0.01,2.0
2026-09-19,wk inc covid hosp,0,2026-09-19,11,quantile,0.025,2.0
2026-09-19,wk inc covid hosp,0,2026-09-19,11,quantile,0.05,2.0
2026-09-19,wk inc covid hosp,0,2026-09-19,11,quantile,0.1,2.0
2026-09-19,wk inc covid hosp,0,2026-09-19,11,quantile,0.15,3.0
2026-09-19,wk inc covid hosp,0,2026-09-19,11,quantile,0.2,3.0
2026-09-19,wk inc covid hosp,0,2026-09-19,11,quantile,0.25,3.0
2026-09-19,wk inc covid hosp,0,2026-09-19,11,quantile,0.3,3.0
2026-09-19,wk inc covid hosp,0,2026-09-19,11,quantile,0.35,4.0
2026-09-19,wk inc covid hosp,0,2026-09-19,11,quantile,0.4,5.0
2026-09-19,wk inc covid hosp,0,2026-09-19,11,quantile,0.45,5.0
2026-09-19,wk inc covid hosp,0,2026-09-19,11,quantile,0.5,5.0
2026-09-19,wk inc covid hosp,0,2026-09-19,11,quantile,0.55,6.0
2026-09-19,wk inc covid hosp,0,2026-09-19,11,quantile,0.6,6.0
2026-09-19,wk inc covid hosp,0,2026-09-19,11,quantile,0.65,7.0
2026-09-19,wk inc covid hosp,0,2026-09-19,11,quantile,0.7,8.0
2026-09-19,wk inc covid hosp,0,2026-09-19,11,quantile,0.75,8.0
2026-09-19,wk inc covid hosp,0,2026-09-19,11,quantile,0.8,8.0
2026-09-19,wk inc covid hosp,0,2026-09-19,11,quantile,0.85,8.0
2026-09-19,wk inc covid hosp,0,2026-09-19,11,quantile,0.9,9.0
2026-09-19,wk inc covid hosp,0,2026-09-19,11,quantile,0.95,11.0
2026-09-19,wk inc covid hosp,0,2026-09-19,11,quantile,0.975,12.0
2026-09-19,wk inc covid hosp,0,2026-09-19,11,quantile,0.99,14.0
2026-09-19,wk inc covid hosp,0,2026-09-19,12,quantile,0.01,227.0
2026-09-19,wk inc covid hosp,0,2026-09-19,12,quantile,0.025,281.0
2026-09-19,wk inc covid hosp,0,2026-09-19,12,quantile,0.05,333.0
2026-09-19,wk inc covid hosp,0,2026-09-19,12,quantile,0.1,371.0
2026-09-19,wk inc covid hosp,0,2026-09-19,12,quantile,0.15,382.0
2026-09-19,wk inc covid hosp,0,2026-09-19,12,quantile,0.2,401.0
2026-09-19,wk inc covid hosp,0,2026-09-19,12,quantile,0.25,446.0
2026-09-19,wk inc covid hosp,0,2026-09-19,12,quantile,0.3,451.0
2026-09-19,wk inc covid hosp,0,2026-09-19,12,quantile,0.35,457.0
2026-09-19,wk inc covid hosp,0,2026-09-19,12,quantile,0.4,457.0
2026-09-19,wk inc covid hosp,0,2026-09-19,12,quantile,0.45,468.0
2026-09-19,wk inc covid hosp,0,2026-09-19,12,quantile,0.5,482.0
2026-09-19,wk inc covid hosp,0,2026-09-19,12,quantile,0.55,482.0
2026-09-19,wk inc covid hosp,0,2026-09-19,12,quantile,0.6,482.0
2026-09-19,wk inc covid hosp,0,2026-09-19,12,quantile,0.65,482.0
2026-09-19,wk inc covid hosp,0,2026-09-19,12,quantile,0.7,485.0
2026-09-19,wk inc covid hosp,0,2026-09-19,12,quantile,0.75,498.0
2026-09-19,wk inc covid hosp,0,2026-09-19,12,quantile,0.8,521.0
2026-09-19,wk inc covid hosp,0,2026-09-19,12,quantile,0.85,564.0
2026-09-19,wk inc covid hosp,0,2026-09-19,12,quantile,0.9,614.0
2026-09-19,wk inc covid hosp,0,2026-09-19,12,quantile,0.95,648.0
2026-09-19,wk inc covid hosp,0,2026-09-19,12,quantile,0.975,675.0
2026-09-19,wk inc covid hosp,0,2026-09-19,12,quantile,0.99,735.0
2026-09-19,wk inc covid hosp,0,2026-09-19,13,quantile,0.01,47.0
2026-09-19,wk inc covid hosp,0,2026-09-19,13,quantile,0.025,52.0
2026-09-19,wk inc covid hosp,0,2026-09-19,13,quantile,0.05,52.0
2026-09-19,wk inc covid hosp,0,2026-09-19,13,quantile,0.1,52.0
2026-09-19,wk inc covid hosp,0,2026-09-19,13,quantile,0.15,52.0
2026-09-19,wk inc covid hosp,0,2026-09-19,13,quantile,0.2,59.0
2026-09-19,wk inc covid hosp,0,2026-09-19,13,quantile,0.25,66.0
2026-09-19,wk inc covid hosp,0,2026-09-19,13,quantile,0.3,75.0
2026-09-19,wk inc covid hosp,0,2026-09-19,13,quantile,0.35,77.0
2026-09-19,wk inc covid hosp,0,2026-09-19,13,quantile,0.4,82.0
2026-09-19,wk inc covid hosp,0,2026-09-19,13,quantile,0.45,82.0
2026-09-19,wk inc covid hosp,0,2026-09-19,13,quantile,0.5,93.0
2026-09-19,wk inc covid hosp,0,2026-09-19,13,quantile,0.55,97.0
2026-09-19,wk inc covid hosp,0,2026-09-19,13,quantile,0.6,97.0
2026-09-19,wk inc covid hosp,0,2026-09-19,13,quantile,0.65,102.0
2026-09-19,wk inc covid hosp,0,2026-09-19,13,quantile,0.7,106.0
2026-09-19,wk inc covid hosp,0,2026-09-19,13,quantile,0.75,106.0
2026-09-19,wk inc covid hosp,0,2026-09-19,13,quantile,0.8,109.0
2026-09-19,wk inc covid hosp,0,2026-09-19,13,quantile,0.85,111.0
2026-09-19,wk inc covid hosp,0,2026-09-19,13,quantile,0.9,121.0
2026-09-19,wk inc covid hosp,0,2026-09-19,13,quantile,0.95,134.0
2026-09-19,wk inc covid hosp,0,2026-09-19,13,quantile,0.975,147.0
2026-09-19,wk inc covid hosp,0,2026-09-19,13,quantile,0.99,163.0
2026-09-19,wk inc covid hosp,0,2026-09-19,15,quantile,0.01,12.0
2026-09-19,wk inc covid hosp,0,2026-09-19,15,quantile,0.025,17.0
2026-09-19,wk inc covid hosp,0,2026-09-19,15,quantile,0.05,17.0
2026-09-19,wk inc covid hosp,0,2026-09-19,15,quantile,0.1,20.0
2026-09-19,wk inc covid hosp,0,2026-09-19,15,quantile,0.15,20.0
2026-09-19,wk inc covid hosp,0,2026-09-19,15,quantile,0.2,21.0
2026-09-19,wk inc covid hosp,0,2026-09-19,15,quantile,0.25,23.0
2026-09-19,wk inc covid hosp,0,2026-09-19,15,quantile,0.3,25.0
2026-09-19,wk inc covid hosp,0,2026-09-19,15,quantile,0.35,25.0
2026-09-19,wk inc covid hosp,0,2026-09-19,15,quantile,0.4,26.0
2026-09-19,wk inc covid hosp,0,2026-09-19,15,quantile,0.45,26.0
2026-09-19,wk inc covid hosp,0,2026-09-19,15,quantile,0.5,26.0
2026-09-19,wk inc covid hosp,0,2026-09-19,15,quantile,0.55,26.0
2026-09-19,wk inc covid hosp,0,2026-09-19,15,quantile,0.6,27.0
2026-09-19,wk inc covid hosp,0,2026-09-19,15,quantile,0.65,28.0
2026-09-19,wk inc covid hosp,0,2026-09-19,15,quantile,0.7,29.0
2026-09-19,wk inc covid hosp,0,2026-09-19,15,quantile,0.75,31.0
2026-09-19,wk inc covid hosp,0,2026-09-19,15,quantile,0.8,33.0
2026-09-19,wk inc covid hosp,0,2026-09-19,15,quantile,0.85,34.0
2026-09-19,wk inc covid hosp,0,2026-09-19,15,quantile,0.9,38.0
2026-09-19,wk inc covid hosp,0,2026-09-19,15,quantile,0.95,39.0
2026-09-19,wk inc covid hosp,0,2026-09-19,15,quantile,0.975,41.0
2026-09-19,wk inc covid hosp,0,2026-09-19,15,quantile,0.99,44.0
2026-09-19,wk inc covid hosp,0,2026-09-19,16,quantile,0.01,3.0
2026-09-19,wk inc covid hosp,0,2026-09-19,16,quantile,0.025,4.0
2026-09-19,wk inc covid hosp,0,2026-09-19,16,quantile,0.05,5.0
2026-09-19,wk inc covid hosp,0,2026-09-19,16,quantile,0.1,7.0
2026-09-19,wk inc covid hosp,0,2026-09-19,16,quantile,0.15,7.0
2026-09-19,wk inc covid hosp,0,2026-09-19,16,quantile,0.2,7.0
2026-09-19,wk inc covid hosp,0,2026-09-19,16,quantile,0.25,8.0
2026-09-19,wk inc covid hosp,0,2026-09-19,16,quantile,0.3,9.0
2026-09-19,wk inc covid hosp,0,2026-09-19,16,quantile,0.35,10.0
2026-09-19,wk inc covid hosp,0,2026-09-19,16,quantile,0.4,11.0
2026-09-19,wk inc covid hosp,0,2026-09-19,16,quantile,0.45,12.0
2026-09-19,wk inc covid hosp,0,2026-09-19,16,quantile,0.5,12.0
2026-09-19,wk inc covid hosp,0,2026-09-19,16,quantile,0.55,12.0
2026-09-19,wk inc covid hosp,0,2026-09-19,16,quantile,0.6,12.0
2026-09-19,wk inc covid hosp,0,2026-09-19,16,quantile,0.65,12.0
2026-09-19,wk inc covid hosp,0,2026-09-19,16,quantile,0.7,12.0
2026-09-19,wk inc covid hosp,0,2026-09-19,16,quantile,0.75,12.0
2026-09-19,wk inc covid hosp,0,2026-09-19,16,quantile,0.8,13.0
2026-09-19,wk inc covid hosp,0,2026-09-19,16,quantile,0.85,14.0
2026-09-19,wk inc covid hosp,0,2026-09-19,16,quantile,0.9,15.0
2026-09-19,wk inc covid hosp,0,2026-09-19,16,quantile,0.95,17.0
2026-09-19,wk inc covid hosp,0,2026-09-19,16,quantile,0.975,19.0
2026-09-19,wk inc covid hosp,0,2026-09-19,16,quantile,0.99,21.0
2026-09-19,wk inc covid hosp,0,2026-09-19,17,quantile,0.01,26.0
2026-09-19,wk inc covid hosp,0,2026-09-19,17,quantile,0.025,39.0
2026-09-19,wk inc covid hosp,0,2026-09-19,17,quantile,0.05,40.0
2026-09-19,wk inc covid hosp,0,2026-09-19,17,quantile,0.1,40.0
2026-09-19,wk inc covid hosp,0,2026-09-19,17,quantile,0.15,42.0
2026-09-19,wk inc covid hosp,0,2026-09-19,17,quantile,0.2,44.0
2026-09-19,wk inc covid hosp,0,2026-09-19,17,quantile,0.25,46.0
2026-09-19,wk inc covid hosp,0,2026-09-19,17,quantile,0.3,49.0
2026-09-19,wk inc covid hosp,0,2026-09-19,17,quantile,0.35,49.0
2026-09-19,wk inc covid hosp,0,2026-09-19,17,quantile,0.4,49.0
2026-09-19,wk inc covid hosp,0,2026-09-19,17,quantile,0.45,49.0
2026-09-19,wk inc covid hosp,0,2026-09-19,17,quantile,0.5,49.0
2026-09-19,wk inc covid hosp,0,2026-09-19,17,quantile,0.55,49.0
2026-09-19,wk inc covid hosp,0,2026-09-19,17,quantile,0.6,49.0
2026-09-19,wk inc covid hosp,0,2026-09-19,17,quantile,0.65,49.0
2026-09-19,wk inc covid hosp,0,2026-09-19,17,quantile,0.7,49.0
2026-09-19,wk inc covid hosp,0,2026-09-19,17,quantile,0.75,52.0
2026-09-19,wk inc covid hosp,0,2026-09-19,17,quantile,0.8,52.0
2026-09-19,wk inc covid hosp,0,2026-09-19,17,quantile,0.85,58.0
2026-09-19,wk inc covid hosp,0,2026-09-19,17,quantile,0.9,70.0
2026-09-19,wk inc covid hosp,0,2026-09-19,17,quantile,0.95,79.0
2026-09-19,wk inc covid hosp,0,2026-09-19,17,quantile,0.975,95.0
2026-09-19,wk inc covid hosp,0,2026-09-19,17,quantile,0.99,131.0
2026-09-19,wk inc covid hosp,0,2026-09-19,18,quantile,0.01,20.0
2026-09-19,wk inc covid hosp,0,2026-09-19,18,quantile,0.025,24.0
2026-09-19,wk inc covid hosp,0,2026-09-19,18,quantile,0.05,26.0
2026-09-19,wk inc covid hosp,0,2026-09-19,18,quantile,0.1,31.0
2026-09-19,wk inc covid hosp,0,2026-09-19,18,quantile,0.15,31.0
2026-09-19,wk inc covid hosp,0,2026-09-19,18,quantile,0.2,34.0
2026-09-19,wk inc covid hosp,0,2026-09-19,18,quantile,0.25,34.0
2026-09-19,wk inc covid hosp,0,2026-09-19,18,quantile,0.3,34.0
2026-09-19,wk inc covid hosp,0,2026-09-19,18,quantile,0.35,34.0
2026-09-19,wk inc covid hosp,0,2026-09-19,18,quantile,0.4,34.0
2026-09-19,wk inc covid hosp,0,2026-09-19,18,quantile,0.45,34.0
2026-09-19,wk inc covid hosp,0,2026-09-19,18,quantile,0.5,34.0
2026-09-19,wk inc covid hosp,0,2026-09-19,18,quantile,0.55,35.0
2026-09-19,wk inc covid hosp,0,2026-09-19,18,quantile,0.6,36.0
2026-09-19,wk inc covid hosp,0,2026-09-19,18,quantile,0.65,37.0
2026-09-19,wk inc covid hosp,0,2026-09-19,18,quantile,0.7,37.0
2026-09-19,wk inc covid hosp,0,2026-09-19,18,quantile,0.75,37.0
2026-09-19,wk inc covid hosp,0,2026-09-19,18,quantile,0.8,37.0
2026-09-19,wk inc covid hosp,0,2026-09-19,18,quantile,0.85,39.0
2026-09-19,wk inc covid hosp,0,2026-09-19,18,quantile,0.9,44.0
2026-09-19,wk inc covid hosp,0,2026-09-19,18,quantile,0.95,51.0
2026-09-19,wk inc covid hosp,0,2026-09-19,18,quantile,0.975,61.0
2026-09-19,wk inc covid hosp,0,2026-09-19,18,quantile,0.99,69.0
2026-09-19,wk inc covid hosp,0,2026-09-19,19,quantile,0.01,5.0
2026-09-19,wk inc covid hosp,0,2026-09-19,19,quantile,0.025,7.0
2026-09-19,wk inc covid hosp,0,2026-09-19,19,quantile,0.05,8.0
2026-09-19,wk inc covid hosp,0,2026-09-19,19,quantile,0.1,10.0
2026-09-19,wk inc covid hosp,0,2026-09-19,19,quantile,0.15,11.0
2026-09-19,wk inc covid hosp,0,2026-09-19,19,quantile,0.2,11.0
2026-09-19,wk inc covid hosp,0,2026-09-19,19,quantile,0.25,11.0
2026-09-19,wk inc covid hosp,0,2026-09-19,19,quantile,0.3,12.0
2026-09-19,wk inc covid hosp,0,2026-09-19,19,quantile,0.35,13.0
2026-09-19,wk inc covid hosp,0,2026-09-19,19,quantile,0.4,14.0
2026-09-19,wk inc covid hosp,0,2026-09-19,19,quantile,0.45,15.0
2026-09-19,wk inc covid hosp,0,2026-09-19,19,quantile,0.5,15.0
2026-09-19,wk inc covid hosp,0,2026-09-19,19,quantile,0.55,15.0
2026-09-19,wk inc covid hosp,0,2026-09-19,19,quantile,0.6,16.0
2026-09-19,wk inc covid hosp,0,2026-09-19,19,quantile,0.65,17.0
2026-09-19,wk inc covid hosp,0,2026-09-19,19,quantile,0.7,17.0
2026-09-19,wk inc covid hosp,0,2026-09-19,19,quantile,0.75,17.0
2026-09-19,wk inc covid hosp,0,2026-09-19,19,quantile,0.8,18.0
2026-09-19,wk inc covid hosp,0,2026-09-19,19,quantile,0.85,20.0
2026-09-19,wk inc covid hosp,0,2026-09-19,19,quantile,0.9,22.0
2026-09-19,wk inc covid hosp,0,2026-09-19,19,quantile,0.95,28.0
2026-09-19,wk inc covid hosp,0,2026-09-19,19,quantile,0.975,32.0
2026-09-19,wk inc covid hosp,0,2026-09-19,19,quantile,0.99,35.0
2026-09-19,wk inc covid hosp,0,2026-09-19,20,quantile,0.01,3.0
2026-09-19,wk inc covid hosp,0,2026-09-19,20,quantile,0.025,5.0
2026-09-19,wk inc covid hosp,0,2026-09-19,20,quantile,0.05,6.0
2026-09-19,wk inc covid hosp,0,2026-09-19,20,quantile,0.1,7.0
2026-09-19,wk inc covid hosp,0,2026-09-19,20,quantile,0.15,7.0
2026-09-19,wk inc covid hosp,0,2026-09-19,20,quantile,0.2,8.0
2026-09-19,wk inc covid hosp,0,2026-09-19,20,quantile,0.25,9.0
2026-09-19,wk inc covid hosp,0,2026-09-19,20,quantile,0.3,10.0
2026-09-19,wk inc covid hosp,0,2026-09-19,20,quantile,0.35,10.0
2026-09-19,wk inc covid hosp,0,2026-09-19,20,quantile,0.4,10.0
2026-09-19,wk inc covid hosp,0,2026-09-19,20,quantile,0.45,10.0
2026-09-19,wk inc covid hosp,0,2026-09-19,20,quantile,0.5,10.0
2026-09-19,wk inc covid hosp,0,2026-09-19,20,quantile,0.55,10.0
2026-09-19,wk inc covid hosp,0,2026-09-19,20,quantile,0.6,11.0
2026-09-19,wk inc covid hosp,0,2026-09-19,20,quantile,0.65,11.0
2026-09-19,wk inc covid hosp,0,2026-09-19,20,quantile,0.7,11.0
2026-09-19,wk inc covid hosp,0,2026-09-19,20,quantile,0.75,11.0
2026-09-19,wk inc covid hosp,0,2026-09-19,20,quantile,0.8,11.0
2026-09-19,wk inc covid hosp,0,2026-09-19,20,quantile,0.85,13.0
2026-09-19,wk inc covid hosp,0,2026-09-19,20,quantile,0.9,14.0
2026-09-19,wk inc covid hosp,0,2026-09-19,20,quantile,0.95,16.0
2026-09-19,wk inc covid hosp,0,2026-09-19,20,quantile,0.975,21.0
2026-09-19,wk inc covid hosp,0,2026-09-19,20,quantile,0.99,28.0
2026-09-19,wk inc covid hosp,0,2026-09-19,21,quantile,0.01,14.0
2026-09-19,wk inc covid hosp,0,2026-09-19,21,quantile,0.025,16.0
2026-09-19,wk inc covid hosp,0,2026-09-19,21,quantile,0.05,17.0
2026-09-19,wk inc covid hosp,0,2026-09-19,21,quantile,0.1,17.0
2026-09-19,wk inc covid hosp,0,2026-09-19,21,quantile,0.15,18.0
2026-09-19,wk inc covid hosp,0,2026-09-19,21,quantile,0.2,19.0
2026-09-19,wk inc covid hosp,0,2026-09-19,21,quantile,0.25,19.0
2026-09-19,wk inc covid hosp,0,2026-09-19,21,quantile,0.3,21.0
2026-09-19,wk inc covid hosp,0,2026-09-19,21,quantile,0.35,21.0
2026-09-19,wk inc covid hosp,0,2026-09-19,21,quantile,0.4,22.0
2026-09-19,wk inc covid hosp,0,2026-09-19,21,quantile,0.45,24.0
2026-09-19,wk inc covid hosp,0,2026-09-19,21,quantile,0.5,25.0
2026-09-19,wk inc covid hosp,0,2026-09-19,21,quantile,0.55,25.0
2026-09-19,wk inc covid hosp,0,2026-09-19,21,quantile,0.6,25.0
2026-09-19,wk inc covid hosp,0,2026-09-19,21,quantile,0.65,27.0
2026-09-19,wk inc covid hosp,0,2026-09-19,21,quantile,0.7,27.0
2026-09-19,wk inc covid hosp,0,2026-09-19,21,quantile,0.75,27.0
2026-09-19,wk inc covid hosp,0,2026-09-19,21,quantile,0.8,28.0
2026-09-19,wk inc covid hosp,0,2026-09-19,21,quantile,0.85,29.0
2026-09-19,wk inc covid hosp,0,2026-09-19,21,quantile,0.9,33.0
2026-09-19,wk inc covid hosp,0,2026-09-19,21,quantile,0.95,39.0
2026-09-19,wk inc covid hosp,0,2026-09-19,21,quantile,0.975,44.0
2026-09-19,wk inc covid hosp,0,2026-09-19,21,quantile,0.99,49.0
2026-09-19,wk inc covid hosp,0,2026-09-19,22,quantile,0.01,33.0
2026-09-19,wk inc covid hosp,0,2026-09-19,22,quantile,0.025,38.0
2026-09-19,wk inc covid hosp,0,2026-09-19,22,quantile,0.05,46.0
2026-09-19,wk inc covid hosp,0,2026-09-19,22,quantile,0.1,46.0
2026-09-19,wk inc covid hosp,0,2026-09-19,22,quantile,0.15,48.0
2026-09-19,wk inc covid hosp,0,2026-09-19,22,quantile,0.2,52.0
2026-09-19,wk inc covid hosp,0,2026-09-19,22,quantile,0.25,55.0
2026-09-19,wk inc covid hosp,0,2026-09-19,22,quantile,0.3,60.0
2026-09-19,wk inc covid hosp,0,2026-09-19,22,quantile,0.35,63.0
2026-09-19,wk inc covid hosp,0,2026-09-19,22,quantile,0.4,66.0
2026-09-19,wk inc covid hosp,0,2026-09-19,22,quantile,0.45,66.0
2026-09-19,wk inc covid hosp,0,2026-09-19,22,quantile,0.5,66.0
2026-09-19,wk inc covid hosp,0,2026-09-19,22,quantile,0.55,67.0
2026-09-19,wk inc covid hosp,0,2026-09-19,22,quantile,0.6,71.0
2026-09-19,wk inc covid hosp,0,2026-09-19,22,quantile,0.65,71.0
2026-09-19,wk inc covid hosp,0,2026-09-19,22,quantile,0.7,72.0
2026-09-19,wk inc covid hosp,0,2026-09-19,22,quantile,0.75,75.0
2026-09-19,wk inc covid hosp,0,2026-09-19,22,quantile,0.8,75.0
2026-09-19,wk inc covid hosp,0,2026-09-19,22,quantile,0.85,78.0
2026-09-19,wk inc covid hosp,0,2026-09-19,22,quantile,0.9,87.0
2026-09-19,wk inc covid hosp,0,2026-09-19,22,quantile,0.95,93.0
2026-09-19,wk inc covid hosp,0,2026-09-19,22,quantile,0.975,98.0
2026-09-19,wk inc covid hosp,0,2026-09-19,22,quantile,0.99,102.0
2026-09-19,wk inc covid hosp,0,2026-09-19,23,quantile,0.01,0.0
2026-09-19,wk inc covid hosp,0,2026-09-19,23,quantile,0.025,1.0
2026-09-19,wk inc covid hosp,0,2026-09-19,23,quantile,0.05,1.0
2026-09-19,wk inc covid hosp,0,2026-09-19,23,quantile,0.1,1.0
2026-09-19,wk inc covid hosp,0,2026-09-19,23,quantile,0.15,1.0
2026-09-19,wk inc covid hosp,0,2026-09-19,23,quantile,0.2,1.0
2026-09-19,wk inc covid hosp,0,2026-09-19,23,quantile,0.25,1.0
2026-09-19,wk inc covid hosp,0,2026-09-19,23,quantile,0.3,1.0
2026-09-19,wk inc covid hosp,0,2026-09-19,23,quantile,0.35,1.0
2026-09-19,wk inc covid hosp,0,2026-09-19,23,quantile,0.4,1.0
2026-09-19,wk inc covid hosp,0,2026-09-19,23,quantile,0.45,1.0
2026-09-19,wk inc covid hosp,0,2026-09-19,23,quantile,0.5,1.0
2026-09-19,wk inc covid hosp,0,2026-09-19,23,quantile,0.55,2.0
2026-09-19,wk inc covid hosp,0,2026-09-19,23,quantile,0.6,2.0
2026-09-19,wk inc covid hosp,0,2026-09-19,23,quantile,0.65,2.0
2026-09-19,wk inc covid hosp,0,2026-09-19,23,quantile,0.7,2.0
2026-09-19,wk inc covid hosp,0,2026-09-19,23,quantile,0.75,2.0
2026-09-19,wk inc covid hosp,0,2026-09-19,23,quantile,0.8,3.0
2026-09-19,wk inc covid hosp,0,2026-09-19,23,quantile,0.85,4.0
2026-09-19,wk inc covid hosp,0,2026-09-19,23,quantile,0.9,5.0
2026-09-19,wk inc covid hosp,0,2026-09-19,23,quantile,0.95,6.0
2026-09-19,wk inc covid hosp,0,2026-09-19,23,quantile,0.975,6.0
2026-09-19,wk inc covid hosp,0,2026-09-19,23,quantile,0.99,14.0
2026-09-19,wk inc covid hosp,0,2026-09-19,24,quantile,0.01,9.0
2026-09-19,wk inc covid hosp,0,2026-09-19,24,quantile,0.025,13.0
2026-09-19,wk inc covid hosp,0,2026-09-19,24,quantile,0.05,15.0
2026-09-19,wk inc covid hosp,0,2026-09-19,24,quantile,0.1,15.0
2026-09-19,wk inc covid hosp,0,2026-09-19,24,quantile,0.15,15.0
2026-09-19,wk inc covid hosp,0,2026-09-19,24,quantile,0.2,16.0
2026-09-19,wk inc covid hosp,0,2026-09-19,24,quantile,0.25,17.0
2026-09-19,wk inc covid hosp,0,2026-09-19,24,quantile,0.3,18.0
2026-09-19,wk inc covid hosp,0,2026-09-19,24,quantile,0.35,18.0
2026-09-19,wk inc covid hosp,0,2026-09-19,24,quantile,0.4,18.0
2026-09-19,wk inc covid hosp,0,2026-09-19,24,quantile,0.45,18.0
2026-09-19,wk inc covid hosp,0,2026-09-19,24,quantile,0.5,19.0
2026-09-19,wk inc covid hosp,0,2026-09-19,24,quantile,0.55,19.0
2026-09-19,wk inc covid hosp,0,2026-09-19,24,quantile,0.6,20.0
2026-09-19,wk inc covid hosp,0,2026-09-19,24,quantile,0.65,20.0
2026-09-19,wk inc covid hosp,0,2026-09-19,24,quantile,0.7,21.0
2026-09-19,wk inc covid hosp,0,2026-09-19,24,quantile,0.75,22.0
2026-09-19,wk inc covid hosp,0,2026-09-19,24,quantile,0.8,22.0
2026-09-19,wk inc covid hosp,0,2026-09-19,24,quantile,0.85,25.0
2026-09-19,wk inc covid hosp,0,2026-09-19,24,quantile,0.9,28.0
2026-09-19,wk inc covid hosp,0,2026-09-19,24,quantile,0.95,32.0
2026-09-19,wk inc covid hosp,0,2026-09-19,24,quantile,0.975,40.0
2026-09-19,wk inc covid hosp,0,2026-09-19,24,quantile,0.99,62.0
2026-09-19,wk inc covid hosp,0,2026-09-19,25,quantile,0.01,18.0
2026-09-19,wk inc covid hosp,0,2026-09-19,25,quantile,0.025,21.0
2026-09-19,wk inc covid hosp,0,2026-09-19,25,quantile,0.05,21.0
2026-09-19,wk inc covid hosp,0,2026-09-19,25,quantile,0.1,21.0
2026-09-19,wk inc covid hosp,0,2026-09-19,25,quantile,0.15,21.0
2026-09-19,wk inc covid hosp,0,2026-09-19,25,quantile,0.2,23.0
2026-09-19,wk inc covid hosp,0,2026-09-19,25,quantile,0.25,26.0
2026-09-19,wk inc covid hosp,0,2026-09-19,25,quantile,0.3,29.0
2026-09-19,wk inc covid hosp,0,2026-09-19,25,quantile,0.35,30.0
2026-09-19,wk inc covid hosp,0,2026-09-19,25,quantile,0.4,32.0
2026-09-19,wk inc covid hosp,0,2026-09-19,25,quantile,0.45,32.0
2026-09-19,wk inc covid hosp,0,2026-09-19,25,quantile,0.5,36.0
2026-09-19,wk inc covid hosp,0,2026-09-19,25,quantile,0.55,37.0
2026-09-19,wk inc covid hosp,0,2026-09-19,25,quantile,0.6,37.0
2026-09-19,wk inc covid hosp,0,2026-09-19,25,quantile,0.65,40.0
2026-09-19,wk inc covid hosp,0,2026-09-19,25,quantile,0.7,41.0
2026-09-19,wk inc covid hosp,0,2026-09-19,25,quantile,0.75,45.0
2026-09-19,wk inc covid hosp,0,2026-09-19,25,quantile,0.8,47.0
2026-09-19,wk inc covid hosp,0,2026-09-19,25,quantile,0.85,52.0
2026-09-19,wk inc covid hosp,0,2026-09-19,25,quantile,0.9,53.0
2026-09-19,wk inc covid hosp,0,2026-09-19,25,quantile,0.95,57.0
2026-09-19,wk inc covid hosp,0,2026-09-19,25,quantile,0.975,61.0
2026-09-19,wk inc covid hosp,0,2026-09-19,25,quantile,0.99,71.0
2026-09-19,wk inc covid hosp,0,2026-09-19,26,quantile,0.01,20.0
2026-09-19,wk inc covid hosp,0,2026-09-19,26,quantile,0.025,25.0
2026-09-19,wk inc covid hosp,0,2026-09-19,26,quantile,0.05,26.0
2026-09-19,wk inc covid hosp,0,2026-09-19,26,quantile,0.1,27.0
2026-09-19,wk inc covid hosp,0,2026-09-19,26,quantile,0.15,29.0
2026-09-19,wk inc covid hosp,0,2026-09-19,26,quantile,0.2,29.0
2026-09-19,wk inc covid hosp,0,2026-09-19,26,quantile,0.25,34.0
2026-09-19,wk inc covid hosp,0,2026-09-19,26,quantile,0.3,34.0
2026-09-19,wk inc covid hosp,0,2026-09-19,26,quantile,0.35,36.0
2026-09-19,wk inc covid hosp,0,2026-09-19,26,quantile,0.4,38.0
2026-09-19,wk inc covid hosp,0,2026-09-19,26,quantile,0.45,40.0
2026-09-19,wk inc covid hosp,0,2026-09-19,26,quantile,0.5,41.0
2026-09-19,wk inc covid hosp,0,2026-09-19,26,quantile,0.55,41.0
2026-09-19,wk inc covid hosp,0,2026-09-19,26,quantile,0.6,46.0
2026-09-19,wk inc covid hosp,0,2026-09-19,26,quantile,0.65,46.0
2026-09-19,wk inc covid hosp,0,2026-09-19,26,quantile,0.7,49.0
2026-09-19,wk inc covid hosp,0,2026-09-19,26,quantile,0.75,53.0
2026-09-19,wk inc covid hosp,0,2026-09-19,26,quantile,0.8,56.0
2026-09-19,wk inc covid hosp,0,2026-09-19,26,quantile,0.85,57.0
2026-09-19,wk inc covid hosp,0,2026-09-19,26,quantile,0.9,65.0
2026-09-19,wk inc covid hosp,0,2026-09-19,26,quantile,0.95,73.0
2026-09-19,wk inc covid hosp,0,2026-09-19,26,quantile,0.975,82.0
2026-09-19,wk inc covid hosp,0,2026-09-19,26,quantile,0.99,108.0
2026-09-19,wk inc covid hosp,0,2026-09-19,27,quantile,0.01,11.0
2026-09-19,wk inc covid hosp,0,2026-09-19,27,quantile,0.025,15.0
2026-09-19,wk inc covid hosp,0,2026-09-19,27,quantile,0.05,15.0
2026-09-19,wk inc covid hosp,0,2026-09-19,27,quantile,0.1,15.0
2026-09-19,wk inc covid hosp,0,2026-09-19,27,quantile,0.15,15.0
2026-09-19,wk inc covid hosp,0,2026-09-19,27,quantile,0.2,16.0
2026-09-19,wk inc covid hosp,0,2026-09-19,27,quantile,0.25,17.0
2026-09-19,wk inc covid hosp,0,2026-09-19,27,quantile,0.3,18.0
2026-09-19,wk inc covid hosp,0,2026-09-19,27,quantile,0.35,18.0
2026-09-19,wk inc covid hosp,0,2026-09-19,27,quantile,0.4,19.0
2026-09-19,wk inc covid hosp,0,2026-09-19,27,quantile,0.45,19.0
2026-09-19,wk inc covid hosp,0,2026-09-19,27,quantile,0.5,20.0
2026-09-19,wk inc covid hosp,0,2026-09-19,27,quantile,0.55,20.0
2026-09-19,wk inc covid hosp,0,2026-09-19,27,quantile,0.6,20.0
2026-09-19,wk inc covid hosp,0,2026-09-19,27,quantile,0.65,20.0
2026-09-19,wk inc covid hosp,0,2026-09-19,27,quantile,0.7,20.0
2026-09-19,wk inc covid hosp,0,2026-09-19,27,quantile,0.75,23.0
2026-09-19,wk inc covid hosp,0,2026-09-19,27,quantile,0.8,23.0
2026-09-19,wk inc covid hosp,0,2026-09-19,27,quantile,0.85,26.0
2026-09-19,wk inc covid hosp,0,2026-09-19,27,quantile,0.9,31.0
2026-09-19,wk inc covid hosp,0,2026-09-19,27,quantile,0.95,35.0
2026-09-19,wk inc covid hosp,0,2026-09-19,27,quantile,0.975,40.0
2026-09-19,wk inc covid hosp,0,2026-09-19,27,quantile,0.99,57.0
2026-09-19,wk inc covid hosp,0,2026-09-19,28,quantile,0.01,17.0
2026-09-19,wk inc covid hosp,0,2026-09-19,28,quantile,0.025,19.0
2026-09-19,wk inc covid hosp,0,2026-09-19,28,quantile,0.05,23.0
2026-09-19,wk inc covid hosp,0,2026-09-19,28,quantile,0.1,26.0
2026-09-19,wk inc covid hosp,0,2026-09-19,28,quantile,0.15,26.0
2026-09-19,wk inc covid hosp,0,2026-09-19,28,quantile,0.2,30.0
2026-09-19,wk inc covid hosp,0,2026-09-19,28,quantile,0.25,31.0
2026-09-19,wk inc covid hosp,0,2026-09-19,28,quantile,0.3,34.0
2026-09-19,wk inc covid hosp,0,2026-09-19,28,quantile,0.35,34.0
2026-09-19,wk inc covid hosp,0,2026-09-19,28,quantile,0.4,36.0
2026-09-19,wk inc covid hosp,0,2026-09-19,28,quantile,0.45,39.0
2026-09-19,wk inc covid hosp,0,2026-09-19,28,quantile,0.5,40.0
2026-09-19,wk inc covid hosp,0,2026-09-19,28,quantile,0.55,42.0
2026-09-19,wk inc covid hosp,0,2026-09-19,28,quantile,0.6,42.0
2026-09-19,wk inc covid hosp,0,2026-09-19,28,quantile,0.65,43.0
2026-09-19,wk inc covid hosp,0,2026-09-19,28,quantile,0.7,44.0
2026-09-19,wk inc covid hosp,0,2026-09-19,28,quantile,0.75,47.0
2026-09-19,wk inc covid hosp,0,2026-09-19,28,quantile,0.8,48.0
2026-09-19,wk inc covid hosp,0,2026-09-19,28,quantile,0.85,51.0
2026-09-19,wk inc covid hosp,0,2026-09-19,28,quantile,0.9,54.0
2026-09-19,wk inc covid hosp,0,2026-09-19,28,quantile,0.95,61.0
2026-09-19,wk inc covid hosp,0,2026-09-19,28,quantile,0.975,66.0
2026-09-19,wk inc covid hosp,0,2026-09-19,28,quantile,0.99,66.0
2026-09-19,wk inc covid hosp,0,2026-09-19,29,quantile,0.01,32.0
2026-09-19,wk inc covid hosp,0,2026-09-19,29,quantile,0.025,36.0
2026-09-19,wk inc covid hosp,0,2026-09-19,29,quantile,0.05,36.0
2026-09-19,wk inc covid hosp,0,2026-09-19,29,quantile,0.1,38.0
2026-09-19,wk inc covid hosp,0,2026-09-19,29,quantile,0.15,39.0
2026-09-19,wk inc covid hosp,0,2026-09-19,29,quantile,0.2,39.0
2026-09-19,wk inc covid hosp,0,2026-09-19,29,quantile,0.25,39.0
2026-09-19,wk inc covid hosp,0,2026-09-19,29,quantile,0.3,41.0
2026-09-19,wk inc covid hosp,0,2026-09-19,29,quantile,0.35,46.0
2026-09-19,wk inc covid hosp,0,2026-09-19,29,quantile,0.4,47.0
2026-09-19,wk inc covid hosp,0,2026-09-19,29,quantile,0.45,51.0
2026-09-19,wk inc covid hosp,0,2026-09-19,29,quantile,0.5,51.0
2026-09-19,wk inc covid hosp,0,2026-09-19,29,quantile,0.55,51.0
2026-09-19,wk inc covid hosp,0,2026-09-19,29,quantile,0.6,54.0
2026-09-19,wk inc covid hosp,0,2026-09-19,29,quantile,0.65,54.0
2026-09-19,wk inc covid hosp,0,2026-09-19,29,quantile,0.7,54.0
2026-09-19,wk inc covid hosp,0,2026-09-19,29,quantile,0.75,58.0
2026-09-19,wk inc covid hosp,0,2026-09-19,29,quantile,0.8,59.0
2026-09-19,wk inc covid hosp,0,2026-09-19,29,quantile,0.85,59.0
2026-09-19,wk inc covid hosp,0,2026-09-19,29,quantile,0.9,65.0
2026-09-19,wk inc covid hosp,0,2026-09-19,29,quantile,0.95,71.0
2026-09-19,wk inc covid hosp,0,2026-09-19,29,quantile,0.975,73.0
2026-09-19,wk inc covid hosp,0,2026-09-19,29,quantile,0.99,93.0
2026-09-19,wk inc covid hosp,0,2026-09-19,30,quantile,0.01,3.0
2026-09-19,wk inc covid hosp,0,2026-09-19,30,quantile,0.025,3.0
2026-09-19,wk inc covid hosp,0,2026-09-19,30,quantile,0.05,3.0
2026-09-19,wk inc covid hosp,0,2026-09-19,30,quantile,0.1,4.0
2026-09-19,wk inc covid hosp,0,2026-09-19,30,quantile,0.15,4.0
2026-09-19,wk inc covid hosp,0,2026-09-19,30,quantile,0.2,5.0
2026-09-19,wk inc covid hosp,0,2026-09-19,30,quantile,0.25,5.0
2026-09-19,wk inc covid hosp,0,2026-09-19,30,quantile,0.3,6.0
2026-09-19,wk inc covid hosp,0,2026-09-19,30,quantile,0.35,6.0
2026-09-19,wk inc covid hosp,0,2026-09-19,30,quantile,0.4,6.0
2026-09-19,wk inc covid hosp,0,2026-09-19,30,quantile,0.45,7.0
2026-09-19,wk inc covid hosp,0,2026-09-19,30,quantile,0.5,8.0
2026-09-19,wk inc covid hosp,0,2026-09-19,30,quantile,0.55,8.0
2026-09-19,wk inc covid hosp,0,2026-09-19,30,quantile,0.6,8.0
2026-09-19,wk inc covid hosp,0,2026-09-19,30,quantile,0.65,8.0
2026-09-19,wk inc covid hosp,0,2026-09-19,30,quantile,0.7,8.0
2026-09-19,wk inc covid hosp,0,2026-09-19,30,quantile,0.75,9.0
2026-09-19,wk inc covid hosp,0,2026-09-19,30,quantile,0.8,9.0
2026-09-19,wk inc covid hosp,0,2026-09-19,30,quantile,0.85,10.0
2026-09-19,wk inc covid hosp,0,2026-09-19,30,quantile,0.9,10.0
2026-09-19,wk inc covid hosp,0,2026-09-19,30,quantile,0.95,12.0
2026-09-19,wk inc covid hosp,0,2026-09-19,30,quantile,0.975,12.0
2026-09-19,wk inc covid hosp,0,2026-09-19,30,quantile,0.99,14.0
2026-09-19,wk inc covid hosp,0,2026-09-19,31,quantile,0.01,1.0
2026-09-19,wk inc covid hosp,0,2026-09-19,31,quantile,0.025,3.0
2026-09-19,wk inc covid hosp,0,2026-09-19,31,quantile,0.05,3.0
2026-09-19,wk inc covid hosp,0,2026-09-19,31,quantile,0.1,3.0
2026-09-19,wk inc covid hosp,0,2026-09-19,31,quantile,0.15,4.0
2026-09-19,wk inc covid hosp,0,2026-09-19,31,quantile,0.2,4.0
2026-09-19,wk inc covid hosp,0,2026-09-19,31,quantile,0.25,5.0
2026-09-19,wk inc covid hosp,0,2026-09-19,31,quantile,0.3,6.0
2026-09-19,wk inc covid hosp,0,2026-09-19,31,quantile,0.35,6.0
2026-09-19,wk inc covid hosp,0,2026-09-19,31,quantile,0.4,6.0
2026-09-19,wk inc covid hosp,0,2026-09-19,31,quantile,0.45,6.0
2026-09-19,wk inc covid hosp,0,2026-09-19,31,quantile,0.5,7.0
2026-09-19,wk inc covid hosp,0,2026-09-19,31,quantile,0.55,8.0
2026-09-19,wk inc covid hosp,0,2026-09-19,31,quantile,0.6,8.0
2026-09-19,wk inc covid hosp,0,2026-09-19,31,quantile,0.65,8.0
2026-09-19,wk inc covid hosp,0,2026-09-19,31,quantile,0.7,8.0
2026-09-19,wk inc covid hosp,0,2026-09-19,31,quantile,0.75,9.0
2026-09-19,wk inc covid hosp,0,2026-09-19,31,quantile,0.8,9.0
2026-09-19,wk inc covid hosp,0,2026-09-19,31,quantile,0.85,10.0
2026-09-19,wk inc covid hosp,0,2026-09-19,31,quantile,0.9,11.0
2026-09-19,wk inc covid hosp,0,2026-09-19,31,quantile,0.95,12.0
2026-09-19,wk inc covid hosp,0,2026-09-19,31,quantile,0.975,14.0
2026-09-19,wk inc covid hosp,0,2026-09-19,31,quantile,0.99,21.0
2026-09-19,wk inc covid hosp,0,2026-09-19,32,quantile,0.01,14.0
2026-09-19,wk inc covid hosp,0,2026-09-19,32,quantile,0.025,18.0
2026-09-19,wk inc covid hosp,0,2026-09-19,32,quantile,0.05,23.0
2026-09-19,wk inc covid hosp,0,2026-09-19,32,quantile,0.1,26.0
2026-09-19,wk inc covid hosp,0,2026-09-19,32,quantile,0.15,26.0
2026-09-19,wk inc covid hosp,0,2026-09-19,32,quantile,0.2,28.0
2026-09-19,wk inc covid hosp,0,2026-09-19,32,quantile,0.25,29.0
2026-09-19,wk inc covid hosp,0,2026-09-19,32,quantile,0.3,30.0
2026-09-19,wk inc covid hosp,0,2026-09-19,32,quantile,0.35,32.0
2026-09-19,wk inc covid hosp,0,2026-09-19,32,quantile,0.4,32.0
2026-09-19,wk inc covid hosp,0,2026-09-19,32,quantile,0.45,34.0
2026-09-19,wk inc covid hosp,0,2026-09-19,32,quantile,0.5,34.0
2026-09-19,wk inc covid hosp,0,2026-09-19,32,quantile,0.55,38.0
2026-09-19,wk inc covid hosp,0,2026-09-19,32,quantile,0.6,38.0
2026-09-19,wk inc covid hosp,0,2026-09-19,32,quantile,0.65,42.0
2026-09-19,wk inc covid hosp,0,2026-09-19,32,quantile,0.7,42.0
2026-09-19,wk inc covid hosp,0,2026-09-19,32,quantile,0.75,44.0
2026-09-19,wk inc covid hosp,0,2026-09-19,32,quantile,0.8,46.0
2026-09-19,wk inc covid hosp,0,2026-09-19,32,quantile,0.85,49.0
2026-09-19,wk inc covid hosp,0,2026-09-19,32,quantile,0.9,53.0
2026-09-19,wk inc covid hosp,0,2026-09-19,32,quantile,0.95,62.0
2026-09-19,wk inc covid hosp,0,2026-09-19,32,quantile,0.975,63.0
2026-09-19,wk inc covid hosp,0,2026-09-19,32,quantile,0.99,68.0
2026-09-19,wk inc covid hosp,0,2026-09-19,33,quantile,0.01,1.0
2026-09-19,wk inc covid hosp,0,2026-09-19,33,quantile,0.025,3.0
2026-09-19,wk inc covid hosp,0,2026-09-19,33,quantile,0.05,3.0
2026-09-19,wk inc covid hosp,0,2026-09-19,33,quantile,0.1,4.0
2026-09-19,wk inc covid hosp,0,2026-09-19,33,quantile,0.15,4.0
2026-09-19,wk inc covid hosp,0,2026-09-19,33,quantile,0.2,5.0
2026-09-19,wk inc covid hosp,0,2026-09-19,33,quantile,0.25,5.0
2026-09-19,wk inc covid hosp,0,2026-09-19,33,quantile,0.3,5.0
2026-09-19,wk inc covid hosp,0,2026-09-19,33,quantile,0.35,5.0
2026-09-19,wk inc covid hosp,0,2026-09-19,33,quantile,0.4,6.0
2026-09-19,wk inc covid hosp,0,2026-09-19,33,quantile,0.45,6.0
2026-09-19,wk inc covid hosp,0,2026-09-19,33,quantile,0.5,6.0
2026-09-19,wk inc covid hosp,0,2026-09-19,33,quantile,0.55,6.0
2026-09-19,wk inc covid hosp,0,2026-09-19,33,quantile,0.6,6.0
2026-09-19,wk inc covid hosp,0,2026-09-19,33,quantile,0.65,6.0
2026-09-19,wk inc covid hosp,0,2026-09-19,33,quantile,0.7,6.0
2026-09-19,wk inc covid hosp,0,2026-09-19,33,quantile,0.75,7.0
2026-09-19,wk inc covid hosp,0,2026-09-19,33,quantile,0.8,7.0
2026-09-19,wk inc covid hosp,0,2026-09-19,33,quantile,0.85,7.0
2026-09-19,wk inc covid hosp,0,2026-09-19,33,quantile,0.9,8.0
2026-09-19,wk inc covid hosp,0,2026-09-19,33,quantile,0.95,9.0
2026-09-19,wk inc covid hosp,0,2026-09-19,33,quantile,0.975,10.0
2026-09-19,wk inc covid hosp,0,2026-09-19,33,quantile,0.99,14.0
2026-09-19,wk inc covid hosp,0,2026-09-19,34,quantile,0.01,59.0
2026-09-19,wk inc covid hosp,0,2026-09-19,34,quantile,0.025,69.0
2026-09-19,wk inc covid hosp,0,2026-09-19,34,quantile,0.05,73.0
2026-09-19,wk inc covid hosp,0,2026-09-19,34,quantile,0.1,76.0
2026-09-19,wk inc covid hosp,0,2026-09-19,34,quantile,0.15,79.0
2026-09-19,wk inc covid hosp,0,2026-09-19,34,quantile,0.2,82.0
2026-09-19,wk inc covid hosp,0,2026-09-19,34,quantile,0.25,82.0
2026-09-19,wk inc covid hosp,0,2026-09-19,34,quantile,0.3,86.0
2026-09-19,wk inc covid hosp,0,2026-09-19,34,quantile,0.35,88.0
2026-09-19,wk inc covid hosp,0,2026-09-19,34,quantile,0.4,88.0
2026-09-19,wk inc covid hosp,0,2026-09-19,34,quantile,0.45,91.0
2026-09-19,wk inc covid hosp,0,2026-09-19,34,quantile,0.5,97.0
2026-09-19,wk inc covid hosp,0,2026-09-19,34,quantile,0.55,97.0
2026-09-19,wk inc covid hosp,0,2026-09-19,34,quantile,0.6,100.0
2026-09-19,wk inc covid hosp,0,2026-09-19,34,quantile,0.65,104.0
2026-09-19,wk inc covid hosp,0,2026-09-19,34,quantile,0.7,111.0
2026-09-19,wk inc covid hosp,0,2026-09-19,34,quantile,0.75,111.0
2026-09-19,wk inc covid hosp,0,2026-09-19,34,quantile,0.8,116.0
2026-09-19,wk inc covid hosp,0,2026-09-19,34,quantile,0.85,116.0
2026-09-19,wk inc covid hosp,0,2026-09-19,34,quantile,0.9,121.0
2026-09-19,wk inc covid hosp,0,2026-09-19,34,quantile,0.95,128.0
2026-09-19,wk inc covid hosp,0,2026-09-19,34,quantile,0.975,139.0
2026-09-19,wk inc covid hosp,0,2026-09-19,34,quantile,0.99,153.0
2026-09-19,wk inc covid hosp,0,2026-09-19,35,quantile,0.01,8.0
2026-09-19,wk inc covid hosp,0,2026-09-19,35,quantile,0.025,9.0
2026-09-19,wk inc covid hosp,0,2026-09-19,35,quantile,0.05,10.0
2026-09-19,wk inc covid hosp,0,2026-09-19,35,quantile,0.1,12.0
2026-09-19,wk inc covid hosp,0,2026-09-19,35,quantile,0.15,12.0
2026-09-19,wk inc covid hosp,0,2026-09-19,35,quantile,0.2,14.0
2026-09-19,wk inc covid hosp,0,2026-09-19,35,quantile,0.25,14.0
2026-09-19,wk inc covid hosp,0,2026-09-19,35,quantile,0.3,14.0
2026-09-19,wk inc covid hosp,0,2026-09-19,35,quantile,0.35,16.0
2026-09-19,wk inc covid hosp,0,2026-09-19,35,quantile,0.4,18.0
2026-09-19,wk inc covid hosp,0,2026-09-19,35,quantile,0.45,20.0
2026-09-19,wk inc covid hosp,0,2026-09-19,35,quantile,0.5,20.0
2026-09-19,wk inc covid hosp,0,2026-09-19,35,quantile,0.55,20.0
2026-09-19,wk inc covid hosp,0,2026-09-19,35,quantile,0.6,21.0
2026-09-19,wk inc covid hosp,0,2026-09-19,35,quantile,0.65,21.0
2026-09-19,wk inc covid hosp,0,2026-09-19,35,quantile,0.7,21.0
2026-09-19,wk inc covid hosp,0,2026-09-19,35,quantile,0.75,22.0
2026-09-19,wk inc covid hosp,0,2026-09-19,35,quantile,0.8,22.0
2026-09-19,wk inc covid hosp,0,2026-09-19,35,quantile,0.85,22.0
2026-09-19,wk inc covid hosp,0,2026-09-19,35,quantile,0.9,24.0
2026-09-19,wk inc covid hosp,0,2026-09-19,35,quantile,0.95,28.0
2026-09-19,wk inc covid hosp,0,2026-09-19,35,quantile,0.975,30.0
2026-09-19,wk inc covid hosp,0,2026-09-19,35,quantile,0.99,38.0
2026-09-19,wk inc covid hosp,0,2026-09-19,36,quantile,0.01,107.0
2026-09-19,wk inc covid hosp,0,2026-09-19,36,quantile,0.025,130.0
2026-09-19,wk inc covid hosp,0,2026-09-19,36,quantile,0.05,141.0
2026-09-19,wk inc covid hosp,0,2026-09-19,36,quantile,0.1,148.0
2026-09-19,wk inc covid hosp,0,2026-09-19,36,quantile,0.15,153.0
2026-09-19,wk inc covid hosp,0,2026-09-19,36,quantile,0.2,167.0
2026-09-19,wk inc covid hosp,0,2026-09-19,36,quantile,0.25,169.0
2026-09-19,wk inc covid hosp,0,2026-09-19,36,quantile,0.3,183.0
2026-09-19,wk inc covid hosp,0,2026-09-19,36,quantile,0.35,187.0
2026-09-19,wk inc covid hosp,0,2026-09-19,36,quantile,0.4,189.0
2026-09-19,wk inc covid hosp,0,2026-09-19,36,quantile,0.45,198.0
2026-09-19,wk inc covid hosp,0,2026-09-19,36,quantile,0.5,201.0
2026-09-19,wk inc covid hosp,0,2026-09-19,36,quantile,0.55,211.0
2026-09-19,wk inc covid hosp,0,2026-09-19,36,quantile,0.6,211.0
2026-09-19,wk inc covid hosp,0,2026-09-19,36,quantile,0.65,217.0
2026-09-19,wk inc covid hosp,0,2026-09-19,36,quantile,0.7,224.0
2026-09-19,wk inc covid hosp,0,2026-09-19,36,quantile,0.75,224.0
2026-09-19,wk inc covid hosp,0,2026-09-19,36,quantile,0.8,229.0
2026-09-19,wk inc covid hosp,0,2026-09-19,36,quantile,0.85,229.0
2026-09-19,wk inc covid hosp,0,2026-09-19,36,quantile,0.9,235.0
2026-09-19,wk inc covid hosp,0,2026-09-19,36,quantile,0.95,255.0
2026-09-19,wk inc covid hosp,0,2026-09-19,36,quantile,0.975,274.0
2026-09-19,wk inc covid hosp,0,2026-09-19,36,quantile,0.99,321.0
2026-09-19,wk inc covid hosp,0,2026-09-19,37,quantile,0.01,87.0
2026-09-19,wk inc covid hosp,0,2026-09-19,37,quantile,0.025,96.0
2026-09-19,wk inc covid hosp,0,2026-09-19,37,quantile,0.05,115.0
2026-09-19,wk inc covid hosp,0,2026-09-19,37,quantile,0.1,128.0
2026-09-19,wk inc covid hosp,0,2026-09-19,37,quantile,0.15,148.0
2026-09-19,wk inc covid hosp,0,2026-09-19,37,quantile,0.2,156.0
2026-09-19,wk inc covid hosp,0,2026-09-19,37,quantile,0.25,166.0
2026-09-19,wk inc covid hosp,0,2026-09-19,37,quantile,0.3,168.0
2026-09-19,wk inc covid hosp,0,2026-09-19,37,quantile,0.35,168.0
2026-09-19,wk inc covid hosp,0,2026-09-19,37,quantile,0.4,168.0
2026-09-19,wk inc covid hosp,0,2026-09-19,37,quantile,0.45,174.0
2026-09-19,wk inc covid hosp,0,2026-09-19,37,quantile,0.5,174.0
2026-09-19,wk inc covid hosp,0,2026-09-19,37,quantile,0.55,182.0
2026-09-19,wk inc covid hosp,0,2026-09-19,37,quantile,0.6,187.0
2026-09-19,wk inc covid hosp,0,2026-09-19,37,quantile,0.65,189.0
2026-09-19,wk inc covid hosp,0,2026-09-19,37,quantile,0.7,191.0
2026-09-19,wk inc covid hosp,0,2026-09-19,37,quantile,0.75,191.0
2026-09-19,wk inc covid hosp,0,2026-09-19,37,quantile,0.8,191.0
2026-09-19,wk inc covid hosp,0,2026-09-19,37,quantile,0.85,193.0
2026-09-19,wk inc covid hosp,0,2026-09-19,37,quantile,0.9,201.0
2026-09-19,wk inc covid hosp,0,2026-09-19,37,quantile,0.95,214.0
2026-09-19,wk inc covid hosp,0,2026-09-19,37,quantile,0.975,228.0
2026-09-19,wk inc covid hosp,0,2026-09-19,37,quantile,0.99,243.0
2026-09-19,wk inc covid hosp,0,2026-09-19,38,quantile,0.01,0.0
2026-09-19,wk inc covid hosp,0,2026-09-19,38,quantile,0.025,1.0
2026-09-19,wk inc covid hosp,0,2026-09-19,38,quantile,0.05,1.0
2026-09-19,wk inc covid hosp,0,2026-09-19,38,quantile,0.1,1.0
2026-09-19,wk inc covid hosp,0,2026-09-19,38,quantile,0.15,1.0
2026-09-19,wk inc covid hosp,0,2026-09-19,38,quantile,0.2,1.0
2026-09-19,wk inc covid hosp,0,2026-09-19,38,quantile,0.25,1.0
2026-09-19,wk inc covid hosp,0,2026-09-19,38,quantile,0.3,1.0
2026-09-19,wk inc covid hosp,0,2026-09-19,38,quantile,0.35,1.0
2026-09-19,wk inc covid hosp,0,2026-09-19,38,quantile,0.4,1.0
2026-09-19,wk inc covid hosp,0,2026-09-19,38,quantile,0.45,1.0
2026-09-19,wk inc covid hosp,0,2026-09-19,38,quantile,0.5,2.0
2026-09-19,wk inc covid hosp,0,2026-09-19,38,quantile,0.55,2.0
2026-09-19,wk inc covid hosp,0,2026-09-19,38,quantile,0.6,3.0
2026-09-19,wk inc covid hosp,0,2026-09-19,38,quantile,0.65,3.0
2026-09-19,wk inc covid hosp,0,2026-09-19,38,quantile,0.7,3.0
2026-09-19,wk inc covid hosp,0,2026-09-19,38,quantile,0.75,3.0
2026-09-19,wk inc covid hosp,0,2026-09-19,38,quantile,0.8,3.0
2026-09-19,wk inc covid hosp,0,2026-09-19,38,quantile,0.85,4.0
2026-09-19,wk inc covid hosp,0,2026-09-19,38,quantile,0.9,4.0
2026-09-19,wk inc covid hosp,0,2026-09-19,38,quantile,0.95,4.0
2026-09-19,wk inc covid hosp,0,2026-09-19,38,quantile,0.975,6.0
2026-09-19,wk inc covid hosp,0,2026-09-19,38,quantile,0.99,8.0
2026-09-19,wk inc covid hosp,0,2026-09-19,39,quantile,0.01,41.0
2026-09-19,wk inc covid hosp,0,2026-09-19,39,quantile,0.025,47.0
2026-09-19,wk inc covid hosp,0,2026-09-19,39,quantile,0.05,47.0
2026-09-19,wk inc covid hosp,0,2026-09-19,39,quantile,0.1,59.0
2026-09-19,wk inc covid hosp,0,2026-09-19,39,quantile,0.15,59.0
2026-09-19,wk inc covid hosp,0,2026-09-19,39,quantile,0.2,62.0
2026-09-19,wk inc covid hosp,0,2026-09-19,39,quantile,0.25,65.0
2026-09-19,wk inc covid hosp,0,2026-09-19,39,quantile,0.3,69.0
2026-09-19,wk inc covid hosp,0,2026-09-19,39,quantile,0.35,71.0
2026-09-19,wk inc covid hosp,0,2026-09-19,39,quantile,0.4,72.0
2026-09-19,wk inc covid hosp,0,2026-09-19,39,quantile,0.45,73.0
2026-09-19,wk inc covid hosp,0,2026-09-19,39,quantile,0.5,73.0
2026-09-19,wk inc covid hosp,0,2026-09-19,39,quantile,0.55,73.0
2026-09-19,wk inc covid hosp,0,2026-09-19,39,quantile,0.6,75.0
2026-09-19,wk inc covid hosp,0,2026-09-19,39,quantile,0.65,75.0
2026-09-19,wk inc covid hosp,0,2026-09-19,39,quantile,0.7,75.0
2026-09-19,wk inc covid hosp,0,2026-09-19,39,quantile,0.75,79.0
2026-09-19,wk inc covid hosp,0,2026-09-19,39,quantile,0.8,81.0
2026-09-19,wk inc covid hosp,0,2026-09-19,39,quantile,0.85,84.0
2026-09-19,wk inc covid hosp,0,2026-09-19,39,quantile,0.9,86.0
2026-09-19,wk inc covid hosp,0,2026-09-19,39,quantile,0.95,99.0
2026-09-19,wk inc covid hosp,0,2026-09-19,39,quantile,0.975,115.0
2026-09-19,wk inc covid hosp,0,2026-09-19,39,quantile,0.99,123.0
2026-09-19,wk inc covid hosp,0,2026-09-19,40,quantile,0.01,15.0
2026-09-19,wk inc covid hosp,0,2026-09-19,40,quantile,0.025,16.0
2026-09-19,wk inc covid hosp,0,2026-09-19,40,quantile,0.05,17.0
2026-09-19,wk inc covid hosp,0,2026-09-19,40,quantile,0.1,19.0
2026-09-19,wk inc covid hosp,0,2026-09-19,40,quantile,0.15,20.0
2026-09-19,wk inc covid hosp,0,2026-09-19,40,quantile,0.2,22.0
2026-09-19,wk inc covid hosp,0,2026-09-19,40,quantile,0.25,22.0
2026-09-19,wk inc covid hosp,0,2026-09-19,40,quantile,0.3,25.0
2026-09-19,wk inc covid hosp,0,2026-09-19,40,quantile,0.35,25.0
2026-09-19,wk inc covid hosp,0,2026-09-19,40,quantile,0.4,26.0
2026-09-19,wk inc covid hosp,0,2026-09-19,40,quantile,0.45,26.0
2026-09-19,wk inc covid hosp,0,2026-09-19,40,quantile,0.5,27.0
2026-09-19,wk inc covid hosp,0,2026-09-19,40,quantile,0.55,27.0
2026-09-19,wk inc covid hosp,0,2026-09-19,40,quantile,0.6,28.0
2026-09-19,wk inc covid hosp,0,2026-09-19,40,quantile,0.65,29.0
2026-09-19,wk inc covid hosp,0,2026-09-19,40,quantile,0.7,30.0
2026-09-19,wk inc covid hosp,0,2026-09-19,40,quantile,0.75,31.0
2026-09-19,wk inc covid hosp,0,2026-09-19,40,quantile,0.8,32.0
2026-09-19,wk inc covid hosp,0,2026-09-19,40,quantile,0.85,34.0
2026-09-19,wk inc covid hosp,0,2026-09-19,40,quantile,0.9,36.0
2026-09-19,wk inc covid hosp,0,2026-09-19,40,quantile,0.95,40.0
2026-09-19,wk inc covid hosp,0,2026-09-19,40,quantile,0.975,40.0
2026-09-19,wk inc covid hosp,0,2026-09-19,40,quantile,0.99,47.0
2026-09-19,wk inc covid hosp,0,2026-09-19,41,quantile,0.01,11.0
2026-09-19,wk inc covid hosp,0,2026-09-19,41,quantile,0.025,14.0
2026-09-19,wk inc covid hosp,0,2026-09-19,41,quantile,0.05,16.0
2026-09-19,wk inc covid hosp,0,2026-09-19,41,quantile,0.1,16.0
2026-09-19,wk inc covid hosp,0,2026-09-19,41,quantile,0.15,18.0
2026-09-19,wk inc covid hosp,0,2026-09-19,41,quantile,0.2,19.0
2026-09-19,wk inc covid hosp,0,2026-09-19,41,quantile,0.25,19.0
2026-09-19,wk inc covid hosp,0,2026-09-19,41,quantile,0.3,21.0
2026-09-19,wk inc covid hosp,0,2026-09-19,41,quantile,0.35,22.0
2026-09-19,wk inc covid hosp,0,2026-09-19,41,quantile,0.4,23.0
2026-09-19,wk inc covid hosp,0,2026-09-19,41,quantile,0.45,25.0
2026-09-19,wk inc covid hosp,0,2026-09-19,41,quantile,0.5,25.0
2026-09-19,wk inc covid hosp,0,2026-09-19,41,quantile,0.55,28.0
2026-09-19,wk inc covid hosp,0,2026-09-19,41,quantile,0.6,29.0
2026-09-19,wk inc covid hosp,0,2026-09-19,41,quantile,0.65,32.0
2026-09-19,wk inc covid hosp,0,2026-09-19,41,quantile,0.7,32.0
2026-09-19,wk inc covid hosp,0,2026-09-19,41,quantile,0.75,34.0
2026-09-19,wk inc covid hosp,0,2026-09-19,41,quantile,0.8,38.0
2026-09-19,wk inc covid hosp,0,2026-09-19,41,quantile,0.85,38.0
2026-09-19,wk inc covid hosp,0,2026-09-19,41,quantile,0.9,39.0
2026-09-19,wk inc covid hosp,0,2026-09-19,41,quantile,0.95,43.0
2026-09-19,wk inc covid hosp,0,2026-09-19,41,quantile,0.975,45.0
2026-09-19,wk inc covid hosp,0,2026-09-19,41,quantile,0.99,51.0
2026-09-19,wk inc covid hosp,0,2026-09-19,42,quantile,0.01,72.0
2026-09-19,wk inc covid hosp,0,2026-09-19,42,quantile,0.025,84.0
2026-09-19,wk inc covid hosp,0,2026-09-19,42,quantile,0.05,98.0
2026-09-19,wk inc covid hosp,0,2026-09-19,42,quantile,0.1,110.0
2026-09-19,wk inc covid hosp,0,2026-09-19,42,quantile,0.15,118.0
2026-09-19,wk inc covid hosp,0,2026-09-19,42,quantile,0.2,118.0
2026-09-19,wk inc covid hosp,0,2026-09-19,42,quantile,0.25,119.0
2026-09-19,wk inc covid hosp,0,2026-09-19,42,quantile,0.3,128.0
2026-09-19,wk inc covid hosp,0,2026-09-19,42,quantile,0.35,130.0
2026-09-19,wk inc covid hosp,0,2026-09-19,42,quantile,0.4,130.0
2026-09-19,wk inc covid hosp,0,2026-09-19,42,quantile,0.45,133.0
2026-09-19,wk inc covid hosp,0,2026-09-19,42,quantile,0.5,140.0
2026-09-19,wk inc covid hosp,0,2026-09-19,42,quantile,0.55,140.0
2026-09-19,wk inc covid hosp,0,2026-09-19,42,quantile,0.6,145.0
2026-09-19,wk inc covid hosp,0,2026-09-19,42,quantile,0.65,146.0
2026-09-19,wk inc covid hosp,0,2026-09-19,42,quantile,0.7,152.0
2026-09-19,wk inc covid hosp,0,2026-09-19,42,quantile,0.75,154.0
2026-09-19,wk inc covid hosp,0,2026-09-19,42,quantile,0.8,156.0
2026-09-19,wk inc covid hosp,0,2026-09-19,42,quantile,0.85,156.0
2026-09-19,wk inc covid hosp,0,2026-09-19,42,quantile,0.9,159.0
2026-09-19,wk inc covid hosp,0,2026-09-19,42,quantile,0.95,168.0
2026-09-19,wk inc covid hosp,0,2026-09-19,42,quantile,0.975,184.0
2026-09-19,wk inc covid hosp,0,2026-09-19,42,quantile,0.99,212.0
2026-09-19,wk inc covid hosp,0,2026-09-19,44,quantile,0.01,3.0
2026-09-19,wk inc covid hosp,0,2026-09-19,44,quantile,0.025,4.0
2026-09-19,wk inc covid hosp,0,2026-09-19,44,quantile,0.05,4.0
2026-09-19,wk inc covid hosp,0,2026-09-19,44,quantile,0.1,4.0
2026-09-19,wk inc covid hosp,0,2026-09-19,44,quantile,0.15,4.0
2026-09-19,wk inc covid hosp,0,2026-09-19,44,quantile,0.2,6.0
2026-09-19,wk inc covid hosp,0,2026-09-19,44,quantile,0.25,6.0
2026-09-19,wk inc covid hosp,0,2026-09-19,44,quantile,0.3,6.0
2026-09-19,wk inc covid hosp,0,2026-09-19,44,quantile,0.35,6.0
2026-09-19,wk inc covid hosp,0,2026-09-19,44,quantile,0.4,7.0
2026-09-19,wk inc covid hosp,0,2026-09-19,44,quantile,0.45,8.0
2026-09-19,wk inc covid hosp,0,2026-09-19,44,quantile,0.5,9.0
2026-09-19,wk inc covid hosp,0,2026-09-19,44,quantile,0.55,9.0
2026-09-19,wk inc covid hosp,0,2026-09-19,44,quantile,0.6,9.0
2026-09-19,wk inc covid hosp,0,2026-09-19,44,quantile,0.65,9.0
2026-09-19,wk inc covid hosp,0,2026-09-19,44,quantile,0.7,9.0
2026-09-19,wk inc covid hosp,0,2026-09-19,44,quantile,0.75,10.0
2026-09-19,wk inc covid hosp,0,2026-09-19,44,quantile,0.8,10.0
2026-09-19,wk inc covid hosp,0,2026-09-19,44,quantile,0.85,10.0
2026-09-19,wk inc covid hosp,0,2026-09-19,44,quantile,0.9,11.0
2026-09-19,wk inc covid hosp,0,2026-09-19,44,quantile,0.95,13.0
2026-09-19,wk inc covid hosp,0,2026-09-19,44,quantile,0.975,14.0
2026-09-19,wk inc covid hosp,0,2026-09-19,44,quantile,0.99,16.0
2026-09-19,wk inc covid hosp,0,2026-09-19,45,quantile,0.01,36.0
2026-09-19,wk inc covid hosp,0,2026-09-19,45,quantile,0.025,43.0
2026-09-19,wk inc covid hosp,0,2026-09-19,45,quantile,0.05,48.0
2026-09-19,wk inc covid hosp,0,2026-09-19,45,quantile,0.1,52.0
2026-09-19,wk inc covid hosp,0,2026-09-19,45,quantile,0.15,57.0
2026-09-19,wk inc covid hosp,0,2026-09-19,45,quantile,0.2,59.0
2026-09-19,wk inc covid hosp,0,2026-09-19,45,quantile,0.25,62.0
2026-09-19,wk inc covid hosp,0,2026-09-19,45,quantile,0.3,64.0
2026-09-19,wk inc covid hosp,0,2026-09-19,45,quantile,0.35,67.0
2026-09-19,wk inc covid hosp,0,2026-09-19,45,quantile,0.4,67.0
2026-09-19,wk inc covid hosp,0,2026-09-19,45,quantile,0.45,70.0
2026-09-19,wk inc covid hosp,0,2026-09-19,45,quantile,0.5,70.0
2026-09-19,wk inc covid hosp,0,2026-09-19,45,quantile,0.55,75.0
2026-09-19,wk inc covid hosp,0,2026-09-19,45,quantile,0.6,79.0
2026-09-19,wk inc covid hosp,0,2026-09-19,45,quantile,0.65,80.0
2026-09-19,wk inc covid hosp,0,2026-09-19,45,quantile,0.7,84.0
2026-09-19,wk inc covid hosp,0,2026-09-19,45,quantile,0.75,85.0
2026-09-19,wk inc covid hosp,0,2026-09-19,45,quantile,0.8,86.0
2026-09-19,wk inc covid hosp,0,2026-09-19,45,quantile,0.85,90.0
2026-09-19,wk inc covid hosp,0,2026-09-19,45,quantile,0.9,95.0
2026-09-19,wk inc covid hosp,0,2026-09-19,45,quantile,0.95,101.0
2026-09-19,wk inc covid hosp,0,2026-09-19,45,quantile,0.975,109.0
2026-09-19,wk inc covid hosp,0,2026-09-19,45,quantile,0.99,116.0
2026-09-19,wk inc covid hosp,0,2026-09-19,46,quantile,0.01,1.0
2026-09-19,wk inc covid hosp,0,2026-09-19,46,quantile,0.025,2.0
2026-09-19,wk inc covid hosp,0,2026-09-19,46,quantile,0.05,2.0
2026-09-19,wk inc covid hosp,0,2026-09-19,46,quantile,0.1,3.0
2026-09-19,wk inc covid hosp,0,2026-09-19,46,quantile,0.15,3.0
2026-09-19,wk inc covid hosp,0,2026-09-19,46,quantile,0.2,4.0
2026-09-19,wk inc covid hosp,0,2026-09-19,46,quantile,0.25,4.0
2026-09-19,wk inc covid hosp,0,2026-09-19,46,quantile,0.3,4.0
2026-09-19,wk inc covid hosp,0,2026-09-19,46,quantile,0.35,4.0
2026-09-19,wk inc covid hosp,0,2026-09-19,46,quantile,0.4,4.0
2026-09-19,wk inc covid hosp,0,2026-09-19,46,quantile,0.45,4.0
2026-09-19,wk inc covid hosp,0,2026-09-19,46,quantile,0.5,4.0
2026-09-19,wk inc covid hosp,0,2026-09-19,46,quantile,0.55,5.0
2026-09-19,wk inc covid hosp,0,2026-09-19,46,quantile,0.6,5.0
2026-09-19,wk inc covid hosp,0,2026-09-19,46,quantile,0.65,5.0
2026-09-19,wk inc covid hosp,0,2026-09-19,46,quantile,0.7,5.0
2026-09-19,wk inc covid hosp,0,2026-09-19,46,quantile,0.75,5.0
2026-09-19,wk inc covid hosp,0,2026-09-19,46,quantile,0.8,5.0
2026-09-19,wk inc covid hosp,0,2026-09-19,46,quantile,0.85,6.0
2026-09-19,wk inc covid hosp,0,2026-09-19,46,quantile,0.9,6.0
2026-09-19,wk inc covid hosp,0,2026-09-19,46,quantile,0.95,8.0
2026-09-19,wk inc covid hosp,0,2026-09-19,46,quantile,0.975,8.0
2026-09-19,wk inc covid hosp,0,2026-09-19,46,quantile,0.99,9.0
2026-09-19,wk inc covid hosp,0,2026-09-19,47,quantile,0.01,42.0
2026-09-19,wk inc covid hosp,0,2026-09-19,47,quantile,0.025,47.0
2026-09-19,wk inc covid hosp,0,2026-09-19,47,quantile,0.05,54.0
2026-09-19,wk inc covid hosp,0,2026-09-19,47,quantile,0.1,56.0
2026-09-19,wk inc covid hosp,0,2026-09-19,47,quantile,0.15,58.0
2026-09-19,wk inc covid hosp,0,2026-09-19,47,quantile,0.2,65.0
2026-09-19,wk inc covid hosp,0,2026-09-19,47,quantile,0.25,65.0
2026-09-19,wk inc covid hosp,0,2026-09-19,47,quantile,0.3,67.0
2026-09-19,wk inc covid hosp,0,2026-09-19,47,quantile,0.35,70.0
2026-09-19,wk inc covid hosp,0,2026-09-19,47,quantile,0.4,73.0
2026-09-19,wk inc covid hosp,0,2026-09-19,47,quantile,0.45,73.0
2026-09-19,wk inc covid hosp,0,2026-09-19,47,quantile,0.5,75.0
2026-09-19,wk inc covid hosp,0,2026-09-19,47,quantile,0.55,76.0
2026-09-19,wk inc covid hosp,0,2026-09-19,47,quantile,0.6,77.0
2026-09-19,wk inc covid hosp,0,2026-09-19,47,quantile,0.65,80.0
2026-09-19,wk inc covid hosp,0,2026-09-19,47,quantile,0.7,86.0
2026-09-19,wk inc covid hosp,0,2026-09-19,47,quantile,0.75,87.0
2026-09-19,wk inc covid hosp,0,2026-09-19,47,quantile,0.8,91.0
2026-09-19,wk inc covid hosp,0,2026-09-19,47,quantile,0.85,91.0
2026-09-19,wk inc covid hosp,0,2026-09-19,47,quantile,0.9,94.0
2026-09-19,wk inc covid hosp,0,2026-09-19,47,quantile,0.95,97.0
2026-09-19,wk inc covid hosp,0,2026-09-19,47,quantile,0.975,102.0
2026-09-19,wk inc covid hosp,0,2026-09-19,47,quantile,0.99,114.0
2026-09-19,wk inc covid hosp,0,2026-09-19,48,quantile,0.01,237.0
2026-09-19,wk inc covid hosp,0,2026-09-19,48,quantile,0.025,276.0
2026-09-19,wk inc covid hosp,0,2026-09-19,48,quantile,0.05,313.0
2026-09-19,wk inc covid hosp,0,2026-09-19,48,quantile,0.1,324.0
2026-09-19,wk inc covid hosp,0,2026-09-19,48,quantile,0.15,349.0
2026-09-19,wk inc covid hosp,0,2026-09-19,48,quantile,0.2,370.0
2026-09-19,wk inc covid hosp,0,2026-09-19,48,quantile,0.25,370.0
2026-09-19,wk inc covid hosp,0,2026-09-19,48,quantile,0.3,388.0
2026-09-19,wk inc covid hosp,0,2026-09-19,48,quantile,0.35,391.0
2026-09-19,wk inc covid hosp,0,2026-09-19,48,quantile,0.4,414.0
2026-09-19,wk inc covid hosp,0,2026-09-19,48,quantile,0.45,422.0
2026-09-19,wk inc covid hosp,0,2026-09-19,48,quantile,0.5,454.0
2026-09-19,wk inc covid hosp,0,2026-09-19,48,quantile,0.55,492.0
2026-09-19,wk inc covid hosp,0,2026-09-19,48,quantile,0.6,511.0
2026-09-19,wk inc covid hosp,0,2026-09-19,48,quantile,0.65,544.0
2026-09-19,wk inc covid hosp,0,2026-09-19,48,quantile,0.7,557.0
2026-09-19,wk inc covid hosp,0,2026-09-19,48,quantile,0.75,557.0
2026-09-19,wk inc covid hosp,0,2026-09-19,48,quantile,0.8,561.0
2026-09-19,wk inc covid hosp,0,2026-09-19,48,quantile,0.85,561.0
2026-09-19,wk inc covid hosp,0,2026-09-19,48,quantile,0.9,604.0
2026-09-19,wk inc covid hosp,0,2026-09-19,48,quantile,0.95,615.0
2026-09-19,wk inc covid hosp,0,2026-09-19,48,quantile,0.975,632.0
2026-09-19,wk inc covid hosp,0,2026-09-19,48,quantile,0.99,686.0
2026-09-19,wk inc covid hosp,0,2026-09-19,49,quantile,0.01,4.0
2026-09-19,wk inc covid hosp,0,2026-09-19,49,quantile,0.025,5.0
2026-09-19,wk inc covid hosp,0,2026-09-19,49,quantile,0.05,6.0
2026-09-19,wk inc covid hosp,0,2026-09-19,49,quantile,0.1,7.0
2026-09-19,wk inc covid hosp,0,2026-09-19,49,quantile,0.15,7.0
2026-09-19,wk inc covid hosp,0,2026-09-19,49,quantile,0.2,8.0
2026-09-19,wk inc covid hosp,0,2026-09-19,49,quantile,0.25,9.0
2026-09-19,wk inc covid hosp,0,2026-09-19,49,quantile,0.3,10.0
2026-09-19,wk inc covid hosp,0,2026-09-19,49,quantile,0.35,11.0
2026-09-19,wk inc covid hosp,0,2026-09-19,49,quantile,0.4,11.0
2026-09-19,wk inc covid hosp,0,2026-09-19,49,quantile,0.45,12.0
2026-09-19,wk inc covid hosp,0,2026-09-19,49,quantile,0.5,12.0
2026-09-19,wk inc covid hosp,0,2026-09-19,49,quantile,0.55,12.0
2026-09-19,wk inc covid hosp,0,2026-09-19,49,quantile,0.6,12.0
2026-09-19,wk inc covid hosp,0,2026-09-19,49,quantile,0.65,13.0
2026-09-19,wk inc covid hosp,0,2026-09-19,49,quantile,0.7,13.0
2026-09-19,wk inc covid hosp,0,2026-09-19,49,quantile,0.75,14.0
2026-09-19,wk inc covid hosp,0,2026-09-19,49,quantile,0.8,14.0
2026-09-19,wk inc covid hosp,0,2026-09-19,49,quantile,0.85,15.0
2026-09-19,wk inc covid hosp,0,2026-09-19,49,quantile,0.9,17.0
2026-09-19,wk inc covid hosp,0,2026-09-19,49,quantile,0.95,18.0
2026-09-19,wk inc covid hosp,0,2026-09-19,49,quantile,0.975,23.0
2026-09-19,wk inc covid hosp,0,2026-09-19,49,quantile,0.99,37.0
2026-09-19,wk inc covid hosp,0,2026-09-19,50,quantile,0.01,1.0
2026-09-19,wk inc covid hosp,0,2026-09-19,50,quantile,0.025,1.0
2026-09-19,wk inc covid hosp,0,2026-09-19,50,quantile,0.05,2.0
2026-09-19,wk inc covid hosp,0,2026-09-19,50,quantile,0.1,2.0
2026-09-19,wk inc covid hosp,0,2026-09-19,50,quantile,0.15,2.0
2026-09-19,wk inc covid hosp,0,2026-09-19,50,quantile,0.2,3.0
2026-09-19,wk inc covid hosp,0,2026-09-19,50,quantile,0.25,3.0
2026-09-19,wk inc covid hosp,0,2026-09-19,50,quantile,0.3,3.0
2026-09-19,wk inc covid hosp,0,2026-09-19,50,quantile,0.35,3.0
2026-09-19,wk inc covid hosp,0,2026-09-19,50,quantile,0.4,4.0
2026-09-19,wk inc covid hosp,0,2026-09-19,50,quantile,0.45,4.0
2026-09-19,wk inc covid hosp,0,2026-09-19,50,quantile,0.5,5.0
2026-09-19,wk inc covid hosp,0,2026-09-19,50,quantile,0.55,5.0
2026-09-19,wk inc covid hosp,0,2026-09-19,50,quantile,0.6,5.0
2026-09-19,wk inc covid hosp,0,2026-09-19,50,quantile,0.65,5.0
2026-09-19,wk inc covid hosp,0,2026-09-19,50,quantile,0.7,5.0
2026-09-19,wk inc covid hosp,0,2026-09-19,50,quantile,0.75,5.0
2026-09-19,wk inc covid hosp,0,2026-09-19,50,quantile,0.8,5.0
2026-09-19,wk inc covid hosp,0,2026-09-19,50,quantile,0.85,5.0
2026-09-19,wk inc covid hosp,0,2026-09-19,50,quantile,0.9,6.0
2026-09-19,wk inc covid hosp,0,2026-09-19,50,quantile,0.95,7.0
2026-09-19,wk inc covid hosp,0,2026-09-19,50,quantile,0.975,8.0
2026-09-19,wk inc covid hosp,0,2026-09-19,50,quantile,0.99,9.0
2026-09-19,wk inc covid hosp,0,2026-09-19,51,quantile,0.01,22.0
2026-09-19,wk inc covid hosp,0,2026-09-19,51,quantile,0.025,27.0
2026-09-19,wk inc covid hosp,0,2026-09-19,51,quantile,0.05,27.0
2026-09-19,wk inc covid hosp,0,2026-09-19,51,quantile,0.1,29.0
2026-09-19,wk inc covid hosp,0,2026-09-19,51,quantile,0.15,30.0
2026-09-19,wk inc covid hosp,0,2026-09-19,51,quantile,0.2,30.0
2026-09-19,wk inc covid hosp,0,2026-09-19,51,quantile,0.25,34.0
2026-09-19,wk inc covid hosp,0,2026-09-19,51,quantile,0.3,37.0
2026-09-19,wk inc covid hosp,0,2026-09-19,51,quantile,0.35,41.0
2026-09-19,wk inc covid hosp,0,2026-09-19,51,quantile,0.4,45.0
2026-09-19,wk inc covid hosp,0,2026-09-19,51,quantile,0.45,47.0
2026-09-19,wk inc covid hosp,0,2026-09-19,51,quantile,0.5,48.0
2026-09-19,wk inc covid hosp,0,2026-09-19,51,quantile,0.55,48.0
2026-09-19,wk inc covid hosp,0,2026-09-19,51,quantile,0.6,50.0
2026-09-19,wk inc covid hosp,0,2026-09-19,51,quantile,0.65,53.0
2026-09-19,wk inc covid hosp,0,2026-09-19,51,quantile,0.7,53.0
2026-09-19,wk inc covid hosp,0,2026-09-19,51,quantile,0.75,53.0
2026-09-19,wk inc covid hosp,0,2026-09-19,51,quantile,0.8,54.0
2026-09-19,wk inc covid hosp,0,2026-09-19,51,quantile,0.85,57.0
2026-09-19,wk inc covid hosp,0,2026-09-19,51,quantile,0.9,64.0
2026-09-19,wk inc covid hosp,0,2026-09-19,51,quantile,0.95,72.0
2026-09-19,wk inc covid hosp,0,2026-09-19,51,quantile,0.975,76.0
2026-09-19,wk inc covid hosp,0,2026-09-19,51,quantile,0.99,94.0
2026-09-19,wk inc covid hosp,0,2026-09-19,53,quantile,0.01,49.0
2026-09-19,wk inc covid hosp,0,2026-09-19,53,quantile,0.025,64.0
2026-09-19,wk inc covid hosp,0,2026-09-19,53,quantile,0.05,67.0
2026-09-19,wk inc covid hosp,0,2026-09-19,53,quantile,0.1,71.0
2026-09-19,wk inc covid hosp,0,2026-09-19,53,quantile,0.15,74.0
2026-09-19,wk inc covid hosp,0,2026-09-19,53,quantile,0.2,76.0
2026-09-19,wk inc covid hosp,0,2026-09-19,53,quantile,0.25,76.0
2026-09-19,wk inc covid hosp,0,2026-09-19,53,quantile,0.3,81.0
2026-09-19,wk inc covid hosp,0,2026-09-19,53,quantile,0.35,82.0
2026-09-19,wk inc covid hosp,0,2026-09-19,53,quantile,0.4,82.0
2026-09-19,wk inc covid hosp,0,2026-09-19,53,quantile,0.45,84.0
2026-09-19,wk inc covid hosp,0,2026-09-19,53,quantile,0.5,84.0
2026-09-19,wk inc covid hosp,0,2026-09-19,53,quantile,0.55,89.0
2026-09-19,wk inc covid hosp,0,2026-09-19,53,quantile,0.6,93.0
2026-09-19,wk inc covid hosp,0,2026-09-19,53,quantile,0.65,93.0
2026-09-19,wk inc covid hosp,0,2026-09-19,53,quantile,0.7,102.0
2026-09-19,wk inc covid hosp,0,2026-09-19,53,quantile,0.75,105.0
2026-09-19,wk inc covid hosp,0,2026-09-19,53,quantile,0.8,107.0
2026-09-19,wk inc covid hosp,0,2026-09-19,53,quantile,0.85,114.0
2026-09-19,wk inc covid hosp,0,2026-09-19,53,quantile,0.9,116.0
2026-09-19,wk inc covid hosp,0,2026-09-19,53,quantile,0.95,122.0
2026-09-19,wk inc covid hosp,0,2026-09-19,53,quantile,0.975,134.0
2026-09-19,wk inc covid hosp,0,2026-09-19,53,quantile,0.99,136.0
2026-09-19,wk inc covid hosp,0,2026-09-19,54,quantile,0.01,2.0
2026-09-19,wk inc covid hosp,0,2026-09-19,54,quantile,0.025,4.0
2026-09-19,wk inc covid hosp,0,2026-09-19,54,quantile,0.05,4.0
2026-09-19,wk inc covid hosp,0,2026-09-19,54,quantile,0.1,4.0
2026-09-19,wk inc covid hosp,0,2026-09-19,54,quantile,0.15,5.0
2026-09-19,wk inc covid hosp,0,2026-09-19,54,quantile,0.2,6.0
2026-09-19,wk inc covid hosp,0,2026-09-19,54,quantile,0.25,6.0
2026-09-19,wk inc covid hosp,0,2026-09-19,54,quantile,0.3,6.0
2026-09-19,wk inc covid hosp,0,2026-09-19,54,quantile,0.35,7.0
2026-09-19,wk inc covid hosp,0,2026-09-19,54,quantile,0.4,8.0
2026-09-19,wk inc covid hosp,0,2026-09-19,54,quantile,0.45,8.0
2026-09-19,wk inc covid hosp,0,2026-09-19,54,quantile,0.5,8.0
2026-09-19,wk inc covid hosp,0,2026-09-19,54,quantile,0.55,9.0
2026-09-19,wk inc covid hosp,0,2026-09-19,54,quantile,0.6,9.0
2026-09-19,wk inc covid hosp,0,2026-09-19,54,quantile,0.65,9.0
2026-09-19,wk inc covid hosp,0,2026-09-19,54,quantile,0.7,9.0
2026-09-19,wk inc covid hosp,0,2026-09-19,54,quantile,0.75,9.0
2026-09-19,wk inc covid hosp,0,2026-09-19,54,quantile,0.8,10.0
2026-09-19,wk inc covid hosp,0,2026-09-19,54,quantile,0.85,12.0
2026-09-19,wk inc covid hosp,0,2026-09-19,54,quantile,0.9,13.0
2026-09-19,wk inc covid hosp,0,2026-09-19,54,quantile,0.95,15.0
2026-09-19,wk inc covid hosp,0,2026-09-19,54,quantile,0.975,17.0
2026-09-19,wk inc covid hosp,0,2026-09-19,54,quantile,0.99,19.0
2026-09-19,wk inc covid hosp,0,2026-09-19,55,quantile,0.01,13.0
2026-09-19,wk inc covid hosp,0,2026-09-19,55,quantile,0.025,16.0
2026-09-19,wk inc covid hosp,0,2026-09-19,55,quantile,0.05,16.0
2026-09-19,wk inc covid hosp,0,2026-09-19,55,quantile,0.1,17.0
2026-09-19,wk inc covid hosp,0,2026-09-19,55,quantile,0.15,17.0
2026-09-19,wk inc covid hosp,0,2026-09-19,55,quantile,0.2,18.0
2026-09-19,wk inc covid hosp,0,2026-09-19,55,quantile,0.25,20.0
2026-09-19,wk inc covid hosp,0,2026-09-19,55,quantile,0.3,22.0
2026-09-19,wk inc covid hosp,0,2026-09-19,55,quantile,0.35,22.0
2026-09-19,wk inc covid hosp,0,2026-09-19,55,quantile,0.4,23.0
2026-09-19,wk inc covid hosp,0,2026-09-19,55,quantile,0.45,23.0
2026-09-19,wk inc covid hosp,0,2026-09-19,55,quantile,0.5,23.0
2026-09-19,wk inc covid hosp,0,2026-09-19,55,quantile,0.55,23.0
2026-09-19,wk inc covid hosp,0,2026-09-19,55,quantile,0.6,23.0
2026-09-19,wk inc covid hosp,0,2026-09-19,55,quantile,0.65,23.0
2026-09-19,wk inc covid hosp,0,2026-09-19,55,quantile,0.7,23.0
2026-09-19,wk inc covid hosp,0,2026-09-19,55,quantile,0.75,24.0
2026-09-19,wk inc covid hosp,0,2026-09-19,55,quantile,0.8,28.0
2026-09-19,wk inc covid hosp,0,2026-09-19,55,quantile,0.85,30.0
2026-09-19,wk inc covid hosp,0,2026-09-19,55,quantile,0.9,35.0
2026-09-19,wk inc covid hosp,0,2026-09-19,55,quantile,0.95,39.0
2026-09-19,wk inc covid hosp,0,2026-09-19,55,quantile,0.975,47.0
2026-09-19,wk inc covid hosp,0,2026-09-19,55,quantile,0.99,60.0
2026-09-19,wk inc covid hosp,0,2026-09-19,56,quantile,0.01,1.0
2026-09-19,wk inc covid hosp,0,2026-09-19,56,quantile,0.025,1.0
2026-09-19,wk inc covid hosp,0,2026-09-19,56,quantile,0.05,1.0
2026-09-19,wk inc covid hosp,0,2026-09-19,56,quantile,0.1,2.0
2026-09-19,wk inc covid hosp,0,2026-09-19,56,quantile,0.15,2.0
2026-09-19,wk inc covid hosp,0,2026-09-19,56,quantile,0.2,2.0
2026-09-19,wk inc covid hosp,0,2026-09-19,56,quantile,0.25,2.0
2026-09-19,wk inc covid hosp,0,2026-09-19,56,quantile,0.3,2.0
2026-09-19,wk inc covid hosp,0,2026-09-19,56,quantile,0.35,2.0
2026-09-19,wk inc covid hosp,0,2026-09-19,56,quantile,0.4,3.0
2026-09-19,wk inc covid hosp,0,2026-09-19,56,quantile,0.45,3.0
2026-09-19,wk inc covid hosp,0,2026-09-19,56,quantile,0.5,3.0
2026-09-19,wk inc covid hosp,0,2026-09-19,56,quantile,0.55,3.0
2026-09-19,wk inc covid hosp,0,2026-09-19,56,quantile,0.6,3.0
2026-09-19,wk inc covid hosp,0,2026-09-19,56,quantile,0.65,3.0
2026-09-19,wk inc covid hosp,0,2026-09-19,56,quantile,0.7,3.0
2026-09-19,wk inc covid hosp,0,2026-09-19,56,quantile,0.75,3.0
2026-09-19,wk inc covid hosp,0,2026-09-19,56,quantile,0.8,3.0
2026-09-19,wk inc covid hosp,0,2026-09-19,56,quantile,0.85,3.0
2026-09-19,wk inc covid hosp,0,2026-09-19,56,quantile,0.9,4.0
2026-09-19,wk inc covid hosp,0,2026-09-19,56,quantile,0.95,5.0
2026-09-19,wk inc covid hosp,0,2026-09-19,56,quantile,0.975,5.0
2026-09-19,wk inc covid hosp,0,2026-09-19,56,quantile,0.99,7.0
2026-09-19,wk inc covid hosp,0,2026-09-19,72,quantile,0.01,36.0
2026-09-19,wk inc covid hosp,0,2026-09-19,72,quantile,0.025,51.0
2026-09-19,wk inc covid hosp,0,2026-09-19,72,quantile,0.05,59.0
2026-09-19,wk inc covid hosp,0,2026-09-19,72,quantile,0.1,59.0
2026-09-19,wk inc covid hosp,0,2026-09-19,72,quantile,0.15,64.0
2026-09-19,wk inc covid hosp,0,2026-09-19,72,quantile,0.2,71.0
2026-09-19,wk inc covid hosp,0,2026-09-19,72,quantile,0.25,83.0
2026-09-19,wk inc covid hosp,0,2026-09-19,72,quantile,0.3,83.0
2026-09-19,wk inc covid hosp,0,2026-09-19,72,quantile,0.35,83.0
2026-09-19,wk inc covid hosp,0,2026-09-19,72,quantile,0.4,83.0
2026-09-19,wk inc covid hosp,0,2026-09-19,72,quantile,0.45,92.0
2026-09-19,wk inc covid hosp,0,2026-09-19,72,quantile,0.5,98.0
2026-09-19,wk inc covid hosp,0,2026-09-19,72,quantile,0.55,102.0
2026-09-19,wk inc covid hosp,0,2026-09-19,72,quantile,0.6,108.0
2026-09-19,wk inc covid hosp,0,2026-09-19,72,quantile,0.65,108.0
2026-09-19,wk inc covid hosp,0,2026-09-19,72,quantile,0.7,112.0
2026-09-19,wk inc covid hosp,0,2026-09-19,72,quantile,0.75,112.0
2026-09-19,wk inc covid hosp,0,2026-09-19,72,quantile,0.8,115.0
2026-09-19,wk inc covid hosp,0,2026-09-19,72,quantile,0.85,123.0
2026-09-19,wk inc covid hosp,0,2026-09-19,72,quantile,0.9,131.0
2026-09-19,wk inc covid hosp,0,2026-09-19,72,quantile,0.95,150.0
2026-09-19,wk inc covid hosp,0,2026-09-19,72,quantile,0.975,179.0
2026-09-19,wk inc covid hosp,0,2026-09-19,72,quantile,0.99,179.0
2026-09-19,wk inc covid hosp,1,2026-09-26,01,quantile,0.01,39.0
2026-09-19,wk inc covid hosp,1,2026-09-26,01,quantile,0.025,44.0
2026-09-19,wk inc covid hosp,1,2026-09-26,01,quantile,0.05,52.0
2026-09-19,wk inc covid hosp,1,2026-09-26,01,quantile,0.1,53.0
2026-09-19,wk inc covid hosp,1,2026-09-26,01,quantile,0.15,54.0
2026-09-19,wk inc covid hosp,1,2026-09-26,01,quantile,0.2,58.0
2026-09-19,wk inc covid hosp,1,2026-09-26,01,quantile,0.25,60.0
2026-09-19,wk inc covid hosp,1,2026-09-26,01,quantile,0.3,63.0
2026-09-19,wk inc covid hosp,1,2026-09-26,01,quantile,0.35,63.0
2026-09-19,wk inc covid hosp,1,2026-09-26,01,quantile,0.4,64.0
2026-09-19,wk inc covid hosp,1,2026-09-26,01,quantile,0.45,65.0
2026-09-19,wk inc covid hosp,1,2026-09-26,01,quantile,0.5,67.0
2026-09-19,wk inc covid hosp,1,2026-09-26,01,quantile,0.55,68.0
2026-09-19,wk inc covid hosp,1,2026-09-26,01,quantile,0.6,73.0
2026-09-19,wk inc covid hosp,1,2026-09-26,01,quantile,0.65,75.0
2026-09-19,wk inc covid hosp,1,2026-09-26,01,quantile,0.7,77.0
2026-09-19,wk inc covid hosp,1,2026-09-26,01,quantile,0.75,81.0
2026-09-19,wk inc covid hosp,1,2026-09-26,01,quantile,0.8,86.0
2026-09-19,wk inc covid hosp,1,2026-09-26,01,quantile,0.85,89.0
2026-09-19,wk inc covid hosp,1,2026-09-26,01,quantile,0.9,90.0
2026-09-19,wk inc covid hosp,1,2026-09-26,01,quantile,0.95,100.0
2026-09-19,wk inc covid hosp,1,2026-09-26,01,quantile,0.975,102.0
2026-09-19,wk inc covid hosp,1,2026-09-26,01,quantile,0.99,119.0
2026-09-19,wk inc covid hosp,1,2026-09-26,02,quantile,0.01,2.0
2026-09-19,wk inc covid hosp,1,2026-09-26,02,quantile,0.025,2.0
2026-09-19,wk inc covid hosp,1,2026-09-26,02,quantile,0.05,3.0
2026-09-19,wk inc covid hosp,1,2026-09-26,02,quantile,0.1,3.0
2026-09-19,wk inc covid hosp,1,2026-09-26,02,quantile,0.15,3.0
2026-09-19,wk inc covid hosp,1,2026-09-26,02,quantile,0.2,3.0
2026-09-19,wk inc covid hosp,1,2026-09-26,02,quantile,0.25,4.0
2026-09-19,wk inc covid hosp,1,2026-09-26,02,quantile,0.3,4.0
2026-09-19,wk inc covid hosp,1,2026-09-26,02,quantile,0.35,5.0
2026-09-19,wk inc covid hosp,1,2026-09-26,02,quantile,0.4,6.0
2026-09-19,wk inc covid hosp,1,2026-09-26,02,quantile,0.45,6.0
2026-09-19,wk inc covid hosp,1,2026-09-26,02,quantile,0.5,7.0
2026-09-19,wk inc covid hosp,1,2026-09-26,02,quantile,0.55,7.0
2026-09-19,wk inc covid hosp,1,2026-09-26,02,quantile,0.6,7.0
2026-09-19,wk inc covid hosp,1,2026-09-26,02,quantile,0.65,7.0
2026-09-19,wk inc covid hosp,1,2026-09-26,02,quantile,0.7,7.0
2026-09-19,wk inc covid hosp,1,2026-09-26,02,quantile,0.75,7.0
2026-09-19,wk inc covid hosp,1,2026-09-26,02,quantile,0.8,7.0
2026-09-19,wk inc covid hosp,1,2026-09-26,02,quantile,0.85,7.0
2026-09-19,wk inc covid hosp,1,2026-09-26,02,quantile,0.9,8.0
2026-09-19,wk inc covid hosp,1,2026-09-26,02,quantile,0.95,9.0
2026-09-19,wk inc covid hosp,1,2026-09-26,02,quantile,0.975,9.0
2026-09-19,wk inc covid hosp,1,2026-09-26,02,quantile,0.99,13.0
2026-09-19,wk inc covid hosp,1,2026-09-26,04,quantile,0.01,51.0
2026-09-19,wk inc covid hosp,1,2026-09-26,04,quantile,0.025,55.0
2026-09-19,wk inc covid hosp,1,2026-09-26,04,quantile,0.05,56.0
2026-09-19,wk inc covid hosp,1,2026-09-26,04,quantile,0.1,56.0
2026-09-19,wk inc covid hosp,1,2026-09-26,04,quantile,0.15,61.0
2026-09-19,wk inc covid hosp,1,2026-09-26,04,quantile,0.2,65.0
2026-09-19,wk inc covid hosp,1,2026-09-26,04,quantile,0.25,71.0
2026-09-19,wk inc covid hosp,1,2026-09-26,04,quantile,0.3,72.0
2026-09-19,wk inc covid hosp,1,2026-09-26,04,quantile,0.35,75.0
2026-09-19,wk inc covid hosp,1,2026-09-26,04,quantile,0.4,76.0
2026-09-19,wk inc covid hosp,1,2026-09-26,04,quantile,0.45,77.0
2026-09-19,wk inc covid hosp,1,2026-09-26,04,quantile,0.5,80.0
2026-09-19,wk inc covid hosp,1,2026-09-26,04,quantile,0.55,83.0
2026-09-19,wk inc covid hosp,1,2026-09-26,04,quantile,0.6,89.0
2026-09-19,wk inc covid hosp,1,2026-09-26,04,quantile,0.65,92.0
2026-09-19,wk inc covid hosp,1,2026-09-26,04,quantile,0.7,100.0
2026-09-19,wk inc covid hosp,1,2026-09-26,04,quantile,0.75,101.0
2026-09-19,wk inc covid hosp,1,2026-09-26,04,quantile,0.8,103.0
2026-09-19,wk inc covid hosp,1,2026-09-26,04,quantile,0.85,109.0
2026-09-19,wk inc covid hosp,1,2026-09-26,04,quantile,0.9,110.0
2026-09-19,wk inc covid hosp,1,2026-09-26,04,quantile,0.95,117.0
2026-09-19,wk inc covid hosp,1,2026-09-26,04,quantile,0.975,129.0
2026-09-19,wk inc covid hosp,1,2026-09-26,04,quantile,0.99,130.0
2026-09-19,wk inc covid hosp,1,2026-09-26,05,quantile,0.01,7.0
2026-09-19,wk inc covid hosp,1,2026-09-26,05,quantile,0.025,8.0
2026-09-19,wk inc covid hosp,1,2026-09-26,05,quantile,0.05,10.0
2026-09-19,wk inc covid hosp,1,2026-09-26,05,quantile,0.1,12.0
2026-09-19,wk inc covid hosp,1,2026-09-26,05,quantile,0.15,12.0
2026-09-19,wk inc covid hosp,1,2026-09-26,05,quantile,0.2,13.0
2026-09-19,wk inc covid hosp,1,2026-09-26,05,quantile,0.25,14.0
2026-09-19,wk inc covid hosp,1,2026-09-26,05,quantile,0.3,15.0
2026-09-19,wk inc covid hosp,1,2026-09-26,05,quantile,0.35,16.0
2026-09-19,wk inc covid hosp,1,2026-09-26,05,quantile,0.4,16.0
2026-09-19,wk inc covid hosp,1,2026-09-26,05,quantile,0.45,18.0
2026-09-19,wk inc covid hosp,1,2026-09-26,05,quantile,0.5,19.0
2026-09-19,wk inc covid hosp,1,2026-09-26,05,quantile,0.55,19.0
2026-09-19,wk inc covid hosp,1,2026-09-26,05,quantile,0.6,20.0
2026-09-19,wk inc covid hosp,1,2026-09-26,05,quantile,0.65,20.0
2026-09-19,wk inc covid hosp,1,2026-09-26,05,quantile,0.7,20.0
2026-09-19,wk inc covid hosp,1,2026-09-26,05,quantile,0.75,21.0
2026-09-19,wk inc covid hosp,1,2026-09-26,05,quantile,0.8,21.0
2026-09-19,wk inc covid hosp,1,2026-09-26,05,quantile,0.85,21.0
2026-09-19,wk inc covid hosp,1,2026-09-26,05,quantile,0.9,23.0
2026-09-19,wk inc covid hosp,1,2026-09-26,05,quantile,0.95,26.0
2026-09-19,wk inc covid hosp,1,2026-09-26,05,quantile,0.975,28.0
2026-09-19,wk inc covid hosp,1,2026-09-26,05,quantile,0.99,35.0
2026-09-19,wk inc covid hosp,1,2026-09-26,06,quantile,0.01,480.0
2026-09-19,wk inc covid hosp,1,2026-09-26,06,quantile,0.025,585.0
2026-09-19,wk inc covid hosp,1,2026-09-26,06,quantile,0.05,643.0
2026-09-19,wk inc covid hosp,1,2026-09-26,06,quantile,0.1,668.0
2026-09-19,wk inc covid hosp,1,2026-09-26,06,quantile,0.15,693.0
2026-09-19,wk inc covid hosp,1,2026-09-26,06,quantile,0.2,693.0
2026-09-19,wk inc covid hosp,1,2026-09-26,06,quantile,0.25,751.0
2026-09-19,wk inc covid hosp,1,2026-09-26,06,quantile,0.3,751.0
2026-09-19,wk inc covid hosp,1,2026-09-26,06,quantile,0.35,751.0
2026-09-19,wk inc covid hosp,1,2026-09-26,06,quantile,0.4,751.0
2026-09-19,wk inc covid hosp,1,2026-09-26,06,quantile,0.45,751.0
2026-09-19,wk inc covid hosp,1,2026-09-26,06,quantile,0.5,751.0
2026-09-19,wk inc covid hosp,1,2026-09-26,06,quantile,0.55,751.0
2026-09-19,wk inc covid hosp,1,2026-09-26,06,quantile,0.6,755.0
2026-09-19,wk inc covid hosp,1,2026-09-26,06,quantile,0.65,762.0
2026-09-19,wk inc covid hosp,1,2026-09-26,06,quantile,0.7,778.0
2026-09-19,wk inc covid hosp,1,2026-09-26,06,quantile,0.75,842.0
2026-09-19,wk inc covid hosp,1,2026-09-26,06,quantile,0.8,887.0
2026-09-19,wk inc covid hosp,1,2026-09-26,06,quantile,0.85,941.0
2026-09-19,wk inc covid hosp,1,2026-09-26,06,quantile,0.9,965.0
2026-09-19,wk inc covid hosp,1,2026-09-26,06,quantile,0.95,1021.0
2026-09-19,wk inc covid hosp,1,2026-09-26,06,quantile,0.975,1059.0
2026-09-19,wk inc covid hosp,1,2026-09-26,06,quantile,0.99,1162.0
2026-09-19,wk inc covid hosp,1,2026-09-26,08,quantile,0.01,15.0
2026-09-19,wk inc covid hosp,1,2026-09-26,08,quantile,0.025,18.0
2026-09-19,wk inc covid hosp,1,2026-09-26,08,quantile,0.05,18.0
2026-09-19,wk inc covid hosp,1,2026-09-26,08,quantile,0.1,19.0
2026-09-19,wk inc covid hosp,1,2026-09-26,08,quantile,0.15,20.0
2026-09-19,wk inc covid hosp,1,2026-09-26,08,quantile,0.2,21.0
2026-09-19,wk inc covid hosp,1,2026-09-26,08,quantile,0.25,23.0
2026-09-19,wk inc covid hosp,1,2026-09-26,08,quantile,0.3,23.0
2026-09-19,wk inc covid hosp,1,2026-09-26,08,quantile,0.35,26.0
2026-09-19,wk inc covid hosp,1,2026-09-26,08,quantile,0.4,26.0
2026-09-19,wk inc covid hosp,1,2026-09-26,08,quantile,0.45,26.0
2026-09-19,wk inc covid hosp,1,2026-09-26,08,quantile,0.5,26.0
2026-09-19,wk inc covid hosp,1,2026-09-26,08,quantile,0.55,26.0
2026-09-19,wk inc covid hosp,1,2026-09-26,08,quantile,0.6,28.0
2026-09-19,wk inc covid hosp,1,2026-09-26,08,quantile,0.65,28.0
2026-09-19,wk inc covid hosp,1,2026-09-26,08,quantile,0.7,28.0
2026-09-19,wk inc covid hosp,1,2026-09-26,08,quantile,0.75,29.0
2026-09-19,wk inc covid hosp,1,2026-09-26,08,quantile,0.8,32.0
2026-09-19,wk inc covid hosp,1,2026-09-26,08,quantile,0.85,34.0
2026-09-19,wk inc covid hosp,1,2026-09-26,08,quantile,0.9,39.0
2026-09-19,wk inc covid hosp,1,2026-09-26,08,quantile,0.95,45.0
2026-09-19,wk inc covid hosp,1,2026-09-26,08,quantile,0.975,47.0
2026-09-19,wk inc covid hosp,1,2026-09-26,08,quantile,0.99,64.0
2026-09-19,wk inc covid hosp,1,2026-09-26,09,quantile,0.01,8.0
2026-09-19,wk inc covid hosp,1,2026-09-26,09,quantile,0.025,9.0
2026-09-19,wk inc covid hosp,1,2026-09-26,09,quantile,0.05,10.0
2026-09-19,wk inc covid hosp,1,2026-09-26,09,quantile,0.1,11.0
2026-09-19,wk inc covid hosp,1,2026-09-26,09,quantile,0.15,13.0
2026-09-19,wk inc covid hosp,1,2026-09-26,09,quantile,0.2,14.0
2026-09-19,wk inc covid hosp,1,2026-09-26,09,quantile,0.25,14.0
2026-09-19,wk inc covid hosp,1,2026-09-26,09,quantile,0.3,15.0
2026-09-19,wk inc covid hosp,1,2026-09-26,09,quantile,0.35,16.0
2026-09-19,wk inc covid hosp,1,2026-09-26,09,quantile,0.4,16.0
2026-09-19,wk inc covid hosp,1,2026-09-26,09,quantile,0.45,17.0
2026-09-19,wk inc covid hosp,1,2026-09-26,09,quantile,0.5,17.0
2026-09-19,wk inc covid hosp,1,2026-09-26,09,quantile,0.55,17.0
2026-09-19,wk inc covid hosp,1,2026-09-26,09,quantile,0.6,18.0
2026-09-19,wk inc covid hosp,1,2026-09-26,09,quantile,0.65,18.0
2026-09-19,wk inc covid hosp,1,2026-09-26,09,quantile,0.7,18.0
2026-09-19,wk inc covid hosp,1,2026-09-26,09,quantile,0.75,20.0
2026-09-19,wk inc covid hosp,1,2026-09-26,09,quantile,0.8,20.0
2026-09-19,wk inc covid hosp,1,2026-09-26,09,quantile,0.85,21.0
2026-09-19,wk inc covid hosp,1,2026-09-26,09,quantile,0.9,23.0
2026-09-19,wk inc covid hosp,1,2026-09-26,09,quantile,0.95,26.0
2026-09-19,wk inc covid hosp,1,2026-09-26,09,quantile,0.975,31.0
2026-09-19,wk inc covid hosp,1,2026-09-26,09,quantile,0.99,38.0
2026-09-19,wk inc covid hosp,1,2026-09-26,10,quantile,0.01,4.0
2026-09-19,wk inc covid hosp,1,2026-09-26,10,quantile,0.025,5.0
2026-09-19,wk inc covid hosp,1,2026-09-26,10,quantile,0.05,5.0
2026-09-19,wk inc covid hosp,1,2026-09-26,10,quantile,0.1,6.0
2026-09-19,wk inc covid hosp,1,2026-09-26,10,quantile,0.15,7.0
2026-09-19,wk inc covid hosp,1,2026-09-26,10,quantile,0.2,7.0
2026-09-19,wk inc covid hosp,1,2026-09-26,10,quantile,0.25,7.0
2026-09-19,wk inc covid hosp,1,2026-09-26,10,quantile,0.3,7.0
2026-09-19,wk inc covid hosp,1,2026-09-26,10,quantile,0.35,8.0
2026-09-19,wk inc covid hosp,1,2026-09-26,10,quantile,0.4,8.0
2026-09-19,wk inc covid hosp,1,2026-09-26,10,quantile,0.45,10.0
2026-09-19,wk inc covid hosp,1,2026-09-26,10,quantile,0.5,10.0
2026-09-19,wk inc covid hosp,1,2026-09-26,10,quantile,0.55,11.0
2026-09-19,wk inc covid hosp,1,2026-09-26,10,quantile,0.6,12.0
2026-09-19,wk inc covid hosp,1,2026-09-26,10,quantile,0.65,12.0
2026-09-19,wk inc covid hosp,1,2026-09-26,10,quantile,0.7,12.0
2026-09-19,wk inc covid hosp,1,2026-09-26,10,quantile,0.75,12.0
2026-09-19,wk inc covid hosp,1,2026-09-26,10,quantile,0.8,12.0
2026-09-19,wk inc covid hosp,1,2026-09-26,10,quantile,0.85,12.0
2026-09-19,wk inc covid hosp,1,2026-09-26,10,quantile,0.9,13.0
2026-09-19,wk inc covid hosp,1,2026-09-26,10,quantile,0.95,15.0
2026-09-19,wk inc covid hosp,1,2026-09-26,10,quantile,0.975,17.0
2026-09-19,wk inc covid hosp,1,2026-09-26,10,quantile,0.99,20.0
2026-09-19,wk inc covid hosp,1,2026-09-26,11,quantile,0.01,2.0
2026-09-19,wk inc covid hosp,1,2026-09-26,11,quantile,0.025,2.0
2026-09-19,wk inc covid hosp,1,2026-09-26,11,quantile,0.05,2.0
2026-09-19,wk inc covid hosp,1,2026-09-26,11,quantile,0.1,2.0
2026-09-19,wk inc covid hosp,1,2026-09-26,11,quantile,0.15,3.0
2026-09-19,wk inc covid hosp,1,2026-09-26,11,quantile,0.2,3.0
2026-09-19,wk inc covid hosp,1,2026-09-26,11,quantile,0.25,4.0
2026-09-19,wk inc covid hosp,1,2026-09-26,11,quantile,0.3,4.0
2026-09-19,wk inc covid hosp,1,2026-09-26,11,quantile,0.35,4.0
2026-09-19,wk inc covid hosp,1,2026-09-26,11,quantile,0.4,5.0
2026-09-19,wk inc covid hosp,1,2026-09-26,11,quantile,0.45,6.0
2026-09-19,wk inc covid hosp,1,2026-09-26,11,quantile,0.5,6.0
2026-09-19,wk inc covid hosp,1,2026-09-26,11,quantile,0.55,6.0
2026-09-19,wk inc covid hosp,1,2026-09-26,11,quantile,0.6,6.0
2026-09-19,wk inc covid hosp,1,2026-09-26,11,quantile,0.65,6.0
2026-09-19,wk inc covid hosp,1,2026-09-26,11,quantile,0.7,7.0
2026-09-19,wk inc covid hosp,1,2026-09-26,11,quantile,0.75,7.0
2026-09-19,wk inc covid hosp,1,2026-09-26,11,quantile,0.8,7.0
2026-09-19,wk inc covid hosp,1,2026-09-26,11,quantile,0.85,7.0
2026-09-19,wk inc covid hosp,1,2026-09-26,11,quantile,0.9,9.0
2026-09-19,wk inc covid hosp,1,2026-09-26,11,quantile,0.95,10.0
2026-09-19,wk inc covid hosp,1,2026-09-26,11,quantile,0.975,12.0
2026-09-19,wk inc covid hosp,1,2026-09-26,11,quantile,0.99,14.0
2026-09-19,wk inc covid hosp,1,2026-09-26,12,quantile,0.01,215.0
2026-09-19,wk inc covid hosp,1,2026-09-26,12,quantile,0.025,262.0
2026-09-19,wk inc covid hosp,1,2026-09-26,12,quantile,0.05,299.0
2026-09-19,wk inc covid hosp,1,2026-09-26,12,quantile,0.1,316.0
2026-09-19,wk inc covid hosp,1,2026-09-26,12,quantile,0.15,316.0
2026-09-19,wk inc covid hosp,1,2026-09-26,12,quantile,0.2,334.0
2026-09-19,wk inc covid hosp,1,2026-09-26,12,quantile,0.25,364.0
2026-09-19,wk inc covid hosp,1,2026-09-26,12,quantile,0.3,364.0
2026-09-19,wk inc covid hosp,1,2026-09-26,12,quantile,0.35,370.0
2026-09-19,wk inc covid hosp,1,2026-09-26,12,quantile,0.4,370.0
2026-09-19,wk inc covid hosp,1,2026-09-26,12,quantile,0.45,370.0
2026-09-19,wk inc covid hosp,1,2026-09-26,12,quantile,0.5,370.0
2026-09-19,wk inc covid hosp,1,2026-09-26,12,quantile,0.55,370.0
2026-09-19,wk inc covid hosp,1,2026-09-26,12,quantile,0.6,379.0
2026-09-19,wk inc covid hosp,1,2026-09-26,12,quantile,0.65,380.0
2026-09-19,wk inc covid hosp,1,2026-09-26,12,quantile,0.7,394.0
2026-09-19,wk inc covid hosp,1,2026-09-26,12,quantile,0.75,425.0
2026-09-19,wk inc covid hosp,1,2026-09-26,12,quantile,0.8,449.0
2026-09-19,wk inc covid hosp,1,2026-09-26,12,quantile,0.85,465.0
2026-09-19,wk inc covid hosp,1,2026-09-26,12,quantile,0.9,496.0
2026-09-19,wk inc covid hosp,1,2026-09-26,12,quantile,0.95,536.0
2026-09-19,wk inc covid hosp,1,2026-09-26,12,quantile,0.975,577.0
2026-09-19,wk inc covid hosp,1,2026-09-26,12,quantile,0.99,601.0
2026-09-19,wk inc covid hosp,1,2026-09-26,13,quantile,0.01,56.0
2026-09-19,wk inc covid hosp,1,2026-09-26,13,quantile,0.025,59.0
2026-09-19,wk inc covid hosp,1,2026-09-26,13,quantile,0.05,59.0
2026-09-19,wk inc covid hosp,1,2026-09-26,13,quantile,0.1,60.0
2026-09-19,wk inc covid hosp,1,2026-09-26,13,quantile,0.15,67.0
2026-09-19,wk inc covid hosp,1,2026-09-26,13,quantile,0.2,67.0
2026-09-19,wk inc covid hosp,1,2026-09-26,13,quantile,0.25,75.0
2026-09-19,wk inc covid hosp,1,2026-09-26,13,quantile,0.3,77.0
2026-09-19,wk inc covid hosp,1,2026-09-26,13,quantile,0.35,77.0
2026-09-19,wk inc covid hosp,1,2026-09-26,13,quantile,0.4,82.0
2026-09-19,wk inc covid hosp,1,2026-09-26,13,quantile,0.45,84.0
2026-09-19,wk inc covid hosp,1,2026-09-26,13,quantile,0.5,90.0
2026-09-19,wk inc covid hosp,1,2026-09-26,13,quantile,0.55,98.0
2026-09-19,wk inc covid hosp,1,2026-09-26,13,quantile,0.6,102.0
2026-09-19,wk inc covid hosp,1,2026-09-26,13,quantile,0.65,102.0
2026-09-19,wk inc covid hosp,1,2026-09-26,13,quantile,0.7,106.0
2026-09-19,wk inc covid hosp,1,2026-09-26,13,quantile,0.75,106.0
2026-09-19,wk inc covid hosp,1,2026-09-26,13,quantile,0.8,106.0
2026-09-19,wk inc covid hosp,1,2026-09-26,13,quantile,0.85,109.0
2026-09-19,wk inc covid hosp,1,2026-09-26,13,quantile,0.9,112.0
2026-09-19,wk inc covid hosp,1,2026-09-26,13,quantile,0.95,122.0
2026-09-19,wk inc covid hosp,1,2026-09-26,13,quantile,0.975,134.0
2026-09-19,wk inc covid hosp,1,2026-09-26,13,quantile,0.99,165.0
2026-09-19,wk inc covid hosp,1,2026-09-26,15,quantile,0.01,10.0
2026-09-19,wk inc covid hosp,1,2026-09-26,15,quantile,0.025,13.0
2026-09-19,wk inc covid hosp,1,2026-09-26,15,quantile,0.05,13.0
2026-09-19,wk inc covid hosp,1,2026-09-26,15,quantile,0.1,16.0
2026-09-19,wk inc covid hosp,1,2026-09-26,15,quantile,0.15,16.0
2026-09-19,wk inc covid hosp,1,2026-09-26,15,quantile,0.2,16.0
2026-09-19,wk inc covid hosp,1,2026-09-26,15,quantile,0.25,17.0
2026-09-19,wk inc covid hosp,1,2026-09-26,15,quantile,0.3,17.0
2026-09-19,wk inc covid hosp,1,2026-09-26,15,quantile,0.35,18.0
2026-09-19,wk inc covid hosp,1,2026-09-26,15,quantile,0.4,19.0
2026-09-19,wk inc covid hosp,1,2026-09-26,15,quantile,0.45,20.0
2026-09-19,wk inc covid hosp,1,2026-09-26,15,quantile,0.5,21.0
2026-09-19,wk inc covid hosp,1,2026-09-26,15,quantile,0.55,22.0
2026-09-19,wk inc covid hosp,1,2026-09-26,15,quantile,0.6,23.0
2026-09-19,wk inc covid hosp,1,2026-09-26,15,quantile,0.65,24.0
2026-09-19,wk inc covid hosp,1,2026-09-26,15,quantile,0.7,26.0
2026-09-19,wk inc covid hosp,1,2026-09-26,15,quantile,0.75,27.0
2026-09-19,wk inc covid hosp,1,2026-09-26,15,quantile,0.8,28.0
2026-09-19,wk inc covid hosp,1,2026-09-26,15,quantile,0.85,31.0
2026-09-19,wk inc covid hosp,1,2026-09-26,15,quantile,0.9,33.0
2026-09-19,wk inc covid hosp,1,2026-09-26,15,quantile,0.95,35.0
2026-09-19,wk inc covid hosp,1,2026-09-26,15,quantile,0.975,39.0
2026-09-19,wk inc covid hosp,1,2026-09-26,15,quantile,0.99,50.0
2026-09-19,wk inc covid hosp,1,2026-09-26,16,quantile,0.01,5.0
2026-09-19,wk inc covid hosp,1,2026-09-26,16,quantile,0.025,6.0
2026-09-19,wk inc covid hosp,1,2026-09-26,16,quantile,0.05,6.0
2026-09-19,wk inc covid hosp,1,2026-09-26,16,quantile,0.1,7.0
2026-09-19,wk inc covid hosp,1,2026-09-26,16,quantile,0.15,7.0
2026-09-19,wk inc covid hosp,1,2026-09-26,16,quantile,0.2,7.0
2026-09-19,wk inc covid hosp,1,2026-09-26,16,quantile,0.25,8.0
2026-09-19,wk inc covid hosp,1,2026-09-26,16,quantile,0.3,10.0
2026-09-19,wk inc covid hosp,1,2026-09-26,16,quantile,0.35,10.0
2026-09-19,wk inc covid hosp,1,2026-09-26,16,quantile,0.4,10.0
2026-09-19,wk inc covid hosp,1,2026-09-26,16,quantile,0.45,12.0
2026-09-19,wk inc covid hosp,1,2026-09-26,16,quantile,0.5,13.0
2026-09-19,wk inc covid hosp,1,2026-09-26,16,quantile,0.55,14.0
2026-09-19,wk inc covid hosp,1,2026-09-26,16,quantile,0.6,14.0
2026-09-19,wk inc covid hosp,1,2026-09-26,16,quantile,0.65,14.0
2026-09-19,wk inc covid hosp,1,2026-09-26,16,quantile,0.7,14.0
2026-09-19,wk inc covid hosp,1,2026-09-26,16,quantile,0.75,15.0
2026-09-19,wk inc covid hosp,1,2026-09-26,16,quantile,0.8,16.0
2026-09-19,wk inc covid hosp,1,2026-09-26,16,quantile,0.85,17.0
2026-09-19,wk inc covid hosp,1,2026-09-26,16,quantile,0.9,18.0
2026-09-19,wk inc covid hosp,1,2026-09-26,16,quantile,0.95,19.0
2026-09-19,wk inc covid hosp,1,2026-09-26,16,quantile,0.975,19.0
2026-09-19,wk inc covid hosp,1,2026-09-26,16,quantile,0.99,22.0
2026-09-19,wk inc covid hosp,1,2026-09-26,17,quantile,0.01,31.0
2026-09-19,wk inc covid hosp,1,2026-09-26,17,quantile,0.025,40.0
2026-09-19,wk inc covid hosp,1,2026-09-26,17,quantile,0.05,40.0
2026-09-19,wk inc covid hosp,1,2026-09-26,17,quantile,0.1,41.0
2026-09-19,wk inc covid hosp,1,2026-09-26,17,quantile,0.15,45.0
2026-09-19,wk inc covid hosp,1,2026-09-26,17,quantile,0.2,48.0
2026-09-19,wk inc covid hosp,1,2026-09-26,17,quantile,0.25,48.0
2026-09-19,wk inc covid hosp,1,2026-09-26,17,quantile,0.3,51.0
2026-09-19,wk inc covid hosp,1,2026-09-26,17,quantile,0.35,53.0
2026-09-19,wk inc covid hosp,1,2026-09-26,17,quantile,0.4,53.0
2026-09-19,wk inc covid hosp,1,2026-09-26,17,quantile,0.45,53.0
2026-09-19,wk inc covid hosp,1,2026-09-26,17,quantile,0.5,53.0
2026-09-19,wk inc covid hosp,1,2026-09-26,17,quantile,0.55,53.0
2026-09-19,wk inc covid hosp,1,2026-09-26,17,quantile,0.6,56.0
2026-09-19,wk inc covid hosp,1,2026-09-26,17,quantile,0.65,57.0
2026-09-19,wk inc covid hosp,1,2026-09-26,17,quantile,0.7,57.0
2026-09-19,wk inc covid hosp,1,2026-09-26,17,quantile,0.75,60.0
2026-09-19,wk inc covid hosp,1,2026-09-26,17,quantile,0.8,60.0
2026-09-19,wk inc covid hosp,1,2026-09-26,17,quantile,0.85,66.0
2026-09-19,wk inc covid hosp,1,2026-09-26,17,quantile,0.9,75.0
2026-09-19,wk inc covid hosp,1,2026-09-26,17,quantile,0.95,81.0
2026-09-19,wk inc covid hosp,1,2026-09-26,17,quantile,0.975,93.0
2026-09-19,wk inc covid hosp,1,2026-09-26,17,quantile,0.99,124.0
2026-09-19,wk inc covid hosp,1,2026-09-26,18,quantile,0.01,22.0
2026-09-19,wk inc covid hosp,1,2026-09-26,18,quantile,0.025,25.0
2026-09-19,wk inc covid hosp,1,2026-09-26,18,quantile,0.05,25.0
2026-09-19,wk inc covid hosp,1,2026-09-26,18,quantile,0.1,28.0
2026-09-19,wk inc covid hosp,1,2026-09-26,18,quantile,0.15,30.0
2026-09-19,wk inc covid hosp,1,2026-09-26,18,quantile,0.2,31.0
2026-09-19,wk inc covid hosp,1,2026-09-26,18,quantile,0.25,32.0
2026-09-19,wk inc covid hosp,1,2026-09-26,18,quantile,0.3,33.0
2026-09-19,wk inc covid hosp,1,2026-09-26,18,quantile,0.35,34.0
2026-09-19,wk inc covid hosp,1,2026-09-26,18,quantile,0.4,34.0
2026-09-19,wk inc covid hosp,1,2026-09-26,18,quantile,0.45,36.0
2026-09-19,wk inc covid hosp,1,2026-09-26,18,quantile,0.5,36.0
2026-09-19,wk inc covid hosp,1,2026-09-26,18,quantile,0.55,37.0
2026-09-19,wk inc covid hosp,1,2026-09-26,18,quantile,0.6,41.0
2026-09-19,wk inc covid hosp,1,2026-09-26,18,quantile,0.65,41.0
2026-09-19,wk inc covid hosp,1,2026-09-26,18,quantile,0.7,41.0
2026-09-19,wk inc covid hosp,1,2026-09-26,18,quantile,0.75,41.0
2026-09-19,wk inc covid hosp,1,2026-09-26,18,quantile,0.8,41.0
2026-09-19,wk inc covid hosp,1,2026-09-26,18,quantile,0.85,41.0
2026-09-19,wk inc covid hosp,1,2026-09-26,18,quantile,0.9,48.0
2026-09-19,wk inc covid hosp,1,2026-09-26,18,quantile,0.95,56.0
2026-09-19,wk inc covid hosp,1,2026-09-26,18,quantile,0.975,62.0
2026-09-19,wk inc covid hosp,1,2026-09-26,18,quantile,0.99,69.0
2026-09-19,wk inc covid hosp,1,2026-09-26,19,quantile,0.01,6.0
2026-09-19,wk inc covid hosp,1,2026-09-26,19,quantile,0.025,8.0
2026-09-19,wk inc covid hosp,1,2026-09-26,19,quantile,0.05,9.0
2026-09-19,wk inc covid hosp,1,2026-09-26,19,quantile,0.1,10.0
2026-09-19,wk inc covid hosp,1,2026-09-26,19,quantile,0.15,12.0
2026-09-19,wk inc covid hosp,1,2026-09-26,19,quantile,0.2,12.0
2026-09-19,wk inc covid hosp,1,2026-09-26,19,quantile,0.25,13.0
2026-09-19,wk inc covid hosp,1,2026-09-26,19,quantile,0.3,13.0
2026-09-19,wk inc covid hosp,1,2026-09-26,19,quantile,0.35,14.0
2026-09-19,wk inc covid hosp,1,2026-09-26,19,quantile,0.4,14.0
2026-09-19,wk inc covid hosp,1,2026-09-26,19,quantile,0.45,14.0
2026-09-19,wk inc covid hosp,1,2026-09-26,19,quantile,0.5,14.0
2026-09-19,wk inc covid hosp,1,2026-09-26,19,quantile,0.55,16.0
2026-09-19,wk inc covid hosp,1,2026-09-26,19,quantile,0.6,16.0
2026-09-19,wk inc covid hosp,1,2026-09-26,19,quantile,0.65,17.0
2026-09-19,wk inc covid hosp,1,2026-09-26,19,quantile,0.7,17.0
2026-09-19,wk inc covid hosp,1,2026-09-26,19,quantile,0.75,19.0
2026-09-19,wk inc covid hosp,1,2026-09-26,19,quantile,0.8,19.0
2026-09-19,wk inc covid hosp,1,2026-09-26,19,quantile,0.85,20.0
2026-09-19,wk inc covid hosp,1,2026-09-26,19,quantile,0.9,22.0
2026-09-19,wk inc covid hosp,1,2026-09-26,19,quantile,0.95,25.0
2026-09-19,wk inc covid hosp,1,2026-09-26,19,quantile,0.975,27.0
2026-09-19,wk inc covid hosp,1,2026-09-26,19,quantile,0.99,33.0
2026-09-19,wk inc covid hosp,1,2026-09-26,20,quantile,0.01,4.0
2026-09-19,wk inc covid hosp,1,2026-09-26,20,quantile,0.025,6.0
2026-09-19,wk inc covid hosp,1,2026-09-26,20,quantile,0.05,6.0
2026-09-19,wk inc covid hosp,1,2026-09-26,20,quantile,0.1,6.0
2026-09-19,wk inc covid hosp,1,2026-09-26,20,quantile,0.15,7.0
2026-09-19,wk inc covid hosp,1,2026-09-26,20,quantile,0.2,8.0
2026-09-19,wk inc covid hosp,1,2026-09-26,20,quantile,0.25,9.0
2026-09-19,wk inc covid hosp,1,2026-09-26,20,quantile,0.3,10.0
2026-09-19,wk inc covid hosp,1,2026-09-26,20,quantile,0.35,10.0
2026-09-19,wk inc covid hosp,1,2026-09-26,20,quantile,0.4,10.0
2026-09-19,wk inc covid hosp,1,2026-09-26,20,quantile,0.45,10.0
2026-09-19,wk inc covid hosp,1,2026-09-26,20,quantile,0.5,10.0
2026-09-19,wk inc covid hosp,1,2026-09-26,20,quantile,0.55,10.0
2026-09-19,wk inc covid hosp,1,2026-09-26,20,quantile,0.6,10.0
2026-09-19,wk inc covid hosp,1,2026-09-26,20,quantile,0.65,11.0
2026-09-19,wk inc covid hosp,1,2026-09-26,20,quantile,0.7,11.0
2026-09-19,wk inc covid hosp,1,2026-09-26,20,quantile,0.75,12.0
2026-09-19,wk inc covid hosp,1,2026-09-26,20,quantile,0.8,12.0
2026-09-19,wk inc covid hosp,1,2026-09-26,20,quantile,0.85,12.0
2026-09-19,wk inc covid hosp,1,2026-09-26,20,quantile,0.9,14.0
2026-09-19,wk inc covid hosp,1,2026-09-26,20,quantile,0.95,16.0
2026-09-19,wk inc covid hosp,1,2026-09-26,20,quantile,0.975,16.0
2026-09-19,wk inc covid hosp,1,2026-09-26,20,quantile,0.99,21.0
2026-09-19,wk inc covid hosp,1,2026-09-26,21,quantile,0.01,15.0
2026-09-19,wk inc covid hosp,1,2026-09-26,21,quantile,0.025,17.0
2026-09-19,wk inc covid hosp,1,2026-09-26,21,quantile,0.05,17.0
2026-09-19,wk inc covid hosp,1,2026-09-26,21,quantile,0.1,18.0
2026-09-19,wk inc covid hosp,1,2026-09-26,21,quantile,0.15,19.0
2026-09-19,wk inc covid hosp,1,2026-09-26,21,quantile,0.2,20.0
2026-09-19,wk inc covid hosp,1,2026-09-26,21,quantile,0.25,21.0
2026-09-19,wk inc covid hosp,1,2026-09-26,21,quantile,0.3,23.0
2026-09-19,wk inc covid hosp,1,2026-09-26,21,quantile,0.35,25.0
2026-09-19,wk inc covid hosp,1,2026-09-26,21,quantile,0.4,25.0
2026-09-19,wk inc covid hosp,1,2026-09-26,21,quantile,0.45,25.0
2026-09-19,wk inc covid hosp,1,2026-09-26,21,quantile,0.5,25.0
2026-09-19,wk inc covid hosp,1,2026-09-26,21,quantile,0.55,26.0
2026-09-19,wk inc covid hosp,1,2026-09-26,21,quantile,0.6,27.0
2026-09-19,wk inc covid hosp,1,2026-09-26,21,quantile,0.65,27.0
2026-09-19,wk inc covid hosp,1,2026-09-26,21,quantile,0.7,27.0
2026-09-19,wk inc covid hosp,1,2026-09-26,21,quantile,0.75,28.0
2026-09-19,wk inc covid hosp,1,2026-09-26,21,quantile,0.8,28.0
2026-09-19,wk inc covid hosp,1,2026-09-26,21,quantile,0.85,29.0
2026-09-19,wk inc covid hosp,1,2026-09-26,21,quantile,0.9,33.0
2026-09-19,wk inc covid hosp,1,2026-09-26,21,quantile,0.95,38.0
2026-09-19,wk inc covid hosp,1,2026-09-26,21,quantile,0.975,41.0
2026-09-19,wk inc covid hosp,1,2026-09-26,21,quantile,0.99,49.0
2026-09-19,wk inc covid hosp,1,2026-09-26,22,quantile,0.01,31.0
2026-09-19,wk inc covid hosp,1,2026-09-26,22,quantile,0.025,36.0
2026-09-19,wk inc covid hosp,1,2026-09-26,22,quantile,0.05,41.0
2026-09-19,wk inc covid hosp,1,2026-09-26,22,quantile,0.1,42.0
2026-09-19,wk inc covid hosp,1,2026-09-26,22,quantile,0.15,43.0
2026-09-19,wk inc covid hosp,1,2026-09-26,22,quantile,0.2,46.0
2026-09-19,wk inc covid hosp,1,2026-09-26,22,quantile,0.25,47.0
2026-09-19,wk inc covid hosp,1,2026-09-26,22,quantile,0.3,48.0
2026-09-19,wk inc covid hosp,1,2026-09-26,22,quantile,0.35,51.0
2026-09-19,wk inc covid hosp,1,2026-09-26,22,quantile,0.4,52.0
2026-09-19,wk inc covid hosp,1,2026-09-26,22,quantile,0.45,54.0
2026-09-19,wk inc covid hosp,1,2026-09-26,22,quantile,0.5,56.0
2026-09-19,wk inc covid hosp,1,2026-09-26,22,quantile,0.55,59.0
2026-09-19,wk inc covid hosp,1,2026-09-26,22,quantile,0.6,62.0
2026-09-19,wk inc covid hosp,1,2026-09-26,22,quantile,0.65,66.0
2026-09-19,wk inc covid hosp,1,2026-09-26,22,quantile,0.7,70.0
2026-09-19,wk inc covid hosp,1,2026-09-26,22,quantile,0.75,73.0
2026-09-19,wk inc covid hosp,1,2026-09-26,22,quantile,0.8,73.0
2026-09-19,wk inc covid hosp,1,2026-09-26,22,quantile,0.85,73.0
2026-09-19,wk inc covid hosp,1,2026-09-26,22,quantile,0.9,76.0
2026-09-19,wk inc covid hosp,1,2026-09-26,22,quantile,0.95,86.0
2026-09-19,wk inc covid hosp,1,2026-09-26,22,quantile,0.975,96.0
2026-09-19,wk inc covid hosp,1,2026-09-26,22,quantile,0.99,99.0
2026-09-19,wk inc covid hosp,1,2026-09-26,23,quantile,0.01,0.0
2026-09-19,wk inc covid hosp,1,2026-09-26,23,quantile,0.025,1.0
2026-09-19,wk inc covid hosp,1,2026-09-26,23,quantile,0.05,1.0
2026-09-19,wk inc covid hosp,1,2026-09-26,23,quantile,0.1,1.0
2026-09-19,wk inc covid hosp,1,2026-09-26,23,quantile,0.15,1.0
2026-09-19,wk inc covid hosp,1,2026-09-26,23,quantile,0.2,1.0
2026-09-19,wk inc covid hosp,1,2026-09-26,23,quantile,0.25,1.0
2026-09-19,wk inc covid hosp,1,2026-09-26,23,quantile,0.3,1.0
2026-09-19,wk inc covid hosp,1,2026-09-26,23,quantile,0.35,1.0
2026-09-19,wk inc covid hosp,1,2026-09-26,23,quantile,0.4,1.0
2026-09-19,wk inc covid hosp,1,2026-09-26,23,quantile,0.45,1.0
2026-09-19,wk inc covid hosp,1,2026-09-26,23,quantile,0.5,1.0
2026-09-19,wk inc covid hosp,1,2026-09-26,23,quantile,0.55,2.0
2026-09-19,wk inc covid hosp,1,2026-09-26,23,quantile,0.6,2.0
2026-09-19,wk inc covid hosp,1,2026-09-26,23,quantile,0.65,2.0
2026-09-19,wk inc covid hosp,1,2026-09-26,23,quantile,0.7,2.0
2026-09-19,wk inc covid hosp,1,2026-09-26,23,quantile,0.75,2.0
2026-09-19,wk inc covid hosp,1,2026-09-26,23,quantile,0.8,4.0
2026-09-19,wk inc covid hosp,1,2026-09-26,23,quantile,0.85,4.0
2026-09-19,wk inc covid hosp,1,2026-09-26,23,quantile,0.9,4.0
2026-09-19,wk inc covid hosp,1,2026-09-26,23,quantile,0.95,7.0
2026-09-19,wk inc covid hosp,1,2026-09-26,23,quantile,0.975,7.0
2026-09-19,wk inc covid hosp,1,2026-09-26,23,quantile,0.99,13.0
2026-09-19,wk inc covid hosp,1,2026-09-26,24,quantile,0.01,10.0
2026-09-19,wk inc covid hosp,1,2026-09-26,24,quantile,0.025,16.0
2026-09-19,wk inc covid hosp,1,2026-09-26,24,quantile,0.05,16.0
2026-09-19,wk inc covid hosp,1,2026-09-26,24,quantile,0.1,16.0
2026-09-19,wk inc covid hosp,1,2026-09-26,24,quantile,0.15,16.0
2026-09-19,wk inc covid hosp,1,2026-09-26,24,quantile,0.2,16.0
2026-09-19,wk inc covid hosp,1,2026-09-26,24,quantile,0.25,18.0
2026-09-19,wk inc covid hosp,1,2026-09-26,24,quantile,0.3,18.0
2026-09-19,wk inc covid hosp,1,2026-09-26,24,quantile,0.35,18.0
2026-09-19,wk inc covid hosp,1,2026-09-26,24,quantile,0.4,18.0
2026-09-19,wk inc covid hosp,1,2026-09-26,24,quantile,0.45,18.0
2026-09-19,wk inc covid hosp,1,2026-09-26,24,quantile,0.5,18.0
2026-09-19,wk inc covid hosp,1,2026-09-26,24,quantile,0.55,19.0
2026-09-19,wk inc covid hosp,1,2026-09-26,24,quantile,0.6,21.0
2026-09-19,wk inc covid hosp,1,2026-09-26,24,quantile,0.65,21.0
2026-09-19,wk inc covid hosp,1,2026-09-26,24,quantile,0.7,21.0
2026-09-19,wk inc covid hosp,1,2026-09-26,24,quantile,0.75,22.0
2026-09-19,wk inc covid hosp,1,2026-09-26,24,quantile,0.8,24.0
2026-09-19,wk inc covid hosp,1,2026-09-26,24,quantile,0.85,25.0
2026-09-19,wk inc covid hosp,1,2026-09-26,24,quantile,0.9,29.0
2026-09-19,wk inc covid hosp,1,2026-09-26,24,quantile,0.95,33.0
2026-09-19,wk inc covid hosp,1,2026-09-26,24,quantile,0.975,40.0
2026-09-19,wk inc covid hosp,1,2026-09-26,24,quantile,0.99,68.0
2026-09-19,wk inc covid hosp,1,2026-09-26,25,quantile,0.01,20.0
2026-09-19,wk inc covid hosp,1,2026-09-26,25,quantile,0.025,24.0
2026-09-19,wk inc covid hosp,1,2026-09-26,25,quantile,0.05,24.0
2026-09-19,wk inc covid hosp,1,2026-09-26,25,quantile,0.1,25.0
2026-09-19,wk inc covid hosp,1,2026-09-26,25,quantile,0.15,28.0
2026-09-19,wk inc covid hosp,1,2026-09-26,25,quantile,0.2,30.0
2026-09-19,wk inc covid hosp,1,2026-09-26,25,quantile,0.25,31.0
2026-09-19,wk inc covid hosp,1,2026-09-26,25,quantile,0.3,31.0
2026-09-19,wk inc covid hosp,1,2026-09-26,25,quantile,0.35,31.0
2026-09-19,wk inc covid hosp,1,2026-09-26,25,quantile,0.4,33.0
2026-09-19,wk inc covid hosp,1,2026-09-26,25,quantile,0.45,36.0
2026-09-19,wk inc covid hosp,1,2026-09-26,25,quantile,0.5,38.0
2026-09-19,wk inc covid hosp,1,2026-09-26,25,quantile,0.55,38.0
2026-09-19,wk inc covid hosp,1,2026-09-26,25,quantile,0.6,39.0
2026-09-19,wk inc covid hosp,1,2026-09-26,25,quantile,0.65,39.0
2026-09-19,wk inc covid hosp,1,2026-09-26,25,quantile,0.7,39.0
2026-09-19,wk inc covid hosp,1,2026-09-26,25,quantile,0.75,42.0
2026-09-19,wk inc covid hosp,1,2026-09-26,25,quantile,0.8,44.0
2026-09-19,wk inc covid hosp,1,2026-09-26,25,quantile,0.85,45.0
2026-09-19,wk inc covid hosp,1,2026-09-26,25,quantile,0.9,49.0
2026-09-19,wk inc covid hosp,1,2026-09-26,25,quantile,0.95,56.0
2026-09-19,wk inc covid hosp,1,2026-09-26,25,quantile,0.975,65.0
2026-09-19,wk inc covid hosp,1,2026-09-26,25,quantile,0.99,72.0
2026-09-19,wk inc covid hosp,1,2026-09-26,26,quantile,0.01,20.0
2026-09-19,wk inc covid hosp,1,2026-09-26,26,quantile,0.025,29.0
2026-09-19,wk inc covid hosp,1,2026-09-26,26,quantile,0.05,29.0
2026-09-19,wk inc covid hosp,1,2026-09-26,26,quantile,0.1,30.0
2026-09-19,wk inc covid hosp,1,2026-09-26,26,quantile,0.15,32.0
2026-09-19,wk inc covid hosp,1,2026-09-26,26,quantile,0.2,36.0
2026-09-19,wk inc covid hosp,1,2026-09-26,26,quantile,0.25,38.0
2026-09-19,wk inc covid hosp,1,2026-09-26,26,quantile,0.3,40.0
2026-09-19,wk inc covid hosp,1,2026-09-26,26,quantile,0.35,43.0
2026-09-19,wk inc covid hosp,1,2026-09-26,26,quantile,0.4,43.0
2026-09-19,wk inc covid hosp,1,2026-09-26,26,quantile,0.45,43.0
2026-09-19,wk inc covid hosp,1,2026-09-26,26,quantile,0.5,43.0
2026-09-19,wk inc covid hosp,1,2026-09-26,26,quantile,0.55,43.0
2026-09-19,wk inc covid hosp,1,2026-09-26,26,quantile,0.6,43.0
2026-09-19,wk inc covid hosp,1,2026-09-26,26,quantile,0.65,43.0
2026-09-19,wk inc covid hosp,1,2026-09-26,26,quantile,0.7,44.0
2026-09-19,wk inc covid hosp,1,2026-09-26,26,quantile,0.75,50.0
2026-09-19,wk inc covid hosp,1,2026-09-26,26,quantile,0.8,50.0
2026-09-19,wk inc covid hosp,1,2026-09-26,26,quantile,0.85,50.0
2026-09-19,wk inc covid hosp,1,2026-09-26,26,quantile,0.9,55.0
2026-09-19,wk inc covid hosp,1,2026-09-26,26,quantile,0.95,64.0
2026-09-19,wk inc covid hosp,1,2026-09-26,26,quantile,0.975,78.0
2026-09-19,wk inc covid hosp,1,2026-09-26,26,quantile,0.99,109.0
2026-09-19,wk inc covid hosp,1,2026-09-26,27,quantile,0.01,11.0
2026-09-19,wk inc covid hosp,1,2026-09-26,27,quantile,0.025,16.0
2026-09-19,wk inc covid hosp,1,2026-09-26,27,quantile,0.05,16.0
2026-09-19,wk inc covid hosp,1,2026-09-26,27,quantile,0.1,16.0
2026-09-19,wk inc covid hosp,1,2026-09-26,27,quantile,0.15,18.0
2026-09-19,wk inc covid hosp,1,2026-09-26,27,quantile,0.2,19.0
2026-09-19,wk inc covid hosp,1,2026-09-26,27,quantile,0.25,20.0
2026-09-19,wk inc covid hosp,1,2026-09-26,27,quantile,0.3,21.0
2026-09-19,wk inc covid hosp,1,2026-09-26,27,quantile,0.35,21.0
2026-09-19,wk inc covid hosp,1,2026-09-26,27,quantile,0.4,21.0
2026-09-19,wk inc covid hosp,1,2026-09-26,27,quantile,0.45,21.0
2026-09-19,wk inc covid hosp,1,2026-09-26,27,quantile,0.5,22.0
2026-09-19,wk inc covid hosp,1,2026-09-26,27,quantile,0.55,23.0
2026-09-19,wk inc covid hosp,1,2026-09-26,27,quantile,0.6,23.0
2026-09-19,wk inc covid hosp,1,2026-09-26,27,quantile,0.65,25.0
2026-09-19,wk inc covid hosp,1,2026-09-26,27,quantile,0.7,25.0
2026-09-19,wk inc covid hosp,1,2026-09-26,27,quantile,0.75,26.0
2026-09-19,wk inc covid hosp,1,2026-09-26,27,quantile,0.8,27.0
2026-09-19,wk inc covid hosp,1,2026-09-26,27,quantile,0.85,28.0
2026-09-19,wk inc covid hosp,1,2026-09-26,27,quantile,0.9,33.0
2026-09-19,wk inc covid hosp,1,2026-09-26,27,quantile,0.95,35.0
2026-09-19,wk inc covid hosp,1,2026-09-26,27,quantile,0.975,41.0
2026-09-19,wk inc covid hosp,1,2026-09-26,27,quantile,0.99,57.0
2026-09-19,wk inc covid hosp,1,2026-09-26,28,quantile,0.01,17.0
2026-09-19,wk inc covid hosp,1,2026-09-26,28,quantile,0.025,18.0
2026-09-19,wk inc covid hosp,1,2026-09-26,28,quantile,0.05,22.0
2026-09-19,wk inc covid hosp,1,2026-09-26,28,quantile,0.1,26.0
2026-09-19,wk inc covid hosp,1,2026-09-26,28,quantile,0.15,27.0
2026-09-19,wk inc covid hosp,1,2026-09-26,28,quantile,0.2,30.0
2026-09-19,wk inc covid hosp,1,2026-09-26,28,quantile,0.25,30.0
2026-09-19,wk inc covid hosp,1,2026-09-26,28,quantile,0.3,31.0
2026-09-19,wk inc covid hosp,1,2026-09-26,28,quantile,0.35,33.0
2026-09-19,wk inc covid hosp,1,2026-09-26,28,quantile,0.4,33.0
2026-09-19,wk inc covid hosp,1,2026-09-26,28,quantile,0.45,33.0
2026-09-19,wk inc covid hosp,1,2026-09-26,28,quantile,0.5,34.0
2026-09-19,wk inc covid hosp,1,2026-09-26,28,quantile,0.55,37.0
2026-09-19,wk inc covid hosp,1,2026-09-26,28,quantile,0.6,39.0
2026-09-19,wk inc covid hosp,1,2026-09-26,28,quantile,0.65,43.0
2026-09-19,wk inc covid hosp,1,2026-09-26,28,quantile,0.7,43.0
2026-09-19,wk inc covid hosp,1,2026-09-26,28,quantile,0.75,43.0
2026-09-19,wk inc covid hosp,1,2026-09-26,28,quantile,0.8,45.0
2026-09-19,wk inc covid hosp,1,2026-09-26,28,quantile,0.85,48.0
2026-09-19,wk inc covid hosp,1,2026-09-26,28,quantile,0.9,52.0
2026-09-19,wk inc covid hosp,1,2026-09-26,28,quantile,0.95,60.0
2026-09-19,wk inc covid hosp,1,2026-09-26,28,quantile,0.975,67.0
2026-09-19,wk inc covid hosp,1,2026-09-26,28,quantile,0.99,67.0
2026-09-19,wk inc covid hosp,1,2026-09-26,29,quantile,0.01,34.0
2026-09-19,wk inc covid hosp,1,2026-09-26,29,quantile,0.025,37.0
2026-09-19,wk inc covid hosp,1,2026-09-26,29,quantile,0.05,37.0
2026-09-19,wk inc covid hosp,1,2026-09-26,29,quantile,0.1,40.0
2026-09-19,wk inc covid hosp,1,2026-09-26,29,quantile,0.15,45.0
2026-09-19,wk inc covid hosp,1,2026-09-26,29,quantile,0.2,47.0
2026-09-19,wk inc covid hosp,1,2026-09-26,29,quantile,0.25,47.0
2026-09-19,wk inc covid hosp,1,2026-09-26,29,quantile,0.3,47.0
2026-09-19,wk inc covid hosp,1,2026-09-26,29,quantile,0.35,49.0
2026-09-19,wk inc covid hosp,1,2026-09-26,29,quantile,0.4,50.0
2026-09-19,wk inc covid hosp,1,2026-09-26,29,quantile,0.45,52.0
2026-09-19,wk inc covid hosp,1,2026-09-26,29,quantile,0.5,56.0
2026-09-19,wk inc covid hosp,1,2026-09-26,29,quantile,0.55,59.0
2026-09-19,wk inc covid hosp,1,2026-09-26,29,quantile,0.6,61.0
2026-09-19,wk inc covid hosp,1,2026-09-26,29,quantile,0.65,61.0
2026-09-19,wk inc covid hosp,1,2026-09-26,29,quantile,0.7,61.0
2026-09-19,wk inc covid hosp,1,2026-09-26,29,quantile,0.75,61.0
2026-09-19,wk inc covid hosp,1,2026-09-26,29,quantile,0.8,62.0
2026-09-19,wk inc covid hosp,1,2026-09-26,29,quantile,0.85,66.0
2026-09-19,wk inc covid hosp,1,2026-09-26,29,quantile,0.9,68.0
2026-09-19,wk inc covid hosp,1,2026-09-26,29,quantile,0.95,71.0
2026-09-19,wk inc covid hosp,1,2026-09-26,29,quantile,0.975,78.0
2026-09-19,wk inc covid hosp,1,2026-09-26,29,quantile,0.99,100.0
2026-09-19,wk inc covid hosp,1,2026-09-26,30,quantile,0.01,3.0
2026-09-19,wk inc covid hosp,1,2026-09-26,30,quantile,0.025,3.0
2026-09-19,wk inc covid hosp,1,2026-09-26,30,quantile,0.05,4.0
2026-09-19,wk inc covid hosp,1,2026-09-26,30,quantile,0.1,4.0
2026-09-19,wk inc covid hosp,1,2026-09-26,30,quantile,0.15,5.0
2026-09-19,wk inc covid hosp,1,2026-09-26,30,quantile,0.2,6.0
2026-09-19,wk inc covid hosp,1,2026-09-26,30,quantile,0.25,6.0
2026-09-19,wk inc covid hosp,1,2026-09-26,30,quantile,0.3,6.0
2026-09-19,wk inc covid hosp,1,2026-09-26,30,quantile,0.35,7.0
2026-09-19,wk inc covid hosp,1,2026-09-26,30,quantile,0.4,7.0
2026-09-19,wk inc covid hosp,1,2026-09-26,30,quantile,0.45,8.0
2026-09-19,wk inc covid hosp,1,2026-09-26,30,quantile,0.5,9.0
2026-09-19,wk inc covid hosp,1,2026-09-26,30,quantile,0.55,9.0
2026-09-19,wk inc covid hosp,1,2026-09-26,30,quantile,0.6,9.0
2026-09-19,wk inc covid hosp,1,2026-09-26,30,quantile,0.65,9.0
2026-09-19,wk inc covid hosp,1,2026-09-26,30,quantile,0.7,9.0
2026-09-19,wk inc covid hosp,1,2026-09-26,30,quantile,0.75,10.0
2026-09-19,wk inc covid hosp,1,2026-09-26,30,quantile,0.8,10.0
2026-09-19,wk inc covid hosp,1,2026-09-26,30,quantile,0.85,10.0
2026-09-19,wk inc covid hosp,1,2026-09-26,30,quantile,0.9,11.0
2026-09-19,wk inc covid hosp,1,2026-09-26,30,quantile,0.95,12.0
2026-09-19,wk inc covid hosp,1,2026-09-26,30,quantile,0.975,13.0
2026-09-19,wk inc covid hosp,1,2026-09-26,30,quantile,0.99,16.0
2026-09-19,wk inc covid hosp,1,2026-09-26,31,quantile,0.01,2.0
2026-09-19,wk inc covid hosp,1,2026-09-26,31,quantile,0.025,4.0
2026-09-19,wk inc covid hosp,1,2026-09-26,31,quantile,0.05,4.0
2026-09-19,wk inc covid hosp,1,2026-09-26,31,quantile,0.1,5.0
2026-09-19,wk inc covid hosp,1,2026-09-26,31,quantile,0.15,5.0
2026-09-19,wk inc covid hosp,1,2026-09-26,31,quantile,0.2,6.0
2026-09-19,wk inc covid hosp,1,2026-09-26,31,quantile,0.25,6.0
2026-09-19,wk inc covid hosp,1,2026-09-26,31,quantile,0.3,7.0
2026-09-19,wk inc covid hosp,1,2026-09-26,31,quantile,0.35,7.0
2026-09-19,wk inc covid hosp,1,2026-09-26,31,quantile,0.4,7.0
2026-09-19,wk inc covid hosp,1,2026-09-26,31,quantile,0.45,8.0
2026-09-19,wk inc covid hosp,1,2026-09-26,31,quantile,0.5,8.0
2026-09-19,wk inc covid hosp,1,2026-09-26,31,quantile,0.55,8.0
2026-09-19,wk inc covid hosp,1,2026-09-26,31,quantile,0.6,8.0
2026-09-19,wk inc covid hosp,1,2026-09-26,31,quantile,0.65,8.0
2026-09-19,wk inc covid hosp,1,2026-09-26,31,quantile,0.7,9.0
2026-09-19,wk inc covid hosp,1,2026-09-26,31,quantile,0.75,9.0
2026-09-19,wk inc covid hosp,1,2026-09-26,31,quantile,0.8,10.0
2026-09-19,wk inc covid hosp,1,2026-09-26,31,quantile,0.85,10.0
2026-09-19,wk inc covid hosp,1,2026-09-26,31,quantile,0.9,12.0
2026-09-19,wk inc covid hosp,1,2026-09-26,31,quantile,0.95,13.0
2026-09-19,wk inc covid hosp,1,2026-09-26,31,quantile,0.975,14.0
2026-09-19,wk inc covid hosp,1,2026-09-26,31,quantile,0.99,23.0
2026-09-19,wk inc covid hosp,1,2026-09-26,32,quantile,0.01,13.0
2026-09-19,wk inc covid hosp,1,2026-09-26,32,quantile,0.025,16.0
2026-09-19,wk inc covid hosp,1,2026-09-26,32,quantile,0.05,19.0
2026-09-19,wk inc covid hosp,1,2026-09-26,32,quantile,0.1,22.0
2026-09-19,wk inc covid hosp,1,2026-09-26,32,quantile,0.15,23.0
2026-09-19,wk inc covid hosp,1,2026-09-26,32,quantile,0.2,25.0
2026-09-19,wk inc covid hosp,1,2026-09-26,32,quantile,0.25,26.0
2026-09-19,wk inc covid hosp,1,2026-09-26,32,quantile,0.3,27.0
2026-09-19,wk inc covid hosp,1,2026-09-26,32,quantile,0.35,29.0
2026-09-19,wk inc covid hosp,1,2026-09-26,32,quantile,0.4,29.0
2026-09-19,wk inc covid hosp,1,2026-09-26,32,quantile,0.45,31.0
2026-09-19,wk inc covid hosp,1,2026-09-26,32,quantile,0.5,34.0
2026-09-19,wk inc covid hosp,1,2026-09-26,32,quantile,0.55,35.0
2026-09-19,wk inc covid hosp,1,2026-09-26,32,quantile,0.6,38.0
2026-09-19,wk inc covid hosp,1,2026-09-26,32,quantile,0.65,39.0
2026-09-19,wk inc covid hosp,1,2026-09-26,32,quantile,0.7,40.0
2026-09-19,wk inc covid hosp,1,2026-09-26,32,quantile,0.75,40.0
2026-09-19,wk inc covid hosp,1,2026-09-26,32,quantile,0.8,43.0
2026-09-19,wk inc covid hosp,1,2026-09-26,32,quantile,0.85,43.0
2026-09-19,wk inc covid hosp,1,2026-09-26,32,quantile,0.9,43.0
2026-09-19,wk inc covid hosp,1,2026-09-26,32,quantile,0.95,47.0
2026-09-19,wk inc covid hosp,1,2026-09-26,32,quantile,0.975,50.0
2026-09-19,wk inc covid hosp,1,2026-09-26,32,quantile,0.99,59.0
2026-09-19,wk inc covid hosp,1,2026-09-26,33,quantile,0.01,2.0
2026-09-19,wk inc covid hosp,1,2026-09-26,33,quantile,0.025,3.0
2026-09-19,wk inc covid hosp,1,2026-09-26,33,quantile,0.05,3.0
2026-09-19,wk inc covid hosp,1,2026-09-26,33,quantile,0.1,4.0
2026-09-19,wk inc covid hosp,1,2026-09-26,33,quantile,0.15,4.0
2026-09-19,wk inc covid hosp,1,2026-09-26,33,quantile,0.2,5.0
2026-09-19,wk inc covid hosp,1,2026-09-26,33,quantile,0.25,5.0
2026-09-19,wk inc covid hosp,1,2026-09-26,33,quantile,0.3,5.0
2026-09-19,wk inc covid hosp,1,2026-09-26,33,quantile,0.35,6.0
2026-09-19,wk inc covid hosp,1,2026-09-26,33,quantile,0.4,6.0
2026-09-19,wk inc covid hosp,1,2026-09-26,33,quantile,0.45,6.0
2026-09-19,wk inc covid hosp,1,2026-09-26,33,quantile,0.5,6.0
2026-09-19,wk inc covid hosp,1,2026-09-26,33,quantile,0.55,6.0
2026-09-19,wk inc covid hosp,1,2026-09-26,33,quantile,0.6,6.0
2026-09-19,wk inc covid hosp,1,2026-09-26,33,quantile,0.65,7.0
2026-09-19,wk inc covid hosp,1,2026-09-26,33,quantile,0.7,7.0
2026-09-19,wk inc covid hosp,1,2026-09-26,33,quantile,0.75,7.0
2026-09-19,wk inc covid hosp,1,2026-09-26,33,quantile,0.8,7.0
2026-09-19,wk inc covid hosp,1,2026-09-26,33,quantile,0.85,7.0
2026-09-19,wk inc covid hosp,1,2026-09-26,33,quantile,0.9,8.0
2026-09-19,wk inc covid hosp,1,2026-09-26,33,quantile,0.95,9.0
2026-09-19,wk inc covid hosp,1,2026-09-26,33,quantile,0.975,10.0
2026-09-19,wk inc covid hosp,1,2026-09-26,33,quantile,0.99,14.0
2026-09-19,wk inc covid hosp,1,2026-09-26,34,quantile,0.01,54.0
2026-09-19,wk inc covid hosp,1,2026-09-26,34,quantile,0.025,66.0
2026-09-19,wk inc covid hosp,1,2026-09-26,34,quantile,0.05,70.0
2026-09-19,wk inc covid hosp,1,2026-09-26,34,quantile,0.1,70.0
2026-09-19,wk inc covid hosp,1,2026-09-26,34,quantile,0.15,71.0
2026-09-19,wk inc covid hosp,1,2026-09-26,34,quantile,0.2,73.0
2026-09-19,wk inc covid hosp,1,2026-09-26,34,quantile,0.25,78.0
2026-09-19,wk inc covid hosp,1,2026-09-26,34,quantile,0.3,82.0
2026-09-19,wk inc covid hosp,1,2026-09-26,34,quantile,0.35,84.0
2026-09-19,wk inc covid hosp,1,2026-09-26,34,quantile,0.4,86.0
2026-09-19,wk inc covid hosp,1,2026-09-26,34,quantile,0.45,89.0
2026-09-19,wk inc covid hosp,1,2026-09-26,34,quantile,0.5,95.0
2026-09-19,wk inc covid hosp,1,2026-09-26,34,quantile,0.55,96.0
2026-09-19,wk inc covid hosp,1,2026-09-26,34,quantile,0.6,98.0
2026-09-19,wk inc covid hosp,1,2026-09-26,34,quantile,0.65,100.0
2026-09-19,wk inc covid hosp,1,2026-09-26,34,quantile,0.7,109.0
2026-09-19,wk inc covid hosp,1,2026-09-26,34,quantile,0.75,111.0
2026-09-19,wk inc covid hosp,1,2026-09-26,34,quantile,0.8,116.0
2026-09-19,wk inc covid hosp,1,2026-09-26,34,quantile,0.85,116.0
2026-09-19,wk inc covid hosp,1,2026-09-26,34,quantile,0.9,119.0
2026-09-19,wk inc covid hosp,1,2026-09-26,34,quantile,0.95,123.0
2026-09-19,wk inc covid hosp,1,2026-09-26,34,quantile,0.975,132.0
2026-09-19,wk inc covid hosp,1,2026-09-26,34,quantile,0.99,151.0
2026-09-19,wk inc covid hosp,1,2026-09-26,35,quantile,0.01,7.0
2026-09-19,wk inc covid hosp,1,2026-09-26,35,quantile,0.025,9.0
2026-09-19,wk inc covid hosp,1,2026-09-26,35,quantile,0.05,11.0
2026-09-19,wk inc covid hosp,1,2026-09-26,35,quantile,0.1,12.0
2026-09-19,wk inc covid hosp,1,2026-09-26,35,quantile,0.15,13.0
2026-09-19,wk inc covid hosp,1,2026-09-26,35,quantile,0.2,14.0
2026-09-19,wk inc covid hosp,1,2026-09-26,35,quantile,0.25,16.0
2026-09-19,wk inc covid hosp,1,2026-09-26,35,quantile,0.3,16.0
2026-09-19,wk inc covid hosp,1,2026-09-26,35,quantile,0.35,16.0
2026-09-19,wk inc covid hosp,1,2026-09-26,35,quantile,0.4,16.0
2026-09-19,wk inc covid hosp,1,2026-09-26,35,quantile,0.45,18.0
2026-09-19,wk inc covid hosp,1,2026-09-26,35,quantile,0.5,20.0
2026-09-19,wk inc covid hosp,1,2026-09-26,35,quantile,0.55,22.0
2026-09-19,wk inc covid hosp,1,2026-09-26,35,quantile,0.6,22.0
2026-09-19,wk inc covid hosp,1,2026-09-26,35,quantile,0.65,23.0
2026-09-19,wk inc covid hosp,1,2026-09-26,35,quantile,0.7,23.0
2026-09-19,wk inc covid hosp,1,2026-09-26,35,quantile,0.75,23.0
2026-09-19,wk inc covid hosp,1,2026-09-26,35,quantile,0.8,23.0
2026-09-19,wk inc covid hosp,1,2026-09-26,35,quantile,0.85,24.0
2026-09-19,wk inc covid hosp,1,2026-09-26,35,quantile,0.9,24.0
2026-09-19,wk inc covid hosp,1,2026-09-26,35,quantile,0.95,28.0
2026-09-19,wk inc covid hosp,1,2026-09-26,35,quantile,0.975,29.0
2026-09-19,wk inc covid hosp,1,2026-09-26,35,quantile,0.99,37.0
2026-09-19,wk inc covid hosp,1,2026-09-26,36,quantile,0.01,105.0
2026-09-19,wk inc covid hosp,1,2026-09-26,36,quantile,0.025,126.0
2026-09-19,wk inc covid hosp,1,2026-09-26,36,quantile,0.05,139.0
2026-09-19,wk inc covid hosp,1,2026-09-26,36,quantile,0.1,144.0
2026-09-19,wk inc covid hosp,1,2026-09-26,36,quantile,0.15,145.0
2026-09-19,wk inc covid hosp,1,2026-09-26,36,quantile,0.2,159.0
2026-09-19,wk inc covid hosp,1,2026-09-26,36,quantile,0.25,164.0
2026-09-19,wk inc covid hosp,1,2026-09-26,36,quantile,0.3,175.0
2026-09-19,wk inc covid hosp,1,2026-09-26,36,quantile,0.35,177.0
2026-09-19,wk inc covid hosp,1,2026-09-26,36,quantile,0.4,180.0
2026-09-19,wk inc covid hosp,1,2026-09-26,36,quantile,0.45,192.0
2026-09-19,wk inc covid hosp,1,2026-09-26,36,quantile,0.5,194.0
2026-09-19,wk inc covid hosp,1,2026-09-26,36,quantile,0.55,209.0
2026-09-19,wk inc covid hosp,1,2026-09-26,36,quantile,0.6,209.0
2026-09-19,wk inc covid hosp,1,2026-09-26,36,quantile,0.65,219.0
2026-09-19,wk inc covid hosp,1,2026-09-26,36,quantile,0.7,224.0
2026-09-19,wk inc covid hosp,1,2026-09-26,36,quantile,0.75,225.0
2026-09-19,wk inc covid hosp,1,2026-09-26,36,quantile,0.8,234.0
2026-09-19,wk inc covid hosp,1,2026-09-26,36,quantile,0.85,236.0
2026-09-19,wk inc covid hosp,1,2026-09-26,36,quantile,0.9,242.0
2026-09-19,wk inc covid hosp,1,2026-09-26,36,quantile,0.95,259.0
2026-09-19,wk inc covid hosp,1,2026-09-26,36,quantile,0.975,273.0
2026-09-19,wk inc covid hosp,1,2026-09-26,36,quantile,0.99,320.0
2026-09-19,wk inc covid hosp,1,2026-09-26,37,quantile,0.01,85.0
2026-09-19,wk inc covid hosp,1,2026-09-26,37,quantile,0.025,98.0
2026-09-19,wk inc covid hosp,1,2026-09-26,37,quantile,0.05,112.0
2026-09-19,wk inc covid hosp,1,2026-09-26,37,quantile,0.1,119.0
2026-09-19,wk inc covid hosp,1,2026-09-26,37,quantile,0.15,134.0
2026-09-19,wk inc covid hosp,1,2026-09-26,37,quantile,0.2,144.0
2026-09-19,wk inc covid hosp,1,2026-09-26,37,quantile,0.25,151.0
2026-09-19,wk inc covid hosp,1,2026-09-26,37,quantile,0.3,153.0
2026-09-19,wk inc covid hosp,1,2026-09-26,37,quantile,0.35,156.0
2026-09-19,wk inc covid hosp,1,2026-09-26,37,quantile,0.4,156.0
2026-09-19,wk inc covid hosp,1,2026-09-26,37,quantile,0.45,156.0
2026-09-19,wk inc covid hosp,1,2026-09-26,37,quantile,0.5,158.0
2026-09-19,wk inc covid hosp,1,2026-09-26,37,quantile,0.55,163.0
2026-09-19,wk inc covid hosp,1,2026-09-26,37,quantile,0.6,170.0
2026-09-19,wk inc covid hosp,1,2026-09-26,37,quantile,0.65,183.0
2026-09-19,wk inc covid hosp,1,2026-09-26,37,quantile,0.7,185.0
2026-09-19,wk inc covid hosp,1,2026-09-26,37,quantile,0.75,187.0
2026-09-19,wk inc covid hosp,1,2026-09-26,37,quantile,0.8,192.0
2026-09-19,wk inc covid hosp,1,2026-09-26,37,quantile,0.85,192.0
2026-09-19,wk inc covid hosp,1,2026-09-26,37,quantile,0.9,207.0
2026-09-19,wk inc covid hosp,1,2026-09-26,37,quantile,0.95,214.0
2026-09-19,wk inc covid hosp,1,2026-09-26,37,quantile,0.975,223.0
2026-09-19,wk inc covid hosp,1,2026-09-26,37,quantile,0.99,239.0
2026-09-19,wk inc covid hosp,1,2026-09-26,38,quantile,0.01,0.0
2026-09-19,wk inc covid hosp,1,2026-09-26,38,quantile,0.025,0.0
2026-09-19,wk inc covid hosp,1,2026-09-26,38,quantile,0.05,0.0
2026-09-19,wk inc covid hosp,1,2026-09-26,38,quantile,0.1,1.0
2026-09-19,wk inc covid hosp,1,2026-09-26,38,quantile,0.15,1.0
2026-09-19,wk inc covid hosp,1,2026-09-26,38,quantile,0.2,1.0
2026-09-19,wk inc covid hosp,1,2026-09-26,38,quantile,0.25,1.0
2026-09-19,wk inc covid hosp,1,2026-09-26,38,quantile,0.3,1.0
2026-09-19,wk inc covid hosp,1,2026-09-26,38,quantile,0.35,2.0
2026-09-19,wk inc covid hosp,1,2026-09-26,38,quantile,0.4,2.0
2026-09-19,wk inc covid hosp,1,2026-09-26,38,quantile,0.45,2.0
2026-09-19,wk inc covid hosp,1,2026-09-26,38,quantile,0.5,2.0
2026-09-19,wk inc covid hosp,1,2026-09-26,38,quantile,0.55,2.0
2026-09-19,wk inc covid hosp,1,2026-09-26,38,quantile,0.6,2.0
2026-09-19,wk inc covid hosp,1,2026-09-26,38,quantile,0.65,2.0
2026-09-19,wk inc covid hosp,1,2026-09-26,38,quantile,0.7,3.0
2026-09-19,wk inc covid hosp,1,2026-09-26,38,quantile,0.75,3.0
2026-09-19,wk inc covid hosp,1,2026-09-26,38,quantile,0.8,3.0
2026-09-19,wk inc covid hosp,1,2026-09-26,38,quantile,0.85,3.0
2026-09-19,wk inc covid hosp,1,2026-09-26,38,quantile,0.9,3.0
2026-09-19,wk inc covid hosp,1,2026-09-26,38,quantile,0.95,4.0
2026-09-19,wk inc covid hosp,1,2026-09-26,38,quantile,0.975,5.0
2026-09-19,wk inc covid hosp,1,2026-09-26,38,quantile,0.99,8.0
2026-09-19,wk inc covid hosp,1,2026-09-26,39,quantile,0.01,51.0
2026-09-19,wk inc covid hosp,1,2026-09-26,39,quantile,0.025,55.0
2026-09-19,wk inc covid hosp,1,2026-09-26,39,quantile,0.05,55.0
2026-09-19,wk inc covid hosp,1,2026-09-26,39,quantile,0.1,56.0
2026-09-19,wk inc covid hosp,1,2026-09-26,39,quantile,0.15,58.0
2026-09-19,wk inc covid hosp,1,2026-09-26,39,quantile,0.2,60.0
2026-09-19,wk inc covid hosp,1,2026-09-26,39,quantile,0.25,66.0
2026-09-19,wk inc covid hosp,1,2026-09-26,39,quantile,0.3,70.0
2026-09-19,wk inc covid hosp,1,2026-09-26,39,quantile,0.35,72.0
2026-09-19,wk inc covid hosp,1,2026-09-26,39,quantile,0.4,72.0
2026-09-19,wk inc covid hosp,1,2026-09-26,39,quantile,0.45,80.0
2026-09-19,wk inc covid hosp,1,2026-09-26,39,quantile,0.5,80.0
2026-09-19,wk inc covid hosp,1,2026-09-26,39,quantile,0.55,80.0
2026-09-19,wk inc covid hosp,1,2026-09-26,39,quantile,0.6,80.0
2026-09-19,wk inc covid hosp,1,2026-09-26,39,quantile,0.65,87.0
2026-09-19,wk inc covid hosp,1,2026-09-26,39,quantile,0.7,87.0
2026-09-19,wk inc covid hosp,1,2026-09-26,39,quantile,0.75,90.0
2026-09-19,wk inc covid hosp,1,2026-09-26,39,quantile,0.8,92.0
2026-09-19,wk inc covid hosp,1,2026-09-26,39,quantile,0.85,92.0
2026-09-19,wk inc covid hosp,1,2026-09-26,39,quantile,0.9,98.0
2026-09-19,wk inc covid hosp,1,2026-09-26,39,quantile,0.95,112.0
2026-09-19,wk inc covid hosp,1,2026-09-26,39,quantile,0.975,126.0
2026-09-19,wk inc covid hosp,1,2026-09-26,39,quantile,0.99,143.0
2026-09-19,wk inc covid hosp,1,2026-09-26,40,quantile,0.01,15.0
2026-09-19,wk inc covid hosp,1,2026-09-26,40,quantile,0.025,16.0
2026-09-19,wk inc covid hosp,1,2026-09-26,40,quantile,0.05,16.0
2026-09-19,wk inc covid hosp,1,2026-09-26,40,quantile,0.1,17.0
2026-09-19,wk inc covid hosp,1,2026-09-26,40,quantile,0.15,19.0
2026-09-19,wk inc covid hosp,1,2026-09-26,40,quantile,0.2,19.0
2026-09-19,wk inc covid hosp,1,2026-09-26,40,quantile,0.25,23.0
2026-09-19,wk inc covid hosp,1,2026-09-26,40,quantile,0.3,24.0
2026-09-19,wk inc covid hosp,1,2026-09-26,40,quantile,0.35,26.0
2026-09-19,wk inc covid hosp,1,2026-09-26,40,quantile,0.4,26.0
2026-09-19,wk inc covid hosp,1,2026-09-26,40,quantile,0.45,28.0
2026-09-19,wk inc covid hosp,1,2026-09-26,40,quantile,0.5,29.0
2026-09-19,wk inc covid hosp,1,2026-09-26,40,quantile,0.55,32.0
2026-09-19,wk inc covid hosp,1,2026-09-26,40,quantile,0.6,32.0
2026-09-19,wk inc covid hosp,1,2026-09-26,40,quantile,0.65,33.0
2026-09-19,wk inc covid hosp,1,2026-09-26,40,quantile,0.7,35.0
2026-09-19,wk inc covid hosp,1,2026-09-26,40,quantile,0.75,35.0
2026-09-19,wk inc covid hosp,1,2026-09-26,40,quantile,0.8,37.0
2026-09-19,wk inc covid hosp,1,2026-09-26,40,quantile,0.85,38.0
2026-09-19,wk inc covid hosp,1,2026-09-26,40,quantile,0.9,39.0
2026-09-19,wk inc covid hosp,1,2026-09-26,40,quantile,0.95,41.0
2026-09-19,wk inc covid hosp,1,2026-09-26,40,quantile,0.975,42.0
2026-09-19,wk inc covid hosp,1,2026-09-26,40,quantile,0.99,50.0
2026-09-19,wk inc covid hosp,1,2026-09-26,41,quantile,0.01,12.0
2026-09-19,wk inc covid hosp,1,2026-09-26,41,quantile,0.025,14.0
2026-09-19,wk inc covid hosp,1,2026-09-26,41,quantile,0.05,16.0
2026-09-19,wk inc covid hosp,1,2026-09-26,41,quantile,0.1,17.0
2026-09-19,wk inc covid hosp,1,2026-09-26,41,quantile,0.15,18.0
2026-09-19,wk inc covid hosp,1,2026-09-26,41,quantile,0.2,18.0
2026-09-19,wk inc covid hosp,1,2026-09-26,41,quantile,0.25,20.0
2026-09-19,wk inc covid hosp,1,2026-09-26,41,quantile,0.3,21.0
2026-09-19,wk inc covid hosp,1,2026-09-26,41,quantile,0.35,24.0
2026-09-19,wk inc covid hosp,1,2026-09-26,41,quantile,0.4,24.0
2026-09-19,wk inc covid hosp,1,2026-09-26,41,quantile,0.45,26.0
2026-09-19,wk inc covid hosp,1,2026-09-26,41,quantile,0.5,26.0
2026-09-19,wk inc covid hosp,1,2026-09-26,41,quantile,0.55,26.0
2026-09-19,wk inc covid hosp,1,2026-09-26,41,quantile,0.6,27.0
2026-09-19,wk inc covid hosp,1,2026-09-26,41,quantile,0.65,30.0
2026-09-19,wk inc covid hosp,1,2026-09-26,41,quantile,0.7,30.0
2026-09-19,wk inc covid hosp,1,2026-09-26,41,quantile,0.75,31.0
2026-09-19,wk inc covid hosp,1,2026-09-26,41,quantile,0.8,33.0
2026-09-19,wk inc covid hosp,1,2026-09-26,41,quantile,0.85,33.0
2026-09-19,wk inc covid hosp,1,2026-09-26,41,quantile,0.9,34.0
2026-09-19,wk inc covid hosp,1,2026-09-26,41,quantile,0.95,39.0
2026-09-19,wk inc covid hosp,1,2026-09-26,41,quantile,0.975,45.0
2026-09-19,wk inc covid hosp,1,2026-09-26,41,quantile,0.99,50.0
2026-09-19,wk inc covid hosp,1,2026-09-26,42,quantile,0.01,78.0
2026-09-19,wk inc covid hosp,1,2026-09-26,42,quantile,0.025,94.0
2026-09-19,wk inc covid hosp,1,2026-09-26,42,quantile,0.05,103.0
2026-09-19,wk inc covid hosp,1,2026-09-26,42,quantile,0.1,115.0
2026-09-19,wk inc covid hosp,1,2026-09-26,42,quantile,0.15,119.0
2026-09-19,wk inc covid hosp,1,2026-09-26,42,quantile,0.2,120.0
2026-09-19,wk inc covid hosp,1,2026-09-26,42,quantile,0.25,125.0
2026-09-19,wk inc covid hosp,1,2026-09-26,42,quantile,0.3,132.0
2026-09-19,wk inc covid hosp,1,2026-09-26,42,quantile,0.35,137.0
2026-09-19,wk inc covid hosp,1,2026-09-26,42,quantile,0.4,137.0
2026-09-19,wk inc covid hosp,1,2026-09-26,42,quantile,0.45,137.0
2026-09-19,wk inc covid hosp,1,2026-09-26,42,quantile,0.5,146.0
2026-09-19,wk inc covid hosp,1,2026-09-26,42,quantile,0.55,146.0
2026-09-19,wk inc covid hosp,1,2026-09-26,42,quantile,0.6,148.0
2026-09-19,wk inc covid hosp,1,2026-09-26,42,quantile,0.65,152.0
2026-09-19,wk inc covid hosp,1,2026-09-26,42,quantile,0.7,155.0
2026-09-19,wk inc covid hosp,1,2026-09-26,42,quantile,0.75,155.0
2026-09-19,wk inc covid hosp,1,2026-09-26,42,quantile,0.8,162.0
2026-09-19,wk inc covid hosp,1,2026-09-26,42,quantile,0.85,163.0
2026-09-19,wk inc covid hosp,1,2026-09-26,42,quantile,0.9,168.0
2026-09-19,wk inc covid hosp,1,2026-09-26,42,quantile,0.95,186.0
2026-09-19,wk inc covid hosp,1,2026-09-26,42,quantile,0.975,199.0
2026-09-19,wk inc covid hosp,1,2026-09-26,42,quantile,0.99,223.0
2026-09-19,wk inc covid hosp,1,2026-09-26,44,quantile,0.01,3.0
2026-09-19,wk inc covid hosp,1,2026-09-26,44,quantile,0.025,4.0
2026-09-19,wk inc covid hosp,1,2026-09-26,44,quantile,0.05,4.0
2026-09-19,wk inc covid hosp,1,2026-09-26,44,quantile,0.1,4.0
2026-09-19,wk inc covid hosp,1,2026-09-26,44,quantile,0.15,4.0
2026-09-19,wk inc covid hosp,1,2026-09-26,44,quantile,0.2,6.0
2026-09-19,wk inc covid hosp,1,2026-09-26,44,quantile,0.25,6.0
2026-09-19,wk inc covid hosp,1,2026-09-26,44,quantile,0.3,6.0
2026-09-19,wk inc covid hosp,1,2026-09-26,44,quantile,0.35,7.0
2026-09-19,wk inc covid hosp,1,2026-09-26,44,quantile,0.4,8.0
2026-09-19,wk inc covid hosp,1,2026-09-26,44,quantile,0.45,9.0
2026-09-19,wk inc covid hosp,1,2026-09-26,44,quantile,0.5,9.0
2026-09-19,wk inc covid hosp,1,2026-09-26,44,quantile,0.55,9.0
2026-09-19,wk inc covid hosp,1,2026-09-26,44,quantile,0.6,10.0
2026-09-19,wk inc covid hosp,1,2026-09-26,44,quantile,0.65,10.0
2026-09-19,wk inc covid hosp,1,2026-09-26,44,quantile,0.7,11.0
2026-09-19,wk inc covid hosp,1,2026-09-26,44,quantile,0.75,11.0
2026-09-19,wk inc covid hosp,1,2026-09-26,44,quantile,0.8,12.0
2026-09-19,wk inc covid hosp,1,2026-09-26,44,quantile,0.85,12.0
2026-09-19,wk inc covid hosp,1,2026-09-26,44,quantile,0.9,13.0
2026-09-19,wk inc covid hosp,1,2026-09-26,44,quantile,0.95,14.0
2026-09-19,wk inc covid hosp,1,2026-09-26,44,quantile,0.975,16.0
2026-09-19,wk inc covid hosp,1,2026-09-26,44,quantile,0.99,19.0
2026-09-19,wk inc covid hosp,1,2026-09-26,45,quantile,0.01,36.0
2026-09-19,wk inc covid hosp,1,2026-09-26,45,quantile,0.025,41.0
2026-09-19,wk inc covid hosp,1,2026-09-26,45,quantile,0.05,46.0
2026-09-19,wk inc covid hosp,1,2026-09-26,45,quantile,0.1,47.0
2026-09-19,wk inc covid hosp,1,2026-09-26,45,quantile,0.15,51.0
2026-09-19,wk inc covid hosp,1,2026-09-26,45,quantile,0.2,53.0
2026-09-19,wk inc covid hosp,1,2026-09-26,45,quantile,0.25,54.0
2026-09-19,wk inc covid hosp,1,2026-09-26,45,quantile,0.3,57.0
2026-09-19,wk inc covid hosp,1,2026-09-26,45,quantile,0.35,61.0
2026-09-19,wk inc covid hosp,1,2026-09-26,45,quantile,0.4,61.0
2026-09-19,wk inc covid hosp,1,2026-09-26,45,quantile,0.45,65.0
2026-09-19,wk inc covid hosp,1,2026-09-26,45,quantile,0.5,65.0
2026-09-19,wk inc covid hosp,1,2026-09-26,45,quantile,0.55,70.0
2026-09-19,wk inc covid hosp,1,2026-09-26,45,quantile,0.6,73.0
2026-09-19,wk inc covid hosp,1,2026-09-26,45,quantile,0.65,78.0
2026-09-19,wk inc covid hosp,1,2026-09-26,45,quantile,0.7,84.0
2026-09-19,wk inc covid hosp,1,2026-09-26,45,quantile,0.75,85.0
2026-09-19,wk inc covid hosp,1,2026-09-26,45,quantile,0.8,88.0
2026-09-19,wk inc covid hosp,1,2026-09-26,45,quantile,0.85,90.0
2026-09-19,wk inc covid hosp,1,2026-09-26,45,quantile,0.9,92.0
2026-09-19,wk inc covid hosp,1,2026-09-26,45,quantile,0.95,99.0
2026-09-19,wk inc covid hosp,1,2026-09-26,45,quantile,0.975,109.0
2026-09-19,wk inc covid hosp,1,2026-09-26,45,quantile,0.99,109.0
2026-09-19,wk inc covid hosp,1,2026-09-26,46,quantile,0.01,1.0
2026-09-19,wk inc covid hosp,1,2026-09-26,46,quantile,0.025,2.0
2026-09-19,wk inc covid hosp,1,2026-09-26,46,quantile,0.05,2.0
2026-09-19,wk inc covid hosp,1,2026-09-26,46,quantile,0.1,2.0
2026-09-19,wk inc covid hosp,1,2026-09-26,46,quantile,0.15,3.0
2026-09-19,wk inc covid hosp,1,2026-09-26,46,quantile,0.2,3.0
2026-09-19,wk inc covid hosp,1,2026-09-26,46,quantile,0.25,4.0
2026-09-19,wk inc covid hosp,1,2026-09-26,46,quantile,0.3,4.0
2026-09-19,wk inc covid hosp,1,2026-09-26,46,quantile,0.35,4.0
2026-09-19,wk inc covid hosp,1,2026-09-26,46,quantile,0.4,4.0
2026-09-19,wk inc covid hosp,1,2026-09-26,46,quantile,0.45,5.0
2026-09-19,wk inc covid hosp,1,2026-09-26,46,quantile,0.5,5.0
2026-09-19,wk inc covid hosp,1,2026-09-26,46,quantile,0.55,5.0
2026-09-19,wk inc covid hosp,1,2026-09-26,46,quantile,0.6,5.0
2026-09-19,wk inc covid hosp,1,2026-09-26,46,quantile,0.65,5.0
2026-09-19,wk inc covid hosp,1,2026-09-26,46,quantile,0.7,5.0
2026-09-19,wk inc covid hosp,1,2026-09-26,46,quantile,0.75,5.0
2026-09-19,wk inc covid hosp,1,2026-09-26,46,quantile,0.8,6.0
2026-09-19,wk inc covid hosp,1,2026-09-26,46,quantile,0.85,6.0
2026-09-19,wk inc covid hosp,1,2026-09-26,46,quantile,0.9,7.0
2026-09-19,wk inc covid hosp,1,2026-09-26,46,quantile,0.95,9.0
2026-09-19,wk inc covid hosp,1,2026-09-26,46,quantile,0.975,9.0
2026-09-19,wk inc covid hosp,1,2026-09-26,46,quantile,0.99,10.0
2026-09-19,wk inc covid hosp,1,2026-09-26,47,quantile,0.01,41.0
2026-09-19,wk inc covid hosp,1,2026-09-26,47,quantile,0.025,45.0
2026-09-19,wk inc covid hosp,1,2026-09-26,47,quantile,0.05,45.0
2026-09-19,wk inc covid hosp,1,2026-09-26,47,quantile,0.1,47.0
2026-09-19,wk inc covid hosp,1,2026-09-26,47,quantile,0.15,51.0
2026-09-19,wk inc covid hosp,1,2026-09-26,47,quantile,0.2,55.0
2026-09-19,wk inc covid hosp,1,2026-09-26,47,quantile,0.25,60.0
2026-09-19,wk inc covid hosp,1,2026-09-26,47,quantile,0.3,64.0
2026-09-19,wk inc covid hosp,1,2026-09-26,47,quantile,0.35,67.0
2026-09-19,wk inc covid hosp,1,2026-09-26,47,quantile,0.4,67.0
2026-09-19,wk inc covid hosp,1,2026-09-26,47,quantile,0.45,69.0
2026-09-19,wk inc covid hosp,1,2026-09-26,47,quantile,0.5,73.0
2026-09-19,wk inc covid hosp,1,2026-09-26,47,quantile,0.55,74.0
2026-09-19,wk inc covid hosp,1,2026-09-26,47,quantile,0.6,79.0
2026-09-19,wk inc covid hosp,1,2026-09-26,47,quantile,0.65,84.0
2026-09-19,wk inc covid hosp,1,2026-09-26,47,quantile,0.7,88.0
2026-09-19,wk inc covid hosp,1,2026-09-26,47,quantile,0.75,88.0
2026-09-19,wk inc covid hosp,1,2026-09-26,47,quantile,0.8,91.0
2026-09-19,wk inc covid hosp,1,2026-09-26,47,quantile,0.85,92.0
2026-09-19,wk inc covid hosp,1,2026-09-26,47,quantile,0.9,93.0
2026-09-19,wk inc covid hosp,1,2026-09-26,47,quantile,0.95,98.0
2026-09-19,wk inc covid hosp,1,2026-09-26,47,quantile,0.975,105.0
2026-09-19,wk inc covid hosp,1,2026-09-26,47,quantile,0.99,114.0
2026-09-19,wk inc covid hosp,1,2026-09-26,48,quantile,0.01,214.0
2026-09-19,wk inc covid hosp,1,2026-09-26,48,quantile,0.025,244.0
2026-09-19,wk inc covid hosp,1,2026-09-26,48,quantile,0.05,285.0
2026-09-19,wk inc covid hosp,1,2026-09-26,48,quantile,0.1,305.0
2026-09-19,wk inc covid hosp,1,2026-09-26,48,quantile,0.15,321.0
2026-09-19,wk inc covid hosp,1,2026-09-26,48,quantile,0.2,342.0
2026-09-19,wk inc covid hosp,1,2026-09-26,48,quantile,0.25,358.0
2026-09-19,wk inc covid hosp,1,2026-09-26,48,quantile,0.3,358.0
2026-09-19,wk inc covid hosp,1,2026-09-26,48,quantile,0.35,360.0
2026-09-19,wk inc covid hosp,1,2026-09-26,48,quantile,0.4,360.0
2026-09-19,wk inc covid hosp,1,2026-09-26,48,quantile,0.45,380.0
2026-09-19,wk inc covid hosp,1,2026-09-26,48,quantile,0.5,400.0
2026-09-19,wk inc covid hosp,1,2026-09-26,48,quantile,0.55,428.0
2026-09-19,wk inc covid hosp,1,2026-09-26,48,quantile,0.6,459.0
2026-09-19,wk inc covid hosp,1,2026-09-26,48,quantile,0.65,500.0
2026-09-19,wk inc covid hosp,1,2026-09-26,48,quantile,0.7,500.0
2026-09-19,wk inc covid hosp,1,2026-09-26,48,quantile,0.75,500.0
2026-09-19,wk inc covid hosp,1,2026-09-26,48,quantile,0.8,500.0
2026-09-19,wk inc covid hosp,1,2026-09-26,48,quantile,0.85,500.0
2026-09-19,wk inc covid hosp,1,2026-09-26,48,quantile,0.9,537.0
2026-09-19,wk inc covid hosp,1,2026-09-26,48,quantile,0.95,578.0
2026-09-19,wk inc covid hosp,1,2026-09-26,48,quantile,0.975,616.0
2026-09-19,wk inc covid hosp,1,2026-09-26,48,quantile,0.99,663.0
2026-09-19,wk inc covid hosp,1,2026-09-26,49,quantile,0.01,4.0
2026-09-19,wk inc covid hosp,1,2026-09-26,49,quantile,0.025,7.0
2026-09-19,wk inc covid hosp,1,2026-09-26,49,quantile,0.05,7.0
2026-09-19,wk inc covid hosp,1,2026-09-26,49,quantile,0.1,7.0
2026-09-19,wk inc covid hosp,1,2026-09-26,49,quantile,0.15,8.0
2026-09-19,wk inc covid hosp,1,2026-09-26,49,quantile,0.2,8.0
2026-09-19,wk inc covid hosp,1,2026-09-26,49,quantile,0.25,9.0
2026-09-19,wk inc covid hosp,1,2026-09-26,49,quantile,0.3,9.0
2026-09-19,wk inc covid hosp,1,2026-09-26,49,quantile,0.35,10.0
2026-09-19,wk inc covid hosp,1,2026-09-26,49,quantile,0.4,10.0
2026-09-19,wk inc covid hosp,1,2026-09-26,49,quantile,0.45,12.0
2026-09-19,wk inc covid hosp,1,2026-09-26,49,quantile,0.5,12.0
2026-09-19,wk inc covid hosp,1,2026-09-26,49,quantile,0.55,12.0
2026-09-19,wk inc covid hosp,1,2026-09-26,49,quantile,0.6,12.0
2026-09-19,wk inc covid hosp,1,2026-09-26,49,quantile,0.65,13.0
2026-09-19,wk inc covid hosp,1,2026-09-26,49,quantile,0.7,13.0
2026-09-19,wk inc covid hosp,1,2026-09-26,49,quantile,0.75,14.0
2026-09-19,wk inc covid hosp,1,2026-09-26,49,quantile,0.8,14.0
2026-09-19,wk inc covid hosp,1,2026-09-26,49,quantile,0.85,14.0
2026-09-19,wk inc covid hosp,1,2026-09-26,49,quantile,0.9,16.0
2026-09-19,wk inc covid hosp,1,2026-09-26,49,quantile,0.95,18.0
2026-09-19,wk inc covid hosp,1,2026-09-26,49,quantile,0.975,23.0
2026-09-19,wk inc covid hosp,1,2026-09-26,49,quantile,0.99,41.0
2026-09-19,wk inc covid hosp,1,2026-09-26,50,quantile,0.01,1.0
2026-09-19,wk inc covid hosp,1,2026-09-26,50,quantile,0.025,1.0
2026-09-19,wk inc covid hosp,1,2026-09-26,50,quantile,0.05,2.0
2026-09-19,wk inc covid hosp,1,2026-09-26,50,quantile,0.1,2.0
2026-09-19,wk inc covid hosp,1,2026-09-26,50,quantile,0.15,2.0
2026-09-19,wk inc covid hosp,1,2026-09-26,50,quantile,0.2,2.0
2026-09-19,wk inc covid hosp,1,2026-09-26,50,quantile,0.25,3.0
2026-09-19,wk inc covid hosp,1,2026-09-26,50,quantile,0.3,3.0
2026-09-19,wk inc covid hosp,1,2026-09-26,50,quantile,0.35,4.0
2026-09-19,wk inc covid hosp,1,2026-09-26,50,quantile,0.4,4.0
2026-09-19,wk inc covid hosp,1,2026-09-26,50,quantile,0.45,5.0
2026-09-19,wk inc covid hosp,1,2026-09-26,50,quantile,0.5,5.0
2026-09-19,wk inc covid hosp,1,2026-09-26,50,quantile,0.55,5.0
2026-09-19,wk inc covid hosp,1,2026-09-26,50,quantile,0.6,5.0
2026-09-19,wk inc covid hosp,1,2026-09-26,50,quantile,0.65,5.0
2026-09-19,wk inc covid hosp,1,2026-09-26,50,quantile,0.7,5.0
2026-09-19,wk inc covid hosp,1,2026-09-26,50,quantile,0.75,6.0
2026-09-19,wk inc covid hosp,1,2026-09-26,50,quantile,0.8,6.0
2026-09-19,wk inc covid hosp,1,2026-09-26,50,quantile,0.85,6.0
2026-09-19,wk inc covid hosp,1,2026-09-26,50,quantile,0.9,7.0
2026-09-19,wk inc covid hosp,1,2026-09-26,50,quantile,0.95,8.0
2026-09-19,wk inc covid hosp,1,2026-09-26,50,quantile,0.975,8.0
2026-09-19,wk inc covid hosp,1,2026-09-26,50,quantile,0.99,10.0
2026-09-19,wk inc covid hosp,1,2026-09-26,51,quantile,0.01,28.0
2026-09-19,wk inc covid hosp,1,2026-09-26,51,quantile,0.025,32.0
2026-09-19,wk inc covid hosp,1,2026-09-26,51,quantile,0.05,32.0
2026-09-19,wk inc covid hosp,1,2026-09-26,51,quantile,0.1,34.0
2026-09-19,wk inc covid hosp,1,2026-09-26,51,quantile,0.15,37.0
2026-09-19,wk inc covid hosp,1,2026-09-26,51,quantile,0.2,37.0
2026-09-19,wk inc covid hosp,1,2026-09-26,51,quantile,0.25,45.0
2026-09-19,wk inc covid hosp,1,2026-09-26,51,quantile,0.3,46.0
2026-09-19,wk inc covid hosp,1,2026-09-26,51,quantile,0.35,46.0
2026-09-19,wk inc covid hosp,1,2026-09-26,51,quantile,0.4,46.0
2026-09-19,wk inc covid hosp,1,2026-09-26,51,quantile,0.45,47.0
2026-09-19,wk inc covid hosp,1,2026-09-26,51,quantile,0.5,47.0
2026-09-19,wk inc covid hosp,1,2026-09-26,51,quantile,0.55,47.0
2026-09-19,wk inc covid hosp,1,2026-09-26,51,quantile,0.6,50.0
2026-09-19,wk inc covid hosp,1,2026-09-26,51,quantile,0.65,50.0
2026-09-19,wk inc covid hosp,1,2026-09-26,51,quantile,0.7,52.0
2026-09-19,wk inc covid hosp,1,2026-09-26,51,quantile,0.75,54.0
2026-09-19,wk inc covid hosp,1,2026-09-26,51,quantile,0.8,57.0
2026-09-19,wk inc covid hosp,1,2026-09-26,51,quantile,0.85,57.0
2026-09-19,wk inc covid hosp,1,2026-09-26,51,quantile,0.9,60.0
2026-09-19,wk inc covid hosp,1,2026-09-26,51,quantile,0.95,70.0
2026-09-19,wk inc covid hosp,1,2026-09-26,51,quantile,0.975,75.0
2026-09-19,wk inc covid hosp,1,2026-09-26,51,quantile,0.99,93.0
2026-09-19,wk inc covid hosp,1,2026-09-26,53,quantile,0.01,49.0
2026-09-19,wk inc covid hosp,1,2026-09-26,53,quantile,0.025,62.0
2026-09-19,wk inc covid hosp,1,2026-09-26,53,quantile,0.05,62.0
2026-09-19,wk inc covid hosp,1,2026-09-26,53,quantile,0.1,62.0
2026-09-19,wk inc covid hosp,1,2026-09-26,53,quantile,0.15,63.0
2026-09-19,wk inc covid hosp,1,2026-09-26,53,quantile,0.2,63.0
2026-09-19,wk inc covid hosp,1,2026-09-26,53,quantile,0.25,68.0
2026-09-19,wk inc covid hosp,1,2026-09-26,53,quantile,0.3,72.0
2026-09-19,wk inc covid hosp,1,2026-09-26,53,quantile,0.35,75.0
2026-09-19,wk inc covid hosp,1,2026-09-26,53,quantile,0.4,77.0
2026-09-19,wk inc covid hosp,1,2026-09-26,53,quantile,0.45,80.0
2026-09-19,wk inc covid hosp,1,2026-09-26,53,quantile,0.5,83.0
2026-09-19,wk inc covid hosp,1,2026-09-26,53,quantile,0.55,87.0
2026-09-19,wk inc covid hosp,1,2026-09-26,53,quantile,0.6,95.0
2026-09-19,wk inc covid hosp,1,2026-09-26,53,quantile,0.65,98.0
2026-09-19,wk inc covid hosp,1,2026-09-26,53,quantile,0.7,99.0
2026-09-19,wk inc covid hosp,1,2026-09-26,53,quantile,0.75,99.0
2026-09-19,wk inc covid hosp,1,2026-09-26,53,quantile,0.8,101.0
2026-09-19,wk inc covid hosp,1,2026-09-26,53,quantile,0.85,101.0
2026-09-19,wk inc covid hosp,1,2026-09-26,53,quantile,0.9,101.0
2026-09-19,wk inc covid hosp,1,2026-09-26,53,quantile,0.95,110.0
2026-09-19,wk inc covid hosp,1,2026-09-26,53,quantile,0.975,122.0
2026-09-19,wk inc covid hosp,1,2026-09-26,53,quantile,0.99,131.0
2026-09-19,wk inc covid hosp,1,2026-09-26,54,quantile,0.01,2.0
2026-09-19,wk inc covid hosp,1,2026-09-26,54,quantile,0.025,4.0
2026-09-19,wk inc covid hosp,1,2026-09-26,54,quantile,0.05,4.0
2026-09-19,wk inc covid hosp,1,2026-09-26,54,quantile,0.1,4.0
2026-09-19,wk inc covid hosp,1,2026-09-26,54,quantile,0.15,4.0
2026-09-19,wk inc covid hosp,1,2026-09-26,54,quantile,0.2,6.0
2026-09-19,wk inc covid hosp,1,2026-09-26,54,quantile,0.25,7.0
2026-09-19,wk inc covid hosp,1,2026-09-26,54,quantile,0.3,7.0
2026-09-19,wk inc covid hosp,1,2026-09-26,54,quantile,0.35,7.0
2026-09-19,wk inc covid hosp,1,2026-09-26,54,quantile,0.4,8.0
2026-09-19,wk inc covid hosp,1,2026-09-26,54,quantile,0.45,8.0
2026-09-19,wk inc covid hosp,1,2026-09-26,54,quantile,0.5,8.0
2026-09-19,wk inc covid hosp,1,2026-09-26,54,quantile,0.55,9.0
2026-09-19,wk inc covid hosp,1,2026-09-26,54,quantile,0.6,9.0
2026-09-19,wk inc covid hosp,1,2026-09-26,54,quantile,0.65,10.0
2026-09-19,wk inc covid hosp,1,2026-09-26,54,quantile,0.7,10.0
2026-09-19,wk inc covid hosp,1,2026-09-26,54,quantile,0.75,11.0
2026-09-19,wk inc covid hosp,1,2026-09-26,54,quantile,0.8,12.0
2026-09-19,wk inc covid hosp,1,2026-09-26,54,quantile,0.85,14.0
2026-09-19,wk inc covid hosp,1,2026-09-26,54,quantile,0.9,14.0
2026-09-19,wk inc covid hosp,1,2026-09-26,54,quantile,0.95,16.0
2026-09-19,wk inc covid hosp,1,2026-09-26,54,quantile,0.975,17.0
2026-09-19,wk inc covid hosp,1,2026-09-26,54,quantile,0.99,19.0
2026-09-19,wk inc covid hosp,1,2026-09-26,55,quantile,0.01,13.0
2026-09-19,wk inc covid hosp,1,2026-09-26,55,quantile,0.025,17.0
2026-09-19,wk inc covid hosp,1,2026-09-26,55,quantile,0.05,17.0
2026-09-19,wk inc covid hosp,1,2026-09-26,55,quantile,0.1,17.0
2026-09-19,wk inc covid hosp,1,2026-09-26,55,quantile,0.15,19.0
2026-09-19,wk inc covid hosp,1,2026-09-26,55,quantile,0.2,19.0
2026-09-19,wk inc covid hosp,1,2026-09-26,55,quantile,0.25,21.0
2026-09-19,wk inc covid hosp,1,2026-09-26,55,quantile,0.3,21.0
2026-09-19,wk inc covid hosp,1,2026-09-26,55,quantile,0.35,23.0
2026-09-19,wk inc covid hosp,1,2026-09-26,55,quantile,0.4,23.0
2026-09-19,wk inc covid hosp,1,2026-09-26,55,quantile,0.45,24.0
2026-09-19,wk inc covid hosp,1,2026-09-26,55,quantile,0.5,25.0
2026-09-19,wk inc covid hosp,1,2026-09-26,55,quantile,0.55,25.0
2026-09-19,wk inc covid hosp,1,2026-09-26,55,quantile,0.6,26.0
2026-09-19,wk inc covid hosp,1,2026-09-26,55,quantile,0.65,26.0
2026-09-19,wk inc covid hosp,1,2026-09-26,55,quantile,0.7,28.0
2026-09-19,wk inc covid hosp,1,2026-09-26,55,quantile,0.75,30.0
2026-09-19,wk inc covid hosp,1,2026-09-26,55,quantile,0.8,31.0
2026-09-19,wk inc covid hosp,1,2026-09-26,55,quantile,0.85,34.0
2026-09-19,wk inc covid hosp,1,2026-09-26,55,quantile,0.9,36.0
2026-09-19,wk inc covid hosp,1,2026-09-26,55,quantile,0.95,40.0
2026-09-19,wk inc covid hosp,1,2026-09-26,55,quantile,0.975,46.0
2026-09-19,wk inc covid hosp,1,2026-09-26,55,quantile,0.99,60.0
2026-09-19,wk inc covid hosp,1,2026-09-26,56,quantile,0.01,1.0
2026-09-19,wk inc covid hosp,1,2026-09-26,56,quantile,0.025,1.0
2026-09-19,wk inc covid hosp,1,2026-09-26,56,quantile,0.05,1.0
2026-09-19,wk inc covid hosp,1,2026-09-26,56,quantile,0.1,2.0
2026-09-19,wk inc covid hosp,1,2026-09-26,56,quantile,0.15,2.0
2026-09-19,wk inc covid hosp,1,2026-09-26,56,quantile,0.2,2.0
2026-09-19,wk inc covid hosp,1,2026-09-26,56,quantile,0.25,2.0
2026-09-19,wk inc covid hosp,1,2026-09-26,56,quantile,0.3,3.0
2026-09-19,wk inc covid hosp,1,2026-09-26,56,quantile,0.35,3.0
2026-09-19,wk inc covid hosp,1,2026-09-26,56,quantile,0.4,3.0
2026-09-19,wk inc covid hosp,1,2026-09-26,56,quantile,0.45,3.0
2026-09-19,wk inc covid hosp,1,2026-09-26,56,quantile,0.5,3.0
2026-09-19,wk inc covid hosp,1,2026-09-26,56,quantile,0.55,3.0
2026-09-19,wk inc covid hosp,1,2026-09-26,56,quantile,0.6,4.0
2026-09-19,wk inc covid hosp,1,2026-09-26,56,quantile,0.65,4.0
2026-09-19,wk inc covid hosp,1,2026-09-26,56,quantile,0.7,4.0
2026-09-19,wk inc covid hosp,1,2026-09-26,56,quantile,0.75,4.0
2026-09-19,wk inc covid hosp,1,2026-09-26,56,quantile,0.8,4.0
2026-09-19,wk inc covid hosp,1,2026-09-26,56,quantile,0.85,4.0
2026-09-19,wk inc covid hosp,1,2026-09-26,56,quantile,0.9,5.0
2026-09-19,wk inc covid hosp,1,2026-09-26,56,quantile,0.95,6.0
2026-09-19,wk inc covid hosp,1,2026-09-26,56,quantile,0.975,7.0
2026-09-19,wk inc covid hosp,1,2026-09-26,56,quantile,0.99,8.0
2026-09-19,wk inc covid hosp,1,2026-09-26,72,quantile,0.01,44.0
2026-09-19,wk inc covid hosp,1,2026-09-26,72,quantile,0.025,52.0
2026-09-19,wk inc covid hosp,1,2026-09-26,72,quantile,0.05,58.0
2026-09-19,wk inc covid hosp,1,2026-09-26,72,quantile,0.1,62.0
2026-09-19,wk inc covid hosp,1,2026-09-26,72,quantile,0.15,62.0
2026-09-19,wk inc covid hosp,1,2026-09-26,72,quantile,0.2,64.0
2026-09-19,wk inc covid hosp,1,2026-09-26,72,quantile,0.25,70.0
2026-09-19,wk inc covid hosp,1,2026-09-26,72,quantile,0.3,70.0
2026-09-19,wk inc covid hosp,1,2026-09-26,72,quantile,0.35,70.0
2026-09-19,wk inc covid hosp,1,2026-09-26,72,quantile,0.4,77.0
2026-09-19,wk inc covid hosp,1,2026-09-26,72,quantile,0.45,82.0
2026-09-19,wk inc covid hosp,1,2026-09-26,72,quantile,0.5,82.0
2026-09-19,wk inc covid hosp,1,2026-09-26,72,quantile,0.55,83.0
2026-09-19,wk inc covid hosp,1,2026-09-26,72,quantile,0.6,88.0
2026-09-19,wk inc covid hosp,1,2026-09-26,72,quantile,0.65,93.0
2026-09-19,wk inc covid hosp,1,2026-09-26,72,quantile,0.7,98.0
2026-09-19,wk inc covid hosp,1,2026-09-26,72,quantile,0.75,104.0
2026-09-19,wk inc covid hosp,1,2026-09-26,72,quantile,0.8,113.0
2026-09-19,wk inc covid hosp,1,2026-09-26,72,quantile,0.85,117.0
2026-09-19,wk inc covid hosp,1,2026-09-26,72,quantile,0.9,126.0
2026-09-19,wk inc covid hosp,1,2026-09-26,72,quantile,0.95,139.0
2026-09-19,wk inc covid hosp,1,2026-09-26,72,quantile,0.975,139.0
2026-09-19,wk inc covid hosp,1,2026-09-26,72,quantile,0.99,144.0
2026-09-19,wk inc covid hosp,2,2026-10-03,01,quantile,0.01,35.0
2026-09-19,wk inc covid hosp,2,2026-10-03,01,quantile,0.025,37.0
2026-09-19,wk inc covid hosp,2,2026-10-03,01,quantile,0.05,44.0
2026-09-19,wk inc covid hosp,2,2026-10-03,01,quantile,0.1,45.0
2026-09-19,wk inc covid hosp,2,2026-10-03,01,quantile,0.15,45.0
2026-09-19,wk inc covid hosp,2,2026-10-03,01,quantile,0.2,49.0
2026-09-19,wk inc covid hosp,2,2026-10-03,01,quantile,0.25,49.0
2026-09-19,wk inc covid hosp,2,2026-10-03,01,quantile,0.3,50.0
2026-09-19,wk inc covid hosp,2,2026-10-03,01,quantile,0.35,53.0
2026-09-19,wk inc covid hosp,2,2026-10-03,01,quantile,0.4,53.0
2026-09-19,wk inc covid hosp,2,2026-10-03,01,quantile,0.45,53.0
2026-09-19,wk inc covid hosp,2,2026-10-03,01,quantile,0.5,54.0
2026-09-19,wk inc covid hosp,2,2026-10-03,01,quantile,0.55,56.0
2026-09-19,wk inc covid hosp,2,2026-10-03,01,quantile,0.6,58.0
2026-09-19,wk inc covid hosp,2,2026-10-03,01,quantile,0.65,62.0
2026-09-19,wk inc covid hosp,2,2026-10-03,01,quantile,0.7,63.0
2026-09-19,wk inc covid hosp,2,2026-10-03,01,quantile,0.75,65.0
2026-09-19,wk inc covid hosp,2,2026-10-03,01,quantile,0.8,70.0
2026-09-19,wk inc covid hosp,2,2026-10-03,01,quantile,0.85,73.0
2026-09-19,wk inc covid hosp,2,2026-10-03,01,quantile,0.9,78.0
2026-09-19,wk inc covid hosp,2,2026-10-03,01,quantile,0.95,91.0
2026-09-19,wk inc covid hosp,2,2026-10-03,01,quantile,0.975,95.0
2026-09-19,wk inc covid hosp,2,2026-10-03,01,quantile,0.99,104.0
2026-09-19,wk inc covid hosp,2,2026-10-03,02,quantile,0.01,2.0
2026-09-19,wk inc covid hosp,2,2026-10-03,02,quantile,0.025,2.0
2026-09-19,wk inc covid hosp,2,2026-10-03,02,quantile,0.05,2.0
2026-09-19,wk inc covid hosp,2,2026-10-03,02,quantile,0.1,3.0
2026-09-19,wk inc covid hosp,2,2026-10-03,02,quantile,0.15,3.0
2026-09-19,wk inc covid hosp,2,2026-10-03,02,quantile,0.2,4.0
2026-09-19,wk inc covid hosp,2,2026-10-03,02,quantile,0.25,4.0
2026-09-19,wk inc covid hosp,2,2026-10-03,02,quantile,0.3,4.0
2026-09-19,wk inc covid hosp,2,2026-10-03,02,quantile,0.35,5.0
2026-09-19,wk inc covid hosp,2,2026-10-03,02,quantile,0.4,6.0
2026-09-19,wk inc covid hosp,2,2026-10-03,02,quantile,0.45,6.0
2026-09-19,wk inc covid hosp,2,2026-10-03,02,quantile,0.5,7.0
2026-09-19,wk inc covid hosp,2,2026-10-03,02,quantile,0.55,7.0
2026-09-19,wk inc covid hosp,2,2026-10-03,02,quantile,0.6,7.0
2026-09-19,wk inc covid hosp,2,2026-10-03,02,quantile,0.65,7.0
2026-09-19,wk inc covid hosp,2,2026-10-03,02,quantile,0.7,7.0
2026-09-19,wk inc covid hosp,2,2026-10-03,02,quantile,0.75,7.0
2026-09-19,wk inc covid hosp,2,2026-10-03,02,quantile,0.8,8.0
2026-09-19,wk inc covid hosp,2,2026-10-03,02,quantile,0.85,8.0
2026-09-19,wk inc covid hosp,2,2026-10-03,02,quantile,0.9,9.0
2026-09-19,wk inc covid hosp,2,2026-10-03,02,quantile,0.95,9.0
2026-09-19,wk inc covid hosp,2,2026-10-03,02,quantile,0.975,10.0
2026-09-19,wk inc covid hosp,2,2026-10-03,02,quantile,0.99,14.0
2026-09-19,wk inc covid hosp,2,2026-10-03,04,quantile,0.01,43.0
2026-09-19,wk inc covid hosp,2,2026-10-03,04,quantile,0.025,47.0
2026-09-19,wk inc covid hosp,2,2026-10-03,04,quantile,0.05,48.0
2026-09-19,wk inc covid hosp,2,2026-10-03,04,quantile,0.1,50.0
2026-09-19,wk inc covid hosp,2,2026-10-03,04,quantile,0.15,55.0
2026-09-19,wk inc covid hosp,2,2026-10-03,04,quantile,0.2,58.0
2026-09-19,wk inc covid hosp,2,2026-10-03,04,quantile,0.25,63.0
2026-09-19,wk inc covid hosp,2,2026-10-03,04,quantile,0.3,65.0
2026-09-19,wk inc covid hosp,2,2026-10-03,04,quantile,0.35,69.0
2026-09-19,wk inc covid hosp,2,2026-10-03,04,quantile,0.4,72.0
2026-09-19,wk inc covid hosp,2,2026-10-03,04,quantile,0.45,73.0
2026-09-19,wk inc covid hosp,2,2026-10-03,04,quantile,0.5,76.0
2026-09-19,wk inc covid hosp,2,2026-10-03,04,quantile,0.55,79.0
2026-09-19,wk inc covid hosp,2,2026-10-03,04,quantile,0.6,86.0
2026-09-19,wk inc covid hosp,2,2026-10-03,04,quantile,0.65,88.0
2026-09-19,wk inc covid hosp,2,2026-10-03,04,quantile,0.7,94.0
2026-09-19,wk inc covid hosp,2,2026-10-03,04,quantile,0.75,94.0
2026-09-19,wk inc covid hosp,2,2026-10-03,04,quantile,0.8,94.0
2026-09-19,wk inc covid hosp,2,2026-10-03,04,quantile,0.85,94.0
2026-09-19,wk inc covid hosp,2,2026-10-03,04,quantile,0.9,96.0
2026-09-19,wk inc covid hosp,2,2026-10-03,04,quantile,0.95,96.0
2026-09-19,wk inc covid hosp,2,2026-10-03,04,quantile,0.975,104.0
2026-09-19,wk inc covid hosp,2,2026-10-03,04,quantile,0.99,120.0
2026-09-19,wk inc covid hosp,2,2026-10-03,05,quantile,0.01,11.0
2026-09-19,wk inc covid hosp,2,2026-10-03,05,quantile,0.025,11.0
2026-09-19,wk inc covid hosp,2,2026-10-03,05,quantile,0.05,11.0
2026-09-19,wk inc covid hosp,2,2026-10-03,05,quantile,0.1,11.0
2026-09-19,wk inc covid hosp,2,2026-10-03,05,quantile,0.15,12.0
2026-09-19,wk inc covid hosp,2,2026-10-03,05,quantile,0.2,14.0
2026-09-19,wk inc covid hosp,2,2026-10-03,05,quantile,0.25,14.0
2026-09-19,wk inc covid hosp,2,2026-10-03,05,quantile,0.3,16.0
2026-09-19,wk inc covid hosp,2,2026-10-03,05,quantile,0.35,17.0
2026-09-19,wk inc covid hosp,2,2026-10-03,05,quantile,0.4,17.0
2026-09-19,wk inc covid hosp,2,2026-10-03,05,quantile,0.45,20.0
2026-09-19,wk inc covid hosp,2,2026-10-03,05,quantile,0.5,20.0
2026-09-19,wk inc covid hosp,2,2026-10-03,05,quantile,0.55,21.0
2026-09-19,wk inc covid hosp,2,2026-10-03,05,quantile,0.6,21.0
2026-09-19,wk inc covid hosp,2,2026-10-03,05,quantile,0.65,21.0
2026-09-19,wk inc covid hosp,2,2026-10-03,05,quantile,0.7,21.0
2026-09-19,wk inc covid hosp,2,2026-10-03,05,quantile,0.75,22.0
2026-09-19,wk inc covid hosp,2,2026-10-03,05,quantile,0.8,22.0
2026-09-19,wk inc covid hosp,2,2026-10-03,05,quantile,0.85,23.0
2026-09-19,wk inc covid hosp,2,2026-10-03,05,quantile,0.9,24.0
2026-09-19,wk inc covid hosp,2,2026-10-03,05,quantile,0.95,28.0
2026-09-19,wk inc covid hosp,2,2026-10-03,05,quantile,0.975,30.0
2026-09-19,wk inc covid hosp,2,2026-10-03,05,quantile,0.99,36.0
2026-09-19,wk inc covid hosp,2,2026-10-03,06,quantile,0.01,350.0
2026-09-19,wk inc covid hosp,2,2026-10-03,06,quantile,0.025,432.0
2026-09-19,wk inc covid hosp,2,2026-10-03,06,quantile,0.05,457.0
2026-09-19,wk inc covid hosp,2,2026-10-03,06,quantile,0.1,494.0
2026-09-19,wk inc covid hosp,2,2026-10-03,06,quantile,0.15,498.0
2026-09-19,wk inc covid hosp,2,2026-10-03,06,quantile,0.2,520.0
2026-09-19,wk inc covid hosp,2,2026-10-03,06,quantile,0.25,530.0
2026-09-19,wk inc covid hosp,2,2026-10-03,06,quantile,0.3,561.0
2026-09-19,wk inc covid hosp,2,2026-10-03,06,quantile,0.35,566.0
2026-09-19,wk inc covid hosp,2,2026-10-03,06,quantile,0.4,572.0
2026-09-19,wk inc covid hosp,2,2026-10-03,06,quantile,0.45,572.0
2026-09-19,wk inc covid hosp,2,2026-10-03,06,quantile,0.5,579.0
2026-09-19,wk inc covid hosp,2,2026-10-03,06,quantile,0.55,592.0
2026-09-19,wk inc covid hosp,2,2026-10-03,06,quantile,0.6,592.0
2026-09-19,wk inc covid hosp,2,2026-10-03,06,quantile,0.65,632.0
2026-09-19,wk inc covid hosp,2,2026-10-03,06,quantile,0.7,665.0
2026-09-19,wk inc covid hosp,2,2026-10-03,06,quantile,0.75,691.0
2026-09-19,wk inc covid hosp,2,2026-10-03,06,quantile,0.8,740.0
2026-09-19,wk inc covid hosp,2,2026-10-03,06,quantile,0.85,767.0
2026-09-19,wk inc covid hosp,2,2026-10-03,06,quantile,0.9,767.0
2026-09-19,wk inc covid hosp,2,2026-10-03,06,quantile,0.95,824.0
2026-09-19,wk inc covid hosp,2,2026-10-03,06,quantile,0.975,882.0
2026-09-19,wk inc covid hosp,2,2026-10-03,06,quantile,0.99,1060.0
2026-09-19,wk inc covid hosp,2,2026-10-03,08,quantile,0.01,16.0
2026-09-19,wk inc covid hosp,2,2026-10-03,08,quantile,0.025,17.0
2026-09-19,wk inc covid hosp,2,2026-10-03,08,quantile,0.05,17.0
2026-09-19,wk inc covid hosp,2,2026-10-03,08,quantile,0.1,19.0
2026-09-19,wk inc covid hosp,2,2026-10-03,08,quantile,0.15,20.0
2026-09-19,wk inc covid hosp,2,2026-10-03,08,quantile,0.2,21.0
2026-09-19,wk inc covid hosp,2,2026-10-03,08,quantile,0.25,23.0
2026-09-19,wk inc covid hosp,2,2026-10-03,08,quantile,0.3,23.0
2026-09-19,wk inc covid hosp,2,2026-10-03,08,quantile,0.35,26.0
2026-09-19,wk inc covid hosp,2,2026-10-03,08,quantile,0.4,27.0
2026-09-19,wk inc covid hosp,2,2026-10-03,08,quantile,0.45,28.0
2026-09-19,wk inc covid hosp,2,2026-10-03,08,quantile,0.5,29.0
2026-09-19,wk inc covid hosp,2,2026-10-03,08,quantile,0.55,31.0
2026-09-19,wk inc covid hosp,2,2026-10-03,08,quantile,0.6,32.0
2026-09-19,wk inc covid hosp,2,2026-10-03,08,quantile,0.65,32.0
2026-09-19,wk inc covid hosp,2,2026-10-03,08,quantile,0.7,32.0
2026-09-19,wk inc covid hosp,2,2026-10-03,08,quantile,0.75,33.0
2026-09-19,wk inc covid hosp,2,2026-10-03,08,quantile,0.8,35.0
2026-09-19,wk inc covid hosp,2,2026-10-03,08,quantile,0.85,35.0
2026-09-19,wk inc covid hosp,2,2026-10-03,08,quantile,0.9,42.0
2026-09-19,wk inc covid hosp,2,2026-10-03,08,quantile,0.95,45.0
2026-09-19,wk inc covid hosp,2,2026-10-03,08,quantile,0.975,56.0
2026-09-19,wk inc covid hosp,2,2026-10-03,08,quantile,0.99,77.0
2026-09-19,wk inc covid hosp,2,2026-10-03,09,quantile,0.01,9.0
2026-09-19,wk inc covid hosp,2,2026-10-03,09,quantile,0.025,9.0
2026-09-19,wk inc covid hosp,2,2026-10-03,09,quantile,0.05,11.0
2026-09-19,wk inc covid hosp,2,2026-10-03,09,quantile,0.1,12.0
2026-09-19,wk inc covid hosp,2,2026-10-03,09,quantile,0.15,13.0
2026-09-19,wk inc covid hosp,2,2026-10-03,09,quantile,0.2,15.0
2026-09-19,wk inc covid hosp,2,2026-10-03,09,quantile,0.25,15.0
2026-09-19,wk inc covid hosp,2,2026-10-03,09,quantile,0.3,17.0
2026-09-19,wk inc covid hosp,2,2026-10-03,09,quantile,0.35,17.0
2026-09-19,wk inc covid hosp,2,2026-10-03,09,quantile,0.4,17.0
2026-09-19,wk inc covid hosp,2,2026-10-03,09,quantile,0.45,17.0
2026-09-19,wk inc covid hosp,2,2026-10-03,09,quantile,0.5,17.0
2026-09-19,wk inc covid hosp,2,2026-10-03,09,quantile,0.55,17.0
2026-09-19,wk inc covid hosp,2,2026-10-03,09,quantile,0.6,17.0
2026-09-19,wk inc covid hosp,2,2026-10-03,09,quantile,0.65,18.0
2026-09-19,wk inc covid hosp,2,2026-10-03,09,quantile,0.7,18.0
2026-09-19,wk inc covid hosp,2,2026-10-03,09,quantile,0.75,19.0
2026-09-19,wk inc covid hosp,2,2026-10-03,09,quantile,0.8,19.0
2026-09-19,wk inc covid hosp,2,2026-10-03,09,quantile,0.85,20.0
2026-09-19,wk inc covid hosp,2,2026-10-03,09,quantile,0.9,23.0
2026-09-19,wk inc covid hosp,2,2026-10-03,09,quantile,0.95,27.0
2026-09-19,wk inc covid hosp,2,2026-10-03,09,quantile,0.975,30.0
2026-09-19,wk inc covid hosp,2,2026-10-03,09,quantile,0.99,40.0
2026-09-19,wk inc covid hosp,2,2026-10-03,10,quantile,0.01,4.0
2026-09-19,wk inc covid hosp,2,2026-10-03,10,quantile,0.025,4.0
2026-09-19,wk inc covid hosp,2,2026-10-03,10,quantile,0.05,5.0
2026-09-19,wk inc covid hosp,2,2026-10-03,10,quantile,0.1,6.0
2026-09-19,wk inc covid hosp,2,2026-10-03,10,quantile,0.15,7.0
2026-09-19,wk inc covid hosp,2,2026-10-03,10,quantile,0.2,7.0
2026-09-19,wk inc covid hosp,2,2026-10-03,10,quantile,0.25,7.0
2026-09-19,wk inc covid hosp,2,2026-10-03,10,quantile,0.3,7.0
2026-09-19,wk inc covid hosp,2,2026-10-03,10,quantile,0.35,8.0
2026-09-19,wk inc covid hosp,2,2026-10-03,10,quantile,0.4,8.0
2026-09-19,wk inc covid hosp,2,2026-10-03,10,quantile,0.45,9.0
2026-09-19,wk inc covid hosp,2,2026-10-03,10,quantile,0.5,9.0
2026-09-19,wk inc covid hosp,2,2026-10-03,10,quantile,0.55,11.0
2026-09-19,wk inc covid hosp,2,2026-10-03,10,quantile,0.6,11.0
2026-09-19,wk inc covid hosp,2,2026-10-03,10,quantile,0.65,12.0
2026-09-19,wk inc covid hosp,2,2026-10-03,10,quantile,0.7,12.0
2026-09-19,wk inc covid hosp,2,2026-10-03,10,quantile,0.75,12.0
2026-09-19,wk inc covid hosp,2,2026-10-03,10,quantile,0.8,13.0
2026-09-19,wk inc covid hosp,2,2026-10-03,10,quantile,0.85,13.0
2026-09-19,wk inc covid hosp,2,2026-10-03,10,quantile,0.9,14.0
2026-09-19,wk inc covid hosp,2,2026-10-03,10,quantile,0.95,16.0
2026-09-19,wk inc covid hosp,2,2026-10-03,10,quantile,0.975,17.0
2026-09-19,wk inc covid hosp,2,2026-10-03,10,quantile,0.99,19.0
2026-09-19,wk inc covid hosp,2,2026-10-03,11,quantile,0.01,2.0
2026-09-19,wk inc covid hosp,2,2026-10-03,11,quantile,0.025,2.0
2026-09-19,wk inc covid hosp,2,2026-10-03,11,quantile,0.05,2.0
2026-09-19,wk inc covid hosp,2,2026-10-03,11,quantile,0.1,2.0
2026-09-19,wk inc covid hosp,2,2026-10-03,11,quantile,0.15,3.0
2026-09-19,wk inc covid hosp,2,2026-10-03,11,quantile,0.2,3.0
2026-09-19,wk inc covid hosp,2,2026-10-03,11,quantile,0.25,3.0
2026-09-19,wk inc covid hosp,2,2026-10-03,11,quantile,0.3,4.0
2026-09-19,wk inc covid hosp,2,2026-10-03,11,quantile,0.35,4.0
2026-09-19,wk inc covid hosp,2,2026-10-03,11,quantile,0.4,5.0
2026-09-19,wk inc covid hosp,2,2026-10-03,11,quantile,0.45,6.0
2026-09-19,wk inc covid hosp,2,2026-10-03,11,quantile,0.5,6.0
2026-09-19,wk inc covid hosp,2,2026-10-03,11,quantile,0.55,6.0
2026-09-19,wk inc covid hosp,2,2026-10-03,11,quantile,0.6,6.0
2026-09-19,wk inc covid hosp,2,2026-10-03,11,quantile,0.65,6.0
2026-09-19,wk inc covid hosp,2,2026-10-03,11,quantile,0.7,7.0
2026-09-19,wk inc covid hosp,2,2026-10-03,11,quantile,0.75,7.0
2026-09-19,wk inc covid hosp,2,2026-10-03,11,quantile,0.8,7.0
2026-09-19,wk inc covid hosp,2,2026-10-03,11,quantile,0.85,7.0
2026-09-19,wk inc covid hosp,2,2026-10-03,11,quantile,0.9,8.0
2026-09-19,wk inc covid hosp,2,2026-10-03,11,quantile,0.95,9.0
2026-09-19,wk inc covid hosp,2,2026-10-03,11,quantile,0.975,10.0
2026-09-19,wk inc covid hosp,2,2026-10-03,11,quantile,0.99,12.0
2026-09-19,wk inc covid hosp,2,2026-10-03,12,quantile,0.01,166.0
2026-09-19,wk inc covid hosp,2,2026-10-03,12,quantile,0.025,212.0
2026-09-19,wk inc covid hosp,2,2026-10-03,12,quantile,0.05,248.0
2026-09-19,wk inc covid hosp,2,2026-10-03,12,quantile,0.1,271.0
2026-09-19,wk inc covid hosp,2,2026-10-03,12,quantile,0.15,271.0
2026-09-19,wk inc covid hosp,2,2026-10-03,12,quantile,0.2,274.0
2026-09-19,wk inc covid hosp,2,2026-10-03,12,quantile,0.25,276.0
2026-09-19,wk inc covid hosp,2,2026-10-03,12,quantile,0.3,291.0
2026-09-19,wk inc covid hosp,2,2026-10-03,12,quantile,0.35,291.0
2026-09-19,wk inc covid hosp,2,2026-10-03,12,quantile,0.4,297.0
2026-09-19,wk inc covid hosp,2,2026-10-03,12,quantile,0.45,299.0
2026-09-19,wk inc covid hosp,2,2026-10-03,12,quantile,0.5,314.0
2026-09-19,wk inc covid hosp,2,2026-10-03,12,quantile,0.55,314.0
2026-09-19,wk inc covid hosp,2,2026-10-03,12,quantile,0.6,314.0
2026-09-19,wk inc covid hosp,2,2026-10-03,12,quantile,0.65,323.0
2026-09-19,wk inc covid hosp,2,2026-10-03,12,quantile,0.7,326.0
2026-09-19,wk inc covid hosp,2,2026-10-03,12,quantile,0.75,341.0
2026-09-19,wk inc covid hosp,2,2026-10-03,12,quantile,0.8,353.0
2026-09-19,wk inc covid hosp,2,2026-10-03,12,quantile,0.85,378.0
2026-09-19,wk inc covid hosp,2,2026-10-03,12,quantile,0.9,412.0
2026-09-19,wk inc covid hosp,2,2026-10-03,12,quantile,0.95,445.0
2026-09-19,wk inc covid hosp,2,2026-10-03,12,quantile,0.975,497.0
2026-09-19,wk inc covid hosp,2,2026-10-03,12,quantile,0.99,562.0
2026-09-19,wk inc covid hosp,2,2026-10-03,13,quantile,0.01,59.0
2026-09-19,wk inc covid hosp,2,2026-10-03,13,quantile,0.025,61.0
2026-09-19,wk inc covid hosp,2,2026-10-03,13,quantile,0.05,61.0
2026-09-19,wk inc covid hosp,2,2026-10-03,13,quantile,0.1,64.0
2026-09-19,wk inc covid hosp,2,2026-10-03,13,quantile,0.15,70.0
2026-09-19,wk inc covid hosp,2,2026-10-03,13,quantile,0.2,74.0
2026-09-19,wk inc covid hosp,2,2026-10-03,13,quantile,0.25,76.0
2026-09-19,wk inc covid hosp,2,2026-10-03,13,quantile,0.3,78.0
2026-09-19,wk inc covid hosp,2,2026-10-03,13,quantile,0.35,83.0
2026-09-19,wk inc covid hosp,2,2026-10-03,13,quantile,0.4,90.0
2026-09-19,wk inc covid hosp,2,2026-10-03,13,quantile,0.45,94.0
2026-09-19,wk inc covid hosp,2,2026-10-03,13,quantile,0.5,96.0
2026-09-19,wk inc covid hosp,2,2026-10-03,13,quantile,0.55,99.0
2026-09-19,wk inc covid hosp,2,2026-10-03,13,quantile,0.6,107.0
2026-09-19,wk inc covid hosp,2,2026-10-03,13,quantile,0.65,107.0
2026-09-19,wk inc covid hosp,2,2026-10-03,13,quantile,0.7,107.0
2026-09-19,wk inc covid hosp,2,2026-10-03,13,quantile,0.75,107.0
2026-09-19,wk inc covid hosp,2,2026-10-03,13,quantile,0.8,109.0
2026-09-19,wk inc covid hosp,2,2026-10-03,13,quantile,0.85,112.0
2026-09-19,wk inc covid hosp,2,2026-10-03,13,quantile,0.9,119.0
2026-09-19,wk inc covid hosp,2,2026-10-03,13,quantile,0.95,127.0
2026-09-19,wk inc covid hosp,2,2026-10-03,13,quantile,0.975,143.0
2026-09-19,wk inc covid hosp,2,2026-10-03,13,quantile,0.99,174.0
2026-09-19,wk inc covid hosp,2,2026-10-03,15,quantile,0.01,8.0
2026-09-19,wk inc covid hosp,2,2026-10-03,15,quantile,0.025,9.0
2026-09-19,wk inc covid hosp,2,2026-10-03,15,quantile,0.05,10.0
2026-09-19,wk inc covid hosp,2,2026-10-03,15,quantile,0.1,11.0
2026-09-19,wk inc covid hosp,2,2026-10-03,15,quantile,0.15,11.0
2026-09-19,wk inc covid hosp,2,2026-10-03,15,quantile,0.2,13.0
2026-09-19,wk inc covid hosp,2,2026-10-03,15,quantile,0.25,13.0
2026-09-19,wk inc covid hosp,2,2026-10-03,15,quantile,0.3,13.0
2026-09-19,wk inc covid hosp,2,2026-10-03,15,quantile,0.35,15.0
2026-09-19,wk inc covid hosp,2,2026-10-03,15,quantile,0.4,16.0
2026-09-19,wk inc covid hosp,2,2026-10-03,15,quantile,0.45,17.0
2026-09-19,wk inc covid hosp,2,2026-10-03,15,quantile,0.5,17.0
2026-09-19,wk inc covid hosp,2,2026-10-03,15,quantile,0.55,19.0
2026-09-19,wk inc covid hosp,2,2026-10-03,15,quantile,0.6,20.0
2026-09-19,wk inc covid hosp,2,2026-10-03,15,quantile,0.65,22.0
2026-09-19,wk inc covid hosp,2,2026-10-03,15,quantile,0.7,22.0
2026-09-19,wk inc covid hosp,2,2026-10-03,15,quantile,0.75,24.0
2026-09-19,wk inc covid hosp,2,2026-10-03,15,quantile,0.8,26.0
2026-09-19,wk inc covid hosp,2,2026-10-03,15,quantile,0.85,28.0
2026-09-19,wk inc covid hosp,2,2026-10-03,15,quantile,0.9,30.0
2026-09-19,wk inc covid hosp,2,2026-10-03,15,quantile,0.95,35.0
2026-09-19,wk inc covid hosp,2,2026-10-03,15,quantile,0.975,35.0
2026-09-19,wk inc covid hosp,2,2026-10-03,15,quantile,0.99,37.0
2026-09-19,wk inc covid hosp,2,2026-10-03,16,quantile,0.01,6.0
2026-09-19,wk inc covid hosp,2,2026-10-03,16,quantile,0.025,7.0
2026-09-19,wk inc covid hosp,2,2026-10-03,16,quantile,0.05,7.0
2026-09-19,wk inc covid hosp,2,2026-10-03,16,quantile,0.1,9.0
2026-09-19,wk inc covid hosp,2,2026-10-03,16,quantile,0.15,9.0
2026-09-19,wk inc covid hosp,2,2026-10-03,16,quantile,0.2,10.0
2026-09-19,wk inc covid hosp,2,2026-10-03,16,quantile,0.25,11.0
2026-09-19,wk inc covid hosp,2,2026-10-03,16,quantile,0.3,11.0
2026-09-19,wk inc covid hosp,2,2026-10-03,16,quantile,0.35,11.0
2026-09-19,wk inc covid hosp,2,2026-10-03,16,quantile,0.4,12.0
2026-09-19,wk inc covid hosp,2,2026-10-03,16,quantile,0.45,13.0
2026-09-19,wk inc covid hosp,2,2026-10-03,16,quantile,0.5,14.0
2026-09-19,wk inc covid hosp,2,2026-10-03,16,quantile,0.55,15.0
2026-09-19,wk inc covid hosp,2,2026-10-03,16,quantile,0.6,15.0
2026-09-19,wk inc covid hosp,2,2026-10-03,16,quantile,0.65,15.0
2026-09-19,wk inc covid hosp,2,2026-10-03,16,quantile,0.7,15.0
2026-09-19,wk inc covid hosp,2,2026-10-03,16,quantile,0.75,15.0
2026-09-19,wk inc covid hosp,2,2026-10-03,16,quantile,0.8,16.0
2026-09-19,wk inc covid hosp,2,2026-10-03,16,quantile,0.85,17.0
2026-09-19,wk inc covid hosp,2,2026-10-03,16,quantile,0.9,18.0
2026-09-19,wk inc covid hosp,2,2026-10-03,16,quantile,0.95,20.0
2026-09-19,wk inc covid hosp,2,2026-10-03,16,quantile,0.975,22.0
2026-09-19,wk inc covid hosp,2,2026-10-03,16,quantile,0.99,28.0
2026-09-19,wk inc covid hosp,2,2026-10-03,17,quantile,0.01,31.0
2026-09-19,wk inc covid hosp,2,2026-10-03,17,quantile,0.025,39.0
2026-09-19,wk inc covid hosp,2,2026-10-03,17,quantile,0.05,39.0
2026-09-19,wk inc covid hosp,2,2026-10-03,17,quantile,0.1,42.0
2026-09-19,wk inc covid hosp,2,2026-10-03,17,quantile,0.15,46.0
2026-09-19,wk inc covid hosp,2,2026-10-03,17,quantile,0.2,47.0
2026-09-19,wk inc covid hosp,2,2026-10-03,17,quantile,0.25,50.0
2026-09-19,wk inc covid hosp,2,2026-10-03,17,quantile,0.3,55.0
2026-09-19,wk inc covid hosp,2,2026-10-03,17,quantile,0.35,57.0
2026-09-19,wk inc covid hosp,2,2026-10-03,17,quantile,0.4,57.0
2026-09-19,wk inc covid hosp,2,2026-10-03,17,quantile,0.45,57.0
2026-09-19,wk inc covid hosp,2,2026-10-03,17,quantile,0.5,57.0
2026-09-19,wk inc covid hosp,2,2026-10-03,17,quantile,0.55,57.0
2026-09-19,wk inc covid hosp,2,2026-10-03,17,quantile,0.6,57.0
2026-09-19,wk inc covid hosp,2,2026-10-03,17,quantile,0.65,57.0
2026-09-19,wk inc covid hosp,2,2026-10-03,17,quantile,0.7,57.0
2026-09-19,wk inc covid hosp,2,2026-10-03,17,quantile,0.75,57.0
2026-09-19,wk inc covid hosp,2,2026-10-03,17,quantile,0.8,59.0
2026-09-19,wk inc covid hosp,2,2026-10-03,17,quantile,0.85,63.0
2026-09-19,wk inc covid hosp,2,2026-10-03,17,quantile,0.9,73.0
2026-09-19,wk inc covid hosp,2,2026-10-03,17,quantile,0.95,83.0
2026-09-19,wk inc covid hosp,2,2026-10-03,17,quantile,0.975,99.0
2026-09-19,wk inc covid hosp,2,2026-10-03,17,quantile,0.99,131.0
2026-09-19,wk inc covid hosp,2,2026-10-03,18,quantile,0.01,22.0
2026-09-19,wk inc covid hosp,2,2026-10-03,18,quantile,0.025,22.0
2026-09-19,wk inc covid hosp,2,2026-10-03,18,quantile,0.05,22.0
2026-09-19,wk inc covid hosp,2,2026-10-03,18,quantile,0.1,26.0
2026-09-19,wk inc covid hosp,2,2026-10-03,18,quantile,0.15,29.0
2026-09-19,wk inc covid hosp,2,2026-10-03,18,quantile,0.2,31.0
2026-09-19,wk inc covid hosp,2,2026-10-03,18,quantile,0.25,32.0
2026-09-19,wk inc covid hosp,2,2026-10-03,18,quantile,0.3,38.0
2026-09-19,wk inc covid hosp,2,2026-10-03,18,quantile,0.35,38.0
2026-09-19,wk inc covid hosp,2,2026-10-03,18,quantile,0.4,38.0
2026-09-19,wk inc covid hosp,2,2026-10-03,18,quantile,0.45,38.0
2026-09-19,wk inc covid hosp,2,2026-10-03,18,quantile,0.5,38.0
2026-09-19,wk inc covid hosp,2,2026-10-03,18,quantile,0.55,39.0
2026-09-19,wk inc covid hosp,2,2026-10-03,18,quantile,0.6,40.0
2026-09-19,wk inc covid hosp,2,2026-10-03,18,quantile,0.65,40.0
2026-09-19,wk inc covid hosp,2,2026-10-03,18,quantile,0.7,40.0
2026-09-19,wk inc covid hosp,2,2026-10-03,18,quantile,0.75,41.0
2026-09-19,wk inc covid hosp,2,2026-10-03,18,quantile,0.8,41.0
2026-09-19,wk inc covid hosp,2,2026-10-03,18,quantile,0.85,42.0
2026-09-19,wk inc covid hosp,2,2026-10-03,18,quantile,0.9,48.0
2026-09-19,wk inc covid hosp,2,2026-10-03,18,quantile,0.95,53.0
2026-09-19,wk inc covid hosp,2,2026-10-03,18,quantile,0.975,64.0
2026-09-19,wk inc covid hosp,2,2026-10-03,18,quantile,0.99,76.0
2026-09-19,wk inc covid hosp,2,2026-10-03,19,quantile,0.01,6.0
2026-09-19,wk inc covid hosp,2,2026-10-03,19,quantile,0.025,8.0
2026-09-19,wk inc covid hosp,2,2026-10-03,19,quantile,0.05,8.0
2026-09-19,wk inc covid hosp,2,2026-10-03,19,quantile,0.1,10.0
2026-09-19,wk inc covid hosp,2,2026-10-03,19,quantile,0.15,11.0
2026-09-19,wk inc covid hosp,2,2026-10-03,19,quantile,0.2,11.0
2026-09-19,wk inc covid hosp,2,2026-10-03,19,quantile,0.25,13.0
2026-09-19,wk inc covid hosp,2,2026-10-03,19,quantile,0.3,13.0
2026-09-19,wk inc covid hosp,2,2026-10-03,19,quantile,0.35,14.0
2026-09-19,wk inc covid hosp,2,2026-10-03,19,quantile,0.4,15.0
2026-09-19,wk inc covid hosp,2,2026-10-03,19,quantile,0.45,16.0
2026-09-19,wk inc covid hosp,2,2026-10-03,19,quantile,0.5,16.0
2026-09-19,wk inc covid hosp,2,2026-10-03,19,quantile,0.55,17.0
2026-09-19,wk inc covid hosp,2,2026-10-03,19,quantile,0.6,18.0
2026-09-19,wk inc covid hosp,2,2026-10-03,19,quantile,0.65,19.0
2026-09-19,wk inc covid hosp,2,2026-10-03,19,quantile,0.7,19.0
2026-09-19,wk inc covid hosp,2,2026-10-03,19,quantile,0.75,19.0
2026-09-19,wk inc covid hosp,2,2026-10-03,19,quantile,0.8,19.0
2026-09-19,wk inc covid hosp,2,2026-10-03,19,quantile,0.85,20.0
2026-09-19,wk inc covid hosp,2,2026-10-03,19,quantile,0.9,23.0
2026-09-19,wk inc covid hosp,2,2026-10-03,19,quantile,0.95,27.0
2026-09-19,wk inc covid hosp,2,2026-10-03,19,quantile,0.975,30.0
2026-09-19,wk inc covid hosp,2,2026-10-03,19,quantile,0.99,36.0
2026-09-19,wk inc covid hosp,2,2026-10-03,20,quantile,0.01,4.0
2026-09-19,wk inc covid hosp,2,2026-10-03,20,quantile,0.025,6.0
2026-09-19,wk inc covid hosp,2,2026-10-03,20,quantile,0.05,7.0
2026-09-19,wk inc covid hosp,2,2026-10-03,20,quantile,0.1,7.0
2026-09-19,wk inc covid hosp,2,2026-10-03,20,quantile,0.15,8.0
2026-09-19,wk inc covid hosp,2,2026-10-03,20,quantile,0.2,9.0
2026-09-19,wk inc covid hosp,2,2026-10-03,20,quantile,0.25,9.0
2026-09-19,wk inc covid hosp,2,2026-10-03,20,quantile,0.3,11.0
2026-09-19,wk inc covid hosp,2,2026-10-03,20,quantile,0.35,11.0
2026-09-19,wk inc covid hosp,2,2026-10-03,20,quantile,0.4,11.0
2026-09-19,wk inc covid hosp,2,2026-10-03,20,quantile,0.45,11.0
2026-09-19,wk inc covid hosp,2,2026-10-03,20,quantile,0.5,11.0
2026-09-19,wk inc covid hosp,2,2026-10-03,20,quantile,0.55,11.0
2026-09-19,wk inc covid hosp,2,2026-10-03,20,quantile,0.6,11.0
2026-09-19,wk inc covid hosp,2,2026-10-03,20,quantile,0.65,12.0
2026-09-19,wk inc covid hosp,2,2026-10-03,20,quantile,0.7,12.0
2026-09-19,wk inc covid hosp,2,2026-10-03,20,quantile,0.75,12.0
2026-09-19,wk inc covid hosp,2,2026-10-03,20,quantile,0.8,12.0
2026-09-19,wk inc covid hosp,2,2026-10-03,20,quantile,0.85,14.0
2026-09-19,wk inc covid hosp,2,2026-10-03,20,quantile,0.9,17.0
2026-09-19,wk inc covid hosp,2,2026-10-03,20,quantile,0.95,19.0
2026-09-19,wk inc covid hosp,2,2026-10-03,20,quantile,0.975,19.0
2026-09-19,wk inc covid hosp,2,2026-10-03,20,quantile,0.99,23.0
2026-09-19,wk inc covid hosp,2,2026-10-03,21,quantile,0.01,15.0
2026-09-19,wk inc covid hosp,2,2026-10-03,21,quantile,0.025,16.0
2026-09-19,wk inc covid hosp,2,2026-10-03,21,quantile,0.05,16.0
2026-09-19,wk inc covid hosp,2,2026-10-03,21,quantile,0.1,18.0
2026-09-19,wk inc covid hosp,2,2026-10-03,21,quantile,0.15,19.0
2026-09-19,wk inc covid hosp,2,2026-10-03,21,quantile,0.2,20.0
2026-09-19,wk inc covid hosp,2,2026-10-03,21,quantile,0.25,21.0
2026-09-19,wk inc covid hosp,2,2026-10-03,21,quantile,0.3,24.0
2026-09-19,wk inc covid hosp,2,2026-10-03,21,quantile,0.35,25.0
2026-09-19,wk inc covid hosp,2,2026-10-03,21,quantile,0.4,25.0
2026-09-19,wk inc covid hosp,2,2026-10-03,21,quantile,0.45,26.0
2026-09-19,wk inc covid hosp,2,2026-10-03,21,quantile,0.5,27.0
2026-09-19,wk inc covid hosp,2,2026-10-03,21,quantile,0.55,29.0
2026-09-19,wk inc covid hosp,2,2026-10-03,21,quantile,0.6,29.0
2026-09-19,wk inc covid hosp,2,2026-10-03,21,quantile,0.65,29.0
2026-09-19,wk inc covid hosp,2,2026-10-03,21,quantile,0.7,29.0
2026-09-19,wk inc covid hosp,2,2026-10-03,21,quantile,0.75,29.0
2026-09-19,wk inc covid hosp,2,2026-10-03,21,quantile,0.8,29.0
2026-09-19,wk inc covid hosp,2,2026-10-03,21,quantile,0.85,31.0
2026-09-19,wk inc covid hosp,2,2026-10-03,21,quantile,0.9,34.0
2026-09-19,wk inc covid hosp,2,2026-10-03,21,quantile,0.95,40.0
2026-09-19,wk inc covid hosp,2,2026-10-03,21,quantile,0.975,44.0
2026-09-19,wk inc covid hosp,2,2026-10-03,21,quantile,0.99,51.0
2026-09-19,wk inc covid hosp,2,2026-10-03,22,quantile,0.01,31.0
2026-09-19,wk inc covid hosp,2,2026-10-03,22,quantile,0.025,36.0
2026-09-19,wk inc covid hosp,2,2026-10-03,22,quantile,0.05,38.0
2026-09-19,wk inc covid hosp,2,2026-10-03,22,quantile,0.1,39.0
2026-09-19,wk inc covid hosp,2,2026-10-03,22,quantile,0.15,39.0
2026-09-19,wk inc covid hosp,2,2026-10-03,22,quantile,0.2,40.0
2026-09-19,wk inc covid hosp,2,2026-10-03,22,quantile,0.25,41.0
2026-09-19,wk inc covid hosp,2,2026-10-03,22,quantile,0.3,42.0
2026-09-19,wk inc covid hosp,2,2026-10-03,22,quantile,0.35,44.0
2026-09-19,wk inc covid hosp,2,2026-10-03,22,quantile,0.4,46.0
2026-09-19,wk inc covid hosp,2,2026-10-03,22,quantile,0.45,46.0
2026-09-19,wk inc covid hosp,2,2026-10-03,22,quantile,0.5,49.0
2026-09-19,wk inc covid hosp,2,2026-10-03,22,quantile,0.55,50.0
2026-09-19,wk inc covid hosp,2,2026-10-03,22,quantile,0.6,52.0
2026-09-19,wk inc covid hosp,2,2026-10-03,22,quantile,0.65,54.0
2026-09-19,wk inc covid hosp,2,2026-10-03,22,quantile,0.7,58.0
2026-09-19,wk inc covid hosp,2,2026-10-03,22,quantile,0.75,60.0
2026-09-19,wk inc covid hosp,2,2026-10-03,22,quantile,0.8,60.0
2026-09-19,wk inc covid hosp,2,2026-10-03,22,quantile,0.85,65.0
2026-09-19,wk inc covid hosp,2,2026-10-03,22,quantile,0.9,67.0
2026-09-19,wk inc covid hosp,2,2026-10-03,22,quantile,0.95,75.0
2026-09-19,wk inc covid hosp,2,2026-10-03,22,quantile,0.975,83.0
2026-09-19,wk inc covid hosp,2,2026-10-03,22,quantile,0.99,84.0
2026-09-19,wk inc covid hosp,2,2026-10-03,23,quantile,0.01,0.0
2026-09-19,wk inc covid hosp,2,2026-10-03,23,quantile,0.025,0.0
2026-09-19,wk inc covid hosp,2,2026-10-03,23,quantile,0.05,0.0
2026-09-19,wk inc covid hosp,2,2026-10-03,23,quantile,0.1,0.0
2026-09-19,wk inc covid hosp,2,2026-10-03,23,quantile,0.15,0.0
2026-09-19,wk inc covid hosp,2,2026-10-03,23,quantile,0.2,0.0
2026-09-19,wk inc covid hosp,2,2026-10-03,23,quantile,0.25,0.0
2026-09-19,wk inc covid hosp,2,2026-10-03,23,quantile,0.3,1.0
2026-09-19,wk inc covid hosp,2,2026-10-03,23,quantile,0.35,1.0
2026-09-19,wk inc covid hosp,2,2026-10-03,23,quantile,0.4,1.0
2026-09-19,wk inc covid hosp,2,2026-10-03,23,quantile,0.45,1.0
2026-09-19,wk inc covid hosp,2,2026-10-03,23,quantile,0.5,1.0
2026-09-19,wk inc covid hosp,2,2026-10-03,23,quantile,0.55,1.0
2026-09-19,wk inc covid hosp,2,2026-10-03,23,quantile,0.6,2.0
2026-09-19,wk inc covid hosp,2,2026-10-03,23,quantile,0.65,2.0
2026-09-19,wk inc covid hosp,2,2026-10-03,23,quantile,0.7,2.0
2026-09-19,wk inc covid hosp,2,2026-10-03,23,quantile,0.75,3.0
2026-09-19,wk inc covid hosp,2,2026-10-03,23,quantile,0.8,3.0
2026-09-19,wk inc covid hosp,2,2026-10-03,23,quantile,0.85,4.0
2026-09-19,wk inc covid hosp,2,2026-10-03,23,quantile,0.9,5.0
2026-09-19,wk inc covid hosp,2,2026-10-03,23,quantile,0.95,7.0
2026-09-19,wk inc covid hosp,2,2026-10-03,23,quantile,0.975,7.0
2026-09-19,wk inc covid hosp,2,2026-10-03,23,quantile,0.99,13.0
2026-09-19,wk inc covid hosp,2,2026-10-03,24,quantile,0.01,11.0
2026-09-19,wk inc covid hosp,2,2026-10-03,24,quantile,0.025,13.0
2026-09-19,wk inc covid hosp,2,2026-10-03,24,quantile,0.05,13.0
2026-09-19,wk inc covid hosp,2,2026-10-03,24,quantile,0.1,13.0
2026-09-19,wk inc covid hosp,2,2026-10-03,24,quantile,0.15,15.0
2026-09-19,wk inc covid hosp,2,2026-10-03,24,quantile,0.2,16.0
2026-09-19,wk inc covid hosp,2,2026-10-03,24,quantile,0.25,18.0
2026-09-19,wk inc covid hosp,2,2026-10-03,24,quantile,0.3,18.0
2026-09-19,wk inc covid hosp,2,2026-10-03,24,quantile,0.35,19.0
2026-09-19,wk inc covid hosp,2,2026-10-03,24,quantile,0.4,19.0
2026-09-19,wk inc covid hosp,2,2026-10-03,24,quantile,0.45,19.0
2026-09-19,wk inc covid hosp,2,2026-10-03,24,quantile,0.5,20.0
2026-09-19,wk inc covid hosp,2,2026-10-03,24,quantile,0.55,21.0
2026-09-19,wk inc covid hosp,2,2026-10-03,24,quantile,0.6,21.0
2026-09-19,wk inc covid hosp,2,2026-10-03,24,quantile,0.65,21.0
2026-09-19,wk inc covid hosp,2,2026-10-03,24,quantile,0.7,22.0
2026-09-19,wk inc covid hosp,2,2026-10-03,24,quantile,0.75,23.0
2026-09-19,wk inc covid hosp,2,2026-10-03,24,quantile,0.8,25.0
2026-09-19,wk inc covid hosp,2,2026-10-03,24,quantile,0.85,26.0
2026-09-19,wk inc covid hosp,2,2026-10-03,24,quantile,0.9,31.0
2026-09-19,wk inc covid hosp,2,2026-10-03,24,quantile,0.95,36.0
2026-09-19,wk inc covid hosp,2,2026-10-03,24,quantile,0.975,46.0
2026-09-19,wk inc covid hosp,2,2026-10-03,24,quantile,0.99,71.0
2026-09-19,wk inc covid hosp,2,2026-10-03,25,quantile,0.01,21.0
2026-09-19,wk inc covid hosp,2,2026-10-03,25,quantile,0.025,23.0
2026-09-19,wk inc covid hosp,2,2026-10-03,25,quantile,0.05,24.0
2026-09-19,wk inc covid hosp,2,2026-10-03,25,quantile,0.1,30.0
2026-09-19,wk inc covid hosp,2,2026-10-03,25,quantile,0.15,32.0
2026-09-19,wk inc covid hosp,2,2026-10-03,25,quantile,0.2,35.0
2026-09-19,wk inc covid hosp,2,2026-10-03,25,quantile,0.25,35.0
2026-09-19,wk inc covid hosp,2,2026-10-03,25,quantile,0.3,39.0
2026-09-19,wk inc covid hosp,2,2026-10-03,25,quantile,0.35,40.0
2026-09-19,wk inc covid hosp,2,2026-10-03,25,quantile,0.4,40.0
2026-09-19,wk inc covid hosp,2,2026-10-03,25,quantile,0.45,42.0
2026-09-19,wk inc covid hosp,2,2026-10-03,25,quantile,0.5,42.0
2026-09-19,wk inc covid hosp,2,2026-10-03,25,quantile,0.55,42.0
2026-09-19,wk inc covid hosp,2,2026-10-03,25,quantile,0.6,43.0
2026-09-19,wk inc covid hosp,2,2026-10-03,25,quantile,0.65,45.0
2026-09-19,wk inc covid hosp,2,2026-10-03,25,quantile,0.7,45.0
2026-09-19,wk inc covid hosp,2,2026-10-03,25,quantile,0.75,47.0
2026-09-19,wk inc covid hosp,2,2026-10-03,25,quantile,0.8,47.0
2026-09-19,wk inc covid hosp,2,2026-10-03,25,quantile,0.85,48.0
2026-09-19,wk inc covid hosp,2,2026-10-03,25,quantile,0.9,51.0
2026-09-19,wk inc covid hosp,2,2026-10-03,25,quantile,0.95,59.0
2026-09-19,wk inc covid hosp,2,2026-10-03,25,quantile,0.975,68.0
2026-09-19,wk inc covid hosp,2,2026-10-03,25,quantile,0.99,79.0
2026-09-19,wk inc covid hosp,2,2026-10-03,26,quantile,0.01,23.0
2026-09-19,wk inc covid hosp,2,2026-10-03,26,quantile,0.025,28.0
2026-09-19,wk inc covid hosp,2,2026-10-03,26,quantile,0.05,28.0
2026-09-19,wk inc covid hosp,2,2026-10-03,26,quantile,0.1,31.0
2026-09-19,wk inc covid hosp,2,2026-10-03,26,quantile,0.15,36.0
2026-09-19,wk inc covid hosp,2,2026-10-03,26,quantile,0.2,39.0
2026-09-19,wk inc covid hosp,2,2026-10-03,26,quantile,0.25,40.0
2026-09-19,wk inc covid hosp,2,2026-10-03,26,quantile,0.3,40.0
2026-09-19,wk inc covid hosp,2,2026-10-03,26,quantile,0.35,42.0
2026-09-19,wk inc covid hosp,2,2026-10-03,26,quantile,0.4,42.0
2026-09-19,wk inc covid hosp,2,2026-10-03,26,quantile,0.45,42.0
2026-09-19,wk inc covid hosp,2,2026-10-03,26,quantile,0.5,42.0
2026-09-19,wk inc covid hosp,2,2026-10-03,26,quantile,0.55,42.0
2026-09-19,wk inc covid hosp,2,2026-10-03,26,quantile,0.6,44.0
2026-09-19,wk inc covid hosp,2,2026-10-03,26,quantile,0.65,45.0
2026-09-19,wk inc covid hosp,2,2026-10-03,26,quantile,0.7,45.0
2026-09-19,wk inc covid hosp,2,2026-10-03,26,quantile,0.75,48.0
2026-09-19,wk inc covid hosp,2,2026-10-03,26,quantile,0.8,48.0
2026-09-19,wk inc covid hosp,2,2026-10-03,26,quantile,0.85,50.0
2026-09-19,wk inc covid hosp,2,2026-10-03,26,quantile,0.9,55.0
2026-09-19,wk inc covid hosp,2,2026-10-03,26,quantile,0.95,70.0
2026-09-19,wk inc covid hosp,2,2026-10-03,26,quantile,0.975,84.0
2026-09-19,wk inc covid hosp,2,2026-10-03,26,quantile,0.99,111.0
2026-09-19,wk inc covid hosp,2,2026-10-03,27,quantile,0.01,13.0
2026-09-19,wk inc covid hosp,2,2026-10-03,27,quantile,0.025,16.0
2026-09-19,wk inc covid hosp,2,2026-10-03,27,quantile,0.05,16.0
2026-09-19,wk inc covid hosp,2,2026-10-03,27,quantile,0.1,18.0
2026-09-19,wk inc covid hosp,2,2026-10-03,27,quantile,0.15,19.0
2026-09-19,wk inc covid hosp,2,2026-10-03,27,quantile,0.2,20.0
2026-09-19,wk inc covid hosp,2,2026-10-03,27,quantile,0.25,20.0
2026-09-19,wk inc covid hosp,2,2026-10-03,27,quantile,0.3,20.0
2026-09-19,wk inc covid hosp,2,2026-10-03,27,quantile,0.35,20.0
2026-09-19,wk inc covid hosp,2,2026-10-03,27,quantile,0.4,20.0
2026-09-19,wk inc covid hosp,2,2026-10-03,27,quantile,0.45,20.0
2026-09-19,wk inc covid hosp,2,2026-10-03,27,quantile,0.5,20.0
2026-09-19,wk inc covid hosp,2,2026-10-03,27,quantile,0.55,22.0
2026-09-19,wk inc covid hosp,2,2026-10-03,27,quantile,0.6,22.0
2026-09-19,wk inc covid hosp,2,2026-10-03,27,quantile,0.65,25.0
2026-09-19,wk inc covid hosp,2,2026-10-03,27,quantile,0.7,25.0
2026-09-19,wk inc covid hosp,2,2026-10-03,27,quantile,0.75,26.0
2026-09-19,wk inc covid hosp,2,2026-10-03,27,quantile,0.8,26.0
2026-09-19,wk inc covid hosp,2,2026-10-03,27,quantile,0.85,28.0
2026-09-19,wk inc covid hosp,2,2026-10-03,27,quantile,0.9,31.0
2026-09-19,wk inc covid hosp,2,2026-10-03,27,quantile,0.95,36.0
2026-09-19,wk inc covid hosp,2,2026-10-03,27,quantile,0.975,44.0
2026-09-19,wk inc covid hosp,2,2026-10-03,27,quantile,0.99,60.0
2026-09-19,wk inc covid hosp,2,2026-10-03,28,quantile,0.01,15.0
2026-09-19,wk inc covid hosp,2,2026-10-03,28,quantile,0.025,15.0
2026-09-19,wk inc covid hosp,2,2026-10-03,28,quantile,0.05,18.0
2026-09-19,wk inc covid hosp,2,2026-10-03,28,quantile,0.1,20.0
2026-09-19,wk inc covid hosp,2,2026-10-03,28,quantile,0.15,22.0
2026-09-19,wk inc covid hosp,2,2026-10-03,28,quantile,0.2,24.0
2026-09-19,wk inc covid hosp,2,2026-10-03,28,quantile,0.25,26.0
2026-09-19,wk inc covid hosp,2,2026-10-03,28,quantile,0.3,26.0
2026-09-19,wk inc covid hosp,2,2026-10-03,28,quantile,0.35,27.0
2026-09-19,wk inc covid hosp,2,2026-10-03,28,quantile,0.4,29.0
2026-09-19,wk inc covid hosp,2,2026-10-03,28,quantile,0.45,29.0
2026-09-19,wk inc covid hosp,2,2026-10-03,28,quantile,0.5,31.0
2026-09-19,wk inc covid hosp,2,2026-10-03,28,quantile,0.55,32.0
2026-09-19,wk inc covid hosp,2,2026-10-03,28,quantile,0.6,35.0
2026-09-19,wk inc covid hosp,2,2026-10-03,28,quantile,0.65,36.0
2026-09-19,wk inc covid hosp,2,2026-10-03,28,quantile,0.7,39.0
2026-09-19,wk inc covid hosp,2,2026-10-03,28,quantile,0.75,41.0
2026-09-19,wk inc covid hosp,2,2026-10-03,28,quantile,0.8,42.0
2026-09-19,wk inc covid hosp,2,2026-10-03,28,quantile,0.85,42.0
2026-09-19,wk inc covid hosp,2,2026-10-03,28,quantile,0.9,45.0
2026-09-19,wk inc covid hosp,2,2026-10-03,28,quantile,0.95,46.0
2026-09-19,wk inc covid hosp,2,2026-10-03,28,quantile,0.975,48.0
2026-09-19,wk inc covid hosp,2,2026-10-03,28,quantile,0.99,53.0
2026-09-19,wk inc covid hosp,2,2026-10-03,29,quantile,0.01,33.0
2026-09-19,wk inc covid hosp,2,2026-10-03,29,quantile,0.025,34.0
2026-09-19,wk inc covid hosp,2,2026-10-03,29,quantile,0.05,34.0
2026-09-19,wk inc covid hosp,2,2026-10-03,29,quantile,0.1,35.0
2026-09-19,wk inc covid hosp,2,2026-10-03,29,quantile,0.15,40.0
2026-09-19,wk inc covid hosp,2,2026-10-03,29,quantile,0.2,42.0
2026-09-19,wk inc covid hosp,2,2026-10-03,29,quantile,0.25,43.0
2026-09-19,wk inc covid hosp,2,2026-10-03,29,quantile,0.3,43.0
2026-09-19,wk inc covid hosp,2,2026-10-03,29,quantile,0.35,46.0
2026-09-19,wk inc covid hosp,2,2026-10-03,29,quantile,0.4,51.0
2026-09-19,wk inc covid hosp,2,2026-10-03,29,quantile,0.45,56.0
2026-09-19,wk inc covid hosp,2,2026-10-03,29,quantile,0.5,59.0
2026-09-19,wk inc covid hosp,2,2026-10-03,29,quantile,0.55,59.0
2026-09-19,wk inc covid hosp,2,2026-10-03,29,quantile,0.6,61.0
2026-09-19,wk inc covid hosp,2,2026-10-03,29,quantile,0.65,61.0
2026-09-19,wk inc covid hosp,2,2026-10-03,29,quantile,0.7,61.0
2026-09-19,wk inc covid hosp,2,2026-10-03,29,quantile,0.75,62.0
2026-09-19,wk inc covid hosp,2,2026-10-03,29,quantile,0.8,64.0
2026-09-19,wk inc covid hosp,2,2026-10-03,29,quantile,0.85,69.0
2026-09-19,wk inc covid hosp,2,2026-10-03,29,quantile,0.9,70.0
2026-09-19,wk inc covid hosp,2,2026-10-03,29,quantile,0.95,73.0
2026-09-19,wk inc covid hosp,2,2026-10-03,29,quantile,0.975,81.0
2026-09-19,wk inc covid hosp,2,2026-10-03,29,quantile,0.99,102.0
2026-09-19,wk inc covid hosp,2,2026-10-03,30,quantile,0.01,4.0
2026-09-19,wk inc covid hosp,2,2026-10-03,30,quantile,0.025,4.0
2026-09-19,wk inc covid hosp,2,2026-10-03,30,quantile,0.05,4.0
2026-09-19,wk inc covid hosp,2,2026-10-03,30,quantile,0.1,5.0
2026-09-19,wk inc covid hosp,2,2026-10-03,30,quantile,0.15,5.0
2026-09-19,wk inc covid hosp,2,2026-10-03,30,quantile,0.2,6.0
2026-09-19,wk inc covid hosp,2,2026-10-03,30,quantile,0.25,6.0
2026-09-19,wk inc covid hosp,2,2026-10-03,30,quantile,0.3,6.0
2026-09-19,wk inc covid hosp,2,2026-10-03,30,quantile,0.35,7.0
2026-09-19,wk inc covid hosp,2,2026-10-03,30,quantile,0.4,8.0
2026-09-19,wk inc covid hosp,2,2026-10-03,30,quantile,0.45,9.0
2026-09-19,wk inc covid hosp,2,2026-10-03,30,quantile,0.5,10.0
2026-09-19,wk inc covid hosp,2,2026-10-03,30,quantile,0.55,10.0
2026-09-19,wk inc covid hosp,2,2026-10-03,30,quantile,0.6,10.0
2026-09-19,wk inc covid hosp,2,2026-10-03,30,quantile,0.65,10.0
2026-09-19,wk inc covid hosp,2,2026-10-03,30,quantile,0.7,11.0
2026-09-19,wk inc covid hosp,2,2026-10-03,30,quantile,0.75,11.0
2026-09-19,wk inc covid hosp,2,2026-10-03,30,quantile,0.8,11.0
2026-09-19,wk inc covid hosp,2,2026-10-03,30,quantile,0.85,12.0
2026-09-19,wk inc covid hosp,2,2026-10-03,30,quantile,0.9,12.0
2026-09-19,wk inc covid hosp,2,2026-10-03,30,quantile,0.95,14.0
2026-09-19,wk inc covid hosp,2,2026-10-03,30,quantile,0.975,15.0
2026-09-19,wk inc covid hosp,2,2026-10-03,30,quantile,0.99,19.0
2026-09-19,wk inc covid hosp,2,2026-10-03,31,quantile,0.01,2.0
2026-09-19,wk inc covid hosp,2,2026-10-03,31,quantile,0.025,4.0
2026-09-19,wk inc covid hosp,2,2026-10-03,31,quantile,0.05,4.0
2026-09-19,wk inc covid hosp,2,2026-10-03,31,quantile,0.1,5.0
2026-09-19,wk inc covid hosp,2,2026-10-03,31,quantile,0.15,5.0
2026-09-19,wk inc covid hosp,2,2026-10-03,31,quantile,0.2,6.0
2026-09-19,wk inc covid hosp,2,2026-10-03,31,quantile,0.25,7.0
2026-09-19,wk inc covid hosp,2,2026-10-03,31,quantile,0.3,7.0
2026-09-19,wk inc covid hosp,2,2026-10-03,31,quantile,0.35,7.0
2026-09-19,wk inc covid hosp,2,2026-10-03,31,quantile,0.4,7.0
2026-09-19,wk inc covid hosp,2,2026-10-03,31,quantile,0.45,8.0
2026-09-19,wk inc covid hosp,2,2026-10-03,31,quantile,0.5,8.0
2026-09-19,wk inc covid hosp,2,2026-10-03,31,quantile,0.55,8.0
2026-09-19,wk inc covid hosp,2,2026-10-03,31,quantile,0.6,8.0
2026-09-19,wk inc covid hosp,2,2026-10-03,31,quantile,0.65,8.0
2026-09-19,wk inc covid hosp,2,2026-10-03,31,quantile,0.7,8.0
2026-09-19,wk inc covid hosp,2,2026-10-03,31,quantile,0.75,9.0
2026-09-19,wk inc covid hosp,2,2026-10-03,31,quantile,0.8,9.0
2026-09-19,wk inc covid hosp,2,2026-10-03,31,quantile,0.85,9.0
2026-09-19,wk inc covid hosp,2,2026-10-03,31,quantile,0.9,11.0
2026-09-19,wk inc covid hosp,2,2026-10-03,31,quantile,0.95,13.0
2026-09-19,wk inc covid hosp,2,2026-10-03,31,quantile,0.975,14.0
2026-09-19,wk inc covid hosp,2,2026-10-03,31,quantile,0.99,22.0
2026-09-19,wk inc covid hosp,2,2026-10-03,32,quantile,0.01,14.0
2026-09-19,wk inc covid hosp,2,2026-10-03,32,quantile,0.025,16.0
2026-09-19,wk inc covid hosp,2,2026-10-03,32,quantile,0.05,19.0
2026-09-19,wk inc covid hosp,2,2026-10-03,32,quantile,0.1,22.0
2026-09-19,wk inc covid hosp,2,2026-10-03,32,quantile,0.15,23.0
2026-09-19,wk inc covid hosp,2,2026-10-03,32,quantile,0.2,25.0
2026-09-19,wk inc covid hosp,2,2026-10-03,32,quantile,0.25,28.0
2026-09-19,wk inc covid hosp,2,2026-10-03,32,quantile,0.3,28.0
2026-09-19,wk inc covid hosp,2,2026-10-03,32,quantile,0.35,29.0
2026-09-19,wk inc covid hosp,2,2026-10-03,32,quantile,0.4,30.0
2026-09-19,wk inc covid hosp,2,2026-10-03,32,quantile,0.45,32.0
2026-09-19,wk inc covid hosp,2,2026-10-03,32,quantile,0.5,33.0
2026-09-19,wk inc covid hosp,2,2026-10-03,32,quantile,0.55,35.0
2026-09-19,wk inc covid hosp,2,2026-10-03,32,quantile,0.6,37.0
2026-09-19,wk inc covid hosp,2,2026-10-03,32,quantile,0.65,41.0
2026-09-19,wk inc covid hosp,2,2026-10-03,32,quantile,0.7,41.0
2026-09-19,wk inc covid hosp,2,2026-10-03,32,quantile,0.75,41.0
2026-09-19,wk inc covid hosp,2,2026-10-03,32,quantile,0.8,44.0
2026-09-19,wk inc covid hosp,2,2026-10-03,32,quantile,0.85,45.0
2026-09-19,wk inc covid hosp,2,2026-10-03,32,quantile,0.9,47.0
2026-09-19,wk inc covid hosp,2,2026-10-03,32,quantile,0.95,47.0
2026-09-19,wk inc covid hosp,2,2026-10-03,32,quantile,0.975,51.0
2026-09-19,wk inc covid hosp,2,2026-10-03,32,quantile,0.99,62.0
2026-09-19,wk inc covid hosp,2,2026-10-03,33,quantile,0.01,2.0
2026-09-19,wk inc covid hosp,2,2026-10-03,33,quantile,0.025,3.0
2026-09-19,wk inc covid hosp,2,2026-10-03,33,quantile,0.05,3.0
2026-09-19,wk inc covid hosp,2,2026-10-03,33,quantile,0.1,4.0
2026-09-19,wk inc covid hosp,2,2026-10-03,33,quantile,0.15,4.0
2026-09-19,wk inc covid hosp,2,2026-10-03,33,quantile,0.2,5.0
2026-09-19,wk inc covid hosp,2,2026-10-03,33,quantile,0.25,5.0
2026-09-19,wk inc covid hosp,2,2026-10-03,33,quantile,0.3,5.0
2026-09-19,wk inc covid hosp,2,2026-10-03,33,quantile,0.35,6.0
2026-09-19,wk inc covid hosp,2,2026-10-03,33,quantile,0.4,6.0
2026-09-19,wk inc covid hosp,2,2026-10-03,33,quantile,0.45,6.0
2026-09-19,wk inc covid hosp,2,2026-10-03,33,quantile,0.5,6.0
2026-09-19,wk inc covid hosp,2,2026-10-03,33,quantile,0.55,6.0
2026-09-19,wk inc covid hosp,2,2026-10-03,33,quantile,0.6,6.0
2026-09-19,wk inc covid hosp,2,2026-10-03,33,quantile,0.65,7.0
2026-09-19,wk inc covid hosp,2,2026-10-03,33,quantile,0.7,7.0
2026-09-19,wk inc covid hosp,2,2026-10-03,33,quantile,0.75,7.0
2026-09-19,wk inc covid hosp,2,2026-10-03,33,quantile,0.8,7.0
2026-09-19,wk inc covid hosp,2,2026-10-03,33,quantile,0.85,8.0
2026-09-19,wk inc covid hosp,2,2026-10-03,33,quantile,0.9,9.0
2026-09-19,wk inc covid hosp,2,2026-10-03,33,quantile,0.95,10.0
2026-09-19,wk inc covid hosp,2,2026-10-03,33,quantile,0.975,11.0
2026-09-19,wk inc covid hosp,2,2026-10-03,33,quantile,0.99,14.0
2026-09-19,wk inc covid hosp,2,2026-10-03,34,quantile,0.01,58.0
2026-09-19,wk inc covid hosp,2,2026-10-03,34,quantile,0.025,66.0
2026-09-19,wk inc covid hosp,2,2026-10-03,34,quantile,0.05,67.0
2026-09-19,wk inc covid hosp,2,2026-10-03,34,quantile,0.1,69.0
2026-09-19,wk inc covid hosp,2,2026-10-03,34,quantile,0.15,73.0
2026-09-19,wk inc covid hosp,2,2026-10-03,34,quantile,0.2,75.0
2026-09-19,wk inc covid hosp,2,2026-10-03,34,quantile,0.25,77.0
2026-09-19,wk inc covid hosp,2,2026-10-03,34,quantile,0.3,79.0
2026-09-19,wk inc covid hosp,2,2026-10-03,34,quantile,0.35,84.0
2026-09-19,wk inc covid hosp,2,2026-10-03,34,quantile,0.4,86.0
2026-09-19,wk inc covid hosp,2,2026-10-03,34,quantile,0.45,92.0
2026-09-19,wk inc covid hosp,2,2026-10-03,34,quantile,0.5,96.0
2026-09-19,wk inc covid hosp,2,2026-10-03,34,quantile,0.55,97.0
2026-09-19,wk inc covid hosp,2,2026-10-03,34,quantile,0.6,101.0
2026-09-19,wk inc covid hosp,2,2026-10-03,34,quantile,0.65,105.0
2026-09-19,wk inc covid hosp,2,2026-10-03,34,quantile,0.7,107.0
2026-09-19,wk inc covid hosp,2,2026-10-03,34,quantile,0.75,110.0
2026-09-19,wk inc covid hosp,2,2026-10-03,34,quantile,0.8,114.0
2026-09-19,wk inc covid hosp,2,2026-10-03,34,quantile,0.85,115.0
2026-09-19,wk inc covid hosp,2,2026-10-03,34,quantile,0.9,120.0
2026-09-19,wk inc covid hosp,2,2026-10-03,34,quantile,0.95,123.0
2026-09-19,wk inc covid hosp,2,2026-10-03,34,quantile,0.975,129.0
2026-09-19,wk inc covid hosp,2,2026-10-03,34,quantile,0.99,146.0
2026-09-19,wk inc covid hosp,2,2026-10-03,35,quantile,0.01,8.0
2026-09-19,wk inc covid hosp,2,2026-10-03,35,quantile,0.025,11.0
2026-09-19,wk inc covid hosp,2,2026-10-03,35,quantile,0.05,11.0
2026-09-19,wk inc covid hosp,2,2026-10-03,35,quantile,0.1,13.0
2026-09-19,wk inc covid hosp,2,2026-10-03,35,quantile,0.15,14.0
2026-09-19,wk inc covid hosp,2,2026-10-03,35,quantile,0.2,15.0
2026-09-19,wk inc covid hosp,2,2026-10-03,35,quantile,0.25,17.0
2026-09-19,wk inc covid hosp,2,2026-10-03,35,quantile,0.3,17.0
2026-09-19,wk inc covid hosp,2,2026-10-03,35,quantile,0.35,17.0
2026-09-19,wk inc covid hosp,2,2026-10-03,35,quantile,0.4,17.0
2026-09-19,wk inc covid hosp,2,2026-10-03,35,quantile,0.45,19.0
2026-09-19,wk inc covid hosp,2,2026-10-03,35,quantile,0.5,21.0
2026-09-19,wk inc covid hosp,2,2026-10-03,35,quantile,0.55,22.0
2026-09-19,wk inc covid hosp,2,2026-10-03,35,quantile,0.6,22.0
2026-09-19,wk inc covid hosp,2,2026-10-03,35,quantile,0.65,24.0
2026-09-19,wk inc covid hosp,2,2026-10-03,35,quantile,0.7,24.0
2026-09-19,wk inc covid hosp,2,2026-10-03,35,quantile,0.75,24.0
2026-09-19,wk inc covid hosp,2,2026-10-03,35,quantile,0.8,25.0
2026-09-19,wk inc covid hosp,2,2026-10-03,35,quantile,0.85,25.0
2026-09-19,wk inc covid hosp,2,2026-10-03,35,quantile,0.9,27.0
2026-09-19,wk inc covid hosp,2,2026-10-03,35,quantile,0.95,30.0
2026-09-19,wk inc covid hosp,2,2026-10-03,35,quantile,0.975,32.0
2026-09-19,wk inc covid hosp,2,2026-10-03,35,quantile,0.99,41.0
2026-09-19,wk inc covid hosp,2,2026-10-03,36,quantile,0.01,119.0
2026-09-19,wk inc covid hosp,2,2026-10-03,36,quantile,0.025,128.0
2026-09-19,wk inc covid hosp,2,2026-10-03,36,quantile,0.05,130.0
2026-09-19,wk inc covid hosp,2,2026-10-03,36,quantile,0.1,140.0
2026-09-19,wk inc covid hosp,2,2026-10-03,36,quantile,0.15,142.0
2026-09-19,wk inc covid hosp,2,2026-10-03,36,quantile,0.2,160.0
2026-09-19,wk inc covid hosp,2,2026-10-03,36,quantile,0.25,160.0
2026-09-19,wk inc covid hosp,2,2026-10-03,36,quantile,0.3,166.0
2026-09-19,wk inc covid hosp,2,2026-10-03,36,quantile,0.35,172.0
2026-09-19,wk inc covid hosp,2,2026-10-03,36,quantile,0.4,185.0
2026-09-19,wk inc covid hosp,2,2026-10-03,36,quantile,0.45,196.0
2026-09-19,wk inc covid hosp,2,2026-10-03,36,quantile,0.5,202.0
2026-09-19,wk inc covid hosp,2,2026-10-03,36,quantile,0.55,212.0
2026-09-19,wk inc covid hosp,2,2026-10-03,36,quantile,0.6,220.0
2026-09-19,wk inc covid hosp,2,2026-10-03,36,quantile,0.65,228.0
2026-09-19,wk inc covid hosp,2,2026-10-03,36,quantile,0.7,228.0
2026-09-19,wk inc covid hosp,2,2026-10-03,36,quantile,0.75,229.0
2026-09-19,wk inc covid hosp,2,2026-10-03,36,quantile,0.8,238.0
2026-09-19,wk inc covid hosp,2,2026-10-03,36,quantile,0.85,241.0
2026-09-19,wk inc covid hosp,2,2026-10-03,36,quantile,0.9,250.0
2026-09-19,wk inc covid hosp,2,2026-10-03,36,quantile,0.95,256.0
2026-09-19,wk inc covid hosp,2,2026-10-03,36,quantile,0.975,273.0
2026-09-19,wk inc covid hosp,2,2026-10-03,36,quantile,0.99,320.0
2026-09-19,wk inc covid hosp,2,2026-10-03,37,quantile,0.01,72.0
2026-09-19,wk inc covid hosp,2,2026-10-03,37,quantile,0.025,89.0
2026-09-19,wk inc covid hosp,2,2026-10-03,37,quantile,0.05,96.0
2026-09-19,wk inc covid hosp,2,2026-10-03,37,quantile,0.1,100.0
2026-09-19,wk inc covid hosp,2,2026-10-03,37,quantile,0.15,102.0
2026-09-19,wk inc covid hosp,2,2026-10-03,37,quantile,0.2,109.0
2026-09-19,wk inc covid hosp,2,2026-10-03,37,quantile,0.25,112.0
2026-09-19,wk inc covid hosp,2,2026-10-03,37,quantile,0.3,113.0
2026-09-19,wk inc covid hosp,2,2026-10-03,37,quantile,0.35,122.0
2026-09-19,wk inc covid hosp,2,2026-10-03,37,quantile,0.4,122.0
2026-09-19,wk inc covid hosp,2,2026-10-03,37,quantile,0.45,132.0
2026-09-19,wk inc covid hosp,2,2026-10-03,37,quantile,0.5,133.0
2026-09-19,wk inc covid hosp,2,2026-10-03,37,quantile,0.55,143.0
2026-09-19,wk inc covid hosp,2,2026-10-03,37,quantile,0.6,148.0
2026-09-19,wk inc covid hosp,2,2026-10-03,37,quantile,0.65,163.0
2026-09-19,wk inc covid hosp,2,2026-10-03,37,quantile,0.7,170.0
2026-09-19,wk inc covid hosp,2,2026-10-03,37,quantile,0.75,174.0
2026-09-19,wk inc covid hosp,2,2026-10-03,37,quantile,0.8,180.0
2026-09-19,wk inc covid hosp,2,2026-10-03,37,quantile,0.85,182.0
2026-09-19,wk inc covid hosp,2,2026-10-03,37,quantile,0.9,196.0
2026-09-19,wk inc covid hosp,2,2026-10-03,37,quantile,0.95,204.0
2026-09-19,wk inc covid hosp,2,2026-10-03,37,quantile,0.975,213.0
2026-09-19,wk inc covid hosp,2,2026-10-03,37,quantile,0.99,229.0
2026-09-19,wk inc covid hosp,2,2026-10-03,38,quantile,0.01,0.0
2026-09-19,wk inc covid hosp,2,2026-10-03,38,quantile,0.025,1.0
2026-09-19,wk inc covid hosp,2,2026-10-03,38,quantile,0.05,1.0
2026-09-19,wk inc covid hosp,2,2026-10-03,38,quantile,0.1,1.0
2026-09-19,wk inc covid hosp,2,2026-10-03,38,quantile,0.15,1.0
2026-09-19,wk inc covid hosp,2,2026-10-03,38,quantile,0.2,1.0
2026-09-19,wk inc covid hosp,2,2026-10-03,38,quantile,0.25,1.0
2026-09-19,wk inc covid hosp,2,2026-10-03,38,quantile,0.3,2.0
2026-09-19,wk inc covid hosp,2,2026-10-03,38,quantile,0.35,2.0
2026-09-19,wk inc covid hosp,2,2026-10-03,38,quantile,0.4,2.0
2026-09-19,wk inc covid hosp,2,2026-10-03,38,quantile,0.45,2.0
2026-09-19,wk inc covid hosp,2,2026-10-03,38,quantile,0.5,2.0
2026-09-19,wk inc covid hosp,2,2026-10-03,38,quantile,0.55,2.0
2026-09-19,wk inc covid hosp,2,2026-10-03,38,quantile,0.6,3.0
2026-09-19,wk inc covid hosp,2,2026-10-03,38,quantile,0.65,3.0
2026-09-19,wk inc covid hosp,2,2026-10-03,38,quantile,0.7,3.0
2026-09-19,wk inc covid hosp,2,2026-10-03,38,quantile,0.75,3.0
2026-09-19,wk inc covid hosp,2,2026-10-03,38,quantile,0.8,4.0
2026-09-19,wk inc covid hosp,2,2026-10-03,38,quantile,0.85,4.0
2026-09-19,wk inc covid hosp,2,2026-10-03,38,quantile,0.9,4.0
2026-09-19,wk inc covid hosp,2,2026-10-03,38,quantile,0.95,5.0
2026-09-19,wk inc covid hosp,2,2026-10-03,38,quantile,0.975,6.0
2026-09-19,wk inc covid hosp,2,2026-10-03,38,quantile,0.99,8.0
2026-09-19,wk inc covid hosp,2,2026-10-03,39,quantile,0.01,57.0
2026-09-19,wk inc covid hosp,2,2026-10-03,39,quantile,0.025,58.0
2026-09-19,wk inc covid hosp,2,2026-10-03,39,quantile,0.05,58.0
2026-09-19,wk inc covid hosp,2,2026-10-03,39,quantile,0.1,59.0
2026-09-19,wk inc covid hosp,2,2026-10-03,39,quantile,0.15,60.0
2026-09-19,wk inc covid hosp,2,2026-10-03,39,quantile,0.2,62.0
2026-09-19,wk inc covid hosp,2,2026-10-03,39,quantile,0.25,73.0
2026-09-19,wk inc covid hosp,2,2026-10-03,39,quantile,0.3,76.0
2026-09-19,wk inc covid hosp,2,2026-10-03,39,quantile,0.35,80.0
2026-09-19,wk inc covid hosp,2,2026-10-03,39,quantile,0.4,80.0
2026-09-19,wk inc covid hosp,2,2026-10-03,39,quantile,0.45,81.0
2026-09-19,wk inc covid hosp,2,2026-10-03,39,quantile,0.5,88.0
2026-09-19,wk inc covid hosp,2,2026-10-03,39,quantile,0.55,93.0
2026-09-19,wk inc covid hosp,2,2026-10-03,39,quantile,0.6,95.0
2026-09-19,wk inc covid hosp,2,2026-10-03,39,quantile,0.65,98.0
2026-09-19,wk inc covid hosp,2,2026-10-03,39,quantile,0.7,102.0
2026-09-19,wk inc covid hosp,2,2026-10-03,39,quantile,0.75,105.0
2026-09-19,wk inc covid hosp,2,2026-10-03,39,quantile,0.8,109.0
2026-09-19,wk inc covid hosp,2,2026-10-03,39,quantile,0.85,112.0
2026-09-19,wk inc covid hosp,2,2026-10-03,39,quantile,0.9,118.0
2026-09-19,wk inc covid hosp,2,2026-10-03,39,quantile,0.95,122.0
2026-09-19,wk inc covid hosp,2,2026-10-03,39,quantile,0.975,133.0
2026-09-19,wk inc covid hosp,2,2026-10-03,39,quantile,0.99,166.0
2026-09-19,wk inc covid hosp,2,2026-10-03,40,quantile,0.01,17.0
2026-09-19,wk inc covid hosp,2,2026-10-03,40,quantile,0.025,17.0
2026-09-19,wk inc covid hosp,2,2026-10-03,40,quantile,0.05,17.0
2026-09-19,wk inc covid hosp,2,2026-10-03,40,quantile,0.1,20.0
2026-09-19,wk inc covid hosp,2,2026-10-03,40,quantile,0.15,21.0
2026-09-19,wk inc covid hosp,2,2026-10-03,40,quantile,0.2,23.0
2026-09-19,wk inc covid hosp,2,2026-10-03,40,quantile,0.25,24.0
2026-09-19,wk inc covid hosp,2,2026-10-03,40,quantile,0.3,24.0
2026-09-19,wk inc covid hosp,2,2026-10-03,40,quantile,0.35,25.0
2026-09-19,wk inc covid hosp,2,2026-10-03,40,quantile,0.4,27.0
2026-09-19,wk inc covid hosp,2,2026-10-03,40,quantile,0.45,28.0
2026-09-19,wk inc covid hosp,2,2026-10-03,40,quantile,0.5,32.0
2026-09-19,wk inc covid hosp,2,2026-10-03,40,quantile,0.55,34.0
2026-09-19,wk inc covid hosp,2,2026-10-03,40,quantile,0.6,36.0
2026-09-19,wk inc covid hosp,2,2026-10-03,40,quantile,0.65,36.0
2026-09-19,wk inc covid hosp,2,2026-10-03,40,quantile,0.7,36.0
2026-09-19,wk inc covid hosp,2,2026-10-03,40,quantile,0.75,37.0
2026-09-19,wk inc covid hosp,2,2026-10-03,40,quantile,0.8,37.0
2026-09-19,wk inc covid hosp,2,2026-10-03,40,quantile,0.85,38.0
2026-09-19,wk inc covid hosp,2,2026-10-03,40,quantile,0.9,40.0
2026-09-19,wk inc covid hosp,2,2026-10-03,40,quantile,0.95,40.0
2026-09-19,wk inc covid hosp,2,2026-10-03,40,quantile,0.975,44.0
2026-09-19,wk inc covid hosp,2,2026-10-03,40,quantile,0.99,56.0
2026-09-19,wk inc covid hosp,2,2026-10-03,41,quantile,0.01,14.0
2026-09-19,wk inc covid hosp,2,2026-10-03,41,quantile,0.025,18.0
2026-09-19,wk inc covid hosp,2,2026-10-03,41,quantile,0.05,18.0
2026-09-19,wk inc covid hosp,2,2026-10-03,41,quantile,0.1,18.0
2026-09-19,wk inc covid hosp,2,2026-10-03,41,quantile,0.15,18.0
2026-09-19,wk inc covid hosp,2,2026-10-03,41,quantile,0.2,20.0
2026-09-19,wk inc covid hosp,2,2026-10-03,41,quantile,0.25,22.0
2026-09-19,wk inc covid hosp,2,2026-10-03,41,quantile,0.3,23.0
2026-09-19,wk inc covid hosp,2,2026-10-03,41,quantile,0.35,25.0
2026-09-19,wk inc covid hosp,2,2026-10-03,41,quantile,0.4,26.0
2026-09-19,wk inc covid hosp,2,2026-10-03,41,quantile,0.45,29.0
2026-09-19,wk inc covid hosp,2,2026-10-03,41,quantile,0.5,30.0
2026-09-19,wk inc covid hosp,2,2026-10-03,41,quantile,0.55,31.0
2026-09-19,wk inc covid hosp,2,2026-10-03,41,quantile,0.6,31.0
2026-09-19,wk inc covid hosp,2,2026-10-03,41,quantile,0.65,35.0
2026-09-19,wk inc covid hosp,2,2026-10-03,41,quantile,0.7,35.0
2026-09-19,wk inc covid hosp,2,2026-10-03,41,quantile,0.75,37.0
2026-09-19,wk inc covid hosp,2,2026-10-03,41,quantile,0.8,39.0
2026-09-19,wk inc covid hosp,2,2026-10-03,41,quantile,0.85,41.0
2026-09-19,wk inc covid hosp,2,2026-10-03,41,quantile,0.9,42.0
2026-09-19,wk inc covid hosp,2,2026-10-03,41,quantile,0.95,45.0
2026-09-19,wk inc covid hosp,2,2026-10-03,41,quantile,0.975,49.0
2026-09-19,wk inc covid hosp,2,2026-10-03,41,quantile,0.99,59.0
2026-09-19,wk inc covid hosp,2,2026-10-03,42,quantile,0.01,85.0
2026-09-19,wk inc covid hosp,2,2026-10-03,42,quantile,0.025,102.0
2026-09-19,wk inc covid hosp,2,2026-10-03,42,quantile,0.05,104.0
2026-09-19,wk inc covid hosp,2,2026-10-03,42,quantile,0.1,106.0
2026-09-19,wk inc covid hosp,2,2026-10-03,42,quantile,0.15,106.0
2026-09-19,wk inc covid hosp,2,2026-10-03,42,quantile,0.2,110.0
2026-09-19,wk inc covid hosp,2,2026-10-03,42,quantile,0.25,117.0
2026-09-19,wk inc covid hosp,2,2026-10-03,42,quantile,0.3,124.0
2026-09-19,wk inc covid hosp,2,2026-10-03,42,quantile,0.35,125.0
2026-09-19,wk inc covid hosp,2,2026-10-03,42,quantile,0.4,125.0
2026-09-19,wk inc covid hosp,2,2026-10-03,42,quantile,0.45,131.0
2026-09-19,wk inc covid hosp,2,2026-10-03,42,quantile,0.5,137.0
2026-09-19,wk inc covid hosp,2,2026-10-03,42,quantile,0.55,139.0
2026-09-19,wk inc covid hosp,2,2026-10-03,42,quantile,0.6,145.0
2026-09-19,wk inc covid hosp,2,2026-10-03,42,quantile,0.65,151.0
2026-09-19,wk inc covid hosp,2,2026-10-03,42,quantile,0.7,161.0
2026-09-19,wk inc covid hosp,2,2026-10-03,42,quantile,0.75,161.0
2026-09-19,wk inc covid hosp,2,2026-10-03,42,quantile,0.8,167.0
2026-09-19,wk inc covid hosp,2,2026-10-03,42,quantile,0.85,169.0
2026-09-19,wk inc covid hosp,2,2026-10-03,42,quantile,0.9,173.0
2026-09-19,wk inc covid hosp,2,2026-10-03,42,quantile,0.95,184.0
2026-09-19,wk inc covid hosp,2,2026-10-03,42,quantile,0.975,199.0
2026-09-19,wk inc covid hosp,2,2026-10-03,42,quantile,0.99,220.0
2026-09-19,wk inc covid hosp,2,2026-10-03,44,quantile,0.01,3.0
2026-09-19,wk inc covid hosp,2,2026-10-03,44,quantile,0.025,4.0
2026-09-19,wk inc covid hosp,2,2026-10-03,44,quantile,0.05,4.0
2026-09-19,wk inc covid hosp,2,2026-10-03,44,quantile,0.1,5.0
2026-09-19,wk inc covid hosp,2,2026-10-03,44,quantile,0.15,5.0
2026-09-19,wk inc covid hosp,2,2026-10-03,44,quantile,0.2,6.0
2026-09-19,wk inc covid hosp,2,2026-10-03,44,quantile,0.25,6.0
2026-09-19,wk inc covid hosp,2,2026-10-03,44,quantile,0.3,6.0
2026-09-19,wk inc covid hosp,2,2026-10-03,44,quantile,0.35,7.0
2026-09-19,wk inc covid hosp,2,2026-10-03,44,quantile,0.4,8.0
2026-09-19,wk inc covid hosp,2,2026-10-03,44,quantile,0.45,9.0
2026-09-19,wk inc covid hosp,2,2026-10-03,44,quantile,0.5,9.0
2026-09-19,wk inc covid hosp,2,2026-10-03,44,quantile,0.55,9.0
2026-09-19,wk inc covid hosp,2,2026-10-03,44,quantile,0.6,10.0
2026-09-19,wk inc covid hosp,2,2026-10-03,44,quantile,0.65,10.0
2026-09-19,wk inc covid hosp,2,2026-10-03,44,quantile,0.7,11.0
2026-09-19,wk inc covid hosp,2,2026-10-03,44,quantile,0.75,11.0
2026-09-19,wk inc covid hosp,2,2026-10-03,44,quantile,0.8,12.0
2026-09-19,wk inc covid hosp,2,2026-10-03,44,quantile,0.85,12.0
2026-09-19,wk inc covid hosp,2,2026-10-03,44,quantile,0.9,13.0
2026-09-19,wk inc covid hosp,2,2026-10-03,44,quantile,0.95,15.0
2026-09-19,wk inc covid hosp,2,2026-10-03,44,quantile,0.975,16.0
2026-09-19,wk inc covid hosp,2,2026-10-03,44,quantile,0.99,20.0
2026-09-19,wk inc covid hosp,2,2026-10-03,45,quantile,0.01,31.0
2026-09-19,wk inc covid hosp,2,2026-10-03,45,quantile,0.025,37.0
2026-09-19,wk inc covid hosp,2,2026-10-03,45,quantile,0.05,42.0
2026-09-19,wk inc covid hosp,2,2026-10-03,45,quantile,0.1,48.0
2026-09-19,wk inc covid hosp,2,2026-10-03,45,quantile,0.15,48.0
2026-09-19,wk inc covid hosp,2,2026-10-03,45,quantile,0.2,48.0
2026-09-19,wk inc covid hosp,2,2026-10-03,45,quantile,0.25,49.0
2026-09-19,wk inc covid hosp,2,2026-10-03,45,quantile,0.3,49.0
2026-09-19,wk inc covid hosp,2,2026-10-03,45,quantile,0.35,52.0
2026-09-19,wk inc covid hosp,2,2026-10-03,45,quantile,0.4,53.0
2026-09-19,wk inc covid hosp,2,2026-10-03,45,quantile,0.45,60.0
2026-09-19,wk inc covid hosp,2,2026-10-03,45,quantile,0.5,62.0
2026-09-19,wk inc covid hosp,2,2026-10-03,45,quantile,0.55,65.0
2026-09-19,wk inc covid hosp,2,2026-10-03,45,quantile,0.6,65.0
2026-09-19,wk inc covid hosp,2,2026-10-03,45,quantile,0.65,71.0
2026-09-19,wk inc covid hosp,2,2026-10-03,45,quantile,0.7,76.0
2026-09-19,wk inc covid hosp,2,2026-10-03,45,quantile,0.75,79.0
2026-09-19,wk inc covid hosp,2,2026-10-03,45,quantile,0.8,79.0
2026-09-19,wk inc covid hosp,2,2026-10-03,45,quantile,0.85,81.0
2026-09-19,wk inc covid hosp,2,2026-10-03,45,quantile,0.9,82.0
2026-09-19,wk inc covid hosp,2,2026-10-03,45,quantile,0.95,92.0
2026-09-19,wk inc covid hosp,2,2026-10-03,45,quantile,0.975,101.0
2026-09-19,wk inc covid hosp,2,2026-10-03,45,quantile,0.99,105.0
2026-09-19,wk inc covid hosp,2,2026-10-03,46,quantile,0.01,1.0
2026-09-19,wk inc covid hosp,2,2026-10-03,46,quantile,0.025,2.0
2026-09-19,wk inc covid hosp,2,2026-10-03,46,quantile,0.05,2.0
2026-09-19,wk inc covid hosp,2,2026-10-03,46,quantile,0.1,3.0
2026-09-19,wk inc covid hosp,2,2026-10-03,46,quantile,0.15,3.0
2026-09-19,wk inc covid hosp,2,2026-10-03,46,quantile,0.2,3.0
2026-09-19,wk inc covid hosp,2,2026-10-03,46,quantile,0.25,4.0
2026-09-19,wk inc covid hosp,2,2026-10-03,46,quantile,0.3,5.0
2026-09-19,wk inc covid hosp,2,2026-10-03,46,quantile,0.35,5.0
2026-09-19,wk inc covid hosp,2,2026-10-03,46,quantile,0.4,5.0
2026-09-19,wk inc covid hosp,2,2026-10-03,46,quantile,0.45,5.0
2026-09-19,wk inc covid hosp,2,2026-10-03,46,quantile,0.5,6.0
2026-09-19,wk inc covid hosp,2,2026-10-03,46,quantile,0.55,6.0
2026-09-19,wk inc covid hosp,2,2026-10-03,46,quantile,0.6,6.0
2026-09-19,wk inc covid hosp,2,2026-10-03,46,quantile,0.65,6.0
2026-09-19,wk inc covid hosp,2,2026-10-03,46,quantile,0.7,6.0
2026-09-19,wk inc covid hosp,2,2026-10-03,46,quantile,0.75,6.0
2026-09-19,wk inc covid hosp,2,2026-10-03,46,quantile,0.8,6.0
2026-09-19,wk inc covid hosp,2,2026-10-03,46,quantile,0.85,7.0
2026-09-19,wk inc covid hosp,2,2026-10-03,46,quantile,0.9,7.0
2026-09-19,wk inc covid hosp,2,2026-10-03,46,quantile,0.95,8.0
2026-09-19,wk inc covid hosp,2,2026-10-03,46,quantile,0.975,9.0
2026-09-19,wk inc covid hosp,2,2026-10-03,46,quantile,0.99,11.0
2026-09-19,wk inc covid hosp,2,2026-10-03,47,quantile,0.01,38.0
2026-09-19,wk inc covid hosp,2,2026-10-03,47,quantile,0.025,41.0
2026-09-19,wk inc covid hosp,2,2026-10-03,47,quantile,0.05,44.0
2026-09-19,wk inc covid hosp,2,2026-10-03,47,quantile,0.1,47.0
2026-09-19,wk inc covid hosp,2,2026-10-03,47,quantile,0.15,52.0
2026-09-19,wk inc covid hosp,2,2026-10-03,47,quantile,0.2,55.0
2026-09-19,wk inc covid hosp,2,2026-10-03,47,quantile,0.25,58.0
2026-09-19,wk inc covid hosp,2,2026-10-03,47,quantile,0.3,59.0
2026-09-19,wk inc covid hosp,2,2026-10-03,47,quantile,0.35,63.0
2026-09-19,wk inc covid hosp,2,2026-10-03,47,quantile,0.4,66.0
2026-09-19,wk inc covid hosp,2,2026-10-03,47,quantile,0.45,66.0
2026-09-19,wk inc covid hosp,2,2026-10-03,47,quantile,0.5,69.0
2026-09-19,wk inc covid hosp,2,2026-10-03,47,quantile,0.55,71.0
2026-09-19,wk inc covid hosp,2,2026-10-03,47,quantile,0.6,79.0
2026-09-19,wk inc covid hosp,2,2026-10-03,47,quantile,0.65,80.0
2026-09-19,wk inc covid hosp,2,2026-10-03,47,quantile,0.7,81.0
2026-09-19,wk inc covid hosp,2,2026-10-03,47,quantile,0.75,81.0
2026-09-19,wk inc covid hosp,2,2026-10-03,47,quantile,0.8,84.0
2026-09-19,wk inc covid hosp,2,2026-10-03,47,quantile,0.85,87.0
2026-09-19,wk inc covid hosp,2,2026-10-03,47,quantile,0.9,90.0
2026-09-19,wk inc covid hosp,2,2026-10-03,47,quantile,0.95,90.0
2026-09-19,wk inc covid hosp,2,2026-10-03,47,quantile,0.975,96.0
2026-09-19,wk inc covid hosp,2,2026-10-03,47,quantile,0.99,111.0
2026-09-19,wk inc covid hosp,2,2026-10-03,48,quantile,0.01,204.0
2026-09-19,wk inc covid hosp,2,2026-10-03,48,quantile,0.025,222.0
2026-09-19,wk inc covid hosp,2,2026-10-03,48,quantile,0.05,254.0
2026-09-19,wk inc covid hosp,2,2026-10-03,48,quantile,0.1,288.0
2026-09-19,wk inc covid hosp,2,2026-10-03,48,quantile,0.15,288.0
2026-09-19,wk inc covid hosp,2,2026-10-03,48,quantile,0.2,302.0
2026-09-19,wk inc covid hosp,2,2026-10-03,48,quantile,0.25,321.0
2026-09-19,wk inc covid hosp,2,2026-10-03,48,quantile,0.3,321.0
2026-09-19,wk inc covid hosp,2,2026-10-03,48,quantile,0.35,334.0
2026-09-19,wk inc covid hosp,2,2026-10-03,48,quantile,0.4,345.0
2026-09-19,wk inc covid hosp,2,2026-10-03,48,quantile,0.45,345.0
2026-09-19,wk inc covid hosp,2,2026-10-03,48,quantile,0.5,360.0
2026-09-19,wk inc covid hosp,2,2026-10-03,48,quantile,0.55,367.0
2026-09-19,wk inc covid hosp,2,2026-10-03,48,quantile,0.6,376.0
2026-09-19,wk inc covid hosp,2,2026-10-03,48,quantile,0.65,429.0
2026-09-19,wk inc covid hosp,2,2026-10-03,48,quantile,0.7,429.0
2026-09-19,wk inc covid hosp,2,2026-10-03,48,quantile,0.75,429.0
2026-09-19,wk inc covid hosp,2,2026-10-03,48,quantile,0.8,433.0
2026-09-19,wk inc covid hosp,2,2026-10-03,48,quantile,0.85,433.0
2026-09-19,wk inc covid hosp,2,2026-10-03,48,quantile,0.9,465.0
2026-09-19,wk inc covid hosp,2,2026-10-03,48,quantile,0.95,513.0
2026-09-19,wk inc covid hosp,2,2026-10-03,48,quantile,0.975,589.0
2026-09-19,wk inc covid hosp,2,2026-10-03,48,quantile,0.99,600.0
2026-09-19,wk inc covid hosp,2,2026-10-03,49,quantile,0.01,5.0
2026-09-19,wk inc covid hosp,2,2026-10-03,49,quantile,0.025,8.0
2026-09-19,wk inc covid hosp,2,2026-10-03,49,quantile,0.05,8.0
2026-09-19,wk inc covid hosp,2,2026-10-03,49,quantile,0.1,9.0
2026-09-19,wk inc covid hosp,2,2026-10-03,49,quantile,0.15,9.0
2026-09-19,wk inc covid hosp,2,2026-10-03,49,quantile,0.2,9.0
2026-09-19,wk inc covid hosp,2,2026-10-03,49,quantile,0.25,10.0
2026-09-19,wk inc covid hosp,2,2026-10-03,49,quantile,0.3,10.0
2026-09-19,wk inc covid hosp,2,2026-10-03,49,quantile,0.35,11.0
2026-09-19,wk inc covid hosp,2,2026-10-03,49,quantile,0.4,11.0
2026-09-19,wk inc covid hosp,2,2026-10-03,49,quantile,0.45,12.0
2026-09-19,wk inc covid hosp,2,2026-10-03,49,quantile,0.5,12.0
2026-09-19,wk inc covid hosp,2,2026-10-03,49,quantile,0.55,12.0
2026-09-19,wk inc covid hosp,2,2026-10-03,49,quantile,0.6,12.0
2026-09-19,wk inc covid hosp,2,2026-10-03,49,quantile,0.65,12.0
2026-09-19,wk inc covid hosp,2,2026-10-03,49,quantile,0.7,12.0
2026-09-19,wk inc covid hosp,2,2026-10-03,49,quantile,0.75,14.0
2026-09-19,wk inc covid hosp,2,2026-10-03,49,quantile,0.8,14.0
2026-09-19,wk inc covid hosp,2,2026-10-03,49,quantile,0.85,15.0
2026-09-19,wk inc covid hosp,2,2026-10-03,49,quantile,0.9,18.0
2026-09-19,wk inc covid hosp,2,2026-10-03,49,quantile,0.95,21.0
2026-09-19,wk inc covid hosp,2,2026-10-03,49,quantile,0.975,25.0
2026-09-19,wk inc covid hosp,2,2026-10-03,49,quantile,0.99,43.0
2026-09-19,wk inc covid hosp,2,2026-10-03,50,quantile,0.01,1.0
2026-09-19,wk inc covid hosp,2,2026-10-03,50,quantile,0.025,2.0
2026-09-19,wk inc covid hosp,2,2026-10-03,50,quantile,0.05,2.0
2026-09-19,wk inc covid hosp,2,2026-10-03,50,quantile,0.1,2.0
2026-09-19,wk inc covid hosp,2,2026-10-03,50,quantile,0.15,2.0
2026-09-19,wk inc covid hosp,2,2026-10-03,50,quantile,0.2,3.0
2026-09-19,wk inc covid hosp,2,2026-10-03,50,quantile,0.25,3.0
2026-09-19,wk inc covid hosp,2,2026-10-03,50,quantile,0.3,3.0
2026-09-19,wk inc covid hosp,2,2026-10-03,50,quantile,0.35,4.0
2026-09-19,wk inc covid hosp,2,2026-10-03,50,quantile,0.4,4.0
2026-09-19,wk inc covid hosp,2,2026-10-03,50,quantile,0.45,4.0
2026-09-19,wk inc covid hosp,2,2026-10-03,50,quantile,0.5,5.0
2026-09-19,wk inc covid hosp,2,2026-10-03,50,quantile,0.55,5.0
2026-09-19,wk inc covid hosp,2,2026-10-03,50,quantile,0.6,5.0
2026-09-19,wk inc covid hosp,2,2026-10-03,50,quantile,0.65,5.0
2026-09-19,wk inc covid hosp,2,2026-10-03,50,quantile,0.7,5.0
2026-09-19,wk inc covid hosp,2,2026-10-03,50,quantile,0.75,5.0
2026-09-19,wk inc covid hosp,2,2026-10-03,50,quantile,0.8,6.0
2026-09-19,wk inc covid hosp,2,2026-10-03,50,quantile,0.85,6.0
2026-09-19,wk inc covid hosp,2,2026-10-03,50,quantile,0.9,7.0
2026-09-19,wk inc covid hosp,2,2026-10-03,50,quantile,0.95,8.0
2026-09-19,wk inc covid hosp,2,2026-10-03,50,quantile,0.975,9.0
2026-09-19,wk inc covid hosp,2,2026-10-03,50,quantile,0.99,11.0
2026-09-19,wk inc covid hosp,2,2026-10-03,51,quantile,0.01,28.0
2026-09-19,wk inc covid hosp,2,2026-10-03,51,quantile,0.025,31.0
2026-09-19,wk inc covid hosp,2,2026-10-03,51,quantile,0.05,31.0
2026-09-19,wk inc covid hosp,2,2026-10-03,51,quantile,0.1,37.0
2026-09-19,wk inc covid hosp,2,2026-10-03,51,quantile,0.15,39.0
2026-09-19,wk inc covid hosp,2,2026-10-03,51,quantile,0.2,41.0
2026-09-19,wk inc covid hosp,2,2026-10-03,51,quantile,0.25,46.0
2026-09-19,wk inc covid hosp,2,2026-10-03,51,quantile,0.3,50.0
2026-09-19,wk inc covid hosp,2,2026-10-03,51,quantile,0.35,50.0
2026-09-19,wk inc covid hosp,2,2026-10-03,51,quantile,0.4,50.0
2026-09-19,wk inc covid hosp,2,2026-10-03,51,quantile,0.45,50.0
2026-09-19,wk inc covid hosp,2,2026-10-03,51,quantile,0.5,50.0
2026-09-19,wk inc covid hosp,2,2026-10-03,51,quantile,0.55,50.0
2026-09-19,wk inc covid hosp,2,2026-10-03,51,quantile,0.6,51.0
2026-09-19,wk inc covid hosp,2,2026-10-03,51,quantile,0.65,53.0
2026-09-19,wk inc covid hosp,2,2026-10-03,51,quantile,0.7,53.0
2026-09-19,wk inc covid hosp,2,2026-10-03,51,quantile,0.75,53.0
2026-09-19,wk inc covid hosp,2,2026-10-03,51,quantile,0.8,54.0
2026-09-19,wk inc covid hosp,2,2026-10-03,51,quantile,0.85,54.0
2026-09-19,wk inc covid hosp,2,2026-10-03,51,quantile,0.9,59.0
2026-09-19,wk inc covid hosp,2,2026-10-03,51,quantile,0.95,69.0
2026-09-19,wk inc covid hosp,2,2026-10-03,51,quantile,0.975,79.0
2026-09-19,wk inc covid hosp,2,2026-10-03,51,quantile,0.99,95.0
2026-09-19,wk inc covid hosp,2,2026-10-03,53,quantile,0.01,43.0
2026-09-19,wk inc covid hosp,2,2026-10-03,53,quantile,0.025,53.0
2026-09-19,wk inc covid hosp,2,2026-10-03,53,quantile,0.05,56.0
2026-09-19,wk inc covid hosp,2,2026-10-03,53,quantile,0.1,56.0
2026-09-19,wk inc covid hosp,2,2026-10-03,53,quantile,0.15,61.0
2026-09-19,wk inc covid hosp,2,2026-10-03,53,quantile,0.2,61.0
2026-09-19,wk inc covid hosp,2,2026-10-03,53,quantile,0.25,65.0
2026-09-19,wk inc covid hosp,2,2026-10-03,53,quantile,0.3,67.0
2026-09-19,wk inc covid hosp,2,2026-10-03,53,quantile,0.35,71.0
2026-09-19,wk inc covid hosp,2,2026-10-03,53,quantile,0.4,74.0
2026-09-19,wk inc covid hosp,2,2026-10-03,53,quantile,0.45,78.0
2026-09-19,wk inc covid hosp,2,2026-10-03,53,quantile,0.5,82.0
2026-09-19,wk inc covid hosp,2,2026-10-03,53,quantile,0.55,84.0
2026-09-19,wk inc covid hosp,2,2026-10-03,53,quantile,0.6,93.0
2026-09-19,wk inc covid hosp,2,2026-10-03,53,quantile,0.65,93.0
2026-09-19,wk inc covid hosp,2,2026-10-03,53,quantile,0.7,97.0
2026-09-19,wk inc covid hosp,2,2026-10-03,53,quantile,0.75,97.0
2026-09-19,wk inc covid hosp,2,2026-10-03,53,quantile,0.8,103.0
2026-09-19,wk inc covid hosp,2,2026-10-03,53,quantile,0.85,103.0
2026-09-19,wk inc covid hosp,2,2026-10-03,53,quantile,0.9,104.0
2026-09-19,wk inc covid hosp,2,2026-10-03,53,quantile,0.95,111.0
2026-09-19,wk inc covid hosp,2,2026-10-03,53,quantile,0.975,115.0
2026-09-19,wk inc covid hosp,2,2026-10-03,53,quantile,0.99,129.0
2026-09-19,wk inc covid hosp,2,2026-10-03,54,quantile,0.01,3.0
2026-09-19,wk inc covid hosp,2,2026-10-03,54,quantile,0.025,4.0
2026-09-19,wk inc covid hosp,2,2026-10-03,54,quantile,0.05,4.0
2026-09-19,wk inc covid hosp,2,2026-10-03,54,quantile,0.1,4.0
2026-09-19,wk inc covid hosp,2,2026-10-03,54,quantile,0.15,5.0
2026-09-19,wk inc covid hosp,2,2026-10-03,54,quantile,0.2,6.0
2026-09-19,wk inc covid hosp,2,2026-10-03,54,quantile,0.25,7.0
2026-09-19,wk inc covid hosp,2,2026-10-03,54,quantile,0.3,7.0
2026-09-19,wk inc covid hosp,2,2026-10-03,54,quantile,0.35,8.0
2026-09-19,wk inc covid hosp,2,2026-10-03,54,quantile,0.4,9.0
2026-09-19,wk inc covid hosp,2,2026-10-03,54,quantile,0.45,10.0
2026-09-19,wk inc covid hosp,2,2026-10-03,54,quantile,0.5,11.0
2026-09-19,wk inc covid hosp,2,2026-10-03,54,quantile,0.55,11.0
2026-09-19,wk inc covid hosp,2,2026-10-03,54,quantile,0.6,11.0
2026-09-19,wk inc covid hosp,2,2026-10-03,54,quantile,0.65,11.0
2026-09-19,wk inc covid hosp,2,2026-10-03,54,quantile,0.7,11.0
2026-09-19,wk inc covid hosp,2,2026-10-03,54,quantile,0.75,12.0
2026-09-19,wk inc covid hosp,2,2026-10-03,54,quantile,0.8,12.0
2026-09-19,wk inc covid hosp,2,2026-10-03,54,quantile,0.85,13.0
2026-09-19,wk inc covid hosp,2,2026-10-03,54,quantile,0.9,14.0
2026-09-19,wk inc covid hosp,2,2026-10-03,54,quantile,0.95,16.0
2026-09-19,wk inc covid hosp,2,2026-10-03,54,quantile,0.975,17.0
2026-09-19,wk inc covid hosp,2,2026-10-03,54,quantile,0.99,20.0
2026-09-19,wk inc covid hosp,2,2026-10-03,55,quantile,0.01,14.0
2026-09-19,wk inc covid hosp,2,2026-10-03,55,quantile,0.025,17.0
2026-09-19,wk inc covid hosp,2,2026-10-03,55,quantile,0.05,18.0
2026-09-19,wk inc covid hosp,2,2026-10-03,55,quantile,0.1,19.0
2026-09-19,wk inc covid hosp,2,2026-10-03,55,quantile,0.15,20.0
2026-09-19,wk inc covid hosp,2,2026-10-03,55,quantile,0.2,22.0
2026-09-19,wk inc covid hosp,2,2026-10-03,55,quantile,0.25,23.0
2026-09-19,wk inc covid hosp,2,2026-10-03,55,quantile,0.3,25.0
2026-09-19,wk inc covid hosp,2,2026-10-03,55,quantile,0.35,26.0
2026-09-19,wk inc covid hosp,2,2026-10-03,55,quantile,0.4,26.0
2026-09-19,wk inc covid hosp,2,2026-10-03,55,quantile,0.45,26.0
2026-09-19,wk inc covid hosp,2,2026-10-03,55,quantile,0.5,26.0
2026-09-19,wk inc covid hosp,2,2026-10-03,55,quantile,0.55,26.0
2026-09-19,wk inc covid hosp,2,2026-10-03,55,quantile,0.6,26.0
2026-09-19,wk inc covid hosp,2,2026-10-03,55,quantile,0.65,28.0
2026-09-19,wk inc covid hosp,2,2026-10-03,55,quantile,0.7,28.0
2026-09-19,wk inc covid hosp,2,2026-10-03,55,quantile,0.75,29.0
2026-09-19,wk inc covid hosp,2,2026-10-03,55,quantile,0.8,30.0
2026-09-19,wk inc covid hosp,2,2026-10-03,55,quantile,0.85,33.0
2026-09-19,wk inc covid hosp,2,2026-10-03,55,quantile,0.9,34.0
2026-09-19,wk inc covid hosp,2,2026-10-03,55,quantile,0.95,39.0
2026-09-19,wk inc covid hosp,2,2026-10-03,55,quantile,0.975,46.0
2026-09-19,wk inc covid hosp,2,2026-10-03,55,quantile,0.99,62.0
2026-09-19,wk inc covid hosp,2,2026-10-03,56,quantile,0.01,1.0
2026-09-19,wk inc covid hosp,2,2026-10-03,56,quantile,0.025,1.0
2026-09-19,wk inc covid hosp,2,2026-10-03,56,quantile,0.05,1.0
2026-09-19,wk inc covid hosp,2,2026-10-03,56,quantile,0.1,2.0
2026-09-19,wk inc covid hosp,2,2026-10-03,56,quantile,0.15,2.0
2026-09-19,wk inc covid hosp,2,2026-10-03,56,quantile,0.2,2.0
2026-09-19,wk inc covid hosp,2,2026-10-03,56,quantile,0.25,2.0
2026-09-19,wk inc covid hosp,2,2026-10-03,56,quantile,0.3,3.0
2026-09-19,wk inc covid hosp,2,2026-10-03,56,quantile,0.35,3.0
2026-09-19,wk inc covid hosp,2,2026-10-03,56,quantile,0.4,3.0
2026-09-19,wk inc covid hosp,2,2026-10-03,56,quantile,0.45,3.0
2026-09-19,wk inc covid hosp,2,2026-10-03,56,quantile,0.5,3.0
2026-09-19,wk inc covid hosp,2,2026-10-03,56,quantile,0.55,3.0
2026-09-19,wk inc covid hosp,2,2026-10-03,56,quantile,0.6,4.0
2026-09-19,wk inc covid hosp,2,2026-10-03,56,quantile,0.65,4.0
2026-09-19,wk inc covid hosp,2,2026-10-03,56,quantile,0.7,4.0
2026-09-19,wk inc covid hosp,2,2026-10-03,56,quantile,0.75,4.0
2026-09-19,wk inc covid hosp,2,2026-10-03,56,quantile,0.8,4.0
2026-09-19,wk inc covid hosp,2,2026-10-03,56,quantile,0.85,4.0
2026-09-19,wk inc covid hosp,2,2026-10-03,56,quantile,0.9,5.0
2026-09-19,wk inc covid hosp,2,2026-10-03,56,quantile,0.95,6.0
2026-09-19,wk inc covid hosp,2,2026-10-03,56,quantile,0.975,6.0
2026-09-19,wk inc covid hosp,2,2026-10-03,56,quantile,0.99,8.0
2026-09-19,wk inc covid hosp,2,2026-10-03,72,quantile,0.01,40.0
2026-09-19,wk inc covid hosp,2,2026-10-03,72,quantile,0.025,47.0
2026-09-19,wk inc covid hosp,2,2026-10-03,72,quantile,0.05,51.0
2026-09-19,wk inc covid hosp,2,2026-10-03,72,quantile,0.1,55.0
2026-09-19,wk inc covid hosp,2,2026-10-03,72,quantile,0.15,55.0
2026-09-19,wk inc covid hosp,2,2026-10-03,72,quantile,0.2,55.0
2026-09-19,wk inc covid hosp,2,2026-10-03,72,quantile,0.25,59.0
2026-09-19,wk inc covid hosp,2,2026-10-03,72,quantile,0.3,60.0
2026-09-19,wk inc covid hosp,2,2026-10-03,72,quantile,0.35,63.0
2026-09-19,wk inc covid hosp,2,2026-10-03,72,quantile,0.4,65.0
2026-09-19,wk inc covid hosp,2,2026-10-03,72,quantile,0.45,66.0
2026-09-19,wk inc covid hosp,2,2026-10-03,72,quantile,0.5,66.0
2026-09-19,wk inc covid hosp,2,2026-10-03,72,quantile,0.55,71.0
2026-09-19,wk inc covid hosp,2,2026-10-03,72,quantile,0.6,76.0
2026-09-19,wk inc covid hosp,2,2026-10-03,72,quantile,0.65,76.0
2026-09-19,wk inc covid hosp,2,2026-10-03,72,quantile,0.7,77.0
2026-09-19,wk inc covid hosp,2,2026-10-03,72,quantile,0.75,81.0
2026-09-19,wk inc covid hosp,2,2026-10-03,72,quantile,0.8,85.0
2026-09-19,wk inc covid hosp,2,2026-10-03,72,quantile,0.85,93.0
2026-09-19,wk inc covid hosp,2,2026-10-03,72,quantile,0.9,94.0
2026-09-19,wk inc covid hosp,2,2026-10-03,72,quantile,0.95,105.0
2026-09-19,wk inc covid hosp,2,2026-10-03,72,quantile,0.975,105.0
2026-09-19,wk inc covid hosp,2,2026-10-03,72,quantile,0.99,113.0
2026-09-19,wk inc covid hosp,3,2026-10-10,01,quantile,0.01,17.0
2026-09-19,wk inc covid hosp,3,2026-10-10,01,quantile,0.025,17.0
2026-09-19,wk inc covid hosp,3,2026-10-10,01,quantile,0.05,24.0
2026-09-19,wk inc covid hosp,3,2026-10-10,01,quantile,0.1,36.0
2026-09-19,wk inc covid hosp,3,2026-10-10,01,quantile,0.15,39.0
2026-09-19,wk inc covid hosp,3,2026-10-10,01,quantile,0.2,40.0
2026-09-19,wk inc covid hosp,3,2026-10-10,01,quantile,0.25,41.0
2026-09-19,wk inc covid hosp,3,2026-10-10,01,quantile,0.3,42.0
2026-09-19,wk inc covid hosp,3,2026-10-10,01,quantile,0.35,43.0
2026-09-19,wk inc covid hosp,3,2026-10-10,01,quantile,0.4,45.0
2026-09-19,wk inc covid hosp,3,2026-10-10,01,quantile,0.45,46.0
2026-09-19,wk inc covid hosp,3,2026-10-10,01,quantile,0.5,50.0
2026-09-19,wk inc covid hosp,3,2026-10-10,01,quantile,0.55,50.0
2026-09-19,wk inc covid hosp,3,2026-10-10,01,quantile,0.6,52.0
2026-09-19,wk inc covid hosp,3,2026-10-10,01,quantile,0.65,55.0
2026-09-19,wk inc covid hosp,3,2026-10-10,01,quantile,0.7,56.0
2026-09-19,wk inc covid hosp,3,2026-10-10,01,quantile,0.75,56.0
2026-09-19,wk inc covid hosp,3,2026-10-10,01,quantile,0.8,57.0
2026-09-19,wk inc covid hosp,3,2026-10-10,01,quantile,0.85,57.0
2026-09-19,wk inc covid hosp,3,2026-10-10,01,quantile,0.9,59.0
2026-09-19,wk inc covid hosp,3,2026-10-10,01,quantile,0.95,64.0
2026-09-19,wk inc covid hosp,3,2026-10-10,01,quantile,0.975,70.0
2026-09-19,wk inc covid hosp,3,2026-10-10,01,quantile,0.99,85.0
2026-09-19,wk inc covid hosp,3,2026-10-10,02,quantile,0.01,2.0
2026-09-19,wk inc covid hosp,3,2026-10-10,02,quantile,0.025,2.0
2026-09-19,wk inc covid hosp,3,2026-10-10,02,quantile,0.05,3.0
2026-09-19,wk inc covid hosp,3,2026-10-10,02,quantile,0.1,3.0
2026-09-19,wk inc covid hosp,3,2026-10-10,02,quantile,0.15,3.0
2026-09-19,wk inc covid hosp,3,2026-10-10,02,quantile,0.2,4.0
2026-09-19,wk inc covid hosp,3,2026-10-10,02,quantile,0.25,4.0
2026-09-19,wk inc covid hosp,3,2026-10-10,02,quantile,0.3,5.0
2026-09-19,wk inc covid hosp,3,2026-10-10,02,quantile,0.35,5.0
2026-09-19,wk inc covid hosp,3,2026-10-10,02,quantile,0.4,6.0
2026-09-19,wk inc covid hosp,3,2026-10-10,02,quantile,0.45,6.0
2026-09-19,wk inc covid hosp,3,2026-10-10,02,quantile,0.5,7.0
2026-09-19,wk inc covid hosp,3,2026-10-10,02,quantile,0.55,7.0
2026-09-19,wk inc covid hosp,3,2026-10-10,02,quantile,0.6,7.0
2026-09-19,wk inc covid hosp,3,2026-10-10,02,quantile,0.65,7.0
2026-09-19,wk inc covid hosp,3,2026-10-10,02,quantile,0.7,7.0
2026-09-19,wk inc covid hosp,3,2026-10-10,02,quantile,0.75,7.0
2026-09-19,wk inc covid hosp,3,2026-10-10,02,quantile,0.8,8.0
2026-09-19,wk inc covid hosp,3,2026-10-10,02,quantile,0.85,8.0
2026-09-19,wk inc covid hosp,3,2026-10-10,02,quantile,0.9,9.0
2026-09-19,wk inc covid hosp,3,2026-10-10,02,quantile,0.95,10.0
2026-09-19,wk inc covid hosp,3,2026-10-10,02,quantile,0.975,11.0
2026-09-19,wk inc covid hosp,3,2026-10-10,02,quantile,0.99,14.0
2026-09-19,wk inc covid hosp,3,2026-10-10,04,quantile,0.01,29.0
2026-09-19,wk inc covid hosp,3,2026-10-10,04,quantile,0.025,32.0
2026-09-19,wk inc covid hosp,3,2026-10-10,04,quantile,0.05,40.0
2026-09-19,wk inc covid hosp,3,2026-10-10,04,quantile,0.1,51.0
2026-09-19,wk inc covid hosp,3,2026-10-10,04,quantile,0.15,57.0
2026-09-19,wk inc covid hosp,3,2026-10-10,04,quantile,0.2,58.0
2026-09-19,wk inc covid hosp,3,2026-10-10,04,quantile,0.25,62.0
2026-09-19,wk inc covid hosp,3,2026-10-10,04,quantile,0.3,64.0
2026-09-19,wk inc covid hosp,3,2026-10-10,04,quantile,0.35,67.0
2026-09-19,wk inc covid hosp,3,2026-10-10,04,quantile,0.4,69.0
2026-09-19,wk inc covid hosp,3,2026-10-10,04,quantile,0.45,74.0
2026-09-19,wk inc covid hosp,3,2026-10-10,04,quantile,0.5,77.0
2026-09-19,wk inc covid hosp,3,2026-10-10,04,quantile,0.55,81.0
2026-09-19,wk inc covid hosp,3,2026-10-10,04,quantile,0.6,85.0
2026-09-19,wk inc covid hosp,3,2026-10-10,04,quantile,0.65,87.0
2026-09-19,wk inc covid hosp,3,2026-10-10,04,quantile,0.7,91.0
2026-09-19,wk inc covid hosp,3,2026-10-10,04,quantile,0.75,91.0
2026-09-19,wk inc covid hosp,3,2026-10-10,04,quantile,0.8,91.0
2026-09-19,wk inc covid hosp,3,2026-10-10,04,quantile,0.85,91.0
2026-09-19,wk inc covid hosp,3,2026-10-10,04,quantile,0.9,93.0
2026-09-19,wk inc covid hosp,3,2026-10-10,04,quantile,0.95,96.0
2026-09-19,wk inc covid hosp,3,2026-10-10,04,quantile,0.975,106.0
2026-09-19,wk inc covid hosp,3,2026-10-10,04,quantile,0.99,122.0
2026-09-19,wk inc covid hosp,3,2026-10-10,05,quantile,0.01,9.0
2026-09-19,wk inc covid hosp,3,2026-10-10,05,quantile,0.025,10.0
2026-09-19,wk inc covid hosp,3,2026-10-10,05,quantile,0.05,10.0
2026-09-19,wk inc covid hosp,3,2026-10-10,05,quantile,0.1,11.0
2026-09-19,wk inc covid hosp,3,2026-10-10,05,quantile,0.15,13.0
2026-09-19,wk inc covid hosp,3,2026-10-10,05,quantile,0.2,14.0
2026-09-19,wk inc covid hosp,3,2026-10-10,05,quantile,0.25,16.0
2026-09-19,wk inc covid hosp,3,2026-10-10,05,quantile,0.3,17.0
2026-09-19,wk inc covid hosp,3,2026-10-10,05,quantile,0.35,19.0
2026-09-19,wk inc covid hosp,3,2026-10-10,05,quantile,0.4,19.0
2026-09-19,wk inc covid hosp,3,2026-10-10,05,quantile,0.45,22.0
2026-09-19,wk inc covid hosp,3,2026-10-10,05,quantile,0.5,23.0
2026-09-19,wk inc covid hosp,3,2026-10-10,05,quantile,0.55,25.0
2026-09-19,wk inc covid hosp,3,2026-10-10,05,quantile,0.6,26.0
2026-09-19,wk inc covid hosp,3,2026-10-10,05,quantile,0.65,27.0
2026-09-19,wk inc covid hosp,3,2026-10-10,05,quantile,0.7,27.0
2026-09-19,wk inc covid hosp,3,2026-10-10,05,quantile,0.75,27.0
2026-09-19,wk inc covid hosp,3,2026-10-10,05,quantile,0.8,28.0
2026-09-19,wk inc covid hosp,3,2026-10-10,05,quantile,0.85,29.0
2026-09-19,wk inc covid hosp,3,2026-10-10,05,quantile,0.9,30.0
2026-09-19,wk inc covid hosp,3,2026-10-10,05,quantile,0.95,33.0
2026-09-19,wk inc covid hosp,3,2026-10-10,05,quantile,0.975,33.0
2026-09-19,wk inc covid hosp,3,2026-10-10,05,quantile,0.99,38.0
2026-09-19,wk inc covid hosp,3,2026-10-10,06,quantile,0.01,165.0
2026-09-19,wk inc covid hosp,3,2026-10-10,06,quantile,0.025,165.0
2026-09-19,wk inc covid hosp,3,2026-10-10,06,quantile,0.05,256.0
2026-09-19,wk inc covid hosp,3,2026-10-10,06,quantile,0.1,360.0
2026-09-19,wk inc covid hosp,3,2026-10-10,06,quantile,0.15,389.0
2026-09-19,wk inc covid hosp,3,2026-10-10,06,quantile,0.2,414.0
2026-09-19,wk inc covid hosp,3,2026-10-10,06,quantile,0.25,419.0
2026-09-19,wk inc covid hosp,3,2026-10-10,06,quantile,0.3,433.0
2026-09-19,wk inc covid hosp,3,2026-10-10,06,quantile,0.35,457.0
2026-09-19,wk inc covid hosp,3,2026-10-10,06,quantile,0.4,465.0
2026-09-19,wk inc covid hosp,3,2026-10-10,06,quantile,0.45,465.0
2026-09-19,wk inc covid hosp,3,2026-10-10,06,quantile,0.5,469.0
2026-09-19,wk inc covid hosp,3,2026-10-10,06,quantile,0.55,484.0
2026-09-19,wk inc covid hosp,3,2026-10-10,06,quantile,0.6,496.0
2026-09-19,wk inc covid hosp,3,2026-10-10,06,quantile,0.65,549.0
2026-09-19,wk inc covid hosp,3,2026-10-10,06,quantile,0.7,557.0
2026-09-19,wk inc covid hosp,3,2026-10-10,06,quantile,0.75,581.0
2026-09-19,wk inc covid hosp,3,2026-10-10,06,quantile,0.8,615.0
2026-09-19,wk inc covid hosp,3,2026-10-10,06,quantile,0.85,615.0
2026-09-19,wk inc covid hosp,3,2026-10-10,06,quantile,0.9,664.0
2026-09-19,wk inc covid hosp,3,2026-10-10,06,quantile,0.95,761.0
2026-09-19,wk inc covid hosp,3,2026-10-10,06,quantile,0.975,828.0
2026-09-19,wk inc covid hosp,3,2026-10-10,06,quantile,0.99,913.0
2026-09-19,wk inc covid hosp,3,2026-10-10,08,quantile,0.01,16.0
2026-09-19,wk inc covid hosp,3,2026-10-10,08,quantile,0.025,17.0
2026-09-19,wk inc covid hosp,3,2026-10-10,08,quantile,0.05,17.0
2026-09-19,wk inc covid hosp,3,2026-10-10,08,quantile,0.1,21.0
2026-09-19,wk inc covid hosp,3,2026-10-10,08,quantile,0.15,22.0
2026-09-19,wk inc covid hosp,3,2026-10-10,08,quantile,0.2,23.0
2026-09-19,wk inc covid hosp,3,2026-10-10,08,quantile,0.25,27.0
2026-09-19,wk inc covid hosp,3,2026-10-10,08,quantile,0.3,27.0
2026-09-19,wk inc covid hosp,3,2026-10-10,08,quantile,0.35,29.0
2026-09-19,wk inc covid hosp,3,2026-10-10,08,quantile,0.4,29.0
2026-09-19,wk inc covid hosp,3,2026-10-10,08,quantile,0.45,30.0
2026-09-19,wk inc covid hosp,3,2026-10-10,08,quantile,0.5,30.0
2026-09-19,wk inc covid hosp,3,2026-10-10,08,quantile,0.55,33.0
2026-09-19,wk inc covid hosp,3,2026-10-10,08,quantile,0.6,34.0
2026-09-19,wk inc covid hosp,3,2026-10-10,08,quantile,0.65,36.0
2026-09-19,wk inc covid hosp,3,2026-10-10,08,quantile,0.7,36.0
2026-09-19,wk inc covid hosp,3,2026-10-10,08,quantile,0.75,36.0
2026-09-19,wk inc covid hosp,3,2026-10-10,08,quantile,0.8,37.0
2026-09-19,wk inc covid hosp,3,2026-10-10,08,quantile,0.85,37.0
2026-09-19,wk inc covid hosp,3,2026-10-10,08,quantile,0.9,42.0
2026-09-19,wk inc covid hosp,3,2026-10-10,08,quantile,0.95,49.0
2026-09-19,wk inc covid hosp,3,2026-10-10,08,quantile,0.975,60.0
2026-09-19,wk inc covid hosp,3,2026-10-10,08,quantile,0.99,86.0
2026-09-19,wk inc covid hosp,3,2026-10-10,09,quantile,0.01,7.0
2026-09-19,wk inc covid hosp,3,2026-10-10,09,quantile,0.025,8.0
2026-09-19,wk inc covid hosp,3,2026-10-10,09,quantile,0.05,9.0
2026-09-19,wk inc covid hosp,3,2026-10-10,09,quantile,0.1,9.0
2026-09-19,wk inc covid hosp,3,2026-10-10,09,quantile,0.15,12.0
2026-09-19,wk inc covid hosp,3,2026-10-10,09,quantile,0.2,13.0
2026-09-19,wk inc covid hosp,3,2026-10-10,09,quantile,0.25,15.0
2026-09-19,wk inc covid hosp,3,2026-10-10,09,quantile,0.3,16.0
2026-09-19,wk inc covid hosp,3,2026-10-10,09,quantile,0.35,17.0
2026-09-19,wk inc covid hosp,3,2026-10-10,09,quantile,0.4,18.0
2026-09-19,wk inc covid hosp,3,2026-10-10,09,quantile,0.45,19.0
2026-09-19,wk inc covid hosp,3,2026-10-10,09,quantile,0.5,19.0
2026-09-19,wk inc covid hosp,3,2026-10-10,09,quantile,0.55,20.0
2026-09-19,wk inc covid hosp,3,2026-10-10,09,quantile,0.6,21.0
2026-09-19,wk inc covid hosp,3,2026-10-10,09,quantile,0.65,21.0
2026-09-19,wk inc covid hosp,3,2026-10-10,09,quantile,0.7,21.0
2026-09-19,wk inc covid hosp,3,2026-10-10,09,quantile,0.75,21.0
2026-09-19,wk inc covid hosp,3,2026-10-10,09,quantile,0.8,22.0
2026-09-19,wk inc covid hosp,3,2026-10-10,09,quantile,0.85,24.0
2026-09-19,wk inc covid hosp,3,2026-10-10,09,quantile,0.9,25.0
2026-09-19,wk inc covid hosp,3,2026-10-10,09,quantile,0.95,31.0
2026-09-19,wk inc covid hosp,3,2026-10-10,09,quantile,0.975,34.0
2026-09-19,wk inc covid hosp,3,2026-10-10,09,quantile,0.99,41.0
2026-09-19,wk inc covid hosp,3,2026-10-10,10,quantile,0.01,3.0
2026-09-19,wk inc covid hosp,3,2026-10-10,10,quantile,0.025,3.0
2026-09-19,wk inc covid hosp,3,2026-10-10,10,quantile,0.05,4.0
2026-09-19,wk inc covid hosp,3,2026-10-10,10,quantile,0.1,5.0
2026-09-19,wk inc covid hosp,3,2026-10-10,10,quantile,0.15,6.0
2026-09-19,wk inc covid hosp,3,2026-10-10,10,quantile,0.2,6.0
2026-09-19,wk inc covid hosp,3,2026-10-10,10,quantile,0.25,7.0
2026-09-19,wk inc covid hosp,3,2026-10-10,10,quantile,0.3,7.0
2026-09-19,wk inc covid hosp,3,2026-10-10,10,quantile,0.35,7.0
2026-09-19,wk inc covid hosp,3,2026-10-10,10,quantile,0.4,8.0
2026-09-19,wk inc covid hosp,3,2026-10-10,10,quantile,0.45,8.0
2026-09-19,wk inc covid hosp,3,2026-10-10,10,quantile,0.5,9.0
2026-09-19,wk inc covid hosp,3,2026-10-10,10,quantile,0.55,10.0
2026-09-19,wk inc covid hosp,3,2026-10-10,10,quantile,0.6,10.0
2026-09-19,wk inc covid hosp,3,2026-10-10,10,quantile,0.65,11.0
2026-09-19,wk inc covid hosp,3,2026-10-10,10,quantile,0.7,11.0
2026-09-19,wk inc covid hosp,3,2026-10-10,10,quantile,0.75,11.0
2026-09-19,wk inc covid hosp,3,2026-10-10,10,quantile,0.8,11.0
2026-09-19,wk inc covid hosp,3,2026-10-10,10,quantile,0.85,12.0
2026-09-19,wk inc covid hosp,3,2026-10-10,10,quantile,0.9,12.0
2026-09-19,wk inc covid hosp,3,2026-10-10,10,quantile,0.95,15.0
2026-09-19,wk inc covid hosp,3,2026-10-10,10,quantile,0.975,16.0
2026-09-19,wk inc covid hosp,3,2026-10-10,10,quantile,0.99,19.0
2026-09-19,wk inc covid hosp,3,2026-10-10,11,quantile,0.01,2.0
2026-09-19,wk inc covid hosp,3,2026-10-10,11,quantile,0.025,2.0
2026-09-19,wk inc covid hosp,3,2026-10-10,11,quantile,0.05,2.0
2026-09-19,wk inc covid hosp,3,2026-10-10,11,quantile,0.1,2.0
2026-09-19,wk inc covid hosp,3,2026-10-10,11,quantile,0.15,2.0
2026-09-19,wk inc covid hosp,3,2026-10-10,11,quantile,0.2,3.0
2026-09-19,wk inc covid hosp,3,2026-10-10,11,quantile,0.25,3.0
2026-09-19,wk inc covid hosp,3,2026-10-10,11,quantile,0.3,4.0
2026-09-19,wk inc covid hosp,3,2026-10-10,11,quantile,0.35,4.0
2026-09-19,wk inc covid hosp,3,2026-10-10,11,quantile,0.4,5.0
2026-09-19,wk inc covid hosp,3,2026-10-10,11,quantile,0.45,6.0
2026-09-19,wk inc covid hosp,3,2026-10-10,11,quantile,0.5,6.0
2026-09-19,wk inc covid hosp,3,2026-10-10,11,quantile,0.55,6.0
2026-09-19,wk inc covid hosp,3,2026-10-10,11,quantile,0.6,7.0
2026-09-19,wk inc covid hosp,3,2026-10-10,11,quantile,0.65,7.0
2026-09-19,wk inc covid hosp,3,2026-10-10,11,quantile,0.7,7.0
2026-09-19,wk inc covid hosp,3,2026-10-10,11,quantile,0.75,7.0
2026-09-19,wk inc covid hosp,3,2026-10-10,11,quantile,0.8,7.0
2026-09-19,wk inc covid hosp,3,2026-10-10,11,quantile,0.85,7.0
2026-09-19,wk inc covid hosp,3,2026-10-10,11,quantile,0.9,8.0
2026-09-19,wk inc covid hosp,3,2026-10-10,11,quantile,0.95,9.0
2026-09-19,wk inc covid hosp,3,2026-10-10,11,quantile,0.975,10.0
2026-09-19,wk inc covid hosp,3,2026-10-10,11,quantile,0.99,13.0
2026-09-19,wk inc covid hosp,3,2026-10-10,12,quantile,0.01,80.0
2026-09-19,wk inc covid hosp,3,2026-10-10,12,quantile,0.025,80.0
2026-09-19,wk inc covid hosp,3,2026-10-10,12,quantile,0.05,126.0
2026-09-19,wk inc covid hosp,3,2026-10-10,12,quantile,0.1,192.0
2026-09-19,wk inc covid hosp,3,2026-10-10,12,quantile,0.15,206.0
2026-09-19,wk inc covid hosp,3,2026-10-10,12,quantile,0.2,222.0
2026-09-19,wk inc covid hosp,3,2026-10-10,12,quantile,0.25,233.0
2026-09-19,wk inc covid hosp,3,2026-10-10,12,quantile,0.3,235.0
2026-09-19,wk inc covid hosp,3,2026-10-10,12,quantile,0.35,242.0
2026-09-19,wk inc covid hosp,3,2026-10-10,12,quantile,0.4,243.0
2026-09-19,wk inc covid hosp,3,2026-10-10,12,quantile,0.45,250.0
2026-09-19,wk inc covid hosp,3,2026-10-10,12,quantile,0.5,258.0
2026-09-19,wk inc covid hosp,3,2026-10-10,12,quantile,0.55,269.0
2026-09-19,wk inc covid hosp,3,2026-10-10,12,quantile,0.6,279.0
2026-09-19,wk inc covid hosp,3,2026-10-10,12,quantile,0.65,296.0
2026-09-19,wk inc covid hosp,3,2026-10-10,12,quantile,0.7,303.0
2026-09-19,wk inc covid hosp,3,2026-10-10,12,quantile,0.75,312.0
2026-09-19,wk inc covid hosp,3,2026-10-10,12,quantile,0.8,322.0
2026-09-19,wk inc covid hosp,3,2026-10-10,12,quantile,0.85,332.0
2026-09-19,wk inc covid hosp,3,2026-10-10,12,quantile,0.9,350.0
2026-09-19,wk inc covid hosp,3,2026-10-10,12,quantile,0.95,422.0
2026-09-19,wk inc covid hosp,3,2026-10-10,12,quantile,0.975,448.0
2026-09-19,wk inc covid hosp,3,2026-10-10,12,quantile,0.99,490.0
2026-09-19,wk inc covid hosp,3,2026-10-10,13,quantile,0.01,40.0
2026-09-19,wk inc covid hosp,3,2026-10-10,13,quantile,0.025,46.0
2026-09-19,wk inc covid hosp,3,2026-10-10,13,quantile,0.05,53.0
2026-09-19,wk inc covid hosp,3,2026-10-10,13,quantile,0.1,67.0
2026-09-19,wk inc covid hosp,3,2026-10-10,13,quantile,0.15,71.0
2026-09-19,wk inc covid hosp,3,2026-10-10,13,quantile,0.2,71.0
2026-09-19,wk inc covid hosp,3,2026-10-10,13,quantile,0.25,77.0
2026-09-19,wk inc covid hosp,3,2026-10-10,13,quantile,0.3,81.0
2026-09-19,wk inc covid hosp,3,2026-10-10,13,quantile,0.35,84.0
2026-09-19,wk inc covid hosp,3,2026-10-10,13,quantile,0.4,88.0
2026-09-19,wk inc covid hosp,3,2026-10-10,13,quantile,0.45,92.0
2026-09-19,wk inc covid hosp,3,2026-10-10,13,quantile,0.5,99.0
2026-09-19,wk inc covid hosp,3,2026-10-10,13,quantile,0.55,102.0
2026-09-19,wk inc covid hosp,3,2026-10-10,13,quantile,0.6,111.0
2026-09-19,wk inc covid hosp,3,2026-10-10,13,quantile,0.65,111.0
2026-09-19,wk inc covid hosp,3,2026-10-10,13,quantile,0.7,111.0
2026-09-19,wk inc covid hosp,3,2026-10-10,13,quantile,0.75,111.0
2026-09-19,wk inc covid hosp,3,2026-10-10,13,quantile,0.8,113.0
2026-09-19,wk inc covid hosp,3,2026-10-10,13,quantile,0.85,117.0
2026-09-19,wk inc covid hosp,3,2026-10-10,13,quantile,0.9,119.0
2026-09-19,wk inc covid hosp,3,2026-10-10,13,quantile,0.95,121.0
2026-09-19,wk inc covid hosp,3,2026-10-10,13,quantile,0.975,137.0
2026-09-19,wk inc covid hosp,3,2026-10-10,13,quantile,0.99,171.0
2026-09-19,wk inc covid hosp,3,2026-10-10,15,quantile,0.01,5.0
2026-09-19,wk inc covid hosp,3,2026-10-10,15,quantile,0.025,5.0
2026-09-19,wk inc covid hosp,3,2026-10-10,15,quantile,0.05,7.0
2026-09-19,wk inc covid hosp,3,2026-10-10,15,quantile,0.1,10.0
2026-09-19,wk inc covid hosp,3,2026-10-10,15,quantile,0.15,11.0
2026-09-19,wk inc covid hosp,3,2026-10-10,15,quantile,0.2,12.0
2026-09-19,wk inc covid hosp,3,2026-10-10,15,quantile,0.25,12.0
2026-09-19,wk inc covid hosp,3,2026-10-10,15,quantile,0.3,12.0
2026-09-19,wk inc covid hosp,3,2026-10-10,15,quantile,0.35,13.0
2026-09-19,wk inc covid hosp,3,2026-10-10,15,quantile,0.4,14.0
2026-09-19,wk inc covid hosp,3,2026-10-10,15,quantile,0.45,15.0
2026-09-19,wk inc covid hosp,3,2026-10-10,15,quantile,0.5,16.0
2026-09-19,wk inc covid hosp,3,2026-10-10,15,quantile,0.55,16.0
2026-09-19,wk inc covid hosp,3,2026-10-10,15,quantile,0.6,17.0
2026-09-19,wk inc covid hosp,3,2026-10-10,15,quantile,0.65,22.0
2026-09-19,wk inc covid hosp,3,2026-10-10,15,quantile,0.7,22.0
2026-09-19,wk inc covid hosp,3,2026-10-10,15,quantile,0.75,22.0
2026-09-19,wk inc covid hosp,3,2026-10-10,15,quantile,0.8,22.0
2026-09-19,wk inc covid hosp,3,2026-10-10,15,quantile,0.85,25.0
2026-09-19,wk inc covid hosp,3,2026-10-10,15,quantile,0.9,26.0
2026-09-19,wk inc covid hosp,3,2026-10-10,15,quantile,0.95,26.0
2026-09-19,wk inc covid hosp,3,2026-10-10,15,quantile,0.975,31.0
2026-09-19,wk inc covid hosp,3,2026-10-10,15,quantile,0.99,37.0
2026-09-19,wk inc covid hosp,3,2026-10-10,16,quantile,0.01,5.0
2026-09-19,wk inc covid hosp,3,2026-10-10,16,quantile,0.025,5.0
2026-09-19,wk inc covid hosp,3,2026-10-10,16,quantile,0.05,6.0
2026-09-19,wk inc covid hosp,3,2026-10-10,16,quantile,0.1,9.0
2026-09-19,wk inc covid hosp,3,2026-10-10,16,quantile,0.15,9.0
2026-09-19,wk inc covid hosp,3,2026-10-10,16,quantile,0.2,11.0
2026-09-19,wk inc covid hosp,3,2026-10-10,16,quantile,0.25,11.0
2026-09-19,wk inc covid hosp,3,2026-10-10,16,quantile,0.3,11.0
2026-09-19,wk inc covid hosp,3,2026-10-10,16,quantile,0.35,12.0
2026-09-19,wk inc covid hosp,3,2026-10-10,16,quantile,0.4,13.0
2026-09-19,wk inc covid hosp,3,2026-10-10,16,quantile,0.45,14.0
2026-09-19,wk inc covid hosp,3,2026-10-10,16,quantile,0.5,16.0
2026-09-19,wk inc covid hosp,3,2026-10-10,16,quantile,0.55,16.0
2026-09-19,wk inc covid hosp,3,2026-10-10,16,quantile,0.6,17.0
2026-09-19,wk inc covid hosp,3,2026-10-10,16,quantile,0.65,17.0
2026-09-19,wk inc covid hosp,3,2026-10-10,16,quantile,0.7,17.0
2026-09-19,wk inc covid hosp,3,2026-10-10,16,quantile,0.75,17.0
2026-09-19,wk inc covid hosp,3,2026-10-10,16,quantile,0.8,17.0
2026-09-19,wk inc covid hosp,3,2026-10-10,16,quantile,0.85,18.0
2026-09-19,wk inc covid hosp,3,2026-10-10,16,quantile,0.9,19.0
2026-09-19,wk inc covid hosp,3,2026-10-10,16,quantile,0.95,22.0
2026-09-19,wk inc covid hosp,3,2026-10-10,16,quantile,0.975,23.0
2026-09-19,wk inc covid hosp,3,2026-10-10,16,quantile,0.99,31.0
2026-09-19,wk inc covid hosp,3,2026-10-10,17,quantile,0.01,27.0
2026-09-19,wk inc covid hosp,3,2026-10-10,17,quantile,0.025,33.0
2026-09-19,wk inc covid hosp,3,2026-10-10,17,quantile,0.05,35.0
2026-09-19,wk inc covid hosp,3,2026-10-10,17,quantile,0.1,41.0
2026-09-19,wk inc covid hosp,3,2026-10-10,17,quantile,0.15,44.0
2026-09-19,wk inc covid hosp,3,2026-10-10,17,quantile,0.2,46.0
2026-09-19,wk inc covid hosp,3,2026-10-10,17,quantile,0.25,51.0
2026-09-19,wk inc covid hosp,3,2026-10-10,17,quantile,0.3,51.0
2026-09-19,wk inc covid hosp,3,2026-10-10,17,quantile,0.35,56.0
2026-09-19,wk inc covid hosp,3,2026-10-10,17,quantile,0.4,56.0
2026-09-19,wk inc covid hosp,3,2026-10-10,17,quantile,0.45,56.0
2026-09-19,wk inc covid hosp,3,2026-10-10,17,quantile,0.5,56.0
2026-09-19,wk inc covid hosp,3,2026-10-10,17,quantile,0.55,59.0
2026-09-19,wk inc covid hosp,3,2026-10-10,17,quantile,0.6,59.0
2026-09-19,wk inc covid hosp,3,2026-10-10,17,quantile,0.65,61.0
2026-09-19,wk inc covid hosp,3,2026-10-10,17,quantile,0.7,61.0
2026-09-19,wk inc covid hosp,3,2026-10-10,17,quantile,0.75,61.0
2026-09-19,wk inc covid hosp,3,2026-10-10,17,quantile,0.8,65.0
2026-09-19,wk inc covid hosp,3,2026-10-10,17,quantile,0.85,67.0
2026-09-19,wk inc covid hosp,3,2026-10-10,17,quantile,0.9,78.0
2026-09-19,wk inc covid hosp,3,2026-10-10,17,quantile,0.95,102.0
2026-09-19,wk inc covid hosp,3,2026-10-10,17,quantile,0.975,116.0
2026-09-19,wk inc covid hosp,3,2026-10-10,17,quantile,0.99,145.0
2026-09-19,wk inc covid hosp,3,2026-10-10,18,quantile,0.01,17.0
2026-09-19,wk inc covid hosp,3,2026-10-10,18,quantile,0.025,19.0
2026-09-19,wk inc covid hosp,3,2026-10-10,18,quantile,0.05,21.0
2026-09-19,wk inc covid hosp,3,2026-10-10,18,quantile,0.1,26.0
2026-09-19,wk inc covid hosp,3,2026-10-10,18,quantile,0.15,28.0
2026-09-19,wk inc covid hosp,3,2026-10-10,18,quantile,0.2,29.0
2026-09-19,wk inc covid hosp,3,2026-10-10,18,quantile,0.25,33.0
2026-09-19,wk inc covid hosp,3,2026-10-10,18,quantile,0.3,36.0
2026-09-19,wk inc covid hosp,3,2026-10-10,18,quantile,0.35,40.0
2026-09-19,wk inc covid hosp,3,2026-10-10,18,quantile,0.4,40.0
2026-09-19,wk inc covid hosp,3,2026-10-10,18,quantile,0.45,40.0
2026-09-19,wk inc covid hosp,3,2026-10-10,18,quantile,0.5,40.0
2026-09-19,wk inc covid hosp,3,2026-10-10,18,quantile,0.55,41.0
2026-09-19,wk inc covid hosp,3,2026-10-10,18,quantile,0.6,43.0
2026-09-19,wk inc covid hosp,3,2026-10-10,18,quantile,0.65,44.0
2026-09-19,wk inc covid hosp,3,2026-10-10,18,quantile,0.7,44.0
2026-09-19,wk inc covid hosp,3,2026-10-10,18,quantile,0.75,44.0
2026-09-19,wk inc covid hosp,3,2026-10-10,18,quantile,0.8,46.0
2026-09-19,wk inc covid hosp,3,2026-10-10,18,quantile,0.85,46.0
2026-09-19,wk inc covid hosp,3,2026-10-10,18,quantile,0.9,49.0
2026-09-19,wk inc covid hosp,3,2026-10-10,18,quantile,0.95,58.0
2026-09-19,wk inc covid hosp,3,2026-10-10,18,quantile,0.975,68.0
2026-09-19,wk inc covid hosp,3,2026-10-10,18,quantile,0.99,79.0
2026-09-19,wk inc covid hosp,3,2026-10-10,19,quantile,0.01,7.0
2026-09-19,wk inc covid hosp,3,2026-10-10,19,quantile,0.025,8.0
2026-09-19,wk inc covid hosp,3,2026-10-10,19,quantile,0.05,9.0
2026-09-19,wk inc covid hosp,3,2026-10-10,19,quantile,0.1,12.0
2026-09-19,wk inc covid hosp,3,2026-10-10,19,quantile,0.15,12.0
2026-09-19,wk inc covid hosp,3,2026-10-10,19,quantile,0.2,13.0
2026-09-19,wk inc covid hosp,3,2026-10-10,19,quantile,0.25,14.0
2026-09-19,wk inc covid hosp,3,2026-10-10,19,quantile,0.3,15.0
2026-09-19,wk inc covid hosp,3,2026-10-10,19,quantile,0.35,16.0
2026-09-19,wk inc covid hosp,3,2026-10-10,19,quantile,0.4,17.0
2026-09-19,wk inc covid hosp,3,2026-10-10,19,quantile,0.45,17.0
2026-09-19,wk inc covid hosp,3,2026-10-10,19,quantile,0.5,17.0
2026-09-19,wk inc covid hosp,3,2026-10-10,19,quantile,0.55,18.0
2026-09-19,wk inc covid hosp,3,2026-10-10,19,quantile,0.6,18.0
2026-09-19,wk inc covid hosp,3,2026-10-10,19,quantile,0.65,18.0
2026-09-19,wk inc covid hosp,3,2026-10-10,19,quantile,0.7,19.0
2026-09-19,wk inc covid hosp,3,2026-10-10,19,quantile,0.75,20.0
2026-09-19,wk inc covid hosp,3,2026-10-10,19,quantile,0.8,20.0
2026-09-19,wk inc covid hosp,3,2026-10-10,19,quantile,0.85,20.0
2026-09-19,wk inc covid hosp,3,2026-10-10,19,quantile,0.9,23.0
2026-09-19,wk inc covid hosp,3,2026-10-10,19,quantile,0.95,28.0
2026-09-19,wk inc covid hosp,3,2026-10-10,19,quantile,0.975,33.0
2026-09-19,wk inc covid hosp,3,2026-10-10,19,quantile,0.99,39.0
2026-09-19,wk inc covid hosp,3,2026-10-10,20,quantile,0.01,4.0
2026-09-19,wk inc covid hosp,3,2026-10-10,20,quantile,0.025,6.0
2026-09-19,wk inc covid hosp,3,2026-10-10,20,quantile,0.05,6.0
2026-09-19,wk inc covid hosp,3,2026-10-10,20,quantile,0.1,7.0
2026-09-19,wk inc covid hosp,3,2026-10-10,20,quantile,0.15,9.0
2026-09-19,wk inc covid hosp,3,2026-10-10,20,quantile,0.2,10.0
2026-09-19,wk inc covid hosp,3,2026-10-10,20,quantile,0.25,10.0
2026-09-19,wk inc covid hosp,3,2026-10-10,20,quantile,0.3,11.0
2026-09-19,wk inc covid hosp,3,2026-10-10,20,quantile,0.35,11.0
2026-09-19,wk inc covid hosp,3,2026-10-10,20,quantile,0.4,11.0
2026-09-19,wk inc covid hosp,3,2026-10-10,20,quantile,0.45,11.0
2026-09-19,wk inc covid hosp,3,2026-10-10,20,quantile,0.5,11.0
2026-09-19,wk inc covid hosp,3,2026-10-10,20,quantile,0.55,12.0
2026-09-19,wk inc covid hosp,3,2026-10-10,20,quantile,0.6,13.0
2026-09-19,wk inc covid hosp,3,2026-10-10,20,quantile,0.65,14.0
2026-09-19,wk inc covid hosp,3,2026-10-10,20,quantile,0.7,14.0
2026-09-19,wk inc covid hosp,3,2026-10-10,20,quantile,0.75,14.0
2026-09-19,wk inc covid hosp,3,2026-10-10,20,quantile,0.8,15.0
2026-09-19,wk inc covid hosp,3,2026-10-10,20,quantile,0.85,15.0
2026-09-19,wk inc covid hosp,3,2026-10-10,20,quantile,0.9,19.0
2026-09-19,wk inc covid hosp,3,2026-10-10,20,quantile,0.95,24.0
2026-09-19,wk inc covid hosp,3,2026-10-10,20,quantile,0.975,24.0
2026-09-19,wk inc covid hosp,3,2026-10-10,20,quantile,0.99,31.0
2026-09-19,wk inc covid hosp,3,2026-10-10,21,quantile,0.01,13.0
2026-09-19,wk inc covid hosp,3,2026-10-10,21,quantile,0.025,15.0
2026-09-19,wk inc covid hosp,3,2026-10-10,21,quantile,0.05,16.0
2026-09-19,wk inc covid hosp,3,2026-10-10,21,quantile,0.1,18.0
2026-09-19,wk inc covid hosp,3,2026-10-10,21,quantile,0.15,20.0
2026-09-19,wk inc covid hosp,3,2026-10-10,21,quantile,0.2,21.0
2026-09-19,wk inc covid hosp,3,2026-10-10,21,quantile,0.25,23.0
2026-09-19,wk inc covid hosp,3,2026-10-10,21,quantile,0.3,26.0
2026-09-19,wk inc covid hosp,3,2026-10-10,21,quantile,0.35,26.0
2026-09-19,wk inc covid hosp,3,2026-10-10,21,quantile,0.4,26.0
2026-09-19,wk inc covid hosp,3,2026-10-10,21,quantile,0.45,30.0
2026-09-19,wk inc covid hosp,3,2026-10-10,21,quantile,0.5,30.0
2026-09-19,wk inc covid hosp,3,2026-10-10,21,quantile,0.55,32.0
2026-09-19,wk inc covid hosp,3,2026-10-10,21,quantile,0.6,32.0
2026-09-19,wk inc covid hosp,3,2026-10-10,21,quantile,0.65,32.0
2026-09-19,wk inc covid hosp,3,2026-10-10,21,quantile,0.7,32.0
2026-09-19,wk inc covid hosp,3,2026-10-10,21,quantile,0.75,32.0
2026-09-19,wk inc covid hosp,3,2026-10-10,21,quantile,0.8,32.0
2026-09-19,wk inc covid hosp,3,2026-10-10,21,quantile,0.85,34.0
2026-09-19,wk inc covid hosp,3,2026-10-10,21,quantile,0.9,35.0
2026-09-19,wk inc covid hosp,3,2026-10-10,21,quantile,0.95,43.0
2026-09-19,wk inc covid hosp,3,2026-10-10,21,quantile,0.975,46.0
2026-09-19,wk inc covid hosp,3,2026-10-10,21,quantile,0.99,54.0
2026-09-19,wk inc covid hosp,3,2026-10-10,22,quantile,0.01,18.0
2026-09-19,wk inc covid hosp,3,2026-10-10,22,quantile,0.025,19.0
2026-09-19,wk inc covid hosp,3,2026-10-10,22,quantile,0.05,24.0
2026-09-19,wk inc covid hosp,3,2026-10-10,22,quantile,0.1,34.0
2026-09-19,wk inc covid hosp,3,2026-10-10,22,quantile,0.15,35.0
2026-09-19,wk inc covid hosp,3,2026-10-10,22,quantile,0.2,38.0
2026-09-19,wk inc covid hosp,3,2026-10-10,22,quantile,0.25,39.0
2026-09-19,wk inc covid hosp,3,2026-10-10,22,quantile,0.3,39.0
2026-09-19,wk inc covid hosp,3,2026-10-10,22,quantile,0.35,40.0
2026-09-19,wk inc covid hosp,3,2026-10-10,22,quantile,0.4,43.0
2026-09-19,wk inc covid hosp,3,2026-10-10,22,quantile,0.45,44.0
2026-09-19,wk inc covid hosp,3,2026-10-10,22,quantile,0.5,48.0
2026-09-19,wk inc covid hosp,3,2026-10-10,22,quantile,0.55,52.0
2026-09-19,wk inc covid hosp,3,2026-10-10,22,quantile,0.6,54.0
2026-09-19,wk inc covid hosp,3,2026-10-10,22,quantile,0.65,56.0
2026-09-19,wk inc covid hosp,3,2026-10-10,22,quantile,0.7,58.0
2026-09-19,wk inc covid hosp,3,2026-10-10,22,quantile,0.75,58.0
2026-09-19,wk inc covid hosp,3,2026-10-10,22,quantile,0.8,58.0
2026-09-19,wk inc covid hosp,3,2026-10-10,22,quantile,0.85,58.0
2026-09-19,wk inc covid hosp,3,2026-10-10,22,quantile,0.9,61.0
2026-09-19,wk inc covid hosp,3,2026-10-10,22,quantile,0.95,67.0
2026-09-19,wk inc covid hosp,3,2026-10-10,22,quantile,0.975,72.0
2026-09-19,wk inc covid hosp,3,2026-10-10,22,quantile,0.99,78.0
2026-09-19,wk inc covid hosp,3,2026-10-10,23,quantile,0.01,0.0
2026-09-19,wk inc covid hosp,3,2026-10-10,23,quantile,0.025,0.0
2026-09-19,wk inc covid hosp,3,2026-10-10,23,quantile,0.05,0.0
2026-09-19,wk inc covid hosp,3,2026-10-10,23,quantile,0.1,1.0
2026-09-19,wk inc covid hosp,3,2026-10-10,23,quantile,0.15,1.0
2026-09-19,wk inc covid hosp,3,2026-10-10,23,quantile,0.2,1.0
2026-09-19,wk inc covid hosp,3,2026-10-10,23,quantile,0.25,1.0
2026-09-19,wk inc covid hosp,3,2026-10-10,23,quantile,0.3,1.0
2026-09-19,wk inc covid hosp,3,2026-10-10,23,quantile,0.35,1.0
2026-09-19,wk inc covid hosp,3,2026-10-10,23,quantile,0.4,1.0
2026-09-19,wk inc covid hosp,3,2026-10-10,23,quantile,0.45,2.0
2026-09-19,wk inc covid hosp,3,2026-10-10,23,quantile,0.5,2.0
2026-09-19,wk inc covid hosp,3,2026-10-10,23,quantile,0.55,2.0
2026-09-19,wk inc covid hosp,3,2026-10-10,23,quantile,0.6,3.0
2026-09-19,wk inc covid hosp,3,2026-10-10,23,quantile,0.65,3.0
2026-09-19,wk inc covid hosp,3,2026-10-10,23,quantile,0.7,3.0
2026-09-19,wk inc covid hosp,3,2026-10-10,23,quantile,0.75,3.0
2026-09-19,wk inc covid hosp,3,2026-10-10,23,quantile,0.8,5.0
2026-09-19,wk inc covid hosp,3,2026-10-10,23,quantile,0.85,5.0
2026-09-19,wk inc covid hosp,3,2026-10-10,23,quantile,0.9,6.0
2026-09-19,wk inc covid hosp,3,2026-10-10,23,quantile,0.95,9.0
2026-09-19,wk inc covid hosp,3,2026-10-10,23,quantile,0.975,10.0
2026-09-19,wk inc covid hosp,3,2026-10-10,23,quantile,0.99,25.0
2026-09-19,wk inc covid hosp,3,2026-10-10,24,quantile,0.01,10.0
2026-09-19,wk inc covid hosp,3,2026-10-10,24,quantile,0.025,12.0
2026-09-19,wk inc covid hosp,3,2026-10-10,24,quantile,0.05,13.0
2026-09-19,wk inc covid hosp,3,2026-10-10,24,quantile,0.1,16.0
2026-09-19,wk inc covid hosp,3,2026-10-10,24,quantile,0.15,16.0
2026-09-19,wk inc covid hosp,3,2026-10-10,24,quantile,0.2,17.0
2026-09-19,wk inc covid hosp,3,2026-10-10,24,quantile,0.25,19.0
2026-09-19,wk inc covid hosp,3,2026-10-10,24,quantile,0.3,19.0
2026-09-19,wk inc covid hosp,3,2026-10-10,24,quantile,0.35,20.0
2026-09-19,wk inc covid hosp,3,2026-10-10,24,quantile,0.4,20.0
2026-09-19,wk inc covid hosp,3,2026-10-10,24,quantile,0.45,21.0
2026-09-19,wk inc covid hosp,3,2026-10-10,24,quantile,0.5,21.0
2026-09-19,wk inc covid hosp,3,2026-10-10,24,quantile,0.55,23.0
2026-09-19,wk inc covid hosp,3,2026-10-10,24,quantile,0.6,23.0
2026-09-19,wk inc covid hosp,3,2026-10-10,24,quantile,0.65,25.0
2026-09-19,wk inc covid hosp,3,2026-10-10,24,quantile,0.7,25.0
2026-09-19,wk inc covid hosp,3,2026-10-10,24,quantile,0.75,25.0
2026-09-19,wk inc covid hosp,3,2026-10-10,24,quantile,0.8,26.0
2026-09-19,wk inc covid hosp,3,2026-10-10,24,quantile,0.85,27.0
2026-09-19,wk inc covid hosp,3,2026-10-10,24,quantile,0.9,36.0
2026-09-19,wk inc covid hosp,3,2026-10-10,24,quantile,0.95,48.0
2026-09-19,wk inc covid hosp,3,2026-10-10,24,quantile,0.975,56.0
2026-09-19,wk inc covid hosp,3,2026-10-10,24,quantile,0.99,78.0
2026-09-19,wk inc covid hosp,3,2026-10-10,25,quantile,0.01,21.0
2026-09-19,wk inc covid hosp,3,2026-10-10,25,quantile,0.025,24.0
2026-09-19,wk inc covid hosp,3,2026-10-10,25,quantile,0.05,25.0
2026-09-19,wk inc covid hosp,3,2026-10-10,25,quantile,0.1,29.0
2026-09-19,wk inc covid hosp,3,2026-10-10,25,quantile,0.15,31.0
2026-09-19,wk inc covid hosp,3,2026-10-10,25,quantile,0.2,33.0
2026-09-19,wk inc covid hosp,3,2026-10-10,25,quantile,0.25,37.0
2026-09-19,wk inc covid hosp,3,2026-10-10,25,quantile,0.3,42.0
2026-09-19,wk inc covid hosp,3,2026-10-10,25,quantile,0.35,42.0
2026-09-19,wk inc covid hosp,3,2026-10-10,25,quantile,0.4,42.0
2026-09-19,wk inc covid hosp,3,2026-10-10,25,quantile,0.45,46.0
2026-09-19,wk inc covid hosp,3,2026-10-10,25,quantile,0.5,46.0
2026-09-19,wk inc covid hosp,3,2026-10-10,25,quantile,0.55,46.0
2026-09-19,wk inc covid hosp,3,2026-10-10,25,quantile,0.6,46.0
2026-09-19,wk inc covid hosp,3,2026-10-10,25,quantile,0.65,49.0
2026-09-19,wk inc covid hosp,3,2026-10-10,25,quantile,0.7,49.0
2026-09-19,wk inc covid hosp,3,2026-10-10,25,quantile,0.75,49.0
2026-09-19,wk inc covid hosp,3,2026-10-10,25,quantile,0.8,50.0
2026-09-19,wk inc covid hosp,3,2026-10-10,25,quantile,0.85,51.0
2026-09-19,wk inc covid hosp,3,2026-10-10,25,quantile,0.9,56.0
2026-09-19,wk inc covid hosp,3,2026-10-10,25,quantile,0.95,66.0
2026-09-19,wk inc covid hosp,3,2026-10-10,25,quantile,0.975,72.0
2026-09-19,wk inc covid hosp,3,2026-10-10,25,quantile,0.99,83.0
2026-09-19,wk inc covid hosp,3,2026-10-10,26,quantile,0.01,20.0
2026-09-19,wk inc covid hosp,3,2026-10-10,26,quantile,0.025,25.0
2026-09-19,wk inc covid hosp,3,2026-10-10,26,quantile,0.05,26.0
2026-09-19,wk inc covid hosp,3,2026-10-10,26,quantile,0.1,31.0
2026-09-19,wk inc covid hosp,3,2026-10-10,26,quantile,0.15,36.0
2026-09-19,wk inc covid hosp,3,2026-10-10,26,quantile,0.2,37.0
2026-09-19,wk inc covid hosp,3,2026-10-10,26,quantile,0.25,41.0
2026-09-19,wk inc covid hosp,3,2026-10-10,26,quantile,0.3,42.0
2026-09-19,wk inc covid hosp,3,2026-10-10,26,quantile,0.35,45.0
2026-09-19,wk inc covid hosp,3,2026-10-10,26,quantile,0.4,45.0
2026-09-19,wk inc covid hosp,3,2026-10-10,26,quantile,0.45,45.0
2026-09-19,wk inc covid hosp,3,2026-10-10,26,quantile,0.5,45.0
2026-09-19,wk inc covid hosp,3,2026-10-10,26,quantile,0.55,45.0
2026-09-19,wk inc covid hosp,3,2026-10-10,26,quantile,0.6,45.0
2026-09-19,wk inc covid hosp,3,2026-10-10,26,quantile,0.65,46.0
2026-09-19,wk inc covid hosp,3,2026-10-10,26,quantile,0.7,46.0
2026-09-19,wk inc covid hosp,3,2026-10-10,26,quantile,0.75,48.0
2026-09-19,wk inc covid hosp,3,2026-10-10,26,quantile,0.8,50.0
2026-09-19,wk inc covid hosp,3,2026-10-10,26,quantile,0.85,53.0
2026-09-19,wk inc covid hosp,3,2026-10-10,26,quantile,0.9,59.0
2026-09-19,wk inc covid hosp,3,2026-10-10,26,quantile,0.95,81.0
2026-09-19,wk inc covid hosp,3,2026-10-10,26,quantile,0.975,92.0
2026-09-19,wk inc covid hosp,3,2026-10-10,26,quantile,0.99,117.0
2026-09-19,wk inc covid hosp,3,2026-10-10,27,quantile,0.01,10.0
2026-09-19,wk inc covid hosp,3,2026-10-10,27,quantile,0.025,13.0
2026-09-19,wk inc covid hosp,3,2026-10-10,27,quantile,0.05,13.0
2026-09-19,wk inc covid hosp,3,2026-10-10,27,quantile,0.1,15.0
2026-09-19,wk inc covid hosp,3,2026-10-10,27,quantile,0.15,17.0
2026-09-19,wk inc covid hosp,3,2026-10-10,27,quantile,0.2,19.0
2026-09-19,wk inc covid hosp,3,2026-10-10,27,quantile,0.25,19.0
2026-09-19,wk inc covid hosp,3,2026-10-10,27,quantile,0.3,19.0
2026-09-19,wk inc covid hosp,3,2026-10-10,27,quantile,0.35,20.0
2026-09-19,wk inc covid hosp,3,2026-10-10,27,quantile,0.4,20.0
2026-09-19,wk inc covid hosp,3,2026-10-10,27,quantile,0.45,20.0
2026-09-19,wk inc covid hosp,3,2026-10-10,27,quantile,0.5,21.0
2026-09-19,wk inc covid hosp,3,2026-10-10,27,quantile,0.55,23.0
2026-09-19,wk inc covid hosp,3,2026-10-10,27,quantile,0.6,23.0
2026-09-19,wk inc covid hosp,3,2026-10-10,27,quantile,0.65,26.0
2026-09-19,wk inc covid hosp,3,2026-10-10,27,quantile,0.7,26.0
2026-09-19,wk inc covid hosp,3,2026-10-10,27,quantile,0.75,26.0
2026-09-19,wk inc covid hosp,3,2026-10-10,27,quantile,0.8,26.0
2026-09-19,wk inc covid hosp,3,2026-10-10,27,quantile,0.85,26.0
2026-09-19,wk inc covid hosp,3,2026-10-10,27,quantile,0.9,32.0
2026-09-19,wk inc covid hosp,3,2026-10-10,27,quantile,0.95,43.0
2026-09-19,wk inc covid hosp,3,2026-10-10,27,quantile,0.975,51.0
2026-09-19,wk inc covid hosp,3,2026-10-10,27,quantile,0.99,66.0
2026-09-19,wk inc covid hosp,3,2026-10-10,28,quantile,0.01,10.0
2026-09-19,wk inc covid hosp,3,2026-10-10,28,quantile,0.025,11.0
2026-09-19,wk inc covid hosp,3,2026-10-10,28,quantile,0.05,16.0
2026-09-19,wk inc covid hosp,3,2026-10-10,28,quantile,0.1,19.0
2026-09-19,wk inc covid hosp,3,2026-10-10,28,quantile,0.15,21.0
2026-09-19,wk inc covid hosp,3,2026-10-10,28,quantile,0.2,23.0
2026-09-19,wk inc covid hosp,3,2026-10-10,28,quantile,0.25,25.0
2026-09-19,wk inc covid hosp,3,2026-10-10,28,quantile,0.3,26.0
2026-09-19,wk inc covid hosp,3,2026-10-10,28,quantile,0.35,26.0
2026-09-19,wk inc covid hosp,3,2026-10-10,28,quantile,0.4,27.0
2026-09-19,wk inc covid hosp,3,2026-10-10,28,quantile,0.45,28.0
2026-09-19,wk inc covid hosp,3,2026-10-10,28,quantile,0.5,30.0
2026-09-19,wk inc covid hosp,3,2026-10-10,28,quantile,0.55,34.0
2026-09-19,wk inc covid hosp,3,2026-10-10,28,quantile,0.6,37.0
2026-09-19,wk inc covid hosp,3,2026-10-10,28,quantile,0.65,37.0
2026-09-19,wk inc covid hosp,3,2026-10-10,28,quantile,0.7,37.0
2026-09-19,wk inc covid hosp,3,2026-10-10,28,quantile,0.75,37.0
2026-09-19,wk inc covid hosp,3,2026-10-10,28,quantile,0.8,39.0
2026-09-19,wk inc covid hosp,3,2026-10-10,28,quantile,0.85,39.0
2026-09-19,wk inc covid hosp,3,2026-10-10,28,quantile,0.9,42.0
2026-09-19,wk inc covid hosp,3,2026-10-10,28,quantile,0.95,45.0
2026-09-19,wk inc covid hosp,3,2026-10-10,28,quantile,0.975,46.0
2026-09-19,wk inc covid hosp,3,2026-10-10,28,quantile,0.99,52.0
2026-09-19,wk inc covid hosp,3,2026-10-10,29,quantile,0.01,25.0
2026-09-19,wk inc covid hosp,3,2026-10-10,29,quantile,0.025,27.0
2026-09-19,wk inc covid hosp,3,2026-10-10,29,quantile,0.05,32.0
2026-09-19,wk inc covid hosp,3,2026-10-10,29,quantile,0.1,42.0
2026-09-19,wk inc covid hosp,3,2026-10-10,29,quantile,0.15,44.0
2026-09-19,wk inc covid hosp,3,2026-10-10,29,quantile,0.2,45.0
2026-09-19,wk inc covid hosp,3,2026-10-10,29,quantile,0.25,49.0
2026-09-19,wk inc covid hosp,3,2026-10-10,29,quantile,0.3,52.0
2026-09-19,wk inc covid hosp,3,2026-10-10,29,quantile,0.35,53.0
2026-09-19,wk inc covid hosp,3,2026-10-10,29,quantile,0.4,57.0
2026-09-19,wk inc covid hosp,3,2026-10-10,29,quantile,0.45,58.0
2026-09-19,wk inc covid hosp,3,2026-10-10,29,quantile,0.5,63.0
2026-09-19,wk inc covid hosp,3,2026-10-10,29,quantile,0.55,64.0
2026-09-19,wk inc covid hosp,3,2026-10-10,29,quantile,0.6,71.0
2026-09-19,wk inc covid hosp,3,2026-10-10,29,quantile,0.65,71.0
2026-09-19,wk inc covid hosp,3,2026-10-10,29,quantile,0.7,71.0
2026-09-19,wk inc covid hosp,3,2026-10-10,29,quantile,0.75,71.0
2026-09-19,wk inc covid hosp,3,2026-10-10,29,quantile,0.8,73.0
2026-09-19,wk inc covid hosp,3,2026-10-10,29,quantile,0.85,77.0
2026-09-19,wk inc covid hosp,3,2026-10-10,29,quantile,0.9,77.0
2026-09-19,wk inc covid hosp,3,2026-10-10,29,quantile,0.95,79.0
2026-09-19,wk inc covid hosp,3,2026-10-10,29,quantile,0.975,87.0
2026-09-19,wk inc covid hosp,3,2026-10-10,29,quantile,0.99,104.0
2026-09-19,wk inc covid hosp,3,2026-10-10,30,quantile,0.01,3.0
2026-09-19,wk inc covid hosp,3,2026-10-10,30,quantile,0.025,3.0
2026-09-19,wk inc covid hosp,3,2026-10-10,30,quantile,0.05,4.0
2026-09-19,wk inc covid hosp,3,2026-10-10,30,quantile,0.1,5.0
2026-09-19,wk inc covid hosp,3,2026-10-10,30,quantile,0.15,7.0
2026-09-19,wk inc covid hosp,3,2026-10-10,30,quantile,0.2,8.0
2026-09-19,wk inc covid hosp,3,2026-10-10,30,quantile,0.25,8.0
2026-09-19,wk inc covid hosp,3,2026-10-10,30,quantile,0.3,8.0
2026-09-19,wk inc covid hosp,3,2026-10-10,30,quantile,0.35,8.0
2026-09-19,wk inc covid hosp,3,2026-10-10,30,quantile,0.4,8.0
2026-09-19,wk inc covid hosp,3,2026-10-10,30,quantile,0.45,9.0
2026-09-19,wk inc covid hosp,3,2026-10-10,30,quantile,0.5,10.0
2026-09-19,wk inc covid hosp,3,2026-10-10,30,quantile,0.55,11.0
2026-09-19,wk inc covid hosp,3,2026-10-10,30,quantile,0.6,12.0
2026-09-19,wk inc covid hosp,3,2026-10-10,30,quantile,0.65,12.0
2026-09-19,wk inc covid hosp,3,2026-10-10,30,quantile,0.7,12.0
2026-09-19,wk inc covid hosp,3,2026-10-10,30,quantile,0.75,13.0
2026-09-19,wk inc covid hosp,3,2026-10-10,30,quantile,0.8,13.0
2026-09-19,wk inc covid hosp,3,2026-10-10,30,quantile,0.85,13.0
2026-09-19,wk inc covid hosp,3,2026-10-10,30,quantile,0.9,14.0
2026-09-19,wk inc covid hosp,3,2026-10-10,30,quantile,0.95,15.0
2026-09-19,wk inc covid hosp,3,2026-10-10,30,quantile,0.975,16.0
2026-09-19,wk inc covid hosp,3,2026-10-10,30,quantile,0.99,20.0
2026-09-19,wk inc covid hosp,3,2026-10-10,31,quantile,0.01,2.0
2026-09-19,wk inc covid hosp,3,2026-10-10,31,quantile,0.025,3.0
2026-09-19,wk inc covid hosp,3,2026-10-10,31,quantile,0.05,4.0
2026-09-19,wk inc covid hosp,3,2026-10-10,31,quantile,0.1,4.0
2026-09-19,wk inc covid hosp,3,2026-10-10,31,quantile,0.15,4.0
2026-09-19,wk inc covid hosp,3,2026-10-10,31,quantile,0.2,5.0
2026-09-19,wk inc covid hosp,3,2026-10-10,31,quantile,0.25,6.0
2026-09-19,wk inc covid hosp,3,2026-10-10,31,quantile,0.3,6.0
2026-09-19,wk inc covid hosp,3,2026-10-10,31,quantile,0.35,7.0
2026-09-19,wk inc covid hosp,3,2026-10-10,31,quantile,0.4,7.0
2026-09-19,wk inc covid hosp,3,2026-10-10,31,quantile,0.45,8.0
2026-09-19,wk inc covid hosp,3,2026-10-10,31,quantile,0.5,9.0
2026-09-19,wk inc covid hosp,3,2026-10-10,31,quantile,0.55,9.0
2026-09-19,wk inc covid hosp,3,2026-10-10,31,quantile,0.6,9.0
2026-09-19,wk inc covid hosp,3,2026-10-10,31,quantile,0.65,9.0
2026-09-19,wk inc covid hosp,3,2026-10-10,31,quantile,0.7,9.0
2026-09-19,wk inc covid hosp,3,2026-10-10,31,quantile,0.75,10.0
2026-09-19,wk inc covid hosp,3,2026-10-10,31,quantile,0.8,10.0
2026-09-19,wk inc covid hosp,3,2026-10-10,31,quantile,0.85,10.0
2026-09-19,wk inc covid hosp,3,2026-10-10,31,quantile,0.9,12.0
2026-09-19,wk inc covid hosp,3,2026-10-10,31,quantile,0.95,17.0
2026-09-19,wk inc covid hosp,3,2026-10-10,31,quantile,0.975,17.0
2026-09-19,wk inc covid hosp,3,2026-10-10,31,quantile,0.99,27.0
2026-09-19,wk inc covid hosp,3,2026-10-10,32,quantile,0.01,10.0
2026-09-19,wk inc covid hosp,3,2026-10-10,32,quantile,0.025,13.0
2026-09-19,wk inc covid hosp,3,2026-10-10,32,quantile,0.05,17.0
2026-09-19,wk inc covid hosp,3,2026-10-10,32,quantile,0.1,21.0
2026-09-19,wk inc covid hosp,3,2026-10-10,32,quantile,0.15,23.0
2026-09-19,wk inc covid hosp,3,2026-10-10,32,quantile,0.2,24.0
2026-09-19,wk inc covid hosp,3,2026-10-10,32,quantile,0.25,27.0
2026-09-19,wk inc covid hosp,3,2026-10-10,32,quantile,0.3,27.0
2026-09-19,wk inc covid hosp,3,2026-10-10,32,quantile,0.35,29.0
2026-09-19,wk inc covid hosp,3,2026-10-10,32,quantile,0.4,30.0
2026-09-19,wk inc covid hosp,3,2026-10-10,32,quantile,0.45,34.0
2026-09-19,wk inc covid hosp,3,2026-10-10,32,quantile,0.5,35.0
2026-09-19,wk inc covid hosp,3,2026-10-10,32,quantile,0.55,38.0
2026-09-19,wk inc covid hosp,3,2026-10-10,32,quantile,0.6,41.0
2026-09-19,wk inc covid hosp,3,2026-10-10,32,quantile,0.65,43.0
2026-09-19,wk inc covid hosp,3,2026-10-10,32,quantile,0.7,43.0
2026-09-19,wk inc covid hosp,3,2026-10-10,32,quantile,0.75,43.0
2026-09-19,wk inc covid hosp,3,2026-10-10,32,quantile,0.8,43.0
2026-09-19,wk inc covid hosp,3,2026-10-10,32,quantile,0.85,45.0
2026-09-19,wk inc covid hosp,3,2026-10-10,32,quantile,0.9,48.0
2026-09-19,wk inc covid hosp,3,2026-10-10,32,quantile,0.95,49.0
2026-09-19,wk inc covid hosp,3,2026-10-10,32,quantile,0.975,51.0
2026-09-19,wk inc covid hosp,3,2026-10-10,32,quantile,0.99,62.0
2026-09-19,wk inc covid hosp,3,2026-10-10,33,quantile,0.01,2.0
2026-09-19,wk inc covid hosp,3,2026-10-10,33,quantile,0.025,2.0
2026-09-19,wk inc covid hosp,3,2026-10-10,33,quantile,0.05,2.0
2026-09-19,wk inc covid hosp,3,2026-10-10,33,quantile,0.1,3.0
2026-09-19,wk inc covid hosp,3,2026-10-10,33,quantile,0.15,4.0
2026-09-19,wk inc covid hosp,3,2026-10-10,33,quantile,0.2,5.0
2026-09-19,wk inc covid hosp,3,2026-10-10,33,quantile,0.25,6.0
2026-09-19,wk inc covid hosp,3,2026-10-10,33,quantile,0.3,6.0
2026-09-19,wk inc covid hosp,3,2026-10-10,33,quantile,0.35,6.0
2026-09-19,wk inc covid hosp,3,2026-10-10,33,quantile,0.4,6.0
2026-09-19,wk inc covid hosp,3,2026-10-10,33,quantile,0.45,6.0
2026-09-19,wk inc covid hosp,3,2026-10-10,33,quantile,0.5,6.0
2026-09-19,wk inc covid hosp,3,2026-10-10,33,quantile,0.55,7.0
2026-09-19,wk inc covid hosp,3,2026-10-10,33,quantile,0.6,7.0
2026-09-19,wk inc covid hosp,3,2026-10-10,33,quantile,0.65,7.0
2026-09-19,wk inc covid hosp,3,2026-10-10,33,quantile,0.7,7.0
2026-09-19,wk inc covid hosp,3,2026-10-10,33,quantile,0.75,7.0
2026-09-19,wk inc covid hosp,3,2026-10-10,33,quantile,0.8,8.0
2026-09-19,wk inc covid hosp,3,2026-10-10,33,quantile,0.85,8.0
2026-09-19,wk inc covid hosp,3,2026-10-10,33,quantile,0.9,10.0
2026-09-19,wk inc covid hosp,3,2026-10-10,33,quantile,0.95,12.0
2026-09-19,wk inc covid hosp,3,2026-10-10,33,quantile,0.975,13.0
2026-09-19,wk inc covid hosp,3,2026-10-10,33,quantile,0.99,16.0
2026-09-19,wk inc covid hosp,3,2026-10-10,34,quantile,0.01,37.0
2026-09-19,wk inc covid hosp,3,2026-10-10,34,quantile,0.025,40.0
2026-09-19,wk inc covid hosp,3,2026-10-10,34,quantile,0.05,49.0
2026-09-19,wk inc covid hosp,3,2026-10-10,34,quantile,0.1,61.0
2026-09-19,wk inc covid hosp,3,2026-10-10,34,quantile,0.15,68.0
2026-09-19,wk inc covid hosp,3,2026-10-10,34,quantile,0.2,74.0
2026-09-19,wk inc covid hosp,3,2026-10-10,34,quantile,0.25,75.0
2026-09-19,wk inc covid hosp,3,2026-10-10,34,quantile,0.3,79.0
2026-09-19,wk inc covid hosp,3,2026-10-10,34,quantile,0.35,84.0
2026-09-19,wk inc covid hosp,3,2026-10-10,34,quantile,0.4,90.0
2026-09-19,wk inc covid hosp,3,2026-10-10,34,quantile,0.45,102.0
2026-09-19,wk inc covid hosp,3,2026-10-10,34,quantile,0.5,107.0
2026-09-19,wk inc covid hosp,3,2026-10-10,34,quantile,0.55,107.0
2026-09-19,wk inc covid hosp,3,2026-10-10,34,quantile,0.6,111.0
2026-09-19,wk inc covid hosp,3,2026-10-10,34,quantile,0.65,115.0
2026-09-19,wk inc covid hosp,3,2026-10-10,34,quantile,0.7,115.0
2026-09-19,wk inc covid hosp,3,2026-10-10,34,quantile,0.75,115.0
2026-09-19,wk inc covid hosp,3,2026-10-10,34,quantile,0.8,117.0
2026-09-19,wk inc covid hosp,3,2026-10-10,34,quantile,0.85,121.0
2026-09-19,wk inc covid hosp,3,2026-10-10,34,quantile,0.9,128.0
2026-09-19,wk inc covid hosp,3,2026-10-10,34,quantile,0.95,128.0
2026-09-19,wk inc covid hosp,3,2026-10-10,34,quantile,0.975,130.0
2026-09-19,wk inc covid hosp,3,2026-10-10,34,quantile,0.99,148.0
2026-09-19,wk inc covid hosp,3,2026-10-10,35,quantile,0.01,6.0
2026-09-19,wk inc covid hosp,3,2026-10-10,35,quantile,0.025,7.0
2026-09-19,wk inc covid hosp,3,2026-10-10,35,quantile,0.05,10.0
2026-09-19,wk inc covid hosp,3,2026-10-10,35,quantile,0.1,13.0
2026-09-19,wk inc covid hosp,3,2026-10-10,35,quantile,0.15,14.0
2026-09-19,wk inc covid hosp,3,2026-10-10,35,quantile,0.2,16.0
2026-09-19,wk inc covid hosp,3,2026-10-10,35,quantile,0.25,17.0
2026-09-19,wk inc covid hosp,3,2026-10-10,35,quantile,0.3,17.0
2026-09-19,wk inc covid hosp,3,2026-10-10,35,quantile,0.35,18.0
2026-09-19,wk inc covid hosp,3,2026-10-10,35,quantile,0.4,18.0
2026-09-19,wk inc covid hosp,3,2026-10-10,35,quantile,0.45,20.0
2026-09-19,wk inc covid hosp,3,2026-10-10,35,quantile,0.5,21.0
2026-09-19,wk inc covid hosp,3,2026-10-10,35,quantile,0.55,23.0
2026-09-19,wk inc covid hosp,3,2026-10-10,35,quantile,0.6,24.0
2026-09-19,wk inc covid hosp,3,2026-10-10,35,quantile,0.65,25.0
2026-09-19,wk inc covid hosp,3,2026-10-10,35,quantile,0.7,25.0
2026-09-19,wk inc covid hosp,3,2026-10-10,35,quantile,0.75,25.0
2026-09-19,wk inc covid hosp,3,2026-10-10,35,quantile,0.8,26.0
2026-09-19,wk inc covid hosp,3,2026-10-10,35,quantile,0.85,26.0
2026-09-19,wk inc covid hosp,3,2026-10-10,35,quantile,0.9,27.0
2026-09-19,wk inc covid hosp,3,2026-10-10,35,quantile,0.95,30.0
2026-09-19,wk inc covid hosp,3,2026-10-10,35,quantile,0.975,32.0
2026-09-19,wk inc covid hosp,3,2026-10-10,35,quantile,0.99,38.0
2026-09-19,wk inc covid hosp,3,2026-10-10,36,quantile,0.01,79.0
2026-09-19,wk inc covid hosp,3,2026-10-10,36,quantile,0.025,86.0
2026-09-19,wk inc covid hosp,3,2026-10-10,36,quantile,0.05,109.0
2026-09-19,wk inc covid hosp,3,2026-10-10,36,quantile,0.1,135.0
2026-09-19,wk inc covid hosp,3,2026-10-10,36,quantile,0.15,145.0
2026-09-19,wk inc covid hosp,3,2026-10-10,36,quantile,0.2,165.0
2026-09-19,wk inc covid hosp,3,2026-10-10,36,quantile,0.25,165.0
2026-09-19,wk inc covid hosp,3,2026-10-10,36,quantile,0.3,176.0
2026-09-19,wk inc covid hosp,3,2026-10-10,36,quantile,0.35,179.0
2026-09-19,wk inc covid hosp,3,2026-10-10,36,quantile,0.4,195.0
2026-09-19,wk inc covid hosp,3,2026-10-10,36,quantile,0.45,215.0
2026-09-19,wk inc covid hosp,3,2026-10-10,36,quantile,0.5,220.0
2026-09-19,wk inc covid hosp,3,2026-10-10,36,quantile,0.55,228.0
2026-09-19,wk inc covid hosp,3,2026-10-10,36,quantile,0.6,228.0
2026-09-19,wk inc covid hosp,3,2026-10-10,36,quantile,0.65,235.0
2026-09-19,wk inc covid hosp,3,2026-10-10,36,quantile,0.7,235.0
2026-09-19,wk inc covid hosp,3,2026-10-10,36,quantile,0.75,235.0
2026-09-19,wk inc covid hosp,3,2026-10-10,36,quantile,0.8,236.0
2026-09-19,wk inc covid hosp,3,2026-10-10,36,quantile,0.85,246.0
2026-09-19,wk inc covid hosp,3,2026-10-10,36,quantile,0.9,256.0
2026-09-19,wk inc covid hosp,3,2026-10-10,36,quantile,0.95,265.0
2026-09-19,wk inc covid hosp,3,2026-10-10,36,quantile,0.975,277.0
2026-09-19,wk inc covid hosp,3,2026-10-10,36,quantile,0.99,325.0
2026-09-19,wk inc covid hosp,3,2026-10-10,37,quantile,0.01,46.0
2026-09-19,wk inc covid hosp,3,2026-10-10,37,quantile,0.025,50.0
2026-09-19,wk inc covid hosp,3,2026-10-10,37,quantile,0.05,69.0
2026-09-19,wk inc covid hosp,3,2026-10-10,37,quantile,0.1,93.0
2026-09-19,wk inc covid hosp,3,2026-10-10,37,quantile,0.15,94.0
2026-09-19,wk inc covid hosp,3,2026-10-10,37,quantile,0.2,100.0
2026-09-19,wk inc covid hosp,3,2026-10-10,37,quantile,0.25,104.0
2026-09-19,wk inc covid hosp,3,2026-10-10,37,quantile,0.3,104.0
2026-09-19,wk inc covid hosp,3,2026-10-10,37,quantile,0.35,111.0
2026-09-19,wk inc covid hosp,3,2026-10-10,37,quantile,0.4,111.0
2026-09-19,wk inc covid hosp,3,2026-10-10,37,quantile,0.45,120.0
2026-09-19,wk inc covid hosp,3,2026-10-10,37,quantile,0.5,122.0
2026-09-19,wk inc covid hosp,3,2026-10-10,37,quantile,0.55,127.0
2026-09-19,wk inc covid hosp,3,2026-10-10,37,quantile,0.6,129.0
2026-09-19,wk inc covid hosp,3,2026-10-10,37,quantile,0.65,141.0
2026-09-19,wk inc covid hosp,3,2026-10-10,37,quantile,0.7,144.0
2026-09-19,wk inc covid hosp,3,2026-10-10,37,quantile,0.75,144.0
2026-09-19,wk inc covid hosp,3,2026-10-10,37,quantile,0.8,147.0
2026-09-19,wk inc covid hosp,3,2026-10-10,37,quantile,0.85,150.0
2026-09-19,wk inc covid hosp,3,2026-10-10,37,quantile,0.9,159.0
2026-09-19,wk inc covid hosp,3,2026-10-10,37,quantile,0.95,171.0
2026-09-19,wk inc covid hosp,3,2026-10-10,37,quantile,0.975,194.0
2026-09-19,wk inc covid hosp,3,2026-10-10,37,quantile,0.99,205.0
2026-09-19,wk inc covid hosp,3,2026-10-10,38,quantile,0.01,0.0
2026-09-19,wk inc covid hosp,3,2026-10-10,38,quantile,0.025,1.0
2026-09-19,wk inc covid hosp,3,2026-10-10,38,quantile,0.05,1.0
2026-09-19,wk inc covid hosp,3,2026-10-10,38,quantile,0.1,1.0
2026-09-19,wk inc covid hosp,3,2026-10-10,38,quantile,0.15,1.0
2026-09-19,wk inc covid hosp,3,2026-10-10,38,quantile,0.2,1.0
2026-09-19,wk inc covid hosp,3,2026-10-10,38,quantile,0.25,2.0
2026-09-19,wk inc covid hosp,3,2026-10-10,38,quantile,0.3,2.0
2026-09-19,wk inc covid hosp,3,2026-10-10,38,quantile,0.35,2.0
2026-09-19,wk inc covid hosp,3,2026-10-10,38,quantile,0.4,2.0
2026-09-19,wk inc covid hosp,3,2026-10-10,38,quantile,0.45,2.0
2026-09-19,wk inc covid hosp,3,2026-10-10,38,quantile,0.5,2.0
2026-09-19,wk inc covid hosp,3,2026-10-10,38,quantile,0.55,3.0
2026-09-19,wk inc covid hosp,3,2026-10-10,38,quantile,0.6,3.0
2026-09-19,wk inc covid hosp,3,2026-10-10,38,quantile,0.65,3.0
2026-09-19,wk inc covid hosp,3,2026-10-10,38,quantile,0.7,3.0
2026-09-19,wk inc covid hosp,3,2026-10-10,38,quantile,0.75,3.0
2026-09-19,wk inc covid hosp,3,2026-10-10,38,quantile,0.8,4.0
2026-09-19,wk inc covid hosp,3,2026-10-10,38,quantile,0.85,4.0
2026-09-19,wk inc covid hosp,3,2026-10-10,38,quantile,0.9,4.0
2026-09-19,wk inc covid hosp,3,2026-10-10,38,quantile,0.95,6.0
2026-09-19,wk inc covid hosp,3,2026-10-10,38,quantile,0.975,6.0
2026-09-19,wk inc covid hosp,3,2026-10-10,38,quantile,0.99,9.0
2026-09-19,wk inc covid hosp,3,2026-10-10,39,quantile,0.01,45.0
2026-09-19,wk inc covid hosp,3,2026-10-10,39,quantile,0.025,45.0
2026-09-19,wk inc covid hosp,3,2026-10-10,39,quantile,0.05,48.0
2026-09-19,wk inc covid hosp,3,2026-10-10,39,quantile,0.1,69.0
2026-09-19,wk inc covid hosp,3,2026-10-10,39,quantile,0.15,71.0
2026-09-19,wk inc covid hosp,3,2026-10-10,39,quantile,0.2,75.0
2026-09-19,wk inc covid hosp,3,2026-10-10,39,quantile,0.25,82.0
2026-09-19,wk inc covid hosp,3,2026-10-10,39,quantile,0.3,82.0
2026-09-19,wk inc covid hosp,3,2026-10-10,39,quantile,0.35,86.0
2026-09-19,wk inc covid hosp,3,2026-10-10,39,quantile,0.4,88.0
2026-09-19,wk inc covid hosp,3,2026-10-10,39,quantile,0.45,93.0
2026-09-19,wk inc covid hosp,3,2026-10-10,39,quantile,0.5,103.0
2026-09-19,wk inc covid hosp,3,2026-10-10,39,quantile,0.55,105.0
2026-09-19,wk inc covid hosp,3,2026-10-10,39,quantile,0.6,111.0
2026-09-19,wk inc covid hosp,3,2026-10-10,39,quantile,0.65,112.0
2026-09-19,wk inc covid hosp,3,2026-10-10,39,quantile,0.7,112.0
2026-09-19,wk inc covid hosp,3,2026-10-10,39,quantile,0.75,116.0
2026-09-19,wk inc covid hosp,3,2026-10-10,39,quantile,0.8,116.0
2026-09-19,wk inc covid hosp,3,2026-10-10,39,quantile,0.85,116.0
2026-09-19,wk inc covid hosp,3,2026-10-10,39,quantile,0.9,126.0
2026-09-19,wk inc covid hosp,3,2026-10-10,39,quantile,0.95,126.0
2026-09-19,wk inc covid hosp,3,2026-10-10,39,quantile,0.975,143.0
2026-09-19,wk inc covid hosp,3,2026-10-10,39,quantile,0.99,184.0
2026-09-19,wk inc covid hosp,3,2026-10-10,40,quantile,0.01,12.0
2026-09-19,wk inc covid hosp,3,2026-10-10,40,quantile,0.025,13.0
2026-09-19,wk inc covid hosp,3,2026-10-10,40,quantile,0.05,16.0
2026-09-19,wk inc covid hosp,3,2026-10-10,40,quantile,0.1,21.0
2026-09-19,wk inc covid hosp,3,2026-10-10,40,quantile,0.15,22.0
2026-09-19,wk inc covid hosp,3,2026-10-10,40,quantile,0.2,23.0
2026-09-19,wk inc covid hosp,3,2026-10-10,40,quantile,0.25,26.0
2026-09-19,wk inc covid hosp,3,2026-10-10,40,quantile,0.3,26.0
2026-09-19,wk inc covid hosp,3,2026-10-10,40,quantile,0.35,28.0
2026-09-19,wk inc covid hosp,3,2026-10-10,40,quantile,0.4,29.0
2026-09-19,wk inc covid hosp,3,2026-10-10,40,quantile,0.45,31.0
2026-09-19,wk inc covid hosp,3,2026-10-10,40,quantile,0.5,36.0
2026-09-19,wk inc covid hosp,3,2026-10-10,40,quantile,0.55,37.0
2026-09-19,wk inc covid hosp,3,2026-10-10,40,quantile,0.6,39.0
2026-09-19,wk inc covid hosp,3,2026-10-10,40,quantile,0.65,39.0
2026-09-19,wk inc covid hosp,3,2026-10-10,40,quantile,0.7,39.0
2026-09-19,wk inc covid hosp,3,2026-10-10,40,quantile,0.75,39.0
2026-09-19,wk inc covid hosp,3,2026-10-10,40,quantile,0.8,39.0
2026-09-19,wk inc covid hosp,3,2026-10-10,40,quantile,0.85,41.0
2026-09-19,wk inc covid hosp,3,2026-10-10,40,quantile,0.9,43.0
2026-09-19,wk inc covid hosp,3,2026-10-10,40,quantile,0.95,45.0
2026-09-19,wk inc covid hosp,3,2026-10-10,40,quantile,0.975,49.0
2026-09-19,wk inc covid hosp,3,2026-10-10,40,quantile,0.99,63.0
2026-09-19,wk inc covid hosp,3,2026-10-10,41,quantile,0.01,12.0
2026-09-19,wk inc covid hosp,3,2026-10-10,41,quantile,0.025,13.0
2026-09-19,wk inc covid hosp,3,2026-10-10,41,quantile,0.05,16.0
2026-09-19,wk inc covid hosp,3,2026-10-10,41,quantile,0.1,20.0
2026-09-19,wk inc covid hosp,3,2026-10-10,41,quantile,0.15,22.0
2026-09-19,wk inc covid hosp,3,2026-10-10,41,quantile,0.2,24.0
2026-09-19,wk inc covid hosp,3,2026-10-10,41,quantile,0.25,27.0
2026-09-19,wk inc covid hosp,3,2026-10-10,41,quantile,0.3,27.0
2026-09-19,wk inc covid hosp,3,2026-10-10,41,quantile,0.35,29.0
2026-09-19,wk inc covid hosp,3,2026-10-10,41,quantile,0.4,32.0
2026-09-19,wk inc covid hosp,3,2026-10-10,41,quantile,0.45,35.0
2026-09-19,wk inc covid hosp,3,2026-10-10,41,quantile,0.5,35.0
2026-09-19,wk inc covid hosp,3,2026-10-10,41,quantile,0.55,39.0
2026-09-19,wk inc covid hosp,3,2026-10-10,41,quantile,0.6,40.0
2026-09-19,wk inc covid hosp,3,2026-10-10,41,quantile,0.65,43.0
2026-09-19,wk inc covid hosp,3,2026-10-10,41,quantile,0.7,43.0
2026-09-19,wk inc covid hosp,3,2026-10-10,41,quantile,0.75,43.0
2026-09-19,wk inc covid hosp,3,2026-10-10,41,quantile,0.8,44.0
2026-09-19,wk inc covid hosp,3,2026-10-10,41,quantile,0.85,44.0
2026-09-19,wk inc covid hosp,3,2026-10-10,41,quantile,0.9,48.0
2026-09-19,wk inc covid hosp,3,2026-10-10,41,quantile,0.95,51.0
2026-09-19,wk inc covid hosp,3,2026-10-10,41,quantile,0.975,56.0
2026-09-19,wk inc covid hosp,3,2026-10-10,41,quantile,0.99,64.0
2026-09-19,wk inc covid hosp,3,2026-10-10,42,quantile,0.01,49.0
2026-09-19,wk inc covid hosp,3,2026-10-10,42,quantile,0.025,56.0
2026-09-19,wk inc covid hosp,3,2026-10-10,42,quantile,0.05,69.0
2026-09-19,wk inc covid hosp,3,2026-10-10,42,quantile,0.1,78.0
2026-09-19,wk inc covid hosp,3,2026-10-10,42,quantile,0.15,82.0
2026-09-19,wk inc covid hosp,3,2026-10-10,42,quantile,0.2,98.0
2026-09-19,wk inc covid hosp,3,2026-10-10,42,quantile,0.25,102.0
2026-09-19,wk inc covid hosp,3,2026-10-10,42,quantile,0.3,111.0
2026-09-19,wk inc covid hosp,3,2026-10-10,42,quantile,0.35,117.0
2026-09-19,wk inc covid hosp,3,2026-10-10,42,quantile,0.4,122.0
2026-09-19,wk inc covid hosp,3,2026-10-10,42,quantile,0.45,130.0
2026-09-19,wk inc covid hosp,3,2026-10-10,42,quantile,0.5,132.0
2026-09-19,wk inc covid hosp,3,2026-10-10,42,quantile,0.55,135.0
2026-09-19,wk inc covid hosp,3,2026-10-10,42,quantile,0.6,145.0
2026-09-19,wk inc covid hosp,3,2026-10-10,42,quantile,0.65,155.0
2026-09-19,wk inc covid hosp,3,2026-10-10,42,quantile,0.7,157.0
2026-09-19,wk inc covid hosp,3,2026-10-10,42,quantile,0.75,157.0
2026-09-19,wk inc covid hosp,3,2026-10-10,42,quantile,0.8,162.0
2026-09-19,wk inc covid hosp,3,2026-10-10,42,quantile,0.85,164.0
2026-09-19,wk inc covid hosp,3,2026-10-10,42,quantile,0.9,172.0
2026-09-19,wk inc covid hosp,3,2026-10-10,42,quantile,0.95,177.0
2026-09-19,wk inc covid hosp,3,2026-10-10,42,quantile,0.975,189.0
2026-09-19,wk inc covid hosp,3,2026-10-10,42,quantile,0.99,211.0
2026-09-19,wk inc covid hosp,3,2026-10-10,44,quantile,0.01,3.0
2026-09-19,wk inc covid hosp,3,2026-10-10,44,quantile,0.025,3.0
2026-09-19,wk inc covid hosp,3,2026-10-10,44,quantile,0.05,3.0
2026-09-19,wk inc covid hosp,3,2026-10-10,44,quantile,0.1,4.0
2026-09-19,wk inc covid hosp,3,2026-10-10,44,quantile,0.15,5.0
2026-09-19,wk inc covid hosp,3,2026-10-10,44,quantile,0.2,6.0
2026-09-19,wk inc covid hosp,3,2026-10-10,44,quantile,0.25,6.0
2026-09-19,wk inc covid hosp,3,2026-10-10,44,quantile,0.3,6.0
2026-09-19,wk inc covid hosp,3,2026-10-10,44,quantile,0.35,7.0
2026-09-19,wk inc covid hosp,3,2026-10-10,44,quantile,0.4,8.0
2026-09-19,wk inc covid hosp,3,2026-10-10,44,quantile,0.45,9.0
2026-09-19,wk inc covid hosp,3,2026-10-10,44,quantile,0.5,10.0
2026-09-19,wk inc covid hosp,3,2026-10-10,44,quantile,0.55,10.0
2026-09-19,wk inc covid hosp,3,2026-10-10,44,quantile,0.6,11.0
2026-09-19,wk inc covid hosp,3,2026-10-10,44,quantile,0.65,11.0
2026-09-19,wk inc covid hosp,3,2026-10-10,44,quantile,0.7,11.0
2026-09-19,wk inc covid hosp,3,2026-10-10,44,quantile,0.75,11.0
2026-09-19,wk inc covid hosp,3,2026-10-10,44,quantile,0.8,11.0
2026-09-19,wk inc covid hosp,3,2026-10-10,44,quantile,0.85,12.0
2026-09-19,wk inc covid hosp,3,2026-10-10,44,quantile,0.9,13.0
2026-09-19,wk inc covid hosp,3,2026-10-10,44,quantile,0.95,14.0
2026-09-19,wk inc covid hosp,3,2026-10-10,44,quantile,0.975,16.0
2026-09-19,wk inc covid hosp,3,2026-10-10,44,quantile,0.99,19.0
2026-09-19,wk inc covid hosp,3,2026-10-10,45,quantile,0.01,22.0
2026-09-19,wk inc covid hosp,3,2026-10-10,45,quantile,0.025,24.0
2026-09-19,wk inc covid hosp,3,2026-10-10,45,quantile,0.05,30.0
2026-09-19,wk inc covid hosp,3,2026-10-10,45,quantile,0.1,39.0
2026-09-19,wk inc covid hosp,3,2026-10-10,45,quantile,0.15,42.0
2026-09-19,wk inc covid hosp,3,2026-10-10,45,quantile,0.2,45.0
2026-09-19,wk inc covid hosp,3,2026-10-10,45,quantile,0.25,48.0
2026-09-19,wk inc covid hosp,3,2026-10-10,45,quantile,0.3,48.0
2026-09-19,wk inc covid hosp,3,2026-10-10,45,quantile,0.35,51.0
2026-09-19,wk inc covid hosp,3,2026-10-10,45,quantile,0.4,52.0
2026-09-19,wk inc covid hosp,3,2026-10-10,45,quantile,0.45,55.0
2026-09-19,wk inc covid hosp,3,2026-10-10,45,quantile,0.5,57.0
2026-09-19,wk inc covid hosp,3,2026-10-10,45,quantile,0.55,61.0
2026-09-19,wk inc covid hosp,3,2026-10-10,45,quantile,0.6,64.0
2026-09-19,wk inc covid hosp,3,2026-10-10,45,quantile,0.65,68.0
2026-09-19,wk inc covid hosp,3,2026-10-10,45,quantile,0.7,75.0
2026-09-19,wk inc covid hosp,3,2026-10-10,45,quantile,0.75,75.0
2026-09-19,wk inc covid hosp,3,2026-10-10,45,quantile,0.8,75.0
2026-09-19,wk inc covid hosp,3,2026-10-10,45,quantile,0.85,76.0
2026-09-19,wk inc covid hosp,3,2026-10-10,45,quantile,0.9,78.0
2026-09-19,wk inc covid hosp,3,2026-10-10,45,quantile,0.95,84.0
2026-09-19,wk inc covid hosp,3,2026-10-10,45,quantile,0.975,93.0
2026-09-19,wk inc covid hosp,3,2026-10-10,45,quantile,0.99,93.0
2026-09-19,wk inc covid hosp,3,2026-10-10,46,quantile,0.01,2.0
2026-09-19,wk inc covid hosp,3,2026-10-10,46,quantile,0.025,2.0
2026-09-19,wk inc covid hosp,3,2026-10-10,46,quantile,0.05,2.0
2026-09-19,wk inc covid hosp,3,2026-10-10,46,quantile,0.1,3.0
2026-09-19,wk inc covid hosp,3,2026-10-10,46,quantile,0.15,3.0
2026-09-19,wk inc covid hosp,3,2026-10-10,46,quantile,0.2,4.0
2026-09-19,wk inc covid hosp,3,2026-10-10,46,quantile,0.25,4.0
2026-09-19,wk inc covid hosp,3,2026-10-10,46,quantile,0.3,5.0
2026-09-19,wk inc covid hosp,3,2026-10-10,46,quantile,0.35,6.0
2026-09-19,wk inc covid hosp,3,2026-10-10,46,quantile,0.4,6.0
2026-09-19,wk inc covid hosp,3,2026-10-10,46,quantile,0.45,6.0
2026-09-19,wk inc covid hosp,3,2026-10-10,46,quantile,0.5,6.0
2026-09-19,wk inc covid hosp,3,2026-10-10,46,quantile,0.55,7.0
2026-09-19,wk inc covid hosp,3,2026-10-10,46,quantile,0.6,7.0
2026-09-19,wk inc covid hosp,3,2026-10-10,46,quantile,0.65,7.0
2026-09-19,wk inc covid hosp,3,2026-10-10,46,quantile,0.7,7.0
2026-09-19,wk inc covid hosp,3,2026-10-10,46,quantile,0.75,7.0
2026-09-19,wk inc covid hosp,3,2026-10-10,46,quantile,0.8,8.0
2026-09-19,wk inc covid hosp,3,2026-10-10,46,quantile,0.85,8.0
2026-09-19,wk inc covid hosp,3,2026-10-10,46,quantile,0.9,9.0
2026-09-19,wk inc covid hosp,3,2026-10-10,46,quantile,0.95,10.0
2026-09-19,wk inc covid hosp,3,2026-10-10,46,quantile,0.975,11.0
2026-09-19,wk inc covid hosp,3,2026-10-10,46,quantile,0.99,12.0
2026-09-19,wk inc covid hosp,3,2026-10-10,47,quantile,0.01,25.0
2026-09-19,wk inc covid hosp,3,2026-10-10,47,quantile,0.025,28.0
2026-09-19,wk inc covid hosp,3,2026-10-10,47,quantile,0.05,36.0
2026-09-19,wk inc covid hosp,3,2026-10-10,47,quantile,0.1,44.0
2026-09-19,wk inc covid hosp,3,2026-10-10,47,quantile,0.15,50.0
2026-09-19,wk inc covid hosp,3,2026-10-10,47,quantile,0.2,52.0
2026-09-19,wk inc covid hosp,3,2026-10-10,47,quantile,0.25,56.0
2026-09-19,wk inc covid hosp,3,2026-10-10,47,quantile,0.3,56.0
2026-09-19,wk inc covid hosp,3,2026-10-10,47,quantile,0.35,58.0
2026-09-19,wk inc covid hosp,3,2026-10-10,47,quantile,0.4,62.0
2026-09-19,wk inc covid hosp,3,2026-10-10,47,quantile,0.45,66.0
2026-09-19,wk inc covid hosp,3,2026-10-10,47,quantile,0.5,70.0
2026-09-19,wk inc covid hosp,3,2026-10-10,47,quantile,0.55,75.0
2026-09-19,wk inc covid hosp,3,2026-10-10,47,quantile,0.6,79.0
2026-09-19,wk inc covid hosp,3,2026-10-10,47,quantile,0.65,82.0
2026-09-19,wk inc covid hosp,3,2026-10-10,47,quantile,0.7,82.0
2026-09-19,wk inc covid hosp,3,2026-10-10,47,quantile,0.75,82.0
2026-09-19,wk inc covid hosp,3,2026-10-10,47,quantile,0.8,82.0
2026-09-19,wk inc covid hosp,3,2026-10-10,47,quantile,0.85,84.0
2026-09-19,wk inc covid hosp,3,2026-10-10,47,quantile,0.9,87.0
2026-09-19,wk inc covid hosp,3,2026-10-10,47,quantile,0.95,87.0
2026-09-19,wk inc covid hosp,3,2026-10-10,47,quantile,0.975,95.0
2026-09-19,wk inc covid hosp,3,2026-10-10,47,quantile,0.99,111.0
2026-09-19,wk inc covid hosp,3,2026-10-10,48,quantile,0.01,138.0
2026-09-19,wk inc covid hosp,3,2026-10-10,48,quantile,0.025,159.0
2026-09-19,wk inc covid hosp,3,2026-10-10,48,quantile,0.05,205.0
2026-09-19,wk inc covid hosp,3,2026-10-10,48,quantile,0.1,269.0
2026-09-19,wk inc covid hosp,3,2026-10-10,48,quantile,0.15,269.0
2026-09-19,wk inc covid hosp,3,2026-10-10,48,quantile,0.2,277.0
2026-09-19,wk inc covid hosp,3,2026-10-10,48,quantile,0.25,287.0
2026-09-19,wk inc covid hosp,3,2026-10-10,48,quantile,0.3,287.0
2026-09-19,wk inc covid hosp,3,2026-10-10,48,quantile,0.35,294.0
2026-09-19,wk inc covid hosp,3,2026-10-10,48,quantile,0.4,313.0
2026-09-19,wk inc covid hosp,3,2026-10-10,48,quantile,0.45,327.0
2026-09-19,wk inc covid hosp,3,2026-10-10,48,quantile,0.5,339.0
2026-09-19,wk inc covid hosp,3,2026-10-10,48,quantile,0.55,345.0
2026-09-19,wk inc covid hosp,3,2026-10-10,48,quantile,0.6,357.0
2026-09-19,wk inc covid hosp,3,2026-10-10,48,quantile,0.65,383.0
2026-09-19,wk inc covid hosp,3,2026-10-10,48,quantile,0.7,383.0
2026-09-19,wk inc covid hosp,3,2026-10-10,48,quantile,0.75,383.0
2026-09-19,wk inc covid hosp,3,2026-10-10,48,quantile,0.8,383.0
2026-09-19,wk inc covid hosp,3,2026-10-10,48,quantile,0.85,388.0
2026-09-19,wk inc covid hosp,3,2026-10-10,48,quantile,0.9,402.0
2026-09-19,wk inc covid hosp,3,2026-10-10,48,quantile,0.95,444.0
2026-09-19,wk inc covid hosp,3,2026-10-10,48,quantile,0.975,514.0
2026-09-19,wk inc covid hosp,3,2026-10-10,48,quantile,0.99,551.0
2026-09-19,wk inc covid hosp,3,2026-10-10,49,quantile,0.01,6.0
2026-09-19,wk inc covid hosp,3,2026-10-10,49,quantile,0.025,7.0
2026-09-19,wk inc covid hosp,3,2026-10-10,49,quantile,0.05,7.0
2026-09-19,wk inc covid hosp,3,2026-10-10,49,quantile,0.1,10.0
2026-09-19,wk inc covid hosp,3,2026-10-10,49,quantile,0.15,10.0
2026-09-19,wk inc covid hosp,3,2026-10-10,49,quantile,0.2,10.0
2026-09-19,wk inc covid hosp,3,2026-10-10,49,quantile,0.25,10.0
2026-09-19,wk inc covid hosp,3,2026-10-10,49,quantile,0.3,11.0
2026-09-19,wk inc covid hosp,3,2026-10-10,49,quantile,0.35,11.0
2026-09-19,wk inc covid hosp,3,2026-10-10,49,quantile,0.4,11.0
2026-09-19,wk inc covid hosp,3,2026-10-10,49,quantile,0.45,12.0
2026-09-19,wk inc covid hosp,3,2026-10-10,49,quantile,0.5,12.0
2026-09-19,wk inc covid hosp,3,2026-10-10,49,quantile,0.55,13.0
2026-09-19,wk inc covid hosp,3,2026-10-10,49,quantile,0.6,13.0
2026-09-19,wk inc covid hosp,3,2026-10-10,49,quantile,0.65,16.0
2026-09-19,wk inc covid hosp,3,2026-10-10,49,quantile,0.7,16.0
2026-09-19,wk inc covid hosp,3,2026-10-10,49,quantile,0.75,16.0
2026-09-19,wk inc covid hosp,3,2026-10-10,49,quantile,0.8,17.0
2026-09-19,wk inc covid hosp,3,2026-10-10,49,quantile,0.85,18.0
2026-09-19,wk inc covid hosp,3,2026-10-10,49,quantile,0.9,21.0
2026-09-19,wk inc covid hosp,3,2026-10-10,49,quantile,0.95,27.0
2026-09-19,wk inc covid hosp,3,2026-10-10,49,quantile,0.975,31.0
2026-09-19,wk inc covid hosp,3,2026-10-10,49,quantile,0.99,51.0
2026-09-19,wk inc covid hosp,3,2026-10-10,50,quantile,0.01,2.0
2026-09-19,wk inc covid hosp,3,2026-10-10,50,quantile,0.025,2.0
2026-09-19,wk inc covid hosp,3,2026-10-10,50,quantile,0.05,2.0
2026-09-19,wk inc covid hosp,3,2026-10-10,50,quantile,0.1,2.0
2026-09-19,wk inc covid hosp,3,2026-10-10,50,quantile,0.15,2.0
2026-09-19,wk inc covid hosp,3,2026-10-10,50,quantile,0.2,3.0
2026-09-19,wk inc covid hosp,3,2026-10-10,50,quantile,0.25,3.0
2026-09-19,wk inc covid hosp,3,2026-10-10,50,quantile,0.3,3.0
2026-09-19,wk inc covid hosp,3,2026-10-10,50,quantile,0.35,4.0
2026-09-19,wk inc covid hosp,3,2026-10-10,50,quantile,0.4,4.0
2026-09-19,wk inc covid hosp,3,2026-10-10,50,quantile,0.45,5.0
2026-09-19,wk inc covid hosp,3,2026-10-10,50,quantile,0.5,5.0
2026-09-19,wk inc covid hosp,3,2026-10-10,50,quantile,0.55,5.0
2026-09-19,wk inc covid hosp,3,2026-10-10,50,quantile,0.6,6.0
2026-09-19,wk inc covid hosp,3,2026-10-10,50,quantile,0.65,6.0
2026-09-19,wk inc covid hosp,3,2026-10-10,50,quantile,0.7,6.0
2026-09-19,wk inc covid hosp,3,2026-10-10,50,quantile,0.75,6.0
2026-09-19,wk inc covid hosp,3,2026-10-10,50,quantile,0.8,6.0
2026-09-19,wk inc covid hosp,3,2026-10-10,50,quantile,0.85,6.0
2026-09-19,wk inc covid hosp,3,2026-10-10,50,quantile,0.9,7.0
2026-09-19,wk inc covid hosp,3,2026-10-10,50,quantile,0.95,8.0
2026-09-19,wk inc covid hosp,3,2026-10-10,50,quantile,0.975,9.0
2026-09-19,wk inc covid hosp,3,2026-10-10,50,quantile,0.99,11.0
2026-09-19,wk inc covid hosp,3,2026-10-10,51,quantile,0.01,23.0
2026-09-19,wk inc covid hosp,3,2026-10-10,51,quantile,0.025,25.0
2026-09-19,wk inc covid hosp,3,2026-10-10,51,quantile,0.05,26.0
2026-09-19,wk inc covid hosp,3,2026-10-10,51,quantile,0.1,34.0
2026-09-19,wk inc covid hosp,3,2026-10-10,51,quantile,0.15,37.0
2026-09-19,wk inc covid hosp,3,2026-10-10,51,quantile,0.2,38.0
2026-09-19,wk inc covid hosp,3,2026-10-10,51,quantile,0.25,43.0
2026-09-19,wk inc covid hosp,3,2026-10-10,51,quantile,0.3,47.0
2026-09-19,wk inc covid hosp,3,2026-10-10,51,quantile,0.35,51.0
2026-09-19,wk inc covid hosp,3,2026-10-10,51,quantile,0.4,51.0
2026-09-19,wk inc covid hosp,3,2026-10-10,51,quantile,0.45,53.0
2026-09-19,wk inc covid hosp,3,2026-10-10,51,quantile,0.5,53.0
2026-09-19,wk inc covid hosp,3,2026-10-10,51,quantile,0.55,55.0
2026-09-19,wk inc covid hosp,3,2026-10-10,51,quantile,0.6,56.0
2026-09-19,wk inc covid hosp,3,2026-10-10,51,quantile,0.65,60.0
2026-09-19,wk inc covid hosp,3,2026-10-10,51,quantile,0.7,60.0
2026-09-19,wk inc covid hosp,3,2026-10-10,51,quantile,0.75,60.0
2026-09-19,wk inc covid hosp,3,2026-10-10,51,quantile,0.8,61.0
2026-09-19,wk inc covid hosp,3,2026-10-10,51,quantile,0.85,61.0
2026-09-19,wk inc covid hosp,3,2026-10-10,51,quantile,0.9,61.0
2026-09-19,wk inc covid hosp,3,2026-10-10,51,quantile,0.95,74.0
2026-09-19,wk inc covid hosp,3,2026-10-10,51,quantile,0.975,87.0
2026-09-19,wk inc covid hosp,3,2026-10-10,51,quantile,0.99,100.0
2026-09-19,wk inc covid hosp,3,2026-10-10,53,quantile,0.01,31.0
2026-09-19,wk inc covid hosp,3,2026-10-10,53,quantile,0.025,35.0
2026-09-19,wk inc covid hosp,3,2026-10-10,53,quantile,0.05,41.0
2026-09-19,wk inc covid hosp,3,2026-10-10,53,quantile,0.1,48.0
2026-09-19,wk inc covid hosp,3,2026-10-10,53,quantile,0.15,57.0
2026-09-19,wk inc covid hosp,3,2026-10-10,53,quantile,0.2,59.0
2026-09-19,wk inc covid hosp,3,2026-10-10,53,quantile,0.25,65.0
2026-09-19,wk inc covid hosp,3,2026-10-10,53,quantile,0.3,69.0
2026-09-19,wk inc covid hosp,3,2026-10-10,53,quantile,0.35,73.0
2026-09-19,wk inc covid hosp,3,2026-10-10,53,quantile,0.4,75.0
2026-09-19,wk inc covid hosp,3,2026-10-10,53,quantile,0.45,80.0
2026-09-19,wk inc covid hosp,3,2026-10-10,53,quantile,0.5,84.0
2026-09-19,wk inc covid hosp,3,2026-10-10,53,quantile,0.55,87.0
2026-09-19,wk inc covid hosp,3,2026-10-10,53,quantile,0.6,94.0
2026-09-19,wk inc covid hosp,3,2026-10-10,53,quantile,0.65,96.0
2026-09-19,wk inc covid hosp,3,2026-10-10,53,quantile,0.7,97.0
2026-09-19,wk inc covid hosp,3,2026-10-10,53,quantile,0.75,97.0
2026-09-19,wk inc covid hosp,3,2026-10-10,53,quantile,0.8,99.0
2026-09-19,wk inc covid hosp,3,2026-10-10,53,quantile,0.85,104.0
2026-09-19,wk inc covid hosp,3,2026-10-10,53,quantile,0.9,107.0
2026-09-19,wk inc covid hosp,3,2026-10-10,53,quantile,0.95,107.0
2026-09-19,wk inc covid hosp,3,2026-10-10,53,quantile,0.975,112.0
2026-09-19,wk inc covid hosp,3,2026-10-10,53,quantile,0.99,124.0
2026-09-19,wk inc covid hosp,3,2026-10-10,54,quantile,0.01,4.0
2026-09-19,wk inc covid hosp,3,2026-10-10,54,quantile,0.025,4.0
2026-09-19,wk inc covid hosp,3,2026-10-10,54,quantile,0.05,5.0
2026-09-19,wk inc covid hosp,3,2026-10-10,54,quantile,0.1,5.0
2026-09-19,wk inc covid hosp,3,2026-10-10,54,quantile,0.15,6.0
2026-09-19,wk inc covid hosp,3,2026-10-10,54,quantile,0.2,7.0
2026-09-19,wk inc covid hosp,3,2026-10-10,54,quantile,0.25,8.0
2026-09-19,wk inc covid hosp,3,2026-10-10,54,quantile,0.3,9.0
2026-09-19,wk inc covid hosp,3,2026-10-10,54,quantile,0.35,10.0
2026-09-19,wk inc covid hosp,3,2026-10-10,54,quantile,0.4,10.0
2026-09-19,wk inc covid hosp,3,2026-10-10,54,quantile,0.45,11.0
2026-09-19,wk inc covid hosp,3,2026-10-10,54,quantile,0.5,11.0
2026-09-19,wk inc covid hosp,3,2026-10-10,54,quantile,0.55,11.0
2026-09-19,wk inc covid hosp,3,2026-10-10,54,quantile,0.6,11.0
2026-09-19,wk inc covid hosp,3,2026-10-10,54,quantile,0.65,12.0
2026-09-19,wk inc covid hosp,3,2026-10-10,54,quantile,0.7,12.0
2026-09-19,wk inc covid hosp,3,2026-10-10,54,quantile,0.75,13.0
2026-09-19,wk inc covid hosp,3,2026-10-10,54,quantile,0.8,13.0
2026-09-19,wk inc covid hosp,3,2026-10-10,54,quantile,0.85,14.0
2026-09-19,wk inc covid hosp,3,2026-10-10,54,quantile,0.9,14.0
2026-09-19,wk inc covid hosp,3,2026-10-10,54,quantile,0.95,18.0
2026-09-19,wk inc covid hosp,3,2026-10-10,54,quantile,0.975,19.0
2026-09-19,wk inc covid hosp,3,2026-10-10,54,quantile,0.99,24.0
2026-09-19,wk inc covid hosp,3,2026-10-10,55,quantile,0.01,12.0
2026-09-19,wk inc covid hosp,3,2026-10-10,55,quantile,0.025,15.0
2026-09-19,wk inc covid hosp,3,2026-10-10,55,quantile,0.05,15.0
2026-09-19,wk inc covid hosp,3,2026-10-10,55,quantile,0.1,18.0
2026-09-19,wk inc covid hosp,3,2026-10-10,55,quantile,0.15,20.0
2026-09-19,wk inc covid hosp,3,2026-10-10,55,quantile,0.2,22.0
2026-09-19,wk inc covid hosp,3,2026-10-10,55,quantile,0.25,24.0
2026-09-19,wk inc covid hosp,3,2026-10-10,55,quantile,0.3,24.0
2026-09-19,wk inc covid hosp,3,2026-10-10,55,quantile,0.35,26.0
2026-09-19,wk inc covid hosp,3,2026-10-10,55,quantile,0.4,26.0
2026-09-19,wk inc covid hosp,3,2026-10-10,55,quantile,0.45,26.0
2026-09-19,wk inc covid hosp,3,2026-10-10,55,quantile,0.5,28.0
2026-09-19,wk inc covid hosp,3,2026-10-10,55,quantile,0.55,29.0
2026-09-19,wk inc covid hosp,3,2026-10-10,55,quantile,0.6,29.0
2026-09-19,wk inc covid hosp,3,2026-10-10,55,quantile,0.65,32.0
2026-09-19,wk inc covid hosp,3,2026-10-10,55,quantile,0.7,32.0
2026-09-19,wk inc covid hosp,3,2026-10-10,55,quantile,0.75,33.0
2026-09-19,wk inc covid hosp,3,2026-10-10,55,quantile,0.8,34.0
2026-09-19,wk inc covid hosp,3,2026-10-10,55,quantile,0.85,35.0
2026-09-19,wk inc covid hosp,3,2026-10-10,55,quantile,0.9,37.0
2026-09-19,wk inc covid hosp,3,2026-10-10,55,quantile,0.95,49.0
2026-09-19,wk inc covid hosp,3,2026-10-10,55,quantile,0.975,55.0
2026-09-19,wk inc covid hosp,3,2026-10-10,55,quantile,0.99,68.0
2026-09-19,wk inc covid hosp,3,2026-10-10,56,quantile,0.01,1.0
2026-09-19,wk inc covid hosp,3,2026-10-10,56,quantile,0.025,1.0
2026-09-19,wk inc covid hosp,3,2026-10-10,56,quantile,0.05,1.0
2026-09-19,wk inc covid hosp,3,2026-10-10,56,quantile,0.1,2.0
2026-09-19,wk inc covid hosp,3,2026-10-10,56,quantile,0.15,2.0
2026-09-19,wk inc covid hosp,3,2026-10-10,56,quantile,0.2,2.0
2026-09-19,wk inc covid hosp,3,2026-10-10,56,quantile,0.25,2.0
2026-09-19,wk inc covid hosp,3,2026-10-10,56,quantile,0.3,3.0
2026-09-19,wk inc covid hosp,3,2026-10-10,56,quantile,0.35,3.0
2026-09-19,wk inc covid hosp,3,2026-10-10,56,quantile,0.4,3.0
2026-09-19,wk inc covid hosp,3,2026-10-10,56,quantile,0.45,3.0
2026-09-19,wk inc covid hosp,3,2026-10-10,56,quantile,0.5,3.0
2026-09-19,wk inc covid hosp,3,2026-10-10,56,quantile,0.55,3.0
2026-09-19,wk inc covid hosp,3,2026-10-10,56,quantile,0.6,4.0
2026-09-19,wk inc covid hosp,3,2026-10-10,56,quantile,0.65,4.0
2026-09-19,wk inc covid hosp,3,2026-10-10,56,quantile,0.7,4.0
2026-09-19,wk inc covid hosp,3,2026-10-10,56,quantile,0.75,4.0
2026-09-19,wk inc covid hosp,3,2026-10-10,56,quantile,0.8,4.0
2026-09-19,wk inc covid hosp,3,2026-10-10,56,quantile,0.85,4.0
2026-09-19,wk inc covid hosp,3,2026-10-10,56,quantile,0.9,5.0
2026-09-19,wk inc covid hosp,3,2026-10-10,56,quantile,0.95,6.0
2026-09-19,wk inc covid hosp,3,2026-10-10,56,quantile,0.975,7.0
2026-09-19,wk inc covid hosp,3,2026-10-10,56,quantile,0.99,8.0
2026-09-19,wk inc covid hosp,3,2026-10-10,72,quantile,0.01,16.0
2026-09-19,wk inc covid hosp,3,2026-10-10,72,quantile,0.025,16.0
2026-09-19,wk inc covid hosp,3,2026-10-10,72,quantile,0.05,24.0
2026-09-19,wk inc covid hosp,3,2026-10-10,72,quantile,0.1,38.0
2026-09-19,wk inc covid hosp,3,2026-10-10,72,quantile,0.15,38.0
2026-09-19,wk inc covid hosp,3,2026-10-10,72,quantile,0.2,46.0
2026-09-19,wk inc covid hosp,3,2026-10-10,72,quantile,0.25,48.0
2026-09-19,wk inc covid hosp,3,2026-10-10,72,quantile,0.3,50.0
2026-09-19,wk inc covid hosp,3,2026-10-10,72,quantile,0.35,52.0
2026-09-19,wk inc covid hosp,3,2026-10-10,72,quantile,0.4,53.0
2026-09-19,wk inc covid hosp,3,2026-10-10,72,quantile,0.45,58.0
2026-09-19,wk inc covid hosp,3,2026-10-10,72,quantile,0.5,58.0
2026-09-19,wk inc covid hosp,3,2026-10-10,72,quantile,0.55,60.0
2026-09-19,wk inc covid hosp,3,2026-10-10,72,quantile,0.6,62.0
2026-09-19,wk inc covid hosp,3,2026-10-10,72,quantile,0.65,66.0
2026-09-19,wk inc covid hosp,3,2026-10-10,72,quantile,0.7,66.0
2026-09-19,wk inc covid hosp,3,2026-10-10,72,quantile,0.75,72.0
2026-09-19,wk inc covid hosp,3,2026-10-10,72,quantile,0.8,72.0
2026-09-19,wk inc covid hosp,3,2026-10-10,72,quantile,0.85,74.0
2026-09-19,wk inc covid hosp,3,2026-10-10,72,quantile,0.9,82.0
2026-09-19,wk inc covid hosp,3,2026-10-10,72,quantile,0.95,92.0
2026-09-19,wk inc covid hosp,3,2026-10-10,72,quantile,0.975,96.0
2026-09-19,wk inc covid hosp,3,2026-10-10,72,quantile,0.99,102.0
