reference_date,target,horizon,target_end_date,location,output_type,output_type_id,value
2026-08-08,wk inc covid hosp,0,2026-08-08,01,quantile,0.01,26.0
2026-08-08,wk inc covid hosp,0,2026-08-08,01,quantile,0.025,29.0
2026-08-08,wk inc covid hosp,0,2026-08-08,01,quantile,0.05,33.0
2026-08-08,wk inc covid hosp,0,2026-08-08,01,quantile,0.1,36.0
2026-08-08,wk inc covid hosp,0,2026-08-08,01,quantile,0.15,38.0
2026-08-08,wk inc covid hosp,0,2026-08-08,01,quantile,0.2,40.0
2026-08-08,wk inc covid hosp,0,2026-08-08,01,quantile,0.25,41.0
2026-08-08,wk inc covid hosp,0,2026-08-08,01,quantile,0.3,43.0
2026-08-08,wk inc covid hosp,0,2026-08-08,01,quantile,0.35,44.0
2026-08-08,wk inc covid hosp,0,2026-08-08,01,quantile,0.4,46.0
2026-08-08,wk inc covid hosp,0,2026-08-08,01,quantile,0.45,48.0
2026-08-08,wk inc covid hosp,0,2026-08-08,01,quantile,0.5,49.0
2026-08-08,wk inc covid hosp,0,2026-08-08,01,quantile,0.55,51.0
2026-08-08,wk inc covid hosp,0,2026-08-08,01,quantile,0.6,52.0
2026-08-08,wk inc covid hosp,0,2026-08-08,01,quantile,0.65,54.0
2026-08-08,wk inc covid hosp,0,2026-08-08,01,quantile,0.7,56.0
2026-08-08,wk inc covid hosp,0,2026-08-08,01,quantile,0.75,58.0
2026-08-08,wk inc covid hosp,0,2026-08-08,01,quantile,0.8,59.0
2026-08-08,wk inc covid hosp,0,2026-08-08,01,quantile,0.85,62.0
2026-08-08,wk inc covid hosp,0,2026-08-08,01,quantile,0.9,64.0
2026-08-08,wk inc covid hosp,0,2026-08-08,01,quantile,0.95,68.0
2026-08-08,wk inc covid hosp,0,2026-08-08,01,quantile,0.975,74.0
2026-08-08,wk inc covid hosp,0,2026-08-08,01,quantile,0.99,79.0
2026-08-08,wk inc covid hosp,0,2026-08-08,02,quantile,0.01,0.0
2026-08-08,wk inc covid hosp,0,2026-08-08,02,quantile,0.025,0.0
2026-08-08,wk inc covid hosp,0,2026-08-08,02,quantile,0.05,0.0
2026-08-08,wk inc covid hosp,0,2026-08-08,02,quantile,0.1,0.0
2026-08-08,wk inc covid hosp,0,2026-08-08,02,quantile,0.15,0.0
2026-08-08,wk inc covid hosp,0,2026-08-08,02,quantile,0.2,1.0
2026-08-08,wk inc covid hosp,0,2026-08-08,02,quantile,0.25,1.0
2026-08-08,wk inc covid hosp,0,2026-08-08,02,quantile,0.3,2.0
2026-08-08,wk inc covid hosp,0,2026-08-08,02,quantile,0.35,2.0
2026-08-08,wk inc covid hosp,0,2026-08-08,02,quantile,0.4,2.0
2026-08-08,wk inc covid hosp,0,2026-08-08,02,quantile,0.45,3.0
2026-08-08,wk inc covid hosp,0,2026-08-08,02,quantile,0.5,3.0
2026-08-08,wk inc covid hosp,0,2026-08-08,02,quantile,0.55,3.0
2026-08-08,wk inc covid hosp,0,2026-08-08,02,quantile,0.6,4.0
2026-08-08,wk inc covid hosp,0,2026-08-08,02,quantile,0.65,4.0
2026-08-08,wk inc covid hosp,0,2026-08-08,02,quantile,0.7,5.0
2026-08-08,wk inc covid hosp,0,2026-08-08,02,quantile,0.75,5.0
2026-08-08,wk inc covid hosp,0,2026-08-08,02,quantile,0.8,6.0
2026-08-08,wk inc covid hosp,0,2026-08-08,02,quantile,0.85,7.0
2026-08-08,wk inc covid hosp,0,2026-08-08,02,quantile,0.9,8.0
2026-08-08,wk inc covid hosp,0,2026-08-08,02,quantile,0.95,10.0
2026-08-08,wk inc covid hosp,0,2026-08-08,02,quantile,0.975,11.0
2026-08-08,wk inc covid hosp,0,2026-08-08,02,quantile,0.99,14.0
2026-08-08,wk inc covid hosp,0,2026-08-08,04,quantile,0.01,9.0
2026-08-08,wk inc covid hosp,0,2026-08-08,04,quantile,0.025,12.0
2026-08-08,wk inc covid hosp,0,2026-08-08,04,quantile,0.05,13.0
2026-08-08,wk inc covid hosp,0,2026-08-08,04,quantile,0.1,15.0
2026-08-08,wk inc covid hosp,0,2026-08-08,04,quantile,0.15,17.0
2026-08-08,wk inc covid hosp,0,2026-08-08,04,quantile,0.2,18.0
2026-08-08,wk inc covid hosp,0,2026-08-08,04,quantile,0.25,19.0
2026-08-08,wk inc covid hosp,0,2026-08-08,04,quantile,0.3,20.0
2026-08-08,wk inc covid hosp,0,2026-08-08,04,quantile,0.35,21.0
2026-08-08,wk inc covid hosp,0,2026-08-08,04,quantile,0.4,22.0
2026-08-08,wk inc covid hosp,0,2026-08-08,04,quantile,0.45,23.0
2026-08-08,wk inc covid hosp,0,2026-08-08,04,quantile,0.5,24.0
2026-08-08,wk inc covid hosp,0,2026-08-08,04,quantile,0.55,25.0
2026-08-08,wk inc covid hosp,0,2026-08-08,04,quantile,0.6,26.0
2026-08-08,wk inc covid hosp,0,2026-08-08,04,quantile,0.65,27.0
2026-08-08,wk inc covid hosp,0,2026-08-08,04,quantile,0.7,28.0
2026-08-08,wk inc covid hosp,0,2026-08-08,04,quantile,0.75,29.0
2026-08-08,wk inc covid hosp,0,2026-08-08,04,quantile,0.8,31.0
2026-08-08,wk inc covid hosp,0,2026-08-08,04,quantile,0.85,33.0
2026-08-08,wk inc covid hosp,0,2026-08-08,04,quantile,0.9,36.0
2026-08-08,wk inc covid hosp,0,2026-08-08,04,quantile,0.95,40.0
2026-08-08,wk inc covid hosp,0,2026-08-08,04,quantile,0.975,43.0
2026-08-08,wk inc covid hosp,0,2026-08-08,04,quantile,0.99,48.0
2026-08-08,wk inc covid hosp,0,2026-08-08,05,quantile,0.01,0.0
2026-08-08,wk inc covid hosp,0,2026-08-08,05,quantile,0.025,0.0
2026-08-08,wk inc covid hosp,0,2026-08-08,05,quantile,0.05,0.0
2026-08-08,wk inc covid hosp,0,2026-08-08,05,quantile,0.1,1.0
2026-08-08,wk inc covid hosp,0,2026-08-08,05,quantile,0.15,1.0
2026-08-08,wk inc covid hosp,0,2026-08-08,05,quantile,0.2,1.0
2026-08-08,wk inc covid hosp,0,2026-08-08,05,quantile,0.25,2.0
2026-08-08,wk inc covid hosp,0,2026-08-08,05,quantile,0.3,2.0
2026-08-08,wk inc covid hosp,0,2026-08-08,05,quantile,0.35,2.0
2026-08-08,wk inc covid hosp,0,2026-08-08,05,quantile,0.4,3.0
2026-08-08,wk inc covid hosp,0,2026-08-08,05,quantile,0.45,3.0
2026-08-08,wk inc covid hosp,0,2026-08-08,05,quantile,0.5,4.0
2026-08-08,wk inc covid hosp,0,2026-08-08,05,quantile,0.55,4.0
2026-08-08,wk inc covid hosp,0,2026-08-08,05,quantile,0.6,4.0
2026-08-08,wk inc covid hosp,0,2026-08-08,05,quantile,0.65,5.0
2026-08-08,wk inc covid hosp,0,2026-08-08,05,quantile,0.7,6.0
2026-08-08,wk inc covid hosp,0,2026-08-08,05,quantile,0.75,6.0
2026-08-08,wk inc covid hosp,0,2026-08-08,05,quantile,0.8,7.0
2026-08-08,wk inc covid hosp,0,2026-08-08,05,quantile,0.85,7.0
2026-08-08,wk inc covid hosp,0,2026-08-08,05,quantile,0.9,9.0
2026-08-08,wk inc covid hosp,0,2026-08-08,05,quantile,0.95,11.0
2026-08-08,wk inc covid hosp,0,2026-08-08,05,quantile,0.975,12.0
2026-08-08,wk inc covid hosp,0,2026-08-08,05,quantile,0.99,15.0
2026-08-08,wk inc covid hosp,0,2026-08-08,06,quantile,0.01,252.0
2026-08-08,wk inc covid hosp,0,2026-08-08,06,quantile,0.025,263.0
2026-08-08,wk inc covid hosp,0,2026-08-08,06,quantile,0.05,273.0
2026-08-08,wk inc covid hosp,0,2026-08-08,06,quantile,0.1,280.0
2026-08-08,wk inc covid hosp,0,2026-08-08,06,quantile,0.15,288.0
2026-08-08,wk inc covid hosp,0,2026-08-08,06,quantile,0.2,296.0
2026-08-08,wk inc covid hosp,0,2026-08-08,06,quantile,0.25,301.0
2026-08-08,wk inc covid hosp,0,2026-08-08,06,quantile,0.3,306.0
2026-08-08,wk inc covid hosp,0,2026-08-08,06,quantile,0.35,310.0
2026-08-08,wk inc covid hosp,0,2026-08-08,06,quantile,0.4,315.0
2026-08-08,wk inc covid hosp,0,2026-08-08,06,quantile,0.45,319.0
2026-08-08,wk inc covid hosp,0,2026-08-08,06,quantile,0.5,324.0
2026-08-08,wk inc covid hosp,0,2026-08-08,06,quantile,0.55,329.0
2026-08-08,wk inc covid hosp,0,2026-08-08,06,quantile,0.6,333.0
2026-08-08,wk inc covid hosp,0,2026-08-08,06,quantile,0.65,338.0
2026-08-08,wk inc covid hosp,0,2026-08-08,06,quantile,0.7,342.0
2026-08-08,wk inc covid hosp,0,2026-08-08,06,quantile,0.75,346.0
2026-08-08,wk inc covid hosp,0,2026-08-08,06,quantile,0.8,350.0
2026-08-08,wk inc covid hosp,0,2026-08-08,06,quantile,0.85,356.0
2026-08-08,wk inc covid hosp,0,2026-08-08,06,quantile,0.9,368.0
2026-08-08,wk inc covid hosp,0,2026-08-08,06,quantile,0.95,379.0
2026-08-08,wk inc covid hosp,0,2026-08-08,06,quantile,0.975,394.0
2026-08-08,wk inc covid hosp,0,2026-08-08,06,quantile,0.99,404.0
2026-08-08,wk inc covid hosp,0,2026-08-08,08,quantile,0.01,2.0
2026-08-08,wk inc covid hosp,0,2026-08-08,08,quantile,0.025,2.0
2026-08-08,wk inc covid hosp,0,2026-08-08,08,quantile,0.05,3.0
2026-08-08,wk inc covid hosp,0,2026-08-08,08,quantile,0.1,4.0
2026-08-08,wk inc covid hosp,0,2026-08-08,08,quantile,0.15,5.0
2026-08-08,wk inc covid hosp,0,2026-08-08,08,quantile,0.2,6.0
2026-08-08,wk inc covid hosp,0,2026-08-08,08,quantile,0.25,6.0
2026-08-08,wk inc covid hosp,0,2026-08-08,08,quantile,0.3,7.0
2026-08-08,wk inc covid hosp,0,2026-08-08,08,quantile,0.35,8.0
2026-08-08,wk inc covid hosp,0,2026-08-08,08,quantile,0.4,8.0
2026-08-08,wk inc covid hosp,0,2026-08-08,08,quantile,0.45,9.0
2026-08-08,wk inc covid hosp,0,2026-08-08,08,quantile,0.5,9.0
2026-08-08,wk inc covid hosp,0,2026-08-08,08,quantile,0.55,10.0
2026-08-08,wk inc covid hosp,0,2026-08-08,08,quantile,0.6,10.0
2026-08-08,wk inc covid hosp,0,2026-08-08,08,quantile,0.65,11.0
2026-08-08,wk inc covid hosp,0,2026-08-08,08,quantile,0.7,12.0
2026-08-08,wk inc covid hosp,0,2026-08-08,08,quantile,0.75,13.0
2026-08-08,wk inc covid hosp,0,2026-08-08,08,quantile,0.8,13.0
2026-08-08,wk inc covid hosp,0,2026-08-08,08,quantile,0.85,15.0
2026-08-08,wk inc covid hosp,0,2026-08-08,08,quantile,0.9,16.0
2026-08-08,wk inc covid hosp,0,2026-08-08,08,quantile,0.95,18.0
2026-08-08,wk inc covid hosp,0,2026-08-08,08,quantile,0.975,20.0
2026-08-08,wk inc covid hosp,0,2026-08-08,08,quantile,0.99,22.0
2026-08-08,wk inc covid hosp,0,2026-08-08,09,quantile,0.01,1.0
2026-08-08,wk inc covid hosp,0,2026-08-08,09,quantile,0.025,2.0
2026-08-08,wk inc covid hosp,0,2026-08-08,09,quantile,0.05,3.0
2026-08-08,wk inc covid hosp,0,2026-08-08,09,quantile,0.1,4.0
2026-08-08,wk inc covid hosp,0,2026-08-08,09,quantile,0.15,5.0
2026-08-08,wk inc covid hosp,0,2026-08-08,09,quantile,0.2,5.0
2026-08-08,wk inc covid hosp,0,2026-08-08,09,quantile,0.25,6.0
2026-08-08,wk inc covid hosp,0,2026-08-08,09,quantile,0.3,7.0
2026-08-08,wk inc covid hosp,0,2026-08-08,09,quantile,0.35,7.0
2026-08-08,wk inc covid hosp,0,2026-08-08,09,quantile,0.4,8.0
2026-08-08,wk inc covid hosp,0,2026-08-08,09,quantile,0.45,8.0
2026-08-08,wk inc covid hosp,0,2026-08-08,09,quantile,0.5,9.0
2026-08-08,wk inc covid hosp,0,2026-08-08,09,quantile,0.55,10.0
2026-08-08,wk inc covid hosp,0,2026-08-08,09,quantile,0.6,10.0
2026-08-08,wk inc covid hosp,0,2026-08-08,09,quantile,0.65,11.0
2026-08-08,wk inc covid hosp,0,2026-08-08,09,quantile,0.7,12.0
2026-08-08,wk inc covid hosp,0,2026-08-08,09,quantile,0.75,13.0
2026-08-08,wk inc covid hosp,0,2026-08-08,09,quantile,0.8,14.0
2026-08-08,wk inc covid hosp,0,2026-08-08,09,quantile,0.85,15.0
2026-08-08,wk inc covid hosp,0,2026-08-08,09,quantile,0.9,17.0
2026-08-08,wk inc covid hosp,0,2026-08-08,09,quantile,0.95,19.0
2026-08-08,wk inc covid hosp,0,2026-08-08,09,quantile,0.975,22.0
2026-08-08,wk inc covid hosp,0,2026-08-08,09,quantile,0.99,24.0
2026-08-08,wk inc covid hosp,0,2026-08-08,10,quantile,0.01,0.0
2026-08-08,wk inc covid hosp,0,2026-08-08,10,quantile,0.025,0.0
2026-08-08,wk inc covid hosp,0,2026-08-08,10,quantile,0.05,0.0
2026-08-08,wk inc covid hosp,0,2026-08-08,10,quantile,0.1,0.0
2026-08-08,wk inc covid hosp,0,2026-08-08,10,quantile,0.15,0.0
2026-08-08,wk inc covid hosp,0,2026-08-08,10,quantile,0.2,0.0
2026-08-08,wk inc covid hosp,0,2026-08-08,10,quantile,0.25,1.0
2026-08-08,wk inc covid hosp,0,2026-08-08,10,quantile,0.3,1.0
2026-08-08,wk inc covid hosp,0,2026-08-08,10,quantile,0.35,1.0
2026-08-08,wk inc covid hosp,0,2026-08-08,10,quantile,0.4,1.0
2026-08-08,wk inc covid hosp,0,2026-08-08,10,quantile,0.45,2.0
2026-08-08,wk inc covid hosp,0,2026-08-08,10,quantile,0.5,2.0
2026-08-08,wk inc covid hosp,0,2026-08-08,10,quantile,0.55,2.0
2026-08-08,wk inc covid hosp,0,2026-08-08,10,quantile,0.6,3.0
2026-08-08,wk inc covid hosp,0,2026-08-08,10,quantile,0.65,3.0
2026-08-08,wk inc covid hosp,0,2026-08-08,10,quantile,0.7,3.0
2026-08-08,wk inc covid hosp,0,2026-08-08,10,quantile,0.75,4.0
2026-08-08,wk inc covid hosp,0,2026-08-08,10,quantile,0.8,4.0
2026-08-08,wk inc covid hosp,0,2026-08-08,10,quantile,0.85,5.0
2026-08-08,wk inc covid hosp,0,2026-08-08,10,quantile,0.9,5.0
2026-08-08,wk inc covid hosp,0,2026-08-08,10,quantile,0.95,7.0
2026-08-08,wk inc covid hosp,0,2026-08-08,10,quantile,0.975,8.0
2026-08-08,wk inc covid hosp,0,2026-08-08,10,quantile,0.99,9.0
2026-08-08,wk inc covid hosp,0,2026-08-08,11,quantile,0.01,0.0
2026-08-08,wk inc covid hosp,0,2026-08-08,11,quantile,0.025,0.0
2026-08-08,wk inc covid hosp,0,2026-08-08,11,quantile,0.05,0.0
2026-08-08,wk inc covid hosp,0,2026-08-08,11,quantile,0.1,0.0
2026-08-08,wk inc covid hosp,0,2026-08-08,11,quantile,0.15,0.0
2026-08-08,wk inc covid hosp,0,2026-08-08,11,quantile,0.2,0.0
2026-08-08,wk inc covid hosp,0,2026-08-08,11,quantile,0.25,0.0
2026-08-08,wk inc covid hosp,0,2026-08-08,11,quantile,0.3,0.0
2026-08-08,wk inc covid hosp,0,2026-08-08,11,quantile,0.35,0.0
2026-08-08,wk inc covid hosp,0,2026-08-08,11,quantile,0.4,0.0
2026-08-08,wk inc covid hosp,0,2026-08-08,11,quantile,0.45,0.0
2026-08-08,wk inc covid hosp,0,2026-08-08,11,quantile,0.5,0.0
2026-08-08,wk inc covid hosp,0,2026-08-08,11,quantile,0.55,0.0
2026-08-08,wk inc covid hosp,0,2026-08-08,11,quantile,0.6,0.0
2026-08-08,wk inc covid hosp,0,2026-08-08,11,quantile,0.65,0.0
2026-08-08,wk inc covid hosp,0,2026-08-08,11,quantile,0.7,1.0
2026-08-08,wk inc covid hosp,0,2026-08-08,11,quantile,0.75,1.0
2026-08-08,wk inc covid hosp,0,2026-08-08,11,quantile,0.8,1.0
2026-08-08,wk inc covid hosp,0,2026-08-08,11,quantile,0.85,2.0
2026-08-08,wk inc covid hosp,0,2026-08-08,11,quantile,0.9,2.0
2026-08-08,wk inc covid hosp,0,2026-08-08,11,quantile,0.95,4.0
2026-08-08,wk inc covid hosp,0,2026-08-08,11,quantile,0.975,5.0
2026-08-08,wk inc covid hosp,0,2026-08-08,11,quantile,0.99,6.0
2026-08-08,wk inc covid hosp,0,2026-08-08,12,quantile,0.01,220.0
2026-08-08,wk inc covid hosp,0,2026-08-08,12,quantile,0.025,240.0
2026-08-08,wk inc covid hosp,0,2026-08-08,12,quantile,0.05,248.0
2026-08-08,wk inc covid hosp,0,2026-08-08,12,quantile,0.1,256.0
2026-08-08,wk inc covid hosp,0,2026-08-08,12,quantile,0.15,262.0
2026-08-08,wk inc covid hosp,0,2026-08-08,12,quantile,0.2,267.0
2026-08-08,wk inc covid hosp,0,2026-08-08,12,quantile,0.25,273.0
2026-08-08,wk inc covid hosp,0,2026-08-08,12,quantile,0.3,278.0
2026-08-08,wk inc covid hosp,0,2026-08-08,12,quantile,0.35,281.0
2026-08-08,wk inc covid hosp,0,2026-08-08,12,quantile,0.4,284.0
2026-08-08,wk inc covid hosp,0,2026-08-08,12,quantile,0.45,288.0
2026-08-08,wk inc covid hosp,0,2026-08-08,12,quantile,0.5,291.0
2026-08-08,wk inc covid hosp,0,2026-08-08,12,quantile,0.55,295.0
2026-08-08,wk inc covid hosp,0,2026-08-08,12,quantile,0.6,298.0
2026-08-08,wk inc covid hosp,0,2026-08-08,12,quantile,0.65,301.0
2026-08-08,wk inc covid hosp,0,2026-08-08,12,quantile,0.7,304.0
2026-08-08,wk inc covid hosp,0,2026-08-08,12,quantile,0.75,310.0
2026-08-08,wk inc covid hosp,0,2026-08-08,12,quantile,0.8,316.0
2026-08-08,wk inc covid hosp,0,2026-08-08,12,quantile,0.85,325.0
2026-08-08,wk inc covid hosp,0,2026-08-08,12,quantile,0.9,331.0
2026-08-08,wk inc covid hosp,0,2026-08-08,12,quantile,0.95,346.0
2026-08-08,wk inc covid hosp,0,2026-08-08,12,quantile,0.975,358.0
2026-08-08,wk inc covid hosp,0,2026-08-08,12,quantile,0.99,363.0
2026-08-08,wk inc covid hosp,0,2026-08-08,13,quantile,0.01,31.0
2026-08-08,wk inc covid hosp,0,2026-08-08,13,quantile,0.025,34.0
2026-08-08,wk inc covid hosp,0,2026-08-08,13,quantile,0.05,38.0
2026-08-08,wk inc covid hosp,0,2026-08-08,13,quantile,0.1,43.0
2026-08-08,wk inc covid hosp,0,2026-08-08,13,quantile,0.15,46.0
2026-08-08,wk inc covid hosp,0,2026-08-08,13,quantile,0.2,47.0
2026-08-08,wk inc covid hosp,0,2026-08-08,13,quantile,0.25,50.0
2026-08-08,wk inc covid hosp,0,2026-08-08,13,quantile,0.3,51.0
2026-08-08,wk inc covid hosp,0,2026-08-08,13,quantile,0.35,53.0
2026-08-08,wk inc covid hosp,0,2026-08-08,13,quantile,0.4,54.0
2026-08-08,wk inc covid hosp,0,2026-08-08,13,quantile,0.45,55.0
2026-08-08,wk inc covid hosp,0,2026-08-08,13,quantile,0.5,57.0
2026-08-08,wk inc covid hosp,0,2026-08-08,13,quantile,0.55,59.0
2026-08-08,wk inc covid hosp,0,2026-08-08,13,quantile,0.6,60.0
2026-08-08,wk inc covid hosp,0,2026-08-08,13,quantile,0.65,62.0
2026-08-08,wk inc covid hosp,0,2026-08-08,13,quantile,0.7,64.0
2026-08-08,wk inc covid hosp,0,2026-08-08,13,quantile,0.75,66.0
2026-08-08,wk inc covid hosp,0,2026-08-08,13,quantile,0.8,70.0
2026-08-08,wk inc covid hosp,0,2026-08-08,13,quantile,0.85,73.0
2026-08-08,wk inc covid hosp,0,2026-08-08,13,quantile,0.9,76.0
2026-08-08,wk inc covid hosp,0,2026-08-08,13,quantile,0.95,82.0
2026-08-08,wk inc covid hosp,0,2026-08-08,13,quantile,0.975,87.0
2026-08-08,wk inc covid hosp,0,2026-08-08,13,quantile,0.99,94.0
2026-08-08,wk inc covid hosp,0,2026-08-08,15,quantile,0.01,2.0
2026-08-08,wk inc covid hosp,0,2026-08-08,15,quantile,0.025,3.0
2026-08-08,wk inc covid hosp,0,2026-08-08,15,quantile,0.05,5.0
2026-08-08,wk inc covid hosp,0,2026-08-08,15,quantile,0.1,7.0
2026-08-08,wk inc covid hosp,0,2026-08-08,15,quantile,0.15,8.0
2026-08-08,wk inc covid hosp,0,2026-08-08,15,quantile,0.2,8.0
2026-08-08,wk inc covid hosp,0,2026-08-08,15,quantile,0.25,9.0
2026-08-08,wk inc covid hosp,0,2026-08-08,15,quantile,0.3,10.0
2026-08-08,wk inc covid hosp,0,2026-08-08,15,quantile,0.35,11.0
2026-08-08,wk inc covid hosp,0,2026-08-08,15,quantile,0.4,11.0
2026-08-08,wk inc covid hosp,0,2026-08-08,15,quantile,0.45,12.0
2026-08-08,wk inc covid hosp,0,2026-08-08,15,quantile,0.5,12.0
2026-08-08,wk inc covid hosp,0,2026-08-08,15,quantile,0.55,13.0
2026-08-08,wk inc covid hosp,0,2026-08-08,15,quantile,0.6,14.0
2026-08-08,wk inc covid hosp,0,2026-08-08,15,quantile,0.65,15.0
2026-08-08,wk inc covid hosp,0,2026-08-08,15,quantile,0.7,16.0
2026-08-08,wk inc covid hosp,0,2026-08-08,15,quantile,0.75,17.0
2026-08-08,wk inc covid hosp,0,2026-08-08,15,quantile,0.8,18.0
2026-08-08,wk inc covid hosp,0,2026-08-08,15,quantile,0.85,19.0
2026-08-08,wk inc covid hosp,0,2026-08-08,15,quantile,0.9,21.0
2026-08-08,wk inc covid hosp,0,2026-08-08,15,quantile,0.95,24.0
2026-08-08,wk inc covid hosp,0,2026-08-08,15,quantile,0.975,25.0
2026-08-08,wk inc covid hosp,0,2026-08-08,15,quantile,0.99,29.0
2026-08-08,wk inc covid hosp,0,2026-08-08,16,quantile,0.01,0.0
2026-08-08,wk inc covid hosp,0,2026-08-08,16,quantile,0.025,0.0
2026-08-08,wk inc covid hosp,0,2026-08-08,16,quantile,0.05,0.0
2026-08-08,wk inc covid hosp,0,2026-08-08,16,quantile,0.1,0.0
2026-08-08,wk inc covid hosp,0,2026-08-08,16,quantile,0.15,0.0
2026-08-08,wk inc covid hosp,0,2026-08-08,16,quantile,0.2,0.0
2026-08-08,wk inc covid hosp,0,2026-08-08,16,quantile,0.25,0.0
2026-08-08,wk inc covid hosp,0,2026-08-08,16,quantile,0.3,0.0
2026-08-08,wk inc covid hosp,0,2026-08-08,16,quantile,0.35,0.0
2026-08-08,wk inc covid hosp,0,2026-08-08,16,quantile,0.4,0.0
2026-08-08,wk inc covid hosp,0,2026-08-08,16,quantile,0.45,0.0
2026-08-08,wk inc covid hosp,0,2026-08-08,16,quantile,0.5,0.0
2026-08-08,wk inc covid hosp,0,2026-08-08,16,quantile,0.55,0.0
2026-08-08,wk inc covid hosp,0,2026-08-08,16,quantile,0.6,0.0
2026-08-08,wk inc covid hosp,0,2026-08-08,16,quantile,0.65,0.0
2026-08-08,wk inc covid hosp,0,2026-08-08,16,quantile,0.7,0.0
2026-08-08,wk inc covid hosp,0,2026-08-08,16,quantile,0.75,0.0
2026-08-08,wk inc covid hosp,0,2026-08-08,16,quantile,0.8,0.0
2026-08-08,wk inc covid hosp,0,2026-08-08,16,quantile,0.85,0.0
2026-08-08,wk inc covid hosp,0,2026-08-08,16,quantile,0.9,0.0
2026-08-08,wk inc covid hosp,0,2026-08-08,16,quantile,0.95,0.0
2026-08-08,wk inc covid hosp,0,2026-08-08,16,quantile,0.975,1.0
2026-08-08,wk inc covid hosp,0,2026-08-08,16,quantile,0.99,2.0
2026-08-08,wk inc covid hosp,0,2026-08-08,17,quantile,0.01,8.0
2026-08-08,wk inc covid hosp,0,2026-08-08,17,quantile,0.025,10.0
2026-08-08,wk inc covid hosp,0,2026-08-08,17,quantile,0.05,12.0
2026-08-08,wk inc covid hosp,0,2026-08-08,17,quantile,0.1,14.0
2026-08-08,wk inc covid hosp,0,2026-08-08,17,quantile,0.15,16.0
2026-08-08,wk inc covid hosp,0,2026-08-08,17,quantile,0.2,17.0
2026-08-08,wk inc covid hosp,0,2026-08-08,17,quantile,0.25,18.0
2026-08-08,wk inc covid hosp,0,2026-08-08,17,quantile,0.3,19.0
2026-08-08,wk inc covid hosp,0,2026-08-08,17,quantile,0.35,20.0
2026-08-08,wk inc covid hosp,0,2026-08-08,17,quantile,0.4,21.0
2026-08-08,wk inc covid hosp,0,2026-08-08,17,quantile,0.45,22.0
2026-08-08,wk inc covid hosp,0,2026-08-08,17,quantile,0.5,23.0
2026-08-08,wk inc covid hosp,0,2026-08-08,17,quantile,0.55,24.0
2026-08-08,wk inc covid hosp,0,2026-08-08,17,quantile,0.6,25.0
2026-08-08,wk inc covid hosp,0,2026-08-08,17,quantile,0.65,26.0
2026-08-08,wk inc covid hosp,0,2026-08-08,17,quantile,0.7,27.0
2026-08-08,wk inc covid hosp,0,2026-08-08,17,quantile,0.75,28.0
2026-08-08,wk inc covid hosp,0,2026-08-08,17,quantile,0.8,30.0
2026-08-08,wk inc covid hosp,0,2026-08-08,17,quantile,0.85,31.0
2026-08-08,wk inc covid hosp,0,2026-08-08,17,quantile,0.9,33.0
2026-08-08,wk inc covid hosp,0,2026-08-08,17,quantile,0.95,37.0
2026-08-08,wk inc covid hosp,0,2026-08-08,17,quantile,0.975,41.0
2026-08-08,wk inc covid hosp,0,2026-08-08,17,quantile,0.99,44.0
2026-08-08,wk inc covid hosp,0,2026-08-08,18,quantile,0.01,3.0
2026-08-08,wk inc covid hosp,0,2026-08-08,18,quantile,0.025,6.0
2026-08-08,wk inc covid hosp,0,2026-08-08,18,quantile,0.05,7.0
2026-08-08,wk inc covid hosp,0,2026-08-08,18,quantile,0.1,8.0
2026-08-08,wk inc covid hosp,0,2026-08-08,18,quantile,0.15,10.0
2026-08-08,wk inc covid hosp,0,2026-08-08,18,quantile,0.2,11.0
2026-08-08,wk inc covid hosp,0,2026-08-08,18,quantile,0.25,12.0
2026-08-08,wk inc covid hosp,0,2026-08-08,18,quantile,0.3,13.0
2026-08-08,wk inc covid hosp,0,2026-08-08,18,quantile,0.35,14.0
2026-08-08,wk inc covid hosp,0,2026-08-08,18,quantile,0.4,15.0
2026-08-08,wk inc covid hosp,0,2026-08-08,18,quantile,0.45,16.0
2026-08-08,wk inc covid hosp,0,2026-08-08,18,quantile,0.5,17.0
2026-08-08,wk inc covid hosp,0,2026-08-08,18,quantile,0.55,18.0
2026-08-08,wk inc covid hosp,0,2026-08-08,18,quantile,0.6,19.0
2026-08-08,wk inc covid hosp,0,2026-08-08,18,quantile,0.65,20.0
2026-08-08,wk inc covid hosp,0,2026-08-08,18,quantile,0.7,21.0
2026-08-08,wk inc covid hosp,0,2026-08-08,18,quantile,0.75,22.0
2026-08-08,wk inc covid hosp,0,2026-08-08,18,quantile,0.8,23.0
2026-08-08,wk inc covid hosp,0,2026-08-08,18,quantile,0.85,24.0
2026-08-08,wk inc covid hosp,0,2026-08-08,18,quantile,0.9,28.0
2026-08-08,wk inc covid hosp,0,2026-08-08,18,quantile,0.95,30.0
2026-08-08,wk inc covid hosp,0,2026-08-08,18,quantile,0.975,32.0
2026-08-08,wk inc covid hosp,0,2026-08-08,18,quantile,0.99,35.0
2026-08-08,wk inc covid hosp,0,2026-08-08,19,quantile,0.01,0.0
2026-08-08,wk inc covid hosp,0,2026-08-08,19,quantile,0.025,0.0
2026-08-08,wk inc covid hosp,0,2026-08-08,19,quantile,0.05,1.0
2026-08-08,wk inc covid hosp,0,2026-08-08,19,quantile,0.1,2.0
2026-08-08,wk inc covid hosp,0,2026-08-08,19,quantile,0.15,2.0
2026-08-08,wk inc covid hosp,0,2026-08-08,19,quantile,0.2,3.0
2026-08-08,wk inc covid hosp,0,2026-08-08,19,quantile,0.25,3.0
2026-08-08,wk inc covid hosp,0,2026-08-08,19,quantile,0.3,4.0
2026-08-08,wk inc covid hosp,0,2026-08-08,19,quantile,0.35,4.0
2026-08-08,wk inc covid hosp,0,2026-08-08,19,quantile,0.4,5.0
2026-08-08,wk inc covid hosp,0,2026-08-08,19,quantile,0.45,5.0
2026-08-08,wk inc covid hosp,0,2026-08-08,19,quantile,0.5,6.0
2026-08-08,wk inc covid hosp,0,2026-08-08,19,quantile,0.55,6.0
2026-08-08,wk inc covid hosp,0,2026-08-08,19,quantile,0.6,7.0
2026-08-08,wk inc covid hosp,0,2026-08-08,19,quantile,0.65,7.0
2026-08-08,wk inc covid hosp,0,2026-08-08,19,quantile,0.7,8.0
2026-08-08,wk inc covid hosp,0,2026-08-08,19,quantile,0.75,9.0
2026-08-08,wk inc covid hosp,0,2026-08-08,19,quantile,0.8,10.0
2026-08-08,wk inc covid hosp,0,2026-08-08,19,quantile,0.85,11.0
2026-08-08,wk inc covid hosp,0,2026-08-08,19,quantile,0.9,12.0
2026-08-08,wk inc covid hosp,0,2026-08-08,19,quantile,0.95,14.0
2026-08-08,wk inc covid hosp,0,2026-08-08,19,quantile,0.975,17.0
2026-08-08,wk inc covid hosp,0,2026-08-08,19,quantile,0.99,20.0
2026-08-08,wk inc covid hosp,0,2026-08-08,20,quantile,0.01,0.0
2026-08-08,wk inc covid hosp,0,2026-08-08,20,quantile,0.025,1.0
2026-08-08,wk inc covid hosp,0,2026-08-08,20,quantile,0.05,1.0
2026-08-08,wk inc covid hosp,0,2026-08-08,20,quantile,0.1,2.0
2026-08-08,wk inc covid hosp,0,2026-08-08,20,quantile,0.15,2.0
2026-08-08,wk inc covid hosp,0,2026-08-08,20,quantile,0.2,3.0
2026-08-08,wk inc covid hosp,0,2026-08-08,20,quantile,0.25,4.0
2026-08-08,wk inc covid hosp,0,2026-08-08,20,quantile,0.3,4.0
2026-08-08,wk inc covid hosp,0,2026-08-08,20,quantile,0.35,5.0
2026-08-08,wk inc covid hosp,0,2026-08-08,20,quantile,0.4,5.0
2026-08-08,wk inc covid hosp,0,2026-08-08,20,quantile,0.45,6.0
2026-08-08,wk inc covid hosp,0,2026-08-08,20,quantile,0.5,7.0
2026-08-08,wk inc covid hosp,0,2026-08-08,20,quantile,0.55,7.0
2026-08-08,wk inc covid hosp,0,2026-08-08,20,quantile,0.6,7.0
2026-08-08,wk inc covid hosp,0,2026-08-08,20,quantile,0.65,8.0
2026-08-08,wk inc covid hosp,0,2026-08-08,20,quantile,0.7,8.0
2026-08-08,wk inc covid hosp,0,2026-08-08,20,quantile,0.75,9.0
2026-08-08,wk inc covid hosp,0,2026-08-08,20,quantile,0.8,10.0
2026-08-08,wk inc covid hosp,0,2026-08-08,20,quantile,0.85,11.0
2026-08-08,wk inc covid hosp,0,2026-08-08,20,quantile,0.9,13.0
2026-08-08,wk inc covid hosp,0,2026-08-08,20,quantile,0.95,15.0
2026-08-08,wk inc covid hosp,0,2026-08-08,20,quantile,0.975,17.0
2026-08-08,wk inc covid hosp,0,2026-08-08,20,quantile,0.99,19.0
2026-08-08,wk inc covid hosp,0,2026-08-08,21,quantile,0.01,1.0
2026-08-08,wk inc covid hosp,0,2026-08-08,21,quantile,0.025,2.0
2026-08-08,wk inc covid hosp,0,2026-08-08,21,quantile,0.05,2.0
2026-08-08,wk inc covid hosp,0,2026-08-08,21,quantile,0.1,3.0
2026-08-08,wk inc covid hosp,0,2026-08-08,21,quantile,0.15,4.0
2026-08-08,wk inc covid hosp,0,2026-08-08,21,quantile,0.2,5.0
2026-08-08,wk inc covid hosp,0,2026-08-08,21,quantile,0.25,5.0
2026-08-08,wk inc covid hosp,0,2026-08-08,21,quantile,0.3,6.0
2026-08-08,wk inc covid hosp,0,2026-08-08,21,quantile,0.35,6.0
2026-08-08,wk inc covid hosp,0,2026-08-08,21,quantile,0.4,7.0
2026-08-08,wk inc covid hosp,0,2026-08-08,21,quantile,0.45,8.0
2026-08-08,wk inc covid hosp,0,2026-08-08,21,quantile,0.5,8.0
2026-08-08,wk inc covid hosp,0,2026-08-08,21,quantile,0.55,9.0
2026-08-08,wk inc covid hosp,0,2026-08-08,21,quantile,0.6,10.0
2026-08-08,wk inc covid hosp,0,2026-08-08,21,quantile,0.65,10.0
2026-08-08,wk inc covid hosp,0,2026-08-08,21,quantile,0.7,11.0
2026-08-08,wk inc covid hosp,0,2026-08-08,21,quantile,0.75,12.0
2026-08-08,wk inc covid hosp,0,2026-08-08,21,quantile,0.8,13.0
2026-08-08,wk inc covid hosp,0,2026-08-08,21,quantile,0.85,14.0
2026-08-08,wk inc covid hosp,0,2026-08-08,21,quantile,0.9,16.0
2026-08-08,wk inc covid hosp,0,2026-08-08,21,quantile,0.95,18.0
2026-08-08,wk inc covid hosp,0,2026-08-08,21,quantile,0.975,20.0
2026-08-08,wk inc covid hosp,0,2026-08-08,21,quantile,0.99,22.0
2026-08-08,wk inc covid hosp,0,2026-08-08,22,quantile,0.01,36.0
2026-08-08,wk inc covid hosp,0,2026-08-08,22,quantile,0.025,40.0
2026-08-08,wk inc covid hosp,0,2026-08-08,22,quantile,0.05,42.0
2026-08-08,wk inc covid hosp,0,2026-08-08,22,quantile,0.1,47.0
2026-08-08,wk inc covid hosp,0,2026-08-08,22,quantile,0.15,50.0
2026-08-08,wk inc covid hosp,0,2026-08-08,22,quantile,0.2,52.0
2026-08-08,wk inc covid hosp,0,2026-08-08,22,quantile,0.25,54.0
2026-08-08,wk inc covid hosp,0,2026-08-08,22,quantile,0.3,56.0
2026-08-08,wk inc covid hosp,0,2026-08-08,22,quantile,0.35,58.0
2026-08-08,wk inc covid hosp,0,2026-08-08,22,quantile,0.4,59.0
2026-08-08,wk inc covid hosp,0,2026-08-08,22,quantile,0.45,61.0
2026-08-08,wk inc covid hosp,0,2026-08-08,22,quantile,0.5,62.0
2026-08-08,wk inc covid hosp,0,2026-08-08,22,quantile,0.55,64.0
2026-08-08,wk inc covid hosp,0,2026-08-08,22,quantile,0.6,66.0
2026-08-08,wk inc covid hosp,0,2026-08-08,22,quantile,0.65,67.0
2026-08-08,wk inc covid hosp,0,2026-08-08,22,quantile,0.7,69.0
2026-08-08,wk inc covid hosp,0,2026-08-08,22,quantile,0.75,71.0
2026-08-08,wk inc covid hosp,0,2026-08-08,22,quantile,0.8,74.0
2026-08-08,wk inc covid hosp,0,2026-08-08,22,quantile,0.85,76.0
2026-08-08,wk inc covid hosp,0,2026-08-08,22,quantile,0.9,80.0
2026-08-08,wk inc covid hosp,0,2026-08-08,22,quantile,0.95,86.0
2026-08-08,wk inc covid hosp,0,2026-08-08,22,quantile,0.975,91.0
2026-08-08,wk inc covid hosp,0,2026-08-08,22,quantile,0.99,96.0
2026-08-08,wk inc covid hosp,0,2026-08-08,23,quantile,0.01,0.0
2026-08-08,wk inc covid hosp,0,2026-08-08,23,quantile,0.025,0.0
2026-08-08,wk inc covid hosp,0,2026-08-08,23,quantile,0.05,0.0
2026-08-08,wk inc covid hosp,0,2026-08-08,23,quantile,0.1,0.0
2026-08-08,wk inc covid hosp,0,2026-08-08,23,quantile,0.15,0.0
2026-08-08,wk inc covid hosp,0,2026-08-08,23,quantile,0.2,0.0
2026-08-08,wk inc covid hosp,0,2026-08-08,23,quantile,0.25,0.0
2026-08-08,wk inc covid hosp,0,2026-08-08,23,quantile,0.3,0.0
2026-08-08,wk inc covid hosp,0,2026-08-08,23,quantile,0.35,0.0
2026-08-08,wk inc covid hosp,0,2026-08-08,23,quantile,0.4,1.0
2026-08-08,wk inc covid hosp,0,2026-08-08,23,quantile,0.45,1.0
2026-08-08,wk inc covid hosp,0,2026-08-08,23,quantile,0.5,1.0
2026-08-08,wk inc covid hosp,0,2026-08-08,23,quantile,0.55,1.0
2026-08-08,wk inc covid hosp,0,2026-08-08,23,quantile,0.6,2.0
2026-08-08,wk inc covid hosp,0,2026-08-08,23,quantile,0.65,2.0
2026-08-08,wk inc covid hosp,0,2026-08-08,23,quantile,0.7,2.0
2026-08-08,wk inc covid hosp,0,2026-08-08,23,quantile,0.75,3.0
2026-08-08,wk inc covid hosp,0,2026-08-08,23,quantile,0.8,3.0
2026-08-08,wk inc covid hosp,0,2026-08-08,23,quantile,0.85,4.0
2026-08-08,wk inc covid hosp,0,2026-08-08,23,quantile,0.9,4.0
2026-08-08,wk inc covid hosp,0,2026-08-08,23,quantile,0.95,6.0
2026-08-08,wk inc covid hosp,0,2026-08-08,23,quantile,0.975,8.0
2026-08-08,wk inc covid hosp,0,2026-08-08,23,quantile,0.99,10.0
2026-08-08,wk inc covid hosp,0,2026-08-08,24,quantile,0.01,0.0
2026-08-08,wk inc covid hosp,0,2026-08-08,24,quantile,0.025,1.0
2026-08-08,wk inc covid hosp,0,2026-08-08,24,quantile,0.05,1.0
2026-08-08,wk inc covid hosp,0,2026-08-08,24,quantile,0.1,2.0
2026-08-08,wk inc covid hosp,0,2026-08-08,24,quantile,0.15,3.0
2026-08-08,wk inc covid hosp,0,2026-08-08,24,quantile,0.2,3.0
2026-08-08,wk inc covid hosp,0,2026-08-08,24,quantile,0.25,4.0
2026-08-08,wk inc covid hosp,0,2026-08-08,24,quantile,0.3,5.0
2026-08-08,wk inc covid hosp,0,2026-08-08,24,quantile,0.35,5.0
2026-08-08,wk inc covid hosp,0,2026-08-08,24,quantile,0.4,6.0
2026-08-08,wk inc covid hosp,0,2026-08-08,24,quantile,0.45,6.0
2026-08-08,wk inc covid hosp,0,2026-08-08,24,quantile,0.5,7.0
2026-08-08,wk inc covid hosp,0,2026-08-08,24,quantile,0.55,7.0
2026-08-08,wk inc covid hosp,0,2026-08-08,24,quantile,0.6,8.0
2026-08-08,wk inc covid hosp,0,2026-08-08,24,quantile,0.65,8.0
2026-08-08,wk inc covid hosp,0,2026-08-08,24,quantile,0.7,9.0
2026-08-08,wk inc covid hosp,0,2026-08-08,24,quantile,0.75,10.0
2026-08-08,wk inc covid hosp,0,2026-08-08,24,quantile,0.8,10.0
2026-08-08,wk inc covid hosp,0,2026-08-08,24,quantile,0.85,11.0
2026-08-08,wk inc covid hosp,0,2026-08-08,24,quantile,0.9,13.0
2026-08-08,wk inc covid hosp,0,2026-08-08,24,quantile,0.95,15.0
2026-08-08,wk inc covid hosp,0,2026-08-08,24,quantile,0.975,17.0
2026-08-08,wk inc covid hosp,0,2026-08-08,24,quantile,0.99,19.0
2026-08-08,wk inc covid hosp,0,2026-08-08,25,quantile,0.01,4.0
2026-08-08,wk inc covid hosp,0,2026-08-08,25,quantile,0.025,5.0
2026-08-08,wk inc covid hosp,0,2026-08-08,25,quantile,0.05,7.0
2026-08-08,wk inc covid hosp,0,2026-08-08,25,quantile,0.1,9.0
2026-08-08,wk inc covid hosp,0,2026-08-08,25,quantile,0.15,11.0
2026-08-08,wk inc covid hosp,0,2026-08-08,25,quantile,0.2,12.0
2026-08-08,wk inc covid hosp,0,2026-08-08,25,quantile,0.25,13.0
2026-08-08,wk inc covid hosp,0,2026-08-08,25,quantile,0.3,13.0
2026-08-08,wk inc covid hosp,0,2026-08-08,25,quantile,0.35,14.0
2026-08-08,wk inc covid hosp,0,2026-08-08,25,quantile,0.4,15.0
2026-08-08,wk inc covid hosp,0,2026-08-08,25,quantile,0.45,16.0
2026-08-08,wk inc covid hosp,0,2026-08-08,25,quantile,0.5,17.0
2026-08-08,wk inc covid hosp,0,2026-08-08,25,quantile,0.55,18.0
2026-08-08,wk inc covid hosp,0,2026-08-08,25,quantile,0.6,18.0
2026-08-08,wk inc covid hosp,0,2026-08-08,25,quantile,0.65,19.0
2026-08-08,wk inc covid hosp,0,2026-08-08,25,quantile,0.7,20.0
2026-08-08,wk inc covid hosp,0,2026-08-08,25,quantile,0.75,21.0
2026-08-08,wk inc covid hosp,0,2026-08-08,25,quantile,0.8,22.0
2026-08-08,wk inc covid hosp,0,2026-08-08,25,quantile,0.85,23.0
2026-08-08,wk inc covid hosp,0,2026-08-08,25,quantile,0.9,25.0
2026-08-08,wk inc covid hosp,0,2026-08-08,25,quantile,0.95,28.0
2026-08-08,wk inc covid hosp,0,2026-08-08,25,quantile,0.975,30.0
2026-08-08,wk inc covid hosp,0,2026-08-08,25,quantile,0.99,34.0
2026-08-08,wk inc covid hosp,0,2026-08-08,26,quantile,0.01,0.0
2026-08-08,wk inc covid hosp,0,2026-08-08,26,quantile,0.025,1.0
2026-08-08,wk inc covid hosp,0,2026-08-08,26,quantile,0.05,1.0
2026-08-08,wk inc covid hosp,0,2026-08-08,26,quantile,0.1,2.0
2026-08-08,wk inc covid hosp,0,2026-08-08,26,quantile,0.15,3.0
2026-08-08,wk inc covid hosp,0,2026-08-08,26,quantile,0.2,3.0
2026-08-08,wk inc covid hosp,0,2026-08-08,26,quantile,0.25,4.0
2026-08-08,wk inc covid hosp,0,2026-08-08,26,quantile,0.3,4.0
2026-08-08,wk inc covid hosp,0,2026-08-08,26,quantile,0.35,5.0
2026-08-08,wk inc covid hosp,0,2026-08-08,26,quantile,0.4,5.0
2026-08-08,wk inc covid hosp,0,2026-08-08,26,quantile,0.45,6.0
2026-08-08,wk inc covid hosp,0,2026-08-08,26,quantile,0.5,6.0
2026-08-08,wk inc covid hosp,0,2026-08-08,26,quantile,0.55,7.0
2026-08-08,wk inc covid hosp,0,2026-08-08,26,quantile,0.6,7.0
2026-08-08,wk inc covid hosp,0,2026-08-08,26,quantile,0.65,8.0
2026-08-08,wk inc covid hosp,0,2026-08-08,26,quantile,0.7,9.0
2026-08-08,wk inc covid hosp,0,2026-08-08,26,quantile,0.75,9.0
2026-08-08,wk inc covid hosp,0,2026-08-08,26,quantile,0.8,10.0
2026-08-08,wk inc covid hosp,0,2026-08-08,26,quantile,0.85,11.0
2026-08-08,wk inc covid hosp,0,2026-08-08,26,quantile,0.9,13.0
2026-08-08,wk inc covid hosp,0,2026-08-08,26,quantile,0.95,15.0
2026-08-08,wk inc covid hosp,0,2026-08-08,26,quantile,0.975,16.0
2026-08-08,wk inc covid hosp,0,2026-08-08,26,quantile,0.99,17.0
2026-08-08,wk inc covid hosp,0,2026-08-08,27,quantile,0.01,4.0
2026-08-08,wk inc covid hosp,0,2026-08-08,27,quantile,0.025,6.0
2026-08-08,wk inc covid hosp,0,2026-08-08,27,quantile,0.05,7.0
2026-08-08,wk inc covid hosp,0,2026-08-08,27,quantile,0.1,9.0
2026-08-08,wk inc covid hosp,0,2026-08-08,27,quantile,0.15,10.0
2026-08-08,wk inc covid hosp,0,2026-08-08,27,quantile,0.2,11.0
2026-08-08,wk inc covid hosp,0,2026-08-08,27,quantile,0.25,11.0
2026-08-08,wk inc covid hosp,0,2026-08-08,27,quantile,0.3,12.0
2026-08-08,wk inc covid hosp,0,2026-08-08,27,quantile,0.35,13.0
2026-08-08,wk inc covid hosp,0,2026-08-08,27,quantile,0.4,14.0
2026-08-08,wk inc covid hosp,0,2026-08-08,27,quantile,0.45,14.0
2026-08-08,wk inc covid hosp,0,2026-08-08,27,quantile,0.5,15.0
2026-08-08,wk inc covid hosp,0,2026-08-08,27,quantile,0.55,16.0
2026-08-08,wk inc covid hosp,0,2026-08-08,27,quantile,0.6,17.0
2026-08-08,wk inc covid hosp,0,2026-08-08,27,quantile,0.65,18.0
2026-08-08,wk inc covid hosp,0,2026-08-08,27,quantile,0.7,19.0
2026-08-08,wk inc covid hosp,0,2026-08-08,27,quantile,0.75,20.0
2026-08-08,wk inc covid hosp,0,2026-08-08,27,quantile,0.8,21.0
2026-08-08,wk inc covid hosp,0,2026-08-08,27,quantile,0.85,23.0
2026-08-08,wk inc covid hosp,0,2026-08-08,27,quantile,0.9,24.0
2026-08-08,wk inc covid hosp,0,2026-08-08,27,quantile,0.95,27.0
2026-08-08,wk inc covid hosp,0,2026-08-08,27,quantile,0.975,31.0
2026-08-08,wk inc covid hosp,0,2026-08-08,27,quantile,0.99,34.0
2026-08-08,wk inc covid hosp,0,2026-08-08,28,quantile,0.01,11.0
2026-08-08,wk inc covid hosp,0,2026-08-08,28,quantile,0.025,13.0
2026-08-08,wk inc covid hosp,0,2026-08-08,28,quantile,0.05,14.0
2026-08-08,wk inc covid hosp,0,2026-08-08,28,quantile,0.1,17.0
2026-08-08,wk inc covid hosp,0,2026-08-08,28,quantile,0.15,18.0
2026-08-08,wk inc covid hosp,0,2026-08-08,28,quantile,0.2,20.0
2026-08-08,wk inc covid hosp,0,2026-08-08,28,quantile,0.25,21.0
2026-08-08,wk inc covid hosp,0,2026-08-08,28,quantile,0.3,22.0
2026-08-08,wk inc covid hosp,0,2026-08-08,28,quantile,0.35,24.0
2026-08-08,wk inc covid hosp,0,2026-08-08,28,quantile,0.4,24.0
2026-08-08,wk inc covid hosp,0,2026-08-08,28,quantile,0.45,26.0
2026-08-08,wk inc covid hosp,0,2026-08-08,28,quantile,0.5,27.0
2026-08-08,wk inc covid hosp,0,2026-08-08,28,quantile,0.55,28.0
2026-08-08,wk inc covid hosp,0,2026-08-08,28,quantile,0.6,29.0
2026-08-08,wk inc covid hosp,0,2026-08-08,28,quantile,0.65,30.0
2026-08-08,wk inc covid hosp,0,2026-08-08,28,quantile,0.7,31.0
2026-08-08,wk inc covid hosp,0,2026-08-08,28,quantile,0.75,33.0
2026-08-08,wk inc covid hosp,0,2026-08-08,28,quantile,0.8,34.0
2026-08-08,wk inc covid hosp,0,2026-08-08,28,quantile,0.85,36.0
2026-08-08,wk inc covid hosp,0,2026-08-08,28,quantile,0.9,39.0
2026-08-08,wk inc covid hosp,0,2026-08-08,28,quantile,0.95,43.0
2026-08-08,wk inc covid hosp,0,2026-08-08,28,quantile,0.975,46.0
2026-08-08,wk inc covid hosp,0,2026-08-08,28,quantile,0.99,49.0
2026-08-08,wk inc covid hosp,0,2026-08-08,29,quantile,0.01,2.0
2026-08-08,wk inc covid hosp,0,2026-08-08,29,quantile,0.025,3.0
2026-08-08,wk inc covid hosp,0,2026-08-08,29,quantile,0.05,4.0
2026-08-08,wk inc covid hosp,0,2026-08-08,29,quantile,0.1,5.0
2026-08-08,wk inc covid hosp,0,2026-08-08,29,quantile,0.15,6.0
2026-08-08,wk inc covid hosp,0,2026-08-08,29,quantile,0.2,7.0
2026-08-08,wk inc covid hosp,0,2026-08-08,29,quantile,0.25,7.0
2026-08-08,wk inc covid hosp,0,2026-08-08,29,quantile,0.3,8.0
2026-08-08,wk inc covid hosp,0,2026-08-08,29,quantile,0.35,9.0
2026-08-08,wk inc covid hosp,0,2026-08-08,29,quantile,0.4,10.0
2026-08-08,wk inc covid hosp,0,2026-08-08,29,quantile,0.45,10.0
2026-08-08,wk inc covid hosp,0,2026-08-08,29,quantile,0.5,11.0
2026-08-08,wk inc covid hosp,0,2026-08-08,29,quantile,0.55,12.0
2026-08-08,wk inc covid hosp,0,2026-08-08,29,quantile,0.6,12.0
2026-08-08,wk inc covid hosp,0,2026-08-08,29,quantile,0.65,13.0
2026-08-08,wk inc covid hosp,0,2026-08-08,29,quantile,0.7,14.0
2026-08-08,wk inc covid hosp,0,2026-08-08,29,quantile,0.75,15.0
2026-08-08,wk inc covid hosp,0,2026-08-08,29,quantile,0.8,16.0
2026-08-08,wk inc covid hosp,0,2026-08-08,29,quantile,0.85,17.0
2026-08-08,wk inc covid hosp,0,2026-08-08,29,quantile,0.9,19.0
2026-08-08,wk inc covid hosp,0,2026-08-08,29,quantile,0.95,20.0
2026-08-08,wk inc covid hosp,0,2026-08-08,29,quantile,0.975,21.0
2026-08-08,wk inc covid hosp,0,2026-08-08,29,quantile,0.99,24.0
2026-08-08,wk inc covid hosp,0,2026-08-08,30,quantile,0.01,0.0
2026-08-08,wk inc covid hosp,0,2026-08-08,30,quantile,0.025,1.0
2026-08-08,wk inc covid hosp,0,2026-08-08,30,quantile,0.05,1.0
2026-08-08,wk inc covid hosp,0,2026-08-08,30,quantile,0.1,2.0
2026-08-08,wk inc covid hosp,0,2026-08-08,30,quantile,0.15,3.0
2026-08-08,wk inc covid hosp,0,2026-08-08,30,quantile,0.2,4.0
2026-08-08,wk inc covid hosp,0,2026-08-08,30,quantile,0.25,4.0
2026-08-08,wk inc covid hosp,0,2026-08-08,30,quantile,0.3,5.0
2026-08-08,wk inc covid hosp,0,2026-08-08,30,quantile,0.35,5.0
2026-08-08,wk inc covid hosp,0,2026-08-08,30,quantile,0.4,5.0
2026-08-08,wk inc covid hosp,0,2026-08-08,30,quantile,0.45,6.0
2026-08-08,wk inc covid hosp,0,2026-08-08,30,quantile,0.5,7.0
2026-08-08,wk inc covid hosp,0,2026-08-08,30,quantile,0.55,7.0
2026-08-08,wk inc covid hosp,0,2026-08-08,30,quantile,0.6,8.0
2026-08-08,wk inc covid hosp,0,2026-08-08,30,quantile,0.65,8.0
2026-08-08,wk inc covid hosp,0,2026-08-08,30,quantile,0.7,9.0
2026-08-08,wk inc covid hosp,0,2026-08-08,30,quantile,0.75,9.0
2026-08-08,wk inc covid hosp,0,2026-08-08,30,quantile,0.8,10.0
2026-08-08,wk inc covid hosp,0,2026-08-08,30,quantile,0.85,12.0
2026-08-08,wk inc covid hosp,0,2026-08-08,30,quantile,0.9,13.0
2026-08-08,wk inc covid hosp,0,2026-08-08,30,quantile,0.95,15.0
2026-08-08,wk inc covid hosp,0,2026-08-08,30,quantile,0.975,16.0
2026-08-08,wk inc covid hosp,0,2026-08-08,30,quantile,0.99,19.0
2026-08-08,wk inc covid hosp,0,2026-08-08,31,quantile,0.01,0.0
2026-08-08,wk inc covid hosp,0,2026-08-08,31,quantile,0.025,0.0
2026-08-08,wk inc covid hosp,0,2026-08-08,31,quantile,0.05,0.0
2026-08-08,wk inc covid hosp,0,2026-08-08,31,quantile,0.1,0.0
2026-08-08,wk inc covid hosp,0,2026-08-08,31,quantile,0.15,0.0
2026-08-08,wk inc covid hosp,0,2026-08-08,31,quantile,0.2,0.0
2026-08-08,wk inc covid hosp,0,2026-08-08,31,quantile,0.25,0.0
2026-08-08,wk inc covid hosp,0,2026-08-08,31,quantile,0.3,0.0
2026-08-08,wk inc covid hosp,0,2026-08-08,31,quantile,0.35,0.0
2026-08-08,wk inc covid hosp,0,2026-08-08,31,quantile,0.4,0.0
2026-08-08,wk inc covid hosp,0,2026-08-08,31,quantile,0.45,0.0
2026-08-08,wk inc covid hosp,0,2026-08-08,31,quantile,0.5,0.0
2026-08-08,wk inc covid hosp,0,2026-08-08,31,quantile,0.55,0.0
2026-08-08,wk inc covid hosp,0,2026-08-08,31,quantile,0.6,0.0
2026-08-08,wk inc covid hosp,0,2026-08-08,31,quantile,0.65,0.0
2026-08-08,wk inc covid hosp,0,2026-08-08,31,quantile,0.7,0.0
2026-08-08,wk inc covid hosp,0,2026-08-08,31,quantile,0.75,0.0
2026-08-08,wk inc covid hosp,0,2026-08-08,31,quantile,0.8,1.0
2026-08-08,wk inc covid hosp,0,2026-08-08,31,quantile,0.85,1.0
2026-08-08,wk inc covid hosp,0,2026-08-08,31,quantile,0.9,1.0
2026-08-08,wk inc covid hosp,0,2026-08-08,31,quantile,0.95,2.0
2026-08-08,wk inc covid hosp,0,2026-08-08,31,quantile,0.975,3.0
2026-08-08,wk inc covid hosp,0,2026-08-08,31,quantile,0.99,4.0
2026-08-08,wk inc covid hosp,0,2026-08-08,32,quantile,0.01,5.0
2026-08-08,wk inc covid hosp,0,2026-08-08,32,quantile,0.025,7.0
2026-08-08,wk inc covid hosp,0,2026-08-08,32,quantile,0.05,8.0
2026-08-08,wk inc covid hosp,0,2026-08-08,32,quantile,0.1,10.0
2026-08-08,wk inc covid hosp,0,2026-08-08,32,quantile,0.15,11.0
2026-08-08,wk inc covid hosp,0,2026-08-08,32,quantile,0.2,13.0
2026-08-08,wk inc covid hosp,0,2026-08-08,32,quantile,0.25,14.0
2026-08-08,wk inc covid hosp,0,2026-08-08,32,quantile,0.3,15.0
2026-08-08,wk inc covid hosp,0,2026-08-08,32,quantile,0.35,16.0
2026-08-08,wk inc covid hosp,0,2026-08-08,32,quantile,0.4,17.0
2026-08-08,wk inc covid hosp,0,2026-08-08,32,quantile,0.45,17.0
2026-08-08,wk inc covid hosp,0,2026-08-08,32,quantile,0.5,18.0
2026-08-08,wk inc covid hosp,0,2026-08-08,32,quantile,0.55,18.0
2026-08-08,wk inc covid hosp,0,2026-08-08,32,quantile,0.6,19.0
2026-08-08,wk inc covid hosp,0,2026-08-08,32,quantile,0.65,20.0
2026-08-08,wk inc covid hosp,0,2026-08-08,32,quantile,0.7,22.0
2026-08-08,wk inc covid hosp,0,2026-08-08,32,quantile,0.75,23.0
2026-08-08,wk inc covid hosp,0,2026-08-08,32,quantile,0.8,24.0
2026-08-08,wk inc covid hosp,0,2026-08-08,32,quantile,0.85,26.0
2026-08-08,wk inc covid hosp,0,2026-08-08,32,quantile,0.9,29.0
2026-08-08,wk inc covid hosp,0,2026-08-08,32,quantile,0.95,32.0
2026-08-08,wk inc covid hosp,0,2026-08-08,32,quantile,0.975,34.0
2026-08-08,wk inc covid hosp,0,2026-08-08,32,quantile,0.99,39.0
2026-08-08,wk inc covid hosp,0,2026-08-08,33,quantile,0.01,0.0
2026-08-08,wk inc covid hosp,0,2026-08-08,33,quantile,0.025,0.0
2026-08-08,wk inc covid hosp,0,2026-08-08,33,quantile,0.05,0.0
2026-08-08,wk inc covid hosp,0,2026-08-08,33,quantile,0.1,0.0
2026-08-08,wk inc covid hosp,0,2026-08-08,33,quantile,0.15,0.0
2026-08-08,wk inc covid hosp,0,2026-08-08,33,quantile,0.2,1.0
2026-08-08,wk inc covid hosp,0,2026-08-08,33,quantile,0.25,1.0
2026-08-08,wk inc covid hosp,0,2026-08-08,33,quantile,0.3,2.0
2026-08-08,wk inc covid hosp,0,2026-08-08,33,quantile,0.35,2.0
2026-08-08,wk inc covid hosp,0,2026-08-08,33,quantile,0.4,2.0
2026-08-08,wk inc covid hosp,0,2026-08-08,33,quantile,0.45,3.0
2026-08-08,wk inc covid hosp,0,2026-08-08,33,quantile,0.5,3.0
2026-08-08,wk inc covid hosp,0,2026-08-08,33,quantile,0.55,3.0
2026-08-08,wk inc covid hosp,0,2026-08-08,33,quantile,0.6,4.0
2026-08-08,wk inc covid hosp,0,2026-08-08,33,quantile,0.65,4.0
2026-08-08,wk inc covid hosp,0,2026-08-08,33,quantile,0.7,5.0
2026-08-08,wk inc covid hosp,0,2026-08-08,33,quantile,0.75,5.0
2026-08-08,wk inc covid hosp,0,2026-08-08,33,quantile,0.8,6.0
2026-08-08,wk inc covid hosp,0,2026-08-08,33,quantile,0.85,7.0
2026-08-08,wk inc covid hosp,0,2026-08-08,33,quantile,0.9,8.0
2026-08-08,wk inc covid hosp,0,2026-08-08,33,quantile,0.95,10.0
2026-08-08,wk inc covid hosp,0,2026-08-08,33,quantile,0.975,11.0
2026-08-08,wk inc covid hosp,0,2026-08-08,33,quantile,0.99,12.0
2026-08-08,wk inc covid hosp,0,2026-08-08,34,quantile,0.01,16.0
2026-08-08,wk inc covid hosp,0,2026-08-08,34,quantile,0.025,18.0
2026-08-08,wk inc covid hosp,0,2026-08-08,34,quantile,0.05,22.0
2026-08-08,wk inc covid hosp,0,2026-08-08,34,quantile,0.1,25.0
2026-08-08,wk inc covid hosp,0,2026-08-08,34,quantile,0.15,27.0
2026-08-08,wk inc covid hosp,0,2026-08-08,34,quantile,0.2,29.0
2026-08-08,wk inc covid hosp,0,2026-08-08,34,quantile,0.25,30.0
2026-08-08,wk inc covid hosp,0,2026-08-08,34,quantile,0.3,31.0
2026-08-08,wk inc covid hosp,0,2026-08-08,34,quantile,0.35,33.0
2026-08-08,wk inc covid hosp,0,2026-08-08,34,quantile,0.4,34.0
2026-08-08,wk inc covid hosp,0,2026-08-08,34,quantile,0.45,36.0
2026-08-08,wk inc covid hosp,0,2026-08-08,34,quantile,0.5,37.0
2026-08-08,wk inc covid hosp,0,2026-08-08,34,quantile,0.55,38.0
2026-08-08,wk inc covid hosp,0,2026-08-08,34,quantile,0.6,39.0
2026-08-08,wk inc covid hosp,0,2026-08-08,34,quantile,0.65,41.0
2026-08-08,wk inc covid hosp,0,2026-08-08,34,quantile,0.7,42.0
2026-08-08,wk inc covid hosp,0,2026-08-08,34,quantile,0.75,44.0
2026-08-08,wk inc covid hosp,0,2026-08-08,34,quantile,0.8,46.0
2026-08-08,wk inc covid hosp,0,2026-08-08,34,quantile,0.85,48.0
2026-08-08,wk inc covid hosp,0,2026-08-08,34,quantile,0.9,51.0
2026-08-08,wk inc covid hosp,0,2026-08-08,34,quantile,0.95,54.0
2026-08-08,wk inc covid hosp,0,2026-08-08,34,quantile,0.975,57.0
2026-08-08,wk inc covid hosp,0,2026-08-08,34,quantile,0.99,60.0
2026-08-08,wk inc covid hosp,0,2026-08-08,35,quantile,0.01,0.0
2026-08-08,wk inc covid hosp,0,2026-08-08,35,quantile,0.025,1.0
2026-08-08,wk inc covid hosp,0,2026-08-08,35,quantile,0.05,1.0
2026-08-08,wk inc covid hosp,0,2026-08-08,35,quantile,0.1,2.0
2026-08-08,wk inc covid hosp,0,2026-08-08,35,quantile,0.15,3.0
2026-08-08,wk inc covid hosp,0,2026-08-08,35,quantile,0.2,3.0
2026-08-08,wk inc covid hosp,0,2026-08-08,35,quantile,0.25,4.0
2026-08-08,wk inc covid hosp,0,2026-08-08,35,quantile,0.3,4.0
2026-08-08,wk inc covid hosp,0,2026-08-08,35,quantile,0.35,5.0
2026-08-08,wk inc covid hosp,0,2026-08-08,35,quantile,0.4,5.0
2026-08-08,wk inc covid hosp,0,2026-08-08,35,quantile,0.45,6.0
2026-08-08,wk inc covid hosp,0,2026-08-08,35,quantile,0.5,6.0
2026-08-08,wk inc covid hosp,0,2026-08-08,35,quantile,0.55,7.0
2026-08-08,wk inc covid hosp,0,2026-08-08,35,quantile,0.6,7.0
2026-08-08,wk inc covid hosp,0,2026-08-08,35,quantile,0.65,8.0
2026-08-08,wk inc covid hosp,0,2026-08-08,35,quantile,0.7,8.0
2026-08-08,wk inc covid hosp,0,2026-08-08,35,quantile,0.75,9.0
2026-08-08,wk inc covid hosp,0,2026-08-08,35,quantile,0.8,9.0
2026-08-08,wk inc covid hosp,0,2026-08-08,35,quantile,0.85,10.0
2026-08-08,wk inc covid hosp,0,2026-08-08,35,quantile,0.9,12.0
2026-08-08,wk inc covid hosp,0,2026-08-08,35,quantile,0.95,14.0
2026-08-08,wk inc covid hosp,0,2026-08-08,35,quantile,0.975,15.0
2026-08-08,wk inc covid hosp,0,2026-08-08,35,quantile,0.99,17.0
2026-08-08,wk inc covid hosp,0,2026-08-08,36,quantile,0.01,57.0
2026-08-08,wk inc covid hosp,0,2026-08-08,36,quantile,0.025,64.0
2026-08-08,wk inc covid hosp,0,2026-08-08,36,quantile,0.05,66.0
2026-08-08,wk inc covid hosp,0,2026-08-08,36,quantile,0.1,72.0
2026-08-08,wk inc covid hosp,0,2026-08-08,36,quantile,0.15,75.0
2026-08-08,wk inc covid hosp,0,2026-08-08,36,quantile,0.2,78.0
2026-08-08,wk inc covid hosp,0,2026-08-08,36,quantile,0.25,80.0
2026-08-08,wk inc covid hosp,0,2026-08-08,36,quantile,0.3,83.0
2026-08-08,wk inc covid hosp,0,2026-08-08,36,quantile,0.35,85.0
2026-08-08,wk inc covid hosp,0,2026-08-08,36,quantile,0.4,87.0
2026-08-08,wk inc covid hosp,0,2026-08-08,36,quantile,0.45,89.0
2026-08-08,wk inc covid hosp,0,2026-08-08,36,quantile,0.5,92.0
2026-08-08,wk inc covid hosp,0,2026-08-08,36,quantile,0.55,94.0
2026-08-08,wk inc covid hosp,0,2026-08-08,36,quantile,0.6,97.0
2026-08-08,wk inc covid hosp,0,2026-08-08,36,quantile,0.65,99.0
2026-08-08,wk inc covid hosp,0,2026-08-08,36,quantile,0.7,100.0
2026-08-08,wk inc covid hosp,0,2026-08-08,36,quantile,0.75,104.0
2026-08-08,wk inc covid hosp,0,2026-08-08,36,quantile,0.8,106.0
2026-08-08,wk inc covid hosp,0,2026-08-08,36,quantile,0.85,109.0
2026-08-08,wk inc covid hosp,0,2026-08-08,36,quantile,0.9,113.0
2026-08-08,wk inc covid hosp,0,2026-08-08,36,quantile,0.95,120.0
2026-08-08,wk inc covid hosp,0,2026-08-08,36,quantile,0.975,124.0
2026-08-08,wk inc covid hosp,0,2026-08-08,36,quantile,0.99,133.0
2026-08-08,wk inc covid hosp,0,2026-08-08,37,quantile,0.01,46.0
2026-08-08,wk inc covid hosp,0,2026-08-08,37,quantile,0.025,51.0
2026-08-08,wk inc covid hosp,0,2026-08-08,37,quantile,0.05,57.0
2026-08-08,wk inc covid hosp,0,2026-08-08,37,quantile,0.1,62.0
2026-08-08,wk inc covid hosp,0,2026-08-08,37,quantile,0.15,64.0
2026-08-08,wk inc covid hosp,0,2026-08-08,37,quantile,0.2,67.0
2026-08-08,wk inc covid hosp,0,2026-08-08,37,quantile,0.25,70.0
2026-08-08,wk inc covid hosp,0,2026-08-08,37,quantile,0.3,72.0
2026-08-08,wk inc covid hosp,0,2026-08-08,37,quantile,0.35,74.0
2026-08-08,wk inc covid hosp,0,2026-08-08,37,quantile,0.4,76.0
2026-08-08,wk inc covid hosp,0,2026-08-08,37,quantile,0.45,77.0
2026-08-08,wk inc covid hosp,0,2026-08-08,37,quantile,0.5,79.0
2026-08-08,wk inc covid hosp,0,2026-08-08,37,quantile,0.55,81.0
2026-08-08,wk inc covid hosp,0,2026-08-08,37,quantile,0.6,83.0
2026-08-08,wk inc covid hosp,0,2026-08-08,37,quantile,0.65,84.0
2026-08-08,wk inc covid hosp,0,2026-08-08,37,quantile,0.7,86.0
2026-08-08,wk inc covid hosp,0,2026-08-08,37,quantile,0.75,88.0
2026-08-08,wk inc covid hosp,0,2026-08-08,37,quantile,0.8,92.0
2026-08-08,wk inc covid hosp,0,2026-08-08,37,quantile,0.85,95.0
2026-08-08,wk inc covid hosp,0,2026-08-08,37,quantile,0.9,99.0
2026-08-08,wk inc covid hosp,0,2026-08-08,37,quantile,0.95,106.0
2026-08-08,wk inc covid hosp,0,2026-08-08,37,quantile,0.975,111.0
2026-08-08,wk inc covid hosp,0,2026-08-08,37,quantile,0.99,115.0
2026-08-08,wk inc covid hosp,0,2026-08-08,38,quantile,0.01,0.0
2026-08-08,wk inc covid hosp,0,2026-08-08,38,quantile,0.025,0.0
2026-08-08,wk inc covid hosp,0,2026-08-08,38,quantile,0.05,0.0
2026-08-08,wk inc covid hosp,0,2026-08-08,38,quantile,0.1,0.0
2026-08-08,wk inc covid hosp,0,2026-08-08,38,quantile,0.15,0.0
2026-08-08,wk inc covid hosp,0,2026-08-08,38,quantile,0.2,0.0
2026-08-08,wk inc covid hosp,0,2026-08-08,38,quantile,0.25,0.0
2026-08-08,wk inc covid hosp,0,2026-08-08,38,quantile,0.3,0.0
2026-08-08,wk inc covid hosp,0,2026-08-08,38,quantile,0.35,0.0
2026-08-08,wk inc covid hosp,0,2026-08-08,38,quantile,0.4,0.0
2026-08-08,wk inc covid hosp,0,2026-08-08,38,quantile,0.45,0.0
2026-08-08,wk inc covid hosp,0,2026-08-08,38,quantile,0.5,0.0
2026-08-08,wk inc covid hosp,0,2026-08-08,38,quantile,0.55,1.0
2026-08-08,wk inc covid hosp,0,2026-08-08,38,quantile,0.6,1.0
2026-08-08,wk inc covid hosp,0,2026-08-08,38,quantile,0.65,1.0
2026-08-08,wk inc covid hosp,0,2026-08-08,38,quantile,0.7,1.0
2026-08-08,wk inc covid hosp,0,2026-08-08,38,quantile,0.75,2.0
2026-08-08,wk inc covid hosp,0,2026-08-08,38,quantile,0.8,2.0
2026-08-08,wk inc covid hosp,0,2026-08-08,38,quantile,0.85,3.0
2026-08-08,wk inc covid hosp,0,2026-08-08,38,quantile,0.9,4.0
2026-08-08,wk inc covid hosp,0,2026-08-08,38,quantile,0.95,5.0
2026-08-08,wk inc covid hosp,0,2026-08-08,38,quantile,0.975,5.0
2026-08-08,wk inc covid hosp,0,2026-08-08,38,quantile,0.99,7.0
2026-08-08,wk inc covid hosp,0,2026-08-08,39,quantile,0.01,15.0
2026-08-08,wk inc covid hosp,0,2026-08-08,39,quantile,0.025,17.0
2026-08-08,wk inc covid hosp,0,2026-08-08,39,quantile,0.05,21.0
2026-08-08,wk inc covid hosp,0,2026-08-08,39,quantile,0.1,24.0
2026-08-08,wk inc covid hosp,0,2026-08-08,39,quantile,0.15,26.0
2026-08-08,wk inc covid hosp,0,2026-08-08,39,quantile,0.2,28.0
2026-08-08,wk inc covid hosp,0,2026-08-08,39,quantile,0.25,29.0
2026-08-08,wk inc covid hosp,0,2026-08-08,39,quantile,0.3,30.0
2026-08-08,wk inc covid hosp,0,2026-08-08,39,quantile,0.35,32.0
2026-08-08,wk inc covid hosp,0,2026-08-08,39,quantile,0.4,33.0
2026-08-08,wk inc covid hosp,0,2026-08-08,39,quantile,0.45,34.0
2026-08-08,wk inc covid hosp,0,2026-08-08,39,quantile,0.5,35.0
2026-08-08,wk inc covid hosp,0,2026-08-08,39,quantile,0.55,35.0
2026-08-08,wk inc covid hosp,0,2026-08-08,39,quantile,0.6,37.0
2026-08-08,wk inc covid hosp,0,2026-08-08,39,quantile,0.65,38.0
2026-08-08,wk inc covid hosp,0,2026-08-08,39,quantile,0.7,40.0
2026-08-08,wk inc covid hosp,0,2026-08-08,39,quantile,0.75,41.0
2026-08-08,wk inc covid hosp,0,2026-08-08,39,quantile,0.8,44.0
2026-08-08,wk inc covid hosp,0,2026-08-08,39,quantile,0.85,46.0
2026-08-08,wk inc covid hosp,0,2026-08-08,39,quantile,0.9,49.0
2026-08-08,wk inc covid hosp,0,2026-08-08,39,quantile,0.95,53.0
2026-08-08,wk inc covid hosp,0,2026-08-08,39,quantile,0.975,54.0
2026-08-08,wk inc covid hosp,0,2026-08-08,39,quantile,0.99,60.0
2026-08-08,wk inc covid hosp,0,2026-08-08,40,quantile,0.01,3.0
2026-08-08,wk inc covid hosp,0,2026-08-08,40,quantile,0.025,4.0
2026-08-08,wk inc covid hosp,0,2026-08-08,40,quantile,0.05,5.0
2026-08-08,wk inc covid hosp,0,2026-08-08,40,quantile,0.1,6.0
2026-08-08,wk inc covid hosp,0,2026-08-08,40,quantile,0.15,7.0
2026-08-08,wk inc covid hosp,0,2026-08-08,40,quantile,0.2,8.0
2026-08-08,wk inc covid hosp,0,2026-08-08,40,quantile,0.25,9.0
2026-08-08,wk inc covid hosp,0,2026-08-08,40,quantile,0.3,9.0
2026-08-08,wk inc covid hosp,0,2026-08-08,40,quantile,0.35,10.0
2026-08-08,wk inc covid hosp,0,2026-08-08,40,quantile,0.4,11.0
2026-08-08,wk inc covid hosp,0,2026-08-08,40,quantile,0.45,11.0
2026-08-08,wk inc covid hosp,0,2026-08-08,40,quantile,0.5,12.0
2026-08-08,wk inc covid hosp,0,2026-08-08,40,quantile,0.55,13.0
2026-08-08,wk inc covid hosp,0,2026-08-08,40,quantile,0.6,13.0
2026-08-08,wk inc covid hosp,0,2026-08-08,40,quantile,0.65,14.0
2026-08-08,wk inc covid hosp,0,2026-08-08,40,quantile,0.7,15.0
2026-08-08,wk inc covid hosp,0,2026-08-08,40,quantile,0.75,16.0
2026-08-08,wk inc covid hosp,0,2026-08-08,40,quantile,0.8,17.0
2026-08-08,wk inc covid hosp,0,2026-08-08,40,quantile,0.85,18.0
2026-08-08,wk inc covid hosp,0,2026-08-08,40,quantile,0.9,20.0
2026-08-08,wk inc covid hosp,0,2026-08-08,40,quantile,0.95,24.0
2026-08-08,wk inc covid hosp,0,2026-08-08,40,quantile,0.975,26.0
2026-08-08,wk inc covid hosp,0,2026-08-08,40,quantile,0.99,28.0
2026-08-08,wk inc covid hosp,0,2026-08-08,41,quantile,0.01,0.0
2026-08-08,wk inc covid hosp,0,2026-08-08,41,quantile,0.025,1.0
2026-08-08,wk inc covid hosp,0,2026-08-08,41,quantile,0.05,2.0
2026-08-08,wk inc covid hosp,0,2026-08-08,41,quantile,0.1,3.0
2026-08-08,wk inc covid hosp,0,2026-08-08,41,quantile,0.15,3.0
2026-08-08,wk inc covid hosp,0,2026-08-08,41,quantile,0.2,4.0
2026-08-08,wk inc covid hosp,0,2026-08-08,41,quantile,0.25,5.0
2026-08-08,wk inc covid hosp,0,2026-08-08,41,quantile,0.3,5.0
2026-08-08,wk inc covid hosp,0,2026-08-08,41,quantile,0.35,6.0
2026-08-08,wk inc covid hosp,0,2026-08-08,41,quantile,0.4,7.0
2026-08-08,wk inc covid hosp,0,2026-08-08,41,quantile,0.45,7.0
2026-08-08,wk inc covid hosp,0,2026-08-08,41,quantile,0.5,8.0
2026-08-08,wk inc covid hosp,0,2026-08-08,41,quantile,0.55,8.0
2026-08-08,wk inc covid hosp,0,2026-08-08,41,quantile,0.6,9.0
2026-08-08,wk inc covid hosp,0,2026-08-08,41,quantile,0.65,10.0
2026-08-08,wk inc covid hosp,0,2026-08-08,41,quantile,0.7,10.0
2026-08-08,wk inc covid hosp,0,2026-08-08,41,quantile,0.75,11.0
2026-08-08,wk inc covid hosp,0,2026-08-08,41,quantile,0.8,12.0
2026-08-08,wk inc covid hosp,0,2026-08-08,41,quantile,0.85,12.0
2026-08-08,wk inc covid hosp,0,2026-08-08,41,quantile,0.9,14.0
2026-08-08,wk inc covid hosp,0,2026-08-08,41,quantile,0.95,16.0
2026-08-08,wk inc covid hosp,0,2026-08-08,41,quantile,0.975,19.0
2026-08-08,wk inc covid hosp,0,2026-08-08,41,quantile,0.99,21.0
2026-08-08,wk inc covid hosp,0,2026-08-08,42,quantile,0.01,22.0
2026-08-08,wk inc covid hosp,0,2026-08-08,42,quantile,0.025,24.0
2026-08-08,wk inc covid hosp,0,2026-08-08,42,quantile,0.05,26.0
2026-08-08,wk inc covid hosp,0,2026-08-08,42,quantile,0.1,29.0
2026-08-08,wk inc covid hosp,0,2026-08-08,42,quantile,0.15,31.0
2026-08-08,wk inc covid hosp,0,2026-08-08,42,quantile,0.2,33.0
2026-08-08,wk inc covid hosp,0,2026-08-08,42,quantile,0.25,34.0
2026-08-08,wk inc covid hosp,0,2026-08-08,42,quantile,0.3,36.0
2026-08-08,wk inc covid hosp,0,2026-08-08,42,quantile,0.35,37.0
2026-08-08,wk inc covid hosp,0,2026-08-08,42,quantile,0.4,38.0
2026-08-08,wk inc covid hosp,0,2026-08-08,42,quantile,0.45,40.0
2026-08-08,wk inc covid hosp,0,2026-08-08,42,quantile,0.5,41.0
2026-08-08,wk inc covid hosp,0,2026-08-08,42,quantile,0.55,42.0
2026-08-08,wk inc covid hosp,0,2026-08-08,42,quantile,0.6,44.0
2026-08-08,wk inc covid hosp,0,2026-08-08,42,quantile,0.65,45.0
2026-08-08,wk inc covid hosp,0,2026-08-08,42,quantile,0.7,47.0
2026-08-08,wk inc covid hosp,0,2026-08-08,42,quantile,0.75,48.0
2026-08-08,wk inc covid hosp,0,2026-08-08,42,quantile,0.8,50.0
2026-08-08,wk inc covid hosp,0,2026-08-08,42,quantile,0.85,53.0
2026-08-08,wk inc covid hosp,0,2026-08-08,42,quantile,0.9,57.0
2026-08-08,wk inc covid hosp,0,2026-08-08,42,quantile,0.95,61.0
2026-08-08,wk inc covid hosp,0,2026-08-08,42,quantile,0.975,69.0
2026-08-08,wk inc covid hosp,0,2026-08-08,42,quantile,0.99,74.0
2026-08-08,wk inc covid hosp,0,2026-08-08,44,quantile,0.01,0.0
2026-08-08,wk inc covid hosp,0,2026-08-08,44,quantile,0.025,0.0
2026-08-08,wk inc covid hosp,0,2026-08-08,44,quantile,0.05,0.0
2026-08-08,wk inc covid hosp,0,2026-08-08,44,quantile,0.1,0.0
2026-08-08,wk inc covid hosp,0,2026-08-08,44,quantile,0.15,0.0
2026-08-08,wk inc covid hosp,0,2026-08-08,44,quantile,0.2,1.0
2026-08-08,wk inc covid hosp,0,2026-08-08,44,quantile,0.25,1.0
2026-08-08,wk inc covid hosp,0,2026-08-08,44,quantile,0.3,1.0
2026-08-08,wk inc covid hosp,0,2026-08-08,44,quantile,0.35,2.0
2026-08-08,wk inc covid hosp,0,2026-08-08,44,quantile,0.4,2.0
2026-08-08,wk inc covid hosp,0,2026-08-08,44,quantile,0.45,2.0
2026-08-08,wk inc covid hosp,0,2026-08-08,44,quantile,0.5,3.0
2026-08-08,wk inc covid hosp,0,2026-08-08,44,quantile,0.55,3.0
2026-08-08,wk inc covid hosp,0,2026-08-08,44,quantile,0.6,3.0
2026-08-08,wk inc covid hosp,0,2026-08-08,44,quantile,0.65,4.0
2026-08-08,wk inc covid hosp,0,2026-08-08,44,quantile,0.7,4.0
2026-08-08,wk inc covid hosp,0,2026-08-08,44,quantile,0.75,5.0
2026-08-08,wk inc covid hosp,0,2026-08-08,44,quantile,0.8,5.0
2026-08-08,wk inc covid hosp,0,2026-08-08,44,quantile,0.85,6.0
2026-08-08,wk inc covid hosp,0,2026-08-08,44,quantile,0.9,7.0
2026-08-08,wk inc covid hosp,0,2026-08-08,44,quantile,0.95,8.0
2026-08-08,wk inc covid hosp,0,2026-08-08,44,quantile,0.975,10.0
2026-08-08,wk inc covid hosp,0,2026-08-08,44,quantile,0.99,11.0
2026-08-08,wk inc covid hosp,0,2026-08-08,45,quantile,0.01,5.0
2026-08-08,wk inc covid hosp,0,2026-08-08,45,quantile,0.025,7.0
2026-08-08,wk inc covid hosp,0,2026-08-08,45,quantile,0.05,8.0
2026-08-08,wk inc covid hosp,0,2026-08-08,45,quantile,0.1,10.0
2026-08-08,wk inc covid hosp,0,2026-08-08,45,quantile,0.15,11.0
2026-08-08,wk inc covid hosp,0,2026-08-08,45,quantile,0.2,12.0
2026-08-08,wk inc covid hosp,0,2026-08-08,45,quantile,0.25,13.0
2026-08-08,wk inc covid hosp,0,2026-08-08,45,quantile,0.3,14.0
2026-08-08,wk inc covid hosp,0,2026-08-08,45,quantile,0.35,15.0
2026-08-08,wk inc covid hosp,0,2026-08-08,45,quantile,0.4,16.0
2026-08-08,wk inc covid hosp,0,2026-08-08,45,quantile,0.45,16.0
2026-08-08,wk inc covid hosp,0,2026-08-08,45,quantile,0.5,17.0
2026-08-08,wk inc covid hosp,0,2026-08-08,45,quantile,0.55,18.0
2026-08-08,wk inc covid hosp,0,2026-08-08,45,quantile,0.6,19.0
2026-08-08,wk inc covid hosp,0,2026-08-08,45,quantile,0.65,20.0
2026-08-08,wk inc covid hosp,0,2026-08-08,45,quantile,0.7,21.0
2026-08-08,wk inc covid hosp,0,2026-08-08,45,quantile,0.75,22.0
2026-08-08,wk inc covid hosp,0,2026-08-08,45,quantile,0.8,23.0
2026-08-08,wk inc covid hosp,0,2026-08-08,45,quantile,0.85,25.0
2026-08-08,wk inc covid hosp,0,2026-08-08,45,quantile,0.9,27.0
2026-08-08,wk inc covid hosp,0,2026-08-08,45,quantile,0.95,30.0
2026-08-08,wk inc covid hosp,0,2026-08-08,45,quantile,0.975,32.0
2026-08-08,wk inc covid hosp,0,2026-08-08,45,quantile,0.99,35.0
2026-08-08,wk inc covid hosp,0,2026-08-08,46,quantile,0.01,0.0
2026-08-08,wk inc covid hosp,0,2026-08-08,46,quantile,0.025,0.0
2026-08-08,wk inc covid hosp,0,2026-08-08,46,quantile,0.05,0.0
2026-08-08,wk inc covid hosp,0,2026-08-08,46,quantile,0.1,0.0
2026-08-08,wk inc covid hosp,0,2026-08-08,46,quantile,0.15,0.0
2026-08-08,wk inc covid hosp,0,2026-08-08,46,quantile,0.2,0.0
2026-08-08,wk inc covid hosp,0,2026-08-08,46,quantile,0.25,0.0
2026-08-08,wk inc covid hosp,0,2026-08-08,46,quantile,0.3,0.0
2026-08-08,wk inc covid hosp,0,2026-08-08,46,quantile,0.35,0.0
2026-08-08,wk inc covid hosp,0,2026-08-08,46,quantile,0.4,0.0
2026-08-08,wk inc covid hosp,0,2026-08-08,46,quantile,0.45,0.0
2026-08-08,wk inc covid hosp,0,2026-08-08,46,quantile,0.5,0.0
2026-08-08,wk inc covid hosp,0,2026-08-08,46,quantile,0.55,0.0
2026-08-08,wk inc covid hosp,0,2026-08-08,46,quantile,0.6,0.0
2026-08-08,wk inc covid hosp,0,2026-08-08,46,quantile,0.65,0.0
2026-08-08,wk inc covid hosp,0,2026-08-08,46,quantile,0.7,0.0
2026-08-08,wk inc covid hosp,0,2026-08-08,46,quantile,0.75,0.0
2026-08-08,wk inc covid hosp,0,2026-08-08,46,quantile,0.8,0.0
2026-08-08,wk inc covid hosp,0,2026-08-08,46,quantile,0.85,0.0
2026-08-08,wk inc covid hosp,0,2026-08-08,46,quantile,0.9,0.0
2026-08-08,wk inc covid hosp,0,2026-08-08,46,quantile,0.95,0.0
2026-08-08,wk inc covid hosp,0,2026-08-08,46,quantile,0.975,0.0
2026-08-08,wk inc covid hosp,0,2026-08-08,46,quantile,0.99,0.0
2026-08-08,wk inc covid hosp,0,2026-08-08,47,quantile,0.01,14.0
2026-08-08,wk inc covid hosp,0,2026-08-08,47,quantile,0.025,17.0
2026-08-08,wk inc covid hosp,0,2026-08-08,47,quantile,0.05,20.0
2026-08-08,wk inc covid hosp,0,2026-08-08,47,quantile,0.1,23.0
2026-08-08,wk inc covid hosp,0,2026-08-08,47,quantile,0.15,25.0
2026-08-08,wk inc covid hosp,0,2026-08-08,47,quantile,0.2,27.0
2026-08-08,wk inc covid hosp,0,2026-08-08,47,quantile,0.25,28.0
2026-08-08,wk inc covid hosp,0,2026-08-08,47,quantile,0.3,30.0
2026-08-08,wk inc covid hosp,0,2026-08-08,47,quantile,0.35,31.0
2026-08-08,wk inc covid hosp,0,2026-08-08,47,quantile,0.4,32.0
2026-08-08,wk inc covid hosp,0,2026-08-08,47,quantile,0.45,34.0
2026-08-08,wk inc covid hosp,0,2026-08-08,47,quantile,0.5,35.0
2026-08-08,wk inc covid hosp,0,2026-08-08,47,quantile,0.55,36.0
2026-08-08,wk inc covid hosp,0,2026-08-08,47,quantile,0.6,38.0
2026-08-08,wk inc covid hosp,0,2026-08-08,47,quantile,0.65,39.0
2026-08-08,wk inc covid hosp,0,2026-08-08,47,quantile,0.7,41.0
2026-08-08,wk inc covid hosp,0,2026-08-08,47,quantile,0.75,42.0
2026-08-08,wk inc covid hosp,0,2026-08-08,47,quantile,0.8,45.0
2026-08-08,wk inc covid hosp,0,2026-08-08,47,quantile,0.85,47.0
2026-08-08,wk inc covid hosp,0,2026-08-08,47,quantile,0.9,49.0
2026-08-08,wk inc covid hosp,0,2026-08-08,47,quantile,0.95,54.0
2026-08-08,wk inc covid hosp,0,2026-08-08,47,quantile,0.975,56.0
2026-08-08,wk inc covid hosp,0,2026-08-08,47,quantile,0.99,63.0
2026-08-08,wk inc covid hosp,0,2026-08-08,48,quantile,0.01,218.0
2026-08-08,wk inc covid hosp,0,2026-08-08,48,quantile,0.025,225.0
2026-08-08,wk inc covid hosp,0,2026-08-08,48,quantile,0.05,232.0
2026-08-08,wk inc covid hosp,0,2026-08-08,48,quantile,0.1,240.0
2026-08-08,wk inc covid hosp,0,2026-08-08,48,quantile,0.15,247.0
2026-08-08,wk inc covid hosp,0,2026-08-08,48,quantile,0.2,252.0
2026-08-08,wk inc covid hosp,0,2026-08-08,48,quantile,0.25,257.0
2026-08-08,wk inc covid hosp,0,2026-08-08,48,quantile,0.3,260.0
2026-08-08,wk inc covid hosp,0,2026-08-08,48,quantile,0.35,266.0
2026-08-08,wk inc covid hosp,0,2026-08-08,48,quantile,0.4,269.0
2026-08-08,wk inc covid hosp,0,2026-08-08,48,quantile,0.45,272.0
2026-08-08,wk inc covid hosp,0,2026-08-08,48,quantile,0.5,276.0
2026-08-08,wk inc covid hosp,0,2026-08-08,48,quantile,0.55,280.0
2026-08-08,wk inc covid hosp,0,2026-08-08,48,quantile,0.6,284.0
2026-08-08,wk inc covid hosp,0,2026-08-08,48,quantile,0.65,288.0
2026-08-08,wk inc covid hosp,0,2026-08-08,48,quantile,0.7,292.0
2026-08-08,wk inc covid hosp,0,2026-08-08,48,quantile,0.75,297.0
2026-08-08,wk inc covid hosp,0,2026-08-08,48,quantile,0.8,301.0
2026-08-08,wk inc covid hosp,0,2026-08-08,48,quantile,0.85,309.0
2026-08-08,wk inc covid hosp,0,2026-08-08,48,quantile,0.9,317.0
2026-08-08,wk inc covid hosp,0,2026-08-08,48,quantile,0.95,328.0
2026-08-08,wk inc covid hosp,0,2026-08-08,48,quantile,0.975,337.0
2026-08-08,wk inc covid hosp,0,2026-08-08,48,quantile,0.99,356.0
2026-08-08,wk inc covid hosp,0,2026-08-08,49,quantile,0.01,0.0
2026-08-08,wk inc covid hosp,0,2026-08-08,49,quantile,0.025,0.0
2026-08-08,wk inc covid hosp,0,2026-08-08,49,quantile,0.05,0.0
2026-08-08,wk inc covid hosp,0,2026-08-08,49,quantile,0.1,0.0
2026-08-08,wk inc covid hosp,0,2026-08-08,49,quantile,0.15,0.0
2026-08-08,wk inc covid hosp,0,2026-08-08,49,quantile,0.2,1.0
2026-08-08,wk inc covid hosp,0,2026-08-08,49,quantile,0.25,1.0
2026-08-08,wk inc covid hosp,0,2026-08-08,49,quantile,0.3,1.0
2026-08-08,wk inc covid hosp,0,2026-08-08,49,quantile,0.35,1.0
2026-08-08,wk inc covid hosp,0,2026-08-08,49,quantile,0.4,1.0
2026-08-08,wk inc covid hosp,0,2026-08-08,49,quantile,0.45,2.0
2026-08-08,wk inc covid hosp,0,2026-08-08,49,quantile,0.5,2.0
2026-08-08,wk inc covid hosp,0,2026-08-08,49,quantile,0.55,2.0
2026-08-08,wk inc covid hosp,0,2026-08-08,49,quantile,0.6,3.0
2026-08-08,wk inc covid hosp,0,2026-08-08,49,quantile,0.65,3.0
2026-08-08,wk inc covid hosp,0,2026-08-08,49,quantile,0.7,4.0
2026-08-08,wk inc covid hosp,0,2026-08-08,49,quantile,0.75,4.0
2026-08-08,wk inc covid hosp,0,2026-08-08,49,quantile,0.8,5.0
2026-08-08,wk inc covid hosp,0,2026-08-08,49,quantile,0.85,6.0
2026-08-08,wk inc covid hosp,0,2026-08-08,49,quantile,0.9,7.0
2026-08-08,wk inc covid hosp,0,2026-08-08,49,quantile,0.95,8.0
2026-08-08,wk inc covid hosp,0,2026-08-08,49,quantile,0.975,10.0
2026-08-08,wk inc covid hosp,0,2026-08-08,49,quantile,0.99,11.0
2026-08-08,wk inc covid hosp,0,2026-08-08,50,quantile,0.01,0.0
2026-08-08,wk inc covid hosp,0,2026-08-08,50,quantile,0.025,0.0
2026-08-08,wk inc covid hosp,0,2026-08-08,50,quantile,0.05,0.0
2026-08-08,wk inc covid hosp,0,2026-08-08,50,quantile,0.1,0.0
2026-08-08,wk inc covid hosp,0,2026-08-08,50,quantile,0.15,0.0
2026-08-08,wk inc covid hosp,0,2026-08-08,50,quantile,0.2,0.0
2026-08-08,wk inc covid hosp,0,2026-08-08,50,quantile,0.25,0.0
2026-08-08,wk inc covid hosp,0,2026-08-08,50,quantile,0.3,0.0
2026-08-08,wk inc covid hosp,0,2026-08-08,50,quantile,0.35,0.0
2026-08-08,wk inc covid hosp,0,2026-08-08,50,quantile,0.4,0.0
2026-08-08,wk inc covid hosp,0,2026-08-08,50,quantile,0.45,0.0
2026-08-08,wk inc covid hosp,0,2026-08-08,50,quantile,0.5,0.0
2026-08-08,wk inc covid hosp,0,2026-08-08,50,quantile,0.55,0.0
2026-08-08,wk inc covid hosp,0,2026-08-08,50,quantile,0.6,0.0
2026-08-08,wk inc covid hosp,0,2026-08-08,50,quantile,0.65,0.0
2026-08-08,wk inc covid hosp,0,2026-08-08,50,quantile,0.7,0.0
2026-08-08,wk inc covid hosp,0,2026-08-08,50,quantile,0.75,0.0
2026-08-08,wk inc covid hosp,0,2026-08-08,50,quantile,0.8,0.0
2026-08-08,wk inc covid hosp,0,2026-08-08,50,quantile,0.85,0.0
2026-08-08,wk inc covid hosp,0,2026-08-08,50,quantile,0.9,0.0
2026-08-08,wk inc covid hosp,0,2026-08-08,50,quantile,0.95,0.0
2026-08-08,wk inc covid hosp,0,2026-08-08,50,quantile,0.975,0.0
2026-08-08,wk inc covid hosp,0,2026-08-08,50,quantile,0.99,1.0
2026-08-08,wk inc covid hosp,0,2026-08-08,51,quantile,0.01,5.0
2026-08-08,wk inc covid hosp,0,2026-08-08,51,quantile,0.025,5.0
2026-08-08,wk inc covid hosp,0,2026-08-08,51,quantile,0.05,7.0
2026-08-08,wk inc covid hosp,0,2026-08-08,51,quantile,0.1,9.0
2026-08-08,wk inc covid hosp,0,2026-08-08,51,quantile,0.15,10.0
2026-08-08,wk inc covid hosp,0,2026-08-08,51,quantile,0.2,11.0
2026-08-08,wk inc covid hosp,0,2026-08-08,51,quantile,0.25,12.0
2026-08-08,wk inc covid hosp,0,2026-08-08,51,quantile,0.3,13.0
2026-08-08,wk inc covid hosp,0,2026-08-08,51,quantile,0.35,13.0
2026-08-08,wk inc covid hosp,0,2026-08-08,51,quantile,0.4,14.0
2026-08-08,wk inc covid hosp,0,2026-08-08,51,quantile,0.45,15.0
2026-08-08,wk inc covid hosp,0,2026-08-08,51,quantile,0.5,16.0
2026-08-08,wk inc covid hosp,0,2026-08-08,51,quantile,0.55,17.0
2026-08-08,wk inc covid hosp,0,2026-08-08,51,quantile,0.6,17.0
2026-08-08,wk inc covid hosp,0,2026-08-08,51,quantile,0.65,18.0
2026-08-08,wk inc covid hosp,0,2026-08-08,51,quantile,0.7,19.0
2026-08-08,wk inc covid hosp,0,2026-08-08,51,quantile,0.75,21.0
2026-08-08,wk inc covid hosp,0,2026-08-08,51,quantile,0.8,22.0
2026-08-08,wk inc covid hosp,0,2026-08-08,51,quantile,0.85,23.0
2026-08-08,wk inc covid hosp,0,2026-08-08,51,quantile,0.9,25.0
2026-08-08,wk inc covid hosp,0,2026-08-08,51,quantile,0.95,27.0
2026-08-08,wk inc covid hosp,0,2026-08-08,51,quantile,0.975,30.0
2026-08-08,wk inc covid hosp,0,2026-08-08,51,quantile,0.99,34.0
2026-08-08,wk inc covid hosp,0,2026-08-08,53,quantile,0.01,4.0
2026-08-08,wk inc covid hosp,0,2026-08-08,53,quantile,0.025,5.0
2026-08-08,wk inc covid hosp,0,2026-08-08,53,quantile,0.05,6.0
2026-08-08,wk inc covid hosp,0,2026-08-08,53,quantile,0.1,8.0
2026-08-08,wk inc covid hosp,0,2026-08-08,53,quantile,0.15,9.0
2026-08-08,wk inc covid hosp,0,2026-08-08,53,quantile,0.2,10.0
2026-08-08,wk inc covid hosp,0,2026-08-08,53,quantile,0.25,11.0
2026-08-08,wk inc covid hosp,0,2026-08-08,53,quantile,0.3,12.0
2026-08-08,wk inc covid hosp,0,2026-08-08,53,quantile,0.35,13.0
2026-08-08,wk inc covid hosp,0,2026-08-08,53,quantile,0.4,14.0
2026-08-08,wk inc covid hosp,0,2026-08-08,53,quantile,0.45,15.0
2026-08-08,wk inc covid hosp,0,2026-08-08,53,quantile,0.5,16.0
2026-08-08,wk inc covid hosp,0,2026-08-08,53,quantile,0.55,16.0
2026-08-08,wk inc covid hosp,0,2026-08-08,53,quantile,0.6,18.0
2026-08-08,wk inc covid hosp,0,2026-08-08,53,quantile,0.65,18.0
2026-08-08,wk inc covid hosp,0,2026-08-08,53,quantile,0.7,19.0
2026-08-08,wk inc covid hosp,0,2026-08-08,53,quantile,0.75,20.0
2026-08-08,wk inc covid hosp,0,2026-08-08,53,quantile,0.8,21.0
2026-08-08,wk inc covid hosp,0,2026-08-08,53,quantile,0.85,23.0
2026-08-08,wk inc covid hosp,0,2026-08-08,53,quantile,0.9,25.0
2026-08-08,wk inc covid hosp,0,2026-08-08,53,quantile,0.95,28.0
2026-08-08,wk inc covid hosp,0,2026-08-08,53,quantile,0.975,30.0
2026-08-08,wk inc covid hosp,0,2026-08-08,53,quantile,0.99,32.0
2026-08-08,wk inc covid hosp,0,2026-08-08,54,quantile,0.01,0.0
2026-08-08,wk inc covid hosp,0,2026-08-08,54,quantile,0.025,0.0
2026-08-08,wk inc covid hosp,0,2026-08-08,54,quantile,0.05,0.0
2026-08-08,wk inc covid hosp,0,2026-08-08,54,quantile,0.1,0.0
2026-08-08,wk inc covid hosp,0,2026-08-08,54,quantile,0.15,0.0
2026-08-08,wk inc covid hosp,0,2026-08-08,54,quantile,0.2,0.0
2026-08-08,wk inc covid hosp,0,2026-08-08,54,quantile,0.25,0.0
2026-08-08,wk inc covid hosp,0,2026-08-08,54,quantile,0.3,0.0
2026-08-08,wk inc covid hosp,0,2026-08-08,54,quantile,0.35,0.0
2026-08-08,wk inc covid hosp,0,2026-08-08,54,quantile,0.4,0.0
2026-08-08,wk inc covid hosp,0,2026-08-08,54,quantile,0.45,0.0
2026-08-08,wk inc covid hosp,0,2026-08-08,54,quantile,0.5,0.0
2026-08-08,wk inc covid hosp,0,2026-08-08,54,quantile,0.55,0.0
2026-08-08,wk inc covid hosp,0,2026-08-08,54,quantile,0.6,0.0
2026-08-08,wk inc covid hosp,0,2026-08-08,54,quantile,0.65,0.0
2026-08-08,wk inc covid hosp,0,2026-08-08,54,quantile,0.7,1.0
2026-08-08,wk inc covid hosp,0,2026-08-08,54,quantile,0.75,1.0
2026-08-08,wk inc covid hosp,0,2026-08-08,54,quantile,0.8,1.0
2026-08-08,wk inc covid hosp,0,2026-08-08,54,quantile,0.85,2.0
2026-08-08,wk inc covid hosp,0,2026-08-08,54,quantile,0.9,2.0
2026-08-08,wk inc covid hosp,0,2026-08-08,54,quantile,0.95,3.0
2026-08-08,wk inc covid hosp,0,2026-08-08,54,quantile,0.975,5.0
2026-08-08,wk inc covid hosp,0,2026-08-08,54,quantile,0.99,6.0
2026-08-08,wk inc covid hosp,0,2026-08-08,55,quantile,0.01,5.0
2026-08-08,wk inc covid hosp,0,2026-08-08,55,quantile,0.025,8.0
2026-08-08,wk inc covid hosp,0,2026-08-08,55,quantile,0.05,9.0
2026-08-08,wk inc covid hosp,0,2026-08-08,55,quantile,0.1,11.0
2026-08-08,wk inc covid hosp,0,2026-08-08,55,quantile,0.15,13.0
2026-08-08,wk inc covid hosp,0,2026-08-08,55,quantile,0.2,14.0
2026-08-08,wk inc covid hosp,0,2026-08-08,55,quantile,0.25,15.0
2026-08-08,wk inc covid hosp,0,2026-08-08,55,quantile,0.3,16.0
2026-08-08,wk inc covid hosp,0,2026-08-08,55,quantile,0.35,17.0
2026-08-08,wk inc covid hosp,0,2026-08-08,55,quantile,0.4,18.0
2026-08-08,wk inc covid hosp,0,2026-08-08,55,quantile,0.45,18.0
2026-08-08,wk inc covid hosp,0,2026-08-08,55,quantile,0.5,19.0
2026-08-08,wk inc covid hosp,0,2026-08-08,55,quantile,0.55,20.0
2026-08-08,wk inc covid hosp,0,2026-08-08,55,quantile,0.6,21.0
2026-08-08,wk inc covid hosp,0,2026-08-08,55,quantile,0.65,22.0
2026-08-08,wk inc covid hosp,0,2026-08-08,55,quantile,0.7,23.0
2026-08-08,wk inc covid hosp,0,2026-08-08,55,quantile,0.75,24.0
2026-08-08,wk inc covid hosp,0,2026-08-08,55,quantile,0.8,26.0
2026-08-08,wk inc covid hosp,0,2026-08-08,55,quantile,0.85,28.0
2026-08-08,wk inc covid hosp,0,2026-08-08,55,quantile,0.9,30.0
2026-08-08,wk inc covid hosp,0,2026-08-08,55,quantile,0.95,33.0
2026-08-08,wk inc covid hosp,0,2026-08-08,55,quantile,0.975,36.0
2026-08-08,wk inc covid hosp,0,2026-08-08,55,quantile,0.99,40.0
2026-08-08,wk inc covid hosp,0,2026-08-08,56,quantile,0.01,0.0
2026-08-08,wk inc covid hosp,0,2026-08-08,56,quantile,0.025,0.0
2026-08-08,wk inc covid hosp,0,2026-08-08,56,quantile,0.05,0.0
2026-08-08,wk inc covid hosp,0,2026-08-08,56,quantile,0.1,0.0
2026-08-08,wk inc covid hosp,0,2026-08-08,56,quantile,0.15,0.0
2026-08-08,wk inc covid hosp,0,2026-08-08,56,quantile,0.2,0.0
2026-08-08,wk inc covid hosp,0,2026-08-08,56,quantile,0.25,0.0
2026-08-08,wk inc covid hosp,0,2026-08-08,56,quantile,0.3,0.0
2026-08-08,wk inc covid hosp,0,2026-08-08,56,quantile,0.35,0.0
2026-08-08,wk inc covid hosp,0,2026-08-08,56,quantile,0.4,0.0
2026-08-08,wk inc covid hosp,0,2026-08-08,56,quantile,0.45,0.0
2026-08-08,wk inc covid hosp,0,2026-08-08,56,quantile,0.5,0.0
2026-08-08,wk inc covid hosp,0,2026-08-08,56,quantile,0.55,0.0
2026-08-08,wk inc covid hosp,0,2026-08-08,56,quantile,0.6,0.0
2026-08-08,wk inc covid hosp,0,2026-08-08,56,quantile,0.65,0.0
2026-08-08,wk inc covid hosp,0,2026-08-08,56,quantile,0.7,0.0
2026-08-08,wk inc covid hosp,0,2026-08-08,56,quantile,0.75,0.0
2026-08-08,wk inc covid hosp,0,2026-08-08,56,quantile,0.8,0.0
2026-08-08,wk inc covid hosp,0,2026-08-08,56,quantile,0.85,0.0
2026-08-08,wk inc covid hosp,0,2026-08-08,56,quantile,0.9,0.0
2026-08-08,wk inc covid hosp,0,2026-08-08,56,quantile,0.95,1.0
2026-08-08,wk inc covid hosp,0,2026-08-08,56,quantile,0.975,2.0
2026-08-08,wk inc covid hosp,0,2026-08-08,56,quantile,0.99,2.0
2026-08-08,wk inc covid hosp,0,2026-08-08,72,quantile,0.01,12.0
2026-08-08,wk inc covid hosp,0,2026-08-08,72,quantile,0.025,13.0
2026-08-08,wk inc covid hosp,0,2026-08-08,72,quantile,0.05,15.0
2026-08-08,wk inc covid hosp,0,2026-08-08,72,quantile,0.1,17.0
2026-08-08,wk inc covid hosp,0,2026-08-08,72,quantile,0.15,18.0
2026-08-08,wk inc covid hosp,0,2026-08-08,72,quantile,0.2,19.0
2026-08-08,wk inc covid hosp,0,2026-08-08,72,quantile,0.25,20.0
2026-08-08,wk inc covid hosp,0,2026-08-08,72,quantile,0.3,22.0
2026-08-08,wk inc covid hosp,0,2026-08-08,72,quantile,0.35,23.0
2026-08-08,wk inc covid hosp,0,2026-08-08,72,quantile,0.4,24.0
2026-08-08,wk inc covid hosp,0,2026-08-08,72,quantile,0.45,24.0
2026-08-08,wk inc covid hosp,0,2026-08-08,72,quantile,0.5,26.0
2026-08-08,wk inc covid hosp,0,2026-08-08,72,quantile,0.55,26.0
2026-08-08,wk inc covid hosp,0,2026-08-08,72,quantile,0.6,28.0
2026-08-08,wk inc covid hosp,0,2026-08-08,72,quantile,0.65,29.0
2026-08-08,wk inc covid hosp,0,2026-08-08,72,quantile,0.7,30.0
2026-08-08,wk inc covid hosp,0,2026-08-08,72,quantile,0.75,31.0
2026-08-08,wk inc covid hosp,0,2026-08-08,72,quantile,0.8,33.0
2026-08-08,wk inc covid hosp,0,2026-08-08,72,quantile,0.85,35.0
2026-08-08,wk inc covid hosp,0,2026-08-08,72,quantile,0.9,37.0
2026-08-08,wk inc covid hosp,0,2026-08-08,72,quantile,0.95,40.0
2026-08-08,wk inc covid hosp,0,2026-08-08,72,quantile,0.975,43.0
2026-08-08,wk inc covid hosp,0,2026-08-08,72,quantile,0.99,48.0
2026-08-08,wk inc covid hosp,1,2026-08-15,01,quantile,0.01,14.0
2026-08-08,wk inc covid hosp,1,2026-08-15,01,quantile,0.025,20.0
2026-08-08,wk inc covid hosp,1,2026-08-15,01,quantile,0.05,26.0
2026-08-08,wk inc covid hosp,1,2026-08-15,01,quantile,0.1,31.0
2026-08-08,wk inc covid hosp,1,2026-08-15,01,quantile,0.15,34.0
2026-08-08,wk inc covid hosp,1,2026-08-15,01,quantile,0.2,37.0
2026-08-08,wk inc covid hosp,1,2026-08-15,01,quantile,0.25,40.0
2026-08-08,wk inc covid hosp,1,2026-08-15,01,quantile,0.3,42.0
2026-08-08,wk inc covid hosp,1,2026-08-15,01,quantile,0.35,44.0
2026-08-08,wk inc covid hosp,1,2026-08-15,01,quantile,0.4,47.0
2026-08-08,wk inc covid hosp,1,2026-08-15,01,quantile,0.45,49.0
2026-08-08,wk inc covid hosp,1,2026-08-15,01,quantile,0.5,51.0
2026-08-08,wk inc covid hosp,1,2026-08-15,01,quantile,0.55,53.0
2026-08-08,wk inc covid hosp,1,2026-08-15,01,quantile,0.6,56.0
2026-08-08,wk inc covid hosp,1,2026-08-15,01,quantile,0.65,58.0
2026-08-08,wk inc covid hosp,1,2026-08-15,01,quantile,0.7,61.0
2026-08-08,wk inc covid hosp,1,2026-08-15,01,quantile,0.75,64.0
2026-08-08,wk inc covid hosp,1,2026-08-15,01,quantile,0.8,68.0
2026-08-08,wk inc covid hosp,1,2026-08-15,01,quantile,0.85,71.0
2026-08-08,wk inc covid hosp,1,2026-08-15,01,quantile,0.9,78.0
2026-08-08,wk inc covid hosp,1,2026-08-15,01,quantile,0.95,86.0
2026-08-08,wk inc covid hosp,1,2026-08-15,01,quantile,0.975,94.0
2026-08-08,wk inc covid hosp,1,2026-08-15,01,quantile,0.99,107.0
2026-08-08,wk inc covid hosp,1,2026-08-15,02,quantile,0.01,0.0
2026-08-08,wk inc covid hosp,1,2026-08-15,02,quantile,0.025,0.0
2026-08-08,wk inc covid hosp,1,2026-08-15,02,quantile,0.05,0.0
2026-08-08,wk inc covid hosp,1,2026-08-15,02,quantile,0.1,0.0
2026-08-08,wk inc covid hosp,1,2026-08-15,02,quantile,0.15,0.0
2026-08-08,wk inc covid hosp,1,2026-08-15,02,quantile,0.2,0.0
2026-08-08,wk inc covid hosp,1,2026-08-15,02,quantile,0.25,0.0
2026-08-08,wk inc covid hosp,1,2026-08-15,02,quantile,0.3,0.0
2026-08-08,wk inc covid hosp,1,2026-08-15,02,quantile,0.35,1.0
2026-08-08,wk inc covid hosp,1,2026-08-15,02,quantile,0.4,1.0
2026-08-08,wk inc covid hosp,1,2026-08-15,02,quantile,0.45,2.0
2026-08-08,wk inc covid hosp,1,2026-08-15,02,quantile,0.5,2.0
2026-08-08,wk inc covid hosp,1,2026-08-15,02,quantile,0.55,3.0
2026-08-08,wk inc covid hosp,1,2026-08-15,02,quantile,0.6,3.0
2026-08-08,wk inc covid hosp,1,2026-08-15,02,quantile,0.65,4.0
2026-08-08,wk inc covid hosp,1,2026-08-15,02,quantile,0.7,5.0
2026-08-08,wk inc covid hosp,1,2026-08-15,02,quantile,0.75,6.0
2026-08-08,wk inc covid hosp,1,2026-08-15,02,quantile,0.8,7.0
2026-08-08,wk inc covid hosp,1,2026-08-15,02,quantile,0.85,8.0
2026-08-08,wk inc covid hosp,1,2026-08-15,02,quantile,0.9,11.0
2026-08-08,wk inc covid hosp,1,2026-08-15,02,quantile,0.95,14.0
2026-08-08,wk inc covid hosp,1,2026-08-15,02,quantile,0.975,18.0
2026-08-08,wk inc covid hosp,1,2026-08-15,02,quantile,0.99,22.0
2026-08-08,wk inc covid hosp,1,2026-08-15,04,quantile,0.01,5.0
2026-08-08,wk inc covid hosp,1,2026-08-15,04,quantile,0.025,7.0
2026-08-08,wk inc covid hosp,1,2026-08-15,04,quantile,0.05,8.0
2026-08-08,wk inc covid hosp,1,2026-08-15,04,quantile,0.1,10.0
2026-08-08,wk inc covid hosp,1,2026-08-15,04,quantile,0.15,13.0
2026-08-08,wk inc covid hosp,1,2026-08-15,04,quantile,0.2,15.0
2026-08-08,wk inc covid hosp,1,2026-08-15,04,quantile,0.25,17.0
2026-08-08,wk inc covid hosp,1,2026-08-15,04,quantile,0.3,18.0
2026-08-08,wk inc covid hosp,1,2026-08-15,04,quantile,0.35,20.0
2026-08-08,wk inc covid hosp,1,2026-08-15,04,quantile,0.4,22.0
2026-08-08,wk inc covid hosp,1,2026-08-15,04,quantile,0.45,24.0
2026-08-08,wk inc covid hosp,1,2026-08-15,04,quantile,0.5,26.0
2026-08-08,wk inc covid hosp,1,2026-08-15,04,quantile,0.55,28.0
2026-08-08,wk inc covid hosp,1,2026-08-15,04,quantile,0.6,29.0
2026-08-08,wk inc covid hosp,1,2026-08-15,04,quantile,0.65,31.0
2026-08-08,wk inc covid hosp,1,2026-08-15,04,quantile,0.7,33.0
2026-08-08,wk inc covid hosp,1,2026-08-15,04,quantile,0.75,35.0
2026-08-08,wk inc covid hosp,1,2026-08-15,04,quantile,0.8,37.0
2026-08-08,wk inc covid hosp,1,2026-08-15,04,quantile,0.85,39.0
2026-08-08,wk inc covid hosp,1,2026-08-15,04,quantile,0.9,44.0
2026-08-08,wk inc covid hosp,1,2026-08-15,04,quantile,0.95,49.0
2026-08-08,wk inc covid hosp,1,2026-08-15,04,quantile,0.975,56.0
2026-08-08,wk inc covid hosp,1,2026-08-15,04,quantile,0.99,62.0
2026-08-08,wk inc covid hosp,1,2026-08-15,05,quantile,0.01,0.0
2026-08-08,wk inc covid hosp,1,2026-08-15,05,quantile,0.025,0.0
2026-08-08,wk inc covid hosp,1,2026-08-15,05,quantile,0.05,0.0
2026-08-08,wk inc covid hosp,1,2026-08-15,05,quantile,0.1,0.0
2026-08-08,wk inc covid hosp,1,2026-08-15,05,quantile,0.15,0.0
2026-08-08,wk inc covid hosp,1,2026-08-15,05,quantile,0.2,0.0
2026-08-08,wk inc covid hosp,1,2026-08-15,05,quantile,0.25,0.0
2026-08-08,wk inc covid hosp,1,2026-08-15,05,quantile,0.3,1.0
2026-08-08,wk inc covid hosp,1,2026-08-15,05,quantile,0.35,1.0
2026-08-08,wk inc covid hosp,1,2026-08-15,05,quantile,0.4,2.0
2026-08-08,wk inc covid hosp,1,2026-08-15,05,quantile,0.45,2.0
2026-08-08,wk inc covid hosp,1,2026-08-15,05,quantile,0.5,3.0
2026-08-08,wk inc covid hosp,1,2026-08-15,05,quantile,0.55,3.0
2026-08-08,wk inc covid hosp,1,2026-08-15,05,quantile,0.6,4.0
2026-08-08,wk inc covid hosp,1,2026-08-15,05,quantile,0.65,5.0
2026-08-08,wk inc covid hosp,1,2026-08-15,05,quantile,0.7,5.0
2026-08-08,wk inc covid hosp,1,2026-08-15,05,quantile,0.75,7.0
2026-08-08,wk inc covid hosp,1,2026-08-15,05,quantile,0.8,7.0
2026-08-08,wk inc covid hosp,1,2026-08-15,05,quantile,0.85,9.0
2026-08-08,wk inc covid hosp,1,2026-08-15,05,quantile,0.9,10.0
2026-08-08,wk inc covid hosp,1,2026-08-15,05,quantile,0.95,13.0
2026-08-08,wk inc covid hosp,1,2026-08-15,05,quantile,0.975,15.0
2026-08-08,wk inc covid hosp,1,2026-08-15,05,quantile,0.99,20.0
2026-08-08,wk inc covid hosp,1,2026-08-15,06,quantile,0.01,214.0
2026-08-08,wk inc covid hosp,1,2026-08-15,06,quantile,0.025,227.0
2026-08-08,wk inc covid hosp,1,2026-08-15,06,quantile,0.05,239.0
2026-08-08,wk inc covid hosp,1,2026-08-15,06,quantile,0.1,263.0
2026-08-08,wk inc covid hosp,1,2026-08-15,06,quantile,0.15,276.0
2026-08-08,wk inc covid hosp,1,2026-08-15,06,quantile,0.2,288.0
2026-08-08,wk inc covid hosp,1,2026-08-15,06,quantile,0.25,300.0
2026-08-08,wk inc covid hosp,1,2026-08-15,06,quantile,0.3,307.0
2026-08-08,wk inc covid hosp,1,2026-08-15,06,quantile,0.35,317.0
2026-08-08,wk inc covid hosp,1,2026-08-15,06,quantile,0.4,325.0
2026-08-08,wk inc covid hosp,1,2026-08-15,06,quantile,0.45,332.0
2026-08-08,wk inc covid hosp,1,2026-08-15,06,quantile,0.5,341.0
2026-08-08,wk inc covid hosp,1,2026-08-15,06,quantile,0.55,348.0
2026-08-08,wk inc covid hosp,1,2026-08-15,06,quantile,0.6,357.0
2026-08-08,wk inc covid hosp,1,2026-08-15,06,quantile,0.65,368.0
2026-08-08,wk inc covid hosp,1,2026-08-15,06,quantile,0.7,382.0
2026-08-08,wk inc covid hosp,1,2026-08-15,06,quantile,0.75,392.0
2026-08-08,wk inc covid hosp,1,2026-08-15,06,quantile,0.8,406.0
2026-08-08,wk inc covid hosp,1,2026-08-15,06,quantile,0.85,417.0
2026-08-08,wk inc covid hosp,1,2026-08-15,06,quantile,0.9,441.0
2026-08-08,wk inc covid hosp,1,2026-08-15,06,quantile,0.95,468.0
2026-08-08,wk inc covid hosp,1,2026-08-15,06,quantile,0.975,498.0
2026-08-08,wk inc covid hosp,1,2026-08-15,06,quantile,0.99,528.0
2026-08-08,wk inc covid hosp,1,2026-08-15,08,quantile,0.01,0.0
2026-08-08,wk inc covid hosp,1,2026-08-15,08,quantile,0.025,0.0
2026-08-08,wk inc covid hosp,1,2026-08-15,08,quantile,0.05,0.0
2026-08-08,wk inc covid hosp,1,2026-08-15,08,quantile,0.1,1.0
2026-08-08,wk inc covid hosp,1,2026-08-15,08,quantile,0.15,3.0
2026-08-08,wk inc covid hosp,1,2026-08-15,08,quantile,0.2,4.0
2026-08-08,wk inc covid hosp,1,2026-08-15,08,quantile,0.25,5.0
2026-08-08,wk inc covid hosp,1,2026-08-15,08,quantile,0.3,6.0
2026-08-08,wk inc covid hosp,1,2026-08-15,08,quantile,0.35,6.0
2026-08-08,wk inc covid hosp,1,2026-08-15,08,quantile,0.4,7.0
2026-08-08,wk inc covid hosp,1,2026-08-15,08,quantile,0.45,8.0
2026-08-08,wk inc covid hosp,1,2026-08-15,08,quantile,0.5,9.0
2026-08-08,wk inc covid hosp,1,2026-08-15,08,quantile,0.55,10.0
2026-08-08,wk inc covid hosp,1,2026-08-15,08,quantile,0.6,11.0
2026-08-08,wk inc covid hosp,1,2026-08-15,08,quantile,0.65,12.0
2026-08-08,wk inc covid hosp,1,2026-08-15,08,quantile,0.7,13.0
2026-08-08,wk inc covid hosp,1,2026-08-15,08,quantile,0.75,14.0
2026-08-08,wk inc covid hosp,1,2026-08-15,08,quantile,0.8,16.0
2026-08-08,wk inc covid hosp,1,2026-08-15,08,quantile,0.85,18.0
2026-08-08,wk inc covid hosp,1,2026-08-15,08,quantile,0.9,20.0
2026-08-08,wk inc covid hosp,1,2026-08-15,08,quantile,0.95,24.0
2026-08-08,wk inc covid hosp,1,2026-08-15,08,quantile,0.975,28.0
2026-08-08,wk inc covid hosp,1,2026-08-15,08,quantile,0.99,31.0
2026-08-08,wk inc covid hosp,1,2026-08-15,09,quantile,0.01,0.0
2026-08-08,wk inc covid hosp,1,2026-08-15,09,quantile,0.025,0.0
2026-08-08,wk inc covid hosp,1,2026-08-15,09,quantile,0.05,0.0
2026-08-08,wk inc covid hosp,1,2026-08-15,09,quantile,0.1,2.0
2026-08-08,wk inc covid hosp,1,2026-08-15,09,quantile,0.15,3.0
2026-08-08,wk inc covid hosp,1,2026-08-15,09,quantile,0.2,4.0
2026-08-08,wk inc covid hosp,1,2026-08-15,09,quantile,0.25,4.0
2026-08-08,wk inc covid hosp,1,2026-08-15,09,quantile,0.3,5.0
2026-08-08,wk inc covid hosp,1,2026-08-15,09,quantile,0.35,6.0
2026-08-08,wk inc covid hosp,1,2026-08-15,09,quantile,0.4,7.0
2026-08-08,wk inc covid hosp,1,2026-08-15,09,quantile,0.45,8.0
2026-08-08,wk inc covid hosp,1,2026-08-15,09,quantile,0.5,8.0
2026-08-08,wk inc covid hosp,1,2026-08-15,09,quantile,0.55,9.0
2026-08-08,wk inc covid hosp,1,2026-08-15,09,quantile,0.6,10.0
2026-08-08,wk inc covid hosp,1,2026-08-15,09,quantile,0.65,12.0
2026-08-08,wk inc covid hosp,1,2026-08-15,09,quantile,0.7,13.0
2026-08-08,wk inc covid hosp,1,2026-08-15,09,quantile,0.75,14.0
2026-08-08,wk inc covid hosp,1,2026-08-15,09,quantile,0.8,16.0
2026-08-08,wk inc covid hosp,1,2026-08-15,09,quantile,0.85,18.0
2026-08-08,wk inc covid hosp,1,2026-08-15,09,quantile,0.9,20.0
2026-08-08,wk inc covid hosp,1,2026-08-15,09,quantile,0.95,23.0
2026-08-08,wk inc covid hosp,1,2026-08-15,09,quantile,0.975,27.0
2026-08-08,wk inc covid hosp,1,2026-08-15,09,quantile,0.99,32.0
2026-08-08,wk inc covid hosp,1,2026-08-15,10,quantile,0.01,0.0
2026-08-08,wk inc covid hosp,1,2026-08-15,10,quantile,0.025,0.0
2026-08-08,wk inc covid hosp,1,2026-08-15,10,quantile,0.05,0.0
2026-08-08,wk inc covid hosp,1,2026-08-15,10,quantile,0.1,0.0
2026-08-08,wk inc covid hosp,1,2026-08-15,10,quantile,0.15,0.0
2026-08-08,wk inc covid hosp,1,2026-08-15,10,quantile,0.2,0.0
2026-08-08,wk inc covid hosp,1,2026-08-15,10,quantile,0.25,0.0
2026-08-08,wk inc covid hosp,1,2026-08-15,10,quantile,0.3,0.0
2026-08-08,wk inc covid hosp,1,2026-08-15,10,quantile,0.35,0.0
2026-08-08,wk inc covid hosp,1,2026-08-15,10,quantile,0.4,0.0
2026-08-08,wk inc covid hosp,1,2026-08-15,10,quantile,0.45,0.0
2026-08-08,wk inc covid hosp,1,2026-08-15,10,quantile,0.5,1.0
2026-08-08,wk inc covid hosp,1,2026-08-15,10,quantile,0.55,2.0
2026-08-08,wk inc covid hosp,1,2026-08-15,10,quantile,0.6,2.0
2026-08-08,wk inc covid hosp,1,2026-08-15,10,quantile,0.65,3.0
2026-08-08,wk inc covid hosp,1,2026-08-15,10,quantile,0.7,3.0
2026-08-08,wk inc covid hosp,1,2026-08-15,10,quantile,0.75,4.0
2026-08-08,wk inc covid hosp,1,2026-08-15,10,quantile,0.8,5.0
2026-08-08,wk inc covid hosp,1,2026-08-15,10,quantile,0.85,6.0
2026-08-08,wk inc covid hosp,1,2026-08-15,10,quantile,0.9,8.0
2026-08-08,wk inc covid hosp,1,2026-08-15,10,quantile,0.95,10.0
2026-08-08,wk inc covid hosp,1,2026-08-15,10,quantile,0.975,12.0
2026-08-08,wk inc covid hosp,1,2026-08-15,10,quantile,0.99,16.0
2026-08-08,wk inc covid hosp,1,2026-08-15,11,quantile,0.01,0.0
2026-08-08,wk inc covid hosp,1,2026-08-15,11,quantile,0.025,0.0
2026-08-08,wk inc covid hosp,1,2026-08-15,11,quantile,0.05,0.0
2026-08-08,wk inc covid hosp,1,2026-08-15,11,quantile,0.1,0.0
2026-08-08,wk inc covid hosp,1,2026-08-15,11,quantile,0.15,0.0
2026-08-08,wk inc covid hosp,1,2026-08-15,11,quantile,0.2,0.0
2026-08-08,wk inc covid hosp,1,2026-08-15,11,quantile,0.25,0.0
2026-08-08,wk inc covid hosp,1,2026-08-15,11,quantile,0.3,0.0
2026-08-08,wk inc covid hosp,1,2026-08-15,11,quantile,0.35,0.0
2026-08-08,wk inc covid hosp,1,2026-08-15,11,quantile,0.4,0.0
2026-08-08,wk inc covid hosp,1,2026-08-15,11,quantile,0.45,0.0
2026-08-08,wk inc covid hosp,1,2026-08-15,11,quantile,0.5,0.0
2026-08-08,wk inc covid hosp,1,2026-08-15,11,quantile,0.55,0.0
2026-08-08,wk inc covid hosp,1,2026-08-15,11,quantile,0.6,0.0
2026-08-08,wk inc covid hosp,1,2026-08-15,11,quantile,0.65,0.0
2026-08-08,wk inc covid hosp,1,2026-08-15,11,quantile,0.7,0.0
2026-08-08,wk inc covid hosp,1,2026-08-15,11,quantile,0.75,0.0
2026-08-08,wk inc covid hosp,1,2026-08-15,11,quantile,0.8,0.0
2026-08-08,wk inc covid hosp,1,2026-08-15,11,quantile,0.85,1.0
2026-08-08,wk inc covid hosp,1,2026-08-15,11,quantile,0.9,2.0
2026-08-08,wk inc covid hosp,1,2026-08-15,11,quantile,0.95,3.0
2026-08-08,wk inc covid hosp,1,2026-08-15,11,quantile,0.975,4.0
2026-08-08,wk inc covid hosp,1,2026-08-15,11,quantile,0.99,7.0
2026-08-08,wk inc covid hosp,1,2026-08-15,12,quantile,0.01,180.0
2026-08-08,wk inc covid hosp,1,2026-08-15,12,quantile,0.025,188.0
2026-08-08,wk inc covid hosp,1,2026-08-15,12,quantile,0.05,204.0
2026-08-08,wk inc covid hosp,1,2026-08-15,12,quantile,0.1,222.0
2026-08-08,wk inc covid hosp,1,2026-08-15,12,quantile,0.15,238.0
2026-08-08,wk inc covid hosp,1,2026-08-15,12,quantile,0.2,249.0
2026-08-08,wk inc covid hosp,1,2026-08-15,12,quantile,0.25,258.0
2026-08-08,wk inc covid hosp,1,2026-08-15,12,quantile,0.3,264.0
2026-08-08,wk inc covid hosp,1,2026-08-15,12,quantile,0.35,269.0
2026-08-08,wk inc covid hosp,1,2026-08-15,12,quantile,0.4,277.0
2026-08-08,wk inc covid hosp,1,2026-08-15,12,quantile,0.45,283.0
2026-08-08,wk inc covid hosp,1,2026-08-15,12,quantile,0.5,292.0
2026-08-08,wk inc covid hosp,1,2026-08-15,12,quantile,0.55,297.0
2026-08-08,wk inc covid hosp,1,2026-08-15,12,quantile,0.6,303.0
2026-08-08,wk inc covid hosp,1,2026-08-15,12,quantile,0.65,310.0
2026-08-08,wk inc covid hosp,1,2026-08-15,12,quantile,0.7,318.0
2026-08-08,wk inc covid hosp,1,2026-08-15,12,quantile,0.75,327.0
2026-08-08,wk inc covid hosp,1,2026-08-15,12,quantile,0.8,341.0
2026-08-08,wk inc covid hosp,1,2026-08-15,12,quantile,0.85,354.0
2026-08-08,wk inc covid hosp,1,2026-08-15,12,quantile,0.9,376.0
2026-08-08,wk inc covid hosp,1,2026-08-15,12,quantile,0.95,409.0
2026-08-08,wk inc covid hosp,1,2026-08-15,12,quantile,0.975,421.0
2026-08-08,wk inc covid hosp,1,2026-08-15,12,quantile,0.99,440.0
2026-08-08,wk inc covid hosp,1,2026-08-15,13,quantile,0.01,23.0
2026-08-08,wk inc covid hosp,1,2026-08-15,13,quantile,0.025,28.0
2026-08-08,wk inc covid hosp,1,2026-08-15,13,quantile,0.05,32.0
2026-08-08,wk inc covid hosp,1,2026-08-15,13,quantile,0.1,39.0
2026-08-08,wk inc covid hosp,1,2026-08-15,13,quantile,0.15,43.0
2026-08-08,wk inc covid hosp,1,2026-08-15,13,quantile,0.2,45.0
2026-08-08,wk inc covid hosp,1,2026-08-15,13,quantile,0.25,49.0
2026-08-08,wk inc covid hosp,1,2026-08-15,13,quantile,0.3,51.0
2026-08-08,wk inc covid hosp,1,2026-08-15,13,quantile,0.35,54.0
2026-08-08,wk inc covid hosp,1,2026-08-15,13,quantile,0.4,57.0
2026-08-08,wk inc covid hosp,1,2026-08-15,13,quantile,0.45,59.0
2026-08-08,wk inc covid hosp,1,2026-08-15,13,quantile,0.5,61.0
2026-08-08,wk inc covid hosp,1,2026-08-15,13,quantile,0.55,64.0
2026-08-08,wk inc covid hosp,1,2026-08-15,13,quantile,0.6,66.0
2026-08-08,wk inc covid hosp,1,2026-08-15,13,quantile,0.65,69.0
2026-08-08,wk inc covid hosp,1,2026-08-15,13,quantile,0.7,73.0
2026-08-08,wk inc covid hosp,1,2026-08-15,13,quantile,0.75,77.0
2026-08-08,wk inc covid hosp,1,2026-08-15,13,quantile,0.8,81.0
2026-08-08,wk inc covid hosp,1,2026-08-15,13,quantile,0.85,86.0
2026-08-08,wk inc covid hosp,1,2026-08-15,13,quantile,0.9,92.0
2026-08-08,wk inc covid hosp,1,2026-08-15,13,quantile,0.95,102.0
2026-08-08,wk inc covid hosp,1,2026-08-15,13,quantile,0.975,112.0
2026-08-08,wk inc covid hosp,1,2026-08-15,13,quantile,0.99,123.0
2026-08-08,wk inc covid hosp,1,2026-08-15,15,quantile,0.01,0.0
2026-08-08,wk inc covid hosp,1,2026-08-15,15,quantile,0.025,1.0
2026-08-08,wk inc covid hosp,1,2026-08-15,15,quantile,0.05,2.0
2026-08-08,wk inc covid hosp,1,2026-08-15,15,quantile,0.1,4.0
2026-08-08,wk inc covid hosp,1,2026-08-15,15,quantile,0.15,5.0
2026-08-08,wk inc covid hosp,1,2026-08-15,15,quantile,0.2,6.0
2026-08-08,wk inc covid hosp,1,2026-08-15,15,quantile,0.25,7.0
2026-08-08,wk inc covid hosp,1,2026-08-15,15,quantile,0.3,8.0
2026-08-08,wk inc covid hosp,1,2026-08-15,15,quantile,0.35,9.0
2026-08-08,wk inc covid hosp,1,2026-08-15,15,quantile,0.4,10.0
2026-08-08,wk inc covid hosp,1,2026-08-15,15,quantile,0.45,11.0
2026-08-08,wk inc covid hosp,1,2026-08-15,15,quantile,0.5,13.0
2026-08-08,wk inc covid hosp,1,2026-08-15,15,quantile,0.55,14.0
2026-08-08,wk inc covid hosp,1,2026-08-15,15,quantile,0.6,15.0
2026-08-08,wk inc covid hosp,1,2026-08-15,15,quantile,0.65,16.0
2026-08-08,wk inc covid hosp,1,2026-08-15,15,quantile,0.7,18.0
2026-08-08,wk inc covid hosp,1,2026-08-15,15,quantile,0.75,19.0
2026-08-08,wk inc covid hosp,1,2026-08-15,15,quantile,0.8,21.0
2026-08-08,wk inc covid hosp,1,2026-08-15,15,quantile,0.85,23.0
2026-08-08,wk inc covid hosp,1,2026-08-15,15,quantile,0.9,27.0
2026-08-08,wk inc covid hosp,1,2026-08-15,15,quantile,0.95,30.0
2026-08-08,wk inc covid hosp,1,2026-08-15,15,quantile,0.975,33.0
2026-08-08,wk inc covid hosp,1,2026-08-15,15,quantile,0.99,39.0
2026-08-08,wk inc covid hosp,1,2026-08-15,16,quantile,0.01,0.0
2026-08-08,wk inc covid hosp,1,2026-08-15,16,quantile,0.025,0.0
2026-08-08,wk inc covid hosp,1,2026-08-15,16,quantile,0.05,0.0
2026-08-08,wk inc covid hosp,1,2026-08-15,16,quantile,0.1,0.0
2026-08-08,wk inc covid hosp,1,2026-08-15,16,quantile,0.15,0.0
2026-08-08,wk inc covid hosp,1,2026-08-15,16,quantile,0.2,0.0
2026-08-08,wk inc covid hosp,1,2026-08-15,16,quantile,0.25,0.0
2026-08-08,wk inc covid hosp,1,2026-08-15,16,quantile,0.3,0.0
2026-08-08,wk inc covid hosp,1,2026-08-15,16,quantile,0.35,0.0
2026-08-08,wk inc covid hosp,1,2026-08-15,16,quantile,0.4,0.0
2026-08-08,wk inc covid hosp,1,2026-08-15,16,quantile,0.45,0.0
2026-08-08,wk inc covid hosp,1,2026-08-15,16,quantile,0.5,0.0
2026-08-08,wk inc covid hosp,1,2026-08-15,16,quantile,0.55,0.0
2026-08-08,wk inc covid hosp,1,2026-08-15,16,quantile,0.6,0.0
2026-08-08,wk inc covid hosp,1,2026-08-15,16,quantile,0.65,0.0
2026-08-08,wk inc covid hosp,1,2026-08-15,16,quantile,0.7,0.0
2026-08-08,wk inc covid hosp,1,2026-08-15,16,quantile,0.75,0.0
2026-08-08,wk inc covid hosp,1,2026-08-15,16,quantile,0.8,0.0
2026-08-08,wk inc covid hosp,1,2026-08-15,16,quantile,0.85,0.0
2026-08-08,wk inc covid hosp,1,2026-08-15,16,quantile,0.9,0.0
2026-08-08,wk inc covid hosp,1,2026-08-15,16,quantile,0.95,0.0
2026-08-08,wk inc covid hosp,1,2026-08-15,16,quantile,0.975,0.0
2026-08-08,wk inc covid hosp,1,2026-08-15,16,quantile,0.99,2.0
2026-08-08,wk inc covid hosp,1,2026-08-15,17,quantile,0.01,3.0
2026-08-08,wk inc covid hosp,1,2026-08-15,17,quantile,0.025,5.0
2026-08-08,wk inc covid hosp,1,2026-08-15,17,quantile,0.05,8.0
2026-08-08,wk inc covid hosp,1,2026-08-15,17,quantile,0.1,10.0
2026-08-08,wk inc covid hosp,1,2026-08-15,17,quantile,0.15,12.0
2026-08-08,wk inc covid hosp,1,2026-08-15,17,quantile,0.2,14.0
2026-08-08,wk inc covid hosp,1,2026-08-15,17,quantile,0.25,15.0
2026-08-08,wk inc covid hosp,1,2026-08-15,17,quantile,0.3,16.0
2026-08-08,wk inc covid hosp,1,2026-08-15,17,quantile,0.35,18.0
2026-08-08,wk inc covid hosp,1,2026-08-15,17,quantile,0.4,19.0
2026-08-08,wk inc covid hosp,1,2026-08-15,17,quantile,0.45,21.0
2026-08-08,wk inc covid hosp,1,2026-08-15,17,quantile,0.5,23.0
2026-08-08,wk inc covid hosp,1,2026-08-15,17,quantile,0.55,25.0
2026-08-08,wk inc covid hosp,1,2026-08-15,17,quantile,0.6,26.0
2026-08-08,wk inc covid hosp,1,2026-08-15,17,quantile,0.65,27.0
2026-08-08,wk inc covid hosp,1,2026-08-15,17,quantile,0.7,29.0
2026-08-08,wk inc covid hosp,1,2026-08-15,17,quantile,0.75,30.0
2026-08-08,wk inc covid hosp,1,2026-08-15,17,quantile,0.8,33.0
2026-08-08,wk inc covid hosp,1,2026-08-15,17,quantile,0.85,35.0
2026-08-08,wk inc covid hosp,1,2026-08-15,17,quantile,0.9,39.0
2026-08-08,wk inc covid hosp,1,2026-08-15,17,quantile,0.95,45.0
2026-08-08,wk inc covid hosp,1,2026-08-15,17,quantile,0.975,49.0
2026-08-08,wk inc covid hosp,1,2026-08-15,17,quantile,0.99,58.0
2026-08-08,wk inc covid hosp,1,2026-08-15,18,quantile,0.01,1.0
2026-08-08,wk inc covid hosp,1,2026-08-15,18,quantile,0.025,2.0
2026-08-08,wk inc covid hosp,1,2026-08-15,18,quantile,0.05,3.0
2026-08-08,wk inc covid hosp,1,2026-08-15,18,quantile,0.1,6.0
2026-08-08,wk inc covid hosp,1,2026-08-15,18,quantile,0.15,8.0
2026-08-08,wk inc covid hosp,1,2026-08-15,18,quantile,0.2,9.0
2026-08-08,wk inc covid hosp,1,2026-08-15,18,quantile,0.25,11.0
2026-08-08,wk inc covid hosp,1,2026-08-15,18,quantile,0.3,12.0
2026-08-08,wk inc covid hosp,1,2026-08-15,18,quantile,0.35,13.0
2026-08-08,wk inc covid hosp,1,2026-08-15,18,quantile,0.4,15.0
2026-08-08,wk inc covid hosp,1,2026-08-15,18,quantile,0.45,16.0
2026-08-08,wk inc covid hosp,1,2026-08-15,18,quantile,0.5,17.0
2026-08-08,wk inc covid hosp,1,2026-08-15,18,quantile,0.55,19.0
2026-08-08,wk inc covid hosp,1,2026-08-15,18,quantile,0.6,20.0
2026-08-08,wk inc covid hosp,1,2026-08-15,18,quantile,0.65,22.0
2026-08-08,wk inc covid hosp,1,2026-08-15,18,quantile,0.7,24.0
2026-08-08,wk inc covid hosp,1,2026-08-15,18,quantile,0.75,26.0
2026-08-08,wk inc covid hosp,1,2026-08-15,18,quantile,0.8,29.0
2026-08-08,wk inc covid hosp,1,2026-08-15,18,quantile,0.85,31.0
2026-08-08,wk inc covid hosp,1,2026-08-15,18,quantile,0.9,35.0
2026-08-08,wk inc covid hosp,1,2026-08-15,18,quantile,0.95,41.0
2026-08-08,wk inc covid hosp,1,2026-08-15,18,quantile,0.975,50.0
2026-08-08,wk inc covid hosp,1,2026-08-15,18,quantile,0.99,55.0
2026-08-08,wk inc covid hosp,1,2026-08-15,19,quantile,0.01,0.0
2026-08-08,wk inc covid hosp,1,2026-08-15,19,quantile,0.025,0.0
2026-08-08,wk inc covid hosp,1,2026-08-15,19,quantile,0.05,0.0
2026-08-08,wk inc covid hosp,1,2026-08-15,19,quantile,0.1,0.0
2026-08-08,wk inc covid hosp,1,2026-08-15,19,quantile,0.15,0.0
2026-08-08,wk inc covid hosp,1,2026-08-15,19,quantile,0.2,1.0
2026-08-08,wk inc covid hosp,1,2026-08-15,19,quantile,0.25,1.0
2026-08-08,wk inc covid hosp,1,2026-08-15,19,quantile,0.3,2.0
2026-08-08,wk inc covid hosp,1,2026-08-15,19,quantile,0.35,3.0
2026-08-08,wk inc covid hosp,1,2026-08-15,19,quantile,0.4,4.0
2026-08-08,wk inc covid hosp,1,2026-08-15,19,quantile,0.45,4.0
2026-08-08,wk inc covid hosp,1,2026-08-15,19,quantile,0.5,5.0
2026-08-08,wk inc covid hosp,1,2026-08-15,19,quantile,0.55,6.0
2026-08-08,wk inc covid hosp,1,2026-08-15,19,quantile,0.6,7.0
2026-08-08,wk inc covid hosp,1,2026-08-15,19,quantile,0.65,8.0
2026-08-08,wk inc covid hosp,1,2026-08-15,19,quantile,0.7,8.0
2026-08-08,wk inc covid hosp,1,2026-08-15,19,quantile,0.75,9.0
2026-08-08,wk inc covid hosp,1,2026-08-15,19,quantile,0.8,11.0
2026-08-08,wk inc covid hosp,1,2026-08-15,19,quantile,0.85,12.0
2026-08-08,wk inc covid hosp,1,2026-08-15,19,quantile,0.9,15.0
2026-08-08,wk inc covid hosp,1,2026-08-15,19,quantile,0.95,19.0
2026-08-08,wk inc covid hosp,1,2026-08-15,19,quantile,0.975,22.0
2026-08-08,wk inc covid hosp,1,2026-08-15,19,quantile,0.99,26.0
2026-08-08,wk inc covid hosp,1,2026-08-15,20,quantile,0.01,0.0
2026-08-08,wk inc covid hosp,1,2026-08-15,20,quantile,0.025,0.0
2026-08-08,wk inc covid hosp,1,2026-08-15,20,quantile,0.05,0.0
2026-08-08,wk inc covid hosp,1,2026-08-15,20,quantile,0.1,0.0
2026-08-08,wk inc covid hosp,1,2026-08-15,20,quantile,0.15,1.0
2026-08-08,wk inc covid hosp,1,2026-08-15,20,quantile,0.2,1.0
2026-08-08,wk inc covid hosp,1,2026-08-15,20,quantile,0.25,2.0
2026-08-08,wk inc covid hosp,1,2026-08-15,20,quantile,0.3,2.0
2026-08-08,wk inc covid hosp,1,2026-08-15,20,quantile,0.35,3.0
2026-08-08,wk inc covid hosp,1,2026-08-15,20,quantile,0.4,3.0
2026-08-08,wk inc covid hosp,1,2026-08-15,20,quantile,0.45,4.0
2026-08-08,wk inc covid hosp,1,2026-08-15,20,quantile,0.5,5.0
2026-08-08,wk inc covid hosp,1,2026-08-15,20,quantile,0.55,6.0
2026-08-08,wk inc covid hosp,1,2026-08-15,20,quantile,0.6,6.0
2026-08-08,wk inc covid hosp,1,2026-08-15,20,quantile,0.65,7.0
2026-08-08,wk inc covid hosp,1,2026-08-15,20,quantile,0.7,8.0
2026-08-08,wk inc covid hosp,1,2026-08-15,20,quantile,0.75,9.0
2026-08-08,wk inc covid hosp,1,2026-08-15,20,quantile,0.8,11.0
2026-08-08,wk inc covid hosp,1,2026-08-15,20,quantile,0.85,12.0
2026-08-08,wk inc covid hosp,1,2026-08-15,20,quantile,0.9,14.0
2026-08-08,wk inc covid hosp,1,2026-08-15,20,quantile,0.95,18.0
2026-08-08,wk inc covid hosp,1,2026-08-15,20,quantile,0.975,21.0
2026-08-08,wk inc covid hosp,1,2026-08-15,20,quantile,0.99,25.0
2026-08-08,wk inc covid hosp,1,2026-08-15,21,quantile,0.01,0.0
2026-08-08,wk inc covid hosp,1,2026-08-15,21,quantile,0.025,0.0
2026-08-08,wk inc covid hosp,1,2026-08-15,21,quantile,0.05,0.0
2026-08-08,wk inc covid hosp,1,2026-08-15,21,quantile,0.1,1.0
2026-08-08,wk inc covid hosp,1,2026-08-15,21,quantile,0.15,2.0
2026-08-08,wk inc covid hosp,1,2026-08-15,21,quantile,0.2,3.0
2026-08-08,wk inc covid hosp,1,2026-08-15,21,quantile,0.25,4.0
2026-08-08,wk inc covid hosp,1,2026-08-15,21,quantile,0.3,5.0
2026-08-08,wk inc covid hosp,1,2026-08-15,21,quantile,0.35,5.0
2026-08-08,wk inc covid hosp,1,2026-08-15,21,quantile,0.4,6.0
2026-08-08,wk inc covid hosp,1,2026-08-15,21,quantile,0.45,8.0
2026-08-08,wk inc covid hosp,1,2026-08-15,21,quantile,0.5,8.0
2026-08-08,wk inc covid hosp,1,2026-08-15,21,quantile,0.55,9.0
2026-08-08,wk inc covid hosp,1,2026-08-15,21,quantile,0.6,10.0
2026-08-08,wk inc covid hosp,1,2026-08-15,21,quantile,0.65,11.0
2026-08-08,wk inc covid hosp,1,2026-08-15,21,quantile,0.7,12.0
2026-08-08,wk inc covid hosp,1,2026-08-15,21,quantile,0.75,14.0
2026-08-08,wk inc covid hosp,1,2026-08-15,21,quantile,0.8,15.0
2026-08-08,wk inc covid hosp,1,2026-08-15,21,quantile,0.85,17.0
2026-08-08,wk inc covid hosp,1,2026-08-15,21,quantile,0.9,20.0
2026-08-08,wk inc covid hosp,1,2026-08-15,21,quantile,0.95,23.0
2026-08-08,wk inc covid hosp,1,2026-08-15,21,quantile,0.975,28.0
2026-08-08,wk inc covid hosp,1,2026-08-15,21,quantile,0.99,33.0
2026-08-08,wk inc covid hosp,1,2026-08-15,22,quantile,0.01,26.0
2026-08-08,wk inc covid hosp,1,2026-08-15,22,quantile,0.025,31.0
2026-08-08,wk inc covid hosp,1,2026-08-15,22,quantile,0.05,36.0
2026-08-08,wk inc covid hosp,1,2026-08-15,22,quantile,0.1,40.0
2026-08-08,wk inc covid hosp,1,2026-08-15,22,quantile,0.15,45.0
2026-08-08,wk inc covid hosp,1,2026-08-15,22,quantile,0.2,49.0
2026-08-08,wk inc covid hosp,1,2026-08-15,22,quantile,0.25,51.0
2026-08-08,wk inc covid hosp,1,2026-08-15,22,quantile,0.3,54.0
2026-08-08,wk inc covid hosp,1,2026-08-15,22,quantile,0.35,58.0
2026-08-08,wk inc covid hosp,1,2026-08-15,22,quantile,0.4,61.0
2026-08-08,wk inc covid hosp,1,2026-08-15,22,quantile,0.45,64.0
2026-08-08,wk inc covid hosp,1,2026-08-15,22,quantile,0.5,66.0
2026-08-08,wk inc covid hosp,1,2026-08-15,22,quantile,0.55,69.0
2026-08-08,wk inc covid hosp,1,2026-08-15,22,quantile,0.6,71.0
2026-08-08,wk inc covid hosp,1,2026-08-15,22,quantile,0.65,74.0
2026-08-08,wk inc covid hosp,1,2026-08-15,22,quantile,0.7,78.0
2026-08-08,wk inc covid hosp,1,2026-08-15,22,quantile,0.75,83.0
2026-08-08,wk inc covid hosp,1,2026-08-15,22,quantile,0.8,85.0
2026-08-08,wk inc covid hosp,1,2026-08-15,22,quantile,0.85,90.0
2026-08-08,wk inc covid hosp,1,2026-08-15,22,quantile,0.9,98.0
2026-08-08,wk inc covid hosp,1,2026-08-15,22,quantile,0.95,106.0
2026-08-08,wk inc covid hosp,1,2026-08-15,22,quantile,0.975,118.0
2026-08-08,wk inc covid hosp,1,2026-08-15,22,quantile,0.99,135.0
2026-08-08,wk inc covid hosp,1,2026-08-15,23,quantile,0.01,0.0
2026-08-08,wk inc covid hosp,1,2026-08-15,23,quantile,0.025,0.0
2026-08-08,wk inc covid hosp,1,2026-08-15,23,quantile,0.05,0.0
2026-08-08,wk inc covid hosp,1,2026-08-15,23,quantile,0.1,0.0
2026-08-08,wk inc covid hosp,1,2026-08-15,23,quantile,0.15,0.0
2026-08-08,wk inc covid hosp,1,2026-08-15,23,quantile,0.2,0.0
2026-08-08,wk inc covid hosp,1,2026-08-15,23,quantile,0.25,0.0
2026-08-08,wk inc covid hosp,1,2026-08-15,23,quantile,0.3,0.0
2026-08-08,wk inc covid hosp,1,2026-08-15,23,quantile,0.35,0.0
2026-08-08,wk inc covid hosp,1,2026-08-15,23,quantile,0.4,0.0
2026-08-08,wk inc covid hosp,1,2026-08-15,23,quantile,0.45,0.0
2026-08-08,wk inc covid hosp,1,2026-08-15,23,quantile,0.5,0.0
2026-08-08,wk inc covid hosp,1,2026-08-15,23,quantile,0.55,0.0
2026-08-08,wk inc covid hosp,1,2026-08-15,23,quantile,0.6,1.0
2026-08-08,wk inc covid hosp,1,2026-08-15,23,quantile,0.65,1.0
2026-08-08,wk inc covid hosp,1,2026-08-15,23,quantile,0.7,2.0
2026-08-08,wk inc covid hosp,1,2026-08-15,23,quantile,0.75,2.0
2026-08-08,wk inc covid hosp,1,2026-08-15,23,quantile,0.8,3.0
2026-08-08,wk inc covid hosp,1,2026-08-15,23,quantile,0.85,4.0
2026-08-08,wk inc covid hosp,1,2026-08-15,23,quantile,0.9,6.0
2026-08-08,wk inc covid hosp,1,2026-08-15,23,quantile,0.95,8.0
2026-08-08,wk inc covid hosp,1,2026-08-15,23,quantile,0.975,11.0
2026-08-08,wk inc covid hosp,1,2026-08-15,23,quantile,0.99,14.0
2026-08-08,wk inc covid hosp,1,2026-08-15,24,quantile,0.01,0.0
2026-08-08,wk inc covid hosp,1,2026-08-15,24,quantile,0.025,0.0
2026-08-08,wk inc covid hosp,1,2026-08-15,24,quantile,0.05,0.0
2026-08-08,wk inc covid hosp,1,2026-08-15,24,quantile,0.1,0.0
2026-08-08,wk inc covid hosp,1,2026-08-15,24,quantile,0.15,1.0
2026-08-08,wk inc covid hosp,1,2026-08-15,24,quantile,0.2,1.0
2026-08-08,wk inc covid hosp,1,2026-08-15,24,quantile,0.25,2.0
2026-08-08,wk inc covid hosp,1,2026-08-15,24,quantile,0.3,2.0
2026-08-08,wk inc covid hosp,1,2026-08-15,24,quantile,0.35,3.0
2026-08-08,wk inc covid hosp,1,2026-08-15,24,quantile,0.4,4.0
2026-08-08,wk inc covid hosp,1,2026-08-15,24,quantile,0.45,4.0
2026-08-08,wk inc covid hosp,1,2026-08-15,24,quantile,0.5,5.0
2026-08-08,wk inc covid hosp,1,2026-08-15,24,quantile,0.55,6.0
2026-08-08,wk inc covid hosp,1,2026-08-15,24,quantile,0.6,7.0
2026-08-08,wk inc covid hosp,1,2026-08-15,24,quantile,0.65,8.0
2026-08-08,wk inc covid hosp,1,2026-08-15,24,quantile,0.7,9.0
2026-08-08,wk inc covid hosp,1,2026-08-15,24,quantile,0.75,10.0
2026-08-08,wk inc covid hosp,1,2026-08-15,24,quantile,0.8,11.0
2026-08-08,wk inc covid hosp,1,2026-08-15,24,quantile,0.85,12.0
2026-08-08,wk inc covid hosp,1,2026-08-15,24,quantile,0.9,15.0
2026-08-08,wk inc covid hosp,1,2026-08-15,24,quantile,0.95,18.0
2026-08-08,wk inc covid hosp,1,2026-08-15,24,quantile,0.975,21.0
2026-08-08,wk inc covid hosp,1,2026-08-15,24,quantile,0.99,25.0
2026-08-08,wk inc covid hosp,1,2026-08-15,25,quantile,0.01,2.0
2026-08-08,wk inc covid hosp,1,2026-08-15,25,quantile,0.025,3.0
2026-08-08,wk inc covid hosp,1,2026-08-15,25,quantile,0.05,5.0
2026-08-08,wk inc covid hosp,1,2026-08-15,25,quantile,0.1,7.0
2026-08-08,wk inc covid hosp,1,2026-08-15,25,quantile,0.15,9.0
2026-08-08,wk inc covid hosp,1,2026-08-15,25,quantile,0.2,10.0
2026-08-08,wk inc covid hosp,1,2026-08-15,25,quantile,0.25,12.0
2026-08-08,wk inc covid hosp,1,2026-08-15,25,quantile,0.3,13.0
2026-08-08,wk inc covid hosp,1,2026-08-15,25,quantile,0.35,15.0
2026-08-08,wk inc covid hosp,1,2026-08-15,25,quantile,0.4,16.0
2026-08-08,wk inc covid hosp,1,2026-08-15,25,quantile,0.45,17.0
2026-08-08,wk inc covid hosp,1,2026-08-15,25,quantile,0.5,18.0
2026-08-08,wk inc covid hosp,1,2026-08-15,25,quantile,0.55,19.0
2026-08-08,wk inc covid hosp,1,2026-08-15,25,quantile,0.6,21.0
2026-08-08,wk inc covid hosp,1,2026-08-15,25,quantile,0.65,23.0
2026-08-08,wk inc covid hosp,1,2026-08-15,25,quantile,0.7,25.0
2026-08-08,wk inc covid hosp,1,2026-08-15,25,quantile,0.75,28.0
2026-08-08,wk inc covid hosp,1,2026-08-15,25,quantile,0.8,29.0
2026-08-08,wk inc covid hosp,1,2026-08-15,25,quantile,0.85,32.0
2026-08-08,wk inc covid hosp,1,2026-08-15,25,quantile,0.9,35.0
2026-08-08,wk inc covid hosp,1,2026-08-15,25,quantile,0.95,41.0
2026-08-08,wk inc covid hosp,1,2026-08-15,25,quantile,0.975,45.0
2026-08-08,wk inc covid hosp,1,2026-08-15,25,quantile,0.99,50.0
2026-08-08,wk inc covid hosp,1,2026-08-15,26,quantile,0.01,0.0
2026-08-08,wk inc covid hosp,1,2026-08-15,26,quantile,0.025,0.0
2026-08-08,wk inc covid hosp,1,2026-08-15,26,quantile,0.05,0.0
2026-08-08,wk inc covid hosp,1,2026-08-15,26,quantile,0.1,0.0
2026-08-08,wk inc covid hosp,1,2026-08-15,26,quantile,0.15,1.0
2026-08-08,wk inc covid hosp,1,2026-08-15,26,quantile,0.2,1.0
2026-08-08,wk inc covid hosp,1,2026-08-15,26,quantile,0.25,2.0
2026-08-08,wk inc covid hosp,1,2026-08-15,26,quantile,0.3,2.0
2026-08-08,wk inc covid hosp,1,2026-08-15,26,quantile,0.35,3.0
2026-08-08,wk inc covid hosp,1,2026-08-15,26,quantile,0.4,4.0
2026-08-08,wk inc covid hosp,1,2026-08-15,26,quantile,0.45,5.0
2026-08-08,wk inc covid hosp,1,2026-08-15,26,quantile,0.5,5.0
2026-08-08,wk inc covid hosp,1,2026-08-15,26,quantile,0.55,6.0
2026-08-08,wk inc covid hosp,1,2026-08-15,26,quantile,0.6,7.0
2026-08-08,wk inc covid hosp,1,2026-08-15,26,quantile,0.65,8.0
2026-08-08,wk inc covid hosp,1,2026-08-15,26,quantile,0.7,9.0
2026-08-08,wk inc covid hosp,1,2026-08-15,26,quantile,0.75,10.0
2026-08-08,wk inc covid hosp,1,2026-08-15,26,quantile,0.8,12.0
2026-08-08,wk inc covid hosp,1,2026-08-15,26,quantile,0.85,13.0
2026-08-08,wk inc covid hosp,1,2026-08-15,26,quantile,0.9,15.0
2026-08-08,wk inc covid hosp,1,2026-08-15,26,quantile,0.95,18.0
2026-08-08,wk inc covid hosp,1,2026-08-15,26,quantile,0.975,19.0
2026-08-08,wk inc covid hosp,1,2026-08-15,26,quantile,0.99,23.0
2026-08-08,wk inc covid hosp,1,2026-08-15,27,quantile,0.01,1.0
2026-08-08,wk inc covid hosp,1,2026-08-15,27,quantile,0.025,3.0
2026-08-08,wk inc covid hosp,1,2026-08-15,27,quantile,0.05,4.0
2026-08-08,wk inc covid hosp,1,2026-08-15,27,quantile,0.1,7.0
2026-08-08,wk inc covid hosp,1,2026-08-15,27,quantile,0.15,8.0
2026-08-08,wk inc covid hosp,1,2026-08-15,27,quantile,0.2,9.0
2026-08-08,wk inc covid hosp,1,2026-08-15,27,quantile,0.25,11.0
2026-08-08,wk inc covid hosp,1,2026-08-15,27,quantile,0.3,12.0
2026-08-08,wk inc covid hosp,1,2026-08-15,27,quantile,0.35,13.0
2026-08-08,wk inc covid hosp,1,2026-08-15,27,quantile,0.4,15.0
2026-08-08,wk inc covid hosp,1,2026-08-15,27,quantile,0.45,16.0
2026-08-08,wk inc covid hosp,1,2026-08-15,27,quantile,0.5,17.0
2026-08-08,wk inc covid hosp,1,2026-08-15,27,quantile,0.55,18.0
2026-08-08,wk inc covid hosp,1,2026-08-15,27,quantile,0.6,20.0
2026-08-08,wk inc covid hosp,1,2026-08-15,27,quantile,0.65,21.0
2026-08-08,wk inc covid hosp,1,2026-08-15,27,quantile,0.7,23.0
2026-08-08,wk inc covid hosp,1,2026-08-15,27,quantile,0.75,25.0
2026-08-08,wk inc covid hosp,1,2026-08-15,27,quantile,0.8,27.0
2026-08-08,wk inc covid hosp,1,2026-08-15,27,quantile,0.85,30.0
2026-08-08,wk inc covid hosp,1,2026-08-15,27,quantile,0.9,34.0
2026-08-08,wk inc covid hosp,1,2026-08-15,27,quantile,0.95,40.0
2026-08-08,wk inc covid hosp,1,2026-08-15,27,quantile,0.975,46.0
2026-08-08,wk inc covid hosp,1,2026-08-15,27,quantile,0.99,50.0
2026-08-08,wk inc covid hosp,1,2026-08-15,28,quantile,0.01,5.0
2026-08-08,wk inc covid hosp,1,2026-08-15,28,quantile,0.025,8.0
2026-08-08,wk inc covid hosp,1,2026-08-15,28,quantile,0.05,10.0
2026-08-08,wk inc covid hosp,1,2026-08-15,28,quantile,0.1,14.0
2026-08-08,wk inc covid hosp,1,2026-08-15,28,quantile,0.15,17.0
2026-08-08,wk inc covid hosp,1,2026-08-15,28,quantile,0.2,19.0
2026-08-08,wk inc covid hosp,1,2026-08-15,28,quantile,0.25,20.0
2026-08-08,wk inc covid hosp,1,2026-08-15,28,quantile,0.3,22.0
2026-08-08,wk inc covid hosp,1,2026-08-15,28,quantile,0.35,24.0
2026-08-08,wk inc covid hosp,1,2026-08-15,28,quantile,0.4,25.0
2026-08-08,wk inc covid hosp,1,2026-08-15,28,quantile,0.45,26.0
2026-08-08,wk inc covid hosp,1,2026-08-15,28,quantile,0.5,28.0
2026-08-08,wk inc covid hosp,1,2026-08-15,28,quantile,0.55,30.0
2026-08-08,wk inc covid hosp,1,2026-08-15,28,quantile,0.6,32.0
2026-08-08,wk inc covid hosp,1,2026-08-15,28,quantile,0.65,34.0
2026-08-08,wk inc covid hosp,1,2026-08-15,28,quantile,0.7,35.0
2026-08-08,wk inc covid hosp,1,2026-08-15,28,quantile,0.75,38.0
2026-08-08,wk inc covid hosp,1,2026-08-15,28,quantile,0.8,41.0
2026-08-08,wk inc covid hosp,1,2026-08-15,28,quantile,0.85,44.0
2026-08-08,wk inc covid hosp,1,2026-08-15,28,quantile,0.9,47.0
2026-08-08,wk inc covid hosp,1,2026-08-15,28,quantile,0.95,54.0
2026-08-08,wk inc covid hosp,1,2026-08-15,28,quantile,0.975,57.0
2026-08-08,wk inc covid hosp,1,2026-08-15,28,quantile,0.99,64.0
2026-08-08,wk inc covid hosp,1,2026-08-15,29,quantile,0.01,0.0
2026-08-08,wk inc covid hosp,1,2026-08-15,29,quantile,0.025,0.0
2026-08-08,wk inc covid hosp,1,2026-08-15,29,quantile,0.05,1.0
2026-08-08,wk inc covid hosp,1,2026-08-15,29,quantile,0.1,2.0
2026-08-08,wk inc covid hosp,1,2026-08-15,29,quantile,0.15,3.0
2026-08-08,wk inc covid hosp,1,2026-08-15,29,quantile,0.2,4.0
2026-08-08,wk inc covid hosp,1,2026-08-15,29,quantile,0.25,5.0
2026-08-08,wk inc covid hosp,1,2026-08-15,29,quantile,0.3,6.0
2026-08-08,wk inc covid hosp,1,2026-08-15,29,quantile,0.35,7.0
2026-08-08,wk inc covid hosp,1,2026-08-15,29,quantile,0.4,8.0
2026-08-08,wk inc covid hosp,1,2026-08-15,29,quantile,0.45,9.0
2026-08-08,wk inc covid hosp,1,2026-08-15,29,quantile,0.5,10.0
2026-08-08,wk inc covid hosp,1,2026-08-15,29,quantile,0.55,11.0
2026-08-08,wk inc covid hosp,1,2026-08-15,29,quantile,0.6,12.0
2026-08-08,wk inc covid hosp,1,2026-08-15,29,quantile,0.65,13.0
2026-08-08,wk inc covid hosp,1,2026-08-15,29,quantile,0.7,14.0
2026-08-08,wk inc covid hosp,1,2026-08-15,29,quantile,0.75,15.0
2026-08-08,wk inc covid hosp,1,2026-08-15,29,quantile,0.8,17.0
2026-08-08,wk inc covid hosp,1,2026-08-15,29,quantile,0.85,19.0
2026-08-08,wk inc covid hosp,1,2026-08-15,29,quantile,0.9,21.0
2026-08-08,wk inc covid hosp,1,2026-08-15,29,quantile,0.95,26.0
2026-08-08,wk inc covid hosp,1,2026-08-15,29,quantile,0.975,29.0
2026-08-08,wk inc covid hosp,1,2026-08-15,29,quantile,0.99,33.0
2026-08-08,wk inc covid hosp,1,2026-08-15,30,quantile,0.01,0.0
2026-08-08,wk inc covid hosp,1,2026-08-15,30,quantile,0.025,0.0
2026-08-08,wk inc covid hosp,1,2026-08-15,30,quantile,0.05,0.0
2026-08-08,wk inc covid hosp,1,2026-08-15,30,quantile,0.1,0.0
2026-08-08,wk inc covid hosp,1,2026-08-15,30,quantile,0.15,1.0
2026-08-08,wk inc covid hosp,1,2026-08-15,30,quantile,0.2,1.0
2026-08-08,wk inc covid hosp,1,2026-08-15,30,quantile,0.25,1.0
2026-08-08,wk inc covid hosp,1,2026-08-15,30,quantile,0.3,2.0
2026-08-08,wk inc covid hosp,1,2026-08-15,30,quantile,0.35,2.0
2026-08-08,wk inc covid hosp,1,2026-08-15,30,quantile,0.4,3.0
2026-08-08,wk inc covid hosp,1,2026-08-15,30,quantile,0.45,3.0
2026-08-08,wk inc covid hosp,1,2026-08-15,30,quantile,0.5,4.0
2026-08-08,wk inc covid hosp,1,2026-08-15,30,quantile,0.55,4.0
2026-08-08,wk inc covid hosp,1,2026-08-15,30,quantile,0.6,5.0
2026-08-08,wk inc covid hosp,1,2026-08-15,30,quantile,0.65,5.0
2026-08-08,wk inc covid hosp,1,2026-08-15,30,quantile,0.7,6.0
2026-08-08,wk inc covid hosp,1,2026-08-15,30,quantile,0.75,7.0
2026-08-08,wk inc covid hosp,1,2026-08-15,30,quantile,0.8,8.0
2026-08-08,wk inc covid hosp,1,2026-08-15,30,quantile,0.85,10.0
2026-08-08,wk inc covid hosp,1,2026-08-15,30,quantile,0.9,12.0
2026-08-08,wk inc covid hosp,1,2026-08-15,30,quantile,0.95,14.0
2026-08-08,wk inc covid hosp,1,2026-08-15,30,quantile,0.975,18.0
2026-08-08,wk inc covid hosp,1,2026-08-15,30,quantile,0.99,20.0
2026-08-08,wk inc covid hosp,1,2026-08-15,31,quantile,0.01,0.0
2026-08-08,wk inc covid hosp,1,2026-08-15,31,quantile,0.025,0.0
2026-08-08,wk inc covid hosp,1,2026-08-15,31,quantile,0.05,0.0
2026-08-08,wk inc covid hosp,1,2026-08-15,31,quantile,0.1,0.0
2026-08-08,wk inc covid hosp,1,2026-08-15,31,quantile,0.15,0.0
2026-08-08,wk inc covid hosp,1,2026-08-15,31,quantile,0.2,0.0
2026-08-08,wk inc covid hosp,1,2026-08-15,31,quantile,0.25,0.0
2026-08-08,wk inc covid hosp,1,2026-08-15,31,quantile,0.3,0.0
2026-08-08,wk inc covid hosp,1,2026-08-15,31,quantile,0.35,0.0
2026-08-08,wk inc covid hosp,1,2026-08-15,31,quantile,0.4,0.0
2026-08-08,wk inc covid hosp,1,2026-08-15,31,quantile,0.45,0.0
2026-08-08,wk inc covid hosp,1,2026-08-15,31,quantile,0.5,0.0
2026-08-08,wk inc covid hosp,1,2026-08-15,31,quantile,0.55,0.0
2026-08-08,wk inc covid hosp,1,2026-08-15,31,quantile,0.6,0.0
2026-08-08,wk inc covid hosp,1,2026-08-15,31,quantile,0.65,0.0
2026-08-08,wk inc covid hosp,1,2026-08-15,31,quantile,0.7,0.0
2026-08-08,wk inc covid hosp,1,2026-08-15,31,quantile,0.75,0.0
2026-08-08,wk inc covid hosp,1,2026-08-15,31,quantile,0.8,0.0
2026-08-08,wk inc covid hosp,1,2026-08-15,31,quantile,0.85,0.0
2026-08-08,wk inc covid hosp,1,2026-08-15,31,quantile,0.9,1.0
2026-08-08,wk inc covid hosp,1,2026-08-15,31,quantile,0.95,2.0
2026-08-08,wk inc covid hosp,1,2026-08-15,31,quantile,0.975,3.0
2026-08-08,wk inc covid hosp,1,2026-08-15,31,quantile,0.99,5.0
2026-08-08,wk inc covid hosp,1,2026-08-15,32,quantile,0.01,3.0
2026-08-08,wk inc covid hosp,1,2026-08-15,32,quantile,0.025,4.0
2026-08-08,wk inc covid hosp,1,2026-08-15,32,quantile,0.05,6.0
2026-08-08,wk inc covid hosp,1,2026-08-15,32,quantile,0.1,8.0
2026-08-08,wk inc covid hosp,1,2026-08-15,32,quantile,0.15,9.0
2026-08-08,wk inc covid hosp,1,2026-08-15,32,quantile,0.2,11.0
2026-08-08,wk inc covid hosp,1,2026-08-15,32,quantile,0.25,13.0
2026-08-08,wk inc covid hosp,1,2026-08-15,32,quantile,0.3,15.0
2026-08-08,wk inc covid hosp,1,2026-08-15,32,quantile,0.35,16.0
2026-08-08,wk inc covid hosp,1,2026-08-15,32,quantile,0.4,17.0
2026-08-08,wk inc covid hosp,1,2026-08-15,32,quantile,0.45,18.0
2026-08-08,wk inc covid hosp,1,2026-08-15,32,quantile,0.5,20.0
2026-08-08,wk inc covid hosp,1,2026-08-15,32,quantile,0.55,21.0
2026-08-08,wk inc covid hosp,1,2026-08-15,32,quantile,0.6,23.0
2026-08-08,wk inc covid hosp,1,2026-08-15,32,quantile,0.65,24.0
2026-08-08,wk inc covid hosp,1,2026-08-15,32,quantile,0.7,26.0
2026-08-08,wk inc covid hosp,1,2026-08-15,32,quantile,0.75,29.0
2026-08-08,wk inc covid hosp,1,2026-08-15,32,quantile,0.8,31.0
2026-08-08,wk inc covid hosp,1,2026-08-15,32,quantile,0.85,34.0
2026-08-08,wk inc covid hosp,1,2026-08-15,32,quantile,0.9,39.0
2026-08-08,wk inc covid hosp,1,2026-08-15,32,quantile,0.95,45.0
2026-08-08,wk inc covid hosp,1,2026-08-15,32,quantile,0.975,49.0
2026-08-08,wk inc covid hosp,1,2026-08-15,32,quantile,0.99,53.0
2026-08-08,wk inc covid hosp,1,2026-08-15,33,quantile,0.01,0.0
2026-08-08,wk inc covid hosp,1,2026-08-15,33,quantile,0.025,0.0
2026-08-08,wk inc covid hosp,1,2026-08-15,33,quantile,0.05,0.0
2026-08-08,wk inc covid hosp,1,2026-08-15,33,quantile,0.1,0.0
2026-08-08,wk inc covid hosp,1,2026-08-15,33,quantile,0.15,0.0
2026-08-08,wk inc covid hosp,1,2026-08-15,33,quantile,0.2,0.0
2026-08-08,wk inc covid hosp,1,2026-08-15,33,quantile,0.25,0.0
2026-08-08,wk inc covid hosp,1,2026-08-15,33,quantile,0.3,0.0
2026-08-08,wk inc covid hosp,1,2026-08-15,33,quantile,0.35,1.0
2026-08-08,wk inc covid hosp,1,2026-08-15,33,quantile,0.4,1.0
2026-08-08,wk inc covid hosp,1,2026-08-15,33,quantile,0.45,2.0
2026-08-08,wk inc covid hosp,1,2026-08-15,33,quantile,0.5,3.0
2026-08-08,wk inc covid hosp,1,2026-08-15,33,quantile,0.55,3.0
2026-08-08,wk inc covid hosp,1,2026-08-15,33,quantile,0.6,4.0
2026-08-08,wk inc covid hosp,1,2026-08-15,33,quantile,0.65,5.0
2026-08-08,wk inc covid hosp,1,2026-08-15,33,quantile,0.7,6.0
2026-08-08,wk inc covid hosp,1,2026-08-15,33,quantile,0.75,7.0
2026-08-08,wk inc covid hosp,1,2026-08-15,33,quantile,0.8,8.0
2026-08-08,wk inc covid hosp,1,2026-08-15,33,quantile,0.85,10.0
2026-08-08,wk inc covid hosp,1,2026-08-15,33,quantile,0.9,12.0
2026-08-08,wk inc covid hosp,1,2026-08-15,33,quantile,0.95,15.0
2026-08-08,wk inc covid hosp,1,2026-08-15,33,quantile,0.975,17.0
2026-08-08,wk inc covid hosp,1,2026-08-15,33,quantile,0.99,22.0
2026-08-08,wk inc covid hosp,1,2026-08-15,34,quantile,0.01,10.0
2026-08-08,wk inc covid hosp,1,2026-08-15,34,quantile,0.025,13.0
2026-08-08,wk inc covid hosp,1,2026-08-15,34,quantile,0.05,16.0
2026-08-08,wk inc covid hosp,1,2026-08-15,34,quantile,0.1,20.0
2026-08-08,wk inc covid hosp,1,2026-08-15,34,quantile,0.15,23.0
2026-08-08,wk inc covid hosp,1,2026-08-15,34,quantile,0.2,25.0
2026-08-08,wk inc covid hosp,1,2026-08-15,34,quantile,0.25,28.0
2026-08-08,wk inc covid hosp,1,2026-08-15,34,quantile,0.3,30.0
2026-08-08,wk inc covid hosp,1,2026-08-15,34,quantile,0.35,31.0
2026-08-08,wk inc covid hosp,1,2026-08-15,34,quantile,0.4,33.0
2026-08-08,wk inc covid hosp,1,2026-08-15,34,quantile,0.45,34.0
2026-08-08,wk inc covid hosp,1,2026-08-15,34,quantile,0.5,36.0
2026-08-08,wk inc covid hosp,1,2026-08-15,34,quantile,0.55,38.0
2026-08-08,wk inc covid hosp,1,2026-08-15,34,quantile,0.6,40.0
2026-08-08,wk inc covid hosp,1,2026-08-15,34,quantile,0.65,42.0
2026-08-08,wk inc covid hosp,1,2026-08-15,34,quantile,0.7,44.0
2026-08-08,wk inc covid hosp,1,2026-08-15,34,quantile,0.75,47.0
2026-08-08,wk inc covid hosp,1,2026-08-15,34,quantile,0.8,52.0
2026-08-08,wk inc covid hosp,1,2026-08-15,34,quantile,0.85,56.0
2026-08-08,wk inc covid hosp,1,2026-08-15,34,quantile,0.9,60.0
2026-08-08,wk inc covid hosp,1,2026-08-15,34,quantile,0.95,65.0
2026-08-08,wk inc covid hosp,1,2026-08-15,34,quantile,0.975,71.0
2026-08-08,wk inc covid hosp,1,2026-08-15,34,quantile,0.99,83.0
2026-08-08,wk inc covid hosp,1,2026-08-15,35,quantile,0.01,0.0
2026-08-08,wk inc covid hosp,1,2026-08-15,35,quantile,0.025,0.0
2026-08-08,wk inc covid hosp,1,2026-08-15,35,quantile,0.05,0.0
2026-08-08,wk inc covid hosp,1,2026-08-15,35,quantile,0.1,0.0
2026-08-08,wk inc covid hosp,1,2026-08-15,35,quantile,0.15,1.0
2026-08-08,wk inc covid hosp,1,2026-08-15,35,quantile,0.2,2.0
2026-08-08,wk inc covid hosp,1,2026-08-15,35,quantile,0.25,3.0
2026-08-08,wk inc covid hosp,1,2026-08-15,35,quantile,0.3,4.0
2026-08-08,wk inc covid hosp,1,2026-08-15,35,quantile,0.35,4.0
2026-08-08,wk inc covid hosp,1,2026-08-15,35,quantile,0.4,5.0
2026-08-08,wk inc covid hosp,1,2026-08-15,35,quantile,0.45,6.0
2026-08-08,wk inc covid hosp,1,2026-08-15,35,quantile,0.5,6.0
2026-08-08,wk inc covid hosp,1,2026-08-15,35,quantile,0.55,7.0
2026-08-08,wk inc covid hosp,1,2026-08-15,35,quantile,0.6,8.0
2026-08-08,wk inc covid hosp,1,2026-08-15,35,quantile,0.65,9.0
2026-08-08,wk inc covid hosp,1,2026-08-15,35,quantile,0.7,9.0
2026-08-08,wk inc covid hosp,1,2026-08-15,35,quantile,0.75,11.0
2026-08-08,wk inc covid hosp,1,2026-08-15,35,quantile,0.8,12.0
2026-08-08,wk inc covid hosp,1,2026-08-15,35,quantile,0.85,14.0
2026-08-08,wk inc covid hosp,1,2026-08-15,35,quantile,0.9,16.0
2026-08-08,wk inc covid hosp,1,2026-08-15,35,quantile,0.95,20.0
2026-08-08,wk inc covid hosp,1,2026-08-15,35,quantile,0.975,25.0
2026-08-08,wk inc covid hosp,1,2026-08-15,35,quantile,0.99,30.0
2026-08-08,wk inc covid hosp,1,2026-08-15,36,quantile,0.01,46.0
2026-08-08,wk inc covid hosp,1,2026-08-15,36,quantile,0.025,53.0
2026-08-08,wk inc covid hosp,1,2026-08-15,36,quantile,0.05,57.0
2026-08-08,wk inc covid hosp,1,2026-08-15,36,quantile,0.1,64.0
2026-08-08,wk inc covid hosp,1,2026-08-15,36,quantile,0.15,70.0
2026-08-08,wk inc covid hosp,1,2026-08-15,36,quantile,0.2,76.0
2026-08-08,wk inc covid hosp,1,2026-08-15,36,quantile,0.25,79.0
2026-08-08,wk inc covid hosp,1,2026-08-15,36,quantile,0.3,83.0
2026-08-08,wk inc covid hosp,1,2026-08-15,36,quantile,0.35,87.0
2026-08-08,wk inc covid hosp,1,2026-08-15,36,quantile,0.4,90.0
2026-08-08,wk inc covid hosp,1,2026-08-15,36,quantile,0.45,93.0
2026-08-08,wk inc covid hosp,1,2026-08-15,36,quantile,0.5,97.0
2026-08-08,wk inc covid hosp,1,2026-08-15,36,quantile,0.55,100.0
2026-08-08,wk inc covid hosp,1,2026-08-15,36,quantile,0.6,103.0
2026-08-08,wk inc covid hosp,1,2026-08-15,36,quantile,0.65,107.0
2026-08-08,wk inc covid hosp,1,2026-08-15,36,quantile,0.7,112.0
2026-08-08,wk inc covid hosp,1,2026-08-15,36,quantile,0.75,116.0
2026-08-08,wk inc covid hosp,1,2026-08-15,36,quantile,0.8,122.0
2026-08-08,wk inc covid hosp,1,2026-08-15,36,quantile,0.85,129.0
2026-08-08,wk inc covid hosp,1,2026-08-15,36,quantile,0.9,135.0
2026-08-08,wk inc covid hosp,1,2026-08-15,36,quantile,0.95,150.0
2026-08-08,wk inc covid hosp,1,2026-08-15,36,quantile,0.975,162.0
2026-08-08,wk inc covid hosp,1,2026-08-15,36,quantile,0.99,175.0
2026-08-08,wk inc covid hosp,1,2026-08-15,37,quantile,0.01,39.0
2026-08-08,wk inc covid hosp,1,2026-08-15,37,quantile,0.025,43.0
2026-08-08,wk inc covid hosp,1,2026-08-15,37,quantile,0.05,48.0
2026-08-08,wk inc covid hosp,1,2026-08-15,37,quantile,0.1,55.0
2026-08-08,wk inc covid hosp,1,2026-08-15,37,quantile,0.15,62.0
2026-08-08,wk inc covid hosp,1,2026-08-15,37,quantile,0.2,67.0
2026-08-08,wk inc covid hosp,1,2026-08-15,37,quantile,0.25,70.0
2026-08-08,wk inc covid hosp,1,2026-08-15,37,quantile,0.3,75.0
2026-08-08,wk inc covid hosp,1,2026-08-15,37,quantile,0.35,78.0
2026-08-08,wk inc covid hosp,1,2026-08-15,37,quantile,0.4,82.0
2026-08-08,wk inc covid hosp,1,2026-08-15,37,quantile,0.45,84.0
2026-08-08,wk inc covid hosp,1,2026-08-15,37,quantile,0.5,88.0
2026-08-08,wk inc covid hosp,1,2026-08-15,37,quantile,0.55,91.0
2026-08-08,wk inc covid hosp,1,2026-08-15,37,quantile,0.6,94.0
2026-08-08,wk inc covid hosp,1,2026-08-15,37,quantile,0.65,97.0
2026-08-08,wk inc covid hosp,1,2026-08-15,37,quantile,0.7,101.0
2026-08-08,wk inc covid hosp,1,2026-08-15,37,quantile,0.75,104.0
2026-08-08,wk inc covid hosp,1,2026-08-15,37,quantile,0.8,108.0
2026-08-08,wk inc covid hosp,1,2026-08-15,37,quantile,0.85,113.0
2026-08-08,wk inc covid hosp,1,2026-08-15,37,quantile,0.9,122.0
2026-08-08,wk inc covid hosp,1,2026-08-15,37,quantile,0.95,135.0
2026-08-08,wk inc covid hosp,1,2026-08-15,37,quantile,0.975,145.0
2026-08-08,wk inc covid hosp,1,2026-08-15,37,quantile,0.99,152.0
2026-08-08,wk inc covid hosp,1,2026-08-15,38,quantile,0.01,0.0
2026-08-08,wk inc covid hosp,1,2026-08-15,38,quantile,0.025,0.0
2026-08-08,wk inc covid hosp,1,2026-08-15,38,quantile,0.05,0.0
2026-08-08,wk inc covid hosp,1,2026-08-15,38,quantile,0.1,0.0
2026-08-08,wk inc covid hosp,1,2026-08-15,38,quantile,0.15,0.0
2026-08-08,wk inc covid hosp,1,2026-08-15,38,quantile,0.2,0.0
2026-08-08,wk inc covid hosp,1,2026-08-15,38,quantile,0.25,0.0
2026-08-08,wk inc covid hosp,1,2026-08-15,38,quantile,0.3,0.0
2026-08-08,wk inc covid hosp,1,2026-08-15,38,quantile,0.35,0.0
2026-08-08,wk inc covid hosp,1,2026-08-15,38,quantile,0.4,0.0
2026-08-08,wk inc covid hosp,1,2026-08-15,38,quantile,0.45,0.0
2026-08-08,wk inc covid hosp,1,2026-08-15,38,quantile,0.5,0.0
2026-08-08,wk inc covid hosp,1,2026-08-15,38,quantile,0.55,0.0
2026-08-08,wk inc covid hosp,1,2026-08-15,38,quantile,0.6,0.0
2026-08-08,wk inc covid hosp,1,2026-08-15,38,quantile,0.65,0.0
2026-08-08,wk inc covid hosp,1,2026-08-15,38,quantile,0.7,0.0
2026-08-08,wk inc covid hosp,1,2026-08-15,38,quantile,0.75,1.0
2026-08-08,wk inc covid hosp,1,2026-08-15,38,quantile,0.8,2.0
2026-08-08,wk inc covid hosp,1,2026-08-15,38,quantile,0.85,3.0
2026-08-08,wk inc covid hosp,1,2026-08-15,38,quantile,0.9,5.0
2026-08-08,wk inc covid hosp,1,2026-08-15,38,quantile,0.95,7.0
2026-08-08,wk inc covid hosp,1,2026-08-15,38,quantile,0.975,10.0
2026-08-08,wk inc covid hosp,1,2026-08-15,38,quantile,0.99,14.0
2026-08-08,wk inc covid hosp,1,2026-08-15,39,quantile,0.01,8.0
2026-08-08,wk inc covid hosp,1,2026-08-15,39,quantile,0.025,13.0
2026-08-08,wk inc covid hosp,1,2026-08-15,39,quantile,0.05,16.0
2026-08-08,wk inc covid hosp,1,2026-08-15,39,quantile,0.1,21.0
2026-08-08,wk inc covid hosp,1,2026-08-15,39,quantile,0.15,24.0
2026-08-08,wk inc covid hosp,1,2026-08-15,39,quantile,0.2,27.0
2026-08-08,wk inc covid hosp,1,2026-08-15,39,quantile,0.25,28.0
2026-08-08,wk inc covid hosp,1,2026-08-15,39,quantile,0.3,30.0
2026-08-08,wk inc covid hosp,1,2026-08-15,39,quantile,0.35,33.0
2026-08-08,wk inc covid hosp,1,2026-08-15,39,quantile,0.4,35.0
2026-08-08,wk inc covid hosp,1,2026-08-15,39,quantile,0.45,37.0
2026-08-08,wk inc covid hosp,1,2026-08-15,39,quantile,0.5,38.0
2026-08-08,wk inc covid hosp,1,2026-08-15,39,quantile,0.55,41.0
2026-08-08,wk inc covid hosp,1,2026-08-15,39,quantile,0.6,43.0
2026-08-08,wk inc covid hosp,1,2026-08-15,39,quantile,0.65,46.0
2026-08-08,wk inc covid hosp,1,2026-08-15,39,quantile,0.7,48.0
2026-08-08,wk inc covid hosp,1,2026-08-15,39,quantile,0.75,51.0
2026-08-08,wk inc covid hosp,1,2026-08-15,39,quantile,0.8,56.0
2026-08-08,wk inc covid hosp,1,2026-08-15,39,quantile,0.85,59.0
2026-08-08,wk inc covid hosp,1,2026-08-15,39,quantile,0.9,66.0
2026-08-08,wk inc covid hosp,1,2026-08-15,39,quantile,0.95,75.0
2026-08-08,wk inc covid hosp,1,2026-08-15,39,quantile,0.975,83.0
2026-08-08,wk inc covid hosp,1,2026-08-15,39,quantile,0.99,89.0
2026-08-08,wk inc covid hosp,1,2026-08-15,40,quantile,0.01,0.0
2026-08-08,wk inc covid hosp,1,2026-08-15,40,quantile,0.025,1.0
2026-08-08,wk inc covid hosp,1,2026-08-15,40,quantile,0.05,2.0
2026-08-08,wk inc covid hosp,1,2026-08-15,40,quantile,0.1,4.0
2026-08-08,wk inc covid hosp,1,2026-08-15,40,quantile,0.15,4.0
2026-08-08,wk inc covid hosp,1,2026-08-15,40,quantile,0.2,6.0
2026-08-08,wk inc covid hosp,1,2026-08-15,40,quantile,0.25,7.0
2026-08-08,wk inc covid hosp,1,2026-08-15,40,quantile,0.3,8.0
2026-08-08,wk inc covid hosp,1,2026-08-15,40,quantile,0.35,9.0
2026-08-08,wk inc covid hosp,1,2026-08-15,40,quantile,0.4,9.0
2026-08-08,wk inc covid hosp,1,2026-08-15,40,quantile,0.45,10.0
2026-08-08,wk inc covid hosp,1,2026-08-15,40,quantile,0.5,11.0
2026-08-08,wk inc covid hosp,1,2026-08-15,40,quantile,0.55,13.0
2026-08-08,wk inc covid hosp,1,2026-08-15,40,quantile,0.6,14.0
2026-08-08,wk inc covid hosp,1,2026-08-15,40,quantile,0.65,15.0
2026-08-08,wk inc covid hosp,1,2026-08-15,40,quantile,0.7,17.0
2026-08-08,wk inc covid hosp,1,2026-08-15,40,quantile,0.75,18.0
2026-08-08,wk inc covid hosp,1,2026-08-15,40,quantile,0.8,21.0
2026-08-08,wk inc covid hosp,1,2026-08-15,40,quantile,0.85,22.0
2026-08-08,wk inc covid hosp,1,2026-08-15,40,quantile,0.9,26.0
2026-08-08,wk inc covid hosp,1,2026-08-15,40,quantile,0.95,29.0
2026-08-08,wk inc covid hosp,1,2026-08-15,40,quantile,0.975,34.0
2026-08-08,wk inc covid hosp,1,2026-08-15,40,quantile,0.99,37.0
2026-08-08,wk inc covid hosp,1,2026-08-15,41,quantile,0.01,0.0
2026-08-08,wk inc covid hosp,1,2026-08-15,41,quantile,0.025,0.0
2026-08-08,wk inc covid hosp,1,2026-08-15,41,quantile,0.05,0.0
2026-08-08,wk inc covid hosp,1,2026-08-15,41,quantile,0.1,1.0
2026-08-08,wk inc covid hosp,1,2026-08-15,41,quantile,0.15,1.0
2026-08-08,wk inc covid hosp,1,2026-08-15,41,quantile,0.2,2.0
2026-08-08,wk inc covid hosp,1,2026-08-15,41,quantile,0.25,3.0
2026-08-08,wk inc covid hosp,1,2026-08-15,41,quantile,0.3,4.0
2026-08-08,wk inc covid hosp,1,2026-08-15,41,quantile,0.35,4.0
2026-08-08,wk inc covid hosp,1,2026-08-15,41,quantile,0.4,5.0
2026-08-08,wk inc covid hosp,1,2026-08-15,41,quantile,0.45,6.0
2026-08-08,wk inc covid hosp,1,2026-08-15,41,quantile,0.5,6.0
2026-08-08,wk inc covid hosp,1,2026-08-15,41,quantile,0.55,7.0
2026-08-08,wk inc covid hosp,1,2026-08-15,41,quantile,0.6,8.0
2026-08-08,wk inc covid hosp,1,2026-08-15,41,quantile,0.65,9.0
2026-08-08,wk inc covid hosp,1,2026-08-15,41,quantile,0.7,10.0
2026-08-08,wk inc covid hosp,1,2026-08-15,41,quantile,0.75,11.0
2026-08-08,wk inc covid hosp,1,2026-08-15,41,quantile,0.8,12.0
2026-08-08,wk inc covid hosp,1,2026-08-15,41,quantile,0.85,14.0
2026-08-08,wk inc covid hosp,1,2026-08-15,41,quantile,0.9,16.0
2026-08-08,wk inc covid hosp,1,2026-08-15,41,quantile,0.95,19.0
2026-08-08,wk inc covid hosp,1,2026-08-15,41,quantile,0.975,24.0
2026-08-08,wk inc covid hosp,1,2026-08-15,41,quantile,0.99,30.0
2026-08-08,wk inc covid hosp,1,2026-08-15,42,quantile,0.01,11.0
2026-08-08,wk inc covid hosp,1,2026-08-15,42,quantile,0.025,16.0
2026-08-08,wk inc covid hosp,1,2026-08-15,42,quantile,0.05,19.0
2026-08-08,wk inc covid hosp,1,2026-08-15,42,quantile,0.1,24.0
2026-08-08,wk inc covid hosp,1,2026-08-15,42,quantile,0.15,26.0
2026-08-08,wk inc covid hosp,1,2026-08-15,42,quantile,0.2,29.0
2026-08-08,wk inc covid hosp,1,2026-08-15,42,quantile,0.25,32.0
2026-08-08,wk inc covid hosp,1,2026-08-15,42,quantile,0.3,34.0
2026-08-08,wk inc covid hosp,1,2026-08-15,42,quantile,0.35,36.0
2026-08-08,wk inc covid hosp,1,2026-08-15,42,quantile,0.4,37.0
2026-08-08,wk inc covid hosp,1,2026-08-15,42,quantile,0.45,40.0
2026-08-08,wk inc covid hosp,1,2026-08-15,42,quantile,0.5,42.0
2026-08-08,wk inc covid hosp,1,2026-08-15,42,quantile,0.55,44.0
2026-08-08,wk inc covid hosp,1,2026-08-15,42,quantile,0.6,47.0
2026-08-08,wk inc covid hosp,1,2026-08-15,42,quantile,0.65,49.0
2026-08-08,wk inc covid hosp,1,2026-08-15,42,quantile,0.7,51.0
2026-08-08,wk inc covid hosp,1,2026-08-15,42,quantile,0.75,54.0
2026-08-08,wk inc covid hosp,1,2026-08-15,42,quantile,0.8,58.0
2026-08-08,wk inc covid hosp,1,2026-08-15,42,quantile,0.85,62.0
2026-08-08,wk inc covid hosp,1,2026-08-15,42,quantile,0.9,67.0
2026-08-08,wk inc covid hosp,1,2026-08-15,42,quantile,0.95,77.0
2026-08-08,wk inc covid hosp,1,2026-08-15,42,quantile,0.975,82.0
2026-08-08,wk inc covid hosp,1,2026-08-15,42,quantile,0.99,89.0
2026-08-08,wk inc covid hosp,1,2026-08-15,44,quantile,0.01,0.0
2026-08-08,wk inc covid hosp,1,2026-08-15,44,quantile,0.025,0.0
2026-08-08,wk inc covid hosp,1,2026-08-15,44,quantile,0.05,0.0
2026-08-08,wk inc covid hosp,1,2026-08-15,44,quantile,0.1,0.0
2026-08-08,wk inc covid hosp,1,2026-08-15,44,quantile,0.15,0.0
2026-08-08,wk inc covid hosp,1,2026-08-15,44,quantile,0.2,0.0
2026-08-08,wk inc covid hosp,1,2026-08-15,44,quantile,0.25,0.0
2026-08-08,wk inc covid hosp,1,2026-08-15,44,quantile,0.3,0.0
2026-08-08,wk inc covid hosp,1,2026-08-15,44,quantile,0.35,1.0
2026-08-08,wk inc covid hosp,1,2026-08-15,44,quantile,0.4,1.0
2026-08-08,wk inc covid hosp,1,2026-08-15,44,quantile,0.45,1.0
2026-08-08,wk inc covid hosp,1,2026-08-15,44,quantile,0.5,2.0
2026-08-08,wk inc covid hosp,1,2026-08-15,44,quantile,0.55,2.0
2026-08-08,wk inc covid hosp,1,2026-08-15,44,quantile,0.6,3.0
2026-08-08,wk inc covid hosp,1,2026-08-15,44,quantile,0.65,4.0
2026-08-08,wk inc covid hosp,1,2026-08-15,44,quantile,0.7,4.0
2026-08-08,wk inc covid hosp,1,2026-08-15,44,quantile,0.75,5.0
2026-08-08,wk inc covid hosp,1,2026-08-15,44,quantile,0.8,6.0
2026-08-08,wk inc covid hosp,1,2026-08-15,44,quantile,0.85,8.0
2026-08-08,wk inc covid hosp,1,2026-08-15,44,quantile,0.9,9.0
2026-08-08,wk inc covid hosp,1,2026-08-15,44,quantile,0.95,13.0
2026-08-08,wk inc covid hosp,1,2026-08-15,44,quantile,0.975,17.0
2026-08-08,wk inc covid hosp,1,2026-08-15,44,quantile,0.99,21.0
2026-08-08,wk inc covid hosp,1,2026-08-15,45,quantile,0.01,1.0
2026-08-08,wk inc covid hosp,1,2026-08-15,45,quantile,0.025,2.0
2026-08-08,wk inc covid hosp,1,2026-08-15,45,quantile,0.05,4.0
2026-08-08,wk inc covid hosp,1,2026-08-15,45,quantile,0.1,7.0
2026-08-08,wk inc covid hosp,1,2026-08-15,45,quantile,0.15,9.0
2026-08-08,wk inc covid hosp,1,2026-08-15,45,quantile,0.2,10.0
2026-08-08,wk inc covid hosp,1,2026-08-15,45,quantile,0.25,12.0
2026-08-08,wk inc covid hosp,1,2026-08-15,45,quantile,0.3,14.0
2026-08-08,wk inc covid hosp,1,2026-08-15,45,quantile,0.35,15.0
2026-08-08,wk inc covid hosp,1,2026-08-15,45,quantile,0.4,16.0
2026-08-08,wk inc covid hosp,1,2026-08-15,45,quantile,0.45,17.0
2026-08-08,wk inc covid hosp,1,2026-08-15,45,quantile,0.5,19.0
2026-08-08,wk inc covid hosp,1,2026-08-15,45,quantile,0.55,20.0
2026-08-08,wk inc covid hosp,1,2026-08-15,45,quantile,0.6,22.0
2026-08-08,wk inc covid hosp,1,2026-08-15,45,quantile,0.65,23.0
2026-08-08,wk inc covid hosp,1,2026-08-15,45,quantile,0.7,25.0
2026-08-08,wk inc covid hosp,1,2026-08-15,45,quantile,0.75,27.0
2026-08-08,wk inc covid hosp,1,2026-08-15,45,quantile,0.8,30.0
2026-08-08,wk inc covid hosp,1,2026-08-15,45,quantile,0.85,32.0
2026-08-08,wk inc covid hosp,1,2026-08-15,45,quantile,0.9,36.0
2026-08-08,wk inc covid hosp,1,2026-08-15,45,quantile,0.95,41.0
2026-08-08,wk inc covid hosp,1,2026-08-15,45,quantile,0.975,45.0
2026-08-08,wk inc covid hosp,1,2026-08-15,45,quantile,0.99,53.0
2026-08-08,wk inc covid hosp,1,2026-08-15,46,quantile,0.01,0.0
2026-08-08,wk inc covid hosp,1,2026-08-15,46,quantile,0.025,0.0
2026-08-08,wk inc covid hosp,1,2026-08-15,46,quantile,0.05,0.0
2026-08-08,wk inc covid hosp,1,2026-08-15,46,quantile,0.1,0.0
2026-08-08,wk inc covid hosp,1,2026-08-15,46,quantile,0.15,0.0
2026-08-08,wk inc covid hosp,1,2026-08-15,46,quantile,0.2,0.0
2026-08-08,wk inc covid hosp,1,2026-08-15,46,quantile,0.25,0.0
2026-08-08,wk inc covid hosp,1,2026-08-15,46,quantile,0.3,0.0
2026-08-08,wk inc covid hosp,1,2026-08-15,46,quantile,0.35,0.0
2026-08-08,wk inc covid hosp,1,2026-08-15,46,quantile,0.4,0.0
2026-08-08,wk inc covid hosp,1,2026-08-15,46,quantile,0.45,0.0
2026-08-08,wk inc covid hosp,1,2026-08-15,46,quantile,0.5,0.0
2026-08-08,wk inc covid hosp,1,2026-08-15,46,quantile,0.55,0.0
2026-08-08,wk inc covid hosp,1,2026-08-15,46,quantile,0.6,0.0
2026-08-08,wk inc covid hosp,1,2026-08-15,46,quantile,0.65,0.0
2026-08-08,wk inc covid hosp,1,2026-08-15,46,quantile,0.7,0.0
2026-08-08,wk inc covid hosp,1,2026-08-15,46,quantile,0.75,0.0
2026-08-08,wk inc covid hosp,1,2026-08-15,46,quantile,0.8,0.0
2026-08-08,wk inc covid hosp,1,2026-08-15,46,quantile,0.85,0.0
2026-08-08,wk inc covid hosp,1,2026-08-15,46,quantile,0.9,0.0
2026-08-08,wk inc covid hosp,1,2026-08-15,46,quantile,0.95,0.0
2026-08-08,wk inc covid hosp,1,2026-08-15,46,quantile,0.975,0.0
2026-08-08,wk inc covid hosp,1,2026-08-15,46,quantile,0.99,0.0
2026-08-08,wk inc covid hosp,1,2026-08-15,47,quantile,0.01,9.0
2026-08-08,wk inc covid hosp,1,2026-08-15,47,quantile,0.025,12.0
2026-08-08,wk inc covid hosp,1,2026-08-15,47,quantile,0.05,15.0
2026-08-08,wk inc covid hosp,1,2026-08-15,47,quantile,0.1,19.0
2026-08-08,wk inc covid hosp,1,2026-08-15,47,quantile,0.15,22.0
2026-08-08,wk inc covid hosp,1,2026-08-15,47,quantile,0.2,25.0
2026-08-08,wk inc covid hosp,1,2026-08-15,47,quantile,0.25,27.0
2026-08-08,wk inc covid hosp,1,2026-08-15,47,quantile,0.3,29.0
2026-08-08,wk inc covid hosp,1,2026-08-15,47,quantile,0.35,31.0
2026-08-08,wk inc covid hosp,1,2026-08-15,47,quantile,0.4,33.0
2026-08-08,wk inc covid hosp,1,2026-08-15,47,quantile,0.45,35.0
2026-08-08,wk inc covid hosp,1,2026-08-15,47,quantile,0.5,37.0
2026-08-08,wk inc covid hosp,1,2026-08-15,47,quantile,0.55,39.0
2026-08-08,wk inc covid hosp,1,2026-08-15,47,quantile,0.6,42.0
2026-08-08,wk inc covid hosp,1,2026-08-15,47,quantile,0.65,45.0
2026-08-08,wk inc covid hosp,1,2026-08-15,47,quantile,0.7,48.0
2026-08-08,wk inc covid hosp,1,2026-08-15,47,quantile,0.75,51.0
2026-08-08,wk inc covid hosp,1,2026-08-15,47,quantile,0.8,55.0
2026-08-08,wk inc covid hosp,1,2026-08-15,47,quantile,0.85,59.0
2026-08-08,wk inc covid hosp,1,2026-08-15,47,quantile,0.9,65.0
2026-08-08,wk inc covid hosp,1,2026-08-15,47,quantile,0.95,74.0
2026-08-08,wk inc covid hosp,1,2026-08-15,47,quantile,0.975,80.0
2026-08-08,wk inc covid hosp,1,2026-08-15,47,quantile,0.99,83.0
2026-08-08,wk inc covid hosp,1,2026-08-15,48,quantile,0.01,173.0
2026-08-08,wk inc covid hosp,1,2026-08-15,48,quantile,0.025,189.0
2026-08-08,wk inc covid hosp,1,2026-08-15,48,quantile,0.05,204.0
2026-08-08,wk inc covid hosp,1,2026-08-15,48,quantile,0.1,223.0
2026-08-08,wk inc covid hosp,1,2026-08-15,48,quantile,0.15,237.0
2026-08-08,wk inc covid hosp,1,2026-08-15,48,quantile,0.2,243.0
2026-08-08,wk inc covid hosp,1,2026-08-15,48,quantile,0.25,251.0
2026-08-08,wk inc covid hosp,1,2026-08-15,48,quantile,0.3,257.0
2026-08-08,wk inc covid hosp,1,2026-08-15,48,quantile,0.35,263.0
2026-08-08,wk inc covid hosp,1,2026-08-15,48,quantile,0.4,269.0
2026-08-08,wk inc covid hosp,1,2026-08-15,48,quantile,0.45,277.0
2026-08-08,wk inc covid hosp,1,2026-08-15,48,quantile,0.5,285.0
2026-08-08,wk inc covid hosp,1,2026-08-15,48,quantile,0.55,295.0
2026-08-08,wk inc covid hosp,1,2026-08-15,48,quantile,0.6,300.0
2026-08-08,wk inc covid hosp,1,2026-08-15,48,quantile,0.65,310.0
2026-08-08,wk inc covid hosp,1,2026-08-15,48,quantile,0.7,319.0
2026-08-08,wk inc covid hosp,1,2026-08-15,48,quantile,0.75,328.0
2026-08-08,wk inc covid hosp,1,2026-08-15,48,quantile,0.8,342.0
2026-08-08,wk inc covid hosp,1,2026-08-15,48,quantile,0.85,353.0
2026-08-08,wk inc covid hosp,1,2026-08-15,48,quantile,0.9,367.0
2026-08-08,wk inc covid hosp,1,2026-08-15,48,quantile,0.95,385.0
2026-08-08,wk inc covid hosp,1,2026-08-15,48,quantile,0.975,411.0
2026-08-08,wk inc covid hosp,1,2026-08-15,48,quantile,0.99,439.0
2026-08-08,wk inc covid hosp,1,2026-08-15,49,quantile,0.01,0.0
2026-08-08,wk inc covid hosp,1,2026-08-15,49,quantile,0.025,0.0
2026-08-08,wk inc covid hosp,1,2026-08-15,49,quantile,0.05,0.0
2026-08-08,wk inc covid hosp,1,2026-08-15,49,quantile,0.1,0.0
2026-08-08,wk inc covid hosp,1,2026-08-15,49,quantile,0.15,0.0
2026-08-08,wk inc covid hosp,1,2026-08-15,49,quantile,0.2,0.0
2026-08-08,wk inc covid hosp,1,2026-08-15,49,quantile,0.25,0.0
2026-08-08,wk inc covid hosp,1,2026-08-15,49,quantile,0.3,0.0
2026-08-08,wk inc covid hosp,1,2026-08-15,49,quantile,0.35,0.0
2026-08-08,wk inc covid hosp,1,2026-08-15,49,quantile,0.4,0.0
2026-08-08,wk inc covid hosp,1,2026-08-15,49,quantile,0.45,1.0
2026-08-08,wk inc covid hosp,1,2026-08-15,49,quantile,0.5,1.0
2026-08-08,wk inc covid hosp,1,2026-08-15,49,quantile,0.55,2.0
2026-08-08,wk inc covid hosp,1,2026-08-15,49,quantile,0.6,3.0
2026-08-08,wk inc covid hosp,1,2026-08-15,49,quantile,0.65,4.0
2026-08-08,wk inc covid hosp,1,2026-08-15,49,quantile,0.7,4.0
2026-08-08,wk inc covid hosp,1,2026-08-15,49,quantile,0.75,5.0
2026-08-08,wk inc covid hosp,1,2026-08-15,49,quantile,0.8,6.0
2026-08-08,wk inc covid hosp,1,2026-08-15,49,quantile,0.85,7.0
2026-08-08,wk inc covid hosp,1,2026-08-15,49,quantile,0.9,9.0
2026-08-08,wk inc covid hosp,1,2026-08-15,49,quantile,0.95,11.0
2026-08-08,wk inc covid hosp,1,2026-08-15,49,quantile,0.975,15.0
2026-08-08,wk inc covid hosp,1,2026-08-15,49,quantile,0.99,18.0
2026-08-08,wk inc covid hosp,1,2026-08-15,50,quantile,0.01,0.0
2026-08-08,wk inc covid hosp,1,2026-08-15,50,quantile,0.025,0.0
2026-08-08,wk inc covid hosp,1,2026-08-15,50,quantile,0.05,0.0
2026-08-08,wk inc covid hosp,1,2026-08-15,50,quantile,0.1,0.0
2026-08-08,wk inc covid hosp,1,2026-08-15,50,quantile,0.15,0.0
2026-08-08,wk inc covid hosp,1,2026-08-15,50,quantile,0.2,0.0
2026-08-08,wk inc covid hosp,1,2026-08-15,50,quantile,0.25,0.0
2026-08-08,wk inc covid hosp,1,2026-08-15,50,quantile,0.3,0.0
2026-08-08,wk inc covid hosp,1,2026-08-15,50,quantile,0.35,0.0
2026-08-08,wk inc covid hosp,1,2026-08-15,50,quantile,0.4,0.0
2026-08-08,wk inc covid hosp,1,2026-08-15,50,quantile,0.45,0.0
2026-08-08,wk inc covid hosp,1,2026-08-15,50,quantile,0.5,0.0
2026-08-08,wk inc covid hosp,1,2026-08-15,50,quantile,0.55,0.0
2026-08-08,wk inc covid hosp,1,2026-08-15,50,quantile,0.6,0.0
2026-08-08,wk inc covid hosp,1,2026-08-15,50,quantile,0.65,0.0
2026-08-08,wk inc covid hosp,1,2026-08-15,50,quantile,0.7,0.0
2026-08-08,wk inc covid hosp,1,2026-08-15,50,quantile,0.75,0.0
2026-08-08,wk inc covid hosp,1,2026-08-15,50,quantile,0.8,0.0
2026-08-08,wk inc covid hosp,1,2026-08-15,50,quantile,0.85,0.0
2026-08-08,wk inc covid hosp,1,2026-08-15,50,quantile,0.9,0.0
2026-08-08,wk inc covid hosp,1,2026-08-15,50,quantile,0.95,0.0
2026-08-08,wk inc covid hosp,1,2026-08-15,50,quantile,0.975,0.0
2026-08-08,wk inc covid hosp,1,2026-08-15,50,quantile,0.99,0.0
2026-08-08,wk inc covid hosp,1,2026-08-15,51,quantile,0.01,1.0
2026-08-08,wk inc covid hosp,1,2026-08-15,51,quantile,0.025,2.0
2026-08-08,wk inc covid hosp,1,2026-08-15,51,quantile,0.05,3.0
2026-08-08,wk inc covid hosp,1,2026-08-15,51,quantile,0.1,6.0
2026-08-08,wk inc covid hosp,1,2026-08-15,51,quantile,0.15,8.0
2026-08-08,wk inc covid hosp,1,2026-08-15,51,quantile,0.2,9.0
2026-08-08,wk inc covid hosp,1,2026-08-15,51,quantile,0.25,10.0
2026-08-08,wk inc covid hosp,1,2026-08-15,51,quantile,0.3,11.0
2026-08-08,wk inc covid hosp,1,2026-08-15,51,quantile,0.35,13.0
2026-08-08,wk inc covid hosp,1,2026-08-15,51,quantile,0.4,13.0
2026-08-08,wk inc covid hosp,1,2026-08-15,51,quantile,0.45,15.0
2026-08-08,wk inc covid hosp,1,2026-08-15,51,quantile,0.5,16.0
2026-08-08,wk inc covid hosp,1,2026-08-15,51,quantile,0.55,17.0
2026-08-08,wk inc covid hosp,1,2026-08-15,51,quantile,0.6,19.0
2026-08-08,wk inc covid hosp,1,2026-08-15,51,quantile,0.65,20.0
2026-08-08,wk inc covid hosp,1,2026-08-15,51,quantile,0.7,22.0
2026-08-08,wk inc covid hosp,1,2026-08-15,51,quantile,0.75,23.0
2026-08-08,wk inc covid hosp,1,2026-08-15,51,quantile,0.8,25.0
2026-08-08,wk inc covid hosp,1,2026-08-15,51,quantile,0.85,28.0
2026-08-08,wk inc covid hosp,1,2026-08-15,51,quantile,0.9,31.0
2026-08-08,wk inc covid hosp,1,2026-08-15,51,quantile,0.95,38.0
2026-08-08,wk inc covid hosp,1,2026-08-15,51,quantile,0.975,42.0
2026-08-08,wk inc covid hosp,1,2026-08-15,51,quantile,0.99,49.0
2026-08-08,wk inc covid hosp,1,2026-08-15,53,quantile,0.01,0.0
2026-08-08,wk inc covid hosp,1,2026-08-15,53,quantile,0.025,1.0
2026-08-08,wk inc covid hosp,1,2026-08-15,53,quantile,0.05,3.0
2026-08-08,wk inc covid hosp,1,2026-08-15,53,quantile,0.1,5.0
2026-08-08,wk inc covid hosp,1,2026-08-15,53,quantile,0.15,6.0
2026-08-08,wk inc covid hosp,1,2026-08-15,53,quantile,0.2,8.0
2026-08-08,wk inc covid hosp,1,2026-08-15,53,quantile,0.25,9.0
2026-08-08,wk inc covid hosp,1,2026-08-15,53,quantile,0.3,10.0
2026-08-08,wk inc covid hosp,1,2026-08-15,53,quantile,0.35,11.0
2026-08-08,wk inc covid hosp,1,2026-08-15,53,quantile,0.4,12.0
2026-08-08,wk inc covid hosp,1,2026-08-15,53,quantile,0.45,13.0
2026-08-08,wk inc covid hosp,1,2026-08-15,53,quantile,0.5,14.0
2026-08-08,wk inc covid hosp,1,2026-08-15,53,quantile,0.55,15.0
2026-08-08,wk inc covid hosp,1,2026-08-15,53,quantile,0.6,17.0
2026-08-08,wk inc covid hosp,1,2026-08-15,53,quantile,0.65,18.0
2026-08-08,wk inc covid hosp,1,2026-08-15,53,quantile,0.7,20.0
2026-08-08,wk inc covid hosp,1,2026-08-15,53,quantile,0.75,22.0
2026-08-08,wk inc covid hosp,1,2026-08-15,53,quantile,0.8,23.0
2026-08-08,wk inc covid hosp,1,2026-08-15,53,quantile,0.85,25.0
2026-08-08,wk inc covid hosp,1,2026-08-15,53,quantile,0.9,28.0
2026-08-08,wk inc covid hosp,1,2026-08-15,53,quantile,0.95,32.0
2026-08-08,wk inc covid hosp,1,2026-08-15,53,quantile,0.975,37.0
2026-08-08,wk inc covid hosp,1,2026-08-15,53,quantile,0.99,44.0
2026-08-08,wk inc covid hosp,1,2026-08-15,54,quantile,0.01,0.0
2026-08-08,wk inc covid hosp,1,2026-08-15,54,quantile,0.025,0.0
2026-08-08,wk inc covid hosp,1,2026-08-15,54,quantile,0.05,0.0
2026-08-08,wk inc covid hosp,1,2026-08-15,54,quantile,0.1,0.0
2026-08-08,wk inc covid hosp,1,2026-08-15,54,quantile,0.15,0.0
2026-08-08,wk inc covid hosp,1,2026-08-15,54,quantile,0.2,0.0
2026-08-08,wk inc covid hosp,1,2026-08-15,54,quantile,0.25,0.0
2026-08-08,wk inc covid hosp,1,2026-08-15,54,quantile,0.3,0.0
2026-08-08,wk inc covid hosp,1,2026-08-15,54,quantile,0.35,0.0
2026-08-08,wk inc covid hosp,1,2026-08-15,54,quantile,0.4,0.0
2026-08-08,wk inc covid hosp,1,2026-08-15,54,quantile,0.45,0.0
2026-08-08,wk inc covid hosp,1,2026-08-15,54,quantile,0.5,0.0
2026-08-08,wk inc covid hosp,1,2026-08-15,54,quantile,0.55,0.0
2026-08-08,wk inc covid hosp,1,2026-08-15,54,quantile,0.6,0.0
2026-08-08,wk inc covid hosp,1,2026-08-15,54,quantile,0.65,0.0
2026-08-08,wk inc covid hosp,1,2026-08-15,54,quantile,0.7,0.0
2026-08-08,wk inc covid hosp,1,2026-08-15,54,quantile,0.75,0.0
2026-08-08,wk inc covid hosp,1,2026-08-15,54,quantile,0.8,1.0
2026-08-08,wk inc covid hosp,1,2026-08-15,54,quantile,0.85,1.0
2026-08-08,wk inc covid hosp,1,2026-08-15,54,quantile,0.9,2.0
2026-08-08,wk inc covid hosp,1,2026-08-15,54,quantile,0.95,4.0
2026-08-08,wk inc covid hosp,1,2026-08-15,54,quantile,0.975,6.0
2026-08-08,wk inc covid hosp,1,2026-08-15,54,quantile,0.99,8.0
2026-08-08,wk inc covid hosp,1,2026-08-15,55,quantile,0.01,2.0
2026-08-08,wk inc covid hosp,1,2026-08-15,55,quantile,0.025,4.0
2026-08-08,wk inc covid hosp,1,2026-08-15,55,quantile,0.05,6.0
2026-08-08,wk inc covid hosp,1,2026-08-15,55,quantile,0.1,9.0
2026-08-08,wk inc covid hosp,1,2026-08-15,55,quantile,0.15,12.0
2026-08-08,wk inc covid hosp,1,2026-08-15,55,quantile,0.2,13.0
2026-08-08,wk inc covid hosp,1,2026-08-15,55,quantile,0.25,15.0
2026-08-08,wk inc covid hosp,1,2026-08-15,55,quantile,0.3,17.0
2026-08-08,wk inc covid hosp,1,2026-08-15,55,quantile,0.35,19.0
2026-08-08,wk inc covid hosp,1,2026-08-15,55,quantile,0.4,20.0
2026-08-08,wk inc covid hosp,1,2026-08-15,55,quantile,0.45,22.0
2026-08-08,wk inc covid hosp,1,2026-08-15,55,quantile,0.5,24.0
2026-08-08,wk inc covid hosp,1,2026-08-15,55,quantile,0.55,25.0
2026-08-08,wk inc covid hosp,1,2026-08-15,55,quantile,0.6,27.0
2026-08-08,wk inc covid hosp,1,2026-08-15,55,quantile,0.65,29.0
2026-08-08,wk inc covid hosp,1,2026-08-15,55,quantile,0.7,31.0
2026-08-08,wk inc covid hosp,1,2026-08-15,55,quantile,0.75,33.0
2026-08-08,wk inc covid hosp,1,2026-08-15,55,quantile,0.8,37.0
2026-08-08,wk inc covid hosp,1,2026-08-15,55,quantile,0.85,40.0
2026-08-08,wk inc covid hosp,1,2026-08-15,55,quantile,0.9,45.0
2026-08-08,wk inc covid hosp,1,2026-08-15,55,quantile,0.95,53.0
2026-08-08,wk inc covid hosp,1,2026-08-15,55,quantile,0.975,60.0
2026-08-08,wk inc covid hosp,1,2026-08-15,55,quantile,0.99,72.0
2026-08-08,wk inc covid hosp,1,2026-08-15,56,quantile,0.01,0.0
2026-08-08,wk inc covid hosp,1,2026-08-15,56,quantile,0.025,0.0
2026-08-08,wk inc covid hosp,1,2026-08-15,56,quantile,0.05,0.0
2026-08-08,wk inc covid hosp,1,2026-08-15,56,quantile,0.1,0.0
2026-08-08,wk inc covid hosp,1,2026-08-15,56,quantile,0.15,0.0
2026-08-08,wk inc covid hosp,1,2026-08-15,56,quantile,0.2,0.0
2026-08-08,wk inc covid hosp,1,2026-08-15,56,quantile,0.25,0.0
2026-08-08,wk inc covid hosp,1,2026-08-15,56,quantile,0.3,0.0
2026-08-08,wk inc covid hosp,1,2026-08-15,56,quantile,0.35,0.0
2026-08-08,wk inc covid hosp,1,2026-08-15,56,quantile,0.4,0.0
2026-08-08,wk inc covid hosp,1,2026-08-15,56,quantile,0.45,0.0
2026-08-08,wk inc covid hosp,1,2026-08-15,56,quantile,0.5,0.0
2026-08-08,wk inc covid hosp,1,2026-08-15,56,quantile,0.55,0.0
2026-08-08,wk inc covid hosp,1,2026-08-15,56,quantile,0.6,0.0
2026-08-08,wk inc covid hosp,1,2026-08-15,56,quantile,0.65,0.0
2026-08-08,wk inc covid hosp,1,2026-08-15,56,quantile,0.7,0.0
2026-08-08,wk inc covid hosp,1,2026-08-15,56,quantile,0.75,0.0
2026-08-08,wk inc covid hosp,1,2026-08-15,56,quantile,0.8,0.0
2026-08-08,wk inc covid hosp,1,2026-08-15,56,quantile,0.85,0.0
2026-08-08,wk inc covid hosp,1,2026-08-15,56,quantile,0.9,0.0
2026-08-08,wk inc covid hosp,1,2026-08-15,56,quantile,0.95,0.0
2026-08-08,wk inc covid hosp,1,2026-08-15,56,quantile,0.975,0.0
2026-08-08,wk inc covid hosp,1,2026-08-15,56,quantile,0.99,2.0
2026-08-08,wk inc covid hosp,1,2026-08-15,72,quantile,0.01,5.0
2026-08-08,wk inc covid hosp,1,2026-08-15,72,quantile,0.025,7.0
2026-08-08,wk inc covid hosp,1,2026-08-15,72,quantile,0.05,9.0
2026-08-08,wk inc covid hosp,1,2026-08-15,72,quantile,0.1,13.0
2026-08-08,wk inc covid hosp,1,2026-08-15,72,quantile,0.15,15.0
2026-08-08,wk inc covid hosp,1,2026-08-15,72,quantile,0.2,17.0
2026-08-08,wk inc covid hosp,1,2026-08-15,72,quantile,0.25,18.0
2026-08-08,wk inc covid hosp,1,2026-08-15,72,quantile,0.3,19.0
2026-08-08,wk inc covid hosp,1,2026-08-15,72,quantile,0.35,20.0
2026-08-08,wk inc covid hosp,1,2026-08-15,72,quantile,0.4,21.0
2026-08-08,wk inc covid hosp,1,2026-08-15,72,quantile,0.45,24.0
2026-08-08,wk inc covid hosp,1,2026-08-15,72,quantile,0.5,25.0
2026-08-08,wk inc covid hosp,1,2026-08-15,72,quantile,0.55,27.0
2026-08-08,wk inc covid hosp,1,2026-08-15,72,quantile,0.6,28.0
2026-08-08,wk inc covid hosp,1,2026-08-15,72,quantile,0.65,30.0
2026-08-08,wk inc covid hosp,1,2026-08-15,72,quantile,0.7,31.0
2026-08-08,wk inc covid hosp,1,2026-08-15,72,quantile,0.75,34.0
2026-08-08,wk inc covid hosp,1,2026-08-15,72,quantile,0.8,36.0
2026-08-08,wk inc covid hosp,1,2026-08-15,72,quantile,0.85,39.0
2026-08-08,wk inc covid hosp,1,2026-08-15,72,quantile,0.9,42.0
2026-08-08,wk inc covid hosp,1,2026-08-15,72,quantile,0.95,47.0
2026-08-08,wk inc covid hosp,1,2026-08-15,72,quantile,0.975,51.0
2026-08-08,wk inc covid hosp,1,2026-08-15,72,quantile,0.99,60.0
2026-08-08,wk inc covid hosp,2,2026-08-22,01,quantile,0.01,8.0
2026-08-08,wk inc covid hosp,2,2026-08-22,01,quantile,0.025,15.0
2026-08-08,wk inc covid hosp,2,2026-08-22,01,quantile,0.05,21.0
2026-08-08,wk inc covid hosp,2,2026-08-22,01,quantile,0.1,27.0
2026-08-08,wk inc covid hosp,2,2026-08-22,01,quantile,0.15,31.0
2026-08-08,wk inc covid hosp,2,2026-08-22,01,quantile,0.2,35.0
2026-08-08,wk inc covid hosp,2,2026-08-22,01,quantile,0.25,38.0
2026-08-08,wk inc covid hosp,2,2026-08-22,01,quantile,0.3,41.0
2026-08-08,wk inc covid hosp,2,2026-08-22,01,quantile,0.35,45.0
2026-08-08,wk inc covid hosp,2,2026-08-22,01,quantile,0.4,49.0
2026-08-08,wk inc covid hosp,2,2026-08-22,01,quantile,0.45,51.0
2026-08-08,wk inc covid hosp,2,2026-08-22,01,quantile,0.5,56.0
2026-08-08,wk inc covid hosp,2,2026-08-22,01,quantile,0.55,58.0
2026-08-08,wk inc covid hosp,2,2026-08-22,01,quantile,0.6,61.0
2026-08-08,wk inc covid hosp,2,2026-08-22,01,quantile,0.65,65.0
2026-08-08,wk inc covid hosp,2,2026-08-22,01,quantile,0.7,69.0
2026-08-08,wk inc covid hosp,2,2026-08-22,01,quantile,0.75,75.0
2026-08-08,wk inc covid hosp,2,2026-08-22,01,quantile,0.8,81.0
2026-08-08,wk inc covid hosp,2,2026-08-22,01,quantile,0.85,87.0
2026-08-08,wk inc covid hosp,2,2026-08-22,01,quantile,0.9,97.0
2026-08-08,wk inc covid hosp,2,2026-08-22,01,quantile,0.95,112.0
2026-08-08,wk inc covid hosp,2,2026-08-22,01,quantile,0.975,120.0
2026-08-08,wk inc covid hosp,2,2026-08-22,01,quantile,0.99,141.0
2026-08-08,wk inc covid hosp,2,2026-08-22,02,quantile,0.01,0.0
2026-08-08,wk inc covid hosp,2,2026-08-22,02,quantile,0.025,0.0
2026-08-08,wk inc covid hosp,2,2026-08-22,02,quantile,0.05,0.0
2026-08-08,wk inc covid hosp,2,2026-08-22,02,quantile,0.1,0.0
2026-08-08,wk inc covid hosp,2,2026-08-22,02,quantile,0.15,0.0
2026-08-08,wk inc covid hosp,2,2026-08-22,02,quantile,0.2,0.0
2026-08-08,wk inc covid hosp,2,2026-08-22,02,quantile,0.25,0.0
2026-08-08,wk inc covid hosp,2,2026-08-22,02,quantile,0.3,0.0
2026-08-08,wk inc covid hosp,2,2026-08-22,02,quantile,0.35,0.0
2026-08-08,wk inc covid hosp,2,2026-08-22,02,quantile,0.4,0.0
2026-08-08,wk inc covid hosp,2,2026-08-22,02,quantile,0.45,0.0
2026-08-08,wk inc covid hosp,2,2026-08-22,02,quantile,0.5,1.0
2026-08-08,wk inc covid hosp,2,2026-08-22,02,quantile,0.55,2.0
2026-08-08,wk inc covid hosp,2,2026-08-22,02,quantile,0.6,3.0
2026-08-08,wk inc covid hosp,2,2026-08-22,02,quantile,0.65,4.0
2026-08-08,wk inc covid hosp,2,2026-08-22,02,quantile,0.7,5.0
2026-08-08,wk inc covid hosp,2,2026-08-22,02,quantile,0.75,6.0
2026-08-08,wk inc covid hosp,2,2026-08-22,02,quantile,0.8,8.0
2026-08-08,wk inc covid hosp,2,2026-08-22,02,quantile,0.85,10.0
2026-08-08,wk inc covid hosp,2,2026-08-22,02,quantile,0.9,12.0
2026-08-08,wk inc covid hosp,2,2026-08-22,02,quantile,0.95,19.0
2026-08-08,wk inc covid hosp,2,2026-08-22,02,quantile,0.975,26.0
2026-08-08,wk inc covid hosp,2,2026-08-22,02,quantile,0.99,31.0
2026-08-08,wk inc covid hosp,2,2026-08-22,04,quantile,0.01,1.0
2026-08-08,wk inc covid hosp,2,2026-08-22,04,quantile,0.025,3.0
2026-08-08,wk inc covid hosp,2,2026-08-22,04,quantile,0.05,6.0
2026-08-08,wk inc covid hosp,2,2026-08-22,04,quantile,0.1,9.0
2026-08-08,wk inc covid hosp,2,2026-08-22,04,quantile,0.15,13.0
2026-08-08,wk inc covid hosp,2,2026-08-22,04,quantile,0.2,14.0
2026-08-08,wk inc covid hosp,2,2026-08-22,04,quantile,0.25,17.0
2026-08-08,wk inc covid hosp,2,2026-08-22,04,quantile,0.3,20.0
2026-08-08,wk inc covid hosp,2,2026-08-22,04,quantile,0.35,21.0
2026-08-08,wk inc covid hosp,2,2026-08-22,04,quantile,0.4,23.0
2026-08-08,wk inc covid hosp,2,2026-08-22,04,quantile,0.45,25.0
2026-08-08,wk inc covid hosp,2,2026-08-22,04,quantile,0.5,27.0
2026-08-08,wk inc covid hosp,2,2026-08-22,04,quantile,0.55,30.0
2026-08-08,wk inc covid hosp,2,2026-08-22,04,quantile,0.6,33.0
2026-08-08,wk inc covid hosp,2,2026-08-22,04,quantile,0.65,35.0
2026-08-08,wk inc covid hosp,2,2026-08-22,04,quantile,0.7,39.0
2026-08-08,wk inc covid hosp,2,2026-08-22,04,quantile,0.75,42.0
2026-08-08,wk inc covid hosp,2,2026-08-22,04,quantile,0.8,46.0
2026-08-08,wk inc covid hosp,2,2026-08-22,04,quantile,0.85,50.0
2026-08-08,wk inc covid hosp,2,2026-08-22,04,quantile,0.9,57.0
2026-08-08,wk inc covid hosp,2,2026-08-22,04,quantile,0.95,69.0
2026-08-08,wk inc covid hosp,2,2026-08-22,04,quantile,0.975,78.0
2026-08-08,wk inc covid hosp,2,2026-08-22,04,quantile,0.99,92.0
2026-08-08,wk inc covid hosp,2,2026-08-22,05,quantile,0.01,0.0
2026-08-08,wk inc covid hosp,2,2026-08-22,05,quantile,0.025,0.0
2026-08-08,wk inc covid hosp,2,2026-08-22,05,quantile,0.05,0.0
2026-08-08,wk inc covid hosp,2,2026-08-22,05,quantile,0.1,0.0
2026-08-08,wk inc covid hosp,2,2026-08-22,05,quantile,0.15,0.0
2026-08-08,wk inc covid hosp,2,2026-08-22,05,quantile,0.2,0.0
2026-08-08,wk inc covid hosp,2,2026-08-22,05,quantile,0.25,0.0
2026-08-08,wk inc covid hosp,2,2026-08-22,05,quantile,0.3,0.0
2026-08-08,wk inc covid hosp,2,2026-08-22,05,quantile,0.35,0.0
2026-08-08,wk inc covid hosp,2,2026-08-22,05,quantile,0.4,0.0
2026-08-08,wk inc covid hosp,2,2026-08-22,05,quantile,0.45,1.0
2026-08-08,wk inc covid hosp,2,2026-08-22,05,quantile,0.5,2.0
2026-08-08,wk inc covid hosp,2,2026-08-22,05,quantile,0.55,2.0
2026-08-08,wk inc covid hosp,2,2026-08-22,05,quantile,0.6,3.0
2026-08-08,wk inc covid hosp,2,2026-08-22,05,quantile,0.65,4.0
2026-08-08,wk inc covid hosp,2,2026-08-22,05,quantile,0.7,5.0
2026-08-08,wk inc covid hosp,2,2026-08-22,05,quantile,0.75,6.0
2026-08-08,wk inc covid hosp,2,2026-08-22,05,quantile,0.8,7.0
2026-08-08,wk inc covid hosp,2,2026-08-22,05,quantile,0.85,9.0
2026-08-08,wk inc covid hosp,2,2026-08-22,05,quantile,0.9,11.0
2026-08-08,wk inc covid hosp,2,2026-08-22,05,quantile,0.95,16.0
2026-08-08,wk inc covid hosp,2,2026-08-22,05,quantile,0.975,18.0
2026-08-08,wk inc covid hosp,2,2026-08-22,05,quantile,0.99,23.0
2026-08-08,wk inc covid hosp,2,2026-08-22,06,quantile,0.01,157.0
2026-08-08,wk inc covid hosp,2,2026-08-22,06,quantile,0.025,190.0
2026-08-08,wk inc covid hosp,2,2026-08-22,06,quantile,0.05,209.0
2026-08-08,wk inc covid hosp,2,2026-08-22,06,quantile,0.1,241.0
2026-08-08,wk inc covid hosp,2,2026-08-22,06,quantile,0.15,259.0
2026-08-08,wk inc covid hosp,2,2026-08-22,06,quantile,0.2,279.0
2026-08-08,wk inc covid hosp,2,2026-08-22,06,quantile,0.25,297.0
2026-08-08,wk inc covid hosp,2,2026-08-22,06,quantile,0.3,316.0
2026-08-08,wk inc covid hosp,2,2026-08-22,06,quantile,0.35,328.0
2026-08-08,wk inc covid hosp,2,2026-08-22,06,quantile,0.4,342.0
2026-08-08,wk inc covid hosp,2,2026-08-22,06,quantile,0.45,358.0
2026-08-08,wk inc covid hosp,2,2026-08-22,06,quantile,0.5,374.0
2026-08-08,wk inc covid hosp,2,2026-08-22,06,quantile,0.55,392.0
2026-08-08,wk inc covid hosp,2,2026-08-22,06,quantile,0.6,404.0
2026-08-08,wk inc covid hosp,2,2026-08-22,06,quantile,0.65,422.0
2026-08-08,wk inc covid hosp,2,2026-08-22,06,quantile,0.7,439.0
2026-08-08,wk inc covid hosp,2,2026-08-22,06,quantile,0.75,463.0
2026-08-08,wk inc covid hosp,2,2026-08-22,06,quantile,0.8,486.0
2026-08-08,wk inc covid hosp,2,2026-08-22,06,quantile,0.85,508.0
2026-08-08,wk inc covid hosp,2,2026-08-22,06,quantile,0.9,559.0
2026-08-08,wk inc covid hosp,2,2026-08-22,06,quantile,0.95,639.0
2026-08-08,wk inc covid hosp,2,2026-08-22,06,quantile,0.975,679.0
2026-08-08,wk inc covid hosp,2,2026-08-22,06,quantile,0.99,718.0
2026-08-08,wk inc covid hosp,2,2026-08-22,08,quantile,0.01,0.0
2026-08-08,wk inc covid hosp,2,2026-08-22,08,quantile,0.025,0.0
2026-08-08,wk inc covid hosp,2,2026-08-22,08,quantile,0.05,0.0
2026-08-08,wk inc covid hosp,2,2026-08-22,08,quantile,0.1,0.0
2026-08-08,wk inc covid hosp,2,2026-08-22,08,quantile,0.15,1.0
2026-08-08,wk inc covid hosp,2,2026-08-22,08,quantile,0.2,2.0
2026-08-08,wk inc covid hosp,2,2026-08-22,08,quantile,0.25,3.0
2026-08-08,wk inc covid hosp,2,2026-08-22,08,quantile,0.3,4.0
2026-08-08,wk inc covid hosp,2,2026-08-22,08,quantile,0.35,5.0
2026-08-08,wk inc covid hosp,2,2026-08-22,08,quantile,0.4,6.0
2026-08-08,wk inc covid hosp,2,2026-08-22,08,quantile,0.45,7.0
2026-08-08,wk inc covid hosp,2,2026-08-22,08,quantile,0.5,9.0
2026-08-08,wk inc covid hosp,2,2026-08-22,08,quantile,0.55,10.0
2026-08-08,wk inc covid hosp,2,2026-08-22,08,quantile,0.6,11.0
2026-08-08,wk inc covid hosp,2,2026-08-22,08,quantile,0.65,13.0
2026-08-08,wk inc covid hosp,2,2026-08-22,08,quantile,0.7,14.0
2026-08-08,wk inc covid hosp,2,2026-08-22,08,quantile,0.75,16.0
2026-08-08,wk inc covid hosp,2,2026-08-22,08,quantile,0.8,17.0
2026-08-08,wk inc covid hosp,2,2026-08-22,08,quantile,0.85,20.0
2026-08-08,wk inc covid hosp,2,2026-08-22,08,quantile,0.9,22.0
2026-08-08,wk inc covid hosp,2,2026-08-22,08,quantile,0.95,27.0
2026-08-08,wk inc covid hosp,2,2026-08-22,08,quantile,0.975,34.0
2026-08-08,wk inc covid hosp,2,2026-08-22,08,quantile,0.99,40.0
2026-08-08,wk inc covid hosp,2,2026-08-22,09,quantile,0.01,0.0
2026-08-08,wk inc covid hosp,2,2026-08-22,09,quantile,0.025,0.0
2026-08-08,wk inc covid hosp,2,2026-08-22,09,quantile,0.05,0.0
2026-08-08,wk inc covid hosp,2,2026-08-22,09,quantile,0.1,0.0
2026-08-08,wk inc covid hosp,2,2026-08-22,09,quantile,0.15,1.0
2026-08-08,wk inc covid hosp,2,2026-08-22,09,quantile,0.2,2.0
2026-08-08,wk inc covid hosp,2,2026-08-22,09,quantile,0.25,3.0
2026-08-08,wk inc covid hosp,2,2026-08-22,09,quantile,0.3,4.0
2026-08-08,wk inc covid hosp,2,2026-08-22,09,quantile,0.35,5.0
2026-08-08,wk inc covid hosp,2,2026-08-22,09,quantile,0.4,6.0
2026-08-08,wk inc covid hosp,2,2026-08-22,09,quantile,0.45,7.0
2026-08-08,wk inc covid hosp,2,2026-08-22,09,quantile,0.5,8.0
2026-08-08,wk inc covid hosp,2,2026-08-22,09,quantile,0.55,9.0
2026-08-08,wk inc covid hosp,2,2026-08-22,09,quantile,0.6,10.0
2026-08-08,wk inc covid hosp,2,2026-08-22,09,quantile,0.65,12.0
2026-08-08,wk inc covid hosp,2,2026-08-22,09,quantile,0.7,13.0
2026-08-08,wk inc covid hosp,2,2026-08-22,09,quantile,0.75,15.0
2026-08-08,wk inc covid hosp,2,2026-08-22,09,quantile,0.8,18.0
2026-08-08,wk inc covid hosp,2,2026-08-22,09,quantile,0.85,21.0
2026-08-08,wk inc covid hosp,2,2026-08-22,09,quantile,0.9,24.0
2026-08-08,wk inc covid hosp,2,2026-08-22,09,quantile,0.95,31.0
2026-08-08,wk inc covid hosp,2,2026-08-22,09,quantile,0.975,33.0
2026-08-08,wk inc covid hosp,2,2026-08-22,09,quantile,0.99,42.0
2026-08-08,wk inc covid hosp,2,2026-08-22,10,quantile,0.01,0.0
2026-08-08,wk inc covid hosp,2,2026-08-22,10,quantile,0.025,0.0
2026-08-08,wk inc covid hosp,2,2026-08-22,10,quantile,0.05,0.0
2026-08-08,wk inc covid hosp,2,2026-08-22,10,quantile,0.1,0.0
2026-08-08,wk inc covid hosp,2,2026-08-22,10,quantile,0.15,0.0
2026-08-08,wk inc covid hosp,2,2026-08-22,10,quantile,0.2,0.0
2026-08-08,wk inc covid hosp,2,2026-08-22,10,quantile,0.25,0.0
2026-08-08,wk inc covid hosp,2,2026-08-22,10,quantile,0.3,0.0
2026-08-08,wk inc covid hosp,2,2026-08-22,10,quantile,0.35,0.0
2026-08-08,wk inc covid hosp,2,2026-08-22,10,quantile,0.4,0.0
2026-08-08,wk inc covid hosp,2,2026-08-22,10,quantile,0.45,0.0
2026-08-08,wk inc covid hosp,2,2026-08-22,10,quantile,0.5,0.0
2026-08-08,wk inc covid hosp,2,2026-08-22,10,quantile,0.55,0.0
2026-08-08,wk inc covid hosp,2,2026-08-22,10,quantile,0.6,1.0
2026-08-08,wk inc covid hosp,2,2026-08-22,10,quantile,0.65,2.0
2026-08-08,wk inc covid hosp,2,2026-08-22,10,quantile,0.7,3.0
2026-08-08,wk inc covid hosp,2,2026-08-22,10,quantile,0.75,4.0
2026-08-08,wk inc covid hosp,2,2026-08-22,10,quantile,0.8,5.0
2026-08-08,wk inc covid hosp,2,2026-08-22,10,quantile,0.85,7.0
2026-08-08,wk inc covid hosp,2,2026-08-22,10,quantile,0.9,9.0
2026-08-08,wk inc covid hosp,2,2026-08-22,10,quantile,0.95,12.0
2026-08-08,wk inc covid hosp,2,2026-08-22,10,quantile,0.975,17.0
2026-08-08,wk inc covid hosp,2,2026-08-22,10,quantile,0.99,21.0
2026-08-08,wk inc covid hosp,2,2026-08-22,11,quantile,0.01,0.0
2026-08-08,wk inc covid hosp,2,2026-08-22,11,quantile,0.025,0.0
2026-08-08,wk inc covid hosp,2,2026-08-22,11,quantile,0.05,0.0
2026-08-08,wk inc covid hosp,2,2026-08-22,11,quantile,0.1,0.0
2026-08-08,wk inc covid hosp,2,2026-08-22,11,quantile,0.15,0.0
2026-08-08,wk inc covid hosp,2,2026-08-22,11,quantile,0.2,0.0
2026-08-08,wk inc covid hosp,2,2026-08-22,11,quantile,0.25,0.0
2026-08-08,wk inc covid hosp,2,2026-08-22,11,quantile,0.3,0.0
2026-08-08,wk inc covid hosp,2,2026-08-22,11,quantile,0.35,0.0
2026-08-08,wk inc covid hosp,2,2026-08-22,11,quantile,0.4,0.0
2026-08-08,wk inc covid hosp,2,2026-08-22,11,quantile,0.45,0.0
2026-08-08,wk inc covid hosp,2,2026-08-22,11,quantile,0.5,0.0
2026-08-08,wk inc covid hosp,2,2026-08-22,11,quantile,0.55,0.0
2026-08-08,wk inc covid hosp,2,2026-08-22,11,quantile,0.6,0.0
2026-08-08,wk inc covid hosp,2,2026-08-22,11,quantile,0.65,0.0
2026-08-08,wk inc covid hosp,2,2026-08-22,11,quantile,0.7,0.0
2026-08-08,wk inc covid hosp,2,2026-08-22,11,quantile,0.75,0.0
2026-08-08,wk inc covid hosp,2,2026-08-22,11,quantile,0.8,0.0
2026-08-08,wk inc covid hosp,2,2026-08-22,11,quantile,0.85,0.0
2026-08-08,wk inc covid hosp,2,2026-08-22,11,quantile,0.9,1.0
2026-08-08,wk inc covid hosp,2,2026-08-22,11,quantile,0.95,3.0
2026-08-08,wk inc covid hosp,2,2026-08-22,11,quantile,0.975,4.0
2026-08-08,wk inc covid hosp,2,2026-08-22,11,quantile,0.99,5.0
2026-08-08,wk inc covid hosp,2,2026-08-22,12,quantile,0.01,126.0
2026-08-08,wk inc covid hosp,2,2026-08-22,12,quantile,0.025,148.0
2026-08-08,wk inc covid hosp,2,2026-08-22,12,quantile,0.05,165.0
2026-08-08,wk inc covid hosp,2,2026-08-22,12,quantile,0.1,186.0
2026-08-08,wk inc covid hosp,2,2026-08-22,12,quantile,0.15,211.0
2026-08-08,wk inc covid hosp,2,2026-08-22,12,quantile,0.2,223.0
2026-08-08,wk inc covid hosp,2,2026-08-22,12,quantile,0.25,236.0
2026-08-08,wk inc covid hosp,2,2026-08-22,12,quantile,0.3,248.0
2026-08-08,wk inc covid hosp,2,2026-08-22,12,quantile,0.35,261.0
2026-08-08,wk inc covid hosp,2,2026-08-22,12,quantile,0.4,272.0
2026-08-08,wk inc covid hosp,2,2026-08-22,12,quantile,0.45,283.0
2026-08-08,wk inc covid hosp,2,2026-08-22,12,quantile,0.5,293.0
2026-08-08,wk inc covid hosp,2,2026-08-22,12,quantile,0.55,304.0
2026-08-08,wk inc covid hosp,2,2026-08-22,12,quantile,0.6,313.0
2026-08-08,wk inc covid hosp,2,2026-08-22,12,quantile,0.65,327.0
2026-08-08,wk inc covid hosp,2,2026-08-22,12,quantile,0.7,338.0
2026-08-08,wk inc covid hosp,2,2026-08-22,12,quantile,0.75,354.0
2026-08-08,wk inc covid hosp,2,2026-08-22,12,quantile,0.8,373.0
2026-08-08,wk inc covid hosp,2,2026-08-22,12,quantile,0.85,397.0
2026-08-08,wk inc covid hosp,2,2026-08-22,12,quantile,0.9,428.0
2026-08-08,wk inc covid hosp,2,2026-08-22,12,quantile,0.95,488.0
2026-08-08,wk inc covid hosp,2,2026-08-22,12,quantile,0.975,551.0
2026-08-08,wk inc covid hosp,2,2026-08-22,12,quantile,0.99,618.0
2026-08-08,wk inc covid hosp,2,2026-08-22,13,quantile,0.01,17.0
2026-08-08,wk inc covid hosp,2,2026-08-22,13,quantile,0.025,25.0
2026-08-08,wk inc covid hosp,2,2026-08-22,13,quantile,0.05,28.0
2026-08-08,wk inc covid hosp,2,2026-08-22,13,quantile,0.1,38.0
2026-08-08,wk inc covid hosp,2,2026-08-22,13,quantile,0.15,42.0
2026-08-08,wk inc covid hosp,2,2026-08-22,13,quantile,0.2,46.0
2026-08-08,wk inc covid hosp,2,2026-08-22,13,quantile,0.25,50.0
2026-08-08,wk inc covid hosp,2,2026-08-22,13,quantile,0.3,54.0
2026-08-08,wk inc covid hosp,2,2026-08-22,13,quantile,0.35,59.0
2026-08-08,wk inc covid hosp,2,2026-08-22,13,quantile,0.4,62.0
2026-08-08,wk inc covid hosp,2,2026-08-22,13,quantile,0.45,66.0
2026-08-08,wk inc covid hosp,2,2026-08-22,13,quantile,0.5,69.0
2026-08-08,wk inc covid hosp,2,2026-08-22,13,quantile,0.55,72.0
2026-08-08,wk inc covid hosp,2,2026-08-22,13,quantile,0.6,75.0
2026-08-08,wk inc covid hosp,2,2026-08-22,13,quantile,0.65,79.0
2026-08-08,wk inc covid hosp,2,2026-08-22,13,quantile,0.7,84.0
2026-08-08,wk inc covid hosp,2,2026-08-22,13,quantile,0.75,91.0
2026-08-08,wk inc covid hosp,2,2026-08-22,13,quantile,0.8,95.0
2026-08-08,wk inc covid hosp,2,2026-08-22,13,quantile,0.85,105.0
2026-08-08,wk inc covid hosp,2,2026-08-22,13,quantile,0.9,121.0
2026-08-08,wk inc covid hosp,2,2026-08-22,13,quantile,0.95,148.0
2026-08-08,wk inc covid hosp,2,2026-08-22,13,quantile,0.975,170.0
2026-08-08,wk inc covid hosp,2,2026-08-22,13,quantile,0.99,188.0
2026-08-08,wk inc covid hosp,2,2026-08-22,15,quantile,0.01,0.0
2026-08-08,wk inc covid hosp,2,2026-08-22,15,quantile,0.025,0.0
2026-08-08,wk inc covid hosp,2,2026-08-22,15,quantile,0.05,0.0
2026-08-08,wk inc covid hosp,2,2026-08-22,15,quantile,0.1,2.0
2026-08-08,wk inc covid hosp,2,2026-08-22,15,quantile,0.15,4.0
2026-08-08,wk inc covid hosp,2,2026-08-22,15,quantile,0.2,5.0
2026-08-08,wk inc covid hosp,2,2026-08-22,15,quantile,0.25,6.0
2026-08-08,wk inc covid hosp,2,2026-08-22,15,quantile,0.3,7.0
2026-08-08,wk inc covid hosp,2,2026-08-22,15,quantile,0.35,8.0
2026-08-08,wk inc covid hosp,2,2026-08-22,15,quantile,0.4,9.0
2026-08-08,wk inc covid hosp,2,2026-08-22,15,quantile,0.45,10.0
2026-08-08,wk inc covid hosp,2,2026-08-22,15,quantile,0.5,12.0
2026-08-08,wk inc covid hosp,2,2026-08-22,15,quantile,0.55,13.0
2026-08-08,wk inc covid hosp,2,2026-08-22,15,quantile,0.6,14.0
2026-08-08,wk inc covid hosp,2,2026-08-22,15,quantile,0.65,16.0
2026-08-08,wk inc covid hosp,2,2026-08-22,15,quantile,0.7,19.0
2026-08-08,wk inc covid hosp,2,2026-08-22,15,quantile,0.75,21.0
2026-08-08,wk inc covid hosp,2,2026-08-22,15,quantile,0.8,23.0
2026-08-08,wk inc covid hosp,2,2026-08-22,15,quantile,0.85,27.0
2026-08-08,wk inc covid hosp,2,2026-08-22,15,quantile,0.9,32.0
2026-08-08,wk inc covid hosp,2,2026-08-22,15,quantile,0.95,39.0
2026-08-08,wk inc covid hosp,2,2026-08-22,15,quantile,0.975,45.0
2026-08-08,wk inc covid hosp,2,2026-08-22,15,quantile,0.99,53.0
2026-08-08,wk inc covid hosp,2,2026-08-22,16,quantile,0.01,0.0
2026-08-08,wk inc covid hosp,2,2026-08-22,16,quantile,0.025,0.0
2026-08-08,wk inc covid hosp,2,2026-08-22,16,quantile,0.05,0.0
2026-08-08,wk inc covid hosp,2,2026-08-22,16,quantile,0.1,0.0
2026-08-08,wk inc covid hosp,2,2026-08-22,16,quantile,0.15,0.0
2026-08-08,wk inc covid hosp,2,2026-08-22,16,quantile,0.2,0.0
2026-08-08,wk inc covid hosp,2,2026-08-22,16,quantile,0.25,0.0
2026-08-08,wk inc covid hosp,2,2026-08-22,16,quantile,0.3,0.0
2026-08-08,wk inc covid hosp,2,2026-08-22,16,quantile,0.35,0.0
2026-08-08,wk inc covid hosp,2,2026-08-22,16,quantile,0.4,0.0
2026-08-08,wk inc covid hosp,2,2026-08-22,16,quantile,0.45,0.0
2026-08-08,wk inc covid hosp,2,2026-08-22,16,quantile,0.5,0.0
2026-08-08,wk inc covid hosp,2,2026-08-22,16,quantile,0.55,0.0
2026-08-08,wk inc covid hosp,2,2026-08-22,16,quantile,0.6,0.0
2026-08-08,wk inc covid hosp,2,2026-08-22,16,quantile,0.65,0.0
2026-08-08,wk inc covid hosp,2,2026-08-22,16,quantile,0.7,0.0
2026-08-08,wk inc covid hosp,2,2026-08-22,16,quantile,0.75,0.0
2026-08-08,wk inc covid hosp,2,2026-08-22,16,quantile,0.8,0.0
2026-08-08,wk inc covid hosp,2,2026-08-22,16,quantile,0.85,0.0
2026-08-08,wk inc covid hosp,2,2026-08-22,16,quantile,0.9,0.0
2026-08-08,wk inc covid hosp,2,2026-08-22,16,quantile,0.95,0.0
2026-08-08,wk inc covid hosp,2,2026-08-22,16,quantile,0.975,0.0
2026-08-08,wk inc covid hosp,2,2026-08-22,16,quantile,0.99,0.0
2026-08-08,wk inc covid hosp,2,2026-08-22,17,quantile,0.01,0.0
2026-08-08,wk inc covid hosp,2,2026-08-22,17,quantile,0.025,2.0
2026-08-08,wk inc covid hosp,2,2026-08-22,17,quantile,0.05,4.0
2026-08-08,wk inc covid hosp,2,2026-08-22,17,quantile,0.1,7.0
2026-08-08,wk inc covid hosp,2,2026-08-22,17,quantile,0.15,10.0
2026-08-08,wk inc covid hosp,2,2026-08-22,17,quantile,0.2,11.0
2026-08-08,wk inc covid hosp,2,2026-08-22,17,quantile,0.25,13.0
2026-08-08,wk inc covid hosp,2,2026-08-22,17,quantile,0.3,14.0
2026-08-08,wk inc covid hosp,2,2026-08-22,17,quantile,0.35,17.0
2026-08-08,wk inc covid hosp,2,2026-08-22,17,quantile,0.4,18.0
2026-08-08,wk inc covid hosp,2,2026-08-22,17,quantile,0.45,20.0
2026-08-08,wk inc covid hosp,2,2026-08-22,17,quantile,0.5,21.0
2026-08-08,wk inc covid hosp,2,2026-08-22,17,quantile,0.55,24.0
2026-08-08,wk inc covid hosp,2,2026-08-22,17,quantile,0.6,26.0
2026-08-08,wk inc covid hosp,2,2026-08-22,17,quantile,0.65,28.0
2026-08-08,wk inc covid hosp,2,2026-08-22,17,quantile,0.7,31.0
2026-08-08,wk inc covid hosp,2,2026-08-22,17,quantile,0.75,33.0
2026-08-08,wk inc covid hosp,2,2026-08-22,17,quantile,0.8,37.0
2026-08-08,wk inc covid hosp,2,2026-08-22,17,quantile,0.85,41.0
2026-08-08,wk inc covid hosp,2,2026-08-22,17,quantile,0.9,45.0
2026-08-08,wk inc covid hosp,2,2026-08-22,17,quantile,0.95,55.0
2026-08-08,wk inc covid hosp,2,2026-08-22,17,quantile,0.975,63.0
2026-08-08,wk inc covid hosp,2,2026-08-22,17,quantile,0.99,73.0
2026-08-08,wk inc covid hosp,2,2026-08-22,18,quantile,0.01,0.0
2026-08-08,wk inc covid hosp,2,2026-08-22,18,quantile,0.025,0.0
2026-08-08,wk inc covid hosp,2,2026-08-22,18,quantile,0.05,2.0
2026-08-08,wk inc covid hosp,2,2026-08-22,18,quantile,0.1,4.0
2026-08-08,wk inc covid hosp,2,2026-08-22,18,quantile,0.15,7.0
2026-08-08,wk inc covid hosp,2,2026-08-22,18,quantile,0.2,9.0
2026-08-08,wk inc covid hosp,2,2026-08-22,18,quantile,0.25,10.0
2026-08-08,wk inc covid hosp,2,2026-08-22,18,quantile,0.3,12.0
2026-08-08,wk inc covid hosp,2,2026-08-22,18,quantile,0.35,14.0
2026-08-08,wk inc covid hosp,2,2026-08-22,18,quantile,0.4,15.0
2026-08-08,wk inc covid hosp,2,2026-08-22,18,quantile,0.45,17.0
2026-08-08,wk inc covid hosp,2,2026-08-22,18,quantile,0.5,19.0
2026-08-08,wk inc covid hosp,2,2026-08-22,18,quantile,0.55,22.0
2026-08-08,wk inc covid hosp,2,2026-08-22,18,quantile,0.6,25.0
2026-08-08,wk inc covid hosp,2,2026-08-22,18,quantile,0.65,28.0
2026-08-08,wk inc covid hosp,2,2026-08-22,18,quantile,0.7,30.0
2026-08-08,wk inc covid hosp,2,2026-08-22,18,quantile,0.75,32.0
2026-08-08,wk inc covid hosp,2,2026-08-22,18,quantile,0.8,36.0
2026-08-08,wk inc covid hosp,2,2026-08-22,18,quantile,0.85,41.0
2026-08-08,wk inc covid hosp,2,2026-08-22,18,quantile,0.9,50.0
2026-08-08,wk inc covid hosp,2,2026-08-22,18,quantile,0.95,62.0
2026-08-08,wk inc covid hosp,2,2026-08-22,18,quantile,0.975,71.0
2026-08-08,wk inc covid hosp,2,2026-08-22,18,quantile,0.99,82.0
2026-08-08,wk inc covid hosp,2,2026-08-22,19,quantile,0.01,0.0
2026-08-08,wk inc covid hosp,2,2026-08-22,19,quantile,0.025,0.0
2026-08-08,wk inc covid hosp,2,2026-08-22,19,quantile,0.05,0.0
2026-08-08,wk inc covid hosp,2,2026-08-22,19,quantile,0.1,0.0
2026-08-08,wk inc covid hosp,2,2026-08-22,19,quantile,0.15,0.0
2026-08-08,wk inc covid hosp,2,2026-08-22,19,quantile,0.2,0.0
2026-08-08,wk inc covid hosp,2,2026-08-22,19,quantile,0.25,0.0
2026-08-08,wk inc covid hosp,2,2026-08-22,19,quantile,0.3,0.0
2026-08-08,wk inc covid hosp,2,2026-08-22,19,quantile,0.35,2.0
2026-08-08,wk inc covid hosp,2,2026-08-22,19,quantile,0.4,2.0
2026-08-08,wk inc covid hosp,2,2026-08-22,19,quantile,0.45,3.0
2026-08-08,wk inc covid hosp,2,2026-08-22,19,quantile,0.5,4.0
2026-08-08,wk inc covid hosp,2,2026-08-22,19,quantile,0.55,5.0
2026-08-08,wk inc covid hosp,2,2026-08-22,19,quantile,0.6,6.0
2026-08-08,wk inc covid hosp,2,2026-08-22,19,quantile,0.65,7.0
2026-08-08,wk inc covid hosp,2,2026-08-22,19,quantile,0.7,9.0
2026-08-08,wk inc covid hosp,2,2026-08-22,19,quantile,0.75,10.0
2026-08-08,wk inc covid hosp,2,2026-08-22,19,quantile,0.8,12.0
2026-08-08,wk inc covid hosp,2,2026-08-22,19,quantile,0.85,14.0
2026-08-08,wk inc covid hosp,2,2026-08-22,19,quantile,0.9,17.0
2026-08-08,wk inc covid hosp,2,2026-08-22,19,quantile,0.95,24.0
2026-08-08,wk inc covid hosp,2,2026-08-22,19,quantile,0.975,29.0
2026-08-08,wk inc covid hosp,2,2026-08-22,19,quantile,0.99,37.0
2026-08-08,wk inc covid hosp,2,2026-08-22,20,quantile,0.01,0.0
2026-08-08,wk inc covid hosp,2,2026-08-22,20,quantile,0.025,0.0
2026-08-08,wk inc covid hosp,2,2026-08-22,20,quantile,0.05,0.0
2026-08-08,wk inc covid hosp,2,2026-08-22,20,quantile,0.1,0.0
2026-08-08,wk inc covid hosp,2,2026-08-22,20,quantile,0.15,0.0
2026-08-08,wk inc covid hosp,2,2026-08-22,20,quantile,0.2,0.0
2026-08-08,wk inc covid hosp,2,2026-08-22,20,quantile,0.25,0.0
2026-08-08,wk inc covid hosp,2,2026-08-22,20,quantile,0.3,1.0
2026-08-08,wk inc covid hosp,2,2026-08-22,20,quantile,0.35,1.0
2026-08-08,wk inc covid hosp,2,2026-08-22,20,quantile,0.4,2.0
2026-08-08,wk inc covid hosp,2,2026-08-22,20,quantile,0.45,3.0
2026-08-08,wk inc covid hosp,2,2026-08-22,20,quantile,0.5,3.0
2026-08-08,wk inc covid hosp,2,2026-08-22,20,quantile,0.55,4.0
2026-08-08,wk inc covid hosp,2,2026-08-22,20,quantile,0.6,5.0
2026-08-08,wk inc covid hosp,2,2026-08-22,20,quantile,0.65,6.0
2026-08-08,wk inc covid hosp,2,2026-08-22,20,quantile,0.7,7.0
2026-08-08,wk inc covid hosp,2,2026-08-22,20,quantile,0.75,8.0
2026-08-08,wk inc covid hosp,2,2026-08-22,20,quantile,0.8,11.0
2026-08-08,wk inc covid hosp,2,2026-08-22,20,quantile,0.85,13.0
2026-08-08,wk inc covid hosp,2,2026-08-22,20,quantile,0.9,14.0
2026-08-08,wk inc covid hosp,2,2026-08-22,20,quantile,0.95,19.0
2026-08-08,wk inc covid hosp,2,2026-08-22,20,quantile,0.975,25.0
2026-08-08,wk inc covid hosp,2,2026-08-22,20,quantile,0.99,29.0
2026-08-08,wk inc covid hosp,2,2026-08-22,21,quantile,0.01,0.0
2026-08-08,wk inc covid hosp,2,2026-08-22,21,quantile,0.025,0.0
2026-08-08,wk inc covid hosp,2,2026-08-22,21,quantile,0.05,0.0
2026-08-08,wk inc covid hosp,2,2026-08-22,21,quantile,0.1,0.0
2026-08-08,wk inc covid hosp,2,2026-08-22,21,quantile,0.15,1.0
2026-08-08,wk inc covid hosp,2,2026-08-22,21,quantile,0.2,2.0
2026-08-08,wk inc covid hosp,2,2026-08-22,21,quantile,0.25,3.0
2026-08-08,wk inc covid hosp,2,2026-08-22,21,quantile,0.3,4.0
2026-08-08,wk inc covid hosp,2,2026-08-22,21,quantile,0.35,5.0
2026-08-08,wk inc covid hosp,2,2026-08-22,21,quantile,0.4,6.0
2026-08-08,wk inc covid hosp,2,2026-08-22,21,quantile,0.45,7.0
2026-08-08,wk inc covid hosp,2,2026-08-22,21,quantile,0.5,8.0
2026-08-08,wk inc covid hosp,2,2026-08-22,21,quantile,0.55,10.0
2026-08-08,wk inc covid hosp,2,2026-08-22,21,quantile,0.6,11.0
2026-08-08,wk inc covid hosp,2,2026-08-22,21,quantile,0.65,12.0
2026-08-08,wk inc covid hosp,2,2026-08-22,21,quantile,0.7,14.0
2026-08-08,wk inc covid hosp,2,2026-08-22,21,quantile,0.75,16.0
2026-08-08,wk inc covid hosp,2,2026-08-22,21,quantile,0.8,18.0
2026-08-08,wk inc covid hosp,2,2026-08-22,21,quantile,0.85,20.0
2026-08-08,wk inc covid hosp,2,2026-08-22,21,quantile,0.9,25.0
2026-08-08,wk inc covid hosp,2,2026-08-22,21,quantile,0.95,32.0
2026-08-08,wk inc covid hosp,2,2026-08-22,21,quantile,0.975,38.0
2026-08-08,wk inc covid hosp,2,2026-08-22,21,quantile,0.99,47.0
2026-08-08,wk inc covid hosp,2,2026-08-22,22,quantile,0.01,18.0
2026-08-08,wk inc covid hosp,2,2026-08-22,22,quantile,0.025,23.0
2026-08-08,wk inc covid hosp,2,2026-08-22,22,quantile,0.05,29.0
2026-08-08,wk inc covid hosp,2,2026-08-22,22,quantile,0.1,36.0
2026-08-08,wk inc covid hosp,2,2026-08-22,22,quantile,0.15,42.0
2026-08-08,wk inc covid hosp,2,2026-08-22,22,quantile,0.2,48.0
2026-08-08,wk inc covid hosp,2,2026-08-22,22,quantile,0.25,53.0
2026-08-08,wk inc covid hosp,2,2026-08-22,22,quantile,0.3,58.0
2026-08-08,wk inc covid hosp,2,2026-08-22,22,quantile,0.35,62.0
2026-08-08,wk inc covid hosp,2,2026-08-22,22,quantile,0.4,66.0
2026-08-08,wk inc covid hosp,2,2026-08-22,22,quantile,0.45,70.0
2026-08-08,wk inc covid hosp,2,2026-08-22,22,quantile,0.5,74.0
2026-08-08,wk inc covid hosp,2,2026-08-22,22,quantile,0.55,78.0
2026-08-08,wk inc covid hosp,2,2026-08-22,22,quantile,0.6,83.0
2026-08-08,wk inc covid hosp,2,2026-08-22,22,quantile,0.65,87.0
2026-08-08,wk inc covid hosp,2,2026-08-22,22,quantile,0.7,93.0
2026-08-08,wk inc covid hosp,2,2026-08-22,22,quantile,0.75,97.0
2026-08-08,wk inc covid hosp,2,2026-08-22,22,quantile,0.8,104.0
2026-08-08,wk inc covid hosp,2,2026-08-22,22,quantile,0.85,112.0
2026-08-08,wk inc covid hosp,2,2026-08-22,22,quantile,0.9,124.0
2026-08-08,wk inc covid hosp,2,2026-08-22,22,quantile,0.95,144.0
2026-08-08,wk inc covid hosp,2,2026-08-22,22,quantile,0.975,160.0
2026-08-08,wk inc covid hosp,2,2026-08-22,22,quantile,0.99,201.0
2026-08-08,wk inc covid hosp,2,2026-08-22,23,quantile,0.01,0.0
2026-08-08,wk inc covid hosp,2,2026-08-22,23,quantile,0.025,0.0
2026-08-08,wk inc covid hosp,2,2026-08-22,23,quantile,0.05,0.0
2026-08-08,wk inc covid hosp,2,2026-08-22,23,quantile,0.1,0.0
2026-08-08,wk inc covid hosp,2,2026-08-22,23,quantile,0.15,0.0
2026-08-08,wk inc covid hosp,2,2026-08-22,23,quantile,0.2,0.0
2026-08-08,wk inc covid hosp,2,2026-08-22,23,quantile,0.25,0.0
2026-08-08,wk inc covid hosp,2,2026-08-22,23,quantile,0.3,0.0
2026-08-08,wk inc covid hosp,2,2026-08-22,23,quantile,0.35,0.0
2026-08-08,wk inc covid hosp,2,2026-08-22,23,quantile,0.4,0.0
2026-08-08,wk inc covid hosp,2,2026-08-22,23,quantile,0.45,0.0
2026-08-08,wk inc covid hosp,2,2026-08-22,23,quantile,0.5,0.0
2026-08-08,wk inc covid hosp,2,2026-08-22,23,quantile,0.55,0.0
2026-08-08,wk inc covid hosp,2,2026-08-22,23,quantile,0.6,0.0
2026-08-08,wk inc covid hosp,2,2026-08-22,23,quantile,0.65,0.0
2026-08-08,wk inc covid hosp,2,2026-08-22,23,quantile,0.7,1.0
2026-08-08,wk inc covid hosp,2,2026-08-22,23,quantile,0.75,1.0
2026-08-08,wk inc covid hosp,2,2026-08-22,23,quantile,0.8,3.0
2026-08-08,wk inc covid hosp,2,2026-08-22,23,quantile,0.85,5.0
2026-08-08,wk inc covid hosp,2,2026-08-22,23,quantile,0.9,7.0
2026-08-08,wk inc covid hosp,2,2026-08-22,23,quantile,0.95,10.0
2026-08-08,wk inc covid hosp,2,2026-08-22,23,quantile,0.975,13.0
2026-08-08,wk inc covid hosp,2,2026-08-22,23,quantile,0.99,19.0
2026-08-08,wk inc covid hosp,2,2026-08-22,24,quantile,0.01,0.0
2026-08-08,wk inc covid hosp,2,2026-08-22,24,quantile,0.025,0.0
2026-08-08,wk inc covid hosp,2,2026-08-22,24,quantile,0.05,0.0
2026-08-08,wk inc covid hosp,2,2026-08-22,24,quantile,0.1,0.0
2026-08-08,wk inc covid hosp,2,2026-08-22,24,quantile,0.15,0.0
2026-08-08,wk inc covid hosp,2,2026-08-22,24,quantile,0.2,0.0
2026-08-08,wk inc covid hosp,2,2026-08-22,24,quantile,0.25,0.0
2026-08-08,wk inc covid hosp,2,2026-08-22,24,quantile,0.3,1.0
2026-08-08,wk inc covid hosp,2,2026-08-22,24,quantile,0.35,1.0
2026-08-08,wk inc covid hosp,2,2026-08-22,24,quantile,0.4,2.0
2026-08-08,wk inc covid hosp,2,2026-08-22,24,quantile,0.45,3.0
2026-08-08,wk inc covid hosp,2,2026-08-22,24,quantile,0.5,3.0
2026-08-08,wk inc covid hosp,2,2026-08-22,24,quantile,0.55,4.0
2026-08-08,wk inc covid hosp,2,2026-08-22,24,quantile,0.6,5.0
2026-08-08,wk inc covid hosp,2,2026-08-22,24,quantile,0.65,6.0
2026-08-08,wk inc covid hosp,2,2026-08-22,24,quantile,0.7,8.0
2026-08-08,wk inc covid hosp,2,2026-08-22,24,quantile,0.75,9.0
2026-08-08,wk inc covid hosp,2,2026-08-22,24,quantile,0.8,10.0
2026-08-08,wk inc covid hosp,2,2026-08-22,24,quantile,0.85,13.0
2026-08-08,wk inc covid hosp,2,2026-08-22,24,quantile,0.9,16.0
2026-08-08,wk inc covid hosp,2,2026-08-22,24,quantile,0.95,20.0
2026-08-08,wk inc covid hosp,2,2026-08-22,24,quantile,0.975,23.0
2026-08-08,wk inc covid hosp,2,2026-08-22,24,quantile,0.99,28.0
2026-08-08,wk inc covid hosp,2,2026-08-22,25,quantile,0.01,0.0
2026-08-08,wk inc covid hosp,2,2026-08-22,25,quantile,0.025,2.0
2026-08-08,wk inc covid hosp,2,2026-08-22,25,quantile,0.05,4.0
2026-08-08,wk inc covid hosp,2,2026-08-22,25,quantile,0.1,6.0
2026-08-08,wk inc covid hosp,2,2026-08-22,25,quantile,0.15,9.0
2026-08-08,wk inc covid hosp,2,2026-08-22,25,quantile,0.2,11.0
2026-08-08,wk inc covid hosp,2,2026-08-22,25,quantile,0.25,14.0
2026-08-08,wk inc covid hosp,2,2026-08-22,25,quantile,0.3,15.0
2026-08-08,wk inc covid hosp,2,2026-08-22,25,quantile,0.35,17.0
2026-08-08,wk inc covid hosp,2,2026-08-22,25,quantile,0.4,19.0
2026-08-08,wk inc covid hosp,2,2026-08-22,25,quantile,0.45,21.0
2026-08-08,wk inc covid hosp,2,2026-08-22,25,quantile,0.5,24.0
2026-08-08,wk inc covid hosp,2,2026-08-22,25,quantile,0.55,26.0
2026-08-08,wk inc covid hosp,2,2026-08-22,25,quantile,0.6,29.0
2026-08-08,wk inc covid hosp,2,2026-08-22,25,quantile,0.65,32.0
2026-08-08,wk inc covid hosp,2,2026-08-22,25,quantile,0.7,35.0
2026-08-08,wk inc covid hosp,2,2026-08-22,25,quantile,0.75,38.0
2026-08-08,wk inc covid hosp,2,2026-08-22,25,quantile,0.8,43.0
2026-08-08,wk inc covid hosp,2,2026-08-22,25,quantile,0.85,47.0
2026-08-08,wk inc covid hosp,2,2026-08-22,25,quantile,0.9,53.0
2026-08-08,wk inc covid hosp,2,2026-08-22,25,quantile,0.95,60.0
2026-08-08,wk inc covid hosp,2,2026-08-22,25,quantile,0.975,74.0
2026-08-08,wk inc covid hosp,2,2026-08-22,25,quantile,0.99,83.0
2026-08-08,wk inc covid hosp,2,2026-08-22,26,quantile,0.01,0.0
2026-08-08,wk inc covid hosp,2,2026-08-22,26,quantile,0.025,0.0
2026-08-08,wk inc covid hosp,2,2026-08-22,26,quantile,0.05,0.0
2026-08-08,wk inc covid hosp,2,2026-08-22,26,quantile,0.1,0.0
2026-08-08,wk inc covid hosp,2,2026-08-22,26,quantile,0.15,0.0
2026-08-08,wk inc covid hosp,2,2026-08-22,26,quantile,0.2,0.0
2026-08-08,wk inc covid hosp,2,2026-08-22,26,quantile,0.25,0.0
2026-08-08,wk inc covid hosp,2,2026-08-22,26,quantile,0.3,1.0
2026-08-08,wk inc covid hosp,2,2026-08-22,26,quantile,0.35,2.0
2026-08-08,wk inc covid hosp,2,2026-08-22,26,quantile,0.4,2.0
2026-08-08,wk inc covid hosp,2,2026-08-22,26,quantile,0.45,4.0
2026-08-08,wk inc covid hosp,2,2026-08-22,26,quantile,0.5,4.0
2026-08-08,wk inc covid hosp,2,2026-08-22,26,quantile,0.55,5.0
2026-08-08,wk inc covid hosp,2,2026-08-22,26,quantile,0.6,6.0
2026-08-08,wk inc covid hosp,2,2026-08-22,26,quantile,0.65,7.0
2026-08-08,wk inc covid hosp,2,2026-08-22,26,quantile,0.7,8.0
2026-08-08,wk inc covid hosp,2,2026-08-22,26,quantile,0.75,10.0
2026-08-08,wk inc covid hosp,2,2026-08-22,26,quantile,0.8,12.0
2026-08-08,wk inc covid hosp,2,2026-08-22,26,quantile,0.85,15.0
2026-08-08,wk inc covid hosp,2,2026-08-22,26,quantile,0.9,18.0
2026-08-08,wk inc covid hosp,2,2026-08-22,26,quantile,0.95,22.0
2026-08-08,wk inc covid hosp,2,2026-08-22,26,quantile,0.975,27.0
2026-08-08,wk inc covid hosp,2,2026-08-22,26,quantile,0.99,29.0
2026-08-08,wk inc covid hosp,2,2026-08-22,27,quantile,0.01,0.0
2026-08-08,wk inc covid hosp,2,2026-08-22,27,quantile,0.025,2.0
2026-08-08,wk inc covid hosp,2,2026-08-22,27,quantile,0.05,3.0
2026-08-08,wk inc covid hosp,2,2026-08-22,27,quantile,0.1,5.0
2026-08-08,wk inc covid hosp,2,2026-08-22,27,quantile,0.15,7.0
2026-08-08,wk inc covid hosp,2,2026-08-22,27,quantile,0.2,9.0
2026-08-08,wk inc covid hosp,2,2026-08-22,27,quantile,0.25,11.0
2026-08-08,wk inc covid hosp,2,2026-08-22,27,quantile,0.3,13.0
2026-08-08,wk inc covid hosp,2,2026-08-22,27,quantile,0.35,15.0
2026-08-08,wk inc covid hosp,2,2026-08-22,27,quantile,0.4,17.0
2026-08-08,wk inc covid hosp,2,2026-08-22,27,quantile,0.45,19.0
2026-08-08,wk inc covid hosp,2,2026-08-22,27,quantile,0.5,21.0
2026-08-08,wk inc covid hosp,2,2026-08-22,27,quantile,0.55,23.0
2026-08-08,wk inc covid hosp,2,2026-08-22,27,quantile,0.6,25.0
2026-08-08,wk inc covid hosp,2,2026-08-22,27,quantile,0.65,28.0
2026-08-08,wk inc covid hosp,2,2026-08-22,27,quantile,0.7,31.0
2026-08-08,wk inc covid hosp,2,2026-08-22,27,quantile,0.75,34.0
2026-08-08,wk inc covid hosp,2,2026-08-22,27,quantile,0.8,38.0
2026-08-08,wk inc covid hosp,2,2026-08-22,27,quantile,0.85,42.0
2026-08-08,wk inc covid hosp,2,2026-08-22,27,quantile,0.9,48.0
2026-08-08,wk inc covid hosp,2,2026-08-22,27,quantile,0.95,58.0
2026-08-08,wk inc covid hosp,2,2026-08-22,27,quantile,0.975,73.0
2026-08-08,wk inc covid hosp,2,2026-08-22,27,quantile,0.99,83.0
2026-08-08,wk inc covid hosp,2,2026-08-22,28,quantile,0.01,3.0
2026-08-08,wk inc covid hosp,2,2026-08-22,28,quantile,0.025,5.0
2026-08-08,wk inc covid hosp,2,2026-08-22,28,quantile,0.05,7.0
2026-08-08,wk inc covid hosp,2,2026-08-22,28,quantile,0.1,11.0
2026-08-08,wk inc covid hosp,2,2026-08-22,28,quantile,0.15,14.0
2026-08-08,wk inc covid hosp,2,2026-08-22,28,quantile,0.2,17.0
2026-08-08,wk inc covid hosp,2,2026-08-22,28,quantile,0.25,20.0
2026-08-08,wk inc covid hosp,2,2026-08-22,28,quantile,0.3,22.0
2026-08-08,wk inc covid hosp,2,2026-08-22,28,quantile,0.35,24.0
2026-08-08,wk inc covid hosp,2,2026-08-22,28,quantile,0.4,26.0
2026-08-08,wk inc covid hosp,2,2026-08-22,28,quantile,0.45,29.0
2026-08-08,wk inc covid hosp,2,2026-08-22,28,quantile,0.5,32.0
2026-08-08,wk inc covid hosp,2,2026-08-22,28,quantile,0.55,35.0
2026-08-08,wk inc covid hosp,2,2026-08-22,28,quantile,0.6,37.0
2026-08-08,wk inc covid hosp,2,2026-08-22,28,quantile,0.65,40.0
2026-08-08,wk inc covid hosp,2,2026-08-22,28,quantile,0.7,44.0
2026-08-08,wk inc covid hosp,2,2026-08-22,28,quantile,0.75,48.0
2026-08-08,wk inc covid hosp,2,2026-08-22,28,quantile,0.8,51.0
2026-08-08,wk inc covid hosp,2,2026-08-22,28,quantile,0.85,55.0
2026-08-08,wk inc covid hosp,2,2026-08-22,28,quantile,0.9,63.0
2026-08-08,wk inc covid hosp,2,2026-08-22,28,quantile,0.95,75.0
2026-08-08,wk inc covid hosp,2,2026-08-22,28,quantile,0.975,83.0
2026-08-08,wk inc covid hosp,2,2026-08-22,28,quantile,0.99,87.0
2026-08-08,wk inc covid hosp,2,2026-08-22,29,quantile,0.01,0.0
2026-08-08,wk inc covid hosp,2,2026-08-22,29,quantile,0.025,0.0
2026-08-08,wk inc covid hosp,2,2026-08-22,29,quantile,0.05,0.0
2026-08-08,wk inc covid hosp,2,2026-08-22,29,quantile,0.1,1.0
2026-08-08,wk inc covid hosp,2,2026-08-22,29,quantile,0.15,1.0
2026-08-08,wk inc covid hosp,2,2026-08-22,29,quantile,0.2,2.0
2026-08-08,wk inc covid hosp,2,2026-08-22,29,quantile,0.25,3.0
2026-08-08,wk inc covid hosp,2,2026-08-22,29,quantile,0.3,4.0
2026-08-08,wk inc covid hosp,2,2026-08-22,29,quantile,0.35,5.0
2026-08-08,wk inc covid hosp,2,2026-08-22,29,quantile,0.4,6.0
2026-08-08,wk inc covid hosp,2,2026-08-22,29,quantile,0.45,7.0
2026-08-08,wk inc covid hosp,2,2026-08-22,29,quantile,0.5,8.0
2026-08-08,wk inc covid hosp,2,2026-08-22,29,quantile,0.55,9.0
2026-08-08,wk inc covid hosp,2,2026-08-22,29,quantile,0.6,11.0
2026-08-08,wk inc covid hosp,2,2026-08-22,29,quantile,0.65,12.0
2026-08-08,wk inc covid hosp,2,2026-08-22,29,quantile,0.7,14.0
2026-08-08,wk inc covid hosp,2,2026-08-22,29,quantile,0.75,15.0
2026-08-08,wk inc covid hosp,2,2026-08-22,29,quantile,0.8,17.0
2026-08-08,wk inc covid hosp,2,2026-08-22,29,quantile,0.85,19.0
2026-08-08,wk inc covid hosp,2,2026-08-22,29,quantile,0.9,21.0
2026-08-08,wk inc covid hosp,2,2026-08-22,29,quantile,0.95,27.0
2026-08-08,wk inc covid hosp,2,2026-08-22,29,quantile,0.975,33.0
2026-08-08,wk inc covid hosp,2,2026-08-22,29,quantile,0.99,41.0
2026-08-08,wk inc covid hosp,2,2026-08-22,30,quantile,0.01,0.0
2026-08-08,wk inc covid hosp,2,2026-08-22,30,quantile,0.025,0.0
2026-08-08,wk inc covid hosp,2,2026-08-22,30,quantile,0.05,0.0
2026-08-08,wk inc covid hosp,2,2026-08-22,30,quantile,0.1,0.0
2026-08-08,wk inc covid hosp,2,2026-08-22,30,quantile,0.15,0.0
2026-08-08,wk inc covid hosp,2,2026-08-22,30,quantile,0.2,0.0
2026-08-08,wk inc covid hosp,2,2026-08-22,30,quantile,0.25,0.0
2026-08-08,wk inc covid hosp,2,2026-08-22,30,quantile,0.3,0.0
2026-08-08,wk inc covid hosp,2,2026-08-22,30,quantile,0.35,0.0
2026-08-08,wk inc covid hosp,2,2026-08-22,30,quantile,0.4,0.0
2026-08-08,wk inc covid hosp,2,2026-08-22,30,quantile,0.45,1.0
2026-08-08,wk inc covid hosp,2,2026-08-22,30,quantile,0.5,1.0
2026-08-08,wk inc covid hosp,2,2026-08-22,30,quantile,0.55,2.0
2026-08-08,wk inc covid hosp,2,2026-08-22,30,quantile,0.6,2.0
2026-08-08,wk inc covid hosp,2,2026-08-22,30,quantile,0.65,3.0
2026-08-08,wk inc covid hosp,2,2026-08-22,30,quantile,0.7,4.0
2026-08-08,wk inc covid hosp,2,2026-08-22,30,quantile,0.75,4.0
2026-08-08,wk inc covid hosp,2,2026-08-22,30,quantile,0.8,5.0
2026-08-08,wk inc covid hosp,2,2026-08-22,30,quantile,0.85,6.0
2026-08-08,wk inc covid hosp,2,2026-08-22,30,quantile,0.9,7.0
2026-08-08,wk inc covid hosp,2,2026-08-22,30,quantile,0.95,10.0
2026-08-08,wk inc covid hosp,2,2026-08-22,30,quantile,0.975,12.0
2026-08-08,wk inc covid hosp,2,2026-08-22,30,quantile,0.99,16.0
2026-08-08,wk inc covid hosp,2,2026-08-22,31,quantile,0.01,0.0
2026-08-08,wk inc covid hosp,2,2026-08-22,31,quantile,0.025,0.0
2026-08-08,wk inc covid hosp,2,2026-08-22,31,quantile,0.05,0.0
2026-08-08,wk inc covid hosp,2,2026-08-22,31,quantile,0.1,0.0
2026-08-08,wk inc covid hosp,2,2026-08-22,31,quantile,0.15,0.0
2026-08-08,wk inc covid hosp,2,2026-08-22,31,quantile,0.2,0.0
2026-08-08,wk inc covid hosp,2,2026-08-22,31,quantile,0.25,0.0
2026-08-08,wk inc covid hosp,2,2026-08-22,31,quantile,0.3,0.0
2026-08-08,wk inc covid hosp,2,2026-08-22,31,quantile,0.35,0.0
2026-08-08,wk inc covid hosp,2,2026-08-22,31,quantile,0.4,0.0
2026-08-08,wk inc covid hosp,2,2026-08-22,31,quantile,0.45,0.0
2026-08-08,wk inc covid hosp,2,2026-08-22,31,quantile,0.5,0.0
2026-08-08,wk inc covid hosp,2,2026-08-22,31,quantile,0.55,0.0
2026-08-08,wk inc covid hosp,2,2026-08-22,31,quantile,0.6,0.0
2026-08-08,wk inc covid hosp,2,2026-08-22,31,quantile,0.65,0.0
2026-08-08,wk inc covid hosp,2,2026-08-22,31,quantile,0.7,0.0
2026-08-08,wk inc covid hosp,2,2026-08-22,31,quantile,0.75,0.0
2026-08-08,wk inc covid hosp,2,2026-08-22,31,quantile,0.8,0.0
2026-08-08,wk inc covid hosp,2,2026-08-22,31,quantile,0.85,0.0
2026-08-08,wk inc covid hosp,2,2026-08-22,31,quantile,0.9,0.0
2026-08-08,wk inc covid hosp,2,2026-08-22,31,quantile,0.95,0.0
2026-08-08,wk inc covid hosp,2,2026-08-22,31,quantile,0.975,2.0
2026-08-08,wk inc covid hosp,2,2026-08-22,31,quantile,0.99,3.0
2026-08-08,wk inc covid hosp,2,2026-08-22,32,quantile,0.01,0.0
2026-08-08,wk inc covid hosp,2,2026-08-22,32,quantile,0.025,2.0
2026-08-08,wk inc covid hosp,2,2026-08-22,32,quantile,0.05,4.0
2026-08-08,wk inc covid hosp,2,2026-08-22,32,quantile,0.1,6.0
2026-08-08,wk inc covid hosp,2,2026-08-22,32,quantile,0.15,9.0
2026-08-08,wk inc covid hosp,2,2026-08-22,32,quantile,0.2,12.0
2026-08-08,wk inc covid hosp,2,2026-08-22,32,quantile,0.25,14.0
2026-08-08,wk inc covid hosp,2,2026-08-22,32,quantile,0.3,17.0
2026-08-08,wk inc covid hosp,2,2026-08-22,32,quantile,0.35,19.0
2026-08-08,wk inc covid hosp,2,2026-08-22,32,quantile,0.4,21.0
2026-08-08,wk inc covid hosp,2,2026-08-22,32,quantile,0.45,22.0
2026-08-08,wk inc covid hosp,2,2026-08-22,32,quantile,0.5,25.0
2026-08-08,wk inc covid hosp,2,2026-08-22,32,quantile,0.55,27.0
2026-08-08,wk inc covid hosp,2,2026-08-22,32,quantile,0.6,30.0
2026-08-08,wk inc covid hosp,2,2026-08-22,32,quantile,0.65,32.0
2026-08-08,wk inc covid hosp,2,2026-08-22,32,quantile,0.7,35.0
2026-08-08,wk inc covid hosp,2,2026-08-22,32,quantile,0.75,38.0
2026-08-08,wk inc covid hosp,2,2026-08-22,32,quantile,0.8,43.0
2026-08-08,wk inc covid hosp,2,2026-08-22,32,quantile,0.85,48.0
2026-08-08,wk inc covid hosp,2,2026-08-22,32,quantile,0.9,55.0
2026-08-08,wk inc covid hosp,2,2026-08-22,32,quantile,0.95,66.0
2026-08-08,wk inc covid hosp,2,2026-08-22,32,quantile,0.975,70.0
2026-08-08,wk inc covid hosp,2,2026-08-22,32,quantile,0.99,83.0
2026-08-08,wk inc covid hosp,2,2026-08-22,33,quantile,0.01,0.0
2026-08-08,wk inc covid hosp,2,2026-08-22,33,quantile,0.025,0.0
2026-08-08,wk inc covid hosp,2,2026-08-22,33,quantile,0.05,0.0
2026-08-08,wk inc covid hosp,2,2026-08-22,33,quantile,0.1,0.0
2026-08-08,wk inc covid hosp,2,2026-08-22,33,quantile,0.15,0.0
2026-08-08,wk inc covid hosp,2,2026-08-22,33,quantile,0.2,0.0
2026-08-08,wk inc covid hosp,2,2026-08-22,33,quantile,0.25,0.0
2026-08-08,wk inc covid hosp,2,2026-08-22,33,quantile,0.3,0.0
2026-08-08,wk inc covid hosp,2,2026-08-22,33,quantile,0.35,0.0
2026-08-08,wk inc covid hosp,2,2026-08-22,33,quantile,0.4,0.0
2026-08-08,wk inc covid hosp,2,2026-08-22,33,quantile,0.45,1.0
2026-08-08,wk inc covid hosp,2,2026-08-22,33,quantile,0.5,2.0
2026-08-08,wk inc covid hosp,2,2026-08-22,33,quantile,0.55,3.0
2026-08-08,wk inc covid hosp,2,2026-08-22,33,quantile,0.6,4.0
2026-08-08,wk inc covid hosp,2,2026-08-22,33,quantile,0.65,5.0
2026-08-08,wk inc covid hosp,2,2026-08-22,33,quantile,0.7,7.0
2026-08-08,wk inc covid hosp,2,2026-08-22,33,quantile,0.75,9.0
2026-08-08,wk inc covid hosp,2,2026-08-22,33,quantile,0.8,11.0
2026-08-08,wk inc covid hosp,2,2026-08-22,33,quantile,0.85,14.0
2026-08-08,wk inc covid hosp,2,2026-08-22,33,quantile,0.9,18.0
2026-08-08,wk inc covid hosp,2,2026-08-22,33,quantile,0.95,23.0
2026-08-08,wk inc covid hosp,2,2026-08-22,33,quantile,0.975,34.0
2026-08-08,wk inc covid hosp,2,2026-08-22,33,quantile,0.99,39.0
2026-08-08,wk inc covid hosp,2,2026-08-22,34,quantile,0.01,4.0
2026-08-08,wk inc covid hosp,2,2026-08-22,34,quantile,0.025,7.0
2026-08-08,wk inc covid hosp,2,2026-08-22,34,quantile,0.05,10.0
2026-08-08,wk inc covid hosp,2,2026-08-22,34,quantile,0.1,14.0
2026-08-08,wk inc covid hosp,2,2026-08-22,34,quantile,0.15,18.0
2026-08-08,wk inc covid hosp,2,2026-08-22,34,quantile,0.2,21.0
2026-08-08,wk inc covid hosp,2,2026-08-22,34,quantile,0.25,24.0
2026-08-08,wk inc covid hosp,2,2026-08-22,34,quantile,0.3,27.0
2026-08-08,wk inc covid hosp,2,2026-08-22,34,quantile,0.35,29.0
2026-08-08,wk inc covid hosp,2,2026-08-22,34,quantile,0.4,31.0
2026-08-08,wk inc covid hosp,2,2026-08-22,34,quantile,0.45,34.0
2026-08-08,wk inc covid hosp,2,2026-08-22,34,quantile,0.5,37.0
2026-08-08,wk inc covid hosp,2,2026-08-22,34,quantile,0.55,40.0
2026-08-08,wk inc covid hosp,2,2026-08-22,34,quantile,0.6,43.0
2026-08-08,wk inc covid hosp,2,2026-08-22,34,quantile,0.65,45.0
2026-08-08,wk inc covid hosp,2,2026-08-22,34,quantile,0.7,49.0
2026-08-08,wk inc covid hosp,2,2026-08-22,34,quantile,0.75,52.0
2026-08-08,wk inc covid hosp,2,2026-08-22,34,quantile,0.8,58.0
2026-08-08,wk inc covid hosp,2,2026-08-22,34,quantile,0.85,64.0
2026-08-08,wk inc covid hosp,2,2026-08-22,34,quantile,0.9,72.0
2026-08-08,wk inc covid hosp,2,2026-08-22,34,quantile,0.95,83.0
2026-08-08,wk inc covid hosp,2,2026-08-22,34,quantile,0.975,95.0
2026-08-08,wk inc covid hosp,2,2026-08-22,34,quantile,0.99,115.0
2026-08-08,wk inc covid hosp,2,2026-08-22,35,quantile,0.01,0.0
2026-08-08,wk inc covid hosp,2,2026-08-22,35,quantile,0.025,0.0
2026-08-08,wk inc covid hosp,2,2026-08-22,35,quantile,0.05,0.0
2026-08-08,wk inc covid hosp,2,2026-08-22,35,quantile,0.1,0.0
2026-08-08,wk inc covid hosp,2,2026-08-22,35,quantile,0.15,0.0
2026-08-08,wk inc covid hosp,2,2026-08-22,35,quantile,0.2,1.0
2026-08-08,wk inc covid hosp,2,2026-08-22,35,quantile,0.25,2.0
2026-08-08,wk inc covid hosp,2,2026-08-22,35,quantile,0.3,3.0
2026-08-08,wk inc covid hosp,2,2026-08-22,35,quantile,0.35,4.0
2026-08-08,wk inc covid hosp,2,2026-08-22,35,quantile,0.4,5.0
2026-08-08,wk inc covid hosp,2,2026-08-22,35,quantile,0.45,6.0
2026-08-08,wk inc covid hosp,2,2026-08-22,35,quantile,0.5,8.0
2026-08-08,wk inc covid hosp,2,2026-08-22,35,quantile,0.55,9.0
2026-08-08,wk inc covid hosp,2,2026-08-22,35,quantile,0.6,10.0
2026-08-08,wk inc covid hosp,2,2026-08-22,35,quantile,0.65,12.0
2026-08-08,wk inc covid hosp,2,2026-08-22,35,quantile,0.7,13.0
2026-08-08,wk inc covid hosp,2,2026-08-22,35,quantile,0.75,16.0
2026-08-08,wk inc covid hosp,2,2026-08-22,35,quantile,0.8,17.0
2026-08-08,wk inc covid hosp,2,2026-08-22,35,quantile,0.85,21.0
2026-08-08,wk inc covid hosp,2,2026-08-22,35,quantile,0.9,26.0
2026-08-08,wk inc covid hosp,2,2026-08-22,35,quantile,0.95,33.0
2026-08-08,wk inc covid hosp,2,2026-08-22,35,quantile,0.975,39.0
2026-08-08,wk inc covid hosp,2,2026-08-22,35,quantile,0.99,49.0
2026-08-08,wk inc covid hosp,2,2026-08-22,36,quantile,0.01,37.0
2026-08-08,wk inc covid hosp,2,2026-08-22,36,quantile,0.025,45.0
2026-08-08,wk inc covid hosp,2,2026-08-22,36,quantile,0.05,52.0
2026-08-08,wk inc covid hosp,2,2026-08-22,36,quantile,0.1,63.0
2026-08-08,wk inc covid hosp,2,2026-08-22,36,quantile,0.15,72.0
2026-08-08,wk inc covid hosp,2,2026-08-22,36,quantile,0.2,76.0
2026-08-08,wk inc covid hosp,2,2026-08-22,36,quantile,0.25,83.0
2026-08-08,wk inc covid hosp,2,2026-08-22,36,quantile,0.3,88.0
2026-08-08,wk inc covid hosp,2,2026-08-22,36,quantile,0.35,92.0
2026-08-08,wk inc covid hosp,2,2026-08-22,36,quantile,0.4,100.0
2026-08-08,wk inc covid hosp,2,2026-08-22,36,quantile,0.45,104.0
2026-08-08,wk inc covid hosp,2,2026-08-22,36,quantile,0.5,110.0
2026-08-08,wk inc covid hosp,2,2026-08-22,36,quantile,0.55,114.0
2026-08-08,wk inc covid hosp,2,2026-08-22,36,quantile,0.6,119.0
2026-08-08,wk inc covid hosp,2,2026-08-22,36,quantile,0.65,125.0
2026-08-08,wk inc covid hosp,2,2026-08-22,36,quantile,0.7,132.0
2026-08-08,wk inc covid hosp,2,2026-08-22,36,quantile,0.75,141.0
2026-08-08,wk inc covid hosp,2,2026-08-22,36,quantile,0.8,154.0
2026-08-08,wk inc covid hosp,2,2026-08-22,36,quantile,0.85,169.0
2026-08-08,wk inc covid hosp,2,2026-08-22,36,quantile,0.9,180.0
2026-08-08,wk inc covid hosp,2,2026-08-22,36,quantile,0.95,205.0
2026-08-08,wk inc covid hosp,2,2026-08-22,36,quantile,0.975,219.0
2026-08-08,wk inc covid hosp,2,2026-08-22,36,quantile,0.99,255.0
2026-08-08,wk inc covid hosp,2,2026-08-22,37,quantile,0.01,35.0
2026-08-08,wk inc covid hosp,2,2026-08-22,37,quantile,0.025,40.0
2026-08-08,wk inc covid hosp,2,2026-08-22,37,quantile,0.05,46.0
2026-08-08,wk inc covid hosp,2,2026-08-22,37,quantile,0.1,53.0
2026-08-08,wk inc covid hosp,2,2026-08-22,37,quantile,0.15,60.0
2026-08-08,wk inc covid hosp,2,2026-08-22,37,quantile,0.2,66.0
2026-08-08,wk inc covid hosp,2,2026-08-22,37,quantile,0.25,72.0
2026-08-08,wk inc covid hosp,2,2026-08-22,37,quantile,0.3,79.0
2026-08-08,wk inc covid hosp,2,2026-08-22,37,quantile,0.35,84.0
2026-08-08,wk inc covid hosp,2,2026-08-22,37,quantile,0.4,90.0
2026-08-08,wk inc covid hosp,2,2026-08-22,37,quantile,0.45,95.0
2026-08-08,wk inc covid hosp,2,2026-08-22,37,quantile,0.5,100.0
2026-08-08,wk inc covid hosp,2,2026-08-22,37,quantile,0.55,104.0
2026-08-08,wk inc covid hosp,2,2026-08-22,37,quantile,0.6,109.0
2026-08-08,wk inc covid hosp,2,2026-08-22,37,quantile,0.65,115.0
2026-08-08,wk inc covid hosp,2,2026-08-22,37,quantile,0.7,119.0
2026-08-08,wk inc covid hosp,2,2026-08-22,37,quantile,0.75,125.0
2026-08-08,wk inc covid hosp,2,2026-08-22,37,quantile,0.8,133.0
2026-08-08,wk inc covid hosp,2,2026-08-22,37,quantile,0.85,147.0
2026-08-08,wk inc covid hosp,2,2026-08-22,37,quantile,0.9,167.0
2026-08-08,wk inc covid hosp,2,2026-08-22,37,quantile,0.95,191.0
2026-08-08,wk inc covid hosp,2,2026-08-22,37,quantile,0.975,202.0
2026-08-08,wk inc covid hosp,2,2026-08-22,37,quantile,0.99,212.0
2026-08-08,wk inc covid hosp,2,2026-08-22,38,quantile,0.01,0.0
2026-08-08,wk inc covid hosp,2,2026-08-22,38,quantile,0.025,0.0
2026-08-08,wk inc covid hosp,2,2026-08-22,38,quantile,0.05,0.0
2026-08-08,wk inc covid hosp,2,2026-08-22,38,quantile,0.1,0.0
2026-08-08,wk inc covid hosp,2,2026-08-22,38,quantile,0.15,0.0
2026-08-08,wk inc covid hosp,2,2026-08-22,38,quantile,0.2,0.0
2026-08-08,wk inc covid hosp,2,2026-08-22,38,quantile,0.25,0.0
2026-08-08,wk inc covid hosp,2,2026-08-22,38,quantile,0.3,0.0
2026-08-08,wk inc covid hosp,2,2026-08-22,38,quantile,0.35,0.0
2026-08-08,wk inc covid hosp,2,2026-08-22,38,quantile,0.4,0.0
2026-08-08,wk inc covid hosp,2,2026-08-22,38,quantile,0.45,0.0
2026-08-08,wk inc covid hosp,2,2026-08-22,38,quantile,0.5,0.0
2026-08-08,wk inc covid hosp,2,2026-08-22,38,quantile,0.55,0.0
2026-08-08,wk inc covid hosp,2,2026-08-22,38,quantile,0.6,0.0
2026-08-08,wk inc covid hosp,2,2026-08-22,38,quantile,0.65,0.0
2026-08-08,wk inc covid hosp,2,2026-08-22,38,quantile,0.7,0.0
2026-08-08,wk inc covid hosp,2,2026-08-22,38,quantile,0.75,0.0
2026-08-08,wk inc covid hosp,2,2026-08-22,38,quantile,0.8,1.0
2026-08-08,wk inc covid hosp,2,2026-08-22,38,quantile,0.85,3.0
2026-08-08,wk inc covid hosp,2,2026-08-22,38,quantile,0.9,5.0
2026-08-08,wk inc covid hosp,2,2026-08-22,38,quantile,0.95,9.0
2026-08-08,wk inc covid hosp,2,2026-08-22,38,quantile,0.975,13.0
2026-08-08,wk inc covid hosp,2,2026-08-22,38,quantile,0.99,17.0
2026-08-08,wk inc covid hosp,2,2026-08-22,39,quantile,0.01,6.0
2026-08-08,wk inc covid hosp,2,2026-08-22,39,quantile,0.025,12.0
2026-08-08,wk inc covid hosp,2,2026-08-22,39,quantile,0.05,15.0
2026-08-08,wk inc covid hosp,2,2026-08-22,39,quantile,0.1,21.0
2026-08-08,wk inc covid hosp,2,2026-08-22,39,quantile,0.15,26.0
2026-08-08,wk inc covid hosp,2,2026-08-22,39,quantile,0.2,29.0
2026-08-08,wk inc covid hosp,2,2026-08-22,39,quantile,0.25,31.0
2026-08-08,wk inc covid hosp,2,2026-08-22,39,quantile,0.3,34.0
2026-08-08,wk inc covid hosp,2,2026-08-22,39,quantile,0.35,38.0
2026-08-08,wk inc covid hosp,2,2026-08-22,39,quantile,0.4,41.0
2026-08-08,wk inc covid hosp,2,2026-08-22,39,quantile,0.45,44.0
2026-08-08,wk inc covid hosp,2,2026-08-22,39,quantile,0.5,48.0
2026-08-08,wk inc covid hosp,2,2026-08-22,39,quantile,0.55,52.0
2026-08-08,wk inc covid hosp,2,2026-08-22,39,quantile,0.6,55.0
2026-08-08,wk inc covid hosp,2,2026-08-22,39,quantile,0.65,59.0
2026-08-08,wk inc covid hosp,2,2026-08-22,39,quantile,0.7,64.0
2026-08-08,wk inc covid hosp,2,2026-08-22,39,quantile,0.75,70.0
2026-08-08,wk inc covid hosp,2,2026-08-22,39,quantile,0.8,75.0
2026-08-08,wk inc covid hosp,2,2026-08-22,39,quantile,0.85,84.0
2026-08-08,wk inc covid hosp,2,2026-08-22,39,quantile,0.9,97.0
2026-08-08,wk inc covid hosp,2,2026-08-22,39,quantile,0.95,113.0
2026-08-08,wk inc covid hosp,2,2026-08-22,39,quantile,0.975,129.0
2026-08-08,wk inc covid hosp,2,2026-08-22,39,quantile,0.99,149.0
2026-08-08,wk inc covid hosp,2,2026-08-22,40,quantile,0.01,0.0
2026-08-08,wk inc covid hosp,2,2026-08-22,40,quantile,0.025,0.0
2026-08-08,wk inc covid hosp,2,2026-08-22,40,quantile,0.05,0.0
2026-08-08,wk inc covid hosp,2,2026-08-22,40,quantile,0.1,2.0
2026-08-08,wk inc covid hosp,2,2026-08-22,40,quantile,0.15,3.0
2026-08-08,wk inc covid hosp,2,2026-08-22,40,quantile,0.2,5.0
2026-08-08,wk inc covid hosp,2,2026-08-22,40,quantile,0.25,5.0
2026-08-08,wk inc covid hosp,2,2026-08-22,40,quantile,0.3,6.0
2026-08-08,wk inc covid hosp,2,2026-08-22,40,quantile,0.35,7.0
2026-08-08,wk inc covid hosp,2,2026-08-22,40,quantile,0.4,9.0
2026-08-08,wk inc covid hosp,2,2026-08-22,40,quantile,0.45,10.0
2026-08-08,wk inc covid hosp,2,2026-08-22,40,quantile,0.5,11.0
2026-08-08,wk inc covid hosp,2,2026-08-22,40,quantile,0.55,13.0
2026-08-08,wk inc covid hosp,2,2026-08-22,40,quantile,0.6,15.0
2026-08-08,wk inc covid hosp,2,2026-08-22,40,quantile,0.65,17.0
2026-08-08,wk inc covid hosp,2,2026-08-22,40,quantile,0.7,19.0
2026-08-08,wk inc covid hosp,2,2026-08-22,40,quantile,0.75,22.0
2026-08-08,wk inc covid hosp,2,2026-08-22,40,quantile,0.8,23.0
2026-08-08,wk inc covid hosp,2,2026-08-22,40,quantile,0.85,27.0
2026-08-08,wk inc covid hosp,2,2026-08-22,40,quantile,0.9,31.0
2026-08-08,wk inc covid hosp,2,2026-08-22,40,quantile,0.95,38.0
2026-08-08,wk inc covid hosp,2,2026-08-22,40,quantile,0.975,47.0
2026-08-08,wk inc covid hosp,2,2026-08-22,40,quantile,0.99,53.0
2026-08-08,wk inc covid hosp,2,2026-08-22,41,quantile,0.01,0.0
2026-08-08,wk inc covid hosp,2,2026-08-22,41,quantile,0.025,0.0
2026-08-08,wk inc covid hosp,2,2026-08-22,41,quantile,0.05,0.0
2026-08-08,wk inc covid hosp,2,2026-08-22,41,quantile,0.1,0.0
2026-08-08,wk inc covid hosp,2,2026-08-22,41,quantile,0.15,0.0
2026-08-08,wk inc covid hosp,2,2026-08-22,41,quantile,0.2,0.0
2026-08-08,wk inc covid hosp,2,2026-08-22,41,quantile,0.25,1.0
2026-08-08,wk inc covid hosp,2,2026-08-22,41,quantile,0.3,2.0
2026-08-08,wk inc covid hosp,2,2026-08-22,41,quantile,0.35,2.0
2026-08-08,wk inc covid hosp,2,2026-08-22,41,quantile,0.4,3.0
2026-08-08,wk inc covid hosp,2,2026-08-22,41,quantile,0.45,4.0
2026-08-08,wk inc covid hosp,2,2026-08-22,41,quantile,0.5,5.0
2026-08-08,wk inc covid hosp,2,2026-08-22,41,quantile,0.55,6.0
2026-08-08,wk inc covid hosp,2,2026-08-22,41,quantile,0.6,7.0
2026-08-08,wk inc covid hosp,2,2026-08-22,41,quantile,0.65,8.0
2026-08-08,wk inc covid hosp,2,2026-08-22,41,quantile,0.7,10.0
2026-08-08,wk inc covid hosp,2,2026-08-22,41,quantile,0.75,11.0
2026-08-08,wk inc covid hosp,2,2026-08-22,41,quantile,0.8,13.0
2026-08-08,wk inc covid hosp,2,2026-08-22,41,quantile,0.85,15.0
2026-08-08,wk inc covid hosp,2,2026-08-22,41,quantile,0.9,18.0
2026-08-08,wk inc covid hosp,2,2026-08-22,41,quantile,0.95,23.0
2026-08-08,wk inc covid hosp,2,2026-08-22,41,quantile,0.975,26.0
2026-08-08,wk inc covid hosp,2,2026-08-22,41,quantile,0.99,33.0
2026-08-08,wk inc covid hosp,2,2026-08-22,42,quantile,0.01,5.0
2026-08-08,wk inc covid hosp,2,2026-08-22,42,quantile,0.025,11.0
2026-08-08,wk inc covid hosp,2,2026-08-22,42,quantile,0.05,14.0
2026-08-08,wk inc covid hosp,2,2026-08-22,42,quantile,0.1,19.0
2026-08-08,wk inc covid hosp,2,2026-08-22,42,quantile,0.15,23.0
2026-08-08,wk inc covid hosp,2,2026-08-22,42,quantile,0.2,26.0
2026-08-08,wk inc covid hosp,2,2026-08-22,42,quantile,0.25,29.0
2026-08-08,wk inc covid hosp,2,2026-08-22,42,quantile,0.3,32.0
2026-08-08,wk inc covid hosp,2,2026-08-22,42,quantile,0.35,34.0
2026-08-08,wk inc covid hosp,2,2026-08-22,42,quantile,0.4,37.0
2026-08-08,wk inc covid hosp,2,2026-08-22,42,quantile,0.45,39.0
2026-08-08,wk inc covid hosp,2,2026-08-22,42,quantile,0.5,43.0
2026-08-08,wk inc covid hosp,2,2026-08-22,42,quantile,0.55,46.0
2026-08-08,wk inc covid hosp,2,2026-08-22,42,quantile,0.6,50.0
2026-08-08,wk inc covid hosp,2,2026-08-22,42,quantile,0.65,54.0
2026-08-08,wk inc covid hosp,2,2026-08-22,42,quantile,0.7,58.0
2026-08-08,wk inc covid hosp,2,2026-08-22,42,quantile,0.75,61.0
2026-08-08,wk inc covid hosp,2,2026-08-22,42,quantile,0.8,67.0
2026-08-08,wk inc covid hosp,2,2026-08-22,42,quantile,0.85,73.0
2026-08-08,wk inc covid hosp,2,2026-08-22,42,quantile,0.9,82.0
2026-08-08,wk inc covid hosp,2,2026-08-22,42,quantile,0.95,91.0
2026-08-08,wk inc covid hosp,2,2026-08-22,42,quantile,0.975,102.0
2026-08-08,wk inc covid hosp,2,2026-08-22,42,quantile,0.99,120.0
2026-08-08,wk inc covid hosp,2,2026-08-22,44,quantile,0.01,0.0
2026-08-08,wk inc covid hosp,2,2026-08-22,44,quantile,0.025,0.0
2026-08-08,wk inc covid hosp,2,2026-08-22,44,quantile,0.05,0.0
2026-08-08,wk inc covid hosp,2,2026-08-22,44,quantile,0.1,0.0
2026-08-08,wk inc covid hosp,2,2026-08-22,44,quantile,0.15,0.0
2026-08-08,wk inc covid hosp,2,2026-08-22,44,quantile,0.2,0.0
2026-08-08,wk inc covid hosp,2,2026-08-22,44,quantile,0.25,0.0
2026-08-08,wk inc covid hosp,2,2026-08-22,44,quantile,0.3,0.0
2026-08-08,wk inc covid hosp,2,2026-08-22,44,quantile,0.35,0.0
2026-08-08,wk inc covid hosp,2,2026-08-22,44,quantile,0.4,0.0
2026-08-08,wk inc covid hosp,2,2026-08-22,44,quantile,0.45,0.0
2026-08-08,wk inc covid hosp,2,2026-08-22,44,quantile,0.5,1.0
2026-08-08,wk inc covid hosp,2,2026-08-22,44,quantile,0.55,2.0
2026-08-08,wk inc covid hosp,2,2026-08-22,44,quantile,0.6,3.0
2026-08-08,wk inc covid hosp,2,2026-08-22,44,quantile,0.65,4.0
2026-08-08,wk inc covid hosp,2,2026-08-22,44,quantile,0.7,5.0
2026-08-08,wk inc covid hosp,2,2026-08-22,44,quantile,0.75,6.0
2026-08-08,wk inc covid hosp,2,2026-08-22,44,quantile,0.8,8.0
2026-08-08,wk inc covid hosp,2,2026-08-22,44,quantile,0.85,10.0
2026-08-08,wk inc covid hosp,2,2026-08-22,44,quantile,0.9,13.0
2026-08-08,wk inc covid hosp,2,2026-08-22,44,quantile,0.95,19.0
2026-08-08,wk inc covid hosp,2,2026-08-22,44,quantile,0.975,23.0
2026-08-08,wk inc covid hosp,2,2026-08-22,44,quantile,0.99,29.0
2026-08-08,wk inc covid hosp,2,2026-08-22,45,quantile,0.01,0.0
2026-08-08,wk inc covid hosp,2,2026-08-22,45,quantile,0.025,1.0
2026-08-08,wk inc covid hosp,2,2026-08-22,45,quantile,0.05,2.0
2026-08-08,wk inc covid hosp,2,2026-08-22,45,quantile,0.1,5.0
2026-08-08,wk inc covid hosp,2,2026-08-22,45,quantile,0.15,8.0
2026-08-08,wk inc covid hosp,2,2026-08-22,45,quantile,0.2,11.0
2026-08-08,wk inc covid hosp,2,2026-08-22,45,quantile,0.25,13.0
2026-08-08,wk inc covid hosp,2,2026-08-22,45,quantile,0.3,15.0
2026-08-08,wk inc covid hosp,2,2026-08-22,45,quantile,0.35,18.0
2026-08-08,wk inc covid hosp,2,2026-08-22,45,quantile,0.4,19.0
2026-08-08,wk inc covid hosp,2,2026-08-22,45,quantile,0.45,21.0
2026-08-08,wk inc covid hosp,2,2026-08-22,45,quantile,0.5,24.0
2026-08-08,wk inc covid hosp,2,2026-08-22,45,quantile,0.55,26.0
2026-08-08,wk inc covid hosp,2,2026-08-22,45,quantile,0.6,29.0
2026-08-08,wk inc covid hosp,2,2026-08-22,45,quantile,0.65,32.0
2026-08-08,wk inc covid hosp,2,2026-08-22,45,quantile,0.7,36.0
2026-08-08,wk inc covid hosp,2,2026-08-22,45,quantile,0.75,40.0
2026-08-08,wk inc covid hosp,2,2026-08-22,45,quantile,0.8,44.0
2026-08-08,wk inc covid hosp,2,2026-08-22,45,quantile,0.85,47.0
2026-08-08,wk inc covid hosp,2,2026-08-22,45,quantile,0.9,52.0
2026-08-08,wk inc covid hosp,2,2026-08-22,45,quantile,0.95,64.0
2026-08-08,wk inc covid hosp,2,2026-08-22,45,quantile,0.975,73.0
2026-08-08,wk inc covid hosp,2,2026-08-22,45,quantile,0.99,87.0
2026-08-08,wk inc covid hosp,2,2026-08-22,46,quantile,0.01,0.0
2026-08-08,wk inc covid hosp,2,2026-08-22,46,quantile,0.025,0.0
2026-08-08,wk inc covid hosp,2,2026-08-22,46,quantile,0.05,0.0
2026-08-08,wk inc covid hosp,2,2026-08-22,46,quantile,0.1,0.0
2026-08-08,wk inc covid hosp,2,2026-08-22,46,quantile,0.15,0.0
2026-08-08,wk inc covid hosp,2,2026-08-22,46,quantile,0.2,0.0
2026-08-08,wk inc covid hosp,2,2026-08-22,46,quantile,0.25,0.0
2026-08-08,wk inc covid hosp,2,2026-08-22,46,quantile,0.3,0.0
2026-08-08,wk inc covid hosp,2,2026-08-22,46,quantile,0.35,0.0
2026-08-08,wk inc covid hosp,2,2026-08-22,46,quantile,0.4,0.0
2026-08-08,wk inc covid hosp,2,2026-08-22,46,quantile,0.45,0.0
2026-08-08,wk inc covid hosp,2,2026-08-22,46,quantile,0.5,0.0
2026-08-08,wk inc covid hosp,2,2026-08-22,46,quantile,0.55,0.0
2026-08-08,wk inc covid hosp,2,2026-08-22,46,quantile,0.6,0.0
2026-08-08,wk inc covid hosp,2,2026-08-22,46,quantile,0.65,0.0
2026-08-08,wk inc covid hosp,2,2026-08-22,46,quantile,0.7,0.0
2026-08-08,wk inc covid hosp,2,2026-08-22,46,quantile,0.75,0.0
2026-08-08,wk inc covid hosp,2,2026-08-22,46,quantile,0.8,0.0
2026-08-08,wk inc covid hosp,2,2026-08-22,46,quantile,0.85,0.0
2026-08-08,wk inc covid hosp,2,2026-08-22,46,quantile,0.9,0.0
2026-08-08,wk inc covid hosp,2,2026-08-22,46,quantile,0.95,0.0
2026-08-08,wk inc covid hosp,2,2026-08-22,46,quantile,0.975,0.0
2026-08-08,wk inc covid hosp,2,2026-08-22,46,quantile,0.99,0.0
2026-08-08,wk inc covid hosp,2,2026-08-22,47,quantile,0.01,5.0
2026-08-08,wk inc covid hosp,2,2026-08-22,47,quantile,0.025,9.0
2026-08-08,wk inc covid hosp,2,2026-08-22,47,quantile,0.05,13.0
2026-08-08,wk inc covid hosp,2,2026-08-22,47,quantile,0.1,17.0
2026-08-08,wk inc covid hosp,2,2026-08-22,47,quantile,0.15,20.0
2026-08-08,wk inc covid hosp,2,2026-08-22,47,quantile,0.2,23.0
2026-08-08,wk inc covid hosp,2,2026-08-22,47,quantile,0.25,27.0
2026-08-08,wk inc covid hosp,2,2026-08-22,47,quantile,0.3,31.0
2026-08-08,wk inc covid hosp,2,2026-08-22,47,quantile,0.35,33.0
2026-08-08,wk inc covid hosp,2,2026-08-22,47,quantile,0.4,37.0
2026-08-08,wk inc covid hosp,2,2026-08-22,47,quantile,0.45,39.0
2026-08-08,wk inc covid hosp,2,2026-08-22,47,quantile,0.5,43.0
2026-08-08,wk inc covid hosp,2,2026-08-22,47,quantile,0.55,47.0
2026-08-08,wk inc covid hosp,2,2026-08-22,47,quantile,0.6,51.0
2026-08-08,wk inc covid hosp,2,2026-08-22,47,quantile,0.65,55.0
2026-08-08,wk inc covid hosp,2,2026-08-22,47,quantile,0.7,59.0
2026-08-08,wk inc covid hosp,2,2026-08-22,47,quantile,0.75,63.0
2026-08-08,wk inc covid hosp,2,2026-08-22,47,quantile,0.8,68.0
2026-08-08,wk inc covid hosp,2,2026-08-22,47,quantile,0.85,74.0
2026-08-08,wk inc covid hosp,2,2026-08-22,47,quantile,0.9,86.0
2026-08-08,wk inc covid hosp,2,2026-08-22,47,quantile,0.95,98.0
2026-08-08,wk inc covid hosp,2,2026-08-22,47,quantile,0.975,114.0
2026-08-08,wk inc covid hosp,2,2026-08-22,47,quantile,0.99,123.0
2026-08-08,wk inc covid hosp,2,2026-08-22,48,quantile,0.01,141.0
2026-08-08,wk inc covid hosp,2,2026-08-22,48,quantile,0.025,163.0
2026-08-08,wk inc covid hosp,2,2026-08-22,48,quantile,0.05,182.0
2026-08-08,wk inc covid hosp,2,2026-08-22,48,quantile,0.1,207.0
2026-08-08,wk inc covid hosp,2,2026-08-22,48,quantile,0.15,220.0
2026-08-08,wk inc covid hosp,2,2026-08-22,48,quantile,0.2,240.0
2026-08-08,wk inc covid hosp,2,2026-08-22,48,quantile,0.25,250.0
2026-08-08,wk inc covid hosp,2,2026-08-22,48,quantile,0.3,261.0
2026-08-08,wk inc covid hosp,2,2026-08-22,48,quantile,0.35,274.0
2026-08-08,wk inc covid hosp,2,2026-08-22,48,quantile,0.4,281.0
2026-08-08,wk inc covid hosp,2,2026-08-22,48,quantile,0.45,296.0
2026-08-08,wk inc covid hosp,2,2026-08-22,48,quantile,0.5,306.0
2026-08-08,wk inc covid hosp,2,2026-08-22,48,quantile,0.55,320.0
2026-08-08,wk inc covid hosp,2,2026-08-22,48,quantile,0.6,334.0
2026-08-08,wk inc covid hosp,2,2026-08-22,48,quantile,0.65,349.0
2026-08-08,wk inc covid hosp,2,2026-08-22,48,quantile,0.7,363.0
2026-08-08,wk inc covid hosp,2,2026-08-22,48,quantile,0.75,380.0
2026-08-08,wk inc covid hosp,2,2026-08-22,48,quantile,0.8,403.0
2026-08-08,wk inc covid hosp,2,2026-08-22,48,quantile,0.85,423.0
2026-08-08,wk inc covid hosp,2,2026-08-22,48,quantile,0.9,450.0
2026-08-08,wk inc covid hosp,2,2026-08-22,48,quantile,0.95,506.0
2026-08-08,wk inc covid hosp,2,2026-08-22,48,quantile,0.975,543.0
2026-08-08,wk inc covid hosp,2,2026-08-22,48,quantile,0.99,577.0
2026-08-08,wk inc covid hosp,2,2026-08-22,49,quantile,0.01,0.0
2026-08-08,wk inc covid hosp,2,2026-08-22,49,quantile,0.025,0.0
2026-08-08,wk inc covid hosp,2,2026-08-22,49,quantile,0.05,0.0
2026-08-08,wk inc covid hosp,2,2026-08-22,49,quantile,0.1,0.0
2026-08-08,wk inc covid hosp,2,2026-08-22,49,quantile,0.15,0.0
2026-08-08,wk inc covid hosp,2,2026-08-22,49,quantile,0.2,0.0
2026-08-08,wk inc covid hosp,2,2026-08-22,49,quantile,0.25,0.0
2026-08-08,wk inc covid hosp,2,2026-08-22,49,quantile,0.3,0.0
2026-08-08,wk inc covid hosp,2,2026-08-22,49,quantile,0.35,0.0
2026-08-08,wk inc covid hosp,2,2026-08-22,49,quantile,0.4,0.0
2026-08-08,wk inc covid hosp,2,2026-08-22,49,quantile,0.45,0.0
2026-08-08,wk inc covid hosp,2,2026-08-22,49,quantile,0.5,0.0
2026-08-08,wk inc covid hosp,2,2026-08-22,49,quantile,0.55,1.0
2026-08-08,wk inc covid hosp,2,2026-08-22,49,quantile,0.6,2.0
2026-08-08,wk inc covid hosp,2,2026-08-22,49,quantile,0.65,3.0
2026-08-08,wk inc covid hosp,2,2026-08-22,49,quantile,0.7,4.0
2026-08-08,wk inc covid hosp,2,2026-08-22,49,quantile,0.75,5.0
2026-08-08,wk inc covid hosp,2,2026-08-22,49,quantile,0.8,7.0
2026-08-08,wk inc covid hosp,2,2026-08-22,49,quantile,0.85,9.0
2026-08-08,wk inc covid hosp,2,2026-08-22,49,quantile,0.9,12.0
2026-08-08,wk inc covid hosp,2,2026-08-22,49,quantile,0.95,17.0
2026-08-08,wk inc covid hosp,2,2026-08-22,49,quantile,0.975,19.0
2026-08-08,wk inc covid hosp,2,2026-08-22,49,quantile,0.99,24.0
2026-08-08,wk inc covid hosp,2,2026-08-22,50,quantile,0.01,0.0
2026-08-08,wk inc covid hosp,2,2026-08-22,50,quantile,0.025,0.0
2026-08-08,wk inc covid hosp,2,2026-08-22,50,quantile,0.05,0.0
2026-08-08,wk inc covid hosp,2,2026-08-22,50,quantile,0.1,0.0
2026-08-08,wk inc covid hosp,2,2026-08-22,50,quantile,0.15,0.0
2026-08-08,wk inc covid hosp,2,2026-08-22,50,quantile,0.2,0.0
2026-08-08,wk inc covid hosp,2,2026-08-22,50,quantile,0.25,0.0
2026-08-08,wk inc covid hosp,2,2026-08-22,50,quantile,0.3,0.0
2026-08-08,wk inc covid hosp,2,2026-08-22,50,quantile,0.35,0.0
2026-08-08,wk inc covid hosp,2,2026-08-22,50,quantile,0.4,0.0
2026-08-08,wk inc covid hosp,2,2026-08-22,50,quantile,0.45,0.0
2026-08-08,wk inc covid hosp,2,2026-08-22,50,quantile,0.5,0.0
2026-08-08,wk inc covid hosp,2,2026-08-22,50,quantile,0.55,0.0
2026-08-08,wk inc covid hosp,2,2026-08-22,50,quantile,0.6,0.0
2026-08-08,wk inc covid hosp,2,2026-08-22,50,quantile,0.65,0.0
2026-08-08,wk inc covid hosp,2,2026-08-22,50,quantile,0.7,0.0
2026-08-08,wk inc covid hosp,2,2026-08-22,50,quantile,0.75,0.0
2026-08-08,wk inc covid hosp,2,2026-08-22,50,quantile,0.8,0.0
2026-08-08,wk inc covid hosp,2,2026-08-22,50,quantile,0.85,0.0
2026-08-08,wk inc covid hosp,2,2026-08-22,50,quantile,0.9,0.0
2026-08-08,wk inc covid hosp,2,2026-08-22,50,quantile,0.95,0.0
2026-08-08,wk inc covid hosp,2,2026-08-22,50,quantile,0.975,0.0
2026-08-08,wk inc covid hosp,2,2026-08-22,50,quantile,0.99,0.0
2026-08-08,wk inc covid hosp,2,2026-08-22,51,quantile,0.01,0.0
2026-08-08,wk inc covid hosp,2,2026-08-22,51,quantile,0.025,1.0
2026-08-08,wk inc covid hosp,2,2026-08-22,51,quantile,0.05,2.0
2026-08-08,wk inc covid hosp,2,2026-08-22,51,quantile,0.1,4.0
2026-08-08,wk inc covid hosp,2,2026-08-22,51,quantile,0.15,5.0
2026-08-08,wk inc covid hosp,2,2026-08-22,51,quantile,0.2,6.0
2026-08-08,wk inc covid hosp,2,2026-08-22,51,quantile,0.25,7.0
2026-08-08,wk inc covid hosp,2,2026-08-22,51,quantile,0.3,9.0
2026-08-08,wk inc covid hosp,2,2026-08-22,51,quantile,0.35,11.0
2026-08-08,wk inc covid hosp,2,2026-08-22,51,quantile,0.4,12.0
2026-08-08,wk inc covid hosp,2,2026-08-22,51,quantile,0.45,14.0
2026-08-08,wk inc covid hosp,2,2026-08-22,51,quantile,0.5,15.0
2026-08-08,wk inc covid hosp,2,2026-08-22,51,quantile,0.55,18.0
2026-08-08,wk inc covid hosp,2,2026-08-22,51,quantile,0.6,20.0
2026-08-08,wk inc covid hosp,2,2026-08-22,51,quantile,0.65,21.0
2026-08-08,wk inc covid hosp,2,2026-08-22,51,quantile,0.7,23.0
2026-08-08,wk inc covid hosp,2,2026-08-22,51,quantile,0.75,26.0
2026-08-08,wk inc covid hosp,2,2026-08-22,51,quantile,0.8,29.0
2026-08-08,wk inc covid hosp,2,2026-08-22,51,quantile,0.85,34.0
2026-08-08,wk inc covid hosp,2,2026-08-22,51,quantile,0.9,39.0
2026-08-08,wk inc covid hosp,2,2026-08-22,51,quantile,0.95,46.0
2026-08-08,wk inc covid hosp,2,2026-08-22,51,quantile,0.975,52.0
2026-08-08,wk inc covid hosp,2,2026-08-22,51,quantile,0.99,57.0
2026-08-08,wk inc covid hosp,2,2026-08-22,53,quantile,0.01,0.0
2026-08-08,wk inc covid hosp,2,2026-08-22,53,quantile,0.025,0.0
2026-08-08,wk inc covid hosp,2,2026-08-22,53,quantile,0.05,1.0
2026-08-08,wk inc covid hosp,2,2026-08-22,53,quantile,0.1,3.0
2026-08-08,wk inc covid hosp,2,2026-08-22,53,quantile,0.15,4.0
2026-08-08,wk inc covid hosp,2,2026-08-22,53,quantile,0.2,6.0
2026-08-08,wk inc covid hosp,2,2026-08-22,53,quantile,0.25,7.0
2026-08-08,wk inc covid hosp,2,2026-08-22,53,quantile,0.3,8.0
2026-08-08,wk inc covid hosp,2,2026-08-22,53,quantile,0.35,9.0
2026-08-08,wk inc covid hosp,2,2026-08-22,53,quantile,0.4,10.0
2026-08-08,wk inc covid hosp,2,2026-08-22,53,quantile,0.45,12.0
2026-08-08,wk inc covid hosp,2,2026-08-22,53,quantile,0.5,13.0
2026-08-08,wk inc covid hosp,2,2026-08-22,53,quantile,0.55,15.0
2026-08-08,wk inc covid hosp,2,2026-08-22,53,quantile,0.6,16.0
2026-08-08,wk inc covid hosp,2,2026-08-22,53,quantile,0.65,18.0
2026-08-08,wk inc covid hosp,2,2026-08-22,53,quantile,0.7,20.0
2026-08-08,wk inc covid hosp,2,2026-08-22,53,quantile,0.75,22.0
2026-08-08,wk inc covid hosp,2,2026-08-22,53,quantile,0.8,25.0
2026-08-08,wk inc covid hosp,2,2026-08-22,53,quantile,0.85,28.0
2026-08-08,wk inc covid hosp,2,2026-08-22,53,quantile,0.9,32.0
2026-08-08,wk inc covid hosp,2,2026-08-22,53,quantile,0.95,39.0
2026-08-08,wk inc covid hosp,2,2026-08-22,53,quantile,0.975,46.0
2026-08-08,wk inc covid hosp,2,2026-08-22,53,quantile,0.99,53.0
2026-08-08,wk inc covid hosp,2,2026-08-22,54,quantile,0.01,0.0
2026-08-08,wk inc covid hosp,2,2026-08-22,54,quantile,0.025,0.0
2026-08-08,wk inc covid hosp,2,2026-08-22,54,quantile,0.05,0.0
2026-08-08,wk inc covid hosp,2,2026-08-22,54,quantile,0.1,0.0
2026-08-08,wk inc covid hosp,2,2026-08-22,54,quantile,0.15,0.0
2026-08-08,wk inc covid hosp,2,2026-08-22,54,quantile,0.2,0.0
2026-08-08,wk inc covid hosp,2,2026-08-22,54,quantile,0.25,0.0
2026-08-08,wk inc covid hosp,2,2026-08-22,54,quantile,0.3,0.0
2026-08-08,wk inc covid hosp,2,2026-08-22,54,quantile,0.35,0.0
2026-08-08,wk inc covid hosp,2,2026-08-22,54,quantile,0.4,0.0
2026-08-08,wk inc covid hosp,2,2026-08-22,54,quantile,0.45,0.0
2026-08-08,wk inc covid hosp,2,2026-08-22,54,quantile,0.5,0.0
2026-08-08,wk inc covid hosp,2,2026-08-22,54,quantile,0.55,0.0
2026-08-08,wk inc covid hosp,2,2026-08-22,54,quantile,0.6,0.0
2026-08-08,wk inc covid hosp,2,2026-08-22,54,quantile,0.65,0.0
2026-08-08,wk inc covid hosp,2,2026-08-22,54,quantile,0.7,0.0
2026-08-08,wk inc covid hosp,2,2026-08-22,54,quantile,0.75,0.0
2026-08-08,wk inc covid hosp,2,2026-08-22,54,quantile,0.8,0.0
2026-08-08,wk inc covid hosp,2,2026-08-22,54,quantile,0.85,0.0
2026-08-08,wk inc covid hosp,2,2026-08-22,54,quantile,0.9,1.0
2026-08-08,wk inc covid hosp,2,2026-08-22,54,quantile,0.95,3.0
2026-08-08,wk inc covid hosp,2,2026-08-22,54,quantile,0.975,4.0
2026-08-08,wk inc covid hosp,2,2026-08-22,54,quantile,0.99,5.0
2026-08-08,wk inc covid hosp,2,2026-08-22,55,quantile,0.01,0.0
2026-08-08,wk inc covid hosp,2,2026-08-22,55,quantile,0.025,3.0
2026-08-08,wk inc covid hosp,2,2026-08-22,55,quantile,0.05,6.0
2026-08-08,wk inc covid hosp,2,2026-08-22,55,quantile,0.1,11.0
2026-08-08,wk inc covid hosp,2,2026-08-22,55,quantile,0.15,14.0
2026-08-08,wk inc covid hosp,2,2026-08-22,55,quantile,0.2,17.0
2026-08-08,wk inc covid hosp,2,2026-08-22,55,quantile,0.25,20.0
2026-08-08,wk inc covid hosp,2,2026-08-22,55,quantile,0.3,22.0
2026-08-08,wk inc covid hosp,2,2026-08-22,55,quantile,0.35,26.0
2026-08-08,wk inc covid hosp,2,2026-08-22,55,quantile,0.4,29.0
2026-08-08,wk inc covid hosp,2,2026-08-22,55,quantile,0.45,33.0
2026-08-08,wk inc covid hosp,2,2026-08-22,55,quantile,0.5,36.0
2026-08-08,wk inc covid hosp,2,2026-08-22,55,quantile,0.55,39.0
2026-08-08,wk inc covid hosp,2,2026-08-22,55,quantile,0.6,43.0
2026-08-08,wk inc covid hosp,2,2026-08-22,55,quantile,0.65,47.0
2026-08-08,wk inc covid hosp,2,2026-08-22,55,quantile,0.7,51.0
2026-08-08,wk inc covid hosp,2,2026-08-22,55,quantile,0.75,55.0
2026-08-08,wk inc covid hosp,2,2026-08-22,55,quantile,0.8,60.0
2026-08-08,wk inc covid hosp,2,2026-08-22,55,quantile,0.85,70.0
2026-08-08,wk inc covid hosp,2,2026-08-22,55,quantile,0.9,83.0
2026-08-08,wk inc covid hosp,2,2026-08-22,55,quantile,0.95,99.0
2026-08-08,wk inc covid hosp,2,2026-08-22,55,quantile,0.975,115.0
2026-08-08,wk inc covid hosp,2,2026-08-22,55,quantile,0.99,138.0
2026-08-08,wk inc covid hosp,2,2026-08-22,56,quantile,0.01,0.0
2026-08-08,wk inc covid hosp,2,2026-08-22,56,quantile,0.025,0.0
2026-08-08,wk inc covid hosp,2,2026-08-22,56,quantile,0.05,0.0
2026-08-08,wk inc covid hosp,2,2026-08-22,56,quantile,0.1,0.0
2026-08-08,wk inc covid hosp,2,2026-08-22,56,quantile,0.15,0.0
2026-08-08,wk inc covid hosp,2,2026-08-22,56,quantile,0.2,0.0
2026-08-08,wk inc covid hosp,2,2026-08-22,56,quantile,0.25,0.0
2026-08-08,wk inc covid hosp,2,2026-08-22,56,quantile,0.3,0.0
2026-08-08,wk inc covid hosp,2,2026-08-22,56,quantile,0.35,0.0
2026-08-08,wk inc covid hosp,2,2026-08-22,56,quantile,0.4,0.0
2026-08-08,wk inc covid hosp,2,2026-08-22,56,quantile,0.45,0.0
2026-08-08,wk inc covid hosp,2,2026-08-22,56,quantile,0.5,0.0
2026-08-08,wk inc covid hosp,2,2026-08-22,56,quantile,0.55,0.0
2026-08-08,wk inc covid hosp,2,2026-08-22,56,quantile,0.6,0.0
2026-08-08,wk inc covid hosp,2,2026-08-22,56,quantile,0.65,0.0
2026-08-08,wk inc covid hosp,2,2026-08-22,56,quantile,0.7,0.0
2026-08-08,wk inc covid hosp,2,2026-08-22,56,quantile,0.75,0.0
2026-08-08,wk inc covid hosp,2,2026-08-22,56,quantile,0.8,0.0
2026-08-08,wk inc covid hosp,2,2026-08-22,56,quantile,0.85,0.0
2026-08-08,wk inc covid hosp,2,2026-08-22,56,quantile,0.9,0.0
2026-08-08,wk inc covid hosp,2,2026-08-22,56,quantile,0.95,0.0
2026-08-08,wk inc covid hosp,2,2026-08-22,56,quantile,0.975,0.0
2026-08-08,wk inc covid hosp,2,2026-08-22,56,quantile,0.99,1.0
2026-08-08,wk inc covid hosp,2,2026-08-22,72,quantile,0.01,2.0
2026-08-08,wk inc covid hosp,2,2026-08-22,72,quantile,0.025,4.0
2026-08-08,wk inc covid hosp,2,2026-08-22,72,quantile,0.05,5.0
2026-08-08,wk inc covid hosp,2,2026-08-22,72,quantile,0.1,8.0
2026-08-08,wk inc covid hosp,2,2026-08-22,72,quantile,0.15,11.0
2026-08-08,wk inc covid hosp,2,2026-08-22,72,quantile,0.2,14.0
2026-08-08,wk inc covid hosp,2,2026-08-22,72,quantile,0.25,16.0
2026-08-08,wk inc covid hosp,2,2026-08-22,72,quantile,0.3,18.0
2026-08-08,wk inc covid hosp,2,2026-08-22,72,quantile,0.35,19.0
2026-08-08,wk inc covid hosp,2,2026-08-22,72,quantile,0.4,21.0
2026-08-08,wk inc covid hosp,2,2026-08-22,72,quantile,0.45,22.0
2026-08-08,wk inc covid hosp,2,2026-08-22,72,quantile,0.5,23.0
2026-08-08,wk inc covid hosp,2,2026-08-22,72,quantile,0.55,25.0
2026-08-08,wk inc covid hosp,2,2026-08-22,72,quantile,0.6,27.0
2026-08-08,wk inc covid hosp,2,2026-08-22,72,quantile,0.65,31.0
2026-08-08,wk inc covid hosp,2,2026-08-22,72,quantile,0.7,32.0
2026-08-08,wk inc covid hosp,2,2026-08-22,72,quantile,0.75,35.0
2026-08-08,wk inc covid hosp,2,2026-08-22,72,quantile,0.8,38.0
2026-08-08,wk inc covid hosp,2,2026-08-22,72,quantile,0.85,42.0
2026-08-08,wk inc covid hosp,2,2026-08-22,72,quantile,0.9,47.0
2026-08-08,wk inc covid hosp,2,2026-08-22,72,quantile,0.95,55.0
2026-08-08,wk inc covid hosp,2,2026-08-22,72,quantile,0.975,63.0
2026-08-08,wk inc covid hosp,2,2026-08-22,72,quantile,0.99,75.0
2026-08-08,wk inc covid hosp,3,2026-08-29,01,quantile,0.01,7.0
2026-08-08,wk inc covid hosp,3,2026-08-29,01,quantile,0.025,11.0
2026-08-08,wk inc covid hosp,3,2026-08-29,01,quantile,0.05,17.0
2026-08-08,wk inc covid hosp,3,2026-08-29,01,quantile,0.1,25.0
2026-08-08,wk inc covid hosp,3,2026-08-29,01,quantile,0.15,29.0
2026-08-08,wk inc covid hosp,3,2026-08-29,01,quantile,0.2,33.0
2026-08-08,wk inc covid hosp,3,2026-08-29,01,quantile,0.25,38.0
2026-08-08,wk inc covid hosp,3,2026-08-29,01,quantile,0.3,43.0
2026-08-08,wk inc covid hosp,3,2026-08-29,01,quantile,0.35,47.0
2026-08-08,wk inc covid hosp,3,2026-08-29,01,quantile,0.4,52.0
2026-08-08,wk inc covid hosp,3,2026-08-29,01,quantile,0.45,56.0
2026-08-08,wk inc covid hosp,3,2026-08-29,01,quantile,0.5,60.0
2026-08-08,wk inc covid hosp,3,2026-08-29,01,quantile,0.55,64.0
2026-08-08,wk inc covid hosp,3,2026-08-29,01,quantile,0.6,69.0
2026-08-08,wk inc covid hosp,3,2026-08-29,01,quantile,0.65,75.0
2026-08-08,wk inc covid hosp,3,2026-08-29,01,quantile,0.7,82.0
2026-08-08,wk inc covid hosp,3,2026-08-29,01,quantile,0.75,89.0
2026-08-08,wk inc covid hosp,3,2026-08-29,01,quantile,0.8,98.0
2026-08-08,wk inc covid hosp,3,2026-08-29,01,quantile,0.85,111.0
2026-08-08,wk inc covid hosp,3,2026-08-29,01,quantile,0.9,131.0
2026-08-08,wk inc covid hosp,3,2026-08-29,01,quantile,0.95,165.0
2026-08-08,wk inc covid hosp,3,2026-08-29,01,quantile,0.975,212.0
2026-08-08,wk inc covid hosp,3,2026-08-29,01,quantile,0.99,236.0
2026-08-08,wk inc covid hosp,3,2026-08-29,02,quantile,0.01,0.0
2026-08-08,wk inc covid hosp,3,2026-08-29,02,quantile,0.025,0.0
2026-08-08,wk inc covid hosp,3,2026-08-29,02,quantile,0.05,0.0
2026-08-08,wk inc covid hosp,3,2026-08-29,02,quantile,0.1,0.0
2026-08-08,wk inc covid hosp,3,2026-08-29,02,quantile,0.15,0.0
2026-08-08,wk inc covid hosp,3,2026-08-29,02,quantile,0.2,0.0
2026-08-08,wk inc covid hosp,3,2026-08-29,02,quantile,0.25,0.0
2026-08-08,wk inc covid hosp,3,2026-08-29,02,quantile,0.3,0.0
2026-08-08,wk inc covid hosp,3,2026-08-29,02,quantile,0.35,0.0
2026-08-08,wk inc covid hosp,3,2026-08-29,02,quantile,0.4,0.0
2026-08-08,wk inc covid hosp,3,2026-08-29,02,quantile,0.45,0.0
2026-08-08,wk inc covid hosp,3,2026-08-29,02,quantile,0.5,0.0
2026-08-08,wk inc covid hosp,3,2026-08-29,02,quantile,0.55,1.0
2026-08-08,wk inc covid hosp,3,2026-08-29,02,quantile,0.6,2.0
2026-08-08,wk inc covid hosp,3,2026-08-29,02,quantile,0.65,4.0
2026-08-08,wk inc covid hosp,3,2026-08-29,02,quantile,0.7,6.0
2026-08-08,wk inc covid hosp,3,2026-08-29,02,quantile,0.75,7.0
2026-08-08,wk inc covid hosp,3,2026-08-29,02,quantile,0.8,9.0
2026-08-08,wk inc covid hosp,3,2026-08-29,02,quantile,0.85,13.0
2026-08-08,wk inc covid hosp,3,2026-08-29,02,quantile,0.9,18.0
2026-08-08,wk inc covid hosp,3,2026-08-29,02,quantile,0.95,29.0
2026-08-08,wk inc covid hosp,3,2026-08-29,02,quantile,0.975,33.0
2026-08-08,wk inc covid hosp,3,2026-08-29,02,quantile,0.99,51.0
2026-08-08,wk inc covid hosp,3,2026-08-29,04,quantile,0.01,0.0
2026-08-08,wk inc covid hosp,3,2026-08-29,04,quantile,0.025,2.0
2026-08-08,wk inc covid hosp,3,2026-08-29,04,quantile,0.05,4.0
2026-08-08,wk inc covid hosp,3,2026-08-29,04,quantile,0.1,7.0
2026-08-08,wk inc covid hosp,3,2026-08-29,04,quantile,0.15,11.0
2026-08-08,wk inc covid hosp,3,2026-08-29,04,quantile,0.2,14.0
2026-08-08,wk inc covid hosp,3,2026-08-29,04,quantile,0.25,18.0
2026-08-08,wk inc covid hosp,3,2026-08-29,04,quantile,0.3,21.0
2026-08-08,wk inc covid hosp,3,2026-08-29,04,quantile,0.35,23.0
2026-08-08,wk inc covid hosp,3,2026-08-29,04,quantile,0.4,26.0
2026-08-08,wk inc covid hosp,3,2026-08-29,04,quantile,0.45,30.0
2026-08-08,wk inc covid hosp,3,2026-08-29,04,quantile,0.5,33.0
2026-08-08,wk inc covid hosp,3,2026-08-29,04,quantile,0.55,37.0
2026-08-08,wk inc covid hosp,3,2026-08-29,04,quantile,0.6,42.0
2026-08-08,wk inc covid hosp,3,2026-08-29,04,quantile,0.65,47.0
2026-08-08,wk inc covid hosp,3,2026-08-29,04,quantile,0.7,52.0
2026-08-08,wk inc covid hosp,3,2026-08-29,04,quantile,0.75,57.0
2026-08-08,wk inc covid hosp,3,2026-08-29,04,quantile,0.8,63.0
2026-08-08,wk inc covid hosp,3,2026-08-29,04,quantile,0.85,71.0
2026-08-08,wk inc covid hosp,3,2026-08-29,04,quantile,0.9,79.0
2026-08-08,wk inc covid hosp,3,2026-08-29,04,quantile,0.95,96.0
2026-08-08,wk inc covid hosp,3,2026-08-29,04,quantile,0.975,111.0
2026-08-08,wk inc covid hosp,3,2026-08-29,04,quantile,0.99,142.0
2026-08-08,wk inc covid hosp,3,2026-08-29,05,quantile,0.01,0.0
2026-08-08,wk inc covid hosp,3,2026-08-29,05,quantile,0.025,0.0
2026-08-08,wk inc covid hosp,3,2026-08-29,05,quantile,0.05,0.0
2026-08-08,wk inc covid hosp,3,2026-08-29,05,quantile,0.1,0.0
2026-08-08,wk inc covid hosp,3,2026-08-29,05,quantile,0.15,0.0
2026-08-08,wk inc covid hosp,3,2026-08-29,05,quantile,0.2,0.0
2026-08-08,wk inc covid hosp,3,2026-08-29,05,quantile,0.25,0.0
2026-08-08,wk inc covid hosp,3,2026-08-29,05,quantile,0.3,0.0
2026-08-08,wk inc covid hosp,3,2026-08-29,05,quantile,0.35,0.0
2026-08-08,wk inc covid hosp,3,2026-08-29,05,quantile,0.4,0.0
2026-08-08,wk inc covid hosp,3,2026-08-29,05,quantile,0.45,0.0
2026-08-08,wk inc covid hosp,3,2026-08-29,05,quantile,0.5,0.0
2026-08-08,wk inc covid hosp,3,2026-08-29,05,quantile,0.55,1.0
2026-08-08,wk inc covid hosp,3,2026-08-29,05,quantile,0.6,2.0
2026-08-08,wk inc covid hosp,3,2026-08-29,05,quantile,0.65,3.0
2026-08-08,wk inc covid hosp,3,2026-08-29,05,quantile,0.7,4.0
2026-08-08,wk inc covid hosp,3,2026-08-29,05,quantile,0.75,5.0
2026-08-08,wk inc covid hosp,3,2026-08-29,05,quantile,0.8,7.0
2026-08-08,wk inc covid hosp,3,2026-08-29,05,quantile,0.85,9.0
2026-08-08,wk inc covid hosp,3,2026-08-29,05,quantile,0.9,11.0
2026-08-08,wk inc covid hosp,3,2026-08-29,05,quantile,0.95,16.0
2026-08-08,wk inc covid hosp,3,2026-08-29,05,quantile,0.975,20.0
2026-08-08,wk inc covid hosp,3,2026-08-29,05,quantile,0.99,32.0
2026-08-08,wk inc covid hosp,3,2026-08-29,06,quantile,0.01,124.0
2026-08-08,wk inc covid hosp,3,2026-08-29,06,quantile,0.025,153.0
2026-08-08,wk inc covid hosp,3,2026-08-29,06,quantile,0.05,178.0
2026-08-08,wk inc covid hosp,3,2026-08-29,06,quantile,0.1,224.0
2026-08-08,wk inc covid hosp,3,2026-08-29,06,quantile,0.15,259.0
2026-08-08,wk inc covid hosp,3,2026-08-29,06,quantile,0.2,288.0
2026-08-08,wk inc covid hosp,3,2026-08-29,06,quantile,0.25,308.0
2026-08-08,wk inc covid hosp,3,2026-08-29,06,quantile,0.3,331.0
2026-08-08,wk inc covid hosp,3,2026-08-29,06,quantile,0.35,348.0
2026-08-08,wk inc covid hosp,3,2026-08-29,06,quantile,0.4,367.0
2026-08-08,wk inc covid hosp,3,2026-08-29,06,quantile,0.45,389.0
2026-08-08,wk inc covid hosp,3,2026-08-29,06,quantile,0.5,420.0
2026-08-08,wk inc covid hosp,3,2026-08-29,06,quantile,0.55,443.0
2026-08-08,wk inc covid hosp,3,2026-08-29,06,quantile,0.6,469.0
2026-08-08,wk inc covid hosp,3,2026-08-29,06,quantile,0.65,500.0
2026-08-08,wk inc covid hosp,3,2026-08-29,06,quantile,0.7,534.0
2026-08-08,wk inc covid hosp,3,2026-08-29,06,quantile,0.75,579.0
2026-08-08,wk inc covid hosp,3,2026-08-29,06,quantile,0.8,620.0
2026-08-08,wk inc covid hosp,3,2026-08-29,06,quantile,0.85,672.0
2026-08-08,wk inc covid hosp,3,2026-08-29,06,quantile,0.9,769.0
2026-08-08,wk inc covid hosp,3,2026-08-29,06,quantile,0.95,911.0
2026-08-08,wk inc covid hosp,3,2026-08-29,06,quantile,0.975,1031.0
2026-08-08,wk inc covid hosp,3,2026-08-29,06,quantile,0.99,1194.0
2026-08-08,wk inc covid hosp,3,2026-08-29,08,quantile,0.01,0.0
2026-08-08,wk inc covid hosp,3,2026-08-29,08,quantile,0.025,0.0
2026-08-08,wk inc covid hosp,3,2026-08-29,08,quantile,0.05,0.0
2026-08-08,wk inc covid hosp,3,2026-08-29,08,quantile,0.1,0.0
2026-08-08,wk inc covid hosp,3,2026-08-29,08,quantile,0.15,0.0
2026-08-08,wk inc covid hosp,3,2026-08-29,08,quantile,0.2,0.0
2026-08-08,wk inc covid hosp,3,2026-08-29,08,quantile,0.25,1.0
2026-08-08,wk inc covid hosp,3,2026-08-29,08,quantile,0.3,3.0
2026-08-08,wk inc covid hosp,3,2026-08-29,08,quantile,0.35,4.0
2026-08-08,wk inc covid hosp,3,2026-08-29,08,quantile,0.4,5.0
2026-08-08,wk inc covid hosp,3,2026-08-29,08,quantile,0.45,6.0
2026-08-08,wk inc covid hosp,3,2026-08-29,08,quantile,0.5,8.0
2026-08-08,wk inc covid hosp,3,2026-08-29,08,quantile,0.55,9.0
2026-08-08,wk inc covid hosp,3,2026-08-29,08,quantile,0.6,11.0
2026-08-08,wk inc covid hosp,3,2026-08-29,08,quantile,0.65,13.0
2026-08-08,wk inc covid hosp,3,2026-08-29,08,quantile,0.7,15.0
2026-08-08,wk inc covid hosp,3,2026-08-29,08,quantile,0.75,17.0
2026-08-08,wk inc covid hosp,3,2026-08-29,08,quantile,0.8,20.0
2026-08-08,wk inc covid hosp,3,2026-08-29,08,quantile,0.85,23.0
2026-08-08,wk inc covid hosp,3,2026-08-29,08,quantile,0.9,28.0
2026-08-08,wk inc covid hosp,3,2026-08-29,08,quantile,0.95,34.0
2026-08-08,wk inc covid hosp,3,2026-08-29,08,quantile,0.975,41.0
2026-08-08,wk inc covid hosp,3,2026-08-29,08,quantile,0.99,51.0
2026-08-08,wk inc covid hosp,3,2026-08-29,09,quantile,0.01,0.0
2026-08-08,wk inc covid hosp,3,2026-08-29,09,quantile,0.025,0.0
2026-08-08,wk inc covid hosp,3,2026-08-29,09,quantile,0.05,0.0
2026-08-08,wk inc covid hosp,3,2026-08-29,09,quantile,0.1,0.0
2026-08-08,wk inc covid hosp,3,2026-08-29,09,quantile,0.15,0.0
2026-08-08,wk inc covid hosp,3,2026-08-29,09,quantile,0.2,0.0
2026-08-08,wk inc covid hosp,3,2026-08-29,09,quantile,0.25,1.0
2026-08-08,wk inc covid hosp,3,2026-08-29,09,quantile,0.3,3.0
2026-08-08,wk inc covid hosp,3,2026-08-29,09,quantile,0.35,4.0
2026-08-08,wk inc covid hosp,3,2026-08-29,09,quantile,0.4,5.0
2026-08-08,wk inc covid hosp,3,2026-08-29,09,quantile,0.45,6.0
2026-08-08,wk inc covid hosp,3,2026-08-29,09,quantile,0.5,7.0
2026-08-08,wk inc covid hosp,3,2026-08-29,09,quantile,0.55,8.0
2026-08-08,wk inc covid hosp,3,2026-08-29,09,quantile,0.6,10.0
2026-08-08,wk inc covid hosp,3,2026-08-29,09,quantile,0.65,12.0
2026-08-08,wk inc covid hosp,3,2026-08-29,09,quantile,0.7,14.0
2026-08-08,wk inc covid hosp,3,2026-08-29,09,quantile,0.75,16.0
2026-08-08,wk inc covid hosp,3,2026-08-29,09,quantile,0.8,21.0
2026-08-08,wk inc covid hosp,3,2026-08-29,09,quantile,0.85,25.0
2026-08-08,wk inc covid hosp,3,2026-08-29,09,quantile,0.9,30.0
2026-08-08,wk inc covid hosp,3,2026-08-29,09,quantile,0.95,39.0
2026-08-08,wk inc covid hosp,3,2026-08-29,09,quantile,0.975,49.0
2026-08-08,wk inc covid hosp,3,2026-08-29,09,quantile,0.99,60.0
2026-08-08,wk inc covid hosp,3,2026-08-29,10,quantile,0.01,0.0
2026-08-08,wk inc covid hosp,3,2026-08-29,10,quantile,0.025,0.0
2026-08-08,wk inc covid hosp,3,2026-08-29,10,quantile,0.05,0.0
2026-08-08,wk inc covid hosp,3,2026-08-29,10,quantile,0.1,0.0
2026-08-08,wk inc covid hosp,3,2026-08-29,10,quantile,0.15,0.0
2026-08-08,wk inc covid hosp,3,2026-08-29,10,quantile,0.2,0.0
2026-08-08,wk inc covid hosp,3,2026-08-29,10,quantile,0.25,0.0
2026-08-08,wk inc covid hosp,3,2026-08-29,10,quantile,0.3,0.0
2026-08-08,wk inc covid hosp,3,2026-08-29,10,quantile,0.35,0.0
2026-08-08,wk inc covid hosp,3,2026-08-29,10,quantile,0.4,0.0
2026-08-08,wk inc covid hosp,3,2026-08-29,10,quantile,0.45,0.0
2026-08-08,wk inc covid hosp,3,2026-08-29,10,quantile,0.5,0.0
2026-08-08,wk inc covid hosp,3,2026-08-29,10,quantile,0.55,0.0
2026-08-08,wk inc covid hosp,3,2026-08-29,10,quantile,0.6,0.0
2026-08-08,wk inc covid hosp,3,2026-08-29,10,quantile,0.65,0.0
2026-08-08,wk inc covid hosp,3,2026-08-29,10,quantile,0.7,1.0
2026-08-08,wk inc covid hosp,3,2026-08-29,10,quantile,0.75,3.0
2026-08-08,wk inc covid hosp,3,2026-08-29,10,quantile,0.8,4.0
2026-08-08,wk inc covid hosp,3,2026-08-29,10,quantile,0.85,6.0
2026-08-08,wk inc covid hosp,3,2026-08-29,10,quantile,0.9,9.0
2026-08-08,wk inc covid hosp,3,2026-08-29,10,quantile,0.95,14.0
2026-08-08,wk inc covid hosp,3,2026-08-29,10,quantile,0.975,21.0
2026-08-08,wk inc covid hosp,3,2026-08-29,10,quantile,0.99,29.0
2026-08-08,wk inc covid hosp,3,2026-08-29,11,quantile,0.01,0.0
2026-08-08,wk inc covid hosp,3,2026-08-29,11,quantile,0.025,0.0
2026-08-08,wk inc covid hosp,3,2026-08-29,11,quantile,0.05,0.0
2026-08-08,wk inc covid hosp,3,2026-08-29,11,quantile,0.1,0.0
2026-08-08,wk inc covid hosp,3,2026-08-29,11,quantile,0.15,0.0
2026-08-08,wk inc covid hosp,3,2026-08-29,11,quantile,0.2,0.0
2026-08-08,wk inc covid hosp,3,2026-08-29,11,quantile,0.25,0.0
2026-08-08,wk inc covid hosp,3,2026-08-29,11,quantile,0.3,0.0
2026-08-08,wk inc covid hosp,3,2026-08-29,11,quantile,0.35,0.0
2026-08-08,wk inc covid hosp,3,2026-08-29,11,quantile,0.4,0.0
2026-08-08,wk inc covid hosp,3,2026-08-29,11,quantile,0.45,0.0
2026-08-08,wk inc covid hosp,3,2026-08-29,11,quantile,0.5,0.0
2026-08-08,wk inc covid hosp,3,2026-08-29,11,quantile,0.55,0.0
2026-08-08,wk inc covid hosp,3,2026-08-29,11,quantile,0.6,0.0
2026-08-08,wk inc covid hosp,3,2026-08-29,11,quantile,0.65,0.0
2026-08-08,wk inc covid hosp,3,2026-08-29,11,quantile,0.7,0.0
2026-08-08,wk inc covid hosp,3,2026-08-29,11,quantile,0.75,0.0
2026-08-08,wk inc covid hosp,3,2026-08-29,11,quantile,0.8,0.0
2026-08-08,wk inc covid hosp,3,2026-08-29,11,quantile,0.85,0.0
2026-08-08,wk inc covid hosp,3,2026-08-29,11,quantile,0.9,0.0
2026-08-08,wk inc covid hosp,3,2026-08-29,11,quantile,0.95,1.0
2026-08-08,wk inc covid hosp,3,2026-08-29,11,quantile,0.975,3.0
2026-08-08,wk inc covid hosp,3,2026-08-29,11,quantile,0.99,5.0
2026-08-08,wk inc covid hosp,3,2026-08-29,12,quantile,0.01,95.0
2026-08-08,wk inc covid hosp,3,2026-08-29,12,quantile,0.025,110.0
2026-08-08,wk inc covid hosp,3,2026-08-29,12,quantile,0.05,131.0
2026-08-08,wk inc covid hosp,3,2026-08-29,12,quantile,0.1,165.0
2026-08-08,wk inc covid hosp,3,2026-08-29,12,quantile,0.15,184.0
2026-08-08,wk inc covid hosp,3,2026-08-29,12,quantile,0.2,203.0
2026-08-08,wk inc covid hosp,3,2026-08-29,12,quantile,0.25,222.0
2026-08-08,wk inc covid hosp,3,2026-08-29,12,quantile,0.3,237.0
2026-08-08,wk inc covid hosp,3,2026-08-29,12,quantile,0.35,253.0
2026-08-08,wk inc covid hosp,3,2026-08-29,12,quantile,0.4,267.0
2026-08-08,wk inc covid hosp,3,2026-08-29,12,quantile,0.45,285.0
2026-08-08,wk inc covid hosp,3,2026-08-29,12,quantile,0.5,302.0
2026-08-08,wk inc covid hosp,3,2026-08-29,12,quantile,0.55,318.0
2026-08-08,wk inc covid hosp,3,2026-08-29,12,quantile,0.6,337.0
2026-08-08,wk inc covid hosp,3,2026-08-29,12,quantile,0.65,356.0
2026-08-08,wk inc covid hosp,3,2026-08-29,12,quantile,0.7,376.0
2026-08-08,wk inc covid hosp,3,2026-08-29,12,quantile,0.75,396.0
2026-08-08,wk inc covid hosp,3,2026-08-29,12,quantile,0.8,422.0
2026-08-08,wk inc covid hosp,3,2026-08-29,12,quantile,0.85,472.0
2026-08-08,wk inc covid hosp,3,2026-08-29,12,quantile,0.9,535.0
2026-08-08,wk inc covid hosp,3,2026-08-29,12,quantile,0.95,614.0
2026-08-08,wk inc covid hosp,3,2026-08-29,12,quantile,0.975,699.0
2026-08-08,wk inc covid hosp,3,2026-08-29,12,quantile,0.99,816.0
2026-08-08,wk inc covid hosp,3,2026-08-29,13,quantile,0.01,15.0
2026-08-08,wk inc covid hosp,3,2026-08-29,13,quantile,0.025,22.0
2026-08-08,wk inc covid hosp,3,2026-08-29,13,quantile,0.05,27.0
2026-08-08,wk inc covid hosp,3,2026-08-29,13,quantile,0.1,38.0
2026-08-08,wk inc covid hosp,3,2026-08-29,13,quantile,0.15,44.0
2026-08-08,wk inc covid hosp,3,2026-08-29,13,quantile,0.2,49.0
2026-08-08,wk inc covid hosp,3,2026-08-29,13,quantile,0.25,56.0
2026-08-08,wk inc covid hosp,3,2026-08-29,13,quantile,0.3,62.0
2026-08-08,wk inc covid hosp,3,2026-08-29,13,quantile,0.35,67.0
2026-08-08,wk inc covid hosp,3,2026-08-29,13,quantile,0.4,71.0
2026-08-08,wk inc covid hosp,3,2026-08-29,13,quantile,0.45,76.0
2026-08-08,wk inc covid hosp,3,2026-08-29,13,quantile,0.5,85.0
2026-08-08,wk inc covid hosp,3,2026-08-29,13,quantile,0.55,91.0
2026-08-08,wk inc covid hosp,3,2026-08-29,13,quantile,0.6,95.0
2026-08-08,wk inc covid hosp,3,2026-08-29,13,quantile,0.65,102.0
2026-08-08,wk inc covid hosp,3,2026-08-29,13,quantile,0.7,110.0
2026-08-08,wk inc covid hosp,3,2026-08-29,13,quantile,0.75,121.0
2026-08-08,wk inc covid hosp,3,2026-08-29,13,quantile,0.8,133.0
2026-08-08,wk inc covid hosp,3,2026-08-29,13,quantile,0.85,152.0
2026-08-08,wk inc covid hosp,3,2026-08-29,13,quantile,0.9,175.0
2026-08-08,wk inc covid hosp,3,2026-08-29,13,quantile,0.95,213.0
2026-08-08,wk inc covid hosp,3,2026-08-29,13,quantile,0.975,245.0
2026-08-08,wk inc covid hosp,3,2026-08-29,13,quantile,0.99,294.0
2026-08-08,wk inc covid hosp,3,2026-08-29,15,quantile,0.01,0.0
2026-08-08,wk inc covid hosp,3,2026-08-29,15,quantile,0.025,0.0
2026-08-08,wk inc covid hosp,3,2026-08-29,15,quantile,0.05,0.0
2026-08-08,wk inc covid hosp,3,2026-08-29,15,quantile,0.1,0.0
2026-08-08,wk inc covid hosp,3,2026-08-29,15,quantile,0.15,1.0
2026-08-08,wk inc covid hosp,3,2026-08-29,15,quantile,0.2,3.0
2026-08-08,wk inc covid hosp,3,2026-08-29,15,quantile,0.25,4.0
2026-08-08,wk inc covid hosp,3,2026-08-29,15,quantile,0.3,6.0
2026-08-08,wk inc covid hosp,3,2026-08-29,15,quantile,0.35,7.0
2026-08-08,wk inc covid hosp,3,2026-08-29,15,quantile,0.4,8.0
2026-08-08,wk inc covid hosp,3,2026-08-29,15,quantile,0.45,10.0
2026-08-08,wk inc covid hosp,3,2026-08-29,15,quantile,0.5,12.0
2026-08-08,wk inc covid hosp,3,2026-08-29,15,quantile,0.55,14.0
2026-08-08,wk inc covid hosp,3,2026-08-29,15,quantile,0.6,16.0
2026-08-08,wk inc covid hosp,3,2026-08-29,15,quantile,0.65,18.0
2026-08-08,wk inc covid hosp,3,2026-08-29,15,quantile,0.7,20.0
2026-08-08,wk inc covid hosp,3,2026-08-29,15,quantile,0.75,22.0
2026-08-08,wk inc covid hosp,3,2026-08-29,15,quantile,0.8,27.0
2026-08-08,wk inc covid hosp,3,2026-08-29,15,quantile,0.85,32.0
2026-08-08,wk inc covid hosp,3,2026-08-29,15,quantile,0.9,38.0
2026-08-08,wk inc covid hosp,3,2026-08-29,15,quantile,0.95,44.0
2026-08-08,wk inc covid hosp,3,2026-08-29,15,quantile,0.975,56.0
2026-08-08,wk inc covid hosp,3,2026-08-29,15,quantile,0.99,68.0
2026-08-08,wk inc covid hosp,3,2026-08-29,16,quantile,0.01,0.0
2026-08-08,wk inc covid hosp,3,2026-08-29,16,quantile,0.025,0.0
2026-08-08,wk inc covid hosp,3,2026-08-29,16,quantile,0.05,0.0
2026-08-08,wk inc covid hosp,3,2026-08-29,16,quantile,0.1,0.0
2026-08-08,wk inc covid hosp,3,2026-08-29,16,quantile,0.15,0.0
2026-08-08,wk inc covid hosp,3,2026-08-29,16,quantile,0.2,0.0
2026-08-08,wk inc covid hosp,3,2026-08-29,16,quantile,0.25,0.0
2026-08-08,wk inc covid hosp,3,2026-08-29,16,quantile,0.3,0.0
2026-08-08,wk inc covid hosp,3,2026-08-29,16,quantile,0.35,0.0
2026-08-08,wk inc covid hosp,3,2026-08-29,16,quantile,0.4,0.0
2026-08-08,wk inc covid hosp,3,2026-08-29,16,quantile,0.45,0.0
2026-08-08,wk inc covid hosp,3,2026-08-29,16,quantile,0.5,0.0
2026-08-08,wk inc covid hosp,3,2026-08-29,16,quantile,0.55,0.0
2026-08-08,wk inc covid hosp,3,2026-08-29,16,quantile,0.6,0.0
2026-08-08,wk inc covid hosp,3,2026-08-29,16,quantile,0.65,0.0
2026-08-08,wk inc covid hosp,3,2026-08-29,16,quantile,0.7,0.0
2026-08-08,wk inc covid hosp,3,2026-08-29,16,quantile,0.75,0.0
2026-08-08,wk inc covid hosp,3,2026-08-29,16,quantile,0.8,0.0
2026-08-08,wk inc covid hosp,3,2026-08-29,16,quantile,0.85,0.0
2026-08-08,wk inc covid hosp,3,2026-08-29,16,quantile,0.9,0.0
2026-08-08,wk inc covid hosp,3,2026-08-29,16,quantile,0.95,0.0
2026-08-08,wk inc covid hosp,3,2026-08-29,16,quantile,0.975,0.0
2026-08-08,wk inc covid hosp,3,2026-08-29,16,quantile,0.99,0.0
2026-08-08,wk inc covid hosp,3,2026-08-29,17,quantile,0.01,0.0
2026-08-08,wk inc covid hosp,3,2026-08-29,17,quantile,0.025,0.0
2026-08-08,wk inc covid hosp,3,2026-08-29,17,quantile,0.05,1.0
2026-08-08,wk inc covid hosp,3,2026-08-29,17,quantile,0.1,5.0
2026-08-08,wk inc covid hosp,3,2026-08-29,17,quantile,0.15,8.0
2026-08-08,wk inc covid hosp,3,2026-08-29,17,quantile,0.2,9.0
2026-08-08,wk inc covid hosp,3,2026-08-29,17,quantile,0.25,11.0
2026-08-08,wk inc covid hosp,3,2026-08-29,17,quantile,0.3,13.0
2026-08-08,wk inc covid hosp,3,2026-08-29,17,quantile,0.35,15.0
2026-08-08,wk inc covid hosp,3,2026-08-29,17,quantile,0.4,17.0
2026-08-08,wk inc covid hosp,3,2026-08-29,17,quantile,0.45,19.0
2026-08-08,wk inc covid hosp,3,2026-08-29,17,quantile,0.5,21.0
2026-08-08,wk inc covid hosp,3,2026-08-29,17,quantile,0.55,24.0
2026-08-08,wk inc covid hosp,3,2026-08-29,17,quantile,0.6,26.0
2026-08-08,wk inc covid hosp,3,2026-08-29,17,quantile,0.65,29.0
2026-08-08,wk inc covid hosp,3,2026-08-29,17,quantile,0.7,31.0
2026-08-08,wk inc covid hosp,3,2026-08-29,17,quantile,0.75,35.0
2026-08-08,wk inc covid hosp,3,2026-08-29,17,quantile,0.8,40.0
2026-08-08,wk inc covid hosp,3,2026-08-29,17,quantile,0.85,46.0
2026-08-08,wk inc covid hosp,3,2026-08-29,17,quantile,0.9,55.0
2026-08-08,wk inc covid hosp,3,2026-08-29,17,quantile,0.95,69.0
2026-08-08,wk inc covid hosp,3,2026-08-29,17,quantile,0.975,81.0
2026-08-08,wk inc covid hosp,3,2026-08-29,17,quantile,0.99,96.0
2026-08-08,wk inc covid hosp,3,2026-08-29,18,quantile,0.01,0.0
2026-08-08,wk inc covid hosp,3,2026-08-29,18,quantile,0.025,0.0
2026-08-08,wk inc covid hosp,3,2026-08-29,18,quantile,0.05,0.0
2026-08-08,wk inc covid hosp,3,2026-08-29,18,quantile,0.1,3.0
2026-08-08,wk inc covid hosp,3,2026-08-29,18,quantile,0.15,6.0
2026-08-08,wk inc covid hosp,3,2026-08-29,18,quantile,0.2,9.0
2026-08-08,wk inc covid hosp,3,2026-08-29,18,quantile,0.25,11.0
2026-08-08,wk inc covid hosp,3,2026-08-29,18,quantile,0.3,13.0
2026-08-08,wk inc covid hosp,3,2026-08-29,18,quantile,0.35,16.0
2026-08-08,wk inc covid hosp,3,2026-08-29,18,quantile,0.4,18.0
2026-08-08,wk inc covid hosp,3,2026-08-29,18,quantile,0.45,21.0
2026-08-08,wk inc covid hosp,3,2026-08-29,18,quantile,0.5,23.0
2026-08-08,wk inc covid hosp,3,2026-08-29,18,quantile,0.55,26.0
2026-08-08,wk inc covid hosp,3,2026-08-29,18,quantile,0.6,30.0
2026-08-08,wk inc covid hosp,3,2026-08-29,18,quantile,0.65,35.0
2026-08-08,wk inc covid hosp,3,2026-08-29,18,quantile,0.7,39.0
2026-08-08,wk inc covid hosp,3,2026-08-29,18,quantile,0.75,45.0
2026-08-08,wk inc covid hosp,3,2026-08-29,18,quantile,0.8,50.0
2026-08-08,wk inc covid hosp,3,2026-08-29,18,quantile,0.85,61.0
2026-08-08,wk inc covid hosp,3,2026-08-29,18,quantile,0.9,74.0
2026-08-08,wk inc covid hosp,3,2026-08-29,18,quantile,0.95,96.0
2026-08-08,wk inc covid hosp,3,2026-08-29,18,quantile,0.975,116.0
2026-08-08,wk inc covid hosp,3,2026-08-29,18,quantile,0.99,147.0
2026-08-08,wk inc covid hosp,3,2026-08-29,19,quantile,0.01,0.0
2026-08-08,wk inc covid hosp,3,2026-08-29,19,quantile,0.025,0.0
2026-08-08,wk inc covid hosp,3,2026-08-29,19,quantile,0.05,0.0
2026-08-08,wk inc covid hosp,3,2026-08-29,19,quantile,0.1,0.0
2026-08-08,wk inc covid hosp,3,2026-08-29,19,quantile,0.15,0.0
2026-08-08,wk inc covid hosp,3,2026-08-29,19,quantile,0.2,0.0
2026-08-08,wk inc covid hosp,3,2026-08-29,19,quantile,0.25,0.0
2026-08-08,wk inc covid hosp,3,2026-08-29,19,quantile,0.3,0.0
2026-08-08,wk inc covid hosp,3,2026-08-29,19,quantile,0.35,0.0
2026-08-08,wk inc covid hosp,3,2026-08-29,19,quantile,0.4,1.0
2026-08-08,wk inc covid hosp,3,2026-08-29,19,quantile,0.45,2.0
2026-08-08,wk inc covid hosp,3,2026-08-29,19,quantile,0.5,3.0
2026-08-08,wk inc covid hosp,3,2026-08-29,19,quantile,0.55,4.0
2026-08-08,wk inc covid hosp,3,2026-08-29,19,quantile,0.6,5.0
2026-08-08,wk inc covid hosp,3,2026-08-29,19,quantile,0.65,6.0
2026-08-08,wk inc covid hosp,3,2026-08-29,19,quantile,0.7,8.0
2026-08-08,wk inc covid hosp,3,2026-08-29,19,quantile,0.75,9.0
2026-08-08,wk inc covid hosp,3,2026-08-29,19,quantile,0.8,11.0
2026-08-08,wk inc covid hosp,3,2026-08-29,19,quantile,0.85,14.0
2026-08-08,wk inc covid hosp,3,2026-08-29,19,quantile,0.9,19.0
2026-08-08,wk inc covid hosp,3,2026-08-29,19,quantile,0.95,28.0
2026-08-08,wk inc covid hosp,3,2026-08-29,19,quantile,0.975,38.0
2026-08-08,wk inc covid hosp,3,2026-08-29,19,quantile,0.99,51.0
2026-08-08,wk inc covid hosp,3,2026-08-29,20,quantile,0.01,0.0
2026-08-08,wk inc covid hosp,3,2026-08-29,20,quantile,0.025,0.0
2026-08-08,wk inc covid hosp,3,2026-08-29,20,quantile,0.05,0.0
2026-08-08,wk inc covid hosp,3,2026-08-29,20,quantile,0.1,0.0
2026-08-08,wk inc covid hosp,3,2026-08-29,20,quantile,0.15,0.0
2026-08-08,wk inc covid hosp,3,2026-08-29,20,quantile,0.2,0.0
2026-08-08,wk inc covid hosp,3,2026-08-29,20,quantile,0.25,0.0
2026-08-08,wk inc covid hosp,3,2026-08-29,20,quantile,0.3,0.0
2026-08-08,wk inc covid hosp,3,2026-08-29,20,quantile,0.35,0.0
2026-08-08,wk inc covid hosp,3,2026-08-29,20,quantile,0.4,0.0
2026-08-08,wk inc covid hosp,3,2026-08-29,20,quantile,0.45,1.0
2026-08-08,wk inc covid hosp,3,2026-08-29,20,quantile,0.5,2.0
2026-08-08,wk inc covid hosp,3,2026-08-29,20,quantile,0.55,3.0
2026-08-08,wk inc covid hosp,3,2026-08-29,20,quantile,0.6,4.0
2026-08-08,wk inc covid hosp,3,2026-08-29,20,quantile,0.65,4.0
2026-08-08,wk inc covid hosp,3,2026-08-29,20,quantile,0.7,5.0
2026-08-08,wk inc covid hosp,3,2026-08-29,20,quantile,0.75,7.0
2026-08-08,wk inc covid hosp,3,2026-08-29,20,quantile,0.8,9.0
2026-08-08,wk inc covid hosp,3,2026-08-29,20,quantile,0.85,11.0
2026-08-08,wk inc covid hosp,3,2026-08-29,20,quantile,0.9,14.0
2026-08-08,wk inc covid hosp,3,2026-08-29,20,quantile,0.95,20.0
2026-08-08,wk inc covid hosp,3,2026-08-29,20,quantile,0.975,26.0
2026-08-08,wk inc covid hosp,3,2026-08-29,20,quantile,0.99,33.0
2026-08-08,wk inc covid hosp,3,2026-08-29,21,quantile,0.01,0.0
2026-08-08,wk inc covid hosp,3,2026-08-29,21,quantile,0.025,0.0
2026-08-08,wk inc covid hosp,3,2026-08-29,21,quantile,0.05,0.0
2026-08-08,wk inc covid hosp,3,2026-08-29,21,quantile,0.1,0.0
2026-08-08,wk inc covid hosp,3,2026-08-29,21,quantile,0.15,0.0
2026-08-08,wk inc covid hosp,3,2026-08-29,21,quantile,0.2,0.0
2026-08-08,wk inc covid hosp,3,2026-08-29,21,quantile,0.25,1.0
2026-08-08,wk inc covid hosp,3,2026-08-29,21,quantile,0.3,2.0
2026-08-08,wk inc covid hosp,3,2026-08-29,21,quantile,0.35,4.0
2026-08-08,wk inc covid hosp,3,2026-08-29,21,quantile,0.4,5.0
2026-08-08,wk inc covid hosp,3,2026-08-29,21,quantile,0.45,7.0
2026-08-08,wk inc covid hosp,3,2026-08-29,21,quantile,0.5,9.0
2026-08-08,wk inc covid hosp,3,2026-08-29,21,quantile,0.55,10.0
2026-08-08,wk inc covid hosp,3,2026-08-29,21,quantile,0.6,12.0
2026-08-08,wk inc covid hosp,3,2026-08-29,21,quantile,0.65,13.0
2026-08-08,wk inc covid hosp,3,2026-08-29,21,quantile,0.7,15.0
2026-08-08,wk inc covid hosp,3,2026-08-29,21,quantile,0.75,17.0
2026-08-08,wk inc covid hosp,3,2026-08-29,21,quantile,0.8,21.0
2026-08-08,wk inc covid hosp,3,2026-08-29,21,quantile,0.85,25.0
2026-08-08,wk inc covid hosp,3,2026-08-29,21,quantile,0.9,29.0
2026-08-08,wk inc covid hosp,3,2026-08-29,21,quantile,0.95,41.0
2026-08-08,wk inc covid hosp,3,2026-08-29,21,quantile,0.975,56.0
2026-08-08,wk inc covid hosp,3,2026-08-29,21,quantile,0.99,78.0
2026-08-08,wk inc covid hosp,3,2026-08-29,22,quantile,0.01,15.0
2026-08-08,wk inc covid hosp,3,2026-08-29,22,quantile,0.025,19.0
2026-08-08,wk inc covid hosp,3,2026-08-29,22,quantile,0.05,25.0
2026-08-08,wk inc covid hosp,3,2026-08-29,22,quantile,0.1,35.0
2026-08-08,wk inc covid hosp,3,2026-08-29,22,quantile,0.15,44.0
2026-08-08,wk inc covid hosp,3,2026-08-29,22,quantile,0.2,49.0
2026-08-08,wk inc covid hosp,3,2026-08-29,22,quantile,0.25,56.0
2026-08-08,wk inc covid hosp,3,2026-08-29,22,quantile,0.3,62.0
2026-08-08,wk inc covid hosp,3,2026-08-29,22,quantile,0.35,67.0
2026-08-08,wk inc covid hosp,3,2026-08-29,22,quantile,0.4,72.0
2026-08-08,wk inc covid hosp,3,2026-08-29,22,quantile,0.45,81.0
2026-08-08,wk inc covid hosp,3,2026-08-29,22,quantile,0.5,88.0
2026-08-08,wk inc covid hosp,3,2026-08-29,22,quantile,0.55,96.0
2026-08-08,wk inc covid hosp,3,2026-08-29,22,quantile,0.6,101.0
2026-08-08,wk inc covid hosp,3,2026-08-29,22,quantile,0.65,108.0
2026-08-08,wk inc covid hosp,3,2026-08-29,22,quantile,0.7,113.0
2026-08-08,wk inc covid hosp,3,2026-08-29,22,quantile,0.75,124.0
2026-08-08,wk inc covid hosp,3,2026-08-29,22,quantile,0.8,135.0
2026-08-08,wk inc covid hosp,3,2026-08-29,22,quantile,0.85,150.0
2026-08-08,wk inc covid hosp,3,2026-08-29,22,quantile,0.9,178.0
2026-08-08,wk inc covid hosp,3,2026-08-29,22,quantile,0.95,209.0
2026-08-08,wk inc covid hosp,3,2026-08-29,22,quantile,0.975,238.0
2026-08-08,wk inc covid hosp,3,2026-08-29,22,quantile,0.99,310.0
2026-08-08,wk inc covid hosp,3,2026-08-29,23,quantile,0.01,0.0
2026-08-08,wk inc covid hosp,3,2026-08-29,23,quantile,0.025,0.0
2026-08-08,wk inc covid hosp,3,2026-08-29,23,quantile,0.05,0.0
2026-08-08,wk inc covid hosp,3,2026-08-29,23,quantile,0.1,0.0
2026-08-08,wk inc covid hosp,3,2026-08-29,23,quantile,0.15,0.0
2026-08-08,wk inc covid hosp,3,2026-08-29,23,quantile,0.2,0.0
2026-08-08,wk inc covid hosp,3,2026-08-29,23,quantile,0.25,0.0
2026-08-08,wk inc covid hosp,3,2026-08-29,23,quantile,0.3,0.0
2026-08-08,wk inc covid hosp,3,2026-08-29,23,quantile,0.35,0.0
2026-08-08,wk inc covid hosp,3,2026-08-29,23,quantile,0.4,0.0
2026-08-08,wk inc covid hosp,3,2026-08-29,23,quantile,0.45,0.0
2026-08-08,wk inc covid hosp,3,2026-08-29,23,quantile,0.5,0.0
2026-08-08,wk inc covid hosp,3,2026-08-29,23,quantile,0.55,0.0
2026-08-08,wk inc covid hosp,3,2026-08-29,23,quantile,0.6,0.0
2026-08-08,wk inc covid hosp,3,2026-08-29,23,quantile,0.65,0.0
2026-08-08,wk inc covid hosp,3,2026-08-29,23,quantile,0.7,0.0
2026-08-08,wk inc covid hosp,3,2026-08-29,23,quantile,0.75,0.0
2026-08-08,wk inc covid hosp,3,2026-08-29,23,quantile,0.8,2.0
2026-08-08,wk inc covid hosp,3,2026-08-29,23,quantile,0.85,4.0
2026-08-08,wk inc covid hosp,3,2026-08-29,23,quantile,0.9,6.0
2026-08-08,wk inc covid hosp,3,2026-08-29,23,quantile,0.95,12.0
2026-08-08,wk inc covid hosp,3,2026-08-29,23,quantile,0.975,17.0
2026-08-08,wk inc covid hosp,3,2026-08-29,23,quantile,0.99,23.0
2026-08-08,wk inc covid hosp,3,2026-08-29,24,quantile,0.01,0.0
2026-08-08,wk inc covid hosp,3,2026-08-29,24,quantile,0.025,0.0
2026-08-08,wk inc covid hosp,3,2026-08-29,24,quantile,0.05,0.0
2026-08-08,wk inc covid hosp,3,2026-08-29,24,quantile,0.1,0.0
2026-08-08,wk inc covid hosp,3,2026-08-29,24,quantile,0.15,0.0
2026-08-08,wk inc covid hosp,3,2026-08-29,24,quantile,0.2,0.0
2026-08-08,wk inc covid hosp,3,2026-08-29,24,quantile,0.25,0.0
2026-08-08,wk inc covid hosp,3,2026-08-29,24,quantile,0.3,0.0
2026-08-08,wk inc covid hosp,3,2026-08-29,24,quantile,0.35,0.0
2026-08-08,wk inc covid hosp,3,2026-08-29,24,quantile,0.4,0.0
2026-08-08,wk inc covid hosp,3,2026-08-29,24,quantile,0.45,1.0
2026-08-08,wk inc covid hosp,3,2026-08-29,24,quantile,0.5,2.0
2026-08-08,wk inc covid hosp,3,2026-08-29,24,quantile,0.55,3.0
2026-08-08,wk inc covid hosp,3,2026-08-29,24,quantile,0.6,4.0
2026-08-08,wk inc covid hosp,3,2026-08-29,24,quantile,0.65,5.0
2026-08-08,wk inc covid hosp,3,2026-08-29,24,quantile,0.7,6.0
2026-08-08,wk inc covid hosp,3,2026-08-29,24,quantile,0.75,7.0
2026-08-08,wk inc covid hosp,3,2026-08-29,24,quantile,0.8,9.0
2026-08-08,wk inc covid hosp,3,2026-08-29,24,quantile,0.85,11.0
2026-08-08,wk inc covid hosp,3,2026-08-29,24,quantile,0.9,14.0
2026-08-08,wk inc covid hosp,3,2026-08-29,24,quantile,0.95,18.0
2026-08-08,wk inc covid hosp,3,2026-08-29,24,quantile,0.975,24.0
2026-08-08,wk inc covid hosp,3,2026-08-29,24,quantile,0.99,36.0
2026-08-08,wk inc covid hosp,3,2026-08-29,25,quantile,0.01,0.0
2026-08-08,wk inc covid hosp,3,2026-08-29,25,quantile,0.025,1.0
2026-08-08,wk inc covid hosp,3,2026-08-29,25,quantile,0.05,2.0
2026-08-08,wk inc covid hosp,3,2026-08-29,25,quantile,0.1,7.0
2026-08-08,wk inc covid hosp,3,2026-08-29,25,quantile,0.15,11.0
2026-08-08,wk inc covid hosp,3,2026-08-29,25,quantile,0.2,14.0
2026-08-08,wk inc covid hosp,3,2026-08-29,25,quantile,0.25,16.0
2026-08-08,wk inc covid hosp,3,2026-08-29,25,quantile,0.3,20.0
2026-08-08,wk inc covid hosp,3,2026-08-29,25,quantile,0.35,23.0
2026-08-08,wk inc covid hosp,3,2026-08-29,25,quantile,0.4,27.0
2026-08-08,wk inc covid hosp,3,2026-08-29,25,quantile,0.45,30.0
2026-08-08,wk inc covid hosp,3,2026-08-29,25,quantile,0.5,34.0
2026-08-08,wk inc covid hosp,3,2026-08-29,25,quantile,0.55,38.0
2026-08-08,wk inc covid hosp,3,2026-08-29,25,quantile,0.6,42.0
2026-08-08,wk inc covid hosp,3,2026-08-29,25,quantile,0.65,47.0
2026-08-08,wk inc covid hosp,3,2026-08-29,25,quantile,0.7,52.0
2026-08-08,wk inc covid hosp,3,2026-08-29,25,quantile,0.75,56.0
2026-08-08,wk inc covid hosp,3,2026-08-29,25,quantile,0.8,63.0
2026-08-08,wk inc covid hosp,3,2026-08-29,25,quantile,0.85,76.0
2026-08-08,wk inc covid hosp,3,2026-08-29,25,quantile,0.9,90.0
2026-08-08,wk inc covid hosp,3,2026-08-29,25,quantile,0.95,117.0
2026-08-08,wk inc covid hosp,3,2026-08-29,25,quantile,0.975,134.0
2026-08-08,wk inc covid hosp,3,2026-08-29,25,quantile,0.99,153.0
2026-08-08,wk inc covid hosp,3,2026-08-29,26,quantile,0.01,0.0
2026-08-08,wk inc covid hosp,3,2026-08-29,26,quantile,0.025,0.0
2026-08-08,wk inc covid hosp,3,2026-08-29,26,quantile,0.05,0.0
2026-08-08,wk inc covid hosp,3,2026-08-29,26,quantile,0.1,0.0
2026-08-08,wk inc covid hosp,3,2026-08-29,26,quantile,0.15,0.0
2026-08-08,wk inc covid hosp,3,2026-08-29,26,quantile,0.2,0.0
2026-08-08,wk inc covid hosp,3,2026-08-29,26,quantile,0.25,0.0
2026-08-08,wk inc covid hosp,3,2026-08-29,26,quantile,0.3,0.0
2026-08-08,wk inc covid hosp,3,2026-08-29,26,quantile,0.35,0.0
2026-08-08,wk inc covid hosp,3,2026-08-29,26,quantile,0.4,1.0
2026-08-08,wk inc covid hosp,3,2026-08-29,26,quantile,0.45,2.0
2026-08-08,wk inc covid hosp,3,2026-08-29,26,quantile,0.5,3.0
2026-08-08,wk inc covid hosp,3,2026-08-29,26,quantile,0.55,4.0
2026-08-08,wk inc covid hosp,3,2026-08-29,26,quantile,0.6,5.0
2026-08-08,wk inc covid hosp,3,2026-08-29,26,quantile,0.65,7.0
2026-08-08,wk inc covid hosp,3,2026-08-29,26,quantile,0.7,9.0
2026-08-08,wk inc covid hosp,3,2026-08-29,26,quantile,0.75,11.0
2026-08-08,wk inc covid hosp,3,2026-08-29,26,quantile,0.8,13.0
2026-08-08,wk inc covid hosp,3,2026-08-29,26,quantile,0.85,17.0
2026-08-08,wk inc covid hosp,3,2026-08-29,26,quantile,0.9,20.0
2026-08-08,wk inc covid hosp,3,2026-08-29,26,quantile,0.95,28.0
2026-08-08,wk inc covid hosp,3,2026-08-29,26,quantile,0.975,33.0
2026-08-08,wk inc covid hosp,3,2026-08-29,26,quantile,0.99,38.0
2026-08-08,wk inc covid hosp,3,2026-08-29,27,quantile,0.01,0.0
2026-08-08,wk inc covid hosp,3,2026-08-29,27,quantile,0.025,0.0
2026-08-08,wk inc covid hosp,3,2026-08-29,27,quantile,0.05,2.0
2026-08-08,wk inc covid hosp,3,2026-08-29,27,quantile,0.1,5.0
2026-08-08,wk inc covid hosp,3,2026-08-29,27,quantile,0.15,8.0
2026-08-08,wk inc covid hosp,3,2026-08-29,27,quantile,0.2,10.0
2026-08-08,wk inc covid hosp,3,2026-08-29,27,quantile,0.25,12.0
2026-08-08,wk inc covid hosp,3,2026-08-29,27,quantile,0.3,16.0
2026-08-08,wk inc covid hosp,3,2026-08-29,27,quantile,0.35,18.0
2026-08-08,wk inc covid hosp,3,2026-08-29,27,quantile,0.4,21.0
2026-08-08,wk inc covid hosp,3,2026-08-29,27,quantile,0.45,25.0
2026-08-08,wk inc covid hosp,3,2026-08-29,27,quantile,0.5,28.0
2026-08-08,wk inc covid hosp,3,2026-08-29,27,quantile,0.55,32.0
2026-08-08,wk inc covid hosp,3,2026-08-29,27,quantile,0.6,35.0
2026-08-08,wk inc covid hosp,3,2026-08-29,27,quantile,0.65,40.0
2026-08-08,wk inc covid hosp,3,2026-08-29,27,quantile,0.7,43.0
2026-08-08,wk inc covid hosp,3,2026-08-29,27,quantile,0.75,49.0
2026-08-08,wk inc covid hosp,3,2026-08-29,27,quantile,0.8,56.0
2026-08-08,wk inc covid hosp,3,2026-08-29,27,quantile,0.85,63.0
2026-08-08,wk inc covid hosp,3,2026-08-29,27,quantile,0.9,78.0
2026-08-08,wk inc covid hosp,3,2026-08-29,27,quantile,0.95,97.0
2026-08-08,wk inc covid hosp,3,2026-08-29,27,quantile,0.975,125.0
2026-08-08,wk inc covid hosp,3,2026-08-29,27,quantile,0.99,155.0
2026-08-08,wk inc covid hosp,3,2026-08-29,28,quantile,0.01,1.0
2026-08-08,wk inc covid hosp,3,2026-08-29,28,quantile,0.025,3.0
2026-08-08,wk inc covid hosp,3,2026-08-29,28,quantile,0.05,6.0
2026-08-08,wk inc covid hosp,3,2026-08-29,28,quantile,0.1,10.0
2026-08-08,wk inc covid hosp,3,2026-08-29,28,quantile,0.15,13.0
2026-08-08,wk inc covid hosp,3,2026-08-29,28,quantile,0.2,17.0
2026-08-08,wk inc covid hosp,3,2026-08-29,28,quantile,0.25,21.0
2026-08-08,wk inc covid hosp,3,2026-08-29,28,quantile,0.3,24.0
2026-08-08,wk inc covid hosp,3,2026-08-29,28,quantile,0.35,28.0
2026-08-08,wk inc covid hosp,3,2026-08-29,28,quantile,0.4,31.0
2026-08-08,wk inc covid hosp,3,2026-08-29,28,quantile,0.45,34.0
2026-08-08,wk inc covid hosp,3,2026-08-29,28,quantile,0.5,37.0
2026-08-08,wk inc covid hosp,3,2026-08-29,28,quantile,0.55,40.0
2026-08-08,wk inc covid hosp,3,2026-08-29,28,quantile,0.6,46.0
2026-08-08,wk inc covid hosp,3,2026-08-29,28,quantile,0.65,51.0
2026-08-08,wk inc covid hosp,3,2026-08-29,28,quantile,0.7,59.0
2026-08-08,wk inc covid hosp,3,2026-08-29,28,quantile,0.75,65.0
2026-08-08,wk inc covid hosp,3,2026-08-29,28,quantile,0.8,72.0
2026-08-08,wk inc covid hosp,3,2026-08-29,28,quantile,0.85,80.0
2026-08-08,wk inc covid hosp,3,2026-08-29,28,quantile,0.9,91.0
2026-08-08,wk inc covid hosp,3,2026-08-29,28,quantile,0.95,111.0
2026-08-08,wk inc covid hosp,3,2026-08-29,28,quantile,0.975,126.0
2026-08-08,wk inc covid hosp,3,2026-08-29,28,quantile,0.99,145.0
2026-08-08,wk inc covid hosp,3,2026-08-29,29,quantile,0.01,0.0
2026-08-08,wk inc covid hosp,3,2026-08-29,29,quantile,0.025,0.0
2026-08-08,wk inc covid hosp,3,2026-08-29,29,quantile,0.05,0.0
2026-08-08,wk inc covid hosp,3,2026-08-29,29,quantile,0.1,0.0
2026-08-08,wk inc covid hosp,3,2026-08-29,29,quantile,0.15,0.0
2026-08-08,wk inc covid hosp,3,2026-08-29,29,quantile,0.2,1.0
2026-08-08,wk inc covid hosp,3,2026-08-29,29,quantile,0.25,2.0
2026-08-08,wk inc covid hosp,3,2026-08-29,29,quantile,0.3,3.0
2026-08-08,wk inc covid hosp,3,2026-08-29,29,quantile,0.35,4.0
2026-08-08,wk inc covid hosp,3,2026-08-29,29,quantile,0.4,4.0
2026-08-08,wk inc covid hosp,3,2026-08-29,29,quantile,0.45,5.0
2026-08-08,wk inc covid hosp,3,2026-08-29,29,quantile,0.5,6.0
2026-08-08,wk inc covid hosp,3,2026-08-29,29,quantile,0.55,7.0
2026-08-08,wk inc covid hosp,3,2026-08-29,29,quantile,0.6,8.0
2026-08-08,wk inc covid hosp,3,2026-08-29,29,quantile,0.65,10.0
2026-08-08,wk inc covid hosp,3,2026-08-29,29,quantile,0.7,12.0
2026-08-08,wk inc covid hosp,3,2026-08-29,29,quantile,0.75,13.0
2026-08-08,wk inc covid hosp,3,2026-08-29,29,quantile,0.8,16.0
2026-08-08,wk inc covid hosp,3,2026-08-29,29,quantile,0.85,18.0
2026-08-08,wk inc covid hosp,3,2026-08-29,29,quantile,0.9,21.0
2026-08-08,wk inc covid hosp,3,2026-08-29,29,quantile,0.95,27.0
2026-08-08,wk inc covid hosp,3,2026-08-29,29,quantile,0.975,35.0
2026-08-08,wk inc covid hosp,3,2026-08-29,29,quantile,0.99,51.0
2026-08-08,wk inc covid hosp,3,2026-08-29,30,quantile,0.01,0.0
2026-08-08,wk inc covid hosp,3,2026-08-29,30,quantile,0.025,0.0
2026-08-08,wk inc covid hosp,3,2026-08-29,30,quantile,0.05,0.0
2026-08-08,wk inc covid hosp,3,2026-08-29,30,quantile,0.1,0.0
2026-08-08,wk inc covid hosp,3,2026-08-29,30,quantile,0.15,0.0
2026-08-08,wk inc covid hosp,3,2026-08-29,30,quantile,0.2,0.0
2026-08-08,wk inc covid hosp,3,2026-08-29,30,quantile,0.25,0.0
2026-08-08,wk inc covid hosp,3,2026-08-29,30,quantile,0.3,0.0
2026-08-08,wk inc covid hosp,3,2026-08-29,30,quantile,0.35,0.0
2026-08-08,wk inc covid hosp,3,2026-08-29,30,quantile,0.4,0.0
2026-08-08,wk inc covid hosp,3,2026-08-29,30,quantile,0.45,0.0
2026-08-08,wk inc covid hosp,3,2026-08-29,30,quantile,0.5,0.0
2026-08-08,wk inc covid hosp,3,2026-08-29,30,quantile,0.55,0.0
2026-08-08,wk inc covid hosp,3,2026-08-29,30,quantile,0.6,0.0
2026-08-08,wk inc covid hosp,3,2026-08-29,30,quantile,0.65,1.0
2026-08-08,wk inc covid hosp,3,2026-08-29,30,quantile,0.7,1.0
2026-08-08,wk inc covid hosp,3,2026-08-29,30,quantile,0.75,2.0
2026-08-08,wk inc covid hosp,3,2026-08-29,30,quantile,0.8,2.0
2026-08-08,wk inc covid hosp,3,2026-08-29,30,quantile,0.85,3.0
2026-08-08,wk inc covid hosp,3,2026-08-29,30,quantile,0.9,5.0
2026-08-08,wk inc covid hosp,3,2026-08-29,30,quantile,0.95,7.0
2026-08-08,wk inc covid hosp,3,2026-08-29,30,quantile,0.975,9.0
2026-08-08,wk inc covid hosp,3,2026-08-29,30,quantile,0.99,12.0
2026-08-08,wk inc covid hosp,3,2026-08-29,31,quantile,0.01,0.0
2026-08-08,wk inc covid hosp,3,2026-08-29,31,quantile,0.025,0.0
2026-08-08,wk inc covid hosp,3,2026-08-29,31,quantile,0.05,0.0
2026-08-08,wk inc covid hosp,3,2026-08-29,31,quantile,0.1,0.0
2026-08-08,wk inc covid hosp,3,2026-08-29,31,quantile,0.15,0.0
2026-08-08,wk inc covid hosp,3,2026-08-29,31,quantile,0.2,0.0
2026-08-08,wk inc covid hosp,3,2026-08-29,31,quantile,0.25,0.0
2026-08-08,wk inc covid hosp,3,2026-08-29,31,quantile,0.3,0.0
2026-08-08,wk inc covid hosp,3,2026-08-29,31,quantile,0.35,0.0
2026-08-08,wk inc covid hosp,3,2026-08-29,31,quantile,0.4,0.0
2026-08-08,wk inc covid hosp,3,2026-08-29,31,quantile,0.45,0.0
2026-08-08,wk inc covid hosp,3,2026-08-29,31,quantile,0.5,0.0
2026-08-08,wk inc covid hosp,3,2026-08-29,31,quantile,0.55,0.0
2026-08-08,wk inc covid hosp,3,2026-08-29,31,quantile,0.6,0.0
2026-08-08,wk inc covid hosp,3,2026-08-29,31,quantile,0.65,0.0
2026-08-08,wk inc covid hosp,3,2026-08-29,31,quantile,0.7,0.0
2026-08-08,wk inc covid hosp,3,2026-08-29,31,quantile,0.75,0.0
2026-08-08,wk inc covid hosp,3,2026-08-29,31,quantile,0.8,0.0
2026-08-08,wk inc covid hosp,3,2026-08-29,31,quantile,0.85,0.0
2026-08-08,wk inc covid hosp,3,2026-08-29,31,quantile,0.9,0.0
2026-08-08,wk inc covid hosp,3,2026-08-29,31,quantile,0.95,0.0
2026-08-08,wk inc covid hosp,3,2026-08-29,31,quantile,0.975,0.0
2026-08-08,wk inc covid hosp,3,2026-08-29,31,quantile,0.99,0.0
2026-08-08,wk inc covid hosp,3,2026-08-29,32,quantile,0.01,0.0
2026-08-08,wk inc covid hosp,3,2026-08-29,32,quantile,0.025,0.0
2026-08-08,wk inc covid hosp,3,2026-08-29,32,quantile,0.05,3.0
2026-08-08,wk inc covid hosp,3,2026-08-29,32,quantile,0.1,7.0
2026-08-08,wk inc covid hosp,3,2026-08-29,32,quantile,0.15,10.0
2026-08-08,wk inc covid hosp,3,2026-08-29,32,quantile,0.2,14.0
2026-08-08,wk inc covid hosp,3,2026-08-29,32,quantile,0.25,17.0
2026-08-08,wk inc covid hosp,3,2026-08-29,32,quantile,0.3,21.0
2026-08-08,wk inc covid hosp,3,2026-08-29,32,quantile,0.35,23.0
2026-08-08,wk inc covid hosp,3,2026-08-29,32,quantile,0.4,27.0
2026-08-08,wk inc covid hosp,3,2026-08-29,32,quantile,0.45,30.0
2026-08-08,wk inc covid hosp,3,2026-08-29,32,quantile,0.5,32.0
2026-08-08,wk inc covid hosp,3,2026-08-29,32,quantile,0.55,37.0
2026-08-08,wk inc covid hosp,3,2026-08-29,32,quantile,0.6,42.0
2026-08-08,wk inc covid hosp,3,2026-08-29,32,quantile,0.65,46.0
2026-08-08,wk inc covid hosp,3,2026-08-29,32,quantile,0.7,51.0
2026-08-08,wk inc covid hosp,3,2026-08-29,32,quantile,0.75,57.0
2026-08-08,wk inc covid hosp,3,2026-08-29,32,quantile,0.8,65.0
2026-08-08,wk inc covid hosp,3,2026-08-29,32,quantile,0.85,72.0
2026-08-08,wk inc covid hosp,3,2026-08-29,32,quantile,0.9,87.0
2026-08-08,wk inc covid hosp,3,2026-08-29,32,quantile,0.95,111.0
2026-08-08,wk inc covid hosp,3,2026-08-29,32,quantile,0.975,133.0
2026-08-08,wk inc covid hosp,3,2026-08-29,32,quantile,0.99,152.0
2026-08-08,wk inc covid hosp,3,2026-08-29,33,quantile,0.01,0.0
2026-08-08,wk inc covid hosp,3,2026-08-29,33,quantile,0.025,0.0
2026-08-08,wk inc covid hosp,3,2026-08-29,33,quantile,0.05,0.0
2026-08-08,wk inc covid hosp,3,2026-08-29,33,quantile,0.1,0.0
2026-08-08,wk inc covid hosp,3,2026-08-29,33,quantile,0.15,0.0
2026-08-08,wk inc covid hosp,3,2026-08-29,33,quantile,0.2,0.0
2026-08-08,wk inc covid hosp,3,2026-08-29,33,quantile,0.25,0.0
2026-08-08,wk inc covid hosp,3,2026-08-29,33,quantile,0.3,0.0
2026-08-08,wk inc covid hosp,3,2026-08-29,33,quantile,0.35,0.0
2026-08-08,wk inc covid hosp,3,2026-08-29,33,quantile,0.4,0.0
2026-08-08,wk inc covid hosp,3,2026-08-29,33,quantile,0.45,0.0
2026-08-08,wk inc covid hosp,3,2026-08-29,33,quantile,0.5,1.0
2026-08-08,wk inc covid hosp,3,2026-08-29,33,quantile,0.55,3.0
2026-08-08,wk inc covid hosp,3,2026-08-29,33,quantile,0.6,4.0
2026-08-08,wk inc covid hosp,3,2026-08-29,33,quantile,0.65,6.0
2026-08-08,wk inc covid hosp,3,2026-08-29,33,quantile,0.7,9.0
2026-08-08,wk inc covid hosp,3,2026-08-29,33,quantile,0.75,11.0
2026-08-08,wk inc covid hosp,3,2026-08-29,33,quantile,0.8,16.0
2026-08-08,wk inc covid hosp,3,2026-08-29,33,quantile,0.85,21.0
2026-08-08,wk inc covid hosp,3,2026-08-29,33,quantile,0.9,29.0
2026-08-08,wk inc covid hosp,3,2026-08-29,33,quantile,0.95,42.0
2026-08-08,wk inc covid hosp,3,2026-08-29,33,quantile,0.975,56.0
2026-08-08,wk inc covid hosp,3,2026-08-29,33,quantile,0.99,74.0
2026-08-08,wk inc covid hosp,3,2026-08-29,34,quantile,0.01,1.0
2026-08-08,wk inc covid hosp,3,2026-08-29,34,quantile,0.025,3.0
2026-08-08,wk inc covid hosp,3,2026-08-29,34,quantile,0.05,6.0
2026-08-08,wk inc covid hosp,3,2026-08-29,34,quantile,0.1,11.0
2026-08-08,wk inc covid hosp,3,2026-08-29,34,quantile,0.15,14.0
2026-08-08,wk inc covid hosp,3,2026-08-29,34,quantile,0.2,17.0
2026-08-08,wk inc covid hosp,3,2026-08-29,34,quantile,0.25,20.0
2026-08-08,wk inc covid hosp,3,2026-08-29,34,quantile,0.3,24.0
2026-08-08,wk inc covid hosp,3,2026-08-29,34,quantile,0.35,27.0
2026-08-08,wk inc covid hosp,3,2026-08-29,34,quantile,0.4,31.0
2026-08-08,wk inc covid hosp,3,2026-08-29,34,quantile,0.45,35.0
2026-08-08,wk inc covid hosp,3,2026-08-29,34,quantile,0.5,38.0
2026-08-08,wk inc covid hosp,3,2026-08-29,34,quantile,0.55,41.0
2026-08-08,wk inc covid hosp,3,2026-08-29,34,quantile,0.6,45.0
2026-08-08,wk inc covid hosp,3,2026-08-29,34,quantile,0.65,50.0
2026-08-08,wk inc covid hosp,3,2026-08-29,34,quantile,0.7,55.0
2026-08-08,wk inc covid hosp,3,2026-08-29,34,quantile,0.75,59.0
2026-08-08,wk inc covid hosp,3,2026-08-29,34,quantile,0.8,68.0
2026-08-08,wk inc covid hosp,3,2026-08-29,34,quantile,0.85,75.0
2026-08-08,wk inc covid hosp,3,2026-08-29,34,quantile,0.9,89.0
2026-08-08,wk inc covid hosp,3,2026-08-29,34,quantile,0.95,107.0
2026-08-08,wk inc covid hosp,3,2026-08-29,34,quantile,0.975,125.0
2026-08-08,wk inc covid hosp,3,2026-08-29,34,quantile,0.99,157.0
2026-08-08,wk inc covid hosp,3,2026-08-29,35,quantile,0.01,0.0
2026-08-08,wk inc covid hosp,3,2026-08-29,35,quantile,0.025,0.0
2026-08-08,wk inc covid hosp,3,2026-08-29,35,quantile,0.05,0.0
2026-08-08,wk inc covid hosp,3,2026-08-29,35,quantile,0.1,0.0
2026-08-08,wk inc covid hosp,3,2026-08-29,35,quantile,0.15,0.0
2026-08-08,wk inc covid hosp,3,2026-08-29,35,quantile,0.2,0.0
2026-08-08,wk inc covid hosp,3,2026-08-29,35,quantile,0.25,0.0
2026-08-08,wk inc covid hosp,3,2026-08-29,35,quantile,0.3,2.0
2026-08-08,wk inc covid hosp,3,2026-08-29,35,quantile,0.35,4.0
2026-08-08,wk inc covid hosp,3,2026-08-29,35,quantile,0.4,6.0
2026-08-08,wk inc covid hosp,3,2026-08-29,35,quantile,0.45,8.0
2026-08-08,wk inc covid hosp,3,2026-08-29,35,quantile,0.5,9.0
2026-08-08,wk inc covid hosp,3,2026-08-29,35,quantile,0.55,13.0
2026-08-08,wk inc covid hosp,3,2026-08-29,35,quantile,0.6,16.0
2026-08-08,wk inc covid hosp,3,2026-08-29,35,quantile,0.65,19.0
2026-08-08,wk inc covid hosp,3,2026-08-29,35,quantile,0.7,22.0
2026-08-08,wk inc covid hosp,3,2026-08-29,35,quantile,0.75,25.0
2026-08-08,wk inc covid hosp,3,2026-08-29,35,quantile,0.8,29.0
2026-08-08,wk inc covid hosp,3,2026-08-29,35,quantile,0.85,37.0
2026-08-08,wk inc covid hosp,3,2026-08-29,35,quantile,0.9,44.0
2026-08-08,wk inc covid hosp,3,2026-08-29,35,quantile,0.95,61.0
2026-08-08,wk inc covid hosp,3,2026-08-29,35,quantile,0.975,83.0
2026-08-08,wk inc covid hosp,3,2026-08-29,35,quantile,0.99,102.0
2026-08-08,wk inc covid hosp,3,2026-08-29,36,quantile,0.01,27.0
2026-08-08,wk inc covid hosp,3,2026-08-29,36,quantile,0.025,34.0
2026-08-08,wk inc covid hosp,3,2026-08-29,36,quantile,0.05,45.0
2026-08-08,wk inc covid hosp,3,2026-08-29,36,quantile,0.1,58.0
2026-08-08,wk inc covid hosp,3,2026-08-29,36,quantile,0.15,71.0
2026-08-08,wk inc covid hosp,3,2026-08-29,36,quantile,0.2,80.0
2026-08-08,wk inc covid hosp,3,2026-08-29,36,quantile,0.25,89.0
2026-08-08,wk inc covid hosp,3,2026-08-29,36,quantile,0.3,99.0
2026-08-08,wk inc covid hosp,3,2026-08-29,36,quantile,0.35,107.0
2026-08-08,wk inc covid hosp,3,2026-08-29,36,quantile,0.4,113.0
2026-08-08,wk inc covid hosp,3,2026-08-29,36,quantile,0.45,120.0
2026-08-08,wk inc covid hosp,3,2026-08-29,36,quantile,0.5,132.0
2026-08-08,wk inc covid hosp,3,2026-08-29,36,quantile,0.55,140.0
2026-08-08,wk inc covid hosp,3,2026-08-29,36,quantile,0.6,150.0
2026-08-08,wk inc covid hosp,3,2026-08-29,36,quantile,0.65,162.0
2026-08-08,wk inc covid hosp,3,2026-08-29,36,quantile,0.7,176.0
2026-08-08,wk inc covid hosp,3,2026-08-29,36,quantile,0.75,188.0
2026-08-08,wk inc covid hosp,3,2026-08-29,36,quantile,0.8,203.0
2026-08-08,wk inc covid hosp,3,2026-08-29,36,quantile,0.85,222.0
2026-08-08,wk inc covid hosp,3,2026-08-29,36,quantile,0.9,249.0
2026-08-08,wk inc covid hosp,3,2026-08-29,36,quantile,0.95,301.0
2026-08-08,wk inc covid hosp,3,2026-08-29,36,quantile,0.975,336.0
2026-08-08,wk inc covid hosp,3,2026-08-29,36,quantile,0.99,405.0
2026-08-08,wk inc covid hosp,3,2026-08-29,37,quantile,0.01,25.0
2026-08-08,wk inc covid hosp,3,2026-08-29,37,quantile,0.025,35.0
2026-08-08,wk inc covid hosp,3,2026-08-29,37,quantile,0.05,44.0
2026-08-08,wk inc covid hosp,3,2026-08-29,37,quantile,0.1,57.0
2026-08-08,wk inc covid hosp,3,2026-08-29,37,quantile,0.15,65.0
2026-08-08,wk inc covid hosp,3,2026-08-29,37,quantile,0.2,71.0
2026-08-08,wk inc covid hosp,3,2026-08-29,37,quantile,0.25,80.0
2026-08-08,wk inc covid hosp,3,2026-08-29,37,quantile,0.3,86.0
2026-08-08,wk inc covid hosp,3,2026-08-29,37,quantile,0.35,93.0
2026-08-08,wk inc covid hosp,3,2026-08-29,37,quantile,0.4,100.0
2026-08-08,wk inc covid hosp,3,2026-08-29,37,quantile,0.45,108.0
2026-08-08,wk inc covid hosp,3,2026-08-29,37,quantile,0.5,117.0
2026-08-08,wk inc covid hosp,3,2026-08-29,37,quantile,0.55,124.0
2026-08-08,wk inc covid hosp,3,2026-08-29,37,quantile,0.6,131.0
2026-08-08,wk inc covid hosp,3,2026-08-29,37,quantile,0.65,140.0
2026-08-08,wk inc covid hosp,3,2026-08-29,37,quantile,0.7,151.0
2026-08-08,wk inc covid hosp,3,2026-08-29,37,quantile,0.75,164.0
2026-08-08,wk inc covid hosp,3,2026-08-29,37,quantile,0.8,181.0
2026-08-08,wk inc covid hosp,3,2026-08-29,37,quantile,0.85,206.0
2026-08-08,wk inc covid hosp,3,2026-08-29,37,quantile,0.9,232.0
2026-08-08,wk inc covid hosp,3,2026-08-29,37,quantile,0.95,289.0
2026-08-08,wk inc covid hosp,3,2026-08-29,37,quantile,0.975,348.0
2026-08-08,wk inc covid hosp,3,2026-08-29,37,quantile,0.99,387.0
2026-08-08,wk inc covid hosp,3,2026-08-29,38,quantile,0.01,0.0
2026-08-08,wk inc covid hosp,3,2026-08-29,38,quantile,0.025,0.0
2026-08-08,wk inc covid hosp,3,2026-08-29,38,quantile,0.05,0.0
2026-08-08,wk inc covid hosp,3,2026-08-29,38,quantile,0.1,0.0
2026-08-08,wk inc covid hosp,3,2026-08-29,38,quantile,0.15,0.0
2026-08-08,wk inc covid hosp,3,2026-08-29,38,quantile,0.2,0.0
2026-08-08,wk inc covid hosp,3,2026-08-29,38,quantile,0.25,0.0
2026-08-08,wk inc covid hosp,3,2026-08-29,38,quantile,0.3,0.0
2026-08-08,wk inc covid hosp,3,2026-08-29,38,quantile,0.35,0.0
2026-08-08,wk inc covid hosp,3,2026-08-29,38,quantile,0.4,0.0
2026-08-08,wk inc covid hosp,3,2026-08-29,38,quantile,0.45,0.0
2026-08-08,wk inc covid hosp,3,2026-08-29,38,quantile,0.5,0.0
2026-08-08,wk inc covid hosp,3,2026-08-29,38,quantile,0.55,0.0
2026-08-08,wk inc covid hosp,3,2026-08-29,38,quantile,0.6,0.0
2026-08-08,wk inc covid hosp,3,2026-08-29,38,quantile,0.65,0.0
2026-08-08,wk inc covid hosp,3,2026-08-29,38,quantile,0.7,0.0
2026-08-08,wk inc covid hosp,3,2026-08-29,38,quantile,0.75,0.0
2026-08-08,wk inc covid hosp,3,2026-08-29,38,quantile,0.8,0.0
2026-08-08,wk inc covid hosp,3,2026-08-29,38,quantile,0.85,2.0
2026-08-08,wk inc covid hosp,3,2026-08-29,38,quantile,0.9,6.0
2026-08-08,wk inc covid hosp,3,2026-08-29,38,quantile,0.95,12.0
2026-08-08,wk inc covid hosp,3,2026-08-29,38,quantile,0.975,19.0
2026-08-08,wk inc covid hosp,3,2026-08-29,38,quantile,0.99,27.0
2026-08-08,wk inc covid hosp,3,2026-08-29,39,quantile,0.01,6.0
2026-08-08,wk inc covid hosp,3,2026-08-29,39,quantile,0.025,10.0
2026-08-08,wk inc covid hosp,3,2026-08-29,39,quantile,0.05,15.0
2026-08-08,wk inc covid hosp,3,2026-08-29,39,quantile,0.1,24.0
2026-08-08,wk inc covid hosp,3,2026-08-29,39,quantile,0.15,29.0
2026-08-08,wk inc covid hosp,3,2026-08-29,39,quantile,0.2,35.0
2026-08-08,wk inc covid hosp,3,2026-08-29,39,quantile,0.25,39.0
2026-08-08,wk inc covid hosp,3,2026-08-29,39,quantile,0.3,44.0
2026-08-08,wk inc covid hosp,3,2026-08-29,39,quantile,0.35,51.0
2026-08-08,wk inc covid hosp,3,2026-08-29,39,quantile,0.4,54.0
2026-08-08,wk inc covid hosp,3,2026-08-29,39,quantile,0.45,60.0
2026-08-08,wk inc covid hosp,3,2026-08-29,39,quantile,0.5,67.0
2026-08-08,wk inc covid hosp,3,2026-08-29,39,quantile,0.55,74.0
2026-08-08,wk inc covid hosp,3,2026-08-29,39,quantile,0.6,81.0
2026-08-08,wk inc covid hosp,3,2026-08-29,39,quantile,0.65,91.0
2026-08-08,wk inc covid hosp,3,2026-08-29,39,quantile,0.7,98.0
2026-08-08,wk inc covid hosp,3,2026-08-29,39,quantile,0.75,111.0
2026-08-08,wk inc covid hosp,3,2026-08-29,39,quantile,0.8,119.0
2026-08-08,wk inc covid hosp,3,2026-08-29,39,quantile,0.85,131.0
2026-08-08,wk inc covid hosp,3,2026-08-29,39,quantile,0.9,160.0
2026-08-08,wk inc covid hosp,3,2026-08-29,39,quantile,0.95,203.0
2026-08-08,wk inc covid hosp,3,2026-08-29,39,quantile,0.975,255.0
2026-08-08,wk inc covid hosp,3,2026-08-29,39,quantile,0.99,337.0
2026-08-08,wk inc covid hosp,3,2026-08-29,40,quantile,0.01,0.0
2026-08-08,wk inc covid hosp,3,2026-08-29,40,quantile,0.025,0.0
2026-08-08,wk inc covid hosp,3,2026-08-29,40,quantile,0.05,0.0
2026-08-08,wk inc covid hosp,3,2026-08-29,40,quantile,0.1,0.0
2026-08-08,wk inc covid hosp,3,2026-08-29,40,quantile,0.15,2.0
2026-08-08,wk inc covid hosp,3,2026-08-29,40,quantile,0.2,3.0
2026-08-08,wk inc covid hosp,3,2026-08-29,40,quantile,0.25,4.0
2026-08-08,wk inc covid hosp,3,2026-08-29,40,quantile,0.3,5.0
2026-08-08,wk inc covid hosp,3,2026-08-29,40,quantile,0.35,6.0
2026-08-08,wk inc covid hosp,3,2026-08-29,40,quantile,0.4,7.0
2026-08-08,wk inc covid hosp,3,2026-08-29,40,quantile,0.45,9.0
2026-08-08,wk inc covid hosp,3,2026-08-29,40,quantile,0.5,11.0
2026-08-08,wk inc covid hosp,3,2026-08-29,40,quantile,0.55,13.0
2026-08-08,wk inc covid hosp,3,2026-08-29,40,quantile,0.6,15.0
2026-08-08,wk inc covid hosp,3,2026-08-29,40,quantile,0.65,18.0
2026-08-08,wk inc covid hosp,3,2026-08-29,40,quantile,0.7,21.0
2026-08-08,wk inc covid hosp,3,2026-08-29,40,quantile,0.75,25.0
2026-08-08,wk inc covid hosp,3,2026-08-29,40,quantile,0.8,29.0
2026-08-08,wk inc covid hosp,3,2026-08-29,40,quantile,0.85,33.0
2026-08-08,wk inc covid hosp,3,2026-08-29,40,quantile,0.9,41.0
2026-08-08,wk inc covid hosp,3,2026-08-29,40,quantile,0.95,51.0
2026-08-08,wk inc covid hosp,3,2026-08-29,40,quantile,0.975,63.0
2026-08-08,wk inc covid hosp,3,2026-08-29,40,quantile,0.99,81.0
2026-08-08,wk inc covid hosp,3,2026-08-29,41,quantile,0.01,0.0
2026-08-08,wk inc covid hosp,3,2026-08-29,41,quantile,0.025,0.0
2026-08-08,wk inc covid hosp,3,2026-08-29,41,quantile,0.05,0.0
2026-08-08,wk inc covid hosp,3,2026-08-29,41,quantile,0.1,0.0
2026-08-08,wk inc covid hosp,3,2026-08-29,41,quantile,0.15,0.0
2026-08-08,wk inc covid hosp,3,2026-08-29,41,quantile,0.2,0.0
2026-08-08,wk inc covid hosp,3,2026-08-29,41,quantile,0.25,0.0
2026-08-08,wk inc covid hosp,3,2026-08-29,41,quantile,0.3,0.0
2026-08-08,wk inc covid hosp,3,2026-08-29,41,quantile,0.35,1.0
2026-08-08,wk inc covid hosp,3,2026-08-29,41,quantile,0.4,2.0
2026-08-08,wk inc covid hosp,3,2026-08-29,41,quantile,0.45,3.0
2026-08-08,wk inc covid hosp,3,2026-08-29,41,quantile,0.5,3.0
2026-08-08,wk inc covid hosp,3,2026-08-29,41,quantile,0.55,4.0
2026-08-08,wk inc covid hosp,3,2026-08-29,41,quantile,0.6,5.0
2026-08-08,wk inc covid hosp,3,2026-08-29,41,quantile,0.65,7.0
2026-08-08,wk inc covid hosp,3,2026-08-29,41,quantile,0.7,8.0
2026-08-08,wk inc covid hosp,3,2026-08-29,41,quantile,0.75,10.0
2026-08-08,wk inc covid hosp,3,2026-08-29,41,quantile,0.8,13.0
2026-08-08,wk inc covid hosp,3,2026-08-29,41,quantile,0.85,15.0
2026-08-08,wk inc covid hosp,3,2026-08-29,41,quantile,0.9,21.0
2026-08-08,wk inc covid hosp,3,2026-08-29,41,quantile,0.95,26.0
2026-08-08,wk inc covid hosp,3,2026-08-29,41,quantile,0.975,30.0
2026-08-08,wk inc covid hosp,3,2026-08-29,41,quantile,0.99,36.0
2026-08-08,wk inc covid hosp,3,2026-08-29,42,quantile,0.01,2.0
2026-08-08,wk inc covid hosp,3,2026-08-29,42,quantile,0.025,6.0
2026-08-08,wk inc covid hosp,3,2026-08-29,42,quantile,0.05,10.0
2026-08-08,wk inc covid hosp,3,2026-08-29,42,quantile,0.1,14.0
2026-08-08,wk inc covid hosp,3,2026-08-29,42,quantile,0.15,18.0
2026-08-08,wk inc covid hosp,3,2026-08-29,42,quantile,0.2,23.0
2026-08-08,wk inc covid hosp,3,2026-08-29,42,quantile,0.25,28.0
2026-08-08,wk inc covid hosp,3,2026-08-29,42,quantile,0.3,32.0
2026-08-08,wk inc covid hosp,3,2026-08-29,42,quantile,0.35,35.0
2026-08-08,wk inc covid hosp,3,2026-08-29,42,quantile,0.4,38.0
2026-08-08,wk inc covid hosp,3,2026-08-29,42,quantile,0.45,42.0
2026-08-08,wk inc covid hosp,3,2026-08-29,42,quantile,0.5,46.0
2026-08-08,wk inc covid hosp,3,2026-08-29,42,quantile,0.55,51.0
2026-08-08,wk inc covid hosp,3,2026-08-29,42,quantile,0.6,56.0
2026-08-08,wk inc covid hosp,3,2026-08-29,42,quantile,0.65,63.0
2026-08-08,wk inc covid hosp,3,2026-08-29,42,quantile,0.7,69.0
2026-08-08,wk inc covid hosp,3,2026-08-29,42,quantile,0.75,75.0
2026-08-08,wk inc covid hosp,3,2026-08-29,42,quantile,0.8,81.0
2026-08-08,wk inc covid hosp,3,2026-08-29,42,quantile,0.85,90.0
2026-08-08,wk inc covid hosp,3,2026-08-29,42,quantile,0.9,108.0
2026-08-08,wk inc covid hosp,3,2026-08-29,42,quantile,0.95,137.0
2026-08-08,wk inc covid hosp,3,2026-08-29,42,quantile,0.975,152.0
2026-08-08,wk inc covid hosp,3,2026-08-29,42,quantile,0.99,170.0
2026-08-08,wk inc covid hosp,3,2026-08-29,44,quantile,0.01,0.0
2026-08-08,wk inc covid hosp,3,2026-08-29,44,quantile,0.025,0.0
2026-08-08,wk inc covid hosp,3,2026-08-29,44,quantile,0.05,0.0
2026-08-08,wk inc covid hosp,3,2026-08-29,44,quantile,0.1,0.0
2026-08-08,wk inc covid hosp,3,2026-08-29,44,quantile,0.15,0.0
2026-08-08,wk inc covid hosp,3,2026-08-29,44,quantile,0.2,0.0
2026-08-08,wk inc covid hosp,3,2026-08-29,44,quantile,0.25,0.0
2026-08-08,wk inc covid hosp,3,2026-08-29,44,quantile,0.3,0.0
2026-08-08,wk inc covid hosp,3,2026-08-29,44,quantile,0.35,0.0
2026-08-08,wk inc covid hosp,3,2026-08-29,44,quantile,0.4,0.0
2026-08-08,wk inc covid hosp,3,2026-08-29,44,quantile,0.45,0.0
2026-08-08,wk inc covid hosp,3,2026-08-29,44,quantile,0.5,0.0
2026-08-08,wk inc covid hosp,3,2026-08-29,44,quantile,0.55,1.0
2026-08-08,wk inc covid hosp,3,2026-08-29,44,quantile,0.6,2.0
2026-08-08,wk inc covid hosp,3,2026-08-29,44,quantile,0.65,3.0
2026-08-08,wk inc covid hosp,3,2026-08-29,44,quantile,0.7,5.0
2026-08-08,wk inc covid hosp,3,2026-08-29,44,quantile,0.75,7.0
2026-08-08,wk inc covid hosp,3,2026-08-29,44,quantile,0.8,9.0
2026-08-08,wk inc covid hosp,3,2026-08-29,44,quantile,0.85,12.0
2026-08-08,wk inc covid hosp,3,2026-08-29,44,quantile,0.9,16.0
2026-08-08,wk inc covid hosp,3,2026-08-29,44,quantile,0.95,24.0
2026-08-08,wk inc covid hosp,3,2026-08-29,44,quantile,0.975,34.0
2026-08-08,wk inc covid hosp,3,2026-08-29,44,quantile,0.99,48.0
2026-08-08,wk inc covid hosp,3,2026-08-29,45,quantile,0.01,0.0
2026-08-08,wk inc covid hosp,3,2026-08-29,45,quantile,0.025,0.0
2026-08-08,wk inc covid hosp,3,2026-08-29,45,quantile,0.05,1.0
2026-08-08,wk inc covid hosp,3,2026-08-29,45,quantile,0.1,5.0
2026-08-08,wk inc covid hosp,3,2026-08-29,45,quantile,0.15,8.0
2026-08-08,wk inc covid hosp,3,2026-08-29,45,quantile,0.2,11.0
2026-08-08,wk inc covid hosp,3,2026-08-29,45,quantile,0.25,15.0
2026-08-08,wk inc covid hosp,3,2026-08-29,45,quantile,0.3,18.0
2026-08-08,wk inc covid hosp,3,2026-08-29,45,quantile,0.35,23.0
2026-08-08,wk inc covid hosp,3,2026-08-29,45,quantile,0.4,27.0
2026-08-08,wk inc covid hosp,3,2026-08-29,45,quantile,0.45,32.0
2026-08-08,wk inc covid hosp,3,2026-08-29,45,quantile,0.5,34.0
2026-08-08,wk inc covid hosp,3,2026-08-29,45,quantile,0.55,39.0
2026-08-08,wk inc covid hosp,3,2026-08-29,45,quantile,0.6,43.0
2026-08-08,wk inc covid hosp,3,2026-08-29,45,quantile,0.65,49.0
2026-08-08,wk inc covid hosp,3,2026-08-29,45,quantile,0.7,54.0
2026-08-08,wk inc covid hosp,3,2026-08-29,45,quantile,0.75,61.0
2026-08-08,wk inc covid hosp,3,2026-08-29,45,quantile,0.8,67.0
2026-08-08,wk inc covid hosp,3,2026-08-29,45,quantile,0.85,77.0
2026-08-08,wk inc covid hosp,3,2026-08-29,45,quantile,0.9,92.0
2026-08-08,wk inc covid hosp,3,2026-08-29,45,quantile,0.95,112.0
2026-08-08,wk inc covid hosp,3,2026-08-29,45,quantile,0.975,131.0
2026-08-08,wk inc covid hosp,3,2026-08-29,45,quantile,0.99,190.0
2026-08-08,wk inc covid hosp,3,2026-08-29,46,quantile,0.01,0.0
2026-08-08,wk inc covid hosp,3,2026-08-29,46,quantile,0.025,0.0
2026-08-08,wk inc covid hosp,3,2026-08-29,46,quantile,0.05,0.0
2026-08-08,wk inc covid hosp,3,2026-08-29,46,quantile,0.1,0.0
2026-08-08,wk inc covid hosp,3,2026-08-29,46,quantile,0.15,0.0
2026-08-08,wk inc covid hosp,3,2026-08-29,46,quantile,0.2,0.0
2026-08-08,wk inc covid hosp,3,2026-08-29,46,quantile,0.25,0.0
2026-08-08,wk inc covid hosp,3,2026-08-29,46,quantile,0.3,0.0
2026-08-08,wk inc covid hosp,3,2026-08-29,46,quantile,0.35,0.0
2026-08-08,wk inc covid hosp,3,2026-08-29,46,quantile,0.4,0.0
2026-08-08,wk inc covid hosp,3,2026-08-29,46,quantile,0.45,0.0
2026-08-08,wk inc covid hosp,3,2026-08-29,46,quantile,0.5,0.0
2026-08-08,wk inc covid hosp,3,2026-08-29,46,quantile,0.55,0.0
2026-08-08,wk inc covid hosp,3,2026-08-29,46,quantile,0.6,0.0
2026-08-08,wk inc covid hosp,3,2026-08-29,46,quantile,0.65,0.0
2026-08-08,wk inc covid hosp,3,2026-08-29,46,quantile,0.7,0.0
2026-08-08,wk inc covid hosp,3,2026-08-29,46,quantile,0.75,0.0
2026-08-08,wk inc covid hosp,3,2026-08-29,46,quantile,0.8,0.0
2026-08-08,wk inc covid hosp,3,2026-08-29,46,quantile,0.85,0.0
2026-08-08,wk inc covid hosp,3,2026-08-29,46,quantile,0.9,0.0
2026-08-08,wk inc covid hosp,3,2026-08-29,46,quantile,0.95,0.0
2026-08-08,wk inc covid hosp,3,2026-08-29,46,quantile,0.975,0.0
2026-08-08,wk inc covid hosp,3,2026-08-29,46,quantile,0.99,0.0
2026-08-08,wk inc covid hosp,3,2026-08-29,47,quantile,0.01,3.0
2026-08-08,wk inc covid hosp,3,2026-08-29,47,quantile,0.025,8.0
2026-08-08,wk inc covid hosp,3,2026-08-29,47,quantile,0.05,10.0
2026-08-08,wk inc covid hosp,3,2026-08-29,47,quantile,0.1,16.0
2026-08-08,wk inc covid hosp,3,2026-08-29,47,quantile,0.15,21.0
2026-08-08,wk inc covid hosp,3,2026-08-29,47,quantile,0.2,25.0
2026-08-08,wk inc covid hosp,3,2026-08-29,47,quantile,0.25,29.0
2026-08-08,wk inc covid hosp,3,2026-08-29,47,quantile,0.3,34.0
2026-08-08,wk inc covid hosp,3,2026-08-29,47,quantile,0.35,38.0
2026-08-08,wk inc covid hosp,3,2026-08-29,47,quantile,0.4,42.0
2026-08-08,wk inc covid hosp,3,2026-08-29,47,quantile,0.45,47.0
2026-08-08,wk inc covid hosp,3,2026-08-29,47,quantile,0.5,52.0
2026-08-08,wk inc covid hosp,3,2026-08-29,47,quantile,0.55,58.0
2026-08-08,wk inc covid hosp,3,2026-08-29,47,quantile,0.6,64.0
2026-08-08,wk inc covid hosp,3,2026-08-29,47,quantile,0.65,72.0
2026-08-08,wk inc covid hosp,3,2026-08-29,47,quantile,0.7,78.0
2026-08-08,wk inc covid hosp,3,2026-08-29,47,quantile,0.75,84.0
2026-08-08,wk inc covid hosp,3,2026-08-29,47,quantile,0.8,92.0
2026-08-08,wk inc covid hosp,3,2026-08-29,47,quantile,0.85,102.0
2026-08-08,wk inc covid hosp,3,2026-08-29,47,quantile,0.9,124.0
2026-08-08,wk inc covid hosp,3,2026-08-29,47,quantile,0.95,158.0
2026-08-08,wk inc covid hosp,3,2026-08-29,47,quantile,0.975,176.0
2026-08-08,wk inc covid hosp,3,2026-08-29,47,quantile,0.99,226.0
2026-08-08,wk inc covid hosp,3,2026-08-29,48,quantile,0.01,116.0
2026-08-08,wk inc covid hosp,3,2026-08-29,48,quantile,0.025,136.0
2026-08-08,wk inc covid hosp,3,2026-08-29,48,quantile,0.05,160.0
2026-08-08,wk inc covid hosp,3,2026-08-29,48,quantile,0.1,194.0
2026-08-08,wk inc covid hosp,3,2026-08-29,48,quantile,0.15,215.0
2026-08-08,wk inc covid hosp,3,2026-08-29,48,quantile,0.2,235.0
2026-08-08,wk inc covid hosp,3,2026-08-29,48,quantile,0.25,249.0
2026-08-08,wk inc covid hosp,3,2026-08-29,48,quantile,0.3,266.0
2026-08-08,wk inc covid hosp,3,2026-08-29,48,quantile,0.35,289.0
2026-08-08,wk inc covid hosp,3,2026-08-29,48,quantile,0.4,309.0
2026-08-08,wk inc covid hosp,3,2026-08-29,48,quantile,0.45,331.0
2026-08-08,wk inc covid hosp,3,2026-08-29,48,quantile,0.5,347.0
2026-08-08,wk inc covid hosp,3,2026-08-29,48,quantile,0.55,367.0
2026-08-08,wk inc covid hosp,3,2026-08-29,48,quantile,0.6,396.0
2026-08-08,wk inc covid hosp,3,2026-08-29,48,quantile,0.65,416.0
2026-08-08,wk inc covid hosp,3,2026-08-29,48,quantile,0.7,437.0
2026-08-08,wk inc covid hosp,3,2026-08-29,48,quantile,0.75,474.0
2026-08-08,wk inc covid hosp,3,2026-08-29,48,quantile,0.8,513.0
2026-08-08,wk inc covid hosp,3,2026-08-29,48,quantile,0.85,556.0
2026-08-08,wk inc covid hosp,3,2026-08-29,48,quantile,0.9,623.0
2026-08-08,wk inc covid hosp,3,2026-08-29,48,quantile,0.95,726.0
2026-08-08,wk inc covid hosp,3,2026-08-29,48,quantile,0.975,784.0
2026-08-08,wk inc covid hosp,3,2026-08-29,48,quantile,0.99,847.0
2026-08-08,wk inc covid hosp,3,2026-08-29,49,quantile,0.01,0.0
2026-08-08,wk inc covid hosp,3,2026-08-29,49,quantile,0.025,0.0
2026-08-08,wk inc covid hosp,3,2026-08-29,49,quantile,0.05,0.0
2026-08-08,wk inc covid hosp,3,2026-08-29,49,quantile,0.1,0.0
2026-08-08,wk inc covid hosp,3,2026-08-29,49,quantile,0.15,0.0
2026-08-08,wk inc covid hosp,3,2026-08-29,49,quantile,0.2,0.0
2026-08-08,wk inc covid hosp,3,2026-08-29,49,quantile,0.25,0.0
2026-08-08,wk inc covid hosp,3,2026-08-29,49,quantile,0.3,0.0
2026-08-08,wk inc covid hosp,3,2026-08-29,49,quantile,0.35,0.0
2026-08-08,wk inc covid hosp,3,2026-08-29,49,quantile,0.4,0.0
2026-08-08,wk inc covid hosp,3,2026-08-29,49,quantile,0.45,0.0
2026-08-08,wk inc covid hosp,3,2026-08-29,49,quantile,0.5,0.0
2026-08-08,wk inc covid hosp,3,2026-08-29,49,quantile,0.55,0.0
2026-08-08,wk inc covid hosp,3,2026-08-29,49,quantile,0.6,0.0
2026-08-08,wk inc covid hosp,3,2026-08-29,49,quantile,0.65,2.0
2026-08-08,wk inc covid hosp,3,2026-08-29,49,quantile,0.7,4.0
2026-08-08,wk inc covid hosp,3,2026-08-29,49,quantile,0.75,6.0
2026-08-08,wk inc covid hosp,3,2026-08-29,49,quantile,0.8,8.0
2026-08-08,wk inc covid hosp,3,2026-08-29,49,quantile,0.85,12.0
2026-08-08,wk inc covid hosp,3,2026-08-29,49,quantile,0.9,14.0
2026-08-08,wk inc covid hosp,3,2026-08-29,49,quantile,0.95,22.0
2026-08-08,wk inc covid hosp,3,2026-08-29,49,quantile,0.975,28.0
2026-08-08,wk inc covid hosp,3,2026-08-29,49,quantile,0.99,36.0
2026-08-08,wk inc covid hosp,3,2026-08-29,50,quantile,0.01,0.0
2026-08-08,wk inc covid hosp,3,2026-08-29,50,quantile,0.025,0.0
2026-08-08,wk inc covid hosp,3,2026-08-29,50,quantile,0.05,0.0
2026-08-08,wk inc covid hosp,3,2026-08-29,50,quantile,0.1,0.0
2026-08-08,wk inc covid hosp,3,2026-08-29,50,quantile,0.15,0.0
2026-08-08,wk inc covid hosp,3,2026-08-29,50,quantile,0.2,0.0
2026-08-08,wk inc covid hosp,3,2026-08-29,50,quantile,0.25,0.0
2026-08-08,wk inc covid hosp,3,2026-08-29,50,quantile,0.3,0.0
2026-08-08,wk inc covid hosp,3,2026-08-29,50,quantile,0.35,0.0
2026-08-08,wk inc covid hosp,3,2026-08-29,50,quantile,0.4,0.0
2026-08-08,wk inc covid hosp,3,2026-08-29,50,quantile,0.45,0.0
2026-08-08,wk inc covid hosp,3,2026-08-29,50,quantile,0.5,0.0
2026-08-08,wk inc covid hosp,3,2026-08-29,50,quantile,0.55,0.0
2026-08-08,wk inc covid hosp,3,2026-08-29,50,quantile,0.6,0.0
2026-08-08,wk inc covid hosp,3,2026-08-29,50,quantile,0.65,0.0
2026-08-08,wk inc covid hosp,3,2026-08-29,50,quantile,0.7,0.0
2026-08-08,wk inc covid hosp,3,2026-08-29,50,quantile,0.75,0.0
2026-08-08,wk inc covid hosp,3,2026-08-29,50,quantile,0.8,0.0
2026-08-08,wk inc covid hosp,3,2026-08-29,50,quantile,0.85,0.0
2026-08-08,wk inc covid hosp,3,2026-08-29,50,quantile,0.9,0.0
2026-08-08,wk inc covid hosp,3,2026-08-29,50,quantile,0.95,0.0
2026-08-08,wk inc covid hosp,3,2026-08-29,50,quantile,0.975,0.0
2026-08-08,wk inc covid hosp,3,2026-08-29,50,quantile,0.99,0.0
2026-08-08,wk inc covid hosp,3,2026-08-29,51,quantile,0.01,0.0
2026-08-08,wk inc covid hosp,3,2026-08-29,51,quantile,0.025,0.0
2026-08-08,wk inc covid hosp,3,2026-08-29,51,quantile,0.05,0.0
2026-08-08,wk inc covid hosp,3,2026-08-29,51,quantile,0.1,2.0
2026-08-08,wk inc covid hosp,3,2026-08-29,51,quantile,0.15,3.0
2026-08-08,wk inc covid hosp,3,2026-08-29,51,quantile,0.2,5.0
2026-08-08,wk inc covid hosp,3,2026-08-29,51,quantile,0.25,6.0
2026-08-08,wk inc covid hosp,3,2026-08-29,51,quantile,0.3,8.0
2026-08-08,wk inc covid hosp,3,2026-08-29,51,quantile,0.35,10.0
2026-08-08,wk inc covid hosp,3,2026-08-29,51,quantile,0.4,12.0
2026-08-08,wk inc covid hosp,3,2026-08-29,51,quantile,0.45,14.0
2026-08-08,wk inc covid hosp,3,2026-08-29,51,quantile,0.5,16.0
2026-08-08,wk inc covid hosp,3,2026-08-29,51,quantile,0.55,19.0
2026-08-08,wk inc covid hosp,3,2026-08-29,51,quantile,0.6,22.0
2026-08-08,wk inc covid hosp,3,2026-08-29,51,quantile,0.65,25.0
2026-08-08,wk inc covid hosp,3,2026-08-29,51,quantile,0.7,28.0
2026-08-08,wk inc covid hosp,3,2026-08-29,51,quantile,0.75,31.0
2026-08-08,wk inc covid hosp,3,2026-08-29,51,quantile,0.8,35.0
2026-08-08,wk inc covid hosp,3,2026-08-29,51,quantile,0.85,41.0
2026-08-08,wk inc covid hosp,3,2026-08-29,51,quantile,0.9,48.0
2026-08-08,wk inc covid hosp,3,2026-08-29,51,quantile,0.95,65.0
2026-08-08,wk inc covid hosp,3,2026-08-29,51,quantile,0.975,73.0
2026-08-08,wk inc covid hosp,3,2026-08-29,51,quantile,0.99,83.0
2026-08-08,wk inc covid hosp,3,2026-08-29,53,quantile,0.01,0.0
2026-08-08,wk inc covid hosp,3,2026-08-29,53,quantile,0.025,0.0
2026-08-08,wk inc covid hosp,3,2026-08-29,53,quantile,0.05,0.0
2026-08-08,wk inc covid hosp,3,2026-08-29,53,quantile,0.1,0.0
2026-08-08,wk inc covid hosp,3,2026-08-29,53,quantile,0.15,2.0
2026-08-08,wk inc covid hosp,3,2026-08-29,53,quantile,0.2,4.0
2026-08-08,wk inc covid hosp,3,2026-08-29,53,quantile,0.25,5.0
2026-08-08,wk inc covid hosp,3,2026-08-29,53,quantile,0.3,6.0
2026-08-08,wk inc covid hosp,3,2026-08-29,53,quantile,0.35,8.0
2026-08-08,wk inc covid hosp,3,2026-08-29,53,quantile,0.4,9.0
2026-08-08,wk inc covid hosp,3,2026-08-29,53,quantile,0.45,11.0
2026-08-08,wk inc covid hosp,3,2026-08-29,53,quantile,0.5,12.0
2026-08-08,wk inc covid hosp,3,2026-08-29,53,quantile,0.55,13.0
2026-08-08,wk inc covid hosp,3,2026-08-29,53,quantile,0.6,15.0
2026-08-08,wk inc covid hosp,3,2026-08-29,53,quantile,0.65,18.0
2026-08-08,wk inc covid hosp,3,2026-08-29,53,quantile,0.7,19.0
2026-08-08,wk inc covid hosp,3,2026-08-29,53,quantile,0.75,22.0
2026-08-08,wk inc covid hosp,3,2026-08-29,53,quantile,0.8,26.0
2026-08-08,wk inc covid hosp,3,2026-08-29,53,quantile,0.85,29.0
2026-08-08,wk inc covid hosp,3,2026-08-29,53,quantile,0.9,35.0
2026-08-08,wk inc covid hosp,3,2026-08-29,53,quantile,0.95,47.0
2026-08-08,wk inc covid hosp,3,2026-08-29,53,quantile,0.975,53.0
2026-08-08,wk inc covid hosp,3,2026-08-29,53,quantile,0.99,66.0
2026-08-08,wk inc covid hosp,3,2026-08-29,54,quantile,0.01,0.0
2026-08-08,wk inc covid hosp,3,2026-08-29,54,quantile,0.025,0.0
2026-08-08,wk inc covid hosp,3,2026-08-29,54,quantile,0.05,0.0
2026-08-08,wk inc covid hosp,3,2026-08-29,54,quantile,0.1,0.0
2026-08-08,wk inc covid hosp,3,2026-08-29,54,quantile,0.15,0.0
2026-08-08,wk inc covid hosp,3,2026-08-29,54,quantile,0.2,0.0
2026-08-08,wk inc covid hosp,3,2026-08-29,54,quantile,0.25,0.0
2026-08-08,wk inc covid hosp,3,2026-08-29,54,quantile,0.3,0.0
2026-08-08,wk inc covid hosp,3,2026-08-29,54,quantile,0.35,0.0
2026-08-08,wk inc covid hosp,3,2026-08-29,54,quantile,0.4,0.0
2026-08-08,wk inc covid hosp,3,2026-08-29,54,quantile,0.45,0.0
2026-08-08,wk inc covid hosp,3,2026-08-29,54,quantile,0.5,0.0
2026-08-08,wk inc covid hosp,3,2026-08-29,54,quantile,0.55,0.0
2026-08-08,wk inc covid hosp,3,2026-08-29,54,quantile,0.6,0.0
2026-08-08,wk inc covid hosp,3,2026-08-29,54,quantile,0.65,0.0
2026-08-08,wk inc covid hosp,3,2026-08-29,54,quantile,0.7,0.0
2026-08-08,wk inc covid hosp,3,2026-08-29,54,quantile,0.75,0.0
2026-08-08,wk inc covid hosp,3,2026-08-29,54,quantile,0.8,0.0
2026-08-08,wk inc covid hosp,3,2026-08-29,54,quantile,0.85,0.0
2026-08-08,wk inc covid hosp,3,2026-08-29,54,quantile,0.9,0.0
2026-08-08,wk inc covid hosp,3,2026-08-29,54,quantile,0.95,1.0
2026-08-08,wk inc covid hosp,3,2026-08-29,54,quantile,0.975,2.0
2026-08-08,wk inc covid hosp,3,2026-08-29,54,quantile,0.99,3.0
2026-08-08,wk inc covid hosp,3,2026-08-29,55,quantile,0.01,0.0
2026-08-08,wk inc covid hosp,3,2026-08-29,55,quantile,0.025,2.0
2026-08-08,wk inc covid hosp,3,2026-08-29,55,quantile,0.05,7.0
2026-08-08,wk inc covid hosp,3,2026-08-29,55,quantile,0.1,15.0
2026-08-08,wk inc covid hosp,3,2026-08-29,55,quantile,0.15,21.0
2026-08-08,wk inc covid hosp,3,2026-08-29,55,quantile,0.2,28.0
2026-08-08,wk inc covid hosp,3,2026-08-29,55,quantile,0.25,32.0
2026-08-08,wk inc covid hosp,3,2026-08-29,55,quantile,0.3,40.0
2026-08-08,wk inc covid hosp,3,2026-08-29,55,quantile,0.35,46.0
2026-08-08,wk inc covid hosp,3,2026-08-29,55,quantile,0.4,52.0
2026-08-08,wk inc covid hosp,3,2026-08-29,55,quantile,0.45,58.0
2026-08-08,wk inc covid hosp,3,2026-08-29,55,quantile,0.5,66.0
2026-08-08,wk inc covid hosp,3,2026-08-29,55,quantile,0.55,75.0
2026-08-08,wk inc covid hosp,3,2026-08-29,55,quantile,0.6,86.0
2026-08-08,wk inc covid hosp,3,2026-08-29,55,quantile,0.65,94.0
2026-08-08,wk inc covid hosp,3,2026-08-29,55,quantile,0.7,101.0
2026-08-08,wk inc covid hosp,3,2026-08-29,55,quantile,0.75,112.0
2026-08-08,wk inc covid hosp,3,2026-08-29,55,quantile,0.8,130.0
2026-08-08,wk inc covid hosp,3,2026-08-29,55,quantile,0.85,154.0
2026-08-08,wk inc covid hosp,3,2026-08-29,55,quantile,0.9,187.0
2026-08-08,wk inc covid hosp,3,2026-08-29,55,quantile,0.95,235.0
2026-08-08,wk inc covid hosp,3,2026-08-29,55,quantile,0.975,307.0
2026-08-08,wk inc covid hosp,3,2026-08-29,55,quantile,0.99,358.0
2026-08-08,wk inc covid hosp,3,2026-08-29,56,quantile,0.01,0.0
2026-08-08,wk inc covid hosp,3,2026-08-29,56,quantile,0.025,0.0
2026-08-08,wk inc covid hosp,3,2026-08-29,56,quantile,0.05,0.0
2026-08-08,wk inc covid hosp,3,2026-08-29,56,quantile,0.1,0.0
2026-08-08,wk inc covid hosp,3,2026-08-29,56,quantile,0.15,0.0
2026-08-08,wk inc covid hosp,3,2026-08-29,56,quantile,0.2,0.0
2026-08-08,wk inc covid hosp,3,2026-08-29,56,quantile,0.25,0.0
2026-08-08,wk inc covid hosp,3,2026-08-29,56,quantile,0.3,0.0
2026-08-08,wk inc covid hosp,3,2026-08-29,56,quantile,0.35,0.0
2026-08-08,wk inc covid hosp,3,2026-08-29,56,quantile,0.4,0.0
2026-08-08,wk inc covid hosp,3,2026-08-29,56,quantile,0.45,0.0
2026-08-08,wk inc covid hosp,3,2026-08-29,56,quantile,0.5,0.0
2026-08-08,wk inc covid hosp,3,2026-08-29,56,quantile,0.55,0.0
2026-08-08,wk inc covid hosp,3,2026-08-29,56,quantile,0.6,0.0
2026-08-08,wk inc covid hosp,3,2026-08-29,56,quantile,0.65,0.0
2026-08-08,wk inc covid hosp,3,2026-08-29,56,quantile,0.7,0.0
2026-08-08,wk inc covid hosp,3,2026-08-29,56,quantile,0.75,0.0
2026-08-08,wk inc covid hosp,3,2026-08-29,56,quantile,0.8,0.0
2026-08-08,wk inc covid hosp,3,2026-08-29,56,quantile,0.85,0.0
2026-08-08,wk inc covid hosp,3,2026-08-29,56,quantile,0.9,0.0
2026-08-08,wk inc covid hosp,3,2026-08-29,56,quantile,0.95,0.0
2026-08-08,wk inc covid hosp,3,2026-08-29,56,quantile,0.975,0.0
2026-08-08,wk inc covid hosp,3,2026-08-29,56,quantile,0.99,0.0
2026-08-08,wk inc covid hosp,3,2026-08-29,72,quantile,0.01,0.0
2026-08-08,wk inc covid hosp,3,2026-08-29,72,quantile,0.025,0.0
2026-08-08,wk inc covid hosp,3,2026-08-29,72,quantile,0.05,2.0
2026-08-08,wk inc covid hosp,3,2026-08-29,72,quantile,0.1,5.0
2026-08-08,wk inc covid hosp,3,2026-08-29,72,quantile,0.15,9.0
2026-08-08,wk inc covid hosp,3,2026-08-29,72,quantile,0.2,11.0
2026-08-08,wk inc covid hosp,3,2026-08-29,72,quantile,0.25,13.0
2026-08-08,wk inc covid hosp,3,2026-08-29,72,quantile,0.3,14.0
2026-08-08,wk inc covid hosp,3,2026-08-29,72,quantile,0.35,16.0
2026-08-08,wk inc covid hosp,3,2026-08-29,72,quantile,0.4,18.0
2026-08-08,wk inc covid hosp,3,2026-08-29,72,quantile,0.45,21.0
2026-08-08,wk inc covid hosp,3,2026-08-29,72,quantile,0.5,23.0
2026-08-08,wk inc covid hosp,3,2026-08-29,72,quantile,0.55,24.0
2026-08-08,wk inc covid hosp,3,2026-08-29,72,quantile,0.6,26.0
2026-08-08,wk inc covid hosp,3,2026-08-29,72,quantile,0.65,28.0
2026-08-08,wk inc covid hosp,3,2026-08-29,72,quantile,0.7,31.0
2026-08-08,wk inc covid hosp,3,2026-08-29,72,quantile,0.75,33.0
2026-08-08,wk inc covid hosp,3,2026-08-29,72,quantile,0.8,38.0
2026-08-08,wk inc covid hosp,3,2026-08-29,72,quantile,0.85,45.0
2026-08-08,wk inc covid hosp,3,2026-08-29,72,quantile,0.9,51.0
2026-08-08,wk inc covid hosp,3,2026-08-29,72,quantile,0.95,64.0
2026-08-08,wk inc covid hosp,3,2026-08-29,72,quantile,0.975,78.0
2026-08-08,wk inc covid hosp,3,2026-08-29,72,quantile,0.99,86.0
