id,seed,temperature,dir,ens_acc,ens_ce
0,1,0.0001,run_0,0.9071,0.41457877
1,1,0.001,run_1,0.9086,0.37458166
2,1,0.01,run_2,0.9144,0.34805304
3,1,0.1,run_3,0.9082,0.29580609999999996
4,1,0.177828,run_4,0.9063,0.2917594
5,1,0.316228,run_5,0.9007,0.28919944
6,1,0.562341,run_6,0.8931,0.31784263
7,1,1.0,run_7,0.873,0.38322848
