id,seed,temperature,dir,ens_acc,ens_ce
0,1,0.1,run_0,0.5611,1.2148816999999998
1,1,1.0,run_1,0.5631,1.216646
2,2,0.1,run_2,0.5916,1.1341463
3,2,1.0,run_3,0.5769,1.1686572
