reference_date,target,horizon,target_end_date,location,output_type,output_type_id,value
2026-09-12,wk inc covid hosp,0,2026-09-12,01,quantile,0.01,54.0
2026-09-12,wk inc covid hosp,0,2026-09-12,01,quantile,0.025,57.0
2026-09-12,wk inc covid hosp,0,2026-09-12,01,quantile,0.05,63.0
2026-09-12,wk inc covid hosp,0,2026-09-12,01,quantile,0.1,67.0
2026-09-12,wk inc covid hosp,0,2026-09-12,01,quantile,0.15,70.0
2026-09-12,wk inc covid hosp,0,2026-09-12,01,quantile,0.2,76.0
2026-09-12,wk inc covid hosp,0,2026-09-12,01,quantile,0.25,87.0
2026-09-12,wk inc covid hosp,0,2026-09-12,01,quantile,0.3,90.0
2026-09-12,wk inc covid hosp,0,2026-09-12,01,quantile,0.35,92.0
2026-09-12,wk inc covid hosp,0,2026-09-12,01,quantile,0.4,94.0
2026-09-12,wk inc covid hosp,0,2026-09-12,01,quantile,0.45,95.0
2026-09-12,wk inc covid hosp,0,2026-09-12,01,quantile,0.5,98.0
2026-09-12,wk inc covid hosp,0,2026-09-12,01,quantile,0.55,101.0
2026-09-12,wk inc covid hosp,0,2026-09-12,01,quantile,0.6,104.0
2026-09-12,wk inc covid hosp,0,2026-09-12,01,quantile,0.65,106.0
2026-09-12,wk inc covid hosp,0,2026-09-12,01,quantile,0.7,108.0
2026-09-12,wk inc covid hosp,0,2026-09-12,01,quantile,0.75,111.0
2026-09-12,wk inc covid hosp,0,2026-09-12,01,quantile,0.8,116.0
2026-09-12,wk inc covid hosp,0,2026-09-12,01,quantile,0.85,121.0
2026-09-12,wk inc covid hosp,0,2026-09-12,01,quantile,0.9,125.0
2026-09-12,wk inc covid hosp,0,2026-09-12,01,quantile,0.95,137.0
2026-09-12,wk inc covid hosp,0,2026-09-12,01,quantile,0.975,150.0
2026-09-12,wk inc covid hosp,0,2026-09-12,01,quantile,0.99,160.0
2026-09-12,wk inc covid hosp,0,2026-09-12,02,quantile,0.01,1.0
2026-09-12,wk inc covid hosp,0,2026-09-12,02,quantile,0.025,2.0
2026-09-12,wk inc covid hosp,0,2026-09-12,02,quantile,0.05,2.0
2026-09-12,wk inc covid hosp,0,2026-09-12,02,quantile,0.1,2.0
2026-09-12,wk inc covid hosp,0,2026-09-12,02,quantile,0.15,3.0
2026-09-12,wk inc covid hosp,0,2026-09-12,02,quantile,0.2,3.0
2026-09-12,wk inc covid hosp,0,2026-09-12,02,quantile,0.25,4.0
2026-09-12,wk inc covid hosp,0,2026-09-12,02,quantile,0.3,5.0
2026-09-12,wk inc covid hosp,0,2026-09-12,02,quantile,0.35,5.0
2026-09-12,wk inc covid hosp,0,2026-09-12,02,quantile,0.4,6.0
2026-09-12,wk inc covid hosp,0,2026-09-12,02,quantile,0.45,6.0
2026-09-12,wk inc covid hosp,0,2026-09-12,02,quantile,0.5,7.0
2026-09-12,wk inc covid hosp,0,2026-09-12,02,quantile,0.55,7.0
2026-09-12,wk inc covid hosp,0,2026-09-12,02,quantile,0.6,8.0
2026-09-12,wk inc covid hosp,0,2026-09-12,02,quantile,0.65,8.0
2026-09-12,wk inc covid hosp,0,2026-09-12,02,quantile,0.7,9.0
2026-09-12,wk inc covid hosp,0,2026-09-12,02,quantile,0.75,10.0
2026-09-12,wk inc covid hosp,0,2026-09-12,02,quantile,0.8,11.0
2026-09-12,wk inc covid hosp,0,2026-09-12,02,quantile,0.85,13.0
2026-09-12,wk inc covid hosp,0,2026-09-12,02,quantile,0.9,16.0
2026-09-12,wk inc covid hosp,0,2026-09-12,02,quantile,0.95,21.0
2026-09-12,wk inc covid hosp,0,2026-09-12,02,quantile,0.975,31.0
2026-09-12,wk inc covid hosp,0,2026-09-12,02,quantile,0.99,40.0
2026-09-12,wk inc covid hosp,0,2026-09-12,04,quantile,0.01,61.0
2026-09-12,wk inc covid hosp,0,2026-09-12,04,quantile,0.025,63.0
2026-09-12,wk inc covid hosp,0,2026-09-12,04,quantile,0.05,65.0
2026-09-12,wk inc covid hosp,0,2026-09-12,04,quantile,0.1,68.0
2026-09-12,wk inc covid hosp,0,2026-09-12,04,quantile,0.15,70.0
2026-09-12,wk inc covid hosp,0,2026-09-12,04,quantile,0.2,73.0
2026-09-12,wk inc covid hosp,0,2026-09-12,04,quantile,0.25,77.0
2026-09-12,wk inc covid hosp,0,2026-09-12,04,quantile,0.3,80.0
2026-09-12,wk inc covid hosp,0,2026-09-12,04,quantile,0.35,82.0
2026-09-12,wk inc covid hosp,0,2026-09-12,04,quantile,0.4,84.0
2026-09-12,wk inc covid hosp,0,2026-09-12,04,quantile,0.45,85.0
2026-09-12,wk inc covid hosp,0,2026-09-12,04,quantile,0.5,87.0
2026-09-12,wk inc covid hosp,0,2026-09-12,04,quantile,0.55,88.0
2026-09-12,wk inc covid hosp,0,2026-09-12,04,quantile,0.6,90.0
2026-09-12,wk inc covid hosp,0,2026-09-12,04,quantile,0.65,92.0
2026-09-12,wk inc covid hosp,0,2026-09-12,04,quantile,0.7,94.0
2026-09-12,wk inc covid hosp,0,2026-09-12,04,quantile,0.75,99.0
2026-09-12,wk inc covid hosp,0,2026-09-12,04,quantile,0.8,102.0
2026-09-12,wk inc covid hosp,0,2026-09-12,04,quantile,0.85,105.0
2026-09-12,wk inc covid hosp,0,2026-09-12,04,quantile,0.9,111.0
2026-09-12,wk inc covid hosp,0,2026-09-12,04,quantile,0.95,122.0
2026-09-12,wk inc covid hosp,0,2026-09-12,04,quantile,0.975,133.0
2026-09-12,wk inc covid hosp,0,2026-09-12,04,quantile,0.99,143.0
2026-09-12,wk inc covid hosp,0,2026-09-12,05,quantile,0.01,9.0
2026-09-12,wk inc covid hosp,0,2026-09-12,05,quantile,0.025,10.0
2026-09-12,wk inc covid hosp,0,2026-09-12,05,quantile,0.05,11.0
2026-09-12,wk inc covid hosp,0,2026-09-12,05,quantile,0.1,12.0
2026-09-12,wk inc covid hosp,0,2026-09-12,05,quantile,0.15,12.0
2026-09-12,wk inc covid hosp,0,2026-09-12,05,quantile,0.2,13.0
2026-09-12,wk inc covid hosp,0,2026-09-12,05,quantile,0.25,14.0
2026-09-12,wk inc covid hosp,0,2026-09-12,05,quantile,0.3,15.0
2026-09-12,wk inc covid hosp,0,2026-09-12,05,quantile,0.35,15.0
2026-09-12,wk inc covid hosp,0,2026-09-12,05,quantile,0.4,16.0
2026-09-12,wk inc covid hosp,0,2026-09-12,05,quantile,0.45,16.0
2026-09-12,wk inc covid hosp,0,2026-09-12,05,quantile,0.5,17.0
2026-09-12,wk inc covid hosp,0,2026-09-12,05,quantile,0.55,17.0
2026-09-12,wk inc covid hosp,0,2026-09-12,05,quantile,0.6,18.0
2026-09-12,wk inc covid hosp,0,2026-09-12,05,quantile,0.65,19.0
2026-09-12,wk inc covid hosp,0,2026-09-12,05,quantile,0.7,20.0
2026-09-12,wk inc covid hosp,0,2026-09-12,05,quantile,0.75,21.0
2026-09-12,wk inc covid hosp,0,2026-09-12,05,quantile,0.8,23.0
2026-09-12,wk inc covid hosp,0,2026-09-12,05,quantile,0.85,24.0
2026-09-12,wk inc covid hosp,0,2026-09-12,05,quantile,0.9,25.0
2026-09-12,wk inc covid hosp,0,2026-09-12,05,quantile,0.95,27.0
2026-09-12,wk inc covid hosp,0,2026-09-12,05,quantile,0.975,30.0
2026-09-12,wk inc covid hosp,0,2026-09-12,05,quantile,0.99,34.0
2026-09-12,wk inc covid hosp,0,2026-09-12,06,quantile,0.01,477.0
2026-09-12,wk inc covid hosp,0,2026-09-12,06,quantile,0.025,486.0
2026-09-12,wk inc covid hosp,0,2026-09-12,06,quantile,0.05,500.0
2026-09-12,wk inc covid hosp,0,2026-09-12,06,quantile,0.1,519.0
2026-09-12,wk inc covid hosp,0,2026-09-12,06,quantile,0.15,530.0
2026-09-12,wk inc covid hosp,0,2026-09-12,06,quantile,0.2,544.0
2026-09-12,wk inc covid hosp,0,2026-09-12,06,quantile,0.25,580.0
2026-09-12,wk inc covid hosp,0,2026-09-12,06,quantile,0.3,603.0
2026-09-12,wk inc covid hosp,0,2026-09-12,06,quantile,0.35,617.0
2026-09-12,wk inc covid hosp,0,2026-09-12,06,quantile,0.4,629.0
2026-09-12,wk inc covid hosp,0,2026-09-12,06,quantile,0.45,638.0
2026-09-12,wk inc covid hosp,0,2026-09-12,06,quantile,0.5,649.0
2026-09-12,wk inc covid hosp,0,2026-09-12,06,quantile,0.55,659.0
2026-09-12,wk inc covid hosp,0,2026-09-12,06,quantile,0.6,668.0
2026-09-12,wk inc covid hosp,0,2026-09-12,06,quantile,0.65,678.0
2026-09-12,wk inc covid hosp,0,2026-09-12,06,quantile,0.7,692.0
2026-09-12,wk inc covid hosp,0,2026-09-12,06,quantile,0.75,714.0
2026-09-12,wk inc covid hosp,0,2026-09-12,06,quantile,0.8,736.0
2026-09-12,wk inc covid hosp,0,2026-09-12,06,quantile,0.85,756.0
2026-09-12,wk inc covid hosp,0,2026-09-12,06,quantile,0.9,781.0
2026-09-12,wk inc covid hosp,0,2026-09-12,06,quantile,0.95,821.0
2026-09-12,wk inc covid hosp,0,2026-09-12,06,quantile,0.975,873.0
2026-09-12,wk inc covid hosp,0,2026-09-12,06,quantile,0.99,941.0
2026-09-12,wk inc covid hosp,0,2026-09-12,08,quantile,0.01,19.0
2026-09-12,wk inc covid hosp,0,2026-09-12,08,quantile,0.025,20.0
2026-09-12,wk inc covid hosp,0,2026-09-12,08,quantile,0.05,21.0
2026-09-12,wk inc covid hosp,0,2026-09-12,08,quantile,0.1,22.0
2026-09-12,wk inc covid hosp,0,2026-09-12,08,quantile,0.15,23.0
2026-09-12,wk inc covid hosp,0,2026-09-12,08,quantile,0.2,24.0
2026-09-12,wk inc covid hosp,0,2026-09-12,08,quantile,0.25,25.0
2026-09-12,wk inc covid hosp,0,2026-09-12,08,quantile,0.3,26.0
2026-09-12,wk inc covid hosp,0,2026-09-12,08,quantile,0.35,27.0
2026-09-12,wk inc covid hosp,0,2026-09-12,08,quantile,0.4,28.0
2026-09-12,wk inc covid hosp,0,2026-09-12,08,quantile,0.45,29.0
2026-09-12,wk inc covid hosp,0,2026-09-12,08,quantile,0.5,30.0
2026-09-12,wk inc covid hosp,0,2026-09-12,08,quantile,0.55,31.0
2026-09-12,wk inc covid hosp,0,2026-09-12,08,quantile,0.6,32.0
2026-09-12,wk inc covid hosp,0,2026-09-12,08,quantile,0.65,32.0
2026-09-12,wk inc covid hosp,0,2026-09-12,08,quantile,0.7,33.0
2026-09-12,wk inc covid hosp,0,2026-09-12,08,quantile,0.75,35.0
2026-09-12,wk inc covid hosp,0,2026-09-12,08,quantile,0.8,37.0
2026-09-12,wk inc covid hosp,0,2026-09-12,08,quantile,0.85,38.0
2026-09-12,wk inc covid hosp,0,2026-09-12,08,quantile,0.9,40.0
2026-09-12,wk inc covid hosp,0,2026-09-12,08,quantile,0.95,43.0
2026-09-12,wk inc covid hosp,0,2026-09-12,08,quantile,0.975,48.0
2026-09-12,wk inc covid hosp,0,2026-09-12,08,quantile,0.99,51.0
2026-09-12,wk inc covid hosp,0,2026-09-12,09,quantile,0.01,4.0
2026-09-12,wk inc covid hosp,0,2026-09-12,09,quantile,0.025,5.0
2026-09-12,wk inc covid hosp,0,2026-09-12,09,quantile,0.05,6.0
2026-09-12,wk inc covid hosp,0,2026-09-12,09,quantile,0.1,6.0
2026-09-12,wk inc covid hosp,0,2026-09-12,09,quantile,0.15,7.0
2026-09-12,wk inc covid hosp,0,2026-09-12,09,quantile,0.2,8.0
2026-09-12,wk inc covid hosp,0,2026-09-12,09,quantile,0.25,10.0
2026-09-12,wk inc covid hosp,0,2026-09-12,09,quantile,0.3,11.0
2026-09-12,wk inc covid hosp,0,2026-09-12,09,quantile,0.35,11.0
2026-09-12,wk inc covid hosp,0,2026-09-12,09,quantile,0.4,12.0
2026-09-12,wk inc covid hosp,0,2026-09-12,09,quantile,0.45,12.0
2026-09-12,wk inc covid hosp,0,2026-09-12,09,quantile,0.5,13.0
2026-09-12,wk inc covid hosp,0,2026-09-12,09,quantile,0.55,13.0
2026-09-12,wk inc covid hosp,0,2026-09-12,09,quantile,0.6,15.0
2026-09-12,wk inc covid hosp,0,2026-09-12,09,quantile,0.65,16.0
2026-09-12,wk inc covid hosp,0,2026-09-12,09,quantile,0.7,17.0
2026-09-12,wk inc covid hosp,0,2026-09-12,09,quantile,0.75,17.0
2026-09-12,wk inc covid hosp,0,2026-09-12,09,quantile,0.8,18.0
2026-09-12,wk inc covid hosp,0,2026-09-12,09,quantile,0.85,19.0
2026-09-12,wk inc covid hosp,0,2026-09-12,09,quantile,0.9,21.0
2026-09-12,wk inc covid hosp,0,2026-09-12,09,quantile,0.95,24.0
2026-09-12,wk inc covid hosp,0,2026-09-12,09,quantile,0.975,27.0
2026-09-12,wk inc covid hosp,0,2026-09-12,09,quantile,0.99,32.0
2026-09-12,wk inc covid hosp,0,2026-09-12,10,quantile,0.01,2.0
2026-09-12,wk inc covid hosp,0,2026-09-12,10,quantile,0.025,2.0
2026-09-12,wk inc covid hosp,0,2026-09-12,10,quantile,0.05,3.0
2026-09-12,wk inc covid hosp,0,2026-09-12,10,quantile,0.1,3.0
2026-09-12,wk inc covid hosp,0,2026-09-12,10,quantile,0.15,3.0
2026-09-12,wk inc covid hosp,0,2026-09-12,10,quantile,0.2,4.0
2026-09-12,wk inc covid hosp,0,2026-09-12,10,quantile,0.25,6.0
2026-09-12,wk inc covid hosp,0,2026-09-12,10,quantile,0.3,7.0
2026-09-12,wk inc covid hosp,0,2026-09-12,10,quantile,0.35,8.0
2026-09-12,wk inc covid hosp,0,2026-09-12,10,quantile,0.4,9.0
2026-09-12,wk inc covid hosp,0,2026-09-12,10,quantile,0.45,9.0
2026-09-12,wk inc covid hosp,0,2026-09-12,10,quantile,0.5,10.0
2026-09-12,wk inc covid hosp,0,2026-09-12,10,quantile,0.55,10.0
2026-09-12,wk inc covid hosp,0,2026-09-12,10,quantile,0.6,11.0
2026-09-12,wk inc covid hosp,0,2026-09-12,10,quantile,0.65,12.0
2026-09-12,wk inc covid hosp,0,2026-09-12,10,quantile,0.7,14.0
2026-09-12,wk inc covid hosp,0,2026-09-12,10,quantile,0.75,14.0
2026-09-12,wk inc covid hosp,0,2026-09-12,10,quantile,0.8,15.0
2026-09-12,wk inc covid hosp,0,2026-09-12,10,quantile,0.85,17.0
2026-09-12,wk inc covid hosp,0,2026-09-12,10,quantile,0.9,21.0
2026-09-12,wk inc covid hosp,0,2026-09-12,10,quantile,0.95,25.0
2026-09-12,wk inc covid hosp,0,2026-09-12,10,quantile,0.975,33.0
2026-09-12,wk inc covid hosp,0,2026-09-12,10,quantile,0.99,40.0
2026-09-12,wk inc covid hosp,0,2026-09-12,11,quantile,0.01,0.0
2026-09-12,wk inc covid hosp,0,2026-09-12,11,quantile,0.025,0.0
2026-09-12,wk inc covid hosp,0,2026-09-12,11,quantile,0.05,1.0
2026-09-12,wk inc covid hosp,0,2026-09-12,11,quantile,0.1,1.0
2026-09-12,wk inc covid hosp,0,2026-09-12,11,quantile,0.15,2.0
2026-09-12,wk inc covid hosp,0,2026-09-12,11,quantile,0.2,2.0
2026-09-12,wk inc covid hosp,0,2026-09-12,11,quantile,0.25,4.0
2026-09-12,wk inc covid hosp,0,2026-09-12,11,quantile,0.3,6.0
2026-09-12,wk inc covid hosp,0,2026-09-12,11,quantile,0.35,7.0
2026-09-12,wk inc covid hosp,0,2026-09-12,11,quantile,0.4,9.0
2026-09-12,wk inc covid hosp,0,2026-09-12,11,quantile,0.45,9.0
2026-09-12,wk inc covid hosp,0,2026-09-12,11,quantile,0.5,10.0
2026-09-12,wk inc covid hosp,0,2026-09-12,11,quantile,0.55,11.0
2026-09-12,wk inc covid hosp,0,2026-09-12,11,quantile,0.6,11.0
2026-09-12,wk inc covid hosp,0,2026-09-12,11,quantile,0.65,12.0
2026-09-12,wk inc covid hosp,0,2026-09-12,11,quantile,0.7,13.0
2026-09-12,wk inc covid hosp,0,2026-09-12,11,quantile,0.75,16.0
2026-09-12,wk inc covid hosp,0,2026-09-12,11,quantile,0.8,20.0
2026-09-12,wk inc covid hosp,0,2026-09-12,11,quantile,0.85,23.0
2026-09-12,wk inc covid hosp,0,2026-09-12,11,quantile,0.9,28.0
2026-09-12,wk inc covid hosp,0,2026-09-12,11,quantile,0.95,35.0
2026-09-12,wk inc covid hosp,0,2026-09-12,11,quantile,0.975,46.0
2026-09-12,wk inc covid hosp,0,2026-09-12,11,quantile,0.99,63.0
2026-09-12,wk inc covid hosp,0,2026-09-12,12,quantile,0.01,411.0
2026-09-12,wk inc covid hosp,0,2026-09-12,12,quantile,0.025,433.0
2026-09-12,wk inc covid hosp,0,2026-09-12,12,quantile,0.05,463.0
2026-09-12,wk inc covid hosp,0,2026-09-12,12,quantile,0.1,490.0
2026-09-12,wk inc covid hosp,0,2026-09-12,12,quantile,0.15,503.0
2026-09-12,wk inc covid hosp,0,2026-09-12,12,quantile,0.2,520.0
2026-09-12,wk inc covid hosp,0,2026-09-12,12,quantile,0.25,531.0
2026-09-12,wk inc covid hosp,0,2026-09-12,12,quantile,0.3,548.0
2026-09-12,wk inc covid hosp,0,2026-09-12,12,quantile,0.35,559.0
2026-09-12,wk inc covid hosp,0,2026-09-12,12,quantile,0.4,566.0
2026-09-12,wk inc covid hosp,0,2026-09-12,12,quantile,0.45,578.0
2026-09-12,wk inc covid hosp,0,2026-09-12,12,quantile,0.5,598.0
2026-09-12,wk inc covid hosp,0,2026-09-12,12,quantile,0.55,616.0
2026-09-12,wk inc covid hosp,0,2026-09-12,12,quantile,0.6,631.0
2026-09-12,wk inc covid hosp,0,2026-09-12,12,quantile,0.65,648.0
2026-09-12,wk inc covid hosp,0,2026-09-12,12,quantile,0.7,658.0
2026-09-12,wk inc covid hosp,0,2026-09-12,12,quantile,0.75,670.0
2026-09-12,wk inc covid hosp,0,2026-09-12,12,quantile,0.8,696.0
2026-09-12,wk inc covid hosp,0,2026-09-12,12,quantile,0.85,723.0
2026-09-12,wk inc covid hosp,0,2026-09-12,12,quantile,0.9,755.0
2026-09-12,wk inc covid hosp,0,2026-09-12,12,quantile,0.95,792.0
2026-09-12,wk inc covid hosp,0,2026-09-12,12,quantile,0.975,857.0
2026-09-12,wk inc covid hosp,0,2026-09-12,12,quantile,0.99,942.0
2026-09-12,wk inc covid hosp,0,2026-09-12,13,quantile,0.01,61.0
2026-09-12,wk inc covid hosp,0,2026-09-12,13,quantile,0.025,65.0
2026-09-12,wk inc covid hosp,0,2026-09-12,13,quantile,0.05,71.0
2026-09-12,wk inc covid hosp,0,2026-09-12,13,quantile,0.1,78.0
2026-09-12,wk inc covid hosp,0,2026-09-12,13,quantile,0.15,82.0
2026-09-12,wk inc covid hosp,0,2026-09-12,13,quantile,0.2,86.0
2026-09-12,wk inc covid hosp,0,2026-09-12,13,quantile,0.25,90.0
2026-09-12,wk inc covid hosp,0,2026-09-12,13,quantile,0.3,93.0
2026-09-12,wk inc covid hosp,0,2026-09-12,13,quantile,0.35,96.0
2026-09-12,wk inc covid hosp,0,2026-09-12,13,quantile,0.4,99.0
2026-09-12,wk inc covid hosp,0,2026-09-12,13,quantile,0.45,102.0
2026-09-12,wk inc covid hosp,0,2026-09-12,13,quantile,0.5,106.0
2026-09-12,wk inc covid hosp,0,2026-09-12,13,quantile,0.55,109.0
2026-09-12,wk inc covid hosp,0,2026-09-12,13,quantile,0.6,113.0
2026-09-12,wk inc covid hosp,0,2026-09-12,13,quantile,0.65,117.0
2026-09-12,wk inc covid hosp,0,2026-09-12,13,quantile,0.7,121.0
2026-09-12,wk inc covid hosp,0,2026-09-12,13,quantile,0.75,125.0
2026-09-12,wk inc covid hosp,0,2026-09-12,13,quantile,0.8,133.0
2026-09-12,wk inc covid hosp,0,2026-09-12,13,quantile,0.85,140.0
2026-09-12,wk inc covid hosp,0,2026-09-12,13,quantile,0.9,152.0
2026-09-12,wk inc covid hosp,0,2026-09-12,13,quantile,0.95,166.0
2026-09-12,wk inc covid hosp,0,2026-09-12,13,quantile,0.975,192.0
2026-09-12,wk inc covid hosp,0,2026-09-12,13,quantile,0.99,210.0
2026-09-12,wk inc covid hosp,0,2026-09-12,15,quantile,0.01,20.0
2026-09-12,wk inc covid hosp,0,2026-09-12,15,quantile,0.025,20.0
2026-09-12,wk inc covid hosp,0,2026-09-12,15,quantile,0.05,21.0
2026-09-12,wk inc covid hosp,0,2026-09-12,15,quantile,0.1,23.0
2026-09-12,wk inc covid hosp,0,2026-09-12,15,quantile,0.15,24.0
2026-09-12,wk inc covid hosp,0,2026-09-12,15,quantile,0.2,24.0
2026-09-12,wk inc covid hosp,0,2026-09-12,15,quantile,0.25,25.0
2026-09-12,wk inc covid hosp,0,2026-09-12,15,quantile,0.3,26.0
2026-09-12,wk inc covid hosp,0,2026-09-12,15,quantile,0.35,26.0
2026-09-12,wk inc covid hosp,0,2026-09-12,15,quantile,0.4,27.0
2026-09-12,wk inc covid hosp,0,2026-09-12,15,quantile,0.45,27.0
2026-09-12,wk inc covid hosp,0,2026-09-12,15,quantile,0.5,28.0
2026-09-12,wk inc covid hosp,0,2026-09-12,15,quantile,0.55,29.0
2026-09-12,wk inc covid hosp,0,2026-09-12,15,quantile,0.6,30.0
2026-09-12,wk inc covid hosp,0,2026-09-12,15,quantile,0.65,31.0
2026-09-12,wk inc covid hosp,0,2026-09-12,15,quantile,0.7,31.0
2026-09-12,wk inc covid hosp,0,2026-09-12,15,quantile,0.75,33.0
2026-09-12,wk inc covid hosp,0,2026-09-12,15,quantile,0.8,34.0
2026-09-12,wk inc covid hosp,0,2026-09-12,15,quantile,0.85,34.0
2026-09-12,wk inc covid hosp,0,2026-09-12,15,quantile,0.9,36.0
2026-09-12,wk inc covid hosp,0,2026-09-12,15,quantile,0.95,38.0
2026-09-12,wk inc covid hosp,0,2026-09-12,15,quantile,0.975,44.0
2026-09-12,wk inc covid hosp,0,2026-09-12,15,quantile,0.99,52.0
2026-09-12,wk inc covid hosp,0,2026-09-12,16,quantile,0.01,9.0
2026-09-12,wk inc covid hosp,0,2026-09-12,16,quantile,0.025,9.0
2026-09-12,wk inc covid hosp,0,2026-09-12,16,quantile,0.05,10.0
2026-09-12,wk inc covid hosp,0,2026-09-12,16,quantile,0.1,11.0
2026-09-12,wk inc covid hosp,0,2026-09-12,16,quantile,0.15,12.0
2026-09-12,wk inc covid hosp,0,2026-09-12,16,quantile,0.2,13.0
2026-09-12,wk inc covid hosp,0,2026-09-12,16,quantile,0.25,14.0
2026-09-12,wk inc covid hosp,0,2026-09-12,16,quantile,0.3,15.0
2026-09-12,wk inc covid hosp,0,2026-09-12,16,quantile,0.35,16.0
2026-09-12,wk inc covid hosp,0,2026-09-12,16,quantile,0.4,17.0
2026-09-12,wk inc covid hosp,0,2026-09-12,16,quantile,0.45,18.0
2026-09-12,wk inc covid hosp,0,2026-09-12,16,quantile,0.5,18.0
2026-09-12,wk inc covid hosp,0,2026-09-12,16,quantile,0.55,19.0
2026-09-12,wk inc covid hosp,0,2026-09-12,16,quantile,0.6,20.0
2026-09-12,wk inc covid hosp,0,2026-09-12,16,quantile,0.65,21.0
2026-09-12,wk inc covid hosp,0,2026-09-12,16,quantile,0.7,22.0
2026-09-12,wk inc covid hosp,0,2026-09-12,16,quantile,0.75,24.0
2026-09-12,wk inc covid hosp,0,2026-09-12,16,quantile,0.8,26.0
2026-09-12,wk inc covid hosp,0,2026-09-12,16,quantile,0.85,28.0
2026-09-12,wk inc covid hosp,0,2026-09-12,16,quantile,0.9,30.0
2026-09-12,wk inc covid hosp,0,2026-09-12,16,quantile,0.95,34.0
2026-09-12,wk inc covid hosp,0,2026-09-12,16,quantile,0.975,43.0
2026-09-12,wk inc covid hosp,0,2026-09-12,16,quantile,0.99,48.0
2026-09-12,wk inc covid hosp,0,2026-09-12,17,quantile,0.01,35.0
2026-09-12,wk inc covid hosp,0,2026-09-12,17,quantile,0.025,37.0
2026-09-12,wk inc covid hosp,0,2026-09-12,17,quantile,0.05,39.0
2026-09-12,wk inc covid hosp,0,2026-09-12,17,quantile,0.1,41.0
2026-09-12,wk inc covid hosp,0,2026-09-12,17,quantile,0.15,42.0
2026-09-12,wk inc covid hosp,0,2026-09-12,17,quantile,0.2,44.0
2026-09-12,wk inc covid hosp,0,2026-09-12,17,quantile,0.25,51.0
2026-09-12,wk inc covid hosp,0,2026-09-12,17,quantile,0.3,53.0
2026-09-12,wk inc covid hosp,0,2026-09-12,17,quantile,0.35,54.0
2026-09-12,wk inc covid hosp,0,2026-09-12,17,quantile,0.4,55.0
2026-09-12,wk inc covid hosp,0,2026-09-12,17,quantile,0.45,56.0
2026-09-12,wk inc covid hosp,0,2026-09-12,17,quantile,0.5,57.0
2026-09-12,wk inc covid hosp,0,2026-09-12,17,quantile,0.55,58.0
2026-09-12,wk inc covid hosp,0,2026-09-12,17,quantile,0.6,59.0
2026-09-12,wk inc covid hosp,0,2026-09-12,17,quantile,0.65,60.0
2026-09-12,wk inc covid hosp,0,2026-09-12,17,quantile,0.7,62.0
2026-09-12,wk inc covid hosp,0,2026-09-12,17,quantile,0.75,65.0
2026-09-12,wk inc covid hosp,0,2026-09-12,17,quantile,0.8,67.0
2026-09-12,wk inc covid hosp,0,2026-09-12,17,quantile,0.85,69.0
2026-09-12,wk inc covid hosp,0,2026-09-12,17,quantile,0.9,73.0
2026-09-12,wk inc covid hosp,0,2026-09-12,17,quantile,0.95,77.0
2026-09-12,wk inc covid hosp,0,2026-09-12,17,quantile,0.975,82.0
2026-09-12,wk inc covid hosp,0,2026-09-12,17,quantile,0.99,88.0
2026-09-12,wk inc covid hosp,0,2026-09-12,18,quantile,0.01,25.0
2026-09-12,wk inc covid hosp,0,2026-09-12,18,quantile,0.025,26.0
2026-09-12,wk inc covid hosp,0,2026-09-12,18,quantile,0.05,28.0
2026-09-12,wk inc covid hosp,0,2026-09-12,18,quantile,0.1,30.0
2026-09-12,wk inc covid hosp,0,2026-09-12,18,quantile,0.15,32.0
2026-09-12,wk inc covid hosp,0,2026-09-12,18,quantile,0.2,34.0
2026-09-12,wk inc covid hosp,0,2026-09-12,18,quantile,0.25,38.0
2026-09-12,wk inc covid hosp,0,2026-09-12,18,quantile,0.3,40.0
2026-09-12,wk inc covid hosp,0,2026-09-12,18,quantile,0.35,42.0
2026-09-12,wk inc covid hosp,0,2026-09-12,18,quantile,0.4,43.0
2026-09-12,wk inc covid hosp,0,2026-09-12,18,quantile,0.45,44.0
2026-09-12,wk inc covid hosp,0,2026-09-12,18,quantile,0.5,45.0
2026-09-12,wk inc covid hosp,0,2026-09-12,18,quantile,0.55,46.0
2026-09-12,wk inc covid hosp,0,2026-09-12,18,quantile,0.6,47.0
2026-09-12,wk inc covid hosp,0,2026-09-12,18,quantile,0.65,49.0
2026-09-12,wk inc covid hosp,0,2026-09-12,18,quantile,0.7,51.0
2026-09-12,wk inc covid hosp,0,2026-09-12,18,quantile,0.75,53.0
2026-09-12,wk inc covid hosp,0,2026-09-12,18,quantile,0.8,56.0
2026-09-12,wk inc covid hosp,0,2026-09-12,18,quantile,0.85,58.0
2026-09-12,wk inc covid hosp,0,2026-09-12,18,quantile,0.9,62.0
2026-09-12,wk inc covid hosp,0,2026-09-12,18,quantile,0.95,67.0
2026-09-12,wk inc covid hosp,0,2026-09-12,18,quantile,0.975,76.0
2026-09-12,wk inc covid hosp,0,2026-09-12,18,quantile,0.99,83.0
2026-09-12,wk inc covid hosp,0,2026-09-12,19,quantile,0.01,8.0
2026-09-12,wk inc covid hosp,0,2026-09-12,19,quantile,0.025,9.0
2026-09-12,wk inc covid hosp,0,2026-09-12,19,quantile,0.05,10.0
2026-09-12,wk inc covid hosp,0,2026-09-12,19,quantile,0.1,11.0
2026-09-12,wk inc covid hosp,0,2026-09-12,19,quantile,0.15,13.0
2026-09-12,wk inc covid hosp,0,2026-09-12,19,quantile,0.2,14.0
2026-09-12,wk inc covid hosp,0,2026-09-12,19,quantile,0.25,17.0
2026-09-12,wk inc covid hosp,0,2026-09-12,19,quantile,0.3,18.0
2026-09-12,wk inc covid hosp,0,2026-09-12,19,quantile,0.35,19.0
2026-09-12,wk inc covid hosp,0,2026-09-12,19,quantile,0.4,20.0
2026-09-12,wk inc covid hosp,0,2026-09-12,19,quantile,0.45,21.0
2026-09-12,wk inc covid hosp,0,2026-09-12,19,quantile,0.5,22.0
2026-09-12,wk inc covid hosp,0,2026-09-12,19,quantile,0.55,22.0
2026-09-12,wk inc covid hosp,0,2026-09-12,19,quantile,0.6,24.0
2026-09-12,wk inc covid hosp,0,2026-09-12,19,quantile,0.65,25.0
2026-09-12,wk inc covid hosp,0,2026-09-12,19,quantile,0.7,26.0
2026-09-12,wk inc covid hosp,0,2026-09-12,19,quantile,0.75,27.0
2026-09-12,wk inc covid hosp,0,2026-09-12,19,quantile,0.8,29.0
2026-09-12,wk inc covid hosp,0,2026-09-12,19,quantile,0.85,31.0
2026-09-12,wk inc covid hosp,0,2026-09-12,19,quantile,0.9,35.0
2026-09-12,wk inc covid hosp,0,2026-09-12,19,quantile,0.95,41.0
2026-09-12,wk inc covid hosp,0,2026-09-12,19,quantile,0.975,47.0
2026-09-12,wk inc covid hosp,0,2026-09-12,19,quantile,0.99,55.0
2026-09-12,wk inc covid hosp,0,2026-09-12,20,quantile,0.01,4.0
2026-09-12,wk inc covid hosp,0,2026-09-12,20,quantile,0.025,4.0
2026-09-12,wk inc covid hosp,0,2026-09-12,20,quantile,0.05,5.0
2026-09-12,wk inc covid hosp,0,2026-09-12,20,quantile,0.1,6.0
2026-09-12,wk inc covid hosp,0,2026-09-12,20,quantile,0.15,6.0
2026-09-12,wk inc covid hosp,0,2026-09-12,20,quantile,0.2,7.0
2026-09-12,wk inc covid hosp,0,2026-09-12,20,quantile,0.25,8.0
2026-09-12,wk inc covid hosp,0,2026-09-12,20,quantile,0.3,9.0
2026-09-12,wk inc covid hosp,0,2026-09-12,20,quantile,0.35,10.0
2026-09-12,wk inc covid hosp,0,2026-09-12,20,quantile,0.4,11.0
2026-09-12,wk inc covid hosp,0,2026-09-12,20,quantile,0.45,12.0
2026-09-12,wk inc covid hosp,0,2026-09-12,20,quantile,0.5,12.0
2026-09-12,wk inc covid hosp,0,2026-09-12,20,quantile,0.55,13.0
2026-09-12,wk inc covid hosp,0,2026-09-12,20,quantile,0.6,14.0
2026-09-12,wk inc covid hosp,0,2026-09-12,20,quantile,0.65,14.0
2026-09-12,wk inc covid hosp,0,2026-09-12,20,quantile,0.7,15.0
2026-09-12,wk inc covid hosp,0,2026-09-12,20,quantile,0.75,17.0
2026-09-12,wk inc covid hosp,0,2026-09-12,20,quantile,0.8,19.0
2026-09-12,wk inc covid hosp,0,2026-09-12,20,quantile,0.85,21.0
2026-09-12,wk inc covid hosp,0,2026-09-12,20,quantile,0.9,24.0
2026-09-12,wk inc covid hosp,0,2026-09-12,20,quantile,0.95,28.0
2026-09-12,wk inc covid hosp,0,2026-09-12,20,quantile,0.975,35.0
2026-09-12,wk inc covid hosp,0,2026-09-12,20,quantile,0.99,41.0
2026-09-12,wk inc covid hosp,0,2026-09-12,21,quantile,0.01,11.0
2026-09-12,wk inc covid hosp,0,2026-09-12,21,quantile,0.025,12.0
2026-09-12,wk inc covid hosp,0,2026-09-12,21,quantile,0.05,13.0
2026-09-12,wk inc covid hosp,0,2026-09-12,21,quantile,0.1,14.0
2026-09-12,wk inc covid hosp,0,2026-09-12,21,quantile,0.15,15.0
2026-09-12,wk inc covid hosp,0,2026-09-12,21,quantile,0.2,15.0
2026-09-12,wk inc covid hosp,0,2026-09-12,21,quantile,0.25,16.0
2026-09-12,wk inc covid hosp,0,2026-09-12,21,quantile,0.3,18.0
2026-09-12,wk inc covid hosp,0,2026-09-12,21,quantile,0.35,19.0
2026-09-12,wk inc covid hosp,0,2026-09-12,21,quantile,0.4,20.0
2026-09-12,wk inc covid hosp,0,2026-09-12,21,quantile,0.45,20.0
2026-09-12,wk inc covid hosp,0,2026-09-12,21,quantile,0.5,21.0
2026-09-12,wk inc covid hosp,0,2026-09-12,21,quantile,0.55,22.0
2026-09-12,wk inc covid hosp,0,2026-09-12,21,quantile,0.6,22.0
2026-09-12,wk inc covid hosp,0,2026-09-12,21,quantile,0.65,23.0
2026-09-12,wk inc covid hosp,0,2026-09-12,21,quantile,0.7,24.0
2026-09-12,wk inc covid hosp,0,2026-09-12,21,quantile,0.75,25.0
2026-09-12,wk inc covid hosp,0,2026-09-12,21,quantile,0.8,27.0
2026-09-12,wk inc covid hosp,0,2026-09-12,21,quantile,0.85,28.0
2026-09-12,wk inc covid hosp,0,2026-09-12,21,quantile,0.9,31.0
2026-09-12,wk inc covid hosp,0,2026-09-12,21,quantile,0.95,36.0
2026-09-12,wk inc covid hosp,0,2026-09-12,21,quantile,0.975,40.0
2026-09-12,wk inc covid hosp,0,2026-09-12,21,quantile,0.99,46.0
2026-09-12,wk inc covid hosp,0,2026-09-12,22,quantile,0.01,63.0
2026-09-12,wk inc covid hosp,0,2026-09-12,22,quantile,0.025,66.0
2026-09-12,wk inc covid hosp,0,2026-09-12,22,quantile,0.05,71.0
2026-09-12,wk inc covid hosp,0,2026-09-12,22,quantile,0.1,74.0
2026-09-12,wk inc covid hosp,0,2026-09-12,22,quantile,0.15,76.0
2026-09-12,wk inc covid hosp,0,2026-09-12,22,quantile,0.2,78.0
2026-09-12,wk inc covid hosp,0,2026-09-12,22,quantile,0.25,81.0
2026-09-12,wk inc covid hosp,0,2026-09-12,22,quantile,0.3,83.0
2026-09-12,wk inc covid hosp,0,2026-09-12,22,quantile,0.35,84.0
2026-09-12,wk inc covid hosp,0,2026-09-12,22,quantile,0.4,85.0
2026-09-12,wk inc covid hosp,0,2026-09-12,22,quantile,0.45,88.0
2026-09-12,wk inc covid hosp,0,2026-09-12,22,quantile,0.5,90.0
2026-09-12,wk inc covid hosp,0,2026-09-12,22,quantile,0.55,93.0
2026-09-12,wk inc covid hosp,0,2026-09-12,22,quantile,0.6,94.0
2026-09-12,wk inc covid hosp,0,2026-09-12,22,quantile,0.65,96.0
2026-09-12,wk inc covid hosp,0,2026-09-12,22,quantile,0.7,98.0
2026-09-12,wk inc covid hosp,0,2026-09-12,22,quantile,0.75,100.0
2026-09-12,wk inc covid hosp,0,2026-09-12,22,quantile,0.8,104.0
2026-09-12,wk inc covid hosp,0,2026-09-12,22,quantile,0.85,108.0
2026-09-12,wk inc covid hosp,0,2026-09-12,22,quantile,0.9,114.0
2026-09-12,wk inc covid hosp,0,2026-09-12,22,quantile,0.95,123.0
2026-09-12,wk inc covid hosp,0,2026-09-12,22,quantile,0.975,132.0
2026-09-12,wk inc covid hosp,0,2026-09-12,22,quantile,0.99,143.0
2026-09-12,wk inc covid hosp,0,2026-09-12,23,quantile,0.01,0.0
2026-09-12,wk inc covid hosp,0,2026-09-12,23,quantile,0.025,0.0
2026-09-12,wk inc covid hosp,0,2026-09-12,23,quantile,0.05,1.0
2026-09-12,wk inc covid hosp,0,2026-09-12,23,quantile,0.1,1.0
2026-09-12,wk inc covid hosp,0,2026-09-12,23,quantile,0.15,2.0
2026-09-12,wk inc covid hosp,0,2026-09-12,23,quantile,0.2,3.0
2026-09-12,wk inc covid hosp,0,2026-09-12,23,quantile,0.25,5.0
2026-09-12,wk inc covid hosp,0,2026-09-12,23,quantile,0.3,7.0
2026-09-12,wk inc covid hosp,0,2026-09-12,23,quantile,0.35,8.0
2026-09-12,wk inc covid hosp,0,2026-09-12,23,quantile,0.4,9.0
2026-09-12,wk inc covid hosp,0,2026-09-12,23,quantile,0.45,10.0
2026-09-12,wk inc covid hosp,0,2026-09-12,23,quantile,0.5,10.0
2026-09-12,wk inc covid hosp,0,2026-09-12,23,quantile,0.55,11.0
2026-09-12,wk inc covid hosp,0,2026-09-12,23,quantile,0.6,12.0
2026-09-12,wk inc covid hosp,0,2026-09-12,23,quantile,0.65,14.0
2026-09-12,wk inc covid hosp,0,2026-09-12,23,quantile,0.7,16.0
2026-09-12,wk inc covid hosp,0,2026-09-12,23,quantile,0.75,19.0
2026-09-12,wk inc covid hosp,0,2026-09-12,23,quantile,0.8,27.0
2026-09-12,wk inc covid hosp,0,2026-09-12,23,quantile,0.85,34.0
2026-09-12,wk inc covid hosp,0,2026-09-12,23,quantile,0.9,56.0
2026-09-12,wk inc covid hosp,0,2026-09-12,23,quantile,0.95,71.0
2026-09-12,wk inc covid hosp,0,2026-09-12,23,quantile,0.975,95.0
2026-09-12,wk inc covid hosp,0,2026-09-12,23,quantile,0.99,141.0
2026-09-12,wk inc covid hosp,0,2026-09-12,24,quantile,0.01,11.0
2026-09-12,wk inc covid hosp,0,2026-09-12,24,quantile,0.025,12.0
2026-09-12,wk inc covid hosp,0,2026-09-12,24,quantile,0.05,13.0
2026-09-12,wk inc covid hosp,0,2026-09-12,24,quantile,0.1,14.0
2026-09-12,wk inc covid hosp,0,2026-09-12,24,quantile,0.15,15.0
2026-09-12,wk inc covid hosp,0,2026-09-12,24,quantile,0.2,16.0
2026-09-12,wk inc covid hosp,0,2026-09-12,24,quantile,0.25,18.0
2026-09-12,wk inc covid hosp,0,2026-09-12,24,quantile,0.3,19.0
2026-09-12,wk inc covid hosp,0,2026-09-12,24,quantile,0.35,20.0
2026-09-12,wk inc covid hosp,0,2026-09-12,24,quantile,0.4,21.0
2026-09-12,wk inc covid hosp,0,2026-09-12,24,quantile,0.45,21.0
2026-09-12,wk inc covid hosp,0,2026-09-12,24,quantile,0.5,22.0
2026-09-12,wk inc covid hosp,0,2026-09-12,24,quantile,0.55,22.0
2026-09-12,wk inc covid hosp,0,2026-09-12,24,quantile,0.6,23.0
2026-09-12,wk inc covid hosp,0,2026-09-12,24,quantile,0.65,24.0
2026-09-12,wk inc covid hosp,0,2026-09-12,24,quantile,0.7,25.0
2026-09-12,wk inc covid hosp,0,2026-09-12,24,quantile,0.75,26.0
2026-09-12,wk inc covid hosp,0,2026-09-12,24,quantile,0.8,28.0
2026-09-12,wk inc covid hosp,0,2026-09-12,24,quantile,0.85,29.0
2026-09-12,wk inc covid hosp,0,2026-09-12,24,quantile,0.9,31.0
2026-09-12,wk inc covid hosp,0,2026-09-12,24,quantile,0.95,34.0
2026-09-12,wk inc covid hosp,0,2026-09-12,24,quantile,0.975,38.0
2026-09-12,wk inc covid hosp,0,2026-09-12,24,quantile,0.99,41.0
2026-09-12,wk inc covid hosp,0,2026-09-12,25,quantile,0.01,17.0
2026-09-12,wk inc covid hosp,0,2026-09-12,25,quantile,0.025,18.0
2026-09-12,wk inc covid hosp,0,2026-09-12,25,quantile,0.05,20.0
2026-09-12,wk inc covid hosp,0,2026-09-12,25,quantile,0.1,22.0
2026-09-12,wk inc covid hosp,0,2026-09-12,25,quantile,0.15,24.0
2026-09-12,wk inc covid hosp,0,2026-09-12,25,quantile,0.2,25.0
2026-09-12,wk inc covid hosp,0,2026-09-12,25,quantile,0.25,27.0
2026-09-12,wk inc covid hosp,0,2026-09-12,25,quantile,0.3,29.0
2026-09-12,wk inc covid hosp,0,2026-09-12,25,quantile,0.35,30.0
2026-09-12,wk inc covid hosp,0,2026-09-12,25,quantile,0.4,31.0
2026-09-12,wk inc covid hosp,0,2026-09-12,25,quantile,0.45,34.0
2026-09-12,wk inc covid hosp,0,2026-09-12,25,quantile,0.5,35.0
2026-09-12,wk inc covid hosp,0,2026-09-12,25,quantile,0.55,36.0
2026-09-12,wk inc covid hosp,0,2026-09-12,25,quantile,0.6,37.0
2026-09-12,wk inc covid hosp,0,2026-09-12,25,quantile,0.65,38.0
2026-09-12,wk inc covid hosp,0,2026-09-12,25,quantile,0.7,39.0
2026-09-12,wk inc covid hosp,0,2026-09-12,25,quantile,0.75,40.0
2026-09-12,wk inc covid hosp,0,2026-09-12,25,quantile,0.8,44.0
2026-09-12,wk inc covid hosp,0,2026-09-12,25,quantile,0.85,45.0
2026-09-12,wk inc covid hosp,0,2026-09-12,25,quantile,0.9,48.0
2026-09-12,wk inc covid hosp,0,2026-09-12,25,quantile,0.95,51.0
2026-09-12,wk inc covid hosp,0,2026-09-12,25,quantile,0.975,54.0
2026-09-12,wk inc covid hosp,0,2026-09-12,25,quantile,0.99,59.0
2026-09-12,wk inc covid hosp,0,2026-09-12,26,quantile,0.01,8.0
2026-09-12,wk inc covid hosp,0,2026-09-12,26,quantile,0.025,9.0
2026-09-12,wk inc covid hosp,0,2026-09-12,26,quantile,0.05,10.0
2026-09-12,wk inc covid hosp,0,2026-09-12,26,quantile,0.1,12.0
2026-09-12,wk inc covid hosp,0,2026-09-12,26,quantile,0.15,15.0
2026-09-12,wk inc covid hosp,0,2026-09-12,26,quantile,0.2,18.0
2026-09-12,wk inc covid hosp,0,2026-09-12,26,quantile,0.25,23.0
2026-09-12,wk inc covid hosp,0,2026-09-12,26,quantile,0.3,26.0
2026-09-12,wk inc covid hosp,0,2026-09-12,26,quantile,0.35,29.0
2026-09-12,wk inc covid hosp,0,2026-09-12,26,quantile,0.4,31.0
2026-09-12,wk inc covid hosp,0,2026-09-12,26,quantile,0.45,33.0
2026-09-12,wk inc covid hosp,0,2026-09-12,26,quantile,0.5,35.0
2026-09-12,wk inc covid hosp,0,2026-09-12,26,quantile,0.55,38.0
2026-09-12,wk inc covid hosp,0,2026-09-12,26,quantile,0.6,44.0
2026-09-12,wk inc covid hosp,0,2026-09-12,26,quantile,0.65,48.0
2026-09-12,wk inc covid hosp,0,2026-09-12,26,quantile,0.7,51.0
2026-09-12,wk inc covid hosp,0,2026-09-12,26,quantile,0.75,55.0
2026-09-12,wk inc covid hosp,0,2026-09-12,26,quantile,0.8,59.0
2026-09-12,wk inc covid hosp,0,2026-09-12,26,quantile,0.85,66.0
2026-09-12,wk inc covid hosp,0,2026-09-12,26,quantile,0.9,82.0
2026-09-12,wk inc covid hosp,0,2026-09-12,26,quantile,0.95,97.0
2026-09-12,wk inc covid hosp,0,2026-09-12,26,quantile,0.975,115.0
2026-09-12,wk inc covid hosp,0,2026-09-12,26,quantile,0.99,149.0
2026-09-12,wk inc covid hosp,0,2026-09-12,27,quantile,0.01,13.0
2026-09-12,wk inc covid hosp,0,2026-09-12,27,quantile,0.025,15.0
2026-09-12,wk inc covid hosp,0,2026-09-12,27,quantile,0.05,18.0
2026-09-12,wk inc covid hosp,0,2026-09-12,27,quantile,0.1,20.0
2026-09-12,wk inc covid hosp,0,2026-09-12,27,quantile,0.15,21.0
2026-09-12,wk inc covid hosp,0,2026-09-12,27,quantile,0.2,23.0
2026-09-12,wk inc covid hosp,0,2026-09-12,27,quantile,0.25,25.0
2026-09-12,wk inc covid hosp,0,2026-09-12,27,quantile,0.3,27.0
2026-09-12,wk inc covid hosp,0,2026-09-12,27,quantile,0.35,28.0
2026-09-12,wk inc covid hosp,0,2026-09-12,27,quantile,0.4,29.0
2026-09-12,wk inc covid hosp,0,2026-09-12,27,quantile,0.45,32.0
2026-09-12,wk inc covid hosp,0,2026-09-12,27,quantile,0.5,33.0
2026-09-12,wk inc covid hosp,0,2026-09-12,27,quantile,0.55,34.0
2026-09-12,wk inc covid hosp,0,2026-09-12,27,quantile,0.6,35.0
2026-09-12,wk inc covid hosp,0,2026-09-12,27,quantile,0.65,36.0
2026-09-12,wk inc covid hosp,0,2026-09-12,27,quantile,0.7,37.0
2026-09-12,wk inc covid hosp,0,2026-09-12,27,quantile,0.75,39.0
2026-09-12,wk inc covid hosp,0,2026-09-12,27,quantile,0.8,42.0
2026-09-12,wk inc covid hosp,0,2026-09-12,27,quantile,0.85,44.0
2026-09-12,wk inc covid hosp,0,2026-09-12,27,quantile,0.9,49.0
2026-09-12,wk inc covid hosp,0,2026-09-12,27,quantile,0.95,53.0
2026-09-12,wk inc covid hosp,0,2026-09-12,27,quantile,0.975,58.0
2026-09-12,wk inc covid hosp,0,2026-09-12,27,quantile,0.99,65.0
2026-09-12,wk inc covid hosp,0,2026-09-12,28,quantile,0.01,26.0
2026-09-12,wk inc covid hosp,0,2026-09-12,28,quantile,0.025,27.0
2026-09-12,wk inc covid hosp,0,2026-09-12,28,quantile,0.05,30.0
2026-09-12,wk inc covid hosp,0,2026-09-12,28,quantile,0.1,32.0
2026-09-12,wk inc covid hosp,0,2026-09-12,28,quantile,0.15,32.0
2026-09-12,wk inc covid hosp,0,2026-09-12,28,quantile,0.2,33.0
2026-09-12,wk inc covid hosp,0,2026-09-12,28,quantile,0.25,34.0
2026-09-12,wk inc covid hosp,0,2026-09-12,28,quantile,0.3,35.0
2026-09-12,wk inc covid hosp,0,2026-09-12,28,quantile,0.35,36.0
2026-09-12,wk inc covid hosp,0,2026-09-12,28,quantile,0.4,37.0
2026-09-12,wk inc covid hosp,0,2026-09-12,28,quantile,0.45,38.0
2026-09-12,wk inc covid hosp,0,2026-09-12,28,quantile,0.5,39.0
2026-09-12,wk inc covid hosp,0,2026-09-12,28,quantile,0.55,39.0
2026-09-12,wk inc covid hosp,0,2026-09-12,28,quantile,0.6,40.0
2026-09-12,wk inc covid hosp,0,2026-09-12,28,quantile,0.65,41.0
2026-09-12,wk inc covid hosp,0,2026-09-12,28,quantile,0.7,42.0
2026-09-12,wk inc covid hosp,0,2026-09-12,28,quantile,0.75,43.0
2026-09-12,wk inc covid hosp,0,2026-09-12,28,quantile,0.8,45.0
2026-09-12,wk inc covid hosp,0,2026-09-12,28,quantile,0.85,46.0
2026-09-12,wk inc covid hosp,0,2026-09-12,28,quantile,0.9,48.0
2026-09-12,wk inc covid hosp,0,2026-09-12,28,quantile,0.95,54.0
2026-09-12,wk inc covid hosp,0,2026-09-12,28,quantile,0.975,57.0
2026-09-12,wk inc covid hosp,0,2026-09-12,28,quantile,0.99,61.0
2026-09-12,wk inc covid hosp,0,2026-09-12,29,quantile,0.01,19.0
2026-09-12,wk inc covid hosp,0,2026-09-12,29,quantile,0.025,20.0
2026-09-12,wk inc covid hosp,0,2026-09-12,29,quantile,0.05,21.0
2026-09-12,wk inc covid hosp,0,2026-09-12,29,quantile,0.1,23.0
2026-09-12,wk inc covid hosp,0,2026-09-12,29,quantile,0.15,24.0
2026-09-12,wk inc covid hosp,0,2026-09-12,29,quantile,0.2,25.0
2026-09-12,wk inc covid hosp,0,2026-09-12,29,quantile,0.25,27.0
2026-09-12,wk inc covid hosp,0,2026-09-12,29,quantile,0.3,29.0
2026-09-12,wk inc covid hosp,0,2026-09-12,29,quantile,0.35,30.0
2026-09-12,wk inc covid hosp,0,2026-09-12,29,quantile,0.4,30.0
2026-09-12,wk inc covid hosp,0,2026-09-12,29,quantile,0.45,31.0
2026-09-12,wk inc covid hosp,0,2026-09-12,29,quantile,0.5,32.0
2026-09-12,wk inc covid hosp,0,2026-09-12,29,quantile,0.55,32.0
2026-09-12,wk inc covid hosp,0,2026-09-12,29,quantile,0.6,33.0
2026-09-12,wk inc covid hosp,0,2026-09-12,29,quantile,0.65,34.0
2026-09-12,wk inc covid hosp,0,2026-09-12,29,quantile,0.7,35.0
2026-09-12,wk inc covid hosp,0,2026-09-12,29,quantile,0.75,38.0
2026-09-12,wk inc covid hosp,0,2026-09-12,29,quantile,0.8,40.0
2026-09-12,wk inc covid hosp,0,2026-09-12,29,quantile,0.85,41.0
2026-09-12,wk inc covid hosp,0,2026-09-12,29,quantile,0.9,44.0
2026-09-12,wk inc covid hosp,0,2026-09-12,29,quantile,0.95,47.0
2026-09-12,wk inc covid hosp,0,2026-09-12,29,quantile,0.975,51.0
2026-09-12,wk inc covid hosp,0,2026-09-12,29,quantile,0.99,55.0
2026-09-12,wk inc covid hosp,0,2026-09-12,30,quantile,0.01,2.0
2026-09-12,wk inc covid hosp,0,2026-09-12,30,quantile,0.025,2.0
2026-09-12,wk inc covid hosp,0,2026-09-12,30,quantile,0.05,2.0
2026-09-12,wk inc covid hosp,0,2026-09-12,30,quantile,0.1,3.0
2026-09-12,wk inc covid hosp,0,2026-09-12,30,quantile,0.15,4.0
2026-09-12,wk inc covid hosp,0,2026-09-12,30,quantile,0.2,4.0
2026-09-12,wk inc covid hosp,0,2026-09-12,30,quantile,0.25,6.0
2026-09-12,wk inc covid hosp,0,2026-09-12,30,quantile,0.3,7.0
2026-09-12,wk inc covid hosp,0,2026-09-12,30,quantile,0.35,7.0
2026-09-12,wk inc covid hosp,0,2026-09-12,30,quantile,0.4,8.0
2026-09-12,wk inc covid hosp,0,2026-09-12,30,quantile,0.45,8.0
2026-09-12,wk inc covid hosp,0,2026-09-12,30,quantile,0.5,9.0
2026-09-12,wk inc covid hosp,0,2026-09-12,30,quantile,0.55,9.0
2026-09-12,wk inc covid hosp,0,2026-09-12,30,quantile,0.6,10.0
2026-09-12,wk inc covid hosp,0,2026-09-12,30,quantile,0.65,11.0
2026-09-12,wk inc covid hosp,0,2026-09-12,30,quantile,0.7,12.0
2026-09-12,wk inc covid hosp,0,2026-09-12,30,quantile,0.75,14.0
2026-09-12,wk inc covid hosp,0,2026-09-12,30,quantile,0.8,19.0
2026-09-12,wk inc covid hosp,0,2026-09-12,30,quantile,0.85,21.0
2026-09-12,wk inc covid hosp,0,2026-09-12,30,quantile,0.9,23.0
2026-09-12,wk inc covid hosp,0,2026-09-12,30,quantile,0.95,27.0
2026-09-12,wk inc covid hosp,0,2026-09-12,30,quantile,0.975,47.0
2026-09-12,wk inc covid hosp,0,2026-09-12,30,quantile,0.99,57.0
2026-09-12,wk inc covid hosp,0,2026-09-12,31,quantile,0.01,3.0
2026-09-12,wk inc covid hosp,0,2026-09-12,31,quantile,0.025,3.0
2026-09-12,wk inc covid hosp,0,2026-09-12,31,quantile,0.05,4.0
2026-09-12,wk inc covid hosp,0,2026-09-12,31,quantile,0.1,5.0
2026-09-12,wk inc covid hosp,0,2026-09-12,31,quantile,0.15,5.0
2026-09-12,wk inc covid hosp,0,2026-09-12,31,quantile,0.2,6.0
2026-09-12,wk inc covid hosp,0,2026-09-12,31,quantile,0.25,8.0
2026-09-12,wk inc covid hosp,0,2026-09-12,31,quantile,0.3,9.0
2026-09-12,wk inc covid hosp,0,2026-09-12,31,quantile,0.35,10.0
2026-09-12,wk inc covid hosp,0,2026-09-12,31,quantile,0.4,11.0
2026-09-12,wk inc covid hosp,0,2026-09-12,31,quantile,0.45,11.0
2026-09-12,wk inc covid hosp,0,2026-09-12,31,quantile,0.5,12.0
2026-09-12,wk inc covid hosp,0,2026-09-12,31,quantile,0.55,13.0
2026-09-12,wk inc covid hosp,0,2026-09-12,31,quantile,0.6,14.0
2026-09-12,wk inc covid hosp,0,2026-09-12,31,quantile,0.65,14.0
2026-09-12,wk inc covid hosp,0,2026-09-12,31,quantile,0.7,16.0
2026-09-12,wk inc covid hosp,0,2026-09-12,31,quantile,0.75,17.0
2026-09-12,wk inc covid hosp,0,2026-09-12,31,quantile,0.8,19.0
2026-09-12,wk inc covid hosp,0,2026-09-12,31,quantile,0.85,21.0
2026-09-12,wk inc covid hosp,0,2026-09-12,31,quantile,0.9,25.0
2026-09-12,wk inc covid hosp,0,2026-09-12,31,quantile,0.95,31.0
2026-09-12,wk inc covid hosp,0,2026-09-12,31,quantile,0.975,40.0
2026-09-12,wk inc covid hosp,0,2026-09-12,31,quantile,0.99,48.0
2026-09-12,wk inc covid hosp,0,2026-09-12,32,quantile,0.01,16.0
2026-09-12,wk inc covid hosp,0,2026-09-12,32,quantile,0.025,18.0
2026-09-12,wk inc covid hosp,0,2026-09-12,32,quantile,0.05,20.0
2026-09-12,wk inc covid hosp,0,2026-09-12,32,quantile,0.1,22.0
2026-09-12,wk inc covid hosp,0,2026-09-12,32,quantile,0.15,23.0
2026-09-12,wk inc covid hosp,0,2026-09-12,32,quantile,0.2,24.0
2026-09-12,wk inc covid hosp,0,2026-09-12,32,quantile,0.25,27.0
2026-09-12,wk inc covid hosp,0,2026-09-12,32,quantile,0.3,28.0
2026-09-12,wk inc covid hosp,0,2026-09-12,32,quantile,0.35,29.0
2026-09-12,wk inc covid hosp,0,2026-09-12,32,quantile,0.4,29.0
2026-09-12,wk inc covid hosp,0,2026-09-12,32,quantile,0.45,30.0
2026-09-12,wk inc covid hosp,0,2026-09-12,32,quantile,0.5,31.0
2026-09-12,wk inc covid hosp,0,2026-09-12,32,quantile,0.55,32.0
2026-09-12,wk inc covid hosp,0,2026-09-12,32,quantile,0.6,33.0
2026-09-12,wk inc covid hosp,0,2026-09-12,32,quantile,0.65,34.0
2026-09-12,wk inc covid hosp,0,2026-09-12,32,quantile,0.7,35.0
2026-09-12,wk inc covid hosp,0,2026-09-12,32,quantile,0.75,38.0
2026-09-12,wk inc covid hosp,0,2026-09-12,32,quantile,0.8,39.0
2026-09-12,wk inc covid hosp,0,2026-09-12,32,quantile,0.85,40.0
2026-09-12,wk inc covid hosp,0,2026-09-12,32,quantile,0.9,42.0
2026-09-12,wk inc covid hosp,0,2026-09-12,32,quantile,0.95,47.0
2026-09-12,wk inc covid hosp,0,2026-09-12,32,quantile,0.975,53.0
2026-09-12,wk inc covid hosp,0,2026-09-12,32,quantile,0.99,57.0
2026-09-12,wk inc covid hosp,0,2026-09-12,33,quantile,0.01,1.0
2026-09-12,wk inc covid hosp,0,2026-09-12,33,quantile,0.025,2.0
2026-09-12,wk inc covid hosp,0,2026-09-12,33,quantile,0.05,2.0
2026-09-12,wk inc covid hosp,0,2026-09-12,33,quantile,0.1,2.0
2026-09-12,wk inc covid hosp,0,2026-09-12,33,quantile,0.15,3.0
2026-09-12,wk inc covid hosp,0,2026-09-12,33,quantile,0.2,3.0
2026-09-12,wk inc covid hosp,0,2026-09-12,33,quantile,0.25,6.0
2026-09-12,wk inc covid hosp,0,2026-09-12,33,quantile,0.3,7.0
2026-09-12,wk inc covid hosp,0,2026-09-12,33,quantile,0.35,8.0
2026-09-12,wk inc covid hosp,0,2026-09-12,33,quantile,0.4,8.0
2026-09-12,wk inc covid hosp,0,2026-09-12,33,quantile,0.45,9.0
2026-09-12,wk inc covid hosp,0,2026-09-12,33,quantile,0.5,9.0
2026-09-12,wk inc covid hosp,0,2026-09-12,33,quantile,0.55,10.0
2026-09-12,wk inc covid hosp,0,2026-09-12,33,quantile,0.6,10.0
2026-09-12,wk inc covid hosp,0,2026-09-12,33,quantile,0.65,11.0
2026-09-12,wk inc covid hosp,0,2026-09-12,33,quantile,0.7,13.0
2026-09-12,wk inc covid hosp,0,2026-09-12,33,quantile,0.75,14.0
2026-09-12,wk inc covid hosp,0,2026-09-12,33,quantile,0.8,19.0
2026-09-12,wk inc covid hosp,0,2026-09-12,33,quantile,0.85,23.0
2026-09-12,wk inc covid hosp,0,2026-09-12,33,quantile,0.9,27.0
2026-09-12,wk inc covid hosp,0,2026-09-12,33,quantile,0.95,33.0
2026-09-12,wk inc covid hosp,0,2026-09-12,33,quantile,0.975,41.0
2026-09-12,wk inc covid hosp,0,2026-09-12,33,quantile,0.99,55.0
2026-09-12,wk inc covid hosp,0,2026-09-12,34,quantile,0.01,96.0
2026-09-12,wk inc covid hosp,0,2026-09-12,34,quantile,0.025,99.0
2026-09-12,wk inc covid hosp,0,2026-09-12,34,quantile,0.05,103.0
2026-09-12,wk inc covid hosp,0,2026-09-12,34,quantile,0.1,108.0
2026-09-12,wk inc covid hosp,0,2026-09-12,34,quantile,0.15,111.0
2026-09-12,wk inc covid hosp,0,2026-09-12,34,quantile,0.2,115.0
2026-09-12,wk inc covid hosp,0,2026-09-12,34,quantile,0.25,126.0
2026-09-12,wk inc covid hosp,0,2026-09-12,34,quantile,0.3,129.0
2026-09-12,wk inc covid hosp,0,2026-09-12,34,quantile,0.35,132.0
2026-09-12,wk inc covid hosp,0,2026-09-12,34,quantile,0.4,133.0
2026-09-12,wk inc covid hosp,0,2026-09-12,34,quantile,0.45,135.0
2026-09-12,wk inc covid hosp,0,2026-09-12,34,quantile,0.5,137.0
2026-09-12,wk inc covid hosp,0,2026-09-12,34,quantile,0.55,139.0
2026-09-12,wk inc covid hosp,0,2026-09-12,34,quantile,0.6,141.0
2026-09-12,wk inc covid hosp,0,2026-09-12,34,quantile,0.65,145.0
2026-09-12,wk inc covid hosp,0,2026-09-12,34,quantile,0.7,149.0
2026-09-12,wk inc covid hosp,0,2026-09-12,34,quantile,0.75,152.0
2026-09-12,wk inc covid hosp,0,2026-09-12,34,quantile,0.8,156.0
2026-09-12,wk inc covid hosp,0,2026-09-12,34,quantile,0.85,162.0
2026-09-12,wk inc covid hosp,0,2026-09-12,34,quantile,0.9,173.0
2026-09-12,wk inc covid hosp,0,2026-09-12,34,quantile,0.95,182.0
2026-09-12,wk inc covid hosp,0,2026-09-12,34,quantile,0.975,193.0
2026-09-12,wk inc covid hosp,0,2026-09-12,34,quantile,0.99,206.0
2026-09-12,wk inc covid hosp,0,2026-09-12,35,quantile,0.01,16.0
2026-09-12,wk inc covid hosp,0,2026-09-12,35,quantile,0.025,17.0
2026-09-12,wk inc covid hosp,0,2026-09-12,35,quantile,0.05,18.0
2026-09-12,wk inc covid hosp,0,2026-09-12,35,quantile,0.1,20.0
2026-09-12,wk inc covid hosp,0,2026-09-12,35,quantile,0.15,21.0
2026-09-12,wk inc covid hosp,0,2026-09-12,35,quantile,0.2,22.0
2026-09-12,wk inc covid hosp,0,2026-09-12,35,quantile,0.25,23.0
2026-09-12,wk inc covid hosp,0,2026-09-12,35,quantile,0.3,24.0
2026-09-12,wk inc covid hosp,0,2026-09-12,35,quantile,0.35,25.0
2026-09-12,wk inc covid hosp,0,2026-09-12,35,quantile,0.4,26.0
2026-09-12,wk inc covid hosp,0,2026-09-12,35,quantile,0.45,27.0
2026-09-12,wk inc covid hosp,0,2026-09-12,35,quantile,0.5,27.0
2026-09-12,wk inc covid hosp,0,2026-09-12,35,quantile,0.55,28.0
2026-09-12,wk inc covid hosp,0,2026-09-12,35,quantile,0.6,29.0
2026-09-12,wk inc covid hosp,0,2026-09-12,35,quantile,0.65,30.0
2026-09-12,wk inc covid hosp,0,2026-09-12,35,quantile,0.7,30.0
2026-09-12,wk inc covid hosp,0,2026-09-12,35,quantile,0.75,31.0
2026-09-12,wk inc covid hosp,0,2026-09-12,35,quantile,0.8,32.0
2026-09-12,wk inc covid hosp,0,2026-09-12,35,quantile,0.85,33.0
2026-09-12,wk inc covid hosp,0,2026-09-12,35,quantile,0.9,35.0
2026-09-12,wk inc covid hosp,0,2026-09-12,35,quantile,0.95,38.0
2026-09-12,wk inc covid hosp,0,2026-09-12,35,quantile,0.975,42.0
2026-09-12,wk inc covid hosp,0,2026-09-12,35,quantile,0.99,46.0
2026-09-12,wk inc covid hosp,0,2026-09-12,36,quantile,0.01,163.0
2026-09-12,wk inc covid hosp,0,2026-09-12,36,quantile,0.025,166.0
2026-09-12,wk inc covid hosp,0,2026-09-12,36,quantile,0.05,174.0
2026-09-12,wk inc covid hosp,0,2026-09-12,36,quantile,0.1,180.0
2026-09-12,wk inc covid hosp,0,2026-09-12,36,quantile,0.15,184.0
2026-09-12,wk inc covid hosp,0,2026-09-12,36,quantile,0.2,190.0
2026-09-12,wk inc covid hosp,0,2026-09-12,36,quantile,0.25,198.0
2026-09-12,wk inc covid hosp,0,2026-09-12,36,quantile,0.3,206.0
2026-09-12,wk inc covid hosp,0,2026-09-12,36,quantile,0.35,210.0
2026-09-12,wk inc covid hosp,0,2026-09-12,36,quantile,0.4,214.0
2026-09-12,wk inc covid hosp,0,2026-09-12,36,quantile,0.45,222.0
2026-09-12,wk inc covid hosp,0,2026-09-12,36,quantile,0.5,226.0
2026-09-12,wk inc covid hosp,0,2026-09-12,36,quantile,0.55,230.0
2026-09-12,wk inc covid hosp,0,2026-09-12,36,quantile,0.6,233.0
2026-09-12,wk inc covid hosp,0,2026-09-12,36,quantile,0.65,238.0
2026-09-12,wk inc covid hosp,0,2026-09-12,36,quantile,0.7,243.0
2026-09-12,wk inc covid hosp,0,2026-09-12,36,quantile,0.75,249.0
2026-09-12,wk inc covid hosp,0,2026-09-12,36,quantile,0.8,273.0
2026-09-12,wk inc covid hosp,0,2026-09-12,36,quantile,0.85,283.0
2026-09-12,wk inc covid hosp,0,2026-09-12,36,quantile,0.9,291.0
2026-09-12,wk inc covid hosp,0,2026-09-12,36,quantile,0.95,304.0
2026-09-12,wk inc covid hosp,0,2026-09-12,36,quantile,0.975,319.0
2026-09-12,wk inc covid hosp,0,2026-09-12,36,quantile,0.99,341.0
2026-09-12,wk inc covid hosp,0,2026-09-12,37,quantile,0.01,76.0
2026-09-12,wk inc covid hosp,0,2026-09-12,37,quantile,0.025,84.0
2026-09-12,wk inc covid hosp,0,2026-09-12,37,quantile,0.05,96.0
2026-09-12,wk inc covid hosp,0,2026-09-12,37,quantile,0.1,104.0
2026-09-12,wk inc covid hosp,0,2026-09-12,37,quantile,0.15,109.0
2026-09-12,wk inc covid hosp,0,2026-09-12,37,quantile,0.2,118.0
2026-09-12,wk inc covid hosp,0,2026-09-12,37,quantile,0.25,137.0
2026-09-12,wk inc covid hosp,0,2026-09-12,37,quantile,0.3,141.0
2026-09-12,wk inc covid hosp,0,2026-09-12,37,quantile,0.35,144.0
2026-09-12,wk inc covid hosp,0,2026-09-12,37,quantile,0.4,146.0
2026-09-12,wk inc covid hosp,0,2026-09-12,37,quantile,0.45,157.0
2026-09-12,wk inc covid hosp,0,2026-09-12,37,quantile,0.5,161.0
2026-09-12,wk inc covid hosp,0,2026-09-12,37,quantile,0.55,165.0
2026-09-12,wk inc covid hosp,0,2026-09-12,37,quantile,0.6,168.0
2026-09-12,wk inc covid hosp,0,2026-09-12,37,quantile,0.65,171.0
2026-09-12,wk inc covid hosp,0,2026-09-12,37,quantile,0.7,174.0
2026-09-12,wk inc covid hosp,0,2026-09-12,37,quantile,0.75,178.0
2026-09-12,wk inc covid hosp,0,2026-09-12,37,quantile,0.8,183.0
2026-09-12,wk inc covid hosp,0,2026-09-12,37,quantile,0.85,187.0
2026-09-12,wk inc covid hosp,0,2026-09-12,37,quantile,0.9,199.0
2026-09-12,wk inc covid hosp,0,2026-09-12,37,quantile,0.95,213.0
2026-09-12,wk inc covid hosp,0,2026-09-12,37,quantile,0.975,230.0
2026-09-12,wk inc covid hosp,0,2026-09-12,37,quantile,0.99,246.0
2026-09-12,wk inc covid hosp,0,2026-09-12,38,quantile,0.01,0.0
2026-09-12,wk inc covid hosp,0,2026-09-12,38,quantile,0.025,0.0
2026-09-12,wk inc covid hosp,0,2026-09-12,38,quantile,0.05,1.0
2026-09-12,wk inc covid hosp,0,2026-09-12,38,quantile,0.1,1.0
2026-09-12,wk inc covid hosp,0,2026-09-12,38,quantile,0.15,1.0
2026-09-12,wk inc covid hosp,0,2026-09-12,38,quantile,0.2,2.0
2026-09-12,wk inc covid hosp,0,2026-09-12,38,quantile,0.25,3.0
2026-09-12,wk inc covid hosp,0,2026-09-12,38,quantile,0.3,4.0
2026-09-12,wk inc covid hosp,0,2026-09-12,38,quantile,0.35,4.0
2026-09-12,wk inc covid hosp,0,2026-09-12,38,quantile,0.4,4.0
2026-09-12,wk inc covid hosp,0,2026-09-12,38,quantile,0.45,6.0
2026-09-12,wk inc covid hosp,0,2026-09-12,38,quantile,0.5,7.0
2026-09-12,wk inc covid hosp,0,2026-09-12,38,quantile,0.55,7.0
2026-09-12,wk inc covid hosp,0,2026-09-12,38,quantile,0.6,8.0
2026-09-12,wk inc covid hosp,0,2026-09-12,38,quantile,0.65,8.0
2026-09-12,wk inc covid hosp,0,2026-09-12,38,quantile,0.7,9.0
2026-09-12,wk inc covid hosp,0,2026-09-12,38,quantile,0.75,10.0
2026-09-12,wk inc covid hosp,0,2026-09-12,38,quantile,0.8,12.0
2026-09-12,wk inc covid hosp,0,2026-09-12,38,quantile,0.85,16.0
2026-09-12,wk inc covid hosp,0,2026-09-12,38,quantile,0.9,25.0
2026-09-12,wk inc covid hosp,0,2026-09-12,38,quantile,0.95,34.0
2026-09-12,wk inc covid hosp,0,2026-09-12,38,quantile,0.975,55.0
2026-09-12,wk inc covid hosp,0,2026-09-12,38,quantile,0.99,72.0
2026-09-12,wk inc covid hosp,0,2026-09-12,39,quantile,0.01,49.0
2026-09-12,wk inc covid hosp,0,2026-09-12,39,quantile,0.025,51.0
2026-09-12,wk inc covid hosp,0,2026-09-12,39,quantile,0.05,55.0
2026-09-12,wk inc covid hosp,0,2026-09-12,39,quantile,0.1,60.0
2026-09-12,wk inc covid hosp,0,2026-09-12,39,quantile,0.15,63.0
2026-09-12,wk inc covid hosp,0,2026-09-12,39,quantile,0.2,66.0
2026-09-12,wk inc covid hosp,0,2026-09-12,39,quantile,0.25,73.0
2026-09-12,wk inc covid hosp,0,2026-09-12,39,quantile,0.3,78.0
2026-09-12,wk inc covid hosp,0,2026-09-12,39,quantile,0.35,80.0
2026-09-12,wk inc covid hosp,0,2026-09-12,39,quantile,0.4,82.0
2026-09-12,wk inc covid hosp,0,2026-09-12,39,quantile,0.45,84.0
2026-09-12,wk inc covid hosp,0,2026-09-12,39,quantile,0.5,86.0
2026-09-12,wk inc covid hosp,0,2026-09-12,39,quantile,0.55,87.0
2026-09-12,wk inc covid hosp,0,2026-09-12,39,quantile,0.6,89.0
2026-09-12,wk inc covid hosp,0,2026-09-12,39,quantile,0.65,92.0
2026-09-12,wk inc covid hosp,0,2026-09-12,39,quantile,0.7,95.0
2026-09-12,wk inc covid hosp,0,2026-09-12,39,quantile,0.75,98.0
2026-09-12,wk inc covid hosp,0,2026-09-12,39,quantile,0.8,104.0
2026-09-12,wk inc covid hosp,0,2026-09-12,39,quantile,0.85,108.0
2026-09-12,wk inc covid hosp,0,2026-09-12,39,quantile,0.9,117.0
2026-09-12,wk inc covid hosp,0,2026-09-12,39,quantile,0.95,126.0
2026-09-12,wk inc covid hosp,0,2026-09-12,39,quantile,0.975,142.0
2026-09-12,wk inc covid hosp,0,2026-09-12,39,quantile,0.99,154.0
2026-09-12,wk inc covid hosp,0,2026-09-12,40,quantile,0.01,19.0
2026-09-12,wk inc covid hosp,0,2026-09-12,40,quantile,0.025,21.0
2026-09-12,wk inc covid hosp,0,2026-09-12,40,quantile,0.05,22.0
2026-09-12,wk inc covid hosp,0,2026-09-12,40,quantile,0.1,24.0
2026-09-12,wk inc covid hosp,0,2026-09-12,40,quantile,0.15,25.0
2026-09-12,wk inc covid hosp,0,2026-09-12,40,quantile,0.2,27.0
2026-09-12,wk inc covid hosp,0,2026-09-12,40,quantile,0.25,28.0
2026-09-12,wk inc covid hosp,0,2026-09-12,40,quantile,0.3,30.0
2026-09-12,wk inc covid hosp,0,2026-09-12,40,quantile,0.35,31.0
2026-09-12,wk inc covid hosp,0,2026-09-12,40,quantile,0.4,32.0
2026-09-12,wk inc covid hosp,0,2026-09-12,40,quantile,0.45,34.0
2026-09-12,wk inc covid hosp,0,2026-09-12,40,quantile,0.5,35.0
2026-09-12,wk inc covid hosp,0,2026-09-12,40,quantile,0.55,36.0
2026-09-12,wk inc covid hosp,0,2026-09-12,40,quantile,0.6,37.0
2026-09-12,wk inc covid hosp,0,2026-09-12,40,quantile,0.65,38.0
2026-09-12,wk inc covid hosp,0,2026-09-12,40,quantile,0.7,39.0
2026-09-12,wk inc covid hosp,0,2026-09-12,40,quantile,0.75,42.0
2026-09-12,wk inc covid hosp,0,2026-09-12,40,quantile,0.8,44.0
2026-09-12,wk inc covid hosp,0,2026-09-12,40,quantile,0.85,46.0
2026-09-12,wk inc covid hosp,0,2026-09-12,40,quantile,0.9,50.0
2026-09-12,wk inc covid hosp,0,2026-09-12,40,quantile,0.95,55.0
2026-09-12,wk inc covid hosp,0,2026-09-12,40,quantile,0.975,63.0
2026-09-12,wk inc covid hosp,0,2026-09-12,40,quantile,0.99,68.0
2026-09-12,wk inc covid hosp,0,2026-09-12,41,quantile,0.01,14.0
2026-09-12,wk inc covid hosp,0,2026-09-12,41,quantile,0.025,14.0
2026-09-12,wk inc covid hosp,0,2026-09-12,41,quantile,0.05,15.0
2026-09-12,wk inc covid hosp,0,2026-09-12,41,quantile,0.1,16.0
2026-09-12,wk inc covid hosp,0,2026-09-12,41,quantile,0.15,17.0
2026-09-12,wk inc covid hosp,0,2026-09-12,41,quantile,0.2,18.0
2026-09-12,wk inc covid hosp,0,2026-09-12,41,quantile,0.25,21.0
2026-09-12,wk inc covid hosp,0,2026-09-12,41,quantile,0.3,22.0
2026-09-12,wk inc covid hosp,0,2026-09-12,41,quantile,0.35,23.0
2026-09-12,wk inc covid hosp,0,2026-09-12,41,quantile,0.4,23.0
2026-09-12,wk inc covid hosp,0,2026-09-12,41,quantile,0.45,24.0
2026-09-12,wk inc covid hosp,0,2026-09-12,41,quantile,0.5,24.0
2026-09-12,wk inc covid hosp,0,2026-09-12,41,quantile,0.55,25.0
2026-09-12,wk inc covid hosp,0,2026-09-12,41,quantile,0.6,26.0
2026-09-12,wk inc covid hosp,0,2026-09-12,41,quantile,0.65,26.0
2026-09-12,wk inc covid hosp,0,2026-09-12,41,quantile,0.7,27.0
2026-09-12,wk inc covid hosp,0,2026-09-12,41,quantile,0.75,28.0
2026-09-12,wk inc covid hosp,0,2026-09-12,41,quantile,0.8,30.0
2026-09-12,wk inc covid hosp,0,2026-09-12,41,quantile,0.85,31.0
2026-09-12,wk inc covid hosp,0,2026-09-12,41,quantile,0.9,33.0
2026-09-12,wk inc covid hosp,0,2026-09-12,41,quantile,0.95,35.0
2026-09-12,wk inc covid hosp,0,2026-09-12,41,quantile,0.975,40.0
2026-09-12,wk inc covid hosp,0,2026-09-12,41,quantile,0.99,44.0
2026-09-12,wk inc covid hosp,0,2026-09-12,42,quantile,0.01,82.0
2026-09-12,wk inc covid hosp,0,2026-09-12,42,quantile,0.025,84.0
2026-09-12,wk inc covid hosp,0,2026-09-12,42,quantile,0.05,88.0
2026-09-12,wk inc covid hosp,0,2026-09-12,42,quantile,0.1,92.0
2026-09-12,wk inc covid hosp,0,2026-09-12,42,quantile,0.15,96.0
2026-09-12,wk inc covid hosp,0,2026-09-12,42,quantile,0.2,100.0
2026-09-12,wk inc covid hosp,0,2026-09-12,42,quantile,0.25,116.0
2026-09-12,wk inc covid hosp,0,2026-09-12,42,quantile,0.3,119.0
2026-09-12,wk inc covid hosp,0,2026-09-12,42,quantile,0.35,123.0
2026-09-12,wk inc covid hosp,0,2026-09-12,42,quantile,0.4,124.0
2026-09-12,wk inc covid hosp,0,2026-09-12,42,quantile,0.45,125.0
2026-09-12,wk inc covid hosp,0,2026-09-12,42,quantile,0.5,127.0
2026-09-12,wk inc covid hosp,0,2026-09-12,42,quantile,0.55,129.0
2026-09-12,wk inc covid hosp,0,2026-09-12,42,quantile,0.6,131.0
2026-09-12,wk inc covid hosp,0,2026-09-12,42,quantile,0.65,135.0
2026-09-12,wk inc covid hosp,0,2026-09-12,42,quantile,0.7,138.0
2026-09-12,wk inc covid hosp,0,2026-09-12,42,quantile,0.75,140.0
2026-09-12,wk inc covid hosp,0,2026-09-12,42,quantile,0.8,143.0
2026-09-12,wk inc covid hosp,0,2026-09-12,42,quantile,0.85,146.0
2026-09-12,wk inc covid hosp,0,2026-09-12,42,quantile,0.9,158.0
2026-09-12,wk inc covid hosp,0,2026-09-12,42,quantile,0.95,165.0
2026-09-12,wk inc covid hosp,0,2026-09-12,42,quantile,0.975,175.0
2026-09-12,wk inc covid hosp,0,2026-09-12,42,quantile,0.99,188.0
2026-09-12,wk inc covid hosp,0,2026-09-12,44,quantile,0.01,5.0
2026-09-12,wk inc covid hosp,0,2026-09-12,44,quantile,0.025,5.0
2026-09-12,wk inc covid hosp,0,2026-09-12,44,quantile,0.05,5.0
2026-09-12,wk inc covid hosp,0,2026-09-12,44,quantile,0.1,6.0
2026-09-12,wk inc covid hosp,0,2026-09-12,44,quantile,0.15,7.0
2026-09-12,wk inc covid hosp,0,2026-09-12,44,quantile,0.2,7.0
2026-09-12,wk inc covid hosp,0,2026-09-12,44,quantile,0.25,9.0
2026-09-12,wk inc covid hosp,0,2026-09-12,44,quantile,0.3,10.0
2026-09-12,wk inc covid hosp,0,2026-09-12,44,quantile,0.35,10.0
2026-09-12,wk inc covid hosp,0,2026-09-12,44,quantile,0.4,10.0
2026-09-12,wk inc covid hosp,0,2026-09-12,44,quantile,0.45,11.0
2026-09-12,wk inc covid hosp,0,2026-09-12,44,quantile,0.5,11.0
2026-09-12,wk inc covid hosp,0,2026-09-12,44,quantile,0.55,11.0
2026-09-12,wk inc covid hosp,0,2026-09-12,44,quantile,0.6,12.0
2026-09-12,wk inc covid hosp,0,2026-09-12,44,quantile,0.65,12.0
2026-09-12,wk inc covid hosp,0,2026-09-12,44,quantile,0.7,13.0
2026-09-12,wk inc covid hosp,0,2026-09-12,44,quantile,0.75,13.0
2026-09-12,wk inc covid hosp,0,2026-09-12,44,quantile,0.8,14.0
2026-09-12,wk inc covid hosp,0,2026-09-12,44,quantile,0.85,15.0
2026-09-12,wk inc covid hosp,0,2026-09-12,44,quantile,0.9,17.0
2026-09-12,wk inc covid hosp,0,2026-09-12,44,quantile,0.95,19.0
2026-09-12,wk inc covid hosp,0,2026-09-12,44,quantile,0.975,22.0
2026-09-12,wk inc covid hosp,0,2026-09-12,44,quantile,0.99,25.0
2026-09-12,wk inc covid hosp,0,2026-09-12,45,quantile,0.01,52.0
2026-09-12,wk inc covid hosp,0,2026-09-12,45,quantile,0.025,54.0
2026-09-12,wk inc covid hosp,0,2026-09-12,45,quantile,0.05,57.0
2026-09-12,wk inc covid hosp,0,2026-09-12,45,quantile,0.1,61.0
2026-09-12,wk inc covid hosp,0,2026-09-12,45,quantile,0.15,63.0
2026-09-12,wk inc covid hosp,0,2026-09-12,45,quantile,0.2,65.0
2026-09-12,wk inc covid hosp,0,2026-09-12,45,quantile,0.25,67.0
2026-09-12,wk inc covid hosp,0,2026-09-12,45,quantile,0.3,70.0
2026-09-12,wk inc covid hosp,0,2026-09-12,45,quantile,0.35,73.0
2026-09-12,wk inc covid hosp,0,2026-09-12,45,quantile,0.4,75.0
2026-09-12,wk inc covid hosp,0,2026-09-12,45,quantile,0.45,76.0
2026-09-12,wk inc covid hosp,0,2026-09-12,45,quantile,0.5,78.0
2026-09-12,wk inc covid hosp,0,2026-09-12,45,quantile,0.55,80.0
2026-09-12,wk inc covid hosp,0,2026-09-12,45,quantile,0.6,82.0
2026-09-12,wk inc covid hosp,0,2026-09-12,45,quantile,0.65,83.0
2026-09-12,wk inc covid hosp,0,2026-09-12,45,quantile,0.7,85.0
2026-09-12,wk inc covid hosp,0,2026-09-12,45,quantile,0.75,87.0
2026-09-12,wk inc covid hosp,0,2026-09-12,45,quantile,0.8,90.0
2026-09-12,wk inc covid hosp,0,2026-09-12,45,quantile,0.85,93.0
2026-09-12,wk inc covid hosp,0,2026-09-12,45,quantile,0.9,97.0
2026-09-12,wk inc covid hosp,0,2026-09-12,45,quantile,0.95,103.0
2026-09-12,wk inc covid hosp,0,2026-09-12,45,quantile,0.975,118.0
2026-09-12,wk inc covid hosp,0,2026-09-12,45,quantile,0.99,126.0
2026-09-12,wk inc covid hosp,0,2026-09-12,46,quantile,0.01,1.0
2026-09-12,wk inc covid hosp,0,2026-09-12,46,quantile,0.025,2.0
2026-09-12,wk inc covid hosp,0,2026-09-12,46,quantile,0.05,2.0
2026-09-12,wk inc covid hosp,0,2026-09-12,46,quantile,0.1,2.0
2026-09-12,wk inc covid hosp,0,2026-09-12,46,quantile,0.15,3.0
2026-09-12,wk inc covid hosp,0,2026-09-12,46,quantile,0.2,3.0
2026-09-12,wk inc covid hosp,0,2026-09-12,46,quantile,0.25,4.0
2026-09-12,wk inc covid hosp,0,2026-09-12,46,quantile,0.3,5.0
2026-09-12,wk inc covid hosp,0,2026-09-12,46,quantile,0.35,6.0
2026-09-12,wk inc covid hosp,0,2026-09-12,46,quantile,0.4,6.0
2026-09-12,wk inc covid hosp,0,2026-09-12,46,quantile,0.45,7.0
2026-09-12,wk inc covid hosp,0,2026-09-12,46,quantile,0.5,8.0
2026-09-12,wk inc covid hosp,0,2026-09-12,46,quantile,0.55,8.0
2026-09-12,wk inc covid hosp,0,2026-09-12,46,quantile,0.6,9.0
2026-09-12,wk inc covid hosp,0,2026-09-12,46,quantile,0.65,9.0
2026-09-12,wk inc covid hosp,0,2026-09-12,46,quantile,0.7,10.0
2026-09-12,wk inc covid hosp,0,2026-09-12,46,quantile,0.75,14.0
2026-09-12,wk inc covid hosp,0,2026-09-12,46,quantile,0.8,16.0
2026-09-12,wk inc covid hosp,0,2026-09-12,46,quantile,0.85,18.0
2026-09-12,wk inc covid hosp,0,2026-09-12,46,quantile,0.9,22.0
2026-09-12,wk inc covid hosp,0,2026-09-12,46,quantile,0.95,31.0
2026-09-12,wk inc covid hosp,0,2026-09-12,46,quantile,0.975,36.0
2026-09-12,wk inc covid hosp,0,2026-09-12,46,quantile,0.99,45.0
2026-09-12,wk inc covid hosp,0,2026-09-12,47,quantile,0.01,47.0
2026-09-12,wk inc covid hosp,0,2026-09-12,47,quantile,0.025,50.0
2026-09-12,wk inc covid hosp,0,2026-09-12,47,quantile,0.05,54.0
2026-09-12,wk inc covid hosp,0,2026-09-12,47,quantile,0.1,58.0
2026-09-12,wk inc covid hosp,0,2026-09-12,47,quantile,0.15,62.0
2026-09-12,wk inc covid hosp,0,2026-09-12,47,quantile,0.2,66.0
2026-09-12,wk inc covid hosp,0,2026-09-12,47,quantile,0.25,69.0
2026-09-12,wk inc covid hosp,0,2026-09-12,47,quantile,0.3,71.0
2026-09-12,wk inc covid hosp,0,2026-09-12,47,quantile,0.35,73.0
2026-09-12,wk inc covid hosp,0,2026-09-12,47,quantile,0.4,74.0
2026-09-12,wk inc covid hosp,0,2026-09-12,47,quantile,0.45,77.0
2026-09-12,wk inc covid hosp,0,2026-09-12,47,quantile,0.5,79.0
2026-09-12,wk inc covid hosp,0,2026-09-12,47,quantile,0.55,81.0
2026-09-12,wk inc covid hosp,0,2026-09-12,47,quantile,0.6,83.0
2026-09-12,wk inc covid hosp,0,2026-09-12,47,quantile,0.65,84.0
2026-09-12,wk inc covid hosp,0,2026-09-12,47,quantile,0.7,86.0
2026-09-12,wk inc covid hosp,0,2026-09-12,47,quantile,0.75,90.0
2026-09-12,wk inc covid hosp,0,2026-09-12,47,quantile,0.8,95.0
2026-09-12,wk inc covid hosp,0,2026-09-12,47,quantile,0.85,98.0
2026-09-12,wk inc covid hosp,0,2026-09-12,47,quantile,0.9,102.0
2026-09-12,wk inc covid hosp,0,2026-09-12,47,quantile,0.95,113.0
2026-09-12,wk inc covid hosp,0,2026-09-12,47,quantile,0.975,133.0
2026-09-12,wk inc covid hosp,0,2026-09-12,47,quantile,0.99,142.0
2026-09-12,wk inc covid hosp,0,2026-09-12,48,quantile,0.01,232.0
2026-09-12,wk inc covid hosp,0,2026-09-12,48,quantile,0.025,285.0
2026-09-12,wk inc covid hosp,0,2026-09-12,48,quantile,0.05,337.0
2026-09-12,wk inc covid hosp,0,2026-09-12,48,quantile,0.1,365.0
2026-09-12,wk inc covid hosp,0,2026-09-12,48,quantile,0.15,386.0
2026-09-12,wk inc covid hosp,0,2026-09-12,48,quantile,0.2,451.0
2026-09-12,wk inc covid hosp,0,2026-09-12,48,quantile,0.25,494.0
2026-09-12,wk inc covid hosp,0,2026-09-12,48,quantile,0.3,510.0
2026-09-12,wk inc covid hosp,0,2026-09-12,48,quantile,0.35,522.0
2026-09-12,wk inc covid hosp,0,2026-09-12,48,quantile,0.4,532.0
2026-09-12,wk inc covid hosp,0,2026-09-12,48,quantile,0.45,542.0
2026-09-12,wk inc covid hosp,0,2026-09-12,48,quantile,0.5,558.0
2026-09-12,wk inc covid hosp,0,2026-09-12,48,quantile,0.55,578.0
2026-09-12,wk inc covid hosp,0,2026-09-12,48,quantile,0.6,592.0
2026-09-12,wk inc covid hosp,0,2026-09-12,48,quantile,0.65,602.0
2026-09-12,wk inc covid hosp,0,2026-09-12,48,quantile,0.7,616.0
2026-09-12,wk inc covid hosp,0,2026-09-12,48,quantile,0.75,632.0
2026-09-12,wk inc covid hosp,0,2026-09-12,48,quantile,0.8,658.0
2026-09-12,wk inc covid hosp,0,2026-09-12,48,quantile,0.85,678.0
2026-09-12,wk inc covid hosp,0,2026-09-12,48,quantile,0.9,706.0
2026-09-12,wk inc covid hosp,0,2026-09-12,48,quantile,0.95,765.0
2026-09-12,wk inc covid hosp,0,2026-09-12,48,quantile,0.975,836.0
2026-09-12,wk inc covid hosp,0,2026-09-12,48,quantile,0.99,895.0
2026-09-12,wk inc covid hosp,0,2026-09-12,49,quantile,0.01,4.0
2026-09-12,wk inc covid hosp,0,2026-09-12,49,quantile,0.025,5.0
2026-09-12,wk inc covid hosp,0,2026-09-12,49,quantile,0.05,5.0
2026-09-12,wk inc covid hosp,0,2026-09-12,49,quantile,0.1,6.0
2026-09-12,wk inc covid hosp,0,2026-09-12,49,quantile,0.15,7.0
2026-09-12,wk inc covid hosp,0,2026-09-12,49,quantile,0.2,7.0
2026-09-12,wk inc covid hosp,0,2026-09-12,49,quantile,0.25,8.0
2026-09-12,wk inc covid hosp,0,2026-09-12,49,quantile,0.3,9.0
2026-09-12,wk inc covid hosp,0,2026-09-12,49,quantile,0.35,10.0
2026-09-12,wk inc covid hosp,0,2026-09-12,49,quantile,0.4,11.0
2026-09-12,wk inc covid hosp,0,2026-09-12,49,quantile,0.45,13.0
2026-09-12,wk inc covid hosp,0,2026-09-12,49,quantile,0.5,13.0
2026-09-12,wk inc covid hosp,0,2026-09-12,49,quantile,0.55,14.0
2026-09-12,wk inc covid hosp,0,2026-09-12,49,quantile,0.6,15.0
2026-09-12,wk inc covid hosp,0,2026-09-12,49,quantile,0.65,17.0
2026-09-12,wk inc covid hosp,0,2026-09-12,49,quantile,0.7,18.0
2026-09-12,wk inc covid hosp,0,2026-09-12,49,quantile,0.75,19.0
2026-09-12,wk inc covid hosp,0,2026-09-12,49,quantile,0.8,20.0
2026-09-12,wk inc covid hosp,0,2026-09-12,49,quantile,0.85,22.0
2026-09-12,wk inc covid hosp,0,2026-09-12,49,quantile,0.9,24.0
2026-09-12,wk inc covid hosp,0,2026-09-12,49,quantile,0.95,28.0
2026-09-12,wk inc covid hosp,0,2026-09-12,49,quantile,0.975,37.0
2026-09-12,wk inc covid hosp,0,2026-09-12,49,quantile,0.99,43.0
2026-09-12,wk inc covid hosp,0,2026-09-12,50,quantile,0.01,1.0
2026-09-12,wk inc covid hosp,0,2026-09-12,50,quantile,0.025,1.0
2026-09-12,wk inc covid hosp,0,2026-09-12,50,quantile,0.05,2.0
2026-09-12,wk inc covid hosp,0,2026-09-12,50,quantile,0.1,2.0
2026-09-12,wk inc covid hosp,0,2026-09-12,50,quantile,0.15,2.0
2026-09-12,wk inc covid hosp,0,2026-09-12,50,quantile,0.2,3.0
2026-09-12,wk inc covid hosp,0,2026-09-12,50,quantile,0.25,3.0
2026-09-12,wk inc covid hosp,0,2026-09-12,50,quantile,0.3,4.0
2026-09-12,wk inc covid hosp,0,2026-09-12,50,quantile,0.35,5.0
2026-09-12,wk inc covid hosp,0,2026-09-12,50,quantile,0.4,5.0
2026-09-12,wk inc covid hosp,0,2026-09-12,50,quantile,0.45,6.0
2026-09-12,wk inc covid hosp,0,2026-09-12,50,quantile,0.5,6.0
2026-09-12,wk inc covid hosp,0,2026-09-12,50,quantile,0.55,7.0
2026-09-12,wk inc covid hosp,0,2026-09-12,50,quantile,0.6,7.0
2026-09-12,wk inc covid hosp,0,2026-09-12,50,quantile,0.65,8.0
2026-09-12,wk inc covid hosp,0,2026-09-12,50,quantile,0.7,8.0
2026-09-12,wk inc covid hosp,0,2026-09-12,50,quantile,0.75,9.0
2026-09-12,wk inc covid hosp,0,2026-09-12,50,quantile,0.8,12.0
2026-09-12,wk inc covid hosp,0,2026-09-12,50,quantile,0.85,15.0
2026-09-12,wk inc covid hosp,0,2026-09-12,50,quantile,0.9,16.0
2026-09-12,wk inc covid hosp,0,2026-09-12,50,quantile,0.95,20.0
2026-09-12,wk inc covid hosp,0,2026-09-12,50,quantile,0.975,25.0
2026-09-12,wk inc covid hosp,0,2026-09-12,50,quantile,0.99,33.0
2026-09-12,wk inc covid hosp,0,2026-09-12,51,quantile,0.01,22.0
2026-09-12,wk inc covid hosp,0,2026-09-12,51,quantile,0.025,24.0
2026-09-12,wk inc covid hosp,0,2026-09-12,51,quantile,0.05,26.0
2026-09-12,wk inc covid hosp,0,2026-09-12,51,quantile,0.1,28.0
2026-09-12,wk inc covid hosp,0,2026-09-12,51,quantile,0.15,30.0
2026-09-12,wk inc covid hosp,0,2026-09-12,51,quantile,0.2,32.0
2026-09-12,wk inc covid hosp,0,2026-09-12,51,quantile,0.25,36.0
2026-09-12,wk inc covid hosp,0,2026-09-12,51,quantile,0.3,38.0
2026-09-12,wk inc covid hosp,0,2026-09-12,51,quantile,0.35,40.0
2026-09-12,wk inc covid hosp,0,2026-09-12,51,quantile,0.4,41.0
2026-09-12,wk inc covid hosp,0,2026-09-12,51,quantile,0.45,42.0
2026-09-12,wk inc covid hosp,0,2026-09-12,51,quantile,0.5,44.0
2026-09-12,wk inc covid hosp,0,2026-09-12,51,quantile,0.55,45.0
2026-09-12,wk inc covid hosp,0,2026-09-12,51,quantile,0.6,46.0
2026-09-12,wk inc covid hosp,0,2026-09-12,51,quantile,0.65,48.0
2026-09-12,wk inc covid hosp,0,2026-09-12,51,quantile,0.7,49.0
2026-09-12,wk inc covid hosp,0,2026-09-12,51,quantile,0.75,53.0
2026-09-12,wk inc covid hosp,0,2026-09-12,51,quantile,0.8,55.0
2026-09-12,wk inc covid hosp,0,2026-09-12,51,quantile,0.85,58.0
2026-09-12,wk inc covid hosp,0,2026-09-12,51,quantile,0.9,62.0
2026-09-12,wk inc covid hosp,0,2026-09-12,51,quantile,0.95,68.0
2026-09-12,wk inc covid hosp,0,2026-09-12,51,quantile,0.975,76.0
2026-09-12,wk inc covid hosp,0,2026-09-12,51,quantile,0.99,83.0
2026-09-12,wk inc covid hosp,0,2026-09-12,53,quantile,0.01,21.0
2026-09-12,wk inc covid hosp,0,2026-09-12,53,quantile,0.025,23.0
2026-09-12,wk inc covid hosp,0,2026-09-12,53,quantile,0.05,25.0
2026-09-12,wk inc covid hosp,0,2026-09-12,53,quantile,0.1,27.0
2026-09-12,wk inc covid hosp,0,2026-09-12,53,quantile,0.15,29.0
2026-09-12,wk inc covid hosp,0,2026-09-12,53,quantile,0.2,31.0
2026-09-12,wk inc covid hosp,0,2026-09-12,53,quantile,0.25,38.0
2026-09-12,wk inc covid hosp,0,2026-09-12,53,quantile,0.3,39.0
2026-09-12,wk inc covid hosp,0,2026-09-12,53,quantile,0.35,41.0
2026-09-12,wk inc covid hosp,0,2026-09-12,53,quantile,0.4,42.0
2026-09-12,wk inc covid hosp,0,2026-09-12,53,quantile,0.45,43.0
2026-09-12,wk inc covid hosp,0,2026-09-12,53,quantile,0.5,45.0
2026-09-12,wk inc covid hosp,0,2026-09-12,53,quantile,0.55,46.0
2026-09-12,wk inc covid hosp,0,2026-09-12,53,quantile,0.6,49.0
2026-09-12,wk inc covid hosp,0,2026-09-12,53,quantile,0.65,51.0
2026-09-12,wk inc covid hosp,0,2026-09-12,53,quantile,0.7,53.0
2026-09-12,wk inc covid hosp,0,2026-09-12,53,quantile,0.75,55.0
2026-09-12,wk inc covid hosp,0,2026-09-12,53,quantile,0.8,57.0
2026-09-12,wk inc covid hosp,0,2026-09-12,53,quantile,0.85,61.0
2026-09-12,wk inc covid hosp,0,2026-09-12,53,quantile,0.9,66.0
2026-09-12,wk inc covid hosp,0,2026-09-12,53,quantile,0.95,72.0
2026-09-12,wk inc covid hosp,0,2026-09-12,53,quantile,0.975,83.0
2026-09-12,wk inc covid hosp,0,2026-09-12,53,quantile,0.99,97.0
2026-09-12,wk inc covid hosp,0,2026-09-12,54,quantile,0.01,3.0
2026-09-12,wk inc covid hosp,0,2026-09-12,54,quantile,0.025,3.0
2026-09-12,wk inc covid hosp,0,2026-09-12,54,quantile,0.05,4.0
2026-09-12,wk inc covid hosp,0,2026-09-12,54,quantile,0.1,5.0
2026-09-12,wk inc covid hosp,0,2026-09-12,54,quantile,0.15,5.0
2026-09-12,wk inc covid hosp,0,2026-09-12,54,quantile,0.2,6.0
2026-09-12,wk inc covid hosp,0,2026-09-12,54,quantile,0.25,7.0
2026-09-12,wk inc covid hosp,0,2026-09-12,54,quantile,0.3,8.0
2026-09-12,wk inc covid hosp,0,2026-09-12,54,quantile,0.35,9.0
2026-09-12,wk inc covid hosp,0,2026-09-12,54,quantile,0.4,9.0
2026-09-12,wk inc covid hosp,0,2026-09-12,54,quantile,0.45,12.0
2026-09-12,wk inc covid hosp,0,2026-09-12,54,quantile,0.5,13.0
2026-09-12,wk inc covid hosp,0,2026-09-12,54,quantile,0.55,13.0
2026-09-12,wk inc covid hosp,0,2026-09-12,54,quantile,0.6,14.0
2026-09-12,wk inc covid hosp,0,2026-09-12,54,quantile,0.65,15.0
2026-09-12,wk inc covid hosp,0,2026-09-12,54,quantile,0.7,16.0
2026-09-12,wk inc covid hosp,0,2026-09-12,54,quantile,0.75,18.0
2026-09-12,wk inc covid hosp,0,2026-09-12,54,quantile,0.8,20.0
2026-09-12,wk inc covid hosp,0,2026-09-12,54,quantile,0.85,22.0
2026-09-12,wk inc covid hosp,0,2026-09-12,54,quantile,0.9,25.0
2026-09-12,wk inc covid hosp,0,2026-09-12,54,quantile,0.95,29.0
2026-09-12,wk inc covid hosp,0,2026-09-12,54,quantile,0.975,38.0
2026-09-12,wk inc covid hosp,0,2026-09-12,54,quantile,0.99,43.0
2026-09-12,wk inc covid hosp,0,2026-09-12,55,quantile,0.01,15.0
2026-09-12,wk inc covid hosp,0,2026-09-12,55,quantile,0.025,16.0
2026-09-12,wk inc covid hosp,0,2026-09-12,55,quantile,0.05,17.0
2026-09-12,wk inc covid hosp,0,2026-09-12,55,quantile,0.1,18.0
2026-09-12,wk inc covid hosp,0,2026-09-12,55,quantile,0.15,19.0
2026-09-12,wk inc covid hosp,0,2026-09-12,55,quantile,0.2,20.0
2026-09-12,wk inc covid hosp,0,2026-09-12,55,quantile,0.25,24.0
2026-09-12,wk inc covid hosp,0,2026-09-12,55,quantile,0.3,24.0
2026-09-12,wk inc covid hosp,0,2026-09-12,55,quantile,0.35,25.0
2026-09-12,wk inc covid hosp,0,2026-09-12,55,quantile,0.4,26.0
2026-09-12,wk inc covid hosp,0,2026-09-12,55,quantile,0.45,27.0
2026-09-12,wk inc covid hosp,0,2026-09-12,55,quantile,0.5,27.0
2026-09-12,wk inc covid hosp,0,2026-09-12,55,quantile,0.55,28.0
2026-09-12,wk inc covid hosp,0,2026-09-12,55,quantile,0.6,29.0
2026-09-12,wk inc covid hosp,0,2026-09-12,55,quantile,0.65,29.0
2026-09-12,wk inc covid hosp,0,2026-09-12,55,quantile,0.7,30.0
2026-09-12,wk inc covid hosp,0,2026-09-12,55,quantile,0.75,31.0
2026-09-12,wk inc covid hosp,0,2026-09-12,55,quantile,0.8,33.0
2026-09-12,wk inc covid hosp,0,2026-09-12,55,quantile,0.85,35.0
2026-09-12,wk inc covid hosp,0,2026-09-12,55,quantile,0.9,37.0
2026-09-12,wk inc covid hosp,0,2026-09-12,55,quantile,0.95,40.0
2026-09-12,wk inc covid hosp,0,2026-09-12,55,quantile,0.975,46.0
2026-09-12,wk inc covid hosp,0,2026-09-12,55,quantile,0.99,50.0
2026-09-12,wk inc covid hosp,0,2026-09-12,56,quantile,0.01,0.0
2026-09-12,wk inc covid hosp,0,2026-09-12,56,quantile,0.025,1.0
2026-09-12,wk inc covid hosp,0,2026-09-12,56,quantile,0.05,1.0
2026-09-12,wk inc covid hosp,0,2026-09-12,56,quantile,0.1,1.0
2026-09-12,wk inc covid hosp,0,2026-09-12,56,quantile,0.15,1.0
2026-09-12,wk inc covid hosp,0,2026-09-12,56,quantile,0.2,2.0
2026-09-12,wk inc covid hosp,0,2026-09-12,56,quantile,0.25,3.0
2026-09-12,wk inc covid hosp,0,2026-09-12,56,quantile,0.3,4.0
2026-09-12,wk inc covid hosp,0,2026-09-12,56,quantile,0.35,5.0
2026-09-12,wk inc covid hosp,0,2026-09-12,56,quantile,0.4,5.0
2026-09-12,wk inc covid hosp,0,2026-09-12,56,quantile,0.45,6.0
2026-09-12,wk inc covid hosp,0,2026-09-12,56,quantile,0.5,6.0
2026-09-12,wk inc covid hosp,0,2026-09-12,56,quantile,0.55,6.0
2026-09-12,wk inc covid hosp,0,2026-09-12,56,quantile,0.6,7.0
2026-09-12,wk inc covid hosp,0,2026-09-12,56,quantile,0.65,8.0
2026-09-12,wk inc covid hosp,0,2026-09-12,56,quantile,0.7,9.0
2026-09-12,wk inc covid hosp,0,2026-09-12,56,quantile,0.75,10.0
2026-09-12,wk inc covid hosp,0,2026-09-12,56,quantile,0.8,11.0
2026-09-12,wk inc covid hosp,0,2026-09-12,56,quantile,0.85,14.0
2026-09-12,wk inc covid hosp,0,2026-09-12,56,quantile,0.9,16.0
2026-09-12,wk inc covid hosp,0,2026-09-12,56,quantile,0.95,22.0
2026-09-12,wk inc covid hosp,0,2026-09-12,56,quantile,0.975,47.0
2026-09-12,wk inc covid hosp,0,2026-09-12,56,quantile,0.99,60.0
2026-09-12,wk inc covid hosp,0,2026-09-12,72,quantile,0.01,7.0
2026-09-12,wk inc covid hosp,0,2026-09-12,72,quantile,0.025,8.0
2026-09-12,wk inc covid hosp,0,2026-09-12,72,quantile,0.05,10.0
2026-09-12,wk inc covid hosp,0,2026-09-12,72,quantile,0.1,11.0
2026-09-12,wk inc covid hosp,0,2026-09-12,72,quantile,0.15,14.0
2026-09-12,wk inc covid hosp,0,2026-09-12,72,quantile,0.2,19.0
2026-09-12,wk inc covid hosp,0,2026-09-12,72,quantile,0.25,23.0
2026-09-12,wk inc covid hosp,0,2026-09-12,72,quantile,0.3,25.0
2026-09-12,wk inc covid hosp,0,2026-09-12,72,quantile,0.35,30.0
2026-09-12,wk inc covid hosp,0,2026-09-12,72,quantile,0.4,34.0
2026-09-12,wk inc covid hosp,0,2026-09-12,72,quantile,0.45,36.0
2026-09-12,wk inc covid hosp,0,2026-09-12,72,quantile,0.5,38.0
2026-09-12,wk inc covid hosp,0,2026-09-12,72,quantile,0.55,40.0
2026-09-12,wk inc covid hosp,0,2026-09-12,72,quantile,0.6,43.0
2026-09-12,wk inc covid hosp,0,2026-09-12,72,quantile,0.65,47.0
2026-09-12,wk inc covid hosp,0,2026-09-12,72,quantile,0.7,51.0
2026-09-12,wk inc covid hosp,0,2026-09-12,72,quantile,0.75,55.0
2026-09-12,wk inc covid hosp,0,2026-09-12,72,quantile,0.8,59.0
2026-09-12,wk inc covid hosp,0,2026-09-12,72,quantile,0.85,66.0
2026-09-12,wk inc covid hosp,0,2026-09-12,72,quantile,0.9,74.0
2026-09-12,wk inc covid hosp,0,2026-09-12,72,quantile,0.95,89.0
2026-09-12,wk inc covid hosp,0,2026-09-12,72,quantile,0.975,109.0
2026-09-12,wk inc covid hosp,0,2026-09-12,72,quantile,0.99,145.0
2026-09-12,wk inc covid hosp,1,2026-09-19,01,quantile,0.01,33.0
2026-09-12,wk inc covid hosp,1,2026-09-19,01,quantile,0.025,37.0
2026-09-12,wk inc covid hosp,1,2026-09-19,01,quantile,0.05,44.0
2026-09-12,wk inc covid hosp,1,2026-09-19,01,quantile,0.1,50.0
2026-09-12,wk inc covid hosp,1,2026-09-19,01,quantile,0.15,56.0
2026-09-12,wk inc covid hosp,1,2026-09-19,01,quantile,0.2,63.0
2026-09-12,wk inc covid hosp,1,2026-09-19,01,quantile,0.25,80.0
2026-09-12,wk inc covid hosp,1,2026-09-19,01,quantile,0.3,84.0
2026-09-12,wk inc covid hosp,1,2026-09-19,01,quantile,0.35,86.0
2026-09-12,wk inc covid hosp,1,2026-09-19,01,quantile,0.4,89.0
2026-09-12,wk inc covid hosp,1,2026-09-19,01,quantile,0.45,92.0
2026-09-12,wk inc covid hosp,1,2026-09-19,01,quantile,0.5,95.0
2026-09-12,wk inc covid hosp,1,2026-09-19,01,quantile,0.55,100.0
2026-09-12,wk inc covid hosp,1,2026-09-19,01,quantile,0.6,105.0
2026-09-12,wk inc covid hosp,1,2026-09-19,01,quantile,0.65,110.0
2026-09-12,wk inc covid hosp,1,2026-09-19,01,quantile,0.7,114.0
2026-09-12,wk inc covid hosp,1,2026-09-19,01,quantile,0.75,122.0
2026-09-12,wk inc covid hosp,1,2026-09-19,01,quantile,0.8,127.0
2026-09-12,wk inc covid hosp,1,2026-09-19,01,quantile,0.85,136.0
2026-09-12,wk inc covid hosp,1,2026-09-19,01,quantile,0.9,146.0
2026-09-12,wk inc covid hosp,1,2026-09-19,01,quantile,0.95,171.0
2026-09-12,wk inc covid hosp,1,2026-09-19,01,quantile,0.975,193.0
2026-09-12,wk inc covid hosp,1,2026-09-19,01,quantile,0.99,219.0
2026-09-12,wk inc covid hosp,1,2026-09-19,02,quantile,0.01,1.0
2026-09-12,wk inc covid hosp,1,2026-09-19,02,quantile,0.025,2.0
2026-09-12,wk inc covid hosp,1,2026-09-19,02,quantile,0.05,2.0
2026-09-12,wk inc covid hosp,1,2026-09-19,02,quantile,0.1,2.0
2026-09-12,wk inc covid hosp,1,2026-09-19,02,quantile,0.15,3.0
2026-09-12,wk inc covid hosp,1,2026-09-19,02,quantile,0.2,3.0
2026-09-12,wk inc covid hosp,1,2026-09-19,02,quantile,0.25,4.0
2026-09-12,wk inc covid hosp,1,2026-09-19,02,quantile,0.3,5.0
2026-09-12,wk inc covid hosp,1,2026-09-19,02,quantile,0.35,5.0
2026-09-12,wk inc covid hosp,1,2026-09-19,02,quantile,0.4,6.0
2026-09-12,wk inc covid hosp,1,2026-09-19,02,quantile,0.45,6.0
2026-09-12,wk inc covid hosp,1,2026-09-19,02,quantile,0.5,7.0
2026-09-12,wk inc covid hosp,1,2026-09-19,02,quantile,0.55,8.0
2026-09-12,wk inc covid hosp,1,2026-09-19,02,quantile,0.6,8.0
2026-09-12,wk inc covid hosp,1,2026-09-19,02,quantile,0.65,9.0
2026-09-12,wk inc covid hosp,1,2026-09-19,02,quantile,0.7,10.0
2026-09-12,wk inc covid hosp,1,2026-09-19,02,quantile,0.75,11.0
2026-09-12,wk inc covid hosp,1,2026-09-19,02,quantile,0.8,13.0
2026-09-12,wk inc covid hosp,1,2026-09-19,02,quantile,0.85,15.0
2026-09-12,wk inc covid hosp,1,2026-09-19,02,quantile,0.9,18.0
2026-09-12,wk inc covid hosp,1,2026-09-19,02,quantile,0.95,24.0
2026-09-12,wk inc covid hosp,1,2026-09-19,02,quantile,0.975,39.0
2026-09-12,wk inc covid hosp,1,2026-09-19,02,quantile,0.99,49.0
2026-09-12,wk inc covid hosp,1,2026-09-19,04,quantile,0.01,49.0
2026-09-12,wk inc covid hosp,1,2026-09-19,04,quantile,0.025,52.0
2026-09-12,wk inc covid hosp,1,2026-09-19,04,quantile,0.05,58.0
2026-09-12,wk inc covid hosp,1,2026-09-19,04,quantile,0.1,62.0
2026-09-12,wk inc covid hosp,1,2026-09-19,04,quantile,0.15,66.0
2026-09-12,wk inc covid hosp,1,2026-09-19,04,quantile,0.2,72.0
2026-09-12,wk inc covid hosp,1,2026-09-19,04,quantile,0.25,77.0
2026-09-12,wk inc covid hosp,1,2026-09-19,04,quantile,0.3,81.0
2026-09-12,wk inc covid hosp,1,2026-09-19,04,quantile,0.35,84.0
2026-09-12,wk inc covid hosp,1,2026-09-19,04,quantile,0.4,86.0
2026-09-12,wk inc covid hosp,1,2026-09-19,04,quantile,0.45,89.0
2026-09-12,wk inc covid hosp,1,2026-09-19,04,quantile,0.5,92.0
2026-09-12,wk inc covid hosp,1,2026-09-19,04,quantile,0.55,94.0
2026-09-12,wk inc covid hosp,1,2026-09-19,04,quantile,0.6,97.0
2026-09-12,wk inc covid hosp,1,2026-09-19,04,quantile,0.65,101.0
2026-09-12,wk inc covid hosp,1,2026-09-19,04,quantile,0.7,106.0
2026-09-12,wk inc covid hosp,1,2026-09-19,04,quantile,0.75,116.0
2026-09-12,wk inc covid hosp,1,2026-09-19,04,quantile,0.8,120.0
2026-09-12,wk inc covid hosp,1,2026-09-19,04,quantile,0.85,128.0
2026-09-12,wk inc covid hosp,1,2026-09-19,04,quantile,0.9,138.0
2026-09-12,wk inc covid hosp,1,2026-09-19,04,quantile,0.95,162.0
2026-09-12,wk inc covid hosp,1,2026-09-19,04,quantile,0.975,187.0
2026-09-12,wk inc covid hosp,1,2026-09-19,04,quantile,0.99,212.0
2026-09-12,wk inc covid hosp,1,2026-09-19,05,quantile,0.01,7.0
2026-09-12,wk inc covid hosp,1,2026-09-19,05,quantile,0.025,8.0
2026-09-12,wk inc covid hosp,1,2026-09-19,05,quantile,0.05,9.0
2026-09-12,wk inc covid hosp,1,2026-09-19,05,quantile,0.1,10.0
2026-09-12,wk inc covid hosp,1,2026-09-19,05,quantile,0.15,12.0
2026-09-12,wk inc covid hosp,1,2026-09-19,05,quantile,0.2,14.0
2026-09-12,wk inc covid hosp,1,2026-09-19,05,quantile,0.25,15.0
2026-09-12,wk inc covid hosp,1,2026-09-19,05,quantile,0.3,16.0
2026-09-12,wk inc covid hosp,1,2026-09-19,05,quantile,0.35,16.0
2026-09-12,wk inc covid hosp,1,2026-09-19,05,quantile,0.4,17.0
2026-09-12,wk inc covid hosp,1,2026-09-19,05,quantile,0.45,18.0
2026-09-12,wk inc covid hosp,1,2026-09-19,05,quantile,0.5,19.0
2026-09-12,wk inc covid hosp,1,2026-09-19,05,quantile,0.55,19.0
2026-09-12,wk inc covid hosp,1,2026-09-19,05,quantile,0.6,21.0
2026-09-12,wk inc covid hosp,1,2026-09-19,05,quantile,0.65,22.0
2026-09-12,wk inc covid hosp,1,2026-09-19,05,quantile,0.7,24.0
2026-09-12,wk inc covid hosp,1,2026-09-19,05,quantile,0.75,27.0
2026-09-12,wk inc covid hosp,1,2026-09-19,05,quantile,0.8,30.0
2026-09-12,wk inc covid hosp,1,2026-09-19,05,quantile,0.85,32.0
2026-09-12,wk inc covid hosp,1,2026-09-19,05,quantile,0.9,34.0
2026-09-12,wk inc covid hosp,1,2026-09-19,05,quantile,0.95,39.0
2026-09-12,wk inc covid hosp,1,2026-09-19,05,quantile,0.975,45.0
2026-09-12,wk inc covid hosp,1,2026-09-19,05,quantile,0.99,53.0
2026-09-12,wk inc covid hosp,1,2026-09-19,06,quantile,0.01,396.0
2026-09-12,wk inc covid hosp,1,2026-09-19,06,quantile,0.025,413.0
2026-09-12,wk inc covid hosp,1,2026-09-19,06,quantile,0.05,439.0
2026-09-12,wk inc covid hosp,1,2026-09-19,06,quantile,0.1,463.0
2026-09-12,wk inc covid hosp,1,2026-09-19,06,quantile,0.15,490.0
2026-09-12,wk inc covid hosp,1,2026-09-19,06,quantile,0.2,534.0
2026-09-12,wk inc covid hosp,1,2026-09-19,06,quantile,0.25,571.0
2026-09-12,wk inc covid hosp,1,2026-09-19,06,quantile,0.3,592.0
2026-09-12,wk inc covid hosp,1,2026-09-19,06,quantile,0.35,617.0
2026-09-12,wk inc covid hosp,1,2026-09-19,06,quantile,0.4,629.0
2026-09-12,wk inc covid hosp,1,2026-09-19,06,quantile,0.45,649.0
2026-09-12,wk inc covid hosp,1,2026-09-19,06,quantile,0.5,666.0
2026-09-12,wk inc covid hosp,1,2026-09-19,06,quantile,0.55,684.0
2026-09-12,wk inc covid hosp,1,2026-09-19,06,quantile,0.6,706.0
2026-09-12,wk inc covid hosp,1,2026-09-19,06,quantile,0.65,726.0
2026-09-12,wk inc covid hosp,1,2026-09-19,06,quantile,0.7,753.0
2026-09-12,wk inc covid hosp,1,2026-09-19,06,quantile,0.75,794.0
2026-09-12,wk inc covid hosp,1,2026-09-19,06,quantile,0.8,825.0
2026-09-12,wk inc covid hosp,1,2026-09-19,06,quantile,0.85,868.0
2026-09-12,wk inc covid hosp,1,2026-09-19,06,quantile,0.9,923.0
2026-09-12,wk inc covid hosp,1,2026-09-19,06,quantile,0.95,998.0
2026-09-12,wk inc covid hosp,1,2026-09-19,06,quantile,0.975,1105.0
2026-09-12,wk inc covid hosp,1,2026-09-19,06,quantile,0.99,1262.0
2026-09-12,wk inc covid hosp,1,2026-09-19,08,quantile,0.01,16.0
2026-09-12,wk inc covid hosp,1,2026-09-19,08,quantile,0.025,17.0
2026-09-12,wk inc covid hosp,1,2026-09-19,08,quantile,0.05,19.0
2026-09-12,wk inc covid hosp,1,2026-09-19,08,quantile,0.1,21.0
2026-09-12,wk inc covid hosp,1,2026-09-19,08,quantile,0.15,24.0
2026-09-12,wk inc covid hosp,1,2026-09-19,08,quantile,0.2,26.0
2026-09-12,wk inc covid hosp,1,2026-09-19,08,quantile,0.25,27.0
2026-09-12,wk inc covid hosp,1,2026-09-19,08,quantile,0.3,29.0
2026-09-12,wk inc covid hosp,1,2026-09-19,08,quantile,0.35,30.0
2026-09-12,wk inc covid hosp,1,2026-09-19,08,quantile,0.4,32.0
2026-09-12,wk inc covid hosp,1,2026-09-19,08,quantile,0.45,33.0
2026-09-12,wk inc covid hosp,1,2026-09-19,08,quantile,0.5,35.0
2026-09-12,wk inc covid hosp,1,2026-09-19,08,quantile,0.55,36.0
2026-09-12,wk inc covid hosp,1,2026-09-19,08,quantile,0.6,37.0
2026-09-12,wk inc covid hosp,1,2026-09-19,08,quantile,0.65,39.0
2026-09-12,wk inc covid hosp,1,2026-09-19,08,quantile,0.7,41.0
2026-09-12,wk inc covid hosp,1,2026-09-19,08,quantile,0.75,46.0
2026-09-12,wk inc covid hosp,1,2026-09-19,08,quantile,0.8,49.0
2026-09-12,wk inc covid hosp,1,2026-09-19,08,quantile,0.85,52.0
2026-09-12,wk inc covid hosp,1,2026-09-19,08,quantile,0.9,56.0
2026-09-12,wk inc covid hosp,1,2026-09-19,08,quantile,0.95,62.0
2026-09-12,wk inc covid hosp,1,2026-09-19,08,quantile,0.975,75.0
2026-09-12,wk inc covid hosp,1,2026-09-19,08,quantile,0.99,84.0
2026-09-12,wk inc covid hosp,1,2026-09-19,09,quantile,0.01,4.0
2026-09-12,wk inc covid hosp,1,2026-09-19,09,quantile,0.025,4.0
2026-09-12,wk inc covid hosp,1,2026-09-19,09,quantile,0.05,5.0
2026-09-12,wk inc covid hosp,1,2026-09-19,09,quantile,0.1,6.0
2026-09-12,wk inc covid hosp,1,2026-09-19,09,quantile,0.15,10.0
2026-09-12,wk inc covid hosp,1,2026-09-19,09,quantile,0.2,11.0
2026-09-12,wk inc covid hosp,1,2026-09-19,09,quantile,0.25,12.0
2026-09-12,wk inc covid hosp,1,2026-09-19,09,quantile,0.3,13.0
2026-09-12,wk inc covid hosp,1,2026-09-19,09,quantile,0.35,13.0
2026-09-12,wk inc covid hosp,1,2026-09-19,09,quantile,0.4,14.0
2026-09-12,wk inc covid hosp,1,2026-09-19,09,quantile,0.45,15.0
2026-09-12,wk inc covid hosp,1,2026-09-19,09,quantile,0.5,15.0
2026-09-12,wk inc covid hosp,1,2026-09-19,09,quantile,0.55,18.0
2026-09-12,wk inc covid hosp,1,2026-09-19,09,quantile,0.6,20.0
2026-09-12,wk inc covid hosp,1,2026-09-19,09,quantile,0.65,21.0
2026-09-12,wk inc covid hosp,1,2026-09-19,09,quantile,0.7,22.0
2026-09-12,wk inc covid hosp,1,2026-09-19,09,quantile,0.75,23.0
2026-09-12,wk inc covid hosp,1,2026-09-19,09,quantile,0.8,25.0
2026-09-12,wk inc covid hosp,1,2026-09-19,09,quantile,0.85,27.0
2026-09-12,wk inc covid hosp,1,2026-09-19,09,quantile,0.9,30.0
2026-09-12,wk inc covid hosp,1,2026-09-19,09,quantile,0.95,36.0
2026-09-12,wk inc covid hosp,1,2026-09-19,09,quantile,0.975,42.0
2026-09-12,wk inc covid hosp,1,2026-09-19,09,quantile,0.99,52.0
2026-09-12,wk inc covid hosp,1,2026-09-19,10,quantile,0.01,2.0
2026-09-12,wk inc covid hosp,1,2026-09-19,10,quantile,0.025,2.0
2026-09-12,wk inc covid hosp,1,2026-09-19,10,quantile,0.05,2.0
2026-09-12,wk inc covid hosp,1,2026-09-19,10,quantile,0.1,3.0
2026-09-12,wk inc covid hosp,1,2026-09-19,10,quantile,0.15,5.0
2026-09-12,wk inc covid hosp,1,2026-09-19,10,quantile,0.2,7.0
2026-09-12,wk inc covid hosp,1,2026-09-19,10,quantile,0.25,7.0
2026-09-12,wk inc covid hosp,1,2026-09-19,10,quantile,0.3,8.0
2026-09-12,wk inc covid hosp,1,2026-09-19,10,quantile,0.35,9.0
2026-09-12,wk inc covid hosp,1,2026-09-19,10,quantile,0.4,9.0
2026-09-12,wk inc covid hosp,1,2026-09-19,10,quantile,0.45,10.0
2026-09-12,wk inc covid hosp,1,2026-09-19,10,quantile,0.5,10.0
2026-09-12,wk inc covid hosp,1,2026-09-19,10,quantile,0.55,12.0
2026-09-12,wk inc covid hosp,1,2026-09-19,10,quantile,0.6,13.0
2026-09-12,wk inc covid hosp,1,2026-09-19,10,quantile,0.65,15.0
2026-09-12,wk inc covid hosp,1,2026-09-19,10,quantile,0.7,16.0
2026-09-12,wk inc covid hosp,1,2026-09-19,10,quantile,0.75,17.0
2026-09-12,wk inc covid hosp,1,2026-09-19,10,quantile,0.8,18.0
2026-09-12,wk inc covid hosp,1,2026-09-19,10,quantile,0.85,20.0
2026-09-12,wk inc covid hosp,1,2026-09-19,10,quantile,0.9,26.0
2026-09-12,wk inc covid hosp,1,2026-09-19,10,quantile,0.95,31.0
2026-09-12,wk inc covid hosp,1,2026-09-19,10,quantile,0.975,42.0
2026-09-12,wk inc covid hosp,1,2026-09-19,10,quantile,0.99,52.0
2026-09-12,wk inc covid hosp,1,2026-09-19,11,quantile,0.01,0.0
2026-09-12,wk inc covid hosp,1,2026-09-19,11,quantile,0.025,0.0
2026-09-12,wk inc covid hosp,1,2026-09-19,11,quantile,0.05,1.0
2026-09-12,wk inc covid hosp,1,2026-09-19,11,quantile,0.1,1.0
2026-09-12,wk inc covid hosp,1,2026-09-19,11,quantile,0.15,3.0
2026-09-12,wk inc covid hosp,1,2026-09-19,11,quantile,0.2,4.0
2026-09-12,wk inc covid hosp,1,2026-09-19,11,quantile,0.25,5.0
2026-09-12,wk inc covid hosp,1,2026-09-19,11,quantile,0.3,6.0
2026-09-12,wk inc covid hosp,1,2026-09-19,11,quantile,0.35,7.0
2026-09-12,wk inc covid hosp,1,2026-09-19,11,quantile,0.4,8.0
2026-09-12,wk inc covid hosp,1,2026-09-19,11,quantile,0.45,9.0
2026-09-12,wk inc covid hosp,1,2026-09-19,11,quantile,0.5,10.0
2026-09-12,wk inc covid hosp,1,2026-09-19,11,quantile,0.55,11.0
2026-09-12,wk inc covid hosp,1,2026-09-19,11,quantile,0.6,12.0
2026-09-12,wk inc covid hosp,1,2026-09-19,11,quantile,0.65,13.0
2026-09-12,wk inc covid hosp,1,2026-09-19,11,quantile,0.7,14.0
2026-09-12,wk inc covid hosp,1,2026-09-19,11,quantile,0.75,19.0
2026-09-12,wk inc covid hosp,1,2026-09-19,11,quantile,0.8,22.0
2026-09-12,wk inc covid hosp,1,2026-09-19,11,quantile,0.85,24.0
2026-09-12,wk inc covid hosp,1,2026-09-19,11,quantile,0.9,29.0
2026-09-12,wk inc covid hosp,1,2026-09-19,11,quantile,0.95,36.0
2026-09-12,wk inc covid hosp,1,2026-09-19,11,quantile,0.975,46.0
2026-09-12,wk inc covid hosp,1,2026-09-19,11,quantile,0.99,65.0
2026-09-12,wk inc covid hosp,1,2026-09-19,12,quantile,0.01,267.0
2026-09-12,wk inc covid hosp,1,2026-09-19,12,quantile,0.025,296.0
2026-09-12,wk inc covid hosp,1,2026-09-19,12,quantile,0.05,344.0
2026-09-12,wk inc covid hosp,1,2026-09-19,12,quantile,0.1,397.0
2026-09-12,wk inc covid hosp,1,2026-09-19,12,quantile,0.15,436.0
2026-09-12,wk inc covid hosp,1,2026-09-19,12,quantile,0.2,462.0
2026-09-12,wk inc covid hosp,1,2026-09-19,12,quantile,0.25,488.0
2026-09-12,wk inc covid hosp,1,2026-09-19,12,quantile,0.3,509.0
2026-09-12,wk inc covid hosp,1,2026-09-19,12,quantile,0.35,522.0
2026-09-12,wk inc covid hosp,1,2026-09-19,12,quantile,0.4,534.0
2026-09-12,wk inc covid hosp,1,2026-09-19,12,quantile,0.45,555.0
2026-09-12,wk inc covid hosp,1,2026-09-19,12,quantile,0.5,581.0
2026-09-12,wk inc covid hosp,1,2026-09-19,12,quantile,0.55,610.0
2026-09-12,wk inc covid hosp,1,2026-09-19,12,quantile,0.6,649.0
2026-09-12,wk inc covid hosp,1,2026-09-19,12,quantile,0.65,666.0
2026-09-12,wk inc covid hosp,1,2026-09-19,12,quantile,0.7,697.0
2026-09-12,wk inc covid hosp,1,2026-09-19,12,quantile,0.75,716.0
2026-09-12,wk inc covid hosp,1,2026-09-19,12,quantile,0.8,754.0
2026-09-12,wk inc covid hosp,1,2026-09-19,12,quantile,0.85,811.0
2026-09-12,wk inc covid hosp,1,2026-09-19,12,quantile,0.9,860.0
2026-09-12,wk inc covid hosp,1,2026-09-19,12,quantile,0.95,948.0
2026-09-12,wk inc covid hosp,1,2026-09-19,12,quantile,0.975,1077.0
2026-09-12,wk inc covid hosp,1,2026-09-19,12,quantile,0.99,1239.0
2026-09-12,wk inc covid hosp,1,2026-09-19,13,quantile,0.01,42.0
2026-09-12,wk inc covid hosp,1,2026-09-19,13,quantile,0.025,47.0
2026-09-12,wk inc covid hosp,1,2026-09-19,13,quantile,0.05,56.0
2026-09-12,wk inc covid hosp,1,2026-09-19,13,quantile,0.1,64.0
2026-09-12,wk inc covid hosp,1,2026-09-19,13,quantile,0.15,72.0
2026-09-12,wk inc covid hosp,1,2026-09-19,13,quantile,0.2,79.0
2026-09-12,wk inc covid hosp,1,2026-09-19,13,quantile,0.25,86.0
2026-09-12,wk inc covid hosp,1,2026-09-19,13,quantile,0.3,91.0
2026-09-12,wk inc covid hosp,1,2026-09-19,13,quantile,0.35,95.0
2026-09-12,wk inc covid hosp,1,2026-09-19,13,quantile,0.4,98.0
2026-09-12,wk inc covid hosp,1,2026-09-19,13,quantile,0.45,104.0
2026-09-12,wk inc covid hosp,1,2026-09-19,13,quantile,0.5,108.0
2026-09-12,wk inc covid hosp,1,2026-09-19,13,quantile,0.55,114.0
2026-09-12,wk inc covid hosp,1,2026-09-19,13,quantile,0.6,121.0
2026-09-12,wk inc covid hosp,1,2026-09-19,13,quantile,0.65,129.0
2026-09-12,wk inc covid hosp,1,2026-09-19,13,quantile,0.7,137.0
2026-09-12,wk inc covid hosp,1,2026-09-19,13,quantile,0.75,145.0
2026-09-12,wk inc covid hosp,1,2026-09-19,13,quantile,0.8,157.0
2026-09-12,wk inc covid hosp,1,2026-09-19,13,quantile,0.85,177.0
2026-09-12,wk inc covid hosp,1,2026-09-19,13,quantile,0.9,199.0
2026-09-12,wk inc covid hosp,1,2026-09-19,13,quantile,0.95,236.0
2026-09-12,wk inc covid hosp,1,2026-09-19,13,quantile,0.975,280.0
2026-09-12,wk inc covid hosp,1,2026-09-19,13,quantile,0.99,324.0
2026-09-12,wk inc covid hosp,1,2026-09-19,15,quantile,0.01,15.0
2026-09-12,wk inc covid hosp,1,2026-09-19,15,quantile,0.025,16.0
2026-09-12,wk inc covid hosp,1,2026-09-19,15,quantile,0.05,17.0
2026-09-12,wk inc covid hosp,1,2026-09-19,15,quantile,0.1,18.0
2026-09-12,wk inc covid hosp,1,2026-09-19,15,quantile,0.15,20.0
2026-09-12,wk inc covid hosp,1,2026-09-19,15,quantile,0.2,22.0
2026-09-12,wk inc covid hosp,1,2026-09-19,15,quantile,0.25,23.0
2026-09-12,wk inc covid hosp,1,2026-09-19,15,quantile,0.3,24.0
2026-09-12,wk inc covid hosp,1,2026-09-19,15,quantile,0.35,25.0
2026-09-12,wk inc covid hosp,1,2026-09-19,15,quantile,0.4,26.0
2026-09-12,wk inc covid hosp,1,2026-09-19,15,quantile,0.45,26.0
2026-09-12,wk inc covid hosp,1,2026-09-19,15,quantile,0.5,27.0
2026-09-12,wk inc covid hosp,1,2026-09-19,15,quantile,0.55,28.0
2026-09-12,wk inc covid hosp,1,2026-09-19,15,quantile,0.6,30.0
2026-09-12,wk inc covid hosp,1,2026-09-19,15,quantile,0.65,32.0
2026-09-12,wk inc covid hosp,1,2026-09-19,15,quantile,0.7,34.0
2026-09-12,wk inc covid hosp,1,2026-09-19,15,quantile,0.75,36.0
2026-09-12,wk inc covid hosp,1,2026-09-19,15,quantile,0.8,38.0
2026-09-12,wk inc covid hosp,1,2026-09-19,15,quantile,0.85,39.0
2026-09-12,wk inc covid hosp,1,2026-09-19,15,quantile,0.9,41.0
2026-09-12,wk inc covid hosp,1,2026-09-19,15,quantile,0.95,46.0
2026-09-12,wk inc covid hosp,1,2026-09-19,15,quantile,0.975,66.0
2026-09-12,wk inc covid hosp,1,2026-09-19,15,quantile,0.99,79.0
2026-09-12,wk inc covid hosp,1,2026-09-19,16,quantile,0.01,7.0
2026-09-12,wk inc covid hosp,1,2026-09-19,16,quantile,0.025,8.0
2026-09-12,wk inc covid hosp,1,2026-09-19,16,quantile,0.05,9.0
2026-09-12,wk inc covid hosp,1,2026-09-19,16,quantile,0.1,11.0
2026-09-12,wk inc covid hosp,1,2026-09-19,16,quantile,0.15,13.0
2026-09-12,wk inc covid hosp,1,2026-09-19,16,quantile,0.2,14.0
2026-09-12,wk inc covid hosp,1,2026-09-19,16,quantile,0.25,16.0
2026-09-12,wk inc covid hosp,1,2026-09-19,16,quantile,0.3,17.0
2026-09-12,wk inc covid hosp,1,2026-09-19,16,quantile,0.35,18.0
2026-09-12,wk inc covid hosp,1,2026-09-19,16,quantile,0.4,20.0
2026-09-12,wk inc covid hosp,1,2026-09-19,16,quantile,0.45,21.0
2026-09-12,wk inc covid hosp,1,2026-09-19,16,quantile,0.5,22.0
2026-09-12,wk inc covid hosp,1,2026-09-19,16,quantile,0.55,23.0
2026-09-12,wk inc covid hosp,1,2026-09-19,16,quantile,0.6,24.0
2026-09-12,wk inc covid hosp,1,2026-09-19,16,quantile,0.65,26.0
2026-09-12,wk inc covid hosp,1,2026-09-19,16,quantile,0.7,28.0
2026-09-12,wk inc covid hosp,1,2026-09-19,16,quantile,0.75,33.0
2026-09-12,wk inc covid hosp,1,2026-09-19,16,quantile,0.8,36.0
2026-09-12,wk inc covid hosp,1,2026-09-19,16,quantile,0.85,39.0
2026-09-12,wk inc covid hosp,1,2026-09-19,16,quantile,0.9,43.0
2026-09-12,wk inc covid hosp,1,2026-09-19,16,quantile,0.95,51.0
2026-09-12,wk inc covid hosp,1,2026-09-19,16,quantile,0.975,72.0
2026-09-12,wk inc covid hosp,1,2026-09-19,16,quantile,0.99,82.0
2026-09-12,wk inc covid hosp,1,2026-09-19,17,quantile,0.01,30.0
2026-09-12,wk inc covid hosp,1,2026-09-19,17,quantile,0.025,32.0
2026-09-12,wk inc covid hosp,1,2026-09-19,17,quantile,0.05,36.0
2026-09-12,wk inc covid hosp,1,2026-09-19,17,quantile,0.1,40.0
2026-09-12,wk inc covid hosp,1,2026-09-19,17,quantile,0.15,48.0
2026-09-12,wk inc covid hosp,1,2026-09-19,17,quantile,0.2,54.0
2026-09-12,wk inc covid hosp,1,2026-09-19,17,quantile,0.25,58.0
2026-09-12,wk inc covid hosp,1,2026-09-19,17,quantile,0.3,61.0
2026-09-12,wk inc covid hosp,1,2026-09-19,17,quantile,0.35,63.0
2026-09-12,wk inc covid hosp,1,2026-09-19,17,quantile,0.4,65.0
2026-09-12,wk inc covid hosp,1,2026-09-19,17,quantile,0.45,67.0
2026-09-12,wk inc covid hosp,1,2026-09-19,17,quantile,0.5,68.0
2026-09-12,wk inc covid hosp,1,2026-09-19,17,quantile,0.55,70.0
2026-09-12,wk inc covid hosp,1,2026-09-19,17,quantile,0.6,72.0
2026-09-12,wk inc covid hosp,1,2026-09-19,17,quantile,0.65,75.0
2026-09-12,wk inc covid hosp,1,2026-09-19,17,quantile,0.7,79.0
2026-09-12,wk inc covid hosp,1,2026-09-19,17,quantile,0.75,86.0
2026-09-12,wk inc covid hosp,1,2026-09-19,17,quantile,0.8,90.0
2026-09-12,wk inc covid hosp,1,2026-09-19,17,quantile,0.85,94.0
2026-09-12,wk inc covid hosp,1,2026-09-19,17,quantile,0.9,103.0
2026-09-12,wk inc covid hosp,1,2026-09-19,17,quantile,0.95,113.0
2026-09-12,wk inc covid hosp,1,2026-09-19,17,quantile,0.975,124.0
2026-09-12,wk inc covid hosp,1,2026-09-19,17,quantile,0.99,140.0
2026-09-12,wk inc covid hosp,1,2026-09-19,18,quantile,0.01,21.0
2026-09-12,wk inc covid hosp,1,2026-09-19,18,quantile,0.025,23.0
2026-09-12,wk inc covid hosp,1,2026-09-19,18,quantile,0.05,26.0
2026-09-12,wk inc covid hosp,1,2026-09-19,18,quantile,0.1,29.0
2026-09-12,wk inc covid hosp,1,2026-09-19,18,quantile,0.15,35.0
2026-09-12,wk inc covid hosp,1,2026-09-19,18,quantile,0.2,40.0
2026-09-12,wk inc covid hosp,1,2026-09-19,18,quantile,0.25,43.0
2026-09-12,wk inc covid hosp,1,2026-09-19,18,quantile,0.3,46.0
2026-09-12,wk inc covid hosp,1,2026-09-19,18,quantile,0.35,48.0
2026-09-12,wk inc covid hosp,1,2026-09-19,18,quantile,0.4,50.0
2026-09-12,wk inc covid hosp,1,2026-09-19,18,quantile,0.45,51.0
2026-09-12,wk inc covid hosp,1,2026-09-19,18,quantile,0.5,53.0
2026-09-12,wk inc covid hosp,1,2026-09-19,18,quantile,0.55,55.0
2026-09-12,wk inc covid hosp,1,2026-09-19,18,quantile,0.6,57.0
2026-09-12,wk inc covid hosp,1,2026-09-19,18,quantile,0.65,61.0
2026-09-12,wk inc covid hosp,1,2026-09-19,18,quantile,0.7,65.0
2026-09-12,wk inc covid hosp,1,2026-09-19,18,quantile,0.75,72.0
2026-09-12,wk inc covid hosp,1,2026-09-19,18,quantile,0.8,76.0
2026-09-12,wk inc covid hosp,1,2026-09-19,18,quantile,0.85,80.0
2026-09-12,wk inc covid hosp,1,2026-09-19,18,quantile,0.9,89.0
2026-09-12,wk inc covid hosp,1,2026-09-19,18,quantile,0.95,102.0
2026-09-12,wk inc covid hosp,1,2026-09-19,18,quantile,0.975,125.0
2026-09-12,wk inc covid hosp,1,2026-09-19,18,quantile,0.99,143.0
2026-09-12,wk inc covid hosp,1,2026-09-19,19,quantile,0.01,7.0
2026-09-12,wk inc covid hosp,1,2026-09-19,19,quantile,0.025,8.0
2026-09-12,wk inc covid hosp,1,2026-09-19,19,quantile,0.05,9.0
2026-09-12,wk inc covid hosp,1,2026-09-19,19,quantile,0.1,12.0
2026-09-12,wk inc covid hosp,1,2026-09-19,19,quantile,0.15,16.0
2026-09-12,wk inc covid hosp,1,2026-09-19,19,quantile,0.2,19.0
2026-09-12,wk inc covid hosp,1,2026-09-19,19,quantile,0.25,20.0
2026-09-12,wk inc covid hosp,1,2026-09-19,19,quantile,0.3,22.0
2026-09-12,wk inc covid hosp,1,2026-09-19,19,quantile,0.35,23.0
2026-09-12,wk inc covid hosp,1,2026-09-19,19,quantile,0.4,24.0
2026-09-12,wk inc covid hosp,1,2026-09-19,19,quantile,0.45,26.0
2026-09-12,wk inc covid hosp,1,2026-09-19,19,quantile,0.5,27.0
2026-09-12,wk inc covid hosp,1,2026-09-19,19,quantile,0.55,28.0
2026-09-12,wk inc covid hosp,1,2026-09-19,19,quantile,0.6,30.0
2026-09-12,wk inc covid hosp,1,2026-09-19,19,quantile,0.65,32.0
2026-09-12,wk inc covid hosp,1,2026-09-19,19,quantile,0.7,34.0
2026-09-12,wk inc covid hosp,1,2026-09-19,19,quantile,0.75,38.0
2026-09-12,wk inc covid hosp,1,2026-09-19,19,quantile,0.8,41.0
2026-09-12,wk inc covid hosp,1,2026-09-19,19,quantile,0.85,46.0
2026-09-12,wk inc covid hosp,1,2026-09-19,19,quantile,0.9,53.0
2026-09-12,wk inc covid hosp,1,2026-09-19,19,quantile,0.95,67.0
2026-09-12,wk inc covid hosp,1,2026-09-19,19,quantile,0.975,79.0
2026-09-12,wk inc covid hosp,1,2026-09-19,19,quantile,0.99,98.0
2026-09-12,wk inc covid hosp,1,2026-09-19,20,quantile,0.01,3.0
2026-09-12,wk inc covid hosp,1,2026-09-19,20,quantile,0.025,4.0
2026-09-12,wk inc covid hosp,1,2026-09-19,20,quantile,0.05,4.0
2026-09-12,wk inc covid hosp,1,2026-09-19,20,quantile,0.1,5.0
2026-09-12,wk inc covid hosp,1,2026-09-19,20,quantile,0.15,6.0
2026-09-12,wk inc covid hosp,1,2026-09-19,20,quantile,0.2,8.0
2026-09-12,wk inc covid hosp,1,2026-09-19,20,quantile,0.25,9.0
2026-09-12,wk inc covid hosp,1,2026-09-19,20,quantile,0.3,10.0
2026-09-12,wk inc covid hosp,1,2026-09-19,20,quantile,0.35,11.0
2026-09-12,wk inc covid hosp,1,2026-09-19,20,quantile,0.4,13.0
2026-09-12,wk inc covid hosp,1,2026-09-19,20,quantile,0.45,14.0
2026-09-12,wk inc covid hosp,1,2026-09-19,20,quantile,0.5,14.0
2026-09-12,wk inc covid hosp,1,2026-09-19,20,quantile,0.55,15.0
2026-09-12,wk inc covid hosp,1,2026-09-19,20,quantile,0.6,16.0
2026-09-12,wk inc covid hosp,1,2026-09-19,20,quantile,0.65,17.0
2026-09-12,wk inc covid hosp,1,2026-09-19,20,quantile,0.7,19.0
2026-09-12,wk inc covid hosp,1,2026-09-19,20,quantile,0.75,23.0
2026-09-12,wk inc covid hosp,1,2026-09-19,20,quantile,0.8,26.0
2026-09-12,wk inc covid hosp,1,2026-09-19,20,quantile,0.85,29.0
2026-09-12,wk inc covid hosp,1,2026-09-19,20,quantile,0.9,33.0
2026-09-12,wk inc covid hosp,1,2026-09-19,20,quantile,0.95,40.0
2026-09-12,wk inc covid hosp,1,2026-09-19,20,quantile,0.975,52.0
2026-09-12,wk inc covid hosp,1,2026-09-19,20,quantile,0.99,62.0
2026-09-12,wk inc covid hosp,1,2026-09-19,21,quantile,0.01,9.0
2026-09-12,wk inc covid hosp,1,2026-09-19,21,quantile,0.025,10.0
2026-09-12,wk inc covid hosp,1,2026-09-19,21,quantile,0.05,11.0
2026-09-12,wk inc covid hosp,1,2026-09-19,21,quantile,0.1,13.0
2026-09-12,wk inc covid hosp,1,2026-09-19,21,quantile,0.15,14.0
2026-09-12,wk inc covid hosp,1,2026-09-19,21,quantile,0.2,16.0
2026-09-12,wk inc covid hosp,1,2026-09-19,21,quantile,0.25,18.0
2026-09-12,wk inc covid hosp,1,2026-09-19,21,quantile,0.3,20.0
2026-09-12,wk inc covid hosp,1,2026-09-19,21,quantile,0.35,22.0
2026-09-12,wk inc covid hosp,1,2026-09-19,21,quantile,0.4,23.0
2026-09-12,wk inc covid hosp,1,2026-09-19,21,quantile,0.45,24.0
2026-09-12,wk inc covid hosp,1,2026-09-19,21,quantile,0.5,25.0
2026-09-12,wk inc covid hosp,1,2026-09-19,21,quantile,0.55,26.0
2026-09-12,wk inc covid hosp,1,2026-09-19,21,quantile,0.6,27.0
2026-09-12,wk inc covid hosp,1,2026-09-19,21,quantile,0.65,29.0
2026-09-12,wk inc covid hosp,1,2026-09-19,21,quantile,0.7,30.0
2026-09-12,wk inc covid hosp,1,2026-09-19,21,quantile,0.75,34.0
2026-09-12,wk inc covid hosp,1,2026-09-19,21,quantile,0.8,37.0
2026-09-12,wk inc covid hosp,1,2026-09-19,21,quantile,0.85,39.0
2026-09-12,wk inc covid hosp,1,2026-09-19,21,quantile,0.9,45.0
2026-09-12,wk inc covid hosp,1,2026-09-19,21,quantile,0.95,57.0
2026-09-12,wk inc covid hosp,1,2026-09-19,21,quantile,0.975,68.0
2026-09-12,wk inc covid hosp,1,2026-09-19,21,quantile,0.99,81.0
2026-09-12,wk inc covid hosp,1,2026-09-19,22,quantile,0.01,42.0
2026-09-12,wk inc covid hosp,1,2026-09-19,22,quantile,0.025,46.0
2026-09-12,wk inc covid hosp,1,2026-09-19,22,quantile,0.05,53.0
2026-09-12,wk inc covid hosp,1,2026-09-19,22,quantile,0.1,62.0
2026-09-12,wk inc covid hosp,1,2026-09-19,22,quantile,0.15,67.0
2026-09-12,wk inc covid hosp,1,2026-09-19,22,quantile,0.2,70.0
2026-09-12,wk inc covid hosp,1,2026-09-19,22,quantile,0.25,75.0
2026-09-12,wk inc covid hosp,1,2026-09-19,22,quantile,0.3,78.0
2026-09-12,wk inc covid hosp,1,2026-09-19,22,quantile,0.35,80.0
2026-09-12,wk inc covid hosp,1,2026-09-19,22,quantile,0.4,81.0
2026-09-12,wk inc covid hosp,1,2026-09-19,22,quantile,0.45,84.0
2026-09-12,wk inc covid hosp,1,2026-09-19,22,quantile,0.5,89.0
2026-09-12,wk inc covid hosp,1,2026-09-19,22,quantile,0.55,91.0
2026-09-12,wk inc covid hosp,1,2026-09-19,22,quantile,0.6,97.0
2026-09-12,wk inc covid hosp,1,2026-09-19,22,quantile,0.65,100.0
2026-09-12,wk inc covid hosp,1,2026-09-19,22,quantile,0.7,104.0
2026-09-12,wk inc covid hosp,1,2026-09-19,22,quantile,0.75,108.0
2026-09-12,wk inc covid hosp,1,2026-09-19,22,quantile,0.8,114.0
2026-09-12,wk inc covid hosp,1,2026-09-19,22,quantile,0.85,123.0
2026-09-12,wk inc covid hosp,1,2026-09-19,22,quantile,0.9,135.0
2026-09-12,wk inc covid hosp,1,2026-09-19,22,quantile,0.95,152.0
2026-09-12,wk inc covid hosp,1,2026-09-19,22,quantile,0.975,170.0
2026-09-12,wk inc covid hosp,1,2026-09-19,22,quantile,0.99,194.0
2026-09-12,wk inc covid hosp,1,2026-09-19,23,quantile,0.01,0.0
2026-09-12,wk inc covid hosp,1,2026-09-19,23,quantile,0.025,0.0
2026-09-12,wk inc covid hosp,1,2026-09-19,23,quantile,0.05,1.0
2026-09-12,wk inc covid hosp,1,2026-09-19,23,quantile,0.1,1.0
2026-09-12,wk inc covid hosp,1,2026-09-19,23,quantile,0.15,4.0
2026-09-12,wk inc covid hosp,1,2026-09-19,23,quantile,0.2,5.0
2026-09-12,wk inc covid hosp,1,2026-09-19,23,quantile,0.25,7.0
2026-09-12,wk inc covid hosp,1,2026-09-19,23,quantile,0.3,8.0
2026-09-12,wk inc covid hosp,1,2026-09-19,23,quantile,0.35,9.0
2026-09-12,wk inc covid hosp,1,2026-09-19,23,quantile,0.4,9.0
2026-09-12,wk inc covid hosp,1,2026-09-19,23,quantile,0.45,10.0
2026-09-12,wk inc covid hosp,1,2026-09-19,23,quantile,0.5,11.0
2026-09-12,wk inc covid hosp,1,2026-09-19,23,quantile,0.55,12.0
2026-09-12,wk inc covid hosp,1,2026-09-19,23,quantile,0.6,13.0
2026-09-12,wk inc covid hosp,1,2026-09-19,23,quantile,0.65,15.0
2026-09-12,wk inc covid hosp,1,2026-09-19,23,quantile,0.7,18.0
2026-09-12,wk inc covid hosp,1,2026-09-19,23,quantile,0.75,25.0
2026-09-12,wk inc covid hosp,1,2026-09-19,23,quantile,0.8,31.0
2026-09-12,wk inc covid hosp,1,2026-09-19,23,quantile,0.85,37.0
2026-09-12,wk inc covid hosp,1,2026-09-19,23,quantile,0.9,59.0
2026-09-12,wk inc covid hosp,1,2026-09-19,23,quantile,0.95,74.0
2026-09-12,wk inc covid hosp,1,2026-09-19,23,quantile,0.975,98.0
2026-09-12,wk inc covid hosp,1,2026-09-19,23,quantile,0.99,139.0
2026-09-12,wk inc covid hosp,1,2026-09-19,24,quantile,0.01,9.0
2026-09-12,wk inc covid hosp,1,2026-09-19,24,quantile,0.025,10.0
2026-09-12,wk inc covid hosp,1,2026-09-19,24,quantile,0.05,12.0
2026-09-12,wk inc covid hosp,1,2026-09-19,24,quantile,0.1,14.0
2026-09-12,wk inc covid hosp,1,2026-09-19,24,quantile,0.15,16.0
2026-09-12,wk inc covid hosp,1,2026-09-19,24,quantile,0.2,19.0
2026-09-12,wk inc covid hosp,1,2026-09-19,24,quantile,0.25,21.0
2026-09-12,wk inc covid hosp,1,2026-09-19,24,quantile,0.3,23.0
2026-09-12,wk inc covid hosp,1,2026-09-19,24,quantile,0.35,24.0
2026-09-12,wk inc covid hosp,1,2026-09-19,24,quantile,0.4,25.0
2026-09-12,wk inc covid hosp,1,2026-09-19,24,quantile,0.45,26.0
2026-09-12,wk inc covid hosp,1,2026-09-19,24,quantile,0.5,27.0
2026-09-12,wk inc covid hosp,1,2026-09-19,24,quantile,0.55,28.0
2026-09-12,wk inc covid hosp,1,2026-09-19,24,quantile,0.6,29.0
2026-09-12,wk inc covid hosp,1,2026-09-19,24,quantile,0.65,31.0
2026-09-12,wk inc covid hosp,1,2026-09-19,24,quantile,0.7,32.0
2026-09-12,wk inc covid hosp,1,2026-09-19,24,quantile,0.75,37.0
2026-09-12,wk inc covid hosp,1,2026-09-19,24,quantile,0.8,39.0
2026-09-12,wk inc covid hosp,1,2026-09-19,24,quantile,0.85,42.0
2026-09-12,wk inc covid hosp,1,2026-09-19,24,quantile,0.9,46.0
2026-09-12,wk inc covid hosp,1,2026-09-19,24,quantile,0.95,52.0
2026-09-12,wk inc covid hosp,1,2026-09-19,24,quantile,0.975,60.0
2026-09-12,wk inc covid hosp,1,2026-09-19,24,quantile,0.99,69.0
2026-09-12,wk inc covid hosp,1,2026-09-19,25,quantile,0.01,9.0
2026-09-12,wk inc covid hosp,1,2026-09-19,25,quantile,0.025,13.0
2026-09-12,wk inc covid hosp,1,2026-09-19,25,quantile,0.05,16.0
2026-09-12,wk inc covid hosp,1,2026-09-19,25,quantile,0.1,19.0
2026-09-12,wk inc covid hosp,1,2026-09-19,25,quantile,0.15,22.0
2026-09-12,wk inc covid hosp,1,2026-09-19,25,quantile,0.2,25.0
2026-09-12,wk inc covid hosp,1,2026-09-19,25,quantile,0.25,28.0
2026-09-12,wk inc covid hosp,1,2026-09-19,25,quantile,0.3,30.0
2026-09-12,wk inc covid hosp,1,2026-09-19,25,quantile,0.35,33.0
2026-09-12,wk inc covid hosp,1,2026-09-19,25,quantile,0.4,39.0
2026-09-12,wk inc covid hosp,1,2026-09-19,25,quantile,0.45,40.0
2026-09-12,wk inc covid hosp,1,2026-09-19,25,quantile,0.5,42.0
2026-09-12,wk inc covid hosp,1,2026-09-19,25,quantile,0.55,43.0
2026-09-12,wk inc covid hosp,1,2026-09-19,25,quantile,0.6,44.0
2026-09-12,wk inc covid hosp,1,2026-09-19,25,quantile,0.65,46.0
2026-09-12,wk inc covid hosp,1,2026-09-19,25,quantile,0.7,48.0
2026-09-12,wk inc covid hosp,1,2026-09-19,25,quantile,0.75,56.0
2026-09-12,wk inc covid hosp,1,2026-09-19,25,quantile,0.8,60.0
2026-09-12,wk inc covid hosp,1,2026-09-19,25,quantile,0.85,63.0
2026-09-12,wk inc covid hosp,1,2026-09-19,25,quantile,0.9,67.0
2026-09-12,wk inc covid hosp,1,2026-09-19,25,quantile,0.95,74.0
2026-09-12,wk inc covid hosp,1,2026-09-19,25,quantile,0.975,82.0
2026-09-12,wk inc covid hosp,1,2026-09-19,25,quantile,0.99,95.0
2026-09-12,wk inc covid hosp,1,2026-09-19,26,quantile,0.01,6.0
2026-09-12,wk inc covid hosp,1,2026-09-19,26,quantile,0.025,7.0
2026-09-12,wk inc covid hosp,1,2026-09-19,26,quantile,0.05,9.0
2026-09-12,wk inc covid hosp,1,2026-09-19,26,quantile,0.1,13.0
2026-09-12,wk inc covid hosp,1,2026-09-19,26,quantile,0.15,20.0
2026-09-12,wk inc covid hosp,1,2026-09-19,26,quantile,0.2,24.0
2026-09-12,wk inc covid hosp,1,2026-09-19,26,quantile,0.25,28.0
2026-09-12,wk inc covid hosp,1,2026-09-19,26,quantile,0.3,30.0
2026-09-12,wk inc covid hosp,1,2026-09-19,26,quantile,0.35,33.0
2026-09-12,wk inc covid hosp,1,2026-09-19,26,quantile,0.4,35.0
2026-09-12,wk inc covid hosp,1,2026-09-19,26,quantile,0.45,38.0
2026-09-12,wk inc covid hosp,1,2026-09-19,26,quantile,0.5,40.0
2026-09-12,wk inc covid hosp,1,2026-09-19,26,quantile,0.55,49.0
2026-09-12,wk inc covid hosp,1,2026-09-19,26,quantile,0.6,55.0
2026-09-12,wk inc covid hosp,1,2026-09-19,26,quantile,0.65,61.0
2026-09-12,wk inc covid hosp,1,2026-09-19,26,quantile,0.7,67.0
2026-09-12,wk inc covid hosp,1,2026-09-19,26,quantile,0.75,73.0
2026-09-12,wk inc covid hosp,1,2026-09-19,26,quantile,0.8,81.0
2026-09-12,wk inc covid hosp,1,2026-09-19,26,quantile,0.85,92.0
2026-09-12,wk inc covid hosp,1,2026-09-19,26,quantile,0.9,119.0
2026-09-12,wk inc covid hosp,1,2026-09-19,26,quantile,0.95,146.0
2026-09-12,wk inc covid hosp,1,2026-09-19,26,quantile,0.975,180.0
2026-09-12,wk inc covid hosp,1,2026-09-19,26,quantile,0.99,231.0
2026-09-12,wk inc covid hosp,1,2026-09-19,27,quantile,0.01,9.0
2026-09-12,wk inc covid hosp,1,2026-09-19,27,quantile,0.025,11.0
2026-09-12,wk inc covid hosp,1,2026-09-19,27,quantile,0.05,14.0
2026-09-12,wk inc covid hosp,1,2026-09-19,27,quantile,0.1,17.0
2026-09-12,wk inc covid hosp,1,2026-09-19,27,quantile,0.15,20.0
2026-09-12,wk inc covid hosp,1,2026-09-19,27,quantile,0.2,23.0
2026-09-12,wk inc covid hosp,1,2026-09-19,27,quantile,0.25,27.0
2026-09-12,wk inc covid hosp,1,2026-09-19,27,quantile,0.3,29.0
2026-09-12,wk inc covid hosp,1,2026-09-19,27,quantile,0.35,32.0
2026-09-12,wk inc covid hosp,1,2026-09-19,27,quantile,0.4,35.0
2026-09-12,wk inc covid hosp,1,2026-09-19,27,quantile,0.45,38.0
2026-09-12,wk inc covid hosp,1,2026-09-19,27,quantile,0.5,39.0
2026-09-12,wk inc covid hosp,1,2026-09-19,27,quantile,0.55,41.0
2026-09-12,wk inc covid hosp,1,2026-09-19,27,quantile,0.6,43.0
2026-09-12,wk inc covid hosp,1,2026-09-19,27,quantile,0.65,46.0
2026-09-12,wk inc covid hosp,1,2026-09-19,27,quantile,0.7,48.0
2026-09-12,wk inc covid hosp,1,2026-09-19,27,quantile,0.75,54.0
2026-09-12,wk inc covid hosp,1,2026-09-19,27,quantile,0.8,58.0
2026-09-12,wk inc covid hosp,1,2026-09-19,27,quantile,0.85,62.0
2026-09-12,wk inc covid hosp,1,2026-09-19,27,quantile,0.9,72.0
2026-09-12,wk inc covid hosp,1,2026-09-19,27,quantile,0.95,81.0
2026-09-12,wk inc covid hosp,1,2026-09-19,27,quantile,0.975,95.0
2026-09-12,wk inc covid hosp,1,2026-09-19,27,quantile,0.99,112.0
2026-09-12,wk inc covid hosp,1,2026-09-19,28,quantile,0.01,16.0
2026-09-12,wk inc covid hosp,1,2026-09-19,28,quantile,0.025,18.0
2026-09-12,wk inc covid hosp,1,2026-09-19,28,quantile,0.05,22.0
2026-09-12,wk inc covid hosp,1,2026-09-19,28,quantile,0.1,27.0
2026-09-12,wk inc covid hosp,1,2026-09-19,28,quantile,0.15,29.0
2026-09-12,wk inc covid hosp,1,2026-09-19,28,quantile,0.2,31.0
2026-09-12,wk inc covid hosp,1,2026-09-19,28,quantile,0.25,32.0
2026-09-12,wk inc covid hosp,1,2026-09-19,28,quantile,0.3,34.0
2026-09-12,wk inc covid hosp,1,2026-09-19,28,quantile,0.35,35.0
2026-09-12,wk inc covid hosp,1,2026-09-19,28,quantile,0.4,36.0
2026-09-12,wk inc covid hosp,1,2026-09-19,28,quantile,0.45,37.0
2026-09-12,wk inc covid hosp,1,2026-09-19,28,quantile,0.5,38.0
2026-09-12,wk inc covid hosp,1,2026-09-19,28,quantile,0.55,40.0
2026-09-12,wk inc covid hosp,1,2026-09-19,28,quantile,0.6,41.0
2026-09-12,wk inc covid hosp,1,2026-09-19,28,quantile,0.65,43.0
2026-09-12,wk inc covid hosp,1,2026-09-19,28,quantile,0.7,45.0
2026-09-12,wk inc covid hosp,1,2026-09-19,28,quantile,0.75,47.0
2026-09-12,wk inc covid hosp,1,2026-09-19,28,quantile,0.8,50.0
2026-09-12,wk inc covid hosp,1,2026-09-19,28,quantile,0.85,53.0
2026-09-12,wk inc covid hosp,1,2026-09-19,28,quantile,0.9,57.0
2026-09-12,wk inc covid hosp,1,2026-09-19,28,quantile,0.95,68.0
2026-09-12,wk inc covid hosp,1,2026-09-19,28,quantile,0.975,75.0
2026-09-12,wk inc covid hosp,1,2026-09-19,28,quantile,0.99,84.0
2026-09-12,wk inc covid hosp,1,2026-09-19,29,quantile,0.01,15.0
2026-09-12,wk inc covid hosp,1,2026-09-19,29,quantile,0.025,17.0
2026-09-12,wk inc covid hosp,1,2026-09-19,29,quantile,0.05,19.0
2026-09-12,wk inc covid hosp,1,2026-09-19,29,quantile,0.1,22.0
2026-09-12,wk inc covid hosp,1,2026-09-19,29,quantile,0.15,24.0
2026-09-12,wk inc covid hosp,1,2026-09-19,29,quantile,0.2,28.0
2026-09-12,wk inc covid hosp,1,2026-09-19,29,quantile,0.25,31.0
2026-09-12,wk inc covid hosp,1,2026-09-19,29,quantile,0.3,32.0
2026-09-12,wk inc covid hosp,1,2026-09-19,29,quantile,0.35,34.0
2026-09-12,wk inc covid hosp,1,2026-09-19,29,quantile,0.4,35.0
2026-09-12,wk inc covid hosp,1,2026-09-19,29,quantile,0.45,36.0
2026-09-12,wk inc covid hosp,1,2026-09-19,29,quantile,0.5,37.0
2026-09-12,wk inc covid hosp,1,2026-09-19,29,quantile,0.55,38.0
2026-09-12,wk inc covid hosp,1,2026-09-19,29,quantile,0.6,39.0
2026-09-12,wk inc covid hosp,1,2026-09-19,29,quantile,0.65,41.0
2026-09-12,wk inc covid hosp,1,2026-09-19,29,quantile,0.7,43.0
2026-09-12,wk inc covid hosp,1,2026-09-19,29,quantile,0.75,51.0
2026-09-12,wk inc covid hosp,1,2026-09-19,29,quantile,0.8,54.0
2026-09-12,wk inc covid hosp,1,2026-09-19,29,quantile,0.85,59.0
2026-09-12,wk inc covid hosp,1,2026-09-19,29,quantile,0.9,64.0
2026-09-12,wk inc covid hosp,1,2026-09-19,29,quantile,0.95,71.0
2026-09-12,wk inc covid hosp,1,2026-09-19,29,quantile,0.975,80.0
2026-09-12,wk inc covid hosp,1,2026-09-19,29,quantile,0.99,90.0
2026-09-12,wk inc covid hosp,1,2026-09-19,30,quantile,0.01,2.0
2026-09-12,wk inc covid hosp,1,2026-09-19,30,quantile,0.025,2.0
2026-09-12,wk inc covid hosp,1,2026-09-19,30,quantile,0.05,2.0
2026-09-12,wk inc covid hosp,1,2026-09-19,30,quantile,0.1,3.0
2026-09-12,wk inc covid hosp,1,2026-09-19,30,quantile,0.15,5.0
2026-09-12,wk inc covid hosp,1,2026-09-19,30,quantile,0.2,6.0
2026-09-12,wk inc covid hosp,1,2026-09-19,30,quantile,0.25,7.0
2026-09-12,wk inc covid hosp,1,2026-09-19,30,quantile,0.3,8.0
2026-09-12,wk inc covid hosp,1,2026-09-19,30,quantile,0.35,8.0
2026-09-12,wk inc covid hosp,1,2026-09-19,30,quantile,0.4,9.0
2026-09-12,wk inc covid hosp,1,2026-09-19,30,quantile,0.45,9.0
2026-09-12,wk inc covid hosp,1,2026-09-19,30,quantile,0.5,10.0
2026-09-12,wk inc covid hosp,1,2026-09-19,30,quantile,0.55,11.0
2026-09-12,wk inc covid hosp,1,2026-09-19,30,quantile,0.6,11.0
2026-09-12,wk inc covid hosp,1,2026-09-19,30,quantile,0.65,12.0
2026-09-12,wk inc covid hosp,1,2026-09-19,30,quantile,0.7,14.0
2026-09-12,wk inc covid hosp,1,2026-09-19,30,quantile,0.75,20.0
2026-09-12,wk inc covid hosp,1,2026-09-19,30,quantile,0.8,24.0
2026-09-12,wk inc covid hosp,1,2026-09-19,30,quantile,0.85,26.0
2026-09-12,wk inc covid hosp,1,2026-09-19,30,quantile,0.9,29.0
2026-09-12,wk inc covid hosp,1,2026-09-19,30,quantile,0.95,44.0
2026-09-12,wk inc covid hosp,1,2026-09-19,30,quantile,0.975,69.0
2026-09-12,wk inc covid hosp,1,2026-09-19,30,quantile,0.99,83.0
2026-09-12,wk inc covid hosp,1,2026-09-19,31,quantile,0.01,3.0
2026-09-12,wk inc covid hosp,1,2026-09-19,31,quantile,0.025,3.0
2026-09-12,wk inc covid hosp,1,2026-09-19,31,quantile,0.05,4.0
2026-09-12,wk inc covid hosp,1,2026-09-19,31,quantile,0.1,5.0
2026-09-12,wk inc covid hosp,1,2026-09-19,31,quantile,0.15,6.0
2026-09-12,wk inc covid hosp,1,2026-09-19,31,quantile,0.2,8.0
2026-09-12,wk inc covid hosp,1,2026-09-19,31,quantile,0.25,9.0
2026-09-12,wk inc covid hosp,1,2026-09-19,31,quantile,0.3,10.0
2026-09-12,wk inc covid hosp,1,2026-09-19,31,quantile,0.35,11.0
2026-09-12,wk inc covid hosp,1,2026-09-19,31,quantile,0.4,12.0
2026-09-12,wk inc covid hosp,1,2026-09-19,31,quantile,0.45,14.0
2026-09-12,wk inc covid hosp,1,2026-09-19,31,quantile,0.5,14.0
2026-09-12,wk inc covid hosp,1,2026-09-19,31,quantile,0.55,15.0
2026-09-12,wk inc covid hosp,1,2026-09-19,31,quantile,0.6,16.0
2026-09-12,wk inc covid hosp,1,2026-09-19,31,quantile,0.65,18.0
2026-09-12,wk inc covid hosp,1,2026-09-19,31,quantile,0.7,19.0
2026-09-12,wk inc covid hosp,1,2026-09-19,31,quantile,0.75,22.0
2026-09-12,wk inc covid hosp,1,2026-09-19,31,quantile,0.8,25.0
2026-09-12,wk inc covid hosp,1,2026-09-19,31,quantile,0.85,28.0
2026-09-12,wk inc covid hosp,1,2026-09-19,31,quantile,0.9,33.0
2026-09-12,wk inc covid hosp,1,2026-09-19,31,quantile,0.95,44.0
2026-09-12,wk inc covid hosp,1,2026-09-19,31,quantile,0.975,57.0
2026-09-12,wk inc covid hosp,1,2026-09-19,31,quantile,0.99,70.0
2026-09-12,wk inc covid hosp,1,2026-09-19,32,quantile,0.01,11.0
2026-09-12,wk inc covid hosp,1,2026-09-19,32,quantile,0.025,13.0
2026-09-12,wk inc covid hosp,1,2026-09-19,32,quantile,0.05,15.0
2026-09-12,wk inc covid hosp,1,2026-09-19,32,quantile,0.1,18.0
2026-09-12,wk inc covid hosp,1,2026-09-19,32,quantile,0.15,20.0
2026-09-12,wk inc covid hosp,1,2026-09-19,32,quantile,0.2,22.0
2026-09-12,wk inc covid hosp,1,2026-09-19,32,quantile,0.25,25.0
2026-09-12,wk inc covid hosp,1,2026-09-19,32,quantile,0.3,27.0
2026-09-12,wk inc covid hosp,1,2026-09-19,32,quantile,0.35,29.0
2026-09-12,wk inc covid hosp,1,2026-09-19,32,quantile,0.4,30.0
2026-09-12,wk inc covid hosp,1,2026-09-19,32,quantile,0.45,31.0
2026-09-12,wk inc covid hosp,1,2026-09-19,32,quantile,0.5,33.0
2026-09-12,wk inc covid hosp,1,2026-09-19,32,quantile,0.55,34.0
2026-09-12,wk inc covid hosp,1,2026-09-19,32,quantile,0.6,36.0
2026-09-12,wk inc covid hosp,1,2026-09-19,32,quantile,0.65,38.0
2026-09-12,wk inc covid hosp,1,2026-09-19,32,quantile,0.7,39.0
2026-09-12,wk inc covid hosp,1,2026-09-19,32,quantile,0.75,45.0
2026-09-12,wk inc covid hosp,1,2026-09-19,32,quantile,0.8,47.0
2026-09-12,wk inc covid hosp,1,2026-09-19,32,quantile,0.85,50.0
2026-09-12,wk inc covid hosp,1,2026-09-19,32,quantile,0.9,53.0
2026-09-12,wk inc covid hosp,1,2026-09-19,32,quantile,0.95,64.0
2026-09-12,wk inc covid hosp,1,2026-09-19,32,quantile,0.975,77.0
2026-09-12,wk inc covid hosp,1,2026-09-19,32,quantile,0.99,87.0
2026-09-12,wk inc covid hosp,1,2026-09-19,33,quantile,0.01,1.0
2026-09-12,wk inc covid hosp,1,2026-09-19,33,quantile,0.025,1.0
2026-09-12,wk inc covid hosp,1,2026-09-19,33,quantile,0.05,2.0
2026-09-12,wk inc covid hosp,1,2026-09-19,33,quantile,0.1,2.0
2026-09-12,wk inc covid hosp,1,2026-09-19,33,quantile,0.15,4.0
2026-09-12,wk inc covid hosp,1,2026-09-19,33,quantile,0.2,6.0
2026-09-12,wk inc covid hosp,1,2026-09-19,33,quantile,0.25,7.0
2026-09-12,wk inc covid hosp,1,2026-09-19,33,quantile,0.3,8.0
2026-09-12,wk inc covid hosp,1,2026-09-19,33,quantile,0.35,8.0
2026-09-12,wk inc covid hosp,1,2026-09-19,33,quantile,0.4,9.0
2026-09-12,wk inc covid hosp,1,2026-09-19,33,quantile,0.45,9.0
2026-09-12,wk inc covid hosp,1,2026-09-19,33,quantile,0.5,10.0
2026-09-12,wk inc covid hosp,1,2026-09-19,33,quantile,0.55,11.0
2026-09-12,wk inc covid hosp,1,2026-09-19,33,quantile,0.6,12.0
2026-09-12,wk inc covid hosp,1,2026-09-19,33,quantile,0.65,13.0
2026-09-12,wk inc covid hosp,1,2026-09-19,33,quantile,0.7,14.0
2026-09-12,wk inc covid hosp,1,2026-09-19,33,quantile,0.75,19.0
2026-09-12,wk inc covid hosp,1,2026-09-19,33,quantile,0.8,24.0
2026-09-12,wk inc covid hosp,1,2026-09-19,33,quantile,0.85,27.0
2026-09-12,wk inc covid hosp,1,2026-09-19,33,quantile,0.9,31.0
2026-09-12,wk inc covid hosp,1,2026-09-19,33,quantile,0.95,38.0
2026-09-12,wk inc covid hosp,1,2026-09-19,33,quantile,0.975,48.0
2026-09-12,wk inc covid hosp,1,2026-09-19,33,quantile,0.99,66.0
2026-09-12,wk inc covid hosp,1,2026-09-19,34,quantile,0.01,78.0
2026-09-12,wk inc covid hosp,1,2026-09-19,34,quantile,0.025,83.0
2026-09-12,wk inc covid hosp,1,2026-09-19,34,quantile,0.05,93.0
2026-09-12,wk inc covid hosp,1,2026-09-19,34,quantile,0.1,102.0
2026-09-12,wk inc covid hosp,1,2026-09-19,34,quantile,0.15,113.0
2026-09-12,wk inc covid hosp,1,2026-09-19,34,quantile,0.2,125.0
2026-09-12,wk inc covid hosp,1,2026-09-19,34,quantile,0.25,133.0
2026-09-12,wk inc covid hosp,1,2026-09-19,34,quantile,0.3,139.0
2026-09-12,wk inc covid hosp,1,2026-09-19,34,quantile,0.35,141.0
2026-09-12,wk inc covid hosp,1,2026-09-19,34,quantile,0.4,144.0
2026-09-12,wk inc covid hosp,1,2026-09-19,34,quantile,0.45,147.0
2026-09-12,wk inc covid hosp,1,2026-09-19,34,quantile,0.5,150.0
2026-09-12,wk inc covid hosp,1,2026-09-19,34,quantile,0.55,153.0
2026-09-12,wk inc covid hosp,1,2026-09-19,34,quantile,0.6,158.0
2026-09-12,wk inc covid hosp,1,2026-09-19,34,quantile,0.65,166.0
2026-09-12,wk inc covid hosp,1,2026-09-19,34,quantile,0.7,173.0
2026-09-12,wk inc covid hosp,1,2026-09-19,34,quantile,0.75,181.0
2026-09-12,wk inc covid hosp,1,2026-09-19,34,quantile,0.8,193.0
2026-09-12,wk inc covid hosp,1,2026-09-19,34,quantile,0.85,203.0
2026-09-12,wk inc covid hosp,1,2026-09-19,34,quantile,0.9,224.0
2026-09-12,wk inc covid hosp,1,2026-09-19,34,quantile,0.95,242.0
2026-09-12,wk inc covid hosp,1,2026-09-19,34,quantile,0.975,263.0
2026-09-12,wk inc covid hosp,1,2026-09-19,34,quantile,0.99,296.0
2026-09-12,wk inc covid hosp,1,2026-09-19,35,quantile,0.01,13.0
2026-09-12,wk inc covid hosp,1,2026-09-19,35,quantile,0.025,14.0
2026-09-12,wk inc covid hosp,1,2026-09-19,35,quantile,0.05,15.0
2026-09-12,wk inc covid hosp,1,2026-09-19,35,quantile,0.1,18.0
2026-09-12,wk inc covid hosp,1,2026-09-19,35,quantile,0.15,20.0
2026-09-12,wk inc covid hosp,1,2026-09-19,35,quantile,0.2,22.0
2026-09-12,wk inc covid hosp,1,2026-09-19,35,quantile,0.25,24.0
2026-09-12,wk inc covid hosp,1,2026-09-19,35,quantile,0.3,26.0
2026-09-12,wk inc covid hosp,1,2026-09-19,35,quantile,0.35,27.0
2026-09-12,wk inc covid hosp,1,2026-09-19,35,quantile,0.4,29.0
2026-09-12,wk inc covid hosp,1,2026-09-19,35,quantile,0.45,30.0
2026-09-12,wk inc covid hosp,1,2026-09-19,35,quantile,0.5,31.0
2026-09-12,wk inc covid hosp,1,2026-09-19,35,quantile,0.55,32.0
2026-09-12,wk inc covid hosp,1,2026-09-19,35,quantile,0.6,33.0
2026-09-12,wk inc covid hosp,1,2026-09-19,35,quantile,0.65,35.0
2026-09-12,wk inc covid hosp,1,2026-09-19,35,quantile,0.7,37.0
2026-09-12,wk inc covid hosp,1,2026-09-19,35,quantile,0.75,39.0
2026-09-12,wk inc covid hosp,1,2026-09-19,35,quantile,0.8,40.0
2026-09-12,wk inc covid hosp,1,2026-09-19,35,quantile,0.85,44.0
2026-09-12,wk inc covid hosp,1,2026-09-19,35,quantile,0.9,47.0
2026-09-12,wk inc covid hosp,1,2026-09-19,35,quantile,0.95,53.0
2026-09-12,wk inc covid hosp,1,2026-09-19,35,quantile,0.975,64.0
2026-09-12,wk inc covid hosp,1,2026-09-19,35,quantile,0.99,71.0
2026-09-12,wk inc covid hosp,1,2026-09-19,36,quantile,0.01,125.0
2026-09-12,wk inc covid hosp,1,2026-09-19,36,quantile,0.025,137.0
2026-09-12,wk inc covid hosp,1,2026-09-19,36,quantile,0.05,155.0
2026-09-12,wk inc covid hosp,1,2026-09-19,36,quantile,0.1,164.0
2026-09-12,wk inc covid hosp,1,2026-09-19,36,quantile,0.15,174.0
2026-09-12,wk inc covid hosp,1,2026-09-19,36,quantile,0.2,188.0
2026-09-12,wk inc covid hosp,1,2026-09-19,36,quantile,0.25,200.0
2026-09-12,wk inc covid hosp,1,2026-09-19,36,quantile,0.3,208.0
2026-09-12,wk inc covid hosp,1,2026-09-19,36,quantile,0.35,217.0
2026-09-12,wk inc covid hosp,1,2026-09-19,36,quantile,0.4,231.0
2026-09-12,wk inc covid hosp,1,2026-09-19,36,quantile,0.45,237.0
2026-09-12,wk inc covid hosp,1,2026-09-19,36,quantile,0.5,243.0
2026-09-12,wk inc covid hosp,1,2026-09-19,36,quantile,0.55,248.0
2026-09-12,wk inc covid hosp,1,2026-09-19,36,quantile,0.6,256.0
2026-09-12,wk inc covid hosp,1,2026-09-19,36,quantile,0.65,265.0
2026-09-12,wk inc covid hosp,1,2026-09-19,36,quantile,0.7,274.0
2026-09-12,wk inc covid hosp,1,2026-09-19,36,quantile,0.75,323.0
2026-09-12,wk inc covid hosp,1,2026-09-19,36,quantile,0.8,341.0
2026-09-12,wk inc covid hosp,1,2026-09-19,36,quantile,0.85,354.0
2026-09-12,wk inc covid hosp,1,2026-09-19,36,quantile,0.9,373.0
2026-09-12,wk inc covid hosp,1,2026-09-19,36,quantile,0.95,399.0
2026-09-12,wk inc covid hosp,1,2026-09-19,36,quantile,0.975,434.0
2026-09-12,wk inc covid hosp,1,2026-09-19,36,quantile,0.99,489.0
2026-09-12,wk inc covid hosp,1,2026-09-19,37,quantile,0.01,43.0
2026-09-12,wk inc covid hosp,1,2026-09-19,37,quantile,0.025,54.0
2026-09-12,wk inc covid hosp,1,2026-09-19,37,quantile,0.05,69.0
2026-09-12,wk inc covid hosp,1,2026-09-19,37,quantile,0.1,79.0
2026-09-12,wk inc covid hosp,1,2026-09-19,37,quantile,0.15,90.0
2026-09-12,wk inc covid hosp,1,2026-09-19,37,quantile,0.2,101.0
2026-09-12,wk inc covid hosp,1,2026-09-19,37,quantile,0.25,126.0
2026-09-12,wk inc covid hosp,1,2026-09-19,37,quantile,0.3,136.0
2026-09-12,wk inc covid hosp,1,2026-09-19,37,quantile,0.35,141.0
2026-09-12,wk inc covid hosp,1,2026-09-19,37,quantile,0.4,154.0
2026-09-12,wk inc covid hosp,1,2026-09-19,37,quantile,0.45,162.0
2026-09-12,wk inc covid hosp,1,2026-09-19,37,quantile,0.5,169.0
2026-09-12,wk inc covid hosp,1,2026-09-19,37,quantile,0.55,176.0
2026-09-12,wk inc covid hosp,1,2026-09-19,37,quantile,0.6,182.0
2026-09-12,wk inc covid hosp,1,2026-09-19,37,quantile,0.65,188.0
2026-09-12,wk inc covid hosp,1,2026-09-19,37,quantile,0.7,194.0
2026-09-12,wk inc covid hosp,1,2026-09-19,37,quantile,0.75,201.0
2026-09-12,wk inc covid hosp,1,2026-09-19,37,quantile,0.8,209.0
2026-09-12,wk inc covid hosp,1,2026-09-19,37,quantile,0.85,217.0
2026-09-12,wk inc covid hosp,1,2026-09-19,37,quantile,0.9,239.0
2026-09-12,wk inc covid hosp,1,2026-09-19,37,quantile,0.95,268.0
2026-09-12,wk inc covid hosp,1,2026-09-19,37,quantile,0.975,306.0
2026-09-12,wk inc covid hosp,1,2026-09-19,37,quantile,0.99,343.0
2026-09-12,wk inc covid hosp,1,2026-09-19,38,quantile,0.01,0.0
2026-09-12,wk inc covid hosp,1,2026-09-19,38,quantile,0.025,0.0
2026-09-12,wk inc covid hosp,1,2026-09-19,38,quantile,0.05,1.0
2026-09-12,wk inc covid hosp,1,2026-09-19,38,quantile,0.1,1.0
2026-09-12,wk inc covid hosp,1,2026-09-19,38,quantile,0.15,2.0
2026-09-12,wk inc covid hosp,1,2026-09-19,38,quantile,0.2,3.0
2026-09-12,wk inc covid hosp,1,2026-09-19,38,quantile,0.25,3.0
2026-09-12,wk inc covid hosp,1,2026-09-19,38,quantile,0.3,4.0
2026-09-12,wk inc covid hosp,1,2026-09-19,38,quantile,0.35,5.0
2026-09-12,wk inc covid hosp,1,2026-09-19,38,quantile,0.4,7.0
2026-09-12,wk inc covid hosp,1,2026-09-19,38,quantile,0.45,7.0
2026-09-12,wk inc covid hosp,1,2026-09-19,38,quantile,0.5,7.0
2026-09-12,wk inc covid hosp,1,2026-09-19,38,quantile,0.55,8.0
2026-09-12,wk inc covid hosp,1,2026-09-19,38,quantile,0.6,8.0
2026-09-12,wk inc covid hosp,1,2026-09-19,38,quantile,0.65,9.0
2026-09-12,wk inc covid hosp,1,2026-09-19,38,quantile,0.7,10.0
2026-09-12,wk inc covid hosp,1,2026-09-19,38,quantile,0.75,12.0
2026-09-12,wk inc covid hosp,1,2026-09-19,38,quantile,0.8,15.0
2026-09-12,wk inc covid hosp,1,2026-09-19,38,quantile,0.85,21.0
2026-09-12,wk inc covid hosp,1,2026-09-19,38,quantile,0.9,27.0
2026-09-12,wk inc covid hosp,1,2026-09-19,38,quantile,0.95,48.0
2026-09-12,wk inc covid hosp,1,2026-09-19,38,quantile,0.975,64.0
2026-09-12,wk inc covid hosp,1,2026-09-19,38,quantile,0.99,83.0
2026-09-12,wk inc covid hosp,1,2026-09-19,39,quantile,0.01,42.0
2026-09-12,wk inc covid hosp,1,2026-09-19,39,quantile,0.025,46.0
2026-09-12,wk inc covid hosp,1,2026-09-19,39,quantile,0.05,51.0
2026-09-12,wk inc covid hosp,1,2026-09-19,39,quantile,0.1,58.0
2026-09-12,wk inc covid hosp,1,2026-09-19,39,quantile,0.15,65.0
2026-09-12,wk inc covid hosp,1,2026-09-19,39,quantile,0.2,75.0
2026-09-12,wk inc covid hosp,1,2026-09-19,39,quantile,0.25,83.0
2026-09-12,wk inc covid hosp,1,2026-09-19,39,quantile,0.3,89.0
2026-09-12,wk inc covid hosp,1,2026-09-19,39,quantile,0.35,92.0
2026-09-12,wk inc covid hosp,1,2026-09-19,39,quantile,0.4,96.0
2026-09-12,wk inc covid hosp,1,2026-09-19,39,quantile,0.45,99.0
2026-09-12,wk inc covid hosp,1,2026-09-19,39,quantile,0.5,101.0
2026-09-12,wk inc covid hosp,1,2026-09-19,39,quantile,0.55,105.0
2026-09-12,wk inc covid hosp,1,2026-09-19,39,quantile,0.6,109.0
2026-09-12,wk inc covid hosp,1,2026-09-19,39,quantile,0.65,113.0
2026-09-12,wk inc covid hosp,1,2026-09-19,39,quantile,0.7,118.0
2026-09-12,wk inc covid hosp,1,2026-09-19,39,quantile,0.75,133.0
2026-09-12,wk inc covid hosp,1,2026-09-19,39,quantile,0.8,140.0
2026-09-12,wk inc covid hosp,1,2026-09-19,39,quantile,0.85,148.0
2026-09-12,wk inc covid hosp,1,2026-09-19,39,quantile,0.9,169.0
2026-09-12,wk inc covid hosp,1,2026-09-19,39,quantile,0.95,191.0
2026-09-12,wk inc covid hosp,1,2026-09-19,39,quantile,0.975,230.0
2026-09-12,wk inc covid hosp,1,2026-09-19,39,quantile,0.99,256.0
2026-09-12,wk inc covid hosp,1,2026-09-19,40,quantile,0.01,14.0
2026-09-12,wk inc covid hosp,1,2026-09-19,40,quantile,0.025,16.0
2026-09-12,wk inc covid hosp,1,2026-09-19,40,quantile,0.05,19.0
2026-09-12,wk inc covid hosp,1,2026-09-19,40,quantile,0.1,22.0
2026-09-12,wk inc covid hosp,1,2026-09-19,40,quantile,0.15,24.0
2026-09-12,wk inc covid hosp,1,2026-09-19,40,quantile,0.2,27.0
2026-09-12,wk inc covid hosp,1,2026-09-19,40,quantile,0.25,30.0
2026-09-12,wk inc covid hosp,1,2026-09-19,40,quantile,0.3,32.0
2026-09-12,wk inc covid hosp,1,2026-09-19,40,quantile,0.35,34.0
2026-09-12,wk inc covid hosp,1,2026-09-19,40,quantile,0.4,36.0
2026-09-12,wk inc covid hosp,1,2026-09-19,40,quantile,0.45,38.0
2026-09-12,wk inc covid hosp,1,2026-09-19,40,quantile,0.5,39.0
2026-09-12,wk inc covid hosp,1,2026-09-19,40,quantile,0.55,41.0
2026-09-12,wk inc covid hosp,1,2026-09-19,40,quantile,0.6,43.0
2026-09-12,wk inc covid hosp,1,2026-09-19,40,quantile,0.65,45.0
2026-09-12,wk inc covid hosp,1,2026-09-19,40,quantile,0.7,48.0
2026-09-12,wk inc covid hosp,1,2026-09-19,40,quantile,0.75,55.0
2026-09-12,wk inc covid hosp,1,2026-09-19,40,quantile,0.8,58.0
2026-09-12,wk inc covid hosp,1,2026-09-19,40,quantile,0.85,63.0
2026-09-12,wk inc covid hosp,1,2026-09-19,40,quantile,0.9,72.0
2026-09-12,wk inc covid hosp,1,2026-09-19,40,quantile,0.95,89.0
2026-09-12,wk inc covid hosp,1,2026-09-19,40,quantile,0.975,106.0
2026-09-12,wk inc covid hosp,1,2026-09-19,40,quantile,0.99,121.0
2026-09-12,wk inc covid hosp,1,2026-09-19,41,quantile,0.01,11.0
2026-09-12,wk inc covid hosp,1,2026-09-19,41,quantile,0.025,12.0
2026-09-12,wk inc covid hosp,1,2026-09-19,41,quantile,0.05,14.0
2026-09-12,wk inc covid hosp,1,2026-09-19,41,quantile,0.1,15.0
2026-09-12,wk inc covid hosp,1,2026-09-19,41,quantile,0.15,21.0
2026-09-12,wk inc covid hosp,1,2026-09-19,41,quantile,0.2,22.0
2026-09-12,wk inc covid hosp,1,2026-09-19,41,quantile,0.25,24.0
2026-09-12,wk inc covid hosp,1,2026-09-19,41,quantile,0.3,25.0
2026-09-12,wk inc covid hosp,1,2026-09-19,41,quantile,0.35,26.0
2026-09-12,wk inc covid hosp,1,2026-09-19,41,quantile,0.4,27.0
2026-09-12,wk inc covid hosp,1,2026-09-19,41,quantile,0.45,28.0
2026-09-12,wk inc covid hosp,1,2026-09-19,41,quantile,0.5,29.0
2026-09-12,wk inc covid hosp,1,2026-09-19,41,quantile,0.55,30.0
2026-09-12,wk inc covid hosp,1,2026-09-19,41,quantile,0.6,31.0
2026-09-12,wk inc covid hosp,1,2026-09-19,41,quantile,0.65,32.0
2026-09-12,wk inc covid hosp,1,2026-09-19,41,quantile,0.7,34.0
2026-09-12,wk inc covid hosp,1,2026-09-19,41,quantile,0.75,37.0
2026-09-12,wk inc covid hosp,1,2026-09-19,41,quantile,0.8,40.0
2026-09-12,wk inc covid hosp,1,2026-09-19,41,quantile,0.85,42.0
2026-09-12,wk inc covid hosp,1,2026-09-19,41,quantile,0.9,45.0
2026-09-12,wk inc covid hosp,1,2026-09-19,41,quantile,0.95,50.0
2026-09-12,wk inc covid hosp,1,2026-09-19,41,quantile,0.975,59.0
2026-09-12,wk inc covid hosp,1,2026-09-19,41,quantile,0.99,69.0
2026-09-12,wk inc covid hosp,1,2026-09-19,42,quantile,0.01,72.0
2026-09-12,wk inc covid hosp,1,2026-09-19,42,quantile,0.025,75.0
2026-09-12,wk inc covid hosp,1,2026-09-19,42,quantile,0.05,81.0
2026-09-12,wk inc covid hosp,1,2026-09-19,42,quantile,0.1,89.0
2026-09-12,wk inc covid hosp,1,2026-09-19,42,quantile,0.15,120.0
2026-09-12,wk inc covid hosp,1,2026-09-19,42,quantile,0.2,127.0
2026-09-12,wk inc covid hosp,1,2026-09-19,42,quantile,0.25,132.0
2026-09-12,wk inc covid hosp,1,2026-09-19,42,quantile,0.3,138.0
2026-09-12,wk inc covid hosp,1,2026-09-19,42,quantile,0.35,141.0
2026-09-12,wk inc covid hosp,1,2026-09-19,42,quantile,0.4,143.0
2026-09-12,wk inc covid hosp,1,2026-09-19,42,quantile,0.45,146.0
2026-09-12,wk inc covid hosp,1,2026-09-19,42,quantile,0.5,149.0
2026-09-12,wk inc covid hosp,1,2026-09-19,42,quantile,0.55,152.0
2026-09-12,wk inc covid hosp,1,2026-09-19,42,quantile,0.6,159.0
2026-09-12,wk inc covid hosp,1,2026-09-19,42,quantile,0.65,166.0
2026-09-12,wk inc covid hosp,1,2026-09-19,42,quantile,0.7,171.0
2026-09-12,wk inc covid hosp,1,2026-09-19,42,quantile,0.75,176.0
2026-09-12,wk inc covid hosp,1,2026-09-19,42,quantile,0.8,181.0
2026-09-12,wk inc covid hosp,1,2026-09-19,42,quantile,0.85,188.0
2026-09-12,wk inc covid hosp,1,2026-09-19,42,quantile,0.9,216.0
2026-09-12,wk inc covid hosp,1,2026-09-19,42,quantile,0.95,231.0
2026-09-12,wk inc covid hosp,1,2026-09-19,42,quantile,0.975,260.0
2026-09-12,wk inc covid hosp,1,2026-09-19,42,quantile,0.99,291.0
2026-09-12,wk inc covid hosp,1,2026-09-19,44,quantile,0.01,4.0
2026-09-12,wk inc covid hosp,1,2026-09-19,44,quantile,0.025,4.0
2026-09-12,wk inc covid hosp,1,2026-09-19,44,quantile,0.05,5.0
2026-09-12,wk inc covid hosp,1,2026-09-19,44,quantile,0.1,6.0
2026-09-12,wk inc covid hosp,1,2026-09-19,44,quantile,0.15,8.0
2026-09-12,wk inc covid hosp,1,2026-09-19,44,quantile,0.2,9.0
2026-09-12,wk inc covid hosp,1,2026-09-19,44,quantile,0.25,10.0
2026-09-12,wk inc covid hosp,1,2026-09-19,44,quantile,0.3,10.0
2026-09-12,wk inc covid hosp,1,2026-09-19,44,quantile,0.35,11.0
2026-09-12,wk inc covid hosp,1,2026-09-19,44,quantile,0.4,11.0
2026-09-12,wk inc covid hosp,1,2026-09-19,44,quantile,0.45,12.0
2026-09-12,wk inc covid hosp,1,2026-09-19,44,quantile,0.5,12.0
2026-09-12,wk inc covid hosp,1,2026-09-19,44,quantile,0.55,13.0
2026-09-12,wk inc covid hosp,1,2026-09-19,44,quantile,0.6,14.0
2026-09-12,wk inc covid hosp,1,2026-09-19,44,quantile,0.65,14.0
2026-09-12,wk inc covid hosp,1,2026-09-19,44,quantile,0.7,15.0
2026-09-12,wk inc covid hosp,1,2026-09-19,44,quantile,0.75,16.0
2026-09-12,wk inc covid hosp,1,2026-09-19,44,quantile,0.8,18.0
2026-09-12,wk inc covid hosp,1,2026-09-19,44,quantile,0.85,20.0
2026-09-12,wk inc covid hosp,1,2026-09-19,44,quantile,0.9,22.0
2026-09-12,wk inc covid hosp,1,2026-09-19,44,quantile,0.95,25.0
2026-09-12,wk inc covid hosp,1,2026-09-19,44,quantile,0.975,29.0
2026-09-12,wk inc covid hosp,1,2026-09-19,44,quantile,0.99,35.0
2026-09-12,wk inc covid hosp,1,2026-09-19,45,quantile,0.01,38.0
2026-09-12,wk inc covid hosp,1,2026-09-19,45,quantile,0.025,42.0
2026-09-12,wk inc covid hosp,1,2026-09-19,45,quantile,0.05,50.0
2026-09-12,wk inc covid hosp,1,2026-09-19,45,quantile,0.1,58.0
2026-09-12,wk inc covid hosp,1,2026-09-19,45,quantile,0.15,62.0
2026-09-12,wk inc covid hosp,1,2026-09-19,45,quantile,0.2,66.0
2026-09-12,wk inc covid hosp,1,2026-09-19,45,quantile,0.25,71.0
2026-09-12,wk inc covid hosp,1,2026-09-19,45,quantile,0.3,75.0
2026-09-12,wk inc covid hosp,1,2026-09-19,45,quantile,0.35,78.0
2026-09-12,wk inc covid hosp,1,2026-09-19,45,quantile,0.4,81.0
2026-09-12,wk inc covid hosp,1,2026-09-19,45,quantile,0.45,83.0
2026-09-12,wk inc covid hosp,1,2026-09-19,45,quantile,0.5,86.0
2026-09-12,wk inc covid hosp,1,2026-09-19,45,quantile,0.55,89.0
2026-09-12,wk inc covid hosp,1,2026-09-19,45,quantile,0.6,93.0
2026-09-12,wk inc covid hosp,1,2026-09-19,45,quantile,0.65,98.0
2026-09-12,wk inc covid hosp,1,2026-09-19,45,quantile,0.7,101.0
2026-09-12,wk inc covid hosp,1,2026-09-19,45,quantile,0.75,105.0
2026-09-12,wk inc covid hosp,1,2026-09-19,45,quantile,0.8,110.0
2026-09-12,wk inc covid hosp,1,2026-09-19,45,quantile,0.85,117.0
2026-09-12,wk inc covid hosp,1,2026-09-19,45,quantile,0.9,124.0
2026-09-12,wk inc covid hosp,1,2026-09-19,45,quantile,0.95,139.0
2026-09-12,wk inc covid hosp,1,2026-09-19,45,quantile,0.975,169.0
2026-09-12,wk inc covid hosp,1,2026-09-19,45,quantile,0.99,192.0
2026-09-12,wk inc covid hosp,1,2026-09-19,46,quantile,0.01,1.0
2026-09-12,wk inc covid hosp,1,2026-09-19,46,quantile,0.025,1.0
2026-09-12,wk inc covid hosp,1,2026-09-19,46,quantile,0.05,2.0
2026-09-12,wk inc covid hosp,1,2026-09-19,46,quantile,0.1,2.0
2026-09-12,wk inc covid hosp,1,2026-09-19,46,quantile,0.15,3.0
2026-09-12,wk inc covid hosp,1,2026-09-19,46,quantile,0.2,4.0
2026-09-12,wk inc covid hosp,1,2026-09-19,46,quantile,0.25,5.0
2026-09-12,wk inc covid hosp,1,2026-09-19,46,quantile,0.3,6.0
2026-09-12,wk inc covid hosp,1,2026-09-19,46,quantile,0.35,6.0
2026-09-12,wk inc covid hosp,1,2026-09-19,46,quantile,0.4,8.0
2026-09-12,wk inc covid hosp,1,2026-09-19,46,quantile,0.45,8.0
2026-09-12,wk inc covid hosp,1,2026-09-19,46,quantile,0.5,9.0
2026-09-12,wk inc covid hosp,1,2026-09-19,46,quantile,0.55,9.0
2026-09-12,wk inc covid hosp,1,2026-09-19,46,quantile,0.6,10.0
2026-09-12,wk inc covid hosp,1,2026-09-19,46,quantile,0.65,11.0
2026-09-12,wk inc covid hosp,1,2026-09-19,46,quantile,0.7,12.0
2026-09-12,wk inc covid hosp,1,2026-09-19,46,quantile,0.75,17.0
2026-09-12,wk inc covid hosp,1,2026-09-19,46,quantile,0.8,19.0
2026-09-12,wk inc covid hosp,1,2026-09-19,46,quantile,0.85,21.0
2026-09-12,wk inc covid hosp,1,2026-09-19,46,quantile,0.9,27.0
2026-09-12,wk inc covid hosp,1,2026-09-19,46,quantile,0.95,39.0
2026-09-12,wk inc covid hosp,1,2026-09-19,46,quantile,0.975,45.0
2026-09-12,wk inc covid hosp,1,2026-09-19,46,quantile,0.99,59.0
2026-09-12,wk inc covid hosp,1,2026-09-19,47,quantile,0.01,33.0
2026-09-12,wk inc covid hosp,1,2026-09-19,47,quantile,0.025,37.0
2026-09-12,wk inc covid hosp,1,2026-09-19,47,quantile,0.05,42.0
2026-09-12,wk inc covid hosp,1,2026-09-19,47,quantile,0.1,48.0
2026-09-12,wk inc covid hosp,1,2026-09-19,47,quantile,0.15,55.0
2026-09-12,wk inc covid hosp,1,2026-09-19,47,quantile,0.2,62.0
2026-09-12,wk inc covid hosp,1,2026-09-19,47,quantile,0.25,68.0
2026-09-12,wk inc covid hosp,1,2026-09-19,47,quantile,0.3,71.0
2026-09-12,wk inc covid hosp,1,2026-09-19,47,quantile,0.35,74.0
2026-09-12,wk inc covid hosp,1,2026-09-19,47,quantile,0.4,78.0
2026-09-12,wk inc covid hosp,1,2026-09-19,47,quantile,0.45,81.0
2026-09-12,wk inc covid hosp,1,2026-09-19,47,quantile,0.5,84.0
2026-09-12,wk inc covid hosp,1,2026-09-19,47,quantile,0.55,87.0
2026-09-12,wk inc covid hosp,1,2026-09-19,47,quantile,0.6,90.0
2026-09-12,wk inc covid hosp,1,2026-09-19,47,quantile,0.65,93.0
2026-09-12,wk inc covid hosp,1,2026-09-19,47,quantile,0.7,97.0
2026-09-12,wk inc covid hosp,1,2026-09-19,47,quantile,0.75,106.0
2026-09-12,wk inc covid hosp,1,2026-09-19,47,quantile,0.8,112.0
2026-09-12,wk inc covid hosp,1,2026-09-19,47,quantile,0.85,119.0
2026-09-12,wk inc covid hosp,1,2026-09-19,47,quantile,0.9,129.0
2026-09-12,wk inc covid hosp,1,2026-09-19,47,quantile,0.95,156.0
2026-09-12,wk inc covid hosp,1,2026-09-19,47,quantile,0.975,198.0
2026-09-12,wk inc covid hosp,1,2026-09-19,47,quantile,0.99,225.0
2026-09-12,wk inc covid hosp,1,2026-09-19,48,quantile,0.01,116.0
2026-09-12,wk inc covid hosp,1,2026-09-19,48,quantile,0.025,173.0
2026-09-12,wk inc covid hosp,1,2026-09-19,48,quantile,0.05,232.0
2026-09-12,wk inc covid hosp,1,2026-09-19,48,quantile,0.1,272.0
2026-09-12,wk inc covid hosp,1,2026-09-19,48,quantile,0.15,319.0
2026-09-12,wk inc covid hosp,1,2026-09-19,48,quantile,0.2,391.0
2026-09-12,wk inc covid hosp,1,2026-09-19,48,quantile,0.25,449.0
2026-09-12,wk inc covid hosp,1,2026-09-19,48,quantile,0.3,481.0
2026-09-12,wk inc covid hosp,1,2026-09-19,48,quantile,0.35,499.0
2026-09-12,wk inc covid hosp,1,2026-09-19,48,quantile,0.4,514.0
2026-09-12,wk inc covid hosp,1,2026-09-19,48,quantile,0.45,530.0
2026-09-12,wk inc covid hosp,1,2026-09-19,48,quantile,0.5,549.0
2026-09-12,wk inc covid hosp,1,2026-09-19,48,quantile,0.55,577.0
2026-09-12,wk inc covid hosp,1,2026-09-19,48,quantile,0.6,607.0
2026-09-12,wk inc covid hosp,1,2026-09-19,48,quantile,0.65,644.0
2026-09-12,wk inc covid hosp,1,2026-09-19,48,quantile,0.7,664.0
2026-09-12,wk inc covid hosp,1,2026-09-19,48,quantile,0.75,699.0
2026-09-12,wk inc covid hosp,1,2026-09-19,48,quantile,0.8,742.0
2026-09-12,wk inc covid hosp,1,2026-09-19,48,quantile,0.85,785.0
2026-09-12,wk inc covid hosp,1,2026-09-19,48,quantile,0.9,835.0
2026-09-12,wk inc covid hosp,1,2026-09-19,48,quantile,0.95,969.0
2026-09-12,wk inc covid hosp,1,2026-09-19,48,quantile,0.975,1100.0
2026-09-12,wk inc covid hosp,1,2026-09-19,48,quantile,0.99,1239.0
2026-09-12,wk inc covid hosp,1,2026-09-19,49,quantile,0.01,3.0
2026-09-12,wk inc covid hosp,1,2026-09-19,49,quantile,0.025,4.0
2026-09-12,wk inc covid hosp,1,2026-09-19,49,quantile,0.05,5.0
2026-09-12,wk inc covid hosp,1,2026-09-19,49,quantile,0.1,6.0
2026-09-12,wk inc covid hosp,1,2026-09-19,49,quantile,0.15,7.0
2026-09-12,wk inc covid hosp,1,2026-09-19,49,quantile,0.2,8.0
2026-09-12,wk inc covid hosp,1,2026-09-19,49,quantile,0.25,10.0
2026-09-12,wk inc covid hosp,1,2026-09-19,49,quantile,0.3,11.0
2026-09-12,wk inc covid hosp,1,2026-09-19,49,quantile,0.35,12.0
2026-09-12,wk inc covid hosp,1,2026-09-19,49,quantile,0.4,13.0
2026-09-12,wk inc covid hosp,1,2026-09-19,49,quantile,0.45,14.0
2026-09-12,wk inc covid hosp,1,2026-09-19,49,quantile,0.5,16.0
2026-09-12,wk inc covid hosp,1,2026-09-19,49,quantile,0.55,17.0
2026-09-12,wk inc covid hosp,1,2026-09-19,49,quantile,0.6,19.0
2026-09-12,wk inc covid hosp,1,2026-09-19,49,quantile,0.65,21.0
2026-09-12,wk inc covid hosp,1,2026-09-19,49,quantile,0.7,23.0
2026-09-12,wk inc covid hosp,1,2026-09-19,49,quantile,0.75,26.0
2026-09-12,wk inc covid hosp,1,2026-09-19,49,quantile,0.8,27.0
2026-09-12,wk inc covid hosp,1,2026-09-19,49,quantile,0.85,30.0
2026-09-12,wk inc covid hosp,1,2026-09-19,49,quantile,0.9,34.0
2026-09-12,wk inc covid hosp,1,2026-09-19,49,quantile,0.95,41.0
2026-09-12,wk inc covid hosp,1,2026-09-19,49,quantile,0.975,57.0
2026-09-12,wk inc covid hosp,1,2026-09-19,49,quantile,0.99,68.0
2026-09-12,wk inc covid hosp,1,2026-09-19,50,quantile,0.01,1.0
2026-09-12,wk inc covid hosp,1,2026-09-19,50,quantile,0.025,1.0
2026-09-12,wk inc covid hosp,1,2026-09-19,50,quantile,0.05,2.0
2026-09-12,wk inc covid hosp,1,2026-09-19,50,quantile,0.1,2.0
2026-09-12,wk inc covid hosp,1,2026-09-19,50,quantile,0.15,3.0
2026-09-12,wk inc covid hosp,1,2026-09-19,50,quantile,0.2,3.0
2026-09-12,wk inc covid hosp,1,2026-09-19,50,quantile,0.25,4.0
2026-09-12,wk inc covid hosp,1,2026-09-19,50,quantile,0.3,5.0
2026-09-12,wk inc covid hosp,1,2026-09-19,50,quantile,0.35,5.0
2026-09-12,wk inc covid hosp,1,2026-09-19,50,quantile,0.4,6.0
2026-09-12,wk inc covid hosp,1,2026-09-19,50,quantile,0.45,6.0
2026-09-12,wk inc covid hosp,1,2026-09-19,50,quantile,0.5,7.0
2026-09-12,wk inc covid hosp,1,2026-09-19,50,quantile,0.55,7.0
2026-09-12,wk inc covid hosp,1,2026-09-19,50,quantile,0.6,8.0
2026-09-12,wk inc covid hosp,1,2026-09-19,50,quantile,0.65,9.0
2026-09-12,wk inc covid hosp,1,2026-09-19,50,quantile,0.7,10.0
2026-09-12,wk inc covid hosp,1,2026-09-19,50,quantile,0.75,13.0
2026-09-12,wk inc covid hosp,1,2026-09-19,50,quantile,0.8,15.0
2026-09-12,wk inc covid hosp,1,2026-09-19,50,quantile,0.85,17.0
2026-09-12,wk inc covid hosp,1,2026-09-19,50,quantile,0.9,20.0
2026-09-12,wk inc covid hosp,1,2026-09-19,50,quantile,0.95,25.0
2026-09-12,wk inc covid hosp,1,2026-09-19,50,quantile,0.975,32.0
2026-09-12,wk inc covid hosp,1,2026-09-19,50,quantile,0.99,43.0
2026-09-12,wk inc covid hosp,1,2026-09-19,51,quantile,0.01,19.0
2026-09-12,wk inc covid hosp,1,2026-09-19,51,quantile,0.025,20.0
2026-09-12,wk inc covid hosp,1,2026-09-19,51,quantile,0.05,23.0
2026-09-12,wk inc covid hosp,1,2026-09-19,51,quantile,0.1,27.0
2026-09-12,wk inc covid hosp,1,2026-09-19,51,quantile,0.15,34.0
2026-09-12,wk inc covid hosp,1,2026-09-19,51,quantile,0.2,37.0
2026-09-12,wk inc covid hosp,1,2026-09-19,51,quantile,0.25,40.0
2026-09-12,wk inc covid hosp,1,2026-09-19,51,quantile,0.3,43.0
2026-09-12,wk inc covid hosp,1,2026-09-19,51,quantile,0.35,45.0
2026-09-12,wk inc covid hosp,1,2026-09-19,51,quantile,0.4,48.0
2026-09-12,wk inc covid hosp,1,2026-09-19,51,quantile,0.45,50.0
2026-09-12,wk inc covid hosp,1,2026-09-19,51,quantile,0.5,52.0
2026-09-12,wk inc covid hosp,1,2026-09-19,51,quantile,0.55,54.0
2026-09-12,wk inc covid hosp,1,2026-09-19,51,quantile,0.6,56.0
2026-09-12,wk inc covid hosp,1,2026-09-19,51,quantile,0.65,59.0
2026-09-12,wk inc covid hosp,1,2026-09-19,51,quantile,0.7,63.0
2026-09-12,wk inc covid hosp,1,2026-09-19,51,quantile,0.75,71.0
2026-09-12,wk inc covid hosp,1,2026-09-19,51,quantile,0.8,75.0
2026-09-12,wk inc covid hosp,1,2026-09-19,51,quantile,0.85,79.0
2026-09-12,wk inc covid hosp,1,2026-09-19,51,quantile,0.9,88.0
2026-09-12,wk inc covid hosp,1,2026-09-19,51,quantile,0.95,102.0
2026-09-12,wk inc covid hosp,1,2026-09-19,51,quantile,0.975,123.0
2026-09-12,wk inc covid hosp,1,2026-09-19,51,quantile,0.99,142.0
2026-09-12,wk inc covid hosp,1,2026-09-19,53,quantile,0.01,16.0
2026-09-12,wk inc covid hosp,1,2026-09-19,53,quantile,0.025,18.0
2026-09-12,wk inc covid hosp,1,2026-09-19,53,quantile,0.05,21.0
2026-09-12,wk inc covid hosp,1,2026-09-19,53,quantile,0.1,24.0
2026-09-12,wk inc covid hosp,1,2026-09-19,53,quantile,0.15,33.0
2026-09-12,wk inc covid hosp,1,2026-09-19,53,quantile,0.2,37.0
2026-09-12,wk inc covid hosp,1,2026-09-19,53,quantile,0.25,40.0
2026-09-12,wk inc covid hosp,1,2026-09-19,53,quantile,0.3,42.0
2026-09-12,wk inc covid hosp,1,2026-09-19,53,quantile,0.35,44.0
2026-09-12,wk inc covid hosp,1,2026-09-19,53,quantile,0.4,45.0
2026-09-12,wk inc covid hosp,1,2026-09-19,53,quantile,0.45,47.0
2026-09-12,wk inc covid hosp,1,2026-09-19,53,quantile,0.5,49.0
2026-09-12,wk inc covid hosp,1,2026-09-19,53,quantile,0.55,52.0
2026-09-12,wk inc covid hosp,1,2026-09-19,53,quantile,0.6,57.0
2026-09-12,wk inc covid hosp,1,2026-09-19,53,quantile,0.65,60.0
2026-09-12,wk inc covid hosp,1,2026-09-19,53,quantile,0.7,63.0
2026-09-12,wk inc covid hosp,1,2026-09-19,53,quantile,0.75,68.0
2026-09-12,wk inc covid hosp,1,2026-09-19,53,quantile,0.8,73.0
2026-09-12,wk inc covid hosp,1,2026-09-19,53,quantile,0.85,78.0
2026-09-12,wk inc covid hosp,1,2026-09-19,53,quantile,0.9,87.0
2026-09-12,wk inc covid hosp,1,2026-09-19,53,quantile,0.95,99.0
2026-09-12,wk inc covid hosp,1,2026-09-19,53,quantile,0.975,124.0
2026-09-12,wk inc covid hosp,1,2026-09-19,53,quantile,0.99,148.0
2026-09-12,wk inc covid hosp,1,2026-09-19,54,quantile,0.01,2.0
2026-09-12,wk inc covid hosp,1,2026-09-19,54,quantile,0.025,3.0
2026-09-12,wk inc covid hosp,1,2026-09-19,54,quantile,0.05,3.0
2026-09-12,wk inc covid hosp,1,2026-09-19,54,quantile,0.1,4.0
2026-09-12,wk inc covid hosp,1,2026-09-19,54,quantile,0.15,5.0
2026-09-12,wk inc covid hosp,1,2026-09-19,54,quantile,0.2,6.0
2026-09-12,wk inc covid hosp,1,2026-09-19,54,quantile,0.25,8.0
2026-09-12,wk inc covid hosp,1,2026-09-19,54,quantile,0.3,9.0
2026-09-12,wk inc covid hosp,1,2026-09-19,54,quantile,0.35,11.0
2026-09-12,wk inc covid hosp,1,2026-09-19,54,quantile,0.4,14.0
2026-09-12,wk inc covid hosp,1,2026-09-19,54,quantile,0.45,15.0
2026-09-12,wk inc covid hosp,1,2026-09-19,54,quantile,0.5,16.0
2026-09-12,wk inc covid hosp,1,2026-09-19,54,quantile,0.55,17.0
2026-09-12,wk inc covid hosp,1,2026-09-19,54,quantile,0.6,18.0
2026-09-12,wk inc covid hosp,1,2026-09-19,54,quantile,0.65,19.0
2026-09-12,wk inc covid hosp,1,2026-09-19,54,quantile,0.7,20.0
2026-09-12,wk inc covid hosp,1,2026-09-19,54,quantile,0.75,25.0
2026-09-12,wk inc covid hosp,1,2026-09-19,54,quantile,0.8,27.0
2026-09-12,wk inc covid hosp,1,2026-09-19,54,quantile,0.85,30.0
2026-09-12,wk inc covid hosp,1,2026-09-19,54,quantile,0.9,34.0
2026-09-12,wk inc covid hosp,1,2026-09-19,54,quantile,0.95,43.0
2026-09-12,wk inc covid hosp,1,2026-09-19,54,quantile,0.975,59.0
2026-09-12,wk inc covid hosp,1,2026-09-19,54,quantile,0.99,69.0
2026-09-12,wk inc covid hosp,1,2026-09-19,55,quantile,0.01,12.0
2026-09-12,wk inc covid hosp,1,2026-09-19,55,quantile,0.025,14.0
2026-09-12,wk inc covid hosp,1,2026-09-19,55,quantile,0.05,15.0
2026-09-12,wk inc covid hosp,1,2026-09-19,55,quantile,0.1,17.0
2026-09-12,wk inc covid hosp,1,2026-09-19,55,quantile,0.15,22.0
2026-09-12,wk inc covid hosp,1,2026-09-19,55,quantile,0.2,25.0
2026-09-12,wk inc covid hosp,1,2026-09-19,55,quantile,0.25,27.0
2026-09-12,wk inc covid hosp,1,2026-09-19,55,quantile,0.3,29.0
2026-09-12,wk inc covid hosp,1,2026-09-19,55,quantile,0.35,30.0
2026-09-12,wk inc covid hosp,1,2026-09-19,55,quantile,0.4,31.0
2026-09-12,wk inc covid hosp,1,2026-09-19,55,quantile,0.45,32.0
2026-09-12,wk inc covid hosp,1,2026-09-19,55,quantile,0.5,33.0
2026-09-12,wk inc covid hosp,1,2026-09-19,55,quantile,0.55,34.0
2026-09-12,wk inc covid hosp,1,2026-09-19,55,quantile,0.6,35.0
2026-09-12,wk inc covid hosp,1,2026-09-19,55,quantile,0.65,37.0
2026-09-12,wk inc covid hosp,1,2026-09-19,55,quantile,0.7,39.0
2026-09-12,wk inc covid hosp,1,2026-09-19,55,quantile,0.75,43.0
2026-09-12,wk inc covid hosp,1,2026-09-19,55,quantile,0.8,46.0
2026-09-12,wk inc covid hosp,1,2026-09-19,55,quantile,0.85,51.0
2026-09-12,wk inc covid hosp,1,2026-09-19,55,quantile,0.9,55.0
2026-09-12,wk inc covid hosp,1,2026-09-19,55,quantile,0.95,66.0
2026-09-12,wk inc covid hosp,1,2026-09-19,55,quantile,0.975,76.0
2026-09-12,wk inc covid hosp,1,2026-09-19,55,quantile,0.99,85.0
2026-09-12,wk inc covid hosp,1,2026-09-19,56,quantile,0.01,0.0
2026-09-12,wk inc covid hosp,1,2026-09-19,56,quantile,0.025,1.0
2026-09-12,wk inc covid hosp,1,2026-09-19,56,quantile,0.05,1.0
2026-09-12,wk inc covid hosp,1,2026-09-19,56,quantile,0.1,1.0
2026-09-12,wk inc covid hosp,1,2026-09-19,56,quantile,0.15,2.0
2026-09-12,wk inc covid hosp,1,2026-09-19,56,quantile,0.2,3.0
2026-09-12,wk inc covid hosp,1,2026-09-19,56,quantile,0.25,4.0
2026-09-12,wk inc covid hosp,1,2026-09-19,56,quantile,0.3,5.0
2026-09-12,wk inc covid hosp,1,2026-09-19,56,quantile,0.35,5.0
2026-09-12,wk inc covid hosp,1,2026-09-19,56,quantile,0.4,6.0
2026-09-12,wk inc covid hosp,1,2026-09-19,56,quantile,0.45,6.0
2026-09-12,wk inc covid hosp,1,2026-09-19,56,quantile,0.5,6.0
2026-09-12,wk inc covid hosp,1,2026-09-19,56,quantile,0.55,7.0
2026-09-12,wk inc covid hosp,1,2026-09-19,56,quantile,0.6,8.0
2026-09-12,wk inc covid hosp,1,2026-09-19,56,quantile,0.65,9.0
2026-09-12,wk inc covid hosp,1,2026-09-19,56,quantile,0.7,10.0
2026-09-12,wk inc covid hosp,1,2026-09-19,56,quantile,0.75,11.0
2026-09-12,wk inc covid hosp,1,2026-09-19,56,quantile,0.8,13.0
2026-09-12,wk inc covid hosp,1,2026-09-19,56,quantile,0.85,15.0
2026-09-12,wk inc covid hosp,1,2026-09-19,56,quantile,0.9,19.0
2026-09-12,wk inc covid hosp,1,2026-09-19,56,quantile,0.95,26.0
2026-09-12,wk inc covid hosp,1,2026-09-19,56,quantile,0.975,51.0
2026-09-12,wk inc covid hosp,1,2026-09-19,56,quantile,0.99,66.0
2026-09-12,wk inc covid hosp,1,2026-09-19,72,quantile,0.01,3.0
2026-09-12,wk inc covid hosp,1,2026-09-19,72,quantile,0.025,5.0
2026-09-12,wk inc covid hosp,1,2026-09-19,72,quantile,0.05,7.0
2026-09-12,wk inc covid hosp,1,2026-09-19,72,quantile,0.1,9.0
2026-09-12,wk inc covid hosp,1,2026-09-19,72,quantile,0.15,12.0
2026-09-12,wk inc covid hosp,1,2026-09-19,72,quantile,0.2,14.0
2026-09-12,wk inc covid hosp,1,2026-09-19,72,quantile,0.25,20.0
2026-09-12,wk inc covid hosp,1,2026-09-19,72,quantile,0.3,23.0
2026-09-12,wk inc covid hosp,1,2026-09-19,72,quantile,0.35,27.0
2026-09-12,wk inc covid hosp,1,2026-09-19,72,quantile,0.4,30.0
2026-09-12,wk inc covid hosp,1,2026-09-19,72,quantile,0.45,34.0
2026-09-12,wk inc covid hosp,1,2026-09-19,72,quantile,0.5,36.0
2026-09-12,wk inc covid hosp,1,2026-09-19,72,quantile,0.55,38.0
2026-09-12,wk inc covid hosp,1,2026-09-19,72,quantile,0.6,42.0
2026-09-12,wk inc covid hosp,1,2026-09-19,72,quantile,0.65,46.0
2026-09-12,wk inc covid hosp,1,2026-09-19,72,quantile,0.7,51.0
2026-09-12,wk inc covid hosp,1,2026-09-19,72,quantile,0.75,57.0
2026-09-12,wk inc covid hosp,1,2026-09-19,72,quantile,0.8,63.0
2026-09-12,wk inc covid hosp,1,2026-09-19,72,quantile,0.85,71.0
2026-09-12,wk inc covid hosp,1,2026-09-19,72,quantile,0.9,83.0
2026-09-12,wk inc covid hosp,1,2026-09-19,72,quantile,0.95,104.0
2026-09-12,wk inc covid hosp,1,2026-09-19,72,quantile,0.975,136.0
2026-09-12,wk inc covid hosp,1,2026-09-19,72,quantile,0.99,182.0
2026-09-12,wk inc covid hosp,2,2026-09-26,01,quantile,0.01,22.0
2026-09-12,wk inc covid hosp,2,2026-09-26,01,quantile,0.025,26.0
2026-09-12,wk inc covid hosp,2,2026-09-26,01,quantile,0.05,33.0
2026-09-12,wk inc covid hosp,2,2026-09-26,01,quantile,0.1,40.0
2026-09-12,wk inc covid hosp,2,2026-09-26,01,quantile,0.15,47.0
2026-09-12,wk inc covid hosp,2,2026-09-26,01,quantile,0.2,54.0
2026-09-12,wk inc covid hosp,2,2026-09-26,01,quantile,0.25,64.0
2026-09-12,wk inc covid hosp,2,2026-09-26,01,quantile,0.3,74.0
2026-09-12,wk inc covid hosp,2,2026-09-26,01,quantile,0.35,78.0
2026-09-12,wk inc covid hosp,2,2026-09-26,01,quantile,0.4,82.0
2026-09-12,wk inc covid hosp,2,2026-09-26,01,quantile,0.45,86.0
2026-09-12,wk inc covid hosp,2,2026-09-26,01,quantile,0.5,90.0
2026-09-12,wk inc covid hosp,2,2026-09-26,01,quantile,0.55,95.0
2026-09-12,wk inc covid hosp,2,2026-09-26,01,quantile,0.6,101.0
2026-09-12,wk inc covid hosp,2,2026-09-26,01,quantile,0.65,111.0
2026-09-12,wk inc covid hosp,2,2026-09-26,01,quantile,0.7,120.0
2026-09-12,wk inc covid hosp,2,2026-09-26,01,quantile,0.75,127.0
2026-09-12,wk inc covid hosp,2,2026-09-26,01,quantile,0.8,135.0
2026-09-12,wk inc covid hosp,2,2026-09-26,01,quantile,0.85,146.0
2026-09-12,wk inc covid hosp,2,2026-09-26,01,quantile,0.9,163.0
2026-09-12,wk inc covid hosp,2,2026-09-26,01,quantile,0.95,199.0
2026-09-12,wk inc covid hosp,2,2026-09-26,01,quantile,0.975,224.0
2026-09-12,wk inc covid hosp,2,2026-09-26,01,quantile,0.99,263.0
2026-09-12,wk inc covid hosp,2,2026-09-26,02,quantile,0.01,1.0
2026-09-12,wk inc covid hosp,2,2026-09-26,02,quantile,0.025,1.0
2026-09-12,wk inc covid hosp,2,2026-09-26,02,quantile,0.05,2.0
2026-09-12,wk inc covid hosp,2,2026-09-26,02,quantile,0.1,2.0
2026-09-12,wk inc covid hosp,2,2026-09-26,02,quantile,0.15,3.0
2026-09-12,wk inc covid hosp,2,2026-09-26,02,quantile,0.2,3.0
2026-09-12,wk inc covid hosp,2,2026-09-26,02,quantile,0.25,4.0
2026-09-12,wk inc covid hosp,2,2026-09-26,02,quantile,0.3,4.0
2026-09-12,wk inc covid hosp,2,2026-09-26,02,quantile,0.35,5.0
2026-09-12,wk inc covid hosp,2,2026-09-26,02,quantile,0.4,6.0
2026-09-12,wk inc covid hosp,2,2026-09-26,02,quantile,0.45,6.0
2026-09-12,wk inc covid hosp,2,2026-09-26,02,quantile,0.5,7.0
2026-09-12,wk inc covid hosp,2,2026-09-26,02,quantile,0.55,8.0
2026-09-12,wk inc covid hosp,2,2026-09-26,02,quantile,0.6,8.0
2026-09-12,wk inc covid hosp,2,2026-09-26,02,quantile,0.65,9.0
2026-09-12,wk inc covid hosp,2,2026-09-26,02,quantile,0.7,11.0
2026-09-12,wk inc covid hosp,2,2026-09-26,02,quantile,0.75,12.0
2026-09-12,wk inc covid hosp,2,2026-09-26,02,quantile,0.8,14.0
2026-09-12,wk inc covid hosp,2,2026-09-26,02,quantile,0.85,16.0
2026-09-12,wk inc covid hosp,2,2026-09-26,02,quantile,0.9,20.0
2026-09-12,wk inc covid hosp,2,2026-09-26,02,quantile,0.95,29.0
2026-09-12,wk inc covid hosp,2,2026-09-26,02,quantile,0.975,45.0
2026-09-12,wk inc covid hosp,2,2026-09-26,02,quantile,0.99,56.0
2026-09-12,wk inc covid hosp,2,2026-09-26,04,quantile,0.01,41.0
2026-09-12,wk inc covid hosp,2,2026-09-26,04,quantile,0.025,44.0
2026-09-12,wk inc covid hosp,2,2026-09-26,04,quantile,0.05,49.0
2026-09-12,wk inc covid hosp,2,2026-09-26,04,quantile,0.1,57.0
2026-09-12,wk inc covid hosp,2,2026-09-26,04,quantile,0.15,64.0
2026-09-12,wk inc covid hosp,2,2026-09-26,04,quantile,0.2,69.0
2026-09-12,wk inc covid hosp,2,2026-09-26,04,quantile,0.25,74.0
2026-09-12,wk inc covid hosp,2,2026-09-26,04,quantile,0.3,78.0
2026-09-12,wk inc covid hosp,2,2026-09-26,04,quantile,0.35,81.0
2026-09-12,wk inc covid hosp,2,2026-09-26,04,quantile,0.4,85.0
2026-09-12,wk inc covid hosp,2,2026-09-26,04,quantile,0.45,89.0
2026-09-12,wk inc covid hosp,2,2026-09-26,04,quantile,0.5,92.0
2026-09-12,wk inc covid hosp,2,2026-09-26,04,quantile,0.55,97.0
2026-09-12,wk inc covid hosp,2,2026-09-26,04,quantile,0.6,101.0
2026-09-12,wk inc covid hosp,2,2026-09-26,04,quantile,0.65,107.0
2026-09-12,wk inc covid hosp,2,2026-09-26,04,quantile,0.7,122.0
2026-09-12,wk inc covid hosp,2,2026-09-26,04,quantile,0.75,129.0
2026-09-12,wk inc covid hosp,2,2026-09-26,04,quantile,0.8,135.0
2026-09-12,wk inc covid hosp,2,2026-09-26,04,quantile,0.85,146.0
2026-09-12,wk inc covid hosp,2,2026-09-26,04,quantile,0.9,162.0
2026-09-12,wk inc covid hosp,2,2026-09-26,04,quantile,0.95,204.0
2026-09-12,wk inc covid hosp,2,2026-09-26,04,quantile,0.975,242.0
2026-09-12,wk inc covid hosp,2,2026-09-26,04,quantile,0.99,282.0
2026-09-12,wk inc covid hosp,2,2026-09-26,05,quantile,0.01,5.0
2026-09-12,wk inc covid hosp,2,2026-09-26,05,quantile,0.025,6.0
2026-09-12,wk inc covid hosp,2,2026-09-26,05,quantile,0.05,8.0
2026-09-12,wk inc covid hosp,2,2026-09-26,05,quantile,0.1,10.0
2026-09-12,wk inc covid hosp,2,2026-09-26,05,quantile,0.15,13.0
2026-09-12,wk inc covid hosp,2,2026-09-26,05,quantile,0.2,14.0
2026-09-12,wk inc covid hosp,2,2026-09-26,05,quantile,0.25,15.0
2026-09-12,wk inc covid hosp,2,2026-09-26,05,quantile,0.3,16.0
2026-09-12,wk inc covid hosp,2,2026-09-26,05,quantile,0.35,17.0
2026-09-12,wk inc covid hosp,2,2026-09-26,05,quantile,0.4,18.0
2026-09-12,wk inc covid hosp,2,2026-09-26,05,quantile,0.45,19.0
2026-09-12,wk inc covid hosp,2,2026-09-26,05,quantile,0.5,20.0
2026-09-12,wk inc covid hosp,2,2026-09-26,05,quantile,0.55,22.0
2026-09-12,wk inc covid hosp,2,2026-09-26,05,quantile,0.6,23.0
2026-09-12,wk inc covid hosp,2,2026-09-26,05,quantile,0.65,26.0
2026-09-12,wk inc covid hosp,2,2026-09-26,05,quantile,0.7,29.0
2026-09-12,wk inc covid hosp,2,2026-09-26,05,quantile,0.75,32.0
2026-09-12,wk inc covid hosp,2,2026-09-26,05,quantile,0.8,35.0
2026-09-12,wk inc covid hosp,2,2026-09-26,05,quantile,0.85,39.0
2026-09-12,wk inc covid hosp,2,2026-09-26,05,quantile,0.9,44.0
2026-09-12,wk inc covid hosp,2,2026-09-26,05,quantile,0.95,53.0
2026-09-12,wk inc covid hosp,2,2026-09-26,05,quantile,0.975,62.0
2026-09-12,wk inc covid hosp,2,2026-09-26,05,quantile,0.99,75.0
2026-09-12,wk inc covid hosp,2,2026-09-26,06,quantile,0.01,327.0
2026-09-12,wk inc covid hosp,2,2026-09-26,06,quantile,0.025,345.0
2026-09-12,wk inc covid hosp,2,2026-09-26,06,quantile,0.05,372.0
2026-09-12,wk inc covid hosp,2,2026-09-26,06,quantile,0.1,421.0
2026-09-12,wk inc covid hosp,2,2026-09-26,06,quantile,0.15,459.0
2026-09-12,wk inc covid hosp,2,2026-09-26,06,quantile,0.2,495.0
2026-09-12,wk inc covid hosp,2,2026-09-26,06,quantile,0.25,536.0
2026-09-12,wk inc covid hosp,2,2026-09-26,06,quantile,0.3,565.0
2026-09-12,wk inc covid hosp,2,2026-09-26,06,quantile,0.35,577.0
2026-09-12,wk inc covid hosp,2,2026-09-26,06,quantile,0.4,608.0
2026-09-12,wk inc covid hosp,2,2026-09-26,06,quantile,0.45,633.0
2026-09-12,wk inc covid hosp,2,2026-09-26,06,quantile,0.5,652.0
2026-09-12,wk inc covid hosp,2,2026-09-26,06,quantile,0.55,685.0
2026-09-12,wk inc covid hosp,2,2026-09-26,06,quantile,0.6,711.0
2026-09-12,wk inc covid hosp,2,2026-09-26,06,quantile,0.65,756.0
2026-09-12,wk inc covid hosp,2,2026-09-26,06,quantile,0.7,808.0
2026-09-12,wk inc covid hosp,2,2026-09-26,06,quantile,0.75,850.0
2026-09-12,wk inc covid hosp,2,2026-09-26,06,quantile,0.8,892.0
2026-09-12,wk inc covid hosp,2,2026-09-26,06,quantile,0.85,945.0
2026-09-12,wk inc covid hosp,2,2026-09-26,06,quantile,0.9,1026.0
2026-09-12,wk inc covid hosp,2,2026-09-26,06,quantile,0.95,1140.0
2026-09-12,wk inc covid hosp,2,2026-09-26,06,quantile,0.975,1296.0
2026-09-12,wk inc covid hosp,2,2026-09-26,06,quantile,0.99,1533.0
2026-09-12,wk inc covid hosp,2,2026-09-26,08,quantile,0.01,14.0
2026-09-12,wk inc covid hosp,2,2026-09-26,08,quantile,0.025,16.0
2026-09-12,wk inc covid hosp,2,2026-09-26,08,quantile,0.05,18.0
2026-09-12,wk inc covid hosp,2,2026-09-26,08,quantile,0.1,22.0
2026-09-12,wk inc covid hosp,2,2026-09-26,08,quantile,0.15,25.0
2026-09-12,wk inc covid hosp,2,2026-09-26,08,quantile,0.2,27.0
2026-09-12,wk inc covid hosp,2,2026-09-26,08,quantile,0.25,29.0
2026-09-12,wk inc covid hosp,2,2026-09-26,08,quantile,0.3,31.0
2026-09-12,wk inc covid hosp,2,2026-09-26,08,quantile,0.35,32.0
2026-09-12,wk inc covid hosp,2,2026-09-26,08,quantile,0.4,34.0
2026-09-12,wk inc covid hosp,2,2026-09-26,08,quantile,0.45,36.0
2026-09-12,wk inc covid hosp,2,2026-09-26,08,quantile,0.5,38.0
2026-09-12,wk inc covid hosp,2,2026-09-26,08,quantile,0.55,40.0
2026-09-12,wk inc covid hosp,2,2026-09-26,08,quantile,0.6,43.0
2026-09-12,wk inc covid hosp,2,2026-09-26,08,quantile,0.65,45.0
2026-09-12,wk inc covid hosp,2,2026-09-26,08,quantile,0.7,51.0
2026-09-12,wk inc covid hosp,2,2026-09-26,08,quantile,0.75,58.0
2026-09-12,wk inc covid hosp,2,2026-09-26,08,quantile,0.8,62.0
2026-09-12,wk inc covid hosp,2,2026-09-26,08,quantile,0.85,66.0
2026-09-12,wk inc covid hosp,2,2026-09-26,08,quantile,0.9,72.0
2026-09-12,wk inc covid hosp,2,2026-09-26,08,quantile,0.95,86.0
2026-09-12,wk inc covid hosp,2,2026-09-26,08,quantile,0.975,107.0
2026-09-12,wk inc covid hosp,2,2026-09-26,08,quantile,0.99,124.0
2026-09-12,wk inc covid hosp,2,2026-09-26,09,quantile,0.01,3.0
2026-09-12,wk inc covid hosp,2,2026-09-26,09,quantile,0.025,4.0
2026-09-12,wk inc covid hosp,2,2026-09-26,09,quantile,0.05,5.0
2026-09-12,wk inc covid hosp,2,2026-09-26,09,quantile,0.1,10.0
2026-09-12,wk inc covid hosp,2,2026-09-26,09,quantile,0.15,11.0
2026-09-12,wk inc covid hosp,2,2026-09-26,09,quantile,0.2,12.0
2026-09-12,wk inc covid hosp,2,2026-09-26,09,quantile,0.25,13.0
2026-09-12,wk inc covid hosp,2,2026-09-26,09,quantile,0.3,14.0
2026-09-12,wk inc covid hosp,2,2026-09-26,09,quantile,0.35,15.0
2026-09-12,wk inc covid hosp,2,2026-09-26,09,quantile,0.4,16.0
2026-09-12,wk inc covid hosp,2,2026-09-26,09,quantile,0.45,17.0
2026-09-12,wk inc covid hosp,2,2026-09-26,09,quantile,0.5,18.0
2026-09-12,wk inc covid hosp,2,2026-09-26,09,quantile,0.55,21.0
2026-09-12,wk inc covid hosp,2,2026-09-26,09,quantile,0.6,23.0
2026-09-12,wk inc covid hosp,2,2026-09-26,09,quantile,0.65,26.0
2026-09-12,wk inc covid hosp,2,2026-09-26,09,quantile,0.7,28.0
2026-09-12,wk inc covid hosp,2,2026-09-26,09,quantile,0.75,30.0
2026-09-12,wk inc covid hosp,2,2026-09-26,09,quantile,0.8,32.0
2026-09-12,wk inc covid hosp,2,2026-09-26,09,quantile,0.85,35.0
2026-09-12,wk inc covid hosp,2,2026-09-26,09,quantile,0.9,39.0
2026-09-12,wk inc covid hosp,2,2026-09-26,09,quantile,0.95,50.0
2026-09-12,wk inc covid hosp,2,2026-09-26,09,quantile,0.975,59.0
2026-09-12,wk inc covid hosp,2,2026-09-26,09,quantile,0.99,72.0
2026-09-12,wk inc covid hosp,2,2026-09-26,10,quantile,0.01,2.0
2026-09-12,wk inc covid hosp,2,2026-09-26,10,quantile,0.025,2.0
2026-09-12,wk inc covid hosp,2,2026-09-26,10,quantile,0.05,3.0
2026-09-12,wk inc covid hosp,2,2026-09-26,10,quantile,0.1,5.0
2026-09-12,wk inc covid hosp,2,2026-09-26,10,quantile,0.15,6.0
2026-09-12,wk inc covid hosp,2,2026-09-26,10,quantile,0.2,7.0
2026-09-12,wk inc covid hosp,2,2026-09-26,10,quantile,0.25,8.0
2026-09-12,wk inc covid hosp,2,2026-09-26,10,quantile,0.3,9.0
2026-09-12,wk inc covid hosp,2,2026-09-26,10,quantile,0.35,9.0
2026-09-12,wk inc covid hosp,2,2026-09-26,10,quantile,0.4,10.0
2026-09-12,wk inc covid hosp,2,2026-09-26,10,quantile,0.45,10.0
2026-09-12,wk inc covid hosp,2,2026-09-26,10,quantile,0.5,12.0
2026-09-12,wk inc covid hosp,2,2026-09-26,10,quantile,0.55,13.0
2026-09-12,wk inc covid hosp,2,2026-09-26,10,quantile,0.6,15.0
2026-09-12,wk inc covid hosp,2,2026-09-26,10,quantile,0.65,17.0
2026-09-12,wk inc covid hosp,2,2026-09-26,10,quantile,0.7,18.0
2026-09-12,wk inc covid hosp,2,2026-09-26,10,quantile,0.75,19.0
2026-09-12,wk inc covid hosp,2,2026-09-26,10,quantile,0.8,20.0
2026-09-12,wk inc covid hosp,2,2026-09-26,10,quantile,0.85,23.0
2026-09-12,wk inc covid hosp,2,2026-09-26,10,quantile,0.9,30.0
2026-09-12,wk inc covid hosp,2,2026-09-26,10,quantile,0.95,38.0
2026-09-12,wk inc covid hosp,2,2026-09-26,10,quantile,0.975,50.0
2026-09-12,wk inc covid hosp,2,2026-09-26,10,quantile,0.99,62.0
2026-09-12,wk inc covid hosp,2,2026-09-26,11,quantile,0.01,0.0
2026-09-12,wk inc covid hosp,2,2026-09-26,11,quantile,0.025,0.0
2026-09-12,wk inc covid hosp,2,2026-09-26,11,quantile,0.05,1.0
2026-09-12,wk inc covid hosp,2,2026-09-26,11,quantile,0.1,2.0
2026-09-12,wk inc covid hosp,2,2026-09-26,11,quantile,0.15,3.0
2026-09-12,wk inc covid hosp,2,2026-09-26,11,quantile,0.2,4.0
2026-09-12,wk inc covid hosp,2,2026-09-26,11,quantile,0.25,5.0
2026-09-12,wk inc covid hosp,2,2026-09-26,11,quantile,0.3,5.0
2026-09-12,wk inc covid hosp,2,2026-09-26,11,quantile,0.35,6.0
2026-09-12,wk inc covid hosp,2,2026-09-26,11,quantile,0.4,7.0
2026-09-12,wk inc covid hosp,2,2026-09-26,11,quantile,0.45,8.0
2026-09-12,wk inc covid hosp,2,2026-09-26,11,quantile,0.5,9.0
2026-09-12,wk inc covid hosp,2,2026-09-26,11,quantile,0.55,11.0
2026-09-12,wk inc covid hosp,2,2026-09-26,11,quantile,0.6,11.0
2026-09-12,wk inc covid hosp,2,2026-09-26,11,quantile,0.65,13.0
2026-09-12,wk inc covid hosp,2,2026-09-26,11,quantile,0.7,16.0
2026-09-12,wk inc covid hosp,2,2026-09-26,11,quantile,0.75,19.0
2026-09-12,wk inc covid hosp,2,2026-09-26,11,quantile,0.8,22.0
2026-09-12,wk inc covid hosp,2,2026-09-26,11,quantile,0.85,25.0
2026-09-12,wk inc covid hosp,2,2026-09-26,11,quantile,0.9,29.0
2026-09-12,wk inc covid hosp,2,2026-09-26,11,quantile,0.95,36.0
2026-09-12,wk inc covid hosp,2,2026-09-26,11,quantile,0.975,46.0
2026-09-12,wk inc covid hosp,2,2026-09-26,11,quantile,0.99,64.0
2026-09-12,wk inc covid hosp,2,2026-09-26,12,quantile,0.01,178.0
2026-09-12,wk inc covid hosp,2,2026-09-26,12,quantile,0.025,198.0
2026-09-12,wk inc covid hosp,2,2026-09-26,12,quantile,0.05,234.0
2026-09-12,wk inc covid hosp,2,2026-09-26,12,quantile,0.1,299.0
2026-09-12,wk inc covid hosp,2,2026-09-26,12,quantile,0.15,354.0
2026-09-12,wk inc covid hosp,2,2026-09-26,12,quantile,0.2,389.0
2026-09-12,wk inc covid hosp,2,2026-09-26,12,quantile,0.25,417.0
2026-09-12,wk inc covid hosp,2,2026-09-26,12,quantile,0.3,441.0
2026-09-12,wk inc covid hosp,2,2026-09-26,12,quantile,0.35,468.0
2026-09-12,wk inc covid hosp,2,2026-09-26,12,quantile,0.4,490.0
2026-09-12,wk inc covid hosp,2,2026-09-26,12,quantile,0.45,510.0
2026-09-12,wk inc covid hosp,2,2026-09-26,12,quantile,0.5,539.0
2026-09-12,wk inc covid hosp,2,2026-09-26,12,quantile,0.55,574.0
2026-09-12,wk inc covid hosp,2,2026-09-26,12,quantile,0.6,614.0
2026-09-12,wk inc covid hosp,2,2026-09-26,12,quantile,0.65,667.0
2026-09-12,wk inc covid hosp,2,2026-09-26,12,quantile,0.7,696.0
2026-09-12,wk inc covid hosp,2,2026-09-26,12,quantile,0.75,727.0
2026-09-12,wk inc covid hosp,2,2026-09-26,12,quantile,0.8,767.0
2026-09-12,wk inc covid hosp,2,2026-09-26,12,quantile,0.85,843.0
2026-09-12,wk inc covid hosp,2,2026-09-26,12,quantile,0.9,925.0
2026-09-12,wk inc covid hosp,2,2026-09-26,12,quantile,0.95,1045.0
2026-09-12,wk inc covid hosp,2,2026-09-26,12,quantile,0.975,1210.0
2026-09-12,wk inc covid hosp,2,2026-09-26,12,quantile,0.99,1442.0
2026-09-12,wk inc covid hosp,2,2026-09-26,13,quantile,0.01,31.0
2026-09-12,wk inc covid hosp,2,2026-09-26,13,quantile,0.025,36.0
2026-09-12,wk inc covid hosp,2,2026-09-26,13,quantile,0.05,43.0
2026-09-12,wk inc covid hosp,2,2026-09-26,13,quantile,0.1,53.0
2026-09-12,wk inc covid hosp,2,2026-09-26,13,quantile,0.15,64.0
2026-09-12,wk inc covid hosp,2,2026-09-26,13,quantile,0.2,72.0
2026-09-12,wk inc covid hosp,2,2026-09-26,13,quantile,0.25,80.0
2026-09-12,wk inc covid hosp,2,2026-09-26,13,quantile,0.3,84.0
2026-09-12,wk inc covid hosp,2,2026-09-26,13,quantile,0.35,89.0
2026-09-12,wk inc covid hosp,2,2026-09-26,13,quantile,0.4,94.0
2026-09-12,wk inc covid hosp,2,2026-09-26,13,quantile,0.45,100.0
2026-09-12,wk inc covid hosp,2,2026-09-26,13,quantile,0.5,106.0
2026-09-12,wk inc covid hosp,2,2026-09-26,13,quantile,0.55,114.0
2026-09-12,wk inc covid hosp,2,2026-09-26,13,quantile,0.6,123.0
2026-09-12,wk inc covid hosp,2,2026-09-26,13,quantile,0.65,136.0
2026-09-12,wk inc covid hosp,2,2026-09-26,13,quantile,0.7,151.0
2026-09-12,wk inc covid hosp,2,2026-09-26,13,quantile,0.75,161.0
2026-09-12,wk inc covid hosp,2,2026-09-26,13,quantile,0.8,178.0
2026-09-12,wk inc covid hosp,2,2026-09-26,13,quantile,0.85,210.0
2026-09-12,wk inc covid hosp,2,2026-09-26,13,quantile,0.9,238.0
2026-09-12,wk inc covid hosp,2,2026-09-26,13,quantile,0.95,312.0
2026-09-12,wk inc covid hosp,2,2026-09-26,13,quantile,0.975,367.0
2026-09-12,wk inc covid hosp,2,2026-09-26,13,quantile,0.99,439.0
2026-09-12,wk inc covid hosp,2,2026-09-26,15,quantile,0.01,11.0
2026-09-12,wk inc covid hosp,2,2026-09-26,15,quantile,0.025,12.0
2026-09-12,wk inc covid hosp,2,2026-09-26,15,quantile,0.05,13.0
2026-09-12,wk inc covid hosp,2,2026-09-26,15,quantile,0.1,15.0
2026-09-12,wk inc covid hosp,2,2026-09-26,15,quantile,0.15,17.0
2026-09-12,wk inc covid hosp,2,2026-09-26,15,quantile,0.2,19.0
2026-09-12,wk inc covid hosp,2,2026-09-26,15,quantile,0.25,20.0
2026-09-12,wk inc covid hosp,2,2026-09-26,15,quantile,0.3,21.0
2026-09-12,wk inc covid hosp,2,2026-09-26,15,quantile,0.35,22.0
2026-09-12,wk inc covid hosp,2,2026-09-26,15,quantile,0.4,23.0
2026-09-12,wk inc covid hosp,2,2026-09-26,15,quantile,0.45,25.0
2026-09-12,wk inc covid hosp,2,2026-09-26,15,quantile,0.5,26.0
2026-09-12,wk inc covid hosp,2,2026-09-26,15,quantile,0.55,27.0
2026-09-12,wk inc covid hosp,2,2026-09-26,15,quantile,0.6,29.0
2026-09-12,wk inc covid hosp,2,2026-09-26,15,quantile,0.65,32.0
2026-09-12,wk inc covid hosp,2,2026-09-26,15,quantile,0.7,36.0
2026-09-12,wk inc covid hosp,2,2026-09-26,15,quantile,0.75,39.0
2026-09-12,wk inc covid hosp,2,2026-09-26,15,quantile,0.8,40.0
2026-09-12,wk inc covid hosp,2,2026-09-26,15,quantile,0.85,43.0
2026-09-12,wk inc covid hosp,2,2026-09-26,15,quantile,0.9,46.0
2026-09-12,wk inc covid hosp,2,2026-09-26,15,quantile,0.95,52.0
2026-09-12,wk inc covid hosp,2,2026-09-26,15,quantile,0.975,83.0
2026-09-12,wk inc covid hosp,2,2026-09-26,15,quantile,0.99,104.0
2026-09-12,wk inc covid hosp,2,2026-09-26,16,quantile,0.01,6.0
2026-09-12,wk inc covid hosp,2,2026-09-26,16,quantile,0.025,7.0
2026-09-12,wk inc covid hosp,2,2026-09-26,16,quantile,0.05,8.0
2026-09-12,wk inc covid hosp,2,2026-09-26,16,quantile,0.1,10.0
2026-09-12,wk inc covid hosp,2,2026-09-26,16,quantile,0.15,12.0
2026-09-12,wk inc covid hosp,2,2026-09-26,16,quantile,0.2,14.0
2026-09-12,wk inc covid hosp,2,2026-09-26,16,quantile,0.25,16.0
2026-09-12,wk inc covid hosp,2,2026-09-26,16,quantile,0.3,18.0
2026-09-12,wk inc covid hosp,2,2026-09-26,16,quantile,0.35,19.0
2026-09-12,wk inc covid hosp,2,2026-09-26,16,quantile,0.4,20.0
2026-09-12,wk inc covid hosp,2,2026-09-26,16,quantile,0.45,22.0
2026-09-12,wk inc covid hosp,2,2026-09-26,16,quantile,0.5,23.0
2026-09-12,wk inc covid hosp,2,2026-09-26,16,quantile,0.55,25.0
2026-09-12,wk inc covid hosp,2,2026-09-26,16,quantile,0.6,27.0
2026-09-12,wk inc covid hosp,2,2026-09-26,16,quantile,0.65,29.0
2026-09-12,wk inc covid hosp,2,2026-09-26,16,quantile,0.7,36.0
2026-09-12,wk inc covid hosp,2,2026-09-26,16,quantile,0.75,40.0
2026-09-12,wk inc covid hosp,2,2026-09-26,16,quantile,0.8,43.0
2026-09-12,wk inc covid hosp,2,2026-09-26,16,quantile,0.85,47.0
2026-09-12,wk inc covid hosp,2,2026-09-26,16,quantile,0.9,53.0
2026-09-12,wk inc covid hosp,2,2026-09-26,16,quantile,0.95,73.0
2026-09-12,wk inc covid hosp,2,2026-09-26,16,quantile,0.975,97.0
2026-09-12,wk inc covid hosp,2,2026-09-26,16,quantile,0.99,112.0
2026-09-12,wk inc covid hosp,2,2026-09-26,17,quantile,0.01,27.0
2026-09-12,wk inc covid hosp,2,2026-09-26,17,quantile,0.025,29.0
2026-09-12,wk inc covid hosp,2,2026-09-26,17,quantile,0.05,34.0
2026-09-12,wk inc covid hosp,2,2026-09-26,17,quantile,0.1,43.0
2026-09-12,wk inc covid hosp,2,2026-09-26,17,quantile,0.15,52.0
2026-09-12,wk inc covid hosp,2,2026-09-26,17,quantile,0.2,57.0
2026-09-12,wk inc covid hosp,2,2026-09-26,17,quantile,0.25,61.0
2026-09-12,wk inc covid hosp,2,2026-09-26,17,quantile,0.3,65.0
2026-09-12,wk inc covid hosp,2,2026-09-26,17,quantile,0.35,69.0
2026-09-12,wk inc covid hosp,2,2026-09-26,17,quantile,0.4,71.0
2026-09-12,wk inc covid hosp,2,2026-09-26,17,quantile,0.45,74.0
2026-09-12,wk inc covid hosp,2,2026-09-26,17,quantile,0.5,77.0
2026-09-12,wk inc covid hosp,2,2026-09-26,17,quantile,0.55,81.0
2026-09-12,wk inc covid hosp,2,2026-09-26,17,quantile,0.6,83.0
2026-09-12,wk inc covid hosp,2,2026-09-26,17,quantile,0.65,89.0
2026-09-12,wk inc covid hosp,2,2026-09-26,17,quantile,0.7,101.0
2026-09-12,wk inc covid hosp,2,2026-09-26,17,quantile,0.75,108.0
2026-09-12,wk inc covid hosp,2,2026-09-26,17,quantile,0.8,115.0
2026-09-12,wk inc covid hosp,2,2026-09-26,17,quantile,0.85,123.0
2026-09-12,wk inc covid hosp,2,2026-09-26,17,quantile,0.9,137.0
2026-09-12,wk inc covid hosp,2,2026-09-26,17,quantile,0.95,154.0
2026-09-12,wk inc covid hosp,2,2026-09-26,17,quantile,0.975,174.0
2026-09-12,wk inc covid hosp,2,2026-09-26,17,quantile,0.99,202.0
2026-09-12,wk inc covid hosp,2,2026-09-26,18,quantile,0.01,18.0
2026-09-12,wk inc covid hosp,2,2026-09-26,18,quantile,0.025,20.0
2026-09-12,wk inc covid hosp,2,2026-09-26,18,quantile,0.05,24.0
2026-09-12,wk inc covid hosp,2,2026-09-26,18,quantile,0.1,30.0
2026-09-12,wk inc covid hosp,2,2026-09-26,18,quantile,0.15,37.0
2026-09-12,wk inc covid hosp,2,2026-09-26,18,quantile,0.2,41.0
2026-09-12,wk inc covid hosp,2,2026-09-26,18,quantile,0.25,45.0
2026-09-12,wk inc covid hosp,2,2026-09-26,18,quantile,0.3,47.0
2026-09-12,wk inc covid hosp,2,2026-09-26,18,quantile,0.35,50.0
2026-09-12,wk inc covid hosp,2,2026-09-26,18,quantile,0.4,53.0
2026-09-12,wk inc covid hosp,2,2026-09-26,18,quantile,0.45,56.0
2026-09-12,wk inc covid hosp,2,2026-09-26,18,quantile,0.5,58.0
2026-09-12,wk inc covid hosp,2,2026-09-26,18,quantile,0.55,61.0
2026-09-12,wk inc covid hosp,2,2026-09-26,18,quantile,0.6,64.0
2026-09-12,wk inc covid hosp,2,2026-09-26,18,quantile,0.65,71.0
2026-09-12,wk inc covid hosp,2,2026-09-26,18,quantile,0.7,82.0
2026-09-12,wk inc covid hosp,2,2026-09-26,18,quantile,0.75,88.0
2026-09-12,wk inc covid hosp,2,2026-09-26,18,quantile,0.8,93.0
2026-09-12,wk inc covid hosp,2,2026-09-26,18,quantile,0.85,100.0
2026-09-12,wk inc covid hosp,2,2026-09-26,18,quantile,0.9,111.0
2026-09-12,wk inc covid hosp,2,2026-09-26,18,quantile,0.95,143.0
2026-09-12,wk inc covid hosp,2,2026-09-26,18,quantile,0.975,172.0
2026-09-12,wk inc covid hosp,2,2026-09-26,18,quantile,0.99,204.0
2026-09-12,wk inc covid hosp,2,2026-09-26,19,quantile,0.01,7.0
2026-09-12,wk inc covid hosp,2,2026-09-26,19,quantile,0.025,8.0
2026-09-12,wk inc covid hosp,2,2026-09-26,19,quantile,0.05,10.0
2026-09-12,wk inc covid hosp,2,2026-09-26,19,quantile,0.1,15.0
2026-09-12,wk inc covid hosp,2,2026-09-26,19,quantile,0.15,17.0
2026-09-12,wk inc covid hosp,2,2026-09-26,19,quantile,0.2,20.0
2026-09-12,wk inc covid hosp,2,2026-09-26,19,quantile,0.25,22.0
2026-09-12,wk inc covid hosp,2,2026-09-26,19,quantile,0.3,23.0
2026-09-12,wk inc covid hosp,2,2026-09-26,19,quantile,0.35,25.0
2026-09-12,wk inc covid hosp,2,2026-09-26,19,quantile,0.4,27.0
2026-09-12,wk inc covid hosp,2,2026-09-26,19,quantile,0.45,28.0
2026-09-12,wk inc covid hosp,2,2026-09-26,19,quantile,0.5,30.0
2026-09-12,wk inc covid hosp,2,2026-09-26,19,quantile,0.55,32.0
2026-09-12,wk inc covid hosp,2,2026-09-26,19,quantile,0.6,34.0
2026-09-12,wk inc covid hosp,2,2026-09-26,19,quantile,0.65,38.0
2026-09-12,wk inc covid hosp,2,2026-09-26,19,quantile,0.7,42.0
2026-09-12,wk inc covid hosp,2,2026-09-26,19,quantile,0.75,47.0
2026-09-12,wk inc covid hosp,2,2026-09-26,19,quantile,0.8,51.0
2026-09-12,wk inc covid hosp,2,2026-09-26,19,quantile,0.85,59.0
2026-09-12,wk inc covid hosp,2,2026-09-26,19,quantile,0.9,69.0
2026-09-12,wk inc covid hosp,2,2026-09-26,19,quantile,0.95,93.0
2026-09-12,wk inc covid hosp,2,2026-09-26,19,quantile,0.975,110.0
2026-09-12,wk inc covid hosp,2,2026-09-26,19,quantile,0.99,133.0
2026-09-12,wk inc covid hosp,2,2026-09-26,20,quantile,0.01,3.0
2026-09-12,wk inc covid hosp,2,2026-09-26,20,quantile,0.025,3.0
2026-09-12,wk inc covid hosp,2,2026-09-26,20,quantile,0.05,4.0
2026-09-12,wk inc covid hosp,2,2026-09-26,20,quantile,0.1,5.0
2026-09-12,wk inc covid hosp,2,2026-09-26,20,quantile,0.15,7.0
2026-09-12,wk inc covid hosp,2,2026-09-26,20,quantile,0.2,9.0
2026-09-12,wk inc covid hosp,2,2026-09-26,20,quantile,0.25,10.0
2026-09-12,wk inc covid hosp,2,2026-09-26,20,quantile,0.3,11.0
2026-09-12,wk inc covid hosp,2,2026-09-26,20,quantile,0.35,13.0
2026-09-12,wk inc covid hosp,2,2026-09-26,20,quantile,0.4,14.0
2026-09-12,wk inc covid hosp,2,2026-09-26,20,quantile,0.45,15.0
2026-09-12,wk inc covid hosp,2,2026-09-26,20,quantile,0.5,16.0
2026-09-12,wk inc covid hosp,2,2026-09-26,20,quantile,0.55,17.0
2026-09-12,wk inc covid hosp,2,2026-09-26,20,quantile,0.6,18.0
2026-09-12,wk inc covid hosp,2,2026-09-26,20,quantile,0.65,20.0
2026-09-12,wk inc covid hosp,2,2026-09-26,20,quantile,0.7,24.0
2026-09-12,wk inc covid hosp,2,2026-09-26,20,quantile,0.75,28.0
2026-09-12,wk inc covid hosp,2,2026-09-26,20,quantile,0.8,31.0
2026-09-12,wk inc covid hosp,2,2026-09-26,20,quantile,0.85,36.0
2026-09-12,wk inc covid hosp,2,2026-09-26,20,quantile,0.9,41.0
2026-09-12,wk inc covid hosp,2,2026-09-26,20,quantile,0.95,55.0
2026-09-12,wk inc covid hosp,2,2026-09-26,20,quantile,0.975,67.0
2026-09-12,wk inc covid hosp,2,2026-09-26,20,quantile,0.99,86.0
2026-09-12,wk inc covid hosp,2,2026-09-26,21,quantile,0.01,8.0
2026-09-12,wk inc covid hosp,2,2026-09-26,21,quantile,0.025,9.0
2026-09-12,wk inc covid hosp,2,2026-09-26,21,quantile,0.05,10.0
2026-09-12,wk inc covid hosp,2,2026-09-26,21,quantile,0.1,12.0
2026-09-12,wk inc covid hosp,2,2026-09-26,21,quantile,0.15,15.0
2026-09-12,wk inc covid hosp,2,2026-09-26,21,quantile,0.2,17.0
2026-09-12,wk inc covid hosp,2,2026-09-26,21,quantile,0.25,20.0
2026-09-12,wk inc covid hosp,2,2026-09-26,21,quantile,0.3,22.0
2026-09-12,wk inc covid hosp,2,2026-09-26,21,quantile,0.35,24.0
2026-09-12,wk inc covid hosp,2,2026-09-26,21,quantile,0.4,25.0
2026-09-12,wk inc covid hosp,2,2026-09-26,21,quantile,0.45,27.0
2026-09-12,wk inc covid hosp,2,2026-09-26,21,quantile,0.5,28.0
2026-09-12,wk inc covid hosp,2,2026-09-26,21,quantile,0.55,30.0
2026-09-12,wk inc covid hosp,2,2026-09-26,21,quantile,0.6,32.0
2026-09-12,wk inc covid hosp,2,2026-09-26,21,quantile,0.65,35.0
2026-09-12,wk inc covid hosp,2,2026-09-26,21,quantile,0.7,40.0
2026-09-12,wk inc covid hosp,2,2026-09-26,21,quantile,0.75,44.0
2026-09-12,wk inc covid hosp,2,2026-09-26,21,quantile,0.8,47.0
2026-09-12,wk inc covid hosp,2,2026-09-26,21,quantile,0.85,52.0
2026-09-12,wk inc covid hosp,2,2026-09-26,21,quantile,0.9,61.0
2026-09-12,wk inc covid hosp,2,2026-09-26,21,quantile,0.95,86.0
2026-09-12,wk inc covid hosp,2,2026-09-26,21,quantile,0.975,101.0
2026-09-12,wk inc covid hosp,2,2026-09-26,21,quantile,0.99,124.0
2026-09-12,wk inc covid hosp,2,2026-09-26,22,quantile,0.01,32.0
2026-09-12,wk inc covid hosp,2,2026-09-26,22,quantile,0.025,34.0
2026-09-12,wk inc covid hosp,2,2026-09-26,22,quantile,0.05,40.0
2026-09-12,wk inc covid hosp,2,2026-09-26,22,quantile,0.1,48.0
2026-09-12,wk inc covid hosp,2,2026-09-26,22,quantile,0.15,57.0
2026-09-12,wk inc covid hosp,2,2026-09-26,22,quantile,0.2,62.0
2026-09-12,wk inc covid hosp,2,2026-09-26,22,quantile,0.25,66.0
2026-09-12,wk inc covid hosp,2,2026-09-26,22,quantile,0.3,69.0
2026-09-12,wk inc covid hosp,2,2026-09-26,22,quantile,0.35,71.0
2026-09-12,wk inc covid hosp,2,2026-09-26,22,quantile,0.4,76.0
2026-09-12,wk inc covid hosp,2,2026-09-26,22,quantile,0.45,78.0
2026-09-12,wk inc covid hosp,2,2026-09-26,22,quantile,0.5,81.0
2026-09-12,wk inc covid hosp,2,2026-09-26,22,quantile,0.55,86.0
2026-09-12,wk inc covid hosp,2,2026-09-26,22,quantile,0.6,92.0
2026-09-12,wk inc covid hosp,2,2026-09-26,22,quantile,0.65,100.0
2026-09-12,wk inc covid hosp,2,2026-09-26,22,quantile,0.7,106.0
2026-09-12,wk inc covid hosp,2,2026-09-26,22,quantile,0.75,111.0
2026-09-12,wk inc covid hosp,2,2026-09-26,22,quantile,0.8,119.0
2026-09-12,wk inc covid hosp,2,2026-09-26,22,quantile,0.85,135.0
2026-09-12,wk inc covid hosp,2,2026-09-26,22,quantile,0.9,149.0
2026-09-12,wk inc covid hosp,2,2026-09-26,22,quantile,0.95,178.0
2026-09-12,wk inc covid hosp,2,2026-09-26,22,quantile,0.975,199.0
2026-09-12,wk inc covid hosp,2,2026-09-26,22,quantile,0.99,236.0
2026-09-12,wk inc covid hosp,2,2026-09-26,23,quantile,0.01,0.0
2026-09-12,wk inc covid hosp,2,2026-09-26,23,quantile,0.025,0.0
2026-09-12,wk inc covid hosp,2,2026-09-26,23,quantile,0.05,2.0
2026-09-12,wk inc covid hosp,2,2026-09-26,23,quantile,0.1,3.0
2026-09-12,wk inc covid hosp,2,2026-09-26,23,quantile,0.15,5.0
2026-09-12,wk inc covid hosp,2,2026-09-26,23,quantile,0.2,6.0
2026-09-12,wk inc covid hosp,2,2026-09-26,23,quantile,0.25,7.0
2026-09-12,wk inc covid hosp,2,2026-09-26,23,quantile,0.3,8.0
2026-09-12,wk inc covid hosp,2,2026-09-26,23,quantile,0.35,8.0
2026-09-12,wk inc covid hosp,2,2026-09-26,23,quantile,0.4,9.0
2026-09-12,wk inc covid hosp,2,2026-09-26,23,quantile,0.45,10.0
2026-09-12,wk inc covid hosp,2,2026-09-26,23,quantile,0.5,11.0
2026-09-12,wk inc covid hosp,2,2026-09-26,23,quantile,0.55,12.0
2026-09-12,wk inc covid hosp,2,2026-09-26,23,quantile,0.6,13.0
2026-09-12,wk inc covid hosp,2,2026-09-26,23,quantile,0.65,16.0
2026-09-12,wk inc covid hosp,2,2026-09-26,23,quantile,0.7,18.0
2026-09-12,wk inc covid hosp,2,2026-09-26,23,quantile,0.75,29.0
2026-09-12,wk inc covid hosp,2,2026-09-26,23,quantile,0.8,33.0
2026-09-12,wk inc covid hosp,2,2026-09-26,23,quantile,0.85,38.0
2026-09-12,wk inc covid hosp,2,2026-09-26,23,quantile,0.9,60.0
2026-09-12,wk inc covid hosp,2,2026-09-26,23,quantile,0.95,75.0
2026-09-12,wk inc covid hosp,2,2026-09-26,23,quantile,0.975,98.0
2026-09-12,wk inc covid hosp,2,2026-09-26,23,quantile,0.99,136.0
2026-09-12,wk inc covid hosp,2,2026-09-26,24,quantile,0.01,8.0
2026-09-12,wk inc covid hosp,2,2026-09-26,24,quantile,0.025,9.0
2026-09-12,wk inc covid hosp,2,2026-09-26,24,quantile,0.05,11.0
2026-09-12,wk inc covid hosp,2,2026-09-26,24,quantile,0.1,14.0
2026-09-12,wk inc covid hosp,2,2026-09-26,24,quantile,0.15,18.0
2026-09-12,wk inc covid hosp,2,2026-09-26,24,quantile,0.2,21.0
2026-09-12,wk inc covid hosp,2,2026-09-26,24,quantile,0.25,23.0
2026-09-12,wk inc covid hosp,2,2026-09-26,24,quantile,0.3,25.0
2026-09-12,wk inc covid hosp,2,2026-09-26,24,quantile,0.35,26.0
2026-09-12,wk inc covid hosp,2,2026-09-26,24,quantile,0.4,28.0
2026-09-12,wk inc covid hosp,2,2026-09-26,24,quantile,0.45,29.0
2026-09-12,wk inc covid hosp,2,2026-09-26,24,quantile,0.5,31.0
2026-09-12,wk inc covid hosp,2,2026-09-26,24,quantile,0.55,32.0
2026-09-12,wk inc covid hosp,2,2026-09-26,24,quantile,0.6,34.0
2026-09-12,wk inc covid hosp,2,2026-09-26,24,quantile,0.65,37.0
2026-09-12,wk inc covid hosp,2,2026-09-26,24,quantile,0.7,46.0
2026-09-12,wk inc covid hosp,2,2026-09-26,24,quantile,0.75,49.0
2026-09-12,wk inc covid hosp,2,2026-09-26,24,quantile,0.8,52.0
2026-09-12,wk inc covid hosp,2,2026-09-26,24,quantile,0.85,56.0
2026-09-12,wk inc covid hosp,2,2026-09-26,24,quantile,0.9,63.0
2026-09-12,wk inc covid hosp,2,2026-09-26,24,quantile,0.95,73.0
2026-09-12,wk inc covid hosp,2,2026-09-26,24,quantile,0.975,87.0
2026-09-12,wk inc covid hosp,2,2026-09-26,24,quantile,0.99,102.0
2026-09-12,wk inc covid hosp,2,2026-09-26,25,quantile,0.01,6.0
2026-09-12,wk inc covid hosp,2,2026-09-26,25,quantile,0.025,9.0
2026-09-12,wk inc covid hosp,2,2026-09-26,25,quantile,0.05,13.0
2026-09-12,wk inc covid hosp,2,2026-09-26,25,quantile,0.1,18.0
2026-09-12,wk inc covid hosp,2,2026-09-26,25,quantile,0.15,22.0
2026-09-12,wk inc covid hosp,2,2026-09-26,25,quantile,0.2,25.0
2026-09-12,wk inc covid hosp,2,2026-09-26,25,quantile,0.25,27.0
2026-09-12,wk inc covid hosp,2,2026-09-26,25,quantile,0.3,34.0
2026-09-12,wk inc covid hosp,2,2026-09-26,25,quantile,0.35,39.0
2026-09-12,wk inc covid hosp,2,2026-09-26,25,quantile,0.4,42.0
2026-09-12,wk inc covid hosp,2,2026-09-26,25,quantile,0.45,45.0
2026-09-12,wk inc covid hosp,2,2026-09-26,25,quantile,0.5,47.0
2026-09-12,wk inc covid hosp,2,2026-09-26,25,quantile,0.55,49.0
2026-09-12,wk inc covid hosp,2,2026-09-26,25,quantile,0.6,51.0
2026-09-12,wk inc covid hosp,2,2026-09-26,25,quantile,0.65,54.0
2026-09-12,wk inc covid hosp,2,2026-09-26,25,quantile,0.7,58.0
2026-09-12,wk inc covid hosp,2,2026-09-26,25,quantile,0.75,72.0
2026-09-12,wk inc covid hosp,2,2026-09-26,25,quantile,0.8,76.0
2026-09-12,wk inc covid hosp,2,2026-09-26,25,quantile,0.85,81.0
2026-09-12,wk inc covid hosp,2,2026-09-26,25,quantile,0.9,87.0
2026-09-12,wk inc covid hosp,2,2026-09-26,25,quantile,0.95,101.0
2026-09-12,wk inc covid hosp,2,2026-09-26,25,quantile,0.975,116.0
2026-09-12,wk inc covid hosp,2,2026-09-26,25,quantile,0.99,136.0
2026-09-12,wk inc covid hosp,2,2026-09-26,26,quantile,0.01,5.0
2026-09-12,wk inc covid hosp,2,2026-09-26,26,quantile,0.025,6.0
2026-09-12,wk inc covid hosp,2,2026-09-26,26,quantile,0.05,9.0
2026-09-12,wk inc covid hosp,2,2026-09-26,26,quantile,0.1,18.0
2026-09-12,wk inc covid hosp,2,2026-09-26,26,quantile,0.15,22.0
2026-09-12,wk inc covid hosp,2,2026-09-26,26,quantile,0.2,26.0
2026-09-12,wk inc covid hosp,2,2026-09-26,26,quantile,0.25,29.0
2026-09-12,wk inc covid hosp,2,2026-09-26,26,quantile,0.3,32.0
2026-09-12,wk inc covid hosp,2,2026-09-26,26,quantile,0.35,35.0
2026-09-12,wk inc covid hosp,2,2026-09-26,26,quantile,0.4,38.0
2026-09-12,wk inc covid hosp,2,2026-09-26,26,quantile,0.45,41.0
2026-09-12,wk inc covid hosp,2,2026-09-26,26,quantile,0.5,45.0
2026-09-12,wk inc covid hosp,2,2026-09-26,26,quantile,0.55,55.0
2026-09-12,wk inc covid hosp,2,2026-09-26,26,quantile,0.6,63.0
2026-09-12,wk inc covid hosp,2,2026-09-26,26,quantile,0.65,74.0
2026-09-12,wk inc covid hosp,2,2026-09-26,26,quantile,0.7,80.0
2026-09-12,wk inc covid hosp,2,2026-09-26,26,quantile,0.75,90.0
2026-09-12,wk inc covid hosp,2,2026-09-26,26,quantile,0.8,100.0
2026-09-12,wk inc covid hosp,2,2026-09-26,26,quantile,0.85,113.0
2026-09-12,wk inc covid hosp,2,2026-09-26,26,quantile,0.9,152.0
2026-09-12,wk inc covid hosp,2,2026-09-26,26,quantile,0.95,189.0
2026-09-12,wk inc covid hosp,2,2026-09-26,26,quantile,0.975,259.0
2026-09-12,wk inc covid hosp,2,2026-09-26,26,quantile,0.99,352.0
2026-09-12,wk inc covid hosp,2,2026-09-26,27,quantile,0.01,6.0
2026-09-12,wk inc covid hosp,2,2026-09-26,27,quantile,0.025,9.0
2026-09-12,wk inc covid hosp,2,2026-09-26,27,quantile,0.05,13.0
2026-09-12,wk inc covid hosp,2,2026-09-26,27,quantile,0.1,17.0
2026-09-12,wk inc covid hosp,2,2026-09-26,27,quantile,0.15,21.0
2026-09-12,wk inc covid hosp,2,2026-09-26,27,quantile,0.2,25.0
2026-09-12,wk inc covid hosp,2,2026-09-26,27,quantile,0.25,29.0
2026-09-12,wk inc covid hosp,2,2026-09-26,27,quantile,0.3,34.0
2026-09-12,wk inc covid hosp,2,2026-09-26,27,quantile,0.35,37.0
2026-09-12,wk inc covid hosp,2,2026-09-26,27,quantile,0.4,39.0
2026-09-12,wk inc covid hosp,2,2026-09-26,27,quantile,0.45,42.0
2026-09-12,wk inc covid hosp,2,2026-09-26,27,quantile,0.5,45.0
2026-09-12,wk inc covid hosp,2,2026-09-26,27,quantile,0.55,48.0
2026-09-12,wk inc covid hosp,2,2026-09-26,27,quantile,0.6,51.0
2026-09-12,wk inc covid hosp,2,2026-09-26,27,quantile,0.65,54.0
2026-09-12,wk inc covid hosp,2,2026-09-26,27,quantile,0.7,63.0
2026-09-12,wk inc covid hosp,2,2026-09-26,27,quantile,0.75,70.0
2026-09-12,wk inc covid hosp,2,2026-09-26,27,quantile,0.8,75.0
2026-09-12,wk inc covid hosp,2,2026-09-26,27,quantile,0.85,84.0
2026-09-12,wk inc covid hosp,2,2026-09-26,27,quantile,0.9,97.0
2026-09-12,wk inc covid hosp,2,2026-09-26,27,quantile,0.95,113.0
2026-09-12,wk inc covid hosp,2,2026-09-26,27,quantile,0.975,139.0
2026-09-12,wk inc covid hosp,2,2026-09-26,27,quantile,0.99,167.0
2026-09-12,wk inc covid hosp,2,2026-09-26,28,quantile,0.01,11.0
2026-09-12,wk inc covid hosp,2,2026-09-26,28,quantile,0.025,12.0
2026-09-12,wk inc covid hosp,2,2026-09-26,28,quantile,0.05,15.0
2026-09-12,wk inc covid hosp,2,2026-09-26,28,quantile,0.1,20.0
2026-09-12,wk inc covid hosp,2,2026-09-26,28,quantile,0.15,25.0
2026-09-12,wk inc covid hosp,2,2026-09-26,28,quantile,0.2,29.0
2026-09-12,wk inc covid hosp,2,2026-09-26,28,quantile,0.25,30.0
2026-09-12,wk inc covid hosp,2,2026-09-26,28,quantile,0.3,32.0
2026-09-12,wk inc covid hosp,2,2026-09-26,28,quantile,0.35,33.0
2026-09-12,wk inc covid hosp,2,2026-09-26,28,quantile,0.4,34.0
2026-09-12,wk inc covid hosp,2,2026-09-26,28,quantile,0.45,36.0
2026-09-12,wk inc covid hosp,2,2026-09-26,28,quantile,0.5,37.0
2026-09-12,wk inc covid hosp,2,2026-09-26,28,quantile,0.55,39.0
2026-09-12,wk inc covid hosp,2,2026-09-26,28,quantile,0.6,41.0
2026-09-12,wk inc covid hosp,2,2026-09-26,28,quantile,0.65,44.0
2026-09-12,wk inc covid hosp,2,2026-09-26,28,quantile,0.7,47.0
2026-09-12,wk inc covid hosp,2,2026-09-26,28,quantile,0.75,50.0
2026-09-12,wk inc covid hosp,2,2026-09-26,28,quantile,0.8,54.0
2026-09-12,wk inc covid hosp,2,2026-09-26,28,quantile,0.85,58.0
2026-09-12,wk inc covid hosp,2,2026-09-26,28,quantile,0.9,64.0
2026-09-12,wk inc covid hosp,2,2026-09-26,28,quantile,0.95,79.0
2026-09-12,wk inc covid hosp,2,2026-09-26,28,quantile,0.975,91.0
2026-09-12,wk inc covid hosp,2,2026-09-26,28,quantile,0.99,107.0
2026-09-12,wk inc covid hosp,2,2026-09-26,29,quantile,0.01,12.0
2026-09-12,wk inc covid hosp,2,2026-09-26,29,quantile,0.025,14.0
2026-09-12,wk inc covid hosp,2,2026-09-26,29,quantile,0.05,17.0
2026-09-12,wk inc covid hosp,2,2026-09-26,29,quantile,0.1,21.0
2026-09-12,wk inc covid hosp,2,2026-09-26,29,quantile,0.15,26.0
2026-09-12,wk inc covid hosp,2,2026-09-26,29,quantile,0.2,30.0
2026-09-12,wk inc covid hosp,2,2026-09-26,29,quantile,0.25,32.0
2026-09-12,wk inc covid hosp,2,2026-09-26,29,quantile,0.3,34.0
2026-09-12,wk inc covid hosp,2,2026-09-26,29,quantile,0.35,36.0
2026-09-12,wk inc covid hosp,2,2026-09-26,29,quantile,0.4,38.0
2026-09-12,wk inc covid hosp,2,2026-09-26,29,quantile,0.45,39.0
2026-09-12,wk inc covid hosp,2,2026-09-26,29,quantile,0.5,41.0
2026-09-12,wk inc covid hosp,2,2026-09-26,29,quantile,0.55,43.0
2026-09-12,wk inc covid hosp,2,2026-09-26,29,quantile,0.6,45.0
2026-09-12,wk inc covid hosp,2,2026-09-26,29,quantile,0.65,48.0
2026-09-12,wk inc covid hosp,2,2026-09-26,29,quantile,0.7,58.0
2026-09-12,wk inc covid hosp,2,2026-09-26,29,quantile,0.75,64.0
2026-09-12,wk inc covid hosp,2,2026-09-26,29,quantile,0.8,70.0
2026-09-12,wk inc covid hosp,2,2026-09-26,29,quantile,0.85,76.0
2026-09-12,wk inc covid hosp,2,2026-09-26,29,quantile,0.9,85.0
2026-09-12,wk inc covid hosp,2,2026-09-26,29,quantile,0.95,96.0
2026-09-12,wk inc covid hosp,2,2026-09-26,29,quantile,0.975,112.0
2026-09-12,wk inc covid hosp,2,2026-09-26,29,quantile,0.99,132.0
2026-09-12,wk inc covid hosp,2,2026-09-26,30,quantile,0.01,2.0
2026-09-12,wk inc covid hosp,2,2026-09-26,30,quantile,0.025,2.0
2026-09-12,wk inc covid hosp,2,2026-09-26,30,quantile,0.05,3.0
2026-09-12,wk inc covid hosp,2,2026-09-26,30,quantile,0.1,5.0
2026-09-12,wk inc covid hosp,2,2026-09-26,30,quantile,0.15,6.0
2026-09-12,wk inc covid hosp,2,2026-09-26,30,quantile,0.2,7.0
2026-09-12,wk inc covid hosp,2,2026-09-26,30,quantile,0.25,8.0
2026-09-12,wk inc covid hosp,2,2026-09-26,30,quantile,0.3,8.0
2026-09-12,wk inc covid hosp,2,2026-09-26,30,quantile,0.35,9.0
2026-09-12,wk inc covid hosp,2,2026-09-26,30,quantile,0.4,10.0
2026-09-12,wk inc covid hosp,2,2026-09-26,30,quantile,0.45,10.0
2026-09-12,wk inc covid hosp,2,2026-09-26,30,quantile,0.5,11.0
2026-09-12,wk inc covid hosp,2,2026-09-26,30,quantile,0.55,11.0
2026-09-12,wk inc covid hosp,2,2026-09-26,30,quantile,0.6,13.0
2026-09-12,wk inc covid hosp,2,2026-09-26,30,quantile,0.65,14.0
2026-09-12,wk inc covid hosp,2,2026-09-26,30,quantile,0.7,21.0
2026-09-12,wk inc covid hosp,2,2026-09-26,30,quantile,0.75,25.0
2026-09-12,wk inc covid hosp,2,2026-09-26,30,quantile,0.8,27.0
2026-09-12,wk inc covid hosp,2,2026-09-26,30,quantile,0.85,30.0
2026-09-12,wk inc covid hosp,2,2026-09-26,30,quantile,0.9,34.0
2026-09-12,wk inc covid hosp,2,2026-09-26,30,quantile,0.95,67.0
2026-09-12,wk inc covid hosp,2,2026-09-26,30,quantile,0.975,90.0
2026-09-12,wk inc covid hosp,2,2026-09-26,30,quantile,0.99,107.0
2026-09-12,wk inc covid hosp,2,2026-09-26,31,quantile,0.01,3.0
2026-09-12,wk inc covid hosp,2,2026-09-26,31,quantile,0.025,3.0
2026-09-12,wk inc covid hosp,2,2026-09-26,31,quantile,0.05,4.0
2026-09-12,wk inc covid hosp,2,2026-09-26,31,quantile,0.1,5.0
2026-09-12,wk inc covid hosp,2,2026-09-26,31,quantile,0.15,7.0
2026-09-12,wk inc covid hosp,2,2026-09-26,31,quantile,0.2,8.0
2026-09-12,wk inc covid hosp,2,2026-09-26,31,quantile,0.25,10.0
2026-09-12,wk inc covid hosp,2,2026-09-26,31,quantile,0.3,11.0
2026-09-12,wk inc covid hosp,2,2026-09-26,31,quantile,0.35,12.0
2026-09-12,wk inc covid hosp,2,2026-09-26,31,quantile,0.4,13.0
2026-09-12,wk inc covid hosp,2,2026-09-26,31,quantile,0.45,14.0
2026-09-12,wk inc covid hosp,2,2026-09-26,31,quantile,0.5,15.0
2026-09-12,wk inc covid hosp,2,2026-09-26,31,quantile,0.55,17.0
2026-09-12,wk inc covid hosp,2,2026-09-26,31,quantile,0.6,18.0
2026-09-12,wk inc covid hosp,2,2026-09-26,31,quantile,0.65,20.0
2026-09-12,wk inc covid hosp,2,2026-09-26,31,quantile,0.7,24.0
2026-09-12,wk inc covid hosp,2,2026-09-26,31,quantile,0.75,27.0
2026-09-12,wk inc covid hosp,2,2026-09-26,31,quantile,0.8,29.0
2026-09-12,wk inc covid hosp,2,2026-09-26,31,quantile,0.85,33.0
2026-09-12,wk inc covid hosp,2,2026-09-26,31,quantile,0.9,40.0
2026-09-12,wk inc covid hosp,2,2026-09-26,31,quantile,0.95,61.0
2026-09-12,wk inc covid hosp,2,2026-09-26,31,quantile,0.975,73.0
2026-09-12,wk inc covid hosp,2,2026-09-26,31,quantile,0.99,90.0
2026-09-12,wk inc covid hosp,2,2026-09-26,32,quantile,0.01,8.0
2026-09-12,wk inc covid hosp,2,2026-09-26,32,quantile,0.025,10.0
2026-09-12,wk inc covid hosp,2,2026-09-26,32,quantile,0.05,12.0
2026-09-12,wk inc covid hosp,2,2026-09-26,32,quantile,0.1,15.0
2026-09-12,wk inc covid hosp,2,2026-09-26,32,quantile,0.15,18.0
2026-09-12,wk inc covid hosp,2,2026-09-26,32,quantile,0.2,20.0
2026-09-12,wk inc covid hosp,2,2026-09-26,32,quantile,0.25,24.0
2026-09-12,wk inc covid hosp,2,2026-09-26,32,quantile,0.3,27.0
2026-09-12,wk inc covid hosp,2,2026-09-26,32,quantile,0.35,28.0
2026-09-12,wk inc covid hosp,2,2026-09-26,32,quantile,0.4,30.0
2026-09-12,wk inc covid hosp,2,2026-09-26,32,quantile,0.45,31.0
2026-09-12,wk inc covid hosp,2,2026-09-26,32,quantile,0.5,32.0
2026-09-12,wk inc covid hosp,2,2026-09-26,32,quantile,0.55,34.0
2026-09-12,wk inc covid hosp,2,2026-09-26,32,quantile,0.6,37.0
2026-09-12,wk inc covid hosp,2,2026-09-26,32,quantile,0.65,40.0
2026-09-12,wk inc covid hosp,2,2026-09-26,32,quantile,0.7,48.0
2026-09-12,wk inc covid hosp,2,2026-09-26,32,quantile,0.75,52.0
2026-09-12,wk inc covid hosp,2,2026-09-26,32,quantile,0.8,54.0
2026-09-12,wk inc covid hosp,2,2026-09-26,32,quantile,0.85,58.0
2026-09-12,wk inc covid hosp,2,2026-09-26,32,quantile,0.9,63.0
2026-09-12,wk inc covid hosp,2,2026-09-26,32,quantile,0.95,85.0
2026-09-12,wk inc covid hosp,2,2026-09-26,32,quantile,0.975,102.0
2026-09-12,wk inc covid hosp,2,2026-09-26,32,quantile,0.99,117.0
2026-09-12,wk inc covid hosp,2,2026-09-26,33,quantile,0.01,1.0
2026-09-12,wk inc covid hosp,2,2026-09-26,33,quantile,0.025,1.0
2026-09-12,wk inc covid hosp,2,2026-09-26,33,quantile,0.05,2.0
2026-09-12,wk inc covid hosp,2,2026-09-26,33,quantile,0.1,4.0
2026-09-12,wk inc covid hosp,2,2026-09-26,33,quantile,0.15,5.0
2026-09-12,wk inc covid hosp,2,2026-09-26,33,quantile,0.2,7.0
2026-09-12,wk inc covid hosp,2,2026-09-26,33,quantile,0.25,7.0
2026-09-12,wk inc covid hosp,2,2026-09-26,33,quantile,0.3,8.0
2026-09-12,wk inc covid hosp,2,2026-09-26,33,quantile,0.35,9.0
2026-09-12,wk inc covid hosp,2,2026-09-26,33,quantile,0.4,9.0
2026-09-12,wk inc covid hosp,2,2026-09-26,33,quantile,0.45,10.0
2026-09-12,wk inc covid hosp,2,2026-09-26,33,quantile,0.5,10.0
2026-09-12,wk inc covid hosp,2,2026-09-26,33,quantile,0.55,11.0
2026-09-12,wk inc covid hosp,2,2026-09-26,33,quantile,0.6,12.0
2026-09-12,wk inc covid hosp,2,2026-09-26,33,quantile,0.65,14.0
2026-09-12,wk inc covid hosp,2,2026-09-26,33,quantile,0.7,15.0
2026-09-12,wk inc covid hosp,2,2026-09-26,33,quantile,0.75,24.0
2026-09-12,wk inc covid hosp,2,2026-09-26,33,quantile,0.8,27.0
2026-09-12,wk inc covid hosp,2,2026-09-26,33,quantile,0.85,30.0
2026-09-12,wk inc covid hosp,2,2026-09-26,33,quantile,0.9,35.0
2026-09-12,wk inc covid hosp,2,2026-09-26,33,quantile,0.95,44.0
2026-09-12,wk inc covid hosp,2,2026-09-26,33,quantile,0.975,56.0
2026-09-12,wk inc covid hosp,2,2026-09-26,33,quantile,0.99,76.0
2026-09-12,wk inc covid hosp,2,2026-09-26,34,quantile,0.01,34.0
2026-09-12,wk inc covid hosp,2,2026-09-26,34,quantile,0.025,51.0
2026-09-12,wk inc covid hosp,2,2026-09-26,34,quantile,0.05,75.0
2026-09-12,wk inc covid hosp,2,2026-09-26,34,quantile,0.1,97.0
2026-09-12,wk inc covid hosp,2,2026-09-26,34,quantile,0.15,114.0
2026-09-12,wk inc covid hosp,2,2026-09-26,34,quantile,0.2,122.0
2026-09-12,wk inc covid hosp,2,2026-09-26,34,quantile,0.25,129.0
2026-09-12,wk inc covid hosp,2,2026-09-26,34,quantile,0.3,137.0
2026-09-12,wk inc covid hosp,2,2026-09-26,34,quantile,0.35,142.0
2026-09-12,wk inc covid hosp,2,2026-09-26,34,quantile,0.4,146.0
2026-09-12,wk inc covid hosp,2,2026-09-26,34,quantile,0.45,150.0
2026-09-12,wk inc covid hosp,2,2026-09-26,34,quantile,0.5,154.0
2026-09-12,wk inc covid hosp,2,2026-09-26,34,quantile,0.55,159.0
2026-09-12,wk inc covid hosp,2,2026-09-26,34,quantile,0.6,165.0
2026-09-12,wk inc covid hosp,2,2026-09-26,34,quantile,0.65,178.0
2026-09-12,wk inc covid hosp,2,2026-09-26,34,quantile,0.7,189.0
2026-09-12,wk inc covid hosp,2,2026-09-26,34,quantile,0.75,211.0
2026-09-12,wk inc covid hosp,2,2026-09-26,34,quantile,0.8,223.0
2026-09-12,wk inc covid hosp,2,2026-09-26,34,quantile,0.85,236.0
2026-09-12,wk inc covid hosp,2,2026-09-26,34,quantile,0.9,265.0
2026-09-12,wk inc covid hosp,2,2026-09-26,34,quantile,0.95,295.0
2026-09-12,wk inc covid hosp,2,2026-09-26,34,quantile,0.975,330.0
2026-09-12,wk inc covid hosp,2,2026-09-26,34,quantile,0.99,387.0
2026-09-12,wk inc covid hosp,2,2026-09-26,35,quantile,0.01,10.0
2026-09-12,wk inc covid hosp,2,2026-09-26,35,quantile,0.025,11.0
2026-09-12,wk inc covid hosp,2,2026-09-26,35,quantile,0.05,13.0
2026-09-12,wk inc covid hosp,2,2026-09-26,35,quantile,0.1,16.0
2026-09-12,wk inc covid hosp,2,2026-09-26,35,quantile,0.15,18.0
2026-09-12,wk inc covid hosp,2,2026-09-26,35,quantile,0.2,21.0
2026-09-12,wk inc covid hosp,2,2026-09-26,35,quantile,0.25,24.0
2026-09-12,wk inc covid hosp,2,2026-09-26,35,quantile,0.3,27.0
2026-09-12,wk inc covid hosp,2,2026-09-26,35,quantile,0.35,28.0
2026-09-12,wk inc covid hosp,2,2026-09-26,35,quantile,0.4,29.0
2026-09-12,wk inc covid hosp,2,2026-09-26,35,quantile,0.45,31.0
2026-09-12,wk inc covid hosp,2,2026-09-26,35,quantile,0.5,32.0
2026-09-12,wk inc covid hosp,2,2026-09-26,35,quantile,0.55,33.0
2026-09-12,wk inc covid hosp,2,2026-09-26,35,quantile,0.6,35.0
2026-09-12,wk inc covid hosp,2,2026-09-26,35,quantile,0.65,38.0
2026-09-12,wk inc covid hosp,2,2026-09-26,35,quantile,0.7,41.0
2026-09-12,wk inc covid hosp,2,2026-09-26,35,quantile,0.75,44.0
2026-09-12,wk inc covid hosp,2,2026-09-26,35,quantile,0.8,48.0
2026-09-12,wk inc covid hosp,2,2026-09-26,35,quantile,0.85,52.0
2026-09-12,wk inc covid hosp,2,2026-09-26,35,quantile,0.9,57.0
2026-09-12,wk inc covid hosp,2,2026-09-26,35,quantile,0.95,69.0
2026-09-12,wk inc covid hosp,2,2026-09-26,35,quantile,0.975,85.0
2026-09-12,wk inc covid hosp,2,2026-09-26,35,quantile,0.99,97.0
2026-09-12,wk inc covid hosp,2,2026-09-26,36,quantile,0.01,95.0
2026-09-12,wk inc covid hosp,2,2026-09-26,36,quantile,0.025,104.0
2026-09-12,wk inc covid hosp,2,2026-09-26,36,quantile,0.05,122.0
2026-09-12,wk inc covid hosp,2,2026-09-26,36,quantile,0.1,150.0
2026-09-12,wk inc covid hosp,2,2026-09-26,36,quantile,0.15,167.0
2026-09-12,wk inc covid hosp,2,2026-09-26,36,quantile,0.2,183.0
2026-09-12,wk inc covid hosp,2,2026-09-26,36,quantile,0.25,195.0
2026-09-12,wk inc covid hosp,2,2026-09-26,36,quantile,0.3,208.0
2026-09-12,wk inc covid hosp,2,2026-09-26,36,quantile,0.35,222.0
2026-09-12,wk inc covid hosp,2,2026-09-26,36,quantile,0.4,237.0
2026-09-12,wk inc covid hosp,2,2026-09-26,36,quantile,0.45,244.0
2026-09-12,wk inc covid hosp,2,2026-09-26,36,quantile,0.5,251.0
2026-09-12,wk inc covid hosp,2,2026-09-26,36,quantile,0.55,262.0
2026-09-12,wk inc covid hosp,2,2026-09-26,36,quantile,0.6,271.0
2026-09-12,wk inc covid hosp,2,2026-09-26,36,quantile,0.65,284.0
2026-09-12,wk inc covid hosp,2,2026-09-26,36,quantile,0.7,304.0
2026-09-12,wk inc covid hosp,2,2026-09-26,36,quantile,0.75,383.0
2026-09-12,wk inc covid hosp,2,2026-09-26,36,quantile,0.8,403.0
2026-09-12,wk inc covid hosp,2,2026-09-26,36,quantile,0.85,422.0
2026-09-12,wk inc covid hosp,2,2026-09-26,36,quantile,0.9,450.0
2026-09-12,wk inc covid hosp,2,2026-09-26,36,quantile,0.95,493.0
2026-09-12,wk inc covid hosp,2,2026-09-26,36,quantile,0.975,555.0
2026-09-12,wk inc covid hosp,2,2026-09-26,36,quantile,0.99,636.0
2026-09-12,wk inc covid hosp,2,2026-09-26,37,quantile,0.01,27.0
2026-09-12,wk inc covid hosp,2,2026-09-26,37,quantile,0.025,37.0
2026-09-12,wk inc covid hosp,2,2026-09-26,37,quantile,0.05,50.0
2026-09-12,wk inc covid hosp,2,2026-09-26,37,quantile,0.1,64.0
2026-09-12,wk inc covid hosp,2,2026-09-26,37,quantile,0.15,78.0
2026-09-12,wk inc covid hosp,2,2026-09-26,37,quantile,0.2,89.0
2026-09-12,wk inc covid hosp,2,2026-09-26,37,quantile,0.25,110.0
2026-09-12,wk inc covid hosp,2,2026-09-26,37,quantile,0.3,129.0
2026-09-12,wk inc covid hosp,2,2026-09-26,37,quantile,0.35,138.0
2026-09-12,wk inc covid hosp,2,2026-09-26,37,quantile,0.4,149.0
2026-09-12,wk inc covid hosp,2,2026-09-26,37,quantile,0.45,159.0
2026-09-12,wk inc covid hosp,2,2026-09-26,37,quantile,0.5,168.0
2026-09-12,wk inc covid hosp,2,2026-09-26,37,quantile,0.55,182.0
2026-09-12,wk inc covid hosp,2,2026-09-26,37,quantile,0.6,188.0
2026-09-12,wk inc covid hosp,2,2026-09-26,37,quantile,0.65,199.0
2026-09-12,wk inc covid hosp,2,2026-09-26,37,quantile,0.7,208.0
2026-09-12,wk inc covid hosp,2,2026-09-26,37,quantile,0.75,220.0
2026-09-12,wk inc covid hosp,2,2026-09-26,37,quantile,0.8,230.0
2026-09-12,wk inc covid hosp,2,2026-09-26,37,quantile,0.85,243.0
2026-09-12,wk inc covid hosp,2,2026-09-26,37,quantile,0.9,274.0
2026-09-12,wk inc covid hosp,2,2026-09-26,37,quantile,0.95,318.0
2026-09-12,wk inc covid hosp,2,2026-09-26,37,quantile,0.975,373.0
2026-09-12,wk inc covid hosp,2,2026-09-26,37,quantile,0.99,435.0
2026-09-12,wk inc covid hosp,2,2026-09-26,38,quantile,0.01,1.0
2026-09-12,wk inc covid hosp,2,2026-09-26,38,quantile,0.025,1.0
2026-09-12,wk inc covid hosp,2,2026-09-26,38,quantile,0.05,1.0
2026-09-12,wk inc covid hosp,2,2026-09-26,38,quantile,0.1,2.0
2026-09-12,wk inc covid hosp,2,2026-09-26,38,quantile,0.15,2.0
2026-09-12,wk inc covid hosp,2,2026-09-26,38,quantile,0.2,3.0
2026-09-12,wk inc covid hosp,2,2026-09-26,38,quantile,0.25,4.0
2026-09-12,wk inc covid hosp,2,2026-09-26,38,quantile,0.3,4.0
2026-09-12,wk inc covid hosp,2,2026-09-26,38,quantile,0.35,5.0
2026-09-12,wk inc covid hosp,2,2026-09-26,38,quantile,0.4,6.0
2026-09-12,wk inc covid hosp,2,2026-09-26,38,quantile,0.45,7.0
2026-09-12,wk inc covid hosp,2,2026-09-26,38,quantile,0.5,8.0
2026-09-12,wk inc covid hosp,2,2026-09-26,38,quantile,0.55,8.0
2026-09-12,wk inc covid hosp,2,2026-09-26,38,quantile,0.6,9.0
2026-09-12,wk inc covid hosp,2,2026-09-26,38,quantile,0.65,10.0
2026-09-12,wk inc covid hosp,2,2026-09-26,38,quantile,0.7,12.0
2026-09-12,wk inc covid hosp,2,2026-09-26,38,quantile,0.75,15.0
2026-09-12,wk inc covid hosp,2,2026-09-26,38,quantile,0.8,18.0
2026-09-12,wk inc covid hosp,2,2026-09-26,38,quantile,0.85,23.0
2026-09-12,wk inc covid hosp,2,2026-09-26,38,quantile,0.9,28.0
2026-09-12,wk inc covid hosp,2,2026-09-26,38,quantile,0.95,57.0
2026-09-12,wk inc covid hosp,2,2026-09-26,38,quantile,0.975,74.0
2026-09-12,wk inc covid hosp,2,2026-09-26,38,quantile,0.99,90.0
2026-09-12,wk inc covid hosp,2,2026-09-26,39,quantile,0.01,35.0
2026-09-12,wk inc covid hosp,2,2026-09-26,39,quantile,0.025,39.0
2026-09-12,wk inc covid hosp,2,2026-09-26,39,quantile,0.05,49.0
2026-09-12,wk inc covid hosp,2,2026-09-26,39,quantile,0.1,57.0
2026-09-12,wk inc covid hosp,2,2026-09-26,39,quantile,0.15,68.0
2026-09-12,wk inc covid hosp,2,2026-09-26,39,quantile,0.2,79.0
2026-09-12,wk inc covid hosp,2,2026-09-26,39,quantile,0.25,86.0
2026-09-12,wk inc covid hosp,2,2026-09-26,39,quantile,0.3,92.0
2026-09-12,wk inc covid hosp,2,2026-09-26,39,quantile,0.35,98.0
2026-09-12,wk inc covid hosp,2,2026-09-26,39,quantile,0.4,103.0
2026-09-12,wk inc covid hosp,2,2026-09-26,39,quantile,0.45,109.0
2026-09-12,wk inc covid hosp,2,2026-09-26,39,quantile,0.5,113.0
2026-09-12,wk inc covid hosp,2,2026-09-26,39,quantile,0.55,119.0
2026-09-12,wk inc covid hosp,2,2026-09-26,39,quantile,0.6,124.0
2026-09-12,wk inc covid hosp,2,2026-09-26,39,quantile,0.65,132.0
2026-09-12,wk inc covid hosp,2,2026-09-26,39,quantile,0.7,156.0
2026-09-12,wk inc covid hosp,2,2026-09-26,39,quantile,0.75,164.0
2026-09-12,wk inc covid hosp,2,2026-09-26,39,quantile,0.8,173.0
2026-09-12,wk inc covid hosp,2,2026-09-26,39,quantile,0.85,186.0
2026-09-12,wk inc covid hosp,2,2026-09-26,39,quantile,0.9,220.0
2026-09-12,wk inc covid hosp,2,2026-09-26,39,quantile,0.95,272.0
2026-09-12,wk inc covid hosp,2,2026-09-26,39,quantile,0.975,334.0
2026-09-12,wk inc covid hosp,2,2026-09-26,39,quantile,0.99,379.0
2026-09-12,wk inc covid hosp,2,2026-09-26,40,quantile,0.01,12.0
2026-09-12,wk inc covid hosp,2,2026-09-26,40,quantile,0.025,13.0
2026-09-12,wk inc covid hosp,2,2026-09-26,40,quantile,0.05,16.0
2026-09-12,wk inc covid hosp,2,2026-09-26,40,quantile,0.1,20.0
2026-09-12,wk inc covid hosp,2,2026-09-26,40,quantile,0.15,23.0
2026-09-12,wk inc covid hosp,2,2026-09-26,40,quantile,0.2,26.0
2026-09-12,wk inc covid hosp,2,2026-09-26,40,quantile,0.25,29.0
2026-09-12,wk inc covid hosp,2,2026-09-26,40,quantile,0.3,33.0
2026-09-12,wk inc covid hosp,2,2026-09-26,40,quantile,0.35,35.0
2026-09-12,wk inc covid hosp,2,2026-09-26,40,quantile,0.4,37.0
2026-09-12,wk inc covid hosp,2,2026-09-26,40,quantile,0.45,40.0
2026-09-12,wk inc covid hosp,2,2026-09-26,40,quantile,0.5,42.0
2026-09-12,wk inc covid hosp,2,2026-09-26,40,quantile,0.55,45.0
2026-09-12,wk inc covid hosp,2,2026-09-26,40,quantile,0.6,47.0
2026-09-12,wk inc covid hosp,2,2026-09-26,40,quantile,0.65,51.0
2026-09-12,wk inc covid hosp,2,2026-09-26,40,quantile,0.7,58.0
2026-09-12,wk inc covid hosp,2,2026-09-26,40,quantile,0.75,64.0
2026-09-12,wk inc covid hosp,2,2026-09-26,40,quantile,0.8,69.0
2026-09-12,wk inc covid hosp,2,2026-09-26,40,quantile,0.85,76.0
2026-09-12,wk inc covid hosp,2,2026-09-26,40,quantile,0.9,88.0
2026-09-12,wk inc covid hosp,2,2026-09-26,40,quantile,0.95,119.0
2026-09-12,wk inc covid hosp,2,2026-09-26,40,quantile,0.975,144.0
2026-09-12,wk inc covid hosp,2,2026-09-26,40,quantile,0.99,170.0
2026-09-12,wk inc covid hosp,2,2026-09-26,41,quantile,0.01,10.0
2026-09-12,wk inc covid hosp,2,2026-09-26,41,quantile,0.025,11.0
2026-09-12,wk inc covid hosp,2,2026-09-26,41,quantile,0.05,17.0
2026-09-12,wk inc covid hosp,2,2026-09-26,41,quantile,0.1,21.0
2026-09-12,wk inc covid hosp,2,2026-09-26,41,quantile,0.15,23.0
2026-09-12,wk inc covid hosp,2,2026-09-26,41,quantile,0.2,25.0
2026-09-12,wk inc covid hosp,2,2026-09-26,41,quantile,0.25,26.0
2026-09-12,wk inc covid hosp,2,2026-09-26,41,quantile,0.3,27.0
2026-09-12,wk inc covid hosp,2,2026-09-26,41,quantile,0.35,29.0
2026-09-12,wk inc covid hosp,2,2026-09-26,41,quantile,0.4,30.0
2026-09-12,wk inc covid hosp,2,2026-09-26,41,quantile,0.45,32.0
2026-09-12,wk inc covid hosp,2,2026-09-26,41,quantile,0.5,33.0
2026-09-12,wk inc covid hosp,2,2026-09-26,41,quantile,0.55,34.0
2026-09-12,wk inc covid hosp,2,2026-09-26,41,quantile,0.6,36.0
2026-09-12,wk inc covid hosp,2,2026-09-26,41,quantile,0.65,38.0
2026-09-12,wk inc covid hosp,2,2026-09-26,41,quantile,0.7,40.0
2026-09-12,wk inc covid hosp,2,2026-09-26,41,quantile,0.75,47.0
2026-09-12,wk inc covid hosp,2,2026-09-26,41,quantile,0.8,50.0
2026-09-12,wk inc covid hosp,2,2026-09-26,41,quantile,0.85,53.0
2026-09-12,wk inc covid hosp,2,2026-09-26,41,quantile,0.9,58.0
2026-09-12,wk inc covid hosp,2,2026-09-26,41,quantile,0.95,67.0
2026-09-12,wk inc covid hosp,2,2026-09-26,41,quantile,0.975,81.0
2026-09-12,wk inc covid hosp,2,2026-09-26,41,quantile,0.99,99.0
2026-09-12,wk inc covid hosp,2,2026-09-26,42,quantile,0.01,42.0
2026-09-12,wk inc covid hosp,2,2026-09-26,42,quantile,0.025,53.0
2026-09-12,wk inc covid hosp,2,2026-09-26,42,quantile,0.05,72.0
2026-09-12,wk inc covid hosp,2,2026-09-26,42,quantile,0.1,96.0
2026-09-12,wk inc covid hosp,2,2026-09-26,42,quantile,0.15,126.0
2026-09-12,wk inc covid hosp,2,2026-09-26,42,quantile,0.2,134.0
2026-09-12,wk inc covid hosp,2,2026-09-26,42,quantile,0.25,139.0
2026-09-12,wk inc covid hosp,2,2026-09-26,42,quantile,0.3,144.0
2026-09-12,wk inc covid hosp,2,2026-09-26,42,quantile,0.35,152.0
2026-09-12,wk inc covid hosp,2,2026-09-26,42,quantile,0.4,155.0
2026-09-12,wk inc covid hosp,2,2026-09-26,42,quantile,0.45,160.0
2026-09-12,wk inc covid hosp,2,2026-09-26,42,quantile,0.5,164.0
2026-09-12,wk inc covid hosp,2,2026-09-26,42,quantile,0.55,168.0
2026-09-12,wk inc covid hosp,2,2026-09-26,42,quantile,0.6,179.0
2026-09-12,wk inc covid hosp,2,2026-09-26,42,quantile,0.65,193.0
2026-09-12,wk inc covid hosp,2,2026-09-26,42,quantile,0.7,200.0
2026-09-12,wk inc covid hosp,2,2026-09-26,42,quantile,0.75,207.0
2026-09-12,wk inc covid hosp,2,2026-09-26,42,quantile,0.8,215.0
2026-09-12,wk inc covid hosp,2,2026-09-26,42,quantile,0.85,226.0
2026-09-12,wk inc covid hosp,2,2026-09-26,42,quantile,0.9,272.0
2026-09-12,wk inc covid hosp,2,2026-09-26,42,quantile,0.95,301.0
2026-09-12,wk inc covid hosp,2,2026-09-26,42,quantile,0.975,350.0
2026-09-12,wk inc covid hosp,2,2026-09-26,42,quantile,0.99,400.0
2026-09-12,wk inc covid hosp,2,2026-09-26,44,quantile,0.01,4.0
2026-09-12,wk inc covid hosp,2,2026-09-26,44,quantile,0.025,4.0
2026-09-12,wk inc covid hosp,2,2026-09-26,44,quantile,0.05,5.0
2026-09-12,wk inc covid hosp,2,2026-09-26,44,quantile,0.1,7.0
2026-09-12,wk inc covid hosp,2,2026-09-26,44,quantile,0.15,8.0
2026-09-12,wk inc covid hosp,2,2026-09-26,44,quantile,0.2,9.0
2026-09-12,wk inc covid hosp,2,2026-09-26,44,quantile,0.25,10.0
2026-09-12,wk inc covid hosp,2,2026-09-26,44,quantile,0.3,11.0
2026-09-12,wk inc covid hosp,2,2026-09-26,44,quantile,0.35,11.0
2026-09-12,wk inc covid hosp,2,2026-09-26,44,quantile,0.4,12.0
2026-09-12,wk inc covid hosp,2,2026-09-26,44,quantile,0.45,13.0
2026-09-12,wk inc covid hosp,2,2026-09-26,44,quantile,0.5,13.0
2026-09-12,wk inc covid hosp,2,2026-09-26,44,quantile,0.55,14.0
2026-09-12,wk inc covid hosp,2,2026-09-26,44,quantile,0.6,15.0
2026-09-12,wk inc covid hosp,2,2026-09-26,44,quantile,0.65,16.0
2026-09-12,wk inc covid hosp,2,2026-09-26,44,quantile,0.7,17.0
2026-09-12,wk inc covid hosp,2,2026-09-26,44,quantile,0.75,19.0
2026-09-12,wk inc covid hosp,2,2026-09-26,44,quantile,0.8,21.0
2026-09-12,wk inc covid hosp,2,2026-09-26,44,quantile,0.85,24.0
2026-09-12,wk inc covid hosp,2,2026-09-26,44,quantile,0.9,27.0
2026-09-12,wk inc covid hosp,2,2026-09-26,44,quantile,0.95,31.0
2026-09-12,wk inc covid hosp,2,2026-09-26,44,quantile,0.975,38.0
2026-09-12,wk inc covid hosp,2,2026-09-26,44,quantile,0.99,47.0
2026-09-12,wk inc covid hosp,2,2026-09-26,45,quantile,0.01,29.0
2026-09-12,wk inc covid hosp,2,2026-09-26,45,quantile,0.025,32.0
2026-09-12,wk inc covid hosp,2,2026-09-26,45,quantile,0.05,39.0
2026-09-12,wk inc covid hosp,2,2026-09-26,45,quantile,0.1,47.0
2026-09-12,wk inc covid hosp,2,2026-09-26,45,quantile,0.15,59.0
2026-09-12,wk inc covid hosp,2,2026-09-26,45,quantile,0.2,64.0
2026-09-12,wk inc covid hosp,2,2026-09-26,45,quantile,0.25,69.0
2026-09-12,wk inc covid hosp,2,2026-09-26,45,quantile,0.3,73.0
2026-09-12,wk inc covid hosp,2,2026-09-26,45,quantile,0.35,78.0
2026-09-12,wk inc covid hosp,2,2026-09-26,45,quantile,0.4,80.0
2026-09-12,wk inc covid hosp,2,2026-09-26,45,quantile,0.45,85.0
2026-09-12,wk inc covid hosp,2,2026-09-26,45,quantile,0.5,88.0
2026-09-12,wk inc covid hosp,2,2026-09-26,45,quantile,0.55,92.0
2026-09-12,wk inc covid hosp,2,2026-09-26,45,quantile,0.6,98.0
2026-09-12,wk inc covid hosp,2,2026-09-26,45,quantile,0.65,106.0
2026-09-12,wk inc covid hosp,2,2026-09-26,45,quantile,0.7,113.0
2026-09-12,wk inc covid hosp,2,2026-09-26,45,quantile,0.75,119.0
2026-09-12,wk inc covid hosp,2,2026-09-26,45,quantile,0.8,124.0
2026-09-12,wk inc covid hosp,2,2026-09-26,45,quantile,0.85,133.0
2026-09-12,wk inc covid hosp,2,2026-09-26,45,quantile,0.9,147.0
2026-09-12,wk inc covid hosp,2,2026-09-26,45,quantile,0.95,169.0
2026-09-12,wk inc covid hosp,2,2026-09-26,45,quantile,0.975,213.0
2026-09-12,wk inc covid hosp,2,2026-09-26,45,quantile,0.99,256.0
2026-09-12,wk inc covid hosp,2,2026-09-26,46,quantile,0.01,1.0
2026-09-12,wk inc covid hosp,2,2026-09-26,46,quantile,0.025,1.0
2026-09-12,wk inc covid hosp,2,2026-09-26,46,quantile,0.05,2.0
2026-09-12,wk inc covid hosp,2,2026-09-26,46,quantile,0.1,2.0
2026-09-12,wk inc covid hosp,2,2026-09-26,46,quantile,0.15,3.0
2026-09-12,wk inc covid hosp,2,2026-09-26,46,quantile,0.2,4.0
2026-09-12,wk inc covid hosp,2,2026-09-26,46,quantile,0.25,5.0
2026-09-12,wk inc covid hosp,2,2026-09-26,46,quantile,0.3,6.0
2026-09-12,wk inc covid hosp,2,2026-09-26,46,quantile,0.35,7.0
2026-09-12,wk inc covid hosp,2,2026-09-26,46,quantile,0.4,8.0
2026-09-12,wk inc covid hosp,2,2026-09-26,46,quantile,0.45,8.0
2026-09-12,wk inc covid hosp,2,2026-09-26,46,quantile,0.5,9.0
2026-09-12,wk inc covid hosp,2,2026-09-26,46,quantile,0.55,10.0
2026-09-12,wk inc covid hosp,2,2026-09-26,46,quantile,0.6,10.0
2026-09-12,wk inc covid hosp,2,2026-09-26,46,quantile,0.65,11.0
2026-09-12,wk inc covid hosp,2,2026-09-26,46,quantile,0.7,16.0
2026-09-12,wk inc covid hosp,2,2026-09-26,46,quantile,0.75,19.0
2026-09-12,wk inc covid hosp,2,2026-09-26,46,quantile,0.8,21.0
2026-09-12,wk inc covid hosp,2,2026-09-26,46,quantile,0.85,24.0
2026-09-12,wk inc covid hosp,2,2026-09-26,46,quantile,0.9,30.0
2026-09-12,wk inc covid hosp,2,2026-09-26,46,quantile,0.95,45.0
2026-09-12,wk inc covid hosp,2,2026-09-26,46,quantile,0.975,53.0
2026-09-12,wk inc covid hosp,2,2026-09-26,46,quantile,0.99,74.0
2026-09-12,wk inc covid hosp,2,2026-09-26,47,quantile,0.01,25.0
2026-09-12,wk inc covid hosp,2,2026-09-26,47,quantile,0.025,29.0
2026-09-12,wk inc covid hosp,2,2026-09-26,47,quantile,0.05,34.0
2026-09-12,wk inc covid hosp,2,2026-09-26,47,quantile,0.1,43.0
2026-09-12,wk inc covid hosp,2,2026-09-26,47,quantile,0.15,52.0
2026-09-12,wk inc covid hosp,2,2026-09-26,47,quantile,0.2,58.0
2026-09-12,wk inc covid hosp,2,2026-09-26,47,quantile,0.25,63.0
2026-09-12,wk inc covid hosp,2,2026-09-26,47,quantile,0.3,69.0
2026-09-12,wk inc covid hosp,2,2026-09-26,47,quantile,0.35,73.0
2026-09-12,wk inc covid hosp,2,2026-09-26,47,quantile,0.4,77.0
2026-09-12,wk inc covid hosp,2,2026-09-26,47,quantile,0.45,81.0
2026-09-12,wk inc covid hosp,2,2026-09-26,47,quantile,0.5,85.0
2026-09-12,wk inc covid hosp,2,2026-09-26,47,quantile,0.55,89.0
2026-09-12,wk inc covid hosp,2,2026-09-26,47,quantile,0.6,93.0
2026-09-12,wk inc covid hosp,2,2026-09-26,47,quantile,0.65,99.0
2026-09-12,wk inc covid hosp,2,2026-09-26,47,quantile,0.7,110.0
2026-09-12,wk inc covid hosp,2,2026-09-26,47,quantile,0.75,117.0
2026-09-12,wk inc covid hosp,2,2026-09-26,47,quantile,0.8,126.0
2026-09-12,wk inc covid hosp,2,2026-09-26,47,quantile,0.85,136.0
2026-09-12,wk inc covid hosp,2,2026-09-26,47,quantile,0.9,150.0
2026-09-12,wk inc covid hosp,2,2026-09-26,47,quantile,0.95,199.0
2026-09-12,wk inc covid hosp,2,2026-09-26,47,quantile,0.975,256.0
2026-09-12,wk inc covid hosp,2,2026-09-26,47,quantile,0.99,310.0
2026-09-12,wk inc covid hosp,2,2026-09-26,48,quantile,0.01,63.0
2026-09-12,wk inc covid hosp,2,2026-09-26,48,quantile,0.025,113.0
2026-09-12,wk inc covid hosp,2,2026-09-26,48,quantile,0.05,166.0
2026-09-12,wk inc covid hosp,2,2026-09-26,48,quantile,0.1,220.0
2026-09-12,wk inc covid hosp,2,2026-09-26,48,quantile,0.15,286.0
2026-09-12,wk inc covid hosp,2,2026-09-26,48,quantile,0.2,359.0
2026-09-12,wk inc covid hosp,2,2026-09-26,48,quantile,0.25,395.0
2026-09-12,wk inc covid hosp,2,2026-09-26,48,quantile,0.3,419.0
2026-09-12,wk inc covid hosp,2,2026-09-26,48,quantile,0.35,442.0
2026-09-12,wk inc covid hosp,2,2026-09-26,48,quantile,0.4,471.0
2026-09-12,wk inc covid hosp,2,2026-09-26,48,quantile,0.45,503.0
2026-09-12,wk inc covid hosp,2,2026-09-26,48,quantile,0.5,523.0
2026-09-12,wk inc covid hosp,2,2026-09-26,48,quantile,0.55,553.0
2026-09-12,wk inc covid hosp,2,2026-09-26,48,quantile,0.6,595.0
2026-09-12,wk inc covid hosp,2,2026-09-26,48,quantile,0.65,648.0
2026-09-12,wk inc covid hosp,2,2026-09-26,48,quantile,0.7,694.0
2026-09-12,wk inc covid hosp,2,2026-09-26,48,quantile,0.75,733.0
2026-09-12,wk inc covid hosp,2,2026-09-26,48,quantile,0.8,782.0
2026-09-12,wk inc covid hosp,2,2026-09-26,48,quantile,0.85,850.0
2026-09-12,wk inc covid hosp,2,2026-09-26,48,quantile,0.9,931.0
2026-09-12,wk inc covid hosp,2,2026-09-26,48,quantile,0.95,1144.0
2026-09-12,wk inc covid hosp,2,2026-09-26,48,quantile,0.975,1330.0
2026-09-12,wk inc covid hosp,2,2026-09-26,48,quantile,0.99,1549.0
2026-09-12,wk inc covid hosp,2,2026-09-26,49,quantile,0.01,3.0
2026-09-12,wk inc covid hosp,2,2026-09-26,49,quantile,0.025,3.0
2026-09-12,wk inc covid hosp,2,2026-09-26,49,quantile,0.05,5.0
2026-09-12,wk inc covid hosp,2,2026-09-26,49,quantile,0.1,6.0
2026-09-12,wk inc covid hosp,2,2026-09-26,49,quantile,0.15,8.0
2026-09-12,wk inc covid hosp,2,2026-09-26,49,quantile,0.2,9.0
2026-09-12,wk inc covid hosp,2,2026-09-26,49,quantile,0.25,10.0
2026-09-12,wk inc covid hosp,2,2026-09-26,49,quantile,0.3,11.0
2026-09-12,wk inc covid hosp,2,2026-09-26,49,quantile,0.35,12.0
2026-09-12,wk inc covid hosp,2,2026-09-26,49,quantile,0.4,13.0
2026-09-12,wk inc covid hosp,2,2026-09-26,49,quantile,0.45,15.0
2026-09-12,wk inc covid hosp,2,2026-09-26,49,quantile,0.5,17.0
2026-09-12,wk inc covid hosp,2,2026-09-26,49,quantile,0.55,19.0
2026-09-12,wk inc covid hosp,2,2026-09-26,49,quantile,0.6,22.0
2026-09-12,wk inc covid hosp,2,2026-09-26,49,quantile,0.65,25.0
2026-09-12,wk inc covid hosp,2,2026-09-26,49,quantile,0.7,29.0
2026-09-12,wk inc covid hosp,2,2026-09-26,49,quantile,0.75,32.0
2026-09-12,wk inc covid hosp,2,2026-09-26,49,quantile,0.8,34.0
2026-09-12,wk inc covid hosp,2,2026-09-26,49,quantile,0.85,37.0
2026-09-12,wk inc covid hosp,2,2026-09-26,49,quantile,0.9,42.0
2026-09-12,wk inc covid hosp,2,2026-09-26,49,quantile,0.95,58.0
2026-09-12,wk inc covid hosp,2,2026-09-26,49,quantile,0.975,77.0
2026-09-12,wk inc covid hosp,2,2026-09-26,49,quantile,0.99,93.0
2026-09-12,wk inc covid hosp,2,2026-09-26,50,quantile,0.01,1.0
2026-09-12,wk inc covid hosp,2,2026-09-26,50,quantile,0.025,1.0
2026-09-12,wk inc covid hosp,2,2026-09-26,50,quantile,0.05,1.0
2026-09-12,wk inc covid hosp,2,2026-09-26,50,quantile,0.1,2.0
2026-09-12,wk inc covid hosp,2,2026-09-26,50,quantile,0.15,3.0
2026-09-12,wk inc covid hosp,2,2026-09-26,50,quantile,0.2,3.0
2026-09-12,wk inc covid hosp,2,2026-09-26,50,quantile,0.25,4.0
2026-09-12,wk inc covid hosp,2,2026-09-26,50,quantile,0.3,5.0
2026-09-12,wk inc covid hosp,2,2026-09-26,50,quantile,0.35,6.0
2026-09-12,wk inc covid hosp,2,2026-09-26,50,quantile,0.4,6.0
2026-09-12,wk inc covid hosp,2,2026-09-26,50,quantile,0.45,7.0
2026-09-12,wk inc covid hosp,2,2026-09-26,50,quantile,0.5,7.0
2026-09-12,wk inc covid hosp,2,2026-09-26,50,quantile,0.55,8.0
2026-09-12,wk inc covid hosp,2,2026-09-26,50,quantile,0.6,8.0
2026-09-12,wk inc covid hosp,2,2026-09-26,50,quantile,0.65,9.0
2026-09-12,wk inc covid hosp,2,2026-09-26,50,quantile,0.7,10.0
2026-09-12,wk inc covid hosp,2,2026-09-26,50,quantile,0.75,15.0
2026-09-12,wk inc covid hosp,2,2026-09-26,50,quantile,0.8,18.0
2026-09-12,wk inc covid hosp,2,2026-09-26,50,quantile,0.85,20.0
2026-09-12,wk inc covid hosp,2,2026-09-26,50,quantile,0.9,23.0
2026-09-12,wk inc covid hosp,2,2026-09-26,50,quantile,0.95,29.0
2026-09-12,wk inc covid hosp,2,2026-09-26,50,quantile,0.975,36.0
2026-09-12,wk inc covid hosp,2,2026-09-26,50,quantile,0.99,48.0
2026-09-12,wk inc covid hosp,2,2026-09-26,51,quantile,0.01,16.0
2026-09-12,wk inc covid hosp,2,2026-09-26,51,quantile,0.025,18.0
2026-09-12,wk inc covid hosp,2,2026-09-26,51,quantile,0.05,22.0
2026-09-12,wk inc covid hosp,2,2026-09-26,51,quantile,0.1,30.0
2026-09-12,wk inc covid hosp,2,2026-09-26,51,quantile,0.15,36.0
2026-09-12,wk inc covid hosp,2,2026-09-26,51,quantile,0.2,39.0
2026-09-12,wk inc covid hosp,2,2026-09-26,51,quantile,0.25,42.0
2026-09-12,wk inc covid hosp,2,2026-09-26,51,quantile,0.3,45.0
2026-09-12,wk inc covid hosp,2,2026-09-26,51,quantile,0.35,49.0
2026-09-12,wk inc covid hosp,2,2026-09-26,51,quantile,0.4,51.0
2026-09-12,wk inc covid hosp,2,2026-09-26,51,quantile,0.45,54.0
2026-09-12,wk inc covid hosp,2,2026-09-26,51,quantile,0.5,57.0
2026-09-12,wk inc covid hosp,2,2026-09-26,51,quantile,0.55,60.0
2026-09-12,wk inc covid hosp,2,2026-09-26,51,quantile,0.6,65.0
2026-09-12,wk inc covid hosp,2,2026-09-26,51,quantile,0.65,70.0
2026-09-12,wk inc covid hosp,2,2026-09-26,51,quantile,0.7,84.0
2026-09-12,wk inc covid hosp,2,2026-09-26,51,quantile,0.75,89.0
2026-09-12,wk inc covid hosp,2,2026-09-26,51,quantile,0.8,94.0
2026-09-12,wk inc covid hosp,2,2026-09-26,51,quantile,0.85,102.0
2026-09-12,wk inc covid hosp,2,2026-09-26,51,quantile,0.9,115.0
2026-09-12,wk inc covid hosp,2,2026-09-26,51,quantile,0.95,140.0
2026-09-12,wk inc covid hosp,2,2026-09-26,51,quantile,0.975,175.0
2026-09-12,wk inc covid hosp,2,2026-09-26,51,quantile,0.99,210.0
2026-09-12,wk inc covid hosp,2,2026-09-26,53,quantile,0.01,14.0
2026-09-12,wk inc covid hosp,2,2026-09-26,53,quantile,0.025,16.0
2026-09-12,wk inc covid hosp,2,2026-09-26,53,quantile,0.05,20.0
2026-09-12,wk inc covid hosp,2,2026-09-26,53,quantile,0.1,30.0
2026-09-12,wk inc covid hosp,2,2026-09-26,53,quantile,0.15,35.0
2026-09-12,wk inc covid hosp,2,2026-09-26,53,quantile,0.2,40.0
2026-09-12,wk inc covid hosp,2,2026-09-26,53,quantile,0.25,42.0
2026-09-12,wk inc covid hosp,2,2026-09-26,53,quantile,0.3,45.0
2026-09-12,wk inc covid hosp,2,2026-09-26,53,quantile,0.35,47.0
2026-09-12,wk inc covid hosp,2,2026-09-26,53,quantile,0.4,49.0
2026-09-12,wk inc covid hosp,2,2026-09-26,53,quantile,0.45,51.0
2026-09-12,wk inc covid hosp,2,2026-09-26,53,quantile,0.5,53.0
2026-09-12,wk inc covid hosp,2,2026-09-26,53,quantile,0.55,57.0
2026-09-12,wk inc covid hosp,2,2026-09-26,53,quantile,0.6,62.0
2026-09-12,wk inc covid hosp,2,2026-09-26,53,quantile,0.65,69.0
2026-09-12,wk inc covid hosp,2,2026-09-26,53,quantile,0.7,74.0
2026-09-12,wk inc covid hosp,2,2026-09-26,53,quantile,0.75,81.0
2026-09-12,wk inc covid hosp,2,2026-09-26,53,quantile,0.8,88.0
2026-09-12,wk inc covid hosp,2,2026-09-26,53,quantile,0.85,96.0
2026-09-12,wk inc covid hosp,2,2026-09-26,53,quantile,0.9,107.0
2026-09-12,wk inc covid hosp,2,2026-09-26,53,quantile,0.95,132.0
2026-09-12,wk inc covid hosp,2,2026-09-26,53,quantile,0.975,166.0
2026-09-12,wk inc covid hosp,2,2026-09-26,53,quantile,0.99,213.0
2026-09-12,wk inc covid hosp,2,2026-09-26,54,quantile,0.01,2.0
2026-09-12,wk inc covid hosp,2,2026-09-26,54,quantile,0.025,2.0
2026-09-12,wk inc covid hosp,2,2026-09-26,54,quantile,0.05,3.0
2026-09-12,wk inc covid hosp,2,2026-09-26,54,quantile,0.1,4.0
2026-09-12,wk inc covid hosp,2,2026-09-26,54,quantile,0.15,6.0
2026-09-12,wk inc covid hosp,2,2026-09-26,54,quantile,0.2,7.0
2026-09-12,wk inc covid hosp,2,2026-09-26,54,quantile,0.25,8.0
2026-09-12,wk inc covid hosp,2,2026-09-26,54,quantile,0.3,11.0
2026-09-12,wk inc covid hosp,2,2026-09-26,54,quantile,0.35,13.0
2026-09-12,wk inc covid hosp,2,2026-09-26,54,quantile,0.4,15.0
2026-09-12,wk inc covid hosp,2,2026-09-26,54,quantile,0.45,16.0
2026-09-12,wk inc covid hosp,2,2026-09-26,54,quantile,0.5,18.0
2026-09-12,wk inc covid hosp,2,2026-09-26,54,quantile,0.55,19.0
2026-09-12,wk inc covid hosp,2,2026-09-26,54,quantile,0.6,21.0
2026-09-12,wk inc covid hosp,2,2026-09-26,54,quantile,0.65,22.0
2026-09-12,wk inc covid hosp,2,2026-09-26,54,quantile,0.7,27.0
2026-09-12,wk inc covid hosp,2,2026-09-26,54,quantile,0.75,32.0
2026-09-12,wk inc covid hosp,2,2026-09-26,54,quantile,0.8,34.0
2026-09-12,wk inc covid hosp,2,2026-09-26,54,quantile,0.85,37.0
2026-09-12,wk inc covid hosp,2,2026-09-26,54,quantile,0.9,42.0
2026-09-12,wk inc covid hosp,2,2026-09-26,54,quantile,0.95,60.0
2026-09-12,wk inc covid hosp,2,2026-09-26,54,quantile,0.975,82.0
2026-09-12,wk inc covid hosp,2,2026-09-26,54,quantile,0.99,99.0
2026-09-12,wk inc covid hosp,2,2026-09-26,55,quantile,0.01,11.0
2026-09-12,wk inc covid hosp,2,2026-09-26,55,quantile,0.025,12.0
2026-09-12,wk inc covid hosp,2,2026-09-26,55,quantile,0.05,15.0
2026-09-12,wk inc covid hosp,2,2026-09-26,55,quantile,0.1,20.0
2026-09-12,wk inc covid hosp,2,2026-09-26,55,quantile,0.15,24.0
2026-09-12,wk inc covid hosp,2,2026-09-26,55,quantile,0.2,27.0
2026-09-12,wk inc covid hosp,2,2026-09-26,55,quantile,0.25,30.0
2026-09-12,wk inc covid hosp,2,2026-09-26,55,quantile,0.3,31.0
2026-09-12,wk inc covid hosp,2,2026-09-26,55,quantile,0.35,34.0
2026-09-12,wk inc covid hosp,2,2026-09-26,55,quantile,0.4,35.0
2026-09-12,wk inc covid hosp,2,2026-09-26,55,quantile,0.45,36.0
2026-09-12,wk inc covid hosp,2,2026-09-26,55,quantile,0.5,38.0
2026-09-12,wk inc covid hosp,2,2026-09-26,55,quantile,0.55,40.0
2026-09-12,wk inc covid hosp,2,2026-09-26,55,quantile,0.6,42.0
2026-09-12,wk inc covid hosp,2,2026-09-26,55,quantile,0.65,45.0
2026-09-12,wk inc covid hosp,2,2026-09-26,55,quantile,0.7,50.0
2026-09-12,wk inc covid hosp,2,2026-09-26,55,quantile,0.75,56.0
2026-09-12,wk inc covid hosp,2,2026-09-26,55,quantile,0.8,60.0
2026-09-12,wk inc covid hosp,2,2026-09-26,55,quantile,0.85,68.0
2026-09-12,wk inc covid hosp,2,2026-09-26,55,quantile,0.9,74.0
2026-09-12,wk inc covid hosp,2,2026-09-26,55,quantile,0.95,99.0
2026-09-12,wk inc covid hosp,2,2026-09-26,55,quantile,0.975,113.0
2026-09-12,wk inc covid hosp,2,2026-09-26,55,quantile,0.99,130.0
2026-09-12,wk inc covid hosp,2,2026-09-26,56,quantile,0.01,0.0
2026-09-12,wk inc covid hosp,2,2026-09-26,56,quantile,0.025,1.0
2026-09-12,wk inc covid hosp,2,2026-09-26,56,quantile,0.05,1.0
2026-09-12,wk inc covid hosp,2,2026-09-26,56,quantile,0.1,2.0
2026-09-12,wk inc covid hosp,2,2026-09-26,56,quantile,0.15,3.0
2026-09-12,wk inc covid hosp,2,2026-09-26,56,quantile,0.2,3.0
2026-09-12,wk inc covid hosp,2,2026-09-26,56,quantile,0.25,4.0
2026-09-12,wk inc covid hosp,2,2026-09-26,56,quantile,0.3,5.0
2026-09-12,wk inc covid hosp,2,2026-09-26,56,quantile,0.35,5.0
2026-09-12,wk inc covid hosp,2,2026-09-26,56,quantile,0.4,5.0
2026-09-12,wk inc covid hosp,2,2026-09-26,56,quantile,0.45,6.0
2026-09-12,wk inc covid hosp,2,2026-09-26,56,quantile,0.5,7.0
2026-09-12,wk inc covid hosp,2,2026-09-26,56,quantile,0.55,8.0
2026-09-12,wk inc covid hosp,2,2026-09-26,56,quantile,0.6,9.0
2026-09-12,wk inc covid hosp,2,2026-09-26,56,quantile,0.65,10.0
2026-09-12,wk inc covid hosp,2,2026-09-26,56,quantile,0.7,11.0
2026-09-12,wk inc covid hosp,2,2026-09-26,56,quantile,0.75,13.0
2026-09-12,wk inc covid hosp,2,2026-09-26,56,quantile,0.8,14.0
2026-09-12,wk inc covid hosp,2,2026-09-26,56,quantile,0.85,17.0
2026-09-12,wk inc covid hosp,2,2026-09-26,56,quantile,0.9,21.0
2026-09-12,wk inc covid hosp,2,2026-09-26,56,quantile,0.95,37.0
2026-09-12,wk inc covid hosp,2,2026-09-26,56,quantile,0.975,55.0
2026-09-12,wk inc covid hosp,2,2026-09-26,56,quantile,0.99,72.0
2026-09-12,wk inc covid hosp,2,2026-09-26,72,quantile,0.01,2.0
2026-09-12,wk inc covid hosp,2,2026-09-26,72,quantile,0.025,3.0
2026-09-12,wk inc covid hosp,2,2026-09-26,72,quantile,0.05,5.0
2026-09-12,wk inc covid hosp,2,2026-09-26,72,quantile,0.1,8.0
2026-09-12,wk inc covid hosp,2,2026-09-26,72,quantile,0.15,10.0
2026-09-12,wk inc covid hosp,2,2026-09-26,72,quantile,0.2,13.0
2026-09-12,wk inc covid hosp,2,2026-09-26,72,quantile,0.25,18.0
2026-09-12,wk inc covid hosp,2,2026-09-26,72,quantile,0.3,21.0
2026-09-12,wk inc covid hosp,2,2026-09-26,72,quantile,0.35,23.0
2026-09-12,wk inc covid hosp,2,2026-09-26,72,quantile,0.4,26.0
2026-09-12,wk inc covid hosp,2,2026-09-26,72,quantile,0.45,30.0
2026-09-12,wk inc covid hosp,2,2026-09-26,72,quantile,0.5,34.0
2026-09-12,wk inc covid hosp,2,2026-09-26,72,quantile,0.55,37.0
2026-09-12,wk inc covid hosp,2,2026-09-26,72,quantile,0.6,41.0
2026-09-12,wk inc covid hosp,2,2026-09-26,72,quantile,0.65,45.0
2026-09-12,wk inc covid hosp,2,2026-09-26,72,quantile,0.7,52.0
2026-09-12,wk inc covid hosp,2,2026-09-26,72,quantile,0.75,59.0
2026-09-12,wk inc covid hosp,2,2026-09-26,72,quantile,0.8,64.0
2026-09-12,wk inc covid hosp,2,2026-09-26,72,quantile,0.85,76.0
2026-09-12,wk inc covid hosp,2,2026-09-26,72,quantile,0.9,89.0
2026-09-12,wk inc covid hosp,2,2026-09-26,72,quantile,0.95,115.0
2026-09-12,wk inc covid hosp,2,2026-09-26,72,quantile,0.975,160.0
2026-09-12,wk inc covid hosp,2,2026-09-26,72,quantile,0.99,220.0
2026-09-12,wk inc covid hosp,3,2026-10-03,01,quantile,0.01,16.0
2026-09-12,wk inc covid hosp,3,2026-10-03,01,quantile,0.025,20.0
2026-09-12,wk inc covid hosp,3,2026-10-03,01,quantile,0.05,25.0
2026-09-12,wk inc covid hosp,3,2026-10-03,01,quantile,0.1,33.0
2026-09-12,wk inc covid hosp,3,2026-10-03,01,quantile,0.15,40.0
2026-09-12,wk inc covid hosp,3,2026-10-03,01,quantile,0.2,46.0
2026-09-12,wk inc covid hosp,3,2026-10-03,01,quantile,0.25,55.0
2026-09-12,wk inc covid hosp,3,2026-10-03,01,quantile,0.3,63.0
2026-09-12,wk inc covid hosp,3,2026-10-03,01,quantile,0.35,67.0
2026-09-12,wk inc covid hosp,3,2026-10-03,01,quantile,0.4,70.0
2026-09-12,wk inc covid hosp,3,2026-10-03,01,quantile,0.45,75.0
2026-09-12,wk inc covid hosp,3,2026-10-03,01,quantile,0.5,79.0
2026-09-12,wk inc covid hosp,3,2026-10-03,01,quantile,0.55,86.0
2026-09-12,wk inc covid hosp,3,2026-10-03,01,quantile,0.6,93.0
2026-09-12,wk inc covid hosp,3,2026-10-03,01,quantile,0.65,106.0
2026-09-12,wk inc covid hosp,3,2026-10-03,01,quantile,0.7,122.0
2026-09-12,wk inc covid hosp,3,2026-10-03,01,quantile,0.75,129.0
2026-09-12,wk inc covid hosp,3,2026-10-03,01,quantile,0.8,138.0
2026-09-12,wk inc covid hosp,3,2026-10-03,01,quantile,0.85,148.0
2026-09-12,wk inc covid hosp,3,2026-10-03,01,quantile,0.9,170.0
2026-09-12,wk inc covid hosp,3,2026-10-03,01,quantile,0.95,221.0
2026-09-12,wk inc covid hosp,3,2026-10-03,01,quantile,0.975,253.0
2026-09-12,wk inc covid hosp,3,2026-10-03,01,quantile,0.99,301.0
2026-09-12,wk inc covid hosp,3,2026-10-03,02,quantile,0.01,1.0
2026-09-12,wk inc covid hosp,3,2026-10-03,02,quantile,0.025,1.0
2026-09-12,wk inc covid hosp,3,2026-10-03,02,quantile,0.05,2.0
2026-09-12,wk inc covid hosp,3,2026-10-03,02,quantile,0.1,2.0
2026-09-12,wk inc covid hosp,3,2026-10-03,02,quantile,0.15,3.0
2026-09-12,wk inc covid hosp,3,2026-10-03,02,quantile,0.2,3.0
2026-09-12,wk inc covid hosp,3,2026-10-03,02,quantile,0.25,3.0
2026-09-12,wk inc covid hosp,3,2026-10-03,02,quantile,0.3,4.0
2026-09-12,wk inc covid hosp,3,2026-10-03,02,quantile,0.35,4.0
2026-09-12,wk inc covid hosp,3,2026-10-03,02,quantile,0.4,5.0
2026-09-12,wk inc covid hosp,3,2026-10-03,02,quantile,0.45,5.0
2026-09-12,wk inc covid hosp,3,2026-10-03,02,quantile,0.5,6.0
2026-09-12,wk inc covid hosp,3,2026-10-03,02,quantile,0.55,7.0
2026-09-12,wk inc covid hosp,3,2026-10-03,02,quantile,0.6,8.0
2026-09-12,wk inc covid hosp,3,2026-10-03,02,quantile,0.65,10.0
2026-09-12,wk inc covid hosp,3,2026-10-03,02,quantile,0.7,11.0
2026-09-12,wk inc covid hosp,3,2026-10-03,02,quantile,0.75,13.0
2026-09-12,wk inc covid hosp,3,2026-10-03,02,quantile,0.8,14.0
2026-09-12,wk inc covid hosp,3,2026-10-03,02,quantile,0.85,18.0
2026-09-12,wk inc covid hosp,3,2026-10-03,02,quantile,0.9,21.0
2026-09-12,wk inc covid hosp,3,2026-10-03,02,quantile,0.95,34.0
2026-09-12,wk inc covid hosp,3,2026-10-03,02,quantile,0.975,50.0
2026-09-12,wk inc covid hosp,3,2026-10-03,02,quantile,0.99,63.0
2026-09-12,wk inc covid hosp,3,2026-10-03,04,quantile,0.01,35.0
2026-09-12,wk inc covid hosp,3,2026-10-03,04,quantile,0.025,38.0
2026-09-12,wk inc covid hosp,3,2026-10-03,04,quantile,0.05,43.0
2026-09-12,wk inc covid hosp,3,2026-10-03,04,quantile,0.1,51.0
2026-09-12,wk inc covid hosp,3,2026-10-03,04,quantile,0.15,60.0
2026-09-12,wk inc covid hosp,3,2026-10-03,04,quantile,0.2,64.0
2026-09-12,wk inc covid hosp,3,2026-10-03,04,quantile,0.25,68.0
2026-09-12,wk inc covid hosp,3,2026-10-03,04,quantile,0.3,72.0
2026-09-12,wk inc covid hosp,3,2026-10-03,04,quantile,0.35,76.0
2026-09-12,wk inc covid hosp,3,2026-10-03,04,quantile,0.4,80.0
2026-09-12,wk inc covid hosp,3,2026-10-03,04,quantile,0.45,84.0
2026-09-12,wk inc covid hosp,3,2026-10-03,04,quantile,0.5,88.0
2026-09-12,wk inc covid hosp,3,2026-10-03,04,quantile,0.55,94.0
2026-09-12,wk inc covid hosp,3,2026-10-03,04,quantile,0.6,100.0
2026-09-12,wk inc covid hosp,3,2026-10-03,04,quantile,0.65,108.0
2026-09-12,wk inc covid hosp,3,2026-10-03,04,quantile,0.7,132.0
2026-09-12,wk inc covid hosp,3,2026-10-03,04,quantile,0.75,140.0
2026-09-12,wk inc covid hosp,3,2026-10-03,04,quantile,0.8,149.0
2026-09-12,wk inc covid hosp,3,2026-10-03,04,quantile,0.85,164.0
2026-09-12,wk inc covid hosp,3,2026-10-03,04,quantile,0.9,183.0
2026-09-12,wk inc covid hosp,3,2026-10-03,04,quantile,0.95,241.0
2026-09-12,wk inc covid hosp,3,2026-10-03,04,quantile,0.975,294.0
2026-09-12,wk inc covid hosp,3,2026-10-03,04,quantile,0.99,344.0
2026-09-12,wk inc covid hosp,3,2026-10-03,05,quantile,0.01,4.0
2026-09-12,wk inc covid hosp,3,2026-10-03,05,quantile,0.025,5.0
2026-09-12,wk inc covid hosp,3,2026-10-03,05,quantile,0.05,7.0
2026-09-12,wk inc covid hosp,3,2026-10-03,05,quantile,0.1,10.0
2026-09-12,wk inc covid hosp,3,2026-10-03,05,quantile,0.15,13.0
2026-09-12,wk inc covid hosp,3,2026-10-03,05,quantile,0.2,14.0
2026-09-12,wk inc covid hosp,3,2026-10-03,05,quantile,0.25,15.0
2026-09-12,wk inc covid hosp,3,2026-10-03,05,quantile,0.3,16.0
2026-09-12,wk inc covid hosp,3,2026-10-03,05,quantile,0.35,17.0
2026-09-12,wk inc covid hosp,3,2026-10-03,05,quantile,0.4,18.0
2026-09-12,wk inc covid hosp,3,2026-10-03,05,quantile,0.45,19.0
2026-09-12,wk inc covid hosp,3,2026-10-03,05,quantile,0.5,20.0
2026-09-12,wk inc covid hosp,3,2026-10-03,05,quantile,0.55,22.0
2026-09-12,wk inc covid hosp,3,2026-10-03,05,quantile,0.6,24.0
2026-09-12,wk inc covid hosp,3,2026-10-03,05,quantile,0.65,28.0
2026-09-12,wk inc covid hosp,3,2026-10-03,05,quantile,0.7,33.0
2026-09-12,wk inc covid hosp,3,2026-10-03,05,quantile,0.75,36.0
2026-09-12,wk inc covid hosp,3,2026-10-03,05,quantile,0.8,40.0
2026-09-12,wk inc covid hosp,3,2026-10-03,05,quantile,0.85,46.0
2026-09-12,wk inc covid hosp,3,2026-10-03,05,quantile,0.9,54.0
2026-09-12,wk inc covid hosp,3,2026-10-03,05,quantile,0.95,68.0
2026-09-12,wk inc covid hosp,3,2026-10-03,05,quantile,0.975,83.0
2026-09-12,wk inc covid hosp,3,2026-10-03,05,quantile,0.99,99.0
2026-09-12,wk inc covid hosp,3,2026-10-03,06,quantile,0.01,285.0
2026-09-12,wk inc covid hosp,3,2026-10-03,06,quantile,0.025,300.0
2026-09-12,wk inc covid hosp,3,2026-10-03,06,quantile,0.05,324.0
2026-09-12,wk inc covid hosp,3,2026-10-03,06,quantile,0.1,364.0
2026-09-12,wk inc covid hosp,3,2026-10-03,06,quantile,0.15,402.0
2026-09-12,wk inc covid hosp,3,2026-10-03,06,quantile,0.2,442.0
2026-09-12,wk inc covid hosp,3,2026-10-03,06,quantile,0.25,468.0
2026-09-12,wk inc covid hosp,3,2026-10-03,06,quantile,0.3,496.0
2026-09-12,wk inc covid hosp,3,2026-10-03,06,quantile,0.35,535.0
2026-09-12,wk inc covid hosp,3,2026-10-03,06,quantile,0.4,557.0
2026-09-12,wk inc covid hosp,3,2026-10-03,06,quantile,0.45,577.0
2026-09-12,wk inc covid hosp,3,2026-10-03,06,quantile,0.5,613.0
2026-09-12,wk inc covid hosp,3,2026-10-03,06,quantile,0.55,648.0
2026-09-12,wk inc covid hosp,3,2026-10-03,06,quantile,0.6,689.0
2026-09-12,wk inc covid hosp,3,2026-10-03,06,quantile,0.65,748.0
2026-09-12,wk inc covid hosp,3,2026-10-03,06,quantile,0.7,830.0
2026-09-12,wk inc covid hosp,3,2026-10-03,06,quantile,0.75,880.0
2026-09-12,wk inc covid hosp,3,2026-10-03,06,quantile,0.8,930.0
2026-09-12,wk inc covid hosp,3,2026-10-03,06,quantile,0.85,1001.0
2026-09-12,wk inc covid hosp,3,2026-10-03,06,quantile,0.9,1097.0
2026-09-12,wk inc covid hosp,3,2026-10-03,06,quantile,0.95,1257.0
2026-09-12,wk inc covid hosp,3,2026-10-03,06,quantile,0.975,1454.0
2026-09-12,wk inc covid hosp,3,2026-10-03,06,quantile,0.99,1745.0
2026-09-12,wk inc covid hosp,3,2026-10-03,08,quantile,0.01,16.0
2026-09-12,wk inc covid hosp,3,2026-10-03,08,quantile,0.025,17.0
2026-09-12,wk inc covid hosp,3,2026-10-03,08,quantile,0.05,19.0
2026-09-12,wk inc covid hosp,3,2026-10-03,08,quantile,0.1,22.0
2026-09-12,wk inc covid hosp,3,2026-10-03,08,quantile,0.15,25.0
2026-09-12,wk inc covid hosp,3,2026-10-03,08,quantile,0.2,27.0
2026-09-12,wk inc covid hosp,3,2026-10-03,08,quantile,0.25,29.0
2026-09-12,wk inc covid hosp,3,2026-10-03,08,quantile,0.3,30.0
2026-09-12,wk inc covid hosp,3,2026-10-03,08,quantile,0.35,32.0
2026-09-12,wk inc covid hosp,3,2026-10-03,08,quantile,0.4,34.0
2026-09-12,wk inc covid hosp,3,2026-10-03,08,quantile,0.45,36.0
2026-09-12,wk inc covid hosp,3,2026-10-03,08,quantile,0.5,39.0
2026-09-12,wk inc covid hosp,3,2026-10-03,08,quantile,0.55,42.0
2026-09-12,wk inc covid hosp,3,2026-10-03,08,quantile,0.6,45.0
2026-09-12,wk inc covid hosp,3,2026-10-03,08,quantile,0.65,49.0
2026-09-12,wk inc covid hosp,3,2026-10-03,08,quantile,0.7,63.0
2026-09-12,wk inc covid hosp,3,2026-10-03,08,quantile,0.75,68.0
2026-09-12,wk inc covid hosp,3,2026-10-03,08,quantile,0.8,74.0
2026-09-12,wk inc covid hosp,3,2026-10-03,08,quantile,0.85,80.0
2026-09-12,wk inc covid hosp,3,2026-10-03,08,quantile,0.9,90.0
2026-09-12,wk inc covid hosp,3,2026-10-03,08,quantile,0.95,119.0
2026-09-12,wk inc covid hosp,3,2026-10-03,08,quantile,0.975,142.0
2026-09-12,wk inc covid hosp,3,2026-10-03,08,quantile,0.99,166.0
2026-09-12,wk inc covid hosp,3,2026-10-03,09,quantile,0.01,6.0
2026-09-12,wk inc covid hosp,3,2026-10-03,09,quantile,0.025,7.0
2026-09-12,wk inc covid hosp,3,2026-10-03,09,quantile,0.05,8.0
2026-09-12,wk inc covid hosp,3,2026-10-03,09,quantile,0.1,10.0
2026-09-12,wk inc covid hosp,3,2026-10-03,09,quantile,0.15,12.0
2026-09-12,wk inc covid hosp,3,2026-10-03,09,quantile,0.2,14.0
2026-09-12,wk inc covid hosp,3,2026-10-03,09,quantile,0.25,15.0
2026-09-12,wk inc covid hosp,3,2026-10-03,09,quantile,0.3,16.0
2026-09-12,wk inc covid hosp,3,2026-10-03,09,quantile,0.35,17.0
2026-09-12,wk inc covid hosp,3,2026-10-03,09,quantile,0.4,17.0
2026-09-12,wk inc covid hosp,3,2026-10-03,09,quantile,0.45,18.0
2026-09-12,wk inc covid hosp,3,2026-10-03,09,quantile,0.5,20.0
2026-09-12,wk inc covid hosp,3,2026-10-03,09,quantile,0.55,24.0
2026-09-12,wk inc covid hosp,3,2026-10-03,09,quantile,0.6,25.0
2026-09-12,wk inc covid hosp,3,2026-10-03,09,quantile,0.65,30.0
2026-09-12,wk inc covid hosp,3,2026-10-03,09,quantile,0.7,33.0
2026-09-12,wk inc covid hosp,3,2026-10-03,09,quantile,0.75,36.0
2026-09-12,wk inc covid hosp,3,2026-10-03,09,quantile,0.8,39.0
2026-09-12,wk inc covid hosp,3,2026-10-03,09,quantile,0.85,43.0
2026-09-12,wk inc covid hosp,3,2026-10-03,09,quantile,0.9,49.0
2026-09-12,wk inc covid hosp,3,2026-10-03,09,quantile,0.95,67.0
2026-09-12,wk inc covid hosp,3,2026-10-03,09,quantile,0.975,79.0
2026-09-12,wk inc covid hosp,3,2026-10-03,09,quantile,0.99,99.0
2026-09-12,wk inc covid hosp,3,2026-10-03,10,quantile,0.01,2.0
2026-09-12,wk inc covid hosp,3,2026-10-03,10,quantile,0.025,3.0
2026-09-12,wk inc covid hosp,3,2026-10-03,10,quantile,0.05,4.0
2026-09-12,wk inc covid hosp,3,2026-10-03,10,quantile,0.1,5.0
2026-09-12,wk inc covid hosp,3,2026-10-03,10,quantile,0.15,5.0
2026-09-12,wk inc covid hosp,3,2026-10-03,10,quantile,0.2,6.0
2026-09-12,wk inc covid hosp,3,2026-10-03,10,quantile,0.25,7.0
2026-09-12,wk inc covid hosp,3,2026-10-03,10,quantile,0.3,8.0
2026-09-12,wk inc covid hosp,3,2026-10-03,10,quantile,0.35,9.0
2026-09-12,wk inc covid hosp,3,2026-10-03,10,quantile,0.4,10.0
2026-09-12,wk inc covid hosp,3,2026-10-03,10,quantile,0.45,10.0
2026-09-12,wk inc covid hosp,3,2026-10-03,10,quantile,0.5,11.0
2026-09-12,wk inc covid hosp,3,2026-10-03,10,quantile,0.55,14.0
2026-09-12,wk inc covid hosp,3,2026-10-03,10,quantile,0.6,15.0
2026-09-12,wk inc covid hosp,3,2026-10-03,10,quantile,0.65,17.0
2026-09-12,wk inc covid hosp,3,2026-10-03,10,quantile,0.7,19.0
2026-09-12,wk inc covid hosp,3,2026-10-03,10,quantile,0.75,20.0
2026-09-12,wk inc covid hosp,3,2026-10-03,10,quantile,0.8,22.0
2026-09-12,wk inc covid hosp,3,2026-10-03,10,quantile,0.85,26.0
2026-09-12,wk inc covid hosp,3,2026-10-03,10,quantile,0.9,33.0
2026-09-12,wk inc covid hosp,3,2026-10-03,10,quantile,0.95,42.0
2026-09-12,wk inc covid hosp,3,2026-10-03,10,quantile,0.975,56.0
2026-09-12,wk inc covid hosp,3,2026-10-03,10,quantile,0.99,71.0
2026-09-12,wk inc covid hosp,3,2026-10-03,11,quantile,0.01,0.0
2026-09-12,wk inc covid hosp,3,2026-10-03,11,quantile,0.025,0.0
2026-09-12,wk inc covid hosp,3,2026-10-03,11,quantile,0.05,1.0
2026-09-12,wk inc covid hosp,3,2026-10-03,11,quantile,0.1,2.0
2026-09-12,wk inc covid hosp,3,2026-10-03,11,quantile,0.15,3.0
2026-09-12,wk inc covid hosp,3,2026-10-03,11,quantile,0.2,3.0
2026-09-12,wk inc covid hosp,3,2026-10-03,11,quantile,0.25,4.0
2026-09-12,wk inc covid hosp,3,2026-10-03,11,quantile,0.3,5.0
2026-09-12,wk inc covid hosp,3,2026-10-03,11,quantile,0.35,5.0
2026-09-12,wk inc covid hosp,3,2026-10-03,11,quantile,0.4,6.0
2026-09-12,wk inc covid hosp,3,2026-10-03,11,quantile,0.45,7.0
2026-09-12,wk inc covid hosp,3,2026-10-03,11,quantile,0.5,8.0
2026-09-12,wk inc covid hosp,3,2026-10-03,11,quantile,0.55,9.0
2026-09-12,wk inc covid hosp,3,2026-10-03,11,quantile,0.6,10.0
2026-09-12,wk inc covid hosp,3,2026-10-03,11,quantile,0.65,12.0
2026-09-12,wk inc covid hosp,3,2026-10-03,11,quantile,0.7,17.0
2026-09-12,wk inc covid hosp,3,2026-10-03,11,quantile,0.75,19.0
2026-09-12,wk inc covid hosp,3,2026-10-03,11,quantile,0.8,21.0
2026-09-12,wk inc covid hosp,3,2026-10-03,11,quantile,0.85,26.0
2026-09-12,wk inc covid hosp,3,2026-10-03,11,quantile,0.9,29.0
2026-09-12,wk inc covid hosp,3,2026-10-03,11,quantile,0.95,36.0
2026-09-12,wk inc covid hosp,3,2026-10-03,11,quantile,0.975,46.0
2026-09-12,wk inc covid hosp,3,2026-10-03,11,quantile,0.99,62.0
2026-09-12,wk inc covid hosp,3,2026-10-03,12,quantile,0.01,133.0
2026-09-12,wk inc covid hosp,3,2026-10-03,12,quantile,0.025,149.0
2026-09-12,wk inc covid hosp,3,2026-10-03,12,quantile,0.05,176.0
2026-09-12,wk inc covid hosp,3,2026-10-03,12,quantile,0.1,222.0
2026-09-12,wk inc covid hosp,3,2026-10-03,12,quantile,0.15,270.0
2026-09-12,wk inc covid hosp,3,2026-10-03,12,quantile,0.2,319.0
2026-09-12,wk inc covid hosp,3,2026-10-03,12,quantile,0.25,338.0
2026-09-12,wk inc covid hosp,3,2026-10-03,12,quantile,0.3,363.0
2026-09-12,wk inc covid hosp,3,2026-10-03,12,quantile,0.35,387.0
2026-09-12,wk inc covid hosp,3,2026-10-03,12,quantile,0.4,404.0
2026-09-12,wk inc covid hosp,3,2026-10-03,12,quantile,0.45,434.0
2026-09-12,wk inc covid hosp,3,2026-10-03,12,quantile,0.5,464.0
2026-09-12,wk inc covid hosp,3,2026-10-03,12,quantile,0.55,507.0
2026-09-12,wk inc covid hosp,3,2026-10-03,12,quantile,0.6,568.0
2026-09-12,wk inc covid hosp,3,2026-10-03,12,quantile,0.65,619.0
2026-09-12,wk inc covid hosp,3,2026-10-03,12,quantile,0.7,683.0
2026-09-12,wk inc covid hosp,3,2026-10-03,12,quantile,0.75,716.0
2026-09-12,wk inc covid hosp,3,2026-10-03,12,quantile,0.8,752.0
2026-09-12,wk inc covid hosp,3,2026-10-03,12,quantile,0.85,848.0
2026-09-12,wk inc covid hosp,3,2026-10-03,12,quantile,0.9,941.0
2026-09-12,wk inc covid hosp,3,2026-10-03,12,quantile,0.95,1083.0
2026-09-12,wk inc covid hosp,3,2026-10-03,12,quantile,0.975,1275.0
2026-09-12,wk inc covid hosp,3,2026-10-03,12,quantile,0.99,1562.0
2026-09-12,wk inc covid hosp,3,2026-10-03,13,quantile,0.01,25.0
2026-09-12,wk inc covid hosp,3,2026-10-03,13,quantile,0.025,29.0
2026-09-12,wk inc covid hosp,3,2026-10-03,13,quantile,0.05,36.0
2026-09-12,wk inc covid hosp,3,2026-10-03,13,quantile,0.1,46.0
2026-09-12,wk inc covid hosp,3,2026-10-03,13,quantile,0.15,55.0
2026-09-12,wk inc covid hosp,3,2026-10-03,13,quantile,0.2,63.0
2026-09-12,wk inc covid hosp,3,2026-10-03,13,quantile,0.25,69.0
2026-09-12,wk inc covid hosp,3,2026-10-03,13,quantile,0.3,74.0
2026-09-12,wk inc covid hosp,3,2026-10-03,13,quantile,0.35,81.0
2026-09-12,wk inc covid hosp,3,2026-10-03,13,quantile,0.4,85.0
2026-09-12,wk inc covid hosp,3,2026-10-03,13,quantile,0.45,92.0
2026-09-12,wk inc covid hosp,3,2026-10-03,13,quantile,0.5,99.0
2026-09-12,wk inc covid hosp,3,2026-10-03,13,quantile,0.55,108.0
2026-09-12,wk inc covid hosp,3,2026-10-03,13,quantile,0.6,119.0
2026-09-12,wk inc covid hosp,3,2026-10-03,13,quantile,0.65,137.0
2026-09-12,wk inc covid hosp,3,2026-10-03,13,quantile,0.7,162.0
2026-09-12,wk inc covid hosp,3,2026-10-03,13,quantile,0.75,173.0
2026-09-12,wk inc covid hosp,3,2026-10-03,13,quantile,0.8,191.0
2026-09-12,wk inc covid hosp,3,2026-10-03,13,quantile,0.85,241.0
2026-09-12,wk inc covid hosp,3,2026-10-03,13,quantile,0.9,274.0
2026-09-12,wk inc covid hosp,3,2026-10-03,13,quantile,0.95,385.0
2026-09-12,wk inc covid hosp,3,2026-10-03,13,quantile,0.975,462.0
2026-09-12,wk inc covid hosp,3,2026-10-03,13,quantile,0.99,545.0
2026-09-12,wk inc covid hosp,3,2026-10-03,15,quantile,0.01,9.0
2026-09-12,wk inc covid hosp,3,2026-10-03,15,quantile,0.025,9.0
2026-09-12,wk inc covid hosp,3,2026-10-03,15,quantile,0.05,11.0
2026-09-12,wk inc covid hosp,3,2026-10-03,15,quantile,0.1,13.0
2026-09-12,wk inc covid hosp,3,2026-10-03,15,quantile,0.15,14.0
2026-09-12,wk inc covid hosp,3,2026-10-03,15,quantile,0.2,15.0
2026-09-12,wk inc covid hosp,3,2026-10-03,15,quantile,0.25,17.0
2026-09-12,wk inc covid hosp,3,2026-10-03,15,quantile,0.3,18.0
2026-09-12,wk inc covid hosp,3,2026-10-03,15,quantile,0.35,19.0
2026-09-12,wk inc covid hosp,3,2026-10-03,15,quantile,0.4,20.0
2026-09-12,wk inc covid hosp,3,2026-10-03,15,quantile,0.45,21.0
2026-09-12,wk inc covid hosp,3,2026-10-03,15,quantile,0.5,22.0
2026-09-12,wk inc covid hosp,3,2026-10-03,15,quantile,0.55,24.0
2026-09-12,wk inc covid hosp,3,2026-10-03,15,quantile,0.6,26.0
2026-09-12,wk inc covid hosp,3,2026-10-03,15,quantile,0.65,31.0
2026-09-12,wk inc covid hosp,3,2026-10-03,15,quantile,0.7,37.0
2026-09-12,wk inc covid hosp,3,2026-10-03,15,quantile,0.75,40.0
2026-09-12,wk inc covid hosp,3,2026-10-03,15,quantile,0.8,42.0
2026-09-12,wk inc covid hosp,3,2026-10-03,15,quantile,0.85,45.0
2026-09-12,wk inc covid hosp,3,2026-10-03,15,quantile,0.9,49.0
2026-09-12,wk inc covid hosp,3,2026-10-03,15,quantile,0.95,55.0
2026-09-12,wk inc covid hosp,3,2026-10-03,15,quantile,0.975,91.0
2026-09-12,wk inc covid hosp,3,2026-10-03,15,quantile,0.99,123.0
2026-09-12,wk inc covid hosp,3,2026-10-03,16,quantile,0.01,5.0
2026-09-12,wk inc covid hosp,3,2026-10-03,16,quantile,0.025,6.0
2026-09-12,wk inc covid hosp,3,2026-10-03,16,quantile,0.05,7.0
2026-09-12,wk inc covid hosp,3,2026-10-03,16,quantile,0.1,9.0
2026-09-12,wk inc covid hosp,3,2026-10-03,16,quantile,0.15,11.0
2026-09-12,wk inc covid hosp,3,2026-10-03,16,quantile,0.2,13.0
2026-09-12,wk inc covid hosp,3,2026-10-03,16,quantile,0.25,16.0
2026-09-12,wk inc covid hosp,3,2026-10-03,16,quantile,0.3,17.0
2026-09-12,wk inc covid hosp,3,2026-10-03,16,quantile,0.35,19.0
2026-09-12,wk inc covid hosp,3,2026-10-03,16,quantile,0.4,20.0
2026-09-12,wk inc covid hosp,3,2026-10-03,16,quantile,0.45,21.0
2026-09-12,wk inc covid hosp,3,2026-10-03,16,quantile,0.5,23.0
2026-09-12,wk inc covid hosp,3,2026-10-03,16,quantile,0.55,25.0
2026-09-12,wk inc covid hosp,3,2026-10-03,16,quantile,0.6,27.0
2026-09-12,wk inc covid hosp,3,2026-10-03,16,quantile,0.65,30.0
2026-09-12,wk inc covid hosp,3,2026-10-03,16,quantile,0.7,42.0
2026-09-12,wk inc covid hosp,3,2026-10-03,16,quantile,0.75,46.0
2026-09-12,wk inc covid hosp,3,2026-10-03,16,quantile,0.8,50.0
2026-09-12,wk inc covid hosp,3,2026-10-03,16,quantile,0.85,55.0
2026-09-12,wk inc covid hosp,3,2026-10-03,16,quantile,0.9,62.0
2026-09-12,wk inc covid hosp,3,2026-10-03,16,quantile,0.95,94.0
2026-09-12,wk inc covid hosp,3,2026-10-03,16,quantile,0.975,119.0
2026-09-12,wk inc covid hosp,3,2026-10-03,16,quantile,0.99,148.0
2026-09-12,wk inc covid hosp,3,2026-10-03,17,quantile,0.01,25.0
2026-09-12,wk inc covid hosp,3,2026-10-03,17,quantile,0.025,28.0
2026-09-12,wk inc covid hosp,3,2026-10-03,17,quantile,0.05,36.0
2026-09-12,wk inc covid hosp,3,2026-10-03,17,quantile,0.1,43.0
2026-09-12,wk inc covid hosp,3,2026-10-03,17,quantile,0.15,51.0
2026-09-12,wk inc covid hosp,3,2026-10-03,17,quantile,0.2,56.0
2026-09-12,wk inc covid hosp,3,2026-10-03,17,quantile,0.25,60.0
2026-09-12,wk inc covid hosp,3,2026-10-03,17,quantile,0.3,64.0
2026-09-12,wk inc covid hosp,3,2026-10-03,17,quantile,0.35,67.0
2026-09-12,wk inc covid hosp,3,2026-10-03,17,quantile,0.4,71.0
2026-09-12,wk inc covid hosp,3,2026-10-03,17,quantile,0.45,77.0
2026-09-12,wk inc covid hosp,3,2026-10-03,17,quantile,0.5,81.0
2026-09-12,wk inc covid hosp,3,2026-10-03,17,quantile,0.55,86.0
2026-09-12,wk inc covid hosp,3,2026-10-03,17,quantile,0.6,92.0
2026-09-12,wk inc covid hosp,3,2026-10-03,17,quantile,0.65,100.0
2026-09-12,wk inc covid hosp,3,2026-10-03,17,quantile,0.7,122.0
2026-09-12,wk inc covid hosp,3,2026-10-03,17,quantile,0.75,129.0
2026-09-12,wk inc covid hosp,3,2026-10-03,17,quantile,0.8,138.0
2026-09-12,wk inc covid hosp,3,2026-10-03,17,quantile,0.85,158.0
2026-09-12,wk inc covid hosp,3,2026-10-03,17,quantile,0.9,172.0
2026-09-12,wk inc covid hosp,3,2026-10-03,17,quantile,0.95,196.0
2026-09-12,wk inc covid hosp,3,2026-10-03,17,quantile,0.975,226.0
2026-09-12,wk inc covid hosp,3,2026-10-03,17,quantile,0.99,273.0
2026-09-12,wk inc covid hosp,3,2026-10-03,18,quantile,0.01,16.0
2026-09-12,wk inc covid hosp,3,2026-10-03,18,quantile,0.025,18.0
2026-09-12,wk inc covid hosp,3,2026-10-03,18,quantile,0.05,22.0
2026-09-12,wk inc covid hosp,3,2026-10-03,18,quantile,0.1,31.0
2026-09-12,wk inc covid hosp,3,2026-10-03,18,quantile,0.15,37.0
2026-09-12,wk inc covid hosp,3,2026-10-03,18,quantile,0.2,40.0
2026-09-12,wk inc covid hosp,3,2026-10-03,18,quantile,0.25,43.0
2026-09-12,wk inc covid hosp,3,2026-10-03,18,quantile,0.3,47.0
2026-09-12,wk inc covid hosp,3,2026-10-03,18,quantile,0.35,50.0
2026-09-12,wk inc covid hosp,3,2026-10-03,18,quantile,0.4,52.0
2026-09-12,wk inc covid hosp,3,2026-10-03,18,quantile,0.45,56.0
2026-09-12,wk inc covid hosp,3,2026-10-03,18,quantile,0.5,60.0
2026-09-12,wk inc covid hosp,3,2026-10-03,18,quantile,0.55,64.0
2026-09-12,wk inc covid hosp,3,2026-10-03,18,quantile,0.6,68.0
2026-09-12,wk inc covid hosp,3,2026-10-03,18,quantile,0.65,77.0
2026-09-12,wk inc covid hosp,3,2026-10-03,18,quantile,0.7,97.0
2026-09-12,wk inc covid hosp,3,2026-10-03,18,quantile,0.75,103.0
2026-09-12,wk inc covid hosp,3,2026-10-03,18,quantile,0.8,109.0
2026-09-12,wk inc covid hosp,3,2026-10-03,18,quantile,0.85,118.0
2026-09-12,wk inc covid hosp,3,2026-10-03,18,quantile,0.9,135.0
2026-09-12,wk inc covid hosp,3,2026-10-03,18,quantile,0.95,184.0
2026-09-12,wk inc covid hosp,3,2026-10-03,18,quantile,0.975,223.0
2026-09-12,wk inc covid hosp,3,2026-10-03,18,quantile,0.99,273.0
2026-09-12,wk inc covid hosp,3,2026-10-03,19,quantile,0.01,9.0
2026-09-12,wk inc covid hosp,3,2026-10-03,19,quantile,0.025,10.0
2026-09-12,wk inc covid hosp,3,2026-10-03,19,quantile,0.05,12.0
2026-09-12,wk inc covid hosp,3,2026-10-03,19,quantile,0.1,15.0
2026-09-12,wk inc covid hosp,3,2026-10-03,19,quantile,0.15,17.0
2026-09-12,wk inc covid hosp,3,2026-10-03,19,quantile,0.2,19.0
2026-09-12,wk inc covid hosp,3,2026-10-03,19,quantile,0.25,21.0
2026-09-12,wk inc covid hosp,3,2026-10-03,19,quantile,0.3,23.0
2026-09-12,wk inc covid hosp,3,2026-10-03,19,quantile,0.35,25.0
2026-09-12,wk inc covid hosp,3,2026-10-03,19,quantile,0.4,27.0
2026-09-12,wk inc covid hosp,3,2026-10-03,19,quantile,0.45,30.0
2026-09-12,wk inc covid hosp,3,2026-10-03,19,quantile,0.5,31.0
2026-09-12,wk inc covid hosp,3,2026-10-03,19,quantile,0.55,34.0
2026-09-12,wk inc covid hosp,3,2026-10-03,19,quantile,0.6,37.0
2026-09-12,wk inc covid hosp,3,2026-10-03,19,quantile,0.65,42.0
2026-09-12,wk inc covid hosp,3,2026-10-03,19,quantile,0.7,49.0
2026-09-12,wk inc covid hosp,3,2026-10-03,19,quantile,0.75,55.0
2026-09-12,wk inc covid hosp,3,2026-10-03,19,quantile,0.8,59.0
2026-09-12,wk inc covid hosp,3,2026-10-03,19,quantile,0.85,69.0
2026-09-12,wk inc covid hosp,3,2026-10-03,19,quantile,0.9,80.0
2026-09-12,wk inc covid hosp,3,2026-10-03,19,quantile,0.95,116.0
2026-09-12,wk inc covid hosp,3,2026-10-03,19,quantile,0.975,142.0
2026-09-12,wk inc covid hosp,3,2026-10-03,19,quantile,0.99,170.0
2026-09-12,wk inc covid hosp,3,2026-10-03,20,quantile,0.01,2.0
2026-09-12,wk inc covid hosp,3,2026-10-03,20,quantile,0.025,3.0
2026-09-12,wk inc covid hosp,3,2026-10-03,20,quantile,0.05,4.0
2026-09-12,wk inc covid hosp,3,2026-10-03,20,quantile,0.1,6.0
2026-09-12,wk inc covid hosp,3,2026-10-03,20,quantile,0.15,7.0
2026-09-12,wk inc covid hosp,3,2026-10-03,20,quantile,0.2,9.0
2026-09-12,wk inc covid hosp,3,2026-10-03,20,quantile,0.25,10.0
2026-09-12,wk inc covid hosp,3,2026-10-03,20,quantile,0.3,11.0
2026-09-12,wk inc covid hosp,3,2026-10-03,20,quantile,0.35,13.0
2026-09-12,wk inc covid hosp,3,2026-10-03,20,quantile,0.4,14.0
2026-09-12,wk inc covid hosp,3,2026-10-03,20,quantile,0.45,15.0
2026-09-12,wk inc covid hosp,3,2026-10-03,20,quantile,0.5,16.0
2026-09-12,wk inc covid hosp,3,2026-10-03,20,quantile,0.55,18.0
2026-09-12,wk inc covid hosp,3,2026-10-03,20,quantile,0.6,20.0
2026-09-12,wk inc covid hosp,3,2026-10-03,20,quantile,0.65,22.0
2026-09-12,wk inc covid hosp,3,2026-10-03,20,quantile,0.7,29.0
2026-09-12,wk inc covid hosp,3,2026-10-03,20,quantile,0.75,33.0
2026-09-12,wk inc covid hosp,3,2026-10-03,20,quantile,0.8,37.0
2026-09-12,wk inc covid hosp,3,2026-10-03,20,quantile,0.85,42.0
2026-09-12,wk inc covid hosp,3,2026-10-03,20,quantile,0.9,49.0
2026-09-12,wk inc covid hosp,3,2026-10-03,20,quantile,0.95,68.0
2026-09-12,wk inc covid hosp,3,2026-10-03,20,quantile,0.975,84.0
2026-09-12,wk inc covid hosp,3,2026-10-03,20,quantile,0.99,107.0
2026-09-12,wk inc covid hosp,3,2026-10-03,21,quantile,0.01,7.0
2026-09-12,wk inc covid hosp,3,2026-10-03,21,quantile,0.025,8.0
2026-09-12,wk inc covid hosp,3,2026-10-03,21,quantile,0.05,9.0
2026-09-12,wk inc covid hosp,3,2026-10-03,21,quantile,0.1,12.0
2026-09-12,wk inc covid hosp,3,2026-10-03,21,quantile,0.15,15.0
2026-09-12,wk inc covid hosp,3,2026-10-03,21,quantile,0.2,18.0
2026-09-12,wk inc covid hosp,3,2026-10-03,21,quantile,0.25,20.0
2026-09-12,wk inc covid hosp,3,2026-10-03,21,quantile,0.3,22.0
2026-09-12,wk inc covid hosp,3,2026-10-03,21,quantile,0.35,24.0
2026-09-12,wk inc covid hosp,3,2026-10-03,21,quantile,0.4,26.0
2026-09-12,wk inc covid hosp,3,2026-10-03,21,quantile,0.45,27.0
2026-09-12,wk inc covid hosp,3,2026-10-03,21,quantile,0.5,29.0
2026-09-12,wk inc covid hosp,3,2026-10-03,21,quantile,0.55,32.0
2026-09-12,wk inc covid hosp,3,2026-10-03,21,quantile,0.6,34.0
2026-09-12,wk inc covid hosp,3,2026-10-03,21,quantile,0.65,38.0
2026-09-12,wk inc covid hosp,3,2026-10-03,21,quantile,0.7,48.0
2026-09-12,wk inc covid hosp,3,2026-10-03,21,quantile,0.75,51.0
2026-09-12,wk inc covid hosp,3,2026-10-03,21,quantile,0.8,56.0
2026-09-12,wk inc covid hosp,3,2026-10-03,21,quantile,0.85,62.0
2026-09-12,wk inc covid hosp,3,2026-10-03,21,quantile,0.9,73.0
2026-09-12,wk inc covid hosp,3,2026-10-03,21,quantile,0.95,112.0
2026-09-12,wk inc covid hosp,3,2026-10-03,21,quantile,0.975,129.0
2026-09-12,wk inc covid hosp,3,2026-10-03,21,quantile,0.99,158.0
2026-09-12,wk inc covid hosp,3,2026-10-03,22,quantile,0.01,25.0
2026-09-12,wk inc covid hosp,3,2026-10-03,22,quantile,0.025,27.0
2026-09-12,wk inc covid hosp,3,2026-10-03,22,quantile,0.05,31.0
2026-09-12,wk inc covid hosp,3,2026-10-03,22,quantile,0.1,39.0
2026-09-12,wk inc covid hosp,3,2026-10-03,22,quantile,0.15,47.0
2026-09-12,wk inc covid hosp,3,2026-10-03,22,quantile,0.2,53.0
2026-09-12,wk inc covid hosp,3,2026-10-03,22,quantile,0.25,56.0
2026-09-12,wk inc covid hosp,3,2026-10-03,22,quantile,0.3,59.0
2026-09-12,wk inc covid hosp,3,2026-10-03,22,quantile,0.35,62.0
2026-09-12,wk inc covid hosp,3,2026-10-03,22,quantile,0.4,65.0
2026-09-12,wk inc covid hosp,3,2026-10-03,22,quantile,0.45,68.0
2026-09-12,wk inc covid hosp,3,2026-10-03,22,quantile,0.5,73.0
2026-09-12,wk inc covid hosp,3,2026-10-03,22,quantile,0.55,78.0
2026-09-12,wk inc covid hosp,3,2026-10-03,22,quantile,0.6,84.0
2026-09-12,wk inc covid hosp,3,2026-10-03,22,quantile,0.65,95.0
2026-09-12,wk inc covid hosp,3,2026-10-03,22,quantile,0.7,105.0
2026-09-12,wk inc covid hosp,3,2026-10-03,22,quantile,0.75,112.0
2026-09-12,wk inc covid hosp,3,2026-10-03,22,quantile,0.8,121.0
2026-09-12,wk inc covid hosp,3,2026-10-03,22,quantile,0.85,140.0
2026-09-12,wk inc covid hosp,3,2026-10-03,22,quantile,0.9,158.0
2026-09-12,wk inc covid hosp,3,2026-10-03,22,quantile,0.95,197.0
2026-09-12,wk inc covid hosp,3,2026-10-03,22,quantile,0.975,227.0
2026-09-12,wk inc covid hosp,3,2026-10-03,22,quantile,0.99,264.0
2026-09-12,wk inc covid hosp,3,2026-10-03,23,quantile,0.01,1.0
2026-09-12,wk inc covid hosp,3,2026-10-03,23,quantile,0.025,2.0
2026-09-12,wk inc covid hosp,3,2026-10-03,23,quantile,0.05,3.0
2026-09-12,wk inc covid hosp,3,2026-10-03,23,quantile,0.1,4.0
2026-09-12,wk inc covid hosp,3,2026-10-03,23,quantile,0.15,5.0
2026-09-12,wk inc covid hosp,3,2026-10-03,23,quantile,0.2,6.0
2026-09-12,wk inc covid hosp,3,2026-10-03,23,quantile,0.25,7.0
2026-09-12,wk inc covid hosp,3,2026-10-03,23,quantile,0.3,7.0
2026-09-12,wk inc covid hosp,3,2026-10-03,23,quantile,0.35,8.0
2026-09-12,wk inc covid hosp,3,2026-10-03,23,quantile,0.4,9.0
2026-09-12,wk inc covid hosp,3,2026-10-03,23,quantile,0.45,9.0
2026-09-12,wk inc covid hosp,3,2026-10-03,23,quantile,0.5,10.0
2026-09-12,wk inc covid hosp,3,2026-10-03,23,quantile,0.55,11.0
2026-09-12,wk inc covid hosp,3,2026-10-03,23,quantile,0.6,12.0
2026-09-12,wk inc covid hosp,3,2026-10-03,23,quantile,0.65,15.0
2026-09-12,wk inc covid hosp,3,2026-10-03,23,quantile,0.7,18.0
2026-09-12,wk inc covid hosp,3,2026-10-03,23,quantile,0.75,30.0
2026-09-12,wk inc covid hosp,3,2026-10-03,23,quantile,0.8,34.0
2026-09-12,wk inc covid hosp,3,2026-10-03,23,quantile,0.85,38.0
2026-09-12,wk inc covid hosp,3,2026-10-03,23,quantile,0.9,61.0
2026-09-12,wk inc covid hosp,3,2026-10-03,23,quantile,0.95,77.0
2026-09-12,wk inc covid hosp,3,2026-10-03,23,quantile,0.975,98.0
2026-09-12,wk inc covid hosp,3,2026-10-03,23,quantile,0.99,132.0
2026-09-12,wk inc covid hosp,3,2026-10-03,24,quantile,0.01,7.0
2026-09-12,wk inc covid hosp,3,2026-10-03,24,quantile,0.025,9.0
2026-09-12,wk inc covid hosp,3,2026-10-03,24,quantile,0.05,11.0
2026-09-12,wk inc covid hosp,3,2026-10-03,24,quantile,0.1,14.0
2026-09-12,wk inc covid hosp,3,2026-10-03,24,quantile,0.15,18.0
2026-09-12,wk inc covid hosp,3,2026-10-03,24,quantile,0.2,21.0
2026-09-12,wk inc covid hosp,3,2026-10-03,24,quantile,0.25,23.0
2026-09-12,wk inc covid hosp,3,2026-10-03,24,quantile,0.3,24.0
2026-09-12,wk inc covid hosp,3,2026-10-03,24,quantile,0.35,26.0
2026-09-12,wk inc covid hosp,3,2026-10-03,24,quantile,0.4,28.0
2026-09-12,wk inc covid hosp,3,2026-10-03,24,quantile,0.45,31.0
2026-09-12,wk inc covid hosp,3,2026-10-03,24,quantile,0.5,33.0
2026-09-12,wk inc covid hosp,3,2026-10-03,24,quantile,0.55,35.0
2026-09-12,wk inc covid hosp,3,2026-10-03,24,quantile,0.6,37.0
2026-09-12,wk inc covid hosp,3,2026-10-03,24,quantile,0.65,42.0
2026-09-12,wk inc covid hosp,3,2026-10-03,24,quantile,0.7,55.0
2026-09-12,wk inc covid hosp,3,2026-10-03,24,quantile,0.75,59.0
2026-09-12,wk inc covid hosp,3,2026-10-03,24,quantile,0.8,63.0
2026-09-12,wk inc covid hosp,3,2026-10-03,24,quantile,0.85,71.0
2026-09-12,wk inc covid hosp,3,2026-10-03,24,quantile,0.9,79.0
2026-09-12,wk inc covid hosp,3,2026-10-03,24,quantile,0.95,94.0
2026-09-12,wk inc covid hosp,3,2026-10-03,24,quantile,0.975,115.0
2026-09-12,wk inc covid hosp,3,2026-10-03,24,quantile,0.99,140.0
2026-09-12,wk inc covid hosp,3,2026-10-03,25,quantile,0.01,5.0
2026-09-12,wk inc covid hosp,3,2026-10-03,25,quantile,0.025,8.0
2026-09-12,wk inc covid hosp,3,2026-10-03,25,quantile,0.05,11.0
2026-09-12,wk inc covid hosp,3,2026-10-03,25,quantile,0.1,17.0
2026-09-12,wk inc covid hosp,3,2026-10-03,25,quantile,0.15,20.0
2026-09-12,wk inc covid hosp,3,2026-10-03,25,quantile,0.2,23.0
2026-09-12,wk inc covid hosp,3,2026-10-03,25,quantile,0.25,26.0
2026-09-12,wk inc covid hosp,3,2026-10-03,25,quantile,0.3,38.0
2026-09-12,wk inc covid hosp,3,2026-10-03,25,quantile,0.35,40.0
2026-09-12,wk inc covid hosp,3,2026-10-03,25,quantile,0.4,43.0
2026-09-12,wk inc covid hosp,3,2026-10-03,25,quantile,0.45,46.0
2026-09-12,wk inc covid hosp,3,2026-10-03,25,quantile,0.5,49.0
2026-09-12,wk inc covid hosp,3,2026-10-03,25,quantile,0.55,54.0
2026-09-12,wk inc covid hosp,3,2026-10-03,25,quantile,0.6,57.0
2026-09-12,wk inc covid hosp,3,2026-10-03,25,quantile,0.65,62.0
2026-09-12,wk inc covid hosp,3,2026-10-03,25,quantile,0.7,72.0
2026-09-12,wk inc covid hosp,3,2026-10-03,25,quantile,0.75,88.0
2026-09-12,wk inc covid hosp,3,2026-10-03,25,quantile,0.8,93.0
2026-09-12,wk inc covid hosp,3,2026-10-03,25,quantile,0.85,99.0
2026-09-12,wk inc covid hosp,3,2026-10-03,25,quantile,0.9,113.0
2026-09-12,wk inc covid hosp,3,2026-10-03,25,quantile,0.95,130.0
2026-09-12,wk inc covid hosp,3,2026-10-03,25,quantile,0.975,150.0
2026-09-12,wk inc covid hosp,3,2026-10-03,25,quantile,0.99,179.0
2026-09-12,wk inc covid hosp,3,2026-10-03,26,quantile,0.01,5.0
2026-09-12,wk inc covid hosp,3,2026-10-03,26,quantile,0.025,7.0
2026-09-12,wk inc covid hosp,3,2026-10-03,26,quantile,0.05,14.0
2026-09-12,wk inc covid hosp,3,2026-10-03,26,quantile,0.1,19.0
2026-09-12,wk inc covid hosp,3,2026-10-03,26,quantile,0.15,23.0
2026-09-12,wk inc covid hosp,3,2026-10-03,26,quantile,0.2,27.0
2026-09-12,wk inc covid hosp,3,2026-10-03,26,quantile,0.25,30.0
2026-09-12,wk inc covid hosp,3,2026-10-03,26,quantile,0.3,33.0
2026-09-12,wk inc covid hosp,3,2026-10-03,26,quantile,0.35,37.0
2026-09-12,wk inc covid hosp,3,2026-10-03,26,quantile,0.4,41.0
2026-09-12,wk inc covid hosp,3,2026-10-03,26,quantile,0.45,45.0
2026-09-12,wk inc covid hosp,3,2026-10-03,26,quantile,0.5,49.0
2026-09-12,wk inc covid hosp,3,2026-10-03,26,quantile,0.55,57.0
2026-09-12,wk inc covid hosp,3,2026-10-03,26,quantile,0.6,71.0
2026-09-12,wk inc covid hosp,3,2026-10-03,26,quantile,0.65,84.0
2026-09-12,wk inc covid hosp,3,2026-10-03,26,quantile,0.7,98.0
2026-09-12,wk inc covid hosp,3,2026-10-03,26,quantile,0.75,108.0
2026-09-12,wk inc covid hosp,3,2026-10-03,26,quantile,0.8,120.0
2026-09-12,wk inc covid hosp,3,2026-10-03,26,quantile,0.85,139.0
2026-09-12,wk inc covid hosp,3,2026-10-03,26,quantile,0.9,184.0
2026-09-12,wk inc covid hosp,3,2026-10-03,26,quantile,0.95,248.0
2026-09-12,wk inc covid hosp,3,2026-10-03,26,quantile,0.975,330.0
2026-09-12,wk inc covid hosp,3,2026-10-03,26,quantile,0.99,423.0
2026-09-12,wk inc covid hosp,3,2026-10-03,27,quantile,0.01,4.0
2026-09-12,wk inc covid hosp,3,2026-10-03,27,quantile,0.025,7.0
2026-09-12,wk inc covid hosp,3,2026-10-03,27,quantile,0.05,11.0
2026-09-12,wk inc covid hosp,3,2026-10-03,27,quantile,0.1,15.0
2026-09-12,wk inc covid hosp,3,2026-10-03,27,quantile,0.15,20.0
2026-09-12,wk inc covid hosp,3,2026-10-03,27,quantile,0.2,25.0
2026-09-12,wk inc covid hosp,3,2026-10-03,27,quantile,0.25,31.0
2026-09-12,wk inc covid hosp,3,2026-10-03,27,quantile,0.3,34.0
2026-09-12,wk inc covid hosp,3,2026-10-03,27,quantile,0.35,36.0
2026-09-12,wk inc covid hosp,3,2026-10-03,27,quantile,0.4,39.0
2026-09-12,wk inc covid hosp,3,2026-10-03,27,quantile,0.45,42.0
2026-09-12,wk inc covid hosp,3,2026-10-03,27,quantile,0.5,46.0
2026-09-12,wk inc covid hosp,3,2026-10-03,27,quantile,0.55,50.0
2026-09-12,wk inc covid hosp,3,2026-10-03,27,quantile,0.6,54.0
2026-09-12,wk inc covid hosp,3,2026-10-03,27,quantile,0.65,60.0
2026-09-12,wk inc covid hosp,3,2026-10-03,27,quantile,0.7,77.0
2026-09-12,wk inc covid hosp,3,2026-10-03,27,quantile,0.75,83.0
2026-09-12,wk inc covid hosp,3,2026-10-03,27,quantile,0.8,89.0
2026-09-12,wk inc covid hosp,3,2026-10-03,27,quantile,0.85,107.0
2026-09-12,wk inc covid hosp,3,2026-10-03,27,quantile,0.9,119.0
2026-09-12,wk inc covid hosp,3,2026-10-03,27,quantile,0.95,147.0
2026-09-12,wk inc covid hosp,3,2026-10-03,27,quantile,0.975,180.0
2026-09-12,wk inc covid hosp,3,2026-10-03,27,quantile,0.99,215.0
2026-09-12,wk inc covid hosp,3,2026-10-03,28,quantile,0.01,8.0
2026-09-12,wk inc covid hosp,3,2026-10-03,28,quantile,0.025,10.0
2026-09-12,wk inc covid hosp,3,2026-10-03,28,quantile,0.05,12.0
2026-09-12,wk inc covid hosp,3,2026-10-03,28,quantile,0.1,17.0
2026-09-12,wk inc covid hosp,3,2026-10-03,28,quantile,0.15,20.0
2026-09-12,wk inc covid hosp,3,2026-10-03,28,quantile,0.2,24.0
2026-09-12,wk inc covid hosp,3,2026-10-03,28,quantile,0.25,27.0
2026-09-12,wk inc covid hosp,3,2026-10-03,28,quantile,0.3,28.0
2026-09-12,wk inc covid hosp,3,2026-10-03,28,quantile,0.35,30.0
2026-09-12,wk inc covid hosp,3,2026-10-03,28,quantile,0.4,31.0
2026-09-12,wk inc covid hosp,3,2026-10-03,28,quantile,0.45,33.0
2026-09-12,wk inc covid hosp,3,2026-10-03,28,quantile,0.5,34.0
2026-09-12,wk inc covid hosp,3,2026-10-03,28,quantile,0.55,37.0
2026-09-12,wk inc covid hosp,3,2026-10-03,28,quantile,0.6,39.0
2026-09-12,wk inc covid hosp,3,2026-10-03,28,quantile,0.65,44.0
2026-09-12,wk inc covid hosp,3,2026-10-03,28,quantile,0.7,48.0
2026-09-12,wk inc covid hosp,3,2026-10-03,28,quantile,0.75,51.0
2026-09-12,wk inc covid hosp,3,2026-10-03,28,quantile,0.8,55.0
2026-09-12,wk inc covid hosp,3,2026-10-03,28,quantile,0.85,61.0
2026-09-12,wk inc covid hosp,3,2026-10-03,28,quantile,0.9,69.0
2026-09-12,wk inc covid hosp,3,2026-10-03,28,quantile,0.95,88.0
2026-09-12,wk inc covid hosp,3,2026-10-03,28,quantile,0.975,108.0
2026-09-12,wk inc covid hosp,3,2026-10-03,28,quantile,0.99,129.0
2026-09-12,wk inc covid hosp,3,2026-10-03,29,quantile,0.01,10.0
2026-09-12,wk inc covid hosp,3,2026-10-03,29,quantile,0.025,12.0
2026-09-12,wk inc covid hosp,3,2026-10-03,29,quantile,0.05,15.0
2026-09-12,wk inc covid hosp,3,2026-10-03,29,quantile,0.1,21.0
2026-09-12,wk inc covid hosp,3,2026-10-03,29,quantile,0.15,25.0
2026-09-12,wk inc covid hosp,3,2026-10-03,29,quantile,0.2,30.0
2026-09-12,wk inc covid hosp,3,2026-10-03,29,quantile,0.25,32.0
2026-09-12,wk inc covid hosp,3,2026-10-03,29,quantile,0.3,34.0
2026-09-12,wk inc covid hosp,3,2026-10-03,29,quantile,0.35,36.0
2026-09-12,wk inc covid hosp,3,2026-10-03,29,quantile,0.4,38.0
2026-09-12,wk inc covid hosp,3,2026-10-03,29,quantile,0.45,40.0
2026-09-12,wk inc covid hosp,3,2026-10-03,29,quantile,0.5,42.0
2026-09-12,wk inc covid hosp,3,2026-10-03,29,quantile,0.55,45.0
2026-09-12,wk inc covid hosp,3,2026-10-03,29,quantile,0.6,48.0
2026-09-12,wk inc covid hosp,3,2026-10-03,29,quantile,0.65,53.0
2026-09-12,wk inc covid hosp,3,2026-10-03,29,quantile,0.7,71.0
2026-09-12,wk inc covid hosp,3,2026-10-03,29,quantile,0.75,76.0
2026-09-12,wk inc covid hosp,3,2026-10-03,29,quantile,0.8,83.0
2026-09-12,wk inc covid hosp,3,2026-10-03,29,quantile,0.85,93.0
2026-09-12,wk inc covid hosp,3,2026-10-03,29,quantile,0.9,103.0
2026-09-12,wk inc covid hosp,3,2026-10-03,29,quantile,0.95,122.0
2026-09-12,wk inc covid hosp,3,2026-10-03,29,quantile,0.975,147.0
2026-09-12,wk inc covid hosp,3,2026-10-03,29,quantile,0.99,179.0
2026-09-12,wk inc covid hosp,3,2026-10-03,30,quantile,0.01,3.0
2026-09-12,wk inc covid hosp,3,2026-10-03,30,quantile,0.025,4.0
2026-09-12,wk inc covid hosp,3,2026-10-03,30,quantile,0.05,4.0
2026-09-12,wk inc covid hosp,3,2026-10-03,30,quantile,0.1,5.0
2026-09-12,wk inc covid hosp,3,2026-10-03,30,quantile,0.15,7.0
2026-09-12,wk inc covid hosp,3,2026-10-03,30,quantile,0.2,7.0
2026-09-12,wk inc covid hosp,3,2026-10-03,30,quantile,0.25,8.0
2026-09-12,wk inc covid hosp,3,2026-10-03,30,quantile,0.3,9.0
2026-09-12,wk inc covid hosp,3,2026-10-03,30,quantile,0.35,9.0
2026-09-12,wk inc covid hosp,3,2026-10-03,30,quantile,0.4,10.0
2026-09-12,wk inc covid hosp,3,2026-10-03,30,quantile,0.45,10.0
2026-09-12,wk inc covid hosp,3,2026-10-03,30,quantile,0.5,11.0
2026-09-12,wk inc covid hosp,3,2026-10-03,30,quantile,0.55,12.0
2026-09-12,wk inc covid hosp,3,2026-10-03,30,quantile,0.6,13.0
2026-09-12,wk inc covid hosp,3,2026-10-03,30,quantile,0.65,15.0
2026-09-12,wk inc covid hosp,3,2026-10-03,30,quantile,0.7,24.0
2026-09-12,wk inc covid hosp,3,2026-10-03,30,quantile,0.75,28.0
2026-09-12,wk inc covid hosp,3,2026-10-03,30,quantile,0.8,30.0
2026-09-12,wk inc covid hosp,3,2026-10-03,30,quantile,0.85,33.0
2026-09-12,wk inc covid hosp,3,2026-10-03,30,quantile,0.9,38.0
2026-09-12,wk inc covid hosp,3,2026-10-03,30,quantile,0.95,91.0
2026-09-12,wk inc covid hosp,3,2026-10-03,30,quantile,0.975,111.0
2026-09-12,wk inc covid hosp,3,2026-10-03,30,quantile,0.99,127.0
2026-09-12,wk inc covid hosp,3,2026-10-03,31,quantile,0.01,3.0
2026-09-12,wk inc covid hosp,3,2026-10-03,31,quantile,0.025,3.0
2026-09-12,wk inc covid hosp,3,2026-10-03,31,quantile,0.05,4.0
2026-09-12,wk inc covid hosp,3,2026-10-03,31,quantile,0.1,6.0
2026-09-12,wk inc covid hosp,3,2026-10-03,31,quantile,0.15,7.0
2026-09-12,wk inc covid hosp,3,2026-10-03,31,quantile,0.2,8.0
2026-09-12,wk inc covid hosp,3,2026-10-03,31,quantile,0.25,9.0
2026-09-12,wk inc covid hosp,3,2026-10-03,31,quantile,0.3,10.0
2026-09-12,wk inc covid hosp,3,2026-10-03,31,quantile,0.35,11.0
2026-09-12,wk inc covid hosp,3,2026-10-03,31,quantile,0.4,12.0
2026-09-12,wk inc covid hosp,3,2026-10-03,31,quantile,0.45,13.0
2026-09-12,wk inc covid hosp,3,2026-10-03,31,quantile,0.5,15.0
2026-09-12,wk inc covid hosp,3,2026-10-03,31,quantile,0.55,17.0
2026-09-12,wk inc covid hosp,3,2026-10-03,31,quantile,0.6,19.0
2026-09-12,wk inc covid hosp,3,2026-10-03,31,quantile,0.65,22.0
2026-09-12,wk inc covid hosp,3,2026-10-03,31,quantile,0.7,27.0
2026-09-12,wk inc covid hosp,3,2026-10-03,31,quantile,0.75,30.0
2026-09-12,wk inc covid hosp,3,2026-10-03,31,quantile,0.8,33.0
2026-09-12,wk inc covid hosp,3,2026-10-03,31,quantile,0.85,38.0
2026-09-12,wk inc covid hosp,3,2026-10-03,31,quantile,0.9,45.0
2026-09-12,wk inc covid hosp,3,2026-10-03,31,quantile,0.95,74.0
2026-09-12,wk inc covid hosp,3,2026-10-03,31,quantile,0.975,89.0
2026-09-12,wk inc covid hosp,3,2026-10-03,31,quantile,0.99,110.0
2026-09-12,wk inc covid hosp,3,2026-10-03,32,quantile,0.01,6.0
2026-09-12,wk inc covid hosp,3,2026-10-03,32,quantile,0.025,8.0
2026-09-12,wk inc covid hosp,3,2026-10-03,32,quantile,0.05,10.0
2026-09-12,wk inc covid hosp,3,2026-10-03,32,quantile,0.1,13.0
2026-09-12,wk inc covid hosp,3,2026-10-03,32,quantile,0.15,16.0
2026-09-12,wk inc covid hosp,3,2026-10-03,32,quantile,0.2,18.0
2026-09-12,wk inc covid hosp,3,2026-10-03,32,quantile,0.25,23.0
2026-09-12,wk inc covid hosp,3,2026-10-03,32,quantile,0.3,26.0
2026-09-12,wk inc covid hosp,3,2026-10-03,32,quantile,0.35,27.0
2026-09-12,wk inc covid hosp,3,2026-10-03,32,quantile,0.4,28.0
2026-09-12,wk inc covid hosp,3,2026-10-03,32,quantile,0.45,30.0
2026-09-12,wk inc covid hosp,3,2026-10-03,32,quantile,0.5,31.0
2026-09-12,wk inc covid hosp,3,2026-10-03,32,quantile,0.55,33.0
2026-09-12,wk inc covid hosp,3,2026-10-03,32,quantile,0.6,36.0
2026-09-12,wk inc covid hosp,3,2026-10-03,32,quantile,0.65,40.0
2026-09-12,wk inc covid hosp,3,2026-10-03,32,quantile,0.7,54.0
2026-09-12,wk inc covid hosp,3,2026-10-03,32,quantile,0.75,58.0
2026-09-12,wk inc covid hosp,3,2026-10-03,32,quantile,0.8,61.0
2026-09-12,wk inc covid hosp,3,2026-10-03,32,quantile,0.85,65.0
2026-09-12,wk inc covid hosp,3,2026-10-03,32,quantile,0.9,72.0
2026-09-12,wk inc covid hosp,3,2026-10-03,32,quantile,0.95,110.0
2026-09-12,wk inc covid hosp,3,2026-10-03,32,quantile,0.975,125.0
2026-09-12,wk inc covid hosp,3,2026-10-03,32,quantile,0.99,145.0
2026-09-12,wk inc covid hosp,3,2026-10-03,33,quantile,0.01,2.0
2026-09-12,wk inc covid hosp,3,2026-10-03,33,quantile,0.025,3.0
2026-09-12,wk inc covid hosp,3,2026-10-03,33,quantile,0.05,3.0
2026-09-12,wk inc covid hosp,3,2026-10-03,33,quantile,0.1,4.0
2026-09-12,wk inc covid hosp,3,2026-10-03,33,quantile,0.15,5.0
2026-09-12,wk inc covid hosp,3,2026-10-03,33,quantile,0.2,7.0
2026-09-12,wk inc covid hosp,3,2026-10-03,33,quantile,0.25,7.0
2026-09-12,wk inc covid hosp,3,2026-10-03,33,quantile,0.3,8.0
2026-09-12,wk inc covid hosp,3,2026-10-03,33,quantile,0.35,8.0
2026-09-12,wk inc covid hosp,3,2026-10-03,33,quantile,0.4,9.0
2026-09-12,wk inc covid hosp,3,2026-10-03,33,quantile,0.45,9.0
2026-09-12,wk inc covid hosp,3,2026-10-03,33,quantile,0.5,10.0
2026-09-12,wk inc covid hosp,3,2026-10-03,33,quantile,0.55,11.0
2026-09-12,wk inc covid hosp,3,2026-10-03,33,quantile,0.6,12.0
2026-09-12,wk inc covid hosp,3,2026-10-03,33,quantile,0.65,14.0
2026-09-12,wk inc covid hosp,3,2026-10-03,33,quantile,0.7,16.0
2026-09-12,wk inc covid hosp,3,2026-10-03,33,quantile,0.75,26.0
2026-09-12,wk inc covid hosp,3,2026-10-03,33,quantile,0.8,29.0
2026-09-12,wk inc covid hosp,3,2026-10-03,33,quantile,0.85,32.0
2026-09-12,wk inc covid hosp,3,2026-10-03,33,quantile,0.9,39.0
2026-09-12,wk inc covid hosp,3,2026-10-03,33,quantile,0.95,50.0
2026-09-12,wk inc covid hosp,3,2026-10-03,33,quantile,0.975,63.0
2026-09-12,wk inc covid hosp,3,2026-10-03,33,quantile,0.99,83.0
2026-09-12,wk inc covid hosp,3,2026-10-03,34,quantile,0.01,25.0
2026-09-12,wk inc covid hosp,3,2026-10-03,34,quantile,0.025,33.0
2026-09-12,wk inc covid hosp,3,2026-10-03,34,quantile,0.05,59.0
2026-09-12,wk inc covid hosp,3,2026-10-03,34,quantile,0.1,74.0
2026-09-12,wk inc covid hosp,3,2026-10-03,34,quantile,0.15,101.0
2026-09-12,wk inc covid hosp,3,2026-10-03,34,quantile,0.2,112.0
2026-09-12,wk inc covid hosp,3,2026-10-03,34,quantile,0.25,119.0
2026-09-12,wk inc covid hosp,3,2026-10-03,34,quantile,0.3,124.0
2026-09-12,wk inc covid hosp,3,2026-10-03,34,quantile,0.35,131.0
2026-09-12,wk inc covid hosp,3,2026-10-03,34,quantile,0.4,137.0
2026-09-12,wk inc covid hosp,3,2026-10-03,34,quantile,0.45,146.0
2026-09-12,wk inc covid hosp,3,2026-10-03,34,quantile,0.5,151.0
2026-09-12,wk inc covid hosp,3,2026-10-03,34,quantile,0.55,158.0
2026-09-12,wk inc covid hosp,3,2026-10-03,34,quantile,0.6,166.0
2026-09-12,wk inc covid hosp,3,2026-10-03,34,quantile,0.65,180.0
2026-09-12,wk inc covid hosp,3,2026-10-03,34,quantile,0.7,208.0
2026-09-12,wk inc covid hosp,3,2026-10-03,34,quantile,0.75,227.0
2026-09-12,wk inc covid hosp,3,2026-10-03,34,quantile,0.8,243.0
2026-09-12,wk inc covid hosp,3,2026-10-03,34,quantile,0.85,261.0
2026-09-12,wk inc covid hosp,3,2026-10-03,34,quantile,0.9,299.0
2026-09-12,wk inc covid hosp,3,2026-10-03,34,quantile,0.95,343.0
2026-09-12,wk inc covid hosp,3,2026-10-03,34,quantile,0.975,393.0
2026-09-12,wk inc covid hosp,3,2026-10-03,34,quantile,0.99,458.0
2026-09-12,wk inc covid hosp,3,2026-10-03,35,quantile,0.01,8.0
2026-09-12,wk inc covid hosp,3,2026-10-03,35,quantile,0.025,9.0
2026-09-12,wk inc covid hosp,3,2026-10-03,35,quantile,0.05,11.0
2026-09-12,wk inc covid hosp,3,2026-10-03,35,quantile,0.1,14.0
2026-09-12,wk inc covid hosp,3,2026-10-03,35,quantile,0.15,17.0
2026-09-12,wk inc covid hosp,3,2026-10-03,35,quantile,0.2,19.0
2026-09-12,wk inc covid hosp,3,2026-10-03,35,quantile,0.25,23.0
2026-09-12,wk inc covid hosp,3,2026-10-03,35,quantile,0.3,25.0
2026-09-12,wk inc covid hosp,3,2026-10-03,35,quantile,0.35,27.0
2026-09-12,wk inc covid hosp,3,2026-10-03,35,quantile,0.4,28.0
2026-09-12,wk inc covid hosp,3,2026-10-03,35,quantile,0.45,29.0
2026-09-12,wk inc covid hosp,3,2026-10-03,35,quantile,0.5,31.0
2026-09-12,wk inc covid hosp,3,2026-10-03,35,quantile,0.55,33.0
2026-09-12,wk inc covid hosp,3,2026-10-03,35,quantile,0.6,35.0
2026-09-12,wk inc covid hosp,3,2026-10-03,35,quantile,0.65,38.0
2026-09-12,wk inc covid hosp,3,2026-10-03,35,quantile,0.7,44.0
2026-09-12,wk inc covid hosp,3,2026-10-03,35,quantile,0.75,50.0
2026-09-12,wk inc covid hosp,3,2026-10-03,35,quantile,0.8,53.0
2026-09-12,wk inc covid hosp,3,2026-10-03,35,quantile,0.85,58.0
2026-09-12,wk inc covid hosp,3,2026-10-03,35,quantile,0.9,65.0
2026-09-12,wk inc covid hosp,3,2026-10-03,35,quantile,0.95,88.0
2026-09-12,wk inc covid hosp,3,2026-10-03,35,quantile,0.975,102.0
2026-09-12,wk inc covid hosp,3,2026-10-03,35,quantile,0.99,121.0
2026-09-12,wk inc covid hosp,3,2026-10-03,36,quantile,0.01,79.0
2026-09-12,wk inc covid hosp,3,2026-10-03,36,quantile,0.025,87.0
2026-09-12,wk inc covid hosp,3,2026-10-03,36,quantile,0.05,101.0
2026-09-12,wk inc covid hosp,3,2026-10-03,36,quantile,0.1,127.0
2026-09-12,wk inc covid hosp,3,2026-10-03,36,quantile,0.15,149.0
2026-09-12,wk inc covid hosp,3,2026-10-03,36,quantile,0.2,171.0
2026-09-12,wk inc covid hosp,3,2026-10-03,36,quantile,0.25,184.0
2026-09-12,wk inc covid hosp,3,2026-10-03,36,quantile,0.3,196.0
2026-09-12,wk inc covid hosp,3,2026-10-03,36,quantile,0.35,210.0
2026-09-12,wk inc covid hosp,3,2026-10-03,36,quantile,0.4,222.0
2026-09-12,wk inc covid hosp,3,2026-10-03,36,quantile,0.45,235.0
2026-09-12,wk inc covid hosp,3,2026-10-03,36,quantile,0.5,248.0
2026-09-12,wk inc covid hosp,3,2026-10-03,36,quantile,0.55,263.0
2026-09-12,wk inc covid hosp,3,2026-10-03,36,quantile,0.6,273.0
2026-09-12,wk inc covid hosp,3,2026-10-03,36,quantile,0.65,291.0
2026-09-12,wk inc covid hosp,3,2026-10-03,36,quantile,0.7,350.0
2026-09-12,wk inc covid hosp,3,2026-10-03,36,quantile,0.75,419.0
2026-09-12,wk inc covid hosp,3,2026-10-03,36,quantile,0.8,452.0
2026-09-12,wk inc covid hosp,3,2026-10-03,36,quantile,0.85,476.0
2026-09-12,wk inc covid hosp,3,2026-10-03,36,quantile,0.9,514.0
2026-09-12,wk inc covid hosp,3,2026-10-03,36,quantile,0.95,587.0
2026-09-12,wk inc covid hosp,3,2026-10-03,36,quantile,0.975,670.0
2026-09-12,wk inc covid hosp,3,2026-10-03,36,quantile,0.99,785.0
2026-09-12,wk inc covid hosp,3,2026-10-03,37,quantile,0.01,18.0
2026-09-12,wk inc covid hosp,3,2026-10-03,37,quantile,0.025,29.0
2026-09-12,wk inc covid hosp,3,2026-10-03,37,quantile,0.05,39.0
2026-09-12,wk inc covid hosp,3,2026-10-03,37,quantile,0.1,54.0
2026-09-12,wk inc covid hosp,3,2026-10-03,37,quantile,0.15,66.0
2026-09-12,wk inc covid hosp,3,2026-10-03,37,quantile,0.2,80.0
2026-09-12,wk inc covid hosp,3,2026-10-03,37,quantile,0.25,101.0
2026-09-12,wk inc covid hosp,3,2026-10-03,37,quantile,0.3,115.0
2026-09-12,wk inc covid hosp,3,2026-10-03,37,quantile,0.35,125.0
2026-09-12,wk inc covid hosp,3,2026-10-03,37,quantile,0.4,135.0
2026-09-12,wk inc covid hosp,3,2026-10-03,37,quantile,0.45,146.0
2026-09-12,wk inc covid hosp,3,2026-10-03,37,quantile,0.5,157.0
2026-09-12,wk inc covid hosp,3,2026-10-03,37,quantile,0.55,169.0
2026-09-12,wk inc covid hosp,3,2026-10-03,37,quantile,0.6,185.0
2026-09-12,wk inc covid hosp,3,2026-10-03,37,quantile,0.65,200.0
2026-09-12,wk inc covid hosp,3,2026-10-03,37,quantile,0.7,215.0
2026-09-12,wk inc covid hosp,3,2026-10-03,37,quantile,0.75,229.0
2026-09-12,wk inc covid hosp,3,2026-10-03,37,quantile,0.8,243.0
2026-09-12,wk inc covid hosp,3,2026-10-03,37,quantile,0.85,260.0
2026-09-12,wk inc covid hosp,3,2026-10-03,37,quantile,0.9,299.0
2026-09-12,wk inc covid hosp,3,2026-10-03,37,quantile,0.95,354.0
2026-09-12,wk inc covid hosp,3,2026-10-03,37,quantile,0.975,424.0
2026-09-12,wk inc covid hosp,3,2026-10-03,37,quantile,0.99,511.0
2026-09-12,wk inc covid hosp,3,2026-10-03,38,quantile,0.01,1.0
2026-09-12,wk inc covid hosp,3,2026-10-03,38,quantile,0.025,1.0
2026-09-12,wk inc covid hosp,3,2026-10-03,38,quantile,0.05,1.0
2026-09-12,wk inc covid hosp,3,2026-10-03,38,quantile,0.1,2.0
2026-09-12,wk inc covid hosp,3,2026-10-03,38,quantile,0.15,2.0
2026-09-12,wk inc covid hosp,3,2026-10-03,38,quantile,0.2,3.0
2026-09-12,wk inc covid hosp,3,2026-10-03,38,quantile,0.25,4.0
2026-09-12,wk inc covid hosp,3,2026-10-03,38,quantile,0.3,4.0
2026-09-12,wk inc covid hosp,3,2026-10-03,38,quantile,0.35,5.0
2026-09-12,wk inc covid hosp,3,2026-10-03,38,quantile,0.4,5.0
2026-09-12,wk inc covid hosp,3,2026-10-03,38,quantile,0.45,6.0
2026-09-12,wk inc covid hosp,3,2026-10-03,38,quantile,0.5,7.0
2026-09-12,wk inc covid hosp,3,2026-10-03,38,quantile,0.55,8.0
2026-09-12,wk inc covid hosp,3,2026-10-03,38,quantile,0.6,9.0
2026-09-12,wk inc covid hosp,3,2026-10-03,38,quantile,0.65,10.0
2026-09-12,wk inc covid hosp,3,2026-10-03,38,quantile,0.7,14.0
2026-09-12,wk inc covid hosp,3,2026-10-03,38,quantile,0.75,17.0
2026-09-12,wk inc covid hosp,3,2026-10-03,38,quantile,0.8,20.0
2026-09-12,wk inc covid hosp,3,2026-10-03,38,quantile,0.85,23.0
2026-09-12,wk inc covid hosp,3,2026-10-03,38,quantile,0.9,29.0
2026-09-12,wk inc covid hosp,3,2026-10-03,38,quantile,0.95,65.0
2026-09-12,wk inc covid hosp,3,2026-10-03,38,quantile,0.975,79.0
2026-09-12,wk inc covid hosp,3,2026-10-03,38,quantile,0.99,94.0
2026-09-12,wk inc covid hosp,3,2026-10-03,39,quantile,0.01,30.0
2026-09-12,wk inc covid hosp,3,2026-10-03,39,quantile,0.025,35.0
2026-09-12,wk inc covid hosp,3,2026-10-03,39,quantile,0.05,41.0
2026-09-12,wk inc covid hosp,3,2026-10-03,39,quantile,0.1,54.0
2026-09-12,wk inc covid hosp,3,2026-10-03,39,quantile,0.15,67.0
2026-09-12,wk inc covid hosp,3,2026-10-03,39,quantile,0.2,77.0
2026-09-12,wk inc covid hosp,3,2026-10-03,39,quantile,0.25,82.0
2026-09-12,wk inc covid hosp,3,2026-10-03,39,quantile,0.3,88.0
2026-09-12,wk inc covid hosp,3,2026-10-03,39,quantile,0.35,93.0
2026-09-12,wk inc covid hosp,3,2026-10-03,39,quantile,0.4,99.0
2026-09-12,wk inc covid hosp,3,2026-10-03,39,quantile,0.45,107.0
2026-09-12,wk inc covid hosp,3,2026-10-03,39,quantile,0.5,116.0
2026-09-12,wk inc covid hosp,3,2026-10-03,39,quantile,0.55,123.0
2026-09-12,wk inc covid hosp,3,2026-10-03,39,quantile,0.6,129.0
2026-09-12,wk inc covid hosp,3,2026-10-03,39,quantile,0.65,142.0
2026-09-12,wk inc covid hosp,3,2026-10-03,39,quantile,0.7,178.0
2026-09-12,wk inc covid hosp,3,2026-10-03,39,quantile,0.75,189.0
2026-09-12,wk inc covid hosp,3,2026-10-03,39,quantile,0.8,200.0
2026-09-12,wk inc covid hosp,3,2026-10-03,39,quantile,0.85,231.0
2026-09-12,wk inc covid hosp,3,2026-10-03,39,quantile,0.9,266.0
2026-09-12,wk inc covid hosp,3,2026-10-03,39,quantile,0.95,354.0
2026-09-12,wk inc covid hosp,3,2026-10-03,39,quantile,0.975,430.0
2026-09-12,wk inc covid hosp,3,2026-10-03,39,quantile,0.99,505.0
2026-09-12,wk inc covid hosp,3,2026-10-03,40,quantile,0.01,10.0
2026-09-12,wk inc covid hosp,3,2026-10-03,40,quantile,0.025,12.0
2026-09-12,wk inc covid hosp,3,2026-10-03,40,quantile,0.05,14.0
2026-09-12,wk inc covid hosp,3,2026-10-03,40,quantile,0.1,18.0
2026-09-12,wk inc covid hosp,3,2026-10-03,40,quantile,0.15,21.0
2026-09-12,wk inc covid hosp,3,2026-10-03,40,quantile,0.2,24.0
2026-09-12,wk inc covid hosp,3,2026-10-03,40,quantile,0.25,27.0
2026-09-12,wk inc covid hosp,3,2026-10-03,40,quantile,0.3,32.0
2026-09-12,wk inc covid hosp,3,2026-10-03,40,quantile,0.35,34.0
2026-09-12,wk inc covid hosp,3,2026-10-03,40,quantile,0.4,36.0
2026-09-12,wk inc covid hosp,3,2026-10-03,40,quantile,0.45,38.0
2026-09-12,wk inc covid hosp,3,2026-10-03,40,quantile,0.5,41.0
2026-09-12,wk inc covid hosp,3,2026-10-03,40,quantile,0.55,44.0
2026-09-12,wk inc covid hosp,3,2026-10-03,40,quantile,0.6,48.0
2026-09-12,wk inc covid hosp,3,2026-10-03,40,quantile,0.65,53.0
2026-09-12,wk inc covid hosp,3,2026-10-03,40,quantile,0.7,66.0
2026-09-12,wk inc covid hosp,3,2026-10-03,40,quantile,0.75,72.0
2026-09-12,wk inc covid hosp,3,2026-10-03,40,quantile,0.8,76.0
2026-09-12,wk inc covid hosp,3,2026-10-03,40,quantile,0.85,84.0
2026-09-12,wk inc covid hosp,3,2026-10-03,40,quantile,0.9,100.0
2026-09-12,wk inc covid hosp,3,2026-10-03,40,quantile,0.95,150.0
2026-09-12,wk inc covid hosp,3,2026-10-03,40,quantile,0.975,179.0
2026-09-12,wk inc covid hosp,3,2026-10-03,40,quantile,0.99,215.0
2026-09-12,wk inc covid hosp,3,2026-10-03,41,quantile,0.01,14.0
2026-09-12,wk inc covid hosp,3,2026-10-03,41,quantile,0.025,16.0
2026-09-12,wk inc covid hosp,3,2026-10-03,41,quantile,0.05,18.0
2026-09-12,wk inc covid hosp,3,2026-10-03,41,quantile,0.1,21.0
2026-09-12,wk inc covid hosp,3,2026-10-03,41,quantile,0.15,24.0
2026-09-12,wk inc covid hosp,3,2026-10-03,41,quantile,0.2,26.0
2026-09-12,wk inc covid hosp,3,2026-10-03,41,quantile,0.25,27.0
2026-09-12,wk inc covid hosp,3,2026-10-03,41,quantile,0.3,29.0
2026-09-12,wk inc covid hosp,3,2026-10-03,41,quantile,0.35,30.0
2026-09-12,wk inc covid hosp,3,2026-10-03,41,quantile,0.4,32.0
2026-09-12,wk inc covid hosp,3,2026-10-03,41,quantile,0.45,34.0
2026-09-12,wk inc covid hosp,3,2026-10-03,41,quantile,0.5,35.0
2026-09-12,wk inc covid hosp,3,2026-10-03,41,quantile,0.55,37.0
2026-09-12,wk inc covid hosp,3,2026-10-03,41,quantile,0.6,39.0
2026-09-12,wk inc covid hosp,3,2026-10-03,41,quantile,0.65,43.0
2026-09-12,wk inc covid hosp,3,2026-10-03,41,quantile,0.7,46.0
2026-09-12,wk inc covid hosp,3,2026-10-03,41,quantile,0.75,55.0
2026-09-12,wk inc covid hosp,3,2026-10-03,41,quantile,0.8,59.0
2026-09-12,wk inc covid hosp,3,2026-10-03,41,quantile,0.85,64.0
2026-09-12,wk inc covid hosp,3,2026-10-03,41,quantile,0.9,71.0
2026-09-12,wk inc covid hosp,3,2026-10-03,41,quantile,0.95,83.0
2026-09-12,wk inc covid hosp,3,2026-10-03,41,quantile,0.975,102.0
2026-09-12,wk inc covid hosp,3,2026-10-03,41,quantile,0.99,126.0
2026-09-12,wk inc covid hosp,3,2026-10-03,42,quantile,0.01,33.0
2026-09-12,wk inc covid hosp,3,2026-10-03,42,quantile,0.025,40.0
2026-09-12,wk inc covid hosp,3,2026-10-03,42,quantile,0.05,61.0
2026-09-12,wk inc covid hosp,3,2026-10-03,42,quantile,0.1,92.0
2026-09-12,wk inc covid hosp,3,2026-10-03,42,quantile,0.15,120.0
2026-09-12,wk inc covid hosp,3,2026-10-03,42,quantile,0.2,133.0
2026-09-12,wk inc covid hosp,3,2026-10-03,42,quantile,0.25,137.0
2026-09-12,wk inc covid hosp,3,2026-10-03,42,quantile,0.3,145.0
2026-09-12,wk inc covid hosp,3,2026-10-03,42,quantile,0.35,150.0
2026-09-12,wk inc covid hosp,3,2026-10-03,42,quantile,0.4,154.0
2026-09-12,wk inc covid hosp,3,2026-10-03,42,quantile,0.45,165.0
2026-09-12,wk inc covid hosp,3,2026-10-03,42,quantile,0.5,170.0
2026-09-12,wk inc covid hosp,3,2026-10-03,42,quantile,0.55,178.0
2026-09-12,wk inc covid hosp,3,2026-10-03,42,quantile,0.6,191.0
2026-09-12,wk inc covid hosp,3,2026-10-03,42,quantile,0.65,204.0
2026-09-12,wk inc covid hosp,3,2026-10-03,42,quantile,0.7,224.0
2026-09-12,wk inc covid hosp,3,2026-10-03,42,quantile,0.75,233.0
2026-09-12,wk inc covid hosp,3,2026-10-03,42,quantile,0.8,243.0
2026-09-12,wk inc covid hosp,3,2026-10-03,42,quantile,0.85,258.0
2026-09-12,wk inc covid hosp,3,2026-10-03,42,quantile,0.9,324.0
2026-09-12,wk inc covid hosp,3,2026-10-03,42,quantile,0.95,387.0
2026-09-12,wk inc covid hosp,3,2026-10-03,42,quantile,0.975,441.0
2026-09-12,wk inc covid hosp,3,2026-10-03,42,quantile,0.99,510.0
2026-09-12,wk inc covid hosp,3,2026-10-03,44,quantile,0.01,4.0
2026-09-12,wk inc covid hosp,3,2026-10-03,44,quantile,0.025,4.0
2026-09-12,wk inc covid hosp,3,2026-10-03,44,quantile,0.05,5.0
2026-09-12,wk inc covid hosp,3,2026-10-03,44,quantile,0.1,6.0
2026-09-12,wk inc covid hosp,3,2026-10-03,44,quantile,0.15,7.0
2026-09-12,wk inc covid hosp,3,2026-10-03,44,quantile,0.2,9.0
2026-09-12,wk inc covid hosp,3,2026-10-03,44,quantile,0.25,9.0
2026-09-12,wk inc covid hosp,3,2026-10-03,44,quantile,0.3,10.0
2026-09-12,wk inc covid hosp,3,2026-10-03,44,quantile,0.35,11.0
2026-09-12,wk inc covid hosp,3,2026-10-03,44,quantile,0.4,12.0
2026-09-12,wk inc covid hosp,3,2026-10-03,44,quantile,0.45,12.0
2026-09-12,wk inc covid hosp,3,2026-10-03,44,quantile,0.5,13.0
2026-09-12,wk inc covid hosp,3,2026-10-03,44,quantile,0.55,14.0
2026-09-12,wk inc covid hosp,3,2026-10-03,44,quantile,0.6,15.0
2026-09-12,wk inc covid hosp,3,2026-10-03,44,quantile,0.65,17.0
2026-09-12,wk inc covid hosp,3,2026-10-03,44,quantile,0.7,19.0
2026-09-12,wk inc covid hosp,3,2026-10-03,44,quantile,0.75,21.0
2026-09-12,wk inc covid hosp,3,2026-10-03,44,quantile,0.8,23.0
2026-09-12,wk inc covid hosp,3,2026-10-03,44,quantile,0.85,26.0
2026-09-12,wk inc covid hosp,3,2026-10-03,44,quantile,0.9,30.0
2026-09-12,wk inc covid hosp,3,2026-10-03,44,quantile,0.95,36.0
2026-09-12,wk inc covid hosp,3,2026-10-03,44,quantile,0.975,44.0
2026-09-12,wk inc covid hosp,3,2026-10-03,44,quantile,0.99,56.0
2026-09-12,wk inc covid hosp,3,2026-10-03,45,quantile,0.01,23.0
2026-09-12,wk inc covid hosp,3,2026-10-03,45,quantile,0.025,27.0
2026-09-12,wk inc covid hosp,3,2026-10-03,45,quantile,0.05,31.0
2026-09-12,wk inc covid hosp,3,2026-10-03,45,quantile,0.1,40.0
2026-09-12,wk inc covid hosp,3,2026-10-03,45,quantile,0.15,49.0
2026-09-12,wk inc covid hosp,3,2026-10-03,45,quantile,0.2,57.0
2026-09-12,wk inc covid hosp,3,2026-10-03,45,quantile,0.25,62.0
2026-09-12,wk inc covid hosp,3,2026-10-03,45,quantile,0.3,67.0
2026-09-12,wk inc covid hosp,3,2026-10-03,45,quantile,0.35,71.0
2026-09-12,wk inc covid hosp,3,2026-10-03,45,quantile,0.4,74.0
2026-09-12,wk inc covid hosp,3,2026-10-03,45,quantile,0.45,79.0
2026-09-12,wk inc covid hosp,3,2026-10-03,45,quantile,0.5,83.0
2026-09-12,wk inc covid hosp,3,2026-10-03,45,quantile,0.55,88.0
2026-09-12,wk inc covid hosp,3,2026-10-03,45,quantile,0.6,95.0
2026-09-12,wk inc covid hosp,3,2026-10-03,45,quantile,0.65,109.0
2026-09-12,wk inc covid hosp,3,2026-10-03,45,quantile,0.7,118.0
2026-09-12,wk inc covid hosp,3,2026-10-03,45,quantile,0.75,125.0
2026-09-12,wk inc covid hosp,3,2026-10-03,45,quantile,0.8,132.0
2026-09-12,wk inc covid hosp,3,2026-10-03,45,quantile,0.85,143.0
2026-09-12,wk inc covid hosp,3,2026-10-03,45,quantile,0.9,160.0
2026-09-12,wk inc covid hosp,3,2026-10-03,45,quantile,0.95,193.0
2026-09-12,wk inc covid hosp,3,2026-10-03,45,quantile,0.975,242.0
2026-09-12,wk inc covid hosp,3,2026-10-03,45,quantile,0.99,303.0
2026-09-12,wk inc covid hosp,3,2026-10-03,46,quantile,0.01,1.0
2026-09-12,wk inc covid hosp,3,2026-10-03,46,quantile,0.025,1.0
2026-09-12,wk inc covid hosp,3,2026-10-03,46,quantile,0.05,2.0
2026-09-12,wk inc covid hosp,3,2026-10-03,46,quantile,0.1,2.0
2026-09-12,wk inc covid hosp,3,2026-10-03,46,quantile,0.15,3.0
2026-09-12,wk inc covid hosp,3,2026-10-03,46,quantile,0.2,4.0
2026-09-12,wk inc covid hosp,3,2026-10-03,46,quantile,0.25,5.0
2026-09-12,wk inc covid hosp,3,2026-10-03,46,quantile,0.3,6.0
2026-09-12,wk inc covid hosp,3,2026-10-03,46,quantile,0.35,7.0
2026-09-12,wk inc covid hosp,3,2026-10-03,46,quantile,0.4,8.0
2026-09-12,wk inc covid hosp,3,2026-10-03,46,quantile,0.45,8.0
2026-09-12,wk inc covid hosp,3,2026-10-03,46,quantile,0.5,9.0
2026-09-12,wk inc covid hosp,3,2026-10-03,46,quantile,0.55,10.0
2026-09-12,wk inc covid hosp,3,2026-10-03,46,quantile,0.6,10.0
2026-09-12,wk inc covid hosp,3,2026-10-03,46,quantile,0.65,12.0
2026-09-12,wk inc covid hosp,3,2026-10-03,46,quantile,0.7,19.0
2026-09-12,wk inc covid hosp,3,2026-10-03,46,quantile,0.75,21.0
2026-09-12,wk inc covid hosp,3,2026-10-03,46,quantile,0.8,23.0
2026-09-12,wk inc covid hosp,3,2026-10-03,46,quantile,0.85,25.0
2026-09-12,wk inc covid hosp,3,2026-10-03,46,quantile,0.9,32.0
2026-09-12,wk inc covid hosp,3,2026-10-03,46,quantile,0.95,50.0
2026-09-12,wk inc covid hosp,3,2026-10-03,46,quantile,0.975,61.0
2026-09-12,wk inc covid hosp,3,2026-10-03,46,quantile,0.99,86.0
2026-09-12,wk inc covid hosp,3,2026-10-03,47,quantile,0.01,19.0
2026-09-12,wk inc covid hosp,3,2026-10-03,47,quantile,0.025,23.0
2026-09-12,wk inc covid hosp,3,2026-10-03,47,quantile,0.05,30.0
2026-09-12,wk inc covid hosp,3,2026-10-03,47,quantile,0.1,38.0
2026-09-12,wk inc covid hosp,3,2026-10-03,47,quantile,0.15,48.0
2026-09-12,wk inc covid hosp,3,2026-10-03,47,quantile,0.2,53.0
2026-09-12,wk inc covid hosp,3,2026-10-03,47,quantile,0.25,57.0
2026-09-12,wk inc covid hosp,3,2026-10-03,47,quantile,0.3,64.0
2026-09-12,wk inc covid hosp,3,2026-10-03,47,quantile,0.35,68.0
2026-09-12,wk inc covid hosp,3,2026-10-03,47,quantile,0.4,71.0
2026-09-12,wk inc covid hosp,3,2026-10-03,47,quantile,0.45,75.0
2026-09-12,wk inc covid hosp,3,2026-10-03,47,quantile,0.5,80.0
2026-09-12,wk inc covid hosp,3,2026-10-03,47,quantile,0.55,85.0
2026-09-12,wk inc covid hosp,3,2026-10-03,47,quantile,0.6,91.0
2026-09-12,wk inc covid hosp,3,2026-10-03,47,quantile,0.65,100.0
2026-09-12,wk inc covid hosp,3,2026-10-03,47,quantile,0.7,118.0
2026-09-12,wk inc covid hosp,3,2026-10-03,47,quantile,0.75,125.0
2026-09-12,wk inc covid hosp,3,2026-10-03,47,quantile,0.8,135.0
2026-09-12,wk inc covid hosp,3,2026-10-03,47,quantile,0.85,147.0
2026-09-12,wk inc covid hosp,3,2026-10-03,47,quantile,0.9,166.0
2026-09-12,wk inc covid hosp,3,2026-10-03,47,quantile,0.95,238.0
2026-09-12,wk inc covid hosp,3,2026-10-03,47,quantile,0.975,296.0
2026-09-12,wk inc covid hosp,3,2026-10-03,47,quantile,0.99,373.0
2026-09-12,wk inc covid hosp,3,2026-10-03,48,quantile,0.01,42.0
2026-09-12,wk inc covid hosp,3,2026-10-03,48,quantile,0.025,86.0
2026-09-12,wk inc covid hosp,3,2026-10-03,48,quantile,0.05,126.0
2026-09-12,wk inc covid hosp,3,2026-10-03,48,quantile,0.1,202.0
2026-09-12,wk inc covid hosp,3,2026-10-03,48,quantile,0.15,279.0
2026-09-12,wk inc covid hosp,3,2026-10-03,48,quantile,0.2,319.0
2026-09-12,wk inc covid hosp,3,2026-10-03,48,quantile,0.25,338.0
2026-09-12,wk inc covid hosp,3,2026-10-03,48,quantile,0.3,360.0
2026-09-12,wk inc covid hosp,3,2026-10-03,48,quantile,0.35,378.0
2026-09-12,wk inc covid hosp,3,2026-10-03,48,quantile,0.4,397.0
2026-09-12,wk inc covid hosp,3,2026-10-03,48,quantile,0.45,426.0
2026-09-12,wk inc covid hosp,3,2026-10-03,48,quantile,0.5,457.0
2026-09-12,wk inc covid hosp,3,2026-10-03,48,quantile,0.55,499.0
2026-09-12,wk inc covid hosp,3,2026-10-03,48,quantile,0.6,546.0
2026-09-12,wk inc covid hosp,3,2026-10-03,48,quantile,0.65,623.0
2026-09-12,wk inc covid hosp,3,2026-10-03,48,quantile,0.7,699.0
2026-09-12,wk inc covid hosp,3,2026-10-03,48,quantile,0.75,739.0
2026-09-12,wk inc covid hosp,3,2026-10-03,48,quantile,0.8,788.0
2026-09-12,wk inc covid hosp,3,2026-10-03,48,quantile,0.85,869.0
2026-09-12,wk inc covid hosp,3,2026-10-03,48,quantile,0.9,989.0
2026-09-12,wk inc covid hosp,3,2026-10-03,48,quantile,0.95,1280.0
2026-09-12,wk inc covid hosp,3,2026-10-03,48,quantile,0.975,1528.0
2026-09-12,wk inc covid hosp,3,2026-10-03,48,quantile,0.99,1796.0
2026-09-12,wk inc covid hosp,3,2026-10-03,49,quantile,0.01,2.0
2026-09-12,wk inc covid hosp,3,2026-10-03,49,quantile,0.025,3.0
2026-09-12,wk inc covid hosp,3,2026-10-03,49,quantile,0.05,4.0
2026-09-12,wk inc covid hosp,3,2026-10-03,49,quantile,0.1,6.0
2026-09-12,wk inc covid hosp,3,2026-10-03,49,quantile,0.15,8.0
2026-09-12,wk inc covid hosp,3,2026-10-03,49,quantile,0.2,9.0
2026-09-12,wk inc covid hosp,3,2026-10-03,49,quantile,0.25,10.0
2026-09-12,wk inc covid hosp,3,2026-10-03,49,quantile,0.3,11.0
2026-09-12,wk inc covid hosp,3,2026-10-03,49,quantile,0.35,12.0
2026-09-12,wk inc covid hosp,3,2026-10-03,49,quantile,0.4,13.0
2026-09-12,wk inc covid hosp,3,2026-10-03,49,quantile,0.45,14.0
2026-09-12,wk inc covid hosp,3,2026-10-03,49,quantile,0.5,16.0
2026-09-12,wk inc covid hosp,3,2026-10-03,49,quantile,0.55,19.0
2026-09-12,wk inc covid hosp,3,2026-10-03,49,quantile,0.6,22.0
2026-09-12,wk inc covid hosp,3,2026-10-03,49,quantile,0.65,27.0
2026-09-12,wk inc covid hosp,3,2026-10-03,49,quantile,0.7,34.0
2026-09-12,wk inc covid hosp,3,2026-10-03,49,quantile,0.75,37.0
2026-09-12,wk inc covid hosp,3,2026-10-03,49,quantile,0.8,40.0
2026-09-12,wk inc covid hosp,3,2026-10-03,49,quantile,0.85,45.0
2026-09-12,wk inc covid hosp,3,2026-10-03,49,quantile,0.9,51.0
2026-09-12,wk inc covid hosp,3,2026-10-03,49,quantile,0.95,76.0
2026-09-12,wk inc covid hosp,3,2026-10-03,49,quantile,0.975,98.0
2026-09-12,wk inc covid hosp,3,2026-10-03,49,quantile,0.99,121.0
2026-09-12,wk inc covid hosp,3,2026-10-03,50,quantile,0.01,1.0
2026-09-12,wk inc covid hosp,3,2026-10-03,50,quantile,0.025,1.0
2026-09-12,wk inc covid hosp,3,2026-10-03,50,quantile,0.05,1.0
2026-09-12,wk inc covid hosp,3,2026-10-03,50,quantile,0.1,2.0
2026-09-12,wk inc covid hosp,3,2026-10-03,50,quantile,0.15,2.0
2026-09-12,wk inc covid hosp,3,2026-10-03,50,quantile,0.2,3.0
2026-09-12,wk inc covid hosp,3,2026-10-03,50,quantile,0.25,4.0
2026-09-12,wk inc covid hosp,3,2026-10-03,50,quantile,0.3,5.0
2026-09-12,wk inc covid hosp,3,2026-10-03,50,quantile,0.35,6.0
2026-09-12,wk inc covid hosp,3,2026-10-03,50,quantile,0.4,6.0
2026-09-12,wk inc covid hosp,3,2026-10-03,50,quantile,0.45,6.0
2026-09-12,wk inc covid hosp,3,2026-10-03,50,quantile,0.5,7.0
2026-09-12,wk inc covid hosp,3,2026-10-03,50,quantile,0.55,7.0
2026-09-12,wk inc covid hosp,3,2026-10-03,50,quantile,0.6,8.0
2026-09-12,wk inc covid hosp,3,2026-10-03,50,quantile,0.65,9.0
2026-09-12,wk inc covid hosp,3,2026-10-03,50,quantile,0.7,10.0
2026-09-12,wk inc covid hosp,3,2026-10-03,50,quantile,0.75,16.0
2026-09-12,wk inc covid hosp,3,2026-10-03,50,quantile,0.8,18.0
2026-09-12,wk inc covid hosp,3,2026-10-03,50,quantile,0.85,21.0
2026-09-12,wk inc covid hosp,3,2026-10-03,50,quantile,0.9,25.0
2026-09-12,wk inc covid hosp,3,2026-10-03,50,quantile,0.95,31.0
2026-09-12,wk inc covid hosp,3,2026-10-03,50,quantile,0.975,39.0
2026-09-12,wk inc covid hosp,3,2026-10-03,50,quantile,0.99,52.0
2026-09-12,wk inc covid hosp,3,2026-10-03,51,quantile,0.01,20.0
2026-09-12,wk inc covid hosp,3,2026-10-03,51,quantile,0.025,22.0
2026-09-12,wk inc covid hosp,3,2026-10-03,51,quantile,0.05,25.0
2026-09-12,wk inc covid hosp,3,2026-10-03,51,quantile,0.1,31.0
2026-09-12,wk inc covid hosp,3,2026-10-03,51,quantile,0.15,35.0
2026-09-12,wk inc covid hosp,3,2026-10-03,51,quantile,0.2,40.0
2026-09-12,wk inc covid hosp,3,2026-10-03,51,quantile,0.25,43.0
2026-09-12,wk inc covid hosp,3,2026-10-03,51,quantile,0.3,45.0
2026-09-12,wk inc covid hosp,3,2026-10-03,51,quantile,0.35,48.0
2026-09-12,wk inc covid hosp,3,2026-10-03,51,quantile,0.4,51.0
2026-09-12,wk inc covid hosp,3,2026-10-03,51,quantile,0.45,55.0
2026-09-12,wk inc covid hosp,3,2026-10-03,51,quantile,0.5,58.0
2026-09-12,wk inc covid hosp,3,2026-10-03,51,quantile,0.55,62.0
2026-09-12,wk inc covid hosp,3,2026-10-03,51,quantile,0.6,68.0
2026-09-12,wk inc covid hosp,3,2026-10-03,51,quantile,0.65,76.0
2026-09-12,wk inc covid hosp,3,2026-10-03,51,quantile,0.7,96.0
2026-09-12,wk inc covid hosp,3,2026-10-03,51,quantile,0.75,103.0
2026-09-12,wk inc covid hosp,3,2026-10-03,51,quantile,0.8,109.0
2026-09-12,wk inc covid hosp,3,2026-10-03,51,quantile,0.85,122.0
2026-09-12,wk inc covid hosp,3,2026-10-03,51,quantile,0.9,138.0
2026-09-12,wk inc covid hosp,3,2026-10-03,51,quantile,0.95,171.0
2026-09-12,wk inc covid hosp,3,2026-10-03,51,quantile,0.975,217.0
2026-09-12,wk inc covid hosp,3,2026-10-03,51,quantile,0.99,277.0
2026-09-12,wk inc covid hosp,3,2026-10-03,53,quantile,0.01,14.0
2026-09-12,wk inc covid hosp,3,2026-10-03,53,quantile,0.025,16.0
2026-09-12,wk inc covid hosp,3,2026-10-03,53,quantile,0.05,21.0
2026-09-12,wk inc covid hosp,3,2026-10-03,53,quantile,0.1,28.0
2026-09-12,wk inc covid hosp,3,2026-10-03,53,quantile,0.15,34.0
2026-09-12,wk inc covid hosp,3,2026-10-03,53,quantile,0.2,37.0
2026-09-12,wk inc covid hosp,3,2026-10-03,53,quantile,0.25,41.0
2026-09-12,wk inc covid hosp,3,2026-10-03,53,quantile,0.3,46.0
2026-09-12,wk inc covid hosp,3,2026-10-03,53,quantile,0.35,49.0
2026-09-12,wk inc covid hosp,3,2026-10-03,53,quantile,0.4,51.0
2026-09-12,wk inc covid hosp,3,2026-10-03,53,quantile,0.45,54.0
2026-09-12,wk inc covid hosp,3,2026-10-03,53,quantile,0.5,57.0
2026-09-12,wk inc covid hosp,3,2026-10-03,53,quantile,0.55,61.0
2026-09-12,wk inc covid hosp,3,2026-10-03,53,quantile,0.6,65.0
2026-09-12,wk inc covid hosp,3,2026-10-03,53,quantile,0.65,75.0
2026-09-12,wk inc covid hosp,3,2026-10-03,53,quantile,0.7,84.0
2026-09-12,wk inc covid hosp,3,2026-10-03,53,quantile,0.75,91.0
2026-09-12,wk inc covid hosp,3,2026-10-03,53,quantile,0.8,101.0
2026-09-12,wk inc covid hosp,3,2026-10-03,53,quantile,0.85,112.0
2026-09-12,wk inc covid hosp,3,2026-10-03,53,quantile,0.9,124.0
2026-09-12,wk inc covid hosp,3,2026-10-03,53,quantile,0.95,166.0
2026-09-12,wk inc covid hosp,3,2026-10-03,53,quantile,0.975,203.0
2026-09-12,wk inc covid hosp,3,2026-10-03,53,quantile,0.99,251.0
2026-09-12,wk inc covid hosp,3,2026-10-03,54,quantile,0.01,1.0
2026-09-12,wk inc covid hosp,3,2026-10-03,54,quantile,0.025,2.0
2026-09-12,wk inc covid hosp,3,2026-10-03,54,quantile,0.05,3.0
2026-09-12,wk inc covid hosp,3,2026-10-03,54,quantile,0.1,4.0
2026-09-12,wk inc covid hosp,3,2026-10-03,54,quantile,0.15,5.0
2026-09-12,wk inc covid hosp,3,2026-10-03,54,quantile,0.2,6.0
2026-09-12,wk inc covid hosp,3,2026-10-03,54,quantile,0.25,9.0
2026-09-12,wk inc covid hosp,3,2026-10-03,54,quantile,0.3,12.0
2026-09-12,wk inc covid hosp,3,2026-10-03,54,quantile,0.35,13.0
2026-09-12,wk inc covid hosp,3,2026-10-03,54,quantile,0.4,14.0
2026-09-12,wk inc covid hosp,3,2026-10-03,54,quantile,0.45,16.0
2026-09-12,wk inc covid hosp,3,2026-10-03,54,quantile,0.5,18.0
2026-09-12,wk inc covid hosp,3,2026-10-03,54,quantile,0.55,20.0
2026-09-12,wk inc covid hosp,3,2026-10-03,54,quantile,0.6,22.0
2026-09-12,wk inc covid hosp,3,2026-10-03,54,quantile,0.65,24.0
2026-09-12,wk inc covid hosp,3,2026-10-03,54,quantile,0.7,33.0
2026-09-12,wk inc covid hosp,3,2026-10-03,54,quantile,0.75,37.0
2026-09-12,wk inc covid hosp,3,2026-10-03,54,quantile,0.8,40.0
2026-09-12,wk inc covid hosp,3,2026-10-03,54,quantile,0.85,44.0
2026-09-12,wk inc covid hosp,3,2026-10-03,54,quantile,0.9,49.0
2026-09-12,wk inc covid hosp,3,2026-10-03,54,quantile,0.95,75.0
2026-09-12,wk inc covid hosp,3,2026-10-03,54,quantile,0.975,99.0
2026-09-12,wk inc covid hosp,3,2026-10-03,54,quantile,0.99,125.0
2026-09-12,wk inc covid hosp,3,2026-10-03,55,quantile,0.01,14.0
2026-09-12,wk inc covid hosp,3,2026-10-03,55,quantile,0.025,15.0
2026-09-12,wk inc covid hosp,3,2026-10-03,55,quantile,0.05,17.0
2026-09-12,wk inc covid hosp,3,2026-10-03,55,quantile,0.1,20.0
2026-09-12,wk inc covid hosp,3,2026-10-03,55,quantile,0.15,24.0
2026-09-12,wk inc covid hosp,3,2026-10-03,55,quantile,0.2,27.0
2026-09-12,wk inc covid hosp,3,2026-10-03,55,quantile,0.25,29.0
2026-09-12,wk inc covid hosp,3,2026-10-03,55,quantile,0.3,32.0
2026-09-12,wk inc covid hosp,3,2026-10-03,55,quantile,0.35,34.0
2026-09-12,wk inc covid hosp,3,2026-10-03,55,quantile,0.4,35.0
2026-09-12,wk inc covid hosp,3,2026-10-03,55,quantile,0.45,38.0
2026-09-12,wk inc covid hosp,3,2026-10-03,55,quantile,0.5,41.0
2026-09-12,wk inc covid hosp,3,2026-10-03,55,quantile,0.55,44.0
2026-09-12,wk inc covid hosp,3,2026-10-03,55,quantile,0.6,47.0
2026-09-12,wk inc covid hosp,3,2026-10-03,55,quantile,0.65,50.0
2026-09-12,wk inc covid hosp,3,2026-10-03,55,quantile,0.7,64.0
2026-09-12,wk inc covid hosp,3,2026-10-03,55,quantile,0.75,68.0
2026-09-12,wk inc covid hosp,3,2026-10-03,55,quantile,0.8,72.0
2026-09-12,wk inc covid hosp,3,2026-10-03,55,quantile,0.85,85.0
2026-09-12,wk inc covid hosp,3,2026-10-03,55,quantile,0.9,94.0
2026-09-12,wk inc covid hosp,3,2026-10-03,55,quantile,0.95,132.0
2026-09-12,wk inc covid hosp,3,2026-10-03,55,quantile,0.975,152.0
2026-09-12,wk inc covid hosp,3,2026-10-03,55,quantile,0.99,180.0
2026-09-12,wk inc covid hosp,3,2026-10-03,56,quantile,0.01,2.0
2026-09-12,wk inc covid hosp,3,2026-10-03,56,quantile,0.025,2.0
2026-09-12,wk inc covid hosp,3,2026-10-03,56,quantile,0.05,2.0
2026-09-12,wk inc covid hosp,3,2026-10-03,56,quantile,0.1,2.0
2026-09-12,wk inc covid hosp,3,2026-10-03,56,quantile,0.15,3.0
2026-09-12,wk inc covid hosp,3,2026-10-03,56,quantile,0.2,3.0
2026-09-12,wk inc covid hosp,3,2026-10-03,56,quantile,0.25,4.0
2026-09-12,wk inc covid hosp,3,2026-10-03,56,quantile,0.3,4.0
2026-09-12,wk inc covid hosp,3,2026-10-03,56,quantile,0.35,5.0
2026-09-12,wk inc covid hosp,3,2026-10-03,56,quantile,0.4,5.0
2026-09-12,wk inc covid hosp,3,2026-10-03,56,quantile,0.45,5.0
2026-09-12,wk inc covid hosp,3,2026-10-03,56,quantile,0.5,6.0
2026-09-12,wk inc covid hosp,3,2026-10-03,56,quantile,0.55,8.0
2026-09-12,wk inc covid hosp,3,2026-10-03,56,quantile,0.6,9.0
2026-09-12,wk inc covid hosp,3,2026-10-03,56,quantile,0.65,10.0
2026-09-12,wk inc covid hosp,3,2026-10-03,56,quantile,0.7,12.0
2026-09-12,wk inc covid hosp,3,2026-10-03,56,quantile,0.75,13.0
2026-09-12,wk inc covid hosp,3,2026-10-03,56,quantile,0.8,15.0
2026-09-12,wk inc covid hosp,3,2026-10-03,56,quantile,0.85,18.0
2026-09-12,wk inc covid hosp,3,2026-10-03,56,quantile,0.9,22.0
2026-09-12,wk inc covid hosp,3,2026-10-03,56,quantile,0.95,46.0
2026-09-12,wk inc covid hosp,3,2026-10-03,56,quantile,0.975,63.0
2026-09-12,wk inc covid hosp,3,2026-10-03,56,quantile,0.99,79.0
2026-09-12,wk inc covid hosp,3,2026-10-03,72,quantile,0.01,1.0
2026-09-12,wk inc covid hosp,3,2026-10-03,72,quantile,0.025,3.0
2026-09-12,wk inc covid hosp,3,2026-10-03,72,quantile,0.05,4.0
2026-09-12,wk inc covid hosp,3,2026-10-03,72,quantile,0.1,7.0
2026-09-12,wk inc covid hosp,3,2026-10-03,72,quantile,0.15,9.0
2026-09-12,wk inc covid hosp,3,2026-10-03,72,quantile,0.2,11.0
2026-09-12,wk inc covid hosp,3,2026-10-03,72,quantile,0.25,13.0
2026-09-12,wk inc covid hosp,3,2026-10-03,72,quantile,0.3,18.0
2026-09-12,wk inc covid hosp,3,2026-10-03,72,quantile,0.35,21.0
2026-09-12,wk inc covid hosp,3,2026-10-03,72,quantile,0.4,24.0
2026-09-12,wk inc covid hosp,3,2026-10-03,72,quantile,0.45,27.0
2026-09-12,wk inc covid hosp,3,2026-10-03,72,quantile,0.5,31.0
2026-09-12,wk inc covid hosp,3,2026-10-03,72,quantile,0.55,35.0
2026-09-12,wk inc covid hosp,3,2026-10-03,72,quantile,0.6,40.0
2026-09-12,wk inc covid hosp,3,2026-10-03,72,quantile,0.65,45.0
2026-09-12,wk inc covid hosp,3,2026-10-03,72,quantile,0.7,52.0
2026-09-12,wk inc covid hosp,3,2026-10-03,72,quantile,0.75,58.0
2026-09-12,wk inc covid hosp,3,2026-10-03,72,quantile,0.8,65.0
2026-09-12,wk inc covid hosp,3,2026-10-03,72,quantile,0.85,76.0
2026-09-12,wk inc covid hosp,3,2026-10-03,72,quantile,0.9,92.0
2026-09-12,wk inc covid hosp,3,2026-10-03,72,quantile,0.95,125.0
2026-09-12,wk inc covid hosp,3,2026-10-03,72,quantile,0.975,184.0
2026-09-12,wk inc covid hosp,3,2026-10-03,72,quantile,0.99,256.0
