reference_date,target,horizon,target_end_date,location,output_type,output_type_id,value
2026-07-25,wk inc covid hosp,0,2026-07-25,01,quantile,0.01,16.0
2026-07-25,wk inc covid hosp,0,2026-07-25,01,quantile,0.025,17.0
2026-07-25,wk inc covid hosp,0,2026-07-25,01,quantile,0.05,19.0
2026-07-25,wk inc covid hosp,0,2026-07-25,01,quantile,0.1,30.0
2026-07-25,wk inc covid hosp,0,2026-07-25,01,quantile,0.15,32.0
2026-07-25,wk inc covid hosp,0,2026-07-25,01,quantile,0.2,34.0
2026-07-25,wk inc covid hosp,0,2026-07-25,01,quantile,0.25,36.0
2026-07-25,wk inc covid hosp,0,2026-07-25,01,quantile,0.3,37.0
2026-07-25,wk inc covid hosp,0,2026-07-25,01,quantile,0.35,39.0
2026-07-25,wk inc covid hosp,0,2026-07-25,01,quantile,0.4,41.0
2026-07-25,wk inc covid hosp,0,2026-07-25,01,quantile,0.45,42.0
2026-07-25,wk inc covid hosp,0,2026-07-25,01,quantile,0.5,44.0
2026-07-25,wk inc covid hosp,0,2026-07-25,01,quantile,0.55,45.0
2026-07-25,wk inc covid hosp,0,2026-07-25,01,quantile,0.6,47.0
2026-07-25,wk inc covid hosp,0,2026-07-25,01,quantile,0.65,50.0
2026-07-25,wk inc covid hosp,0,2026-07-25,01,quantile,0.7,51.0
2026-07-25,wk inc covid hosp,0,2026-07-25,01,quantile,0.75,54.0
2026-07-25,wk inc covid hosp,0,2026-07-25,01,quantile,0.8,58.0
2026-07-25,wk inc covid hosp,0,2026-07-25,01,quantile,0.85,62.0
2026-07-25,wk inc covid hosp,0,2026-07-25,01,quantile,0.9,68.0
2026-07-25,wk inc covid hosp,0,2026-07-25,01,quantile,0.95,71.0
2026-07-25,wk inc covid hosp,0,2026-07-25,01,quantile,0.975,93.0
2026-07-25,wk inc covid hosp,0,2026-07-25,01,quantile,0.99,142.0
2026-07-25,wk inc covid hosp,0,2026-07-25,02,quantile,0.01,0.0
2026-07-25,wk inc covid hosp,0,2026-07-25,02,quantile,0.025,0.0
2026-07-25,wk inc covid hosp,0,2026-07-25,02,quantile,0.05,0.0
2026-07-25,wk inc covid hosp,0,2026-07-25,02,quantile,0.1,0.0
2026-07-25,wk inc covid hosp,0,2026-07-25,02,quantile,0.15,0.0
2026-07-25,wk inc covid hosp,0,2026-07-25,02,quantile,0.2,0.0
2026-07-25,wk inc covid hosp,0,2026-07-25,02,quantile,0.25,0.0
2026-07-25,wk inc covid hosp,0,2026-07-25,02,quantile,0.3,0.0
2026-07-25,wk inc covid hosp,0,2026-07-25,02,quantile,0.35,0.0
2026-07-25,wk inc covid hosp,0,2026-07-25,02,quantile,0.4,0.0
2026-07-25,wk inc covid hosp,0,2026-07-25,02,quantile,0.45,0.0
2026-07-25,wk inc covid hosp,0,2026-07-25,02,quantile,0.5,0.0
2026-07-25,wk inc covid hosp,0,2026-07-25,02,quantile,0.55,0.0
2026-07-25,wk inc covid hosp,0,2026-07-25,02,quantile,0.6,0.0
2026-07-25,wk inc covid hosp,0,2026-07-25,02,quantile,0.65,0.0
2026-07-25,wk inc covid hosp,0,2026-07-25,02,quantile,0.7,0.0
2026-07-25,wk inc covid hosp,0,2026-07-25,02,quantile,0.75,0.0
2026-07-25,wk inc covid hosp,0,2026-07-25,02,quantile,0.8,0.0
2026-07-25,wk inc covid hosp,0,2026-07-25,02,quantile,0.85,0.0
2026-07-25,wk inc covid hosp,0,2026-07-25,02,quantile,0.9,1.0
2026-07-25,wk inc covid hosp,0,2026-07-25,02,quantile,0.95,1.0
2026-07-25,wk inc covid hosp,0,2026-07-25,02,quantile,0.975,2.0
2026-07-25,wk inc covid hosp,0,2026-07-25,02,quantile,0.99,2.0
2026-07-25,wk inc covid hosp,0,2026-07-25,04,quantile,0.01,6.0
2026-07-25,wk inc covid hosp,0,2026-07-25,04,quantile,0.025,17.0
2026-07-25,wk inc covid hosp,0,2026-07-25,04,quantile,0.05,17.0
2026-07-25,wk inc covid hosp,0,2026-07-25,04,quantile,0.1,19.0
2026-07-25,wk inc covid hosp,0,2026-07-25,04,quantile,0.15,23.0
2026-07-25,wk inc covid hosp,0,2026-07-25,04,quantile,0.2,23.0
2026-07-25,wk inc covid hosp,0,2026-07-25,04,quantile,0.25,24.0
2026-07-25,wk inc covid hosp,0,2026-07-25,04,quantile,0.3,25.0
2026-07-25,wk inc covid hosp,0,2026-07-25,04,quantile,0.35,27.0
2026-07-25,wk inc covid hosp,0,2026-07-25,04,quantile,0.4,28.0
2026-07-25,wk inc covid hosp,0,2026-07-25,04,quantile,0.45,28.0
2026-07-25,wk inc covid hosp,0,2026-07-25,04,quantile,0.5,29.0
2026-07-25,wk inc covid hosp,0,2026-07-25,04,quantile,0.55,30.0
2026-07-25,wk inc covid hosp,0,2026-07-25,04,quantile,0.6,30.0
2026-07-25,wk inc covid hosp,0,2026-07-25,04,quantile,0.65,32.0
2026-07-25,wk inc covid hosp,0,2026-07-25,04,quantile,0.7,33.0
2026-07-25,wk inc covid hosp,0,2026-07-25,04,quantile,0.75,34.0
2026-07-25,wk inc covid hosp,0,2026-07-25,04,quantile,0.8,36.0
2026-07-25,wk inc covid hosp,0,2026-07-25,04,quantile,0.85,37.0
2026-07-25,wk inc covid hosp,0,2026-07-25,04,quantile,0.9,38.0
2026-07-25,wk inc covid hosp,0,2026-07-25,04,quantile,0.95,42.0
2026-07-25,wk inc covid hosp,0,2026-07-25,04,quantile,0.975,49.0
2026-07-25,wk inc covid hosp,0,2026-07-25,04,quantile,0.99,60.0
2026-07-25,wk inc covid hosp,0,2026-07-25,05,quantile,0.01,3.0
2026-07-25,wk inc covid hosp,0,2026-07-25,05,quantile,0.025,5.0
2026-07-25,wk inc covid hosp,0,2026-07-25,05,quantile,0.05,5.0
2026-07-25,wk inc covid hosp,0,2026-07-25,05,quantile,0.1,6.0
2026-07-25,wk inc covid hosp,0,2026-07-25,05,quantile,0.15,8.0
2026-07-25,wk inc covid hosp,0,2026-07-25,05,quantile,0.2,8.0
2026-07-25,wk inc covid hosp,0,2026-07-25,05,quantile,0.25,9.0
2026-07-25,wk inc covid hosp,0,2026-07-25,05,quantile,0.3,9.0
2026-07-25,wk inc covid hosp,0,2026-07-25,05,quantile,0.35,9.0
2026-07-25,wk inc covid hosp,0,2026-07-25,05,quantile,0.4,9.0
2026-07-25,wk inc covid hosp,0,2026-07-25,05,quantile,0.45,10.0
2026-07-25,wk inc covid hosp,0,2026-07-25,05,quantile,0.5,10.0
2026-07-25,wk inc covid hosp,0,2026-07-25,05,quantile,0.55,11.0
2026-07-25,wk inc covid hosp,0,2026-07-25,05,quantile,0.6,12.0
2026-07-25,wk inc covid hosp,0,2026-07-25,05,quantile,0.65,12.0
2026-07-25,wk inc covid hosp,0,2026-07-25,05,quantile,0.7,12.0
2026-07-25,wk inc covid hosp,0,2026-07-25,05,quantile,0.75,13.0
2026-07-25,wk inc covid hosp,0,2026-07-25,05,quantile,0.8,14.0
2026-07-25,wk inc covid hosp,0,2026-07-25,05,quantile,0.85,16.0
2026-07-25,wk inc covid hosp,0,2026-07-25,05,quantile,0.9,17.0
2026-07-25,wk inc covid hosp,0,2026-07-25,05,quantile,0.95,18.0
2026-07-25,wk inc covid hosp,0,2026-07-25,05,quantile,0.975,19.0
2026-07-25,wk inc covid hosp,0,2026-07-25,05,quantile,0.99,21.0
2026-07-25,wk inc covid hosp,0,2026-07-25,06,quantile,0.01,184.0
2026-07-25,wk inc covid hosp,0,2026-07-25,06,quantile,0.025,188.0
2026-07-25,wk inc covid hosp,0,2026-07-25,06,quantile,0.05,191.0
2026-07-25,wk inc covid hosp,0,2026-07-25,06,quantile,0.1,200.0
2026-07-25,wk inc covid hosp,0,2026-07-25,06,quantile,0.15,214.0
2026-07-25,wk inc covid hosp,0,2026-07-25,06,quantile,0.2,222.0
2026-07-25,wk inc covid hosp,0,2026-07-25,06,quantile,0.25,229.0
2026-07-25,wk inc covid hosp,0,2026-07-25,06,quantile,0.3,235.0
2026-07-25,wk inc covid hosp,0,2026-07-25,06,quantile,0.35,239.0
2026-07-25,wk inc covid hosp,0,2026-07-25,06,quantile,0.4,242.0
2026-07-25,wk inc covid hosp,0,2026-07-25,06,quantile,0.45,248.0
2026-07-25,wk inc covid hosp,0,2026-07-25,06,quantile,0.5,251.0
2026-07-25,wk inc covid hosp,0,2026-07-25,06,quantile,0.55,253.0
2026-07-25,wk inc covid hosp,0,2026-07-25,06,quantile,0.6,254.0
2026-07-25,wk inc covid hosp,0,2026-07-25,06,quantile,0.65,258.0
2026-07-25,wk inc covid hosp,0,2026-07-25,06,quantile,0.7,263.0
2026-07-25,wk inc covid hosp,0,2026-07-25,06,quantile,0.75,268.0
2026-07-25,wk inc covid hosp,0,2026-07-25,06,quantile,0.8,275.0
2026-07-25,wk inc covid hosp,0,2026-07-25,06,quantile,0.85,297.0
2026-07-25,wk inc covid hosp,0,2026-07-25,06,quantile,0.9,306.0
2026-07-25,wk inc covid hosp,0,2026-07-25,06,quantile,0.95,322.0
2026-07-25,wk inc covid hosp,0,2026-07-25,06,quantile,0.975,331.0
2026-07-25,wk inc covid hosp,0,2026-07-25,06,quantile,0.99,359.0
2026-07-25,wk inc covid hosp,0,2026-07-25,08,quantile,0.01,1.0
2026-07-25,wk inc covid hosp,0,2026-07-25,08,quantile,0.025,1.0
2026-07-25,wk inc covid hosp,0,2026-07-25,08,quantile,0.05,2.0
2026-07-25,wk inc covid hosp,0,2026-07-25,08,quantile,0.1,3.0
2026-07-25,wk inc covid hosp,0,2026-07-25,08,quantile,0.15,3.0
2026-07-25,wk inc covid hosp,0,2026-07-25,08,quantile,0.2,3.0
2026-07-25,wk inc covid hosp,0,2026-07-25,08,quantile,0.25,3.0
2026-07-25,wk inc covid hosp,0,2026-07-25,08,quantile,0.3,4.0
2026-07-25,wk inc covid hosp,0,2026-07-25,08,quantile,0.35,4.0
2026-07-25,wk inc covid hosp,0,2026-07-25,08,quantile,0.4,5.0
2026-07-25,wk inc covid hosp,0,2026-07-25,08,quantile,0.45,5.0
2026-07-25,wk inc covid hosp,0,2026-07-25,08,quantile,0.5,5.0
2026-07-25,wk inc covid hosp,0,2026-07-25,08,quantile,0.55,6.0
2026-07-25,wk inc covid hosp,0,2026-07-25,08,quantile,0.6,6.0
2026-07-25,wk inc covid hosp,0,2026-07-25,08,quantile,0.65,6.0
2026-07-25,wk inc covid hosp,0,2026-07-25,08,quantile,0.7,6.0
2026-07-25,wk inc covid hosp,0,2026-07-25,08,quantile,0.75,7.0
2026-07-25,wk inc covid hosp,0,2026-07-25,08,quantile,0.8,7.0
2026-07-25,wk inc covid hosp,0,2026-07-25,08,quantile,0.85,8.0
2026-07-25,wk inc covid hosp,0,2026-07-25,08,quantile,0.9,8.0
2026-07-25,wk inc covid hosp,0,2026-07-25,08,quantile,0.95,11.0
2026-07-25,wk inc covid hosp,0,2026-07-25,08,quantile,0.975,15.0
2026-07-25,wk inc covid hosp,0,2026-07-25,08,quantile,0.99,17.0
2026-07-25,wk inc covid hosp,0,2026-07-25,09,quantile,0.01,5.0
2026-07-25,wk inc covid hosp,0,2026-07-25,09,quantile,0.025,5.0
2026-07-25,wk inc covid hosp,0,2026-07-25,09,quantile,0.05,6.0
2026-07-25,wk inc covid hosp,0,2026-07-25,09,quantile,0.1,8.0
2026-07-25,wk inc covid hosp,0,2026-07-25,09,quantile,0.15,9.0
2026-07-25,wk inc covid hosp,0,2026-07-25,09,quantile,0.2,10.0
2026-07-25,wk inc covid hosp,0,2026-07-25,09,quantile,0.25,10.0
2026-07-25,wk inc covid hosp,0,2026-07-25,09,quantile,0.3,11.0
2026-07-25,wk inc covid hosp,0,2026-07-25,09,quantile,0.35,12.0
2026-07-25,wk inc covid hosp,0,2026-07-25,09,quantile,0.4,12.0
2026-07-25,wk inc covid hosp,0,2026-07-25,09,quantile,0.45,13.0
2026-07-25,wk inc covid hosp,0,2026-07-25,09,quantile,0.5,13.0
2026-07-25,wk inc covid hosp,0,2026-07-25,09,quantile,0.55,14.0
2026-07-25,wk inc covid hosp,0,2026-07-25,09,quantile,0.6,14.0
2026-07-25,wk inc covid hosp,0,2026-07-25,09,quantile,0.65,15.0
2026-07-25,wk inc covid hosp,0,2026-07-25,09,quantile,0.7,15.0
2026-07-25,wk inc covid hosp,0,2026-07-25,09,quantile,0.75,16.0
2026-07-25,wk inc covid hosp,0,2026-07-25,09,quantile,0.8,17.0
2026-07-25,wk inc covid hosp,0,2026-07-25,09,quantile,0.85,17.0
2026-07-25,wk inc covid hosp,0,2026-07-25,09,quantile,0.9,18.0
2026-07-25,wk inc covid hosp,0,2026-07-25,09,quantile,0.95,21.0
2026-07-25,wk inc covid hosp,0,2026-07-25,09,quantile,0.975,24.0
2026-07-25,wk inc covid hosp,0,2026-07-25,09,quantile,0.99,27.0
2026-07-25,wk inc covid hosp,0,2026-07-25,10,quantile,0.01,0.0
2026-07-25,wk inc covid hosp,0,2026-07-25,10,quantile,0.025,0.0
2026-07-25,wk inc covid hosp,0,2026-07-25,10,quantile,0.05,0.0
2026-07-25,wk inc covid hosp,0,2026-07-25,10,quantile,0.1,0.0
2026-07-25,wk inc covid hosp,0,2026-07-25,10,quantile,0.15,0.0
2026-07-25,wk inc covid hosp,0,2026-07-25,10,quantile,0.2,0.0
2026-07-25,wk inc covid hosp,0,2026-07-25,10,quantile,0.25,0.0
2026-07-25,wk inc covid hosp,0,2026-07-25,10,quantile,0.3,0.0
2026-07-25,wk inc covid hosp,0,2026-07-25,10,quantile,0.35,0.0
2026-07-25,wk inc covid hosp,0,2026-07-25,10,quantile,0.4,0.0
2026-07-25,wk inc covid hosp,0,2026-07-25,10,quantile,0.45,0.0
2026-07-25,wk inc covid hosp,0,2026-07-25,10,quantile,0.5,0.0
2026-07-25,wk inc covid hosp,0,2026-07-25,10,quantile,0.55,0.0
2026-07-25,wk inc covid hosp,0,2026-07-25,10,quantile,0.6,0.0
2026-07-25,wk inc covid hosp,0,2026-07-25,10,quantile,0.65,0.0
2026-07-25,wk inc covid hosp,0,2026-07-25,10,quantile,0.7,0.0
2026-07-25,wk inc covid hosp,0,2026-07-25,10,quantile,0.75,0.0
2026-07-25,wk inc covid hosp,0,2026-07-25,10,quantile,0.8,0.0
2026-07-25,wk inc covid hosp,0,2026-07-25,10,quantile,0.85,0.0
2026-07-25,wk inc covid hosp,0,2026-07-25,10,quantile,0.9,0.0
2026-07-25,wk inc covid hosp,0,2026-07-25,10,quantile,0.95,1.0
2026-07-25,wk inc covid hosp,0,2026-07-25,10,quantile,0.975,1.0
2026-07-25,wk inc covid hosp,0,2026-07-25,10,quantile,0.99,2.0
2026-07-25,wk inc covid hosp,0,2026-07-25,11,quantile,0.01,0.0
2026-07-25,wk inc covid hosp,0,2026-07-25,11,quantile,0.025,0.0
2026-07-25,wk inc covid hosp,0,2026-07-25,11,quantile,0.05,0.0
2026-07-25,wk inc covid hosp,0,2026-07-25,11,quantile,0.1,0.0
2026-07-25,wk inc covid hosp,0,2026-07-25,11,quantile,0.15,0.0
2026-07-25,wk inc covid hosp,0,2026-07-25,11,quantile,0.2,1.0
2026-07-25,wk inc covid hosp,0,2026-07-25,11,quantile,0.25,1.0
2026-07-25,wk inc covid hosp,0,2026-07-25,11,quantile,0.3,1.0
2026-07-25,wk inc covid hosp,0,2026-07-25,11,quantile,0.35,1.0
2026-07-25,wk inc covid hosp,0,2026-07-25,11,quantile,0.4,1.0
2026-07-25,wk inc covid hosp,0,2026-07-25,11,quantile,0.45,1.0
2026-07-25,wk inc covid hosp,0,2026-07-25,11,quantile,0.5,1.0
2026-07-25,wk inc covid hosp,0,2026-07-25,11,quantile,0.55,1.0
2026-07-25,wk inc covid hosp,0,2026-07-25,11,quantile,0.6,1.0
2026-07-25,wk inc covid hosp,0,2026-07-25,11,quantile,0.65,1.0
2026-07-25,wk inc covid hosp,0,2026-07-25,11,quantile,0.7,2.0
2026-07-25,wk inc covid hosp,0,2026-07-25,11,quantile,0.75,2.0
2026-07-25,wk inc covid hosp,0,2026-07-25,11,quantile,0.8,2.0
2026-07-25,wk inc covid hosp,0,2026-07-25,11,quantile,0.85,3.0
2026-07-25,wk inc covid hosp,0,2026-07-25,11,quantile,0.9,3.0
2026-07-25,wk inc covid hosp,0,2026-07-25,11,quantile,0.95,4.0
2026-07-25,wk inc covid hosp,0,2026-07-25,11,quantile,0.975,5.0
2026-07-25,wk inc covid hosp,0,2026-07-25,11,quantile,0.99,5.0
2026-07-25,wk inc covid hosp,0,2026-07-25,12,quantile,0.01,140.0
2026-07-25,wk inc covid hosp,0,2026-07-25,12,quantile,0.025,143.0
2026-07-25,wk inc covid hosp,0,2026-07-25,12,quantile,0.05,157.0
2026-07-25,wk inc covid hosp,0,2026-07-25,12,quantile,0.1,162.0
2026-07-25,wk inc covid hosp,0,2026-07-25,12,quantile,0.15,172.0
2026-07-25,wk inc covid hosp,0,2026-07-25,12,quantile,0.2,177.0
2026-07-25,wk inc covid hosp,0,2026-07-25,12,quantile,0.25,182.0
2026-07-25,wk inc covid hosp,0,2026-07-25,12,quantile,0.3,187.0
2026-07-25,wk inc covid hosp,0,2026-07-25,12,quantile,0.35,192.0
2026-07-25,wk inc covid hosp,0,2026-07-25,12,quantile,0.4,199.0
2026-07-25,wk inc covid hosp,0,2026-07-25,12,quantile,0.45,206.0
2026-07-25,wk inc covid hosp,0,2026-07-25,12,quantile,0.5,209.0
2026-07-25,wk inc covid hosp,0,2026-07-25,12,quantile,0.55,215.0
2026-07-25,wk inc covid hosp,0,2026-07-25,12,quantile,0.6,221.0
2026-07-25,wk inc covid hosp,0,2026-07-25,12,quantile,0.65,225.0
2026-07-25,wk inc covid hosp,0,2026-07-25,12,quantile,0.7,233.0
2026-07-25,wk inc covid hosp,0,2026-07-25,12,quantile,0.75,240.0
2026-07-25,wk inc covid hosp,0,2026-07-25,12,quantile,0.8,248.0
2026-07-25,wk inc covid hosp,0,2026-07-25,12,quantile,0.85,254.0
2026-07-25,wk inc covid hosp,0,2026-07-25,12,quantile,0.9,267.0
2026-07-25,wk inc covid hosp,0,2026-07-25,12,quantile,0.95,356.0
2026-07-25,wk inc covid hosp,0,2026-07-25,12,quantile,0.975,374.0
2026-07-25,wk inc covid hosp,0,2026-07-25,12,quantile,0.99,419.0
2026-07-25,wk inc covid hosp,0,2026-07-25,13,quantile,0.01,16.0
2026-07-25,wk inc covid hosp,0,2026-07-25,13,quantile,0.025,25.0
2026-07-25,wk inc covid hosp,0,2026-07-25,13,quantile,0.05,28.0
2026-07-25,wk inc covid hosp,0,2026-07-25,13,quantile,0.1,33.0
2026-07-25,wk inc covid hosp,0,2026-07-25,13,quantile,0.15,38.0
2026-07-25,wk inc covid hosp,0,2026-07-25,13,quantile,0.2,39.0
2026-07-25,wk inc covid hosp,0,2026-07-25,13,quantile,0.25,39.0
2026-07-25,wk inc covid hosp,0,2026-07-25,13,quantile,0.3,41.0
2026-07-25,wk inc covid hosp,0,2026-07-25,13,quantile,0.35,43.0
2026-07-25,wk inc covid hosp,0,2026-07-25,13,quantile,0.4,45.0
2026-07-25,wk inc covid hosp,0,2026-07-25,13,quantile,0.45,46.0
2026-07-25,wk inc covid hosp,0,2026-07-25,13,quantile,0.5,50.0
2026-07-25,wk inc covid hosp,0,2026-07-25,13,quantile,0.55,53.0
2026-07-25,wk inc covid hosp,0,2026-07-25,13,quantile,0.6,54.0
2026-07-25,wk inc covid hosp,0,2026-07-25,13,quantile,0.65,56.0
2026-07-25,wk inc covid hosp,0,2026-07-25,13,quantile,0.7,57.0
2026-07-25,wk inc covid hosp,0,2026-07-25,13,quantile,0.75,58.0
2026-07-25,wk inc covid hosp,0,2026-07-25,13,quantile,0.8,59.0
2026-07-25,wk inc covid hosp,0,2026-07-25,13,quantile,0.85,65.0
2026-07-25,wk inc covid hosp,0,2026-07-25,13,quantile,0.9,75.0
2026-07-25,wk inc covid hosp,0,2026-07-25,13,quantile,0.95,84.0
2026-07-25,wk inc covid hosp,0,2026-07-25,13,quantile,0.975,99.0
2026-07-25,wk inc covid hosp,0,2026-07-25,13,quantile,0.99,115.0
2026-07-25,wk inc covid hosp,0,2026-07-25,15,quantile,0.01,0.0
2026-07-25,wk inc covid hosp,0,2026-07-25,15,quantile,0.025,1.0
2026-07-25,wk inc covid hosp,0,2026-07-25,15,quantile,0.05,2.0
2026-07-25,wk inc covid hosp,0,2026-07-25,15,quantile,0.1,2.0
2026-07-25,wk inc covid hosp,0,2026-07-25,15,quantile,0.15,3.0
2026-07-25,wk inc covid hosp,0,2026-07-25,15,quantile,0.2,3.0
2026-07-25,wk inc covid hosp,0,2026-07-25,15,quantile,0.25,4.0
2026-07-25,wk inc covid hosp,0,2026-07-25,15,quantile,0.3,4.0
2026-07-25,wk inc covid hosp,0,2026-07-25,15,quantile,0.35,4.0
2026-07-25,wk inc covid hosp,0,2026-07-25,15,quantile,0.4,4.0
2026-07-25,wk inc covid hosp,0,2026-07-25,15,quantile,0.45,5.0
2026-07-25,wk inc covid hosp,0,2026-07-25,15,quantile,0.5,5.0
2026-07-25,wk inc covid hosp,0,2026-07-25,15,quantile,0.55,5.0
2026-07-25,wk inc covid hosp,0,2026-07-25,15,quantile,0.6,5.0
2026-07-25,wk inc covid hosp,0,2026-07-25,15,quantile,0.65,6.0
2026-07-25,wk inc covid hosp,0,2026-07-25,15,quantile,0.7,6.0
2026-07-25,wk inc covid hosp,0,2026-07-25,15,quantile,0.75,7.0
2026-07-25,wk inc covid hosp,0,2026-07-25,15,quantile,0.8,8.0
2026-07-25,wk inc covid hosp,0,2026-07-25,15,quantile,0.85,8.0
2026-07-25,wk inc covid hosp,0,2026-07-25,15,quantile,0.9,9.0
2026-07-25,wk inc covid hosp,0,2026-07-25,15,quantile,0.95,11.0
2026-07-25,wk inc covid hosp,0,2026-07-25,15,quantile,0.975,12.0
2026-07-25,wk inc covid hosp,0,2026-07-25,15,quantile,0.99,19.0
2026-07-25,wk inc covid hosp,0,2026-07-25,16,quantile,0.01,2.0
2026-07-25,wk inc covid hosp,0,2026-07-25,16,quantile,0.025,3.0
2026-07-25,wk inc covid hosp,0,2026-07-25,16,quantile,0.05,4.0
2026-07-25,wk inc covid hosp,0,2026-07-25,16,quantile,0.1,5.0
2026-07-25,wk inc covid hosp,0,2026-07-25,16,quantile,0.15,5.0
2026-07-25,wk inc covid hosp,0,2026-07-25,16,quantile,0.2,6.0
2026-07-25,wk inc covid hosp,0,2026-07-25,16,quantile,0.25,7.0
2026-07-25,wk inc covid hosp,0,2026-07-25,16,quantile,0.3,7.0
2026-07-25,wk inc covid hosp,0,2026-07-25,16,quantile,0.35,7.0
2026-07-25,wk inc covid hosp,0,2026-07-25,16,quantile,0.4,8.0
2026-07-25,wk inc covid hosp,0,2026-07-25,16,quantile,0.45,8.0
2026-07-25,wk inc covid hosp,0,2026-07-25,16,quantile,0.5,9.0
2026-07-25,wk inc covid hosp,0,2026-07-25,16,quantile,0.55,9.0
2026-07-25,wk inc covid hosp,0,2026-07-25,16,quantile,0.6,10.0
2026-07-25,wk inc covid hosp,0,2026-07-25,16,quantile,0.65,10.0
2026-07-25,wk inc covid hosp,0,2026-07-25,16,quantile,0.7,10.0
2026-07-25,wk inc covid hosp,0,2026-07-25,16,quantile,0.75,11.0
2026-07-25,wk inc covid hosp,0,2026-07-25,16,quantile,0.8,12.0
2026-07-25,wk inc covid hosp,0,2026-07-25,16,quantile,0.85,13.0
2026-07-25,wk inc covid hosp,0,2026-07-25,16,quantile,0.9,14.0
2026-07-25,wk inc covid hosp,0,2026-07-25,16,quantile,0.95,16.0
2026-07-25,wk inc covid hosp,0,2026-07-25,16,quantile,0.975,17.0
2026-07-25,wk inc covid hosp,0,2026-07-25,16,quantile,0.99,33.0
2026-07-25,wk inc covid hosp,0,2026-07-25,17,quantile,0.01,17.0
2026-07-25,wk inc covid hosp,0,2026-07-25,17,quantile,0.025,18.0
2026-07-25,wk inc covid hosp,0,2026-07-25,17,quantile,0.05,23.0
2026-07-25,wk inc covid hosp,0,2026-07-25,17,quantile,0.1,25.0
2026-07-25,wk inc covid hosp,0,2026-07-25,17,quantile,0.15,28.0
2026-07-25,wk inc covid hosp,0,2026-07-25,17,quantile,0.2,30.0
2026-07-25,wk inc covid hosp,0,2026-07-25,17,quantile,0.25,32.0
2026-07-25,wk inc covid hosp,0,2026-07-25,17,quantile,0.3,34.0
2026-07-25,wk inc covid hosp,0,2026-07-25,17,quantile,0.35,35.0
2026-07-25,wk inc covid hosp,0,2026-07-25,17,quantile,0.4,36.0
2026-07-25,wk inc covid hosp,0,2026-07-25,17,quantile,0.45,36.0
2026-07-25,wk inc covid hosp,0,2026-07-25,17,quantile,0.5,37.0
2026-07-25,wk inc covid hosp,0,2026-07-25,17,quantile,0.55,38.0
2026-07-25,wk inc covid hosp,0,2026-07-25,17,quantile,0.6,39.0
2026-07-25,wk inc covid hosp,0,2026-07-25,17,quantile,0.65,41.0
2026-07-25,wk inc covid hosp,0,2026-07-25,17,quantile,0.7,43.0
2026-07-25,wk inc covid hosp,0,2026-07-25,17,quantile,0.75,43.0
2026-07-25,wk inc covid hosp,0,2026-07-25,17,quantile,0.8,47.0
2026-07-25,wk inc covid hosp,0,2026-07-25,17,quantile,0.85,49.0
2026-07-25,wk inc covid hosp,0,2026-07-25,17,quantile,0.9,51.0
2026-07-25,wk inc covid hosp,0,2026-07-25,17,quantile,0.95,54.0
2026-07-25,wk inc covid hosp,0,2026-07-25,17,quantile,0.975,55.0
2026-07-25,wk inc covid hosp,0,2026-07-25,17,quantile,0.99,56.0
2026-07-25,wk inc covid hosp,0,2026-07-25,18,quantile,0.01,2.0
2026-07-25,wk inc covid hosp,0,2026-07-25,18,quantile,0.025,3.0
2026-07-25,wk inc covid hosp,0,2026-07-25,18,quantile,0.05,3.0
2026-07-25,wk inc covid hosp,0,2026-07-25,18,quantile,0.1,5.0
2026-07-25,wk inc covid hosp,0,2026-07-25,18,quantile,0.15,5.0
2026-07-25,wk inc covid hosp,0,2026-07-25,18,quantile,0.2,5.0
2026-07-25,wk inc covid hosp,0,2026-07-25,18,quantile,0.25,5.0
2026-07-25,wk inc covid hosp,0,2026-07-25,18,quantile,0.3,6.0
2026-07-25,wk inc covid hosp,0,2026-07-25,18,quantile,0.35,6.0
2026-07-25,wk inc covid hosp,0,2026-07-25,18,quantile,0.4,7.0
2026-07-25,wk inc covid hosp,0,2026-07-25,18,quantile,0.45,7.0
2026-07-25,wk inc covid hosp,0,2026-07-25,18,quantile,0.5,8.0
2026-07-25,wk inc covid hosp,0,2026-07-25,18,quantile,0.55,8.0
2026-07-25,wk inc covid hosp,0,2026-07-25,18,quantile,0.6,9.0
2026-07-25,wk inc covid hosp,0,2026-07-25,18,quantile,0.65,9.0
2026-07-25,wk inc covid hosp,0,2026-07-25,18,quantile,0.7,10.0
2026-07-25,wk inc covid hosp,0,2026-07-25,18,quantile,0.75,10.0
2026-07-25,wk inc covid hosp,0,2026-07-25,18,quantile,0.8,11.0
2026-07-25,wk inc covid hosp,0,2026-07-25,18,quantile,0.85,12.0
2026-07-25,wk inc covid hosp,0,2026-07-25,18,quantile,0.9,14.0
2026-07-25,wk inc covid hosp,0,2026-07-25,18,quantile,0.95,15.0
2026-07-25,wk inc covid hosp,0,2026-07-25,18,quantile,0.975,16.0
2026-07-25,wk inc covid hosp,0,2026-07-25,18,quantile,0.99,19.0
2026-07-25,wk inc covid hosp,0,2026-07-25,19,quantile,0.01,0.0
2026-07-25,wk inc covid hosp,0,2026-07-25,19,quantile,0.025,0.0
2026-07-25,wk inc covid hosp,0,2026-07-25,19,quantile,0.05,0.0
2026-07-25,wk inc covid hosp,0,2026-07-25,19,quantile,0.1,1.0
2026-07-25,wk inc covid hosp,0,2026-07-25,19,quantile,0.15,1.0
2026-07-25,wk inc covid hosp,0,2026-07-25,19,quantile,0.2,1.0
2026-07-25,wk inc covid hosp,0,2026-07-25,19,quantile,0.25,1.0
2026-07-25,wk inc covid hosp,0,2026-07-25,19,quantile,0.3,2.0
2026-07-25,wk inc covid hosp,0,2026-07-25,19,quantile,0.35,2.0
2026-07-25,wk inc covid hosp,0,2026-07-25,19,quantile,0.4,2.0
2026-07-25,wk inc covid hosp,0,2026-07-25,19,quantile,0.45,2.0
2026-07-25,wk inc covid hosp,0,2026-07-25,19,quantile,0.5,2.0
2026-07-25,wk inc covid hosp,0,2026-07-25,19,quantile,0.55,3.0
2026-07-25,wk inc covid hosp,0,2026-07-25,19,quantile,0.6,3.0
2026-07-25,wk inc covid hosp,0,2026-07-25,19,quantile,0.65,3.0
2026-07-25,wk inc covid hosp,0,2026-07-25,19,quantile,0.7,3.0
2026-07-25,wk inc covid hosp,0,2026-07-25,19,quantile,0.75,3.0
2026-07-25,wk inc covid hosp,0,2026-07-25,19,quantile,0.8,4.0
2026-07-25,wk inc covid hosp,0,2026-07-25,19,quantile,0.85,4.0
2026-07-25,wk inc covid hosp,0,2026-07-25,19,quantile,0.9,5.0
2026-07-25,wk inc covid hosp,0,2026-07-25,19,quantile,0.95,5.0
2026-07-25,wk inc covid hosp,0,2026-07-25,19,quantile,0.975,8.0
2026-07-25,wk inc covid hosp,0,2026-07-25,19,quantile,0.99,9.0
2026-07-25,wk inc covid hosp,0,2026-07-25,20,quantile,0.01,2.0
2026-07-25,wk inc covid hosp,0,2026-07-25,20,quantile,0.025,3.0
2026-07-25,wk inc covid hosp,0,2026-07-25,20,quantile,0.05,4.0
2026-07-25,wk inc covid hosp,0,2026-07-25,20,quantile,0.1,5.0
2026-07-25,wk inc covid hosp,0,2026-07-25,20,quantile,0.15,5.0
2026-07-25,wk inc covid hosp,0,2026-07-25,20,quantile,0.2,6.0
2026-07-25,wk inc covid hosp,0,2026-07-25,20,quantile,0.25,7.0
2026-07-25,wk inc covid hosp,0,2026-07-25,20,quantile,0.3,7.0
2026-07-25,wk inc covid hosp,0,2026-07-25,20,quantile,0.35,8.0
2026-07-25,wk inc covid hosp,0,2026-07-25,20,quantile,0.4,9.0
2026-07-25,wk inc covid hosp,0,2026-07-25,20,quantile,0.45,9.0
2026-07-25,wk inc covid hosp,0,2026-07-25,20,quantile,0.5,10.0
2026-07-25,wk inc covid hosp,0,2026-07-25,20,quantile,0.55,11.0
2026-07-25,wk inc covid hosp,0,2026-07-25,20,quantile,0.6,11.0
2026-07-25,wk inc covid hosp,0,2026-07-25,20,quantile,0.65,12.0
2026-07-25,wk inc covid hosp,0,2026-07-25,20,quantile,0.7,13.0
2026-07-25,wk inc covid hosp,0,2026-07-25,20,quantile,0.75,13.0
2026-07-25,wk inc covid hosp,0,2026-07-25,20,quantile,0.8,14.0
2026-07-25,wk inc covid hosp,0,2026-07-25,20,quantile,0.85,15.0
2026-07-25,wk inc covid hosp,0,2026-07-25,20,quantile,0.9,17.0
2026-07-25,wk inc covid hosp,0,2026-07-25,20,quantile,0.95,21.0
2026-07-25,wk inc covid hosp,0,2026-07-25,20,quantile,0.975,23.0
2026-07-25,wk inc covid hosp,0,2026-07-25,20,quantile,0.99,24.0
2026-07-25,wk inc covid hosp,0,2026-07-25,21,quantile,0.01,3.0
2026-07-25,wk inc covid hosp,0,2026-07-25,21,quantile,0.025,3.0
2026-07-25,wk inc covid hosp,0,2026-07-25,21,quantile,0.05,4.0
2026-07-25,wk inc covid hosp,0,2026-07-25,21,quantile,0.1,5.0
2026-07-25,wk inc covid hosp,0,2026-07-25,21,quantile,0.15,5.0
2026-07-25,wk inc covid hosp,0,2026-07-25,21,quantile,0.2,6.0
2026-07-25,wk inc covid hosp,0,2026-07-25,21,quantile,0.25,7.0
2026-07-25,wk inc covid hosp,0,2026-07-25,21,quantile,0.3,7.0
2026-07-25,wk inc covid hosp,0,2026-07-25,21,quantile,0.35,8.0
2026-07-25,wk inc covid hosp,0,2026-07-25,21,quantile,0.4,8.0
2026-07-25,wk inc covid hosp,0,2026-07-25,21,quantile,0.45,9.0
2026-07-25,wk inc covid hosp,0,2026-07-25,21,quantile,0.5,10.0
2026-07-25,wk inc covid hosp,0,2026-07-25,21,quantile,0.55,10.0
2026-07-25,wk inc covid hosp,0,2026-07-25,21,quantile,0.6,11.0
2026-07-25,wk inc covid hosp,0,2026-07-25,21,quantile,0.65,11.0
2026-07-25,wk inc covid hosp,0,2026-07-25,21,quantile,0.7,12.0
2026-07-25,wk inc covid hosp,0,2026-07-25,21,quantile,0.75,13.0
2026-07-25,wk inc covid hosp,0,2026-07-25,21,quantile,0.8,14.0
2026-07-25,wk inc covid hosp,0,2026-07-25,21,quantile,0.85,15.0
2026-07-25,wk inc covid hosp,0,2026-07-25,21,quantile,0.9,17.0
2026-07-25,wk inc covid hosp,0,2026-07-25,21,quantile,0.95,20.0
2026-07-25,wk inc covid hosp,0,2026-07-25,21,quantile,0.975,24.0
2026-07-25,wk inc covid hosp,0,2026-07-25,21,quantile,0.99,28.0
2026-07-25,wk inc covid hosp,0,2026-07-25,22,quantile,0.01,15.0
2026-07-25,wk inc covid hosp,0,2026-07-25,22,quantile,0.025,19.0
2026-07-25,wk inc covid hosp,0,2026-07-25,22,quantile,0.05,21.0
2026-07-25,wk inc covid hosp,0,2026-07-25,22,quantile,0.1,24.0
2026-07-25,wk inc covid hosp,0,2026-07-25,22,quantile,0.15,26.0
2026-07-25,wk inc covid hosp,0,2026-07-25,22,quantile,0.2,27.0
2026-07-25,wk inc covid hosp,0,2026-07-25,22,quantile,0.25,28.0
2026-07-25,wk inc covid hosp,0,2026-07-25,22,quantile,0.3,31.0
2026-07-25,wk inc covid hosp,0,2026-07-25,22,quantile,0.35,33.0
2026-07-25,wk inc covid hosp,0,2026-07-25,22,quantile,0.4,34.0
2026-07-25,wk inc covid hosp,0,2026-07-25,22,quantile,0.45,35.0
2026-07-25,wk inc covid hosp,0,2026-07-25,22,quantile,0.5,36.0
2026-07-25,wk inc covid hosp,0,2026-07-25,22,quantile,0.55,36.0
2026-07-25,wk inc covid hosp,0,2026-07-25,22,quantile,0.6,37.0
2026-07-25,wk inc covid hosp,0,2026-07-25,22,quantile,0.65,39.0
2026-07-25,wk inc covid hosp,0,2026-07-25,22,quantile,0.7,40.0
2026-07-25,wk inc covid hosp,0,2026-07-25,22,quantile,0.75,41.0
2026-07-25,wk inc covid hosp,0,2026-07-25,22,quantile,0.8,43.0
2026-07-25,wk inc covid hosp,0,2026-07-25,22,quantile,0.85,48.0
2026-07-25,wk inc covid hosp,0,2026-07-25,22,quantile,0.9,51.0
2026-07-25,wk inc covid hosp,0,2026-07-25,22,quantile,0.95,57.0
2026-07-25,wk inc covid hosp,0,2026-07-25,22,quantile,0.975,82.0
2026-07-25,wk inc covid hosp,0,2026-07-25,22,quantile,0.99,92.0
2026-07-25,wk inc covid hosp,0,2026-07-25,23,quantile,0.01,0.0
2026-07-25,wk inc covid hosp,0,2026-07-25,23,quantile,0.025,0.0
2026-07-25,wk inc covid hosp,0,2026-07-25,23,quantile,0.05,0.0
2026-07-25,wk inc covid hosp,0,2026-07-25,23,quantile,0.1,0.0
2026-07-25,wk inc covid hosp,0,2026-07-25,23,quantile,0.15,0.0
2026-07-25,wk inc covid hosp,0,2026-07-25,23,quantile,0.2,0.0
2026-07-25,wk inc covid hosp,0,2026-07-25,23,quantile,0.25,0.0
2026-07-25,wk inc covid hosp,0,2026-07-25,23,quantile,0.3,0.0
2026-07-25,wk inc covid hosp,0,2026-07-25,23,quantile,0.35,0.0
2026-07-25,wk inc covid hosp,0,2026-07-25,23,quantile,0.4,0.0
2026-07-25,wk inc covid hosp,0,2026-07-25,23,quantile,0.45,0.0
2026-07-25,wk inc covid hosp,0,2026-07-25,23,quantile,0.5,0.0
2026-07-25,wk inc covid hosp,0,2026-07-25,23,quantile,0.55,0.0
2026-07-25,wk inc covid hosp,0,2026-07-25,23,quantile,0.6,0.0
2026-07-25,wk inc covid hosp,0,2026-07-25,23,quantile,0.65,0.0
2026-07-25,wk inc covid hosp,0,2026-07-25,23,quantile,0.7,0.0
2026-07-25,wk inc covid hosp,0,2026-07-25,23,quantile,0.75,0.0
2026-07-25,wk inc covid hosp,0,2026-07-25,23,quantile,0.8,0.0
2026-07-25,wk inc covid hosp,0,2026-07-25,23,quantile,0.85,0.0
2026-07-25,wk inc covid hosp,0,2026-07-25,23,quantile,0.9,1.0
2026-07-25,wk inc covid hosp,0,2026-07-25,23,quantile,0.95,1.0
2026-07-25,wk inc covid hosp,0,2026-07-25,23,quantile,0.975,3.0
2026-07-25,wk inc covid hosp,0,2026-07-25,23,quantile,0.99,4.0
2026-07-25,wk inc covid hosp,0,2026-07-25,24,quantile,0.01,0.0
2026-07-25,wk inc covid hosp,0,2026-07-25,24,quantile,0.025,1.0
2026-07-25,wk inc covid hosp,0,2026-07-25,24,quantile,0.05,1.0
2026-07-25,wk inc covid hosp,0,2026-07-25,24,quantile,0.1,1.0
2026-07-25,wk inc covid hosp,0,2026-07-25,24,quantile,0.15,1.0
2026-07-25,wk inc covid hosp,0,2026-07-25,24,quantile,0.2,1.0
2026-07-25,wk inc covid hosp,0,2026-07-25,24,quantile,0.25,2.0
2026-07-25,wk inc covid hosp,0,2026-07-25,24,quantile,0.3,2.0
2026-07-25,wk inc covid hosp,0,2026-07-25,24,quantile,0.35,2.0
2026-07-25,wk inc covid hosp,0,2026-07-25,24,quantile,0.4,2.0
2026-07-25,wk inc covid hosp,0,2026-07-25,24,quantile,0.45,2.0
2026-07-25,wk inc covid hosp,0,2026-07-25,24,quantile,0.5,2.0
2026-07-25,wk inc covid hosp,0,2026-07-25,24,quantile,0.55,3.0
2026-07-25,wk inc covid hosp,0,2026-07-25,24,quantile,0.6,3.0
2026-07-25,wk inc covid hosp,0,2026-07-25,24,quantile,0.65,3.0
2026-07-25,wk inc covid hosp,0,2026-07-25,24,quantile,0.7,4.0
2026-07-25,wk inc covid hosp,0,2026-07-25,24,quantile,0.75,4.0
2026-07-25,wk inc covid hosp,0,2026-07-25,24,quantile,0.8,4.0
2026-07-25,wk inc covid hosp,0,2026-07-25,24,quantile,0.85,4.0
2026-07-25,wk inc covid hosp,0,2026-07-25,24,quantile,0.9,5.0
2026-07-25,wk inc covid hosp,0,2026-07-25,24,quantile,0.95,6.0
2026-07-25,wk inc covid hosp,0,2026-07-25,24,quantile,0.975,6.0
2026-07-25,wk inc covid hosp,0,2026-07-25,24,quantile,0.99,7.0
2026-07-25,wk inc covid hosp,0,2026-07-25,25,quantile,0.01,1.0
2026-07-25,wk inc covid hosp,0,2026-07-25,25,quantile,0.025,5.0
2026-07-25,wk inc covid hosp,0,2026-07-25,25,quantile,0.05,6.0
2026-07-25,wk inc covid hosp,0,2026-07-25,25,quantile,0.1,7.0
2026-07-25,wk inc covid hosp,0,2026-07-25,25,quantile,0.15,7.0
2026-07-25,wk inc covid hosp,0,2026-07-25,25,quantile,0.2,8.0
2026-07-25,wk inc covid hosp,0,2026-07-25,25,quantile,0.25,9.0
2026-07-25,wk inc covid hosp,0,2026-07-25,25,quantile,0.3,10.0
2026-07-25,wk inc covid hosp,0,2026-07-25,25,quantile,0.35,10.0
2026-07-25,wk inc covid hosp,0,2026-07-25,25,quantile,0.4,10.0
2026-07-25,wk inc covid hosp,0,2026-07-25,25,quantile,0.45,11.0
2026-07-25,wk inc covid hosp,0,2026-07-25,25,quantile,0.5,11.0
2026-07-25,wk inc covid hosp,0,2026-07-25,25,quantile,0.55,12.0
2026-07-25,wk inc covid hosp,0,2026-07-25,25,quantile,0.6,13.0
2026-07-25,wk inc covid hosp,0,2026-07-25,25,quantile,0.65,13.0
2026-07-25,wk inc covid hosp,0,2026-07-25,25,quantile,0.7,14.0
2026-07-25,wk inc covid hosp,0,2026-07-25,25,quantile,0.75,15.0
2026-07-25,wk inc covid hosp,0,2026-07-25,25,quantile,0.8,16.0
2026-07-25,wk inc covid hosp,0,2026-07-25,25,quantile,0.85,16.0
2026-07-25,wk inc covid hosp,0,2026-07-25,25,quantile,0.9,18.0
2026-07-25,wk inc covid hosp,0,2026-07-25,25,quantile,0.95,19.0
2026-07-25,wk inc covid hosp,0,2026-07-25,25,quantile,0.975,23.0
2026-07-25,wk inc covid hosp,0,2026-07-25,25,quantile,0.99,31.0
2026-07-25,wk inc covid hosp,0,2026-07-25,26,quantile,0.01,3.0
2026-07-25,wk inc covid hosp,0,2026-07-25,26,quantile,0.025,5.0
2026-07-25,wk inc covid hosp,0,2026-07-25,26,quantile,0.05,5.0
2026-07-25,wk inc covid hosp,0,2026-07-25,26,quantile,0.1,6.0
2026-07-25,wk inc covid hosp,0,2026-07-25,26,quantile,0.15,8.0
2026-07-25,wk inc covid hosp,0,2026-07-25,26,quantile,0.2,8.0
2026-07-25,wk inc covid hosp,0,2026-07-25,26,quantile,0.25,8.0
2026-07-25,wk inc covid hosp,0,2026-07-25,26,quantile,0.3,9.0
2026-07-25,wk inc covid hosp,0,2026-07-25,26,quantile,0.35,9.0
2026-07-25,wk inc covid hosp,0,2026-07-25,26,quantile,0.4,10.0
2026-07-25,wk inc covid hosp,0,2026-07-25,26,quantile,0.45,11.0
2026-07-25,wk inc covid hosp,0,2026-07-25,26,quantile,0.5,12.0
2026-07-25,wk inc covid hosp,0,2026-07-25,26,quantile,0.55,12.0
2026-07-25,wk inc covid hosp,0,2026-07-25,26,quantile,0.6,13.0
2026-07-25,wk inc covid hosp,0,2026-07-25,26,quantile,0.65,13.0
2026-07-25,wk inc covid hosp,0,2026-07-25,26,quantile,0.7,13.0
2026-07-25,wk inc covid hosp,0,2026-07-25,26,quantile,0.75,14.0
2026-07-25,wk inc covid hosp,0,2026-07-25,26,quantile,0.8,15.0
2026-07-25,wk inc covid hosp,0,2026-07-25,26,quantile,0.85,16.0
2026-07-25,wk inc covid hosp,0,2026-07-25,26,quantile,0.9,17.0
2026-07-25,wk inc covid hosp,0,2026-07-25,26,quantile,0.95,18.0
2026-07-25,wk inc covid hosp,0,2026-07-25,26,quantile,0.975,20.0
2026-07-25,wk inc covid hosp,0,2026-07-25,26,quantile,0.99,23.0
2026-07-25,wk inc covid hosp,0,2026-07-25,27,quantile,0.01,2.0
2026-07-25,wk inc covid hosp,0,2026-07-25,27,quantile,0.025,2.0
2026-07-25,wk inc covid hosp,0,2026-07-25,27,quantile,0.05,3.0
2026-07-25,wk inc covid hosp,0,2026-07-25,27,quantile,0.1,3.0
2026-07-25,wk inc covid hosp,0,2026-07-25,27,quantile,0.15,4.0
2026-07-25,wk inc covid hosp,0,2026-07-25,27,quantile,0.2,4.0
2026-07-25,wk inc covid hosp,0,2026-07-25,27,quantile,0.25,4.0
2026-07-25,wk inc covid hosp,0,2026-07-25,27,quantile,0.3,5.0
2026-07-25,wk inc covid hosp,0,2026-07-25,27,quantile,0.35,5.0
2026-07-25,wk inc covid hosp,0,2026-07-25,27,quantile,0.4,5.0
2026-07-25,wk inc covid hosp,0,2026-07-25,27,quantile,0.45,6.0
2026-07-25,wk inc covid hosp,0,2026-07-25,27,quantile,0.5,7.0
2026-07-25,wk inc covid hosp,0,2026-07-25,27,quantile,0.55,7.0
2026-07-25,wk inc covid hosp,0,2026-07-25,27,quantile,0.6,8.0
2026-07-25,wk inc covid hosp,0,2026-07-25,27,quantile,0.65,8.0
2026-07-25,wk inc covid hosp,0,2026-07-25,27,quantile,0.7,9.0
2026-07-25,wk inc covid hosp,0,2026-07-25,27,quantile,0.75,9.0
2026-07-25,wk inc covid hosp,0,2026-07-25,27,quantile,0.8,10.0
2026-07-25,wk inc covid hosp,0,2026-07-25,27,quantile,0.85,10.0
2026-07-25,wk inc covid hosp,0,2026-07-25,27,quantile,0.9,10.0
2026-07-25,wk inc covid hosp,0,2026-07-25,27,quantile,0.95,12.0
2026-07-25,wk inc covid hosp,0,2026-07-25,27,quantile,0.975,13.0
2026-07-25,wk inc covid hosp,0,2026-07-25,27,quantile,0.99,14.0
2026-07-25,wk inc covid hosp,0,2026-07-25,28,quantile,0.01,6.0
2026-07-25,wk inc covid hosp,0,2026-07-25,28,quantile,0.025,6.0
2026-07-25,wk inc covid hosp,0,2026-07-25,28,quantile,0.05,7.0
2026-07-25,wk inc covid hosp,0,2026-07-25,28,quantile,0.1,9.0
2026-07-25,wk inc covid hosp,0,2026-07-25,28,quantile,0.15,10.0
2026-07-25,wk inc covid hosp,0,2026-07-25,28,quantile,0.2,11.0
2026-07-25,wk inc covid hosp,0,2026-07-25,28,quantile,0.25,11.0
2026-07-25,wk inc covid hosp,0,2026-07-25,28,quantile,0.3,12.0
2026-07-25,wk inc covid hosp,0,2026-07-25,28,quantile,0.35,13.0
2026-07-25,wk inc covid hosp,0,2026-07-25,28,quantile,0.4,14.0
2026-07-25,wk inc covid hosp,0,2026-07-25,28,quantile,0.45,14.0
2026-07-25,wk inc covid hosp,0,2026-07-25,28,quantile,0.5,15.0
2026-07-25,wk inc covid hosp,0,2026-07-25,28,quantile,0.55,16.0
2026-07-25,wk inc covid hosp,0,2026-07-25,28,quantile,0.6,16.0
2026-07-25,wk inc covid hosp,0,2026-07-25,28,quantile,0.65,17.0
2026-07-25,wk inc covid hosp,0,2026-07-25,28,quantile,0.7,19.0
2026-07-25,wk inc covid hosp,0,2026-07-25,28,quantile,0.75,20.0
2026-07-25,wk inc covid hosp,0,2026-07-25,28,quantile,0.8,21.0
2026-07-25,wk inc covid hosp,0,2026-07-25,28,quantile,0.85,22.0
2026-07-25,wk inc covid hosp,0,2026-07-25,28,quantile,0.9,23.0
2026-07-25,wk inc covid hosp,0,2026-07-25,28,quantile,0.95,28.0
2026-07-25,wk inc covid hosp,0,2026-07-25,28,quantile,0.975,32.0
2026-07-25,wk inc covid hosp,0,2026-07-25,28,quantile,0.99,36.0
2026-07-25,wk inc covid hosp,0,2026-07-25,29,quantile,0.01,1.0
2026-07-25,wk inc covid hosp,0,2026-07-25,29,quantile,0.025,2.0
2026-07-25,wk inc covid hosp,0,2026-07-25,29,quantile,0.05,2.0
2026-07-25,wk inc covid hosp,0,2026-07-25,29,quantile,0.1,3.0
2026-07-25,wk inc covid hosp,0,2026-07-25,29,quantile,0.15,3.0
2026-07-25,wk inc covid hosp,0,2026-07-25,29,quantile,0.2,4.0
2026-07-25,wk inc covid hosp,0,2026-07-25,29,quantile,0.25,4.0
2026-07-25,wk inc covid hosp,0,2026-07-25,29,quantile,0.3,4.0
2026-07-25,wk inc covid hosp,0,2026-07-25,29,quantile,0.35,4.0
2026-07-25,wk inc covid hosp,0,2026-07-25,29,quantile,0.4,5.0
2026-07-25,wk inc covid hosp,0,2026-07-25,29,quantile,0.45,5.0
2026-07-25,wk inc covid hosp,0,2026-07-25,29,quantile,0.5,5.0
2026-07-25,wk inc covid hosp,0,2026-07-25,29,quantile,0.55,6.0
2026-07-25,wk inc covid hosp,0,2026-07-25,29,quantile,0.6,6.0
2026-07-25,wk inc covid hosp,0,2026-07-25,29,quantile,0.65,6.0
2026-07-25,wk inc covid hosp,0,2026-07-25,29,quantile,0.7,7.0
2026-07-25,wk inc covid hosp,0,2026-07-25,29,quantile,0.75,8.0
2026-07-25,wk inc covid hosp,0,2026-07-25,29,quantile,0.8,8.0
2026-07-25,wk inc covid hosp,0,2026-07-25,29,quantile,0.85,9.0
2026-07-25,wk inc covid hosp,0,2026-07-25,29,quantile,0.9,10.0
2026-07-25,wk inc covid hosp,0,2026-07-25,29,quantile,0.95,11.0
2026-07-25,wk inc covid hosp,0,2026-07-25,29,quantile,0.975,11.0
2026-07-25,wk inc covid hosp,0,2026-07-25,29,quantile,0.99,13.0
2026-07-25,wk inc covid hosp,0,2026-07-25,30,quantile,0.01,0.0
2026-07-25,wk inc covid hosp,0,2026-07-25,30,quantile,0.025,0.0
2026-07-25,wk inc covid hosp,0,2026-07-25,30,quantile,0.05,0.0
2026-07-25,wk inc covid hosp,0,2026-07-25,30,quantile,0.1,0.0
2026-07-25,wk inc covid hosp,0,2026-07-25,30,quantile,0.15,1.0
2026-07-25,wk inc covid hosp,0,2026-07-25,30,quantile,0.2,1.0
2026-07-25,wk inc covid hosp,0,2026-07-25,30,quantile,0.25,1.0
2026-07-25,wk inc covid hosp,0,2026-07-25,30,quantile,0.3,1.0
2026-07-25,wk inc covid hosp,0,2026-07-25,30,quantile,0.35,1.0
2026-07-25,wk inc covid hosp,0,2026-07-25,30,quantile,0.4,1.0
2026-07-25,wk inc covid hosp,0,2026-07-25,30,quantile,0.45,1.0
2026-07-25,wk inc covid hosp,0,2026-07-25,30,quantile,0.5,1.0
2026-07-25,wk inc covid hosp,0,2026-07-25,30,quantile,0.55,2.0
2026-07-25,wk inc covid hosp,0,2026-07-25,30,quantile,0.6,2.0
2026-07-25,wk inc covid hosp,0,2026-07-25,30,quantile,0.65,2.0
2026-07-25,wk inc covid hosp,0,2026-07-25,30,quantile,0.7,2.0
2026-07-25,wk inc covid hosp,0,2026-07-25,30,quantile,0.75,2.0
2026-07-25,wk inc covid hosp,0,2026-07-25,30,quantile,0.8,3.0
2026-07-25,wk inc covid hosp,0,2026-07-25,30,quantile,0.85,3.0
2026-07-25,wk inc covid hosp,0,2026-07-25,30,quantile,0.9,3.0
2026-07-25,wk inc covid hosp,0,2026-07-25,30,quantile,0.95,7.0
2026-07-25,wk inc covid hosp,0,2026-07-25,30,quantile,0.975,7.0
2026-07-25,wk inc covid hosp,0,2026-07-25,30,quantile,0.99,11.0
2026-07-25,wk inc covid hosp,0,2026-07-25,31,quantile,0.01,0.0
2026-07-25,wk inc covid hosp,0,2026-07-25,31,quantile,0.025,0.0
2026-07-25,wk inc covid hosp,0,2026-07-25,31,quantile,0.05,0.0
2026-07-25,wk inc covid hosp,0,2026-07-25,31,quantile,0.1,1.0
2026-07-25,wk inc covid hosp,0,2026-07-25,31,quantile,0.15,1.0
2026-07-25,wk inc covid hosp,0,2026-07-25,31,quantile,0.2,2.0
2026-07-25,wk inc covid hosp,0,2026-07-25,31,quantile,0.25,2.0
2026-07-25,wk inc covid hosp,0,2026-07-25,31,quantile,0.3,2.0
2026-07-25,wk inc covid hosp,0,2026-07-25,31,quantile,0.35,2.0
2026-07-25,wk inc covid hosp,0,2026-07-25,31,quantile,0.4,2.0
2026-07-25,wk inc covid hosp,0,2026-07-25,31,quantile,0.45,2.0
2026-07-25,wk inc covid hosp,0,2026-07-25,31,quantile,0.5,2.0
2026-07-25,wk inc covid hosp,0,2026-07-25,31,quantile,0.55,3.0
2026-07-25,wk inc covid hosp,0,2026-07-25,31,quantile,0.6,3.0
2026-07-25,wk inc covid hosp,0,2026-07-25,31,quantile,0.65,3.0
2026-07-25,wk inc covid hosp,0,2026-07-25,31,quantile,0.7,3.0
2026-07-25,wk inc covid hosp,0,2026-07-25,31,quantile,0.75,4.0
2026-07-25,wk inc covid hosp,0,2026-07-25,31,quantile,0.8,4.0
2026-07-25,wk inc covid hosp,0,2026-07-25,31,quantile,0.85,5.0
2026-07-25,wk inc covid hosp,0,2026-07-25,31,quantile,0.9,6.0
2026-07-25,wk inc covid hosp,0,2026-07-25,31,quantile,0.95,7.0
2026-07-25,wk inc covid hosp,0,2026-07-25,31,quantile,0.975,8.0
2026-07-25,wk inc covid hosp,0,2026-07-25,31,quantile,0.99,9.0
2026-07-25,wk inc covid hosp,0,2026-07-25,32,quantile,0.01,3.0
2026-07-25,wk inc covid hosp,0,2026-07-25,32,quantile,0.025,4.0
2026-07-25,wk inc covid hosp,0,2026-07-25,32,quantile,0.05,8.0
2026-07-25,wk inc covid hosp,0,2026-07-25,32,quantile,0.1,9.0
2026-07-25,wk inc covid hosp,0,2026-07-25,32,quantile,0.15,10.0
2026-07-25,wk inc covid hosp,0,2026-07-25,32,quantile,0.2,11.0
2026-07-25,wk inc covid hosp,0,2026-07-25,32,quantile,0.25,11.0
2026-07-25,wk inc covid hosp,0,2026-07-25,32,quantile,0.3,12.0
2026-07-25,wk inc covid hosp,0,2026-07-25,32,quantile,0.35,13.0
2026-07-25,wk inc covid hosp,0,2026-07-25,32,quantile,0.4,13.0
2026-07-25,wk inc covid hosp,0,2026-07-25,32,quantile,0.45,14.0
2026-07-25,wk inc covid hosp,0,2026-07-25,32,quantile,0.5,14.0
2026-07-25,wk inc covid hosp,0,2026-07-25,32,quantile,0.55,15.0
2026-07-25,wk inc covid hosp,0,2026-07-25,32,quantile,0.6,16.0
2026-07-25,wk inc covid hosp,0,2026-07-25,32,quantile,0.65,17.0
2026-07-25,wk inc covid hosp,0,2026-07-25,32,quantile,0.7,18.0
2026-07-25,wk inc covid hosp,0,2026-07-25,32,quantile,0.75,18.0
2026-07-25,wk inc covid hosp,0,2026-07-25,32,quantile,0.8,20.0
2026-07-25,wk inc covid hosp,0,2026-07-25,32,quantile,0.85,22.0
2026-07-25,wk inc covid hosp,0,2026-07-25,32,quantile,0.9,24.0
2026-07-25,wk inc covid hosp,0,2026-07-25,32,quantile,0.95,26.0
2026-07-25,wk inc covid hosp,0,2026-07-25,32,quantile,0.975,31.0
2026-07-25,wk inc covid hosp,0,2026-07-25,32,quantile,0.99,36.0
2026-07-25,wk inc covid hosp,0,2026-07-25,33,quantile,0.01,0.0
2026-07-25,wk inc covid hosp,0,2026-07-25,33,quantile,0.025,0.0
2026-07-25,wk inc covid hosp,0,2026-07-25,33,quantile,0.05,0.0
2026-07-25,wk inc covid hosp,0,2026-07-25,33,quantile,0.1,1.0
2026-07-25,wk inc covid hosp,0,2026-07-25,33,quantile,0.15,1.0
2026-07-25,wk inc covid hosp,0,2026-07-25,33,quantile,0.2,1.0
2026-07-25,wk inc covid hosp,0,2026-07-25,33,quantile,0.25,1.0
2026-07-25,wk inc covid hosp,0,2026-07-25,33,quantile,0.3,1.0
2026-07-25,wk inc covid hosp,0,2026-07-25,33,quantile,0.35,2.0
2026-07-25,wk inc covid hosp,0,2026-07-25,33,quantile,0.4,2.0
2026-07-25,wk inc covid hosp,0,2026-07-25,33,quantile,0.45,2.0
2026-07-25,wk inc covid hosp,0,2026-07-25,33,quantile,0.5,2.0
2026-07-25,wk inc covid hosp,0,2026-07-25,33,quantile,0.55,2.0
2026-07-25,wk inc covid hosp,0,2026-07-25,33,quantile,0.6,3.0
2026-07-25,wk inc covid hosp,0,2026-07-25,33,quantile,0.65,3.0
2026-07-25,wk inc covid hosp,0,2026-07-25,33,quantile,0.7,3.0
2026-07-25,wk inc covid hosp,0,2026-07-25,33,quantile,0.75,4.0
2026-07-25,wk inc covid hosp,0,2026-07-25,33,quantile,0.8,4.0
2026-07-25,wk inc covid hosp,0,2026-07-25,33,quantile,0.85,4.0
2026-07-25,wk inc covid hosp,0,2026-07-25,33,quantile,0.9,5.0
2026-07-25,wk inc covid hosp,0,2026-07-25,33,quantile,0.95,6.0
2026-07-25,wk inc covid hosp,0,2026-07-25,33,quantile,0.975,7.0
2026-07-25,wk inc covid hosp,0,2026-07-25,33,quantile,0.99,10.0
2026-07-25,wk inc covid hosp,0,2026-07-25,34,quantile,0.01,14.0
2026-07-25,wk inc covid hosp,0,2026-07-25,34,quantile,0.025,16.0
2026-07-25,wk inc covid hosp,0,2026-07-25,34,quantile,0.05,18.0
2026-07-25,wk inc covid hosp,0,2026-07-25,34,quantile,0.1,23.0
2026-07-25,wk inc covid hosp,0,2026-07-25,34,quantile,0.15,25.0
2026-07-25,wk inc covid hosp,0,2026-07-25,34,quantile,0.2,29.0
2026-07-25,wk inc covid hosp,0,2026-07-25,34,quantile,0.25,29.0
2026-07-25,wk inc covid hosp,0,2026-07-25,34,quantile,0.3,30.0
2026-07-25,wk inc covid hosp,0,2026-07-25,34,quantile,0.35,31.0
2026-07-25,wk inc covid hosp,0,2026-07-25,34,quantile,0.4,33.0
2026-07-25,wk inc covid hosp,0,2026-07-25,34,quantile,0.45,34.0
2026-07-25,wk inc covid hosp,0,2026-07-25,34,quantile,0.5,35.0
2026-07-25,wk inc covid hosp,0,2026-07-25,34,quantile,0.55,36.0
2026-07-25,wk inc covid hosp,0,2026-07-25,34,quantile,0.6,37.0
2026-07-25,wk inc covid hosp,0,2026-07-25,34,quantile,0.65,38.0
2026-07-25,wk inc covid hosp,0,2026-07-25,34,quantile,0.7,39.0
2026-07-25,wk inc covid hosp,0,2026-07-25,34,quantile,0.75,41.0
2026-07-25,wk inc covid hosp,0,2026-07-25,34,quantile,0.8,42.0
2026-07-25,wk inc covid hosp,0,2026-07-25,34,quantile,0.85,44.0
2026-07-25,wk inc covid hosp,0,2026-07-25,34,quantile,0.9,47.0
2026-07-25,wk inc covid hosp,0,2026-07-25,34,quantile,0.95,50.0
2026-07-25,wk inc covid hosp,0,2026-07-25,34,quantile,0.975,54.0
2026-07-25,wk inc covid hosp,0,2026-07-25,34,quantile,0.99,62.0
2026-07-25,wk inc covid hosp,0,2026-07-25,35,quantile,0.01,0.0
2026-07-25,wk inc covid hosp,0,2026-07-25,35,quantile,0.025,1.0
2026-07-25,wk inc covid hosp,0,2026-07-25,35,quantile,0.05,1.0
2026-07-25,wk inc covid hosp,0,2026-07-25,35,quantile,0.1,2.0
2026-07-25,wk inc covid hosp,0,2026-07-25,35,quantile,0.15,2.0
2026-07-25,wk inc covid hosp,0,2026-07-25,35,quantile,0.2,3.0
2026-07-25,wk inc covid hosp,0,2026-07-25,35,quantile,0.25,3.0
2026-07-25,wk inc covid hosp,0,2026-07-25,35,quantile,0.3,4.0
2026-07-25,wk inc covid hosp,0,2026-07-25,35,quantile,0.35,4.0
2026-07-25,wk inc covid hosp,0,2026-07-25,35,quantile,0.4,5.0
2026-07-25,wk inc covid hosp,0,2026-07-25,35,quantile,0.45,5.0
2026-07-25,wk inc covid hosp,0,2026-07-25,35,quantile,0.5,5.0
2026-07-25,wk inc covid hosp,0,2026-07-25,35,quantile,0.55,6.0
2026-07-25,wk inc covid hosp,0,2026-07-25,35,quantile,0.6,6.0
2026-07-25,wk inc covid hosp,0,2026-07-25,35,quantile,0.65,6.0
2026-07-25,wk inc covid hosp,0,2026-07-25,35,quantile,0.7,6.0
2026-07-25,wk inc covid hosp,0,2026-07-25,35,quantile,0.75,7.0
2026-07-25,wk inc covid hosp,0,2026-07-25,35,quantile,0.8,7.0
2026-07-25,wk inc covid hosp,0,2026-07-25,35,quantile,0.85,8.0
2026-07-25,wk inc covid hosp,0,2026-07-25,35,quantile,0.9,8.0
2026-07-25,wk inc covid hosp,0,2026-07-25,35,quantile,0.95,9.0
2026-07-25,wk inc covid hosp,0,2026-07-25,35,quantile,0.975,12.0
2026-07-25,wk inc covid hosp,0,2026-07-25,35,quantile,0.99,12.0
2026-07-25,wk inc covid hosp,0,2026-07-25,36,quantile,0.01,28.0
2026-07-25,wk inc covid hosp,0,2026-07-25,36,quantile,0.025,39.0
2026-07-25,wk inc covid hosp,0,2026-07-25,36,quantile,0.05,42.0
2026-07-25,wk inc covid hosp,0,2026-07-25,36,quantile,0.1,49.0
2026-07-25,wk inc covid hosp,0,2026-07-25,36,quantile,0.15,51.0
2026-07-25,wk inc covid hosp,0,2026-07-25,36,quantile,0.2,54.0
2026-07-25,wk inc covid hosp,0,2026-07-25,36,quantile,0.25,55.0
2026-07-25,wk inc covid hosp,0,2026-07-25,36,quantile,0.3,59.0
2026-07-25,wk inc covid hosp,0,2026-07-25,36,quantile,0.35,60.0
2026-07-25,wk inc covid hosp,0,2026-07-25,36,quantile,0.4,62.0
2026-07-25,wk inc covid hosp,0,2026-07-25,36,quantile,0.45,64.0
2026-07-25,wk inc covid hosp,0,2026-07-25,36,quantile,0.5,66.0
2026-07-25,wk inc covid hosp,0,2026-07-25,36,quantile,0.55,68.0
2026-07-25,wk inc covid hosp,0,2026-07-25,36,quantile,0.6,69.0
2026-07-25,wk inc covid hosp,0,2026-07-25,36,quantile,0.65,73.0
2026-07-25,wk inc covid hosp,0,2026-07-25,36,quantile,0.7,76.0
2026-07-25,wk inc covid hosp,0,2026-07-25,36,quantile,0.75,78.0
2026-07-25,wk inc covid hosp,0,2026-07-25,36,quantile,0.8,79.0
2026-07-25,wk inc covid hosp,0,2026-07-25,36,quantile,0.85,83.0
2026-07-25,wk inc covid hosp,0,2026-07-25,36,quantile,0.9,89.0
2026-07-25,wk inc covid hosp,0,2026-07-25,36,quantile,0.95,97.0
2026-07-25,wk inc covid hosp,0,2026-07-25,36,quantile,0.975,107.0
2026-07-25,wk inc covid hosp,0,2026-07-25,36,quantile,0.99,112.0
2026-07-25,wk inc covid hosp,0,2026-07-25,37,quantile,0.01,11.0
2026-07-25,wk inc covid hosp,0,2026-07-25,37,quantile,0.025,24.0
2026-07-25,wk inc covid hosp,0,2026-07-25,37,quantile,0.05,28.0
2026-07-25,wk inc covid hosp,0,2026-07-25,37,quantile,0.1,32.0
2026-07-25,wk inc covid hosp,0,2026-07-25,37,quantile,0.15,38.0
2026-07-25,wk inc covid hosp,0,2026-07-25,37,quantile,0.2,42.0
2026-07-25,wk inc covid hosp,0,2026-07-25,37,quantile,0.25,45.0
2026-07-25,wk inc covid hosp,0,2026-07-25,37,quantile,0.3,48.0
2026-07-25,wk inc covid hosp,0,2026-07-25,37,quantile,0.35,50.0
2026-07-25,wk inc covid hosp,0,2026-07-25,37,quantile,0.4,52.0
2026-07-25,wk inc covid hosp,0,2026-07-25,37,quantile,0.45,54.0
2026-07-25,wk inc covid hosp,0,2026-07-25,37,quantile,0.5,56.0
2026-07-25,wk inc covid hosp,0,2026-07-25,37,quantile,0.55,57.0
2026-07-25,wk inc covid hosp,0,2026-07-25,37,quantile,0.6,60.0
2026-07-25,wk inc covid hosp,0,2026-07-25,37,quantile,0.65,61.0
2026-07-25,wk inc covid hosp,0,2026-07-25,37,quantile,0.7,65.0
2026-07-25,wk inc covid hosp,0,2026-07-25,37,quantile,0.75,68.0
2026-07-25,wk inc covid hosp,0,2026-07-25,37,quantile,0.8,69.0
2026-07-25,wk inc covid hosp,0,2026-07-25,37,quantile,0.85,75.0
2026-07-25,wk inc covid hosp,0,2026-07-25,37,quantile,0.9,80.0
2026-07-25,wk inc covid hosp,0,2026-07-25,37,quantile,0.95,85.0
2026-07-25,wk inc covid hosp,0,2026-07-25,37,quantile,0.975,95.0
2026-07-25,wk inc covid hosp,0,2026-07-25,37,quantile,0.99,107.0
2026-07-25,wk inc covid hosp,0,2026-07-25,38,quantile,0.01,0.0
2026-07-25,wk inc covid hosp,0,2026-07-25,38,quantile,0.025,0.0
2026-07-25,wk inc covid hosp,0,2026-07-25,38,quantile,0.05,0.0
2026-07-25,wk inc covid hosp,0,2026-07-25,38,quantile,0.1,0.0
2026-07-25,wk inc covid hosp,0,2026-07-25,38,quantile,0.15,0.0
2026-07-25,wk inc covid hosp,0,2026-07-25,38,quantile,0.2,0.0
2026-07-25,wk inc covid hosp,0,2026-07-25,38,quantile,0.25,0.0
2026-07-25,wk inc covid hosp,0,2026-07-25,38,quantile,0.3,0.0
2026-07-25,wk inc covid hosp,0,2026-07-25,38,quantile,0.35,0.0
2026-07-25,wk inc covid hosp,0,2026-07-25,38,quantile,0.4,0.0
2026-07-25,wk inc covid hosp,0,2026-07-25,38,quantile,0.45,0.0
2026-07-25,wk inc covid hosp,0,2026-07-25,38,quantile,0.5,0.0
2026-07-25,wk inc covid hosp,0,2026-07-25,38,quantile,0.55,0.0
2026-07-25,wk inc covid hosp,0,2026-07-25,38,quantile,0.6,0.0
2026-07-25,wk inc covid hosp,0,2026-07-25,38,quantile,0.65,0.0
2026-07-25,wk inc covid hosp,0,2026-07-25,38,quantile,0.7,0.0
2026-07-25,wk inc covid hosp,0,2026-07-25,38,quantile,0.75,0.0
2026-07-25,wk inc covid hosp,0,2026-07-25,38,quantile,0.8,0.0
2026-07-25,wk inc covid hosp,0,2026-07-25,38,quantile,0.85,0.0
2026-07-25,wk inc covid hosp,0,2026-07-25,38,quantile,0.9,1.0
2026-07-25,wk inc covid hosp,0,2026-07-25,38,quantile,0.95,1.0
2026-07-25,wk inc covid hosp,0,2026-07-25,38,quantile,0.975,1.0
2026-07-25,wk inc covid hosp,0,2026-07-25,38,quantile,0.99,2.0
2026-07-25,wk inc covid hosp,0,2026-07-25,39,quantile,0.01,9.0
2026-07-25,wk inc covid hosp,0,2026-07-25,39,quantile,0.025,12.0
2026-07-25,wk inc covid hosp,0,2026-07-25,39,quantile,0.05,12.0
2026-07-25,wk inc covid hosp,0,2026-07-25,39,quantile,0.1,16.0
2026-07-25,wk inc covid hosp,0,2026-07-25,39,quantile,0.15,17.0
2026-07-25,wk inc covid hosp,0,2026-07-25,39,quantile,0.2,18.0
2026-07-25,wk inc covid hosp,0,2026-07-25,39,quantile,0.25,20.0
2026-07-25,wk inc covid hosp,0,2026-07-25,39,quantile,0.3,21.0
2026-07-25,wk inc covid hosp,0,2026-07-25,39,quantile,0.35,23.0
2026-07-25,wk inc covid hosp,0,2026-07-25,39,quantile,0.4,23.0
2026-07-25,wk inc covid hosp,0,2026-07-25,39,quantile,0.45,24.0
2026-07-25,wk inc covid hosp,0,2026-07-25,39,quantile,0.5,25.0
2026-07-25,wk inc covid hosp,0,2026-07-25,39,quantile,0.55,26.0
2026-07-25,wk inc covid hosp,0,2026-07-25,39,quantile,0.6,27.0
2026-07-25,wk inc covid hosp,0,2026-07-25,39,quantile,0.65,28.0
2026-07-25,wk inc covid hosp,0,2026-07-25,39,quantile,0.7,29.0
2026-07-25,wk inc covid hosp,0,2026-07-25,39,quantile,0.75,31.0
2026-07-25,wk inc covid hosp,0,2026-07-25,39,quantile,0.8,31.0
2026-07-25,wk inc covid hosp,0,2026-07-25,39,quantile,0.85,33.0
2026-07-25,wk inc covid hosp,0,2026-07-25,39,quantile,0.9,36.0
2026-07-25,wk inc covid hosp,0,2026-07-25,39,quantile,0.95,38.0
2026-07-25,wk inc covid hosp,0,2026-07-25,39,quantile,0.975,40.0
2026-07-25,wk inc covid hosp,0,2026-07-25,39,quantile,0.99,42.0
2026-07-25,wk inc covid hosp,0,2026-07-25,40,quantile,0.01,1.0
2026-07-25,wk inc covid hosp,0,2026-07-25,40,quantile,0.025,1.0
2026-07-25,wk inc covid hosp,0,2026-07-25,40,quantile,0.05,2.0
2026-07-25,wk inc covid hosp,0,2026-07-25,40,quantile,0.1,2.0
2026-07-25,wk inc covid hosp,0,2026-07-25,40,quantile,0.15,3.0
2026-07-25,wk inc covid hosp,0,2026-07-25,40,quantile,0.2,3.0
2026-07-25,wk inc covid hosp,0,2026-07-25,40,quantile,0.25,4.0
2026-07-25,wk inc covid hosp,0,2026-07-25,40,quantile,0.3,4.0
2026-07-25,wk inc covid hosp,0,2026-07-25,40,quantile,0.35,4.0
2026-07-25,wk inc covid hosp,0,2026-07-25,40,quantile,0.4,4.0
2026-07-25,wk inc covid hosp,0,2026-07-25,40,quantile,0.45,5.0
2026-07-25,wk inc covid hosp,0,2026-07-25,40,quantile,0.5,5.0
2026-07-25,wk inc covid hosp,0,2026-07-25,40,quantile,0.55,5.0
2026-07-25,wk inc covid hosp,0,2026-07-25,40,quantile,0.6,6.0
2026-07-25,wk inc covid hosp,0,2026-07-25,40,quantile,0.65,6.0
2026-07-25,wk inc covid hosp,0,2026-07-25,40,quantile,0.7,7.0
2026-07-25,wk inc covid hosp,0,2026-07-25,40,quantile,0.75,7.0
2026-07-25,wk inc covid hosp,0,2026-07-25,40,quantile,0.8,8.0
2026-07-25,wk inc covid hosp,0,2026-07-25,40,quantile,0.85,8.0
2026-07-25,wk inc covid hosp,0,2026-07-25,40,quantile,0.9,10.0
2026-07-25,wk inc covid hosp,0,2026-07-25,40,quantile,0.95,11.0
2026-07-25,wk inc covid hosp,0,2026-07-25,40,quantile,0.975,12.0
2026-07-25,wk inc covid hosp,0,2026-07-25,40,quantile,0.99,15.0
2026-07-25,wk inc covid hosp,0,2026-07-25,41,quantile,0.01,0.0
2026-07-25,wk inc covid hosp,0,2026-07-25,41,quantile,0.025,0.0
2026-07-25,wk inc covid hosp,0,2026-07-25,41,quantile,0.05,0.0
2026-07-25,wk inc covid hosp,0,2026-07-25,41,quantile,0.1,1.0
2026-07-25,wk inc covid hosp,0,2026-07-25,41,quantile,0.15,1.0
2026-07-25,wk inc covid hosp,0,2026-07-25,41,quantile,0.2,1.0
2026-07-25,wk inc covid hosp,0,2026-07-25,41,quantile,0.25,1.0
2026-07-25,wk inc covid hosp,0,2026-07-25,41,quantile,0.3,1.0
2026-07-25,wk inc covid hosp,0,2026-07-25,41,quantile,0.35,2.0
2026-07-25,wk inc covid hosp,0,2026-07-25,41,quantile,0.4,2.0
2026-07-25,wk inc covid hosp,0,2026-07-25,41,quantile,0.45,2.0
2026-07-25,wk inc covid hosp,0,2026-07-25,41,quantile,0.5,2.0
2026-07-25,wk inc covid hosp,0,2026-07-25,41,quantile,0.55,2.0
2026-07-25,wk inc covid hosp,0,2026-07-25,41,quantile,0.6,2.0
2026-07-25,wk inc covid hosp,0,2026-07-25,41,quantile,0.65,2.0
2026-07-25,wk inc covid hosp,0,2026-07-25,41,quantile,0.7,3.0
2026-07-25,wk inc covid hosp,0,2026-07-25,41,quantile,0.75,3.0
2026-07-25,wk inc covid hosp,0,2026-07-25,41,quantile,0.8,3.0
2026-07-25,wk inc covid hosp,0,2026-07-25,41,quantile,0.85,3.0
2026-07-25,wk inc covid hosp,0,2026-07-25,41,quantile,0.9,4.0
2026-07-25,wk inc covid hosp,0,2026-07-25,41,quantile,0.95,5.0
2026-07-25,wk inc covid hosp,0,2026-07-25,41,quantile,0.975,5.0
2026-07-25,wk inc covid hosp,0,2026-07-25,41,quantile,0.99,7.0
2026-07-25,wk inc covid hosp,0,2026-07-25,42,quantile,0.01,12.0
2026-07-25,wk inc covid hosp,0,2026-07-25,42,quantile,0.025,13.0
2026-07-25,wk inc covid hosp,0,2026-07-25,42,quantile,0.05,15.0
2026-07-25,wk inc covid hosp,0,2026-07-25,42,quantile,0.1,17.0
2026-07-25,wk inc covid hosp,0,2026-07-25,42,quantile,0.15,19.0
2026-07-25,wk inc covid hosp,0,2026-07-25,42,quantile,0.2,21.0
2026-07-25,wk inc covid hosp,0,2026-07-25,42,quantile,0.25,22.0
2026-07-25,wk inc covid hosp,0,2026-07-25,42,quantile,0.3,22.0
2026-07-25,wk inc covid hosp,0,2026-07-25,42,quantile,0.35,24.0
2026-07-25,wk inc covid hosp,0,2026-07-25,42,quantile,0.4,25.0
2026-07-25,wk inc covid hosp,0,2026-07-25,42,quantile,0.45,25.0
2026-07-25,wk inc covid hosp,0,2026-07-25,42,quantile,0.5,26.0
2026-07-25,wk inc covid hosp,0,2026-07-25,42,quantile,0.55,27.0
2026-07-25,wk inc covid hosp,0,2026-07-25,42,quantile,0.6,28.0
2026-07-25,wk inc covid hosp,0,2026-07-25,42,quantile,0.65,30.0
2026-07-25,wk inc covid hosp,0,2026-07-25,42,quantile,0.7,31.0
2026-07-25,wk inc covid hosp,0,2026-07-25,42,quantile,0.75,32.0
2026-07-25,wk inc covid hosp,0,2026-07-25,42,quantile,0.8,32.0
2026-07-25,wk inc covid hosp,0,2026-07-25,42,quantile,0.85,35.0
2026-07-25,wk inc covid hosp,0,2026-07-25,42,quantile,0.9,36.0
2026-07-25,wk inc covid hosp,0,2026-07-25,42,quantile,0.95,39.0
2026-07-25,wk inc covid hosp,0,2026-07-25,42,quantile,0.975,40.0
2026-07-25,wk inc covid hosp,0,2026-07-25,42,quantile,0.99,50.0
2026-07-25,wk inc covid hosp,0,2026-07-25,44,quantile,0.01,0.0
2026-07-25,wk inc covid hosp,0,2026-07-25,44,quantile,0.025,0.0
2026-07-25,wk inc covid hosp,0,2026-07-25,44,quantile,0.05,1.0
2026-07-25,wk inc covid hosp,0,2026-07-25,44,quantile,0.1,1.0
2026-07-25,wk inc covid hosp,0,2026-07-25,44,quantile,0.15,3.0
2026-07-25,wk inc covid hosp,0,2026-07-25,44,quantile,0.2,3.0
2026-07-25,wk inc covid hosp,0,2026-07-25,44,quantile,0.25,3.0
2026-07-25,wk inc covid hosp,0,2026-07-25,44,quantile,0.3,4.0
2026-07-25,wk inc covid hosp,0,2026-07-25,44,quantile,0.35,4.0
2026-07-25,wk inc covid hosp,0,2026-07-25,44,quantile,0.4,4.0
2026-07-25,wk inc covid hosp,0,2026-07-25,44,quantile,0.45,5.0
2026-07-25,wk inc covid hosp,0,2026-07-25,44,quantile,0.5,5.0
2026-07-25,wk inc covid hosp,0,2026-07-25,44,quantile,0.55,5.0
2026-07-25,wk inc covid hosp,0,2026-07-25,44,quantile,0.6,6.0
2026-07-25,wk inc covid hosp,0,2026-07-25,44,quantile,0.65,6.0
2026-07-25,wk inc covid hosp,0,2026-07-25,44,quantile,0.7,6.0
2026-07-25,wk inc covid hosp,0,2026-07-25,44,quantile,0.75,7.0
2026-07-25,wk inc covid hosp,0,2026-07-25,44,quantile,0.8,9.0
2026-07-25,wk inc covid hosp,0,2026-07-25,44,quantile,0.85,10.0
2026-07-25,wk inc covid hosp,0,2026-07-25,44,quantile,0.9,12.0
2026-07-25,wk inc covid hosp,0,2026-07-25,44,quantile,0.95,13.0
2026-07-25,wk inc covid hosp,0,2026-07-25,44,quantile,0.975,15.0
2026-07-25,wk inc covid hosp,0,2026-07-25,44,quantile,0.99,19.0
2026-07-25,wk inc covid hosp,0,2026-07-25,45,quantile,0.01,12.0
2026-07-25,wk inc covid hosp,0,2026-07-25,45,quantile,0.025,13.0
2026-07-25,wk inc covid hosp,0,2026-07-25,45,quantile,0.05,15.0
2026-07-25,wk inc covid hosp,0,2026-07-25,45,quantile,0.1,16.0
2026-07-25,wk inc covid hosp,0,2026-07-25,45,quantile,0.15,17.0
2026-07-25,wk inc covid hosp,0,2026-07-25,45,quantile,0.2,19.0
2026-07-25,wk inc covid hosp,0,2026-07-25,45,quantile,0.25,20.0
2026-07-25,wk inc covid hosp,0,2026-07-25,45,quantile,0.3,21.0
2026-07-25,wk inc covid hosp,0,2026-07-25,45,quantile,0.35,21.0
2026-07-25,wk inc covid hosp,0,2026-07-25,45,quantile,0.4,22.0
2026-07-25,wk inc covid hosp,0,2026-07-25,45,quantile,0.45,23.0
2026-07-25,wk inc covid hosp,0,2026-07-25,45,quantile,0.5,24.0
2026-07-25,wk inc covid hosp,0,2026-07-25,45,quantile,0.55,25.0
2026-07-25,wk inc covid hosp,0,2026-07-25,45,quantile,0.6,26.0
2026-07-25,wk inc covid hosp,0,2026-07-25,45,quantile,0.65,29.0
2026-07-25,wk inc covid hosp,0,2026-07-25,45,quantile,0.7,30.0
2026-07-25,wk inc covid hosp,0,2026-07-25,45,quantile,0.75,31.0
2026-07-25,wk inc covid hosp,0,2026-07-25,45,quantile,0.8,32.0
2026-07-25,wk inc covid hosp,0,2026-07-25,45,quantile,0.85,34.0
2026-07-25,wk inc covid hosp,0,2026-07-25,45,quantile,0.9,36.0
2026-07-25,wk inc covid hosp,0,2026-07-25,45,quantile,0.95,39.0
2026-07-25,wk inc covid hosp,0,2026-07-25,45,quantile,0.975,42.0
2026-07-25,wk inc covid hosp,0,2026-07-25,45,quantile,0.99,46.0
2026-07-25,wk inc covid hosp,0,2026-07-25,46,quantile,0.01,0.0
2026-07-25,wk inc covid hosp,0,2026-07-25,46,quantile,0.025,0.0
2026-07-25,wk inc covid hosp,0,2026-07-25,46,quantile,0.05,0.0
2026-07-25,wk inc covid hosp,0,2026-07-25,46,quantile,0.1,0.0
2026-07-25,wk inc covid hosp,0,2026-07-25,46,quantile,0.15,0.0
2026-07-25,wk inc covid hosp,0,2026-07-25,46,quantile,0.2,0.0
2026-07-25,wk inc covid hosp,0,2026-07-25,46,quantile,0.25,0.0
2026-07-25,wk inc covid hosp,0,2026-07-25,46,quantile,0.3,0.0
2026-07-25,wk inc covid hosp,0,2026-07-25,46,quantile,0.35,0.0
2026-07-25,wk inc covid hosp,0,2026-07-25,46,quantile,0.4,0.0
2026-07-25,wk inc covid hosp,0,2026-07-25,46,quantile,0.45,0.0
2026-07-25,wk inc covid hosp,0,2026-07-25,46,quantile,0.5,0.0
2026-07-25,wk inc covid hosp,0,2026-07-25,46,quantile,0.55,0.0
2026-07-25,wk inc covid hosp,0,2026-07-25,46,quantile,0.6,0.0
2026-07-25,wk inc covid hosp,0,2026-07-25,46,quantile,0.65,0.0
2026-07-25,wk inc covid hosp,0,2026-07-25,46,quantile,0.7,0.0
2026-07-25,wk inc covid hosp,0,2026-07-25,46,quantile,0.75,0.0
2026-07-25,wk inc covid hosp,0,2026-07-25,46,quantile,0.8,0.0
2026-07-25,wk inc covid hosp,0,2026-07-25,46,quantile,0.85,1.0
2026-07-25,wk inc covid hosp,0,2026-07-25,46,quantile,0.9,1.0
2026-07-25,wk inc covid hosp,0,2026-07-25,46,quantile,0.95,2.0
2026-07-25,wk inc covid hosp,0,2026-07-25,46,quantile,0.975,3.0
2026-07-25,wk inc covid hosp,0,2026-07-25,46,quantile,0.99,5.0
2026-07-25,wk inc covid hosp,0,2026-07-25,47,quantile,0.01,4.0
2026-07-25,wk inc covid hosp,0,2026-07-25,47,quantile,0.025,5.0
2026-07-25,wk inc covid hosp,0,2026-07-25,47,quantile,0.05,8.0
2026-07-25,wk inc covid hosp,0,2026-07-25,47,quantile,0.1,10.0
2026-07-25,wk inc covid hosp,0,2026-07-25,47,quantile,0.15,11.0
2026-07-25,wk inc covid hosp,0,2026-07-25,47,quantile,0.2,12.0
2026-07-25,wk inc covid hosp,0,2026-07-25,47,quantile,0.25,13.0
2026-07-25,wk inc covid hosp,0,2026-07-25,47,quantile,0.3,15.0
2026-07-25,wk inc covid hosp,0,2026-07-25,47,quantile,0.35,16.0
2026-07-25,wk inc covid hosp,0,2026-07-25,47,quantile,0.4,16.0
2026-07-25,wk inc covid hosp,0,2026-07-25,47,quantile,0.45,16.0
2026-07-25,wk inc covid hosp,0,2026-07-25,47,quantile,0.5,17.0
2026-07-25,wk inc covid hosp,0,2026-07-25,47,quantile,0.55,18.0
2026-07-25,wk inc covid hosp,0,2026-07-25,47,quantile,0.6,19.0
2026-07-25,wk inc covid hosp,0,2026-07-25,47,quantile,0.65,20.0
2026-07-25,wk inc covid hosp,0,2026-07-25,47,quantile,0.7,21.0
2026-07-25,wk inc covid hosp,0,2026-07-25,47,quantile,0.75,21.0
2026-07-25,wk inc covid hosp,0,2026-07-25,47,quantile,0.8,23.0
2026-07-25,wk inc covid hosp,0,2026-07-25,47,quantile,0.85,24.0
2026-07-25,wk inc covid hosp,0,2026-07-25,47,quantile,0.9,26.0
2026-07-25,wk inc covid hosp,0,2026-07-25,47,quantile,0.95,38.0
2026-07-25,wk inc covid hosp,0,2026-07-25,47,quantile,0.975,44.0
2026-07-25,wk inc covid hosp,0,2026-07-25,47,quantile,0.99,45.0
2026-07-25,wk inc covid hosp,0,2026-07-25,48,quantile,0.01,47.0
2026-07-25,wk inc covid hosp,0,2026-07-25,48,quantile,0.025,66.0
2026-07-25,wk inc covid hosp,0,2026-07-25,48,quantile,0.05,99.0
2026-07-25,wk inc covid hosp,0,2026-07-25,48,quantile,0.1,130.0
2026-07-25,wk inc covid hosp,0,2026-07-25,48,quantile,0.15,151.0
2026-07-25,wk inc covid hosp,0,2026-07-25,48,quantile,0.2,159.0
2026-07-25,wk inc covid hosp,0,2026-07-25,48,quantile,0.25,168.0
2026-07-25,wk inc covid hosp,0,2026-07-25,48,quantile,0.3,177.0
2026-07-25,wk inc covid hosp,0,2026-07-25,48,quantile,0.35,179.0
2026-07-25,wk inc covid hosp,0,2026-07-25,48,quantile,0.4,183.0
2026-07-25,wk inc covid hosp,0,2026-07-25,48,quantile,0.45,196.0
2026-07-25,wk inc covid hosp,0,2026-07-25,48,quantile,0.5,200.0
2026-07-25,wk inc covid hosp,0,2026-07-25,48,quantile,0.55,203.0
2026-07-25,wk inc covid hosp,0,2026-07-25,48,quantile,0.6,209.0
2026-07-25,wk inc covid hosp,0,2026-07-25,48,quantile,0.65,216.0
2026-07-25,wk inc covid hosp,0,2026-07-25,48,quantile,0.7,221.0
2026-07-25,wk inc covid hosp,0,2026-07-25,48,quantile,0.75,228.0
2026-07-25,wk inc covid hosp,0,2026-07-25,48,quantile,0.8,237.0
2026-07-25,wk inc covid hosp,0,2026-07-25,48,quantile,0.85,251.0
2026-07-25,wk inc covid hosp,0,2026-07-25,48,quantile,0.9,268.0
2026-07-25,wk inc covid hosp,0,2026-07-25,48,quantile,0.95,322.0
2026-07-25,wk inc covid hosp,0,2026-07-25,48,quantile,0.975,349.0
2026-07-25,wk inc covid hosp,0,2026-07-25,48,quantile,0.99,364.0
2026-07-25,wk inc covid hosp,0,2026-07-25,49,quantile,0.01,5.0
2026-07-25,wk inc covid hosp,0,2026-07-25,49,quantile,0.025,6.0
2026-07-25,wk inc covid hosp,0,2026-07-25,49,quantile,0.05,9.0
2026-07-25,wk inc covid hosp,0,2026-07-25,49,quantile,0.1,11.0
2026-07-25,wk inc covid hosp,0,2026-07-25,49,quantile,0.15,11.0
2026-07-25,wk inc covid hosp,0,2026-07-25,49,quantile,0.2,11.0
2026-07-25,wk inc covid hosp,0,2026-07-25,49,quantile,0.25,12.0
2026-07-25,wk inc covid hosp,0,2026-07-25,49,quantile,0.3,12.0
2026-07-25,wk inc covid hosp,0,2026-07-25,49,quantile,0.35,13.0
2026-07-25,wk inc covid hosp,0,2026-07-25,49,quantile,0.4,14.0
2026-07-25,wk inc covid hosp,0,2026-07-25,49,quantile,0.45,14.0
2026-07-25,wk inc covid hosp,0,2026-07-25,49,quantile,0.5,15.0
2026-07-25,wk inc covid hosp,0,2026-07-25,49,quantile,0.55,15.0
2026-07-25,wk inc covid hosp,0,2026-07-25,49,quantile,0.6,16.0
2026-07-25,wk inc covid hosp,0,2026-07-25,49,quantile,0.65,18.0
2026-07-25,wk inc covid hosp,0,2026-07-25,49,quantile,0.7,18.0
2026-07-25,wk inc covid hosp,0,2026-07-25,49,quantile,0.75,19.0
2026-07-25,wk inc covid hosp,0,2026-07-25,49,quantile,0.8,20.0
2026-07-25,wk inc covid hosp,0,2026-07-25,49,quantile,0.85,20.0
2026-07-25,wk inc covid hosp,0,2026-07-25,49,quantile,0.9,22.0
2026-07-25,wk inc covid hosp,0,2026-07-25,49,quantile,0.95,25.0
2026-07-25,wk inc covid hosp,0,2026-07-25,49,quantile,0.975,27.0
2026-07-25,wk inc covid hosp,0,2026-07-25,49,quantile,0.99,32.0
2026-07-25,wk inc covid hosp,0,2026-07-25,50,quantile,0.01,0.0
2026-07-25,wk inc covid hosp,0,2026-07-25,50,quantile,0.025,0.0
2026-07-25,wk inc covid hosp,0,2026-07-25,50,quantile,0.05,0.0
2026-07-25,wk inc covid hosp,0,2026-07-25,50,quantile,0.1,0.0
2026-07-25,wk inc covid hosp,0,2026-07-25,50,quantile,0.15,0.0
2026-07-25,wk inc covid hosp,0,2026-07-25,50,quantile,0.2,0.0
2026-07-25,wk inc covid hosp,0,2026-07-25,50,quantile,0.25,0.0
2026-07-25,wk inc covid hosp,0,2026-07-25,50,quantile,0.3,1.0
2026-07-25,wk inc covid hosp,0,2026-07-25,50,quantile,0.35,1.0
2026-07-25,wk inc covid hosp,0,2026-07-25,50,quantile,0.4,1.0
2026-07-25,wk inc covid hosp,0,2026-07-25,50,quantile,0.45,1.0
2026-07-25,wk inc covid hosp,0,2026-07-25,50,quantile,0.5,1.0
2026-07-25,wk inc covid hosp,0,2026-07-25,50,quantile,0.55,1.0
2026-07-25,wk inc covid hosp,0,2026-07-25,50,quantile,0.6,2.0
2026-07-25,wk inc covid hosp,0,2026-07-25,50,quantile,0.65,2.0
2026-07-25,wk inc covid hosp,0,2026-07-25,50,quantile,0.7,2.0
2026-07-25,wk inc covid hosp,0,2026-07-25,50,quantile,0.75,3.0
2026-07-25,wk inc covid hosp,0,2026-07-25,50,quantile,0.8,3.0
2026-07-25,wk inc covid hosp,0,2026-07-25,50,quantile,0.85,4.0
2026-07-25,wk inc covid hosp,0,2026-07-25,50,quantile,0.9,5.0
2026-07-25,wk inc covid hosp,0,2026-07-25,50,quantile,0.95,6.0
2026-07-25,wk inc covid hosp,0,2026-07-25,50,quantile,0.975,8.0
2026-07-25,wk inc covid hosp,0,2026-07-25,50,quantile,0.99,10.0
2026-07-25,wk inc covid hosp,0,2026-07-25,51,quantile,0.01,6.0
2026-07-25,wk inc covid hosp,0,2026-07-25,51,quantile,0.025,7.0
2026-07-25,wk inc covid hosp,0,2026-07-25,51,quantile,0.05,8.0
2026-07-25,wk inc covid hosp,0,2026-07-25,51,quantile,0.1,9.0
2026-07-25,wk inc covid hosp,0,2026-07-25,51,quantile,0.15,10.0
2026-07-25,wk inc covid hosp,0,2026-07-25,51,quantile,0.2,10.0
2026-07-25,wk inc covid hosp,0,2026-07-25,51,quantile,0.25,11.0
2026-07-25,wk inc covid hosp,0,2026-07-25,51,quantile,0.3,12.0
2026-07-25,wk inc covid hosp,0,2026-07-25,51,quantile,0.35,12.0
2026-07-25,wk inc covid hosp,0,2026-07-25,51,quantile,0.4,13.0
2026-07-25,wk inc covid hosp,0,2026-07-25,51,quantile,0.45,14.0
2026-07-25,wk inc covid hosp,0,2026-07-25,51,quantile,0.5,14.0
2026-07-25,wk inc covid hosp,0,2026-07-25,51,quantile,0.55,14.0
2026-07-25,wk inc covid hosp,0,2026-07-25,51,quantile,0.6,15.0
2026-07-25,wk inc covid hosp,0,2026-07-25,51,quantile,0.65,16.0
2026-07-25,wk inc covid hosp,0,2026-07-25,51,quantile,0.7,17.0
2026-07-25,wk inc covid hosp,0,2026-07-25,51,quantile,0.75,18.0
2026-07-25,wk inc covid hosp,0,2026-07-25,51,quantile,0.8,19.0
2026-07-25,wk inc covid hosp,0,2026-07-25,51,quantile,0.85,19.0
2026-07-25,wk inc covid hosp,0,2026-07-25,51,quantile,0.9,21.0
2026-07-25,wk inc covid hosp,0,2026-07-25,51,quantile,0.95,22.0
2026-07-25,wk inc covid hosp,0,2026-07-25,51,quantile,0.975,23.0
2026-07-25,wk inc covid hosp,0,2026-07-25,51,quantile,0.99,24.0
2026-07-25,wk inc covid hosp,0,2026-07-25,53,quantile,0.01,11.0
2026-07-25,wk inc covid hosp,0,2026-07-25,53,quantile,0.025,15.0
2026-07-25,wk inc covid hosp,0,2026-07-25,53,quantile,0.05,16.0
2026-07-25,wk inc covid hosp,0,2026-07-25,53,quantile,0.1,18.0
2026-07-25,wk inc covid hosp,0,2026-07-25,53,quantile,0.15,20.0
2026-07-25,wk inc covid hosp,0,2026-07-25,53,quantile,0.2,22.0
2026-07-25,wk inc covid hosp,0,2026-07-25,53,quantile,0.25,23.0
2026-07-25,wk inc covid hosp,0,2026-07-25,53,quantile,0.3,24.0
2026-07-25,wk inc covid hosp,0,2026-07-25,53,quantile,0.35,25.0
2026-07-25,wk inc covid hosp,0,2026-07-25,53,quantile,0.4,26.0
2026-07-25,wk inc covid hosp,0,2026-07-25,53,quantile,0.45,26.0
2026-07-25,wk inc covid hosp,0,2026-07-25,53,quantile,0.5,27.0
2026-07-25,wk inc covid hosp,0,2026-07-25,53,quantile,0.55,27.0
2026-07-25,wk inc covid hosp,0,2026-07-25,53,quantile,0.6,28.0
2026-07-25,wk inc covid hosp,0,2026-07-25,53,quantile,0.65,29.0
2026-07-25,wk inc covid hosp,0,2026-07-25,53,quantile,0.7,30.0
2026-07-25,wk inc covid hosp,0,2026-07-25,53,quantile,0.75,31.0
2026-07-25,wk inc covid hosp,0,2026-07-25,53,quantile,0.8,32.0
2026-07-25,wk inc covid hosp,0,2026-07-25,53,quantile,0.85,34.0
2026-07-25,wk inc covid hosp,0,2026-07-25,53,quantile,0.9,36.0
2026-07-25,wk inc covid hosp,0,2026-07-25,53,quantile,0.95,38.0
2026-07-25,wk inc covid hosp,0,2026-07-25,53,quantile,0.975,40.0
2026-07-25,wk inc covid hosp,0,2026-07-25,53,quantile,0.99,43.0
2026-07-25,wk inc covid hosp,0,2026-07-25,54,quantile,0.01,0.0
2026-07-25,wk inc covid hosp,0,2026-07-25,54,quantile,0.025,1.0
2026-07-25,wk inc covid hosp,0,2026-07-25,54,quantile,0.05,1.0
2026-07-25,wk inc covid hosp,0,2026-07-25,54,quantile,0.1,2.0
2026-07-25,wk inc covid hosp,0,2026-07-25,54,quantile,0.15,2.0
2026-07-25,wk inc covid hosp,0,2026-07-25,54,quantile,0.2,2.0
2026-07-25,wk inc covid hosp,0,2026-07-25,54,quantile,0.25,2.0
2026-07-25,wk inc covid hosp,0,2026-07-25,54,quantile,0.3,3.0
2026-07-25,wk inc covid hosp,0,2026-07-25,54,quantile,0.35,3.0
2026-07-25,wk inc covid hosp,0,2026-07-25,54,quantile,0.4,3.0
2026-07-25,wk inc covid hosp,0,2026-07-25,54,quantile,0.45,3.0
2026-07-25,wk inc covid hosp,0,2026-07-25,54,quantile,0.5,4.0
2026-07-25,wk inc covid hosp,0,2026-07-25,54,quantile,0.55,4.0
2026-07-25,wk inc covid hosp,0,2026-07-25,54,quantile,0.6,4.0
2026-07-25,wk inc covid hosp,0,2026-07-25,54,quantile,0.65,5.0
2026-07-25,wk inc covid hosp,0,2026-07-25,54,quantile,0.7,5.0
2026-07-25,wk inc covid hosp,0,2026-07-25,54,quantile,0.75,5.0
2026-07-25,wk inc covid hosp,0,2026-07-25,54,quantile,0.8,6.0
2026-07-25,wk inc covid hosp,0,2026-07-25,54,quantile,0.85,6.0
2026-07-25,wk inc covid hosp,0,2026-07-25,54,quantile,0.9,7.0
2026-07-25,wk inc covid hosp,0,2026-07-25,54,quantile,0.95,7.0
2026-07-25,wk inc covid hosp,0,2026-07-25,54,quantile,0.975,9.0
2026-07-25,wk inc covid hosp,0,2026-07-25,54,quantile,0.99,14.0
2026-07-25,wk inc covid hosp,0,2026-07-25,55,quantile,0.01,1.0
2026-07-25,wk inc covid hosp,0,2026-07-25,55,quantile,0.025,2.0
2026-07-25,wk inc covid hosp,0,2026-07-25,55,quantile,0.05,3.0
2026-07-25,wk inc covid hosp,0,2026-07-25,55,quantile,0.1,4.0
2026-07-25,wk inc covid hosp,0,2026-07-25,55,quantile,0.15,4.0
2026-07-25,wk inc covid hosp,0,2026-07-25,55,quantile,0.2,5.0
2026-07-25,wk inc covid hosp,0,2026-07-25,55,quantile,0.25,5.0
2026-07-25,wk inc covid hosp,0,2026-07-25,55,quantile,0.3,5.0
2026-07-25,wk inc covid hosp,0,2026-07-25,55,quantile,0.35,6.0
2026-07-25,wk inc covid hosp,0,2026-07-25,55,quantile,0.4,6.0
2026-07-25,wk inc covid hosp,0,2026-07-25,55,quantile,0.45,6.0
2026-07-25,wk inc covid hosp,0,2026-07-25,55,quantile,0.5,7.0
2026-07-25,wk inc covid hosp,0,2026-07-25,55,quantile,0.55,7.0
2026-07-25,wk inc covid hosp,0,2026-07-25,55,quantile,0.6,7.0
2026-07-25,wk inc covid hosp,0,2026-07-25,55,quantile,0.65,8.0
2026-07-25,wk inc covid hosp,0,2026-07-25,55,quantile,0.7,8.0
2026-07-25,wk inc covid hosp,0,2026-07-25,55,quantile,0.75,9.0
2026-07-25,wk inc covid hosp,0,2026-07-25,55,quantile,0.8,9.0
2026-07-25,wk inc covid hosp,0,2026-07-25,55,quantile,0.85,9.0
2026-07-25,wk inc covid hosp,0,2026-07-25,55,quantile,0.9,11.0
2026-07-25,wk inc covid hosp,0,2026-07-25,55,quantile,0.95,13.0
2026-07-25,wk inc covid hosp,0,2026-07-25,55,quantile,0.975,15.0
2026-07-25,wk inc covid hosp,0,2026-07-25,55,quantile,0.99,15.0
2026-07-25,wk inc covid hosp,0,2026-07-25,56,quantile,0.01,0.0
2026-07-25,wk inc covid hosp,0,2026-07-25,56,quantile,0.025,0.0
2026-07-25,wk inc covid hosp,0,2026-07-25,56,quantile,0.05,0.0
2026-07-25,wk inc covid hosp,0,2026-07-25,56,quantile,0.1,0.0
2026-07-25,wk inc covid hosp,0,2026-07-25,56,quantile,0.15,0.0
2026-07-25,wk inc covid hosp,0,2026-07-25,56,quantile,0.2,0.0
2026-07-25,wk inc covid hosp,0,2026-07-25,56,quantile,0.25,0.0
2026-07-25,wk inc covid hosp,0,2026-07-25,56,quantile,0.3,0.0
2026-07-25,wk inc covid hosp,0,2026-07-25,56,quantile,0.35,0.0
2026-07-25,wk inc covid hosp,0,2026-07-25,56,quantile,0.4,1.0
2026-07-25,wk inc covid hosp,0,2026-07-25,56,quantile,0.45,1.0
2026-07-25,wk inc covid hosp,0,2026-07-25,56,quantile,0.5,1.0
2026-07-25,wk inc covid hosp,0,2026-07-25,56,quantile,0.55,1.0
2026-07-25,wk inc covid hosp,0,2026-07-25,56,quantile,0.6,1.0
2026-07-25,wk inc covid hosp,0,2026-07-25,56,quantile,0.65,1.0
2026-07-25,wk inc covid hosp,0,2026-07-25,56,quantile,0.7,1.0
2026-07-25,wk inc covid hosp,0,2026-07-25,56,quantile,0.75,1.0
2026-07-25,wk inc covid hosp,0,2026-07-25,56,quantile,0.8,2.0
2026-07-25,wk inc covid hosp,0,2026-07-25,56,quantile,0.85,2.0
2026-07-25,wk inc covid hosp,0,2026-07-25,56,quantile,0.9,2.0
2026-07-25,wk inc covid hosp,0,2026-07-25,56,quantile,0.95,4.0
2026-07-25,wk inc covid hosp,0,2026-07-25,56,quantile,0.975,5.0
2026-07-25,wk inc covid hosp,0,2026-07-25,56,quantile,0.99,6.0
2026-07-25,wk inc covid hosp,0,2026-07-25,72,quantile,0.01,15.0
2026-07-25,wk inc covid hosp,0,2026-07-25,72,quantile,0.025,16.0
2026-07-25,wk inc covid hosp,0,2026-07-25,72,quantile,0.05,17.0
2026-07-25,wk inc covid hosp,0,2026-07-25,72,quantile,0.1,21.0
2026-07-25,wk inc covid hosp,0,2026-07-25,72,quantile,0.15,23.0
2026-07-25,wk inc covid hosp,0,2026-07-25,72,quantile,0.2,24.0
2026-07-25,wk inc covid hosp,0,2026-07-25,72,quantile,0.25,26.0
2026-07-25,wk inc covid hosp,0,2026-07-25,72,quantile,0.3,26.0
2026-07-25,wk inc covid hosp,0,2026-07-25,72,quantile,0.35,27.0
2026-07-25,wk inc covid hosp,0,2026-07-25,72,quantile,0.4,29.0
2026-07-25,wk inc covid hosp,0,2026-07-25,72,quantile,0.45,32.0
2026-07-25,wk inc covid hosp,0,2026-07-25,72,quantile,0.5,33.0
2026-07-25,wk inc covid hosp,0,2026-07-25,72,quantile,0.55,34.0
2026-07-25,wk inc covid hosp,0,2026-07-25,72,quantile,0.6,36.0
2026-07-25,wk inc covid hosp,0,2026-07-25,72,quantile,0.65,37.0
2026-07-25,wk inc covid hosp,0,2026-07-25,72,quantile,0.7,40.0
2026-07-25,wk inc covid hosp,0,2026-07-25,72,quantile,0.75,43.0
2026-07-25,wk inc covid hosp,0,2026-07-25,72,quantile,0.8,45.0
2026-07-25,wk inc covid hosp,0,2026-07-25,72,quantile,0.85,48.0
2026-07-25,wk inc covid hosp,0,2026-07-25,72,quantile,0.9,50.0
2026-07-25,wk inc covid hosp,0,2026-07-25,72,quantile,0.95,64.0
2026-07-25,wk inc covid hosp,0,2026-07-25,72,quantile,0.975,68.0
2026-07-25,wk inc covid hosp,0,2026-07-25,72,quantile,0.99,102.0
2026-07-25,wk inc covid hosp,1,2026-08-01,01,quantile,0.01,15.0
2026-07-25,wk inc covid hosp,1,2026-08-01,01,quantile,0.025,16.0
2026-07-25,wk inc covid hosp,1,2026-08-01,01,quantile,0.05,17.0
2026-07-25,wk inc covid hosp,1,2026-08-01,01,quantile,0.1,25.0
2026-07-25,wk inc covid hosp,1,2026-08-01,01,quantile,0.15,30.0
2026-07-25,wk inc covid hosp,1,2026-08-01,01,quantile,0.2,33.0
2026-07-25,wk inc covid hosp,1,2026-08-01,01,quantile,0.25,35.0
2026-07-25,wk inc covid hosp,1,2026-08-01,01,quantile,0.3,38.0
2026-07-25,wk inc covid hosp,1,2026-08-01,01,quantile,0.35,42.0
2026-07-25,wk inc covid hosp,1,2026-08-01,01,quantile,0.4,44.0
2026-07-25,wk inc covid hosp,1,2026-08-01,01,quantile,0.45,48.0
2026-07-25,wk inc covid hosp,1,2026-08-01,01,quantile,0.5,51.0
2026-07-25,wk inc covid hosp,1,2026-08-01,01,quantile,0.55,55.0
2026-07-25,wk inc covid hosp,1,2026-08-01,01,quantile,0.6,59.0
2026-07-25,wk inc covid hosp,1,2026-08-01,01,quantile,0.65,67.0
2026-07-25,wk inc covid hosp,1,2026-08-01,01,quantile,0.7,73.0
2026-07-25,wk inc covid hosp,1,2026-08-01,01,quantile,0.75,84.0
2026-07-25,wk inc covid hosp,1,2026-08-01,01,quantile,0.8,93.0
2026-07-25,wk inc covid hosp,1,2026-08-01,01,quantile,0.85,106.0
2026-07-25,wk inc covid hosp,1,2026-08-01,01,quantile,0.9,140.0
2026-07-25,wk inc covid hosp,1,2026-08-01,01,quantile,0.95,171.0
2026-07-25,wk inc covid hosp,1,2026-08-01,01,quantile,0.975,229.0
2026-07-25,wk inc covid hosp,1,2026-08-01,01,quantile,0.99,308.0
2026-07-25,wk inc covid hosp,1,2026-08-01,02,quantile,0.01,0.0
2026-07-25,wk inc covid hosp,1,2026-08-01,02,quantile,0.025,0.0
2026-07-25,wk inc covid hosp,1,2026-08-01,02,quantile,0.05,0.0
2026-07-25,wk inc covid hosp,1,2026-08-01,02,quantile,0.1,0.0
2026-07-25,wk inc covid hosp,1,2026-08-01,02,quantile,0.15,1.0
2026-07-25,wk inc covid hosp,1,2026-08-01,02,quantile,0.2,1.0
2026-07-25,wk inc covid hosp,1,2026-08-01,02,quantile,0.25,1.0
2026-07-25,wk inc covid hosp,1,2026-08-01,02,quantile,0.3,1.0
2026-07-25,wk inc covid hosp,1,2026-08-01,02,quantile,0.35,1.0
2026-07-25,wk inc covid hosp,1,2026-08-01,02,quantile,0.4,2.0
2026-07-25,wk inc covid hosp,1,2026-08-01,02,quantile,0.45,2.0
2026-07-25,wk inc covid hosp,1,2026-08-01,02,quantile,0.5,3.0
2026-07-25,wk inc covid hosp,1,2026-08-01,02,quantile,0.55,3.0
2026-07-25,wk inc covid hosp,1,2026-08-01,02,quantile,0.6,4.0
2026-07-25,wk inc covid hosp,1,2026-08-01,02,quantile,0.65,5.0
2026-07-25,wk inc covid hosp,1,2026-08-01,02,quantile,0.7,7.0
2026-07-25,wk inc covid hosp,1,2026-08-01,02,quantile,0.75,9.0
2026-07-25,wk inc covid hosp,1,2026-08-01,02,quantile,0.8,11.0
2026-07-25,wk inc covid hosp,1,2026-08-01,02,quantile,0.85,15.0
2026-07-25,wk inc covid hosp,1,2026-08-01,02,quantile,0.9,20.0
2026-07-25,wk inc covid hosp,1,2026-08-01,02,quantile,0.95,32.0
2026-07-25,wk inc covid hosp,1,2026-08-01,02,quantile,0.975,50.0
2026-07-25,wk inc covid hosp,1,2026-08-01,02,quantile,0.99,81.0
2026-07-25,wk inc covid hosp,1,2026-08-01,04,quantile,0.01,6.0
2026-07-25,wk inc covid hosp,1,2026-08-01,04,quantile,0.025,16.0
2026-07-25,wk inc covid hosp,1,2026-08-01,04,quantile,0.05,17.0
2026-07-25,wk inc covid hosp,1,2026-08-01,04,quantile,0.1,21.0
2026-07-25,wk inc covid hosp,1,2026-08-01,04,quantile,0.15,25.0
2026-07-25,wk inc covid hosp,1,2026-08-01,04,quantile,0.2,27.0
2026-07-25,wk inc covid hosp,1,2026-08-01,04,quantile,0.25,29.0
2026-07-25,wk inc covid hosp,1,2026-08-01,04,quantile,0.3,30.0
2026-07-25,wk inc covid hosp,1,2026-08-01,04,quantile,0.35,32.0
2026-07-25,wk inc covid hosp,1,2026-08-01,04,quantile,0.4,33.0
2026-07-25,wk inc covid hosp,1,2026-08-01,04,quantile,0.45,35.0
2026-07-25,wk inc covid hosp,1,2026-08-01,04,quantile,0.5,37.0
2026-07-25,wk inc covid hosp,1,2026-08-01,04,quantile,0.55,40.0
2026-07-25,wk inc covid hosp,1,2026-08-01,04,quantile,0.6,43.0
2026-07-25,wk inc covid hosp,1,2026-08-01,04,quantile,0.65,48.0
2026-07-25,wk inc covid hosp,1,2026-08-01,04,quantile,0.7,56.0
2026-07-25,wk inc covid hosp,1,2026-08-01,04,quantile,0.75,64.0
2026-07-25,wk inc covid hosp,1,2026-08-01,04,quantile,0.8,69.0
2026-07-25,wk inc covid hosp,1,2026-08-01,04,quantile,0.85,77.0
2026-07-25,wk inc covid hosp,1,2026-08-01,04,quantile,0.9,96.0
2026-07-25,wk inc covid hosp,1,2026-08-01,04,quantile,0.95,117.0
2026-07-25,wk inc covid hosp,1,2026-08-01,04,quantile,0.975,143.0
2026-07-25,wk inc covid hosp,1,2026-08-01,04,quantile,0.99,186.0
2026-07-25,wk inc covid hosp,1,2026-08-01,05,quantile,0.01,3.0
2026-07-25,wk inc covid hosp,1,2026-08-01,05,quantile,0.025,3.0
2026-07-25,wk inc covid hosp,1,2026-08-01,05,quantile,0.05,5.0
2026-07-25,wk inc covid hosp,1,2026-08-01,05,quantile,0.1,6.0
2026-07-25,wk inc covid hosp,1,2026-08-01,05,quantile,0.15,7.0
2026-07-25,wk inc covid hosp,1,2026-08-01,05,quantile,0.2,8.0
2026-07-25,wk inc covid hosp,1,2026-08-01,05,quantile,0.25,9.0
2026-07-25,wk inc covid hosp,1,2026-08-01,05,quantile,0.3,10.0
2026-07-25,wk inc covid hosp,1,2026-08-01,05,quantile,0.35,11.0
2026-07-25,wk inc covid hosp,1,2026-08-01,05,quantile,0.4,12.0
2026-07-25,wk inc covid hosp,1,2026-08-01,05,quantile,0.45,14.0
2026-07-25,wk inc covid hosp,1,2026-08-01,05,quantile,0.5,16.0
2026-07-25,wk inc covid hosp,1,2026-08-01,05,quantile,0.55,19.0
2026-07-25,wk inc covid hosp,1,2026-08-01,05,quantile,0.6,22.0
2026-07-25,wk inc covid hosp,1,2026-08-01,05,quantile,0.65,25.0
2026-07-25,wk inc covid hosp,1,2026-08-01,05,quantile,0.7,27.0
2026-07-25,wk inc covid hosp,1,2026-08-01,05,quantile,0.75,31.0
2026-07-25,wk inc covid hosp,1,2026-08-01,05,quantile,0.8,35.0
2026-07-25,wk inc covid hosp,1,2026-08-01,05,quantile,0.85,41.0
2026-07-25,wk inc covid hosp,1,2026-08-01,05,quantile,0.9,56.0
2026-07-25,wk inc covid hosp,1,2026-08-01,05,quantile,0.95,78.0
2026-07-25,wk inc covid hosp,1,2026-08-01,05,quantile,0.975,100.0
2026-07-25,wk inc covid hosp,1,2026-08-01,05,quantile,0.99,134.0
2026-07-25,wk inc covid hosp,1,2026-08-01,06,quantile,0.01,183.0
2026-07-25,wk inc covid hosp,1,2026-08-01,06,quantile,0.025,192.0
2026-07-25,wk inc covid hosp,1,2026-08-01,06,quantile,0.05,198.0
2026-07-25,wk inc covid hosp,1,2026-08-01,06,quantile,0.1,222.0
2026-07-25,wk inc covid hosp,1,2026-08-01,06,quantile,0.15,239.0
2026-07-25,wk inc covid hosp,1,2026-08-01,06,quantile,0.2,261.0
2026-07-25,wk inc covid hosp,1,2026-08-01,06,quantile,0.25,272.0
2026-07-25,wk inc covid hosp,1,2026-08-01,06,quantile,0.3,282.0
2026-07-25,wk inc covid hosp,1,2026-08-01,06,quantile,0.35,293.0
2026-07-25,wk inc covid hosp,1,2026-08-01,06,quantile,0.4,303.0
2026-07-25,wk inc covid hosp,1,2026-08-01,06,quantile,0.45,313.0
2026-07-25,wk inc covid hosp,1,2026-08-01,06,quantile,0.5,326.0
2026-07-25,wk inc covid hosp,1,2026-08-01,06,quantile,0.55,337.0
2026-07-25,wk inc covid hosp,1,2026-08-01,06,quantile,0.6,346.0
2026-07-25,wk inc covid hosp,1,2026-08-01,06,quantile,0.65,364.0
2026-07-25,wk inc covid hosp,1,2026-08-01,06,quantile,0.7,378.0
2026-07-25,wk inc covid hosp,1,2026-08-01,06,quantile,0.75,400.0
2026-07-25,wk inc covid hosp,1,2026-08-01,06,quantile,0.8,428.0
2026-07-25,wk inc covid hosp,1,2026-08-01,06,quantile,0.85,458.0
2026-07-25,wk inc covid hosp,1,2026-08-01,06,quantile,0.9,499.0
2026-07-25,wk inc covid hosp,1,2026-08-01,06,quantile,0.95,546.0
2026-07-25,wk inc covid hosp,1,2026-08-01,06,quantile,0.975,606.0
2026-07-25,wk inc covid hosp,1,2026-08-01,06,quantile,0.99,679.0
2026-07-25,wk inc covid hosp,1,2026-08-01,08,quantile,0.01,0.0
2026-07-25,wk inc covid hosp,1,2026-08-01,08,quantile,0.025,1.0
2026-07-25,wk inc covid hosp,1,2026-08-01,08,quantile,0.05,2.0
2026-07-25,wk inc covid hosp,1,2026-08-01,08,quantile,0.1,3.0
2026-07-25,wk inc covid hosp,1,2026-08-01,08,quantile,0.15,3.0
2026-07-25,wk inc covid hosp,1,2026-08-01,08,quantile,0.2,4.0
2026-07-25,wk inc covid hosp,1,2026-08-01,08,quantile,0.25,4.0
2026-07-25,wk inc covid hosp,1,2026-08-01,08,quantile,0.3,6.0
2026-07-25,wk inc covid hosp,1,2026-08-01,08,quantile,0.35,7.0
2026-07-25,wk inc covid hosp,1,2026-08-01,08,quantile,0.4,8.0
2026-07-25,wk inc covid hosp,1,2026-08-01,08,quantile,0.45,9.0
2026-07-25,wk inc covid hosp,1,2026-08-01,08,quantile,0.5,10.0
2026-07-25,wk inc covid hosp,1,2026-08-01,08,quantile,0.55,11.0
2026-07-25,wk inc covid hosp,1,2026-08-01,08,quantile,0.6,16.0
2026-07-25,wk inc covid hosp,1,2026-08-01,08,quantile,0.65,18.0
2026-07-25,wk inc covid hosp,1,2026-08-01,08,quantile,0.7,21.0
2026-07-25,wk inc covid hosp,1,2026-08-01,08,quantile,0.75,24.0
2026-07-25,wk inc covid hosp,1,2026-08-01,08,quantile,0.8,28.0
2026-07-25,wk inc covid hosp,1,2026-08-01,08,quantile,0.85,37.0
2026-07-25,wk inc covid hosp,1,2026-08-01,08,quantile,0.9,45.0
2026-07-25,wk inc covid hosp,1,2026-08-01,08,quantile,0.95,65.0
2026-07-25,wk inc covid hosp,1,2026-08-01,08,quantile,0.975,89.0
2026-07-25,wk inc covid hosp,1,2026-08-01,08,quantile,0.99,121.0
2026-07-25,wk inc covid hosp,1,2026-08-01,09,quantile,0.01,6.0
2026-07-25,wk inc covid hosp,1,2026-08-01,09,quantile,0.025,6.0
2026-07-25,wk inc covid hosp,1,2026-08-01,09,quantile,0.05,7.0
2026-07-25,wk inc covid hosp,1,2026-08-01,09,quantile,0.1,10.0
2026-07-25,wk inc covid hosp,1,2026-08-01,09,quantile,0.15,11.0
2026-07-25,wk inc covid hosp,1,2026-08-01,09,quantile,0.2,13.0
2026-07-25,wk inc covid hosp,1,2026-08-01,09,quantile,0.25,15.0
2026-07-25,wk inc covid hosp,1,2026-08-01,09,quantile,0.3,16.0
2026-07-25,wk inc covid hosp,1,2026-08-01,09,quantile,0.35,17.0
2026-07-25,wk inc covid hosp,1,2026-08-01,09,quantile,0.4,19.0
2026-07-25,wk inc covid hosp,1,2026-08-01,09,quantile,0.45,20.0
2026-07-25,wk inc covid hosp,1,2026-08-01,09,quantile,0.5,21.0
2026-07-25,wk inc covid hosp,1,2026-08-01,09,quantile,0.55,23.0
2026-07-25,wk inc covid hosp,1,2026-08-01,09,quantile,0.6,25.0
2026-07-25,wk inc covid hosp,1,2026-08-01,09,quantile,0.65,27.0
2026-07-25,wk inc covid hosp,1,2026-08-01,09,quantile,0.7,30.0
2026-07-25,wk inc covid hosp,1,2026-08-01,09,quantile,0.75,34.0
2026-07-25,wk inc covid hosp,1,2026-08-01,09,quantile,0.8,38.0
2026-07-25,wk inc covid hosp,1,2026-08-01,09,quantile,0.85,44.0
2026-07-25,wk inc covid hosp,1,2026-08-01,09,quantile,0.9,52.0
2026-07-25,wk inc covid hosp,1,2026-08-01,09,quantile,0.95,67.0
2026-07-25,wk inc covid hosp,1,2026-08-01,09,quantile,0.975,87.0
2026-07-25,wk inc covid hosp,1,2026-08-01,09,quantile,0.99,121.0
2026-07-25,wk inc covid hosp,1,2026-08-01,10,quantile,0.01,0.0
2026-07-25,wk inc covid hosp,1,2026-08-01,10,quantile,0.025,0.0
2026-07-25,wk inc covid hosp,1,2026-08-01,10,quantile,0.05,0.0
2026-07-25,wk inc covid hosp,1,2026-08-01,10,quantile,0.1,0.0
2026-07-25,wk inc covid hosp,1,2026-08-01,10,quantile,0.15,1.0
2026-07-25,wk inc covid hosp,1,2026-08-01,10,quantile,0.2,1.0
2026-07-25,wk inc covid hosp,1,2026-08-01,10,quantile,0.25,1.0
2026-07-25,wk inc covid hosp,1,2026-08-01,10,quantile,0.3,1.0
2026-07-25,wk inc covid hosp,1,2026-08-01,10,quantile,0.35,2.0
2026-07-25,wk inc covid hosp,1,2026-08-01,10,quantile,0.4,2.0
2026-07-25,wk inc covid hosp,1,2026-08-01,10,quantile,0.45,2.0
2026-07-25,wk inc covid hosp,1,2026-08-01,10,quantile,0.5,3.0
2026-07-25,wk inc covid hosp,1,2026-08-01,10,quantile,0.55,4.0
2026-07-25,wk inc covid hosp,1,2026-08-01,10,quantile,0.6,5.0
2026-07-25,wk inc covid hosp,1,2026-08-01,10,quantile,0.65,6.0
2026-07-25,wk inc covid hosp,1,2026-08-01,10,quantile,0.7,7.0
2026-07-25,wk inc covid hosp,1,2026-08-01,10,quantile,0.75,9.0
2026-07-25,wk inc covid hosp,1,2026-08-01,10,quantile,0.8,12.0
2026-07-25,wk inc covid hosp,1,2026-08-01,10,quantile,0.85,16.0
2026-07-25,wk inc covid hosp,1,2026-08-01,10,quantile,0.9,21.0
2026-07-25,wk inc covid hosp,1,2026-08-01,10,quantile,0.95,34.0
2026-07-25,wk inc covid hosp,1,2026-08-01,10,quantile,0.975,51.0
2026-07-25,wk inc covid hosp,1,2026-08-01,10,quantile,0.99,81.0
2026-07-25,wk inc covid hosp,1,2026-08-01,11,quantile,0.01,0.0
2026-07-25,wk inc covid hosp,1,2026-08-01,11,quantile,0.025,0.0
2026-07-25,wk inc covid hosp,1,2026-08-01,11,quantile,0.05,0.0
2026-07-25,wk inc covid hosp,1,2026-08-01,11,quantile,0.1,1.0
2026-07-25,wk inc covid hosp,1,2026-08-01,11,quantile,0.15,1.0
2026-07-25,wk inc covid hosp,1,2026-08-01,11,quantile,0.2,1.0
2026-07-25,wk inc covid hosp,1,2026-08-01,11,quantile,0.25,1.0
2026-07-25,wk inc covid hosp,1,2026-08-01,11,quantile,0.3,2.0
2026-07-25,wk inc covid hosp,1,2026-08-01,11,quantile,0.35,2.0
2026-07-25,wk inc covid hosp,1,2026-08-01,11,quantile,0.4,3.0
2026-07-25,wk inc covid hosp,1,2026-08-01,11,quantile,0.45,3.0
2026-07-25,wk inc covid hosp,1,2026-08-01,11,quantile,0.5,4.0
2026-07-25,wk inc covid hosp,1,2026-08-01,11,quantile,0.55,5.0
2026-07-25,wk inc covid hosp,1,2026-08-01,11,quantile,0.6,6.0
2026-07-25,wk inc covid hosp,1,2026-08-01,11,quantile,0.65,7.0
2026-07-25,wk inc covid hosp,1,2026-08-01,11,quantile,0.7,9.0
2026-07-25,wk inc covid hosp,1,2026-08-01,11,quantile,0.75,10.0
2026-07-25,wk inc covid hosp,1,2026-08-01,11,quantile,0.8,13.0
2026-07-25,wk inc covid hosp,1,2026-08-01,11,quantile,0.85,16.0
2026-07-25,wk inc covid hosp,1,2026-08-01,11,quantile,0.9,23.0
2026-07-25,wk inc covid hosp,1,2026-08-01,11,quantile,0.95,35.0
2026-07-25,wk inc covid hosp,1,2026-08-01,11,quantile,0.975,52.0
2026-07-25,wk inc covid hosp,1,2026-08-01,11,quantile,0.99,82.0
2026-07-25,wk inc covid hosp,1,2026-08-01,12,quantile,0.01,125.0
2026-07-25,wk inc covid hosp,1,2026-08-01,12,quantile,0.025,142.0
2026-07-25,wk inc covid hosp,1,2026-08-01,12,quantile,0.05,148.0
2026-07-25,wk inc covid hosp,1,2026-08-01,12,quantile,0.1,164.0
2026-07-25,wk inc covid hosp,1,2026-08-01,12,quantile,0.15,175.0
2026-07-25,wk inc covid hosp,1,2026-08-01,12,quantile,0.2,189.0
2026-07-25,wk inc covid hosp,1,2026-08-01,12,quantile,0.25,199.0
2026-07-25,wk inc covid hosp,1,2026-08-01,12,quantile,0.3,206.0
2026-07-25,wk inc covid hosp,1,2026-08-01,12,quantile,0.35,215.0
2026-07-25,wk inc covid hosp,1,2026-08-01,12,quantile,0.4,228.0
2026-07-25,wk inc covid hosp,1,2026-08-01,12,quantile,0.45,242.0
2026-07-25,wk inc covid hosp,1,2026-08-01,12,quantile,0.5,260.0
2026-07-25,wk inc covid hosp,1,2026-08-01,12,quantile,0.55,274.0
2026-07-25,wk inc covid hosp,1,2026-08-01,12,quantile,0.6,299.0
2026-07-25,wk inc covid hosp,1,2026-08-01,12,quantile,0.65,323.0
2026-07-25,wk inc covid hosp,1,2026-08-01,12,quantile,0.7,348.0
2026-07-25,wk inc covid hosp,1,2026-08-01,12,quantile,0.75,379.0
2026-07-25,wk inc covid hosp,1,2026-08-01,12,quantile,0.8,405.0
2026-07-25,wk inc covid hosp,1,2026-08-01,12,quantile,0.85,437.0
2026-07-25,wk inc covid hosp,1,2026-08-01,12,quantile,0.9,487.0
2026-07-25,wk inc covid hosp,1,2026-08-01,12,quantile,0.95,757.0
2026-07-25,wk inc covid hosp,1,2026-08-01,12,quantile,0.975,896.0
2026-07-25,wk inc covid hosp,1,2026-08-01,12,quantile,0.99,1025.0
2026-07-25,wk inc covid hosp,1,2026-08-01,13,quantile,0.01,19.0
2026-07-25,wk inc covid hosp,1,2026-08-01,13,quantile,0.025,29.0
2026-07-25,wk inc covid hosp,1,2026-08-01,13,quantile,0.05,32.0
2026-07-25,wk inc covid hosp,1,2026-08-01,13,quantile,0.1,36.0
2026-07-25,wk inc covid hosp,1,2026-08-01,13,quantile,0.15,41.0
2026-07-25,wk inc covid hosp,1,2026-08-01,13,quantile,0.2,45.0
2026-07-25,wk inc covid hosp,1,2026-08-01,13,quantile,0.25,48.0
2026-07-25,wk inc covid hosp,1,2026-08-01,13,quantile,0.3,50.0
2026-07-25,wk inc covid hosp,1,2026-08-01,13,quantile,0.35,53.0
2026-07-25,wk inc covid hosp,1,2026-08-01,13,quantile,0.4,57.0
2026-07-25,wk inc covid hosp,1,2026-08-01,13,quantile,0.45,62.0
2026-07-25,wk inc covid hosp,1,2026-08-01,13,quantile,0.5,69.0
2026-07-25,wk inc covid hosp,1,2026-08-01,13,quantile,0.55,84.0
2026-07-25,wk inc covid hosp,1,2026-08-01,13,quantile,0.6,102.0
2026-07-25,wk inc covid hosp,1,2026-08-01,13,quantile,0.65,110.0
2026-07-25,wk inc covid hosp,1,2026-08-01,13,quantile,0.7,120.0
2026-07-25,wk inc covid hosp,1,2026-08-01,13,quantile,0.75,128.0
2026-07-25,wk inc covid hosp,1,2026-08-01,13,quantile,0.8,151.0
2026-07-25,wk inc covid hosp,1,2026-08-01,13,quantile,0.85,173.0
2026-07-25,wk inc covid hosp,1,2026-08-01,13,quantile,0.9,201.0
2026-07-25,wk inc covid hosp,1,2026-08-01,13,quantile,0.95,366.0
2026-07-25,wk inc covid hosp,1,2026-08-01,13,quantile,0.975,454.0
2026-07-25,wk inc covid hosp,1,2026-08-01,13,quantile,0.99,529.0
2026-07-25,wk inc covid hosp,1,2026-08-01,15,quantile,0.01,1.0
2026-07-25,wk inc covid hosp,1,2026-08-01,15,quantile,0.025,1.0
2026-07-25,wk inc covid hosp,1,2026-08-01,15,quantile,0.05,2.0
2026-07-25,wk inc covid hosp,1,2026-08-01,15,quantile,0.1,3.0
2026-07-25,wk inc covid hosp,1,2026-08-01,15,quantile,0.15,3.0
2026-07-25,wk inc covid hosp,1,2026-08-01,15,quantile,0.2,4.0
2026-07-25,wk inc covid hosp,1,2026-08-01,15,quantile,0.25,5.0
2026-07-25,wk inc covid hosp,1,2026-08-01,15,quantile,0.3,5.0
2026-07-25,wk inc covid hosp,1,2026-08-01,15,quantile,0.35,6.0
2026-07-25,wk inc covid hosp,1,2026-08-01,15,quantile,0.4,7.0
2026-07-25,wk inc covid hosp,1,2026-08-01,15,quantile,0.45,8.0
2026-07-25,wk inc covid hosp,1,2026-08-01,15,quantile,0.5,9.0
2026-07-25,wk inc covid hosp,1,2026-08-01,15,quantile,0.55,10.0
2026-07-25,wk inc covid hosp,1,2026-08-01,15,quantile,0.6,12.0
2026-07-25,wk inc covid hosp,1,2026-08-01,15,quantile,0.65,13.0
2026-07-25,wk inc covid hosp,1,2026-08-01,15,quantile,0.7,16.0
2026-07-25,wk inc covid hosp,1,2026-08-01,15,quantile,0.75,19.0
2026-07-25,wk inc covid hosp,1,2026-08-01,15,quantile,0.8,23.0
2026-07-25,wk inc covid hosp,1,2026-08-01,15,quantile,0.85,27.0
2026-07-25,wk inc covid hosp,1,2026-08-01,15,quantile,0.9,34.0
2026-07-25,wk inc covid hosp,1,2026-08-01,15,quantile,0.95,70.0
2026-07-25,wk inc covid hosp,1,2026-08-01,15,quantile,0.975,112.0
2026-07-25,wk inc covid hosp,1,2026-08-01,15,quantile,0.99,160.0
2026-07-25,wk inc covid hosp,1,2026-08-01,16,quantile,0.01,2.0
2026-07-25,wk inc covid hosp,1,2026-08-01,16,quantile,0.025,3.0
2026-07-25,wk inc covid hosp,1,2026-08-01,16,quantile,0.05,3.0
2026-07-25,wk inc covid hosp,1,2026-08-01,16,quantile,0.1,4.0
2026-07-25,wk inc covid hosp,1,2026-08-01,16,quantile,0.15,5.0
2026-07-25,wk inc covid hosp,1,2026-08-01,16,quantile,0.2,6.0
2026-07-25,wk inc covid hosp,1,2026-08-01,16,quantile,0.25,7.0
2026-07-25,wk inc covid hosp,1,2026-08-01,16,quantile,0.3,7.0
2026-07-25,wk inc covid hosp,1,2026-08-01,16,quantile,0.35,8.0
2026-07-25,wk inc covid hosp,1,2026-08-01,16,quantile,0.4,8.0
2026-07-25,wk inc covid hosp,1,2026-08-01,16,quantile,0.45,9.0
2026-07-25,wk inc covid hosp,1,2026-08-01,16,quantile,0.5,11.0
2026-07-25,wk inc covid hosp,1,2026-08-01,16,quantile,0.55,12.0
2026-07-25,wk inc covid hosp,1,2026-08-01,16,quantile,0.6,14.0
2026-07-25,wk inc covid hosp,1,2026-08-01,16,quantile,0.65,16.0
2026-07-25,wk inc covid hosp,1,2026-08-01,16,quantile,0.7,18.0
2026-07-25,wk inc covid hosp,1,2026-08-01,16,quantile,0.75,20.0
2026-07-25,wk inc covid hosp,1,2026-08-01,16,quantile,0.8,23.0
2026-07-25,wk inc covid hosp,1,2026-08-01,16,quantile,0.85,28.0
2026-07-25,wk inc covid hosp,1,2026-08-01,16,quantile,0.9,36.0
2026-07-25,wk inc covid hosp,1,2026-08-01,16,quantile,0.95,54.0
2026-07-25,wk inc covid hosp,1,2026-08-01,16,quantile,0.975,77.0
2026-07-25,wk inc covid hosp,1,2026-08-01,16,quantile,0.99,112.0
2026-07-25,wk inc covid hosp,1,2026-08-01,17,quantile,0.01,20.0
2026-07-25,wk inc covid hosp,1,2026-08-01,17,quantile,0.025,24.0
2026-07-25,wk inc covid hosp,1,2026-08-01,17,quantile,0.05,25.0
2026-07-25,wk inc covid hosp,1,2026-08-01,17,quantile,0.1,32.0
2026-07-25,wk inc covid hosp,1,2026-08-01,17,quantile,0.15,34.0
2026-07-25,wk inc covid hosp,1,2026-08-01,17,quantile,0.2,37.0
2026-07-25,wk inc covid hosp,1,2026-08-01,17,quantile,0.25,41.0
2026-07-25,wk inc covid hosp,1,2026-08-01,17,quantile,0.3,43.0
2026-07-25,wk inc covid hosp,1,2026-08-01,17,quantile,0.35,46.0
2026-07-25,wk inc covid hosp,1,2026-08-01,17,quantile,0.4,48.0
2026-07-25,wk inc covid hosp,1,2026-08-01,17,quantile,0.45,50.0
2026-07-25,wk inc covid hosp,1,2026-08-01,17,quantile,0.5,53.0
2026-07-25,wk inc covid hosp,1,2026-08-01,17,quantile,0.55,57.0
2026-07-25,wk inc covid hosp,1,2026-08-01,17,quantile,0.6,65.0
2026-07-25,wk inc covid hosp,1,2026-08-01,17,quantile,0.65,71.0
2026-07-25,wk inc covid hosp,1,2026-08-01,17,quantile,0.7,76.0
2026-07-25,wk inc covid hosp,1,2026-08-01,17,quantile,0.75,85.0
2026-07-25,wk inc covid hosp,1,2026-08-01,17,quantile,0.8,101.0
2026-07-25,wk inc covid hosp,1,2026-08-01,17,quantile,0.85,111.0
2026-07-25,wk inc covid hosp,1,2026-08-01,17,quantile,0.9,124.0
2026-07-25,wk inc covid hosp,1,2026-08-01,17,quantile,0.95,140.0
2026-07-25,wk inc covid hosp,1,2026-08-01,17,quantile,0.975,165.0
2026-07-25,wk inc covid hosp,1,2026-08-01,17,quantile,0.99,196.0
2026-07-25,wk inc covid hosp,1,2026-08-01,18,quantile,0.01,2.0
2026-07-25,wk inc covid hosp,1,2026-08-01,18,quantile,0.025,2.0
2026-07-25,wk inc covid hosp,1,2026-08-01,18,quantile,0.05,3.0
2026-07-25,wk inc covid hosp,1,2026-08-01,18,quantile,0.1,5.0
2026-07-25,wk inc covid hosp,1,2026-08-01,18,quantile,0.15,6.0
2026-07-25,wk inc covid hosp,1,2026-08-01,18,quantile,0.2,7.0
2026-07-25,wk inc covid hosp,1,2026-08-01,18,quantile,0.25,8.0
2026-07-25,wk inc covid hosp,1,2026-08-01,18,quantile,0.3,10.0
2026-07-25,wk inc covid hosp,1,2026-08-01,18,quantile,0.35,11.0
2026-07-25,wk inc covid hosp,1,2026-08-01,18,quantile,0.4,12.0
2026-07-25,wk inc covid hosp,1,2026-08-01,18,quantile,0.45,14.0
2026-07-25,wk inc covid hosp,1,2026-08-01,18,quantile,0.5,17.0
2026-07-25,wk inc covid hosp,1,2026-08-01,18,quantile,0.55,19.0
2026-07-25,wk inc covid hosp,1,2026-08-01,18,quantile,0.6,23.0
2026-07-25,wk inc covid hosp,1,2026-08-01,18,quantile,0.65,26.0
2026-07-25,wk inc covid hosp,1,2026-08-01,18,quantile,0.7,30.0
2026-07-25,wk inc covid hosp,1,2026-08-01,18,quantile,0.75,34.0
2026-07-25,wk inc covid hosp,1,2026-08-01,18,quantile,0.8,41.0
2026-07-25,wk inc covid hosp,1,2026-08-01,18,quantile,0.85,52.0
2026-07-25,wk inc covid hosp,1,2026-08-01,18,quantile,0.9,61.0
2026-07-25,wk inc covid hosp,1,2026-08-01,18,quantile,0.95,98.0
2026-07-25,wk inc covid hosp,1,2026-08-01,18,quantile,0.975,128.0
2026-07-25,wk inc covid hosp,1,2026-08-01,18,quantile,0.99,164.0
2026-07-25,wk inc covid hosp,1,2026-08-01,19,quantile,0.01,0.0
2026-07-25,wk inc covid hosp,1,2026-08-01,19,quantile,0.025,0.0
2026-07-25,wk inc covid hosp,1,2026-08-01,19,quantile,0.05,1.0
2026-07-25,wk inc covid hosp,1,2026-08-01,19,quantile,0.1,1.0
2026-07-25,wk inc covid hosp,1,2026-08-01,19,quantile,0.15,2.0
2026-07-25,wk inc covid hosp,1,2026-08-01,19,quantile,0.2,2.0
2026-07-25,wk inc covid hosp,1,2026-08-01,19,quantile,0.25,3.0
2026-07-25,wk inc covid hosp,1,2026-08-01,19,quantile,0.3,3.0
2026-07-25,wk inc covid hosp,1,2026-08-01,19,quantile,0.35,4.0
2026-07-25,wk inc covid hosp,1,2026-08-01,19,quantile,0.4,5.0
2026-07-25,wk inc covid hosp,1,2026-08-01,19,quantile,0.45,6.0
2026-07-25,wk inc covid hosp,1,2026-08-01,19,quantile,0.5,7.0
2026-07-25,wk inc covid hosp,1,2026-08-01,19,quantile,0.55,8.0
2026-07-25,wk inc covid hosp,1,2026-08-01,19,quantile,0.6,10.0
2026-07-25,wk inc covid hosp,1,2026-08-01,19,quantile,0.65,14.0
2026-07-25,wk inc covid hosp,1,2026-08-01,19,quantile,0.7,17.0
2026-07-25,wk inc covid hosp,1,2026-08-01,19,quantile,0.75,21.0
2026-07-25,wk inc covid hosp,1,2026-08-01,19,quantile,0.8,24.0
2026-07-25,wk inc covid hosp,1,2026-08-01,19,quantile,0.85,28.0
2026-07-25,wk inc covid hosp,1,2026-08-01,19,quantile,0.9,36.0
2026-07-25,wk inc covid hosp,1,2026-08-01,19,quantile,0.95,52.0
2026-07-25,wk inc covid hosp,1,2026-08-01,19,quantile,0.975,72.0
2026-07-25,wk inc covid hosp,1,2026-08-01,19,quantile,0.99,105.0
2026-07-25,wk inc covid hosp,1,2026-08-01,20,quantile,0.01,2.0
2026-07-25,wk inc covid hosp,1,2026-08-01,20,quantile,0.025,3.0
2026-07-25,wk inc covid hosp,1,2026-08-01,20,quantile,0.05,3.0
2026-07-25,wk inc covid hosp,1,2026-08-01,20,quantile,0.1,4.0
2026-07-25,wk inc covid hosp,1,2026-08-01,20,quantile,0.15,5.0
2026-07-25,wk inc covid hosp,1,2026-08-01,20,quantile,0.2,6.0
2026-07-25,wk inc covid hosp,1,2026-08-01,20,quantile,0.25,7.0
2026-07-25,wk inc covid hosp,1,2026-08-01,20,quantile,0.3,8.0
2026-07-25,wk inc covid hosp,1,2026-08-01,20,quantile,0.35,9.0
2026-07-25,wk inc covid hosp,1,2026-08-01,20,quantile,0.4,10.0
2026-07-25,wk inc covid hosp,1,2026-08-01,20,quantile,0.45,11.0
2026-07-25,wk inc covid hosp,1,2026-08-01,20,quantile,0.5,12.0
2026-07-25,wk inc covid hosp,1,2026-08-01,20,quantile,0.55,15.0
2026-07-25,wk inc covid hosp,1,2026-08-01,20,quantile,0.6,18.0
2026-07-25,wk inc covid hosp,1,2026-08-01,20,quantile,0.65,20.0
2026-07-25,wk inc covid hosp,1,2026-08-01,20,quantile,0.7,23.0
2026-07-25,wk inc covid hosp,1,2026-08-01,20,quantile,0.75,26.0
2026-07-25,wk inc covid hosp,1,2026-08-01,20,quantile,0.8,30.0
2026-07-25,wk inc covid hosp,1,2026-08-01,20,quantile,0.85,36.0
2026-07-25,wk inc covid hosp,1,2026-08-01,20,quantile,0.9,46.0
2026-07-25,wk inc covid hosp,1,2026-08-01,20,quantile,0.95,69.0
2026-07-25,wk inc covid hosp,1,2026-08-01,20,quantile,0.975,88.0
2026-07-25,wk inc covid hosp,1,2026-08-01,20,quantile,0.99,119.0
2026-07-25,wk inc covid hosp,1,2026-08-01,21,quantile,0.01,1.0
2026-07-25,wk inc covid hosp,1,2026-08-01,21,quantile,0.025,2.0
2026-07-25,wk inc covid hosp,1,2026-08-01,21,quantile,0.05,4.0
2026-07-25,wk inc covid hosp,1,2026-08-01,21,quantile,0.1,5.0
2026-07-25,wk inc covid hosp,1,2026-08-01,21,quantile,0.15,6.0
2026-07-25,wk inc covid hosp,1,2026-08-01,21,quantile,0.2,7.0
2026-07-25,wk inc covid hosp,1,2026-08-01,21,quantile,0.25,8.0
2026-07-25,wk inc covid hosp,1,2026-08-01,21,quantile,0.3,9.0
2026-07-25,wk inc covid hosp,1,2026-08-01,21,quantile,0.35,11.0
2026-07-25,wk inc covid hosp,1,2026-08-01,21,quantile,0.4,12.0
2026-07-25,wk inc covid hosp,1,2026-08-01,21,quantile,0.45,13.0
2026-07-25,wk inc covid hosp,1,2026-08-01,21,quantile,0.5,17.0
2026-07-25,wk inc covid hosp,1,2026-08-01,21,quantile,0.55,23.0
2026-07-25,wk inc covid hosp,1,2026-08-01,21,quantile,0.6,30.0
2026-07-25,wk inc covid hosp,1,2026-08-01,21,quantile,0.65,34.0
2026-07-25,wk inc covid hosp,1,2026-08-01,21,quantile,0.7,41.0
2026-07-25,wk inc covid hosp,1,2026-08-01,21,quantile,0.75,47.0
2026-07-25,wk inc covid hosp,1,2026-08-01,21,quantile,0.8,53.0
2026-07-25,wk inc covid hosp,1,2026-08-01,21,quantile,0.85,68.0
2026-07-25,wk inc covid hosp,1,2026-08-01,21,quantile,0.9,95.0
2026-07-25,wk inc covid hosp,1,2026-08-01,21,quantile,0.95,142.0
2026-07-25,wk inc covid hosp,1,2026-08-01,21,quantile,0.975,203.0
2026-07-25,wk inc covid hosp,1,2026-08-01,21,quantile,0.99,257.0
2026-07-25,wk inc covid hosp,1,2026-08-01,22,quantile,0.01,14.0
2026-07-25,wk inc covid hosp,1,2026-08-01,22,quantile,0.025,17.0
2026-07-25,wk inc covid hosp,1,2026-08-01,22,quantile,0.05,18.0
2026-07-25,wk inc covid hosp,1,2026-08-01,22,quantile,0.1,21.0
2026-07-25,wk inc covid hosp,1,2026-08-01,22,quantile,0.15,24.0
2026-07-25,wk inc covid hosp,1,2026-08-01,22,quantile,0.2,26.0
2026-07-25,wk inc covid hosp,1,2026-08-01,22,quantile,0.25,28.0
2026-07-25,wk inc covid hosp,1,2026-08-01,22,quantile,0.3,30.0
2026-07-25,wk inc covid hosp,1,2026-08-01,22,quantile,0.35,32.0
2026-07-25,wk inc covid hosp,1,2026-08-01,22,quantile,0.4,35.0
2026-07-25,wk inc covid hosp,1,2026-08-01,22,quantile,0.45,38.0
2026-07-25,wk inc covid hosp,1,2026-08-01,22,quantile,0.5,41.0
2026-07-25,wk inc covid hosp,1,2026-08-01,22,quantile,0.55,46.0
2026-07-25,wk inc covid hosp,1,2026-08-01,22,quantile,0.6,50.0
2026-07-25,wk inc covid hosp,1,2026-08-01,22,quantile,0.65,56.0
2026-07-25,wk inc covid hosp,1,2026-08-01,22,quantile,0.7,66.0
2026-07-25,wk inc covid hosp,1,2026-08-01,22,quantile,0.75,71.0
2026-07-25,wk inc covid hosp,1,2026-08-01,22,quantile,0.8,79.0
2026-07-25,wk inc covid hosp,1,2026-08-01,22,quantile,0.85,91.0
2026-07-25,wk inc covid hosp,1,2026-08-01,22,quantile,0.9,109.0
2026-07-25,wk inc covid hosp,1,2026-08-01,22,quantile,0.95,157.0
2026-07-25,wk inc covid hosp,1,2026-08-01,22,quantile,0.975,238.0
2026-07-25,wk inc covid hosp,1,2026-08-01,22,quantile,0.99,306.0
2026-07-25,wk inc covid hosp,1,2026-08-01,23,quantile,0.01,0.0
2026-07-25,wk inc covid hosp,1,2026-08-01,23,quantile,0.025,0.0
2026-07-25,wk inc covid hosp,1,2026-08-01,23,quantile,0.05,0.0
2026-07-25,wk inc covid hosp,1,2026-08-01,23,quantile,0.1,0.0
2026-07-25,wk inc covid hosp,1,2026-08-01,23,quantile,0.15,0.0
2026-07-25,wk inc covid hosp,1,2026-08-01,23,quantile,0.2,1.0
2026-07-25,wk inc covid hosp,1,2026-08-01,23,quantile,0.25,1.0
2026-07-25,wk inc covid hosp,1,2026-08-01,23,quantile,0.3,1.0
2026-07-25,wk inc covid hosp,1,2026-08-01,23,quantile,0.35,1.0
2026-07-25,wk inc covid hosp,1,2026-08-01,23,quantile,0.4,2.0
2026-07-25,wk inc covid hosp,1,2026-08-01,23,quantile,0.45,2.0
2026-07-25,wk inc covid hosp,1,2026-08-01,23,quantile,0.5,2.0
2026-07-25,wk inc covid hosp,1,2026-08-01,23,quantile,0.55,3.0
2026-07-25,wk inc covid hosp,1,2026-08-01,23,quantile,0.6,4.0
2026-07-25,wk inc covid hosp,1,2026-08-01,23,quantile,0.65,5.0
2026-07-25,wk inc covid hosp,1,2026-08-01,23,quantile,0.7,7.0
2026-07-25,wk inc covid hosp,1,2026-08-01,23,quantile,0.75,9.0
2026-07-25,wk inc covid hosp,1,2026-08-01,23,quantile,0.8,11.0
2026-07-25,wk inc covid hosp,1,2026-08-01,23,quantile,0.85,15.0
2026-07-25,wk inc covid hosp,1,2026-08-01,23,quantile,0.9,21.0
2026-07-25,wk inc covid hosp,1,2026-08-01,23,quantile,0.95,33.0
2026-07-25,wk inc covid hosp,1,2026-08-01,23,quantile,0.975,51.0
2026-07-25,wk inc covid hosp,1,2026-08-01,23,quantile,0.99,83.0
2026-07-25,wk inc covid hosp,1,2026-08-01,24,quantile,0.01,1.0
2026-07-25,wk inc covid hosp,1,2026-08-01,24,quantile,0.025,1.0
2026-07-25,wk inc covid hosp,1,2026-08-01,24,quantile,0.05,1.0
2026-07-25,wk inc covid hosp,1,2026-08-01,24,quantile,0.1,3.0
2026-07-25,wk inc covid hosp,1,2026-08-01,24,quantile,0.15,4.0
2026-07-25,wk inc covid hosp,1,2026-08-01,24,quantile,0.2,4.0
2026-07-25,wk inc covid hosp,1,2026-08-01,24,quantile,0.25,5.0
2026-07-25,wk inc covid hosp,1,2026-08-01,24,quantile,0.3,5.0
2026-07-25,wk inc covid hosp,1,2026-08-01,24,quantile,0.35,6.0
2026-07-25,wk inc covid hosp,1,2026-08-01,24,quantile,0.4,7.0
2026-07-25,wk inc covid hosp,1,2026-08-01,24,quantile,0.45,8.0
2026-07-25,wk inc covid hosp,1,2026-08-01,24,quantile,0.5,9.0
2026-07-25,wk inc covid hosp,1,2026-08-01,24,quantile,0.55,11.0
2026-07-25,wk inc covid hosp,1,2026-08-01,24,quantile,0.6,15.0
2026-07-25,wk inc covid hosp,1,2026-08-01,24,quantile,0.65,18.0
2026-07-25,wk inc covid hosp,1,2026-08-01,24,quantile,0.7,20.0
2026-07-25,wk inc covid hosp,1,2026-08-01,24,quantile,0.75,24.0
2026-07-25,wk inc covid hosp,1,2026-08-01,24,quantile,0.8,29.0
2026-07-25,wk inc covid hosp,1,2026-08-01,24,quantile,0.85,35.0
2026-07-25,wk inc covid hosp,1,2026-08-01,24,quantile,0.9,42.0
2026-07-25,wk inc covid hosp,1,2026-08-01,24,quantile,0.95,56.0
2026-07-25,wk inc covid hosp,1,2026-08-01,24,quantile,0.975,74.0
2026-07-25,wk inc covid hosp,1,2026-08-01,24,quantile,0.99,105.0
2026-07-25,wk inc covid hosp,1,2026-08-01,25,quantile,0.01,1.0
2026-07-25,wk inc covid hosp,1,2026-08-01,25,quantile,0.025,5.0
2026-07-25,wk inc covid hosp,1,2026-08-01,25,quantile,0.05,7.0
2026-07-25,wk inc covid hosp,1,2026-08-01,25,quantile,0.1,7.0
2026-07-25,wk inc covid hosp,1,2026-08-01,25,quantile,0.15,8.0
2026-07-25,wk inc covid hosp,1,2026-08-01,25,quantile,0.2,9.0
2026-07-25,wk inc covid hosp,1,2026-08-01,25,quantile,0.25,12.0
2026-07-25,wk inc covid hosp,1,2026-08-01,25,quantile,0.3,13.0
2026-07-25,wk inc covid hosp,1,2026-08-01,25,quantile,0.35,15.0
2026-07-25,wk inc covid hosp,1,2026-08-01,25,quantile,0.4,16.0
2026-07-25,wk inc covid hosp,1,2026-08-01,25,quantile,0.45,18.0
2026-07-25,wk inc covid hosp,1,2026-08-01,25,quantile,0.5,20.0
2026-07-25,wk inc covid hosp,1,2026-08-01,25,quantile,0.55,22.0
2026-07-25,wk inc covid hosp,1,2026-08-01,25,quantile,0.6,24.0
2026-07-25,wk inc covid hosp,1,2026-08-01,25,quantile,0.65,27.0
2026-07-25,wk inc covid hosp,1,2026-08-01,25,quantile,0.7,35.0
2026-07-25,wk inc covid hosp,1,2026-08-01,25,quantile,0.75,41.0
2026-07-25,wk inc covid hosp,1,2026-08-01,25,quantile,0.8,45.0
2026-07-25,wk inc covid hosp,1,2026-08-01,25,quantile,0.85,51.0
2026-07-25,wk inc covid hosp,1,2026-08-01,25,quantile,0.9,58.0
2026-07-25,wk inc covid hosp,1,2026-08-01,25,quantile,0.95,73.0
2026-07-25,wk inc covid hosp,1,2026-08-01,25,quantile,0.975,94.0
2026-07-25,wk inc covid hosp,1,2026-08-01,25,quantile,0.99,132.0
2026-07-25,wk inc covid hosp,1,2026-08-01,26,quantile,0.01,4.0
2026-07-25,wk inc covid hosp,1,2026-08-01,26,quantile,0.025,5.0
2026-07-25,wk inc covid hosp,1,2026-08-01,26,quantile,0.05,7.0
2026-07-25,wk inc covid hosp,1,2026-08-01,26,quantile,0.1,9.0
2026-07-25,wk inc covid hosp,1,2026-08-01,26,quantile,0.15,11.0
2026-07-25,wk inc covid hosp,1,2026-08-01,26,quantile,0.2,12.0
2026-07-25,wk inc covid hosp,1,2026-08-01,26,quantile,0.25,14.0
2026-07-25,wk inc covid hosp,1,2026-08-01,26,quantile,0.3,16.0
2026-07-25,wk inc covid hosp,1,2026-08-01,26,quantile,0.35,17.0
2026-07-25,wk inc covid hosp,1,2026-08-01,26,quantile,0.4,19.0
2026-07-25,wk inc covid hosp,1,2026-08-01,26,quantile,0.45,21.0
2026-07-25,wk inc covid hosp,1,2026-08-01,26,quantile,0.5,24.0
2026-07-25,wk inc covid hosp,1,2026-08-01,26,quantile,0.55,26.0
2026-07-25,wk inc covid hosp,1,2026-08-01,26,quantile,0.6,29.0
2026-07-25,wk inc covid hosp,1,2026-08-01,26,quantile,0.65,31.0
2026-07-25,wk inc covid hosp,1,2026-08-01,26,quantile,0.7,35.0
2026-07-25,wk inc covid hosp,1,2026-08-01,26,quantile,0.75,42.0
2026-07-25,wk inc covid hosp,1,2026-08-01,26,quantile,0.8,50.0
2026-07-25,wk inc covid hosp,1,2026-08-01,26,quantile,0.85,59.0
2026-07-25,wk inc covid hosp,1,2026-08-01,26,quantile,0.9,69.0
2026-07-25,wk inc covid hosp,1,2026-08-01,26,quantile,0.95,82.0
2026-07-25,wk inc covid hosp,1,2026-08-01,26,quantile,0.975,106.0
2026-07-25,wk inc covid hosp,1,2026-08-01,26,quantile,0.99,142.0
2026-07-25,wk inc covid hosp,1,2026-08-01,27,quantile,0.01,2.0
2026-07-25,wk inc covid hosp,1,2026-08-01,27,quantile,0.025,2.0
2026-07-25,wk inc covid hosp,1,2026-08-01,27,quantile,0.05,3.0
2026-07-25,wk inc covid hosp,1,2026-08-01,27,quantile,0.1,3.0
2026-07-25,wk inc covid hosp,1,2026-08-01,27,quantile,0.15,4.0
2026-07-25,wk inc covid hosp,1,2026-08-01,27,quantile,0.2,5.0
2026-07-25,wk inc covid hosp,1,2026-08-01,27,quantile,0.25,6.0
2026-07-25,wk inc covid hosp,1,2026-08-01,27,quantile,0.3,7.0
2026-07-25,wk inc covid hosp,1,2026-08-01,27,quantile,0.35,8.0
2026-07-25,wk inc covid hosp,1,2026-08-01,27,quantile,0.4,9.0
2026-07-25,wk inc covid hosp,1,2026-08-01,27,quantile,0.45,11.0
2026-07-25,wk inc covid hosp,1,2026-08-01,27,quantile,0.5,12.0
2026-07-25,wk inc covid hosp,1,2026-08-01,27,quantile,0.55,14.0
2026-07-25,wk inc covid hosp,1,2026-08-01,27,quantile,0.6,17.0
2026-07-25,wk inc covid hosp,1,2026-08-01,27,quantile,0.65,20.0
2026-07-25,wk inc covid hosp,1,2026-08-01,27,quantile,0.7,23.0
2026-07-25,wk inc covid hosp,1,2026-08-01,27,quantile,0.75,28.0
2026-07-25,wk inc covid hosp,1,2026-08-01,27,quantile,0.8,33.0
2026-07-25,wk inc covid hosp,1,2026-08-01,27,quantile,0.85,38.0
2026-07-25,wk inc covid hosp,1,2026-08-01,27,quantile,0.9,44.0
2026-07-25,wk inc covid hosp,1,2026-08-01,27,quantile,0.95,59.0
2026-07-25,wk inc covid hosp,1,2026-08-01,27,quantile,0.975,78.0
2026-07-25,wk inc covid hosp,1,2026-08-01,27,quantile,0.99,110.0
2026-07-25,wk inc covid hosp,1,2026-08-01,28,quantile,0.01,6.0
2026-07-25,wk inc covid hosp,1,2026-08-01,28,quantile,0.025,6.0
2026-07-25,wk inc covid hosp,1,2026-08-01,28,quantile,0.05,7.0
2026-07-25,wk inc covid hosp,1,2026-08-01,28,quantile,0.1,10.0
2026-07-25,wk inc covid hosp,1,2026-08-01,28,quantile,0.15,11.0
2026-07-25,wk inc covid hosp,1,2026-08-01,28,quantile,0.2,12.0
2026-07-25,wk inc covid hosp,1,2026-08-01,28,quantile,0.25,13.0
2026-07-25,wk inc covid hosp,1,2026-08-01,28,quantile,0.3,14.0
2026-07-25,wk inc covid hosp,1,2026-08-01,28,quantile,0.35,15.0
2026-07-25,wk inc covid hosp,1,2026-08-01,28,quantile,0.4,17.0
2026-07-25,wk inc covid hosp,1,2026-08-01,28,quantile,0.45,18.0
2026-07-25,wk inc covid hosp,1,2026-08-01,28,quantile,0.5,20.0
2026-07-25,wk inc covid hosp,1,2026-08-01,28,quantile,0.55,23.0
2026-07-25,wk inc covid hosp,1,2026-08-01,28,quantile,0.6,25.0
2026-07-25,wk inc covid hosp,1,2026-08-01,28,quantile,0.65,28.0
2026-07-25,wk inc covid hosp,1,2026-08-01,28,quantile,0.7,32.0
2026-07-25,wk inc covid hosp,1,2026-08-01,28,quantile,0.75,37.0
2026-07-25,wk inc covid hosp,1,2026-08-01,28,quantile,0.8,43.0
2026-07-25,wk inc covid hosp,1,2026-08-01,28,quantile,0.85,49.0
2026-07-25,wk inc covid hosp,1,2026-08-01,28,quantile,0.9,60.0
2026-07-25,wk inc covid hosp,1,2026-08-01,28,quantile,0.95,80.0
2026-07-25,wk inc covid hosp,1,2026-08-01,28,quantile,0.975,114.0
2026-07-25,wk inc covid hosp,1,2026-08-01,28,quantile,0.99,150.0
2026-07-25,wk inc covid hosp,1,2026-08-01,29,quantile,0.01,1.0
2026-07-25,wk inc covid hosp,1,2026-08-01,29,quantile,0.025,2.0
2026-07-25,wk inc covid hosp,1,2026-08-01,29,quantile,0.05,2.0
2026-07-25,wk inc covid hosp,1,2026-08-01,29,quantile,0.1,4.0
2026-07-25,wk inc covid hosp,1,2026-08-01,29,quantile,0.15,4.0
2026-07-25,wk inc covid hosp,1,2026-08-01,29,quantile,0.2,5.0
2026-07-25,wk inc covid hosp,1,2026-08-01,29,quantile,0.25,6.0
2026-07-25,wk inc covid hosp,1,2026-08-01,29,quantile,0.3,7.0
2026-07-25,wk inc covid hosp,1,2026-08-01,29,quantile,0.35,8.0
2026-07-25,wk inc covid hosp,1,2026-08-01,29,quantile,0.4,9.0
2026-07-25,wk inc covid hosp,1,2026-08-01,29,quantile,0.45,10.0
2026-07-25,wk inc covid hosp,1,2026-08-01,29,quantile,0.5,12.0
2026-07-25,wk inc covid hosp,1,2026-08-01,29,quantile,0.55,22.0
2026-07-25,wk inc covid hosp,1,2026-08-01,29,quantile,0.6,25.0
2026-07-25,wk inc covid hosp,1,2026-08-01,29,quantile,0.65,30.0
2026-07-25,wk inc covid hosp,1,2026-08-01,29,quantile,0.7,34.0
2026-07-25,wk inc covid hosp,1,2026-08-01,29,quantile,0.75,37.0
2026-07-25,wk inc covid hosp,1,2026-08-01,29,quantile,0.8,43.0
2026-07-25,wk inc covid hosp,1,2026-08-01,29,quantile,0.85,50.0
2026-07-25,wk inc covid hosp,1,2026-08-01,29,quantile,0.9,61.0
2026-07-25,wk inc covid hosp,1,2026-08-01,29,quantile,0.95,85.0
2026-07-25,wk inc covid hosp,1,2026-08-01,29,quantile,0.975,112.0
2026-07-25,wk inc covid hosp,1,2026-08-01,29,quantile,0.99,146.0
2026-07-25,wk inc covid hosp,1,2026-08-01,30,quantile,0.01,0.0
2026-07-25,wk inc covid hosp,1,2026-08-01,30,quantile,0.025,0.0
2026-07-25,wk inc covid hosp,1,2026-08-01,30,quantile,0.05,0.0
2026-07-25,wk inc covid hosp,1,2026-08-01,30,quantile,0.1,1.0
2026-07-25,wk inc covid hosp,1,2026-08-01,30,quantile,0.15,1.0
2026-07-25,wk inc covid hosp,1,2026-08-01,30,quantile,0.2,2.0
2026-07-25,wk inc covid hosp,1,2026-08-01,30,quantile,0.25,2.0
2026-07-25,wk inc covid hosp,1,2026-08-01,30,quantile,0.3,3.0
2026-07-25,wk inc covid hosp,1,2026-08-01,30,quantile,0.35,3.0
2026-07-25,wk inc covid hosp,1,2026-08-01,30,quantile,0.4,3.0
2026-07-25,wk inc covid hosp,1,2026-08-01,30,quantile,0.45,4.0
2026-07-25,wk inc covid hosp,1,2026-08-01,30,quantile,0.5,5.0
2026-07-25,wk inc covid hosp,1,2026-08-01,30,quantile,0.55,6.0
2026-07-25,wk inc covid hosp,1,2026-08-01,30,quantile,0.6,8.0
2026-07-25,wk inc covid hosp,1,2026-08-01,30,quantile,0.65,9.0
2026-07-25,wk inc covid hosp,1,2026-08-01,30,quantile,0.7,11.0
2026-07-25,wk inc covid hosp,1,2026-08-01,30,quantile,0.75,14.0
2026-07-25,wk inc covid hosp,1,2026-08-01,30,quantile,0.8,16.0
2026-07-25,wk inc covid hosp,1,2026-08-01,30,quantile,0.85,20.0
2026-07-25,wk inc covid hosp,1,2026-08-01,30,quantile,0.9,27.0
2026-07-25,wk inc covid hosp,1,2026-08-01,30,quantile,0.95,46.0
2026-07-25,wk inc covid hosp,1,2026-08-01,30,quantile,0.975,71.0
2026-07-25,wk inc covid hosp,1,2026-08-01,30,quantile,0.99,106.0
2026-07-25,wk inc covid hosp,1,2026-08-01,31,quantile,0.01,0.0
2026-07-25,wk inc covid hosp,1,2026-08-01,31,quantile,0.025,0.0
2026-07-25,wk inc covid hosp,1,2026-08-01,31,quantile,0.05,1.0
2026-07-25,wk inc covid hosp,1,2026-08-01,31,quantile,0.1,1.0
2026-07-25,wk inc covid hosp,1,2026-08-01,31,quantile,0.15,2.0
2026-07-25,wk inc covid hosp,1,2026-08-01,31,quantile,0.2,2.0
2026-07-25,wk inc covid hosp,1,2026-08-01,31,quantile,0.25,3.0
2026-07-25,wk inc covid hosp,1,2026-08-01,31,quantile,0.3,3.0
2026-07-25,wk inc covid hosp,1,2026-08-01,31,quantile,0.35,4.0
2026-07-25,wk inc covid hosp,1,2026-08-01,31,quantile,0.4,4.0
2026-07-25,wk inc covid hosp,1,2026-08-01,31,quantile,0.45,5.0
2026-07-25,wk inc covid hosp,1,2026-08-01,31,quantile,0.5,6.0
2026-07-25,wk inc covid hosp,1,2026-08-01,31,quantile,0.55,7.0
2026-07-25,wk inc covid hosp,1,2026-08-01,31,quantile,0.6,8.0
2026-07-25,wk inc covid hosp,1,2026-08-01,31,quantile,0.65,10.0
2026-07-25,wk inc covid hosp,1,2026-08-01,31,quantile,0.7,13.0
2026-07-25,wk inc covid hosp,1,2026-08-01,31,quantile,0.75,16.0
2026-07-25,wk inc covid hosp,1,2026-08-01,31,quantile,0.8,19.0
2026-07-25,wk inc covid hosp,1,2026-08-01,31,quantile,0.85,23.0
2026-07-25,wk inc covid hosp,1,2026-08-01,31,quantile,0.9,29.0
2026-07-25,wk inc covid hosp,1,2026-08-01,31,quantile,0.95,44.0
2026-07-25,wk inc covid hosp,1,2026-08-01,31,quantile,0.975,63.0
2026-07-25,wk inc covid hosp,1,2026-08-01,31,quantile,0.99,95.0
2026-07-25,wk inc covid hosp,1,2026-08-01,32,quantile,0.01,3.0
2026-07-25,wk inc covid hosp,1,2026-08-01,32,quantile,0.025,4.0
2026-07-25,wk inc covid hosp,1,2026-08-01,32,quantile,0.05,8.0
2026-07-25,wk inc covid hosp,1,2026-08-01,32,quantile,0.1,9.0
2026-07-25,wk inc covid hosp,1,2026-08-01,32,quantile,0.15,10.0
2026-07-25,wk inc covid hosp,1,2026-08-01,32,quantile,0.2,11.0
2026-07-25,wk inc covid hosp,1,2026-08-01,32,quantile,0.25,12.0
2026-07-25,wk inc covid hosp,1,2026-08-01,32,quantile,0.3,13.0
2026-07-25,wk inc covid hosp,1,2026-08-01,32,quantile,0.35,15.0
2026-07-25,wk inc covid hosp,1,2026-08-01,32,quantile,0.4,16.0
2026-07-25,wk inc covid hosp,1,2026-08-01,32,quantile,0.45,18.0
2026-07-25,wk inc covid hosp,1,2026-08-01,32,quantile,0.5,20.0
2026-07-25,wk inc covid hosp,1,2026-08-01,32,quantile,0.55,23.0
2026-07-25,wk inc covid hosp,1,2026-08-01,32,quantile,0.6,25.0
2026-07-25,wk inc covid hosp,1,2026-08-01,32,quantile,0.65,29.0
2026-07-25,wk inc covid hosp,1,2026-08-01,32,quantile,0.7,35.0
2026-07-25,wk inc covid hosp,1,2026-08-01,32,quantile,0.75,42.0
2026-07-25,wk inc covid hosp,1,2026-08-01,32,quantile,0.8,49.0
2026-07-25,wk inc covid hosp,1,2026-08-01,32,quantile,0.85,57.0
2026-07-25,wk inc covid hosp,1,2026-08-01,32,quantile,0.9,74.0
2026-07-25,wk inc covid hosp,1,2026-08-01,32,quantile,0.95,94.0
2026-07-25,wk inc covid hosp,1,2026-08-01,32,quantile,0.975,121.0
2026-07-25,wk inc covid hosp,1,2026-08-01,32,quantile,0.99,157.0
2026-07-25,wk inc covid hosp,1,2026-08-01,33,quantile,0.01,0.0
2026-07-25,wk inc covid hosp,1,2026-08-01,33,quantile,0.025,0.0
2026-07-25,wk inc covid hosp,1,2026-08-01,33,quantile,0.05,0.0
2026-07-25,wk inc covid hosp,1,2026-08-01,33,quantile,0.1,1.0
2026-07-25,wk inc covid hosp,1,2026-08-01,33,quantile,0.15,1.0
2026-07-25,wk inc covid hosp,1,2026-08-01,33,quantile,0.2,2.0
2026-07-25,wk inc covid hosp,1,2026-08-01,33,quantile,0.25,2.0
2026-07-25,wk inc covid hosp,1,2026-08-01,33,quantile,0.3,2.0
2026-07-25,wk inc covid hosp,1,2026-08-01,33,quantile,0.35,3.0
2026-07-25,wk inc covid hosp,1,2026-08-01,33,quantile,0.4,3.0
2026-07-25,wk inc covid hosp,1,2026-08-01,33,quantile,0.45,4.0
2026-07-25,wk inc covid hosp,1,2026-08-01,33,quantile,0.5,5.0
2026-07-25,wk inc covid hosp,1,2026-08-01,33,quantile,0.55,6.0
2026-07-25,wk inc covid hosp,1,2026-08-01,33,quantile,0.6,6.0
2026-07-25,wk inc covid hosp,1,2026-08-01,33,quantile,0.65,8.0
2026-07-25,wk inc covid hosp,1,2026-08-01,33,quantile,0.7,10.0
2026-07-25,wk inc covid hosp,1,2026-08-01,33,quantile,0.75,13.0
2026-07-25,wk inc covid hosp,1,2026-08-01,33,quantile,0.8,15.0
2026-07-25,wk inc covid hosp,1,2026-08-01,33,quantile,0.85,19.0
2026-07-25,wk inc covid hosp,1,2026-08-01,33,quantile,0.9,25.0
2026-07-25,wk inc covid hosp,1,2026-08-01,33,quantile,0.95,38.0
2026-07-25,wk inc covid hosp,1,2026-08-01,33,quantile,0.975,56.0
2026-07-25,wk inc covid hosp,1,2026-08-01,33,quantile,0.99,89.0
2026-07-25,wk inc covid hosp,1,2026-08-01,34,quantile,0.01,15.0
2026-07-25,wk inc covid hosp,1,2026-08-01,34,quantile,0.025,18.0
2026-07-25,wk inc covid hosp,1,2026-08-01,34,quantile,0.05,20.0
2026-07-25,wk inc covid hosp,1,2026-08-01,34,quantile,0.1,28.0
2026-07-25,wk inc covid hosp,1,2026-08-01,34,quantile,0.15,31.0
2026-07-25,wk inc covid hosp,1,2026-08-01,34,quantile,0.2,35.0
2026-07-25,wk inc covid hosp,1,2026-08-01,34,quantile,0.25,37.0
2026-07-25,wk inc covid hosp,1,2026-08-01,34,quantile,0.3,38.0
2026-07-25,wk inc covid hosp,1,2026-08-01,34,quantile,0.35,41.0
2026-07-25,wk inc covid hosp,1,2026-08-01,34,quantile,0.4,44.0
2026-07-25,wk inc covid hosp,1,2026-08-01,34,quantile,0.45,46.0
2026-07-25,wk inc covid hosp,1,2026-08-01,34,quantile,0.5,48.0
2026-07-25,wk inc covid hosp,1,2026-08-01,34,quantile,0.55,50.0
2026-07-25,wk inc covid hosp,1,2026-08-01,34,quantile,0.6,54.0
2026-07-25,wk inc covid hosp,1,2026-08-01,34,quantile,0.65,58.0
2026-07-25,wk inc covid hosp,1,2026-08-01,34,quantile,0.7,61.0
2026-07-25,wk inc covid hosp,1,2026-08-01,34,quantile,0.75,70.0
2026-07-25,wk inc covid hosp,1,2026-08-01,34,quantile,0.8,82.0
2026-07-25,wk inc covid hosp,1,2026-08-01,34,quantile,0.85,89.0
2026-07-25,wk inc covid hosp,1,2026-08-01,34,quantile,0.9,98.0
2026-07-25,wk inc covid hosp,1,2026-08-01,34,quantile,0.95,115.0
2026-07-25,wk inc covid hosp,1,2026-08-01,34,quantile,0.975,137.0
2026-07-25,wk inc covid hosp,1,2026-08-01,34,quantile,0.99,175.0
2026-07-25,wk inc covid hosp,1,2026-08-01,35,quantile,0.01,0.0
2026-07-25,wk inc covid hosp,1,2026-08-01,35,quantile,0.025,1.0
2026-07-25,wk inc covid hosp,1,2026-08-01,35,quantile,0.05,1.0
2026-07-25,wk inc covid hosp,1,2026-08-01,35,quantile,0.1,2.0
2026-07-25,wk inc covid hosp,1,2026-08-01,35,quantile,0.15,3.0
2026-07-25,wk inc covid hosp,1,2026-08-01,35,quantile,0.2,3.0
2026-07-25,wk inc covid hosp,1,2026-08-01,35,quantile,0.25,4.0
2026-07-25,wk inc covid hosp,1,2026-08-01,35,quantile,0.3,5.0
2026-07-25,wk inc covid hosp,1,2026-08-01,35,quantile,0.35,6.0
2026-07-25,wk inc covid hosp,1,2026-08-01,35,quantile,0.4,7.0
2026-07-25,wk inc covid hosp,1,2026-08-01,35,quantile,0.45,7.0
2026-07-25,wk inc covid hosp,1,2026-08-01,35,quantile,0.5,8.0
2026-07-25,wk inc covid hosp,1,2026-08-01,35,quantile,0.55,10.0
2026-07-25,wk inc covid hosp,1,2026-08-01,35,quantile,0.6,11.0
2026-07-25,wk inc covid hosp,1,2026-08-01,35,quantile,0.65,13.0
2026-07-25,wk inc covid hosp,1,2026-08-01,35,quantile,0.7,14.0
2026-07-25,wk inc covid hosp,1,2026-08-01,35,quantile,0.75,18.0
2026-07-25,wk inc covid hosp,1,2026-08-01,35,quantile,0.8,21.0
2026-07-25,wk inc covid hosp,1,2026-08-01,35,quantile,0.85,25.0
2026-07-25,wk inc covid hosp,1,2026-08-01,35,quantile,0.9,33.0
2026-07-25,wk inc covid hosp,1,2026-08-01,35,quantile,0.95,48.0
2026-07-25,wk inc covid hosp,1,2026-08-01,35,quantile,0.975,68.0
2026-07-25,wk inc covid hosp,1,2026-08-01,35,quantile,0.99,102.0
2026-07-25,wk inc covid hosp,1,2026-08-01,36,quantile,0.01,31.0
2026-07-25,wk inc covid hosp,1,2026-08-01,36,quantile,0.025,42.0
2026-07-25,wk inc covid hosp,1,2026-08-01,36,quantile,0.05,46.0
2026-07-25,wk inc covid hosp,1,2026-08-01,36,quantile,0.1,59.0
2026-07-25,wk inc covid hosp,1,2026-08-01,36,quantile,0.15,63.0
2026-07-25,wk inc covid hosp,1,2026-08-01,36,quantile,0.2,67.0
2026-07-25,wk inc covid hosp,1,2026-08-01,36,quantile,0.25,70.0
2026-07-25,wk inc covid hosp,1,2026-08-01,36,quantile,0.3,75.0
2026-07-25,wk inc covid hosp,1,2026-08-01,36,quantile,0.35,78.0
2026-07-25,wk inc covid hosp,1,2026-08-01,36,quantile,0.4,82.0
2026-07-25,wk inc covid hosp,1,2026-08-01,36,quantile,0.45,86.0
2026-07-25,wk inc covid hosp,1,2026-08-01,36,quantile,0.5,89.0
2026-07-25,wk inc covid hosp,1,2026-08-01,36,quantile,0.55,93.0
2026-07-25,wk inc covid hosp,1,2026-08-01,36,quantile,0.6,98.0
2026-07-25,wk inc covid hosp,1,2026-08-01,36,quantile,0.65,110.0
2026-07-25,wk inc covid hosp,1,2026-08-01,36,quantile,0.7,129.0
2026-07-25,wk inc covid hosp,1,2026-08-01,36,quantile,0.75,151.0
2026-07-25,wk inc covid hosp,1,2026-08-01,36,quantile,0.8,159.0
2026-07-25,wk inc covid hosp,1,2026-08-01,36,quantile,0.85,173.0
2026-07-25,wk inc covid hosp,1,2026-08-01,36,quantile,0.9,184.0
2026-07-25,wk inc covid hosp,1,2026-08-01,36,quantile,0.95,209.0
2026-07-25,wk inc covid hosp,1,2026-08-01,36,quantile,0.975,244.0
2026-07-25,wk inc covid hosp,1,2026-08-01,36,quantile,0.99,281.0
2026-07-25,wk inc covid hosp,1,2026-08-01,37,quantile,0.01,11.0
2026-07-25,wk inc covid hosp,1,2026-08-01,37,quantile,0.025,24.0
2026-07-25,wk inc covid hosp,1,2026-08-01,37,quantile,0.05,28.0
2026-07-25,wk inc covid hosp,1,2026-08-01,37,quantile,0.1,32.0
2026-07-25,wk inc covid hosp,1,2026-08-01,37,quantile,0.15,39.0
2026-07-25,wk inc covid hosp,1,2026-08-01,37,quantile,0.2,44.0
2026-07-25,wk inc covid hosp,1,2026-08-01,37,quantile,0.25,50.0
2026-07-25,wk inc covid hosp,1,2026-08-01,37,quantile,0.3,54.0
2026-07-25,wk inc covid hosp,1,2026-08-01,37,quantile,0.35,57.0
2026-07-25,wk inc covid hosp,1,2026-08-01,37,quantile,0.4,62.0
2026-07-25,wk inc covid hosp,1,2026-08-01,37,quantile,0.45,68.0
2026-07-25,wk inc covid hosp,1,2026-08-01,37,quantile,0.5,72.0
2026-07-25,wk inc covid hosp,1,2026-08-01,37,quantile,0.55,76.0
2026-07-25,wk inc covid hosp,1,2026-08-01,37,quantile,0.6,82.0
2026-07-25,wk inc covid hosp,1,2026-08-01,37,quantile,0.65,91.0
2026-07-25,wk inc covid hosp,1,2026-08-01,37,quantile,0.7,99.0
2026-07-25,wk inc covid hosp,1,2026-08-01,37,quantile,0.75,105.0
2026-07-25,wk inc covid hosp,1,2026-08-01,37,quantile,0.8,115.0
2026-07-25,wk inc covid hosp,1,2026-08-01,37,quantile,0.85,126.0
2026-07-25,wk inc covid hosp,1,2026-08-01,37,quantile,0.9,150.0
2026-07-25,wk inc covid hosp,1,2026-08-01,37,quantile,0.95,193.0
2026-07-25,wk inc covid hosp,1,2026-08-01,37,quantile,0.975,229.0
2026-07-25,wk inc covid hosp,1,2026-08-01,37,quantile,0.99,275.0
2026-07-25,wk inc covid hosp,1,2026-08-01,38,quantile,0.01,0.0
2026-07-25,wk inc covid hosp,1,2026-08-01,38,quantile,0.025,0.0
2026-07-25,wk inc covid hosp,1,2026-08-01,38,quantile,0.05,0.0
2026-07-25,wk inc covid hosp,1,2026-08-01,38,quantile,0.1,0.0
2026-07-25,wk inc covid hosp,1,2026-08-01,38,quantile,0.15,0.0
2026-07-25,wk inc covid hosp,1,2026-08-01,38,quantile,0.2,1.0
2026-07-25,wk inc covid hosp,1,2026-08-01,38,quantile,0.25,1.0
2026-07-25,wk inc covid hosp,1,2026-08-01,38,quantile,0.3,1.0
2026-07-25,wk inc covid hosp,1,2026-08-01,38,quantile,0.35,1.0
2026-07-25,wk inc covid hosp,1,2026-08-01,38,quantile,0.4,2.0
2026-07-25,wk inc covid hosp,1,2026-08-01,38,quantile,0.45,2.0
2026-07-25,wk inc covid hosp,1,2026-08-01,38,quantile,0.5,3.0
2026-07-25,wk inc covid hosp,1,2026-08-01,38,quantile,0.55,3.0
2026-07-25,wk inc covid hosp,1,2026-08-01,38,quantile,0.6,4.0
2026-07-25,wk inc covid hosp,1,2026-08-01,38,quantile,0.65,5.0
2026-07-25,wk inc covid hosp,1,2026-08-01,38,quantile,0.7,7.0
2026-07-25,wk inc covid hosp,1,2026-08-01,38,quantile,0.75,9.0
2026-07-25,wk inc covid hosp,1,2026-08-01,38,quantile,0.8,12.0
2026-07-25,wk inc covid hosp,1,2026-08-01,38,quantile,0.85,14.0
2026-07-25,wk inc covid hosp,1,2026-08-01,38,quantile,0.9,20.0
2026-07-25,wk inc covid hosp,1,2026-08-01,38,quantile,0.95,34.0
2026-07-25,wk inc covid hosp,1,2026-08-01,38,quantile,0.975,52.0
2026-07-25,wk inc covid hosp,1,2026-08-01,38,quantile,0.99,83.0
2026-07-25,wk inc covid hosp,1,2026-08-01,39,quantile,0.01,12.0
2026-07-25,wk inc covid hosp,1,2026-08-01,39,quantile,0.025,14.0
2026-07-25,wk inc covid hosp,1,2026-08-01,39,quantile,0.05,16.0
2026-07-25,wk inc covid hosp,1,2026-08-01,39,quantile,0.1,21.0
2026-07-25,wk inc covid hosp,1,2026-08-01,39,quantile,0.15,23.0
2026-07-25,wk inc covid hosp,1,2026-08-01,39,quantile,0.2,25.0
2026-07-25,wk inc covid hosp,1,2026-08-01,39,quantile,0.25,27.0
2026-07-25,wk inc covid hosp,1,2026-08-01,39,quantile,0.3,29.0
2026-07-25,wk inc covid hosp,1,2026-08-01,39,quantile,0.35,32.0
2026-07-25,wk inc covid hosp,1,2026-08-01,39,quantile,0.4,35.0
2026-07-25,wk inc covid hosp,1,2026-08-01,39,quantile,0.45,38.0
2026-07-25,wk inc covid hosp,1,2026-08-01,39,quantile,0.5,41.0
2026-07-25,wk inc covid hosp,1,2026-08-01,39,quantile,0.55,43.0
2026-07-25,wk inc covid hosp,1,2026-08-01,39,quantile,0.6,49.0
2026-07-25,wk inc covid hosp,1,2026-08-01,39,quantile,0.65,56.0
2026-07-25,wk inc covid hosp,1,2026-08-01,39,quantile,0.7,61.0
2026-07-25,wk inc covid hosp,1,2026-08-01,39,quantile,0.75,75.0
2026-07-25,wk inc covid hosp,1,2026-08-01,39,quantile,0.8,82.0
2026-07-25,wk inc covid hosp,1,2026-08-01,39,quantile,0.85,99.0
2026-07-25,wk inc covid hosp,1,2026-08-01,39,quantile,0.9,113.0
2026-07-25,wk inc covid hosp,1,2026-08-01,39,quantile,0.95,143.0
2026-07-25,wk inc covid hosp,1,2026-08-01,39,quantile,0.975,200.0
2026-07-25,wk inc covid hosp,1,2026-08-01,39,quantile,0.99,243.0
2026-07-25,wk inc covid hosp,1,2026-08-01,40,quantile,0.01,1.0
2026-07-25,wk inc covid hosp,1,2026-08-01,40,quantile,0.025,1.0
2026-07-25,wk inc covid hosp,1,2026-08-01,40,quantile,0.05,2.0
2026-07-25,wk inc covid hosp,1,2026-08-01,40,quantile,0.1,3.0
2026-07-25,wk inc covid hosp,1,2026-08-01,40,quantile,0.15,4.0
2026-07-25,wk inc covid hosp,1,2026-08-01,40,quantile,0.2,4.0
2026-07-25,wk inc covid hosp,1,2026-08-01,40,quantile,0.25,5.0
2026-07-25,wk inc covid hosp,1,2026-08-01,40,quantile,0.3,5.0
2026-07-25,wk inc covid hosp,1,2026-08-01,40,quantile,0.35,6.0
2026-07-25,wk inc covid hosp,1,2026-08-01,40,quantile,0.4,7.0
2026-07-25,wk inc covid hosp,1,2026-08-01,40,quantile,0.45,9.0
2026-07-25,wk inc covid hosp,1,2026-08-01,40,quantile,0.5,10.0
2026-07-25,wk inc covid hosp,1,2026-08-01,40,quantile,0.55,13.0
2026-07-25,wk inc covid hosp,1,2026-08-01,40,quantile,0.6,16.0
2026-07-25,wk inc covid hosp,1,2026-08-01,40,quantile,0.65,20.0
2026-07-25,wk inc covid hosp,1,2026-08-01,40,quantile,0.7,24.0
2026-07-25,wk inc covid hosp,1,2026-08-01,40,quantile,0.75,29.0
2026-07-25,wk inc covid hosp,1,2026-08-01,40,quantile,0.8,33.0
2026-07-25,wk inc covid hosp,1,2026-08-01,40,quantile,0.85,38.0
2026-07-25,wk inc covid hosp,1,2026-08-01,40,quantile,0.9,53.0
2026-07-25,wk inc covid hosp,1,2026-08-01,40,quantile,0.95,101.0
2026-07-25,wk inc covid hosp,1,2026-08-01,40,quantile,0.975,122.0
2026-07-25,wk inc covid hosp,1,2026-08-01,40,quantile,0.99,156.0
2026-07-25,wk inc covid hosp,1,2026-08-01,41,quantile,0.01,0.0
2026-07-25,wk inc covid hosp,1,2026-08-01,41,quantile,0.025,1.0
2026-07-25,wk inc covid hosp,1,2026-08-01,41,quantile,0.05,1.0
2026-07-25,wk inc covid hosp,1,2026-08-01,41,quantile,0.1,2.0
2026-07-25,wk inc covid hosp,1,2026-08-01,41,quantile,0.15,3.0
2026-07-25,wk inc covid hosp,1,2026-08-01,41,quantile,0.2,4.0
2026-07-25,wk inc covid hosp,1,2026-08-01,41,quantile,0.25,4.0
2026-07-25,wk inc covid hosp,1,2026-08-01,41,quantile,0.3,5.0
2026-07-25,wk inc covid hosp,1,2026-08-01,41,quantile,0.35,5.0
2026-07-25,wk inc covid hosp,1,2026-08-01,41,quantile,0.4,6.0
2026-07-25,wk inc covid hosp,1,2026-08-01,41,quantile,0.45,7.0
2026-07-25,wk inc covid hosp,1,2026-08-01,41,quantile,0.5,7.0
2026-07-25,wk inc covid hosp,1,2026-08-01,41,quantile,0.55,8.0
2026-07-25,wk inc covid hosp,1,2026-08-01,41,quantile,0.6,10.0
2026-07-25,wk inc covid hosp,1,2026-08-01,41,quantile,0.65,12.0
2026-07-25,wk inc covid hosp,1,2026-08-01,41,quantile,0.7,16.0
2026-07-25,wk inc covid hosp,1,2026-08-01,41,quantile,0.75,18.0
2026-07-25,wk inc covid hosp,1,2026-08-01,41,quantile,0.8,23.0
2026-07-25,wk inc covid hosp,1,2026-08-01,41,quantile,0.85,29.0
2026-07-25,wk inc covid hosp,1,2026-08-01,41,quantile,0.9,37.0
2026-07-25,wk inc covid hosp,1,2026-08-01,41,quantile,0.95,52.0
2026-07-25,wk inc covid hosp,1,2026-08-01,41,quantile,0.975,76.0
2026-07-25,wk inc covid hosp,1,2026-08-01,41,quantile,0.99,110.0
2026-07-25,wk inc covid hosp,1,2026-08-01,42,quantile,0.01,13.0
2026-07-25,wk inc covid hosp,1,2026-08-01,42,quantile,0.025,16.0
2026-07-25,wk inc covid hosp,1,2026-08-01,42,quantile,0.05,18.0
2026-07-25,wk inc covid hosp,1,2026-08-01,42,quantile,0.1,23.0
2026-07-25,wk inc covid hosp,1,2026-08-01,42,quantile,0.15,25.0
2026-07-25,wk inc covid hosp,1,2026-08-01,42,quantile,0.2,30.0
2026-07-25,wk inc covid hosp,1,2026-08-01,42,quantile,0.25,31.0
2026-07-25,wk inc covid hosp,1,2026-08-01,42,quantile,0.3,34.0
2026-07-25,wk inc covid hosp,1,2026-08-01,42,quantile,0.35,37.0
2026-07-25,wk inc covid hosp,1,2026-08-01,42,quantile,0.4,40.0
2026-07-25,wk inc covid hosp,1,2026-08-01,42,quantile,0.45,42.0
2026-07-25,wk inc covid hosp,1,2026-08-01,42,quantile,0.5,47.0
2026-07-25,wk inc covid hosp,1,2026-08-01,42,quantile,0.55,49.0
2026-07-25,wk inc covid hosp,1,2026-08-01,42,quantile,0.6,53.0
2026-07-25,wk inc covid hosp,1,2026-08-01,42,quantile,0.65,59.0
2026-07-25,wk inc covid hosp,1,2026-08-01,42,quantile,0.7,62.0
2026-07-25,wk inc covid hosp,1,2026-08-01,42,quantile,0.75,70.0
2026-07-25,wk inc covid hosp,1,2026-08-01,42,quantile,0.8,83.0
2026-07-25,wk inc covid hosp,1,2026-08-01,42,quantile,0.85,99.0
2026-07-25,wk inc covid hosp,1,2026-08-01,42,quantile,0.9,107.0
2026-07-25,wk inc covid hosp,1,2026-08-01,42,quantile,0.95,127.0
2026-07-25,wk inc covid hosp,1,2026-08-01,42,quantile,0.975,153.0
2026-07-25,wk inc covid hosp,1,2026-08-01,42,quantile,0.99,203.0
2026-07-25,wk inc covid hosp,1,2026-08-01,44,quantile,0.01,1.0
2026-07-25,wk inc covid hosp,1,2026-08-01,44,quantile,0.025,2.0
2026-07-25,wk inc covid hosp,1,2026-08-01,44,quantile,0.05,2.0
2026-07-25,wk inc covid hosp,1,2026-08-01,44,quantile,0.1,3.0
2026-07-25,wk inc covid hosp,1,2026-08-01,44,quantile,0.15,4.0
2026-07-25,wk inc covid hosp,1,2026-08-01,44,quantile,0.2,5.0
2026-07-25,wk inc covid hosp,1,2026-08-01,44,quantile,0.25,6.0
2026-07-25,wk inc covid hosp,1,2026-08-01,44,quantile,0.3,6.0
2026-07-25,wk inc covid hosp,1,2026-08-01,44,quantile,0.35,7.0
2026-07-25,wk inc covid hosp,1,2026-08-01,44,quantile,0.4,7.0
2026-07-25,wk inc covid hosp,1,2026-08-01,44,quantile,0.45,9.0
2026-07-25,wk inc covid hosp,1,2026-08-01,44,quantile,0.5,9.0
2026-07-25,wk inc covid hosp,1,2026-08-01,44,quantile,0.55,10.0
2026-07-25,wk inc covid hosp,1,2026-08-01,44,quantile,0.6,11.0
2026-07-25,wk inc covid hosp,1,2026-08-01,44,quantile,0.65,13.0
2026-07-25,wk inc covid hosp,1,2026-08-01,44,quantile,0.7,14.0
2026-07-25,wk inc covid hosp,1,2026-08-01,44,quantile,0.75,16.0
2026-07-25,wk inc covid hosp,1,2026-08-01,44,quantile,0.8,21.0
2026-07-25,wk inc covid hosp,1,2026-08-01,44,quantile,0.85,25.0
2026-07-25,wk inc covid hosp,1,2026-08-01,44,quantile,0.9,31.0
2026-07-25,wk inc covid hosp,1,2026-08-01,44,quantile,0.95,46.0
2026-07-25,wk inc covid hosp,1,2026-08-01,44,quantile,0.975,63.0
2026-07-25,wk inc covid hosp,1,2026-08-01,44,quantile,0.99,99.0
2026-07-25,wk inc covid hosp,1,2026-08-01,45,quantile,0.01,13.0
2026-07-25,wk inc covid hosp,1,2026-08-01,45,quantile,0.025,14.0
2026-07-25,wk inc covid hosp,1,2026-08-01,45,quantile,0.05,16.0
2026-07-25,wk inc covid hosp,1,2026-08-01,45,quantile,0.1,18.0
2026-07-25,wk inc covid hosp,1,2026-08-01,45,quantile,0.15,19.0
2026-07-25,wk inc covid hosp,1,2026-08-01,45,quantile,0.2,20.0
2026-07-25,wk inc covid hosp,1,2026-08-01,45,quantile,0.25,23.0
2026-07-25,wk inc covid hosp,1,2026-08-01,45,quantile,0.3,24.0
2026-07-25,wk inc covid hosp,1,2026-08-01,45,quantile,0.35,26.0
2026-07-25,wk inc covid hosp,1,2026-08-01,45,quantile,0.4,27.0
2026-07-25,wk inc covid hosp,1,2026-08-01,45,quantile,0.45,29.0
2026-07-25,wk inc covid hosp,1,2026-08-01,45,quantile,0.5,31.0
2026-07-25,wk inc covid hosp,1,2026-08-01,45,quantile,0.55,36.0
2026-07-25,wk inc covid hosp,1,2026-08-01,45,quantile,0.6,39.0
2026-07-25,wk inc covid hosp,1,2026-08-01,45,quantile,0.65,45.0
2026-07-25,wk inc covid hosp,1,2026-08-01,45,quantile,0.7,50.0
2026-07-25,wk inc covid hosp,1,2026-08-01,45,quantile,0.75,55.0
2026-07-25,wk inc covid hosp,1,2026-08-01,45,quantile,0.8,62.0
2026-07-25,wk inc covid hosp,1,2026-08-01,45,quantile,0.85,69.0
2026-07-25,wk inc covid hosp,1,2026-08-01,45,quantile,0.9,80.0
2026-07-25,wk inc covid hosp,1,2026-08-01,45,quantile,0.95,121.0
2026-07-25,wk inc covid hosp,1,2026-08-01,45,quantile,0.975,160.0
2026-07-25,wk inc covid hosp,1,2026-08-01,45,quantile,0.99,197.0
2026-07-25,wk inc covid hosp,1,2026-08-01,46,quantile,0.01,0.0
2026-07-25,wk inc covid hosp,1,2026-08-01,46,quantile,0.025,0.0
2026-07-25,wk inc covid hosp,1,2026-08-01,46,quantile,0.05,0.0
2026-07-25,wk inc covid hosp,1,2026-08-01,46,quantile,0.1,0.0
2026-07-25,wk inc covid hosp,1,2026-08-01,46,quantile,0.15,0.0
2026-07-25,wk inc covid hosp,1,2026-08-01,46,quantile,0.2,1.0
2026-07-25,wk inc covid hosp,1,2026-08-01,46,quantile,0.25,1.0
2026-07-25,wk inc covid hosp,1,2026-08-01,46,quantile,0.3,1.0
2026-07-25,wk inc covid hosp,1,2026-08-01,46,quantile,0.35,1.0
2026-07-25,wk inc covid hosp,1,2026-08-01,46,quantile,0.4,2.0
2026-07-25,wk inc covid hosp,1,2026-08-01,46,quantile,0.45,2.0
2026-07-25,wk inc covid hosp,1,2026-08-01,46,quantile,0.5,3.0
2026-07-25,wk inc covid hosp,1,2026-08-01,46,quantile,0.55,3.0
2026-07-25,wk inc covid hosp,1,2026-08-01,46,quantile,0.6,5.0
2026-07-25,wk inc covid hosp,1,2026-08-01,46,quantile,0.65,6.0
2026-07-25,wk inc covid hosp,1,2026-08-01,46,quantile,0.7,8.0
2026-07-25,wk inc covid hosp,1,2026-08-01,46,quantile,0.75,10.0
2026-07-25,wk inc covid hosp,1,2026-08-01,46,quantile,0.8,12.0
2026-07-25,wk inc covid hosp,1,2026-08-01,46,quantile,0.85,16.0
2026-07-25,wk inc covid hosp,1,2026-08-01,46,quantile,0.9,22.0
2026-07-25,wk inc covid hosp,1,2026-08-01,46,quantile,0.95,36.0
2026-07-25,wk inc covid hosp,1,2026-08-01,46,quantile,0.975,53.0
2026-07-25,wk inc covid hosp,1,2026-08-01,46,quantile,0.99,86.0
2026-07-25,wk inc covid hosp,1,2026-08-01,47,quantile,0.01,4.0
2026-07-25,wk inc covid hosp,1,2026-08-01,47,quantile,0.025,5.0
2026-07-25,wk inc covid hosp,1,2026-08-01,47,quantile,0.05,8.0
2026-07-25,wk inc covid hosp,1,2026-08-01,47,quantile,0.1,10.0
2026-07-25,wk inc covid hosp,1,2026-08-01,47,quantile,0.15,11.0
2026-07-25,wk inc covid hosp,1,2026-08-01,47,quantile,0.2,13.0
2026-07-25,wk inc covid hosp,1,2026-08-01,47,quantile,0.25,15.0
2026-07-25,wk inc covid hosp,1,2026-08-01,47,quantile,0.3,17.0
2026-07-25,wk inc covid hosp,1,2026-08-01,47,quantile,0.35,18.0
2026-07-25,wk inc covid hosp,1,2026-08-01,47,quantile,0.4,20.0
2026-07-25,wk inc covid hosp,1,2026-08-01,47,quantile,0.45,22.0
2026-07-25,wk inc covid hosp,1,2026-08-01,47,quantile,0.5,25.0
2026-07-25,wk inc covid hosp,1,2026-08-01,47,quantile,0.55,30.0
2026-07-25,wk inc covid hosp,1,2026-08-01,47,quantile,0.6,35.0
2026-07-25,wk inc covid hosp,1,2026-08-01,47,quantile,0.65,38.0
2026-07-25,wk inc covid hosp,1,2026-08-01,47,quantile,0.7,46.0
2026-07-25,wk inc covid hosp,1,2026-08-01,47,quantile,0.75,52.0
2026-07-25,wk inc covid hosp,1,2026-08-01,47,quantile,0.8,58.0
2026-07-25,wk inc covid hosp,1,2026-08-01,47,quantile,0.85,73.0
2026-07-25,wk inc covid hosp,1,2026-08-01,47,quantile,0.9,92.0
2026-07-25,wk inc covid hosp,1,2026-08-01,47,quantile,0.95,199.0
2026-07-25,wk inc covid hosp,1,2026-08-01,47,quantile,0.975,251.0
2026-07-25,wk inc covid hosp,1,2026-08-01,47,quantile,0.99,308.0
2026-07-25,wk inc covid hosp,1,2026-08-01,48,quantile,0.01,46.0
2026-07-25,wk inc covid hosp,1,2026-08-01,48,quantile,0.025,65.0
2026-07-25,wk inc covid hosp,1,2026-08-01,48,quantile,0.05,98.0
2026-07-25,wk inc covid hosp,1,2026-08-01,48,quantile,0.1,122.0
2026-07-25,wk inc covid hosp,1,2026-08-01,48,quantile,0.15,142.0
2026-07-25,wk inc covid hosp,1,2026-08-01,48,quantile,0.2,158.0
2026-07-25,wk inc covid hosp,1,2026-08-01,48,quantile,0.25,172.0
2026-07-25,wk inc covid hosp,1,2026-08-01,48,quantile,0.3,185.0
2026-07-25,wk inc covid hosp,1,2026-08-01,48,quantile,0.35,198.0
2026-07-25,wk inc covid hosp,1,2026-08-01,48,quantile,0.4,210.0
2026-07-25,wk inc covid hosp,1,2026-08-01,48,quantile,0.45,224.0
2026-07-25,wk inc covid hosp,1,2026-08-01,48,quantile,0.5,243.0
2026-07-25,wk inc covid hosp,1,2026-08-01,48,quantile,0.55,261.0
2026-07-25,wk inc covid hosp,1,2026-08-01,48,quantile,0.6,281.0
2026-07-25,wk inc covid hosp,1,2026-08-01,48,quantile,0.65,296.0
2026-07-25,wk inc covid hosp,1,2026-08-01,48,quantile,0.7,325.0
2026-07-25,wk inc covid hosp,1,2026-08-01,48,quantile,0.75,353.0
2026-07-25,wk inc covid hosp,1,2026-08-01,48,quantile,0.8,386.0
2026-07-25,wk inc covid hosp,1,2026-08-01,48,quantile,0.85,411.0
2026-07-25,wk inc covid hosp,1,2026-08-01,48,quantile,0.9,492.0
2026-07-25,wk inc covid hosp,1,2026-08-01,48,quantile,0.95,675.0
2026-07-25,wk inc covid hosp,1,2026-08-01,48,quantile,0.975,791.0
2026-07-25,wk inc covid hosp,1,2026-08-01,48,quantile,0.99,846.0
2026-07-25,wk inc covid hosp,1,2026-08-01,49,quantile,0.01,6.0
2026-07-25,wk inc covid hosp,1,2026-08-01,49,quantile,0.025,7.0
2026-07-25,wk inc covid hosp,1,2026-08-01,49,quantile,0.05,10.0
2026-07-25,wk inc covid hosp,1,2026-08-01,49,quantile,0.1,12.0
2026-07-25,wk inc covid hosp,1,2026-08-01,49,quantile,0.15,13.0
2026-07-25,wk inc covid hosp,1,2026-08-01,49,quantile,0.2,14.0
2026-07-25,wk inc covid hosp,1,2026-08-01,49,quantile,0.25,14.0
2026-07-25,wk inc covid hosp,1,2026-08-01,49,quantile,0.3,15.0
2026-07-25,wk inc covid hosp,1,2026-08-01,49,quantile,0.35,16.0
2026-07-25,wk inc covid hosp,1,2026-08-01,49,quantile,0.4,18.0
2026-07-25,wk inc covid hosp,1,2026-08-01,49,quantile,0.45,18.0
2026-07-25,wk inc covid hosp,1,2026-08-01,49,quantile,0.5,20.0
2026-07-25,wk inc covid hosp,1,2026-08-01,49,quantile,0.55,22.0
2026-07-25,wk inc covid hosp,1,2026-08-01,49,quantile,0.6,24.0
2026-07-25,wk inc covid hosp,1,2026-08-01,49,quantile,0.65,27.0
2026-07-25,wk inc covid hosp,1,2026-08-01,49,quantile,0.7,30.0
2026-07-25,wk inc covid hosp,1,2026-08-01,49,quantile,0.75,33.0
2026-07-25,wk inc covid hosp,1,2026-08-01,49,quantile,0.8,38.0
2026-07-25,wk inc covid hosp,1,2026-08-01,49,quantile,0.85,43.0
2026-07-25,wk inc covid hosp,1,2026-08-01,49,quantile,0.9,50.0
2026-07-25,wk inc covid hosp,1,2026-08-01,49,quantile,0.95,70.0
2026-07-25,wk inc covid hosp,1,2026-08-01,49,quantile,0.975,90.0
2026-07-25,wk inc covid hosp,1,2026-08-01,49,quantile,0.99,125.0
2026-07-25,wk inc covid hosp,1,2026-08-01,50,quantile,0.01,0.0
2026-07-25,wk inc covid hosp,1,2026-08-01,50,quantile,0.025,0.0
2026-07-25,wk inc covid hosp,1,2026-08-01,50,quantile,0.05,0.0
2026-07-25,wk inc covid hosp,1,2026-08-01,50,quantile,0.1,0.0
2026-07-25,wk inc covid hosp,1,2026-08-01,50,quantile,0.15,0.0
2026-07-25,wk inc covid hosp,1,2026-08-01,50,quantile,0.2,0.0
2026-07-25,wk inc covid hosp,1,2026-08-01,50,quantile,0.25,1.0
2026-07-25,wk inc covid hosp,1,2026-08-01,50,quantile,0.3,1.0
2026-07-25,wk inc covid hosp,1,2026-08-01,50,quantile,0.35,1.0
2026-07-25,wk inc covid hosp,1,2026-08-01,50,quantile,0.4,2.0
2026-07-25,wk inc covid hosp,1,2026-08-01,50,quantile,0.45,2.0
2026-07-25,wk inc covid hosp,1,2026-08-01,50,quantile,0.5,3.0
2026-07-25,wk inc covid hosp,1,2026-08-01,50,quantile,0.55,3.0
2026-07-25,wk inc covid hosp,1,2026-08-01,50,quantile,0.6,4.0
2026-07-25,wk inc covid hosp,1,2026-08-01,50,quantile,0.65,5.0
2026-07-25,wk inc covid hosp,1,2026-08-01,50,quantile,0.7,7.0
2026-07-25,wk inc covid hosp,1,2026-08-01,50,quantile,0.75,9.0
2026-07-25,wk inc covid hosp,1,2026-08-01,50,quantile,0.8,12.0
2026-07-25,wk inc covid hosp,1,2026-08-01,50,quantile,0.85,15.0
2026-07-25,wk inc covid hosp,1,2026-08-01,50,quantile,0.9,21.0
2026-07-25,wk inc covid hosp,1,2026-08-01,50,quantile,0.95,33.0
2026-07-25,wk inc covid hosp,1,2026-08-01,50,quantile,0.975,51.0
2026-07-25,wk inc covid hosp,1,2026-08-01,50,quantile,0.99,83.0
2026-07-25,wk inc covid hosp,1,2026-08-01,51,quantile,0.01,8.0
2026-07-25,wk inc covid hosp,1,2026-08-01,51,quantile,0.025,9.0
2026-07-25,wk inc covid hosp,1,2026-08-01,51,quantile,0.05,9.0
2026-07-25,wk inc covid hosp,1,2026-08-01,51,quantile,0.1,11.0
2026-07-25,wk inc covid hosp,1,2026-08-01,51,quantile,0.15,13.0
2026-07-25,wk inc covid hosp,1,2026-08-01,51,quantile,0.2,14.0
2026-07-25,wk inc covid hosp,1,2026-08-01,51,quantile,0.25,17.0
2026-07-25,wk inc covid hosp,1,2026-08-01,51,quantile,0.3,18.0
2026-07-25,wk inc covid hosp,1,2026-08-01,51,quantile,0.35,19.0
2026-07-25,wk inc covid hosp,1,2026-08-01,51,quantile,0.4,20.0
2026-07-25,wk inc covid hosp,1,2026-08-01,51,quantile,0.45,22.0
2026-07-25,wk inc covid hosp,1,2026-08-01,51,quantile,0.5,24.0
2026-07-25,wk inc covid hosp,1,2026-08-01,51,quantile,0.55,26.0
2026-07-25,wk inc covid hosp,1,2026-08-01,51,quantile,0.6,31.0
2026-07-25,wk inc covid hosp,1,2026-08-01,51,quantile,0.65,35.0
2026-07-25,wk inc covid hosp,1,2026-08-01,51,quantile,0.7,38.0
2026-07-25,wk inc covid hosp,1,2026-08-01,51,quantile,0.75,44.0
2026-07-25,wk inc covid hosp,1,2026-08-01,51,quantile,0.8,52.0
2026-07-25,wk inc covid hosp,1,2026-08-01,51,quantile,0.85,60.0
2026-07-25,wk inc covid hosp,1,2026-08-01,51,quantile,0.9,70.0
2026-07-25,wk inc covid hosp,1,2026-08-01,51,quantile,0.95,95.0
2026-07-25,wk inc covid hosp,1,2026-08-01,51,quantile,0.975,117.0
2026-07-25,wk inc covid hosp,1,2026-08-01,51,quantile,0.99,151.0
2026-07-25,wk inc covid hosp,1,2026-08-01,53,quantile,0.01,11.0
2026-07-25,wk inc covid hosp,1,2026-08-01,53,quantile,0.025,15.0
2026-07-25,wk inc covid hosp,1,2026-08-01,53,quantile,0.05,17.0
2026-07-25,wk inc covid hosp,1,2026-08-01,53,quantile,0.1,22.0
2026-07-25,wk inc covid hosp,1,2026-08-01,53,quantile,0.15,25.0
2026-07-25,wk inc covid hosp,1,2026-08-01,53,quantile,0.2,28.0
2026-07-25,wk inc covid hosp,1,2026-08-01,53,quantile,0.25,29.0
2026-07-25,wk inc covid hosp,1,2026-08-01,53,quantile,0.3,31.0
2026-07-25,wk inc covid hosp,1,2026-08-01,53,quantile,0.35,33.0
2026-07-25,wk inc covid hosp,1,2026-08-01,53,quantile,0.4,34.0
2026-07-25,wk inc covid hosp,1,2026-08-01,53,quantile,0.45,36.0
2026-07-25,wk inc covid hosp,1,2026-08-01,53,quantile,0.5,37.0
2026-07-25,wk inc covid hosp,1,2026-08-01,53,quantile,0.55,39.0
2026-07-25,wk inc covid hosp,1,2026-08-01,53,quantile,0.6,41.0
2026-07-25,wk inc covid hosp,1,2026-08-01,53,quantile,0.65,43.0
2026-07-25,wk inc covid hosp,1,2026-08-01,53,quantile,0.7,47.0
2026-07-25,wk inc covid hosp,1,2026-08-01,53,quantile,0.75,52.0
2026-07-25,wk inc covid hosp,1,2026-08-01,53,quantile,0.8,59.0
2026-07-25,wk inc covid hosp,1,2026-08-01,53,quantile,0.85,68.0
2026-07-25,wk inc covid hosp,1,2026-08-01,53,quantile,0.9,79.0
2026-07-25,wk inc covid hosp,1,2026-08-01,53,quantile,0.95,96.0
2026-07-25,wk inc covid hosp,1,2026-08-01,53,quantile,0.975,121.0
2026-07-25,wk inc covid hosp,1,2026-08-01,53,quantile,0.99,155.0
2026-07-25,wk inc covid hosp,1,2026-08-01,54,quantile,0.01,0.0
2026-07-25,wk inc covid hosp,1,2026-08-01,54,quantile,0.025,1.0
2026-07-25,wk inc covid hosp,1,2026-08-01,54,quantile,0.05,2.0
2026-07-25,wk inc covid hosp,1,2026-08-01,54,quantile,0.1,2.0
2026-07-25,wk inc covid hosp,1,2026-08-01,54,quantile,0.15,2.0
2026-07-25,wk inc covid hosp,1,2026-08-01,54,quantile,0.2,3.0
2026-07-25,wk inc covid hosp,1,2026-08-01,54,quantile,0.25,3.0
2026-07-25,wk inc covid hosp,1,2026-08-01,54,quantile,0.3,4.0
2026-07-25,wk inc covid hosp,1,2026-08-01,54,quantile,0.35,5.0
2026-07-25,wk inc covid hosp,1,2026-08-01,54,quantile,0.4,5.0
2026-07-25,wk inc covid hosp,1,2026-08-01,54,quantile,0.45,7.0
2026-07-25,wk inc covid hosp,1,2026-08-01,54,quantile,0.5,8.0
2026-07-25,wk inc covid hosp,1,2026-08-01,54,quantile,0.55,9.0
2026-07-25,wk inc covid hosp,1,2026-08-01,54,quantile,0.6,10.0
2026-07-25,wk inc covid hosp,1,2026-08-01,54,quantile,0.65,12.0
2026-07-25,wk inc covid hosp,1,2026-08-01,54,quantile,0.7,15.0
2026-07-25,wk inc covid hosp,1,2026-08-01,54,quantile,0.75,18.0
2026-07-25,wk inc covid hosp,1,2026-08-01,54,quantile,0.8,23.0
2026-07-25,wk inc covid hosp,1,2026-08-01,54,quantile,0.85,28.0
2026-07-25,wk inc covid hosp,1,2026-08-01,54,quantile,0.9,36.0
2026-07-25,wk inc covid hosp,1,2026-08-01,54,quantile,0.95,54.0
2026-07-25,wk inc covid hosp,1,2026-08-01,54,quantile,0.975,76.0
2026-07-25,wk inc covid hosp,1,2026-08-01,54,quantile,0.99,112.0
2026-07-25,wk inc covid hosp,1,2026-08-01,55,quantile,0.01,2.0
2026-07-25,wk inc covid hosp,1,2026-08-01,55,quantile,0.025,2.0
2026-07-25,wk inc covid hosp,1,2026-08-01,55,quantile,0.05,3.0
2026-07-25,wk inc covid hosp,1,2026-08-01,55,quantile,0.1,6.0
2026-07-25,wk inc covid hosp,1,2026-08-01,55,quantile,0.15,7.0
2026-07-25,wk inc covid hosp,1,2026-08-01,55,quantile,0.2,8.0
2026-07-25,wk inc covid hosp,1,2026-08-01,55,quantile,0.25,9.0
2026-07-25,wk inc covid hosp,1,2026-08-01,55,quantile,0.3,10.0
2026-07-25,wk inc covid hosp,1,2026-08-01,55,quantile,0.35,11.0
2026-07-25,wk inc covid hosp,1,2026-08-01,55,quantile,0.4,13.0
2026-07-25,wk inc covid hosp,1,2026-08-01,55,quantile,0.45,14.0
2026-07-25,wk inc covid hosp,1,2026-08-01,55,quantile,0.5,15.0
2026-07-25,wk inc covid hosp,1,2026-08-01,55,quantile,0.55,17.0
2026-07-25,wk inc covid hosp,1,2026-08-01,55,quantile,0.6,19.0
2026-07-25,wk inc covid hosp,1,2026-08-01,55,quantile,0.65,24.0
2026-07-25,wk inc covid hosp,1,2026-08-01,55,quantile,0.7,30.0
2026-07-25,wk inc covid hosp,1,2026-08-01,55,quantile,0.75,34.0
2026-07-25,wk inc covid hosp,1,2026-08-01,55,quantile,0.8,37.0
2026-07-25,wk inc covid hosp,1,2026-08-01,55,quantile,0.85,44.0
2026-07-25,wk inc covid hosp,1,2026-08-01,55,quantile,0.9,52.0
2026-07-25,wk inc covid hosp,1,2026-08-01,55,quantile,0.95,82.0
2026-07-25,wk inc covid hosp,1,2026-08-01,55,quantile,0.975,109.0
2026-07-25,wk inc covid hosp,1,2026-08-01,55,quantile,0.99,141.0
2026-07-25,wk inc covid hosp,1,2026-08-01,56,quantile,0.01,0.0
2026-07-25,wk inc covid hosp,1,2026-08-01,56,quantile,0.025,0.0
2026-07-25,wk inc covid hosp,1,2026-08-01,56,quantile,0.05,0.0
2026-07-25,wk inc covid hosp,1,2026-08-01,56,quantile,0.1,0.0
2026-07-25,wk inc covid hosp,1,2026-08-01,56,quantile,0.15,0.0
2026-07-25,wk inc covid hosp,1,2026-08-01,56,quantile,0.2,1.0
2026-07-25,wk inc covid hosp,1,2026-08-01,56,quantile,0.25,1.0
2026-07-25,wk inc covid hosp,1,2026-08-01,56,quantile,0.3,1.0
2026-07-25,wk inc covid hosp,1,2026-08-01,56,quantile,0.35,2.0
2026-07-25,wk inc covid hosp,1,2026-08-01,56,quantile,0.4,2.0
2026-07-25,wk inc covid hosp,1,2026-08-01,56,quantile,0.45,3.0
2026-07-25,wk inc covid hosp,1,2026-08-01,56,quantile,0.5,3.0
2026-07-25,wk inc covid hosp,1,2026-08-01,56,quantile,0.55,4.0
2026-07-25,wk inc covid hosp,1,2026-08-01,56,quantile,0.6,5.0
2026-07-25,wk inc covid hosp,1,2026-08-01,56,quantile,0.65,6.0
2026-07-25,wk inc covid hosp,1,2026-08-01,56,quantile,0.7,7.0
2026-07-25,wk inc covid hosp,1,2026-08-01,56,quantile,0.75,9.0
2026-07-25,wk inc covid hosp,1,2026-08-01,56,quantile,0.8,12.0
2026-07-25,wk inc covid hosp,1,2026-08-01,56,quantile,0.85,15.0
2026-07-25,wk inc covid hosp,1,2026-08-01,56,quantile,0.9,21.0
2026-07-25,wk inc covid hosp,1,2026-08-01,56,quantile,0.95,36.0
2026-07-25,wk inc covid hosp,1,2026-08-01,56,quantile,0.975,54.0
2026-07-25,wk inc covid hosp,1,2026-08-01,56,quantile,0.99,85.0
2026-07-25,wk inc covid hosp,1,2026-08-01,72,quantile,0.01,10.0
2026-07-25,wk inc covid hosp,1,2026-08-01,72,quantile,0.025,11.0
2026-07-25,wk inc covid hosp,1,2026-08-01,72,quantile,0.05,13.0
2026-07-25,wk inc covid hosp,1,2026-08-01,72,quantile,0.1,16.0
2026-07-25,wk inc covid hosp,1,2026-08-01,72,quantile,0.15,18.0
2026-07-25,wk inc covid hosp,1,2026-08-01,72,quantile,0.2,20.0
2026-07-25,wk inc covid hosp,1,2026-08-01,72,quantile,0.25,22.0
2026-07-25,wk inc covid hosp,1,2026-08-01,72,quantile,0.3,23.0
2026-07-25,wk inc covid hosp,1,2026-08-01,72,quantile,0.35,26.0
2026-07-25,wk inc covid hosp,1,2026-08-01,72,quantile,0.4,28.0
2026-07-25,wk inc covid hosp,1,2026-08-01,72,quantile,0.45,31.0
2026-07-25,wk inc covid hosp,1,2026-08-01,72,quantile,0.5,33.0
2026-07-25,wk inc covid hosp,1,2026-08-01,72,quantile,0.55,34.0
2026-07-25,wk inc covid hosp,1,2026-08-01,72,quantile,0.6,37.0
2026-07-25,wk inc covid hosp,1,2026-08-01,72,quantile,0.65,39.0
2026-07-25,wk inc covid hosp,1,2026-08-01,72,quantile,0.7,42.0
2026-07-25,wk inc covid hosp,1,2026-08-01,72,quantile,0.75,45.0
2026-07-25,wk inc covid hosp,1,2026-08-01,72,quantile,0.8,52.0
2026-07-25,wk inc covid hosp,1,2026-08-01,72,quantile,0.85,57.0
2026-07-25,wk inc covid hosp,1,2026-08-01,72,quantile,0.9,67.0
2026-07-25,wk inc covid hosp,1,2026-08-01,72,quantile,0.95,90.0
2026-07-25,wk inc covid hosp,1,2026-08-01,72,quantile,0.975,109.0
2026-07-25,wk inc covid hosp,1,2026-08-01,72,quantile,0.99,169.0
2026-07-25,wk inc covid hosp,2,2026-08-08,01,quantile,0.01,14.0
2026-07-25,wk inc covid hosp,2,2026-08-08,01,quantile,0.025,14.0
2026-07-25,wk inc covid hosp,2,2026-08-08,01,quantile,0.05,15.0
2026-07-25,wk inc covid hosp,2,2026-08-08,01,quantile,0.1,21.0
2026-07-25,wk inc covid hosp,2,2026-08-08,01,quantile,0.15,27.0
2026-07-25,wk inc covid hosp,2,2026-08-08,01,quantile,0.2,30.0
2026-07-25,wk inc covid hosp,2,2026-08-08,01,quantile,0.25,33.0
2026-07-25,wk inc covid hosp,2,2026-08-08,01,quantile,0.3,35.0
2026-07-25,wk inc covid hosp,2,2026-08-08,01,quantile,0.35,39.0
2026-07-25,wk inc covid hosp,2,2026-08-08,01,quantile,0.4,43.0
2026-07-25,wk inc covid hosp,2,2026-08-08,01,quantile,0.45,46.0
2026-07-25,wk inc covid hosp,2,2026-08-08,01,quantile,0.5,50.0
2026-07-25,wk inc covid hosp,2,2026-08-08,01,quantile,0.55,55.0
2026-07-25,wk inc covid hosp,2,2026-08-08,01,quantile,0.6,61.0
2026-07-25,wk inc covid hosp,2,2026-08-08,01,quantile,0.65,68.0
2026-07-25,wk inc covid hosp,2,2026-08-08,01,quantile,0.7,79.0
2026-07-25,wk inc covid hosp,2,2026-08-08,01,quantile,0.75,88.0
2026-07-25,wk inc covid hosp,2,2026-08-08,01,quantile,0.8,96.0
2026-07-25,wk inc covid hosp,2,2026-08-08,01,quantile,0.85,112.0
2026-07-25,wk inc covid hosp,2,2026-08-08,01,quantile,0.9,153.0
2026-07-25,wk inc covid hosp,2,2026-08-08,01,quantile,0.95,190.0
2026-07-25,wk inc covid hosp,2,2026-08-08,01,quantile,0.975,253.0
2026-07-25,wk inc covid hosp,2,2026-08-08,01,quantile,0.99,337.0
2026-07-25,wk inc covid hosp,2,2026-08-08,02,quantile,0.01,0.0
2026-07-25,wk inc covid hosp,2,2026-08-08,02,quantile,0.025,0.0
2026-07-25,wk inc covid hosp,2,2026-08-08,02,quantile,0.05,0.0
2026-07-25,wk inc covid hosp,2,2026-08-08,02,quantile,0.1,0.0
2026-07-25,wk inc covid hosp,2,2026-08-08,02,quantile,0.15,1.0
2026-07-25,wk inc covid hosp,2,2026-08-08,02,quantile,0.2,1.0
2026-07-25,wk inc covid hosp,2,2026-08-08,02,quantile,0.25,1.0
2026-07-25,wk inc covid hosp,2,2026-08-08,02,quantile,0.3,2.0
2026-07-25,wk inc covid hosp,2,2026-08-08,02,quantile,0.35,2.0
2026-07-25,wk inc covid hosp,2,2026-08-08,02,quantile,0.4,2.0
2026-07-25,wk inc covid hosp,2,2026-08-08,02,quantile,0.45,3.0
2026-07-25,wk inc covid hosp,2,2026-08-08,02,quantile,0.5,3.0
2026-07-25,wk inc covid hosp,2,2026-08-08,02,quantile,0.55,4.0
2026-07-25,wk inc covid hosp,2,2026-08-08,02,quantile,0.6,5.0
2026-07-25,wk inc covid hosp,2,2026-08-08,02,quantile,0.65,7.0
2026-07-25,wk inc covid hosp,2,2026-08-08,02,quantile,0.7,8.0
2026-07-25,wk inc covid hosp,2,2026-08-08,02,quantile,0.75,11.0
2026-07-25,wk inc covid hosp,2,2026-08-08,02,quantile,0.8,14.0
2026-07-25,wk inc covid hosp,2,2026-08-08,02,quantile,0.85,18.0
2026-07-25,wk inc covid hosp,2,2026-08-08,02,quantile,0.9,25.0
2026-07-25,wk inc covid hosp,2,2026-08-08,02,quantile,0.95,41.0
2026-07-25,wk inc covid hosp,2,2026-08-08,02,quantile,0.975,61.0
2026-07-25,wk inc covid hosp,2,2026-08-08,02,quantile,0.99,97.0
2026-07-25,wk inc covid hosp,2,2026-08-08,04,quantile,0.01,6.0
2026-07-25,wk inc covid hosp,2,2026-08-08,04,quantile,0.025,17.0
2026-07-25,wk inc covid hosp,2,2026-08-08,04,quantile,0.05,17.0
2026-07-25,wk inc covid hosp,2,2026-08-08,04,quantile,0.1,22.0
2026-07-25,wk inc covid hosp,2,2026-08-08,04,quantile,0.15,26.0
2026-07-25,wk inc covid hosp,2,2026-08-08,04,quantile,0.2,28.0
2026-07-25,wk inc covid hosp,2,2026-08-08,04,quantile,0.25,30.0
2026-07-25,wk inc covid hosp,2,2026-08-08,04,quantile,0.3,32.0
2026-07-25,wk inc covid hosp,2,2026-08-08,04,quantile,0.35,34.0
2026-07-25,wk inc covid hosp,2,2026-08-08,04,quantile,0.4,35.0
2026-07-25,wk inc covid hosp,2,2026-08-08,04,quantile,0.45,37.0
2026-07-25,wk inc covid hosp,2,2026-08-08,04,quantile,0.5,40.0
2026-07-25,wk inc covid hosp,2,2026-08-08,04,quantile,0.55,43.0
2026-07-25,wk inc covid hosp,2,2026-08-08,04,quantile,0.6,47.0
2026-07-25,wk inc covid hosp,2,2026-08-08,04,quantile,0.65,53.0
2026-07-25,wk inc covid hosp,2,2026-08-08,04,quantile,0.7,62.0
2026-07-25,wk inc covid hosp,2,2026-08-08,04,quantile,0.75,70.0
2026-07-25,wk inc covid hosp,2,2026-08-08,04,quantile,0.8,78.0
2026-07-25,wk inc covid hosp,2,2026-08-08,04,quantile,0.85,88.0
2026-07-25,wk inc covid hosp,2,2026-08-08,04,quantile,0.9,110.0
2026-07-25,wk inc covid hosp,2,2026-08-08,04,quantile,0.95,136.0
2026-07-25,wk inc covid hosp,2,2026-08-08,04,quantile,0.975,164.0
2026-07-25,wk inc covid hosp,2,2026-08-08,04,quantile,0.99,213.0
2026-07-25,wk inc covid hosp,2,2026-08-08,05,quantile,0.01,3.0
2026-07-25,wk inc covid hosp,2,2026-08-08,05,quantile,0.025,3.0
2026-07-25,wk inc covid hosp,2,2026-08-08,05,quantile,0.05,5.0
2026-07-25,wk inc covid hosp,2,2026-08-08,05,quantile,0.1,6.0
2026-07-25,wk inc covid hosp,2,2026-08-08,05,quantile,0.15,7.0
2026-07-25,wk inc covid hosp,2,2026-08-08,05,quantile,0.2,9.0
2026-07-25,wk inc covid hosp,2,2026-08-08,05,quantile,0.25,10.0
2026-07-25,wk inc covid hosp,2,2026-08-08,05,quantile,0.3,11.0
2026-07-25,wk inc covid hosp,2,2026-08-08,05,quantile,0.35,13.0
2026-07-25,wk inc covid hosp,2,2026-08-08,05,quantile,0.4,14.0
2026-07-25,wk inc covid hosp,2,2026-08-08,05,quantile,0.45,16.0
2026-07-25,wk inc covid hosp,2,2026-08-08,05,quantile,0.5,19.0
2026-07-25,wk inc covid hosp,2,2026-08-08,05,quantile,0.55,23.0
2026-07-25,wk inc covid hosp,2,2026-08-08,05,quantile,0.6,26.0
2026-07-25,wk inc covid hosp,2,2026-08-08,05,quantile,0.65,29.0
2026-07-25,wk inc covid hosp,2,2026-08-08,05,quantile,0.7,31.0
2026-07-25,wk inc covid hosp,2,2026-08-08,05,quantile,0.75,36.0
2026-07-25,wk inc covid hosp,2,2026-08-08,05,quantile,0.8,41.0
2026-07-25,wk inc covid hosp,2,2026-08-08,05,quantile,0.85,46.0
2026-07-25,wk inc covid hosp,2,2026-08-08,05,quantile,0.9,65.0
2026-07-25,wk inc covid hosp,2,2026-08-08,05,quantile,0.95,92.0
2026-07-25,wk inc covid hosp,2,2026-08-08,05,quantile,0.975,117.0
2026-07-25,wk inc covid hosp,2,2026-08-08,05,quantile,0.99,158.0
2026-07-25,wk inc covid hosp,2,2026-08-08,06,quantile,0.01,195.0
2026-07-25,wk inc covid hosp,2,2026-08-08,06,quantile,0.025,204.0
2026-07-25,wk inc covid hosp,2,2026-08-08,06,quantile,0.05,209.0
2026-07-25,wk inc covid hosp,2,2026-08-08,06,quantile,0.1,242.0
2026-07-25,wk inc covid hosp,2,2026-08-08,06,quantile,0.15,268.0
2026-07-25,wk inc covid hosp,2,2026-08-08,06,quantile,0.2,284.0
2026-07-25,wk inc covid hosp,2,2026-08-08,06,quantile,0.25,297.0
2026-07-25,wk inc covid hosp,2,2026-08-08,06,quantile,0.3,306.0
2026-07-25,wk inc covid hosp,2,2026-08-08,06,quantile,0.35,318.0
2026-07-25,wk inc covid hosp,2,2026-08-08,06,quantile,0.4,332.0
2026-07-25,wk inc covid hosp,2,2026-08-08,06,quantile,0.45,342.0
2026-07-25,wk inc covid hosp,2,2026-08-08,06,quantile,0.5,360.0
2026-07-25,wk inc covid hosp,2,2026-08-08,06,quantile,0.55,369.0
2026-07-25,wk inc covid hosp,2,2026-08-08,06,quantile,0.6,379.0
2026-07-25,wk inc covid hosp,2,2026-08-08,06,quantile,0.65,398.0
2026-07-25,wk inc covid hosp,2,2026-08-08,06,quantile,0.7,415.0
2026-07-25,wk inc covid hosp,2,2026-08-08,06,quantile,0.75,435.0
2026-07-25,wk inc covid hosp,2,2026-08-08,06,quantile,0.8,474.0
2026-07-25,wk inc covid hosp,2,2026-08-08,06,quantile,0.85,509.0
2026-07-25,wk inc covid hosp,2,2026-08-08,06,quantile,0.9,556.0
2026-07-25,wk inc covid hosp,2,2026-08-08,06,quantile,0.95,610.0
2026-07-25,wk inc covid hosp,2,2026-08-08,06,quantile,0.975,680.0
2026-07-25,wk inc covid hosp,2,2026-08-08,06,quantile,0.99,764.0
2026-07-25,wk inc covid hosp,2,2026-08-08,08,quantile,0.01,1.0
2026-07-25,wk inc covid hosp,2,2026-08-08,08,quantile,0.025,1.0
2026-07-25,wk inc covid hosp,2,2026-08-08,08,quantile,0.05,2.0
2026-07-25,wk inc covid hosp,2,2026-08-08,08,quantile,0.1,3.0
2026-07-25,wk inc covid hosp,2,2026-08-08,08,quantile,0.15,4.0
2026-07-25,wk inc covid hosp,2,2026-08-08,08,quantile,0.2,5.0
2026-07-25,wk inc covid hosp,2,2026-08-08,08,quantile,0.25,6.0
2026-07-25,wk inc covid hosp,2,2026-08-08,08,quantile,0.3,7.0
2026-07-25,wk inc covid hosp,2,2026-08-08,08,quantile,0.35,8.0
2026-07-25,wk inc covid hosp,2,2026-08-08,08,quantile,0.4,9.0
2026-07-25,wk inc covid hosp,2,2026-08-08,08,quantile,0.45,10.0
2026-07-25,wk inc covid hosp,2,2026-08-08,08,quantile,0.5,12.0
2026-07-25,wk inc covid hosp,2,2026-08-08,08,quantile,0.55,15.0
2026-07-25,wk inc covid hosp,2,2026-08-08,08,quantile,0.6,19.0
2026-07-25,wk inc covid hosp,2,2026-08-08,08,quantile,0.65,22.0
2026-07-25,wk inc covid hosp,2,2026-08-08,08,quantile,0.7,25.0
2026-07-25,wk inc covid hosp,2,2026-08-08,08,quantile,0.75,28.0
2026-07-25,wk inc covid hosp,2,2026-08-08,08,quantile,0.8,33.0
2026-07-25,wk inc covid hosp,2,2026-08-08,08,quantile,0.85,44.0
2026-07-25,wk inc covid hosp,2,2026-08-08,08,quantile,0.9,54.0
2026-07-25,wk inc covid hosp,2,2026-08-08,08,quantile,0.95,83.0
2026-07-25,wk inc covid hosp,2,2026-08-08,08,quantile,0.975,107.0
2026-07-25,wk inc covid hosp,2,2026-08-08,08,quantile,0.99,144.0
2026-07-25,wk inc covid hosp,2,2026-08-08,09,quantile,0.01,5.0
2026-07-25,wk inc covid hosp,2,2026-08-08,09,quantile,0.025,6.0
2026-07-25,wk inc covid hosp,2,2026-08-08,09,quantile,0.05,7.0
2026-07-25,wk inc covid hosp,2,2026-08-08,09,quantile,0.1,10.0
2026-07-25,wk inc covid hosp,2,2026-08-08,09,quantile,0.15,12.0
2026-07-25,wk inc covid hosp,2,2026-08-08,09,quantile,0.2,13.0
2026-07-25,wk inc covid hosp,2,2026-08-08,09,quantile,0.25,15.0
2026-07-25,wk inc covid hosp,2,2026-08-08,09,quantile,0.3,16.0
2026-07-25,wk inc covid hosp,2,2026-08-08,09,quantile,0.35,18.0
2026-07-25,wk inc covid hosp,2,2026-08-08,09,quantile,0.4,19.0
2026-07-25,wk inc covid hosp,2,2026-08-08,09,quantile,0.45,21.0
2026-07-25,wk inc covid hosp,2,2026-08-08,09,quantile,0.5,23.0
2026-07-25,wk inc covid hosp,2,2026-08-08,09,quantile,0.55,25.0
2026-07-25,wk inc covid hosp,2,2026-08-08,09,quantile,0.6,27.0
2026-07-25,wk inc covid hosp,2,2026-08-08,09,quantile,0.65,30.0
2026-07-25,wk inc covid hosp,2,2026-08-08,09,quantile,0.7,33.0
2026-07-25,wk inc covid hosp,2,2026-08-08,09,quantile,0.75,37.0
2026-07-25,wk inc covid hosp,2,2026-08-08,09,quantile,0.8,42.0
2026-07-25,wk inc covid hosp,2,2026-08-08,09,quantile,0.85,49.0
2026-07-25,wk inc covid hosp,2,2026-08-08,09,quantile,0.9,59.0
2026-07-25,wk inc covid hosp,2,2026-08-08,09,quantile,0.95,76.0
2026-07-25,wk inc covid hosp,2,2026-08-08,09,quantile,0.975,100.0
2026-07-25,wk inc covid hosp,2,2026-08-08,09,quantile,0.99,138.0
2026-07-25,wk inc covid hosp,2,2026-08-08,10,quantile,0.01,0.0
2026-07-25,wk inc covid hosp,2,2026-08-08,10,quantile,0.025,0.0
2026-07-25,wk inc covid hosp,2,2026-08-08,10,quantile,0.05,0.0
2026-07-25,wk inc covid hosp,2,2026-08-08,10,quantile,0.1,0.0
2026-07-25,wk inc covid hosp,2,2026-08-08,10,quantile,0.15,1.0
2026-07-25,wk inc covid hosp,2,2026-08-08,10,quantile,0.2,1.0
2026-07-25,wk inc covid hosp,2,2026-08-08,10,quantile,0.25,1.0
2026-07-25,wk inc covid hosp,2,2026-08-08,10,quantile,0.3,2.0
2026-07-25,wk inc covid hosp,2,2026-08-08,10,quantile,0.35,2.0
2026-07-25,wk inc covid hosp,2,2026-08-08,10,quantile,0.4,3.0
2026-07-25,wk inc covid hosp,2,2026-08-08,10,quantile,0.45,3.0
2026-07-25,wk inc covid hosp,2,2026-08-08,10,quantile,0.5,4.0
2026-07-25,wk inc covid hosp,2,2026-08-08,10,quantile,0.55,5.0
2026-07-25,wk inc covid hosp,2,2026-08-08,10,quantile,0.6,6.0
2026-07-25,wk inc covid hosp,2,2026-08-08,10,quantile,0.65,7.0
2026-07-25,wk inc covid hosp,2,2026-08-08,10,quantile,0.7,9.0
2026-07-25,wk inc covid hosp,2,2026-08-08,10,quantile,0.75,12.0
2026-07-25,wk inc covid hosp,2,2026-08-08,10,quantile,0.8,15.0
2026-07-25,wk inc covid hosp,2,2026-08-08,10,quantile,0.85,20.0
2026-07-25,wk inc covid hosp,2,2026-08-08,10,quantile,0.9,27.0
2026-07-25,wk inc covid hosp,2,2026-08-08,10,quantile,0.95,42.0
2026-07-25,wk inc covid hosp,2,2026-08-08,10,quantile,0.975,62.0
2026-07-25,wk inc covid hosp,2,2026-08-08,10,quantile,0.99,97.0
2026-07-25,wk inc covid hosp,2,2026-08-08,11,quantile,0.01,0.0
2026-07-25,wk inc covid hosp,2,2026-08-08,11,quantile,0.025,0.0
2026-07-25,wk inc covid hosp,2,2026-08-08,11,quantile,0.05,0.0
2026-07-25,wk inc covid hosp,2,2026-08-08,11,quantile,0.1,1.0
2026-07-25,wk inc covid hosp,2,2026-08-08,11,quantile,0.15,1.0
2026-07-25,wk inc covid hosp,2,2026-08-08,11,quantile,0.2,1.0
2026-07-25,wk inc covid hosp,2,2026-08-08,11,quantile,0.25,2.0
2026-07-25,wk inc covid hosp,2,2026-08-08,11,quantile,0.3,2.0
2026-07-25,wk inc covid hosp,2,2026-08-08,11,quantile,0.35,3.0
2026-07-25,wk inc covid hosp,2,2026-08-08,11,quantile,0.4,3.0
2026-07-25,wk inc covid hosp,2,2026-08-08,11,quantile,0.45,4.0
2026-07-25,wk inc covid hosp,2,2026-08-08,11,quantile,0.5,5.0
2026-07-25,wk inc covid hosp,2,2026-08-08,11,quantile,0.55,6.0
2026-07-25,wk inc covid hosp,2,2026-08-08,11,quantile,0.6,7.0
2026-07-25,wk inc covid hosp,2,2026-08-08,11,quantile,0.65,8.0
2026-07-25,wk inc covid hosp,2,2026-08-08,11,quantile,0.7,10.0
2026-07-25,wk inc covid hosp,2,2026-08-08,11,quantile,0.75,13.0
2026-07-25,wk inc covid hosp,2,2026-08-08,11,quantile,0.8,16.0
2026-07-25,wk inc covid hosp,2,2026-08-08,11,quantile,0.85,20.0
2026-07-25,wk inc covid hosp,2,2026-08-08,11,quantile,0.9,27.0
2026-07-25,wk inc covid hosp,2,2026-08-08,11,quantile,0.95,43.0
2026-07-25,wk inc covid hosp,2,2026-08-08,11,quantile,0.975,62.0
2026-07-25,wk inc covid hosp,2,2026-08-08,11,quantile,0.99,98.0
2026-07-25,wk inc covid hosp,2,2026-08-08,12,quantile,0.01,130.0
2026-07-25,wk inc covid hosp,2,2026-08-08,12,quantile,0.025,149.0
2026-07-25,wk inc covid hosp,2,2026-08-08,12,quantile,0.05,151.0
2026-07-25,wk inc covid hosp,2,2026-08-08,12,quantile,0.1,171.0
2026-07-25,wk inc covid hosp,2,2026-08-08,12,quantile,0.15,182.0
2026-07-25,wk inc covid hosp,2,2026-08-08,12,quantile,0.2,195.0
2026-07-25,wk inc covid hosp,2,2026-08-08,12,quantile,0.25,207.0
2026-07-25,wk inc covid hosp,2,2026-08-08,12,quantile,0.3,217.0
2026-07-25,wk inc covid hosp,2,2026-08-08,12,quantile,0.35,224.0
2026-07-25,wk inc covid hosp,2,2026-08-08,12,quantile,0.4,240.0
2026-07-25,wk inc covid hosp,2,2026-08-08,12,quantile,0.45,256.0
2026-07-25,wk inc covid hosp,2,2026-08-08,12,quantile,0.5,273.0
2026-07-25,wk inc covid hosp,2,2026-08-08,12,quantile,0.55,298.0
2026-07-25,wk inc covid hosp,2,2026-08-08,12,quantile,0.6,322.0
2026-07-25,wk inc covid hosp,2,2026-08-08,12,quantile,0.65,352.0
2026-07-25,wk inc covid hosp,2,2026-08-08,12,quantile,0.7,372.0
2026-07-25,wk inc covid hosp,2,2026-08-08,12,quantile,0.75,418.0
2026-07-25,wk inc covid hosp,2,2026-08-08,12,quantile,0.8,453.0
2026-07-25,wk inc covid hosp,2,2026-08-08,12,quantile,0.85,485.0
2026-07-25,wk inc covid hosp,2,2026-08-08,12,quantile,0.9,544.0
2026-07-25,wk inc covid hosp,2,2026-08-08,12,quantile,0.95,854.0
2026-07-25,wk inc covid hosp,2,2026-08-08,12,quantile,0.975,1018.0
2026-07-25,wk inc covid hosp,2,2026-08-08,12,quantile,0.99,1166.0
2026-07-25,wk inc covid hosp,2,2026-08-08,13,quantile,0.01,21.0
2026-07-25,wk inc covid hosp,2,2026-08-08,13,quantile,0.025,34.0
2026-07-25,wk inc covid hosp,2,2026-08-08,13,quantile,0.05,36.0
2026-07-25,wk inc covid hosp,2,2026-08-08,13,quantile,0.1,40.0
2026-07-25,wk inc covid hosp,2,2026-08-08,13,quantile,0.15,45.0
2026-07-25,wk inc covid hosp,2,2026-08-08,13,quantile,0.2,49.0
2026-07-25,wk inc covid hosp,2,2026-08-08,13,quantile,0.25,53.0
2026-07-25,wk inc covid hosp,2,2026-08-08,13,quantile,0.3,56.0
2026-07-25,wk inc covid hosp,2,2026-08-08,13,quantile,0.35,59.0
2026-07-25,wk inc covid hosp,2,2026-08-08,13,quantile,0.4,64.0
2026-07-25,wk inc covid hosp,2,2026-08-08,13,quantile,0.45,71.0
2026-07-25,wk inc covid hosp,2,2026-08-08,13,quantile,0.5,78.0
2026-07-25,wk inc covid hosp,2,2026-08-08,13,quantile,0.55,97.0
2026-07-25,wk inc covid hosp,2,2026-08-08,13,quantile,0.6,115.0
2026-07-25,wk inc covid hosp,2,2026-08-08,13,quantile,0.65,125.0
2026-07-25,wk inc covid hosp,2,2026-08-08,13,quantile,0.7,138.0
2026-07-25,wk inc covid hosp,2,2026-08-08,13,quantile,0.75,158.0
2026-07-25,wk inc covid hosp,2,2026-08-08,13,quantile,0.8,179.0
2026-07-25,wk inc covid hosp,2,2026-08-08,13,quantile,0.85,204.0
2026-07-25,wk inc covid hosp,2,2026-08-08,13,quantile,0.9,265.0
2026-07-25,wk inc covid hosp,2,2026-08-08,13,quantile,0.95,429.0
2026-07-25,wk inc covid hosp,2,2026-08-08,13,quantile,0.975,531.0
2026-07-25,wk inc covid hosp,2,2026-08-08,13,quantile,0.99,619.0
2026-07-25,wk inc covid hosp,2,2026-08-08,15,quantile,0.01,1.0
2026-07-25,wk inc covid hosp,2,2026-08-08,15,quantile,0.025,1.0
2026-07-25,wk inc covid hosp,2,2026-08-08,15,quantile,0.05,2.0
2026-07-25,wk inc covid hosp,2,2026-08-08,15,quantile,0.1,3.0
2026-07-25,wk inc covid hosp,2,2026-08-08,15,quantile,0.15,3.0
2026-07-25,wk inc covid hosp,2,2026-08-08,15,quantile,0.2,4.0
2026-07-25,wk inc covid hosp,2,2026-08-08,15,quantile,0.25,5.0
2026-07-25,wk inc covid hosp,2,2026-08-08,15,quantile,0.3,5.0
2026-07-25,wk inc covid hosp,2,2026-08-08,15,quantile,0.35,6.0
2026-07-25,wk inc covid hosp,2,2026-08-08,15,quantile,0.4,7.0
2026-07-25,wk inc covid hosp,2,2026-08-08,15,quantile,0.45,9.0
2026-07-25,wk inc covid hosp,2,2026-08-08,15,quantile,0.5,10.0
2026-07-25,wk inc covid hosp,2,2026-08-08,15,quantile,0.55,11.0
2026-07-25,wk inc covid hosp,2,2026-08-08,15,quantile,0.6,13.0
2026-07-25,wk inc covid hosp,2,2026-08-08,15,quantile,0.65,15.0
2026-07-25,wk inc covid hosp,2,2026-08-08,15,quantile,0.7,17.0
2026-07-25,wk inc covid hosp,2,2026-08-08,15,quantile,0.75,21.0
2026-07-25,wk inc covid hosp,2,2026-08-08,15,quantile,0.8,26.0
2026-07-25,wk inc covid hosp,2,2026-08-08,15,quantile,0.85,31.0
2026-07-25,wk inc covid hosp,2,2026-08-08,15,quantile,0.9,40.0
2026-07-25,wk inc covid hosp,2,2026-08-08,15,quantile,0.95,86.0
2026-07-25,wk inc covid hosp,2,2026-08-08,15,quantile,0.975,132.0
2026-07-25,wk inc covid hosp,2,2026-08-08,15,quantile,0.99,188.0
2026-07-25,wk inc covid hosp,2,2026-08-08,16,quantile,0.01,2.0
2026-07-25,wk inc covid hosp,2,2026-08-08,16,quantile,0.025,2.0
2026-07-25,wk inc covid hosp,2,2026-08-08,16,quantile,0.05,3.0
2026-07-25,wk inc covid hosp,2,2026-08-08,16,quantile,0.1,3.0
2026-07-25,wk inc covid hosp,2,2026-08-08,16,quantile,0.15,4.0
2026-07-25,wk inc covid hosp,2,2026-08-08,16,quantile,0.2,5.0
2026-07-25,wk inc covid hosp,2,2026-08-08,16,quantile,0.25,6.0
2026-07-25,wk inc covid hosp,2,2026-08-08,16,quantile,0.3,7.0
2026-07-25,wk inc covid hosp,2,2026-08-08,16,quantile,0.35,7.0
2026-07-25,wk inc covid hosp,2,2026-08-08,16,quantile,0.4,8.0
2026-07-25,wk inc covid hosp,2,2026-08-08,16,quantile,0.45,9.0
2026-07-25,wk inc covid hosp,2,2026-08-08,16,quantile,0.5,11.0
2026-07-25,wk inc covid hosp,2,2026-08-08,16,quantile,0.55,13.0
2026-07-25,wk inc covid hosp,2,2026-08-08,16,quantile,0.6,14.0
2026-07-25,wk inc covid hosp,2,2026-08-08,16,quantile,0.65,16.0
2026-07-25,wk inc covid hosp,2,2026-08-08,16,quantile,0.7,19.0
2026-07-25,wk inc covid hosp,2,2026-08-08,16,quantile,0.75,21.0
2026-07-25,wk inc covid hosp,2,2026-08-08,16,quantile,0.8,25.0
2026-07-25,wk inc covid hosp,2,2026-08-08,16,quantile,0.85,31.0
2026-07-25,wk inc covid hosp,2,2026-08-08,16,quantile,0.9,40.0
2026-07-25,wk inc covid hosp,2,2026-08-08,16,quantile,0.95,65.0
2026-07-25,wk inc covid hosp,2,2026-08-08,16,quantile,0.975,88.0
2026-07-25,wk inc covid hosp,2,2026-08-08,16,quantile,0.99,128.0
2026-07-25,wk inc covid hosp,2,2026-08-08,17,quantile,0.01,21.0
2026-07-25,wk inc covid hosp,2,2026-08-08,17,quantile,0.025,23.0
2026-07-25,wk inc covid hosp,2,2026-08-08,17,quantile,0.05,27.0
2026-07-25,wk inc covid hosp,2,2026-08-08,17,quantile,0.1,31.0
2026-07-25,wk inc covid hosp,2,2026-08-08,17,quantile,0.15,36.0
2026-07-25,wk inc covid hosp,2,2026-08-08,17,quantile,0.2,40.0
2026-07-25,wk inc covid hosp,2,2026-08-08,17,quantile,0.25,44.0
2026-07-25,wk inc covid hosp,2,2026-08-08,17,quantile,0.3,47.0
2026-07-25,wk inc covid hosp,2,2026-08-08,17,quantile,0.35,50.0
2026-07-25,wk inc covid hosp,2,2026-08-08,17,quantile,0.4,53.0
2026-07-25,wk inc covid hosp,2,2026-08-08,17,quantile,0.45,56.0
2026-07-25,wk inc covid hosp,2,2026-08-08,17,quantile,0.5,59.0
2026-07-25,wk inc covid hosp,2,2026-08-08,17,quantile,0.55,67.0
2026-07-25,wk inc covid hosp,2,2026-08-08,17,quantile,0.6,73.0
2026-07-25,wk inc covid hosp,2,2026-08-08,17,quantile,0.65,81.0
2026-07-25,wk inc covid hosp,2,2026-08-08,17,quantile,0.7,86.0
2026-07-25,wk inc covid hosp,2,2026-08-08,17,quantile,0.75,102.0
2026-07-25,wk inc covid hosp,2,2026-08-08,17,quantile,0.8,115.0
2026-07-25,wk inc covid hosp,2,2026-08-08,17,quantile,0.85,127.0
2026-07-25,wk inc covid hosp,2,2026-08-08,17,quantile,0.9,143.0
2026-07-25,wk inc covid hosp,2,2026-08-08,17,quantile,0.95,163.0
2026-07-25,wk inc covid hosp,2,2026-08-08,17,quantile,0.975,192.0
2026-07-25,wk inc covid hosp,2,2026-08-08,17,quantile,0.99,228.0
2026-07-25,wk inc covid hosp,2,2026-08-08,18,quantile,0.01,2.0
2026-07-25,wk inc covid hosp,2,2026-08-08,18,quantile,0.025,3.0
2026-07-25,wk inc covid hosp,2,2026-08-08,18,quantile,0.05,4.0
2026-07-25,wk inc covid hosp,2,2026-08-08,18,quantile,0.1,7.0
2026-07-25,wk inc covid hosp,2,2026-08-08,18,quantile,0.15,8.0
2026-07-25,wk inc covid hosp,2,2026-08-08,18,quantile,0.2,9.0
2026-07-25,wk inc covid hosp,2,2026-08-08,18,quantile,0.25,10.0
2026-07-25,wk inc covid hosp,2,2026-08-08,18,quantile,0.3,12.0
2026-07-25,wk inc covid hosp,2,2026-08-08,18,quantile,0.35,13.0
2026-07-25,wk inc covid hosp,2,2026-08-08,18,quantile,0.4,15.0
2026-07-25,wk inc covid hosp,2,2026-08-08,18,quantile,0.45,18.0
2026-07-25,wk inc covid hosp,2,2026-08-08,18,quantile,0.5,20.0
2026-07-25,wk inc covid hosp,2,2026-08-08,18,quantile,0.55,25.0
2026-07-25,wk inc covid hosp,2,2026-08-08,18,quantile,0.6,28.0
2026-07-25,wk inc covid hosp,2,2026-08-08,18,quantile,0.65,32.0
2026-07-25,wk inc covid hosp,2,2026-08-08,18,quantile,0.7,37.0
2026-07-25,wk inc covid hosp,2,2026-08-08,18,quantile,0.75,42.0
2026-07-25,wk inc covid hosp,2,2026-08-08,18,quantile,0.8,51.0
2026-07-25,wk inc covid hosp,2,2026-08-08,18,quantile,0.85,65.0
2026-07-25,wk inc covid hosp,2,2026-08-08,18,quantile,0.9,74.0
2026-07-25,wk inc covid hosp,2,2026-08-08,18,quantile,0.95,118.0
2026-07-25,wk inc covid hosp,2,2026-08-08,18,quantile,0.975,153.0
2026-07-25,wk inc covid hosp,2,2026-08-08,18,quantile,0.99,196.0
2026-07-25,wk inc covid hosp,2,2026-08-08,19,quantile,0.01,0.0
2026-07-25,wk inc covid hosp,2,2026-08-08,19,quantile,0.025,0.0
2026-07-25,wk inc covid hosp,2,2026-08-08,19,quantile,0.05,1.0
2026-07-25,wk inc covid hosp,2,2026-08-08,19,quantile,0.1,1.0
2026-07-25,wk inc covid hosp,2,2026-08-08,19,quantile,0.15,2.0
2026-07-25,wk inc covid hosp,2,2026-08-08,19,quantile,0.2,3.0
2026-07-25,wk inc covid hosp,2,2026-08-08,19,quantile,0.25,3.0
2026-07-25,wk inc covid hosp,2,2026-08-08,19,quantile,0.3,5.0
2026-07-25,wk inc covid hosp,2,2026-08-08,19,quantile,0.35,6.0
2026-07-25,wk inc covid hosp,2,2026-08-08,19,quantile,0.4,7.0
2026-07-25,wk inc covid hosp,2,2026-08-08,19,quantile,0.45,7.0
2026-07-25,wk inc covid hosp,2,2026-08-08,19,quantile,0.5,9.0
2026-07-25,wk inc covid hosp,2,2026-08-08,19,quantile,0.55,11.0
2026-07-25,wk inc covid hosp,2,2026-08-08,19,quantile,0.6,13.0
2026-07-25,wk inc covid hosp,2,2026-08-08,19,quantile,0.65,17.0
2026-07-25,wk inc covid hosp,2,2026-08-08,19,quantile,0.7,21.0
2026-07-25,wk inc covid hosp,2,2026-08-08,19,quantile,0.75,25.0
2026-07-25,wk inc covid hosp,2,2026-08-08,19,quantile,0.8,29.0
2026-07-25,wk inc covid hosp,2,2026-08-08,19,quantile,0.85,34.0
2026-07-25,wk inc covid hosp,2,2026-08-08,19,quantile,0.9,46.0
2026-07-25,wk inc covid hosp,2,2026-08-08,19,quantile,0.95,64.0
2026-07-25,wk inc covid hosp,2,2026-08-08,19,quantile,0.975,87.0
2026-07-25,wk inc covid hosp,2,2026-08-08,19,quantile,0.99,125.0
2026-07-25,wk inc covid hosp,2,2026-08-08,20,quantile,0.01,2.0
2026-07-25,wk inc covid hosp,2,2026-08-08,20,quantile,0.025,3.0
2026-07-25,wk inc covid hosp,2,2026-08-08,20,quantile,0.05,3.0
2026-07-25,wk inc covid hosp,2,2026-08-08,20,quantile,0.1,4.0
2026-07-25,wk inc covid hosp,2,2026-08-08,20,quantile,0.15,5.0
2026-07-25,wk inc covid hosp,2,2026-08-08,20,quantile,0.2,6.0
2026-07-25,wk inc covid hosp,2,2026-08-08,20,quantile,0.25,7.0
2026-07-25,wk inc covid hosp,2,2026-08-08,20,quantile,0.3,8.0
2026-07-25,wk inc covid hosp,2,2026-08-08,20,quantile,0.35,9.0
2026-07-25,wk inc covid hosp,2,2026-08-08,20,quantile,0.4,10.0
2026-07-25,wk inc covid hosp,2,2026-08-08,20,quantile,0.45,11.0
2026-07-25,wk inc covid hosp,2,2026-08-08,20,quantile,0.5,13.0
2026-07-25,wk inc covid hosp,2,2026-08-08,20,quantile,0.55,17.0
2026-07-25,wk inc covid hosp,2,2026-08-08,20,quantile,0.6,19.0
2026-07-25,wk inc covid hosp,2,2026-08-08,20,quantile,0.65,22.0
2026-07-25,wk inc covid hosp,2,2026-08-08,20,quantile,0.7,26.0
2026-07-25,wk inc covid hosp,2,2026-08-08,20,quantile,0.75,29.0
2026-07-25,wk inc covid hosp,2,2026-08-08,20,quantile,0.8,34.0
2026-07-25,wk inc covid hosp,2,2026-08-08,20,quantile,0.85,41.0
2026-07-25,wk inc covid hosp,2,2026-08-08,20,quantile,0.9,53.0
2026-07-25,wk inc covid hosp,2,2026-08-08,20,quantile,0.95,79.0
2026-07-25,wk inc covid hosp,2,2026-08-08,20,quantile,0.975,101.0
2026-07-25,wk inc covid hosp,2,2026-08-08,20,quantile,0.99,137.0
2026-07-25,wk inc covid hosp,2,2026-08-08,21,quantile,0.01,2.0
2026-07-25,wk inc covid hosp,2,2026-08-08,21,quantile,0.025,3.0
2026-07-25,wk inc covid hosp,2,2026-08-08,21,quantile,0.05,5.0
2026-07-25,wk inc covid hosp,2,2026-08-08,21,quantile,0.1,6.0
2026-07-25,wk inc covid hosp,2,2026-08-08,21,quantile,0.15,7.0
2026-07-25,wk inc covid hosp,2,2026-08-08,21,quantile,0.2,9.0
2026-07-25,wk inc covid hosp,2,2026-08-08,21,quantile,0.25,10.0
2026-07-25,wk inc covid hosp,2,2026-08-08,21,quantile,0.3,11.0
2026-07-25,wk inc covid hosp,2,2026-08-08,21,quantile,0.35,13.0
2026-07-25,wk inc covid hosp,2,2026-08-08,21,quantile,0.4,15.0
2026-07-25,wk inc covid hosp,2,2026-08-08,21,quantile,0.45,17.0
2026-07-25,wk inc covid hosp,2,2026-08-08,21,quantile,0.5,22.0
2026-07-25,wk inc covid hosp,2,2026-08-08,21,quantile,0.55,28.0
2026-07-25,wk inc covid hosp,2,2026-08-08,21,quantile,0.6,37.0
2026-07-25,wk inc covid hosp,2,2026-08-08,21,quantile,0.65,41.0
2026-07-25,wk inc covid hosp,2,2026-08-08,21,quantile,0.7,51.0
2026-07-25,wk inc covid hosp,2,2026-08-08,21,quantile,0.75,58.0
2026-07-25,wk inc covid hosp,2,2026-08-08,21,quantile,0.8,64.0
2026-07-25,wk inc covid hosp,2,2026-08-08,21,quantile,0.85,87.0
2026-07-25,wk inc covid hosp,2,2026-08-08,21,quantile,0.9,114.0
2026-07-25,wk inc covid hosp,2,2026-08-08,21,quantile,0.95,171.0
2026-07-25,wk inc covid hosp,2,2026-08-08,21,quantile,0.975,243.0
2026-07-25,wk inc covid hosp,2,2026-08-08,21,quantile,0.99,307.0
2026-07-25,wk inc covid hosp,2,2026-08-08,22,quantile,0.01,16.0
2026-07-25,wk inc covid hosp,2,2026-08-08,22,quantile,0.025,17.0
2026-07-25,wk inc covid hosp,2,2026-08-08,22,quantile,0.05,17.0
2026-07-25,wk inc covid hosp,2,2026-08-08,22,quantile,0.1,20.0
2026-07-25,wk inc covid hosp,2,2026-08-08,22,quantile,0.15,23.0
2026-07-25,wk inc covid hosp,2,2026-08-08,22,quantile,0.2,24.0
2026-07-25,wk inc covid hosp,2,2026-08-08,22,quantile,0.25,26.0
2026-07-25,wk inc covid hosp,2,2026-08-08,22,quantile,0.3,29.0
2026-07-25,wk inc covid hosp,2,2026-08-08,22,quantile,0.35,31.0
2026-07-25,wk inc covid hosp,2,2026-08-08,22,quantile,0.4,34.0
2026-07-25,wk inc covid hosp,2,2026-08-08,22,quantile,0.45,37.0
2026-07-25,wk inc covid hosp,2,2026-08-08,22,quantile,0.5,41.0
2026-07-25,wk inc covid hosp,2,2026-08-08,22,quantile,0.55,48.0
2026-07-25,wk inc covid hosp,2,2026-08-08,22,quantile,0.6,52.0
2026-07-25,wk inc covid hosp,2,2026-08-08,22,quantile,0.65,61.0
2026-07-25,wk inc covid hosp,2,2026-08-08,22,quantile,0.7,71.0
2026-07-25,wk inc covid hosp,2,2026-08-08,22,quantile,0.75,76.0
2026-07-25,wk inc covid hosp,2,2026-08-08,22,quantile,0.8,85.0
2026-07-25,wk inc covid hosp,2,2026-08-08,22,quantile,0.85,100.0
2026-07-25,wk inc covid hosp,2,2026-08-08,22,quantile,0.9,121.0
2026-07-25,wk inc covid hosp,2,2026-08-08,22,quantile,0.95,178.0
2026-07-25,wk inc covid hosp,2,2026-08-08,22,quantile,0.975,269.0
2026-07-25,wk inc covid hosp,2,2026-08-08,22,quantile,0.99,348.0
2026-07-25,wk inc covid hosp,2,2026-08-08,23,quantile,0.01,0.0
2026-07-25,wk inc covid hosp,2,2026-08-08,23,quantile,0.025,0.0
2026-07-25,wk inc covid hosp,2,2026-08-08,23,quantile,0.05,0.0
2026-07-25,wk inc covid hosp,2,2026-08-08,23,quantile,0.1,0.0
2026-07-25,wk inc covid hosp,2,2026-08-08,23,quantile,0.15,0.0
2026-07-25,wk inc covid hosp,2,2026-08-08,23,quantile,0.2,1.0
2026-07-25,wk inc covid hosp,2,2026-08-08,23,quantile,0.25,1.0
2026-07-25,wk inc covid hosp,2,2026-08-08,23,quantile,0.3,1.0
2026-07-25,wk inc covid hosp,2,2026-08-08,23,quantile,0.35,2.0
2026-07-25,wk inc covid hosp,2,2026-08-08,23,quantile,0.4,2.0
2026-07-25,wk inc covid hosp,2,2026-08-08,23,quantile,0.45,2.0
2026-07-25,wk inc covid hosp,2,2026-08-08,23,quantile,0.5,3.0
2026-07-25,wk inc covid hosp,2,2026-08-08,23,quantile,0.55,4.0
2026-07-25,wk inc covid hosp,2,2026-08-08,23,quantile,0.6,5.0
2026-07-25,wk inc covid hosp,2,2026-08-08,23,quantile,0.65,7.0
2026-07-25,wk inc covid hosp,2,2026-08-08,23,quantile,0.7,9.0
2026-07-25,wk inc covid hosp,2,2026-08-08,23,quantile,0.75,11.0
2026-07-25,wk inc covid hosp,2,2026-08-08,23,quantile,0.8,14.0
2026-07-25,wk inc covid hosp,2,2026-08-08,23,quantile,0.85,18.0
2026-07-25,wk inc covid hosp,2,2026-08-08,23,quantile,0.9,26.0
2026-07-25,wk inc covid hosp,2,2026-08-08,23,quantile,0.95,41.0
2026-07-25,wk inc covid hosp,2,2026-08-08,23,quantile,0.975,61.0
2026-07-25,wk inc covid hosp,2,2026-08-08,23,quantile,0.99,98.0
2026-07-25,wk inc covid hosp,2,2026-08-08,24,quantile,0.01,1.0
2026-07-25,wk inc covid hosp,2,2026-08-08,24,quantile,0.025,1.0
2026-07-25,wk inc covid hosp,2,2026-08-08,24,quantile,0.05,2.0
2026-07-25,wk inc covid hosp,2,2026-08-08,24,quantile,0.1,4.0
2026-07-25,wk inc covid hosp,2,2026-08-08,24,quantile,0.15,4.0
2026-07-25,wk inc covid hosp,2,2026-08-08,24,quantile,0.2,5.0
2026-07-25,wk inc covid hosp,2,2026-08-08,24,quantile,0.25,6.0
2026-07-25,wk inc covid hosp,2,2026-08-08,24,quantile,0.3,7.0
2026-07-25,wk inc covid hosp,2,2026-08-08,24,quantile,0.35,8.0
2026-07-25,wk inc covid hosp,2,2026-08-08,24,quantile,0.4,9.0
2026-07-25,wk inc covid hosp,2,2026-08-08,24,quantile,0.45,10.0
2026-07-25,wk inc covid hosp,2,2026-08-08,24,quantile,0.5,11.0
2026-07-25,wk inc covid hosp,2,2026-08-08,24,quantile,0.55,14.0
2026-07-25,wk inc covid hosp,2,2026-08-08,24,quantile,0.6,19.0
2026-07-25,wk inc covid hosp,2,2026-08-08,24,quantile,0.65,22.0
2026-07-25,wk inc covid hosp,2,2026-08-08,24,quantile,0.7,25.0
2026-07-25,wk inc covid hosp,2,2026-08-08,24,quantile,0.75,29.0
2026-07-25,wk inc covid hosp,2,2026-08-08,24,quantile,0.8,36.0
2026-07-25,wk inc covid hosp,2,2026-08-08,24,quantile,0.85,42.0
2026-07-25,wk inc covid hosp,2,2026-08-08,24,quantile,0.9,51.0
2026-07-25,wk inc covid hosp,2,2026-08-08,24,quantile,0.95,68.0
2026-07-25,wk inc covid hosp,2,2026-08-08,24,quantile,0.975,89.0
2026-07-25,wk inc covid hosp,2,2026-08-08,24,quantile,0.99,125.0
2026-07-25,wk inc covid hosp,2,2026-08-08,25,quantile,0.01,1.0
2026-07-25,wk inc covid hosp,2,2026-08-08,25,quantile,0.025,5.0
2026-07-25,wk inc covid hosp,2,2026-08-08,25,quantile,0.05,7.0
2026-07-25,wk inc covid hosp,2,2026-08-08,25,quantile,0.1,8.0
2026-07-25,wk inc covid hosp,2,2026-08-08,25,quantile,0.15,8.0
2026-07-25,wk inc covid hosp,2,2026-08-08,25,quantile,0.2,10.0
2026-07-25,wk inc covid hosp,2,2026-08-08,25,quantile,0.25,13.0
2026-07-25,wk inc covid hosp,2,2026-08-08,25,quantile,0.3,15.0
2026-07-25,wk inc covid hosp,2,2026-08-08,25,quantile,0.35,17.0
2026-07-25,wk inc covid hosp,2,2026-08-08,25,quantile,0.4,19.0
2026-07-25,wk inc covid hosp,2,2026-08-08,25,quantile,0.45,21.0
2026-07-25,wk inc covid hosp,2,2026-08-08,25,quantile,0.5,23.0
2026-07-25,wk inc covid hosp,2,2026-08-08,25,quantile,0.55,25.0
2026-07-25,wk inc covid hosp,2,2026-08-08,25,quantile,0.6,28.0
2026-07-25,wk inc covid hosp,2,2026-08-08,25,quantile,0.65,35.0
2026-07-25,wk inc covid hosp,2,2026-08-08,25,quantile,0.7,43.0
2026-07-25,wk inc covid hosp,2,2026-08-08,25,quantile,0.75,48.0
2026-07-25,wk inc covid hosp,2,2026-08-08,25,quantile,0.8,52.0
2026-07-25,wk inc covid hosp,2,2026-08-08,25,quantile,0.85,59.0
2026-07-25,wk inc covid hosp,2,2026-08-08,25,quantile,0.9,68.0
2026-07-25,wk inc covid hosp,2,2026-08-08,25,quantile,0.95,87.0
2026-07-25,wk inc covid hosp,2,2026-08-08,25,quantile,0.975,112.0
2026-07-25,wk inc covid hosp,2,2026-08-08,25,quantile,0.99,156.0
2026-07-25,wk inc covid hosp,2,2026-08-08,26,quantile,0.01,6.0
2026-07-25,wk inc covid hosp,2,2026-08-08,26,quantile,0.025,7.0
2026-07-25,wk inc covid hosp,2,2026-08-08,26,quantile,0.05,8.0
2026-07-25,wk inc covid hosp,2,2026-08-08,26,quantile,0.1,12.0
2026-07-25,wk inc covid hosp,2,2026-08-08,26,quantile,0.15,14.0
2026-07-25,wk inc covid hosp,2,2026-08-08,26,quantile,0.2,15.0
2026-07-25,wk inc covid hosp,2,2026-08-08,26,quantile,0.25,17.0
2026-07-25,wk inc covid hosp,2,2026-08-08,26,quantile,0.3,19.0
2026-07-25,wk inc covid hosp,2,2026-08-08,26,quantile,0.35,21.0
2026-07-25,wk inc covid hosp,2,2026-08-08,26,quantile,0.4,23.0
2026-07-25,wk inc covid hosp,2,2026-08-08,26,quantile,0.45,26.0
2026-07-25,wk inc covid hosp,2,2026-08-08,26,quantile,0.5,29.0
2026-07-25,wk inc covid hosp,2,2026-08-08,26,quantile,0.55,32.0
2026-07-25,wk inc covid hosp,2,2026-08-08,26,quantile,0.6,35.0
2026-07-25,wk inc covid hosp,2,2026-08-08,26,quantile,0.65,39.0
2026-07-25,wk inc covid hosp,2,2026-08-08,26,quantile,0.7,44.0
2026-07-25,wk inc covid hosp,2,2026-08-08,26,quantile,0.75,53.0
2026-07-25,wk inc covid hosp,2,2026-08-08,26,quantile,0.8,62.0
2026-07-25,wk inc covid hosp,2,2026-08-08,26,quantile,0.85,75.0
2026-07-25,wk inc covid hosp,2,2026-08-08,26,quantile,0.9,84.0
2026-07-25,wk inc covid hosp,2,2026-08-08,26,quantile,0.95,100.0
2026-07-25,wk inc covid hosp,2,2026-08-08,26,quantile,0.975,130.0
2026-07-25,wk inc covid hosp,2,2026-08-08,26,quantile,0.99,176.0
2026-07-25,wk inc covid hosp,2,2026-08-08,27,quantile,0.01,2.0
2026-07-25,wk inc covid hosp,2,2026-08-08,27,quantile,0.025,3.0
2026-07-25,wk inc covid hosp,2,2026-08-08,27,quantile,0.05,3.0
2026-07-25,wk inc covid hosp,2,2026-08-08,27,quantile,0.1,4.0
2026-07-25,wk inc covid hosp,2,2026-08-08,27,quantile,0.15,5.0
2026-07-25,wk inc covid hosp,2,2026-08-08,27,quantile,0.2,5.0
2026-07-25,wk inc covid hosp,2,2026-08-08,27,quantile,0.25,7.0
2026-07-25,wk inc covid hosp,2,2026-08-08,27,quantile,0.3,8.0
2026-07-25,wk inc covid hosp,2,2026-08-08,27,quantile,0.35,9.0
2026-07-25,wk inc covid hosp,2,2026-08-08,27,quantile,0.4,11.0
2026-07-25,wk inc covid hosp,2,2026-08-08,27,quantile,0.45,12.0
2026-07-25,wk inc covid hosp,2,2026-08-08,27,quantile,0.5,14.0
2026-07-25,wk inc covid hosp,2,2026-08-08,27,quantile,0.55,15.0
2026-07-25,wk inc covid hosp,2,2026-08-08,27,quantile,0.6,20.0
2026-07-25,wk inc covid hosp,2,2026-08-08,27,quantile,0.65,23.0
2026-07-25,wk inc covid hosp,2,2026-08-08,27,quantile,0.7,26.0
2026-07-25,wk inc covid hosp,2,2026-08-08,27,quantile,0.75,34.0
2026-07-25,wk inc covid hosp,2,2026-08-08,27,quantile,0.8,38.0
2026-07-25,wk inc covid hosp,2,2026-08-08,27,quantile,0.85,44.0
2026-07-25,wk inc covid hosp,2,2026-08-08,27,quantile,0.9,52.0
2026-07-25,wk inc covid hosp,2,2026-08-08,27,quantile,0.95,70.0
2026-07-25,wk inc covid hosp,2,2026-08-08,27,quantile,0.975,94.0
2026-07-25,wk inc covid hosp,2,2026-08-08,27,quantile,0.99,131.0
2026-07-25,wk inc covid hosp,2,2026-08-08,28,quantile,0.01,4.0
2026-07-25,wk inc covid hosp,2,2026-08-08,28,quantile,0.025,6.0
2026-07-25,wk inc covid hosp,2,2026-08-08,28,quantile,0.05,6.0
2026-07-25,wk inc covid hosp,2,2026-08-08,28,quantile,0.1,9.0
2026-07-25,wk inc covid hosp,2,2026-08-08,28,quantile,0.15,10.0
2026-07-25,wk inc covid hosp,2,2026-08-08,28,quantile,0.2,11.0
2026-07-25,wk inc covid hosp,2,2026-08-08,28,quantile,0.25,12.0
2026-07-25,wk inc covid hosp,2,2026-08-08,28,quantile,0.3,13.0
2026-07-25,wk inc covid hosp,2,2026-08-08,28,quantile,0.35,14.0
2026-07-25,wk inc covid hosp,2,2026-08-08,28,quantile,0.4,16.0
2026-07-25,wk inc covid hosp,2,2026-08-08,28,quantile,0.45,17.0
2026-07-25,wk inc covid hosp,2,2026-08-08,28,quantile,0.5,19.0
2026-07-25,wk inc covid hosp,2,2026-08-08,28,quantile,0.55,22.0
2026-07-25,wk inc covid hosp,2,2026-08-08,28,quantile,0.6,26.0
2026-07-25,wk inc covid hosp,2,2026-08-08,28,quantile,0.65,29.0
2026-07-25,wk inc covid hosp,2,2026-08-08,28,quantile,0.7,33.0
2026-07-25,wk inc covid hosp,2,2026-08-08,28,quantile,0.75,39.0
2026-07-25,wk inc covid hosp,2,2026-08-08,28,quantile,0.8,46.0
2026-07-25,wk inc covid hosp,2,2026-08-08,28,quantile,0.85,53.0
2026-07-25,wk inc covid hosp,2,2026-08-08,28,quantile,0.9,66.0
2026-07-25,wk inc covid hosp,2,2026-08-08,28,quantile,0.95,90.0
2026-07-25,wk inc covid hosp,2,2026-08-08,28,quantile,0.975,129.0
2026-07-25,wk inc covid hosp,2,2026-08-08,28,quantile,0.99,171.0
2026-07-25,wk inc covid hosp,2,2026-08-08,29,quantile,0.01,1.0
2026-07-25,wk inc covid hosp,2,2026-08-08,29,quantile,0.025,2.0
2026-07-25,wk inc covid hosp,2,2026-08-08,29,quantile,0.05,3.0
2026-07-25,wk inc covid hosp,2,2026-08-08,29,quantile,0.1,5.0
2026-07-25,wk inc covid hosp,2,2026-08-08,29,quantile,0.15,5.0
2026-07-25,wk inc covid hosp,2,2026-08-08,29,quantile,0.2,7.0
2026-07-25,wk inc covid hosp,2,2026-08-08,29,quantile,0.25,8.0
2026-07-25,wk inc covid hosp,2,2026-08-08,29,quantile,0.3,9.0
2026-07-25,wk inc covid hosp,2,2026-08-08,29,quantile,0.35,10.0
2026-07-25,wk inc covid hosp,2,2026-08-08,29,quantile,0.4,11.0
2026-07-25,wk inc covid hosp,2,2026-08-08,29,quantile,0.45,12.0
2026-07-25,wk inc covid hosp,2,2026-08-08,29,quantile,0.5,20.0
2026-07-25,wk inc covid hosp,2,2026-08-08,29,quantile,0.55,27.0
2026-07-25,wk inc covid hosp,2,2026-08-08,29,quantile,0.6,32.0
2026-07-25,wk inc covid hosp,2,2026-08-08,29,quantile,0.65,38.0
2026-07-25,wk inc covid hosp,2,2026-08-08,29,quantile,0.7,42.0
2026-07-25,wk inc covid hosp,2,2026-08-08,29,quantile,0.75,46.0
2026-07-25,wk inc covid hosp,2,2026-08-08,29,quantile,0.8,52.0
2026-07-25,wk inc covid hosp,2,2026-08-08,29,quantile,0.85,60.0
2026-07-25,wk inc covid hosp,2,2026-08-08,29,quantile,0.9,74.0
2026-07-25,wk inc covid hosp,2,2026-08-08,29,quantile,0.95,104.0
2026-07-25,wk inc covid hosp,2,2026-08-08,29,quantile,0.975,135.0
2026-07-25,wk inc covid hosp,2,2026-08-08,29,quantile,0.99,175.0
2026-07-25,wk inc covid hosp,2,2026-08-08,30,quantile,0.01,0.0
2026-07-25,wk inc covid hosp,2,2026-08-08,30,quantile,0.025,0.0
2026-07-25,wk inc covid hosp,2,2026-08-08,30,quantile,0.05,1.0
2026-07-25,wk inc covid hosp,2,2026-08-08,30,quantile,0.1,1.0
2026-07-25,wk inc covid hosp,2,2026-08-08,30,quantile,0.15,2.0
2026-07-25,wk inc covid hosp,2,2026-08-08,30,quantile,0.2,2.0
2026-07-25,wk inc covid hosp,2,2026-08-08,30,quantile,0.25,2.0
2026-07-25,wk inc covid hosp,2,2026-08-08,30,quantile,0.3,3.0
2026-07-25,wk inc covid hosp,2,2026-08-08,30,quantile,0.35,3.0
2026-07-25,wk inc covid hosp,2,2026-08-08,30,quantile,0.4,4.0
2026-07-25,wk inc covid hosp,2,2026-08-08,30,quantile,0.45,5.0
2026-07-25,wk inc covid hosp,2,2026-08-08,30,quantile,0.5,6.0
2026-07-25,wk inc covid hosp,2,2026-08-08,30,quantile,0.55,8.0
2026-07-25,wk inc covid hosp,2,2026-08-08,30,quantile,0.6,10.0
2026-07-25,wk inc covid hosp,2,2026-08-08,30,quantile,0.65,11.0
2026-07-25,wk inc covid hosp,2,2026-08-08,30,quantile,0.7,14.0
2026-07-25,wk inc covid hosp,2,2026-08-08,30,quantile,0.75,16.0
2026-07-25,wk inc covid hosp,2,2026-08-08,30,quantile,0.8,20.0
2026-07-25,wk inc covid hosp,2,2026-08-08,30,quantile,0.85,24.0
2026-07-25,wk inc covid hosp,2,2026-08-08,30,quantile,0.9,33.0
2026-07-25,wk inc covid hosp,2,2026-08-08,30,quantile,0.95,59.0
2026-07-25,wk inc covid hosp,2,2026-08-08,30,quantile,0.975,86.0
2026-07-25,wk inc covid hosp,2,2026-08-08,30,quantile,0.99,127.0
2026-07-25,wk inc covid hosp,2,2026-08-08,31,quantile,0.01,0.0
2026-07-25,wk inc covid hosp,2,2026-08-08,31,quantile,0.025,0.0
2026-07-25,wk inc covid hosp,2,2026-08-08,31,quantile,0.05,1.0
2026-07-25,wk inc covid hosp,2,2026-08-08,31,quantile,0.1,1.0
2026-07-25,wk inc covid hosp,2,2026-08-08,31,quantile,0.15,2.0
2026-07-25,wk inc covid hosp,2,2026-08-08,31,quantile,0.2,2.0
2026-07-25,wk inc covid hosp,2,2026-08-08,31,quantile,0.25,3.0
2026-07-25,wk inc covid hosp,2,2026-08-08,31,quantile,0.3,3.0
2026-07-25,wk inc covid hosp,2,2026-08-08,31,quantile,0.35,4.0
2026-07-25,wk inc covid hosp,2,2026-08-08,31,quantile,0.4,5.0
2026-07-25,wk inc covid hosp,2,2026-08-08,31,quantile,0.45,5.0
2026-07-25,wk inc covid hosp,2,2026-08-08,31,quantile,0.5,7.0
2026-07-25,wk inc covid hosp,2,2026-08-08,31,quantile,0.55,8.0
2026-07-25,wk inc covid hosp,2,2026-08-08,31,quantile,0.6,10.0
2026-07-25,wk inc covid hosp,2,2026-08-08,31,quantile,0.65,12.0
2026-07-25,wk inc covid hosp,2,2026-08-08,31,quantile,0.7,15.0
2026-07-25,wk inc covid hosp,2,2026-08-08,31,quantile,0.75,18.0
2026-07-25,wk inc covid hosp,2,2026-08-08,31,quantile,0.8,22.0
2026-07-25,wk inc covid hosp,2,2026-08-08,31,quantile,0.85,27.0
2026-07-25,wk inc covid hosp,2,2026-08-08,31,quantile,0.9,35.0
2026-07-25,wk inc covid hosp,2,2026-08-08,31,quantile,0.95,53.0
2026-07-25,wk inc covid hosp,2,2026-08-08,31,quantile,0.975,73.0
2026-07-25,wk inc covid hosp,2,2026-08-08,31,quantile,0.99,111.0
2026-07-25,wk inc covid hosp,2,2026-08-08,32,quantile,0.01,3.0
2026-07-25,wk inc covid hosp,2,2026-08-08,32,quantile,0.025,4.0
2026-07-25,wk inc covid hosp,2,2026-08-08,32,quantile,0.05,6.0
2026-07-25,wk inc covid hosp,2,2026-08-08,32,quantile,0.1,8.0
2026-07-25,wk inc covid hosp,2,2026-08-08,32,quantile,0.15,9.0
2026-07-25,wk inc covid hosp,2,2026-08-08,32,quantile,0.2,10.0
2026-07-25,wk inc covid hosp,2,2026-08-08,32,quantile,0.25,12.0
2026-07-25,wk inc covid hosp,2,2026-08-08,32,quantile,0.3,13.0
2026-07-25,wk inc covid hosp,2,2026-08-08,32,quantile,0.35,15.0
2026-07-25,wk inc covid hosp,2,2026-08-08,32,quantile,0.4,16.0
2026-07-25,wk inc covid hosp,2,2026-08-08,32,quantile,0.45,18.0
2026-07-25,wk inc covid hosp,2,2026-08-08,32,quantile,0.5,22.0
2026-07-25,wk inc covid hosp,2,2026-08-08,32,quantile,0.55,24.0
2026-07-25,wk inc covid hosp,2,2026-08-08,32,quantile,0.6,26.0
2026-07-25,wk inc covid hosp,2,2026-08-08,32,quantile,0.65,32.0
2026-07-25,wk inc covid hosp,2,2026-08-08,32,quantile,0.7,38.0
2026-07-25,wk inc covid hosp,2,2026-08-08,32,quantile,0.75,47.0
2026-07-25,wk inc covid hosp,2,2026-08-08,32,quantile,0.8,55.0
2026-07-25,wk inc covid hosp,2,2026-08-08,32,quantile,0.85,65.0
2026-07-25,wk inc covid hosp,2,2026-08-08,32,quantile,0.9,83.0
2026-07-25,wk inc covid hosp,2,2026-08-08,32,quantile,0.95,108.0
2026-07-25,wk inc covid hosp,2,2026-08-08,32,quantile,0.975,138.0
2026-07-25,wk inc covid hosp,2,2026-08-08,32,quantile,0.99,180.0
2026-07-25,wk inc covid hosp,2,2026-08-08,33,quantile,0.01,0.0
2026-07-25,wk inc covid hosp,2,2026-08-08,33,quantile,0.025,0.0
2026-07-25,wk inc covid hosp,2,2026-08-08,33,quantile,0.05,0.0
2026-07-25,wk inc covid hosp,2,2026-08-08,33,quantile,0.1,1.0
2026-07-25,wk inc covid hosp,2,2026-08-08,33,quantile,0.15,1.0
2026-07-25,wk inc covid hosp,2,2026-08-08,33,quantile,0.2,2.0
2026-07-25,wk inc covid hosp,2,2026-08-08,33,quantile,0.25,2.0
2026-07-25,wk inc covid hosp,2,2026-08-08,33,quantile,0.3,2.0
2026-07-25,wk inc covid hosp,2,2026-08-08,33,quantile,0.35,3.0
2026-07-25,wk inc covid hosp,2,2026-08-08,33,quantile,0.4,4.0
2026-07-25,wk inc covid hosp,2,2026-08-08,33,quantile,0.45,4.0
2026-07-25,wk inc covid hosp,2,2026-08-08,33,quantile,0.5,5.0
2026-07-25,wk inc covid hosp,2,2026-08-08,33,quantile,0.55,6.0
2026-07-25,wk inc covid hosp,2,2026-08-08,33,quantile,0.6,7.0
2026-07-25,wk inc covid hosp,2,2026-08-08,33,quantile,0.65,9.0
2026-07-25,wk inc covid hosp,2,2026-08-08,33,quantile,0.7,12.0
2026-07-25,wk inc covid hosp,2,2026-08-08,33,quantile,0.75,15.0
2026-07-25,wk inc covid hosp,2,2026-08-08,33,quantile,0.8,18.0
2026-07-25,wk inc covid hosp,2,2026-08-08,33,quantile,0.85,22.0
2026-07-25,wk inc covid hosp,2,2026-08-08,33,quantile,0.9,29.0
2026-07-25,wk inc covid hosp,2,2026-08-08,33,quantile,0.95,46.0
2026-07-25,wk inc covid hosp,2,2026-08-08,33,quantile,0.975,67.0
2026-07-25,wk inc covid hosp,2,2026-08-08,33,quantile,0.99,105.0
2026-07-25,wk inc covid hosp,2,2026-08-08,34,quantile,0.01,15.0
2026-07-25,wk inc covid hosp,2,2026-08-08,34,quantile,0.025,18.0
2026-07-25,wk inc covid hosp,2,2026-08-08,34,quantile,0.05,20.0
2026-07-25,wk inc covid hosp,2,2026-08-08,34,quantile,0.1,29.0
2026-07-25,wk inc covid hosp,2,2026-08-08,34,quantile,0.15,33.0
2026-07-25,wk inc covid hosp,2,2026-08-08,34,quantile,0.2,37.0
2026-07-25,wk inc covid hosp,2,2026-08-08,34,quantile,0.25,39.0
2026-07-25,wk inc covid hosp,2,2026-08-08,34,quantile,0.3,43.0
2026-07-25,wk inc covid hosp,2,2026-08-08,34,quantile,0.35,46.0
2026-07-25,wk inc covid hosp,2,2026-08-08,34,quantile,0.4,48.0
2026-07-25,wk inc covid hosp,2,2026-08-08,34,quantile,0.45,50.0
2026-07-25,wk inc covid hosp,2,2026-08-08,34,quantile,0.5,52.0
2026-07-25,wk inc covid hosp,2,2026-08-08,34,quantile,0.55,56.0
2026-07-25,wk inc covid hosp,2,2026-08-08,34,quantile,0.6,59.0
2026-07-25,wk inc covid hosp,2,2026-08-08,34,quantile,0.65,63.0
2026-07-25,wk inc covid hosp,2,2026-08-08,34,quantile,0.7,68.0
2026-07-25,wk inc covid hosp,2,2026-08-08,34,quantile,0.75,82.0
2026-07-25,wk inc covid hosp,2,2026-08-08,34,quantile,0.8,92.0
2026-07-25,wk inc covid hosp,2,2026-08-08,34,quantile,0.85,99.0
2026-07-25,wk inc covid hosp,2,2026-08-08,34,quantile,0.9,111.0
2026-07-25,wk inc covid hosp,2,2026-08-08,34,quantile,0.95,132.0
2026-07-25,wk inc covid hosp,2,2026-08-08,34,quantile,0.975,156.0
2026-07-25,wk inc covid hosp,2,2026-08-08,34,quantile,0.99,199.0
2026-07-25,wk inc covid hosp,2,2026-08-08,35,quantile,0.01,0.0
2026-07-25,wk inc covid hosp,2,2026-08-08,35,quantile,0.025,1.0
2026-07-25,wk inc covid hosp,2,2026-08-08,35,quantile,0.05,1.0
2026-07-25,wk inc covid hosp,2,2026-08-08,35,quantile,0.1,2.0
2026-07-25,wk inc covid hosp,2,2026-08-08,35,quantile,0.15,3.0
2026-07-25,wk inc covid hosp,2,2026-08-08,35,quantile,0.2,3.0
2026-07-25,wk inc covid hosp,2,2026-08-08,35,quantile,0.25,4.0
2026-07-25,wk inc covid hosp,2,2026-08-08,35,quantile,0.3,5.0
2026-07-25,wk inc covid hosp,2,2026-08-08,35,quantile,0.35,6.0
2026-07-25,wk inc covid hosp,2,2026-08-08,35,quantile,0.4,7.0
2026-07-25,wk inc covid hosp,2,2026-08-08,35,quantile,0.45,8.0
2026-07-25,wk inc covid hosp,2,2026-08-08,35,quantile,0.5,9.0
2026-07-25,wk inc covid hosp,2,2026-08-08,35,quantile,0.55,11.0
2026-07-25,wk inc covid hosp,2,2026-08-08,35,quantile,0.6,12.0
2026-07-25,wk inc covid hosp,2,2026-08-08,35,quantile,0.65,14.0
2026-07-25,wk inc covid hosp,2,2026-08-08,35,quantile,0.7,16.0
2026-07-25,wk inc covid hosp,2,2026-08-08,35,quantile,0.75,19.0
2026-07-25,wk inc covid hosp,2,2026-08-08,35,quantile,0.8,24.0
2026-07-25,wk inc covid hosp,2,2026-08-08,35,quantile,0.85,29.0
2026-07-25,wk inc covid hosp,2,2026-08-08,35,quantile,0.9,38.0
2026-07-25,wk inc covid hosp,2,2026-08-08,35,quantile,0.95,58.0
2026-07-25,wk inc covid hosp,2,2026-08-08,35,quantile,0.975,79.0
2026-07-25,wk inc covid hosp,2,2026-08-08,35,quantile,0.99,119.0
2026-07-25,wk inc covid hosp,2,2026-08-08,36,quantile,0.01,33.0
2026-07-25,wk inc covid hosp,2,2026-08-08,36,quantile,0.025,45.0
2026-07-25,wk inc covid hosp,2,2026-08-08,36,quantile,0.05,52.0
2026-07-25,wk inc covid hosp,2,2026-08-08,36,quantile,0.1,65.0
2026-07-25,wk inc covid hosp,2,2026-08-08,36,quantile,0.15,70.0
2026-07-25,wk inc covid hosp,2,2026-08-08,36,quantile,0.2,73.0
2026-07-25,wk inc covid hosp,2,2026-08-08,36,quantile,0.25,76.0
2026-07-25,wk inc covid hosp,2,2026-08-08,36,quantile,0.3,83.0
2026-07-25,wk inc covid hosp,2,2026-08-08,36,quantile,0.35,86.0
2026-07-25,wk inc covid hosp,2,2026-08-08,36,quantile,0.4,91.0
2026-07-25,wk inc covid hosp,2,2026-08-08,36,quantile,0.45,95.0
2026-07-25,wk inc covid hosp,2,2026-08-08,36,quantile,0.5,98.0
2026-07-25,wk inc covid hosp,2,2026-08-08,36,quantile,0.55,103.0
2026-07-25,wk inc covid hosp,2,2026-08-08,36,quantile,0.6,112.0
2026-07-25,wk inc covid hosp,2,2026-08-08,36,quantile,0.65,132.0
2026-07-25,wk inc covid hosp,2,2026-08-08,36,quantile,0.7,162.0
2026-07-25,wk inc covid hosp,2,2026-08-08,36,quantile,0.75,174.0
2026-07-25,wk inc covid hosp,2,2026-08-08,36,quantile,0.8,181.0
2026-07-25,wk inc covid hosp,2,2026-08-08,36,quantile,0.85,196.0
2026-07-25,wk inc covid hosp,2,2026-08-08,36,quantile,0.9,210.0
2026-07-25,wk inc covid hosp,2,2026-08-08,36,quantile,0.95,239.0
2026-07-25,wk inc covid hosp,2,2026-08-08,36,quantile,0.975,278.0
2026-07-25,wk inc covid hosp,2,2026-08-08,36,quantile,0.99,322.0
2026-07-25,wk inc covid hosp,2,2026-08-08,37,quantile,0.01,10.0
2026-07-25,wk inc covid hosp,2,2026-08-08,37,quantile,0.025,24.0
2026-07-25,wk inc covid hosp,2,2026-08-08,37,quantile,0.05,27.0
2026-07-25,wk inc covid hosp,2,2026-08-08,37,quantile,0.1,31.0
2026-07-25,wk inc covid hosp,2,2026-08-08,37,quantile,0.15,39.0
2026-07-25,wk inc covid hosp,2,2026-08-08,37,quantile,0.2,44.0
2026-07-25,wk inc covid hosp,2,2026-08-08,37,quantile,0.25,49.0
2026-07-25,wk inc covid hosp,2,2026-08-08,37,quantile,0.3,53.0
2026-07-25,wk inc covid hosp,2,2026-08-08,37,quantile,0.35,58.0
2026-07-25,wk inc covid hosp,2,2026-08-08,37,quantile,0.4,64.0
2026-07-25,wk inc covid hosp,2,2026-08-08,37,quantile,0.45,69.0
2026-07-25,wk inc covid hosp,2,2026-08-08,37,quantile,0.5,75.0
2026-07-25,wk inc covid hosp,2,2026-08-08,37,quantile,0.55,80.0
2026-07-25,wk inc covid hosp,2,2026-08-08,37,quantile,0.6,88.0
2026-07-25,wk inc covid hosp,2,2026-08-08,37,quantile,0.65,98.0
2026-07-25,wk inc covid hosp,2,2026-08-08,37,quantile,0.7,106.0
2026-07-25,wk inc covid hosp,2,2026-08-08,37,quantile,0.75,112.0
2026-07-25,wk inc covid hosp,2,2026-08-08,37,quantile,0.8,124.0
2026-07-25,wk inc covid hosp,2,2026-08-08,37,quantile,0.85,139.0
2026-07-25,wk inc covid hosp,2,2026-08-08,37,quantile,0.9,169.0
2026-07-25,wk inc covid hosp,2,2026-08-08,37,quantile,0.95,215.0
2026-07-25,wk inc covid hosp,2,2026-08-08,37,quantile,0.975,255.0
2026-07-25,wk inc covid hosp,2,2026-08-08,37,quantile,0.99,308.0
2026-07-25,wk inc covid hosp,2,2026-08-08,38,quantile,0.01,0.0
2026-07-25,wk inc covid hosp,2,2026-08-08,38,quantile,0.025,0.0
2026-07-25,wk inc covid hosp,2,2026-08-08,38,quantile,0.05,0.0
2026-07-25,wk inc covid hosp,2,2026-08-08,38,quantile,0.1,0.0
2026-07-25,wk inc covid hosp,2,2026-08-08,38,quantile,0.15,0.0
2026-07-25,wk inc covid hosp,2,2026-08-08,38,quantile,0.2,1.0
2026-07-25,wk inc covid hosp,2,2026-08-08,38,quantile,0.25,1.0
2026-07-25,wk inc covid hosp,2,2026-08-08,38,quantile,0.3,1.0
2026-07-25,wk inc covid hosp,2,2026-08-08,38,quantile,0.35,2.0
2026-07-25,wk inc covid hosp,2,2026-08-08,38,quantile,0.4,2.0
2026-07-25,wk inc covid hosp,2,2026-08-08,38,quantile,0.45,3.0
2026-07-25,wk inc covid hosp,2,2026-08-08,38,quantile,0.5,3.0
2026-07-25,wk inc covid hosp,2,2026-08-08,38,quantile,0.55,4.0
2026-07-25,wk inc covid hosp,2,2026-08-08,38,quantile,0.6,5.0
2026-07-25,wk inc covid hosp,2,2026-08-08,38,quantile,0.65,7.0
2026-07-25,wk inc covid hosp,2,2026-08-08,38,quantile,0.7,9.0
2026-07-25,wk inc covid hosp,2,2026-08-08,38,quantile,0.75,12.0
2026-07-25,wk inc covid hosp,2,2026-08-08,38,quantile,0.8,14.0
2026-07-25,wk inc covid hosp,2,2026-08-08,38,quantile,0.85,18.0
2026-07-25,wk inc covid hosp,2,2026-08-08,38,quantile,0.9,26.0
2026-07-25,wk inc covid hosp,2,2026-08-08,38,quantile,0.95,43.0
2026-07-25,wk inc covid hosp,2,2026-08-08,38,quantile,0.975,64.0
2026-07-25,wk inc covid hosp,2,2026-08-08,38,quantile,0.99,100.0
2026-07-25,wk inc covid hosp,2,2026-08-08,39,quantile,0.01,13.0
2026-07-25,wk inc covid hosp,2,2026-08-08,39,quantile,0.025,14.0
2026-07-25,wk inc covid hosp,2,2026-08-08,39,quantile,0.05,18.0
2026-07-25,wk inc covid hosp,2,2026-08-08,39,quantile,0.1,24.0
2026-07-25,wk inc covid hosp,2,2026-08-08,39,quantile,0.15,26.0
2026-07-25,wk inc covid hosp,2,2026-08-08,39,quantile,0.2,29.0
2026-07-25,wk inc covid hosp,2,2026-08-08,39,quantile,0.25,31.0
2026-07-25,wk inc covid hosp,2,2026-08-08,39,quantile,0.3,33.0
2026-07-25,wk inc covid hosp,2,2026-08-08,39,quantile,0.35,37.0
2026-07-25,wk inc covid hosp,2,2026-08-08,39,quantile,0.4,41.0
2026-07-25,wk inc covid hosp,2,2026-08-08,39,quantile,0.45,43.0
2026-07-25,wk inc covid hosp,2,2026-08-08,39,quantile,0.5,47.0
2026-07-25,wk inc covid hosp,2,2026-08-08,39,quantile,0.55,52.0
2026-07-25,wk inc covid hosp,2,2026-08-08,39,quantile,0.6,62.0
2026-07-25,wk inc covid hosp,2,2026-08-08,39,quantile,0.65,66.0
2026-07-25,wk inc covid hosp,2,2026-08-08,39,quantile,0.7,71.0
2026-07-25,wk inc covid hosp,2,2026-08-08,39,quantile,0.75,87.0
2026-07-25,wk inc covid hosp,2,2026-08-08,39,quantile,0.8,99.0
2026-07-25,wk inc covid hosp,2,2026-08-08,39,quantile,0.85,117.0
2026-07-25,wk inc covid hosp,2,2026-08-08,39,quantile,0.9,134.0
2026-07-25,wk inc covid hosp,2,2026-08-08,39,quantile,0.95,193.0
2026-07-25,wk inc covid hosp,2,2026-08-08,39,quantile,0.975,237.0
2026-07-25,wk inc covid hosp,2,2026-08-08,39,quantile,0.99,287.0
2026-07-25,wk inc covid hosp,2,2026-08-08,40,quantile,0.01,1.0
2026-07-25,wk inc covid hosp,2,2026-08-08,40,quantile,0.025,1.0
2026-07-25,wk inc covid hosp,2,2026-08-08,40,quantile,0.05,2.0
2026-07-25,wk inc covid hosp,2,2026-08-08,40,quantile,0.1,3.0
2026-07-25,wk inc covid hosp,2,2026-08-08,40,quantile,0.15,4.0
2026-07-25,wk inc covid hosp,2,2026-08-08,40,quantile,0.2,4.0
2026-07-25,wk inc covid hosp,2,2026-08-08,40,quantile,0.25,5.0
2026-07-25,wk inc covid hosp,2,2026-08-08,40,quantile,0.3,6.0
2026-07-25,wk inc covid hosp,2,2026-08-08,40,quantile,0.35,7.0
2026-07-25,wk inc covid hosp,2,2026-08-08,40,quantile,0.4,8.0
2026-07-25,wk inc covid hosp,2,2026-08-08,40,quantile,0.45,10.0
2026-07-25,wk inc covid hosp,2,2026-08-08,40,quantile,0.5,13.0
2026-07-25,wk inc covid hosp,2,2026-08-08,40,quantile,0.55,17.0
2026-07-25,wk inc covid hosp,2,2026-08-08,40,quantile,0.6,20.0
2026-07-25,wk inc covid hosp,2,2026-08-08,40,quantile,0.65,25.0
2026-07-25,wk inc covid hosp,2,2026-08-08,40,quantile,0.7,30.0
2026-07-25,wk inc covid hosp,2,2026-08-08,40,quantile,0.75,35.0
2026-07-25,wk inc covid hosp,2,2026-08-08,40,quantile,0.8,40.0
2026-07-25,wk inc covid hosp,2,2026-08-08,40,quantile,0.85,47.0
2026-07-25,wk inc covid hosp,2,2026-08-08,40,quantile,0.9,72.0
2026-07-25,wk inc covid hosp,2,2026-08-08,40,quantile,0.95,120.0
2026-07-25,wk inc covid hosp,2,2026-08-08,40,quantile,0.975,145.0
2026-07-25,wk inc covid hosp,2,2026-08-08,40,quantile,0.99,185.0
2026-07-25,wk inc covid hosp,2,2026-08-08,41,quantile,0.01,0.0
2026-07-25,wk inc covid hosp,2,2026-08-08,41,quantile,0.025,1.0
2026-07-25,wk inc covid hosp,2,2026-08-08,41,quantile,0.05,1.0
2026-07-25,wk inc covid hosp,2,2026-08-08,41,quantile,0.1,3.0
2026-07-25,wk inc covid hosp,2,2026-08-08,41,quantile,0.15,4.0
2026-07-25,wk inc covid hosp,2,2026-08-08,41,quantile,0.2,5.0
2026-07-25,wk inc covid hosp,2,2026-08-08,41,quantile,0.25,5.0
2026-07-25,wk inc covid hosp,2,2026-08-08,41,quantile,0.3,6.0
2026-07-25,wk inc covid hosp,2,2026-08-08,41,quantile,0.35,7.0
2026-07-25,wk inc covid hosp,2,2026-08-08,41,quantile,0.4,7.0
2026-07-25,wk inc covid hosp,2,2026-08-08,41,quantile,0.45,8.0
2026-07-25,wk inc covid hosp,2,2026-08-08,41,quantile,0.5,9.0
2026-07-25,wk inc covid hosp,2,2026-08-08,41,quantile,0.55,10.0
2026-07-25,wk inc covid hosp,2,2026-08-08,41,quantile,0.6,12.0
2026-07-25,wk inc covid hosp,2,2026-08-08,41,quantile,0.65,15.0
2026-07-25,wk inc covid hosp,2,2026-08-08,41,quantile,0.7,20.0
2026-07-25,wk inc covid hosp,2,2026-08-08,41,quantile,0.75,23.0
2026-07-25,wk inc covid hosp,2,2026-08-08,41,quantile,0.8,27.0
2026-07-25,wk inc covid hosp,2,2026-08-08,41,quantile,0.85,36.0
2026-07-25,wk inc covid hosp,2,2026-08-08,41,quantile,0.9,45.0
2026-07-25,wk inc covid hosp,2,2026-08-08,41,quantile,0.95,64.0
2026-07-25,wk inc covid hosp,2,2026-08-08,41,quantile,0.975,91.0
2026-07-25,wk inc covid hosp,2,2026-08-08,41,quantile,0.99,131.0
2026-07-25,wk inc covid hosp,2,2026-08-08,42,quantile,0.01,15.0
2026-07-25,wk inc covid hosp,2,2026-08-08,42,quantile,0.025,19.0
2026-07-25,wk inc covid hosp,2,2026-08-08,42,quantile,0.05,21.0
2026-07-25,wk inc covid hosp,2,2026-08-08,42,quantile,0.1,27.0
2026-07-25,wk inc covid hosp,2,2026-08-08,42,quantile,0.15,31.0
2026-07-25,wk inc covid hosp,2,2026-08-08,42,quantile,0.2,35.0
2026-07-25,wk inc covid hosp,2,2026-08-08,42,quantile,0.25,37.0
2026-07-25,wk inc covid hosp,2,2026-08-08,42,quantile,0.3,41.0
2026-07-25,wk inc covid hosp,2,2026-08-08,42,quantile,0.35,44.0
2026-07-25,wk inc covid hosp,2,2026-08-08,42,quantile,0.4,47.0
2026-07-25,wk inc covid hosp,2,2026-08-08,42,quantile,0.45,51.0
2026-07-25,wk inc covid hosp,2,2026-08-08,42,quantile,0.5,55.0
2026-07-25,wk inc covid hosp,2,2026-08-08,42,quantile,0.55,58.0
2026-07-25,wk inc covid hosp,2,2026-08-08,42,quantile,0.6,63.0
2026-07-25,wk inc covid hosp,2,2026-08-08,42,quantile,0.65,69.0
2026-07-25,wk inc covid hosp,2,2026-08-08,42,quantile,0.7,73.0
2026-07-25,wk inc covid hosp,2,2026-08-08,42,quantile,0.75,88.0
2026-07-25,wk inc covid hosp,2,2026-08-08,42,quantile,0.8,101.0
2026-07-25,wk inc covid hosp,2,2026-08-08,42,quantile,0.85,117.0
2026-07-25,wk inc covid hosp,2,2026-08-08,42,quantile,0.9,127.0
2026-07-25,wk inc covid hosp,2,2026-08-08,42,quantile,0.95,154.0
2026-07-25,wk inc covid hosp,2,2026-08-08,42,quantile,0.975,190.0
2026-07-25,wk inc covid hosp,2,2026-08-08,42,quantile,0.99,241.0
2026-07-25,wk inc covid hosp,2,2026-08-08,44,quantile,0.01,0.0
2026-07-25,wk inc covid hosp,2,2026-08-08,44,quantile,0.025,1.0
2026-07-25,wk inc covid hosp,2,2026-08-08,44,quantile,0.05,2.0
2026-07-25,wk inc covid hosp,2,2026-08-08,44,quantile,0.1,3.0
2026-07-25,wk inc covid hosp,2,2026-08-08,44,quantile,0.15,4.0
2026-07-25,wk inc covid hosp,2,2026-08-08,44,quantile,0.2,4.0
2026-07-25,wk inc covid hosp,2,2026-08-08,44,quantile,0.25,5.0
2026-07-25,wk inc covid hosp,2,2026-08-08,44,quantile,0.3,6.0
2026-07-25,wk inc covid hosp,2,2026-08-08,44,quantile,0.35,7.0
2026-07-25,wk inc covid hosp,2,2026-08-08,44,quantile,0.4,7.0
2026-07-25,wk inc covid hosp,2,2026-08-08,44,quantile,0.45,9.0
2026-07-25,wk inc covid hosp,2,2026-08-08,44,quantile,0.5,9.0
2026-07-25,wk inc covid hosp,2,2026-08-08,44,quantile,0.55,10.0
2026-07-25,wk inc covid hosp,2,2026-08-08,44,quantile,0.6,12.0
2026-07-25,wk inc covid hosp,2,2026-08-08,44,quantile,0.65,13.0
2026-07-25,wk inc covid hosp,2,2026-08-08,44,quantile,0.7,15.0
2026-07-25,wk inc covid hosp,2,2026-08-08,44,quantile,0.75,17.0
2026-07-25,wk inc covid hosp,2,2026-08-08,44,quantile,0.8,22.0
2026-07-25,wk inc covid hosp,2,2026-08-08,44,quantile,0.85,27.0
2026-07-25,wk inc covid hosp,2,2026-08-08,44,quantile,0.9,34.0
2026-07-25,wk inc covid hosp,2,2026-08-08,44,quantile,0.95,52.0
2026-07-25,wk inc covid hosp,2,2026-08-08,44,quantile,0.975,71.0
2026-07-25,wk inc covid hosp,2,2026-08-08,44,quantile,0.99,109.0
2026-07-25,wk inc covid hosp,2,2026-08-08,45,quantile,0.01,13.0
2026-07-25,wk inc covid hosp,2,2026-08-08,45,quantile,0.025,14.0
2026-07-25,wk inc covid hosp,2,2026-08-08,45,quantile,0.05,16.0
2026-07-25,wk inc covid hosp,2,2026-08-08,45,quantile,0.1,17.0
2026-07-25,wk inc covid hosp,2,2026-08-08,45,quantile,0.15,19.0
2026-07-25,wk inc covid hosp,2,2026-08-08,45,quantile,0.2,21.0
2026-07-25,wk inc covid hosp,2,2026-08-08,45,quantile,0.25,23.0
2026-07-25,wk inc covid hosp,2,2026-08-08,45,quantile,0.3,25.0
2026-07-25,wk inc covid hosp,2,2026-08-08,45,quantile,0.35,27.0
2026-07-25,wk inc covid hosp,2,2026-08-08,45,quantile,0.4,29.0
2026-07-25,wk inc covid hosp,2,2026-08-08,45,quantile,0.45,31.0
2026-07-25,wk inc covid hosp,2,2026-08-08,45,quantile,0.5,35.0
2026-07-25,wk inc covid hosp,2,2026-08-08,45,quantile,0.55,39.0
2026-07-25,wk inc covid hosp,2,2026-08-08,45,quantile,0.6,43.0
2026-07-25,wk inc covid hosp,2,2026-08-08,45,quantile,0.65,49.0
2026-07-25,wk inc covid hosp,2,2026-08-08,45,quantile,0.7,55.0
2026-07-25,wk inc covid hosp,2,2026-08-08,45,quantile,0.75,60.0
2026-07-25,wk inc covid hosp,2,2026-08-08,45,quantile,0.8,69.0
2026-07-25,wk inc covid hosp,2,2026-08-08,45,quantile,0.85,78.0
2026-07-25,wk inc covid hosp,2,2026-08-08,45,quantile,0.9,97.0
2026-07-25,wk inc covid hosp,2,2026-08-08,45,quantile,0.95,139.0
2026-07-25,wk inc covid hosp,2,2026-08-08,45,quantile,0.975,184.0
2026-07-25,wk inc covid hosp,2,2026-08-08,45,quantile,0.99,227.0
2026-07-25,wk inc covid hosp,2,2026-08-08,46,quantile,0.01,0.0
2026-07-25,wk inc covid hosp,2,2026-08-08,46,quantile,0.025,0.0
2026-07-25,wk inc covid hosp,2,2026-08-08,46,quantile,0.05,0.0
2026-07-25,wk inc covid hosp,2,2026-08-08,46,quantile,0.1,0.0
2026-07-25,wk inc covid hosp,2,2026-08-08,46,quantile,0.15,0.0
2026-07-25,wk inc covid hosp,2,2026-08-08,46,quantile,0.2,1.0
2026-07-25,wk inc covid hosp,2,2026-08-08,46,quantile,0.25,1.0
2026-07-25,wk inc covid hosp,2,2026-08-08,46,quantile,0.3,1.0
2026-07-25,wk inc covid hosp,2,2026-08-08,46,quantile,0.35,2.0
2026-07-25,wk inc covid hosp,2,2026-08-08,46,quantile,0.4,2.0
2026-07-25,wk inc covid hosp,2,2026-08-08,46,quantile,0.45,3.0
2026-07-25,wk inc covid hosp,2,2026-08-08,46,quantile,0.5,3.0
2026-07-25,wk inc covid hosp,2,2026-08-08,46,quantile,0.55,4.0
2026-07-25,wk inc covid hosp,2,2026-08-08,46,quantile,0.6,6.0
2026-07-25,wk inc covid hosp,2,2026-08-08,46,quantile,0.65,8.0
2026-07-25,wk inc covid hosp,2,2026-08-08,46,quantile,0.7,10.0
2026-07-25,wk inc covid hosp,2,2026-08-08,46,quantile,0.75,12.0
2026-07-25,wk inc covid hosp,2,2026-08-08,46,quantile,0.8,15.0
2026-07-25,wk inc covid hosp,2,2026-08-08,46,quantile,0.85,20.0
2026-07-25,wk inc covid hosp,2,2026-08-08,46,quantile,0.9,28.0
2026-07-25,wk inc covid hosp,2,2026-08-08,46,quantile,0.95,44.0
2026-07-25,wk inc covid hosp,2,2026-08-08,46,quantile,0.975,65.0
2026-07-25,wk inc covid hosp,2,2026-08-08,46,quantile,0.99,103.0
2026-07-25,wk inc covid hosp,2,2026-08-08,47,quantile,0.01,4.0
2026-07-25,wk inc covid hosp,2,2026-08-08,47,quantile,0.025,5.0
2026-07-25,wk inc covid hosp,2,2026-08-08,47,quantile,0.05,9.0
2026-07-25,wk inc covid hosp,2,2026-08-08,47,quantile,0.1,11.0
2026-07-25,wk inc covid hosp,2,2026-08-08,47,quantile,0.15,12.0
2026-07-25,wk inc covid hosp,2,2026-08-08,47,quantile,0.2,15.0
2026-07-25,wk inc covid hosp,2,2026-08-08,47,quantile,0.25,17.0
2026-07-25,wk inc covid hosp,2,2026-08-08,47,quantile,0.3,19.0
2026-07-25,wk inc covid hosp,2,2026-08-08,47,quantile,0.35,21.0
2026-07-25,wk inc covid hosp,2,2026-08-08,47,quantile,0.4,23.0
2026-07-25,wk inc covid hosp,2,2026-08-08,47,quantile,0.45,24.0
2026-07-25,wk inc covid hosp,2,2026-08-08,47,quantile,0.5,31.0
2026-07-25,wk inc covid hosp,2,2026-08-08,47,quantile,0.55,34.0
2026-07-25,wk inc covid hosp,2,2026-08-08,47,quantile,0.6,40.0
2026-07-25,wk inc covid hosp,2,2026-08-08,47,quantile,0.65,45.0
2026-07-25,wk inc covid hosp,2,2026-08-08,47,quantile,0.7,55.0
2026-07-25,wk inc covid hosp,2,2026-08-08,47,quantile,0.75,61.0
2026-07-25,wk inc covid hosp,2,2026-08-08,47,quantile,0.8,78.0
2026-07-25,wk inc covid hosp,2,2026-08-08,47,quantile,0.85,88.0
2026-07-25,wk inc covid hosp,2,2026-08-08,47,quantile,0.9,129.0
2026-07-25,wk inc covid hosp,2,2026-08-08,47,quantile,0.95,236.0
2026-07-25,wk inc covid hosp,2,2026-08-08,47,quantile,0.975,297.0
2026-07-25,wk inc covid hosp,2,2026-08-08,47,quantile,0.99,364.0
2026-07-25,wk inc covid hosp,2,2026-08-08,48,quantile,0.01,46.0
2026-07-25,wk inc covid hosp,2,2026-08-08,48,quantile,0.025,66.0
2026-07-25,wk inc covid hosp,2,2026-08-08,48,quantile,0.05,109.0
2026-07-25,wk inc covid hosp,2,2026-08-08,48,quantile,0.1,129.0
2026-07-25,wk inc covid hosp,2,2026-08-08,48,quantile,0.15,146.0
2026-07-25,wk inc covid hosp,2,2026-08-08,48,quantile,0.2,162.0
2026-07-25,wk inc covid hosp,2,2026-08-08,48,quantile,0.25,179.0
2026-07-25,wk inc covid hosp,2,2026-08-08,48,quantile,0.3,192.0
2026-07-25,wk inc covid hosp,2,2026-08-08,48,quantile,0.35,207.0
2026-07-25,wk inc covid hosp,2,2026-08-08,48,quantile,0.4,222.0
2026-07-25,wk inc covid hosp,2,2026-08-08,48,quantile,0.45,236.0
2026-07-25,wk inc covid hosp,2,2026-08-08,48,quantile,0.5,262.0
2026-07-25,wk inc covid hosp,2,2026-08-08,48,quantile,0.55,279.0
2026-07-25,wk inc covid hosp,2,2026-08-08,48,quantile,0.6,302.0
2026-07-25,wk inc covid hosp,2,2026-08-08,48,quantile,0.65,328.0
2026-07-25,wk inc covid hosp,2,2026-08-08,48,quantile,0.7,360.0
2026-07-25,wk inc covid hosp,2,2026-08-08,48,quantile,0.75,404.0
2026-07-25,wk inc covid hosp,2,2026-08-08,48,quantile,0.8,431.0
2026-07-25,wk inc covid hosp,2,2026-08-08,48,quantile,0.85,455.0
2026-07-25,wk inc covid hosp,2,2026-08-08,48,quantile,0.9,547.0
2026-07-25,wk inc covid hosp,2,2026-08-08,48,quantile,0.95,758.0
2026-07-25,wk inc covid hosp,2,2026-08-08,48,quantile,0.975,892.0
2026-07-25,wk inc covid hosp,2,2026-08-08,48,quantile,0.99,954.0
2026-07-25,wk inc covid hosp,2,2026-08-08,49,quantile,0.01,5.0
2026-07-25,wk inc covid hosp,2,2026-08-08,49,quantile,0.025,6.0
2026-07-25,wk inc covid hosp,2,2026-08-08,49,quantile,0.05,9.0
2026-07-25,wk inc covid hosp,2,2026-08-08,49,quantile,0.1,11.0
2026-07-25,wk inc covid hosp,2,2026-08-08,49,quantile,0.15,12.0
2026-07-25,wk inc covid hosp,2,2026-08-08,49,quantile,0.2,13.0
2026-07-25,wk inc covid hosp,2,2026-08-08,49,quantile,0.25,14.0
2026-07-25,wk inc covid hosp,2,2026-08-08,49,quantile,0.3,15.0
2026-07-25,wk inc covid hosp,2,2026-08-08,49,quantile,0.35,16.0
2026-07-25,wk inc covid hosp,2,2026-08-08,49,quantile,0.4,18.0
2026-07-25,wk inc covid hosp,2,2026-08-08,49,quantile,0.45,19.0
2026-07-25,wk inc covid hosp,2,2026-08-08,49,quantile,0.5,21.0
2026-07-25,wk inc covid hosp,2,2026-08-08,49,quantile,0.55,23.0
2026-07-25,wk inc covid hosp,2,2026-08-08,49,quantile,0.6,25.0
2026-07-25,wk inc covid hosp,2,2026-08-08,49,quantile,0.65,28.0
2026-07-25,wk inc covid hosp,2,2026-08-08,49,quantile,0.7,31.0
2026-07-25,wk inc covid hosp,2,2026-08-08,49,quantile,0.75,35.0
2026-07-25,wk inc covid hosp,2,2026-08-08,49,quantile,0.8,42.0
2026-07-25,wk inc covid hosp,2,2026-08-08,49,quantile,0.85,48.0
2026-07-25,wk inc covid hosp,2,2026-08-08,49,quantile,0.9,56.0
2026-07-25,wk inc covid hosp,2,2026-08-08,49,quantile,0.95,80.0
2026-07-25,wk inc covid hosp,2,2026-08-08,49,quantile,0.975,103.0
2026-07-25,wk inc covid hosp,2,2026-08-08,49,quantile,0.99,143.0
2026-07-25,wk inc covid hosp,2,2026-08-08,50,quantile,0.01,0.0
2026-07-25,wk inc covid hosp,2,2026-08-08,50,quantile,0.025,0.0
2026-07-25,wk inc covid hosp,2,2026-08-08,50,quantile,0.05,0.0
2026-07-25,wk inc covid hosp,2,2026-08-08,50,quantile,0.1,0.0
2026-07-25,wk inc covid hosp,2,2026-08-08,50,quantile,0.15,0.0
2026-07-25,wk inc covid hosp,2,2026-08-08,50,quantile,0.2,0.0
2026-07-25,wk inc covid hosp,2,2026-08-08,50,quantile,0.25,1.0
2026-07-25,wk inc covid hosp,2,2026-08-08,50,quantile,0.3,1.0
2026-07-25,wk inc covid hosp,2,2026-08-08,50,quantile,0.35,1.0
2026-07-25,wk inc covid hosp,2,2026-08-08,50,quantile,0.4,2.0
2026-07-25,wk inc covid hosp,2,2026-08-08,50,quantile,0.45,2.0
2026-07-25,wk inc covid hosp,2,2026-08-08,50,quantile,0.5,3.0
2026-07-25,wk inc covid hosp,2,2026-08-08,50,quantile,0.55,4.0
2026-07-25,wk inc covid hosp,2,2026-08-08,50,quantile,0.6,5.0
2026-07-25,wk inc covid hosp,2,2026-08-08,50,quantile,0.65,6.0
2026-07-25,wk inc covid hosp,2,2026-08-08,50,quantile,0.7,8.0
2026-07-25,wk inc covid hosp,2,2026-08-08,50,quantile,0.75,10.0
2026-07-25,wk inc covid hosp,2,2026-08-08,50,quantile,0.8,13.0
2026-07-25,wk inc covid hosp,2,2026-08-08,50,quantile,0.85,17.0
2026-07-25,wk inc covid hosp,2,2026-08-08,50,quantile,0.9,24.0
2026-07-25,wk inc covid hosp,2,2026-08-08,50,quantile,0.95,39.0
2026-07-25,wk inc covid hosp,2,2026-08-08,50,quantile,0.975,60.0
2026-07-25,wk inc covid hosp,2,2026-08-08,50,quantile,0.99,96.0
2026-07-25,wk inc covid hosp,2,2026-08-08,51,quantile,0.01,8.0
2026-07-25,wk inc covid hosp,2,2026-08-08,51,quantile,0.025,9.0
2026-07-25,wk inc covid hosp,2,2026-08-08,51,quantile,0.05,10.0
2026-07-25,wk inc covid hosp,2,2026-08-08,51,quantile,0.1,12.0
2026-07-25,wk inc covid hosp,2,2026-08-08,51,quantile,0.15,14.0
2026-07-25,wk inc covid hosp,2,2026-08-08,51,quantile,0.2,16.0
2026-07-25,wk inc covid hosp,2,2026-08-08,51,quantile,0.25,17.0
2026-07-25,wk inc covid hosp,2,2026-08-08,51,quantile,0.3,19.0
2026-07-25,wk inc covid hosp,2,2026-08-08,51,quantile,0.35,22.0
2026-07-25,wk inc covid hosp,2,2026-08-08,51,quantile,0.4,23.0
2026-07-25,wk inc covid hosp,2,2026-08-08,51,quantile,0.45,24.0
2026-07-25,wk inc covid hosp,2,2026-08-08,51,quantile,0.5,27.0
2026-07-25,wk inc covid hosp,2,2026-08-08,51,quantile,0.55,31.0
2026-07-25,wk inc covid hosp,2,2026-08-08,51,quantile,0.6,36.0
2026-07-25,wk inc covid hosp,2,2026-08-08,51,quantile,0.65,40.0
2026-07-25,wk inc covid hosp,2,2026-08-08,51,quantile,0.7,43.0
2026-07-25,wk inc covid hosp,2,2026-08-08,51,quantile,0.75,52.0
2026-07-25,wk inc covid hosp,2,2026-08-08,51,quantile,0.8,61.0
2026-07-25,wk inc covid hosp,2,2026-08-08,51,quantile,0.85,70.0
2026-07-25,wk inc covid hosp,2,2026-08-08,51,quantile,0.9,81.0
2026-07-25,wk inc covid hosp,2,2026-08-08,51,quantile,0.95,112.0
2026-07-25,wk inc covid hosp,2,2026-08-08,51,quantile,0.975,138.0
2026-07-25,wk inc covid hosp,2,2026-08-08,51,quantile,0.99,177.0
2026-07-25,wk inc covid hosp,2,2026-08-08,53,quantile,0.01,13.0
2026-07-25,wk inc covid hosp,2,2026-08-08,53,quantile,0.025,15.0
2026-07-25,wk inc covid hosp,2,2026-08-08,53,quantile,0.05,19.0
2026-07-25,wk inc covid hosp,2,2026-08-08,53,quantile,0.1,23.0
2026-07-25,wk inc covid hosp,2,2026-08-08,53,quantile,0.15,27.0
2026-07-25,wk inc covid hosp,2,2026-08-08,53,quantile,0.2,29.0
2026-07-25,wk inc covid hosp,2,2026-08-08,53,quantile,0.25,31.0
2026-07-25,wk inc covid hosp,2,2026-08-08,53,quantile,0.3,33.0
2026-07-25,wk inc covid hosp,2,2026-08-08,53,quantile,0.35,34.0
2026-07-25,wk inc covid hosp,2,2026-08-08,53,quantile,0.4,36.0
2026-07-25,wk inc covid hosp,2,2026-08-08,53,quantile,0.45,38.0
2026-07-25,wk inc covid hosp,2,2026-08-08,53,quantile,0.5,40.0
2026-07-25,wk inc covid hosp,2,2026-08-08,53,quantile,0.55,42.0
2026-07-25,wk inc covid hosp,2,2026-08-08,53,quantile,0.6,44.0
2026-07-25,wk inc covid hosp,2,2026-08-08,53,quantile,0.65,47.0
2026-07-25,wk inc covid hosp,2,2026-08-08,53,quantile,0.7,52.0
2026-07-25,wk inc covid hosp,2,2026-08-08,53,quantile,0.75,57.0
2026-07-25,wk inc covid hosp,2,2026-08-08,53,quantile,0.8,64.0
2026-07-25,wk inc covid hosp,2,2026-08-08,53,quantile,0.85,75.0
2026-07-25,wk inc covid hosp,2,2026-08-08,53,quantile,0.9,89.0
2026-07-25,wk inc covid hosp,2,2026-08-08,53,quantile,0.95,109.0
2026-07-25,wk inc covid hosp,2,2026-08-08,53,quantile,0.975,138.0
2026-07-25,wk inc covid hosp,2,2026-08-08,53,quantile,0.99,178.0
2026-07-25,wk inc covid hosp,2,2026-08-08,54,quantile,0.01,1.0
2026-07-25,wk inc covid hosp,2,2026-08-08,54,quantile,0.025,1.0
2026-07-25,wk inc covid hosp,2,2026-08-08,54,quantile,0.05,1.0
2026-07-25,wk inc covid hosp,2,2026-08-08,54,quantile,0.1,2.0
2026-07-25,wk inc covid hosp,2,2026-08-08,54,quantile,0.15,2.0
2026-07-25,wk inc covid hosp,2,2026-08-08,54,quantile,0.2,2.0
2026-07-25,wk inc covid hosp,2,2026-08-08,54,quantile,0.25,3.0
2026-07-25,wk inc covid hosp,2,2026-08-08,54,quantile,0.3,4.0
2026-07-25,wk inc covid hosp,2,2026-08-08,54,quantile,0.35,5.0
2026-07-25,wk inc covid hosp,2,2026-08-08,54,quantile,0.4,6.0
2026-07-25,wk inc covid hosp,2,2026-08-08,54,quantile,0.45,7.0
2026-07-25,wk inc covid hosp,2,2026-08-08,54,quantile,0.5,9.0
2026-07-25,wk inc covid hosp,2,2026-08-08,54,quantile,0.55,10.0
2026-07-25,wk inc covid hosp,2,2026-08-08,54,quantile,0.6,12.0
2026-07-25,wk inc covid hosp,2,2026-08-08,54,quantile,0.65,14.0
2026-07-25,wk inc covid hosp,2,2026-08-08,54,quantile,0.7,18.0
2026-07-25,wk inc covid hosp,2,2026-08-08,54,quantile,0.75,21.0
2026-07-25,wk inc covid hosp,2,2026-08-08,54,quantile,0.8,27.0
2026-07-25,wk inc covid hosp,2,2026-08-08,54,quantile,0.85,33.0
2026-07-25,wk inc covid hosp,2,2026-08-08,54,quantile,0.9,42.0
2026-07-25,wk inc covid hosp,2,2026-08-08,54,quantile,0.95,67.0
2026-07-25,wk inc covid hosp,2,2026-08-08,54,quantile,0.975,90.0
2026-07-25,wk inc covid hosp,2,2026-08-08,54,quantile,0.99,132.0
2026-07-25,wk inc covid hosp,2,2026-08-08,55,quantile,0.01,3.0
2026-07-25,wk inc covid hosp,2,2026-08-08,55,quantile,0.025,5.0
2026-07-25,wk inc covid hosp,2,2026-08-08,55,quantile,0.05,6.0
2026-07-25,wk inc covid hosp,2,2026-08-08,55,quantile,0.1,7.0
2026-07-25,wk inc covid hosp,2,2026-08-08,55,quantile,0.15,8.0
2026-07-25,wk inc covid hosp,2,2026-08-08,55,quantile,0.2,10.0
2026-07-25,wk inc covid hosp,2,2026-08-08,55,quantile,0.25,11.0
2026-07-25,wk inc covid hosp,2,2026-08-08,55,quantile,0.3,12.0
2026-07-25,wk inc covid hosp,2,2026-08-08,55,quantile,0.35,13.0
2026-07-25,wk inc covid hosp,2,2026-08-08,55,quantile,0.4,15.0
2026-07-25,wk inc covid hosp,2,2026-08-08,55,quantile,0.45,16.0
2026-07-25,wk inc covid hosp,2,2026-08-08,55,quantile,0.5,18.0
2026-07-25,wk inc covid hosp,2,2026-08-08,55,quantile,0.55,20.0
2026-07-25,wk inc covid hosp,2,2026-08-08,55,quantile,0.6,25.0
2026-07-25,wk inc covid hosp,2,2026-08-08,55,quantile,0.65,32.0
2026-07-25,wk inc covid hosp,2,2026-08-08,55,quantile,0.7,37.0
2026-07-25,wk inc covid hosp,2,2026-08-08,55,quantile,0.75,40.0
2026-07-25,wk inc covid hosp,2,2026-08-08,55,quantile,0.8,46.0
2026-07-25,wk inc covid hosp,2,2026-08-08,55,quantile,0.85,53.0
2026-07-25,wk inc covid hosp,2,2026-08-08,55,quantile,0.9,64.0
2026-07-25,wk inc covid hosp,2,2026-08-08,55,quantile,0.95,107.0
2026-07-25,wk inc covid hosp,2,2026-08-08,55,quantile,0.975,131.0
2026-07-25,wk inc covid hosp,2,2026-08-08,55,quantile,0.99,168.0
2026-07-25,wk inc covid hosp,2,2026-08-08,56,quantile,0.01,0.0
2026-07-25,wk inc covid hosp,2,2026-08-08,56,quantile,0.025,0.0
2026-07-25,wk inc covid hosp,2,2026-08-08,56,quantile,0.05,0.0
2026-07-25,wk inc covid hosp,2,2026-08-08,56,quantile,0.1,0.0
2026-07-25,wk inc covid hosp,2,2026-08-08,56,quantile,0.15,1.0
2026-07-25,wk inc covid hosp,2,2026-08-08,56,quantile,0.2,1.0
2026-07-25,wk inc covid hosp,2,2026-08-08,56,quantile,0.25,1.0
2026-07-25,wk inc covid hosp,2,2026-08-08,56,quantile,0.3,2.0
2026-07-25,wk inc covid hosp,2,2026-08-08,56,quantile,0.35,2.0
2026-07-25,wk inc covid hosp,2,2026-08-08,56,quantile,0.4,3.0
2026-07-25,wk inc covid hosp,2,2026-08-08,56,quantile,0.45,3.0
2026-07-25,wk inc covid hosp,2,2026-08-08,56,quantile,0.5,4.0
2026-07-25,wk inc covid hosp,2,2026-08-08,56,quantile,0.55,5.0
2026-07-25,wk inc covid hosp,2,2026-08-08,56,quantile,0.6,6.0
2026-07-25,wk inc covid hosp,2,2026-08-08,56,quantile,0.65,7.0
2026-07-25,wk inc covid hosp,2,2026-08-08,56,quantile,0.7,9.0
2026-07-25,wk inc covid hosp,2,2026-08-08,56,quantile,0.75,11.0
2026-07-25,wk inc covid hosp,2,2026-08-08,56,quantile,0.8,14.0
2026-07-25,wk inc covid hosp,2,2026-08-08,56,quantile,0.85,18.0
2026-07-25,wk inc covid hosp,2,2026-08-08,56,quantile,0.9,26.0
2026-07-25,wk inc covid hosp,2,2026-08-08,56,quantile,0.95,44.0
2026-07-25,wk inc covid hosp,2,2026-08-08,56,quantile,0.975,65.0
2026-07-25,wk inc covid hosp,2,2026-08-08,56,quantile,0.99,100.0
2026-07-25,wk inc covid hosp,2,2026-08-08,72,quantile,0.01,8.0
2026-07-25,wk inc covid hosp,2,2026-08-08,72,quantile,0.025,9.0
2026-07-25,wk inc covid hosp,2,2026-08-08,72,quantile,0.05,11.0
2026-07-25,wk inc covid hosp,2,2026-08-08,72,quantile,0.1,13.0
2026-07-25,wk inc covid hosp,2,2026-08-08,72,quantile,0.15,16.0
2026-07-25,wk inc covid hosp,2,2026-08-08,72,quantile,0.2,17.0
2026-07-25,wk inc covid hosp,2,2026-08-08,72,quantile,0.25,19.0
2026-07-25,wk inc covid hosp,2,2026-08-08,72,quantile,0.3,21.0
2026-07-25,wk inc covid hosp,2,2026-08-08,72,quantile,0.35,24.0
2026-07-25,wk inc covid hosp,2,2026-08-08,72,quantile,0.4,27.0
2026-07-25,wk inc covid hosp,2,2026-08-08,72,quantile,0.45,30.0
2026-07-25,wk inc covid hosp,2,2026-08-08,72,quantile,0.5,32.0
2026-07-25,wk inc covid hosp,2,2026-08-08,72,quantile,0.55,33.0
2026-07-25,wk inc covid hosp,2,2026-08-08,72,quantile,0.6,35.0
2026-07-25,wk inc covid hosp,2,2026-08-08,72,quantile,0.65,39.0
2026-07-25,wk inc covid hosp,2,2026-08-08,72,quantile,0.7,42.0
2026-07-25,wk inc covid hosp,2,2026-08-08,72,quantile,0.75,46.0
2026-07-25,wk inc covid hosp,2,2026-08-08,72,quantile,0.8,53.0
2026-07-25,wk inc covid hosp,2,2026-08-08,72,quantile,0.85,59.0
2026-07-25,wk inc covid hosp,2,2026-08-08,72,quantile,0.9,70.0
2026-07-25,wk inc covid hosp,2,2026-08-08,72,quantile,0.95,96.0
2026-07-25,wk inc covid hosp,2,2026-08-08,72,quantile,0.975,117.0
2026-07-25,wk inc covid hosp,2,2026-08-08,72,quantile,0.99,183.0
2026-07-25,wk inc covid hosp,3,2026-08-15,01,quantile,0.01,13.0
2026-07-25,wk inc covid hosp,3,2026-08-15,01,quantile,0.025,13.0
2026-07-25,wk inc covid hosp,3,2026-08-15,01,quantile,0.05,14.0
2026-07-25,wk inc covid hosp,3,2026-08-15,01,quantile,0.1,21.0
2026-07-25,wk inc covid hosp,3,2026-08-15,01,quantile,0.15,26.0
2026-07-25,wk inc covid hosp,3,2026-08-15,01,quantile,0.2,29.0
2026-07-25,wk inc covid hosp,3,2026-08-15,01,quantile,0.25,32.0
2026-07-25,wk inc covid hosp,3,2026-08-15,01,quantile,0.3,36.0
2026-07-25,wk inc covid hosp,3,2026-08-15,01,quantile,0.35,39.0
2026-07-25,wk inc covid hosp,3,2026-08-15,01,quantile,0.4,44.0
2026-07-25,wk inc covid hosp,3,2026-08-15,01,quantile,0.45,47.0
2026-07-25,wk inc covid hosp,3,2026-08-15,01,quantile,0.5,51.0
2026-07-25,wk inc covid hosp,3,2026-08-15,01,quantile,0.55,57.0
2026-07-25,wk inc covid hosp,3,2026-08-15,01,quantile,0.6,66.0
2026-07-25,wk inc covid hosp,3,2026-08-15,01,quantile,0.65,72.0
2026-07-25,wk inc covid hosp,3,2026-08-15,01,quantile,0.7,84.0
2026-07-25,wk inc covid hosp,3,2026-08-15,01,quantile,0.75,93.0
2026-07-25,wk inc covid hosp,3,2026-08-15,01,quantile,0.8,103.0
2026-07-25,wk inc covid hosp,3,2026-08-15,01,quantile,0.85,120.0
2026-07-25,wk inc covid hosp,3,2026-08-15,01,quantile,0.9,165.0
2026-07-25,wk inc covid hosp,3,2026-08-15,01,quantile,0.95,209.0
2026-07-25,wk inc covid hosp,3,2026-08-15,01,quantile,0.975,279.0
2026-07-25,wk inc covid hosp,3,2026-08-15,01,quantile,0.99,368.0
2026-07-25,wk inc covid hosp,3,2026-08-15,02,quantile,0.01,0.0
2026-07-25,wk inc covid hosp,3,2026-08-15,02,quantile,0.025,0.0
2026-07-25,wk inc covid hosp,3,2026-08-15,02,quantile,0.05,0.0
2026-07-25,wk inc covid hosp,3,2026-08-15,02,quantile,0.1,0.0
2026-07-25,wk inc covid hosp,3,2026-08-15,02,quantile,0.15,1.0
2026-07-25,wk inc covid hosp,3,2026-08-15,02,quantile,0.2,1.0
2026-07-25,wk inc covid hosp,3,2026-08-15,02,quantile,0.25,2.0
2026-07-25,wk inc covid hosp,3,2026-08-15,02,quantile,0.3,2.0
2026-07-25,wk inc covid hosp,3,2026-08-15,02,quantile,0.35,2.0
2026-07-25,wk inc covid hosp,3,2026-08-15,02,quantile,0.4,3.0
2026-07-25,wk inc covid hosp,3,2026-08-15,02,quantile,0.45,3.0
2026-07-25,wk inc covid hosp,3,2026-08-15,02,quantile,0.5,4.0
2026-07-25,wk inc covid hosp,3,2026-08-15,02,quantile,0.55,5.0
2026-07-25,wk inc covid hosp,3,2026-08-15,02,quantile,0.6,6.0
2026-07-25,wk inc covid hosp,3,2026-08-15,02,quantile,0.65,8.0
2026-07-25,wk inc covid hosp,3,2026-08-15,02,quantile,0.7,10.0
2026-07-25,wk inc covid hosp,3,2026-08-15,02,quantile,0.75,13.0
2026-07-25,wk inc covid hosp,3,2026-08-15,02,quantile,0.8,17.0
2026-07-25,wk inc covid hosp,3,2026-08-15,02,quantile,0.85,22.0
2026-07-25,wk inc covid hosp,3,2026-08-15,02,quantile,0.9,30.0
2026-07-25,wk inc covid hosp,3,2026-08-15,02,quantile,0.95,48.0
2026-07-25,wk inc covid hosp,3,2026-08-15,02,quantile,0.975,71.0
2026-07-25,wk inc covid hosp,3,2026-08-15,02,quantile,0.99,113.0
2026-07-25,wk inc covid hosp,3,2026-08-15,04,quantile,0.01,5.0
2026-07-25,wk inc covid hosp,3,2026-08-15,04,quantile,0.025,7.0
2026-07-25,wk inc covid hosp,3,2026-08-15,04,quantile,0.05,17.0
2026-07-25,wk inc covid hosp,3,2026-08-15,04,quantile,0.1,21.0
2026-07-25,wk inc covid hosp,3,2026-08-15,04,quantile,0.15,26.0
2026-07-25,wk inc covid hosp,3,2026-08-15,04,quantile,0.2,29.0
2026-07-25,wk inc covid hosp,3,2026-08-15,04,quantile,0.25,31.0
2026-07-25,wk inc covid hosp,3,2026-08-15,04,quantile,0.3,33.0
2026-07-25,wk inc covid hosp,3,2026-08-15,04,quantile,0.35,35.0
2026-07-25,wk inc covid hosp,3,2026-08-15,04,quantile,0.4,37.0
2026-07-25,wk inc covid hosp,3,2026-08-15,04,quantile,0.45,39.0
2026-07-25,wk inc covid hosp,3,2026-08-15,04,quantile,0.5,43.0
2026-07-25,wk inc covid hosp,3,2026-08-15,04,quantile,0.55,46.0
2026-07-25,wk inc covid hosp,3,2026-08-15,04,quantile,0.6,51.0
2026-07-25,wk inc covid hosp,3,2026-08-15,04,quantile,0.65,57.0
2026-07-25,wk inc covid hosp,3,2026-08-15,04,quantile,0.7,67.0
2026-07-25,wk inc covid hosp,3,2026-08-15,04,quantile,0.75,77.0
2026-07-25,wk inc covid hosp,3,2026-08-15,04,quantile,0.8,85.0
2026-07-25,wk inc covid hosp,3,2026-08-15,04,quantile,0.85,101.0
2026-07-25,wk inc covid hosp,3,2026-08-15,04,quantile,0.9,123.0
2026-07-25,wk inc covid hosp,3,2026-08-15,04,quantile,0.95,153.0
2026-07-25,wk inc covid hosp,3,2026-08-15,04,quantile,0.975,184.0
2026-07-25,wk inc covid hosp,3,2026-08-15,04,quantile,0.99,240.0
2026-07-25,wk inc covid hosp,3,2026-08-15,05,quantile,0.01,2.0
2026-07-25,wk inc covid hosp,3,2026-08-15,05,quantile,0.025,3.0
2026-07-25,wk inc covid hosp,3,2026-08-15,05,quantile,0.05,4.0
2026-07-25,wk inc covid hosp,3,2026-08-15,05,quantile,0.1,6.0
2026-07-25,wk inc covid hosp,3,2026-08-15,05,quantile,0.15,7.0
2026-07-25,wk inc covid hosp,3,2026-08-15,05,quantile,0.2,8.0
2026-07-25,wk inc covid hosp,3,2026-08-15,05,quantile,0.25,10.0
2026-07-25,wk inc covid hosp,3,2026-08-15,05,quantile,0.3,11.0
2026-07-25,wk inc covid hosp,3,2026-08-15,05,quantile,0.35,13.0
2026-07-25,wk inc covid hosp,3,2026-08-15,05,quantile,0.4,15.0
2026-07-25,wk inc covid hosp,3,2026-08-15,05,quantile,0.45,17.0
2026-07-25,wk inc covid hosp,3,2026-08-15,05,quantile,0.5,21.0
2026-07-25,wk inc covid hosp,3,2026-08-15,05,quantile,0.55,25.0
2026-07-25,wk inc covid hosp,3,2026-08-15,05,quantile,0.6,29.0
2026-07-25,wk inc covid hosp,3,2026-08-15,05,quantile,0.65,33.0
2026-07-25,wk inc covid hosp,3,2026-08-15,05,quantile,0.7,36.0
2026-07-25,wk inc covid hosp,3,2026-08-15,05,quantile,0.75,41.0
2026-07-25,wk inc covid hosp,3,2026-08-15,05,quantile,0.8,47.0
2026-07-25,wk inc covid hosp,3,2026-08-15,05,quantile,0.85,53.0
2026-07-25,wk inc covid hosp,3,2026-08-15,05,quantile,0.9,74.0
2026-07-25,wk inc covid hosp,3,2026-08-15,05,quantile,0.95,105.0
2026-07-25,wk inc covid hosp,3,2026-08-15,05,quantile,0.975,134.0
2026-07-25,wk inc covid hosp,3,2026-08-15,05,quantile,0.99,182.0
2026-07-25,wk inc covid hosp,3,2026-08-15,06,quantile,0.01,192.0
2026-07-25,wk inc covid hosp,3,2026-08-15,06,quantile,0.025,210.0
2026-07-25,wk inc covid hosp,3,2026-08-15,06,quantile,0.05,223.0
2026-07-25,wk inc covid hosp,3,2026-08-15,06,quantile,0.1,256.0
2026-07-25,wk inc covid hosp,3,2026-08-15,06,quantile,0.15,289.0
2026-07-25,wk inc covid hosp,3,2026-08-15,06,quantile,0.2,302.0
2026-07-25,wk inc covid hosp,3,2026-08-15,06,quantile,0.25,314.0
2026-07-25,wk inc covid hosp,3,2026-08-15,06,quantile,0.3,329.0
2026-07-25,wk inc covid hosp,3,2026-08-15,06,quantile,0.35,343.0
2026-07-25,wk inc covid hosp,3,2026-08-15,06,quantile,0.4,356.0
2026-07-25,wk inc covid hosp,3,2026-08-15,06,quantile,0.45,371.0
2026-07-25,wk inc covid hosp,3,2026-08-15,06,quantile,0.5,385.0
2026-07-25,wk inc covid hosp,3,2026-08-15,06,quantile,0.55,399.0
2026-07-25,wk inc covid hosp,3,2026-08-15,06,quantile,0.6,409.0
2026-07-25,wk inc covid hosp,3,2026-08-15,06,quantile,0.65,431.0
2026-07-25,wk inc covid hosp,3,2026-08-15,06,quantile,0.7,449.0
2026-07-25,wk inc covid hosp,3,2026-08-15,06,quantile,0.75,469.0
2026-07-25,wk inc covid hosp,3,2026-08-15,06,quantile,0.8,515.0
2026-07-25,wk inc covid hosp,3,2026-08-15,06,quantile,0.85,549.0
2026-07-25,wk inc covid hosp,3,2026-08-15,06,quantile,0.9,608.0
2026-07-25,wk inc covid hosp,3,2026-08-15,06,quantile,0.95,672.0
2026-07-25,wk inc covid hosp,3,2026-08-15,06,quantile,0.975,752.0
2026-07-25,wk inc covid hosp,3,2026-08-15,06,quantile,0.99,846.0
2026-07-25,wk inc covid hosp,3,2026-08-15,08,quantile,0.01,1.0
2026-07-25,wk inc covid hosp,3,2026-08-15,08,quantile,0.025,2.0
2026-07-25,wk inc covid hosp,3,2026-08-15,08,quantile,0.05,3.0
2026-07-25,wk inc covid hosp,3,2026-08-15,08,quantile,0.1,4.0
2026-07-25,wk inc covid hosp,3,2026-08-15,08,quantile,0.15,4.0
2026-07-25,wk inc covid hosp,3,2026-08-15,08,quantile,0.2,5.0
2026-07-25,wk inc covid hosp,3,2026-08-15,08,quantile,0.25,6.0
2026-07-25,wk inc covid hosp,3,2026-08-15,08,quantile,0.3,8.0
2026-07-25,wk inc covid hosp,3,2026-08-15,08,quantile,0.35,10.0
2026-07-25,wk inc covid hosp,3,2026-08-15,08,quantile,0.4,11.0
2026-07-25,wk inc covid hosp,3,2026-08-15,08,quantile,0.45,12.0
2026-07-25,wk inc covid hosp,3,2026-08-15,08,quantile,0.5,14.0
2026-07-25,wk inc covid hosp,3,2026-08-15,08,quantile,0.55,18.0
2026-07-25,wk inc covid hosp,3,2026-08-15,08,quantile,0.6,23.0
2026-07-25,wk inc covid hosp,3,2026-08-15,08,quantile,0.65,26.0
2026-07-25,wk inc covid hosp,3,2026-08-15,08,quantile,0.7,29.0
2026-07-25,wk inc covid hosp,3,2026-08-15,08,quantile,0.75,33.0
2026-07-25,wk inc covid hosp,3,2026-08-15,08,quantile,0.8,40.0
2026-07-25,wk inc covid hosp,3,2026-08-15,08,quantile,0.85,52.0
2026-07-25,wk inc covid hosp,3,2026-08-15,08,quantile,0.9,63.0
2026-07-25,wk inc covid hosp,3,2026-08-15,08,quantile,0.95,98.0
2026-07-25,wk inc covid hosp,3,2026-08-15,08,quantile,0.975,124.0
2026-07-25,wk inc covid hosp,3,2026-08-15,08,quantile,0.99,171.0
2026-07-25,wk inc covid hosp,3,2026-08-15,09,quantile,0.01,5.0
2026-07-25,wk inc covid hosp,3,2026-08-15,09,quantile,0.025,6.0
2026-07-25,wk inc covid hosp,3,2026-08-15,09,quantile,0.05,6.0
2026-07-25,wk inc covid hosp,3,2026-08-15,09,quantile,0.1,9.0
2026-07-25,wk inc covid hosp,3,2026-08-15,09,quantile,0.15,12.0
2026-07-25,wk inc covid hosp,3,2026-08-15,09,quantile,0.2,13.0
2026-07-25,wk inc covid hosp,3,2026-08-15,09,quantile,0.25,15.0
2026-07-25,wk inc covid hosp,3,2026-08-15,09,quantile,0.3,16.0
2026-07-25,wk inc covid hosp,3,2026-08-15,09,quantile,0.35,18.0
2026-07-25,wk inc covid hosp,3,2026-08-15,09,quantile,0.4,20.0
2026-07-25,wk inc covid hosp,3,2026-08-15,09,quantile,0.45,22.0
2026-07-25,wk inc covid hosp,3,2026-08-15,09,quantile,0.5,25.0
2026-07-25,wk inc covid hosp,3,2026-08-15,09,quantile,0.55,27.0
2026-07-25,wk inc covid hosp,3,2026-08-15,09,quantile,0.6,30.0
2026-07-25,wk inc covid hosp,3,2026-08-15,09,quantile,0.65,32.0
2026-07-25,wk inc covid hosp,3,2026-08-15,09,quantile,0.7,36.0
2026-07-25,wk inc covid hosp,3,2026-08-15,09,quantile,0.75,41.0
2026-07-25,wk inc covid hosp,3,2026-08-15,09,quantile,0.8,47.0
2026-07-25,wk inc covid hosp,3,2026-08-15,09,quantile,0.85,54.0
2026-07-25,wk inc covid hosp,3,2026-08-15,09,quantile,0.9,66.0
2026-07-25,wk inc covid hosp,3,2026-08-15,09,quantile,0.95,86.0
2026-07-25,wk inc covid hosp,3,2026-08-15,09,quantile,0.975,114.0
2026-07-25,wk inc covid hosp,3,2026-08-15,09,quantile,0.99,158.0
2026-07-25,wk inc covid hosp,3,2026-08-15,10,quantile,0.01,0.0
2026-07-25,wk inc covid hosp,3,2026-08-15,10,quantile,0.025,0.0
2026-07-25,wk inc covid hosp,3,2026-08-15,10,quantile,0.05,0.0
2026-07-25,wk inc covid hosp,3,2026-08-15,10,quantile,0.1,1.0
2026-07-25,wk inc covid hosp,3,2026-08-15,10,quantile,0.15,1.0
2026-07-25,wk inc covid hosp,3,2026-08-15,10,quantile,0.2,1.0
2026-07-25,wk inc covid hosp,3,2026-08-15,10,quantile,0.25,2.0
2026-07-25,wk inc covid hosp,3,2026-08-15,10,quantile,0.3,2.0
2026-07-25,wk inc covid hosp,3,2026-08-15,10,quantile,0.35,3.0
2026-07-25,wk inc covid hosp,3,2026-08-15,10,quantile,0.4,3.0
2026-07-25,wk inc covid hosp,3,2026-08-15,10,quantile,0.45,4.0
2026-07-25,wk inc covid hosp,3,2026-08-15,10,quantile,0.5,5.0
2026-07-25,wk inc covid hosp,3,2026-08-15,10,quantile,0.55,6.0
2026-07-25,wk inc covid hosp,3,2026-08-15,10,quantile,0.6,8.0
2026-07-25,wk inc covid hosp,3,2026-08-15,10,quantile,0.65,9.0
2026-07-25,wk inc covid hosp,3,2026-08-15,10,quantile,0.7,11.0
2026-07-25,wk inc covid hosp,3,2026-08-15,10,quantile,0.75,15.0
2026-07-25,wk inc covid hosp,3,2026-08-15,10,quantile,0.8,18.0
2026-07-25,wk inc covid hosp,3,2026-08-15,10,quantile,0.85,24.0
2026-07-25,wk inc covid hosp,3,2026-08-15,10,quantile,0.9,32.0
2026-07-25,wk inc covid hosp,3,2026-08-15,10,quantile,0.95,50.0
2026-07-25,wk inc covid hosp,3,2026-08-15,10,quantile,0.975,73.0
2026-07-25,wk inc covid hosp,3,2026-08-15,10,quantile,0.99,114.0
2026-07-25,wk inc covid hosp,3,2026-08-15,11,quantile,0.01,0.0
2026-07-25,wk inc covid hosp,3,2026-08-15,11,quantile,0.025,0.0
2026-07-25,wk inc covid hosp,3,2026-08-15,11,quantile,0.05,0.0
2026-07-25,wk inc covid hosp,3,2026-08-15,11,quantile,0.1,1.0
2026-07-25,wk inc covid hosp,3,2026-08-15,11,quantile,0.15,1.0
2026-07-25,wk inc covid hosp,3,2026-08-15,11,quantile,0.2,1.0
2026-07-25,wk inc covid hosp,3,2026-08-15,11,quantile,0.25,2.0
2026-07-25,wk inc covid hosp,3,2026-08-15,11,quantile,0.3,3.0
2026-07-25,wk inc covid hosp,3,2026-08-15,11,quantile,0.35,3.0
2026-07-25,wk inc covid hosp,3,2026-08-15,11,quantile,0.4,4.0
2026-07-25,wk inc covid hosp,3,2026-08-15,11,quantile,0.45,5.0
2026-07-25,wk inc covid hosp,3,2026-08-15,11,quantile,0.5,6.0
2026-07-25,wk inc covid hosp,3,2026-08-15,11,quantile,0.55,7.0
2026-07-25,wk inc covid hosp,3,2026-08-15,11,quantile,0.6,8.0
2026-07-25,wk inc covid hosp,3,2026-08-15,11,quantile,0.65,10.0
2026-07-25,wk inc covid hosp,3,2026-08-15,11,quantile,0.7,12.0
2026-07-25,wk inc covid hosp,3,2026-08-15,11,quantile,0.75,15.0
2026-07-25,wk inc covid hosp,3,2026-08-15,11,quantile,0.8,18.0
2026-07-25,wk inc covid hosp,3,2026-08-15,11,quantile,0.85,23.0
2026-07-25,wk inc covid hosp,3,2026-08-15,11,quantile,0.9,32.0
2026-07-25,wk inc covid hosp,3,2026-08-15,11,quantile,0.95,50.0
2026-07-25,wk inc covid hosp,3,2026-08-15,11,quantile,0.975,72.0
2026-07-25,wk inc covid hosp,3,2026-08-15,11,quantile,0.99,113.0
2026-07-25,wk inc covid hosp,3,2026-08-15,12,quantile,0.01,104.0
2026-07-25,wk inc covid hosp,3,2026-08-15,12,quantile,0.025,143.0
2026-07-25,wk inc covid hosp,3,2026-08-15,12,quantile,0.05,155.0
2026-07-25,wk inc covid hosp,3,2026-08-15,12,quantile,0.1,175.0
2026-07-25,wk inc covid hosp,3,2026-08-15,12,quantile,0.15,188.0
2026-07-25,wk inc covid hosp,3,2026-08-15,12,quantile,0.2,202.0
2026-07-25,wk inc covid hosp,3,2026-08-15,12,quantile,0.25,215.0
2026-07-25,wk inc covid hosp,3,2026-08-15,12,quantile,0.3,226.0
2026-07-25,wk inc covid hosp,3,2026-08-15,12,quantile,0.35,238.0
2026-07-25,wk inc covid hosp,3,2026-08-15,12,quantile,0.4,248.0
2026-07-25,wk inc covid hosp,3,2026-08-15,12,quantile,0.45,265.0
2026-07-25,wk inc covid hosp,3,2026-08-15,12,quantile,0.5,282.0
2026-07-25,wk inc covid hosp,3,2026-08-15,12,quantile,0.55,313.0
2026-07-25,wk inc covid hosp,3,2026-08-15,12,quantile,0.6,340.0
2026-07-25,wk inc covid hosp,3,2026-08-15,12,quantile,0.65,374.0
2026-07-25,wk inc covid hosp,3,2026-08-15,12,quantile,0.7,396.0
2026-07-25,wk inc covid hosp,3,2026-08-15,12,quantile,0.75,438.0
2026-07-25,wk inc covid hosp,3,2026-08-15,12,quantile,0.8,489.0
2026-07-25,wk inc covid hosp,3,2026-08-15,12,quantile,0.85,530.0
2026-07-25,wk inc covid hosp,3,2026-08-15,12,quantile,0.9,590.0
2026-07-25,wk inc covid hosp,3,2026-08-15,12,quantile,0.95,949.0
2026-07-25,wk inc covid hosp,3,2026-08-15,12,quantile,0.975,1137.0
2026-07-25,wk inc covid hosp,3,2026-08-15,12,quantile,0.99,1304.0
2026-07-25,wk inc covid hosp,3,2026-08-15,13,quantile,0.01,23.0
2026-07-25,wk inc covid hosp,3,2026-08-15,13,quantile,0.025,36.0
2026-07-25,wk inc covid hosp,3,2026-08-15,13,quantile,0.05,38.0
2026-07-25,wk inc covid hosp,3,2026-08-15,13,quantile,0.1,42.0
2026-07-25,wk inc covid hosp,3,2026-08-15,13,quantile,0.15,45.0
2026-07-25,wk inc covid hosp,3,2026-08-15,13,quantile,0.2,51.0
2026-07-25,wk inc covid hosp,3,2026-08-15,13,quantile,0.25,57.0
2026-07-25,wk inc covid hosp,3,2026-08-15,13,quantile,0.3,60.0
2026-07-25,wk inc covid hosp,3,2026-08-15,13,quantile,0.35,64.0
2026-07-25,wk inc covid hosp,3,2026-08-15,13,quantile,0.4,70.0
2026-07-25,wk inc covid hosp,3,2026-08-15,13,quantile,0.45,77.0
2026-07-25,wk inc covid hosp,3,2026-08-15,13,quantile,0.5,89.0
2026-07-25,wk inc covid hosp,3,2026-08-15,13,quantile,0.55,109.0
2026-07-25,wk inc covid hosp,3,2026-08-15,13,quantile,0.6,126.0
2026-07-25,wk inc covid hosp,3,2026-08-15,13,quantile,0.65,140.0
2026-07-25,wk inc covid hosp,3,2026-08-15,13,quantile,0.7,160.0
2026-07-25,wk inc covid hosp,3,2026-08-15,13,quantile,0.75,185.0
2026-07-25,wk inc covid hosp,3,2026-08-15,13,quantile,0.8,207.0
2026-07-25,wk inc covid hosp,3,2026-08-15,13,quantile,0.85,235.0
2026-07-25,wk inc covid hosp,3,2026-08-15,13,quantile,0.9,309.0
2026-07-25,wk inc covid hosp,3,2026-08-15,13,quantile,0.95,492.0
2026-07-25,wk inc covid hosp,3,2026-08-15,13,quantile,0.975,620.0
2026-07-25,wk inc covid hosp,3,2026-08-15,13,quantile,0.99,790.0
2026-07-25,wk inc covid hosp,3,2026-08-15,15,quantile,0.01,1.0
2026-07-25,wk inc covid hosp,3,2026-08-15,15,quantile,0.025,1.0
2026-07-25,wk inc covid hosp,3,2026-08-15,15,quantile,0.05,2.0
2026-07-25,wk inc covid hosp,3,2026-08-15,15,quantile,0.1,3.0
2026-07-25,wk inc covid hosp,3,2026-08-15,15,quantile,0.15,3.0
2026-07-25,wk inc covid hosp,3,2026-08-15,15,quantile,0.2,4.0
2026-07-25,wk inc covid hosp,3,2026-08-15,15,quantile,0.25,5.0
2026-07-25,wk inc covid hosp,3,2026-08-15,15,quantile,0.3,6.0
2026-07-25,wk inc covid hosp,3,2026-08-15,15,quantile,0.35,7.0
2026-07-25,wk inc covid hosp,3,2026-08-15,15,quantile,0.4,8.0
2026-07-25,wk inc covid hosp,3,2026-08-15,15,quantile,0.45,10.0
2026-07-25,wk inc covid hosp,3,2026-08-15,15,quantile,0.5,11.0
2026-07-25,wk inc covid hosp,3,2026-08-15,15,quantile,0.55,13.0
2026-07-25,wk inc covid hosp,3,2026-08-15,15,quantile,0.6,14.0
2026-07-25,wk inc covid hosp,3,2026-08-15,15,quantile,0.65,16.0
2026-07-25,wk inc covid hosp,3,2026-08-15,15,quantile,0.7,19.0
2026-07-25,wk inc covid hosp,3,2026-08-15,15,quantile,0.75,23.0
2026-07-25,wk inc covid hosp,3,2026-08-15,15,quantile,0.8,29.0
2026-07-25,wk inc covid hosp,3,2026-08-15,15,quantile,0.85,36.0
2026-07-25,wk inc covid hosp,3,2026-08-15,15,quantile,0.9,46.0
2026-07-25,wk inc covid hosp,3,2026-08-15,15,quantile,0.95,99.0
2026-07-25,wk inc covid hosp,3,2026-08-15,15,quantile,0.975,152.0
2026-07-25,wk inc covid hosp,3,2026-08-15,15,quantile,0.99,217.0
2026-07-25,wk inc covid hosp,3,2026-08-15,16,quantile,0.01,2.0
2026-07-25,wk inc covid hosp,3,2026-08-15,16,quantile,0.025,2.0
2026-07-25,wk inc covid hosp,3,2026-08-15,16,quantile,0.05,2.0
2026-07-25,wk inc covid hosp,3,2026-08-15,16,quantile,0.1,3.0
2026-07-25,wk inc covid hosp,3,2026-08-15,16,quantile,0.15,3.0
2026-07-25,wk inc covid hosp,3,2026-08-15,16,quantile,0.2,4.0
2026-07-25,wk inc covid hosp,3,2026-08-15,16,quantile,0.25,5.0
2026-07-25,wk inc covid hosp,3,2026-08-15,16,quantile,0.3,6.0
2026-07-25,wk inc covid hosp,3,2026-08-15,16,quantile,0.35,7.0
2026-07-25,wk inc covid hosp,3,2026-08-15,16,quantile,0.4,8.0
2026-07-25,wk inc covid hosp,3,2026-08-15,16,quantile,0.45,9.0
2026-07-25,wk inc covid hosp,3,2026-08-15,16,quantile,0.5,11.0
2026-07-25,wk inc covid hosp,3,2026-08-15,16,quantile,0.55,13.0
2026-07-25,wk inc covid hosp,3,2026-08-15,16,quantile,0.6,15.0
2026-07-25,wk inc covid hosp,3,2026-08-15,16,quantile,0.65,18.0
2026-07-25,wk inc covid hosp,3,2026-08-15,16,quantile,0.7,20.0
2026-07-25,wk inc covid hosp,3,2026-08-15,16,quantile,0.75,23.0
2026-07-25,wk inc covid hosp,3,2026-08-15,16,quantile,0.8,27.0
2026-07-25,wk inc covid hosp,3,2026-08-15,16,quantile,0.85,34.0
2026-07-25,wk inc covid hosp,3,2026-08-15,16,quantile,0.9,44.0
2026-07-25,wk inc covid hosp,3,2026-08-15,16,quantile,0.95,73.0
2026-07-25,wk inc covid hosp,3,2026-08-15,16,quantile,0.975,98.0
2026-07-25,wk inc covid hosp,3,2026-08-15,16,quantile,0.99,146.0
2026-07-25,wk inc covid hosp,3,2026-08-15,17,quantile,0.01,23.0
2026-07-25,wk inc covid hosp,3,2026-08-15,17,quantile,0.025,25.0
2026-07-25,wk inc covid hosp,3,2026-08-15,17,quantile,0.05,30.0
2026-07-25,wk inc covid hosp,3,2026-08-15,17,quantile,0.1,34.0
2026-07-25,wk inc covid hosp,3,2026-08-15,17,quantile,0.15,41.0
2026-07-25,wk inc covid hosp,3,2026-08-15,17,quantile,0.2,44.0
2026-07-25,wk inc covid hosp,3,2026-08-15,17,quantile,0.25,48.0
2026-07-25,wk inc covid hosp,3,2026-08-15,17,quantile,0.3,52.0
2026-07-25,wk inc covid hosp,3,2026-08-15,17,quantile,0.35,55.0
2026-07-25,wk inc covid hosp,3,2026-08-15,17,quantile,0.4,58.0
2026-07-25,wk inc covid hosp,3,2026-08-15,17,quantile,0.45,63.0
2026-07-25,wk inc covid hosp,3,2026-08-15,17,quantile,0.5,68.0
2026-07-25,wk inc covid hosp,3,2026-08-15,17,quantile,0.55,78.0
2026-07-25,wk inc covid hosp,3,2026-08-15,17,quantile,0.6,84.0
2026-07-25,wk inc covid hosp,3,2026-08-15,17,quantile,0.65,91.0
2026-07-25,wk inc covid hosp,3,2026-08-15,17,quantile,0.7,98.0
2026-07-25,wk inc covid hosp,3,2026-08-15,17,quantile,0.75,115.0
2026-07-25,wk inc covid hosp,3,2026-08-15,17,quantile,0.8,129.0
2026-07-25,wk inc covid hosp,3,2026-08-15,17,quantile,0.85,143.0
2026-07-25,wk inc covid hosp,3,2026-08-15,17,quantile,0.9,162.0
2026-07-25,wk inc covid hosp,3,2026-08-15,17,quantile,0.95,184.0
2026-07-25,wk inc covid hosp,3,2026-08-15,17,quantile,0.975,217.0
2026-07-25,wk inc covid hosp,3,2026-08-15,17,quantile,0.99,260.0
2026-07-25,wk inc covid hosp,3,2026-08-15,18,quantile,0.01,2.0
2026-07-25,wk inc covid hosp,3,2026-08-15,18,quantile,0.025,4.0
2026-07-25,wk inc covid hosp,3,2026-08-15,18,quantile,0.05,5.0
2026-07-25,wk inc covid hosp,3,2026-08-15,18,quantile,0.1,7.0
2026-07-25,wk inc covid hosp,3,2026-08-15,18,quantile,0.15,10.0
2026-07-25,wk inc covid hosp,3,2026-08-15,18,quantile,0.2,11.0
2026-07-25,wk inc covid hosp,3,2026-08-15,18,quantile,0.25,13.0
2026-07-25,wk inc covid hosp,3,2026-08-15,18,quantile,0.3,15.0
2026-07-25,wk inc covid hosp,3,2026-08-15,18,quantile,0.35,16.0
2026-07-25,wk inc covid hosp,3,2026-08-15,18,quantile,0.4,18.0
2026-07-25,wk inc covid hosp,3,2026-08-15,18,quantile,0.45,22.0
2026-07-25,wk inc covid hosp,3,2026-08-15,18,quantile,0.5,25.0
2026-07-25,wk inc covid hosp,3,2026-08-15,18,quantile,0.55,30.0
2026-07-25,wk inc covid hosp,3,2026-08-15,18,quantile,0.6,34.0
2026-07-25,wk inc covid hosp,3,2026-08-15,18,quantile,0.65,38.0
2026-07-25,wk inc covid hosp,3,2026-08-15,18,quantile,0.7,44.0
2026-07-25,wk inc covid hosp,3,2026-08-15,18,quantile,0.75,53.0
2026-07-25,wk inc covid hosp,3,2026-08-15,18,quantile,0.8,63.0
2026-07-25,wk inc covid hosp,3,2026-08-15,18,quantile,0.85,78.0
2026-07-25,wk inc covid hosp,3,2026-08-15,18,quantile,0.9,89.0
2026-07-25,wk inc covid hosp,3,2026-08-15,18,quantile,0.95,139.0
2026-07-25,wk inc covid hosp,3,2026-08-15,18,quantile,0.975,179.0
2026-07-25,wk inc covid hosp,3,2026-08-15,18,quantile,0.99,231.0
2026-07-25,wk inc covid hosp,3,2026-08-15,19,quantile,0.01,0.0
2026-07-25,wk inc covid hosp,3,2026-08-15,19,quantile,0.025,1.0
2026-07-25,wk inc covid hosp,3,2026-08-15,19,quantile,0.05,1.0
2026-07-25,wk inc covid hosp,3,2026-08-15,19,quantile,0.1,2.0
2026-07-25,wk inc covid hosp,3,2026-08-15,19,quantile,0.15,2.0
2026-07-25,wk inc covid hosp,3,2026-08-15,19,quantile,0.2,3.0
2026-07-25,wk inc covid hosp,3,2026-08-15,19,quantile,0.25,4.0
2026-07-25,wk inc covid hosp,3,2026-08-15,19,quantile,0.3,5.0
2026-07-25,wk inc covid hosp,3,2026-08-15,19,quantile,0.35,7.0
2026-07-25,wk inc covid hosp,3,2026-08-15,19,quantile,0.4,8.0
2026-07-25,wk inc covid hosp,3,2026-08-15,19,quantile,0.45,9.0
2026-07-25,wk inc covid hosp,3,2026-08-15,19,quantile,0.5,11.0
2026-07-25,wk inc covid hosp,3,2026-08-15,19,quantile,0.55,13.0
2026-07-25,wk inc covid hosp,3,2026-08-15,19,quantile,0.6,17.0
2026-07-25,wk inc covid hosp,3,2026-08-15,19,quantile,0.65,21.0
2026-07-25,wk inc covid hosp,3,2026-08-15,19,quantile,0.7,27.0
2026-07-25,wk inc covid hosp,3,2026-08-15,19,quantile,0.75,30.0
2026-07-25,wk inc covid hosp,3,2026-08-15,19,quantile,0.8,35.0
2026-07-25,wk inc covid hosp,3,2026-08-15,19,quantile,0.85,41.0
2026-07-25,wk inc covid hosp,3,2026-08-15,19,quantile,0.9,56.0
2026-07-25,wk inc covid hosp,3,2026-08-15,19,quantile,0.95,75.0
2026-07-25,wk inc covid hosp,3,2026-08-15,19,quantile,0.975,101.0
2026-07-25,wk inc covid hosp,3,2026-08-15,19,quantile,0.99,146.0
2026-07-25,wk inc covid hosp,3,2026-08-15,20,quantile,0.01,2.0
2026-07-25,wk inc covid hosp,3,2026-08-15,20,quantile,0.025,3.0
2026-07-25,wk inc covid hosp,3,2026-08-15,20,quantile,0.05,3.0
2026-07-25,wk inc covid hosp,3,2026-08-15,20,quantile,0.1,4.0
2026-07-25,wk inc covid hosp,3,2026-08-15,20,quantile,0.15,5.0
2026-07-25,wk inc covid hosp,3,2026-08-15,20,quantile,0.2,6.0
2026-07-25,wk inc covid hosp,3,2026-08-15,20,quantile,0.25,7.0
2026-07-25,wk inc covid hosp,3,2026-08-15,20,quantile,0.3,8.0
2026-07-25,wk inc covid hosp,3,2026-08-15,20,quantile,0.35,9.0
2026-07-25,wk inc covid hosp,3,2026-08-15,20,quantile,0.4,10.0
2026-07-25,wk inc covid hosp,3,2026-08-15,20,quantile,0.45,11.0
2026-07-25,wk inc covid hosp,3,2026-08-15,20,quantile,0.5,15.0
2026-07-25,wk inc covid hosp,3,2026-08-15,20,quantile,0.55,18.0
2026-07-25,wk inc covid hosp,3,2026-08-15,20,quantile,0.6,21.0
2026-07-25,wk inc covid hosp,3,2026-08-15,20,quantile,0.65,25.0
2026-07-25,wk inc covid hosp,3,2026-08-15,20,quantile,0.7,29.0
2026-07-25,wk inc covid hosp,3,2026-08-15,20,quantile,0.75,33.0
2026-07-25,wk inc covid hosp,3,2026-08-15,20,quantile,0.8,39.0
2026-07-25,wk inc covid hosp,3,2026-08-15,20,quantile,0.85,47.0
2026-07-25,wk inc covid hosp,3,2026-08-15,20,quantile,0.9,60.0
2026-07-25,wk inc covid hosp,3,2026-08-15,20,quantile,0.95,86.0
2026-07-25,wk inc covid hosp,3,2026-08-15,20,quantile,0.975,114.0
2026-07-25,wk inc covid hosp,3,2026-08-15,20,quantile,0.99,156.0
2026-07-25,wk inc covid hosp,3,2026-08-15,21,quantile,0.01,2.0
2026-07-25,wk inc covid hosp,3,2026-08-15,21,quantile,0.025,3.0
2026-07-25,wk inc covid hosp,3,2026-08-15,21,quantile,0.05,6.0
2026-07-25,wk inc covid hosp,3,2026-08-15,21,quantile,0.1,7.0
2026-07-25,wk inc covid hosp,3,2026-08-15,21,quantile,0.15,9.0
2026-07-25,wk inc covid hosp,3,2026-08-15,21,quantile,0.2,11.0
2026-07-25,wk inc covid hosp,3,2026-08-15,21,quantile,0.25,12.0
2026-07-25,wk inc covid hosp,3,2026-08-15,21,quantile,0.3,14.0
2026-07-25,wk inc covid hosp,3,2026-08-15,21,quantile,0.35,15.0
2026-07-25,wk inc covid hosp,3,2026-08-15,21,quantile,0.4,18.0
2026-07-25,wk inc covid hosp,3,2026-08-15,21,quantile,0.45,21.0
2026-07-25,wk inc covid hosp,3,2026-08-15,21,quantile,0.5,27.0
2026-07-25,wk inc covid hosp,3,2026-08-15,21,quantile,0.55,34.0
2026-07-25,wk inc covid hosp,3,2026-08-15,21,quantile,0.6,42.0
2026-07-25,wk inc covid hosp,3,2026-08-15,21,quantile,0.65,49.0
2026-07-25,wk inc covid hosp,3,2026-08-15,21,quantile,0.7,61.0
2026-07-25,wk inc covid hosp,3,2026-08-15,21,quantile,0.75,68.0
2026-07-25,wk inc covid hosp,3,2026-08-15,21,quantile,0.8,83.0
2026-07-25,wk inc covid hosp,3,2026-08-15,21,quantile,0.85,108.0
2026-07-25,wk inc covid hosp,3,2026-08-15,21,quantile,0.9,137.0
2026-07-25,wk inc covid hosp,3,2026-08-15,21,quantile,0.95,200.0
2026-07-25,wk inc covid hosp,3,2026-08-15,21,quantile,0.975,283.0
2026-07-25,wk inc covid hosp,3,2026-08-15,21,quantile,0.99,358.0
2026-07-25,wk inc covid hosp,3,2026-08-15,22,quantile,0.01,15.0
2026-07-25,wk inc covid hosp,3,2026-08-15,22,quantile,0.025,16.0
2026-07-25,wk inc covid hosp,3,2026-08-15,22,quantile,0.05,16.0
2026-07-25,wk inc covid hosp,3,2026-08-15,22,quantile,0.1,19.0
2026-07-25,wk inc covid hosp,3,2026-08-15,22,quantile,0.15,22.0
2026-07-25,wk inc covid hosp,3,2026-08-15,22,quantile,0.2,24.0
2026-07-25,wk inc covid hosp,3,2026-08-15,22,quantile,0.25,26.0
2026-07-25,wk inc covid hosp,3,2026-08-15,22,quantile,0.3,29.0
2026-07-25,wk inc covid hosp,3,2026-08-15,22,quantile,0.35,32.0
2026-07-25,wk inc covid hosp,3,2026-08-15,22,quantile,0.4,35.0
2026-07-25,wk inc covid hosp,3,2026-08-15,22,quantile,0.45,37.0
2026-07-25,wk inc covid hosp,3,2026-08-15,22,quantile,0.5,43.0
2026-07-25,wk inc covid hosp,3,2026-08-15,22,quantile,0.55,50.0
2026-07-25,wk inc covid hosp,3,2026-08-15,22,quantile,0.6,55.0
2026-07-25,wk inc covid hosp,3,2026-08-15,22,quantile,0.65,65.0
2026-07-25,wk inc covid hosp,3,2026-08-15,22,quantile,0.7,76.0
2026-07-25,wk inc covid hosp,3,2026-08-15,22,quantile,0.75,82.0
2026-07-25,wk inc covid hosp,3,2026-08-15,22,quantile,0.8,91.0
2026-07-25,wk inc covid hosp,3,2026-08-15,22,quantile,0.85,108.0
2026-07-25,wk inc covid hosp,3,2026-08-15,22,quantile,0.9,133.0
2026-07-25,wk inc covid hosp,3,2026-08-15,22,quantile,0.95,199.0
2026-07-25,wk inc covid hosp,3,2026-08-15,22,quantile,0.975,300.0
2026-07-25,wk inc covid hosp,3,2026-08-15,22,quantile,0.99,392.0
2026-07-25,wk inc covid hosp,3,2026-08-15,23,quantile,0.01,0.0
2026-07-25,wk inc covid hosp,3,2026-08-15,23,quantile,0.025,0.0
2026-07-25,wk inc covid hosp,3,2026-08-15,23,quantile,0.05,0.0
2026-07-25,wk inc covid hosp,3,2026-08-15,23,quantile,0.1,0.0
2026-07-25,wk inc covid hosp,3,2026-08-15,23,quantile,0.15,1.0
2026-07-25,wk inc covid hosp,3,2026-08-15,23,quantile,0.2,1.0
2026-07-25,wk inc covid hosp,3,2026-08-15,23,quantile,0.25,1.0
2026-07-25,wk inc covid hosp,3,2026-08-15,23,quantile,0.3,2.0
2026-07-25,wk inc covid hosp,3,2026-08-15,23,quantile,0.35,2.0
2026-07-25,wk inc covid hosp,3,2026-08-15,23,quantile,0.4,2.0
2026-07-25,wk inc covid hosp,3,2026-08-15,23,quantile,0.45,3.0
2026-07-25,wk inc covid hosp,3,2026-08-15,23,quantile,0.5,4.0
2026-07-25,wk inc covid hosp,3,2026-08-15,23,quantile,0.55,5.0
2026-07-25,wk inc covid hosp,3,2026-08-15,23,quantile,0.6,6.0
2026-07-25,wk inc covid hosp,3,2026-08-15,23,quantile,0.65,8.0
2026-07-25,wk inc covid hosp,3,2026-08-15,23,quantile,0.7,11.0
2026-07-25,wk inc covid hosp,3,2026-08-15,23,quantile,0.75,14.0
2026-07-25,wk inc covid hosp,3,2026-08-15,23,quantile,0.8,17.0
2026-07-25,wk inc covid hosp,3,2026-08-15,23,quantile,0.85,22.0
2026-07-25,wk inc covid hosp,3,2026-08-15,23,quantile,0.9,31.0
2026-07-25,wk inc covid hosp,3,2026-08-15,23,quantile,0.95,49.0
2026-07-25,wk inc covid hosp,3,2026-08-15,23,quantile,0.975,71.0
2026-07-25,wk inc covid hosp,3,2026-08-15,23,quantile,0.99,114.0
2026-07-25,wk inc covid hosp,3,2026-08-15,24,quantile,0.01,1.0
2026-07-25,wk inc covid hosp,3,2026-08-15,24,quantile,0.025,2.0
2026-07-25,wk inc covid hosp,3,2026-08-15,24,quantile,0.05,2.0
2026-07-25,wk inc covid hosp,3,2026-08-15,24,quantile,0.1,5.0
2026-07-25,wk inc covid hosp,3,2026-08-15,24,quantile,0.15,5.0
2026-07-25,wk inc covid hosp,3,2026-08-15,24,quantile,0.2,6.0
2026-07-25,wk inc covid hosp,3,2026-08-15,24,quantile,0.25,7.0
2026-07-25,wk inc covid hosp,3,2026-08-15,24,quantile,0.3,8.0
2026-07-25,wk inc covid hosp,3,2026-08-15,24,quantile,0.35,9.0
2026-07-25,wk inc covid hosp,3,2026-08-15,24,quantile,0.4,11.0
2026-07-25,wk inc covid hosp,3,2026-08-15,24,quantile,0.45,12.0
2026-07-25,wk inc covid hosp,3,2026-08-15,24,quantile,0.5,14.0
2026-07-25,wk inc covid hosp,3,2026-08-15,24,quantile,0.55,20.0
2026-07-25,wk inc covid hosp,3,2026-08-15,24,quantile,0.6,23.0
2026-07-25,wk inc covid hosp,3,2026-08-15,24,quantile,0.65,26.0
2026-07-25,wk inc covid hosp,3,2026-08-15,24,quantile,0.7,30.0
2026-07-25,wk inc covid hosp,3,2026-08-15,24,quantile,0.75,34.0
2026-07-25,wk inc covid hosp,3,2026-08-15,24,quantile,0.8,43.0
2026-07-25,wk inc covid hosp,3,2026-08-15,24,quantile,0.85,50.0
2026-07-25,wk inc covid hosp,3,2026-08-15,24,quantile,0.9,60.0
2026-07-25,wk inc covid hosp,3,2026-08-15,24,quantile,0.95,80.0
2026-07-25,wk inc covid hosp,3,2026-08-15,24,quantile,0.975,103.0
2026-07-25,wk inc covid hosp,3,2026-08-15,24,quantile,0.99,145.0
2026-07-25,wk inc covid hosp,3,2026-08-15,25,quantile,0.01,1.0
2026-07-25,wk inc covid hosp,3,2026-08-15,25,quantile,0.025,7.0
2026-07-25,wk inc covid hosp,3,2026-08-15,25,quantile,0.05,8.0
2026-07-25,wk inc covid hosp,3,2026-08-15,25,quantile,0.1,8.0
2026-07-25,wk inc covid hosp,3,2026-08-15,25,quantile,0.15,9.0
2026-07-25,wk inc covid hosp,3,2026-08-15,25,quantile,0.2,11.0
2026-07-25,wk inc covid hosp,3,2026-08-15,25,quantile,0.25,15.0
2026-07-25,wk inc covid hosp,3,2026-08-15,25,quantile,0.3,17.0
2026-07-25,wk inc covid hosp,3,2026-08-15,25,quantile,0.35,19.0
2026-07-25,wk inc covid hosp,3,2026-08-15,25,quantile,0.4,21.0
2026-07-25,wk inc covid hosp,3,2026-08-15,25,quantile,0.45,24.0
2026-07-25,wk inc covid hosp,3,2026-08-15,25,quantile,0.5,26.0
2026-07-25,wk inc covid hosp,3,2026-08-15,25,quantile,0.55,29.0
2026-07-25,wk inc covid hosp,3,2026-08-15,25,quantile,0.6,33.0
2026-07-25,wk inc covid hosp,3,2026-08-15,25,quantile,0.65,43.0
2026-07-25,wk inc covid hosp,3,2026-08-15,25,quantile,0.7,50.0
2026-07-25,wk inc covid hosp,3,2026-08-15,25,quantile,0.75,55.0
2026-07-25,wk inc covid hosp,3,2026-08-15,25,quantile,0.8,60.0
2026-07-25,wk inc covid hosp,3,2026-08-15,25,quantile,0.85,68.0
2026-07-25,wk inc covid hosp,3,2026-08-15,25,quantile,0.9,79.0
2026-07-25,wk inc covid hosp,3,2026-08-15,25,quantile,0.95,102.0
2026-07-25,wk inc covid hosp,3,2026-08-15,25,quantile,0.975,129.0
2026-07-25,wk inc covid hosp,3,2026-08-15,25,quantile,0.99,182.0
2026-07-25,wk inc covid hosp,3,2026-08-15,26,quantile,0.01,9.0
2026-07-25,wk inc covid hosp,3,2026-08-15,26,quantile,0.025,9.0
2026-07-25,wk inc covid hosp,3,2026-08-15,26,quantile,0.05,10.0
2026-07-25,wk inc covid hosp,3,2026-08-15,26,quantile,0.1,14.0
2026-07-25,wk inc covid hosp,3,2026-08-15,26,quantile,0.15,17.0
2026-07-25,wk inc covid hosp,3,2026-08-15,26,quantile,0.2,18.0
2026-07-25,wk inc covid hosp,3,2026-08-15,26,quantile,0.25,20.0
2026-07-25,wk inc covid hosp,3,2026-08-15,26,quantile,0.3,23.0
2026-07-25,wk inc covid hosp,3,2026-08-15,26,quantile,0.35,26.0
2026-07-25,wk inc covid hosp,3,2026-08-15,26,quantile,0.4,28.0
2026-07-25,wk inc covid hosp,3,2026-08-15,26,quantile,0.45,32.0
2026-07-25,wk inc covid hosp,3,2026-08-15,26,quantile,0.5,36.0
2026-07-25,wk inc covid hosp,3,2026-08-15,26,quantile,0.55,39.0
2026-07-25,wk inc covid hosp,3,2026-08-15,26,quantile,0.6,42.0
2026-07-25,wk inc covid hosp,3,2026-08-15,26,quantile,0.65,48.0
2026-07-25,wk inc covid hosp,3,2026-08-15,26,quantile,0.7,54.0
2026-07-25,wk inc covid hosp,3,2026-08-15,26,quantile,0.75,64.0
2026-07-25,wk inc covid hosp,3,2026-08-15,26,quantile,0.8,78.0
2026-07-25,wk inc covid hosp,3,2026-08-15,26,quantile,0.85,89.0
2026-07-25,wk inc covid hosp,3,2026-08-15,26,quantile,0.9,99.0
2026-07-25,wk inc covid hosp,3,2026-08-15,26,quantile,0.95,124.0
2026-07-25,wk inc covid hosp,3,2026-08-15,26,quantile,0.975,157.0
2026-07-25,wk inc covid hosp,3,2026-08-15,26,quantile,0.99,218.0
2026-07-25,wk inc covid hosp,3,2026-08-15,27,quantile,0.01,2.0
2026-07-25,wk inc covid hosp,3,2026-08-15,27,quantile,0.025,3.0
2026-07-25,wk inc covid hosp,3,2026-08-15,27,quantile,0.05,3.0
2026-07-25,wk inc covid hosp,3,2026-08-15,27,quantile,0.1,4.0
2026-07-25,wk inc covid hosp,3,2026-08-15,27,quantile,0.15,5.0
2026-07-25,wk inc covid hosp,3,2026-08-15,27,quantile,0.2,6.0
2026-07-25,wk inc covid hosp,3,2026-08-15,27,quantile,0.25,8.0
2026-07-25,wk inc covid hosp,3,2026-08-15,27,quantile,0.3,9.0
2026-07-25,wk inc covid hosp,3,2026-08-15,27,quantile,0.35,10.0
2026-07-25,wk inc covid hosp,3,2026-08-15,27,quantile,0.4,12.0
2026-07-25,wk inc covid hosp,3,2026-08-15,27,quantile,0.45,14.0
2026-07-25,wk inc covid hosp,3,2026-08-15,27,quantile,0.5,15.0
2026-07-25,wk inc covid hosp,3,2026-08-15,27,quantile,0.55,19.0
2026-07-25,wk inc covid hosp,3,2026-08-15,27,quantile,0.6,24.0
2026-07-25,wk inc covid hosp,3,2026-08-15,27,quantile,0.65,27.0
2026-07-25,wk inc covid hosp,3,2026-08-15,27,quantile,0.7,31.0
2026-07-25,wk inc covid hosp,3,2026-08-15,27,quantile,0.75,39.0
2026-07-25,wk inc covid hosp,3,2026-08-15,27,quantile,0.8,44.0
2026-07-25,wk inc covid hosp,3,2026-08-15,27,quantile,0.85,50.0
2026-07-25,wk inc covid hosp,3,2026-08-15,27,quantile,0.9,60.0
2026-07-25,wk inc covid hosp,3,2026-08-15,27,quantile,0.95,81.0
2026-07-25,wk inc covid hosp,3,2026-08-15,27,quantile,0.975,109.0
2026-07-25,wk inc covid hosp,3,2026-08-15,27,quantile,0.99,155.0
2026-07-25,wk inc covid hosp,3,2026-08-15,28,quantile,0.01,4.0
2026-07-25,wk inc covid hosp,3,2026-08-15,28,quantile,0.025,5.0
2026-07-25,wk inc covid hosp,3,2026-08-15,28,quantile,0.05,6.0
2026-07-25,wk inc covid hosp,3,2026-08-15,28,quantile,0.1,8.0
2026-07-25,wk inc covid hosp,3,2026-08-15,28,quantile,0.15,10.0
2026-07-25,wk inc covid hosp,3,2026-08-15,28,quantile,0.2,11.0
2026-07-25,wk inc covid hosp,3,2026-08-15,28,quantile,0.25,12.0
2026-07-25,wk inc covid hosp,3,2026-08-15,28,quantile,0.3,13.0
2026-07-25,wk inc covid hosp,3,2026-08-15,28,quantile,0.35,14.0
2026-07-25,wk inc covid hosp,3,2026-08-15,28,quantile,0.4,15.0
2026-07-25,wk inc covid hosp,3,2026-08-15,28,quantile,0.45,17.0
2026-07-25,wk inc covid hosp,3,2026-08-15,28,quantile,0.5,20.0
2026-07-25,wk inc covid hosp,3,2026-08-15,28,quantile,0.55,22.0
2026-07-25,wk inc covid hosp,3,2026-08-15,28,quantile,0.6,27.0
2026-07-25,wk inc covid hosp,3,2026-08-15,28,quantile,0.65,31.0
2026-07-25,wk inc covid hosp,3,2026-08-15,28,quantile,0.7,36.0
2026-07-25,wk inc covid hosp,3,2026-08-15,28,quantile,0.75,43.0
2026-07-25,wk inc covid hosp,3,2026-08-15,28,quantile,0.8,50.0
2026-07-25,wk inc covid hosp,3,2026-08-15,28,quantile,0.85,58.0
2026-07-25,wk inc covid hosp,3,2026-08-15,28,quantile,0.9,72.0
2026-07-25,wk inc covid hosp,3,2026-08-15,28,quantile,0.95,101.0
2026-07-25,wk inc covid hosp,3,2026-08-15,28,quantile,0.975,142.0
2026-07-25,wk inc covid hosp,3,2026-08-15,28,quantile,0.99,193.0
2026-07-25,wk inc covid hosp,3,2026-08-15,29,quantile,0.01,2.0
2026-07-25,wk inc covid hosp,3,2026-08-15,29,quantile,0.025,2.0
2026-07-25,wk inc covid hosp,3,2026-08-15,29,quantile,0.05,3.0
2026-07-25,wk inc covid hosp,3,2026-08-15,29,quantile,0.1,5.0
2026-07-25,wk inc covid hosp,3,2026-08-15,29,quantile,0.15,7.0
2026-07-25,wk inc covid hosp,3,2026-08-15,29,quantile,0.2,8.0
2026-07-25,wk inc covid hosp,3,2026-08-15,29,quantile,0.25,10.0
2026-07-25,wk inc covid hosp,3,2026-08-15,29,quantile,0.3,11.0
2026-07-25,wk inc covid hosp,3,2026-08-15,29,quantile,0.35,12.0
2026-07-25,wk inc covid hosp,3,2026-08-15,29,quantile,0.4,13.0
2026-07-25,wk inc covid hosp,3,2026-08-15,29,quantile,0.45,15.0
2026-07-25,wk inc covid hosp,3,2026-08-15,29,quantile,0.5,26.0
2026-07-25,wk inc covid hosp,3,2026-08-15,29,quantile,0.55,32.0
2026-07-25,wk inc covid hosp,3,2026-08-15,29,quantile,0.6,39.0
2026-07-25,wk inc covid hosp,3,2026-08-15,29,quantile,0.65,46.0
2026-07-25,wk inc covid hosp,3,2026-08-15,29,quantile,0.7,50.0
2026-07-25,wk inc covid hosp,3,2026-08-15,29,quantile,0.75,55.0
2026-07-25,wk inc covid hosp,3,2026-08-15,29,quantile,0.8,63.0
2026-07-25,wk inc covid hosp,3,2026-08-15,29,quantile,0.85,71.0
2026-07-25,wk inc covid hosp,3,2026-08-15,29,quantile,0.9,88.0
2026-07-25,wk inc covid hosp,3,2026-08-15,29,quantile,0.95,123.0
2026-07-25,wk inc covid hosp,3,2026-08-15,29,quantile,0.975,159.0
2026-07-25,wk inc covid hosp,3,2026-08-15,29,quantile,0.99,205.0
2026-07-25,wk inc covid hosp,3,2026-08-15,30,quantile,0.01,0.0
2026-07-25,wk inc covid hosp,3,2026-08-15,30,quantile,0.025,0.0
2026-07-25,wk inc covid hosp,3,2026-08-15,30,quantile,0.05,1.0
2026-07-25,wk inc covid hosp,3,2026-08-15,30,quantile,0.1,1.0
2026-07-25,wk inc covid hosp,3,2026-08-15,30,quantile,0.15,2.0
2026-07-25,wk inc covid hosp,3,2026-08-15,30,quantile,0.2,2.0
2026-07-25,wk inc covid hosp,3,2026-08-15,30,quantile,0.25,3.0
2026-07-25,wk inc covid hosp,3,2026-08-15,30,quantile,0.3,3.0
2026-07-25,wk inc covid hosp,3,2026-08-15,30,quantile,0.35,4.0
2026-07-25,wk inc covid hosp,3,2026-08-15,30,quantile,0.4,5.0
2026-07-25,wk inc covid hosp,3,2026-08-15,30,quantile,0.45,6.0
2026-07-25,wk inc covid hosp,3,2026-08-15,30,quantile,0.5,8.0
2026-07-25,wk inc covid hosp,3,2026-08-15,30,quantile,0.55,10.0
2026-07-25,wk inc covid hosp,3,2026-08-15,30,quantile,0.6,11.0
2026-07-25,wk inc covid hosp,3,2026-08-15,30,quantile,0.65,14.0
2026-07-25,wk inc covid hosp,3,2026-08-15,30,quantile,0.7,16.0
2026-07-25,wk inc covid hosp,3,2026-08-15,30,quantile,0.75,19.0
2026-07-25,wk inc covid hosp,3,2026-08-15,30,quantile,0.8,24.0
2026-07-25,wk inc covid hosp,3,2026-08-15,30,quantile,0.85,29.0
2026-07-25,wk inc covid hosp,3,2026-08-15,30,quantile,0.9,43.0
2026-07-25,wk inc covid hosp,3,2026-08-15,30,quantile,0.95,73.0
2026-07-25,wk inc covid hosp,3,2026-08-15,30,quantile,0.975,101.0
2026-07-25,wk inc covid hosp,3,2026-08-15,30,quantile,0.99,145.0
2026-07-25,wk inc covid hosp,3,2026-08-15,31,quantile,0.01,0.0
2026-07-25,wk inc covid hosp,3,2026-08-15,31,quantile,0.025,0.0
2026-07-25,wk inc covid hosp,3,2026-08-15,31,quantile,0.05,1.0
2026-07-25,wk inc covid hosp,3,2026-08-15,31,quantile,0.1,1.0
2026-07-25,wk inc covid hosp,3,2026-08-15,31,quantile,0.15,2.0
2026-07-25,wk inc covid hosp,3,2026-08-15,31,quantile,0.2,2.0
2026-07-25,wk inc covid hosp,3,2026-08-15,31,quantile,0.25,3.0
2026-07-25,wk inc covid hosp,3,2026-08-15,31,quantile,0.3,4.0
2026-07-25,wk inc covid hosp,3,2026-08-15,31,quantile,0.35,4.0
2026-07-25,wk inc covid hosp,3,2026-08-15,31,quantile,0.4,5.0
2026-07-25,wk inc covid hosp,3,2026-08-15,31,quantile,0.45,6.0
2026-07-25,wk inc covid hosp,3,2026-08-15,31,quantile,0.5,8.0
2026-07-25,wk inc covid hosp,3,2026-08-15,31,quantile,0.55,9.0
2026-07-25,wk inc covid hosp,3,2026-08-15,31,quantile,0.6,11.0
2026-07-25,wk inc covid hosp,3,2026-08-15,31,quantile,0.65,14.0
2026-07-25,wk inc covid hosp,3,2026-08-15,31,quantile,0.7,18.0
2026-07-25,wk inc covid hosp,3,2026-08-15,31,quantile,0.75,21.0
2026-07-25,wk inc covid hosp,3,2026-08-15,31,quantile,0.8,26.0
2026-07-25,wk inc covid hosp,3,2026-08-15,31,quantile,0.85,32.0
2026-07-25,wk inc covid hosp,3,2026-08-15,31,quantile,0.9,40.0
2026-07-25,wk inc covid hosp,3,2026-08-15,31,quantile,0.95,62.0
2026-07-25,wk inc covid hosp,3,2026-08-15,31,quantile,0.975,85.0
2026-07-25,wk inc covid hosp,3,2026-08-15,31,quantile,0.99,129.0
2026-07-25,wk inc covid hosp,3,2026-08-15,32,quantile,0.01,3.0
2026-07-25,wk inc covid hosp,3,2026-08-15,32,quantile,0.025,4.0
2026-07-25,wk inc covid hosp,3,2026-08-15,32,quantile,0.05,6.0
2026-07-25,wk inc covid hosp,3,2026-08-15,32,quantile,0.1,8.0
2026-07-25,wk inc covid hosp,3,2026-08-15,32,quantile,0.15,9.0
2026-07-25,wk inc covid hosp,3,2026-08-15,32,quantile,0.2,10.0
2026-07-25,wk inc covid hosp,3,2026-08-15,32,quantile,0.25,12.0
2026-07-25,wk inc covid hosp,3,2026-08-15,32,quantile,0.3,13.0
2026-07-25,wk inc covid hosp,3,2026-08-15,32,quantile,0.35,15.0
2026-07-25,wk inc covid hosp,3,2026-08-15,32,quantile,0.4,17.0
2026-07-25,wk inc covid hosp,3,2026-08-15,32,quantile,0.45,18.0
2026-07-25,wk inc covid hosp,3,2026-08-15,32,quantile,0.5,23.0
2026-07-25,wk inc covid hosp,3,2026-08-15,32,quantile,0.55,25.0
2026-07-25,wk inc covid hosp,3,2026-08-15,32,quantile,0.6,28.0
2026-07-25,wk inc covid hosp,3,2026-08-15,32,quantile,0.65,34.0
2026-07-25,wk inc covid hosp,3,2026-08-15,32,quantile,0.7,43.0
2026-07-25,wk inc covid hosp,3,2026-08-15,32,quantile,0.75,50.0
2026-07-25,wk inc covid hosp,3,2026-08-15,32,quantile,0.8,61.0
2026-07-25,wk inc covid hosp,3,2026-08-15,32,quantile,0.85,71.0
2026-07-25,wk inc covid hosp,3,2026-08-15,32,quantile,0.9,91.0
2026-07-25,wk inc covid hosp,3,2026-08-15,32,quantile,0.95,120.0
2026-07-25,wk inc covid hosp,3,2026-08-15,32,quantile,0.975,152.0
2026-07-25,wk inc covid hosp,3,2026-08-15,32,quantile,0.99,204.0
2026-07-25,wk inc covid hosp,3,2026-08-15,33,quantile,0.01,0.0
2026-07-25,wk inc covid hosp,3,2026-08-15,33,quantile,0.025,0.0
2026-07-25,wk inc covid hosp,3,2026-08-15,33,quantile,0.05,0.0
2026-07-25,wk inc covid hosp,3,2026-08-15,33,quantile,0.1,1.0
2026-07-25,wk inc covid hosp,3,2026-08-15,33,quantile,0.15,1.0
2026-07-25,wk inc covid hosp,3,2026-08-15,33,quantile,0.2,1.0
2026-07-25,wk inc covid hosp,3,2026-08-15,33,quantile,0.25,2.0
2026-07-25,wk inc covid hosp,3,2026-08-15,33,quantile,0.3,3.0
2026-07-25,wk inc covid hosp,3,2026-08-15,33,quantile,0.35,3.0
2026-07-25,wk inc covid hosp,3,2026-08-15,33,quantile,0.4,4.0
2026-07-25,wk inc covid hosp,3,2026-08-15,33,quantile,0.45,5.0
2026-07-25,wk inc covid hosp,3,2026-08-15,33,quantile,0.5,6.0
2026-07-25,wk inc covid hosp,3,2026-08-15,33,quantile,0.55,7.0
2026-07-25,wk inc covid hosp,3,2026-08-15,33,quantile,0.6,8.0
2026-07-25,wk inc covid hosp,3,2026-08-15,33,quantile,0.65,11.0
2026-07-25,wk inc covid hosp,3,2026-08-15,33,quantile,0.7,14.0
2026-07-25,wk inc covid hosp,3,2026-08-15,33,quantile,0.75,17.0
2026-07-25,wk inc covid hosp,3,2026-08-15,33,quantile,0.8,20.0
2026-07-25,wk inc covid hosp,3,2026-08-15,33,quantile,0.85,25.0
2026-07-25,wk inc covid hosp,3,2026-08-15,33,quantile,0.9,34.0
2026-07-25,wk inc covid hosp,3,2026-08-15,33,quantile,0.95,53.0
2026-07-25,wk inc covid hosp,3,2026-08-15,33,quantile,0.975,77.0
2026-07-25,wk inc covid hosp,3,2026-08-15,33,quantile,0.99,120.0
2026-07-25,wk inc covid hosp,3,2026-08-15,34,quantile,0.01,16.0
2026-07-25,wk inc covid hosp,3,2026-08-15,34,quantile,0.025,20.0
2026-07-25,wk inc covid hosp,3,2026-08-15,34,quantile,0.05,22.0
2026-07-25,wk inc covid hosp,3,2026-08-15,34,quantile,0.1,31.0
2026-07-25,wk inc covid hosp,3,2026-08-15,34,quantile,0.15,35.0
2026-07-25,wk inc covid hosp,3,2026-08-15,34,quantile,0.2,39.0
2026-07-25,wk inc covid hosp,3,2026-08-15,34,quantile,0.25,42.0
2026-07-25,wk inc covid hosp,3,2026-08-15,34,quantile,0.3,45.0
2026-07-25,wk inc covid hosp,3,2026-08-15,34,quantile,0.35,48.0
2026-07-25,wk inc covid hosp,3,2026-08-15,34,quantile,0.4,51.0
2026-07-25,wk inc covid hosp,3,2026-08-15,34,quantile,0.45,53.0
2026-07-25,wk inc covid hosp,3,2026-08-15,34,quantile,0.5,57.0
2026-07-25,wk inc covid hosp,3,2026-08-15,34,quantile,0.55,60.0
2026-07-25,wk inc covid hosp,3,2026-08-15,34,quantile,0.6,65.0
2026-07-25,wk inc covid hosp,3,2026-08-15,34,quantile,0.65,69.0
2026-07-25,wk inc covid hosp,3,2026-08-15,34,quantile,0.7,80.0
2026-07-25,wk inc covid hosp,3,2026-08-15,34,quantile,0.75,90.0
2026-07-25,wk inc covid hosp,3,2026-08-15,34,quantile,0.8,101.0
2026-07-25,wk inc covid hosp,3,2026-08-15,34,quantile,0.85,111.0
2026-07-25,wk inc covid hosp,3,2026-08-15,34,quantile,0.9,123.0
2026-07-25,wk inc covid hosp,3,2026-08-15,34,quantile,0.95,146.0
2026-07-25,wk inc covid hosp,3,2026-08-15,34,quantile,0.975,171.0
2026-07-25,wk inc covid hosp,3,2026-08-15,34,quantile,0.99,217.0
2026-07-25,wk inc covid hosp,3,2026-08-15,35,quantile,0.01,0.0
2026-07-25,wk inc covid hosp,3,2026-08-15,35,quantile,0.025,1.0
2026-07-25,wk inc covid hosp,3,2026-08-15,35,quantile,0.05,1.0
2026-07-25,wk inc covid hosp,3,2026-08-15,35,quantile,0.1,2.0
2026-07-25,wk inc covid hosp,3,2026-08-15,35,quantile,0.15,2.0
2026-07-25,wk inc covid hosp,3,2026-08-15,35,quantile,0.2,3.0
2026-07-25,wk inc covid hosp,3,2026-08-15,35,quantile,0.25,4.0
2026-07-25,wk inc covid hosp,3,2026-08-15,35,quantile,0.3,5.0
2026-07-25,wk inc covid hosp,3,2026-08-15,35,quantile,0.35,6.0
2026-07-25,wk inc covid hosp,3,2026-08-15,35,quantile,0.4,7.0
2026-07-25,wk inc covid hosp,3,2026-08-15,35,quantile,0.45,8.0
2026-07-25,wk inc covid hosp,3,2026-08-15,35,quantile,0.5,9.0
2026-07-25,wk inc covid hosp,3,2026-08-15,35,quantile,0.55,11.0
2026-07-25,wk inc covid hosp,3,2026-08-15,35,quantile,0.6,13.0
2026-07-25,wk inc covid hosp,3,2026-08-15,35,quantile,0.65,15.0
2026-07-25,wk inc covid hosp,3,2026-08-15,35,quantile,0.7,18.0
2026-07-25,wk inc covid hosp,3,2026-08-15,35,quantile,0.75,21.0
2026-07-25,wk inc covid hosp,3,2026-08-15,35,quantile,0.8,26.0
2026-07-25,wk inc covid hosp,3,2026-08-15,35,quantile,0.85,33.0
2026-07-25,wk inc covid hosp,3,2026-08-15,35,quantile,0.9,43.0
2026-07-25,wk inc covid hosp,3,2026-08-15,35,quantile,0.95,67.0
2026-07-25,wk inc covid hosp,3,2026-08-15,35,quantile,0.975,90.0
2026-07-25,wk inc covid hosp,3,2026-08-15,35,quantile,0.99,136.0
2026-07-25,wk inc covid hosp,3,2026-08-15,36,quantile,0.01,36.0
2026-07-25,wk inc covid hosp,3,2026-08-15,36,quantile,0.025,49.0
2026-07-25,wk inc covid hosp,3,2026-08-15,36,quantile,0.05,56.0
2026-07-25,wk inc covid hosp,3,2026-08-15,36,quantile,0.1,70.0
2026-07-25,wk inc covid hosp,3,2026-08-15,36,quantile,0.15,76.0
2026-07-25,wk inc covid hosp,3,2026-08-15,36,quantile,0.2,80.0
2026-07-25,wk inc covid hosp,3,2026-08-15,36,quantile,0.25,86.0
2026-07-25,wk inc covid hosp,3,2026-08-15,36,quantile,0.3,91.0
2026-07-25,wk inc covid hosp,3,2026-08-15,36,quantile,0.35,96.0
2026-07-25,wk inc covid hosp,3,2026-08-15,36,quantile,0.4,100.0
2026-07-25,wk inc covid hosp,3,2026-08-15,36,quantile,0.45,104.0
2026-07-25,wk inc covid hosp,3,2026-08-15,36,quantile,0.5,109.0
2026-07-25,wk inc covid hosp,3,2026-08-15,36,quantile,0.55,116.0
2026-07-25,wk inc covid hosp,3,2026-08-15,36,quantile,0.6,131.0
2026-07-25,wk inc covid hosp,3,2026-08-15,36,quantile,0.65,153.0
2026-07-25,wk inc covid hosp,3,2026-08-15,36,quantile,0.7,183.0
2026-07-25,wk inc covid hosp,3,2026-08-15,36,quantile,0.75,196.0
2026-07-25,wk inc covid hosp,3,2026-08-15,36,quantile,0.8,204.0
2026-07-25,wk inc covid hosp,3,2026-08-15,36,quantile,0.85,220.0
2026-07-25,wk inc covid hosp,3,2026-08-15,36,quantile,0.9,238.0
2026-07-25,wk inc covid hosp,3,2026-08-15,36,quantile,0.95,276.0
2026-07-25,wk inc covid hosp,3,2026-08-15,36,quantile,0.975,314.0
2026-07-25,wk inc covid hosp,3,2026-08-15,36,quantile,0.99,364.0
2026-07-25,wk inc covid hosp,3,2026-08-15,37,quantile,0.01,10.0
2026-07-25,wk inc covid hosp,3,2026-08-15,37,quantile,0.025,23.0
2026-07-25,wk inc covid hosp,3,2026-08-15,37,quantile,0.05,26.0
2026-07-25,wk inc covid hosp,3,2026-08-15,37,quantile,0.1,31.0
2026-07-25,wk inc covid hosp,3,2026-08-15,37,quantile,0.15,40.0
2026-07-25,wk inc covid hosp,3,2026-08-15,37,quantile,0.2,45.0
2026-07-25,wk inc covid hosp,3,2026-08-15,37,quantile,0.25,50.0
2026-07-25,wk inc covid hosp,3,2026-08-15,37,quantile,0.3,55.0
2026-07-25,wk inc covid hosp,3,2026-08-15,37,quantile,0.35,60.0
2026-07-25,wk inc covid hosp,3,2026-08-15,37,quantile,0.4,66.0
2026-07-25,wk inc covid hosp,3,2026-08-15,37,quantile,0.45,74.0
2026-07-25,wk inc covid hosp,3,2026-08-15,37,quantile,0.5,80.0
2026-07-25,wk inc covid hosp,3,2026-08-15,37,quantile,0.55,86.0
2026-07-25,wk inc covid hosp,3,2026-08-15,37,quantile,0.6,93.0
2026-07-25,wk inc covid hosp,3,2026-08-15,37,quantile,0.65,104.0
2026-07-25,wk inc covid hosp,3,2026-08-15,37,quantile,0.7,113.0
2026-07-25,wk inc covid hosp,3,2026-08-15,37,quantile,0.75,124.0
2026-07-25,wk inc covid hosp,3,2026-08-15,37,quantile,0.8,135.0
2026-07-25,wk inc covid hosp,3,2026-08-15,37,quantile,0.85,152.0
2026-07-25,wk inc covid hosp,3,2026-08-15,37,quantile,0.9,185.0
2026-07-25,wk inc covid hosp,3,2026-08-15,37,quantile,0.95,238.0
2026-07-25,wk inc covid hosp,3,2026-08-15,37,quantile,0.975,282.0
2026-07-25,wk inc covid hosp,3,2026-08-15,37,quantile,0.99,342.0
2026-07-25,wk inc covid hosp,3,2026-08-15,38,quantile,0.01,0.0
2026-07-25,wk inc covid hosp,3,2026-08-15,38,quantile,0.025,0.0
2026-07-25,wk inc covid hosp,3,2026-08-15,38,quantile,0.05,0.0
2026-07-25,wk inc covid hosp,3,2026-08-15,38,quantile,0.1,0.0
2026-07-25,wk inc covid hosp,3,2026-08-15,38,quantile,0.15,1.0
2026-07-25,wk inc covid hosp,3,2026-08-15,38,quantile,0.2,1.0
2026-07-25,wk inc covid hosp,3,2026-08-15,38,quantile,0.25,1.0
2026-07-25,wk inc covid hosp,3,2026-08-15,38,quantile,0.3,2.0
2026-07-25,wk inc covid hosp,3,2026-08-15,38,quantile,0.35,2.0
2026-07-25,wk inc covid hosp,3,2026-08-15,38,quantile,0.4,3.0
2026-07-25,wk inc covid hosp,3,2026-08-15,38,quantile,0.45,3.0
2026-07-25,wk inc covid hosp,3,2026-08-15,38,quantile,0.5,4.0
2026-07-25,wk inc covid hosp,3,2026-08-15,38,quantile,0.55,5.0
2026-07-25,wk inc covid hosp,3,2026-08-15,38,quantile,0.6,7.0
2026-07-25,wk inc covid hosp,3,2026-08-15,38,quantile,0.65,9.0
2026-07-25,wk inc covid hosp,3,2026-08-15,38,quantile,0.7,11.0
2026-07-25,wk inc covid hosp,3,2026-08-15,38,quantile,0.75,14.0
2026-07-25,wk inc covid hosp,3,2026-08-15,38,quantile,0.8,17.0
2026-07-25,wk inc covid hosp,3,2026-08-15,38,quantile,0.85,22.0
2026-07-25,wk inc covid hosp,3,2026-08-15,38,quantile,0.9,32.0
2026-07-25,wk inc covid hosp,3,2026-08-15,38,quantile,0.95,53.0
2026-07-25,wk inc covid hosp,3,2026-08-15,38,quantile,0.975,76.0
2026-07-25,wk inc covid hosp,3,2026-08-15,38,quantile,0.99,118.0
2026-07-25,wk inc covid hosp,3,2026-08-15,39,quantile,0.01,15.0
2026-07-25,wk inc covid hosp,3,2026-08-15,39,quantile,0.025,16.0
2026-07-25,wk inc covid hosp,3,2026-08-15,39,quantile,0.05,20.0
2026-07-25,wk inc covid hosp,3,2026-08-15,39,quantile,0.1,26.0
2026-07-25,wk inc covid hosp,3,2026-08-15,39,quantile,0.15,29.0
2026-07-25,wk inc covid hosp,3,2026-08-15,39,quantile,0.2,33.0
2026-07-25,wk inc covid hosp,3,2026-08-15,39,quantile,0.25,35.0
2026-07-25,wk inc covid hosp,3,2026-08-15,39,quantile,0.3,38.0
2026-07-25,wk inc covid hosp,3,2026-08-15,39,quantile,0.35,42.0
2026-07-25,wk inc covid hosp,3,2026-08-15,39,quantile,0.4,46.0
2026-07-25,wk inc covid hosp,3,2026-08-15,39,quantile,0.45,51.0
2026-07-25,wk inc covid hosp,3,2026-08-15,39,quantile,0.5,54.0
2026-07-25,wk inc covid hosp,3,2026-08-15,39,quantile,0.55,62.0
2026-07-25,wk inc covid hosp,3,2026-08-15,39,quantile,0.6,71.0
2026-07-25,wk inc covid hosp,3,2026-08-15,39,quantile,0.65,77.0
2026-07-25,wk inc covid hosp,3,2026-08-15,39,quantile,0.7,83.0
2026-07-25,wk inc covid hosp,3,2026-08-15,39,quantile,0.75,104.0
2026-07-25,wk inc covid hosp,3,2026-08-15,39,quantile,0.8,119.0
2026-07-25,wk inc covid hosp,3,2026-08-15,39,quantile,0.85,135.0
2026-07-25,wk inc covid hosp,3,2026-08-15,39,quantile,0.9,155.0
2026-07-25,wk inc covid hosp,3,2026-08-15,39,quantile,0.95,230.0
2026-07-25,wk inc covid hosp,3,2026-08-15,39,quantile,0.975,273.0
2026-07-25,wk inc covid hosp,3,2026-08-15,39,quantile,0.99,332.0
2026-07-25,wk inc covid hosp,3,2026-08-15,40,quantile,0.01,1.0
2026-07-25,wk inc covid hosp,3,2026-08-15,40,quantile,0.025,1.0
2026-07-25,wk inc covid hosp,3,2026-08-15,40,quantile,0.05,2.0
2026-07-25,wk inc covid hosp,3,2026-08-15,40,quantile,0.1,4.0
2026-07-25,wk inc covid hosp,3,2026-08-15,40,quantile,0.15,4.0
2026-07-25,wk inc covid hosp,3,2026-08-15,40,quantile,0.2,5.0
2026-07-25,wk inc covid hosp,3,2026-08-15,40,quantile,0.25,6.0
2026-07-25,wk inc covid hosp,3,2026-08-15,40,quantile,0.3,7.0
2026-07-25,wk inc covid hosp,3,2026-08-15,40,quantile,0.35,8.0
2026-07-25,wk inc covid hosp,3,2026-08-15,40,quantile,0.4,9.0
2026-07-25,wk inc covid hosp,3,2026-08-15,40,quantile,0.45,12.0
2026-07-25,wk inc covid hosp,3,2026-08-15,40,quantile,0.5,16.0
2026-07-25,wk inc covid hosp,3,2026-08-15,40,quantile,0.55,20.0
2026-07-25,wk inc covid hosp,3,2026-08-15,40,quantile,0.6,24.0
2026-07-25,wk inc covid hosp,3,2026-08-15,40,quantile,0.65,30.0
2026-07-25,wk inc covid hosp,3,2026-08-15,40,quantile,0.7,36.0
2026-07-25,wk inc covid hosp,3,2026-08-15,40,quantile,0.75,41.0
2026-07-25,wk inc covid hosp,3,2026-08-15,40,quantile,0.8,47.0
2026-07-25,wk inc covid hosp,3,2026-08-15,40,quantile,0.85,57.0
2026-07-25,wk inc covid hosp,3,2026-08-15,40,quantile,0.9,83.0
2026-07-25,wk inc covid hosp,3,2026-08-15,40,quantile,0.95,140.0
2026-07-25,wk inc covid hosp,3,2026-08-15,40,quantile,0.975,169.0
2026-07-25,wk inc covid hosp,3,2026-08-15,40,quantile,0.99,215.0
2026-07-25,wk inc covid hosp,3,2026-08-15,41,quantile,0.01,0.0
2026-07-25,wk inc covid hosp,3,2026-08-15,41,quantile,0.025,1.0
2026-07-25,wk inc covid hosp,3,2026-08-15,41,quantile,0.05,3.0
2026-07-25,wk inc covid hosp,3,2026-08-15,41,quantile,0.1,4.0
2026-07-25,wk inc covid hosp,3,2026-08-15,41,quantile,0.15,5.0
2026-07-25,wk inc covid hosp,3,2026-08-15,41,quantile,0.2,6.0
2026-07-25,wk inc covid hosp,3,2026-08-15,41,quantile,0.25,7.0
2026-07-25,wk inc covid hosp,3,2026-08-15,41,quantile,0.3,7.0
2026-07-25,wk inc covid hosp,3,2026-08-15,41,quantile,0.35,8.0
2026-07-25,wk inc covid hosp,3,2026-08-15,41,quantile,0.4,9.0
2026-07-25,wk inc covid hosp,3,2026-08-15,41,quantile,0.45,10.0
2026-07-25,wk inc covid hosp,3,2026-08-15,41,quantile,0.5,11.0
2026-07-25,wk inc covid hosp,3,2026-08-15,41,quantile,0.55,12.0
2026-07-25,wk inc covid hosp,3,2026-08-15,41,quantile,0.6,15.0
2026-07-25,wk inc covid hosp,3,2026-08-15,41,quantile,0.65,19.0
2026-07-25,wk inc covid hosp,3,2026-08-15,41,quantile,0.7,23.0
2026-07-25,wk inc covid hosp,3,2026-08-15,41,quantile,0.75,27.0
2026-07-25,wk inc covid hosp,3,2026-08-15,41,quantile,0.8,32.0
2026-07-25,wk inc covid hosp,3,2026-08-15,41,quantile,0.85,42.0
2026-07-25,wk inc covid hosp,3,2026-08-15,41,quantile,0.9,52.0
2026-07-25,wk inc covid hosp,3,2026-08-15,41,quantile,0.95,75.0
2026-07-25,wk inc covid hosp,3,2026-08-15,41,quantile,0.975,107.0
2026-07-25,wk inc covid hosp,3,2026-08-15,41,quantile,0.99,153.0
2026-07-25,wk inc covid hosp,3,2026-08-15,42,quantile,0.01,17.0
2026-07-25,wk inc covid hosp,3,2026-08-15,42,quantile,0.025,19.0
2026-07-25,wk inc covid hosp,3,2026-08-15,42,quantile,0.05,24.0
2026-07-25,wk inc covid hosp,3,2026-08-15,42,quantile,0.1,32.0
2026-07-25,wk inc covid hosp,3,2026-08-15,42,quantile,0.15,38.0
2026-07-25,wk inc covid hosp,3,2026-08-15,42,quantile,0.2,42.0
2026-07-25,wk inc covid hosp,3,2026-08-15,42,quantile,0.25,46.0
2026-07-25,wk inc covid hosp,3,2026-08-15,42,quantile,0.3,50.0
2026-07-25,wk inc covid hosp,3,2026-08-15,42,quantile,0.35,54.0
2026-07-25,wk inc covid hosp,3,2026-08-15,42,quantile,0.4,57.0
2026-07-25,wk inc covid hosp,3,2026-08-15,42,quantile,0.45,62.0
2026-07-25,wk inc covid hosp,3,2026-08-15,42,quantile,0.5,65.0
2026-07-25,wk inc covid hosp,3,2026-08-15,42,quantile,0.55,70.0
2026-07-25,wk inc covid hosp,3,2026-08-15,42,quantile,0.6,77.0
2026-07-25,wk inc covid hosp,3,2026-08-15,42,quantile,0.65,80.0
2026-07-25,wk inc covid hosp,3,2026-08-15,42,quantile,0.7,87.0
2026-07-25,wk inc covid hosp,3,2026-08-15,42,quantile,0.75,104.0
2026-07-25,wk inc covid hosp,3,2026-08-15,42,quantile,0.8,125.0
2026-07-25,wk inc covid hosp,3,2026-08-15,42,quantile,0.85,137.0
2026-07-25,wk inc covid hosp,3,2026-08-15,42,quantile,0.9,149.0
2026-07-25,wk inc covid hosp,3,2026-08-15,42,quantile,0.95,182.0
2026-07-25,wk inc covid hosp,3,2026-08-15,42,quantile,0.975,226.0
2026-07-25,wk inc covid hosp,3,2026-08-15,42,quantile,0.99,285.0
2026-07-25,wk inc covid hosp,3,2026-08-15,44,quantile,0.01,1.0
2026-07-25,wk inc covid hosp,3,2026-08-15,44,quantile,0.025,1.0
2026-07-25,wk inc covid hosp,3,2026-08-15,44,quantile,0.05,1.0
2026-07-25,wk inc covid hosp,3,2026-08-15,44,quantile,0.1,2.0
2026-07-25,wk inc covid hosp,3,2026-08-15,44,quantile,0.15,3.0
2026-07-25,wk inc covid hosp,3,2026-08-15,44,quantile,0.2,4.0
2026-07-25,wk inc covid hosp,3,2026-08-15,44,quantile,0.25,5.0
2026-07-25,wk inc covid hosp,3,2026-08-15,44,quantile,0.3,6.0
2026-07-25,wk inc covid hosp,3,2026-08-15,44,quantile,0.35,7.0
2026-07-25,wk inc covid hosp,3,2026-08-15,44,quantile,0.4,7.0
2026-07-25,wk inc covid hosp,3,2026-08-15,44,quantile,0.45,8.0
2026-07-25,wk inc covid hosp,3,2026-08-15,44,quantile,0.5,9.0
2026-07-25,wk inc covid hosp,3,2026-08-15,44,quantile,0.55,11.0
2026-07-25,wk inc covid hosp,3,2026-08-15,44,quantile,0.6,12.0
2026-07-25,wk inc covid hosp,3,2026-08-15,44,quantile,0.65,14.0
2026-07-25,wk inc covid hosp,3,2026-08-15,44,quantile,0.7,16.0
2026-07-25,wk inc covid hosp,3,2026-08-15,44,quantile,0.75,19.0
2026-07-25,wk inc covid hosp,3,2026-08-15,44,quantile,0.8,23.0
2026-07-25,wk inc covid hosp,3,2026-08-15,44,quantile,0.85,30.0
2026-07-25,wk inc covid hosp,3,2026-08-15,44,quantile,0.9,38.0
2026-07-25,wk inc covid hosp,3,2026-08-15,44,quantile,0.95,57.0
2026-07-25,wk inc covid hosp,3,2026-08-15,44,quantile,0.975,79.0
2026-07-25,wk inc covid hosp,3,2026-08-15,44,quantile,0.99,123.0
2026-07-25,wk inc covid hosp,3,2026-08-15,45,quantile,0.01,11.0
2026-07-25,wk inc covid hosp,3,2026-08-15,45,quantile,0.025,12.0
2026-07-25,wk inc covid hosp,3,2026-08-15,45,quantile,0.05,16.0
2026-07-25,wk inc covid hosp,3,2026-08-15,45,quantile,0.1,18.0
2026-07-25,wk inc covid hosp,3,2026-08-15,45,quantile,0.15,20.0
2026-07-25,wk inc covid hosp,3,2026-08-15,45,quantile,0.2,22.0
2026-07-25,wk inc covid hosp,3,2026-08-15,45,quantile,0.25,25.0
2026-07-25,wk inc covid hosp,3,2026-08-15,45,quantile,0.3,26.0
2026-07-25,wk inc covid hosp,3,2026-08-15,45,quantile,0.35,29.0
2026-07-25,wk inc covid hosp,3,2026-08-15,45,quantile,0.4,31.0
2026-07-25,wk inc covid hosp,3,2026-08-15,45,quantile,0.45,34.0
2026-07-25,wk inc covid hosp,3,2026-08-15,45,quantile,0.5,38.0
2026-07-25,wk inc covid hosp,3,2026-08-15,45,quantile,0.55,41.0
2026-07-25,wk inc covid hosp,3,2026-08-15,45,quantile,0.6,46.0
2026-07-25,wk inc covid hosp,3,2026-08-15,45,quantile,0.65,51.0
2026-07-25,wk inc covid hosp,3,2026-08-15,45,quantile,0.7,60.0
2026-07-25,wk inc covid hosp,3,2026-08-15,45,quantile,0.75,65.0
2026-07-25,wk inc covid hosp,3,2026-08-15,45,quantile,0.8,77.0
2026-07-25,wk inc covid hosp,3,2026-08-15,45,quantile,0.85,86.0
2026-07-25,wk inc covid hosp,3,2026-08-15,45,quantile,0.9,107.0
2026-07-25,wk inc covid hosp,3,2026-08-15,45,quantile,0.95,157.0
2026-07-25,wk inc covid hosp,3,2026-08-15,45,quantile,0.975,208.0
2026-07-25,wk inc covid hosp,3,2026-08-15,45,quantile,0.99,258.0
2026-07-25,wk inc covid hosp,3,2026-08-15,46,quantile,0.01,0.0
2026-07-25,wk inc covid hosp,3,2026-08-15,46,quantile,0.025,0.0
2026-07-25,wk inc covid hosp,3,2026-08-15,46,quantile,0.05,0.0
2026-07-25,wk inc covid hosp,3,2026-08-15,46,quantile,0.1,0.0
2026-07-25,wk inc covid hosp,3,2026-08-15,46,quantile,0.15,1.0
2026-07-25,wk inc covid hosp,3,2026-08-15,46,quantile,0.2,1.0
2026-07-25,wk inc covid hosp,3,2026-08-15,46,quantile,0.25,1.0
2026-07-25,wk inc covid hosp,3,2026-08-15,46,quantile,0.3,2.0
2026-07-25,wk inc covid hosp,3,2026-08-15,46,quantile,0.35,2.0
2026-07-25,wk inc covid hosp,3,2026-08-15,46,quantile,0.4,3.0
2026-07-25,wk inc covid hosp,3,2026-08-15,46,quantile,0.45,3.0
2026-07-25,wk inc covid hosp,3,2026-08-15,46,quantile,0.5,4.0
2026-07-25,wk inc covid hosp,3,2026-08-15,46,quantile,0.55,6.0
2026-07-25,wk inc covid hosp,3,2026-08-15,46,quantile,0.6,8.0
2026-07-25,wk inc covid hosp,3,2026-08-15,46,quantile,0.65,10.0
2026-07-25,wk inc covid hosp,3,2026-08-15,46,quantile,0.7,12.0
2026-07-25,wk inc covid hosp,3,2026-08-15,46,quantile,0.75,15.0
2026-07-25,wk inc covid hosp,3,2026-08-15,46,quantile,0.8,19.0
2026-07-25,wk inc covid hosp,3,2026-08-15,46,quantile,0.85,24.0
2026-07-25,wk inc covid hosp,3,2026-08-15,46,quantile,0.9,33.0
2026-07-25,wk inc covid hosp,3,2026-08-15,46,quantile,0.95,52.0
2026-07-25,wk inc covid hosp,3,2026-08-15,46,quantile,0.975,76.0
2026-07-25,wk inc covid hosp,3,2026-08-15,46,quantile,0.99,121.0
2026-07-25,wk inc covid hosp,3,2026-08-15,47,quantile,0.01,5.0
2026-07-25,wk inc covid hosp,3,2026-08-15,47,quantile,0.025,6.0
2026-07-25,wk inc covid hosp,3,2026-08-15,47,quantile,0.05,9.0
2026-07-25,wk inc covid hosp,3,2026-08-15,47,quantile,0.1,12.0
2026-07-25,wk inc covid hosp,3,2026-08-15,47,quantile,0.15,14.0
2026-07-25,wk inc covid hosp,3,2026-08-15,47,quantile,0.2,16.0
2026-07-25,wk inc covid hosp,3,2026-08-15,47,quantile,0.25,18.0
2026-07-25,wk inc covid hosp,3,2026-08-15,47,quantile,0.3,21.0
2026-07-25,wk inc covid hosp,3,2026-08-15,47,quantile,0.35,23.0
2026-07-25,wk inc covid hosp,3,2026-08-15,47,quantile,0.4,26.0
2026-07-25,wk inc covid hosp,3,2026-08-15,47,quantile,0.45,28.0
2026-07-25,wk inc covid hosp,3,2026-08-15,47,quantile,0.5,35.0
2026-07-25,wk inc covid hosp,3,2026-08-15,47,quantile,0.55,38.0
2026-07-25,wk inc covid hosp,3,2026-08-15,47,quantile,0.6,45.0
2026-07-25,wk inc covid hosp,3,2026-08-15,47,quantile,0.65,55.0
2026-07-25,wk inc covid hosp,3,2026-08-15,47,quantile,0.7,66.0
2026-07-25,wk inc covid hosp,3,2026-08-15,47,quantile,0.75,70.0
2026-07-25,wk inc covid hosp,3,2026-08-15,47,quantile,0.8,90.0
2026-07-25,wk inc covid hosp,3,2026-08-15,47,quantile,0.85,102.0
2026-07-25,wk inc covid hosp,3,2026-08-15,47,quantile,0.9,149.0
2026-07-25,wk inc covid hosp,3,2026-08-15,47,quantile,0.95,272.0
2026-07-25,wk inc covid hosp,3,2026-08-15,47,quantile,0.975,342.0
2026-07-25,wk inc covid hosp,3,2026-08-15,47,quantile,0.99,420.0
2026-07-25,wk inc covid hosp,3,2026-08-15,48,quantile,0.01,46.0
2026-07-25,wk inc covid hosp,3,2026-08-15,48,quantile,0.025,66.0
2026-07-25,wk inc covid hosp,3,2026-08-15,48,quantile,0.05,110.0
2026-07-25,wk inc covid hosp,3,2026-08-15,48,quantile,0.1,133.0
2026-07-25,wk inc covid hosp,3,2026-08-15,48,quantile,0.15,156.0
2026-07-25,wk inc covid hosp,3,2026-08-15,48,quantile,0.2,169.0
2026-07-25,wk inc covid hosp,3,2026-08-15,48,quantile,0.25,188.0
2026-07-25,wk inc covid hosp,3,2026-08-15,48,quantile,0.3,201.0
2026-07-25,wk inc covid hosp,3,2026-08-15,48,quantile,0.35,219.0
2026-07-25,wk inc covid hosp,3,2026-08-15,48,quantile,0.4,233.0
2026-07-25,wk inc covid hosp,3,2026-08-15,48,quantile,0.45,252.0
2026-07-25,wk inc covid hosp,3,2026-08-15,48,quantile,0.5,275.0
2026-07-25,wk inc covid hosp,3,2026-08-15,48,quantile,0.55,294.0
2026-07-25,wk inc covid hosp,3,2026-08-15,48,quantile,0.6,322.0
2026-07-25,wk inc covid hosp,3,2026-08-15,48,quantile,0.65,364.0
2026-07-25,wk inc covid hosp,3,2026-08-15,48,quantile,0.7,397.0
2026-07-25,wk inc covid hosp,3,2026-08-15,48,quantile,0.75,439.0
2026-07-25,wk inc covid hosp,3,2026-08-15,48,quantile,0.8,469.0
2026-07-25,wk inc covid hosp,3,2026-08-15,48,quantile,0.85,505.0
2026-07-25,wk inc covid hosp,3,2026-08-15,48,quantile,0.9,598.0
2026-07-25,wk inc covid hosp,3,2026-08-15,48,quantile,0.95,836.0
2026-07-25,wk inc covid hosp,3,2026-08-15,48,quantile,0.975,988.0
2026-07-25,wk inc covid hosp,3,2026-08-15,48,quantile,0.99,1059.0
2026-07-25,wk inc covid hosp,3,2026-08-15,49,quantile,0.01,4.0
2026-07-25,wk inc covid hosp,3,2026-08-15,49,quantile,0.025,5.0
2026-07-25,wk inc covid hosp,3,2026-08-15,49,quantile,0.05,9.0
2026-07-25,wk inc covid hosp,3,2026-08-15,49,quantile,0.1,10.0
2026-07-25,wk inc covid hosp,3,2026-08-15,49,quantile,0.15,11.0
2026-07-25,wk inc covid hosp,3,2026-08-15,49,quantile,0.2,13.0
2026-07-25,wk inc covid hosp,3,2026-08-15,49,quantile,0.25,14.0
2026-07-25,wk inc covid hosp,3,2026-08-15,49,quantile,0.3,15.0
2026-07-25,wk inc covid hosp,3,2026-08-15,49,quantile,0.35,16.0
2026-07-25,wk inc covid hosp,3,2026-08-15,49,quantile,0.4,18.0
2026-07-25,wk inc covid hosp,3,2026-08-15,49,quantile,0.45,19.0
2026-07-25,wk inc covid hosp,3,2026-08-15,49,quantile,0.5,21.0
2026-07-25,wk inc covid hosp,3,2026-08-15,49,quantile,0.55,23.0
2026-07-25,wk inc covid hosp,3,2026-08-15,49,quantile,0.6,25.0
2026-07-25,wk inc covid hosp,3,2026-08-15,49,quantile,0.65,28.0
2026-07-25,wk inc covid hosp,3,2026-08-15,49,quantile,0.7,32.0
2026-07-25,wk inc covid hosp,3,2026-08-15,49,quantile,0.75,38.0
2026-07-25,wk inc covid hosp,3,2026-08-15,49,quantile,0.8,45.0
2026-07-25,wk inc covid hosp,3,2026-08-15,49,quantile,0.85,52.0
2026-07-25,wk inc covid hosp,3,2026-08-15,49,quantile,0.9,63.0
2026-07-25,wk inc covid hosp,3,2026-08-15,49,quantile,0.95,86.0
2026-07-25,wk inc covid hosp,3,2026-08-15,49,quantile,0.975,113.0
2026-07-25,wk inc covid hosp,3,2026-08-15,49,quantile,0.99,156.0
2026-07-25,wk inc covid hosp,3,2026-08-15,50,quantile,0.01,0.0
2026-07-25,wk inc covid hosp,3,2026-08-15,50,quantile,0.025,0.0
2026-07-25,wk inc covid hosp,3,2026-08-15,50,quantile,0.05,0.0
2026-07-25,wk inc covid hosp,3,2026-08-15,50,quantile,0.1,0.0
2026-07-25,wk inc covid hosp,3,2026-08-15,50,quantile,0.15,0.0
2026-07-25,wk inc covid hosp,3,2026-08-15,50,quantile,0.2,1.0
2026-07-25,wk inc covid hosp,3,2026-08-15,50,quantile,0.25,1.0
2026-07-25,wk inc covid hosp,3,2026-08-15,50,quantile,0.3,1.0
2026-07-25,wk inc covid hosp,3,2026-08-15,50,quantile,0.35,2.0
2026-07-25,wk inc covid hosp,3,2026-08-15,50,quantile,0.4,2.0
2026-07-25,wk inc covid hosp,3,2026-08-15,50,quantile,0.45,3.0
2026-07-25,wk inc covid hosp,3,2026-08-15,50,quantile,0.5,3.0
2026-07-25,wk inc covid hosp,3,2026-08-15,50,quantile,0.55,4.0
2026-07-25,wk inc covid hosp,3,2026-08-15,50,quantile,0.6,5.0
2026-07-25,wk inc covid hosp,3,2026-08-15,50,quantile,0.65,7.0
2026-07-25,wk inc covid hosp,3,2026-08-15,50,quantile,0.7,9.0
2026-07-25,wk inc covid hosp,3,2026-08-15,50,quantile,0.75,12.0
2026-07-25,wk inc covid hosp,3,2026-08-15,50,quantile,0.8,15.0
2026-07-25,wk inc covid hosp,3,2026-08-15,50,quantile,0.85,20.0
2026-07-25,wk inc covid hosp,3,2026-08-15,50,quantile,0.9,28.0
2026-07-25,wk inc covid hosp,3,2026-08-15,50,quantile,0.95,45.0
2026-07-25,wk inc covid hosp,3,2026-08-15,50,quantile,0.975,68.0
2026-07-25,wk inc covid hosp,3,2026-08-15,50,quantile,0.99,110.0
2026-07-25,wk inc covid hosp,3,2026-08-15,51,quantile,0.01,8.0
2026-07-25,wk inc covid hosp,3,2026-08-15,51,quantile,0.025,10.0
2026-07-25,wk inc covid hosp,3,2026-08-15,51,quantile,0.05,12.0
2026-07-25,wk inc covid hosp,3,2026-08-15,51,quantile,0.1,15.0
2026-07-25,wk inc covid hosp,3,2026-08-15,51,quantile,0.15,16.0
2026-07-25,wk inc covid hosp,3,2026-08-15,51,quantile,0.2,18.0
2026-07-25,wk inc covid hosp,3,2026-08-15,51,quantile,0.25,19.0
2026-07-25,wk inc covid hosp,3,2026-08-15,51,quantile,0.3,22.0
2026-07-25,wk inc covid hosp,3,2026-08-15,51,quantile,0.35,24.0
2026-07-25,wk inc covid hosp,3,2026-08-15,51,quantile,0.4,26.0
2026-07-25,wk inc covid hosp,3,2026-08-15,51,quantile,0.45,28.0
2026-07-25,wk inc covid hosp,3,2026-08-15,51,quantile,0.5,31.0
2026-07-25,wk inc covid hosp,3,2026-08-15,51,quantile,0.55,38.0
2026-07-25,wk inc covid hosp,3,2026-08-15,51,quantile,0.6,42.0
2026-07-25,wk inc covid hosp,3,2026-08-15,51,quantile,0.65,46.0
2026-07-25,wk inc covid hosp,3,2026-08-15,51,quantile,0.7,50.0
2026-07-25,wk inc covid hosp,3,2026-08-15,51,quantile,0.75,59.0
2026-07-25,wk inc covid hosp,3,2026-08-15,51,quantile,0.8,70.0
2026-07-25,wk inc covid hosp,3,2026-08-15,51,quantile,0.85,81.0
2026-07-25,wk inc covid hosp,3,2026-08-15,51,quantile,0.9,93.0
2026-07-25,wk inc covid hosp,3,2026-08-15,51,quantile,0.95,129.0
2026-07-25,wk inc covid hosp,3,2026-08-15,51,quantile,0.975,159.0
2026-07-25,wk inc covid hosp,3,2026-08-15,51,quantile,0.99,205.0
2026-07-25,wk inc covid hosp,3,2026-08-15,53,quantile,0.01,12.0
2026-07-25,wk inc covid hosp,3,2026-08-15,53,quantile,0.025,13.0
2026-07-25,wk inc covid hosp,3,2026-08-15,53,quantile,0.05,19.0
2026-07-25,wk inc covid hosp,3,2026-08-15,53,quantile,0.1,23.0
2026-07-25,wk inc covid hosp,3,2026-08-15,53,quantile,0.15,27.0
2026-07-25,wk inc covid hosp,3,2026-08-15,53,quantile,0.2,29.0
2026-07-25,wk inc covid hosp,3,2026-08-15,53,quantile,0.25,31.0
2026-07-25,wk inc covid hosp,3,2026-08-15,53,quantile,0.3,33.0
2026-07-25,wk inc covid hosp,3,2026-08-15,53,quantile,0.35,35.0
2026-07-25,wk inc covid hosp,3,2026-08-15,53,quantile,0.4,38.0
2026-07-25,wk inc covid hosp,3,2026-08-15,53,quantile,0.45,40.0
2026-07-25,wk inc covid hosp,3,2026-08-15,53,quantile,0.5,42.0
2026-07-25,wk inc covid hosp,3,2026-08-15,53,quantile,0.55,44.0
2026-07-25,wk inc covid hosp,3,2026-08-15,53,quantile,0.6,47.0
2026-07-25,wk inc covid hosp,3,2026-08-15,53,quantile,0.65,50.0
2026-07-25,wk inc covid hosp,3,2026-08-15,53,quantile,0.7,55.0
2026-07-25,wk inc covid hosp,3,2026-08-15,53,quantile,0.75,61.0
2026-07-25,wk inc covid hosp,3,2026-08-15,53,quantile,0.8,69.0
2026-07-25,wk inc covid hosp,3,2026-08-15,53,quantile,0.85,83.0
2026-07-25,wk inc covid hosp,3,2026-08-15,53,quantile,0.9,98.0
2026-07-25,wk inc covid hosp,3,2026-08-15,53,quantile,0.95,120.0
2026-07-25,wk inc covid hosp,3,2026-08-15,53,quantile,0.975,154.0
2026-07-25,wk inc covid hosp,3,2026-08-15,53,quantile,0.99,200.0
2026-07-25,wk inc covid hosp,3,2026-08-15,54,quantile,0.01,1.0
2026-07-25,wk inc covid hosp,3,2026-08-15,54,quantile,0.025,1.0
2026-07-25,wk inc covid hosp,3,2026-08-15,54,quantile,0.05,1.0
2026-07-25,wk inc covid hosp,3,2026-08-15,54,quantile,0.1,2.0
2026-07-25,wk inc covid hosp,3,2026-08-15,54,quantile,0.15,2.0
2026-07-25,wk inc covid hosp,3,2026-08-15,54,quantile,0.2,2.0
2026-07-25,wk inc covid hosp,3,2026-08-15,54,quantile,0.25,4.0
2026-07-25,wk inc covid hosp,3,2026-08-15,54,quantile,0.3,5.0
2026-07-25,wk inc covid hosp,3,2026-08-15,54,quantile,0.35,6.0
2026-07-25,wk inc covid hosp,3,2026-08-15,54,quantile,0.4,7.0
2026-07-25,wk inc covid hosp,3,2026-08-15,54,quantile,0.45,8.0
2026-07-25,wk inc covid hosp,3,2026-08-15,54,quantile,0.5,10.0
2026-07-25,wk inc covid hosp,3,2026-08-15,54,quantile,0.55,12.0
2026-07-25,wk inc covid hosp,3,2026-08-15,54,quantile,0.6,14.0
2026-07-25,wk inc covid hosp,3,2026-08-15,54,quantile,0.65,16.0
2026-07-25,wk inc covid hosp,3,2026-08-15,54,quantile,0.7,20.0
2026-07-25,wk inc covid hosp,3,2026-08-15,54,quantile,0.75,24.0
2026-07-25,wk inc covid hosp,3,2026-08-15,54,quantile,0.8,32.0
2026-07-25,wk inc covid hosp,3,2026-08-15,54,quantile,0.85,38.0
2026-07-25,wk inc covid hosp,3,2026-08-15,54,quantile,0.9,49.0
2026-07-25,wk inc covid hosp,3,2026-08-15,54,quantile,0.95,78.0
2026-07-25,wk inc covid hosp,3,2026-08-15,54,quantile,0.975,103.0
2026-07-25,wk inc covid hosp,3,2026-08-15,54,quantile,0.99,152.0
2026-07-25,wk inc covid hosp,3,2026-08-15,55,quantile,0.01,4.0
2026-07-25,wk inc covid hosp,3,2026-08-15,55,quantile,0.025,6.0
2026-07-25,wk inc covid hosp,3,2026-08-15,55,quantile,0.05,6.0
2026-07-25,wk inc covid hosp,3,2026-08-15,55,quantile,0.1,8.0
2026-07-25,wk inc covid hosp,3,2026-08-15,55,quantile,0.15,10.0
2026-07-25,wk inc covid hosp,3,2026-08-15,55,quantile,0.2,11.0
2026-07-25,wk inc covid hosp,3,2026-08-15,55,quantile,0.25,13.0
2026-07-25,wk inc covid hosp,3,2026-08-15,55,quantile,0.3,14.0
2026-07-25,wk inc covid hosp,3,2026-08-15,55,quantile,0.35,16.0
2026-07-25,wk inc covid hosp,3,2026-08-15,55,quantile,0.4,18.0
2026-07-25,wk inc covid hosp,3,2026-08-15,55,quantile,0.45,19.0
2026-07-25,wk inc covid hosp,3,2026-08-15,55,quantile,0.5,22.0
2026-07-25,wk inc covid hosp,3,2026-08-15,55,quantile,0.55,26.0
2026-07-25,wk inc covid hosp,3,2026-08-15,55,quantile,0.6,32.0
2026-07-25,wk inc covid hosp,3,2026-08-15,55,quantile,0.65,39.0
2026-07-25,wk inc covid hosp,3,2026-08-15,55,quantile,0.7,44.0
2026-07-25,wk inc covid hosp,3,2026-08-15,55,quantile,0.75,48.0
2026-07-25,wk inc covid hosp,3,2026-08-15,55,quantile,0.8,55.0
2026-07-25,wk inc covid hosp,3,2026-08-15,55,quantile,0.85,63.0
2026-07-25,wk inc covid hosp,3,2026-08-15,55,quantile,0.9,90.0
2026-07-25,wk inc covid hosp,3,2026-08-15,55,quantile,0.95,125.0
2026-07-25,wk inc covid hosp,3,2026-08-15,55,quantile,0.975,152.0
2026-07-25,wk inc covid hosp,3,2026-08-15,55,quantile,0.99,196.0
2026-07-25,wk inc covid hosp,3,2026-08-15,56,quantile,0.01,0.0
2026-07-25,wk inc covid hosp,3,2026-08-15,56,quantile,0.025,0.0
2026-07-25,wk inc covid hosp,3,2026-08-15,56,quantile,0.05,0.0
2026-07-25,wk inc covid hosp,3,2026-08-15,56,quantile,0.1,1.0
2026-07-25,wk inc covid hosp,3,2026-08-15,56,quantile,0.15,1.0
2026-07-25,wk inc covid hosp,3,2026-08-15,56,quantile,0.2,1.0
2026-07-25,wk inc covid hosp,3,2026-08-15,56,quantile,0.25,1.0
2026-07-25,wk inc covid hosp,3,2026-08-15,56,quantile,0.3,2.0
2026-07-25,wk inc covid hosp,3,2026-08-15,56,quantile,0.35,3.0
2026-07-25,wk inc covid hosp,3,2026-08-15,56,quantile,0.4,3.0
2026-07-25,wk inc covid hosp,3,2026-08-15,56,quantile,0.45,4.0
2026-07-25,wk inc covid hosp,3,2026-08-15,56,quantile,0.5,5.0
2026-07-25,wk inc covid hosp,3,2026-08-15,56,quantile,0.55,6.0
2026-07-25,wk inc covid hosp,3,2026-08-15,56,quantile,0.6,7.0
2026-07-25,wk inc covid hosp,3,2026-08-15,56,quantile,0.65,9.0
2026-07-25,wk inc covid hosp,3,2026-08-15,56,quantile,0.7,11.0
2026-07-25,wk inc covid hosp,3,2026-08-15,56,quantile,0.75,13.0
2026-07-25,wk inc covid hosp,3,2026-08-15,56,quantile,0.8,17.0
2026-07-25,wk inc covid hosp,3,2026-08-15,56,quantile,0.85,21.0
2026-07-25,wk inc covid hosp,3,2026-08-15,56,quantile,0.9,31.0
2026-07-25,wk inc covid hosp,3,2026-08-15,56,quantile,0.95,52.0
2026-07-25,wk inc covid hosp,3,2026-08-15,56,quantile,0.975,75.0
2026-07-25,wk inc covid hosp,3,2026-08-15,56,quantile,0.99,118.0
2026-07-25,wk inc covid hosp,3,2026-08-15,72,quantile,0.01,7.0
2026-07-25,wk inc covid hosp,3,2026-08-15,72,quantile,0.025,8.0
2026-07-25,wk inc covid hosp,3,2026-08-15,72,quantile,0.05,9.0
2026-07-25,wk inc covid hosp,3,2026-08-15,72,quantile,0.1,11.0
2026-07-25,wk inc covid hosp,3,2026-08-15,72,quantile,0.15,14.0
2026-07-25,wk inc covid hosp,3,2026-08-15,72,quantile,0.2,15.0
2026-07-25,wk inc covid hosp,3,2026-08-15,72,quantile,0.25,18.0
2026-07-25,wk inc covid hosp,3,2026-08-15,72,quantile,0.3,20.0
2026-07-25,wk inc covid hosp,3,2026-08-15,72,quantile,0.35,22.0
2026-07-25,wk inc covid hosp,3,2026-08-15,72,quantile,0.4,25.0
2026-07-25,wk inc covid hosp,3,2026-08-15,72,quantile,0.45,27.0
2026-07-25,wk inc covid hosp,3,2026-08-15,72,quantile,0.5,30.0
2026-07-25,wk inc covid hosp,3,2026-08-15,72,quantile,0.55,32.0
2026-07-25,wk inc covid hosp,3,2026-08-15,72,quantile,0.6,34.0
2026-07-25,wk inc covid hosp,3,2026-08-15,72,quantile,0.65,38.0
2026-07-25,wk inc covid hosp,3,2026-08-15,72,quantile,0.7,42.0
2026-07-25,wk inc covid hosp,3,2026-08-15,72,quantile,0.75,47.0
2026-07-25,wk inc covid hosp,3,2026-08-15,72,quantile,0.8,53.0
2026-07-25,wk inc covid hosp,3,2026-08-15,72,quantile,0.85,60.0
2026-07-25,wk inc covid hosp,3,2026-08-15,72,quantile,0.9,73.0
2026-07-25,wk inc covid hosp,3,2026-08-15,72,quantile,0.95,99.0
2026-07-25,wk inc covid hosp,3,2026-08-15,72,quantile,0.975,124.0
2026-07-25,wk inc covid hosp,3,2026-08-15,72,quantile,0.99,194.0
