reference_date,target,horizon,target_end_date,location,output_type,output_type_id,value
2026-10-03,wk inc covid hosp,0,2026-10-03,01,quantile,0.01,27.0
2026-10-03,wk inc covid hosp,0,2026-10-03,01,quantile,0.025,30.0
2026-10-03,wk inc covid hosp,0,2026-10-03,01,quantile,0.05,50.0
2026-10-03,wk inc covid hosp,0,2026-10-03,01,quantile,0.1,51.0
2026-10-03,wk inc covid hosp,0,2026-10-03,01,quantile,0.15,55.0
2026-10-03,wk inc covid hosp,0,2026-10-03,01,quantile,0.2,61.0
2026-10-03,wk inc covid hosp,0,2026-10-03,01,quantile,0.25,65.0
2026-10-03,wk inc covid hosp,0,2026-10-03,01,quantile,0.3,65.0
2026-10-03,wk inc covid hosp,0,2026-10-03,01,quantile,0.35,69.0
2026-10-03,wk inc covid hosp,0,2026-10-03,01,quantile,0.4,76.0
2026-10-03,wk inc covid hosp,0,2026-10-03,01,quantile,0.45,76.0
2026-10-03,wk inc covid hosp,0,2026-10-03,01,quantile,0.5,81.0
2026-10-03,wk inc covid hosp,0,2026-10-03,01,quantile,0.55,82.0
2026-10-03,wk inc covid hosp,0,2026-10-03,01,quantile,0.6,85.0
2026-10-03,wk inc covid hosp,0,2026-10-03,01,quantile,0.65,86.0
2026-10-03,wk inc covid hosp,0,2026-10-03,01,quantile,0.7,88.0
2026-10-03,wk inc covid hosp,0,2026-10-03,01,quantile,0.75,94.0
2026-10-03,wk inc covid hosp,0,2026-10-03,01,quantile,0.8,94.0
2026-10-03,wk inc covid hosp,0,2026-10-03,01,quantile,0.85,94.0
2026-10-03,wk inc covid hosp,0,2026-10-03,01,quantile,0.9,100.0
2026-10-03,wk inc covid hosp,0,2026-10-03,01,quantile,0.95,113.0
2026-10-03,wk inc covid hosp,0,2026-10-03,01,quantile,0.975,127.0
2026-10-03,wk inc covid hosp,0,2026-10-03,01,quantile,0.99,145.0
2026-10-03,wk inc covid hosp,0,2026-10-03,02,quantile,0.01,0.0
2026-10-03,wk inc covid hosp,0,2026-10-03,02,quantile,0.025,0.0
2026-10-03,wk inc covid hosp,0,2026-10-03,02,quantile,0.05,0.0
2026-10-03,wk inc covid hosp,0,2026-10-03,02,quantile,0.1,0.0
2026-10-03,wk inc covid hosp,0,2026-10-03,02,quantile,0.15,0.0
2026-10-03,wk inc covid hosp,0,2026-10-03,02,quantile,0.2,0.0
2026-10-03,wk inc covid hosp,0,2026-10-03,02,quantile,0.25,1.0
2026-10-03,wk inc covid hosp,0,2026-10-03,02,quantile,0.3,1.0
2026-10-03,wk inc covid hosp,0,2026-10-03,02,quantile,0.35,1.0
2026-10-03,wk inc covid hosp,0,2026-10-03,02,quantile,0.4,1.0
2026-10-03,wk inc covid hosp,0,2026-10-03,02,quantile,0.45,2.0
2026-10-03,wk inc covid hosp,0,2026-10-03,02,quantile,0.5,2.0
2026-10-03,wk inc covid hosp,0,2026-10-03,02,quantile,0.55,2.0
2026-10-03,wk inc covid hosp,0,2026-10-03,02,quantile,0.6,2.0
2026-10-03,wk inc covid hosp,0,2026-10-03,02,quantile,0.65,3.0
2026-10-03,wk inc covid hosp,0,2026-10-03,02,quantile,0.7,3.0
2026-10-03,wk inc covid hosp,0,2026-10-03,02,quantile,0.75,4.0
2026-10-03,wk inc covid hosp,0,2026-10-03,02,quantile,0.8,4.0
2026-10-03,wk inc covid hosp,0,2026-10-03,02,quantile,0.85,4.0
2026-10-03,wk inc covid hosp,0,2026-10-03,02,quantile,0.9,5.0
2026-10-03,wk inc covid hosp,0,2026-10-03,02,quantile,0.95,6.0
2026-10-03,wk inc covid hosp,0,2026-10-03,02,quantile,0.975,9.0
2026-10-03,wk inc covid hosp,0,2026-10-03,02,quantile,0.99,15.0
2026-10-03,wk inc covid hosp,0,2026-10-03,04,quantile,0.01,27.0
2026-10-03,wk inc covid hosp,0,2026-10-03,04,quantile,0.025,27.0
2026-10-03,wk inc covid hosp,0,2026-10-03,04,quantile,0.05,27.0
2026-10-03,wk inc covid hosp,0,2026-10-03,04,quantile,0.1,36.0
2026-10-03,wk inc covid hosp,0,2026-10-03,04,quantile,0.15,45.0
2026-10-03,wk inc covid hosp,0,2026-10-03,04,quantile,0.2,51.0
2026-10-03,wk inc covid hosp,0,2026-10-03,04,quantile,0.25,51.0
2026-10-03,wk inc covid hosp,0,2026-10-03,04,quantile,0.3,53.0
2026-10-03,wk inc covid hosp,0,2026-10-03,04,quantile,0.35,53.0
2026-10-03,wk inc covid hosp,0,2026-10-03,04,quantile,0.4,56.0
2026-10-03,wk inc covid hosp,0,2026-10-03,04,quantile,0.45,58.0
2026-10-03,wk inc covid hosp,0,2026-10-03,04,quantile,0.5,60.0
2026-10-03,wk inc covid hosp,0,2026-10-03,04,quantile,0.55,66.0
2026-10-03,wk inc covid hosp,0,2026-10-03,04,quantile,0.6,66.0
2026-10-03,wk inc covid hosp,0,2026-10-03,04,quantile,0.65,69.0
2026-10-03,wk inc covid hosp,0,2026-10-03,04,quantile,0.7,69.0
2026-10-03,wk inc covid hosp,0,2026-10-03,04,quantile,0.75,70.0
2026-10-03,wk inc covid hosp,0,2026-10-03,04,quantile,0.8,73.0
2026-10-03,wk inc covid hosp,0,2026-10-03,04,quantile,0.85,73.0
2026-10-03,wk inc covid hosp,0,2026-10-03,04,quantile,0.9,74.0
2026-10-03,wk inc covid hosp,0,2026-10-03,04,quantile,0.95,93.0
2026-10-03,wk inc covid hosp,0,2026-10-03,04,quantile,0.975,116.0
2026-10-03,wk inc covid hosp,0,2026-10-03,04,quantile,0.99,186.0
2026-10-03,wk inc covid hosp,0,2026-10-03,05,quantile,0.01,5.0
2026-10-03,wk inc covid hosp,0,2026-10-03,05,quantile,0.025,5.0
2026-10-03,wk inc covid hosp,0,2026-10-03,05,quantile,0.05,5.0
2026-10-03,wk inc covid hosp,0,2026-10-03,05,quantile,0.1,9.0
2026-10-03,wk inc covid hosp,0,2026-10-03,05,quantile,0.15,10.0
2026-10-03,wk inc covid hosp,0,2026-10-03,05,quantile,0.2,11.0
2026-10-03,wk inc covid hosp,0,2026-10-03,05,quantile,0.25,12.0
2026-10-03,wk inc covid hosp,0,2026-10-03,05,quantile,0.3,12.0
2026-10-03,wk inc covid hosp,0,2026-10-03,05,quantile,0.35,14.0
2026-10-03,wk inc covid hosp,0,2026-10-03,05,quantile,0.4,15.0
2026-10-03,wk inc covid hosp,0,2026-10-03,05,quantile,0.45,16.0
2026-10-03,wk inc covid hosp,0,2026-10-03,05,quantile,0.5,17.0
2026-10-03,wk inc covid hosp,0,2026-10-03,05,quantile,0.55,18.0
2026-10-03,wk inc covid hosp,0,2026-10-03,05,quantile,0.6,18.0
2026-10-03,wk inc covid hosp,0,2026-10-03,05,quantile,0.65,19.0
2026-10-03,wk inc covid hosp,0,2026-10-03,05,quantile,0.7,20.0
2026-10-03,wk inc covid hosp,0,2026-10-03,05,quantile,0.75,21.0
2026-10-03,wk inc covid hosp,0,2026-10-03,05,quantile,0.8,23.0
2026-10-03,wk inc covid hosp,0,2026-10-03,05,quantile,0.85,23.0
2026-10-03,wk inc covid hosp,0,2026-10-03,05,quantile,0.9,25.0
2026-10-03,wk inc covid hosp,0,2026-10-03,05,quantile,0.95,31.0
2026-10-03,wk inc covid hosp,0,2026-10-03,05,quantile,0.975,39.0
2026-10-03,wk inc covid hosp,0,2026-10-03,05,quantile,0.99,64.0
2026-10-03,wk inc covid hosp,0,2026-10-03,06,quantile,0.01,311.0
2026-10-03,wk inc covid hosp,0,2026-10-03,06,quantile,0.025,332.0
2026-10-03,wk inc covid hosp,0,2026-10-03,06,quantile,0.05,526.0
2026-10-03,wk inc covid hosp,0,2026-10-03,06,quantile,0.1,653.0
2026-10-03,wk inc covid hosp,0,2026-10-03,06,quantile,0.15,696.0
2026-10-03,wk inc covid hosp,0,2026-10-03,06,quantile,0.2,758.0
2026-10-03,wk inc covid hosp,0,2026-10-03,06,quantile,0.25,803.0
2026-10-03,wk inc covid hosp,0,2026-10-03,06,quantile,0.3,806.0
2026-10-03,wk inc covid hosp,0,2026-10-03,06,quantile,0.35,830.0
2026-10-03,wk inc covid hosp,0,2026-10-03,06,quantile,0.4,899.0
2026-10-03,wk inc covid hosp,0,2026-10-03,06,quantile,0.45,901.0
2026-10-03,wk inc covid hosp,0,2026-10-03,06,quantile,0.5,901.0
2026-10-03,wk inc covid hosp,0,2026-10-03,06,quantile,0.55,928.0
2026-10-03,wk inc covid hosp,0,2026-10-03,06,quantile,0.6,928.0
2026-10-03,wk inc covid hosp,0,2026-10-03,06,quantile,0.65,958.0
2026-10-03,wk inc covid hosp,0,2026-10-03,06,quantile,0.7,958.0
2026-10-03,wk inc covid hosp,0,2026-10-03,06,quantile,0.75,958.0
2026-10-03,wk inc covid hosp,0,2026-10-03,06,quantile,0.8,958.0
2026-10-03,wk inc covid hosp,0,2026-10-03,06,quantile,0.85,1019.0
2026-10-03,wk inc covid hosp,0,2026-10-03,06,quantile,0.9,1049.0
2026-10-03,wk inc covid hosp,0,2026-10-03,06,quantile,0.95,1160.0
2026-10-03,wk inc covid hosp,0,2026-10-03,06,quantile,0.975,1229.0
2026-10-03,wk inc covid hosp,0,2026-10-03,06,quantile,0.99,1411.0
2026-10-03,wk inc covid hosp,0,2026-10-03,08,quantile,0.01,6.0
2026-10-03,wk inc covid hosp,0,2026-10-03,08,quantile,0.025,11.0
2026-10-03,wk inc covid hosp,0,2026-10-03,08,quantile,0.05,11.0
2026-10-03,wk inc covid hosp,0,2026-10-03,08,quantile,0.1,17.0
2026-10-03,wk inc covid hosp,0,2026-10-03,08,quantile,0.15,21.0
2026-10-03,wk inc covid hosp,0,2026-10-03,08,quantile,0.2,22.0
2026-10-03,wk inc covid hosp,0,2026-10-03,08,quantile,0.25,24.0
2026-10-03,wk inc covid hosp,0,2026-10-03,08,quantile,0.3,26.0
2026-10-03,wk inc covid hosp,0,2026-10-03,08,quantile,0.35,26.0
2026-10-03,wk inc covid hosp,0,2026-10-03,08,quantile,0.4,26.0
2026-10-03,wk inc covid hosp,0,2026-10-03,08,quantile,0.45,27.0
2026-10-03,wk inc covid hosp,0,2026-10-03,08,quantile,0.5,30.0
2026-10-03,wk inc covid hosp,0,2026-10-03,08,quantile,0.55,30.0
2026-10-03,wk inc covid hosp,0,2026-10-03,08,quantile,0.6,30.0
2026-10-03,wk inc covid hosp,0,2026-10-03,08,quantile,0.65,31.0
2026-10-03,wk inc covid hosp,0,2026-10-03,08,quantile,0.7,33.0
2026-10-03,wk inc covid hosp,0,2026-10-03,08,quantile,0.75,34.0
2026-10-03,wk inc covid hosp,0,2026-10-03,08,quantile,0.8,37.0
2026-10-03,wk inc covid hosp,0,2026-10-03,08,quantile,0.85,43.0
2026-10-03,wk inc covid hosp,0,2026-10-03,08,quantile,0.9,47.0
2026-10-03,wk inc covid hosp,0,2026-10-03,08,quantile,0.95,65.0
2026-10-03,wk inc covid hosp,0,2026-10-03,08,quantile,0.975,71.0
2026-10-03,wk inc covid hosp,0,2026-10-03,08,quantile,0.99,120.0
2026-10-03,wk inc covid hosp,0,2026-10-03,09,quantile,0.01,4.0
2026-10-03,wk inc covid hosp,0,2026-10-03,09,quantile,0.025,9.0
2026-10-03,wk inc covid hosp,0,2026-10-03,09,quantile,0.05,9.0
2026-10-03,wk inc covid hosp,0,2026-10-03,09,quantile,0.1,12.0
2026-10-03,wk inc covid hosp,0,2026-10-03,09,quantile,0.15,17.0
2026-10-03,wk inc covid hosp,0,2026-10-03,09,quantile,0.2,20.0
2026-10-03,wk inc covid hosp,0,2026-10-03,09,quantile,0.25,21.0
2026-10-03,wk inc covid hosp,0,2026-10-03,09,quantile,0.3,22.0
2026-10-03,wk inc covid hosp,0,2026-10-03,09,quantile,0.35,22.0
2026-10-03,wk inc covid hosp,0,2026-10-03,09,quantile,0.4,24.0
2026-10-03,wk inc covid hosp,0,2026-10-03,09,quantile,0.45,24.0
2026-10-03,wk inc covid hosp,0,2026-10-03,09,quantile,0.5,25.0
2026-10-03,wk inc covid hosp,0,2026-10-03,09,quantile,0.55,28.0
2026-10-03,wk inc covid hosp,0,2026-10-03,09,quantile,0.6,28.0
2026-10-03,wk inc covid hosp,0,2026-10-03,09,quantile,0.65,30.0
2026-10-03,wk inc covid hosp,0,2026-10-03,09,quantile,0.7,31.0
2026-10-03,wk inc covid hosp,0,2026-10-03,09,quantile,0.75,33.0
2026-10-03,wk inc covid hosp,0,2026-10-03,09,quantile,0.8,33.0
2026-10-03,wk inc covid hosp,0,2026-10-03,09,quantile,0.85,34.0
2026-10-03,wk inc covid hosp,0,2026-10-03,09,quantile,0.9,38.0
2026-10-03,wk inc covid hosp,0,2026-10-03,09,quantile,0.95,51.0
2026-10-03,wk inc covid hosp,0,2026-10-03,09,quantile,0.975,55.0
2026-10-03,wk inc covid hosp,0,2026-10-03,09,quantile,0.99,80.0
2026-10-03,wk inc covid hosp,0,2026-10-03,10,quantile,0.01,2.0
2026-10-03,wk inc covid hosp,0,2026-10-03,10,quantile,0.025,2.0
2026-10-03,wk inc covid hosp,0,2026-10-03,10,quantile,0.05,4.0
2026-10-03,wk inc covid hosp,0,2026-10-03,10,quantile,0.1,4.0
2026-10-03,wk inc covid hosp,0,2026-10-03,10,quantile,0.15,5.0
2026-10-03,wk inc covid hosp,0,2026-10-03,10,quantile,0.2,6.0
2026-10-03,wk inc covid hosp,0,2026-10-03,10,quantile,0.25,7.0
2026-10-03,wk inc covid hosp,0,2026-10-03,10,quantile,0.3,7.0
2026-10-03,wk inc covid hosp,0,2026-10-03,10,quantile,0.35,8.0
2026-10-03,wk inc covid hosp,0,2026-10-03,10,quantile,0.4,8.0
2026-10-03,wk inc covid hosp,0,2026-10-03,10,quantile,0.45,9.0
2026-10-03,wk inc covid hosp,0,2026-10-03,10,quantile,0.5,10.0
2026-10-03,wk inc covid hosp,0,2026-10-03,10,quantile,0.55,11.0
2026-10-03,wk inc covid hosp,0,2026-10-03,10,quantile,0.6,11.0
2026-10-03,wk inc covid hosp,0,2026-10-03,10,quantile,0.65,12.0
2026-10-03,wk inc covid hosp,0,2026-10-03,10,quantile,0.7,12.0
2026-10-03,wk inc covid hosp,0,2026-10-03,10,quantile,0.75,13.0
2026-10-03,wk inc covid hosp,0,2026-10-03,10,quantile,0.8,14.0
2026-10-03,wk inc covid hosp,0,2026-10-03,10,quantile,0.85,15.0
2026-10-03,wk inc covid hosp,0,2026-10-03,10,quantile,0.9,16.0
2026-10-03,wk inc covid hosp,0,2026-10-03,10,quantile,0.95,19.0
2026-10-03,wk inc covid hosp,0,2026-10-03,10,quantile,0.975,22.0
2026-10-03,wk inc covid hosp,0,2026-10-03,10,quantile,0.99,28.0
2026-10-03,wk inc covid hosp,0,2026-10-03,11,quantile,0.01,0.0
2026-10-03,wk inc covid hosp,0,2026-10-03,11,quantile,0.025,1.0
2026-10-03,wk inc covid hosp,0,2026-10-03,11,quantile,0.05,2.0
2026-10-03,wk inc covid hosp,0,2026-10-03,11,quantile,0.1,2.0
2026-10-03,wk inc covid hosp,0,2026-10-03,11,quantile,0.15,3.0
2026-10-03,wk inc covid hosp,0,2026-10-03,11,quantile,0.2,4.0
2026-10-03,wk inc covid hosp,0,2026-10-03,11,quantile,0.25,4.0
2026-10-03,wk inc covid hosp,0,2026-10-03,11,quantile,0.3,5.0
2026-10-03,wk inc covid hosp,0,2026-10-03,11,quantile,0.35,5.0
2026-10-03,wk inc covid hosp,0,2026-10-03,11,quantile,0.4,6.0
2026-10-03,wk inc covid hosp,0,2026-10-03,11,quantile,0.45,6.0
2026-10-03,wk inc covid hosp,0,2026-10-03,11,quantile,0.5,7.0
2026-10-03,wk inc covid hosp,0,2026-10-03,11,quantile,0.55,8.0
2026-10-03,wk inc covid hosp,0,2026-10-03,11,quantile,0.6,8.0
2026-10-03,wk inc covid hosp,0,2026-10-03,11,quantile,0.65,9.0
2026-10-03,wk inc covid hosp,0,2026-10-03,11,quantile,0.7,9.0
2026-10-03,wk inc covid hosp,0,2026-10-03,11,quantile,0.75,10.0
2026-10-03,wk inc covid hosp,0,2026-10-03,11,quantile,0.8,10.0
2026-10-03,wk inc covid hosp,0,2026-10-03,11,quantile,0.85,11.0
2026-10-03,wk inc covid hosp,0,2026-10-03,11,quantile,0.9,12.0
2026-10-03,wk inc covid hosp,0,2026-10-03,11,quantile,0.95,13.0
2026-10-03,wk inc covid hosp,0,2026-10-03,11,quantile,0.975,13.0
2026-10-03,wk inc covid hosp,0,2026-10-03,11,quantile,0.99,15.0
2026-10-03,wk inc covid hosp,0,2026-10-03,12,quantile,0.01,115.0
2026-10-03,wk inc covid hosp,0,2026-10-03,12,quantile,0.025,131.0
2026-10-03,wk inc covid hosp,0,2026-10-03,12,quantile,0.05,224.0
2026-10-03,wk inc covid hosp,0,2026-10-03,12,quantile,0.1,316.0
2026-10-03,wk inc covid hosp,0,2026-10-03,12,quantile,0.15,323.0
2026-10-03,wk inc covid hosp,0,2026-10-03,12,quantile,0.2,364.0
2026-10-03,wk inc covid hosp,0,2026-10-03,12,quantile,0.25,380.0
2026-10-03,wk inc covid hosp,0,2026-10-03,12,quantile,0.3,380.0
2026-10-03,wk inc covid hosp,0,2026-10-03,12,quantile,0.35,395.0
2026-10-03,wk inc covid hosp,0,2026-10-03,12,quantile,0.4,447.0
2026-10-03,wk inc covid hosp,0,2026-10-03,12,quantile,0.45,460.0
2026-10-03,wk inc covid hosp,0,2026-10-03,12,quantile,0.5,460.0
2026-10-03,wk inc covid hosp,0,2026-10-03,12,quantile,0.55,460.0
2026-10-03,wk inc covid hosp,0,2026-10-03,12,quantile,0.6,460.0
2026-10-03,wk inc covid hosp,0,2026-10-03,12,quantile,0.65,460.0
2026-10-03,wk inc covid hosp,0,2026-10-03,12,quantile,0.7,475.0
2026-10-03,wk inc covid hosp,0,2026-10-03,12,quantile,0.75,481.0
2026-10-03,wk inc covid hosp,0,2026-10-03,12,quantile,0.8,481.0
2026-10-03,wk inc covid hosp,0,2026-10-03,12,quantile,0.85,502.0
2026-10-03,wk inc covid hosp,0,2026-10-03,12,quantile,0.9,519.0
2026-10-03,wk inc covid hosp,0,2026-10-03,12,quantile,0.95,582.0
2026-10-03,wk inc covid hosp,0,2026-10-03,12,quantile,0.975,611.0
2026-10-03,wk inc covid hosp,0,2026-10-03,12,quantile,0.99,712.0
2026-10-03,wk inc covid hosp,0,2026-10-03,13,quantile,0.01,35.0
2026-10-03,wk inc covid hosp,0,2026-10-03,13,quantile,0.025,35.0
2026-10-03,wk inc covid hosp,0,2026-10-03,13,quantile,0.05,35.0
2026-10-03,wk inc covid hosp,0,2026-10-03,13,quantile,0.1,41.0
2026-10-03,wk inc covid hosp,0,2026-10-03,13,quantile,0.15,46.0
2026-10-03,wk inc covid hosp,0,2026-10-03,13,quantile,0.2,53.0
2026-10-03,wk inc covid hosp,0,2026-10-03,13,quantile,0.25,53.0
2026-10-03,wk inc covid hosp,0,2026-10-03,13,quantile,0.3,53.0
2026-10-03,wk inc covid hosp,0,2026-10-03,13,quantile,0.35,60.0
2026-10-03,wk inc covid hosp,0,2026-10-03,13,quantile,0.4,65.0
2026-10-03,wk inc covid hosp,0,2026-10-03,13,quantile,0.45,65.0
2026-10-03,wk inc covid hosp,0,2026-10-03,13,quantile,0.5,69.0
2026-10-03,wk inc covid hosp,0,2026-10-03,13,quantile,0.55,76.0
2026-10-03,wk inc covid hosp,0,2026-10-03,13,quantile,0.6,76.0
2026-10-03,wk inc covid hosp,0,2026-10-03,13,quantile,0.65,76.0
2026-10-03,wk inc covid hosp,0,2026-10-03,13,quantile,0.7,85.0
2026-10-03,wk inc covid hosp,0,2026-10-03,13,quantile,0.75,85.0
2026-10-03,wk inc covid hosp,0,2026-10-03,13,quantile,0.8,88.0
2026-10-03,wk inc covid hosp,0,2026-10-03,13,quantile,0.85,98.0
2026-10-03,wk inc covid hosp,0,2026-10-03,13,quantile,0.9,101.0
2026-10-03,wk inc covid hosp,0,2026-10-03,13,quantile,0.95,117.0
2026-10-03,wk inc covid hosp,0,2026-10-03,13,quantile,0.975,143.0
2026-10-03,wk inc covid hosp,0,2026-10-03,13,quantile,0.99,228.0
2026-10-03,wk inc covid hosp,0,2026-10-03,15,quantile,0.01,8.0
2026-10-03,wk inc covid hosp,0,2026-10-03,15,quantile,0.025,9.0
2026-10-03,wk inc covid hosp,0,2026-10-03,15,quantile,0.05,18.0
2026-10-03,wk inc covid hosp,0,2026-10-03,15,quantile,0.1,20.0
2026-10-03,wk inc covid hosp,0,2026-10-03,15,quantile,0.15,23.0
2026-10-03,wk inc covid hosp,0,2026-10-03,15,quantile,0.2,25.0
2026-10-03,wk inc covid hosp,0,2026-10-03,15,quantile,0.25,27.0
2026-10-03,wk inc covid hosp,0,2026-10-03,15,quantile,0.3,28.0
2026-10-03,wk inc covid hosp,0,2026-10-03,15,quantile,0.35,29.0
2026-10-03,wk inc covid hosp,0,2026-10-03,15,quantile,0.4,32.0
2026-10-03,wk inc covid hosp,0,2026-10-03,15,quantile,0.45,36.0
2026-10-03,wk inc covid hosp,0,2026-10-03,15,quantile,0.5,37.0
2026-10-03,wk inc covid hosp,0,2026-10-03,15,quantile,0.55,38.0
2026-10-03,wk inc covid hosp,0,2026-10-03,15,quantile,0.6,39.0
2026-10-03,wk inc covid hosp,0,2026-10-03,15,quantile,0.65,41.0
2026-10-03,wk inc covid hosp,0,2026-10-03,15,quantile,0.7,41.0
2026-10-03,wk inc covid hosp,0,2026-10-03,15,quantile,0.75,43.0
2026-10-03,wk inc covid hosp,0,2026-10-03,15,quantile,0.8,46.0
2026-10-03,wk inc covid hosp,0,2026-10-03,15,quantile,0.85,49.0
2026-10-03,wk inc covid hosp,0,2026-10-03,15,quantile,0.9,52.0
2026-10-03,wk inc covid hosp,0,2026-10-03,15,quantile,0.95,55.0
2026-10-03,wk inc covid hosp,0,2026-10-03,15,quantile,0.975,59.0
2026-10-03,wk inc covid hosp,0,2026-10-03,15,quantile,0.99,69.0
2026-10-03,wk inc covid hosp,0,2026-10-03,16,quantile,0.01,3.0
2026-10-03,wk inc covid hosp,0,2026-10-03,16,quantile,0.025,3.0
2026-10-03,wk inc covid hosp,0,2026-10-03,16,quantile,0.05,4.0
2026-10-03,wk inc covid hosp,0,2026-10-03,16,quantile,0.1,5.0
2026-10-03,wk inc covid hosp,0,2026-10-03,16,quantile,0.15,7.0
2026-10-03,wk inc covid hosp,0,2026-10-03,16,quantile,0.2,8.0
2026-10-03,wk inc covid hosp,0,2026-10-03,16,quantile,0.25,8.0
2026-10-03,wk inc covid hosp,0,2026-10-03,16,quantile,0.3,8.0
2026-10-03,wk inc covid hosp,0,2026-10-03,16,quantile,0.35,9.0
2026-10-03,wk inc covid hosp,0,2026-10-03,16,quantile,0.4,11.0
2026-10-03,wk inc covid hosp,0,2026-10-03,16,quantile,0.45,11.0
2026-10-03,wk inc covid hosp,0,2026-10-03,16,quantile,0.5,13.0
2026-10-03,wk inc covid hosp,0,2026-10-03,16,quantile,0.55,14.0
2026-10-03,wk inc covid hosp,0,2026-10-03,16,quantile,0.6,15.0
2026-10-03,wk inc covid hosp,0,2026-10-03,16,quantile,0.65,17.0
2026-10-03,wk inc covid hosp,0,2026-10-03,16,quantile,0.7,17.0
2026-10-03,wk inc covid hosp,0,2026-10-03,16,quantile,0.75,18.0
2026-10-03,wk inc covid hosp,0,2026-10-03,16,quantile,0.8,18.0
2026-10-03,wk inc covid hosp,0,2026-10-03,16,quantile,0.85,20.0
2026-10-03,wk inc covid hosp,0,2026-10-03,16,quantile,0.9,21.0
2026-10-03,wk inc covid hosp,0,2026-10-03,16,quantile,0.95,25.0
2026-10-03,wk inc covid hosp,0,2026-10-03,16,quantile,0.975,27.0
2026-10-03,wk inc covid hosp,0,2026-10-03,16,quantile,0.99,40.0
2026-10-03,wk inc covid hosp,0,2026-10-03,17,quantile,0.01,19.0
2026-10-03,wk inc covid hosp,0,2026-10-03,17,quantile,0.025,29.0
2026-10-03,wk inc covid hosp,0,2026-10-03,17,quantile,0.05,29.0
2026-10-03,wk inc covid hosp,0,2026-10-03,17,quantile,0.1,46.0
2026-10-03,wk inc covid hosp,0,2026-10-03,17,quantile,0.15,48.0
2026-10-03,wk inc covid hosp,0,2026-10-03,17,quantile,0.2,48.0
2026-10-03,wk inc covid hosp,0,2026-10-03,17,quantile,0.25,53.0
2026-10-03,wk inc covid hosp,0,2026-10-03,17,quantile,0.3,54.0
2026-10-03,wk inc covid hosp,0,2026-10-03,17,quantile,0.35,54.0
2026-10-03,wk inc covid hosp,0,2026-10-03,17,quantile,0.4,54.0
2026-10-03,wk inc covid hosp,0,2026-10-03,17,quantile,0.45,59.0
2026-10-03,wk inc covid hosp,0,2026-10-03,17,quantile,0.5,62.0
2026-10-03,wk inc covid hosp,0,2026-10-03,17,quantile,0.55,66.0
2026-10-03,wk inc covid hosp,0,2026-10-03,17,quantile,0.6,66.0
2026-10-03,wk inc covid hosp,0,2026-10-03,17,quantile,0.65,67.0
2026-10-03,wk inc covid hosp,0,2026-10-03,17,quantile,0.7,71.0
2026-10-03,wk inc covid hosp,0,2026-10-03,17,quantile,0.75,72.0
2026-10-03,wk inc covid hosp,0,2026-10-03,17,quantile,0.8,76.0
2026-10-03,wk inc covid hosp,0,2026-10-03,17,quantile,0.85,85.0
2026-10-03,wk inc covid hosp,0,2026-10-03,17,quantile,0.9,92.0
2026-10-03,wk inc covid hosp,0,2026-10-03,17,quantile,0.95,118.0
2026-10-03,wk inc covid hosp,0,2026-10-03,17,quantile,0.975,152.0
2026-10-03,wk inc covid hosp,0,2026-10-03,17,quantile,0.99,268.0
2026-10-03,wk inc covid hosp,0,2026-10-03,18,quantile,0.01,8.0
2026-10-03,wk inc covid hosp,0,2026-10-03,18,quantile,0.025,11.0
2026-10-03,wk inc covid hosp,0,2026-10-03,18,quantile,0.05,11.0
2026-10-03,wk inc covid hosp,0,2026-10-03,18,quantile,0.1,18.0
2026-10-03,wk inc covid hosp,0,2026-10-03,18,quantile,0.15,20.0
2026-10-03,wk inc covid hosp,0,2026-10-03,18,quantile,0.2,20.0
2026-10-03,wk inc covid hosp,0,2026-10-03,18,quantile,0.25,21.0
2026-10-03,wk inc covid hosp,0,2026-10-03,18,quantile,0.3,21.0
2026-10-03,wk inc covid hosp,0,2026-10-03,18,quantile,0.35,21.0
2026-10-03,wk inc covid hosp,0,2026-10-03,18,quantile,0.4,24.0
2026-10-03,wk inc covid hosp,0,2026-10-03,18,quantile,0.45,26.0
2026-10-03,wk inc covid hosp,0,2026-10-03,18,quantile,0.5,28.0
2026-10-03,wk inc covid hosp,0,2026-10-03,18,quantile,0.55,28.0
2026-10-03,wk inc covid hosp,0,2026-10-03,18,quantile,0.6,30.0
2026-10-03,wk inc covid hosp,0,2026-10-03,18,quantile,0.65,31.0
2026-10-03,wk inc covid hosp,0,2026-10-03,18,quantile,0.7,31.0
2026-10-03,wk inc covid hosp,0,2026-10-03,18,quantile,0.75,33.0
2026-10-03,wk inc covid hosp,0,2026-10-03,18,quantile,0.8,38.0
2026-10-03,wk inc covid hosp,0,2026-10-03,18,quantile,0.85,41.0
2026-10-03,wk inc covid hosp,0,2026-10-03,18,quantile,0.9,44.0
2026-10-03,wk inc covid hosp,0,2026-10-03,18,quantile,0.95,53.0
2026-10-03,wk inc covid hosp,0,2026-10-03,18,quantile,0.975,75.0
2026-10-03,wk inc covid hosp,0,2026-10-03,18,quantile,0.99,142.0
2026-10-03,wk inc covid hosp,0,2026-10-03,19,quantile,0.01,2.0
2026-10-03,wk inc covid hosp,0,2026-10-03,19,quantile,0.025,4.0
2026-10-03,wk inc covid hosp,0,2026-10-03,19,quantile,0.05,4.0
2026-10-03,wk inc covid hosp,0,2026-10-03,19,quantile,0.1,8.0
2026-10-03,wk inc covid hosp,0,2026-10-03,19,quantile,0.15,9.0
2026-10-03,wk inc covid hosp,0,2026-10-03,19,quantile,0.2,10.0
2026-10-03,wk inc covid hosp,0,2026-10-03,19,quantile,0.25,11.0
2026-10-03,wk inc covid hosp,0,2026-10-03,19,quantile,0.3,11.0
2026-10-03,wk inc covid hosp,0,2026-10-03,19,quantile,0.35,12.0
2026-10-03,wk inc covid hosp,0,2026-10-03,19,quantile,0.4,12.0
2026-10-03,wk inc covid hosp,0,2026-10-03,19,quantile,0.45,13.0
2026-10-03,wk inc covid hosp,0,2026-10-03,19,quantile,0.5,14.0
2026-10-03,wk inc covid hosp,0,2026-10-03,19,quantile,0.55,14.0
2026-10-03,wk inc covid hosp,0,2026-10-03,19,quantile,0.6,15.0
2026-10-03,wk inc covid hosp,0,2026-10-03,19,quantile,0.65,16.0
2026-10-03,wk inc covid hosp,0,2026-10-03,19,quantile,0.7,17.0
2026-10-03,wk inc covid hosp,0,2026-10-03,19,quantile,0.75,17.0
2026-10-03,wk inc covid hosp,0,2026-10-03,19,quantile,0.8,18.0
2026-10-03,wk inc covid hosp,0,2026-10-03,19,quantile,0.85,21.0
2026-10-03,wk inc covid hosp,0,2026-10-03,19,quantile,0.9,23.0
2026-10-03,wk inc covid hosp,0,2026-10-03,19,quantile,0.95,33.0
2026-10-03,wk inc covid hosp,0,2026-10-03,19,quantile,0.975,38.0
2026-10-03,wk inc covid hosp,0,2026-10-03,19,quantile,0.99,65.0
2026-10-03,wk inc covid hosp,0,2026-10-03,20,quantile,0.01,1.0
2026-10-03,wk inc covid hosp,0,2026-10-03,20,quantile,0.025,3.0
2026-10-03,wk inc covid hosp,0,2026-10-03,20,quantile,0.05,3.0
2026-10-03,wk inc covid hosp,0,2026-10-03,20,quantile,0.1,3.0
2026-10-03,wk inc covid hosp,0,2026-10-03,20,quantile,0.15,3.0
2026-10-03,wk inc covid hosp,0,2026-10-03,20,quantile,0.2,4.0
2026-10-03,wk inc covid hosp,0,2026-10-03,20,quantile,0.25,4.0
2026-10-03,wk inc covid hosp,0,2026-10-03,20,quantile,0.3,4.0
2026-10-03,wk inc covid hosp,0,2026-10-03,20,quantile,0.35,5.0
2026-10-03,wk inc covid hosp,0,2026-10-03,20,quantile,0.4,5.0
2026-10-03,wk inc covid hosp,0,2026-10-03,20,quantile,0.45,6.0
2026-10-03,wk inc covid hosp,0,2026-10-03,20,quantile,0.5,7.0
2026-10-03,wk inc covid hosp,0,2026-10-03,20,quantile,0.55,8.0
2026-10-03,wk inc covid hosp,0,2026-10-03,20,quantile,0.6,8.0
2026-10-03,wk inc covid hosp,0,2026-10-03,20,quantile,0.65,9.0
2026-10-03,wk inc covid hosp,0,2026-10-03,20,quantile,0.7,9.0
2026-10-03,wk inc covid hosp,0,2026-10-03,20,quantile,0.75,10.0
2026-10-03,wk inc covid hosp,0,2026-10-03,20,quantile,0.8,11.0
2026-10-03,wk inc covid hosp,0,2026-10-03,20,quantile,0.85,11.0
2026-10-03,wk inc covid hosp,0,2026-10-03,20,quantile,0.9,12.0
2026-10-03,wk inc covid hosp,0,2026-10-03,20,quantile,0.95,18.0
2026-10-03,wk inc covid hosp,0,2026-10-03,20,quantile,0.975,32.0
2026-10-03,wk inc covid hosp,0,2026-10-03,20,quantile,0.99,61.0
2026-10-03,wk inc covid hosp,0,2026-10-03,21,quantile,0.01,5.0
2026-10-03,wk inc covid hosp,0,2026-10-03,21,quantile,0.025,6.0
2026-10-03,wk inc covid hosp,0,2026-10-03,21,quantile,0.05,6.0
2026-10-03,wk inc covid hosp,0,2026-10-03,21,quantile,0.1,12.0
2026-10-03,wk inc covid hosp,0,2026-10-03,21,quantile,0.15,13.0
2026-10-03,wk inc covid hosp,0,2026-10-03,21,quantile,0.2,13.0
2026-10-03,wk inc covid hosp,0,2026-10-03,21,quantile,0.25,13.0
2026-10-03,wk inc covid hosp,0,2026-10-03,21,quantile,0.3,13.0
2026-10-03,wk inc covid hosp,0,2026-10-03,21,quantile,0.35,14.0
2026-10-03,wk inc covid hosp,0,2026-10-03,21,quantile,0.4,15.0
2026-10-03,wk inc covid hosp,0,2026-10-03,21,quantile,0.45,16.0
2026-10-03,wk inc covid hosp,0,2026-10-03,21,quantile,0.5,16.0
2026-10-03,wk inc covid hosp,0,2026-10-03,21,quantile,0.55,17.0
2026-10-03,wk inc covid hosp,0,2026-10-03,21,quantile,0.6,19.0
2026-10-03,wk inc covid hosp,0,2026-10-03,21,quantile,0.65,20.0
2026-10-03,wk inc covid hosp,0,2026-10-03,21,quantile,0.7,21.0
2026-10-03,wk inc covid hosp,0,2026-10-03,21,quantile,0.75,25.0
2026-10-03,wk inc covid hosp,0,2026-10-03,21,quantile,0.8,25.0
2026-10-03,wk inc covid hosp,0,2026-10-03,21,quantile,0.85,26.0
2026-10-03,wk inc covid hosp,0,2026-10-03,21,quantile,0.9,31.0
2026-10-03,wk inc covid hosp,0,2026-10-03,21,quantile,0.95,35.0
2026-10-03,wk inc covid hosp,0,2026-10-03,21,quantile,0.975,50.0
2026-10-03,wk inc covid hosp,0,2026-10-03,21,quantile,0.99,86.0
2026-10-03,wk inc covid hosp,0,2026-10-03,22,quantile,0.01,15.0
2026-10-03,wk inc covid hosp,0,2026-10-03,22,quantile,0.025,20.0
2026-10-03,wk inc covid hosp,0,2026-10-03,22,quantile,0.05,38.0
2026-10-03,wk inc covid hosp,0,2026-10-03,22,quantile,0.1,45.0
2026-10-03,wk inc covid hosp,0,2026-10-03,22,quantile,0.15,45.0
2026-10-03,wk inc covid hosp,0,2026-10-03,22,quantile,0.2,49.0
2026-10-03,wk inc covid hosp,0,2026-10-03,22,quantile,0.25,56.0
2026-10-03,wk inc covid hosp,0,2026-10-03,22,quantile,0.3,56.0
2026-10-03,wk inc covid hosp,0,2026-10-03,22,quantile,0.35,57.0
2026-10-03,wk inc covid hosp,0,2026-10-03,22,quantile,0.4,62.0
2026-10-03,wk inc covid hosp,0,2026-10-03,22,quantile,0.45,66.0
2026-10-03,wk inc covid hosp,0,2026-10-03,22,quantile,0.5,71.0
2026-10-03,wk inc covid hosp,0,2026-10-03,22,quantile,0.55,74.0
2026-10-03,wk inc covid hosp,0,2026-10-03,22,quantile,0.6,76.0
2026-10-03,wk inc covid hosp,0,2026-10-03,22,quantile,0.65,79.0
2026-10-03,wk inc covid hosp,0,2026-10-03,22,quantile,0.7,81.0
2026-10-03,wk inc covid hosp,0,2026-10-03,22,quantile,0.75,87.0
2026-10-03,wk inc covid hosp,0,2026-10-03,22,quantile,0.8,87.0
2026-10-03,wk inc covid hosp,0,2026-10-03,22,quantile,0.85,90.0
2026-10-03,wk inc covid hosp,0,2026-10-03,22,quantile,0.9,94.0
2026-10-03,wk inc covid hosp,0,2026-10-03,22,quantile,0.95,107.0
2026-10-03,wk inc covid hosp,0,2026-10-03,22,quantile,0.975,125.0
2026-10-03,wk inc covid hosp,0,2026-10-03,22,quantile,0.99,147.0
2026-10-03,wk inc covid hosp,0,2026-10-03,23,quantile,0.01,0.0
2026-10-03,wk inc covid hosp,0,2026-10-03,23,quantile,0.025,0.0
2026-10-03,wk inc covid hosp,0,2026-10-03,23,quantile,0.05,0.0
2026-10-03,wk inc covid hosp,0,2026-10-03,23,quantile,0.1,0.0
2026-10-03,wk inc covid hosp,0,2026-10-03,23,quantile,0.15,1.0
2026-10-03,wk inc covid hosp,0,2026-10-03,23,quantile,0.2,2.0
2026-10-03,wk inc covid hosp,0,2026-10-03,23,quantile,0.25,2.0
2026-10-03,wk inc covid hosp,0,2026-10-03,23,quantile,0.3,3.0
2026-10-03,wk inc covid hosp,0,2026-10-03,23,quantile,0.35,3.0
2026-10-03,wk inc covid hosp,0,2026-10-03,23,quantile,0.4,3.0
2026-10-03,wk inc covid hosp,0,2026-10-03,23,quantile,0.45,3.0
2026-10-03,wk inc covid hosp,0,2026-10-03,23,quantile,0.5,5.0
2026-10-03,wk inc covid hosp,0,2026-10-03,23,quantile,0.55,5.0
2026-10-03,wk inc covid hosp,0,2026-10-03,23,quantile,0.6,5.0
2026-10-03,wk inc covid hosp,0,2026-10-03,23,quantile,0.65,5.0
2026-10-03,wk inc covid hosp,0,2026-10-03,23,quantile,0.7,6.0
2026-10-03,wk inc covid hosp,0,2026-10-03,23,quantile,0.75,7.0
2026-10-03,wk inc covid hosp,0,2026-10-03,23,quantile,0.8,7.0
2026-10-03,wk inc covid hosp,0,2026-10-03,23,quantile,0.85,7.0
2026-10-03,wk inc covid hosp,0,2026-10-03,23,quantile,0.9,7.0
2026-10-03,wk inc covid hosp,0,2026-10-03,23,quantile,0.95,10.0
2026-10-03,wk inc covid hosp,0,2026-10-03,23,quantile,0.975,15.0
2026-10-03,wk inc covid hosp,0,2026-10-03,23,quantile,0.99,24.0
2026-10-03,wk inc covid hosp,0,2026-10-03,24,quantile,0.01,12.0
2026-10-03,wk inc covid hosp,0,2026-10-03,24,quantile,0.025,12.0
2026-10-03,wk inc covid hosp,0,2026-10-03,24,quantile,0.05,12.0
2026-10-03,wk inc covid hosp,0,2026-10-03,24,quantile,0.1,18.0
2026-10-03,wk inc covid hosp,0,2026-10-03,24,quantile,0.15,23.0
2026-10-03,wk inc covid hosp,0,2026-10-03,24,quantile,0.2,25.0
2026-10-03,wk inc covid hosp,0,2026-10-03,24,quantile,0.25,27.0
2026-10-03,wk inc covid hosp,0,2026-10-03,24,quantile,0.3,27.0
2026-10-03,wk inc covid hosp,0,2026-10-03,24,quantile,0.35,28.0
2026-10-03,wk inc covid hosp,0,2026-10-03,24,quantile,0.4,32.0
2026-10-03,wk inc covid hosp,0,2026-10-03,24,quantile,0.45,33.0
2026-10-03,wk inc covid hosp,0,2026-10-03,24,quantile,0.5,34.0
2026-10-03,wk inc covid hosp,0,2026-10-03,24,quantile,0.55,36.0
2026-10-03,wk inc covid hosp,0,2026-10-03,24,quantile,0.6,36.0
2026-10-03,wk inc covid hosp,0,2026-10-03,24,quantile,0.65,36.0
2026-10-03,wk inc covid hosp,0,2026-10-03,24,quantile,0.7,40.0
2026-10-03,wk inc covid hosp,0,2026-10-03,24,quantile,0.75,40.0
2026-10-03,wk inc covid hosp,0,2026-10-03,24,quantile,0.8,46.0
2026-10-03,wk inc covid hosp,0,2026-10-03,24,quantile,0.85,48.0
2026-10-03,wk inc covid hosp,0,2026-10-03,24,quantile,0.9,48.0
2026-10-03,wk inc covid hosp,0,2026-10-03,24,quantile,0.95,61.0
2026-10-03,wk inc covid hosp,0,2026-10-03,24,quantile,0.975,73.0
2026-10-03,wk inc covid hosp,0,2026-10-03,24,quantile,0.99,127.0
2026-10-03,wk inc covid hosp,0,2026-10-03,25,quantile,0.01,17.0
2026-10-03,wk inc covid hosp,0,2026-10-03,25,quantile,0.025,17.0
2026-10-03,wk inc covid hosp,0,2026-10-03,25,quantile,0.05,17.0
2026-10-03,wk inc covid hosp,0,2026-10-03,25,quantile,0.1,22.0
2026-10-03,wk inc covid hosp,0,2026-10-03,25,quantile,0.15,24.0
2026-10-03,wk inc covid hosp,0,2026-10-03,25,quantile,0.2,29.0
2026-10-03,wk inc covid hosp,0,2026-10-03,25,quantile,0.25,30.0
2026-10-03,wk inc covid hosp,0,2026-10-03,25,quantile,0.3,32.0
2026-10-03,wk inc covid hosp,0,2026-10-03,25,quantile,0.35,32.0
2026-10-03,wk inc covid hosp,0,2026-10-03,25,quantile,0.4,36.0
2026-10-03,wk inc covid hosp,0,2026-10-03,25,quantile,0.45,38.0
2026-10-03,wk inc covid hosp,0,2026-10-03,25,quantile,0.5,41.0
2026-10-03,wk inc covid hosp,0,2026-10-03,25,quantile,0.55,42.0
2026-10-03,wk inc covid hosp,0,2026-10-03,25,quantile,0.6,43.0
2026-10-03,wk inc covid hosp,0,2026-10-03,25,quantile,0.65,46.0
2026-10-03,wk inc covid hosp,0,2026-10-03,25,quantile,0.7,50.0
2026-10-03,wk inc covid hosp,0,2026-10-03,25,quantile,0.75,55.0
2026-10-03,wk inc covid hosp,0,2026-10-03,25,quantile,0.8,59.0
2026-10-03,wk inc covid hosp,0,2026-10-03,25,quantile,0.85,59.0
2026-10-03,wk inc covid hosp,0,2026-10-03,25,quantile,0.9,61.0
2026-10-03,wk inc covid hosp,0,2026-10-03,25,quantile,0.95,71.0
2026-10-03,wk inc covid hosp,0,2026-10-03,25,quantile,0.975,95.0
2026-10-03,wk inc covid hosp,0,2026-10-03,25,quantile,0.99,149.0
2026-10-03,wk inc covid hosp,0,2026-10-03,26,quantile,0.01,12.0
2026-10-03,wk inc covid hosp,0,2026-10-03,26,quantile,0.025,16.0
2026-10-03,wk inc covid hosp,0,2026-10-03,26,quantile,0.05,17.0
2026-10-03,wk inc covid hosp,0,2026-10-03,26,quantile,0.1,28.0
2026-10-03,wk inc covid hosp,0,2026-10-03,26,quantile,0.15,30.0
2026-10-03,wk inc covid hosp,0,2026-10-03,26,quantile,0.2,31.0
2026-10-03,wk inc covid hosp,0,2026-10-03,26,quantile,0.25,35.0
2026-10-03,wk inc covid hosp,0,2026-10-03,26,quantile,0.3,35.0
2026-10-03,wk inc covid hosp,0,2026-10-03,26,quantile,0.35,37.0
2026-10-03,wk inc covid hosp,0,2026-10-03,26,quantile,0.4,40.0
2026-10-03,wk inc covid hosp,0,2026-10-03,26,quantile,0.45,40.0
2026-10-03,wk inc covid hosp,0,2026-10-03,26,quantile,0.5,40.0
2026-10-03,wk inc covid hosp,0,2026-10-03,26,quantile,0.55,42.0
2026-10-03,wk inc covid hosp,0,2026-10-03,26,quantile,0.6,42.0
2026-10-03,wk inc covid hosp,0,2026-10-03,26,quantile,0.65,46.0
2026-10-03,wk inc covid hosp,0,2026-10-03,26,quantile,0.7,46.0
2026-10-03,wk inc covid hosp,0,2026-10-03,26,quantile,0.75,49.0
2026-10-03,wk inc covid hosp,0,2026-10-03,26,quantile,0.8,54.0
2026-10-03,wk inc covid hosp,0,2026-10-03,26,quantile,0.85,58.0
2026-10-03,wk inc covid hosp,0,2026-10-03,26,quantile,0.9,68.0
2026-10-03,wk inc covid hosp,0,2026-10-03,26,quantile,0.95,92.0
2026-10-03,wk inc covid hosp,0,2026-10-03,26,quantile,0.975,112.0
2026-10-03,wk inc covid hosp,0,2026-10-03,26,quantile,0.99,210.0
2026-10-03,wk inc covid hosp,0,2026-10-03,27,quantile,0.01,3.0
2026-10-03,wk inc covid hosp,0,2026-10-03,27,quantile,0.025,6.0
2026-10-03,wk inc covid hosp,0,2026-10-03,27,quantile,0.05,8.0
2026-10-03,wk inc covid hosp,0,2026-10-03,27,quantile,0.1,18.0
2026-10-03,wk inc covid hosp,0,2026-10-03,27,quantile,0.15,19.0
2026-10-03,wk inc covid hosp,0,2026-10-03,27,quantile,0.2,20.0
2026-10-03,wk inc covid hosp,0,2026-10-03,27,quantile,0.25,21.0
2026-10-03,wk inc covid hosp,0,2026-10-03,27,quantile,0.3,22.0
2026-10-03,wk inc covid hosp,0,2026-10-03,27,quantile,0.35,24.0
2026-10-03,wk inc covid hosp,0,2026-10-03,27,quantile,0.4,24.0
2026-10-03,wk inc covid hosp,0,2026-10-03,27,quantile,0.45,24.0
2026-10-03,wk inc covid hosp,0,2026-10-03,27,quantile,0.5,26.0
2026-10-03,wk inc covid hosp,0,2026-10-03,27,quantile,0.55,28.0
2026-10-03,wk inc covid hosp,0,2026-10-03,27,quantile,0.6,30.0
2026-10-03,wk inc covid hosp,0,2026-10-03,27,quantile,0.65,32.0
2026-10-03,wk inc covid hosp,0,2026-10-03,27,quantile,0.7,33.0
2026-10-03,wk inc covid hosp,0,2026-10-03,27,quantile,0.75,33.0
2026-10-03,wk inc covid hosp,0,2026-10-03,27,quantile,0.8,34.0
2026-10-03,wk inc covid hosp,0,2026-10-03,27,quantile,0.85,36.0
2026-10-03,wk inc covid hosp,0,2026-10-03,27,quantile,0.9,37.0
2026-10-03,wk inc covid hosp,0,2026-10-03,27,quantile,0.95,49.0
2026-10-03,wk inc covid hosp,0,2026-10-03,27,quantile,0.975,66.0
2026-10-03,wk inc covid hosp,0,2026-10-03,27,quantile,0.99,119.0
2026-10-03,wk inc covid hosp,0,2026-10-03,28,quantile,0.01,4.0
2026-10-03,wk inc covid hosp,0,2026-10-03,28,quantile,0.025,6.0
2026-10-03,wk inc covid hosp,0,2026-10-03,28,quantile,0.05,7.0
2026-10-03,wk inc covid hosp,0,2026-10-03,28,quantile,0.1,11.0
2026-10-03,wk inc covid hosp,0,2026-10-03,28,quantile,0.15,16.0
2026-10-03,wk inc covid hosp,0,2026-10-03,28,quantile,0.2,18.0
2026-10-03,wk inc covid hosp,0,2026-10-03,28,quantile,0.25,18.0
2026-10-03,wk inc covid hosp,0,2026-10-03,28,quantile,0.3,18.0
2026-10-03,wk inc covid hosp,0,2026-10-03,28,quantile,0.35,19.0
2026-10-03,wk inc covid hosp,0,2026-10-03,28,quantile,0.4,21.0
2026-10-03,wk inc covid hosp,0,2026-10-03,28,quantile,0.45,22.0
2026-10-03,wk inc covid hosp,0,2026-10-03,28,quantile,0.5,23.0
2026-10-03,wk inc covid hosp,0,2026-10-03,28,quantile,0.55,25.0
2026-10-03,wk inc covid hosp,0,2026-10-03,28,quantile,0.6,26.0
2026-10-03,wk inc covid hosp,0,2026-10-03,28,quantile,0.65,26.0
2026-10-03,wk inc covid hosp,0,2026-10-03,28,quantile,0.7,27.0
2026-10-03,wk inc covid hosp,0,2026-10-03,28,quantile,0.75,28.0
2026-10-03,wk inc covid hosp,0,2026-10-03,28,quantile,0.8,29.0
2026-10-03,wk inc covid hosp,0,2026-10-03,28,quantile,0.85,31.0
2026-10-03,wk inc covid hosp,0,2026-10-03,28,quantile,0.9,34.0
2026-10-03,wk inc covid hosp,0,2026-10-03,28,quantile,0.95,41.0
2026-10-03,wk inc covid hosp,0,2026-10-03,28,quantile,0.975,43.0
2026-10-03,wk inc covid hosp,0,2026-10-03,28,quantile,0.99,61.0
2026-10-03,wk inc covid hosp,0,2026-10-03,29,quantile,0.01,20.0
2026-10-03,wk inc covid hosp,0,2026-10-03,29,quantile,0.025,20.0
2026-10-03,wk inc covid hosp,0,2026-10-03,29,quantile,0.05,20.0
2026-10-03,wk inc covid hosp,0,2026-10-03,29,quantile,0.1,23.0
2026-10-03,wk inc covid hosp,0,2026-10-03,29,quantile,0.15,26.0
2026-10-03,wk inc covid hosp,0,2026-10-03,29,quantile,0.2,30.0
2026-10-03,wk inc covid hosp,0,2026-10-03,29,quantile,0.25,32.0
2026-10-03,wk inc covid hosp,0,2026-10-03,29,quantile,0.3,34.0
2026-10-03,wk inc covid hosp,0,2026-10-03,29,quantile,0.35,36.0
2026-10-03,wk inc covid hosp,0,2026-10-03,29,quantile,0.4,38.0
2026-10-03,wk inc covid hosp,0,2026-10-03,29,quantile,0.45,40.0
2026-10-03,wk inc covid hosp,0,2026-10-03,29,quantile,0.5,43.0
2026-10-03,wk inc covid hosp,0,2026-10-03,29,quantile,0.55,43.0
2026-10-03,wk inc covid hosp,0,2026-10-03,29,quantile,0.6,43.0
2026-10-03,wk inc covid hosp,0,2026-10-03,29,quantile,0.65,48.0
2026-10-03,wk inc covid hosp,0,2026-10-03,29,quantile,0.7,50.0
2026-10-03,wk inc covid hosp,0,2026-10-03,29,quantile,0.75,51.0
2026-10-03,wk inc covid hosp,0,2026-10-03,29,quantile,0.8,54.0
2026-10-03,wk inc covid hosp,0,2026-10-03,29,quantile,0.85,61.0
2026-10-03,wk inc covid hosp,0,2026-10-03,29,quantile,0.9,65.0
2026-10-03,wk inc covid hosp,0,2026-10-03,29,quantile,0.95,73.0
2026-10-03,wk inc covid hosp,0,2026-10-03,29,quantile,0.975,91.0
2026-10-03,wk inc covid hosp,0,2026-10-03,29,quantile,0.99,143.0
2026-10-03,wk inc covid hosp,0,2026-10-03,30,quantile,0.01,0.0
2026-10-03,wk inc covid hosp,0,2026-10-03,30,quantile,0.025,1.0
2026-10-03,wk inc covid hosp,0,2026-10-03,30,quantile,0.05,1.0
2026-10-03,wk inc covid hosp,0,2026-10-03,30,quantile,0.1,1.0
2026-10-03,wk inc covid hosp,0,2026-10-03,30,quantile,0.15,2.0
2026-10-03,wk inc covid hosp,0,2026-10-03,30,quantile,0.2,3.0
2026-10-03,wk inc covid hosp,0,2026-10-03,30,quantile,0.25,4.0
2026-10-03,wk inc covid hosp,0,2026-10-03,30,quantile,0.3,5.0
2026-10-03,wk inc covid hosp,0,2026-10-03,30,quantile,0.35,5.0
2026-10-03,wk inc covid hosp,0,2026-10-03,30,quantile,0.4,5.0
2026-10-03,wk inc covid hosp,0,2026-10-03,30,quantile,0.45,6.0
2026-10-03,wk inc covid hosp,0,2026-10-03,30,quantile,0.5,7.0
2026-10-03,wk inc covid hosp,0,2026-10-03,30,quantile,0.55,7.0
2026-10-03,wk inc covid hosp,0,2026-10-03,30,quantile,0.6,8.0
2026-10-03,wk inc covid hosp,0,2026-10-03,30,quantile,0.65,9.0
2026-10-03,wk inc covid hosp,0,2026-10-03,30,quantile,0.7,10.0
2026-10-03,wk inc covid hosp,0,2026-10-03,30,quantile,0.75,10.0
2026-10-03,wk inc covid hosp,0,2026-10-03,30,quantile,0.8,12.0
2026-10-03,wk inc covid hosp,0,2026-10-03,30,quantile,0.85,12.0
2026-10-03,wk inc covid hosp,0,2026-10-03,30,quantile,0.9,13.0
2026-10-03,wk inc covid hosp,0,2026-10-03,30,quantile,0.95,16.0
2026-10-03,wk inc covid hosp,0,2026-10-03,30,quantile,0.975,17.0
2026-10-03,wk inc covid hosp,0,2026-10-03,30,quantile,0.99,23.0
2026-10-03,wk inc covid hosp,0,2026-10-03,31,quantile,0.01,1.0
2026-10-03,wk inc covid hosp,0,2026-10-03,31,quantile,0.025,1.0
2026-10-03,wk inc covid hosp,0,2026-10-03,31,quantile,0.05,2.0
2026-10-03,wk inc covid hosp,0,2026-10-03,31,quantile,0.1,3.0
2026-10-03,wk inc covid hosp,0,2026-10-03,31,quantile,0.15,3.0
2026-10-03,wk inc covid hosp,0,2026-10-03,31,quantile,0.2,3.0
2026-10-03,wk inc covid hosp,0,2026-10-03,31,quantile,0.25,4.0
2026-10-03,wk inc covid hosp,0,2026-10-03,31,quantile,0.3,4.0
2026-10-03,wk inc covid hosp,0,2026-10-03,31,quantile,0.35,4.0
2026-10-03,wk inc covid hosp,0,2026-10-03,31,quantile,0.4,4.0
2026-10-03,wk inc covid hosp,0,2026-10-03,31,quantile,0.45,5.0
2026-10-03,wk inc covid hosp,0,2026-10-03,31,quantile,0.5,5.0
2026-10-03,wk inc covid hosp,0,2026-10-03,31,quantile,0.55,6.0
2026-10-03,wk inc covid hosp,0,2026-10-03,31,quantile,0.6,6.0
2026-10-03,wk inc covid hosp,0,2026-10-03,31,quantile,0.65,7.0
2026-10-03,wk inc covid hosp,0,2026-10-03,31,quantile,0.7,8.0
2026-10-03,wk inc covid hosp,0,2026-10-03,31,quantile,0.75,8.0
2026-10-03,wk inc covid hosp,0,2026-10-03,31,quantile,0.8,8.0
2026-10-03,wk inc covid hosp,0,2026-10-03,31,quantile,0.85,9.0
2026-10-03,wk inc covid hosp,0,2026-10-03,31,quantile,0.9,10.0
2026-10-03,wk inc covid hosp,0,2026-10-03,31,quantile,0.95,15.0
2026-10-03,wk inc covid hosp,0,2026-10-03,31,quantile,0.975,22.0
2026-10-03,wk inc covid hosp,0,2026-10-03,31,quantile,0.99,39.0
2026-10-03,wk inc covid hosp,0,2026-10-03,32,quantile,0.01,5.0
2026-10-03,wk inc covid hosp,0,2026-10-03,32,quantile,0.025,6.0
2026-10-03,wk inc covid hosp,0,2026-10-03,32,quantile,0.05,7.0
2026-10-03,wk inc covid hosp,0,2026-10-03,32,quantile,0.1,12.0
2026-10-03,wk inc covid hosp,0,2026-10-03,32,quantile,0.15,14.0
2026-10-03,wk inc covid hosp,0,2026-10-03,32,quantile,0.2,16.0
2026-10-03,wk inc covid hosp,0,2026-10-03,32,quantile,0.25,16.0
2026-10-03,wk inc covid hosp,0,2026-10-03,32,quantile,0.3,17.0
2026-10-03,wk inc covid hosp,0,2026-10-03,32,quantile,0.35,19.0
2026-10-03,wk inc covid hosp,0,2026-10-03,32,quantile,0.4,21.0
2026-10-03,wk inc covid hosp,0,2026-10-03,32,quantile,0.45,22.0
2026-10-03,wk inc covid hosp,0,2026-10-03,32,quantile,0.5,24.0
2026-10-03,wk inc covid hosp,0,2026-10-03,32,quantile,0.55,26.0
2026-10-03,wk inc covid hosp,0,2026-10-03,32,quantile,0.6,27.0
2026-10-03,wk inc covid hosp,0,2026-10-03,32,quantile,0.65,28.0
2026-10-03,wk inc covid hosp,0,2026-10-03,32,quantile,0.7,29.0
2026-10-03,wk inc covid hosp,0,2026-10-03,32,quantile,0.75,29.0
2026-10-03,wk inc covid hosp,0,2026-10-03,32,quantile,0.8,31.0
2026-10-03,wk inc covid hosp,0,2026-10-03,32,quantile,0.85,31.0
2026-10-03,wk inc covid hosp,0,2026-10-03,32,quantile,0.9,33.0
2026-10-03,wk inc covid hosp,0,2026-10-03,32,quantile,0.95,41.0
2026-10-03,wk inc covid hosp,0,2026-10-03,32,quantile,0.975,45.0
2026-10-03,wk inc covid hosp,0,2026-10-03,32,quantile,0.99,71.0
2026-10-03,wk inc covid hosp,0,2026-10-03,33,quantile,0.01,4.0
2026-10-03,wk inc covid hosp,0,2026-10-03,33,quantile,0.025,4.0
2026-10-03,wk inc covid hosp,0,2026-10-03,33,quantile,0.05,4.0
2026-10-03,wk inc covid hosp,0,2026-10-03,33,quantile,0.1,4.0
2026-10-03,wk inc covid hosp,0,2026-10-03,33,quantile,0.15,5.0
2026-10-03,wk inc covid hosp,0,2026-10-03,33,quantile,0.2,5.0
2026-10-03,wk inc covid hosp,0,2026-10-03,33,quantile,0.25,7.0
2026-10-03,wk inc covid hosp,0,2026-10-03,33,quantile,0.3,7.0
2026-10-03,wk inc covid hosp,0,2026-10-03,33,quantile,0.35,7.0
2026-10-03,wk inc covid hosp,0,2026-10-03,33,quantile,0.4,9.0
2026-10-03,wk inc covid hosp,0,2026-10-03,33,quantile,0.45,10.0
2026-10-03,wk inc covid hosp,0,2026-10-03,33,quantile,0.5,13.0
2026-10-03,wk inc covid hosp,0,2026-10-03,33,quantile,0.55,13.0
2026-10-03,wk inc covid hosp,0,2026-10-03,33,quantile,0.6,14.0
2026-10-03,wk inc covid hosp,0,2026-10-03,33,quantile,0.65,15.0
2026-10-03,wk inc covid hosp,0,2026-10-03,33,quantile,0.7,15.0
2026-10-03,wk inc covid hosp,0,2026-10-03,33,quantile,0.75,17.0
2026-10-03,wk inc covid hosp,0,2026-10-03,33,quantile,0.8,18.0
2026-10-03,wk inc covid hosp,0,2026-10-03,33,quantile,0.85,20.0
2026-10-03,wk inc covid hosp,0,2026-10-03,33,quantile,0.9,21.0
2026-10-03,wk inc covid hosp,0,2026-10-03,33,quantile,0.95,22.0
2026-10-03,wk inc covid hosp,0,2026-10-03,33,quantile,0.975,24.0
2026-10-03,wk inc covid hosp,0,2026-10-03,33,quantile,0.99,32.0
2026-10-03,wk inc covid hosp,0,2026-10-03,34,quantile,0.01,19.0
2026-10-03,wk inc covid hosp,0,2026-10-03,34,quantile,0.025,32.0
2026-10-03,wk inc covid hosp,0,2026-10-03,34,quantile,0.05,55.0
2026-10-03,wk inc covid hosp,0,2026-10-03,34,quantile,0.1,62.0
2026-10-03,wk inc covid hosp,0,2026-10-03,34,quantile,0.15,69.0
2026-10-03,wk inc covid hosp,0,2026-10-03,34,quantile,0.2,80.0
2026-10-03,wk inc covid hosp,0,2026-10-03,34,quantile,0.25,85.0
2026-10-03,wk inc covid hosp,0,2026-10-03,34,quantile,0.3,103.0
2026-10-03,wk inc covid hosp,0,2026-10-03,34,quantile,0.35,103.0
2026-10-03,wk inc covid hosp,0,2026-10-03,34,quantile,0.4,116.0
2026-10-03,wk inc covid hosp,0,2026-10-03,34,quantile,0.45,116.0
2026-10-03,wk inc covid hosp,0,2026-10-03,34,quantile,0.5,120.0
2026-10-03,wk inc covid hosp,0,2026-10-03,34,quantile,0.55,125.0
2026-10-03,wk inc covid hosp,0,2026-10-03,34,quantile,0.6,125.0
2026-10-03,wk inc covid hosp,0,2026-10-03,34,quantile,0.65,126.0
2026-10-03,wk inc covid hosp,0,2026-10-03,34,quantile,0.7,126.0
2026-10-03,wk inc covid hosp,0,2026-10-03,34,quantile,0.75,126.0
2026-10-03,wk inc covid hosp,0,2026-10-03,34,quantile,0.8,134.0
2026-10-03,wk inc covid hosp,0,2026-10-03,34,quantile,0.85,134.0
2026-10-03,wk inc covid hosp,0,2026-10-03,34,quantile,0.9,139.0
2026-10-03,wk inc covid hosp,0,2026-10-03,34,quantile,0.95,157.0
2026-10-03,wk inc covid hosp,0,2026-10-03,34,quantile,0.975,186.0
2026-10-03,wk inc covid hosp,0,2026-10-03,34,quantile,0.99,244.0
2026-10-03,wk inc covid hosp,0,2026-10-03,35,quantile,0.01,1.0
2026-10-03,wk inc covid hosp,0,2026-10-03,35,quantile,0.025,1.0
2026-10-03,wk inc covid hosp,0,2026-10-03,35,quantile,0.05,3.0
2026-10-03,wk inc covid hosp,0,2026-10-03,35,quantile,0.1,4.0
2026-10-03,wk inc covid hosp,0,2026-10-03,35,quantile,0.15,5.0
2026-10-03,wk inc covid hosp,0,2026-10-03,35,quantile,0.2,5.0
2026-10-03,wk inc covid hosp,0,2026-10-03,35,quantile,0.25,6.0
2026-10-03,wk inc covid hosp,0,2026-10-03,35,quantile,0.3,6.0
2026-10-03,wk inc covid hosp,0,2026-10-03,35,quantile,0.35,6.0
2026-10-03,wk inc covid hosp,0,2026-10-03,35,quantile,0.4,7.0
2026-10-03,wk inc covid hosp,0,2026-10-03,35,quantile,0.45,8.0
2026-10-03,wk inc covid hosp,0,2026-10-03,35,quantile,0.5,8.0
2026-10-03,wk inc covid hosp,0,2026-10-03,35,quantile,0.55,8.0
2026-10-03,wk inc covid hosp,0,2026-10-03,35,quantile,0.6,9.0
2026-10-03,wk inc covid hosp,0,2026-10-03,35,quantile,0.65,10.0
2026-10-03,wk inc covid hosp,0,2026-10-03,35,quantile,0.7,10.0
2026-10-03,wk inc covid hosp,0,2026-10-03,35,quantile,0.75,11.0
2026-10-03,wk inc covid hosp,0,2026-10-03,35,quantile,0.8,12.0
2026-10-03,wk inc covid hosp,0,2026-10-03,35,quantile,0.85,13.0
2026-10-03,wk inc covid hosp,0,2026-10-03,35,quantile,0.9,15.0
2026-10-03,wk inc covid hosp,0,2026-10-03,35,quantile,0.95,19.0
2026-10-03,wk inc covid hosp,0,2026-10-03,35,quantile,0.975,26.0
2026-10-03,wk inc covid hosp,0,2026-10-03,35,quantile,0.99,46.0
2026-10-03,wk inc covid hosp,0,2026-10-03,36,quantile,0.01,93.0
2026-10-03,wk inc covid hosp,0,2026-10-03,36,quantile,0.025,96.0
2026-10-03,wk inc covid hosp,0,2026-10-03,36,quantile,0.05,133.0
2026-10-03,wk inc covid hosp,0,2026-10-03,36,quantile,0.1,144.0
2026-10-03,wk inc covid hosp,0,2026-10-03,36,quantile,0.15,167.0
2026-10-03,wk inc covid hosp,0,2026-10-03,36,quantile,0.2,181.0
2026-10-03,wk inc covid hosp,0,2026-10-03,36,quantile,0.25,189.0
2026-10-03,wk inc covid hosp,0,2026-10-03,36,quantile,0.3,221.0
2026-10-03,wk inc covid hosp,0,2026-10-03,36,quantile,0.35,221.0
2026-10-03,wk inc covid hosp,0,2026-10-03,36,quantile,0.4,236.0
2026-10-03,wk inc covid hosp,0,2026-10-03,36,quantile,0.45,236.0
2026-10-03,wk inc covid hosp,0,2026-10-03,36,quantile,0.5,238.0
2026-10-03,wk inc covid hosp,0,2026-10-03,36,quantile,0.55,262.0
2026-10-03,wk inc covid hosp,0,2026-10-03,36,quantile,0.6,265.0
2026-10-03,wk inc covid hosp,0,2026-10-03,36,quantile,0.65,268.0
2026-10-03,wk inc covid hosp,0,2026-10-03,36,quantile,0.7,268.0
2026-10-03,wk inc covid hosp,0,2026-10-03,36,quantile,0.75,277.0
2026-10-03,wk inc covid hosp,0,2026-10-03,36,quantile,0.8,282.0
2026-10-03,wk inc covid hosp,0,2026-10-03,36,quantile,0.85,286.0
2026-10-03,wk inc covid hosp,0,2026-10-03,36,quantile,0.9,300.0
2026-10-03,wk inc covid hosp,0,2026-10-03,36,quantile,0.95,335.0
2026-10-03,wk inc covid hosp,0,2026-10-03,36,quantile,0.975,378.0
2026-10-03,wk inc covid hosp,0,2026-10-03,36,quantile,0.99,487.0
2026-10-03,wk inc covid hosp,0,2026-10-03,37,quantile,0.01,40.0
2026-10-03,wk inc covid hosp,0,2026-10-03,37,quantile,0.025,46.0
2026-10-03,wk inc covid hosp,0,2026-10-03,37,quantile,0.05,67.0
2026-10-03,wk inc covid hosp,0,2026-10-03,37,quantile,0.1,96.0
2026-10-03,wk inc covid hosp,0,2026-10-03,37,quantile,0.15,97.0
2026-10-03,wk inc covid hosp,0,2026-10-03,37,quantile,0.2,98.0
2026-10-03,wk inc covid hosp,0,2026-10-03,37,quantile,0.25,99.0
2026-10-03,wk inc covid hosp,0,2026-10-03,37,quantile,0.3,109.0
2026-10-03,wk inc covid hosp,0,2026-10-03,37,quantile,0.35,114.0
2026-10-03,wk inc covid hosp,0,2026-10-03,37,quantile,0.4,128.0
2026-10-03,wk inc covid hosp,0,2026-10-03,37,quantile,0.45,142.0
2026-10-03,wk inc covid hosp,0,2026-10-03,37,quantile,0.5,147.0
2026-10-03,wk inc covid hosp,0,2026-10-03,37,quantile,0.55,157.0
2026-10-03,wk inc covid hosp,0,2026-10-03,37,quantile,0.6,164.0
2026-10-03,wk inc covid hosp,0,2026-10-03,37,quantile,0.65,166.0
2026-10-03,wk inc covid hosp,0,2026-10-03,37,quantile,0.7,171.0
2026-10-03,wk inc covid hosp,0,2026-10-03,37,quantile,0.75,173.0
2026-10-03,wk inc covid hosp,0,2026-10-03,37,quantile,0.8,186.0
2026-10-03,wk inc covid hosp,0,2026-10-03,37,quantile,0.85,188.0
2026-10-03,wk inc covid hosp,0,2026-10-03,37,quantile,0.9,200.0
2026-10-03,wk inc covid hosp,0,2026-10-03,37,quantile,0.95,218.0
2026-10-03,wk inc covid hosp,0,2026-10-03,37,quantile,0.975,234.0
2026-10-03,wk inc covid hosp,0,2026-10-03,37,quantile,0.99,303.0
2026-10-03,wk inc covid hosp,0,2026-10-03,38,quantile,0.01,0.0
2026-10-03,wk inc covid hosp,0,2026-10-03,38,quantile,0.025,0.0
2026-10-03,wk inc covid hosp,0,2026-10-03,38,quantile,0.05,0.0
2026-10-03,wk inc covid hosp,0,2026-10-03,38,quantile,0.1,0.0
2026-10-03,wk inc covid hosp,0,2026-10-03,38,quantile,0.15,0.0
2026-10-03,wk inc covid hosp,0,2026-10-03,38,quantile,0.2,0.0
2026-10-03,wk inc covid hosp,0,2026-10-03,38,quantile,0.25,1.0
2026-10-03,wk inc covid hosp,0,2026-10-03,38,quantile,0.3,1.0
2026-10-03,wk inc covid hosp,0,2026-10-03,38,quantile,0.35,1.0
2026-10-03,wk inc covid hosp,0,2026-10-03,38,quantile,0.4,2.0
2026-10-03,wk inc covid hosp,0,2026-10-03,38,quantile,0.45,2.0
2026-10-03,wk inc covid hosp,0,2026-10-03,38,quantile,0.5,2.0
2026-10-03,wk inc covid hosp,0,2026-10-03,38,quantile,0.55,3.0
2026-10-03,wk inc covid hosp,0,2026-10-03,38,quantile,0.6,3.0
2026-10-03,wk inc covid hosp,0,2026-10-03,38,quantile,0.65,3.0
2026-10-03,wk inc covid hosp,0,2026-10-03,38,quantile,0.7,4.0
2026-10-03,wk inc covid hosp,0,2026-10-03,38,quantile,0.75,4.0
2026-10-03,wk inc covid hosp,0,2026-10-03,38,quantile,0.8,4.0
2026-10-03,wk inc covid hosp,0,2026-10-03,38,quantile,0.85,4.0
2026-10-03,wk inc covid hosp,0,2026-10-03,38,quantile,0.9,4.0
2026-10-03,wk inc covid hosp,0,2026-10-03,38,quantile,0.95,6.0
2026-10-03,wk inc covid hosp,0,2026-10-03,38,quantile,0.975,8.0
2026-10-03,wk inc covid hosp,0,2026-10-03,38,quantile,0.99,15.0
2026-10-03,wk inc covid hosp,0,2026-10-03,39,quantile,0.01,12.0
2026-10-03,wk inc covid hosp,0,2026-10-03,39,quantile,0.025,19.0
2026-10-03,wk inc covid hosp,0,2026-10-03,39,quantile,0.05,20.0
2026-10-03,wk inc covid hosp,0,2026-10-03,39,quantile,0.1,36.0
2026-10-03,wk inc covid hosp,0,2026-10-03,39,quantile,0.15,43.0
2026-10-03,wk inc covid hosp,0,2026-10-03,39,quantile,0.2,43.0
2026-10-03,wk inc covid hosp,0,2026-10-03,39,quantile,0.25,46.0
2026-10-03,wk inc covid hosp,0,2026-10-03,39,quantile,0.3,46.0
2026-10-03,wk inc covid hosp,0,2026-10-03,39,quantile,0.35,46.0
2026-10-03,wk inc covid hosp,0,2026-10-03,39,quantile,0.4,47.0
2026-10-03,wk inc covid hosp,0,2026-10-03,39,quantile,0.45,51.0
2026-10-03,wk inc covid hosp,0,2026-10-03,39,quantile,0.5,55.0
2026-10-03,wk inc covid hosp,0,2026-10-03,39,quantile,0.55,56.0
2026-10-03,wk inc covid hosp,0,2026-10-03,39,quantile,0.6,56.0
2026-10-03,wk inc covid hosp,0,2026-10-03,39,quantile,0.65,62.0
2026-10-03,wk inc covid hosp,0,2026-10-03,39,quantile,0.7,66.0
2026-10-03,wk inc covid hosp,0,2026-10-03,39,quantile,0.75,66.0
2026-10-03,wk inc covid hosp,0,2026-10-03,39,quantile,0.8,69.0
2026-10-03,wk inc covid hosp,0,2026-10-03,39,quantile,0.85,78.0
2026-10-03,wk inc covid hosp,0,2026-10-03,39,quantile,0.9,84.0
2026-10-03,wk inc covid hosp,0,2026-10-03,39,quantile,0.95,105.0
2026-10-03,wk inc covid hosp,0,2026-10-03,39,quantile,0.975,141.0
2026-10-03,wk inc covid hosp,0,2026-10-03,39,quantile,0.99,247.0
2026-10-03,wk inc covid hosp,0,2026-10-03,40,quantile,0.01,3.0
2026-10-03,wk inc covid hosp,0,2026-10-03,40,quantile,0.025,5.0
2026-10-03,wk inc covid hosp,0,2026-10-03,40,quantile,0.05,6.0
2026-10-03,wk inc covid hosp,0,2026-10-03,40,quantile,0.1,9.0
2026-10-03,wk inc covid hosp,0,2026-10-03,40,quantile,0.15,10.0
2026-10-03,wk inc covid hosp,0,2026-10-03,40,quantile,0.2,11.0
2026-10-03,wk inc covid hosp,0,2026-10-03,40,quantile,0.25,11.0
2026-10-03,wk inc covid hosp,0,2026-10-03,40,quantile,0.3,12.0
2026-10-03,wk inc covid hosp,0,2026-10-03,40,quantile,0.35,13.0
2026-10-03,wk inc covid hosp,0,2026-10-03,40,quantile,0.4,15.0
2026-10-03,wk inc covid hosp,0,2026-10-03,40,quantile,0.45,16.0
2026-10-03,wk inc covid hosp,0,2026-10-03,40,quantile,0.5,16.0
2026-10-03,wk inc covid hosp,0,2026-10-03,40,quantile,0.55,17.0
2026-10-03,wk inc covid hosp,0,2026-10-03,40,quantile,0.6,17.0
2026-10-03,wk inc covid hosp,0,2026-10-03,40,quantile,0.65,19.0
2026-10-03,wk inc covid hosp,0,2026-10-03,40,quantile,0.7,20.0
2026-10-03,wk inc covid hosp,0,2026-10-03,40,quantile,0.75,22.0
2026-10-03,wk inc covid hosp,0,2026-10-03,40,quantile,0.8,23.0
2026-10-03,wk inc covid hosp,0,2026-10-03,40,quantile,0.85,25.0
2026-10-03,wk inc covid hosp,0,2026-10-03,40,quantile,0.9,28.0
2026-10-03,wk inc covid hosp,0,2026-10-03,40,quantile,0.95,34.0
2026-10-03,wk inc covid hosp,0,2026-10-03,40,quantile,0.975,45.0
2026-10-03,wk inc covid hosp,0,2026-10-03,40,quantile,0.99,79.0
2026-10-03,wk inc covid hosp,0,2026-10-03,41,quantile,0.01,13.0
2026-10-03,wk inc covid hosp,0,2026-10-03,41,quantile,0.025,13.0
2026-10-03,wk inc covid hosp,0,2026-10-03,41,quantile,0.05,18.0
2026-10-03,wk inc covid hosp,0,2026-10-03,41,quantile,0.1,21.0
2026-10-03,wk inc covid hosp,0,2026-10-03,41,quantile,0.15,27.0
2026-10-03,wk inc covid hosp,0,2026-10-03,41,quantile,0.2,27.0
2026-10-03,wk inc covid hosp,0,2026-10-03,41,quantile,0.25,32.0
2026-10-03,wk inc covid hosp,0,2026-10-03,41,quantile,0.3,34.0
2026-10-03,wk inc covid hosp,0,2026-10-03,41,quantile,0.35,36.0
2026-10-03,wk inc covid hosp,0,2026-10-03,41,quantile,0.4,40.0
2026-10-03,wk inc covid hosp,0,2026-10-03,41,quantile,0.45,41.0
2026-10-03,wk inc covid hosp,0,2026-10-03,41,quantile,0.5,42.0
2026-10-03,wk inc covid hosp,0,2026-10-03,41,quantile,0.55,44.0
2026-10-03,wk inc covid hosp,0,2026-10-03,41,quantile,0.6,44.0
2026-10-03,wk inc covid hosp,0,2026-10-03,41,quantile,0.65,46.0
2026-10-03,wk inc covid hosp,0,2026-10-03,41,quantile,0.7,46.0
2026-10-03,wk inc covid hosp,0,2026-10-03,41,quantile,0.75,48.0
2026-10-03,wk inc covid hosp,0,2026-10-03,41,quantile,0.8,53.0
2026-10-03,wk inc covid hosp,0,2026-10-03,41,quantile,0.85,55.0
2026-10-03,wk inc covid hosp,0,2026-10-03,41,quantile,0.9,58.0
2026-10-03,wk inc covid hosp,0,2026-10-03,41,quantile,0.95,63.0
2026-10-03,wk inc covid hosp,0,2026-10-03,41,quantile,0.975,68.0
2026-10-03,wk inc covid hosp,0,2026-10-03,41,quantile,0.99,103.0
2026-10-03,wk inc covid hosp,0,2026-10-03,42,quantile,0.01,50.0
2026-10-03,wk inc covid hosp,0,2026-10-03,42,quantile,0.025,56.0
2026-10-03,wk inc covid hosp,0,2026-10-03,42,quantile,0.05,82.0
2026-10-03,wk inc covid hosp,0,2026-10-03,42,quantile,0.1,92.0
2026-10-03,wk inc covid hosp,0,2026-10-03,42,quantile,0.15,102.0
2026-10-03,wk inc covid hosp,0,2026-10-03,42,quantile,0.2,107.0
2026-10-03,wk inc covid hosp,0,2026-10-03,42,quantile,0.25,120.0
2026-10-03,wk inc covid hosp,0,2026-10-03,42,quantile,0.3,143.0
2026-10-03,wk inc covid hosp,0,2026-10-03,42,quantile,0.35,144.0
2026-10-03,wk inc covid hosp,0,2026-10-03,42,quantile,0.4,149.0
2026-10-03,wk inc covid hosp,0,2026-10-03,42,quantile,0.45,151.0
2026-10-03,wk inc covid hosp,0,2026-10-03,42,quantile,0.5,159.0
2026-10-03,wk inc covid hosp,0,2026-10-03,42,quantile,0.55,167.0
2026-10-03,wk inc covid hosp,0,2026-10-03,42,quantile,0.6,167.0
2026-10-03,wk inc covid hosp,0,2026-10-03,42,quantile,0.65,168.0
2026-10-03,wk inc covid hosp,0,2026-10-03,42,quantile,0.7,169.0
2026-10-03,wk inc covid hosp,0,2026-10-03,42,quantile,0.75,173.0
2026-10-03,wk inc covid hosp,0,2026-10-03,42,quantile,0.8,180.0
2026-10-03,wk inc covid hosp,0,2026-10-03,42,quantile,0.85,180.0
2026-10-03,wk inc covid hosp,0,2026-10-03,42,quantile,0.9,194.0
2026-10-03,wk inc covid hosp,0,2026-10-03,42,quantile,0.95,220.0
2026-10-03,wk inc covid hosp,0,2026-10-03,42,quantile,0.975,243.0
2026-10-03,wk inc covid hosp,0,2026-10-03,42,quantile,0.99,301.0
2026-10-03,wk inc covid hosp,0,2026-10-03,44,quantile,0.01,0.0
2026-10-03,wk inc covid hosp,0,2026-10-03,44,quantile,0.025,1.0
2026-10-03,wk inc covid hosp,0,2026-10-03,44,quantile,0.05,1.0
2026-10-03,wk inc covid hosp,0,2026-10-03,44,quantile,0.1,3.0
2026-10-03,wk inc covid hosp,0,2026-10-03,44,quantile,0.15,4.0
2026-10-03,wk inc covid hosp,0,2026-10-03,44,quantile,0.2,6.0
2026-10-03,wk inc covid hosp,0,2026-10-03,44,quantile,0.25,6.0
2026-10-03,wk inc covid hosp,0,2026-10-03,44,quantile,0.3,6.0
2026-10-03,wk inc covid hosp,0,2026-10-03,44,quantile,0.35,6.0
2026-10-03,wk inc covid hosp,0,2026-10-03,44,quantile,0.4,6.0
2026-10-03,wk inc covid hosp,0,2026-10-03,44,quantile,0.45,7.0
2026-10-03,wk inc covid hosp,0,2026-10-03,44,quantile,0.5,8.0
2026-10-03,wk inc covid hosp,0,2026-10-03,44,quantile,0.55,8.0
2026-10-03,wk inc covid hosp,0,2026-10-03,44,quantile,0.6,9.0
2026-10-03,wk inc covid hosp,0,2026-10-03,44,quantile,0.65,9.0
2026-10-03,wk inc covid hosp,0,2026-10-03,44,quantile,0.7,9.0
2026-10-03,wk inc covid hosp,0,2026-10-03,44,quantile,0.75,11.0
2026-10-03,wk inc covid hosp,0,2026-10-03,44,quantile,0.8,13.0
2026-10-03,wk inc covid hosp,0,2026-10-03,44,quantile,0.85,14.0
2026-10-03,wk inc covid hosp,0,2026-10-03,44,quantile,0.9,14.0
2026-10-03,wk inc covid hosp,0,2026-10-03,44,quantile,0.95,17.0
2026-10-03,wk inc covid hosp,0,2026-10-03,44,quantile,0.975,17.0
2026-10-03,wk inc covid hosp,0,2026-10-03,44,quantile,0.99,20.0
2026-10-03,wk inc covid hosp,0,2026-10-03,45,quantile,0.01,20.0
2026-10-03,wk inc covid hosp,0,2026-10-03,45,quantile,0.025,20.0
2026-10-03,wk inc covid hosp,0,2026-10-03,45,quantile,0.05,26.0
2026-10-03,wk inc covid hosp,0,2026-10-03,45,quantile,0.1,30.0
2026-10-03,wk inc covid hosp,0,2026-10-03,45,quantile,0.15,35.0
2026-10-03,wk inc covid hosp,0,2026-10-03,45,quantile,0.2,35.0
2026-10-03,wk inc covid hosp,0,2026-10-03,45,quantile,0.25,37.0
2026-10-03,wk inc covid hosp,0,2026-10-03,45,quantile,0.3,40.0
2026-10-03,wk inc covid hosp,0,2026-10-03,45,quantile,0.35,46.0
2026-10-03,wk inc covid hosp,0,2026-10-03,45,quantile,0.4,49.0
2026-10-03,wk inc covid hosp,0,2026-10-03,45,quantile,0.45,51.0
2026-10-03,wk inc covid hosp,0,2026-10-03,45,quantile,0.5,54.0
2026-10-03,wk inc covid hosp,0,2026-10-03,45,quantile,0.55,56.0
2026-10-03,wk inc covid hosp,0,2026-10-03,45,quantile,0.6,56.0
2026-10-03,wk inc covid hosp,0,2026-10-03,45,quantile,0.65,56.0
2026-10-03,wk inc covid hosp,0,2026-10-03,45,quantile,0.7,60.0
2026-10-03,wk inc covid hosp,0,2026-10-03,45,quantile,0.75,63.0
2026-10-03,wk inc covid hosp,0,2026-10-03,45,quantile,0.8,63.0
2026-10-03,wk inc covid hosp,0,2026-10-03,45,quantile,0.85,67.0
2026-10-03,wk inc covid hosp,0,2026-10-03,45,quantile,0.9,74.0
2026-10-03,wk inc covid hosp,0,2026-10-03,45,quantile,0.95,83.0
2026-10-03,wk inc covid hosp,0,2026-10-03,45,quantile,0.975,91.0
2026-10-03,wk inc covid hosp,0,2026-10-03,45,quantile,0.99,118.0
2026-10-03,wk inc covid hosp,0,2026-10-03,46,quantile,0.01,0.0
2026-10-03,wk inc covid hosp,0,2026-10-03,46,quantile,0.025,0.0
2026-10-03,wk inc covid hosp,0,2026-10-03,46,quantile,0.05,1.0
2026-10-03,wk inc covid hosp,0,2026-10-03,46,quantile,0.1,1.0
2026-10-03,wk inc covid hosp,0,2026-10-03,46,quantile,0.15,1.0
2026-10-03,wk inc covid hosp,0,2026-10-03,46,quantile,0.2,1.0
2026-10-03,wk inc covid hosp,0,2026-10-03,46,quantile,0.25,2.0
2026-10-03,wk inc covid hosp,0,2026-10-03,46,quantile,0.3,2.0
2026-10-03,wk inc covid hosp,0,2026-10-03,46,quantile,0.35,3.0
2026-10-03,wk inc covid hosp,0,2026-10-03,46,quantile,0.4,3.0
2026-10-03,wk inc covid hosp,0,2026-10-03,46,quantile,0.45,3.0
2026-10-03,wk inc covid hosp,0,2026-10-03,46,quantile,0.5,3.0
2026-10-03,wk inc covid hosp,0,2026-10-03,46,quantile,0.55,3.0
2026-10-03,wk inc covid hosp,0,2026-10-03,46,quantile,0.6,4.0
2026-10-03,wk inc covid hosp,0,2026-10-03,46,quantile,0.65,4.0
2026-10-03,wk inc covid hosp,0,2026-10-03,46,quantile,0.7,5.0
2026-10-03,wk inc covid hosp,0,2026-10-03,46,quantile,0.75,5.0
2026-10-03,wk inc covid hosp,0,2026-10-03,46,quantile,0.8,7.0
2026-10-03,wk inc covid hosp,0,2026-10-03,46,quantile,0.85,7.0
2026-10-03,wk inc covid hosp,0,2026-10-03,46,quantile,0.9,8.0
2026-10-03,wk inc covid hosp,0,2026-10-03,46,quantile,0.95,9.0
2026-10-03,wk inc covid hosp,0,2026-10-03,46,quantile,0.975,10.0
2026-10-03,wk inc covid hosp,0,2026-10-03,46,quantile,0.99,14.0
2026-10-03,wk inc covid hosp,0,2026-10-03,47,quantile,0.01,21.0
2026-10-03,wk inc covid hosp,0,2026-10-03,47,quantile,0.025,21.0
2026-10-03,wk inc covid hosp,0,2026-10-03,47,quantile,0.05,21.0
2026-10-03,wk inc covid hosp,0,2026-10-03,47,quantile,0.1,22.0
2026-10-03,wk inc covid hosp,0,2026-10-03,47,quantile,0.15,26.0
2026-10-03,wk inc covid hosp,0,2026-10-03,47,quantile,0.2,33.0
2026-10-03,wk inc covid hosp,0,2026-10-03,47,quantile,0.25,35.0
2026-10-03,wk inc covid hosp,0,2026-10-03,47,quantile,0.3,39.0
2026-10-03,wk inc covid hosp,0,2026-10-03,47,quantile,0.35,40.0
2026-10-03,wk inc covid hosp,0,2026-10-03,47,quantile,0.4,44.0
2026-10-03,wk inc covid hosp,0,2026-10-03,47,quantile,0.45,44.0
2026-10-03,wk inc covid hosp,0,2026-10-03,47,quantile,0.5,46.0
2026-10-03,wk inc covid hosp,0,2026-10-03,47,quantile,0.55,50.0
2026-10-03,wk inc covid hosp,0,2026-10-03,47,quantile,0.6,53.0
2026-10-03,wk inc covid hosp,0,2026-10-03,47,quantile,0.65,53.0
2026-10-03,wk inc covid hosp,0,2026-10-03,47,quantile,0.7,53.0
2026-10-03,wk inc covid hosp,0,2026-10-03,47,quantile,0.75,59.0
2026-10-03,wk inc covid hosp,0,2026-10-03,47,quantile,0.8,61.0
2026-10-03,wk inc covid hosp,0,2026-10-03,47,quantile,0.85,64.0
2026-10-03,wk inc covid hosp,0,2026-10-03,47,quantile,0.9,66.0
2026-10-03,wk inc covid hosp,0,2026-10-03,47,quantile,0.95,79.0
2026-10-03,wk inc covid hosp,0,2026-10-03,47,quantile,0.975,91.0
2026-10-03,wk inc covid hosp,0,2026-10-03,47,quantile,0.99,138.0
2026-10-03,wk inc covid hosp,0,2026-10-03,48,quantile,0.01,41.0
2026-10-03,wk inc covid hosp,0,2026-10-03,48,quantile,0.025,118.0
2026-10-03,wk inc covid hosp,0,2026-10-03,48,quantile,0.05,183.0
2026-10-03,wk inc covid hosp,0,2026-10-03,48,quantile,0.1,207.0
2026-10-03,wk inc covid hosp,0,2026-10-03,48,quantile,0.15,232.0
2026-10-03,wk inc covid hosp,0,2026-10-03,48,quantile,0.2,240.0
2026-10-03,wk inc covid hosp,0,2026-10-03,48,quantile,0.25,254.0
2026-10-03,wk inc covid hosp,0,2026-10-03,48,quantile,0.3,276.0
2026-10-03,wk inc covid hosp,0,2026-10-03,48,quantile,0.35,291.0
2026-10-03,wk inc covid hosp,0,2026-10-03,48,quantile,0.4,327.0
2026-10-03,wk inc covid hosp,0,2026-10-03,48,quantile,0.45,327.0
2026-10-03,wk inc covid hosp,0,2026-10-03,48,quantile,0.5,338.0
2026-10-03,wk inc covid hosp,0,2026-10-03,48,quantile,0.55,356.0
2026-10-03,wk inc covid hosp,0,2026-10-03,48,quantile,0.6,356.0
2026-10-03,wk inc covid hosp,0,2026-10-03,48,quantile,0.65,356.0
2026-10-03,wk inc covid hosp,0,2026-10-03,48,quantile,0.7,368.0
2026-10-03,wk inc covid hosp,0,2026-10-03,48,quantile,0.75,382.0
2026-10-03,wk inc covid hosp,0,2026-10-03,48,quantile,0.8,401.0
2026-10-03,wk inc covid hosp,0,2026-10-03,48,quantile,0.85,421.0
2026-10-03,wk inc covid hosp,0,2026-10-03,48,quantile,0.9,422.0
2026-10-03,wk inc covid hosp,0,2026-10-03,48,quantile,0.95,492.0
2026-10-03,wk inc covid hosp,0,2026-10-03,48,quantile,0.975,561.0
2026-10-03,wk inc covid hosp,0,2026-10-03,48,quantile,0.99,702.0
2026-10-03,wk inc covid hosp,0,2026-10-03,49,quantile,0.01,3.0
2026-10-03,wk inc covid hosp,0,2026-10-03,49,quantile,0.025,4.0
2026-10-03,wk inc covid hosp,0,2026-10-03,49,quantile,0.05,5.0
2026-10-03,wk inc covid hosp,0,2026-10-03,49,quantile,0.1,9.0
2026-10-03,wk inc covid hosp,0,2026-10-03,49,quantile,0.15,11.0
2026-10-03,wk inc covid hosp,0,2026-10-03,49,quantile,0.2,12.0
2026-10-03,wk inc covid hosp,0,2026-10-03,49,quantile,0.25,13.0
2026-10-03,wk inc covid hosp,0,2026-10-03,49,quantile,0.3,14.0
2026-10-03,wk inc covid hosp,0,2026-10-03,49,quantile,0.35,14.0
2026-10-03,wk inc covid hosp,0,2026-10-03,49,quantile,0.4,15.0
2026-10-03,wk inc covid hosp,0,2026-10-03,49,quantile,0.45,17.0
2026-10-03,wk inc covid hosp,0,2026-10-03,49,quantile,0.5,18.0
2026-10-03,wk inc covid hosp,0,2026-10-03,49,quantile,0.55,18.0
2026-10-03,wk inc covid hosp,0,2026-10-03,49,quantile,0.6,18.0
2026-10-03,wk inc covid hosp,0,2026-10-03,49,quantile,0.65,19.0
2026-10-03,wk inc covid hosp,0,2026-10-03,49,quantile,0.7,21.0
2026-10-03,wk inc covid hosp,0,2026-10-03,49,quantile,0.75,21.0
2026-10-03,wk inc covid hosp,0,2026-10-03,49,quantile,0.8,22.0
2026-10-03,wk inc covid hosp,0,2026-10-03,49,quantile,0.85,25.0
2026-10-03,wk inc covid hosp,0,2026-10-03,49,quantile,0.9,27.0
2026-10-03,wk inc covid hosp,0,2026-10-03,49,quantile,0.95,34.0
2026-10-03,wk inc covid hosp,0,2026-10-03,49,quantile,0.975,41.0
2026-10-03,wk inc covid hosp,0,2026-10-03,49,quantile,0.99,67.0
2026-10-03,wk inc covid hosp,0,2026-10-03,50,quantile,0.01,0.0
2026-10-03,wk inc covid hosp,0,2026-10-03,50,quantile,0.025,1.0
2026-10-03,wk inc covid hosp,0,2026-10-03,50,quantile,0.05,1.0
2026-10-03,wk inc covid hosp,0,2026-10-03,50,quantile,0.1,1.0
2026-10-03,wk inc covid hosp,0,2026-10-03,50,quantile,0.15,1.0
2026-10-03,wk inc covid hosp,0,2026-10-03,50,quantile,0.2,3.0
2026-10-03,wk inc covid hosp,0,2026-10-03,50,quantile,0.25,3.0
2026-10-03,wk inc covid hosp,0,2026-10-03,50,quantile,0.3,3.0
2026-10-03,wk inc covid hosp,0,2026-10-03,50,quantile,0.35,4.0
2026-10-03,wk inc covid hosp,0,2026-10-03,50,quantile,0.4,5.0
2026-10-03,wk inc covid hosp,0,2026-10-03,50,quantile,0.45,5.0
2026-10-03,wk inc covid hosp,0,2026-10-03,50,quantile,0.5,6.0
2026-10-03,wk inc covid hosp,0,2026-10-03,50,quantile,0.55,6.0
2026-10-03,wk inc covid hosp,0,2026-10-03,50,quantile,0.6,7.0
2026-10-03,wk inc covid hosp,0,2026-10-03,50,quantile,0.65,8.0
2026-10-03,wk inc covid hosp,0,2026-10-03,50,quantile,0.7,8.0
2026-10-03,wk inc covid hosp,0,2026-10-03,50,quantile,0.75,8.0
2026-10-03,wk inc covid hosp,0,2026-10-03,50,quantile,0.8,9.0
2026-10-03,wk inc covid hosp,0,2026-10-03,50,quantile,0.85,10.0
2026-10-03,wk inc covid hosp,0,2026-10-03,50,quantile,0.9,12.0
2026-10-03,wk inc covid hosp,0,2026-10-03,50,quantile,0.95,12.0
2026-10-03,wk inc covid hosp,0,2026-10-03,50,quantile,0.975,12.0
2026-10-03,wk inc covid hosp,0,2026-10-03,50,quantile,0.99,16.0
2026-10-03,wk inc covid hosp,0,2026-10-03,51,quantile,0.01,10.0
2026-10-03,wk inc covid hosp,0,2026-10-03,51,quantile,0.025,17.0
2026-10-03,wk inc covid hosp,0,2026-10-03,51,quantile,0.05,17.0
2026-10-03,wk inc covid hosp,0,2026-10-03,51,quantile,0.1,31.0
2026-10-03,wk inc covid hosp,0,2026-10-03,51,quantile,0.15,34.0
2026-10-03,wk inc covid hosp,0,2026-10-03,51,quantile,0.2,36.0
2026-10-03,wk inc covid hosp,0,2026-10-03,51,quantile,0.25,36.0
2026-10-03,wk inc covid hosp,0,2026-10-03,51,quantile,0.3,36.0
2026-10-03,wk inc covid hosp,0,2026-10-03,51,quantile,0.35,36.0
2026-10-03,wk inc covid hosp,0,2026-10-03,51,quantile,0.4,38.0
2026-10-03,wk inc covid hosp,0,2026-10-03,51,quantile,0.45,41.0
2026-10-03,wk inc covid hosp,0,2026-10-03,51,quantile,0.5,45.0
2026-10-03,wk inc covid hosp,0,2026-10-03,51,quantile,0.55,45.0
2026-10-03,wk inc covid hosp,0,2026-10-03,51,quantile,0.6,45.0
2026-10-03,wk inc covid hosp,0,2026-10-03,51,quantile,0.65,47.0
2026-10-03,wk inc covid hosp,0,2026-10-03,51,quantile,0.7,50.0
2026-10-03,wk inc covid hosp,0,2026-10-03,51,quantile,0.75,52.0
2026-10-03,wk inc covid hosp,0,2026-10-03,51,quantile,0.8,55.0
2026-10-03,wk inc covid hosp,0,2026-10-03,51,quantile,0.85,62.0
2026-10-03,wk inc covid hosp,0,2026-10-03,51,quantile,0.9,65.0
2026-10-03,wk inc covid hosp,0,2026-10-03,51,quantile,0.95,82.0
2026-10-03,wk inc covid hosp,0,2026-10-03,51,quantile,0.975,103.0
2026-10-03,wk inc covid hosp,0,2026-10-03,51,quantile,0.99,179.0
2026-10-03,wk inc covid hosp,0,2026-10-03,53,quantile,0.01,44.0
2026-10-03,wk inc covid hosp,0,2026-10-03,53,quantile,0.025,44.0
2026-10-03,wk inc covid hosp,0,2026-10-03,53,quantile,0.05,72.0
2026-10-03,wk inc covid hosp,0,2026-10-03,53,quantile,0.1,90.0
2026-10-03,wk inc covid hosp,0,2026-10-03,53,quantile,0.15,90.0
2026-10-03,wk inc covid hosp,0,2026-10-03,53,quantile,0.2,106.0
2026-10-03,wk inc covid hosp,0,2026-10-03,53,quantile,0.25,110.0
2026-10-03,wk inc covid hosp,0,2026-10-03,53,quantile,0.3,120.0
2026-10-03,wk inc covid hosp,0,2026-10-03,53,quantile,0.35,135.0
2026-10-03,wk inc covid hosp,0,2026-10-03,53,quantile,0.4,155.0
2026-10-03,wk inc covid hosp,0,2026-10-03,53,quantile,0.45,155.0
2026-10-03,wk inc covid hosp,0,2026-10-03,53,quantile,0.5,155.0
2026-10-03,wk inc covid hosp,0,2026-10-03,53,quantile,0.55,157.0
2026-10-03,wk inc covid hosp,0,2026-10-03,53,quantile,0.6,158.0
2026-10-03,wk inc covid hosp,0,2026-10-03,53,quantile,0.65,167.0
2026-10-03,wk inc covid hosp,0,2026-10-03,53,quantile,0.7,168.0
2026-10-03,wk inc covid hosp,0,2026-10-03,53,quantile,0.75,174.0
2026-10-03,wk inc covid hosp,0,2026-10-03,53,quantile,0.8,181.0
2026-10-03,wk inc covid hosp,0,2026-10-03,53,quantile,0.85,191.0
2026-10-03,wk inc covid hosp,0,2026-10-03,53,quantile,0.9,213.0
2026-10-03,wk inc covid hosp,0,2026-10-03,53,quantile,0.95,217.0
2026-10-03,wk inc covid hosp,0,2026-10-03,53,quantile,0.975,228.0
2026-10-03,wk inc covid hosp,0,2026-10-03,53,quantile,0.99,275.0
2026-10-03,wk inc covid hosp,0,2026-10-03,54,quantile,0.01,5.0
2026-10-03,wk inc covid hosp,0,2026-10-03,54,quantile,0.025,5.0
2026-10-03,wk inc covid hosp,0,2026-10-03,54,quantile,0.05,6.0
2026-10-03,wk inc covid hosp,0,2026-10-03,54,quantile,0.1,6.0
2026-10-03,wk inc covid hosp,0,2026-10-03,54,quantile,0.15,8.0
2026-10-03,wk inc covid hosp,0,2026-10-03,54,quantile,0.2,8.0
2026-10-03,wk inc covid hosp,0,2026-10-03,54,quantile,0.25,11.0
2026-10-03,wk inc covid hosp,0,2026-10-03,54,quantile,0.3,11.0
2026-10-03,wk inc covid hosp,0,2026-10-03,54,quantile,0.35,13.0
2026-10-03,wk inc covid hosp,0,2026-10-03,54,quantile,0.4,14.0
2026-10-03,wk inc covid hosp,0,2026-10-03,54,quantile,0.45,16.0
2026-10-03,wk inc covid hosp,0,2026-10-03,54,quantile,0.5,17.0
2026-10-03,wk inc covid hosp,0,2026-10-03,54,quantile,0.55,18.0
2026-10-03,wk inc covid hosp,0,2026-10-03,54,quantile,0.6,19.0
2026-10-03,wk inc covid hosp,0,2026-10-03,54,quantile,0.65,20.0
2026-10-03,wk inc covid hosp,0,2026-10-03,54,quantile,0.7,22.0
2026-10-03,wk inc covid hosp,0,2026-10-03,54,quantile,0.75,22.0
2026-10-03,wk inc covid hosp,0,2026-10-03,54,quantile,0.8,24.0
2026-10-03,wk inc covid hosp,0,2026-10-03,54,quantile,0.85,27.0
2026-10-03,wk inc covid hosp,0,2026-10-03,54,quantile,0.9,30.0
2026-10-03,wk inc covid hosp,0,2026-10-03,54,quantile,0.95,33.0
2026-10-03,wk inc covid hosp,0,2026-10-03,54,quantile,0.975,36.0
2026-10-03,wk inc covid hosp,0,2026-10-03,54,quantile,0.99,43.0
2026-10-03,wk inc covid hosp,0,2026-10-03,55,quantile,0.01,5.0
2026-10-03,wk inc covid hosp,0,2026-10-03,55,quantile,0.025,10.0
2026-10-03,wk inc covid hosp,0,2026-10-03,55,quantile,0.05,10.0
2026-10-03,wk inc covid hosp,0,2026-10-03,55,quantile,0.1,17.0
2026-10-03,wk inc covid hosp,0,2026-10-03,55,quantile,0.15,19.0
2026-10-03,wk inc covid hosp,0,2026-10-03,55,quantile,0.2,19.0
2026-10-03,wk inc covid hosp,0,2026-10-03,55,quantile,0.25,21.0
2026-10-03,wk inc covid hosp,0,2026-10-03,55,quantile,0.3,21.0
2026-10-03,wk inc covid hosp,0,2026-10-03,55,quantile,0.35,22.0
2026-10-03,wk inc covid hosp,0,2026-10-03,55,quantile,0.4,22.0
2026-10-03,wk inc covid hosp,0,2026-10-03,55,quantile,0.45,25.0
2026-10-03,wk inc covid hosp,0,2026-10-03,55,quantile,0.5,29.0
2026-10-03,wk inc covid hosp,0,2026-10-03,55,quantile,0.55,29.0
2026-10-03,wk inc covid hosp,0,2026-10-03,55,quantile,0.6,31.0
2026-10-03,wk inc covid hosp,0,2026-10-03,55,quantile,0.65,33.0
2026-10-03,wk inc covid hosp,0,2026-10-03,55,quantile,0.7,33.0
2026-10-03,wk inc covid hosp,0,2026-10-03,55,quantile,0.75,33.0
2026-10-03,wk inc covid hosp,0,2026-10-03,55,quantile,0.8,34.0
2026-10-03,wk inc covid hosp,0,2026-10-03,55,quantile,0.85,39.0
2026-10-03,wk inc covid hosp,0,2026-10-03,55,quantile,0.9,40.0
2026-10-03,wk inc covid hosp,0,2026-10-03,55,quantile,0.95,51.0
2026-10-03,wk inc covid hosp,0,2026-10-03,55,quantile,0.975,67.0
2026-10-03,wk inc covid hosp,0,2026-10-03,55,quantile,0.99,124.0
2026-10-03,wk inc covid hosp,0,2026-10-03,56,quantile,0.01,0.0
2026-10-03,wk inc covid hosp,0,2026-10-03,56,quantile,0.025,0.0
2026-10-03,wk inc covid hosp,0,2026-10-03,56,quantile,0.05,0.0
2026-10-03,wk inc covid hosp,0,2026-10-03,56,quantile,0.1,0.0
2026-10-03,wk inc covid hosp,0,2026-10-03,56,quantile,0.15,1.0
2026-10-03,wk inc covid hosp,0,2026-10-03,56,quantile,0.2,1.0
2026-10-03,wk inc covid hosp,0,2026-10-03,56,quantile,0.25,1.0
2026-10-03,wk inc covid hosp,0,2026-10-03,56,quantile,0.3,2.0
2026-10-03,wk inc covid hosp,0,2026-10-03,56,quantile,0.35,2.0
2026-10-03,wk inc covid hosp,0,2026-10-03,56,quantile,0.4,2.0
2026-10-03,wk inc covid hosp,0,2026-10-03,56,quantile,0.45,3.0
2026-10-03,wk inc covid hosp,0,2026-10-03,56,quantile,0.5,3.0
2026-10-03,wk inc covid hosp,0,2026-10-03,56,quantile,0.55,3.0
2026-10-03,wk inc covid hosp,0,2026-10-03,56,quantile,0.6,4.0
2026-10-03,wk inc covid hosp,0,2026-10-03,56,quantile,0.65,4.0
2026-10-03,wk inc covid hosp,0,2026-10-03,56,quantile,0.7,4.0
2026-10-03,wk inc covid hosp,0,2026-10-03,56,quantile,0.75,5.0
2026-10-03,wk inc covid hosp,0,2026-10-03,56,quantile,0.8,5.0
2026-10-03,wk inc covid hosp,0,2026-10-03,56,quantile,0.85,5.0
2026-10-03,wk inc covid hosp,0,2026-10-03,56,quantile,0.9,5.0
2026-10-03,wk inc covid hosp,0,2026-10-03,56,quantile,0.95,6.0
2026-10-03,wk inc covid hosp,0,2026-10-03,56,quantile,0.975,8.0
2026-10-03,wk inc covid hosp,0,2026-10-03,56,quantile,0.99,13.0
2026-10-03,wk inc covid hosp,0,2026-10-03,72,quantile,0.01,12.0
2026-10-03,wk inc covid hosp,0,2026-10-03,72,quantile,0.025,21.0
2026-10-03,wk inc covid hosp,0,2026-10-03,72,quantile,0.05,42.0
2026-10-03,wk inc covid hosp,0,2026-10-03,72,quantile,0.1,45.0
2026-10-03,wk inc covid hosp,0,2026-10-03,72,quantile,0.15,45.0
2026-10-03,wk inc covid hosp,0,2026-10-03,72,quantile,0.2,54.0
2026-10-03,wk inc covid hosp,0,2026-10-03,72,quantile,0.25,61.0
2026-10-03,wk inc covid hosp,0,2026-10-03,72,quantile,0.3,63.0
2026-10-03,wk inc covid hosp,0,2026-10-03,72,quantile,0.35,72.0
2026-10-03,wk inc covid hosp,0,2026-10-03,72,quantile,0.4,76.0
2026-10-03,wk inc covid hosp,0,2026-10-03,72,quantile,0.45,82.0
2026-10-03,wk inc covid hosp,0,2026-10-03,72,quantile,0.5,82.0
2026-10-03,wk inc covid hosp,0,2026-10-03,72,quantile,0.55,87.0
2026-10-03,wk inc covid hosp,0,2026-10-03,72,quantile,0.6,89.0
2026-10-03,wk inc covid hosp,0,2026-10-03,72,quantile,0.65,98.0
2026-10-03,wk inc covid hosp,0,2026-10-03,72,quantile,0.7,101.0
2026-10-03,wk inc covid hosp,0,2026-10-03,72,quantile,0.75,106.0
2026-10-03,wk inc covid hosp,0,2026-10-03,72,quantile,0.8,106.0
2026-10-03,wk inc covid hosp,0,2026-10-03,72,quantile,0.85,116.0
2026-10-03,wk inc covid hosp,0,2026-10-03,72,quantile,0.9,122.0
2026-10-03,wk inc covid hosp,0,2026-10-03,72,quantile,0.95,135.0
2026-10-03,wk inc covid hosp,0,2026-10-03,72,quantile,0.975,140.0
2026-10-03,wk inc covid hosp,0,2026-10-03,72,quantile,0.99,170.0
2026-10-03,wk inc covid hosp,1,2026-10-10,01,quantile,0.01,19.0
2026-10-03,wk inc covid hosp,1,2026-10-10,01,quantile,0.025,21.0
2026-10-03,wk inc covid hosp,1,2026-10-10,01,quantile,0.05,27.0
2026-10-03,wk inc covid hosp,1,2026-10-10,01,quantile,0.1,38.0
2026-10-03,wk inc covid hosp,1,2026-10-10,01,quantile,0.15,44.0
2026-10-03,wk inc covid hosp,1,2026-10-10,01,quantile,0.2,44.0
2026-10-03,wk inc covid hosp,1,2026-10-10,01,quantile,0.25,49.0
2026-10-03,wk inc covid hosp,1,2026-10-10,01,quantile,0.3,54.0
2026-10-03,wk inc covid hosp,1,2026-10-10,01,quantile,0.35,58.0
2026-10-03,wk inc covid hosp,1,2026-10-10,01,quantile,0.4,61.0
2026-10-03,wk inc covid hosp,1,2026-10-10,01,quantile,0.45,65.0
2026-10-03,wk inc covid hosp,1,2026-10-10,01,quantile,0.5,71.0
2026-10-03,wk inc covid hosp,1,2026-10-10,01,quantile,0.55,75.0
2026-10-03,wk inc covid hosp,1,2026-10-10,01,quantile,0.6,75.0
2026-10-03,wk inc covid hosp,1,2026-10-10,01,quantile,0.65,76.0
2026-10-03,wk inc covid hosp,1,2026-10-10,01,quantile,0.7,78.0
2026-10-03,wk inc covid hosp,1,2026-10-10,01,quantile,0.75,82.0
2026-10-03,wk inc covid hosp,1,2026-10-10,01,quantile,0.8,84.0
2026-10-03,wk inc covid hosp,1,2026-10-10,01,quantile,0.85,84.0
2026-10-03,wk inc covid hosp,1,2026-10-10,01,quantile,0.9,89.0
2026-10-03,wk inc covid hosp,1,2026-10-10,01,quantile,0.95,103.0
2026-10-03,wk inc covid hosp,1,2026-10-10,01,quantile,0.975,115.0
2026-10-03,wk inc covid hosp,1,2026-10-10,01,quantile,0.99,131.0
2026-10-03,wk inc covid hosp,1,2026-10-10,02,quantile,0.01,0.0
2026-10-03,wk inc covid hosp,1,2026-10-10,02,quantile,0.025,0.0
2026-10-03,wk inc covid hosp,1,2026-10-10,02,quantile,0.05,0.0
2026-10-03,wk inc covid hosp,1,2026-10-10,02,quantile,0.1,0.0
2026-10-03,wk inc covid hosp,1,2026-10-10,02,quantile,0.15,0.0
2026-10-03,wk inc covid hosp,1,2026-10-10,02,quantile,0.2,0.0
2026-10-03,wk inc covid hosp,1,2026-10-10,02,quantile,0.25,1.0
2026-10-03,wk inc covid hosp,1,2026-10-10,02,quantile,0.3,2.0
2026-10-03,wk inc covid hosp,1,2026-10-10,02,quantile,0.35,2.0
2026-10-03,wk inc covid hosp,1,2026-10-10,02,quantile,0.4,2.0
2026-10-03,wk inc covid hosp,1,2026-10-10,02,quantile,0.45,2.0
2026-10-03,wk inc covid hosp,1,2026-10-10,02,quantile,0.5,2.0
2026-10-03,wk inc covid hosp,1,2026-10-10,02,quantile,0.55,3.0
2026-10-03,wk inc covid hosp,1,2026-10-10,02,quantile,0.6,3.0
2026-10-03,wk inc covid hosp,1,2026-10-10,02,quantile,0.65,3.0
2026-10-03,wk inc covid hosp,1,2026-10-10,02,quantile,0.7,4.0
2026-10-03,wk inc covid hosp,1,2026-10-10,02,quantile,0.75,4.0
2026-10-03,wk inc covid hosp,1,2026-10-10,02,quantile,0.8,5.0
2026-10-03,wk inc covid hosp,1,2026-10-10,02,quantile,0.85,6.0
2026-10-03,wk inc covid hosp,1,2026-10-10,02,quantile,0.9,6.0
2026-10-03,wk inc covid hosp,1,2026-10-10,02,quantile,0.95,7.0
2026-10-03,wk inc covid hosp,1,2026-10-10,02,quantile,0.975,9.0
2026-10-03,wk inc covid hosp,1,2026-10-10,02,quantile,0.99,15.0
2026-10-03,wk inc covid hosp,1,2026-10-10,04,quantile,0.01,26.0
2026-10-03,wk inc covid hosp,1,2026-10-10,04,quantile,0.025,26.0
2026-10-03,wk inc covid hosp,1,2026-10-10,04,quantile,0.05,26.0
2026-10-03,wk inc covid hosp,1,2026-10-10,04,quantile,0.1,26.0
2026-10-03,wk inc covid hosp,1,2026-10-10,04,quantile,0.15,35.0
2026-10-03,wk inc covid hosp,1,2026-10-10,04,quantile,0.2,40.0
2026-10-03,wk inc covid hosp,1,2026-10-10,04,quantile,0.25,43.0
2026-10-03,wk inc covid hosp,1,2026-10-10,04,quantile,0.3,48.0
2026-10-03,wk inc covid hosp,1,2026-10-10,04,quantile,0.35,48.0
2026-10-03,wk inc covid hosp,1,2026-10-10,04,quantile,0.4,50.0
2026-10-03,wk inc covid hosp,1,2026-10-10,04,quantile,0.45,52.0
2026-10-03,wk inc covid hosp,1,2026-10-10,04,quantile,0.5,56.0
2026-10-03,wk inc covid hosp,1,2026-10-10,04,quantile,0.55,60.0
2026-10-03,wk inc covid hosp,1,2026-10-10,04,quantile,0.6,61.0
2026-10-03,wk inc covid hosp,1,2026-10-10,04,quantile,0.65,66.0
2026-10-03,wk inc covid hosp,1,2026-10-10,04,quantile,0.7,66.0
2026-10-03,wk inc covid hosp,1,2026-10-10,04,quantile,0.75,68.0
2026-10-03,wk inc covid hosp,1,2026-10-10,04,quantile,0.8,73.0
2026-10-03,wk inc covid hosp,1,2026-10-10,04,quantile,0.85,76.0
2026-10-03,wk inc covid hosp,1,2026-10-10,04,quantile,0.9,76.0
2026-10-03,wk inc covid hosp,1,2026-10-10,04,quantile,0.95,92.0
2026-10-03,wk inc covid hosp,1,2026-10-10,04,quantile,0.975,119.0
2026-10-03,wk inc covid hosp,1,2026-10-10,04,quantile,0.99,185.0
2026-10-03,wk inc covid hosp,1,2026-10-10,05,quantile,0.01,3.0
2026-10-03,wk inc covid hosp,1,2026-10-10,05,quantile,0.025,4.0
2026-10-03,wk inc covid hosp,1,2026-10-10,05,quantile,0.05,4.0
2026-10-03,wk inc covid hosp,1,2026-10-10,05,quantile,0.1,8.0
2026-10-03,wk inc covid hosp,1,2026-10-10,05,quantile,0.15,10.0
2026-10-03,wk inc covid hosp,1,2026-10-10,05,quantile,0.2,11.0
2026-10-03,wk inc covid hosp,1,2026-10-10,05,quantile,0.25,12.0
2026-10-03,wk inc covid hosp,1,2026-10-10,05,quantile,0.3,12.0
2026-10-03,wk inc covid hosp,1,2026-10-10,05,quantile,0.35,14.0
2026-10-03,wk inc covid hosp,1,2026-10-10,05,quantile,0.4,14.0
2026-10-03,wk inc covid hosp,1,2026-10-10,05,quantile,0.45,15.0
2026-10-03,wk inc covid hosp,1,2026-10-10,05,quantile,0.5,16.0
2026-10-03,wk inc covid hosp,1,2026-10-10,05,quantile,0.55,18.0
2026-10-03,wk inc covid hosp,1,2026-10-10,05,quantile,0.6,18.0
2026-10-03,wk inc covid hosp,1,2026-10-10,05,quantile,0.65,19.0
2026-10-03,wk inc covid hosp,1,2026-10-10,05,quantile,0.7,20.0
2026-10-03,wk inc covid hosp,1,2026-10-10,05,quantile,0.75,21.0
2026-10-03,wk inc covid hosp,1,2026-10-10,05,quantile,0.8,22.0
2026-10-03,wk inc covid hosp,1,2026-10-10,05,quantile,0.85,24.0
2026-10-03,wk inc covid hosp,1,2026-10-10,05,quantile,0.9,27.0
2026-10-03,wk inc covid hosp,1,2026-10-10,05,quantile,0.95,35.0
2026-10-03,wk inc covid hosp,1,2026-10-10,05,quantile,0.975,42.0
2026-10-03,wk inc covid hosp,1,2026-10-10,05,quantile,0.99,65.0
2026-10-03,wk inc covid hosp,1,2026-10-10,06,quantile,0.01,250.0
2026-10-03,wk inc covid hosp,1,2026-10-10,06,quantile,0.025,250.0
2026-10-03,wk inc covid hosp,1,2026-10-10,06,quantile,0.05,344.0
2026-10-03,wk inc covid hosp,1,2026-10-10,06,quantile,0.1,522.0
2026-10-03,wk inc covid hosp,1,2026-10-10,06,quantile,0.15,533.0
2026-10-03,wk inc covid hosp,1,2026-10-10,06,quantile,0.2,533.0
2026-10-03,wk inc covid hosp,1,2026-10-10,06,quantile,0.25,599.0
2026-10-03,wk inc covid hosp,1,2026-10-10,06,quantile,0.3,631.0
2026-10-03,wk inc covid hosp,1,2026-10-10,06,quantile,0.35,670.0
2026-10-03,wk inc covid hosp,1,2026-10-10,06,quantile,0.4,734.0
2026-10-03,wk inc covid hosp,1,2026-10-10,06,quantile,0.45,753.0
2026-10-03,wk inc covid hosp,1,2026-10-10,06,quantile,0.5,776.0
2026-10-03,wk inc covid hosp,1,2026-10-10,06,quantile,0.55,804.0
2026-10-03,wk inc covid hosp,1,2026-10-10,06,quantile,0.6,804.0
2026-10-03,wk inc covid hosp,1,2026-10-10,06,quantile,0.65,807.0
2026-10-03,wk inc covid hosp,1,2026-10-10,06,quantile,0.7,807.0
2026-10-03,wk inc covid hosp,1,2026-10-10,06,quantile,0.75,807.0
2026-10-03,wk inc covid hosp,1,2026-10-10,06,quantile,0.8,825.0
2026-10-03,wk inc covid hosp,1,2026-10-10,06,quantile,0.85,846.0
2026-10-03,wk inc covid hosp,1,2026-10-10,06,quantile,0.9,865.0
2026-10-03,wk inc covid hosp,1,2026-10-10,06,quantile,0.95,985.0
2026-10-03,wk inc covid hosp,1,2026-10-10,06,quantile,0.975,1066.0
2026-10-03,wk inc covid hosp,1,2026-10-10,06,quantile,0.99,1297.0
2026-10-03,wk inc covid hosp,1,2026-10-10,08,quantile,0.01,6.0
2026-10-03,wk inc covid hosp,1,2026-10-10,08,quantile,0.025,10.0
2026-10-03,wk inc covid hosp,1,2026-10-10,08,quantile,0.05,10.0
2026-10-03,wk inc covid hosp,1,2026-10-10,08,quantile,0.1,16.0
2026-10-03,wk inc covid hosp,1,2026-10-10,08,quantile,0.15,19.0
2026-10-03,wk inc covid hosp,1,2026-10-10,08,quantile,0.2,23.0
2026-10-03,wk inc covid hosp,1,2026-10-10,08,quantile,0.25,25.0
2026-10-03,wk inc covid hosp,1,2026-10-10,08,quantile,0.3,27.0
2026-10-03,wk inc covid hosp,1,2026-10-10,08,quantile,0.35,27.0
2026-10-03,wk inc covid hosp,1,2026-10-10,08,quantile,0.4,27.0
2026-10-03,wk inc covid hosp,1,2026-10-10,08,quantile,0.45,27.0
2026-10-03,wk inc covid hosp,1,2026-10-10,08,quantile,0.5,31.0
2026-10-03,wk inc covid hosp,1,2026-10-10,08,quantile,0.55,32.0
2026-10-03,wk inc covid hosp,1,2026-10-10,08,quantile,0.6,32.0
2026-10-03,wk inc covid hosp,1,2026-10-10,08,quantile,0.65,33.0
2026-10-03,wk inc covid hosp,1,2026-10-10,08,quantile,0.7,37.0
2026-10-03,wk inc covid hosp,1,2026-10-10,08,quantile,0.75,38.0
2026-10-03,wk inc covid hosp,1,2026-10-10,08,quantile,0.8,40.0
2026-10-03,wk inc covid hosp,1,2026-10-10,08,quantile,0.85,47.0
2026-10-03,wk inc covid hosp,1,2026-10-10,08,quantile,0.9,52.0
2026-10-03,wk inc covid hosp,1,2026-10-10,08,quantile,0.95,71.0
2026-10-03,wk inc covid hosp,1,2026-10-10,08,quantile,0.975,75.0
2026-10-03,wk inc covid hosp,1,2026-10-10,08,quantile,0.99,120.0
2026-10-03,wk inc covid hosp,1,2026-10-10,09,quantile,0.01,3.0
2026-10-03,wk inc covid hosp,1,2026-10-10,09,quantile,0.025,8.0
2026-10-03,wk inc covid hosp,1,2026-10-10,09,quantile,0.05,8.0
2026-10-03,wk inc covid hosp,1,2026-10-10,09,quantile,0.1,10.0
2026-10-03,wk inc covid hosp,1,2026-10-10,09,quantile,0.15,13.0
2026-10-03,wk inc covid hosp,1,2026-10-10,09,quantile,0.2,16.0
2026-10-03,wk inc covid hosp,1,2026-10-10,09,quantile,0.25,19.0
2026-10-03,wk inc covid hosp,1,2026-10-10,09,quantile,0.3,21.0
2026-10-03,wk inc covid hosp,1,2026-10-10,09,quantile,0.35,21.0
2026-10-03,wk inc covid hosp,1,2026-10-10,09,quantile,0.4,21.0
2026-10-03,wk inc covid hosp,1,2026-10-10,09,quantile,0.45,23.0
2026-10-03,wk inc covid hosp,1,2026-10-10,09,quantile,0.5,23.0
2026-10-03,wk inc covid hosp,1,2026-10-10,09,quantile,0.55,26.0
2026-10-03,wk inc covid hosp,1,2026-10-10,09,quantile,0.6,27.0
2026-10-03,wk inc covid hosp,1,2026-10-10,09,quantile,0.65,29.0
2026-10-03,wk inc covid hosp,1,2026-10-10,09,quantile,0.7,30.0
2026-10-03,wk inc covid hosp,1,2026-10-10,09,quantile,0.75,32.0
2026-10-03,wk inc covid hosp,1,2026-10-10,09,quantile,0.8,34.0
2026-10-03,wk inc covid hosp,1,2026-10-10,09,quantile,0.85,37.0
2026-10-03,wk inc covid hosp,1,2026-10-10,09,quantile,0.9,40.0
2026-10-03,wk inc covid hosp,1,2026-10-10,09,quantile,0.95,46.0
2026-10-03,wk inc covid hosp,1,2026-10-10,09,quantile,0.975,51.0
2026-10-03,wk inc covid hosp,1,2026-10-10,09,quantile,0.99,75.0
2026-10-03,wk inc covid hosp,1,2026-10-10,10,quantile,0.01,2.0
2026-10-03,wk inc covid hosp,1,2026-10-10,10,quantile,0.025,2.0
2026-10-03,wk inc covid hosp,1,2026-10-10,10,quantile,0.05,3.0
2026-10-03,wk inc covid hosp,1,2026-10-10,10,quantile,0.1,3.0
2026-10-03,wk inc covid hosp,1,2026-10-10,10,quantile,0.15,5.0
2026-10-03,wk inc covid hosp,1,2026-10-10,10,quantile,0.2,6.0
2026-10-03,wk inc covid hosp,1,2026-10-10,10,quantile,0.25,7.0
2026-10-03,wk inc covid hosp,1,2026-10-10,10,quantile,0.3,7.0
2026-10-03,wk inc covid hosp,1,2026-10-10,10,quantile,0.35,7.0
2026-10-03,wk inc covid hosp,1,2026-10-10,10,quantile,0.4,7.0
2026-10-03,wk inc covid hosp,1,2026-10-10,10,quantile,0.45,8.0
2026-10-03,wk inc covid hosp,1,2026-10-10,10,quantile,0.5,9.0
2026-10-03,wk inc covid hosp,1,2026-10-10,10,quantile,0.55,10.0
2026-10-03,wk inc covid hosp,1,2026-10-10,10,quantile,0.6,11.0
2026-10-03,wk inc covid hosp,1,2026-10-10,10,quantile,0.65,12.0
2026-10-03,wk inc covid hosp,1,2026-10-10,10,quantile,0.7,12.0
2026-10-03,wk inc covid hosp,1,2026-10-10,10,quantile,0.75,12.0
2026-10-03,wk inc covid hosp,1,2026-10-10,10,quantile,0.8,13.0
2026-10-03,wk inc covid hosp,1,2026-10-10,10,quantile,0.85,14.0
2026-10-03,wk inc covid hosp,1,2026-10-10,10,quantile,0.9,14.0
2026-10-03,wk inc covid hosp,1,2026-10-10,10,quantile,0.95,16.0
2026-10-03,wk inc covid hosp,1,2026-10-10,10,quantile,0.975,18.0
2026-10-03,wk inc covid hosp,1,2026-10-10,10,quantile,0.99,25.0
2026-10-03,wk inc covid hosp,1,2026-10-10,11,quantile,0.01,0.0
2026-10-03,wk inc covid hosp,1,2026-10-10,11,quantile,0.025,1.0
2026-10-03,wk inc covid hosp,1,2026-10-10,11,quantile,0.05,1.0
2026-10-03,wk inc covid hosp,1,2026-10-10,11,quantile,0.1,2.0
2026-10-03,wk inc covid hosp,1,2026-10-10,11,quantile,0.15,3.0
2026-10-03,wk inc covid hosp,1,2026-10-10,11,quantile,0.2,3.0
2026-10-03,wk inc covid hosp,1,2026-10-10,11,quantile,0.25,3.0
2026-10-03,wk inc covid hosp,1,2026-10-10,11,quantile,0.3,4.0
2026-10-03,wk inc covid hosp,1,2026-10-10,11,quantile,0.35,5.0
2026-10-03,wk inc covid hosp,1,2026-10-10,11,quantile,0.4,5.0
2026-10-03,wk inc covid hosp,1,2026-10-10,11,quantile,0.45,6.0
2026-10-03,wk inc covid hosp,1,2026-10-10,11,quantile,0.5,6.0
2026-10-03,wk inc covid hosp,1,2026-10-10,11,quantile,0.55,7.0
2026-10-03,wk inc covid hosp,1,2026-10-10,11,quantile,0.6,7.0
2026-10-03,wk inc covid hosp,1,2026-10-10,11,quantile,0.65,8.0
2026-10-03,wk inc covid hosp,1,2026-10-10,11,quantile,0.7,9.0
2026-10-03,wk inc covid hosp,1,2026-10-10,11,quantile,0.75,9.0
2026-10-03,wk inc covid hosp,1,2026-10-10,11,quantile,0.8,9.0
2026-10-03,wk inc covid hosp,1,2026-10-10,11,quantile,0.85,10.0
2026-10-03,wk inc covid hosp,1,2026-10-10,11,quantile,0.9,11.0
2026-10-03,wk inc covid hosp,1,2026-10-10,11,quantile,0.95,12.0
2026-10-03,wk inc covid hosp,1,2026-10-10,11,quantile,0.975,13.0
2026-10-03,wk inc covid hosp,1,2026-10-10,11,quantile,0.99,15.0
2026-10-03,wk inc covid hosp,1,2026-10-10,12,quantile,0.01,98.0
2026-10-03,wk inc covid hosp,1,2026-10-10,12,quantile,0.025,100.0
2026-10-03,wk inc covid hosp,1,2026-10-10,12,quantile,0.05,161.0
2026-10-03,wk inc covid hosp,1,2026-10-10,12,quantile,0.1,209.0
2026-10-03,wk inc covid hosp,1,2026-10-10,12,quantile,0.15,230.0
2026-10-03,wk inc covid hosp,1,2026-10-10,12,quantile,0.2,242.0
2026-10-03,wk inc covid hosp,1,2026-10-10,12,quantile,0.25,297.0
2026-10-03,wk inc covid hosp,1,2026-10-10,12,quantile,0.3,320.0
2026-10-03,wk inc covid hosp,1,2026-10-10,12,quantile,0.35,329.0
2026-10-03,wk inc covid hosp,1,2026-10-10,12,quantile,0.4,360.0
2026-10-03,wk inc covid hosp,1,2026-10-10,12,quantile,0.45,363.0
2026-10-03,wk inc covid hosp,1,2026-10-10,12,quantile,0.5,376.0
2026-10-03,wk inc covid hosp,1,2026-10-10,12,quantile,0.55,396.0
2026-10-03,wk inc covid hosp,1,2026-10-10,12,quantile,0.6,396.0
2026-10-03,wk inc covid hosp,1,2026-10-10,12,quantile,0.65,396.0
2026-10-03,wk inc covid hosp,1,2026-10-10,12,quantile,0.7,396.0
2026-10-03,wk inc covid hosp,1,2026-10-10,12,quantile,0.75,428.0
2026-10-03,wk inc covid hosp,1,2026-10-10,12,quantile,0.8,428.0
2026-10-03,wk inc covid hosp,1,2026-10-10,12,quantile,0.85,436.0
2026-10-03,wk inc covid hosp,1,2026-10-10,12,quantile,0.9,447.0
2026-10-03,wk inc covid hosp,1,2026-10-10,12,quantile,0.95,536.0
2026-10-03,wk inc covid hosp,1,2026-10-10,12,quantile,0.975,568.0
2026-10-03,wk inc covid hosp,1,2026-10-10,12,quantile,0.99,663.0
2026-10-03,wk inc covid hosp,1,2026-10-10,13,quantile,0.01,30.0
2026-10-03,wk inc covid hosp,1,2026-10-10,13,quantile,0.025,30.0
2026-10-03,wk inc covid hosp,1,2026-10-10,13,quantile,0.05,30.0
2026-10-03,wk inc covid hosp,1,2026-10-10,13,quantile,0.1,31.0
2026-10-03,wk inc covid hosp,1,2026-10-10,13,quantile,0.15,34.0
2026-10-03,wk inc covid hosp,1,2026-10-10,13,quantile,0.2,40.0
2026-10-03,wk inc covid hosp,1,2026-10-10,13,quantile,0.25,46.0
2026-10-03,wk inc covid hosp,1,2026-10-10,13,quantile,0.3,46.0
2026-10-03,wk inc covid hosp,1,2026-10-10,13,quantile,0.35,54.0
2026-10-03,wk inc covid hosp,1,2026-10-10,13,quantile,0.4,56.0
2026-10-03,wk inc covid hosp,1,2026-10-10,13,quantile,0.45,58.0
2026-10-03,wk inc covid hosp,1,2026-10-10,13,quantile,0.5,65.0
2026-10-03,wk inc covid hosp,1,2026-10-10,13,quantile,0.55,65.0
2026-10-03,wk inc covid hosp,1,2026-10-10,13,quantile,0.6,68.0
2026-10-03,wk inc covid hosp,1,2026-10-10,13,quantile,0.65,70.0
2026-10-03,wk inc covid hosp,1,2026-10-10,13,quantile,0.7,75.0
2026-10-03,wk inc covid hosp,1,2026-10-10,13,quantile,0.75,81.0
2026-10-03,wk inc covid hosp,1,2026-10-10,13,quantile,0.8,89.0
2026-10-03,wk inc covid hosp,1,2026-10-10,13,quantile,0.85,93.0
2026-10-03,wk inc covid hosp,1,2026-10-10,13,quantile,0.9,98.0
2026-10-03,wk inc covid hosp,1,2026-10-10,13,quantile,0.95,110.0
2026-10-03,wk inc covid hosp,1,2026-10-10,13,quantile,0.975,140.0
2026-10-03,wk inc covid hosp,1,2026-10-10,13,quantile,0.99,227.0
2026-10-03,wk inc covid hosp,1,2026-10-10,15,quantile,0.01,7.0
2026-10-03,wk inc covid hosp,1,2026-10-10,15,quantile,0.025,7.0
2026-10-03,wk inc covid hosp,1,2026-10-10,15,quantile,0.05,12.0
2026-10-03,wk inc covid hosp,1,2026-10-10,15,quantile,0.1,17.0
2026-10-03,wk inc covid hosp,1,2026-10-10,15,quantile,0.15,17.0
2026-10-03,wk inc covid hosp,1,2026-10-10,15,quantile,0.2,19.0
2026-10-03,wk inc covid hosp,1,2026-10-10,15,quantile,0.25,22.0
2026-10-03,wk inc covid hosp,1,2026-10-10,15,quantile,0.3,23.0
2026-10-03,wk inc covid hosp,1,2026-10-10,15,quantile,0.35,26.0
2026-10-03,wk inc covid hosp,1,2026-10-10,15,quantile,0.4,30.0
2026-10-03,wk inc covid hosp,1,2026-10-10,15,quantile,0.45,30.0
2026-10-03,wk inc covid hosp,1,2026-10-10,15,quantile,0.5,31.0
2026-10-03,wk inc covid hosp,1,2026-10-10,15,quantile,0.55,34.0
2026-10-03,wk inc covid hosp,1,2026-10-10,15,quantile,0.6,34.0
2026-10-03,wk inc covid hosp,1,2026-10-10,15,quantile,0.65,36.0
2026-10-03,wk inc covid hosp,1,2026-10-10,15,quantile,0.7,38.0
2026-10-03,wk inc covid hosp,1,2026-10-10,15,quantile,0.75,41.0
2026-10-03,wk inc covid hosp,1,2026-10-10,15,quantile,0.8,42.0
2026-10-03,wk inc covid hosp,1,2026-10-10,15,quantile,0.85,46.0
2026-10-03,wk inc covid hosp,1,2026-10-10,15,quantile,0.9,49.0
2026-10-03,wk inc covid hosp,1,2026-10-10,15,quantile,0.95,52.0
2026-10-03,wk inc covid hosp,1,2026-10-10,15,quantile,0.975,57.0
2026-10-03,wk inc covid hosp,1,2026-10-10,15,quantile,0.99,64.0
2026-10-03,wk inc covid hosp,1,2026-10-10,16,quantile,0.01,3.0
2026-10-03,wk inc covid hosp,1,2026-10-10,16,quantile,0.025,3.0
2026-10-03,wk inc covid hosp,1,2026-10-10,16,quantile,0.05,3.0
2026-10-03,wk inc covid hosp,1,2026-10-10,16,quantile,0.1,5.0
2026-10-03,wk inc covid hosp,1,2026-10-10,16,quantile,0.15,6.0
2026-10-03,wk inc covid hosp,1,2026-10-10,16,quantile,0.2,7.0
2026-10-03,wk inc covid hosp,1,2026-10-10,16,quantile,0.25,7.0
2026-10-03,wk inc covid hosp,1,2026-10-10,16,quantile,0.3,8.0
2026-10-03,wk inc covid hosp,1,2026-10-10,16,quantile,0.35,9.0
2026-10-03,wk inc covid hosp,1,2026-10-10,16,quantile,0.4,9.0
2026-10-03,wk inc covid hosp,1,2026-10-10,16,quantile,0.45,10.0
2026-10-03,wk inc covid hosp,1,2026-10-10,16,quantile,0.5,12.0
2026-10-03,wk inc covid hosp,1,2026-10-10,16,quantile,0.55,13.0
2026-10-03,wk inc covid hosp,1,2026-10-10,16,quantile,0.6,15.0
2026-10-03,wk inc covid hosp,1,2026-10-10,16,quantile,0.65,16.0
2026-10-03,wk inc covid hosp,1,2026-10-10,16,quantile,0.7,16.0
2026-10-03,wk inc covid hosp,1,2026-10-10,16,quantile,0.75,18.0
2026-10-03,wk inc covid hosp,1,2026-10-10,16,quantile,0.8,18.0
2026-10-03,wk inc covid hosp,1,2026-10-10,16,quantile,0.85,20.0
2026-10-03,wk inc covid hosp,1,2026-10-10,16,quantile,0.9,22.0
2026-10-03,wk inc covid hosp,1,2026-10-10,16,quantile,0.95,22.0
2026-10-03,wk inc covid hosp,1,2026-10-10,16,quantile,0.975,25.0
2026-10-03,wk inc covid hosp,1,2026-10-10,16,quantile,0.99,38.0
2026-10-03,wk inc covid hosp,1,2026-10-10,17,quantile,0.01,18.0
2026-10-03,wk inc covid hosp,1,2026-10-10,17,quantile,0.025,22.0
2026-10-03,wk inc covid hosp,1,2026-10-10,17,quantile,0.05,22.0
2026-10-03,wk inc covid hosp,1,2026-10-10,17,quantile,0.1,35.0
2026-10-03,wk inc covid hosp,1,2026-10-10,17,quantile,0.15,44.0
2026-10-03,wk inc covid hosp,1,2026-10-10,17,quantile,0.2,44.0
2026-10-03,wk inc covid hosp,1,2026-10-10,17,quantile,0.25,51.0
2026-10-03,wk inc covid hosp,1,2026-10-10,17,quantile,0.3,55.0
2026-10-03,wk inc covid hosp,1,2026-10-10,17,quantile,0.35,55.0
2026-10-03,wk inc covid hosp,1,2026-10-10,17,quantile,0.4,55.0
2026-10-03,wk inc covid hosp,1,2026-10-10,17,quantile,0.45,56.0
2026-10-03,wk inc covid hosp,1,2026-10-10,17,quantile,0.5,60.0
2026-10-03,wk inc covid hosp,1,2026-10-10,17,quantile,0.55,63.0
2026-10-03,wk inc covid hosp,1,2026-10-10,17,quantile,0.6,63.0
2026-10-03,wk inc covid hosp,1,2026-10-10,17,quantile,0.65,65.0
2026-10-03,wk inc covid hosp,1,2026-10-10,17,quantile,0.7,71.0
2026-10-03,wk inc covid hosp,1,2026-10-10,17,quantile,0.75,76.0
2026-10-03,wk inc covid hosp,1,2026-10-10,17,quantile,0.8,82.0
2026-10-03,wk inc covid hosp,1,2026-10-10,17,quantile,0.85,92.0
2026-10-03,wk inc covid hosp,1,2026-10-10,17,quantile,0.9,103.0
2026-10-03,wk inc covid hosp,1,2026-10-10,17,quantile,0.95,146.0
2026-10-03,wk inc covid hosp,1,2026-10-10,17,quantile,0.975,171.0
2026-10-03,wk inc covid hosp,1,2026-10-10,17,quantile,0.99,269.0
2026-10-03,wk inc covid hosp,1,2026-10-10,18,quantile,0.01,9.0
2026-10-03,wk inc covid hosp,1,2026-10-10,18,quantile,0.025,10.0
2026-10-03,wk inc covid hosp,1,2026-10-10,18,quantile,0.05,10.0
2026-10-03,wk inc covid hosp,1,2026-10-10,18,quantile,0.1,18.0
2026-10-03,wk inc covid hosp,1,2026-10-10,18,quantile,0.15,20.0
2026-10-03,wk inc covid hosp,1,2026-10-10,18,quantile,0.2,22.0
2026-10-03,wk inc covid hosp,1,2026-10-10,18,quantile,0.25,24.0
2026-10-03,wk inc covid hosp,1,2026-10-10,18,quantile,0.3,24.0
2026-10-03,wk inc covid hosp,1,2026-10-10,18,quantile,0.35,26.0
2026-10-03,wk inc covid hosp,1,2026-10-10,18,quantile,0.4,27.0
2026-10-03,wk inc covid hosp,1,2026-10-10,18,quantile,0.45,28.0
2026-10-03,wk inc covid hosp,1,2026-10-10,18,quantile,0.5,33.0
2026-10-03,wk inc covid hosp,1,2026-10-10,18,quantile,0.55,33.0
2026-10-03,wk inc covid hosp,1,2026-10-10,18,quantile,0.6,34.0
2026-10-03,wk inc covid hosp,1,2026-10-10,18,quantile,0.65,38.0
2026-10-03,wk inc covid hosp,1,2026-10-10,18,quantile,0.7,40.0
2026-10-03,wk inc covid hosp,1,2026-10-10,18,quantile,0.75,42.0
2026-10-03,wk inc covid hosp,1,2026-10-10,18,quantile,0.8,47.0
2026-10-03,wk inc covid hosp,1,2026-10-10,18,quantile,0.85,50.0
2026-10-03,wk inc covid hosp,1,2026-10-10,18,quantile,0.9,52.0
2026-10-03,wk inc covid hosp,1,2026-10-10,18,quantile,0.95,65.0
2026-10-03,wk inc covid hosp,1,2026-10-10,18,quantile,0.975,81.0
2026-10-03,wk inc covid hosp,1,2026-10-10,18,quantile,0.99,144.0
2026-10-03,wk inc covid hosp,1,2026-10-10,19,quantile,0.01,2.0
2026-10-03,wk inc covid hosp,1,2026-10-10,19,quantile,0.025,4.0
2026-10-03,wk inc covid hosp,1,2026-10-10,19,quantile,0.05,4.0
2026-10-03,wk inc covid hosp,1,2026-10-10,19,quantile,0.1,8.0
2026-10-03,wk inc covid hosp,1,2026-10-10,19,quantile,0.15,9.0
2026-10-03,wk inc covid hosp,1,2026-10-10,19,quantile,0.2,11.0
2026-10-03,wk inc covid hosp,1,2026-10-10,19,quantile,0.25,11.0
2026-10-03,wk inc covid hosp,1,2026-10-10,19,quantile,0.3,12.0
2026-10-03,wk inc covid hosp,1,2026-10-10,19,quantile,0.35,13.0
2026-10-03,wk inc covid hosp,1,2026-10-10,19,quantile,0.4,13.0
2026-10-03,wk inc covid hosp,1,2026-10-10,19,quantile,0.45,14.0
2026-10-03,wk inc covid hosp,1,2026-10-10,19,quantile,0.5,15.0
2026-10-03,wk inc covid hosp,1,2026-10-10,19,quantile,0.55,15.0
2026-10-03,wk inc covid hosp,1,2026-10-10,19,quantile,0.6,16.0
2026-10-03,wk inc covid hosp,1,2026-10-10,19,quantile,0.65,17.0
2026-10-03,wk inc covid hosp,1,2026-10-10,19,quantile,0.7,19.0
2026-10-03,wk inc covid hosp,1,2026-10-10,19,quantile,0.75,19.0
2026-10-03,wk inc covid hosp,1,2026-10-10,19,quantile,0.8,21.0
2026-10-03,wk inc covid hosp,1,2026-10-10,19,quantile,0.85,24.0
2026-10-03,wk inc covid hosp,1,2026-10-10,19,quantile,0.9,27.0
2026-10-03,wk inc covid hosp,1,2026-10-10,19,quantile,0.95,38.0
2026-10-03,wk inc covid hosp,1,2026-10-10,19,quantile,0.975,40.0
2026-10-03,wk inc covid hosp,1,2026-10-10,19,quantile,0.99,64.0
2026-10-03,wk inc covid hosp,1,2026-10-10,20,quantile,0.01,1.0
2026-10-03,wk inc covid hosp,1,2026-10-10,20,quantile,0.025,3.0
2026-10-03,wk inc covid hosp,1,2026-10-10,20,quantile,0.05,3.0
2026-10-03,wk inc covid hosp,1,2026-10-10,20,quantile,0.1,3.0
2026-10-03,wk inc covid hosp,1,2026-10-10,20,quantile,0.15,4.0
2026-10-03,wk inc covid hosp,1,2026-10-10,20,quantile,0.2,5.0
2026-10-03,wk inc covid hosp,1,2026-10-10,20,quantile,0.25,5.0
2026-10-03,wk inc covid hosp,1,2026-10-10,20,quantile,0.3,6.0
2026-10-03,wk inc covid hosp,1,2026-10-10,20,quantile,0.35,6.0
2026-10-03,wk inc covid hosp,1,2026-10-10,20,quantile,0.4,7.0
2026-10-03,wk inc covid hosp,1,2026-10-10,20,quantile,0.45,8.0
2026-10-03,wk inc covid hosp,1,2026-10-10,20,quantile,0.5,8.0
2026-10-03,wk inc covid hosp,1,2026-10-10,20,quantile,0.55,10.0
2026-10-03,wk inc covid hosp,1,2026-10-10,20,quantile,0.6,11.0
2026-10-03,wk inc covid hosp,1,2026-10-10,20,quantile,0.65,12.0
2026-10-03,wk inc covid hosp,1,2026-10-10,20,quantile,0.7,13.0
2026-10-03,wk inc covid hosp,1,2026-10-10,20,quantile,0.75,15.0
2026-10-03,wk inc covid hosp,1,2026-10-10,20,quantile,0.8,16.0
2026-10-03,wk inc covid hosp,1,2026-10-10,20,quantile,0.85,17.0
2026-10-03,wk inc covid hosp,1,2026-10-10,20,quantile,0.9,18.0
2026-10-03,wk inc covid hosp,1,2026-10-10,20,quantile,0.95,29.0
2026-10-03,wk inc covid hosp,1,2026-10-10,20,quantile,0.975,37.0
2026-10-03,wk inc covid hosp,1,2026-10-10,20,quantile,0.99,61.0
2026-10-03,wk inc covid hosp,1,2026-10-10,21,quantile,0.01,4.0
2026-10-03,wk inc covid hosp,1,2026-10-10,21,quantile,0.025,5.0
2026-10-03,wk inc covid hosp,1,2026-10-10,21,quantile,0.05,5.0
2026-10-03,wk inc covid hosp,1,2026-10-10,21,quantile,0.1,11.0
2026-10-03,wk inc covid hosp,1,2026-10-10,21,quantile,0.15,13.0
2026-10-03,wk inc covid hosp,1,2026-10-10,21,quantile,0.2,15.0
2026-10-03,wk inc covid hosp,1,2026-10-10,21,quantile,0.25,16.0
2026-10-03,wk inc covid hosp,1,2026-10-10,21,quantile,0.3,16.0
2026-10-03,wk inc covid hosp,1,2026-10-10,21,quantile,0.35,18.0
2026-10-03,wk inc covid hosp,1,2026-10-10,21,quantile,0.4,19.0
2026-10-03,wk inc covid hosp,1,2026-10-10,21,quantile,0.45,19.0
2026-10-03,wk inc covid hosp,1,2026-10-10,21,quantile,0.5,19.0
2026-10-03,wk inc covid hosp,1,2026-10-10,21,quantile,0.55,21.0
2026-10-03,wk inc covid hosp,1,2026-10-10,21,quantile,0.6,21.0
2026-10-03,wk inc covid hosp,1,2026-10-10,21,quantile,0.65,25.0
2026-10-03,wk inc covid hosp,1,2026-10-10,21,quantile,0.7,28.0
2026-10-03,wk inc covid hosp,1,2026-10-10,21,quantile,0.75,30.0
2026-10-03,wk inc covid hosp,1,2026-10-10,21,quantile,0.8,31.0
2026-10-03,wk inc covid hosp,1,2026-10-10,21,quantile,0.85,32.0
2026-10-03,wk inc covid hosp,1,2026-10-10,21,quantile,0.9,35.0
2026-10-03,wk inc covid hosp,1,2026-10-10,21,quantile,0.95,42.0
2026-10-03,wk inc covid hosp,1,2026-10-10,21,quantile,0.975,55.0
2026-10-03,wk inc covid hosp,1,2026-10-10,21,quantile,0.99,86.0
2026-10-03,wk inc covid hosp,1,2026-10-10,22,quantile,0.01,10.0
2026-10-03,wk inc covid hosp,1,2026-10-10,22,quantile,0.025,14.0
2026-10-03,wk inc covid hosp,1,2026-10-10,22,quantile,0.05,22.0
2026-10-03,wk inc covid hosp,1,2026-10-10,22,quantile,0.1,32.0
2026-10-03,wk inc covid hosp,1,2026-10-10,22,quantile,0.15,34.0
2026-10-03,wk inc covid hosp,1,2026-10-10,22,quantile,0.2,34.0
2026-10-03,wk inc covid hosp,1,2026-10-10,22,quantile,0.25,36.0
2026-10-03,wk inc covid hosp,1,2026-10-10,22,quantile,0.3,44.0
2026-10-03,wk inc covid hosp,1,2026-10-10,22,quantile,0.35,49.0
2026-10-03,wk inc covid hosp,1,2026-10-10,22,quantile,0.4,54.0
2026-10-03,wk inc covid hosp,1,2026-10-10,22,quantile,0.45,59.0
2026-10-03,wk inc covid hosp,1,2026-10-10,22,quantile,0.5,61.0
2026-10-03,wk inc covid hosp,1,2026-10-10,22,quantile,0.55,64.0
2026-10-03,wk inc covid hosp,1,2026-10-10,22,quantile,0.6,67.0
2026-10-03,wk inc covid hosp,1,2026-10-10,22,quantile,0.65,69.0
2026-10-03,wk inc covid hosp,1,2026-10-10,22,quantile,0.7,69.0
2026-10-03,wk inc covid hosp,1,2026-10-10,22,quantile,0.75,71.0
2026-10-03,wk inc covid hosp,1,2026-10-10,22,quantile,0.8,75.0
2026-10-03,wk inc covid hosp,1,2026-10-10,22,quantile,0.85,77.0
2026-10-03,wk inc covid hosp,1,2026-10-10,22,quantile,0.9,79.0
2026-10-03,wk inc covid hosp,1,2026-10-10,22,quantile,0.95,94.0
2026-10-03,wk inc covid hosp,1,2026-10-10,22,quantile,0.975,107.0
2026-10-03,wk inc covid hosp,1,2026-10-10,22,quantile,0.99,123.0
2026-10-03,wk inc covid hosp,1,2026-10-10,23,quantile,0.01,0.0
2026-10-03,wk inc covid hosp,1,2026-10-10,23,quantile,0.025,1.0
2026-10-03,wk inc covid hosp,1,2026-10-10,23,quantile,0.05,1.0
2026-10-03,wk inc covid hosp,1,2026-10-10,23,quantile,0.1,1.0
2026-10-03,wk inc covid hosp,1,2026-10-10,23,quantile,0.15,1.0
2026-10-03,wk inc covid hosp,1,2026-10-10,23,quantile,0.2,3.0
2026-10-03,wk inc covid hosp,1,2026-10-10,23,quantile,0.25,3.0
2026-10-03,wk inc covid hosp,1,2026-10-10,23,quantile,0.3,4.0
2026-10-03,wk inc covid hosp,1,2026-10-10,23,quantile,0.35,4.0
2026-10-03,wk inc covid hosp,1,2026-10-10,23,quantile,0.4,4.0
2026-10-03,wk inc covid hosp,1,2026-10-10,23,quantile,0.45,5.0
2026-10-03,wk inc covid hosp,1,2026-10-10,23,quantile,0.5,5.0
2026-10-03,wk inc covid hosp,1,2026-10-10,23,quantile,0.55,6.0
2026-10-03,wk inc covid hosp,1,2026-10-10,23,quantile,0.6,6.0
2026-10-03,wk inc covid hosp,1,2026-10-10,23,quantile,0.65,7.0
2026-10-03,wk inc covid hosp,1,2026-10-10,23,quantile,0.7,8.0
2026-10-03,wk inc covid hosp,1,2026-10-10,23,quantile,0.75,9.0
2026-10-03,wk inc covid hosp,1,2026-10-10,23,quantile,0.8,10.0
2026-10-03,wk inc covid hosp,1,2026-10-10,23,quantile,0.85,11.0
2026-10-03,wk inc covid hosp,1,2026-10-10,23,quantile,0.9,12.0
2026-10-03,wk inc covid hosp,1,2026-10-10,23,quantile,0.95,16.0
2026-10-03,wk inc covid hosp,1,2026-10-10,23,quantile,0.975,18.0
2026-10-03,wk inc covid hosp,1,2026-10-10,23,quantile,0.99,24.0
2026-10-03,wk inc covid hosp,1,2026-10-10,24,quantile,0.01,7.0
2026-10-03,wk inc covid hosp,1,2026-10-10,24,quantile,0.025,10.0
2026-10-03,wk inc covid hosp,1,2026-10-10,24,quantile,0.05,10.0
2026-10-03,wk inc covid hosp,1,2026-10-10,24,quantile,0.1,15.0
2026-10-03,wk inc covid hosp,1,2026-10-10,24,quantile,0.15,20.0
2026-10-03,wk inc covid hosp,1,2026-10-10,24,quantile,0.2,26.0
2026-10-03,wk inc covid hosp,1,2026-10-10,24,quantile,0.25,28.0
2026-10-03,wk inc covid hosp,1,2026-10-10,24,quantile,0.3,29.0
2026-10-03,wk inc covid hosp,1,2026-10-10,24,quantile,0.35,29.0
2026-10-03,wk inc covid hosp,1,2026-10-10,24,quantile,0.4,31.0
2026-10-03,wk inc covid hosp,1,2026-10-10,24,quantile,0.45,31.0
2026-10-03,wk inc covid hosp,1,2026-10-10,24,quantile,0.5,34.0
2026-10-03,wk inc covid hosp,1,2026-10-10,24,quantile,0.55,36.0
2026-10-03,wk inc covid hosp,1,2026-10-10,24,quantile,0.6,36.0
2026-10-03,wk inc covid hosp,1,2026-10-10,24,quantile,0.65,37.0
2026-10-03,wk inc covid hosp,1,2026-10-10,24,quantile,0.7,42.0
2026-10-03,wk inc covid hosp,1,2026-10-10,24,quantile,0.75,42.0
2026-10-03,wk inc covid hosp,1,2026-10-10,24,quantile,0.8,46.0
2026-10-03,wk inc covid hosp,1,2026-10-10,24,quantile,0.85,50.0
2026-10-03,wk inc covid hosp,1,2026-10-10,24,quantile,0.9,53.0
2026-10-03,wk inc covid hosp,1,2026-10-10,24,quantile,0.95,60.0
2026-10-03,wk inc covid hosp,1,2026-10-10,24,quantile,0.975,74.0
2026-10-03,wk inc covid hosp,1,2026-10-10,24,quantile,0.99,125.0
2026-10-03,wk inc covid hosp,1,2026-10-10,25,quantile,0.01,12.0
2026-10-03,wk inc covid hosp,1,2026-10-10,25,quantile,0.025,13.0
2026-10-03,wk inc covid hosp,1,2026-10-10,25,quantile,0.05,13.0
2026-10-03,wk inc covid hosp,1,2026-10-10,25,quantile,0.1,18.0
2026-10-03,wk inc covid hosp,1,2026-10-10,25,quantile,0.15,24.0
2026-10-03,wk inc covid hosp,1,2026-10-10,25,quantile,0.2,28.0
2026-10-03,wk inc covid hosp,1,2026-10-10,25,quantile,0.25,31.0
2026-10-03,wk inc covid hosp,1,2026-10-10,25,quantile,0.3,34.0
2026-10-03,wk inc covid hosp,1,2026-10-10,25,quantile,0.35,34.0
2026-10-03,wk inc covid hosp,1,2026-10-10,25,quantile,0.4,34.0
2026-10-03,wk inc covid hosp,1,2026-10-10,25,quantile,0.45,37.0
2026-10-03,wk inc covid hosp,1,2026-10-10,25,quantile,0.5,40.0
2026-10-03,wk inc covid hosp,1,2026-10-10,25,quantile,0.55,42.0
2026-10-03,wk inc covid hosp,1,2026-10-10,25,quantile,0.6,44.0
2026-10-03,wk inc covid hosp,1,2026-10-10,25,quantile,0.65,47.0
2026-10-03,wk inc covid hosp,1,2026-10-10,25,quantile,0.7,52.0
2026-10-03,wk inc covid hosp,1,2026-10-10,25,quantile,0.75,54.0
2026-10-03,wk inc covid hosp,1,2026-10-10,25,quantile,0.8,58.0
2026-10-03,wk inc covid hosp,1,2026-10-10,25,quantile,0.85,59.0
2026-10-03,wk inc covid hosp,1,2026-10-10,25,quantile,0.9,64.0
2026-10-03,wk inc covid hosp,1,2026-10-10,25,quantile,0.95,76.0
2026-10-03,wk inc covid hosp,1,2026-10-10,25,quantile,0.975,108.0
2026-10-03,wk inc covid hosp,1,2026-10-10,25,quantile,0.99,153.0
2026-10-03,wk inc covid hosp,1,2026-10-10,26,quantile,0.01,12.0
2026-10-03,wk inc covid hosp,1,2026-10-10,26,quantile,0.025,15.0
2026-10-03,wk inc covid hosp,1,2026-10-10,26,quantile,0.05,15.0
2026-10-03,wk inc covid hosp,1,2026-10-10,26,quantile,0.1,24.0
2026-10-03,wk inc covid hosp,1,2026-10-10,26,quantile,0.15,26.0
2026-10-03,wk inc covid hosp,1,2026-10-10,26,quantile,0.2,32.0
2026-10-03,wk inc covid hosp,1,2026-10-10,26,quantile,0.25,38.0
2026-10-03,wk inc covid hosp,1,2026-10-10,26,quantile,0.3,39.0
2026-10-03,wk inc covid hosp,1,2026-10-10,26,quantile,0.35,42.0
2026-10-03,wk inc covid hosp,1,2026-10-10,26,quantile,0.4,42.0
2026-10-03,wk inc covid hosp,1,2026-10-10,26,quantile,0.45,43.0
2026-10-03,wk inc covid hosp,1,2026-10-10,26,quantile,0.5,46.0
2026-10-03,wk inc covid hosp,1,2026-10-10,26,quantile,0.55,46.0
2026-10-03,wk inc covid hosp,1,2026-10-10,26,quantile,0.6,46.0
2026-10-03,wk inc covid hosp,1,2026-10-10,26,quantile,0.65,53.0
2026-10-03,wk inc covid hosp,1,2026-10-10,26,quantile,0.7,55.0
2026-10-03,wk inc covid hosp,1,2026-10-10,26,quantile,0.75,57.0
2026-10-03,wk inc covid hosp,1,2026-10-10,26,quantile,0.8,65.0
2026-10-03,wk inc covid hosp,1,2026-10-10,26,quantile,0.85,71.0
2026-10-03,wk inc covid hosp,1,2026-10-10,26,quantile,0.9,77.0
2026-10-03,wk inc covid hosp,1,2026-10-10,26,quantile,0.95,105.0
2026-10-03,wk inc covid hosp,1,2026-10-10,26,quantile,0.975,121.0
2026-10-03,wk inc covid hosp,1,2026-10-10,26,quantile,0.99,212.0
2026-10-03,wk inc covid hosp,1,2026-10-10,27,quantile,0.01,2.0
2026-10-03,wk inc covid hosp,1,2026-10-10,27,quantile,0.025,5.0
2026-10-03,wk inc covid hosp,1,2026-10-10,27,quantile,0.05,7.0
2026-10-03,wk inc covid hosp,1,2026-10-10,27,quantile,0.1,14.0
2026-10-03,wk inc covid hosp,1,2026-10-10,27,quantile,0.15,18.0
2026-10-03,wk inc covid hosp,1,2026-10-10,27,quantile,0.2,22.0
2026-10-03,wk inc covid hosp,1,2026-10-10,27,quantile,0.25,22.0
2026-10-03,wk inc covid hosp,1,2026-10-10,27,quantile,0.3,24.0
2026-10-03,wk inc covid hosp,1,2026-10-10,27,quantile,0.35,24.0
2026-10-03,wk inc covid hosp,1,2026-10-10,27,quantile,0.4,24.0
2026-10-03,wk inc covid hosp,1,2026-10-10,27,quantile,0.45,25.0
2026-10-03,wk inc covid hosp,1,2026-10-10,27,quantile,0.5,28.0
2026-10-03,wk inc covid hosp,1,2026-10-10,27,quantile,0.55,29.0
2026-10-03,wk inc covid hosp,1,2026-10-10,27,quantile,0.6,29.0
2026-10-03,wk inc covid hosp,1,2026-10-10,27,quantile,0.65,31.0
2026-10-03,wk inc covid hosp,1,2026-10-10,27,quantile,0.7,33.0
2026-10-03,wk inc covid hosp,1,2026-10-10,27,quantile,0.75,36.0
2026-10-03,wk inc covid hosp,1,2026-10-10,27,quantile,0.8,39.0
2026-10-03,wk inc covid hosp,1,2026-10-10,27,quantile,0.85,43.0
2026-10-03,wk inc covid hosp,1,2026-10-10,27,quantile,0.9,46.0
2026-10-03,wk inc covid hosp,1,2026-10-10,27,quantile,0.95,66.0
2026-10-03,wk inc covid hosp,1,2026-10-10,27,quantile,0.975,81.0
2026-10-03,wk inc covid hosp,1,2026-10-10,27,quantile,0.99,120.0
2026-10-03,wk inc covid hosp,1,2026-10-10,28,quantile,0.01,4.0
2026-10-03,wk inc covid hosp,1,2026-10-10,28,quantile,0.025,4.0
2026-10-03,wk inc covid hosp,1,2026-10-10,28,quantile,0.05,5.0
2026-10-03,wk inc covid hosp,1,2026-10-10,28,quantile,0.1,9.0
2026-10-03,wk inc covid hosp,1,2026-10-10,28,quantile,0.15,13.0
2026-10-03,wk inc covid hosp,1,2026-10-10,28,quantile,0.2,15.0
2026-10-03,wk inc covid hosp,1,2026-10-10,28,quantile,0.25,16.0
2026-10-03,wk inc covid hosp,1,2026-10-10,28,quantile,0.3,17.0
2026-10-03,wk inc covid hosp,1,2026-10-10,28,quantile,0.35,18.0
2026-10-03,wk inc covid hosp,1,2026-10-10,28,quantile,0.4,19.0
2026-10-03,wk inc covid hosp,1,2026-10-10,28,quantile,0.45,21.0
2026-10-03,wk inc covid hosp,1,2026-10-10,28,quantile,0.5,22.0
2026-10-03,wk inc covid hosp,1,2026-10-10,28,quantile,0.55,23.0
2026-10-03,wk inc covid hosp,1,2026-10-10,28,quantile,0.6,25.0
2026-10-03,wk inc covid hosp,1,2026-10-10,28,quantile,0.65,25.0
2026-10-03,wk inc covid hosp,1,2026-10-10,28,quantile,0.7,28.0
2026-10-03,wk inc covid hosp,1,2026-10-10,28,quantile,0.75,29.0
2026-10-03,wk inc covid hosp,1,2026-10-10,28,quantile,0.8,30.0
2026-10-03,wk inc covid hosp,1,2026-10-10,28,quantile,0.85,33.0
2026-10-03,wk inc covid hosp,1,2026-10-10,28,quantile,0.9,34.0
2026-10-03,wk inc covid hosp,1,2026-10-10,28,quantile,0.95,40.0
2026-10-03,wk inc covid hosp,1,2026-10-10,28,quantile,0.975,43.0
2026-10-03,wk inc covid hosp,1,2026-10-10,28,quantile,0.99,61.0
2026-10-03,wk inc covid hosp,1,2026-10-10,29,quantile,0.01,21.0
2026-10-03,wk inc covid hosp,1,2026-10-10,29,quantile,0.025,21.0
2026-10-03,wk inc covid hosp,1,2026-10-10,29,quantile,0.05,21.0
2026-10-03,wk inc covid hosp,1,2026-10-10,29,quantile,0.1,21.0
2026-10-03,wk inc covid hosp,1,2026-10-10,29,quantile,0.15,25.0
2026-10-03,wk inc covid hosp,1,2026-10-10,29,quantile,0.2,28.0
2026-10-03,wk inc covid hosp,1,2026-10-10,29,quantile,0.25,32.0
2026-10-03,wk inc covid hosp,1,2026-10-10,29,quantile,0.3,33.0
2026-10-03,wk inc covid hosp,1,2026-10-10,29,quantile,0.35,35.0
2026-10-03,wk inc covid hosp,1,2026-10-10,29,quantile,0.4,36.0
2026-10-03,wk inc covid hosp,1,2026-10-10,29,quantile,0.45,37.0
2026-10-03,wk inc covid hosp,1,2026-10-10,29,quantile,0.5,42.0
2026-10-03,wk inc covid hosp,1,2026-10-10,29,quantile,0.55,43.0
2026-10-03,wk inc covid hosp,1,2026-10-10,29,quantile,0.6,43.0
2026-10-03,wk inc covid hosp,1,2026-10-10,29,quantile,0.65,47.0
2026-10-03,wk inc covid hosp,1,2026-10-10,29,quantile,0.7,48.0
2026-10-03,wk inc covid hosp,1,2026-10-10,29,quantile,0.75,50.0
2026-10-03,wk inc covid hosp,1,2026-10-10,29,quantile,0.8,54.0
2026-10-03,wk inc covid hosp,1,2026-10-10,29,quantile,0.85,57.0
2026-10-03,wk inc covid hosp,1,2026-10-10,29,quantile,0.9,63.0
2026-10-03,wk inc covid hosp,1,2026-10-10,29,quantile,0.95,74.0
2026-10-03,wk inc covid hosp,1,2026-10-10,29,quantile,0.975,95.0
2026-10-03,wk inc covid hosp,1,2026-10-10,29,quantile,0.99,143.0
2026-10-03,wk inc covid hosp,1,2026-10-10,30,quantile,0.01,1.0
2026-10-03,wk inc covid hosp,1,2026-10-10,30,quantile,0.025,1.0
2026-10-03,wk inc covid hosp,1,2026-10-10,30,quantile,0.05,1.0
2026-10-03,wk inc covid hosp,1,2026-10-10,30,quantile,0.1,2.0
2026-10-03,wk inc covid hosp,1,2026-10-10,30,quantile,0.15,3.0
2026-10-03,wk inc covid hosp,1,2026-10-10,30,quantile,0.2,4.0
2026-10-03,wk inc covid hosp,1,2026-10-10,30,quantile,0.25,4.0
2026-10-03,wk inc covid hosp,1,2026-10-10,30,quantile,0.3,5.0
2026-10-03,wk inc covid hosp,1,2026-10-10,30,quantile,0.35,5.0
2026-10-03,wk inc covid hosp,1,2026-10-10,30,quantile,0.4,5.0
2026-10-03,wk inc covid hosp,1,2026-10-10,30,quantile,0.45,6.0
2026-10-03,wk inc covid hosp,1,2026-10-10,30,quantile,0.5,7.0
2026-10-03,wk inc covid hosp,1,2026-10-10,30,quantile,0.55,7.0
2026-10-03,wk inc covid hosp,1,2026-10-10,30,quantile,0.6,8.0
2026-10-03,wk inc covid hosp,1,2026-10-10,30,quantile,0.65,9.0
2026-10-03,wk inc covid hosp,1,2026-10-10,30,quantile,0.7,10.0
2026-10-03,wk inc covid hosp,1,2026-10-10,30,quantile,0.75,10.0
2026-10-03,wk inc covid hosp,1,2026-10-10,30,quantile,0.8,11.0
2026-10-03,wk inc covid hosp,1,2026-10-10,30,quantile,0.85,12.0
2026-10-03,wk inc covid hosp,1,2026-10-10,30,quantile,0.9,13.0
2026-10-03,wk inc covid hosp,1,2026-10-10,30,quantile,0.95,14.0
2026-10-03,wk inc covid hosp,1,2026-10-10,30,quantile,0.975,16.0
2026-10-03,wk inc covid hosp,1,2026-10-10,30,quantile,0.99,22.0
2026-10-03,wk inc covid hosp,1,2026-10-10,31,quantile,0.01,1.0
2026-10-03,wk inc covid hosp,1,2026-10-10,31,quantile,0.025,1.0
2026-10-03,wk inc covid hosp,1,2026-10-10,31,quantile,0.05,2.0
2026-10-03,wk inc covid hosp,1,2026-10-10,31,quantile,0.1,3.0
2026-10-03,wk inc covid hosp,1,2026-10-10,31,quantile,0.15,3.0
2026-10-03,wk inc covid hosp,1,2026-10-10,31,quantile,0.2,4.0
2026-10-03,wk inc covid hosp,1,2026-10-10,31,quantile,0.25,4.0
2026-10-03,wk inc covid hosp,1,2026-10-10,31,quantile,0.3,5.0
2026-10-03,wk inc covid hosp,1,2026-10-10,31,quantile,0.35,5.0
2026-10-03,wk inc covid hosp,1,2026-10-10,31,quantile,0.4,5.0
2026-10-03,wk inc covid hosp,1,2026-10-10,31,quantile,0.45,6.0
2026-10-03,wk inc covid hosp,1,2026-10-10,31,quantile,0.5,6.0
2026-10-03,wk inc covid hosp,1,2026-10-10,31,quantile,0.55,7.0
2026-10-03,wk inc covid hosp,1,2026-10-10,31,quantile,0.6,7.0
2026-10-03,wk inc covid hosp,1,2026-10-10,31,quantile,0.65,8.0
2026-10-03,wk inc covid hosp,1,2026-10-10,31,quantile,0.7,9.0
2026-10-03,wk inc covid hosp,1,2026-10-10,31,quantile,0.75,10.0
2026-10-03,wk inc covid hosp,1,2026-10-10,31,quantile,0.8,12.0
2026-10-03,wk inc covid hosp,1,2026-10-10,31,quantile,0.85,12.0
2026-10-03,wk inc covid hosp,1,2026-10-10,31,quantile,0.9,13.0
2026-10-03,wk inc covid hosp,1,2026-10-10,31,quantile,0.95,17.0
2026-10-03,wk inc covid hosp,1,2026-10-10,31,quantile,0.975,24.0
2026-10-03,wk inc covid hosp,1,2026-10-10,31,quantile,0.99,39.0
2026-10-03,wk inc covid hosp,1,2026-10-10,32,quantile,0.01,4.0
2026-10-03,wk inc covid hosp,1,2026-10-10,32,quantile,0.025,5.0
2026-10-03,wk inc covid hosp,1,2026-10-10,32,quantile,0.05,5.0
2026-10-03,wk inc covid hosp,1,2026-10-10,32,quantile,0.1,8.0
2026-10-03,wk inc covid hosp,1,2026-10-10,32,quantile,0.15,12.0
2026-10-03,wk inc covid hosp,1,2026-10-10,32,quantile,0.2,15.0
2026-10-03,wk inc covid hosp,1,2026-10-10,32,quantile,0.25,15.0
2026-10-03,wk inc covid hosp,1,2026-10-10,32,quantile,0.3,17.0
2026-10-03,wk inc covid hosp,1,2026-10-10,32,quantile,0.35,17.0
2026-10-03,wk inc covid hosp,1,2026-10-10,32,quantile,0.4,19.0
2026-10-03,wk inc covid hosp,1,2026-10-10,32,quantile,0.45,21.0
2026-10-03,wk inc covid hosp,1,2026-10-10,32,quantile,0.5,24.0
2026-10-03,wk inc covid hosp,1,2026-10-10,32,quantile,0.55,25.0
2026-10-03,wk inc covid hosp,1,2026-10-10,32,quantile,0.6,27.0
2026-10-03,wk inc covid hosp,1,2026-10-10,32,quantile,0.65,28.0
2026-10-03,wk inc covid hosp,1,2026-10-10,32,quantile,0.7,30.0
2026-10-03,wk inc covid hosp,1,2026-10-10,32,quantile,0.75,31.0
2026-10-03,wk inc covid hosp,1,2026-10-10,32,quantile,0.8,31.0
2026-10-03,wk inc covid hosp,1,2026-10-10,32,quantile,0.85,33.0
2026-10-03,wk inc covid hosp,1,2026-10-10,32,quantile,0.9,34.0
2026-10-03,wk inc covid hosp,1,2026-10-10,32,quantile,0.95,41.0
2026-10-03,wk inc covid hosp,1,2026-10-10,32,quantile,0.975,46.0
2026-10-03,wk inc covid hosp,1,2026-10-10,32,quantile,0.99,71.0
2026-10-03,wk inc covid hosp,1,2026-10-10,33,quantile,0.01,3.0
2026-10-03,wk inc covid hosp,1,2026-10-10,33,quantile,0.025,3.0
2026-10-03,wk inc covid hosp,1,2026-10-10,33,quantile,0.05,3.0
2026-10-03,wk inc covid hosp,1,2026-10-10,33,quantile,0.1,4.0
2026-10-03,wk inc covid hosp,1,2026-10-10,33,quantile,0.15,5.0
2026-10-03,wk inc covid hosp,1,2026-10-10,33,quantile,0.2,6.0
2026-10-03,wk inc covid hosp,1,2026-10-10,33,quantile,0.25,6.0
2026-10-03,wk inc covid hosp,1,2026-10-10,33,quantile,0.3,7.0
2026-10-03,wk inc covid hosp,1,2026-10-10,33,quantile,0.35,7.0
2026-10-03,wk inc covid hosp,1,2026-10-10,33,quantile,0.4,9.0
2026-10-03,wk inc covid hosp,1,2026-10-10,33,quantile,0.45,10.0
2026-10-03,wk inc covid hosp,1,2026-10-10,33,quantile,0.5,11.0
2026-10-03,wk inc covid hosp,1,2026-10-10,33,quantile,0.55,12.0
2026-10-03,wk inc covid hosp,1,2026-10-10,33,quantile,0.6,13.0
2026-10-03,wk inc covid hosp,1,2026-10-10,33,quantile,0.65,15.0
2026-10-03,wk inc covid hosp,1,2026-10-10,33,quantile,0.7,15.0
2026-10-03,wk inc covid hosp,1,2026-10-10,33,quantile,0.75,15.0
2026-10-03,wk inc covid hosp,1,2026-10-10,33,quantile,0.8,16.0
2026-10-03,wk inc covid hosp,1,2026-10-10,33,quantile,0.85,17.0
2026-10-03,wk inc covid hosp,1,2026-10-10,33,quantile,0.9,18.0
2026-10-03,wk inc covid hosp,1,2026-10-10,33,quantile,0.95,21.0
2026-10-03,wk inc covid hosp,1,2026-10-10,33,quantile,0.975,21.0
2026-10-03,wk inc covid hosp,1,2026-10-10,33,quantile,0.99,30.0
2026-10-03,wk inc covid hosp,1,2026-10-10,34,quantile,0.01,14.0
2026-10-03,wk inc covid hosp,1,2026-10-10,34,quantile,0.025,28.0
2026-10-03,wk inc covid hosp,1,2026-10-10,34,quantile,0.05,42.0
2026-10-03,wk inc covid hosp,1,2026-10-10,34,quantile,0.1,52.0
2026-10-03,wk inc covid hosp,1,2026-10-10,34,quantile,0.15,63.0
2026-10-03,wk inc covid hosp,1,2026-10-10,34,quantile,0.2,66.0
2026-10-03,wk inc covid hosp,1,2026-10-10,34,quantile,0.25,76.0
2026-10-03,wk inc covid hosp,1,2026-10-10,34,quantile,0.3,98.0
2026-10-03,wk inc covid hosp,1,2026-10-10,34,quantile,0.35,98.0
2026-10-03,wk inc covid hosp,1,2026-10-10,34,quantile,0.4,106.0
2026-10-03,wk inc covid hosp,1,2026-10-10,34,quantile,0.45,109.0
2026-10-03,wk inc covid hosp,1,2026-10-10,34,quantile,0.5,114.0
2026-10-03,wk inc covid hosp,1,2026-10-10,34,quantile,0.55,121.0
2026-10-03,wk inc covid hosp,1,2026-10-10,34,quantile,0.6,121.0
2026-10-03,wk inc covid hosp,1,2026-10-10,34,quantile,0.65,121.0
2026-10-03,wk inc covid hosp,1,2026-10-10,34,quantile,0.7,122.0
2026-10-03,wk inc covid hosp,1,2026-10-10,34,quantile,0.75,122.0
2026-10-03,wk inc covid hosp,1,2026-10-10,34,quantile,0.8,135.0
2026-10-03,wk inc covid hosp,1,2026-10-10,34,quantile,0.85,135.0
2026-10-03,wk inc covid hosp,1,2026-10-10,34,quantile,0.9,135.0
2026-10-03,wk inc covid hosp,1,2026-10-10,34,quantile,0.95,150.0
2026-10-03,wk inc covid hosp,1,2026-10-10,34,quantile,0.975,172.0
2026-10-03,wk inc covid hosp,1,2026-10-10,34,quantile,0.99,225.0
2026-10-03,wk inc covid hosp,1,2026-10-10,35,quantile,0.01,1.0
2026-10-03,wk inc covid hosp,1,2026-10-10,35,quantile,0.025,1.0
2026-10-03,wk inc covid hosp,1,2026-10-10,35,quantile,0.05,2.0
2026-10-03,wk inc covid hosp,1,2026-10-10,35,quantile,0.1,4.0
2026-10-03,wk inc covid hosp,1,2026-10-10,35,quantile,0.15,5.0
2026-10-03,wk inc covid hosp,1,2026-10-10,35,quantile,0.2,6.0
2026-10-03,wk inc covid hosp,1,2026-10-10,35,quantile,0.25,7.0
2026-10-03,wk inc covid hosp,1,2026-10-10,35,quantile,0.3,7.0
2026-10-03,wk inc covid hosp,1,2026-10-10,35,quantile,0.35,8.0
2026-10-03,wk inc covid hosp,1,2026-10-10,35,quantile,0.4,9.0
2026-10-03,wk inc covid hosp,1,2026-10-10,35,quantile,0.45,9.0
2026-10-03,wk inc covid hosp,1,2026-10-10,35,quantile,0.5,10.0
2026-10-03,wk inc covid hosp,1,2026-10-10,35,quantile,0.55,10.0
2026-10-03,wk inc covid hosp,1,2026-10-10,35,quantile,0.6,11.0
2026-10-03,wk inc covid hosp,1,2026-10-10,35,quantile,0.65,12.0
2026-10-03,wk inc covid hosp,1,2026-10-10,35,quantile,0.7,13.0
2026-10-03,wk inc covid hosp,1,2026-10-10,35,quantile,0.75,14.0
2026-10-03,wk inc covid hosp,1,2026-10-10,35,quantile,0.8,15.0
2026-10-03,wk inc covid hosp,1,2026-10-10,35,quantile,0.85,16.0
2026-10-03,wk inc covid hosp,1,2026-10-10,35,quantile,0.9,16.0
2026-10-03,wk inc covid hosp,1,2026-10-10,35,quantile,0.95,21.0
2026-10-03,wk inc covid hosp,1,2026-10-10,35,quantile,0.975,28.0
2026-10-03,wk inc covid hosp,1,2026-10-10,35,quantile,0.99,46.0
2026-10-03,wk inc covid hosp,1,2026-10-10,36,quantile,0.01,86.0
2026-10-03,wk inc covid hosp,1,2026-10-10,36,quantile,0.025,86.0
2026-10-03,wk inc covid hosp,1,2026-10-10,36,quantile,0.05,100.0
2026-10-03,wk inc covid hosp,1,2026-10-10,36,quantile,0.1,105.0
2026-10-03,wk inc covid hosp,1,2026-10-10,36,quantile,0.15,134.0
2026-10-03,wk inc covid hosp,1,2026-10-10,36,quantile,0.2,137.0
2026-10-03,wk inc covid hosp,1,2026-10-10,36,quantile,0.25,167.0
2026-10-03,wk inc covid hosp,1,2026-10-10,36,quantile,0.3,187.0
2026-10-03,wk inc covid hosp,1,2026-10-10,36,quantile,0.35,187.0
2026-10-03,wk inc covid hosp,1,2026-10-10,36,quantile,0.4,188.0
2026-10-03,wk inc covid hosp,1,2026-10-10,36,quantile,0.45,197.0
2026-10-03,wk inc covid hosp,1,2026-10-10,36,quantile,0.5,200.0
2026-10-03,wk inc covid hosp,1,2026-10-10,36,quantile,0.55,227.0
2026-10-03,wk inc covid hosp,1,2026-10-10,36,quantile,0.6,227.0
2026-10-03,wk inc covid hosp,1,2026-10-10,36,quantile,0.65,232.0
2026-10-03,wk inc covid hosp,1,2026-10-10,36,quantile,0.7,232.0
2026-10-03,wk inc covid hosp,1,2026-10-10,36,quantile,0.75,243.0
2026-10-03,wk inc covid hosp,1,2026-10-10,36,quantile,0.8,246.0
2026-10-03,wk inc covid hosp,1,2026-10-10,36,quantile,0.85,252.0
2026-10-03,wk inc covid hosp,1,2026-10-10,36,quantile,0.9,258.0
2026-10-03,wk inc covid hosp,1,2026-10-10,36,quantile,0.95,310.0
2026-10-03,wk inc covid hosp,1,2026-10-10,36,quantile,0.975,353.0
2026-10-03,wk inc covid hosp,1,2026-10-10,36,quantile,0.99,465.0
2026-10-03,wk inc covid hosp,1,2026-10-10,37,quantile,0.01,35.0
2026-10-03,wk inc covid hosp,1,2026-10-10,37,quantile,0.025,39.0
2026-10-03,wk inc covid hosp,1,2026-10-10,37,quantile,0.05,51.0
2026-10-03,wk inc covid hosp,1,2026-10-10,37,quantile,0.1,64.0
2026-10-03,wk inc covid hosp,1,2026-10-10,37,quantile,0.15,69.0
2026-10-03,wk inc covid hosp,1,2026-10-10,37,quantile,0.2,72.0
2026-10-03,wk inc covid hosp,1,2026-10-10,37,quantile,0.25,76.0
2026-10-03,wk inc covid hosp,1,2026-10-10,37,quantile,0.3,92.0
2026-10-03,wk inc covid hosp,1,2026-10-10,37,quantile,0.35,102.0
2026-10-03,wk inc covid hosp,1,2026-10-10,37,quantile,0.4,118.0
2026-10-03,wk inc covid hosp,1,2026-10-10,37,quantile,0.45,118.0
2026-10-03,wk inc covid hosp,1,2026-10-10,37,quantile,0.5,128.0
2026-10-03,wk inc covid hosp,1,2026-10-10,37,quantile,0.55,135.0
2026-10-03,wk inc covid hosp,1,2026-10-10,37,quantile,0.6,138.0
2026-10-03,wk inc covid hosp,1,2026-10-10,37,quantile,0.65,144.0
2026-10-03,wk inc covid hosp,1,2026-10-10,37,quantile,0.7,145.0
2026-10-03,wk inc covid hosp,1,2026-10-10,37,quantile,0.75,150.0
2026-10-03,wk inc covid hosp,1,2026-10-10,37,quantile,0.8,158.0
2026-10-03,wk inc covid hosp,1,2026-10-10,37,quantile,0.85,159.0
2026-10-03,wk inc covid hosp,1,2026-10-10,37,quantile,0.9,162.0
2026-10-03,wk inc covid hosp,1,2026-10-10,37,quantile,0.95,183.0
2026-10-03,wk inc covid hosp,1,2026-10-10,37,quantile,0.975,207.0
2026-10-03,wk inc covid hosp,1,2026-10-10,37,quantile,0.99,264.0
2026-10-03,wk inc covid hosp,1,2026-10-10,38,quantile,0.01,0.0
2026-10-03,wk inc covid hosp,1,2026-10-10,38,quantile,0.025,0.0
2026-10-03,wk inc covid hosp,1,2026-10-10,38,quantile,0.05,0.0
2026-10-03,wk inc covid hosp,1,2026-10-10,38,quantile,0.1,0.0
2026-10-03,wk inc covid hosp,1,2026-10-10,38,quantile,0.15,0.0
2026-10-03,wk inc covid hosp,1,2026-10-10,38,quantile,0.2,1.0
2026-10-03,wk inc covid hosp,1,2026-10-10,38,quantile,0.25,1.0
2026-10-03,wk inc covid hosp,1,2026-10-10,38,quantile,0.3,2.0
2026-10-03,wk inc covid hosp,1,2026-10-10,38,quantile,0.35,2.0
2026-10-03,wk inc covid hosp,1,2026-10-10,38,quantile,0.4,2.0
2026-10-03,wk inc covid hosp,1,2026-10-10,38,quantile,0.45,2.0
2026-10-03,wk inc covid hosp,1,2026-10-10,38,quantile,0.5,3.0
2026-10-03,wk inc covid hosp,1,2026-10-10,38,quantile,0.55,3.0
2026-10-03,wk inc covid hosp,1,2026-10-10,38,quantile,0.6,3.0
2026-10-03,wk inc covid hosp,1,2026-10-10,38,quantile,0.65,4.0
2026-10-03,wk inc covid hosp,1,2026-10-10,38,quantile,0.7,5.0
2026-10-03,wk inc covid hosp,1,2026-10-10,38,quantile,0.75,5.0
2026-10-03,wk inc covid hosp,1,2026-10-10,38,quantile,0.8,5.0
2026-10-03,wk inc covid hosp,1,2026-10-10,38,quantile,0.85,6.0
2026-10-03,wk inc covid hosp,1,2026-10-10,38,quantile,0.9,6.0
2026-10-03,wk inc covid hosp,1,2026-10-10,38,quantile,0.95,10.0
2026-10-03,wk inc covid hosp,1,2026-10-10,38,quantile,0.975,10.0
2026-10-03,wk inc covid hosp,1,2026-10-10,38,quantile,0.99,15.0
2026-10-03,wk inc covid hosp,1,2026-10-10,39,quantile,0.01,12.0
2026-10-03,wk inc covid hosp,1,2026-10-10,39,quantile,0.025,18.0
2026-10-03,wk inc covid hosp,1,2026-10-10,39,quantile,0.05,18.0
2026-10-03,wk inc covid hosp,1,2026-10-10,39,quantile,0.1,33.0
2026-10-03,wk inc covid hosp,1,2026-10-10,39,quantile,0.15,41.0
2026-10-03,wk inc covid hosp,1,2026-10-10,39,quantile,0.2,44.0
2026-10-03,wk inc covid hosp,1,2026-10-10,39,quantile,0.25,47.0
2026-10-03,wk inc covid hosp,1,2026-10-10,39,quantile,0.3,49.0
2026-10-03,wk inc covid hosp,1,2026-10-10,39,quantile,0.35,49.0
2026-10-03,wk inc covid hosp,1,2026-10-10,39,quantile,0.4,51.0
2026-10-03,wk inc covid hosp,1,2026-10-10,39,quantile,0.45,53.0
2026-10-03,wk inc covid hosp,1,2026-10-10,39,quantile,0.5,57.0
2026-10-03,wk inc covid hosp,1,2026-10-10,39,quantile,0.55,59.0
2026-10-03,wk inc covid hosp,1,2026-10-10,39,quantile,0.6,59.0
2026-10-03,wk inc covid hosp,1,2026-10-10,39,quantile,0.65,67.0
2026-10-03,wk inc covid hosp,1,2026-10-10,39,quantile,0.7,72.0
2026-10-03,wk inc covid hosp,1,2026-10-10,39,quantile,0.75,76.0
2026-10-03,wk inc covid hosp,1,2026-10-10,39,quantile,0.8,80.0
2026-10-03,wk inc covid hosp,1,2026-10-10,39,quantile,0.85,87.0
2026-10-03,wk inc covid hosp,1,2026-10-10,39,quantile,0.9,95.0
2026-10-03,wk inc covid hosp,1,2026-10-10,39,quantile,0.95,116.0
2026-10-03,wk inc covid hosp,1,2026-10-10,39,quantile,0.975,147.0
2026-10-03,wk inc covid hosp,1,2026-10-10,39,quantile,0.99,247.0
2026-10-03,wk inc covid hosp,1,2026-10-10,40,quantile,0.01,2.0
2026-10-03,wk inc covid hosp,1,2026-10-10,40,quantile,0.025,4.0
2026-10-03,wk inc covid hosp,1,2026-10-10,40,quantile,0.05,5.0
2026-10-03,wk inc covid hosp,1,2026-10-10,40,quantile,0.1,9.0
2026-10-03,wk inc covid hosp,1,2026-10-10,40,quantile,0.15,10.0
2026-10-03,wk inc covid hosp,1,2026-10-10,40,quantile,0.2,12.0
2026-10-03,wk inc covid hosp,1,2026-10-10,40,quantile,0.25,13.0
2026-10-03,wk inc covid hosp,1,2026-10-10,40,quantile,0.3,13.0
2026-10-03,wk inc covid hosp,1,2026-10-10,40,quantile,0.35,15.0
2026-10-03,wk inc covid hosp,1,2026-10-10,40,quantile,0.4,17.0
2026-10-03,wk inc covid hosp,1,2026-10-10,40,quantile,0.45,17.0
2026-10-03,wk inc covid hosp,1,2026-10-10,40,quantile,0.5,17.0
2026-10-03,wk inc covid hosp,1,2026-10-10,40,quantile,0.55,19.0
2026-10-03,wk inc covid hosp,1,2026-10-10,40,quantile,0.6,19.0
2026-10-03,wk inc covid hosp,1,2026-10-10,40,quantile,0.65,21.0
2026-10-03,wk inc covid hosp,1,2026-10-10,40,quantile,0.7,24.0
2026-10-03,wk inc covid hosp,1,2026-10-10,40,quantile,0.75,25.0
2026-10-03,wk inc covid hosp,1,2026-10-10,40,quantile,0.8,27.0
2026-10-03,wk inc covid hosp,1,2026-10-10,40,quantile,0.85,29.0
2026-10-03,wk inc covid hosp,1,2026-10-10,40,quantile,0.9,32.0
2026-10-03,wk inc covid hosp,1,2026-10-10,40,quantile,0.95,38.0
2026-10-03,wk inc covid hosp,1,2026-10-10,40,quantile,0.975,49.0
2026-10-03,wk inc covid hosp,1,2026-10-10,40,quantile,0.99,80.0
2026-10-03,wk inc covid hosp,1,2026-10-10,41,quantile,0.01,11.0
2026-10-03,wk inc covid hosp,1,2026-10-10,41,quantile,0.025,11.0
2026-10-03,wk inc covid hosp,1,2026-10-10,41,quantile,0.05,13.0
2026-10-03,wk inc covid hosp,1,2026-10-10,41,quantile,0.1,18.0
2026-10-03,wk inc covid hosp,1,2026-10-10,41,quantile,0.15,25.0
2026-10-03,wk inc covid hosp,1,2026-10-10,41,quantile,0.2,26.0
2026-10-03,wk inc covid hosp,1,2026-10-10,41,quantile,0.25,29.0
2026-10-03,wk inc covid hosp,1,2026-10-10,41,quantile,0.3,33.0
2026-10-03,wk inc covid hosp,1,2026-10-10,41,quantile,0.35,33.0
2026-10-03,wk inc covid hosp,1,2026-10-10,41,quantile,0.4,36.0
2026-10-03,wk inc covid hosp,1,2026-10-10,41,quantile,0.45,37.0
2026-10-03,wk inc covid hosp,1,2026-10-10,41,quantile,0.5,38.0
2026-10-03,wk inc covid hosp,1,2026-10-10,41,quantile,0.55,40.0
2026-10-03,wk inc covid hosp,1,2026-10-10,41,quantile,0.6,41.0
2026-10-03,wk inc covid hosp,1,2026-10-10,41,quantile,0.65,44.0
2026-10-03,wk inc covid hosp,1,2026-10-10,41,quantile,0.7,45.0
2026-10-03,wk inc covid hosp,1,2026-10-10,41,quantile,0.75,46.0
2026-10-03,wk inc covid hosp,1,2026-10-10,41,quantile,0.8,50.0
2026-10-03,wk inc covid hosp,1,2026-10-10,41,quantile,0.85,52.0
2026-10-03,wk inc covid hosp,1,2026-10-10,41,quantile,0.9,55.0
2026-10-03,wk inc covid hosp,1,2026-10-10,41,quantile,0.95,59.0
2026-10-03,wk inc covid hosp,1,2026-10-10,41,quantile,0.975,65.0
2026-10-03,wk inc covid hosp,1,2026-10-10,41,quantile,0.99,98.0
2026-10-03,wk inc covid hosp,1,2026-10-10,42,quantile,0.01,48.0
2026-10-03,wk inc covid hosp,1,2026-10-10,42,quantile,0.025,48.0
2026-10-03,wk inc covid hosp,1,2026-10-10,42,quantile,0.05,64.0
2026-10-03,wk inc covid hosp,1,2026-10-10,42,quantile,0.1,68.0
2026-10-03,wk inc covid hosp,1,2026-10-10,42,quantile,0.15,85.0
2026-10-03,wk inc covid hosp,1,2026-10-10,42,quantile,0.2,87.0
2026-10-03,wk inc covid hosp,1,2026-10-10,42,quantile,0.25,109.0
2026-10-03,wk inc covid hosp,1,2026-10-10,42,quantile,0.3,126.0
2026-10-03,wk inc covid hosp,1,2026-10-10,42,quantile,0.35,131.0
2026-10-03,wk inc covid hosp,1,2026-10-10,42,quantile,0.4,134.0
2026-10-03,wk inc covid hosp,1,2026-10-10,42,quantile,0.45,137.0
2026-10-03,wk inc covid hosp,1,2026-10-10,42,quantile,0.5,146.0
2026-10-03,wk inc covid hosp,1,2026-10-10,42,quantile,0.55,157.0
2026-10-03,wk inc covid hosp,1,2026-10-10,42,quantile,0.6,157.0
2026-10-03,wk inc covid hosp,1,2026-10-10,42,quantile,0.65,158.0
2026-10-03,wk inc covid hosp,1,2026-10-10,42,quantile,0.7,158.0
2026-10-03,wk inc covid hosp,1,2026-10-10,42,quantile,0.75,162.0
2026-10-03,wk inc covid hosp,1,2026-10-10,42,quantile,0.8,171.0
2026-10-03,wk inc covid hosp,1,2026-10-10,42,quantile,0.85,171.0
2026-10-03,wk inc covid hosp,1,2026-10-10,42,quantile,0.9,184.0
2026-10-03,wk inc covid hosp,1,2026-10-10,42,quantile,0.95,222.0
2026-10-03,wk inc covid hosp,1,2026-10-10,42,quantile,0.975,250.0
2026-10-03,wk inc covid hosp,1,2026-10-10,42,quantile,0.99,302.0
2026-10-03,wk inc covid hosp,1,2026-10-10,44,quantile,0.01,1.0
2026-10-03,wk inc covid hosp,1,2026-10-10,44,quantile,0.025,1.0
2026-10-03,wk inc covid hosp,1,2026-10-10,44,quantile,0.05,1.0
2026-10-03,wk inc covid hosp,1,2026-10-10,44,quantile,0.1,2.0
2026-10-03,wk inc covid hosp,1,2026-10-10,44,quantile,0.15,4.0
2026-10-03,wk inc covid hosp,1,2026-10-10,44,quantile,0.2,5.0
2026-10-03,wk inc covid hosp,1,2026-10-10,44,quantile,0.25,5.0
2026-10-03,wk inc covid hosp,1,2026-10-10,44,quantile,0.3,5.0
2026-10-03,wk inc covid hosp,1,2026-10-10,44,quantile,0.35,5.0
2026-10-03,wk inc covid hosp,1,2026-10-10,44,quantile,0.4,6.0
2026-10-03,wk inc covid hosp,1,2026-10-10,44,quantile,0.45,7.0
2026-10-03,wk inc covid hosp,1,2026-10-10,44,quantile,0.5,8.0
2026-10-03,wk inc covid hosp,1,2026-10-10,44,quantile,0.55,8.0
2026-10-03,wk inc covid hosp,1,2026-10-10,44,quantile,0.6,9.0
2026-10-03,wk inc covid hosp,1,2026-10-10,44,quantile,0.65,10.0
2026-10-03,wk inc covid hosp,1,2026-10-10,44,quantile,0.7,10.0
2026-10-03,wk inc covid hosp,1,2026-10-10,44,quantile,0.75,12.0
2026-10-03,wk inc covid hosp,1,2026-10-10,44,quantile,0.8,14.0
2026-10-03,wk inc covid hosp,1,2026-10-10,44,quantile,0.85,14.0
2026-10-03,wk inc covid hosp,1,2026-10-10,44,quantile,0.9,15.0
2026-10-03,wk inc covid hosp,1,2026-10-10,44,quantile,0.95,18.0
2026-10-03,wk inc covid hosp,1,2026-10-10,44,quantile,0.975,19.0
2026-10-03,wk inc covid hosp,1,2026-10-10,44,quantile,0.99,19.0
2026-10-03,wk inc covid hosp,1,2026-10-10,45,quantile,0.01,18.0
2026-10-03,wk inc covid hosp,1,2026-10-10,45,quantile,0.025,18.0
2026-10-03,wk inc covid hosp,1,2026-10-10,45,quantile,0.05,18.0
2026-10-03,wk inc covid hosp,1,2026-10-10,45,quantile,0.1,24.0
2026-10-03,wk inc covid hosp,1,2026-10-10,45,quantile,0.15,29.0
2026-10-03,wk inc covid hosp,1,2026-10-10,45,quantile,0.2,31.0
2026-10-03,wk inc covid hosp,1,2026-10-10,45,quantile,0.25,34.0
2026-10-03,wk inc covid hosp,1,2026-10-10,45,quantile,0.3,37.0
2026-10-03,wk inc covid hosp,1,2026-10-10,45,quantile,0.35,40.0
2026-10-03,wk inc covid hosp,1,2026-10-10,45,quantile,0.4,43.0
2026-10-03,wk inc covid hosp,1,2026-10-10,45,quantile,0.45,45.0
2026-10-03,wk inc covid hosp,1,2026-10-10,45,quantile,0.5,49.0
2026-10-03,wk inc covid hosp,1,2026-10-10,45,quantile,0.55,49.0
2026-10-03,wk inc covid hosp,1,2026-10-10,45,quantile,0.6,51.0
2026-10-03,wk inc covid hosp,1,2026-10-10,45,quantile,0.65,51.0
2026-10-03,wk inc covid hosp,1,2026-10-10,45,quantile,0.7,54.0
2026-10-03,wk inc covid hosp,1,2026-10-10,45,quantile,0.75,57.0
2026-10-03,wk inc covid hosp,1,2026-10-10,45,quantile,0.8,59.0
2026-10-03,wk inc covid hosp,1,2026-10-10,45,quantile,0.85,62.0
2026-10-03,wk inc covid hosp,1,2026-10-10,45,quantile,0.9,64.0
2026-10-03,wk inc covid hosp,1,2026-10-10,45,quantile,0.95,71.0
2026-10-03,wk inc covid hosp,1,2026-10-10,45,quantile,0.975,80.0
2026-10-03,wk inc covid hosp,1,2026-10-10,45,quantile,0.99,113.0
2026-10-03,wk inc covid hosp,1,2026-10-10,46,quantile,0.01,0.0
2026-10-03,wk inc covid hosp,1,2026-10-10,46,quantile,0.025,0.0
2026-10-03,wk inc covid hosp,1,2026-10-10,46,quantile,0.05,0.0
2026-10-03,wk inc covid hosp,1,2026-10-10,46,quantile,0.1,1.0
2026-10-03,wk inc covid hosp,1,2026-10-10,46,quantile,0.15,1.0
2026-10-03,wk inc covid hosp,1,2026-10-10,46,quantile,0.2,1.0
2026-10-03,wk inc covid hosp,1,2026-10-10,46,quantile,0.25,2.0
2026-10-03,wk inc covid hosp,1,2026-10-10,46,quantile,0.3,3.0
2026-10-03,wk inc covid hosp,1,2026-10-10,46,quantile,0.35,3.0
2026-10-03,wk inc covid hosp,1,2026-10-10,46,quantile,0.4,3.0
2026-10-03,wk inc covid hosp,1,2026-10-10,46,quantile,0.45,4.0
2026-10-03,wk inc covid hosp,1,2026-10-10,46,quantile,0.5,4.0
2026-10-03,wk inc covid hosp,1,2026-10-10,46,quantile,0.55,4.0
2026-10-03,wk inc covid hosp,1,2026-10-10,46,quantile,0.6,4.0
2026-10-03,wk inc covid hosp,1,2026-10-10,46,quantile,0.65,5.0
2026-10-03,wk inc covid hosp,1,2026-10-10,46,quantile,0.7,6.0
2026-10-03,wk inc covid hosp,1,2026-10-10,46,quantile,0.75,6.0
2026-10-03,wk inc covid hosp,1,2026-10-10,46,quantile,0.8,7.0
2026-10-03,wk inc covid hosp,1,2026-10-10,46,quantile,0.85,8.0
2026-10-03,wk inc covid hosp,1,2026-10-10,46,quantile,0.9,9.0
2026-10-03,wk inc covid hosp,1,2026-10-10,46,quantile,0.95,11.0
2026-10-03,wk inc covid hosp,1,2026-10-10,46,quantile,0.975,11.0
2026-10-03,wk inc covid hosp,1,2026-10-10,46,quantile,0.99,14.0
2026-10-03,wk inc covid hosp,1,2026-10-10,47,quantile,0.01,19.0
2026-10-03,wk inc covid hosp,1,2026-10-10,47,quantile,0.025,19.0
2026-10-03,wk inc covid hosp,1,2026-10-10,47,quantile,0.05,19.0
2026-10-03,wk inc covid hosp,1,2026-10-10,47,quantile,0.1,19.0
2026-10-03,wk inc covid hosp,1,2026-10-10,47,quantile,0.15,22.0
2026-10-03,wk inc covid hosp,1,2026-10-10,47,quantile,0.2,29.0
2026-10-03,wk inc covid hosp,1,2026-10-10,47,quantile,0.25,33.0
2026-10-03,wk inc covid hosp,1,2026-10-10,47,quantile,0.3,38.0
2026-10-03,wk inc covid hosp,1,2026-10-10,47,quantile,0.35,39.0
2026-10-03,wk inc covid hosp,1,2026-10-10,47,quantile,0.4,40.0
2026-10-03,wk inc covid hosp,1,2026-10-10,47,quantile,0.45,41.0
2026-10-03,wk inc covid hosp,1,2026-10-10,47,quantile,0.5,45.0
2026-10-03,wk inc covid hosp,1,2026-10-10,47,quantile,0.55,48.0
2026-10-03,wk inc covid hosp,1,2026-10-10,47,quantile,0.6,48.0
2026-10-03,wk inc covid hosp,1,2026-10-10,47,quantile,0.65,49.0
2026-10-03,wk inc covid hosp,1,2026-10-10,47,quantile,0.7,50.0
2026-10-03,wk inc covid hosp,1,2026-10-10,47,quantile,0.75,57.0
2026-10-03,wk inc covid hosp,1,2026-10-10,47,quantile,0.8,60.0
2026-10-03,wk inc covid hosp,1,2026-10-10,47,quantile,0.85,65.0
2026-10-03,wk inc covid hosp,1,2026-10-10,47,quantile,0.9,68.0
2026-10-03,wk inc covid hosp,1,2026-10-10,47,quantile,0.95,76.0
2026-10-03,wk inc covid hosp,1,2026-10-10,47,quantile,0.975,92.0
2026-10-03,wk inc covid hosp,1,2026-10-10,47,quantile,0.99,137.0
2026-10-03,wk inc covid hosp,1,2026-10-10,48,quantile,0.01,26.0
2026-10-03,wk inc covid hosp,1,2026-10-10,48,quantile,0.025,74.0
2026-10-03,wk inc covid hosp,1,2026-10-10,48,quantile,0.05,127.0
2026-10-03,wk inc covid hosp,1,2026-10-10,48,quantile,0.1,150.0
2026-10-03,wk inc covid hosp,1,2026-10-10,48,quantile,0.15,188.0
2026-10-03,wk inc covid hosp,1,2026-10-10,48,quantile,0.2,196.0
2026-10-03,wk inc covid hosp,1,2026-10-10,48,quantile,0.25,228.0
2026-10-03,wk inc covid hosp,1,2026-10-10,48,quantile,0.3,234.0
2026-10-03,wk inc covid hosp,1,2026-10-10,48,quantile,0.35,254.0
2026-10-03,wk inc covid hosp,1,2026-10-10,48,quantile,0.4,254.0
2026-10-03,wk inc covid hosp,1,2026-10-10,48,quantile,0.45,265.0
2026-10-03,wk inc covid hosp,1,2026-10-10,48,quantile,0.5,280.0
2026-10-03,wk inc covid hosp,1,2026-10-10,48,quantile,0.55,298.0
2026-10-03,wk inc covid hosp,1,2026-10-10,48,quantile,0.6,298.0
2026-10-03,wk inc covid hosp,1,2026-10-10,48,quantile,0.65,298.0
2026-10-03,wk inc covid hosp,1,2026-10-10,48,quantile,0.7,312.0
2026-10-03,wk inc covid hosp,1,2026-10-10,48,quantile,0.75,326.0
2026-10-03,wk inc covid hosp,1,2026-10-10,48,quantile,0.8,342.0
2026-10-03,wk inc covid hosp,1,2026-10-10,48,quantile,0.85,361.0
2026-10-03,wk inc covid hosp,1,2026-10-10,48,quantile,0.9,361.0
2026-10-03,wk inc covid hosp,1,2026-10-10,48,quantile,0.95,432.0
2026-10-03,wk inc covid hosp,1,2026-10-10,48,quantile,0.975,513.0
2026-10-03,wk inc covid hosp,1,2026-10-10,48,quantile,0.99,671.0
2026-10-03,wk inc covid hosp,1,2026-10-10,49,quantile,0.01,2.0
2026-10-03,wk inc covid hosp,1,2026-10-10,49,quantile,0.025,4.0
2026-10-03,wk inc covid hosp,1,2026-10-10,49,quantile,0.05,4.0
2026-10-03,wk inc covid hosp,1,2026-10-10,49,quantile,0.1,8.0
2026-10-03,wk inc covid hosp,1,2026-10-10,49,quantile,0.15,9.0
2026-10-03,wk inc covid hosp,1,2026-10-10,49,quantile,0.2,11.0
2026-10-03,wk inc covid hosp,1,2026-10-10,49,quantile,0.25,13.0
2026-10-03,wk inc covid hosp,1,2026-10-10,49,quantile,0.3,14.0
2026-10-03,wk inc covid hosp,1,2026-10-10,49,quantile,0.35,14.0
2026-10-03,wk inc covid hosp,1,2026-10-10,49,quantile,0.4,14.0
2026-10-03,wk inc covid hosp,1,2026-10-10,49,quantile,0.45,16.0
2026-10-03,wk inc covid hosp,1,2026-10-10,49,quantile,0.5,17.0
2026-10-03,wk inc covid hosp,1,2026-10-10,49,quantile,0.55,18.0
2026-10-03,wk inc covid hosp,1,2026-10-10,49,quantile,0.6,18.0
2026-10-03,wk inc covid hosp,1,2026-10-10,49,quantile,0.65,19.0
2026-10-03,wk inc covid hosp,1,2026-10-10,49,quantile,0.7,20.0
2026-10-03,wk inc covid hosp,1,2026-10-10,49,quantile,0.75,22.0
2026-10-03,wk inc covid hosp,1,2026-10-10,49,quantile,0.8,23.0
2026-10-03,wk inc covid hosp,1,2026-10-10,49,quantile,0.85,27.0
2026-10-03,wk inc covid hosp,1,2026-10-10,49,quantile,0.9,30.0
2026-10-03,wk inc covid hosp,1,2026-10-10,49,quantile,0.95,32.0
2026-10-03,wk inc covid hosp,1,2026-10-10,49,quantile,0.975,41.0
2026-10-03,wk inc covid hosp,1,2026-10-10,49,quantile,0.99,69.0
2026-10-03,wk inc covid hosp,1,2026-10-10,50,quantile,0.01,0.0
2026-10-03,wk inc covid hosp,1,2026-10-10,50,quantile,0.025,1.0
2026-10-03,wk inc covid hosp,1,2026-10-10,50,quantile,0.05,1.0
2026-10-03,wk inc covid hosp,1,2026-10-10,50,quantile,0.1,1.0
2026-10-03,wk inc covid hosp,1,2026-10-10,50,quantile,0.15,2.0
2026-10-03,wk inc covid hosp,1,2026-10-10,50,quantile,0.2,3.0
2026-10-03,wk inc covid hosp,1,2026-10-10,50,quantile,0.25,3.0
2026-10-03,wk inc covid hosp,1,2026-10-10,50,quantile,0.3,4.0
2026-10-03,wk inc covid hosp,1,2026-10-10,50,quantile,0.35,4.0
2026-10-03,wk inc covid hosp,1,2026-10-10,50,quantile,0.4,5.0
2026-10-03,wk inc covid hosp,1,2026-10-10,50,quantile,0.45,6.0
2026-10-03,wk inc covid hosp,1,2026-10-10,50,quantile,0.5,6.0
2026-10-03,wk inc covid hosp,1,2026-10-10,50,quantile,0.55,7.0
2026-10-03,wk inc covid hosp,1,2026-10-10,50,quantile,0.6,7.0
2026-10-03,wk inc covid hosp,1,2026-10-10,50,quantile,0.65,8.0
2026-10-03,wk inc covid hosp,1,2026-10-10,50,quantile,0.7,9.0
2026-10-03,wk inc covid hosp,1,2026-10-10,50,quantile,0.75,9.0
2026-10-03,wk inc covid hosp,1,2026-10-10,50,quantile,0.8,9.0
2026-10-03,wk inc covid hosp,1,2026-10-10,50,quantile,0.85,11.0
2026-10-03,wk inc covid hosp,1,2026-10-10,50,quantile,0.9,11.0
2026-10-03,wk inc covid hosp,1,2026-10-10,50,quantile,0.95,11.0
2026-10-03,wk inc covid hosp,1,2026-10-10,50,quantile,0.975,11.0
2026-10-03,wk inc covid hosp,1,2026-10-10,50,quantile,0.99,15.0
2026-10-03,wk inc covid hosp,1,2026-10-10,51,quantile,0.01,10.0
2026-10-03,wk inc covid hosp,1,2026-10-10,51,quantile,0.025,17.0
2026-10-03,wk inc covid hosp,1,2026-10-10,51,quantile,0.05,17.0
2026-10-03,wk inc covid hosp,1,2026-10-10,51,quantile,0.1,27.0
2026-10-03,wk inc covid hosp,1,2026-10-10,51,quantile,0.15,30.0
2026-10-03,wk inc covid hosp,1,2026-10-10,51,quantile,0.2,32.0
2026-10-03,wk inc covid hosp,1,2026-10-10,51,quantile,0.25,35.0
2026-10-03,wk inc covid hosp,1,2026-10-10,51,quantile,0.3,38.0
2026-10-03,wk inc covid hosp,1,2026-10-10,51,quantile,0.35,38.0
2026-10-03,wk inc covid hosp,1,2026-10-10,51,quantile,0.4,38.0
2026-10-03,wk inc covid hosp,1,2026-10-10,51,quantile,0.45,41.0
2026-10-03,wk inc covid hosp,1,2026-10-10,51,quantile,0.5,45.0
2026-10-03,wk inc covid hosp,1,2026-10-10,51,quantile,0.55,46.0
2026-10-03,wk inc covid hosp,1,2026-10-10,51,quantile,0.6,48.0
2026-10-03,wk inc covid hosp,1,2026-10-10,51,quantile,0.65,50.0
2026-10-03,wk inc covid hosp,1,2026-10-10,51,quantile,0.7,54.0
2026-10-03,wk inc covid hosp,1,2026-10-10,51,quantile,0.75,56.0
2026-10-03,wk inc covid hosp,1,2026-10-10,51,quantile,0.8,60.0
2026-10-03,wk inc covid hosp,1,2026-10-10,51,quantile,0.85,69.0
2026-10-03,wk inc covid hosp,1,2026-10-10,51,quantile,0.9,72.0
2026-10-03,wk inc covid hosp,1,2026-10-10,51,quantile,0.95,85.0
2026-10-03,wk inc covid hosp,1,2026-10-10,51,quantile,0.975,106.0
2026-10-03,wk inc covid hosp,1,2026-10-10,51,quantile,0.99,181.0
2026-10-03,wk inc covid hosp,1,2026-10-10,53,quantile,0.01,40.0
2026-10-03,wk inc covid hosp,1,2026-10-10,53,quantile,0.025,40.0
2026-10-03,wk inc covid hosp,1,2026-10-10,53,quantile,0.05,54.0
2026-10-03,wk inc covid hosp,1,2026-10-10,53,quantile,0.1,72.0
2026-10-03,wk inc covid hosp,1,2026-10-10,53,quantile,0.15,74.0
2026-10-03,wk inc covid hosp,1,2026-10-10,53,quantile,0.2,75.0
2026-10-03,wk inc covid hosp,1,2026-10-10,53,quantile,0.25,91.0
2026-10-03,wk inc covid hosp,1,2026-10-10,53,quantile,0.3,104.0
2026-10-03,wk inc covid hosp,1,2026-10-10,53,quantile,0.35,114.0
2026-10-03,wk inc covid hosp,1,2026-10-10,53,quantile,0.4,125.0
2026-10-03,wk inc covid hosp,1,2026-10-10,53,quantile,0.45,129.0
2026-10-03,wk inc covid hosp,1,2026-10-10,53,quantile,0.5,137.0
2026-10-03,wk inc covid hosp,1,2026-10-10,53,quantile,0.55,142.0
2026-10-03,wk inc covid hosp,1,2026-10-10,53,quantile,0.6,142.0
2026-10-03,wk inc covid hosp,1,2026-10-10,53,quantile,0.65,149.0
2026-10-03,wk inc covid hosp,1,2026-10-10,53,quantile,0.7,149.0
2026-10-03,wk inc covid hosp,1,2026-10-10,53,quantile,0.75,160.0
2026-10-03,wk inc covid hosp,1,2026-10-10,53,quantile,0.8,165.0
2026-10-03,wk inc covid hosp,1,2026-10-10,53,quantile,0.85,165.0
2026-10-03,wk inc covid hosp,1,2026-10-10,53,quantile,0.9,182.0
2026-10-03,wk inc covid hosp,1,2026-10-10,53,quantile,0.95,199.0
2026-10-03,wk inc covid hosp,1,2026-10-10,53,quantile,0.975,211.0
2026-10-03,wk inc covid hosp,1,2026-10-10,53,quantile,0.99,263.0
2026-10-03,wk inc covid hosp,1,2026-10-10,54,quantile,0.01,4.0
2026-10-03,wk inc covid hosp,1,2026-10-10,54,quantile,0.025,4.0
2026-10-03,wk inc covid hosp,1,2026-10-10,54,quantile,0.05,4.0
2026-10-03,wk inc covid hosp,1,2026-10-10,54,quantile,0.1,5.0
2026-10-03,wk inc covid hosp,1,2026-10-10,54,quantile,0.15,7.0
2026-10-03,wk inc covid hosp,1,2026-10-10,54,quantile,0.2,8.0
2026-10-03,wk inc covid hosp,1,2026-10-10,54,quantile,0.25,9.0
2026-10-03,wk inc covid hosp,1,2026-10-10,54,quantile,0.3,10.0
2026-10-03,wk inc covid hosp,1,2026-10-10,54,quantile,0.35,11.0
2026-10-03,wk inc covid hosp,1,2026-10-10,54,quantile,0.4,12.0
2026-10-03,wk inc covid hosp,1,2026-10-10,54,quantile,0.45,13.0
2026-10-03,wk inc covid hosp,1,2026-10-10,54,quantile,0.5,14.0
2026-10-03,wk inc covid hosp,1,2026-10-10,54,quantile,0.55,16.0
2026-10-03,wk inc covid hosp,1,2026-10-10,54,quantile,0.6,16.0
2026-10-03,wk inc covid hosp,1,2026-10-10,54,quantile,0.65,17.0
2026-10-03,wk inc covid hosp,1,2026-10-10,54,quantile,0.7,19.0
2026-10-03,wk inc covid hosp,1,2026-10-10,54,quantile,0.75,19.0
2026-10-03,wk inc covid hosp,1,2026-10-10,54,quantile,0.8,21.0
2026-10-03,wk inc covid hosp,1,2026-10-10,54,quantile,0.85,22.0
2026-10-03,wk inc covid hosp,1,2026-10-10,54,quantile,0.9,26.0
2026-10-03,wk inc covid hosp,1,2026-10-10,54,quantile,0.95,30.0
2026-10-03,wk inc covid hosp,1,2026-10-10,54,quantile,0.975,33.0
2026-10-03,wk inc covid hosp,1,2026-10-10,54,quantile,0.99,41.0
2026-10-03,wk inc covid hosp,1,2026-10-10,55,quantile,0.01,4.0
2026-10-03,wk inc covid hosp,1,2026-10-10,55,quantile,0.025,7.0
2026-10-03,wk inc covid hosp,1,2026-10-10,55,quantile,0.05,7.0
2026-10-03,wk inc covid hosp,1,2026-10-10,55,quantile,0.1,15.0
2026-10-03,wk inc covid hosp,1,2026-10-10,55,quantile,0.15,18.0
2026-10-03,wk inc covid hosp,1,2026-10-10,55,quantile,0.2,20.0
2026-10-03,wk inc covid hosp,1,2026-10-10,55,quantile,0.25,23.0
2026-10-03,wk inc covid hosp,1,2026-10-10,55,quantile,0.3,24.0
2026-10-03,wk inc covid hosp,1,2026-10-10,55,quantile,0.35,25.0
2026-10-03,wk inc covid hosp,1,2026-10-10,55,quantile,0.4,25.0
2026-10-03,wk inc covid hosp,1,2026-10-10,55,quantile,0.45,26.0
2026-10-03,wk inc covid hosp,1,2026-10-10,55,quantile,0.5,29.0
2026-10-03,wk inc covid hosp,1,2026-10-10,55,quantile,0.55,30.0
2026-10-03,wk inc covid hosp,1,2026-10-10,55,quantile,0.6,30.0
2026-10-03,wk inc covid hosp,1,2026-10-10,55,quantile,0.65,31.0
2026-10-03,wk inc covid hosp,1,2026-10-10,55,quantile,0.7,34.0
2026-10-03,wk inc covid hosp,1,2026-10-10,55,quantile,0.75,36.0
2026-10-03,wk inc covid hosp,1,2026-10-10,55,quantile,0.8,39.0
2026-10-03,wk inc covid hosp,1,2026-10-10,55,quantile,0.85,45.0
2026-10-03,wk inc covid hosp,1,2026-10-10,55,quantile,0.9,48.0
2026-10-03,wk inc covid hosp,1,2026-10-10,55,quantile,0.95,59.0
2026-10-03,wk inc covid hosp,1,2026-10-10,55,quantile,0.975,72.0
2026-10-03,wk inc covid hosp,1,2026-10-10,55,quantile,0.99,124.0
2026-10-03,wk inc covid hosp,1,2026-10-10,56,quantile,0.01,0.0
2026-10-03,wk inc covid hosp,1,2026-10-10,56,quantile,0.025,0.0
2026-10-03,wk inc covid hosp,1,2026-10-10,56,quantile,0.05,0.0
2026-10-03,wk inc covid hosp,1,2026-10-10,56,quantile,0.1,0.0
2026-10-03,wk inc covid hosp,1,2026-10-10,56,quantile,0.15,1.0
2026-10-03,wk inc covid hosp,1,2026-10-10,56,quantile,0.2,2.0
2026-10-03,wk inc covid hosp,1,2026-10-10,56,quantile,0.25,2.0
2026-10-03,wk inc covid hosp,1,2026-10-10,56,quantile,0.3,2.0
2026-10-03,wk inc covid hosp,1,2026-10-10,56,quantile,0.35,2.0
2026-10-03,wk inc covid hosp,1,2026-10-10,56,quantile,0.4,2.0
2026-10-03,wk inc covid hosp,1,2026-10-10,56,quantile,0.45,3.0
2026-10-03,wk inc covid hosp,1,2026-10-10,56,quantile,0.5,3.0
2026-10-03,wk inc covid hosp,1,2026-10-10,56,quantile,0.55,3.0
2026-10-03,wk inc covid hosp,1,2026-10-10,56,quantile,0.6,4.0
2026-10-03,wk inc covid hosp,1,2026-10-10,56,quantile,0.65,4.0
2026-10-03,wk inc covid hosp,1,2026-10-10,56,quantile,0.7,5.0
2026-10-03,wk inc covid hosp,1,2026-10-10,56,quantile,0.75,5.0
2026-10-03,wk inc covid hosp,1,2026-10-10,56,quantile,0.8,5.0
2026-10-03,wk inc covid hosp,1,2026-10-10,56,quantile,0.85,6.0
2026-10-03,wk inc covid hosp,1,2026-10-10,56,quantile,0.9,7.0
2026-10-03,wk inc covid hosp,1,2026-10-10,56,quantile,0.95,8.0
2026-10-03,wk inc covid hosp,1,2026-10-10,56,quantile,0.975,9.0
2026-10-03,wk inc covid hosp,1,2026-10-10,56,quantile,0.99,13.0
2026-10-03,wk inc covid hosp,1,2026-10-10,72,quantile,0.01,7.0
2026-10-03,wk inc covid hosp,1,2026-10-10,72,quantile,0.025,10.0
2026-10-03,wk inc covid hosp,1,2026-10-10,72,quantile,0.05,19.0
2026-10-03,wk inc covid hosp,1,2026-10-10,72,quantile,0.1,33.0
2026-10-03,wk inc covid hosp,1,2026-10-10,72,quantile,0.15,33.0
2026-10-03,wk inc covid hosp,1,2026-10-10,72,quantile,0.2,36.0
2026-10-03,wk inc covid hosp,1,2026-10-10,72,quantile,0.25,46.0
2026-10-03,wk inc covid hosp,1,2026-10-10,72,quantile,0.3,48.0
2026-10-03,wk inc covid hosp,1,2026-10-10,72,quantile,0.35,54.0
2026-10-03,wk inc covid hosp,1,2026-10-10,72,quantile,0.4,62.0
2026-10-03,wk inc covid hosp,1,2026-10-10,72,quantile,0.45,62.0
2026-10-03,wk inc covid hosp,1,2026-10-10,72,quantile,0.5,70.0
2026-10-03,wk inc covid hosp,1,2026-10-10,72,quantile,0.55,73.0
2026-10-03,wk inc covid hosp,1,2026-10-10,72,quantile,0.6,75.0
2026-10-03,wk inc covid hosp,1,2026-10-10,72,quantile,0.65,82.0
2026-10-03,wk inc covid hosp,1,2026-10-10,72,quantile,0.7,84.0
2026-10-03,wk inc covid hosp,1,2026-10-10,72,quantile,0.75,89.0
2026-10-03,wk inc covid hosp,1,2026-10-10,72,quantile,0.8,92.0
2026-10-03,wk inc covid hosp,1,2026-10-10,72,quantile,0.85,99.0
2026-10-03,wk inc covid hosp,1,2026-10-10,72,quantile,0.9,105.0
2026-10-03,wk inc covid hosp,1,2026-10-10,72,quantile,0.95,122.0
2026-10-03,wk inc covid hosp,1,2026-10-10,72,quantile,0.975,127.0
2026-10-03,wk inc covid hosp,1,2026-10-10,72,quantile,0.99,163.0
2026-10-03,wk inc covid hosp,2,2026-10-17,01,quantile,0.01,20.0
2026-10-03,wk inc covid hosp,2,2026-10-17,01,quantile,0.025,24.0
2026-10-03,wk inc covid hosp,2,2026-10-17,01,quantile,0.05,36.0
2026-10-03,wk inc covid hosp,2,2026-10-17,01,quantile,0.1,36.0
2026-10-03,wk inc covid hosp,2,2026-10-17,01,quantile,0.15,38.0
2026-10-03,wk inc covid hosp,2,2026-10-17,01,quantile,0.2,40.0
2026-10-03,wk inc covid hosp,2,2026-10-17,01,quantile,0.25,44.0
2026-10-03,wk inc covid hosp,2,2026-10-17,01,quantile,0.3,51.0
2026-10-03,wk inc covid hosp,2,2026-10-17,01,quantile,0.35,53.0
2026-10-03,wk inc covid hosp,2,2026-10-17,01,quantile,0.4,59.0
2026-10-03,wk inc covid hosp,2,2026-10-17,01,quantile,0.45,59.0
2026-10-03,wk inc covid hosp,2,2026-10-17,01,quantile,0.5,64.0
2026-10-03,wk inc covid hosp,2,2026-10-17,01,quantile,0.55,67.0
2026-10-03,wk inc covid hosp,2,2026-10-17,01,quantile,0.6,68.0
2026-10-03,wk inc covid hosp,2,2026-10-17,01,quantile,0.65,69.0
2026-10-03,wk inc covid hosp,2,2026-10-17,01,quantile,0.7,70.0
2026-10-03,wk inc covid hosp,2,2026-10-17,01,quantile,0.75,74.0
2026-10-03,wk inc covid hosp,2,2026-10-17,01,quantile,0.8,76.0
2026-10-03,wk inc covid hosp,2,2026-10-17,01,quantile,0.85,76.0
2026-10-03,wk inc covid hosp,2,2026-10-17,01,quantile,0.9,78.0
2026-10-03,wk inc covid hosp,2,2026-10-17,01,quantile,0.95,88.0
2026-10-03,wk inc covid hosp,2,2026-10-17,01,quantile,0.975,104.0
2026-10-03,wk inc covid hosp,2,2026-10-17,01,quantile,0.99,116.0
2026-10-03,wk inc covid hosp,2,2026-10-17,02,quantile,0.01,0.0
2026-10-03,wk inc covid hosp,2,2026-10-17,02,quantile,0.025,0.0
2026-10-03,wk inc covid hosp,2,2026-10-17,02,quantile,0.05,0.0
2026-10-03,wk inc covid hosp,2,2026-10-17,02,quantile,0.1,1.0
2026-10-03,wk inc covid hosp,2,2026-10-17,02,quantile,0.15,1.0
2026-10-03,wk inc covid hosp,2,2026-10-17,02,quantile,0.2,1.0
2026-10-03,wk inc covid hosp,2,2026-10-17,02,quantile,0.25,2.0
2026-10-03,wk inc covid hosp,2,2026-10-17,02,quantile,0.3,2.0
2026-10-03,wk inc covid hosp,2,2026-10-17,02,quantile,0.35,2.0
2026-10-03,wk inc covid hosp,2,2026-10-17,02,quantile,0.4,3.0
2026-10-03,wk inc covid hosp,2,2026-10-17,02,quantile,0.45,3.0
2026-10-03,wk inc covid hosp,2,2026-10-17,02,quantile,0.5,3.0
2026-10-03,wk inc covid hosp,2,2026-10-17,02,quantile,0.55,3.0
2026-10-03,wk inc covid hosp,2,2026-10-17,02,quantile,0.6,4.0
2026-10-03,wk inc covid hosp,2,2026-10-17,02,quantile,0.65,4.0
2026-10-03,wk inc covid hosp,2,2026-10-17,02,quantile,0.7,4.0
2026-10-03,wk inc covid hosp,2,2026-10-17,02,quantile,0.75,5.0
2026-10-03,wk inc covid hosp,2,2026-10-17,02,quantile,0.8,5.0
2026-10-03,wk inc covid hosp,2,2026-10-17,02,quantile,0.85,5.0
2026-10-03,wk inc covid hosp,2,2026-10-17,02,quantile,0.9,6.0
2026-10-03,wk inc covid hosp,2,2026-10-17,02,quantile,0.95,9.0
2026-10-03,wk inc covid hosp,2,2026-10-17,02,quantile,0.975,11.0
2026-10-03,wk inc covid hosp,2,2026-10-17,02,quantile,0.99,16.0
2026-10-03,wk inc covid hosp,2,2026-10-17,04,quantile,0.01,26.0
2026-10-03,wk inc covid hosp,2,2026-10-17,04,quantile,0.025,26.0
2026-10-03,wk inc covid hosp,2,2026-10-17,04,quantile,0.05,31.0
2026-10-03,wk inc covid hosp,2,2026-10-17,04,quantile,0.1,31.0
2026-10-03,wk inc covid hosp,2,2026-10-17,04,quantile,0.15,40.0
2026-10-03,wk inc covid hosp,2,2026-10-17,04,quantile,0.2,48.0
2026-10-03,wk inc covid hosp,2,2026-10-17,04,quantile,0.25,48.0
2026-10-03,wk inc covid hosp,2,2026-10-17,04,quantile,0.3,52.0
2026-10-03,wk inc covid hosp,2,2026-10-17,04,quantile,0.35,52.0
2026-10-03,wk inc covid hosp,2,2026-10-17,04,quantile,0.4,52.0
2026-10-03,wk inc covid hosp,2,2026-10-17,04,quantile,0.45,53.0
2026-10-03,wk inc covid hosp,2,2026-10-17,04,quantile,0.5,57.0
2026-10-03,wk inc covid hosp,2,2026-10-17,04,quantile,0.55,59.0
2026-10-03,wk inc covid hosp,2,2026-10-17,04,quantile,0.6,61.0
2026-10-03,wk inc covid hosp,2,2026-10-17,04,quantile,0.65,64.0
2026-10-03,wk inc covid hosp,2,2026-10-17,04,quantile,0.7,64.0
2026-10-03,wk inc covid hosp,2,2026-10-17,04,quantile,0.75,68.0
2026-10-03,wk inc covid hosp,2,2026-10-17,04,quantile,0.8,73.0
2026-10-03,wk inc covid hosp,2,2026-10-17,04,quantile,0.85,77.0
2026-10-03,wk inc covid hosp,2,2026-10-17,04,quantile,0.9,77.0
2026-10-03,wk inc covid hosp,2,2026-10-17,04,quantile,0.95,91.0
2026-10-03,wk inc covid hosp,2,2026-10-17,04,quantile,0.975,118.0
2026-10-03,wk inc covid hosp,2,2026-10-17,04,quantile,0.99,186.0
2026-10-03,wk inc covid hosp,2,2026-10-17,05,quantile,0.01,3.0
2026-10-03,wk inc covid hosp,2,2026-10-17,05,quantile,0.025,6.0
2026-10-03,wk inc covid hosp,2,2026-10-17,05,quantile,0.05,7.0
2026-10-03,wk inc covid hosp,2,2026-10-17,05,quantile,0.1,10.0
2026-10-03,wk inc covid hosp,2,2026-10-17,05,quantile,0.15,13.0
2026-10-03,wk inc covid hosp,2,2026-10-17,05,quantile,0.2,13.0
2026-10-03,wk inc covid hosp,2,2026-10-17,05,quantile,0.25,14.0
2026-10-03,wk inc covid hosp,2,2026-10-17,05,quantile,0.3,15.0
2026-10-03,wk inc covid hosp,2,2026-10-17,05,quantile,0.35,15.0
2026-10-03,wk inc covid hosp,2,2026-10-17,05,quantile,0.4,16.0
2026-10-03,wk inc covid hosp,2,2026-10-17,05,quantile,0.45,17.0
2026-10-03,wk inc covid hosp,2,2026-10-17,05,quantile,0.5,18.0
2026-10-03,wk inc covid hosp,2,2026-10-17,05,quantile,0.55,19.0
2026-10-03,wk inc covid hosp,2,2026-10-17,05,quantile,0.6,19.0
2026-10-03,wk inc covid hosp,2,2026-10-17,05,quantile,0.65,21.0
2026-10-03,wk inc covid hosp,2,2026-10-17,05,quantile,0.7,21.0
2026-10-03,wk inc covid hosp,2,2026-10-17,05,quantile,0.75,21.0
2026-10-03,wk inc covid hosp,2,2026-10-17,05,quantile,0.8,23.0
2026-10-03,wk inc covid hosp,2,2026-10-17,05,quantile,0.85,24.0
2026-10-03,wk inc covid hosp,2,2026-10-17,05,quantile,0.9,27.0
2026-10-03,wk inc covid hosp,2,2026-10-17,05,quantile,0.95,31.0
2026-10-03,wk inc covid hosp,2,2026-10-17,05,quantile,0.975,40.0
2026-10-03,wk inc covid hosp,2,2026-10-17,05,quantile,0.99,65.0
2026-10-03,wk inc covid hosp,2,2026-10-17,06,quantile,0.01,278.0
2026-10-03,wk inc covid hosp,2,2026-10-17,06,quantile,0.025,278.0
2026-10-03,wk inc covid hosp,2,2026-10-17,06,quantile,0.05,390.0
2026-10-03,wk inc covid hosp,2,2026-10-17,06,quantile,0.1,392.0
2026-10-03,wk inc covid hosp,2,2026-10-17,06,quantile,0.15,429.0
2026-10-03,wk inc covid hosp,2,2026-10-17,06,quantile,0.2,481.0
2026-10-03,wk inc covid hosp,2,2026-10-17,06,quantile,0.25,520.0
2026-10-03,wk inc covid hosp,2,2026-10-17,06,quantile,0.3,570.0
2026-10-03,wk inc covid hosp,2,2026-10-17,06,quantile,0.35,610.0
2026-10-03,wk inc covid hosp,2,2026-10-17,06,quantile,0.4,689.0
2026-10-03,wk inc covid hosp,2,2026-10-17,06,quantile,0.45,689.0
2026-10-03,wk inc covid hosp,2,2026-10-17,06,quantile,0.5,698.0
2026-10-03,wk inc covid hosp,2,2026-10-17,06,quantile,0.55,717.0
2026-10-03,wk inc covid hosp,2,2026-10-17,06,quantile,0.6,723.0
2026-10-03,wk inc covid hosp,2,2026-10-17,06,quantile,0.65,737.0
2026-10-03,wk inc covid hosp,2,2026-10-17,06,quantile,0.7,737.0
2026-10-03,wk inc covid hosp,2,2026-10-17,06,quantile,0.75,742.0
2026-10-03,wk inc covid hosp,2,2026-10-17,06,quantile,0.8,762.0
2026-10-03,wk inc covid hosp,2,2026-10-17,06,quantile,0.85,766.0
2026-10-03,wk inc covid hosp,2,2026-10-17,06,quantile,0.9,766.0
2026-10-03,wk inc covid hosp,2,2026-10-17,06,quantile,0.95,861.0
2026-10-03,wk inc covid hosp,2,2026-10-17,06,quantile,0.975,982.0
2026-10-03,wk inc covid hosp,2,2026-10-17,06,quantile,0.99,1219.0
2026-10-03,wk inc covid hosp,2,2026-10-17,08,quantile,0.01,6.0
2026-10-03,wk inc covid hosp,2,2026-10-17,08,quantile,0.025,12.0
2026-10-03,wk inc covid hosp,2,2026-10-17,08,quantile,0.05,12.0
2026-10-03,wk inc covid hosp,2,2026-10-17,08,quantile,0.1,18.0
2026-10-03,wk inc covid hosp,2,2026-10-17,08,quantile,0.15,24.0
2026-10-03,wk inc covid hosp,2,2026-10-17,08,quantile,0.2,26.0
2026-10-03,wk inc covid hosp,2,2026-10-17,08,quantile,0.25,26.0
2026-10-03,wk inc covid hosp,2,2026-10-17,08,quantile,0.3,29.0
2026-10-03,wk inc covid hosp,2,2026-10-17,08,quantile,0.35,29.0
2026-10-03,wk inc covid hosp,2,2026-10-17,08,quantile,0.4,29.0
2026-10-03,wk inc covid hosp,2,2026-10-17,08,quantile,0.45,29.0
2026-10-03,wk inc covid hosp,2,2026-10-17,08,quantile,0.5,32.0
2026-10-03,wk inc covid hosp,2,2026-10-17,08,quantile,0.55,33.0
2026-10-03,wk inc covid hosp,2,2026-10-17,08,quantile,0.6,33.0
2026-10-03,wk inc covid hosp,2,2026-10-17,08,quantile,0.65,35.0
2026-10-03,wk inc covid hosp,2,2026-10-17,08,quantile,0.7,37.0
2026-10-03,wk inc covid hosp,2,2026-10-17,08,quantile,0.75,38.0
2026-10-03,wk inc covid hosp,2,2026-10-17,08,quantile,0.8,41.0
2026-10-03,wk inc covid hosp,2,2026-10-17,08,quantile,0.85,47.0
2026-10-03,wk inc covid hosp,2,2026-10-17,08,quantile,0.9,54.0
2026-10-03,wk inc covid hosp,2,2026-10-17,08,quantile,0.95,68.0
2026-10-03,wk inc covid hosp,2,2026-10-17,08,quantile,0.975,76.0
2026-10-03,wk inc covid hosp,2,2026-10-17,08,quantile,0.99,121.0
2026-10-03,wk inc covid hosp,2,2026-10-17,09,quantile,0.01,4.0
2026-10-03,wk inc covid hosp,2,2026-10-17,09,quantile,0.025,8.0
2026-10-03,wk inc covid hosp,2,2026-10-17,09,quantile,0.05,10.0
2026-10-03,wk inc covid hosp,2,2026-10-17,09,quantile,0.1,13.0
2026-10-03,wk inc covid hosp,2,2026-10-17,09,quantile,0.15,17.0
2026-10-03,wk inc covid hosp,2,2026-10-17,09,quantile,0.2,19.0
2026-10-03,wk inc covid hosp,2,2026-10-17,09,quantile,0.25,19.0
2026-10-03,wk inc covid hosp,2,2026-10-17,09,quantile,0.3,21.0
2026-10-03,wk inc covid hosp,2,2026-10-17,09,quantile,0.35,21.0
2026-10-03,wk inc covid hosp,2,2026-10-17,09,quantile,0.4,21.0
2026-10-03,wk inc covid hosp,2,2026-10-17,09,quantile,0.45,22.0
2026-10-03,wk inc covid hosp,2,2026-10-17,09,quantile,0.5,23.0
2026-10-03,wk inc covid hosp,2,2026-10-17,09,quantile,0.55,24.0
2026-10-03,wk inc covid hosp,2,2026-10-17,09,quantile,0.6,25.0
2026-10-03,wk inc covid hosp,2,2026-10-17,09,quantile,0.65,27.0
2026-10-03,wk inc covid hosp,2,2026-10-17,09,quantile,0.7,28.0
2026-10-03,wk inc covid hosp,2,2026-10-17,09,quantile,0.75,30.0
2026-10-03,wk inc covid hosp,2,2026-10-17,09,quantile,0.8,33.0
2026-10-03,wk inc covid hosp,2,2026-10-17,09,quantile,0.85,33.0
2026-10-03,wk inc covid hosp,2,2026-10-17,09,quantile,0.9,39.0
2026-10-03,wk inc covid hosp,2,2026-10-17,09,quantile,0.95,45.0
2026-10-03,wk inc covid hosp,2,2026-10-17,09,quantile,0.975,51.0
2026-10-03,wk inc covid hosp,2,2026-10-17,09,quantile,0.99,75.0
2026-10-03,wk inc covid hosp,2,2026-10-17,10,quantile,0.01,2.0
2026-10-03,wk inc covid hosp,2,2026-10-17,10,quantile,0.025,2.0
2026-10-03,wk inc covid hosp,2,2026-10-17,10,quantile,0.05,4.0
2026-10-03,wk inc covid hosp,2,2026-10-17,10,quantile,0.1,4.0
2026-10-03,wk inc covid hosp,2,2026-10-17,10,quantile,0.15,5.0
2026-10-03,wk inc covid hosp,2,2026-10-17,10,quantile,0.2,7.0
2026-10-03,wk inc covid hosp,2,2026-10-17,10,quantile,0.25,7.0
2026-10-03,wk inc covid hosp,2,2026-10-17,10,quantile,0.3,8.0
2026-10-03,wk inc covid hosp,2,2026-10-17,10,quantile,0.35,8.0
2026-10-03,wk inc covid hosp,2,2026-10-17,10,quantile,0.4,8.0
2026-10-03,wk inc covid hosp,2,2026-10-17,10,quantile,0.45,8.0
2026-10-03,wk inc covid hosp,2,2026-10-17,10,quantile,0.5,9.0
2026-10-03,wk inc covid hosp,2,2026-10-17,10,quantile,0.55,10.0
2026-10-03,wk inc covid hosp,2,2026-10-17,10,quantile,0.6,11.0
2026-10-03,wk inc covid hosp,2,2026-10-17,10,quantile,0.65,11.0
2026-10-03,wk inc covid hosp,2,2026-10-17,10,quantile,0.7,12.0
2026-10-03,wk inc covid hosp,2,2026-10-17,10,quantile,0.75,13.0
2026-10-03,wk inc covid hosp,2,2026-10-17,10,quantile,0.8,13.0
2026-10-03,wk inc covid hosp,2,2026-10-17,10,quantile,0.85,14.0
2026-10-03,wk inc covid hosp,2,2026-10-17,10,quantile,0.9,14.0
2026-10-03,wk inc covid hosp,2,2026-10-17,10,quantile,0.95,16.0
2026-10-03,wk inc covid hosp,2,2026-10-17,10,quantile,0.975,18.0
2026-10-03,wk inc covid hosp,2,2026-10-17,10,quantile,0.99,25.0
2026-10-03,wk inc covid hosp,2,2026-10-17,11,quantile,0.01,0.0
2026-10-03,wk inc covid hosp,2,2026-10-17,11,quantile,0.025,1.0
2026-10-03,wk inc covid hosp,2,2026-10-17,11,quantile,0.05,2.0
2026-10-03,wk inc covid hosp,2,2026-10-17,11,quantile,0.1,2.0
2026-10-03,wk inc covid hosp,2,2026-10-17,11,quantile,0.15,3.0
2026-10-03,wk inc covid hosp,2,2026-10-17,11,quantile,0.2,4.0
2026-10-03,wk inc covid hosp,2,2026-10-17,11,quantile,0.25,4.0
2026-10-03,wk inc covid hosp,2,2026-10-17,11,quantile,0.3,4.0
2026-10-03,wk inc covid hosp,2,2026-10-17,11,quantile,0.35,5.0
2026-10-03,wk inc covid hosp,2,2026-10-17,11,quantile,0.4,5.0
2026-10-03,wk inc covid hosp,2,2026-10-17,11,quantile,0.45,6.0
2026-10-03,wk inc covid hosp,2,2026-10-17,11,quantile,0.5,6.0
2026-10-03,wk inc covid hosp,2,2026-10-17,11,quantile,0.55,7.0
2026-10-03,wk inc covid hosp,2,2026-10-17,11,quantile,0.6,7.0
2026-10-03,wk inc covid hosp,2,2026-10-17,11,quantile,0.65,8.0
2026-10-03,wk inc covid hosp,2,2026-10-17,11,quantile,0.7,9.0
2026-10-03,wk inc covid hosp,2,2026-10-17,11,quantile,0.75,9.0
2026-10-03,wk inc covid hosp,2,2026-10-17,11,quantile,0.8,10.0
2026-10-03,wk inc covid hosp,2,2026-10-17,11,quantile,0.85,10.0
2026-10-03,wk inc covid hosp,2,2026-10-17,11,quantile,0.9,10.0
2026-10-03,wk inc covid hosp,2,2026-10-17,11,quantile,0.95,12.0
2026-10-03,wk inc covid hosp,2,2026-10-17,11,quantile,0.975,13.0
2026-10-03,wk inc covid hosp,2,2026-10-17,11,quantile,0.99,16.0
2026-10-03,wk inc covid hosp,2,2026-10-17,12,quantile,0.01,93.0
2026-10-03,wk inc covid hosp,2,2026-10-17,12,quantile,0.025,105.0
2026-10-03,wk inc covid hosp,2,2026-10-17,12,quantile,0.05,175.0
2026-10-03,wk inc covid hosp,2,2026-10-17,12,quantile,0.1,193.0
2026-10-03,wk inc covid hosp,2,2026-10-17,12,quantile,0.15,224.0
2026-10-03,wk inc covid hosp,2,2026-10-17,12,quantile,0.2,228.0
2026-10-03,wk inc covid hosp,2,2026-10-17,12,quantile,0.25,268.0
2026-10-03,wk inc covid hosp,2,2026-10-17,12,quantile,0.3,282.0
2026-10-03,wk inc covid hosp,2,2026-10-17,12,quantile,0.35,283.0
2026-10-03,wk inc covid hosp,2,2026-10-17,12,quantile,0.4,313.0
2026-10-03,wk inc covid hosp,2,2026-10-17,12,quantile,0.45,328.0
2026-10-03,wk inc covid hosp,2,2026-10-17,12,quantile,0.5,342.0
2026-10-03,wk inc covid hosp,2,2026-10-17,12,quantile,0.55,351.0
2026-10-03,wk inc covid hosp,2,2026-10-17,12,quantile,0.6,359.0
2026-10-03,wk inc covid hosp,2,2026-10-17,12,quantile,0.65,359.0
2026-10-03,wk inc covid hosp,2,2026-10-17,12,quantile,0.7,370.0
2026-10-03,wk inc covid hosp,2,2026-10-17,12,quantile,0.75,384.0
2026-10-03,wk inc covid hosp,2,2026-10-17,12,quantile,0.8,384.0
2026-10-03,wk inc covid hosp,2,2026-10-17,12,quantile,0.85,390.0
2026-10-03,wk inc covid hosp,2,2026-10-17,12,quantile,0.9,390.0
2026-10-03,wk inc covid hosp,2,2026-10-17,12,quantile,0.95,439.0
2026-10-03,wk inc covid hosp,2,2026-10-17,12,quantile,0.975,495.0
2026-10-03,wk inc covid hosp,2,2026-10-17,12,quantile,0.99,578.0
2026-10-03,wk inc covid hosp,2,2026-10-17,13,quantile,0.01,32.0
2026-10-03,wk inc covid hosp,2,2026-10-17,13,quantile,0.025,32.0
2026-10-03,wk inc covid hosp,2,2026-10-17,13,quantile,0.05,32.0
2026-10-03,wk inc covid hosp,2,2026-10-17,13,quantile,0.1,41.0
2026-10-03,wk inc covid hosp,2,2026-10-17,13,quantile,0.15,48.0
2026-10-03,wk inc covid hosp,2,2026-10-17,13,quantile,0.2,53.0
2026-10-03,wk inc covid hosp,2,2026-10-17,13,quantile,0.25,55.0
2026-10-03,wk inc covid hosp,2,2026-10-17,13,quantile,0.3,55.0
2026-10-03,wk inc covid hosp,2,2026-10-17,13,quantile,0.35,56.0
2026-10-03,wk inc covid hosp,2,2026-10-17,13,quantile,0.4,58.0
2026-10-03,wk inc covid hosp,2,2026-10-17,13,quantile,0.45,63.0
2026-10-03,wk inc covid hosp,2,2026-10-17,13,quantile,0.5,66.0
2026-10-03,wk inc covid hosp,2,2026-10-17,13,quantile,0.55,67.0
2026-10-03,wk inc covid hosp,2,2026-10-17,13,quantile,0.6,69.0
2026-10-03,wk inc covid hosp,2,2026-10-17,13,quantile,0.65,73.0
2026-10-03,wk inc covid hosp,2,2026-10-17,13,quantile,0.7,75.0
2026-10-03,wk inc covid hosp,2,2026-10-17,13,quantile,0.75,76.0
2026-10-03,wk inc covid hosp,2,2026-10-17,13,quantile,0.8,86.0
2026-10-03,wk inc covid hosp,2,2026-10-17,13,quantile,0.85,88.0
2026-10-03,wk inc covid hosp,2,2026-10-17,13,quantile,0.9,90.0
2026-10-03,wk inc covid hosp,2,2026-10-17,13,quantile,0.95,110.0
2026-10-03,wk inc covid hosp,2,2026-10-17,13,quantile,0.975,137.0
2026-10-03,wk inc covid hosp,2,2026-10-17,13,quantile,0.99,227.0
2026-10-03,wk inc covid hosp,2,2026-10-17,15,quantile,0.01,8.0
2026-10-03,wk inc covid hosp,2,2026-10-17,15,quantile,0.025,8.0
2026-10-03,wk inc covid hosp,2,2026-10-17,15,quantile,0.05,11.0
2026-10-03,wk inc covid hosp,2,2026-10-17,15,quantile,0.1,16.0
2026-10-03,wk inc covid hosp,2,2026-10-17,15,quantile,0.15,16.0
2026-10-03,wk inc covid hosp,2,2026-10-17,15,quantile,0.2,16.0
2026-10-03,wk inc covid hosp,2,2026-10-17,15,quantile,0.25,20.0
2026-10-03,wk inc covid hosp,2,2026-10-17,15,quantile,0.3,21.0
2026-10-03,wk inc covid hosp,2,2026-10-17,15,quantile,0.35,22.0
2026-10-03,wk inc covid hosp,2,2026-10-17,15,quantile,0.4,26.0
2026-10-03,wk inc covid hosp,2,2026-10-17,15,quantile,0.45,26.0
2026-10-03,wk inc covid hosp,2,2026-10-17,15,quantile,0.5,27.0
2026-10-03,wk inc covid hosp,2,2026-10-17,15,quantile,0.55,29.0
2026-10-03,wk inc covid hosp,2,2026-10-17,15,quantile,0.6,29.0
2026-10-03,wk inc covid hosp,2,2026-10-17,15,quantile,0.65,31.0
2026-10-03,wk inc covid hosp,2,2026-10-17,15,quantile,0.7,32.0
2026-10-03,wk inc covid hosp,2,2026-10-17,15,quantile,0.75,34.0
2026-10-03,wk inc covid hosp,2,2026-10-17,15,quantile,0.8,37.0
2026-10-03,wk inc covid hosp,2,2026-10-17,15,quantile,0.85,40.0
2026-10-03,wk inc covid hosp,2,2026-10-17,15,quantile,0.9,41.0
2026-10-03,wk inc covid hosp,2,2026-10-17,15,quantile,0.95,45.0
2026-10-03,wk inc covid hosp,2,2026-10-17,15,quantile,0.975,54.0
2026-10-03,wk inc covid hosp,2,2026-10-17,15,quantile,0.99,64.0
2026-10-03,wk inc covid hosp,2,2026-10-17,16,quantile,0.01,3.0
2026-10-03,wk inc covid hosp,2,2026-10-17,16,quantile,0.025,3.0
2026-10-03,wk inc covid hosp,2,2026-10-17,16,quantile,0.05,5.0
2026-10-03,wk inc covid hosp,2,2026-10-17,16,quantile,0.1,6.0
2026-10-03,wk inc covid hosp,2,2026-10-17,16,quantile,0.15,7.0
2026-10-03,wk inc covid hosp,2,2026-10-17,16,quantile,0.2,8.0
2026-10-03,wk inc covid hosp,2,2026-10-17,16,quantile,0.25,8.0
2026-10-03,wk inc covid hosp,2,2026-10-17,16,quantile,0.3,8.0
2026-10-03,wk inc covid hosp,2,2026-10-17,16,quantile,0.35,10.0
2026-10-03,wk inc covid hosp,2,2026-10-17,16,quantile,0.4,11.0
2026-10-03,wk inc covid hosp,2,2026-10-17,16,quantile,0.45,11.0
2026-10-03,wk inc covid hosp,2,2026-10-17,16,quantile,0.5,13.0
2026-10-03,wk inc covid hosp,2,2026-10-17,16,quantile,0.55,14.0
2026-10-03,wk inc covid hosp,2,2026-10-17,16,quantile,0.6,14.0
2026-10-03,wk inc covid hosp,2,2026-10-17,16,quantile,0.65,15.0
2026-10-03,wk inc covid hosp,2,2026-10-17,16,quantile,0.7,16.0
2026-10-03,wk inc covid hosp,2,2026-10-17,16,quantile,0.75,17.0
2026-10-03,wk inc covid hosp,2,2026-10-17,16,quantile,0.8,19.0
2026-10-03,wk inc covid hosp,2,2026-10-17,16,quantile,0.85,20.0
2026-10-03,wk inc covid hosp,2,2026-10-17,16,quantile,0.9,21.0
2026-10-03,wk inc covid hosp,2,2026-10-17,16,quantile,0.95,25.0
2026-10-03,wk inc covid hosp,2,2026-10-17,16,quantile,0.975,27.0
2026-10-03,wk inc covid hosp,2,2026-10-17,16,quantile,0.99,38.0
2026-10-03,wk inc covid hosp,2,2026-10-17,17,quantile,0.01,20.0
2026-10-03,wk inc covid hosp,2,2026-10-17,17,quantile,0.025,27.0
2026-10-03,wk inc covid hosp,2,2026-10-17,17,quantile,0.05,28.0
2026-10-03,wk inc covid hosp,2,2026-10-17,17,quantile,0.1,42.0
2026-10-03,wk inc covid hosp,2,2026-10-17,17,quantile,0.15,51.0
2026-10-03,wk inc covid hosp,2,2026-10-17,17,quantile,0.2,55.0
2026-10-03,wk inc covid hosp,2,2026-10-17,17,quantile,0.25,58.0
2026-10-03,wk inc covid hosp,2,2026-10-17,17,quantile,0.3,63.0
2026-10-03,wk inc covid hosp,2,2026-10-17,17,quantile,0.35,63.0
2026-10-03,wk inc covid hosp,2,2026-10-17,17,quantile,0.4,63.0
2026-10-03,wk inc covid hosp,2,2026-10-17,17,quantile,0.45,63.0
2026-10-03,wk inc covid hosp,2,2026-10-17,17,quantile,0.5,64.0
2026-10-03,wk inc covid hosp,2,2026-10-17,17,quantile,0.55,66.0
2026-10-03,wk inc covid hosp,2,2026-10-17,17,quantile,0.6,67.0
2026-10-03,wk inc covid hosp,2,2026-10-17,17,quantile,0.65,69.0
2026-10-03,wk inc covid hosp,2,2026-10-17,17,quantile,0.7,74.0
2026-10-03,wk inc covid hosp,2,2026-10-17,17,quantile,0.75,77.0
2026-10-03,wk inc covid hosp,2,2026-10-17,17,quantile,0.8,85.0
2026-10-03,wk inc covid hosp,2,2026-10-17,17,quantile,0.85,93.0
2026-10-03,wk inc covid hosp,2,2026-10-17,17,quantile,0.9,102.0
2026-10-03,wk inc covid hosp,2,2026-10-17,17,quantile,0.95,125.0
2026-10-03,wk inc covid hosp,2,2026-10-17,17,quantile,0.975,161.0
2026-10-03,wk inc covid hosp,2,2026-10-17,17,quantile,0.99,268.0
2026-10-03,wk inc covid hosp,2,2026-10-17,18,quantile,0.01,10.0
2026-10-03,wk inc covid hosp,2,2026-10-17,18,quantile,0.025,13.0
2026-10-03,wk inc covid hosp,2,2026-10-17,18,quantile,0.05,14.0
2026-10-03,wk inc covid hosp,2,2026-10-17,18,quantile,0.1,24.0
2026-10-03,wk inc covid hosp,2,2026-10-17,18,quantile,0.15,26.0
2026-10-03,wk inc covid hosp,2,2026-10-17,18,quantile,0.2,26.0
2026-10-03,wk inc covid hosp,2,2026-10-17,18,quantile,0.25,28.0
2026-10-03,wk inc covid hosp,2,2026-10-17,18,quantile,0.3,28.0
2026-10-03,wk inc covid hosp,2,2026-10-17,18,quantile,0.35,29.0
2026-10-03,wk inc covid hosp,2,2026-10-17,18,quantile,0.4,30.0
2026-10-03,wk inc covid hosp,2,2026-10-17,18,quantile,0.45,32.0
2026-10-03,wk inc covid hosp,2,2026-10-17,18,quantile,0.5,36.0
2026-10-03,wk inc covid hosp,2,2026-10-17,18,quantile,0.55,36.0
2026-10-03,wk inc covid hosp,2,2026-10-17,18,quantile,0.6,40.0
2026-10-03,wk inc covid hosp,2,2026-10-17,18,quantile,0.65,40.0
2026-10-03,wk inc covid hosp,2,2026-10-17,18,quantile,0.7,40.0
2026-10-03,wk inc covid hosp,2,2026-10-17,18,quantile,0.75,43.0
2026-10-03,wk inc covid hosp,2,2026-10-17,18,quantile,0.8,48.0
2026-10-03,wk inc covid hosp,2,2026-10-17,18,quantile,0.85,52.0
2026-10-03,wk inc covid hosp,2,2026-10-17,18,quantile,0.9,55.0
2026-10-03,wk inc covid hosp,2,2026-10-17,18,quantile,0.95,67.0
2026-10-03,wk inc covid hosp,2,2026-10-17,18,quantile,0.975,84.0
2026-10-03,wk inc covid hosp,2,2026-10-17,18,quantile,0.99,142.0
2026-10-03,wk inc covid hosp,2,2026-10-17,19,quantile,0.01,3.0
2026-10-03,wk inc covid hosp,2,2026-10-17,19,quantile,0.025,5.0
2026-10-03,wk inc covid hosp,2,2026-10-17,19,quantile,0.05,6.0
2026-10-03,wk inc covid hosp,2,2026-10-17,19,quantile,0.1,9.0
2026-10-03,wk inc covid hosp,2,2026-10-17,19,quantile,0.15,11.0
2026-10-03,wk inc covid hosp,2,2026-10-17,19,quantile,0.2,13.0
2026-10-03,wk inc covid hosp,2,2026-10-17,19,quantile,0.25,13.0
2026-10-03,wk inc covid hosp,2,2026-10-17,19,quantile,0.3,13.0
2026-10-03,wk inc covid hosp,2,2026-10-17,19,quantile,0.35,14.0
2026-10-03,wk inc covid hosp,2,2026-10-17,19,quantile,0.4,14.0
2026-10-03,wk inc covid hosp,2,2026-10-17,19,quantile,0.45,15.0
2026-10-03,wk inc covid hosp,2,2026-10-17,19,quantile,0.5,16.0
2026-10-03,wk inc covid hosp,2,2026-10-17,19,quantile,0.55,16.0
2026-10-03,wk inc covid hosp,2,2026-10-17,19,quantile,0.6,17.0
2026-10-03,wk inc covid hosp,2,2026-10-17,19,quantile,0.65,18.0
2026-10-03,wk inc covid hosp,2,2026-10-17,19,quantile,0.7,20.0
2026-10-03,wk inc covid hosp,2,2026-10-17,19,quantile,0.75,20.0
2026-10-03,wk inc covid hosp,2,2026-10-17,19,quantile,0.8,22.0
2026-10-03,wk inc covid hosp,2,2026-10-17,19,quantile,0.85,25.0
2026-10-03,wk inc covid hosp,2,2026-10-17,19,quantile,0.9,27.0
2026-10-03,wk inc covid hosp,2,2026-10-17,19,quantile,0.95,38.0
2026-10-03,wk inc covid hosp,2,2026-10-17,19,quantile,0.975,40.0
2026-10-03,wk inc covid hosp,2,2026-10-17,19,quantile,0.99,65.0
2026-10-03,wk inc covid hosp,2,2026-10-17,20,quantile,0.01,2.0
2026-10-03,wk inc covid hosp,2,2026-10-17,20,quantile,0.025,3.0
2026-10-03,wk inc covid hosp,2,2026-10-17,20,quantile,0.05,3.0
2026-10-03,wk inc covid hosp,2,2026-10-17,20,quantile,0.1,4.0
2026-10-03,wk inc covid hosp,2,2026-10-17,20,quantile,0.15,6.0
2026-10-03,wk inc covid hosp,2,2026-10-17,20,quantile,0.2,7.0
2026-10-03,wk inc covid hosp,2,2026-10-17,20,quantile,0.25,7.0
2026-10-03,wk inc covid hosp,2,2026-10-17,20,quantile,0.3,8.0
2026-10-03,wk inc covid hosp,2,2026-10-17,20,quantile,0.35,8.0
2026-10-03,wk inc covid hosp,2,2026-10-17,20,quantile,0.4,9.0
2026-10-03,wk inc covid hosp,2,2026-10-17,20,quantile,0.45,10.0
2026-10-03,wk inc covid hosp,2,2026-10-17,20,quantile,0.5,10.0
2026-10-03,wk inc covid hosp,2,2026-10-17,20,quantile,0.55,12.0
2026-10-03,wk inc covid hosp,2,2026-10-17,20,quantile,0.6,14.0
2026-10-03,wk inc covid hosp,2,2026-10-17,20,quantile,0.65,14.0
2026-10-03,wk inc covid hosp,2,2026-10-17,20,quantile,0.7,16.0
2026-10-03,wk inc covid hosp,2,2026-10-17,20,quantile,0.75,17.0
2026-10-03,wk inc covid hosp,2,2026-10-17,20,quantile,0.8,19.0
2026-10-03,wk inc covid hosp,2,2026-10-17,20,quantile,0.85,19.0
2026-10-03,wk inc covid hosp,2,2026-10-17,20,quantile,0.9,19.0
2026-10-03,wk inc covid hosp,2,2026-10-17,20,quantile,0.95,25.0
2026-10-03,wk inc covid hosp,2,2026-10-17,20,quantile,0.975,35.0
2026-10-03,wk inc covid hosp,2,2026-10-17,20,quantile,0.99,61.0
2026-10-03,wk inc covid hosp,2,2026-10-17,21,quantile,0.01,5.0
2026-10-03,wk inc covid hosp,2,2026-10-17,21,quantile,0.025,7.0
2026-10-03,wk inc covid hosp,2,2026-10-17,21,quantile,0.05,7.0
2026-10-03,wk inc covid hosp,2,2026-10-17,21,quantile,0.1,15.0
2026-10-03,wk inc covid hosp,2,2026-10-17,21,quantile,0.15,17.0
2026-10-03,wk inc covid hosp,2,2026-10-17,21,quantile,0.2,17.0
2026-10-03,wk inc covid hosp,2,2026-10-17,21,quantile,0.25,19.0
2026-10-03,wk inc covid hosp,2,2026-10-17,21,quantile,0.3,19.0
2026-10-03,wk inc covid hosp,2,2026-10-17,21,quantile,0.35,21.0
2026-10-03,wk inc covid hosp,2,2026-10-17,21,quantile,0.4,22.0
2026-10-03,wk inc covid hosp,2,2026-10-17,21,quantile,0.45,22.0
2026-10-03,wk inc covid hosp,2,2026-10-17,21,quantile,0.5,23.0
2026-10-03,wk inc covid hosp,2,2026-10-17,21,quantile,0.55,24.0
2026-10-03,wk inc covid hosp,2,2026-10-17,21,quantile,0.6,26.0
2026-10-03,wk inc covid hosp,2,2026-10-17,21,quantile,0.65,28.0
2026-10-03,wk inc covid hosp,2,2026-10-17,21,quantile,0.7,30.0
2026-10-03,wk inc covid hosp,2,2026-10-17,21,quantile,0.75,33.0
2026-10-03,wk inc covid hosp,2,2026-10-17,21,quantile,0.8,34.0
2026-10-03,wk inc covid hosp,2,2026-10-17,21,quantile,0.85,34.0
2026-10-03,wk inc covid hosp,2,2026-10-17,21,quantile,0.9,36.0
2026-10-03,wk inc covid hosp,2,2026-10-17,21,quantile,0.95,42.0
2026-10-03,wk inc covid hosp,2,2026-10-17,21,quantile,0.975,55.0
2026-10-03,wk inc covid hosp,2,2026-10-17,21,quantile,0.99,87.0
2026-10-03,wk inc covid hosp,2,2026-10-17,22,quantile,0.01,14.0
2026-10-03,wk inc covid hosp,2,2026-10-17,22,quantile,0.025,14.0
2026-10-03,wk inc covid hosp,2,2026-10-17,22,quantile,0.05,30.0
2026-10-03,wk inc covid hosp,2,2026-10-17,22,quantile,0.1,30.0
2026-10-03,wk inc covid hosp,2,2026-10-17,22,quantile,0.15,33.0
2026-10-03,wk inc covid hosp,2,2026-10-17,22,quantile,0.2,36.0
2026-10-03,wk inc covid hosp,2,2026-10-17,22,quantile,0.25,37.0
2026-10-03,wk inc covid hosp,2,2026-10-17,22,quantile,0.3,45.0
2026-10-03,wk inc covid hosp,2,2026-10-17,22,quantile,0.35,46.0
2026-10-03,wk inc covid hosp,2,2026-10-17,22,quantile,0.4,49.0
2026-10-03,wk inc covid hosp,2,2026-10-17,22,quantile,0.45,50.0
2026-10-03,wk inc covid hosp,2,2026-10-17,22,quantile,0.5,53.0
2026-10-03,wk inc covid hosp,2,2026-10-17,22,quantile,0.55,56.0
2026-10-03,wk inc covid hosp,2,2026-10-17,22,quantile,0.6,58.0
2026-10-03,wk inc covid hosp,2,2026-10-17,22,quantile,0.65,59.0
2026-10-03,wk inc covid hosp,2,2026-10-17,22,quantile,0.7,60.0
2026-10-03,wk inc covid hosp,2,2026-10-17,22,quantile,0.75,61.0
2026-10-03,wk inc covid hosp,2,2026-10-17,22,quantile,0.8,66.0
2026-10-03,wk inc covid hosp,2,2026-10-17,22,quantile,0.85,66.0
2026-10-03,wk inc covid hosp,2,2026-10-17,22,quantile,0.9,69.0
2026-10-03,wk inc covid hosp,2,2026-10-17,22,quantile,0.95,79.0
2026-10-03,wk inc covid hosp,2,2026-10-17,22,quantile,0.975,93.0
2026-10-03,wk inc covid hosp,2,2026-10-17,22,quantile,0.99,111.0
2026-10-03,wk inc covid hosp,2,2026-10-17,23,quantile,0.01,0.0
2026-10-03,wk inc covid hosp,2,2026-10-17,23,quantile,0.025,1.0
2026-10-03,wk inc covid hosp,2,2026-10-17,23,quantile,0.05,1.0
2026-10-03,wk inc covid hosp,2,2026-10-17,23,quantile,0.1,1.0
2026-10-03,wk inc covid hosp,2,2026-10-17,23,quantile,0.15,2.0
2026-10-03,wk inc covid hosp,2,2026-10-17,23,quantile,0.2,4.0
2026-10-03,wk inc covid hosp,2,2026-10-17,23,quantile,0.25,4.0
2026-10-03,wk inc covid hosp,2,2026-10-17,23,quantile,0.3,4.0
2026-10-03,wk inc covid hosp,2,2026-10-17,23,quantile,0.35,4.0
2026-10-03,wk inc covid hosp,2,2026-10-17,23,quantile,0.4,4.0
2026-10-03,wk inc covid hosp,2,2026-10-17,23,quantile,0.45,4.0
2026-10-03,wk inc covid hosp,2,2026-10-17,23,quantile,0.5,5.0
2026-10-03,wk inc covid hosp,2,2026-10-17,23,quantile,0.55,6.0
2026-10-03,wk inc covid hosp,2,2026-10-17,23,quantile,0.6,6.0
2026-10-03,wk inc covid hosp,2,2026-10-17,23,quantile,0.65,7.0
2026-10-03,wk inc covid hosp,2,2026-10-17,23,quantile,0.7,8.0
2026-10-03,wk inc covid hosp,2,2026-10-17,23,quantile,0.75,8.0
2026-10-03,wk inc covid hosp,2,2026-10-17,23,quantile,0.8,10.0
2026-10-03,wk inc covid hosp,2,2026-10-17,23,quantile,0.85,11.0
2026-10-03,wk inc covid hosp,2,2026-10-17,23,quantile,0.9,11.0
2026-10-03,wk inc covid hosp,2,2026-10-17,23,quantile,0.95,15.0
2026-10-03,wk inc covid hosp,2,2026-10-17,23,quantile,0.975,16.0
2026-10-03,wk inc covid hosp,2,2026-10-17,23,quantile,0.99,23.0
2026-10-03,wk inc covid hosp,2,2026-10-17,24,quantile,0.01,8.0
2026-10-03,wk inc covid hosp,2,2026-10-17,24,quantile,0.025,12.0
2026-10-03,wk inc covid hosp,2,2026-10-17,24,quantile,0.05,15.0
2026-10-03,wk inc covid hosp,2,2026-10-17,24,quantile,0.1,19.0
2026-10-03,wk inc covid hosp,2,2026-10-17,24,quantile,0.15,26.0
2026-10-03,wk inc covid hosp,2,2026-10-17,24,quantile,0.2,29.0
2026-10-03,wk inc covid hosp,2,2026-10-17,24,quantile,0.25,30.0
2026-10-03,wk inc covid hosp,2,2026-10-17,24,quantile,0.3,32.0
2026-10-03,wk inc covid hosp,2,2026-10-17,24,quantile,0.35,32.0
2026-10-03,wk inc covid hosp,2,2026-10-17,24,quantile,0.4,34.0
2026-10-03,wk inc covid hosp,2,2026-10-17,24,quantile,0.45,34.0
2026-10-03,wk inc covid hosp,2,2026-10-17,24,quantile,0.5,37.0
2026-10-03,wk inc covid hosp,2,2026-10-17,24,quantile,0.55,38.0
2026-10-03,wk inc covid hosp,2,2026-10-17,24,quantile,0.6,38.0
2026-10-03,wk inc covid hosp,2,2026-10-17,24,quantile,0.65,39.0
2026-10-03,wk inc covid hosp,2,2026-10-17,24,quantile,0.7,44.0
2026-10-03,wk inc covid hosp,2,2026-10-17,24,quantile,0.75,44.0
2026-10-03,wk inc covid hosp,2,2026-10-17,24,quantile,0.8,48.0
2026-10-03,wk inc covid hosp,2,2026-10-17,24,quantile,0.85,52.0
2026-10-03,wk inc covid hosp,2,2026-10-17,24,quantile,0.9,56.0
2026-10-03,wk inc covid hosp,2,2026-10-17,24,quantile,0.95,69.0
2026-10-03,wk inc covid hosp,2,2026-10-17,24,quantile,0.975,80.0
2026-10-03,wk inc covid hosp,2,2026-10-17,24,quantile,0.99,129.0
2026-10-03,wk inc covid hosp,2,2026-10-17,25,quantile,0.01,13.0
2026-10-03,wk inc covid hosp,2,2026-10-17,25,quantile,0.025,16.0
2026-10-03,wk inc covid hosp,2,2026-10-17,25,quantile,0.05,16.0
2026-10-03,wk inc covid hosp,2,2026-10-17,25,quantile,0.1,23.0
2026-10-03,wk inc covid hosp,2,2026-10-17,25,quantile,0.15,29.0
2026-10-03,wk inc covid hosp,2,2026-10-17,25,quantile,0.2,33.0
2026-10-03,wk inc covid hosp,2,2026-10-17,25,quantile,0.25,34.0
2026-10-03,wk inc covid hosp,2,2026-10-17,25,quantile,0.3,37.0
2026-10-03,wk inc covid hosp,2,2026-10-17,25,quantile,0.35,37.0
2026-10-03,wk inc covid hosp,2,2026-10-17,25,quantile,0.4,38.0
2026-10-03,wk inc covid hosp,2,2026-10-17,25,quantile,0.45,38.0
2026-10-03,wk inc covid hosp,2,2026-10-17,25,quantile,0.5,40.0
2026-10-03,wk inc covid hosp,2,2026-10-17,25,quantile,0.55,43.0
2026-10-03,wk inc covid hosp,2,2026-10-17,25,quantile,0.6,45.0
2026-10-03,wk inc covid hosp,2,2026-10-17,25,quantile,0.65,47.0
2026-10-03,wk inc covid hosp,2,2026-10-17,25,quantile,0.7,53.0
2026-10-03,wk inc covid hosp,2,2026-10-17,25,quantile,0.75,56.0
2026-10-03,wk inc covid hosp,2,2026-10-17,25,quantile,0.8,59.0
2026-10-03,wk inc covid hosp,2,2026-10-17,25,quantile,0.85,59.0
2026-10-03,wk inc covid hosp,2,2026-10-17,25,quantile,0.9,62.0
2026-10-03,wk inc covid hosp,2,2026-10-17,25,quantile,0.95,75.0
2026-10-03,wk inc covid hosp,2,2026-10-17,25,quantile,0.975,112.0
2026-10-03,wk inc covid hosp,2,2026-10-17,25,quantile,0.99,156.0
2026-10-03,wk inc covid hosp,2,2026-10-17,26,quantile,0.01,13.0
2026-10-03,wk inc covid hosp,2,2026-10-17,26,quantile,0.025,19.0
2026-10-03,wk inc covid hosp,2,2026-10-17,26,quantile,0.05,20.0
2026-10-03,wk inc covid hosp,2,2026-10-17,26,quantile,0.1,31.0
2026-10-03,wk inc covid hosp,2,2026-10-17,26,quantile,0.15,38.0
2026-10-03,wk inc covid hosp,2,2026-10-17,26,quantile,0.2,42.0
2026-10-03,wk inc covid hosp,2,2026-10-17,26,quantile,0.25,43.0
2026-10-03,wk inc covid hosp,2,2026-10-17,26,quantile,0.3,44.0
2026-10-03,wk inc covid hosp,2,2026-10-17,26,quantile,0.35,47.0
2026-10-03,wk inc covid hosp,2,2026-10-17,26,quantile,0.4,49.0
2026-10-03,wk inc covid hosp,2,2026-10-17,26,quantile,0.45,49.0
2026-10-03,wk inc covid hosp,2,2026-10-17,26,quantile,0.5,53.0
2026-10-03,wk inc covid hosp,2,2026-10-17,26,quantile,0.55,53.0
2026-10-03,wk inc covid hosp,2,2026-10-17,26,quantile,0.6,55.0
2026-10-03,wk inc covid hosp,2,2026-10-17,26,quantile,0.65,59.0
2026-10-03,wk inc covid hosp,2,2026-10-17,26,quantile,0.7,61.0
2026-10-03,wk inc covid hosp,2,2026-10-17,26,quantile,0.75,61.0
2026-10-03,wk inc covid hosp,2,2026-10-17,26,quantile,0.8,68.0
2026-10-03,wk inc covid hosp,2,2026-10-17,26,quantile,0.85,72.0
2026-10-03,wk inc covid hosp,2,2026-10-17,26,quantile,0.9,79.0
2026-10-03,wk inc covid hosp,2,2026-10-17,26,quantile,0.95,107.0
2026-10-03,wk inc covid hosp,2,2026-10-17,26,quantile,0.975,123.0
2026-10-03,wk inc covid hosp,2,2026-10-17,26,quantile,0.99,214.0
2026-10-03,wk inc covid hosp,2,2026-10-17,27,quantile,0.01,3.0
2026-10-03,wk inc covid hosp,2,2026-10-17,27,quantile,0.025,7.0
2026-10-03,wk inc covid hosp,2,2026-10-17,27,quantile,0.05,10.0
2026-10-03,wk inc covid hosp,2,2026-10-17,27,quantile,0.1,18.0
2026-10-03,wk inc covid hosp,2,2026-10-17,27,quantile,0.15,22.0
2026-10-03,wk inc covid hosp,2,2026-10-17,27,quantile,0.2,25.0
2026-10-03,wk inc covid hosp,2,2026-10-17,27,quantile,0.25,25.0
2026-10-03,wk inc covid hosp,2,2026-10-17,27,quantile,0.3,25.0
2026-10-03,wk inc covid hosp,2,2026-10-17,27,quantile,0.35,26.0
2026-10-03,wk inc covid hosp,2,2026-10-17,27,quantile,0.4,26.0
2026-10-03,wk inc covid hosp,2,2026-10-17,27,quantile,0.45,28.0
2026-10-03,wk inc covid hosp,2,2026-10-17,27,quantile,0.5,30.0
2026-10-03,wk inc covid hosp,2,2026-10-17,27,quantile,0.55,30.0
2026-10-03,wk inc covid hosp,2,2026-10-17,27,quantile,0.6,31.0
2026-10-03,wk inc covid hosp,2,2026-10-17,27,quantile,0.65,32.0
2026-10-03,wk inc covid hosp,2,2026-10-17,27,quantile,0.7,35.0
2026-10-03,wk inc covid hosp,2,2026-10-17,27,quantile,0.75,37.0
2026-10-03,wk inc covid hosp,2,2026-10-17,27,quantile,0.8,40.0
2026-10-03,wk inc covid hosp,2,2026-10-17,27,quantile,0.85,44.0
2026-10-03,wk inc covid hosp,2,2026-10-17,27,quantile,0.9,45.0
2026-10-03,wk inc covid hosp,2,2026-10-17,27,quantile,0.95,58.0
2026-10-03,wk inc covid hosp,2,2026-10-17,27,quantile,0.975,76.0
2026-10-03,wk inc covid hosp,2,2026-10-17,27,quantile,0.99,122.0
2026-10-03,wk inc covid hosp,2,2026-10-17,28,quantile,0.01,4.0
2026-10-03,wk inc covid hosp,2,2026-10-17,28,quantile,0.025,6.0
2026-10-03,wk inc covid hosp,2,2026-10-17,28,quantile,0.05,9.0
2026-10-03,wk inc covid hosp,2,2026-10-17,28,quantile,0.1,11.0
2026-10-03,wk inc covid hosp,2,2026-10-17,28,quantile,0.15,16.0
2026-10-03,wk inc covid hosp,2,2026-10-17,28,quantile,0.2,18.0
2026-10-03,wk inc covid hosp,2,2026-10-17,28,quantile,0.25,18.0
2026-10-03,wk inc covid hosp,2,2026-10-17,28,quantile,0.3,18.0
2026-10-03,wk inc covid hosp,2,2026-10-17,28,quantile,0.35,19.0
2026-10-03,wk inc covid hosp,2,2026-10-17,28,quantile,0.4,20.0
2026-10-03,wk inc covid hosp,2,2026-10-17,28,quantile,0.45,21.0
2026-10-03,wk inc covid hosp,2,2026-10-17,28,quantile,0.5,23.0
2026-10-03,wk inc covid hosp,2,2026-10-17,28,quantile,0.55,24.0
2026-10-03,wk inc covid hosp,2,2026-10-17,28,quantile,0.6,26.0
2026-10-03,wk inc covid hosp,2,2026-10-17,28,quantile,0.65,27.0
2026-10-03,wk inc covid hosp,2,2026-10-17,28,quantile,0.7,28.0
2026-10-03,wk inc covid hosp,2,2026-10-17,28,quantile,0.75,29.0
2026-10-03,wk inc covid hosp,2,2026-10-17,28,quantile,0.8,30.0
2026-10-03,wk inc covid hosp,2,2026-10-17,28,quantile,0.85,33.0
2026-10-03,wk inc covid hosp,2,2026-10-17,28,quantile,0.9,35.0
2026-10-03,wk inc covid hosp,2,2026-10-17,28,quantile,0.95,36.0
2026-10-03,wk inc covid hosp,2,2026-10-17,28,quantile,0.975,40.0
2026-10-03,wk inc covid hosp,2,2026-10-17,28,quantile,0.99,57.0
2026-10-03,wk inc covid hosp,2,2026-10-17,29,quantile,0.01,21.0
2026-10-03,wk inc covid hosp,2,2026-10-17,29,quantile,0.025,21.0
2026-10-03,wk inc covid hosp,2,2026-10-17,29,quantile,0.05,21.0
2026-10-03,wk inc covid hosp,2,2026-10-17,29,quantile,0.1,25.0
2026-10-03,wk inc covid hosp,2,2026-10-17,29,quantile,0.15,33.0
2026-10-03,wk inc covid hosp,2,2026-10-17,29,quantile,0.2,34.0
2026-10-03,wk inc covid hosp,2,2026-10-17,29,quantile,0.25,34.0
2026-10-03,wk inc covid hosp,2,2026-10-17,29,quantile,0.3,37.0
2026-10-03,wk inc covid hosp,2,2026-10-17,29,quantile,0.35,37.0
2026-10-03,wk inc covid hosp,2,2026-10-17,29,quantile,0.4,39.0
2026-10-03,wk inc covid hosp,2,2026-10-17,29,quantile,0.45,40.0
2026-10-03,wk inc covid hosp,2,2026-10-17,29,quantile,0.5,43.0
2026-10-03,wk inc covid hosp,2,2026-10-17,29,quantile,0.55,43.0
2026-10-03,wk inc covid hosp,2,2026-10-17,29,quantile,0.6,43.0
2026-10-03,wk inc covid hosp,2,2026-10-17,29,quantile,0.65,47.0
2026-10-03,wk inc covid hosp,2,2026-10-17,29,quantile,0.7,49.0
2026-10-03,wk inc covid hosp,2,2026-10-17,29,quantile,0.75,51.0
2026-10-03,wk inc covid hosp,2,2026-10-17,29,quantile,0.8,56.0
2026-10-03,wk inc covid hosp,2,2026-10-17,29,quantile,0.85,57.0
2026-10-03,wk inc covid hosp,2,2026-10-17,29,quantile,0.9,63.0
2026-10-03,wk inc covid hosp,2,2026-10-17,29,quantile,0.95,82.0
2026-10-03,wk inc covid hosp,2,2026-10-17,29,quantile,0.975,101.0
2026-10-03,wk inc covid hosp,2,2026-10-17,29,quantile,0.99,144.0
2026-10-03,wk inc covid hosp,2,2026-10-17,30,quantile,0.01,1.0
2026-10-03,wk inc covid hosp,2,2026-10-17,30,quantile,0.025,1.0
2026-10-03,wk inc covid hosp,2,2026-10-17,30,quantile,0.05,2.0
2026-10-03,wk inc covid hosp,2,2026-10-17,30,quantile,0.1,3.0
2026-10-03,wk inc covid hosp,2,2026-10-17,30,quantile,0.15,4.0
2026-10-03,wk inc covid hosp,2,2026-10-17,30,quantile,0.2,5.0
2026-10-03,wk inc covid hosp,2,2026-10-17,30,quantile,0.25,5.0
2026-10-03,wk inc covid hosp,2,2026-10-17,30,quantile,0.3,5.0
2026-10-03,wk inc covid hosp,2,2026-10-17,30,quantile,0.35,6.0
2026-10-03,wk inc covid hosp,2,2026-10-17,30,quantile,0.4,6.0
2026-10-03,wk inc covid hosp,2,2026-10-17,30,quantile,0.45,7.0
2026-10-03,wk inc covid hosp,2,2026-10-17,30,quantile,0.5,8.0
2026-10-03,wk inc covid hosp,2,2026-10-17,30,quantile,0.55,8.0
2026-10-03,wk inc covid hosp,2,2026-10-17,30,quantile,0.6,9.0
2026-10-03,wk inc covid hosp,2,2026-10-17,30,quantile,0.65,9.0
2026-10-03,wk inc covid hosp,2,2026-10-17,30,quantile,0.7,10.0
2026-10-03,wk inc covid hosp,2,2026-10-17,30,quantile,0.75,11.0
2026-10-03,wk inc covid hosp,2,2026-10-17,30,quantile,0.8,11.0
2026-10-03,wk inc covid hosp,2,2026-10-17,30,quantile,0.85,13.0
2026-10-03,wk inc covid hosp,2,2026-10-17,30,quantile,0.9,14.0
2026-10-03,wk inc covid hosp,2,2026-10-17,30,quantile,0.95,16.0
2026-10-03,wk inc covid hosp,2,2026-10-17,30,quantile,0.975,17.0
2026-10-03,wk inc covid hosp,2,2026-10-17,30,quantile,0.99,22.0
2026-10-03,wk inc covid hosp,2,2026-10-17,31,quantile,0.01,1.0
2026-10-03,wk inc covid hosp,2,2026-10-17,31,quantile,0.025,2.0
2026-10-03,wk inc covid hosp,2,2026-10-17,31,quantile,0.05,2.0
2026-10-03,wk inc covid hosp,2,2026-10-17,31,quantile,0.1,4.0
2026-10-03,wk inc covid hosp,2,2026-10-17,31,quantile,0.15,4.0
2026-10-03,wk inc covid hosp,2,2026-10-17,31,quantile,0.2,5.0
2026-10-03,wk inc covid hosp,2,2026-10-17,31,quantile,0.25,5.0
2026-10-03,wk inc covid hosp,2,2026-10-17,31,quantile,0.3,6.0
2026-10-03,wk inc covid hosp,2,2026-10-17,31,quantile,0.35,6.0
2026-10-03,wk inc covid hosp,2,2026-10-17,31,quantile,0.4,7.0
2026-10-03,wk inc covid hosp,2,2026-10-17,31,quantile,0.45,7.0
2026-10-03,wk inc covid hosp,2,2026-10-17,31,quantile,0.5,8.0
2026-10-03,wk inc covid hosp,2,2026-10-17,31,quantile,0.55,8.0
2026-10-03,wk inc covid hosp,2,2026-10-17,31,quantile,0.6,9.0
2026-10-03,wk inc covid hosp,2,2026-10-17,31,quantile,0.65,10.0
2026-10-03,wk inc covid hosp,2,2026-10-17,31,quantile,0.7,11.0
2026-10-03,wk inc covid hosp,2,2026-10-17,31,quantile,0.75,11.0
2026-10-03,wk inc covid hosp,2,2026-10-17,31,quantile,0.8,12.0
2026-10-03,wk inc covid hosp,2,2026-10-17,31,quantile,0.85,13.0
2026-10-03,wk inc covid hosp,2,2026-10-17,31,quantile,0.9,14.0
2026-10-03,wk inc covid hosp,2,2026-10-17,31,quantile,0.95,21.0
2026-10-03,wk inc covid hosp,2,2026-10-17,31,quantile,0.975,27.0
2026-10-03,wk inc covid hosp,2,2026-10-17,31,quantile,0.99,40.0
2026-10-03,wk inc covid hosp,2,2026-10-17,32,quantile,0.01,5.0
2026-10-03,wk inc covid hosp,2,2026-10-17,32,quantile,0.025,6.0
2026-10-03,wk inc covid hosp,2,2026-10-17,32,quantile,0.05,10.0
2026-10-03,wk inc covid hosp,2,2026-10-17,32,quantile,0.1,10.0
2026-10-03,wk inc covid hosp,2,2026-10-17,32,quantile,0.15,14.0
2026-10-03,wk inc covid hosp,2,2026-10-17,32,quantile,0.2,16.0
2026-10-03,wk inc covid hosp,2,2026-10-17,32,quantile,0.25,17.0
2026-10-03,wk inc covid hosp,2,2026-10-17,32,quantile,0.3,18.0
2026-10-03,wk inc covid hosp,2,2026-10-17,32,quantile,0.35,18.0
2026-10-03,wk inc covid hosp,2,2026-10-17,32,quantile,0.4,20.0
2026-10-03,wk inc covid hosp,2,2026-10-17,32,quantile,0.45,22.0
2026-10-03,wk inc covid hosp,2,2026-10-17,32,quantile,0.5,24.0
2026-10-03,wk inc covid hosp,2,2026-10-17,32,quantile,0.55,25.0
2026-10-03,wk inc covid hosp,2,2026-10-17,32,quantile,0.6,26.0
2026-10-03,wk inc covid hosp,2,2026-10-17,32,quantile,0.65,28.0
2026-10-03,wk inc covid hosp,2,2026-10-17,32,quantile,0.7,29.0
2026-10-03,wk inc covid hosp,2,2026-10-17,32,quantile,0.75,30.0
2026-10-03,wk inc covid hosp,2,2026-10-17,32,quantile,0.8,31.0
2026-10-03,wk inc covid hosp,2,2026-10-17,32,quantile,0.85,32.0
2026-10-03,wk inc covid hosp,2,2026-10-17,32,quantile,0.9,34.0
2026-10-03,wk inc covid hosp,2,2026-10-17,32,quantile,0.95,40.0
2026-10-03,wk inc covid hosp,2,2026-10-17,32,quantile,0.975,44.0
2026-10-03,wk inc covid hosp,2,2026-10-17,32,quantile,0.99,70.0
2026-10-03,wk inc covid hosp,2,2026-10-17,33,quantile,0.01,4.0
2026-10-03,wk inc covid hosp,2,2026-10-17,33,quantile,0.025,4.0
2026-10-03,wk inc covid hosp,2,2026-10-17,33,quantile,0.05,4.0
2026-10-03,wk inc covid hosp,2,2026-10-17,33,quantile,0.1,5.0
2026-10-03,wk inc covid hosp,2,2026-10-17,33,quantile,0.15,6.0
2026-10-03,wk inc covid hosp,2,2026-10-17,33,quantile,0.2,6.0
2026-10-03,wk inc covid hosp,2,2026-10-17,33,quantile,0.25,6.0
2026-10-03,wk inc covid hosp,2,2026-10-17,33,quantile,0.3,7.0
2026-10-03,wk inc covid hosp,2,2026-10-17,33,quantile,0.35,7.0
2026-10-03,wk inc covid hosp,2,2026-10-17,33,quantile,0.4,9.0
2026-10-03,wk inc covid hosp,2,2026-10-17,33,quantile,0.45,10.0
2026-10-03,wk inc covid hosp,2,2026-10-17,33,quantile,0.5,11.0
2026-10-03,wk inc covid hosp,2,2026-10-17,33,quantile,0.55,11.0
2026-10-03,wk inc covid hosp,2,2026-10-17,33,quantile,0.6,12.0
2026-10-03,wk inc covid hosp,2,2026-10-17,33,quantile,0.65,14.0
2026-10-03,wk inc covid hosp,2,2026-10-17,33,quantile,0.7,14.0
2026-10-03,wk inc covid hosp,2,2026-10-17,33,quantile,0.75,14.0
2026-10-03,wk inc covid hosp,2,2026-10-17,33,quantile,0.8,16.0
2026-10-03,wk inc covid hosp,2,2026-10-17,33,quantile,0.85,18.0
2026-10-03,wk inc covid hosp,2,2026-10-17,33,quantile,0.9,19.0
2026-10-03,wk inc covid hosp,2,2026-10-17,33,quantile,0.95,23.0
2026-10-03,wk inc covid hosp,2,2026-10-17,33,quantile,0.975,23.0
2026-10-03,wk inc covid hosp,2,2026-10-17,33,quantile,0.99,31.0
2026-10-03,wk inc covid hosp,2,2026-10-17,34,quantile,0.01,22.0
2026-10-03,wk inc covid hosp,2,2026-10-17,34,quantile,0.025,32.0
2026-10-03,wk inc covid hosp,2,2026-10-17,34,quantile,0.05,59.0
2026-10-03,wk inc covid hosp,2,2026-10-17,34,quantile,0.1,59.0
2026-10-03,wk inc covid hosp,2,2026-10-17,34,quantile,0.15,67.0
2026-10-03,wk inc covid hosp,2,2026-10-17,34,quantile,0.2,75.0
2026-10-03,wk inc covid hosp,2,2026-10-17,34,quantile,0.25,81.0
2026-10-03,wk inc covid hosp,2,2026-10-17,34,quantile,0.3,97.0
2026-10-03,wk inc covid hosp,2,2026-10-17,34,quantile,0.35,97.0
2026-10-03,wk inc covid hosp,2,2026-10-17,34,quantile,0.4,102.0
2026-10-03,wk inc covid hosp,2,2026-10-17,34,quantile,0.45,104.0
2026-10-03,wk inc covid hosp,2,2026-10-17,34,quantile,0.5,105.0
2026-10-03,wk inc covid hosp,2,2026-10-17,34,quantile,0.55,112.0
2026-10-03,wk inc covid hosp,2,2026-10-17,34,quantile,0.6,112.0
2026-10-03,wk inc covid hosp,2,2026-10-17,34,quantile,0.65,114.0
2026-10-03,wk inc covid hosp,2,2026-10-17,34,quantile,0.7,114.0
2026-10-03,wk inc covid hosp,2,2026-10-17,34,quantile,0.75,114.0
2026-10-03,wk inc covid hosp,2,2026-10-17,34,quantile,0.8,124.0
2026-10-03,wk inc covid hosp,2,2026-10-17,34,quantile,0.85,124.0
2026-10-03,wk inc covid hosp,2,2026-10-17,34,quantile,0.9,124.0
2026-10-03,wk inc covid hosp,2,2026-10-17,34,quantile,0.95,145.0
2026-10-03,wk inc covid hosp,2,2026-10-17,34,quantile,0.975,167.0
2026-10-03,wk inc covid hosp,2,2026-10-17,34,quantile,0.99,226.0
2026-10-03,wk inc covid hosp,2,2026-10-17,35,quantile,0.01,1.0
2026-10-03,wk inc covid hosp,2,2026-10-17,35,quantile,0.025,2.0
2026-10-03,wk inc covid hosp,2,2026-10-17,35,quantile,0.05,3.0
2026-10-03,wk inc covid hosp,2,2026-10-17,35,quantile,0.1,6.0
2026-10-03,wk inc covid hosp,2,2026-10-17,35,quantile,0.15,7.0
2026-10-03,wk inc covid hosp,2,2026-10-17,35,quantile,0.2,8.0
2026-10-03,wk inc covid hosp,2,2026-10-17,35,quantile,0.25,8.0
2026-10-03,wk inc covid hosp,2,2026-10-17,35,quantile,0.3,9.0
2026-10-03,wk inc covid hosp,2,2026-10-17,35,quantile,0.35,9.0
2026-10-03,wk inc covid hosp,2,2026-10-17,35,quantile,0.4,10.0
2026-10-03,wk inc covid hosp,2,2026-10-17,35,quantile,0.45,11.0
2026-10-03,wk inc covid hosp,2,2026-10-17,35,quantile,0.5,11.0
2026-10-03,wk inc covid hosp,2,2026-10-17,35,quantile,0.55,12.0
2026-10-03,wk inc covid hosp,2,2026-10-17,35,quantile,0.6,12.0
2026-10-03,wk inc covid hosp,2,2026-10-17,35,quantile,0.65,13.0
2026-10-03,wk inc covid hosp,2,2026-10-17,35,quantile,0.7,14.0
2026-10-03,wk inc covid hosp,2,2026-10-17,35,quantile,0.75,14.0
2026-10-03,wk inc covid hosp,2,2026-10-17,35,quantile,0.8,15.0
2026-10-03,wk inc covid hosp,2,2026-10-17,35,quantile,0.85,16.0
2026-10-03,wk inc covid hosp,2,2026-10-17,35,quantile,0.9,16.0
2026-10-03,wk inc covid hosp,2,2026-10-17,35,quantile,0.95,21.0
2026-10-03,wk inc covid hosp,2,2026-10-17,35,quantile,0.975,29.0
2026-10-03,wk inc covid hosp,2,2026-10-17,35,quantile,0.99,47.0
2026-10-03,wk inc covid hosp,2,2026-10-17,36,quantile,0.01,85.0
2026-10-03,wk inc covid hosp,2,2026-10-17,36,quantile,0.025,85.0
2026-10-03,wk inc covid hosp,2,2026-10-17,36,quantile,0.05,117.0
2026-10-03,wk inc covid hosp,2,2026-10-17,36,quantile,0.1,117.0
2026-10-03,wk inc covid hosp,2,2026-10-17,36,quantile,0.15,142.0
2026-10-03,wk inc covid hosp,2,2026-10-17,36,quantile,0.2,152.0
2026-10-03,wk inc covid hosp,2,2026-10-17,36,quantile,0.25,165.0
2026-10-03,wk inc covid hosp,2,2026-10-17,36,quantile,0.3,182.0
2026-10-03,wk inc covid hosp,2,2026-10-17,36,quantile,0.35,182.0
2026-10-03,wk inc covid hosp,2,2026-10-17,36,quantile,0.4,185.0
2026-10-03,wk inc covid hosp,2,2026-10-17,36,quantile,0.45,191.0
2026-10-03,wk inc covid hosp,2,2026-10-17,36,quantile,0.5,192.0
2026-10-03,wk inc covid hosp,2,2026-10-17,36,quantile,0.55,203.0
2026-10-03,wk inc covid hosp,2,2026-10-17,36,quantile,0.6,206.0
2026-10-03,wk inc covid hosp,2,2026-10-17,36,quantile,0.65,208.0
2026-10-03,wk inc covid hosp,2,2026-10-17,36,quantile,0.7,208.0
2026-10-03,wk inc covid hosp,2,2026-10-17,36,quantile,0.75,218.0
2026-10-03,wk inc covid hosp,2,2026-10-17,36,quantile,0.8,225.0
2026-10-03,wk inc covid hosp,2,2026-10-17,36,quantile,0.85,229.0
2026-10-03,wk inc covid hosp,2,2026-10-17,36,quantile,0.9,229.0
2026-10-03,wk inc covid hosp,2,2026-10-17,36,quantile,0.95,258.0
2026-10-03,wk inc covid hosp,2,2026-10-17,36,quantile,0.975,301.0
2026-10-03,wk inc covid hosp,2,2026-10-17,36,quantile,0.99,447.0
2026-10-03,wk inc covid hosp,2,2026-10-17,37,quantile,0.01,41.0
2026-10-03,wk inc covid hosp,2,2026-10-17,37,quantile,0.025,41.0
2026-10-03,wk inc covid hosp,2,2026-10-17,37,quantile,0.05,69.0
2026-10-03,wk inc covid hosp,2,2026-10-17,37,quantile,0.1,69.0
2026-10-03,wk inc covid hosp,2,2026-10-17,37,quantile,0.15,69.0
2026-10-03,wk inc covid hosp,2,2026-10-17,37,quantile,0.2,78.0
2026-10-03,wk inc covid hosp,2,2026-10-17,37,quantile,0.25,83.0
2026-10-03,wk inc covid hosp,2,2026-10-17,37,quantile,0.3,94.0
2026-10-03,wk inc covid hosp,2,2026-10-17,37,quantile,0.35,94.0
2026-10-03,wk inc covid hosp,2,2026-10-17,37,quantile,0.4,102.0
2026-10-03,wk inc covid hosp,2,2026-10-17,37,quantile,0.45,107.0
2026-10-03,wk inc covid hosp,2,2026-10-17,37,quantile,0.5,111.0
2026-10-03,wk inc covid hosp,2,2026-10-17,37,quantile,0.55,117.0
2026-10-03,wk inc covid hosp,2,2026-10-17,37,quantile,0.6,120.0
2026-10-03,wk inc covid hosp,2,2026-10-17,37,quantile,0.65,125.0
2026-10-03,wk inc covid hosp,2,2026-10-17,37,quantile,0.7,126.0
2026-10-03,wk inc covid hosp,2,2026-10-17,37,quantile,0.75,130.0
2026-10-03,wk inc covid hosp,2,2026-10-17,37,quantile,0.8,140.0
2026-10-03,wk inc covid hosp,2,2026-10-17,37,quantile,0.85,140.0
2026-10-03,wk inc covid hosp,2,2026-10-17,37,quantile,0.9,140.0
2026-10-03,wk inc covid hosp,2,2026-10-17,37,quantile,0.95,163.0
2026-10-03,wk inc covid hosp,2,2026-10-17,37,quantile,0.975,184.0
2026-10-03,wk inc covid hosp,2,2026-10-17,37,quantile,0.99,249.0
2026-10-03,wk inc covid hosp,2,2026-10-17,38,quantile,0.01,0.0
2026-10-03,wk inc covid hosp,2,2026-10-17,38,quantile,0.025,0.0
2026-10-03,wk inc covid hosp,2,2026-10-17,38,quantile,0.05,0.0
2026-10-03,wk inc covid hosp,2,2026-10-17,38,quantile,0.1,1.0
2026-10-03,wk inc covid hosp,2,2026-10-17,38,quantile,0.15,1.0
2026-10-03,wk inc covid hosp,2,2026-10-17,38,quantile,0.2,1.0
2026-10-03,wk inc covid hosp,2,2026-10-17,38,quantile,0.25,2.0
2026-10-03,wk inc covid hosp,2,2026-10-17,38,quantile,0.3,2.0
2026-10-03,wk inc covid hosp,2,2026-10-17,38,quantile,0.35,2.0
2026-10-03,wk inc covid hosp,2,2026-10-17,38,quantile,0.4,3.0
2026-10-03,wk inc covid hosp,2,2026-10-17,38,quantile,0.45,3.0
2026-10-03,wk inc covid hosp,2,2026-10-17,38,quantile,0.5,3.0
2026-10-03,wk inc covid hosp,2,2026-10-17,38,quantile,0.55,4.0
2026-10-03,wk inc covid hosp,2,2026-10-17,38,quantile,0.6,4.0
2026-10-03,wk inc covid hosp,2,2026-10-17,38,quantile,0.65,4.0
2026-10-03,wk inc covid hosp,2,2026-10-17,38,quantile,0.7,5.0
2026-10-03,wk inc covid hosp,2,2026-10-17,38,quantile,0.75,5.0
2026-10-03,wk inc covid hosp,2,2026-10-17,38,quantile,0.8,6.0
2026-10-03,wk inc covid hosp,2,2026-10-17,38,quantile,0.85,6.0
2026-10-03,wk inc covid hosp,2,2026-10-17,38,quantile,0.9,7.0
2026-10-03,wk inc covid hosp,2,2026-10-17,38,quantile,0.95,11.0
2026-10-03,wk inc covid hosp,2,2026-10-17,38,quantile,0.975,11.0
2026-10-03,wk inc covid hosp,2,2026-10-17,38,quantile,0.99,16.0
2026-10-03,wk inc covid hosp,2,2026-10-17,39,quantile,0.01,15.0
2026-10-03,wk inc covid hosp,2,2026-10-17,39,quantile,0.025,22.0
2026-10-03,wk inc covid hosp,2,2026-10-17,39,quantile,0.05,24.0
2026-10-03,wk inc covid hosp,2,2026-10-17,39,quantile,0.1,41.0
2026-10-03,wk inc covid hosp,2,2026-10-17,39,quantile,0.15,50.0
2026-10-03,wk inc covid hosp,2,2026-10-17,39,quantile,0.2,53.0
2026-10-03,wk inc covid hosp,2,2026-10-17,39,quantile,0.25,54.0
2026-10-03,wk inc covid hosp,2,2026-10-17,39,quantile,0.3,57.0
2026-10-03,wk inc covid hosp,2,2026-10-17,39,quantile,0.35,57.0
2026-10-03,wk inc covid hosp,2,2026-10-17,39,quantile,0.4,57.0
2026-10-03,wk inc covid hosp,2,2026-10-17,39,quantile,0.45,61.0
2026-10-03,wk inc covid hosp,2,2026-10-17,39,quantile,0.5,64.0
2026-10-03,wk inc covid hosp,2,2026-10-17,39,quantile,0.55,64.0
2026-10-03,wk inc covid hosp,2,2026-10-17,39,quantile,0.6,67.0
2026-10-03,wk inc covid hosp,2,2026-10-17,39,quantile,0.65,71.0
2026-10-03,wk inc covid hosp,2,2026-10-17,39,quantile,0.7,74.0
2026-10-03,wk inc covid hosp,2,2026-10-17,39,quantile,0.75,75.0
2026-10-03,wk inc covid hosp,2,2026-10-17,39,quantile,0.8,83.0
2026-10-03,wk inc covid hosp,2,2026-10-17,39,quantile,0.85,89.0
2026-10-03,wk inc covid hosp,2,2026-10-17,39,quantile,0.9,95.0
2026-10-03,wk inc covid hosp,2,2026-10-17,39,quantile,0.95,116.0
2026-10-03,wk inc covid hosp,2,2026-10-17,39,quantile,0.975,147.0
2026-10-03,wk inc covid hosp,2,2026-10-17,39,quantile,0.99,247.0
2026-10-03,wk inc covid hosp,2,2026-10-17,40,quantile,0.01,4.0
2026-10-03,wk inc covid hosp,2,2026-10-17,40,quantile,0.025,6.0
2026-10-03,wk inc covid hosp,2,2026-10-17,40,quantile,0.05,6.0
2026-10-03,wk inc covid hosp,2,2026-10-17,40,quantile,0.1,11.0
2026-10-03,wk inc covid hosp,2,2026-10-17,40,quantile,0.15,13.0
2026-10-03,wk inc covid hosp,2,2026-10-17,40,quantile,0.2,15.0
2026-10-03,wk inc covid hosp,2,2026-10-17,40,quantile,0.25,15.0
2026-10-03,wk inc covid hosp,2,2026-10-17,40,quantile,0.3,16.0
2026-10-03,wk inc covid hosp,2,2026-10-17,40,quantile,0.35,17.0
2026-10-03,wk inc covid hosp,2,2026-10-17,40,quantile,0.4,19.0
2026-10-03,wk inc covid hosp,2,2026-10-17,40,quantile,0.45,20.0
2026-10-03,wk inc covid hosp,2,2026-10-17,40,quantile,0.5,20.0
2026-10-03,wk inc covid hosp,2,2026-10-17,40,quantile,0.55,21.0
2026-10-03,wk inc covid hosp,2,2026-10-17,40,quantile,0.6,22.0
2026-10-03,wk inc covid hosp,2,2026-10-17,40,quantile,0.65,23.0
2026-10-03,wk inc covid hosp,2,2026-10-17,40,quantile,0.7,25.0
2026-10-03,wk inc covid hosp,2,2026-10-17,40,quantile,0.75,26.0
2026-10-03,wk inc covid hosp,2,2026-10-17,40,quantile,0.8,28.0
2026-10-03,wk inc covid hosp,2,2026-10-17,40,quantile,0.85,29.0
2026-10-03,wk inc covid hosp,2,2026-10-17,40,quantile,0.9,31.0
2026-10-03,wk inc covid hosp,2,2026-10-17,40,quantile,0.95,40.0
2026-10-03,wk inc covid hosp,2,2026-10-17,40,quantile,0.975,49.0
2026-10-03,wk inc covid hosp,2,2026-10-17,40,quantile,0.99,78.0
2026-10-03,wk inc covid hosp,2,2026-10-17,41,quantile,0.01,11.0
2026-10-03,wk inc covid hosp,2,2026-10-17,41,quantile,0.025,13.0
2026-10-03,wk inc covid hosp,2,2026-10-17,41,quantile,0.05,18.0
2026-10-03,wk inc covid hosp,2,2026-10-17,41,quantile,0.1,20.0
2026-10-03,wk inc covid hosp,2,2026-10-17,41,quantile,0.15,25.0
2026-10-03,wk inc covid hosp,2,2026-10-17,41,quantile,0.2,28.0
2026-10-03,wk inc covid hosp,2,2026-10-17,41,quantile,0.25,30.0
2026-10-03,wk inc covid hosp,2,2026-10-17,41,quantile,0.3,32.0
2026-10-03,wk inc covid hosp,2,2026-10-17,41,quantile,0.35,32.0
2026-10-03,wk inc covid hosp,2,2026-10-17,41,quantile,0.4,34.0
2026-10-03,wk inc covid hosp,2,2026-10-17,41,quantile,0.45,35.0
2026-10-03,wk inc covid hosp,2,2026-10-17,41,quantile,0.5,35.0
2026-10-03,wk inc covid hosp,2,2026-10-17,41,quantile,0.55,38.0
2026-10-03,wk inc covid hosp,2,2026-10-17,41,quantile,0.6,38.0
2026-10-03,wk inc covid hosp,2,2026-10-17,41,quantile,0.65,39.0
2026-10-03,wk inc covid hosp,2,2026-10-17,41,quantile,0.7,41.0
2026-10-03,wk inc covid hosp,2,2026-10-17,41,quantile,0.75,41.0
2026-10-03,wk inc covid hosp,2,2026-10-17,41,quantile,0.8,45.0
2026-10-03,wk inc covid hosp,2,2026-10-17,41,quantile,0.85,47.0
2026-10-03,wk inc covid hosp,2,2026-10-17,41,quantile,0.9,50.0
2026-10-03,wk inc covid hosp,2,2026-10-17,41,quantile,0.95,58.0
2026-10-03,wk inc covid hosp,2,2026-10-17,41,quantile,0.975,65.0
2026-10-03,wk inc covid hosp,2,2026-10-17,41,quantile,0.99,99.0
2026-10-03,wk inc covid hosp,2,2026-10-17,42,quantile,0.01,56.0
2026-10-03,wk inc covid hosp,2,2026-10-17,42,quantile,0.025,56.0
2026-10-03,wk inc covid hosp,2,2026-10-17,42,quantile,0.05,81.0
2026-10-03,wk inc covid hosp,2,2026-10-17,42,quantile,0.1,81.0
2026-10-03,wk inc covid hosp,2,2026-10-17,42,quantile,0.15,96.0
2026-10-03,wk inc covid hosp,2,2026-10-17,42,quantile,0.2,104.0
2026-10-03,wk inc covid hosp,2,2026-10-17,42,quantile,0.25,114.0
2026-10-03,wk inc covid hosp,2,2026-10-17,42,quantile,0.3,128.0
2026-10-03,wk inc covid hosp,2,2026-10-17,42,quantile,0.35,128.0
2026-10-03,wk inc covid hosp,2,2026-10-17,42,quantile,0.4,134.0
2026-10-03,wk inc covid hosp,2,2026-10-17,42,quantile,0.45,137.0
2026-10-03,wk inc covid hosp,2,2026-10-17,42,quantile,0.5,139.0
2026-10-03,wk inc covid hosp,2,2026-10-17,42,quantile,0.55,151.0
2026-10-03,wk inc covid hosp,2,2026-10-17,42,quantile,0.6,151.0
2026-10-03,wk inc covid hosp,2,2026-10-17,42,quantile,0.65,152.0
2026-10-03,wk inc covid hosp,2,2026-10-17,42,quantile,0.7,152.0
2026-10-03,wk inc covid hosp,2,2026-10-17,42,quantile,0.75,158.0
2026-10-03,wk inc covid hosp,2,2026-10-17,42,quantile,0.8,168.0
2026-10-03,wk inc covid hosp,2,2026-10-17,42,quantile,0.85,168.0
2026-10-03,wk inc covid hosp,2,2026-10-17,42,quantile,0.9,177.0
2026-10-03,wk inc covid hosp,2,2026-10-17,42,quantile,0.95,204.0
2026-10-03,wk inc covid hosp,2,2026-10-17,42,quantile,0.975,244.0
2026-10-03,wk inc covid hosp,2,2026-10-17,42,quantile,0.99,302.0
2026-10-03,wk inc covid hosp,2,2026-10-17,44,quantile,0.01,1.0
2026-10-03,wk inc covid hosp,2,2026-10-17,44,quantile,0.025,2.0
2026-10-03,wk inc covid hosp,2,2026-10-17,44,quantile,0.05,2.0
2026-10-03,wk inc covid hosp,2,2026-10-17,44,quantile,0.1,3.0
2026-10-03,wk inc covid hosp,2,2026-10-17,44,quantile,0.15,4.0
2026-10-03,wk inc covid hosp,2,2026-10-17,44,quantile,0.2,6.0
2026-10-03,wk inc covid hosp,2,2026-10-17,44,quantile,0.25,6.0
2026-10-03,wk inc covid hosp,2,2026-10-17,44,quantile,0.3,6.0
2026-10-03,wk inc covid hosp,2,2026-10-17,44,quantile,0.35,6.0
2026-10-03,wk inc covid hosp,2,2026-10-17,44,quantile,0.4,7.0
2026-10-03,wk inc covid hosp,2,2026-10-17,44,quantile,0.45,8.0
2026-10-03,wk inc covid hosp,2,2026-10-17,44,quantile,0.5,8.0
2026-10-03,wk inc covid hosp,2,2026-10-17,44,quantile,0.55,9.0
2026-10-03,wk inc covid hosp,2,2026-10-17,44,quantile,0.6,10.0
2026-10-03,wk inc covid hosp,2,2026-10-17,44,quantile,0.65,10.0
2026-10-03,wk inc covid hosp,2,2026-10-17,44,quantile,0.7,10.0
2026-10-03,wk inc covid hosp,2,2026-10-17,44,quantile,0.75,11.0
2026-10-03,wk inc covid hosp,2,2026-10-17,44,quantile,0.8,14.0
2026-10-03,wk inc covid hosp,2,2026-10-17,44,quantile,0.85,14.0
2026-10-03,wk inc covid hosp,2,2026-10-17,44,quantile,0.9,15.0
2026-10-03,wk inc covid hosp,2,2026-10-17,44,quantile,0.95,16.0
2026-10-03,wk inc covid hosp,2,2026-10-17,44,quantile,0.975,18.0
2026-10-03,wk inc covid hosp,2,2026-10-17,44,quantile,0.99,20.0
2026-10-03,wk inc covid hosp,2,2026-10-17,45,quantile,0.01,19.0
2026-10-03,wk inc covid hosp,2,2026-10-17,45,quantile,0.025,19.0
2026-10-03,wk inc covid hosp,2,2026-10-17,45,quantile,0.05,25.0
2026-10-03,wk inc covid hosp,2,2026-10-17,45,quantile,0.1,25.0
2026-10-03,wk inc covid hosp,2,2026-10-17,45,quantile,0.15,29.0
2026-10-03,wk inc covid hosp,2,2026-10-17,45,quantile,0.2,35.0
2026-10-03,wk inc covid hosp,2,2026-10-17,45,quantile,0.25,36.0
2026-10-03,wk inc covid hosp,2,2026-10-17,45,quantile,0.3,41.0
2026-10-03,wk inc covid hosp,2,2026-10-17,45,quantile,0.35,43.0
2026-10-03,wk inc covid hosp,2,2026-10-17,45,quantile,0.4,44.0
2026-10-03,wk inc covid hosp,2,2026-10-17,45,quantile,0.45,46.0
2026-10-03,wk inc covid hosp,2,2026-10-17,45,quantile,0.5,49.0
2026-10-03,wk inc covid hosp,2,2026-10-17,45,quantile,0.55,50.0
2026-10-03,wk inc covid hosp,2,2026-10-17,45,quantile,0.6,51.0
2026-10-03,wk inc covid hosp,2,2026-10-17,45,quantile,0.65,53.0
2026-10-03,wk inc covid hosp,2,2026-10-17,45,quantile,0.7,53.0
2026-10-03,wk inc covid hosp,2,2026-10-17,45,quantile,0.75,55.0
2026-10-03,wk inc covid hosp,2,2026-10-17,45,quantile,0.8,59.0
2026-10-03,wk inc covid hosp,2,2026-10-17,45,quantile,0.85,61.0
2026-10-03,wk inc covid hosp,2,2026-10-17,45,quantile,0.9,63.0
2026-10-03,wk inc covid hosp,2,2026-10-17,45,quantile,0.95,70.0
2026-10-03,wk inc covid hosp,2,2026-10-17,45,quantile,0.975,78.0
2026-10-03,wk inc covid hosp,2,2026-10-17,45,quantile,0.99,113.0
2026-10-03,wk inc covid hosp,2,2026-10-17,46,quantile,0.01,0.0
2026-10-03,wk inc covid hosp,2,2026-10-17,46,quantile,0.025,0.0
2026-10-03,wk inc covid hosp,2,2026-10-17,46,quantile,0.05,1.0
2026-10-03,wk inc covid hosp,2,2026-10-17,46,quantile,0.1,1.0
2026-10-03,wk inc covid hosp,2,2026-10-17,46,quantile,0.15,2.0
2026-10-03,wk inc covid hosp,2,2026-10-17,46,quantile,0.2,2.0
2026-10-03,wk inc covid hosp,2,2026-10-17,46,quantile,0.25,2.0
2026-10-03,wk inc covid hosp,2,2026-10-17,46,quantile,0.3,3.0
2026-10-03,wk inc covid hosp,2,2026-10-17,46,quantile,0.35,3.0
2026-10-03,wk inc covid hosp,2,2026-10-17,46,quantile,0.4,4.0
2026-10-03,wk inc covid hosp,2,2026-10-17,46,quantile,0.45,4.0
2026-10-03,wk inc covid hosp,2,2026-10-17,46,quantile,0.5,4.0
2026-10-03,wk inc covid hosp,2,2026-10-17,46,quantile,0.55,4.0
2026-10-03,wk inc covid hosp,2,2026-10-17,46,quantile,0.6,5.0
2026-10-03,wk inc covid hosp,2,2026-10-17,46,quantile,0.65,5.0
2026-10-03,wk inc covid hosp,2,2026-10-17,46,quantile,0.7,6.0
2026-10-03,wk inc covid hosp,2,2026-10-17,46,quantile,0.75,6.0
2026-10-03,wk inc covid hosp,2,2026-10-17,46,quantile,0.8,7.0
2026-10-03,wk inc covid hosp,2,2026-10-17,46,quantile,0.85,8.0
2026-10-03,wk inc covid hosp,2,2026-10-17,46,quantile,0.9,9.0
2026-10-03,wk inc covid hosp,2,2026-10-17,46,quantile,0.95,12.0
2026-10-03,wk inc covid hosp,2,2026-10-17,46,quantile,0.975,13.0
2026-10-03,wk inc covid hosp,2,2026-10-17,46,quantile,0.99,14.0
2026-10-03,wk inc covid hosp,2,2026-10-17,47,quantile,0.01,20.0
2026-10-03,wk inc covid hosp,2,2026-10-17,47,quantile,0.025,20.0
2026-10-03,wk inc covid hosp,2,2026-10-17,47,quantile,0.05,21.0
2026-10-03,wk inc covid hosp,2,2026-10-17,47,quantile,0.1,25.0
2026-10-03,wk inc covid hosp,2,2026-10-17,47,quantile,0.15,31.0
2026-10-03,wk inc covid hosp,2,2026-10-17,47,quantile,0.2,37.0
2026-10-03,wk inc covid hosp,2,2026-10-17,47,quantile,0.25,38.0
2026-10-03,wk inc covid hosp,2,2026-10-17,47,quantile,0.3,41.0
2026-10-03,wk inc covid hosp,2,2026-10-17,47,quantile,0.35,41.0
2026-10-03,wk inc covid hosp,2,2026-10-17,47,quantile,0.4,42.0
2026-10-03,wk inc covid hosp,2,2026-10-17,47,quantile,0.45,42.0
2026-10-03,wk inc covid hosp,2,2026-10-17,47,quantile,0.5,47.0
2026-10-03,wk inc covid hosp,2,2026-10-17,47,quantile,0.55,47.0
2026-10-03,wk inc covid hosp,2,2026-10-17,47,quantile,0.6,48.0
2026-10-03,wk inc covid hosp,2,2026-10-17,47,quantile,0.65,51.0
2026-10-03,wk inc covid hosp,2,2026-10-17,47,quantile,0.7,51.0
2026-10-03,wk inc covid hosp,2,2026-10-17,47,quantile,0.75,56.0
2026-10-03,wk inc covid hosp,2,2026-10-17,47,quantile,0.8,61.0
2026-10-03,wk inc covid hosp,2,2026-10-17,47,quantile,0.85,61.0
2026-10-03,wk inc covid hosp,2,2026-10-17,47,quantile,0.9,65.0
2026-10-03,wk inc covid hosp,2,2026-10-17,47,quantile,0.95,76.0
2026-10-03,wk inc covid hosp,2,2026-10-17,47,quantile,0.975,89.0
2026-10-03,wk inc covid hosp,2,2026-10-17,47,quantile,0.99,137.0
2026-10-03,wk inc covid hosp,2,2026-10-17,48,quantile,0.01,38.0
2026-10-03,wk inc covid hosp,2,2026-10-17,48,quantile,0.025,91.0
2026-10-03,wk inc covid hosp,2,2026-10-17,48,quantile,0.05,161.0
2026-10-03,wk inc covid hosp,2,2026-10-17,48,quantile,0.1,161.0
2026-10-03,wk inc covid hosp,2,2026-10-17,48,quantile,0.15,180.0
2026-10-03,wk inc covid hosp,2,2026-10-17,48,quantile,0.2,222.0
2026-10-03,wk inc covid hosp,2,2026-10-17,48,quantile,0.25,222.0
2026-10-03,wk inc covid hosp,2,2026-10-17,48,quantile,0.3,225.0
2026-10-03,wk inc covid hosp,2,2026-10-17,48,quantile,0.35,243.0
2026-10-03,wk inc covid hosp,2,2026-10-17,48,quantile,0.4,252.0
2026-10-03,wk inc covid hosp,2,2026-10-17,48,quantile,0.45,261.0
2026-10-03,wk inc covid hosp,2,2026-10-17,48,quantile,0.5,265.0
2026-10-03,wk inc covid hosp,2,2026-10-17,48,quantile,0.55,272.0
2026-10-03,wk inc covid hosp,2,2026-10-17,48,quantile,0.6,278.0
2026-10-03,wk inc covid hosp,2,2026-10-17,48,quantile,0.65,279.0
2026-10-03,wk inc covid hosp,2,2026-10-17,48,quantile,0.7,290.0
2026-10-03,wk inc covid hosp,2,2026-10-17,48,quantile,0.75,302.0
2026-10-03,wk inc covid hosp,2,2026-10-17,48,quantile,0.8,314.0
2026-10-03,wk inc covid hosp,2,2026-10-17,48,quantile,0.85,324.0
2026-10-03,wk inc covid hosp,2,2026-10-17,48,quantile,0.9,324.0
2026-10-03,wk inc covid hosp,2,2026-10-17,48,quantile,0.95,373.0
2026-10-03,wk inc covid hosp,2,2026-10-17,48,quantile,0.975,440.0
2026-10-03,wk inc covid hosp,2,2026-10-17,48,quantile,0.99,641.0
2026-10-03,wk inc covid hosp,2,2026-10-17,49,quantile,0.01,2.0
2026-10-03,wk inc covid hosp,2,2026-10-17,49,quantile,0.025,5.0
2026-10-03,wk inc covid hosp,2,2026-10-17,49,quantile,0.05,7.0
2026-10-03,wk inc covid hosp,2,2026-10-17,49,quantile,0.1,9.0
2026-10-03,wk inc covid hosp,2,2026-10-17,49,quantile,0.15,11.0
2026-10-03,wk inc covid hosp,2,2026-10-17,49,quantile,0.2,13.0
2026-10-03,wk inc covid hosp,2,2026-10-17,49,quantile,0.25,13.0
2026-10-03,wk inc covid hosp,2,2026-10-17,49,quantile,0.3,14.0
2026-10-03,wk inc covid hosp,2,2026-10-17,49,quantile,0.35,15.0
2026-10-03,wk inc covid hosp,2,2026-10-17,49,quantile,0.4,15.0
2026-10-03,wk inc covid hosp,2,2026-10-17,49,quantile,0.45,17.0
2026-10-03,wk inc covid hosp,2,2026-10-17,49,quantile,0.5,17.0
2026-10-03,wk inc covid hosp,2,2026-10-17,49,quantile,0.55,18.0
2026-10-03,wk inc covid hosp,2,2026-10-17,49,quantile,0.6,18.0
2026-10-03,wk inc covid hosp,2,2026-10-17,49,quantile,0.65,20.0
2026-10-03,wk inc covid hosp,2,2026-10-17,49,quantile,0.7,20.0
2026-10-03,wk inc covid hosp,2,2026-10-17,49,quantile,0.75,21.0
2026-10-03,wk inc covid hosp,2,2026-10-17,49,quantile,0.8,23.0
2026-10-03,wk inc covid hosp,2,2026-10-17,49,quantile,0.85,26.0
2026-10-03,wk inc covid hosp,2,2026-10-17,49,quantile,0.9,29.0
2026-10-03,wk inc covid hosp,2,2026-10-17,49,quantile,0.95,32.0
2026-10-03,wk inc covid hosp,2,2026-10-17,49,quantile,0.975,41.0
2026-10-03,wk inc covid hosp,2,2026-10-17,49,quantile,0.99,69.0
2026-10-03,wk inc covid hosp,2,2026-10-17,50,quantile,0.01,1.0
2026-10-03,wk inc covid hosp,2,2026-10-17,50,quantile,0.025,1.0
2026-10-03,wk inc covid hosp,2,2026-10-17,50,quantile,0.05,1.0
2026-10-03,wk inc covid hosp,2,2026-10-17,50,quantile,0.1,1.0
2026-10-03,wk inc covid hosp,2,2026-10-17,50,quantile,0.15,2.0
2026-10-03,wk inc covid hosp,2,2026-10-17,50,quantile,0.2,3.0
2026-10-03,wk inc covid hosp,2,2026-10-17,50,quantile,0.25,3.0
2026-10-03,wk inc covid hosp,2,2026-10-17,50,quantile,0.3,4.0
2026-10-03,wk inc covid hosp,2,2026-10-17,50,quantile,0.35,4.0
2026-10-03,wk inc covid hosp,2,2026-10-17,50,quantile,0.4,5.0
2026-10-03,wk inc covid hosp,2,2026-10-17,50,quantile,0.45,6.0
2026-10-03,wk inc covid hosp,2,2026-10-17,50,quantile,0.5,6.0
2026-10-03,wk inc covid hosp,2,2026-10-17,50,quantile,0.55,7.0
2026-10-03,wk inc covid hosp,2,2026-10-17,50,quantile,0.6,7.0
2026-10-03,wk inc covid hosp,2,2026-10-17,50,quantile,0.65,8.0
2026-10-03,wk inc covid hosp,2,2026-10-17,50,quantile,0.7,8.0
2026-10-03,wk inc covid hosp,2,2026-10-17,50,quantile,0.75,8.0
2026-10-03,wk inc covid hosp,2,2026-10-17,50,quantile,0.8,9.0
2026-10-03,wk inc covid hosp,2,2026-10-17,50,quantile,0.85,10.0
2026-10-03,wk inc covid hosp,2,2026-10-17,50,quantile,0.9,10.0
2026-10-03,wk inc covid hosp,2,2026-10-17,50,quantile,0.95,11.0
2026-10-03,wk inc covid hosp,2,2026-10-17,50,quantile,0.975,11.0
2026-10-03,wk inc covid hosp,2,2026-10-17,50,quantile,0.99,15.0
2026-10-03,wk inc covid hosp,2,2026-10-17,51,quantile,0.01,11.0
2026-10-03,wk inc covid hosp,2,2026-10-17,51,quantile,0.025,21.0
2026-10-03,wk inc covid hosp,2,2026-10-17,51,quantile,0.05,21.0
2026-10-03,wk inc covid hosp,2,2026-10-17,51,quantile,0.1,33.0
2026-10-03,wk inc covid hosp,2,2026-10-17,51,quantile,0.15,40.0
2026-10-03,wk inc covid hosp,2,2026-10-17,51,quantile,0.2,41.0
2026-10-03,wk inc covid hosp,2,2026-10-17,51,quantile,0.25,41.0
2026-10-03,wk inc covid hosp,2,2026-10-17,51,quantile,0.3,41.0
2026-10-03,wk inc covid hosp,2,2026-10-17,51,quantile,0.35,41.0
2026-10-03,wk inc covid hosp,2,2026-10-17,51,quantile,0.4,41.0
2026-10-03,wk inc covid hosp,2,2026-10-17,51,quantile,0.45,42.0
2026-10-03,wk inc covid hosp,2,2026-10-17,51,quantile,0.5,46.0
2026-10-03,wk inc covid hosp,2,2026-10-17,51,quantile,0.55,48.0
2026-10-03,wk inc covid hosp,2,2026-10-17,51,quantile,0.6,48.0
2026-10-03,wk inc covid hosp,2,2026-10-17,51,quantile,0.65,51.0
2026-10-03,wk inc covid hosp,2,2026-10-17,51,quantile,0.7,55.0
2026-10-03,wk inc covid hosp,2,2026-10-17,51,quantile,0.75,57.0
2026-10-03,wk inc covid hosp,2,2026-10-17,51,quantile,0.8,62.0
2026-10-03,wk inc covid hosp,2,2026-10-17,51,quantile,0.85,67.0
2026-10-03,wk inc covid hosp,2,2026-10-17,51,quantile,0.9,71.0
2026-10-03,wk inc covid hosp,2,2026-10-17,51,quantile,0.95,85.0
2026-10-03,wk inc covid hosp,2,2026-10-17,51,quantile,0.975,106.0
2026-10-03,wk inc covid hosp,2,2026-10-17,51,quantile,0.99,181.0
2026-10-03,wk inc covid hosp,2,2026-10-17,53,quantile,0.01,39.0
2026-10-03,wk inc covid hosp,2,2026-10-17,53,quantile,0.025,39.0
2026-10-03,wk inc covid hosp,2,2026-10-17,53,quantile,0.05,58.0
2026-10-03,wk inc covid hosp,2,2026-10-17,53,quantile,0.1,66.0
2026-10-03,wk inc covid hosp,2,2026-10-17,53,quantile,0.15,70.0
2026-10-03,wk inc covid hosp,2,2026-10-17,53,quantile,0.2,71.0
2026-10-03,wk inc covid hosp,2,2026-10-17,53,quantile,0.25,86.0
2026-10-03,wk inc covid hosp,2,2026-10-17,53,quantile,0.3,94.0
2026-10-03,wk inc covid hosp,2,2026-10-17,53,quantile,0.35,100.0
2026-10-03,wk inc covid hosp,2,2026-10-17,53,quantile,0.4,112.0
2026-10-03,wk inc covid hosp,2,2026-10-17,53,quantile,0.45,114.0
2026-10-03,wk inc covid hosp,2,2026-10-17,53,quantile,0.5,125.0
2026-10-03,wk inc covid hosp,2,2026-10-17,53,quantile,0.55,127.0
2026-10-03,wk inc covid hosp,2,2026-10-17,53,quantile,0.6,127.0
2026-10-03,wk inc covid hosp,2,2026-10-17,53,quantile,0.65,131.0
2026-10-03,wk inc covid hosp,2,2026-10-17,53,quantile,0.7,132.0
2026-10-03,wk inc covid hosp,2,2026-10-17,53,quantile,0.75,143.0
2026-10-03,wk inc covid hosp,2,2026-10-17,53,quantile,0.8,147.0
2026-10-03,wk inc covid hosp,2,2026-10-17,53,quantile,0.85,150.0
2026-10-03,wk inc covid hosp,2,2026-10-17,53,quantile,0.9,152.0
2026-10-03,wk inc covid hosp,2,2026-10-17,53,quantile,0.95,166.0
2026-10-03,wk inc covid hosp,2,2026-10-17,53,quantile,0.975,186.0
2026-10-03,wk inc covid hosp,2,2026-10-17,53,quantile,0.99,233.0
2026-10-03,wk inc covid hosp,2,2026-10-17,54,quantile,0.01,4.0
2026-10-03,wk inc covid hosp,2,2026-10-17,54,quantile,0.025,4.0
2026-10-03,wk inc covid hosp,2,2026-10-17,54,quantile,0.05,5.0
2026-10-03,wk inc covid hosp,2,2026-10-17,54,quantile,0.1,5.0
2026-10-03,wk inc covid hosp,2,2026-10-17,54,quantile,0.15,7.0
2026-10-03,wk inc covid hosp,2,2026-10-17,54,quantile,0.2,9.0
2026-10-03,wk inc covid hosp,2,2026-10-17,54,quantile,0.25,9.0
2026-10-03,wk inc covid hosp,2,2026-10-17,54,quantile,0.3,11.0
2026-10-03,wk inc covid hosp,2,2026-10-17,54,quantile,0.35,11.0
2026-10-03,wk inc covid hosp,2,2026-10-17,54,quantile,0.4,12.0
2026-10-03,wk inc covid hosp,2,2026-10-17,54,quantile,0.45,13.0
2026-10-03,wk inc covid hosp,2,2026-10-17,54,quantile,0.5,13.0
2026-10-03,wk inc covid hosp,2,2026-10-17,54,quantile,0.55,14.0
2026-10-03,wk inc covid hosp,2,2026-10-17,54,quantile,0.6,15.0
2026-10-03,wk inc covid hosp,2,2026-10-17,54,quantile,0.65,16.0
2026-10-03,wk inc covid hosp,2,2026-10-17,54,quantile,0.7,17.0
2026-10-03,wk inc covid hosp,2,2026-10-17,54,quantile,0.75,17.0
2026-10-03,wk inc covid hosp,2,2026-10-17,54,quantile,0.8,19.0
2026-10-03,wk inc covid hosp,2,2026-10-17,54,quantile,0.85,20.0
2026-10-03,wk inc covid hosp,2,2026-10-17,54,quantile,0.9,24.0
2026-10-03,wk inc covid hosp,2,2026-10-17,54,quantile,0.95,29.0
2026-10-03,wk inc covid hosp,2,2026-10-17,54,quantile,0.975,32.0
2026-10-03,wk inc covid hosp,2,2026-10-17,54,quantile,0.99,37.0
2026-10-03,wk inc covid hosp,2,2026-10-17,55,quantile,0.01,5.0
2026-10-03,wk inc covid hosp,2,2026-10-17,55,quantile,0.025,10.0
2026-10-03,wk inc covid hosp,2,2026-10-17,55,quantile,0.05,11.0
2026-10-03,wk inc covid hosp,2,2026-10-17,55,quantile,0.1,19.0
2026-10-03,wk inc covid hosp,2,2026-10-17,55,quantile,0.15,23.0
2026-10-03,wk inc covid hosp,2,2026-10-17,55,quantile,0.2,25.0
2026-10-03,wk inc covid hosp,2,2026-10-17,55,quantile,0.25,26.0
2026-10-03,wk inc covid hosp,2,2026-10-17,55,quantile,0.3,28.0
2026-10-03,wk inc covid hosp,2,2026-10-17,55,quantile,0.35,28.0
2026-10-03,wk inc covid hosp,2,2026-10-17,55,quantile,0.4,28.0
2026-10-03,wk inc covid hosp,2,2026-10-17,55,quantile,0.45,29.0
2026-10-03,wk inc covid hosp,2,2026-10-17,55,quantile,0.5,33.0
2026-10-03,wk inc covid hosp,2,2026-10-17,55,quantile,0.55,34.0
2026-10-03,wk inc covid hosp,2,2026-10-17,55,quantile,0.6,34.0
2026-10-03,wk inc covid hosp,2,2026-10-17,55,quantile,0.65,35.0
2026-10-03,wk inc covid hosp,2,2026-10-17,55,quantile,0.7,37.0
2026-10-03,wk inc covid hosp,2,2026-10-17,55,quantile,0.75,39.0
2026-10-03,wk inc covid hosp,2,2026-10-17,55,quantile,0.8,41.0
2026-10-03,wk inc covid hosp,2,2026-10-17,55,quantile,0.85,44.0
2026-10-03,wk inc covid hosp,2,2026-10-17,55,quantile,0.9,48.0
2026-10-03,wk inc covid hosp,2,2026-10-17,55,quantile,0.95,60.0
2026-10-03,wk inc covid hosp,2,2026-10-17,55,quantile,0.975,73.0
2026-10-03,wk inc covid hosp,2,2026-10-17,55,quantile,0.99,124.0
2026-10-03,wk inc covid hosp,2,2026-10-17,56,quantile,0.01,0.0
2026-10-03,wk inc covid hosp,2,2026-10-17,56,quantile,0.025,0.0
2026-10-03,wk inc covid hosp,2,2026-10-17,56,quantile,0.05,0.0
2026-10-03,wk inc covid hosp,2,2026-10-17,56,quantile,0.1,0.0
2026-10-03,wk inc covid hosp,2,2026-10-17,56,quantile,0.15,1.0
2026-10-03,wk inc covid hosp,2,2026-10-17,56,quantile,0.2,2.0
2026-10-03,wk inc covid hosp,2,2026-10-17,56,quantile,0.25,2.0
2026-10-03,wk inc covid hosp,2,2026-10-17,56,quantile,0.3,3.0
2026-10-03,wk inc covid hosp,2,2026-10-17,56,quantile,0.35,3.0
2026-10-03,wk inc covid hosp,2,2026-10-17,56,quantile,0.4,3.0
2026-10-03,wk inc covid hosp,2,2026-10-17,56,quantile,0.45,3.0
2026-10-03,wk inc covid hosp,2,2026-10-17,56,quantile,0.5,3.0
2026-10-03,wk inc covid hosp,2,2026-10-17,56,quantile,0.55,4.0
2026-10-03,wk inc covid hosp,2,2026-10-17,56,quantile,0.6,4.0
2026-10-03,wk inc covid hosp,2,2026-10-17,56,quantile,0.65,4.0
2026-10-03,wk inc covid hosp,2,2026-10-17,56,quantile,0.7,5.0
2026-10-03,wk inc covid hosp,2,2026-10-17,56,quantile,0.75,5.0
2026-10-03,wk inc covid hosp,2,2026-10-17,56,quantile,0.8,5.0
2026-10-03,wk inc covid hosp,2,2026-10-17,56,quantile,0.85,6.0
2026-10-03,wk inc covid hosp,2,2026-10-17,56,quantile,0.9,7.0
2026-10-03,wk inc covid hosp,2,2026-10-17,56,quantile,0.95,9.0
2026-10-03,wk inc covid hosp,2,2026-10-17,56,quantile,0.975,9.0
2026-10-03,wk inc covid hosp,2,2026-10-17,56,quantile,0.99,13.0
2026-10-03,wk inc covid hosp,2,2026-10-17,72,quantile,0.01,9.0
2026-10-03,wk inc covid hosp,2,2026-10-17,72,quantile,0.025,14.0
2026-10-03,wk inc covid hosp,2,2026-10-17,72,quantile,0.05,17.0
2026-10-03,wk inc covid hosp,2,2026-10-17,72,quantile,0.1,23.0
2026-10-03,wk inc covid hosp,2,2026-10-17,72,quantile,0.15,24.0
2026-10-03,wk inc covid hosp,2,2026-10-17,72,quantile,0.2,28.0
2026-10-03,wk inc covid hosp,2,2026-10-17,72,quantile,0.25,36.0
2026-10-03,wk inc covid hosp,2,2026-10-17,72,quantile,0.3,41.0
2026-10-03,wk inc covid hosp,2,2026-10-17,72,quantile,0.35,47.0
2026-10-03,wk inc covid hosp,2,2026-10-17,72,quantile,0.4,54.0
2026-10-03,wk inc covid hosp,2,2026-10-17,72,quantile,0.45,58.0
2026-10-03,wk inc covid hosp,2,2026-10-17,72,quantile,0.5,65.0
2026-10-03,wk inc covid hosp,2,2026-10-17,72,quantile,0.55,65.0
2026-10-03,wk inc covid hosp,2,2026-10-17,72,quantile,0.6,71.0
2026-10-03,wk inc covid hosp,2,2026-10-17,72,quantile,0.65,74.0
2026-10-03,wk inc covid hosp,2,2026-10-17,72,quantile,0.7,79.0
2026-10-03,wk inc covid hosp,2,2026-10-17,72,quantile,0.75,83.0
2026-10-03,wk inc covid hosp,2,2026-10-17,72,quantile,0.8,85.0
2026-10-03,wk inc covid hosp,2,2026-10-17,72,quantile,0.85,91.0
2026-10-03,wk inc covid hosp,2,2026-10-17,72,quantile,0.9,95.0
2026-10-03,wk inc covid hosp,2,2026-10-17,72,quantile,0.95,104.0
2026-10-03,wk inc covid hosp,2,2026-10-17,72,quantile,0.975,111.0
2026-10-03,wk inc covid hosp,2,2026-10-17,72,quantile,0.99,133.0
2026-10-03,wk inc covid hosp,3,2026-10-24,01,quantile,0.01,20.0
2026-10-03,wk inc covid hosp,3,2026-10-24,01,quantile,0.025,22.0
2026-10-03,wk inc covid hosp,3,2026-10-24,01,quantile,0.05,36.0
2026-10-03,wk inc covid hosp,3,2026-10-24,01,quantile,0.1,36.0
2026-10-03,wk inc covid hosp,3,2026-10-24,01,quantile,0.15,40.0
2026-10-03,wk inc covid hosp,3,2026-10-24,01,quantile,0.2,40.0
2026-10-03,wk inc covid hosp,3,2026-10-24,01,quantile,0.25,42.0
2026-10-03,wk inc covid hosp,3,2026-10-24,01,quantile,0.3,50.0
2026-10-03,wk inc covid hosp,3,2026-10-24,01,quantile,0.35,50.0
2026-10-03,wk inc covid hosp,3,2026-10-24,01,quantile,0.4,52.0
2026-10-03,wk inc covid hosp,3,2026-10-24,01,quantile,0.45,53.0
2026-10-03,wk inc covid hosp,3,2026-10-24,01,quantile,0.5,56.0
2026-10-03,wk inc covid hosp,3,2026-10-24,01,quantile,0.55,59.0
2026-10-03,wk inc covid hosp,3,2026-10-24,01,quantile,0.6,60.0
2026-10-03,wk inc covid hosp,3,2026-10-24,01,quantile,0.65,61.0
2026-10-03,wk inc covid hosp,3,2026-10-24,01,quantile,0.7,62.0
2026-10-03,wk inc covid hosp,3,2026-10-24,01,quantile,0.75,66.0
2026-10-03,wk inc covid hosp,3,2026-10-24,01,quantile,0.8,67.0
2026-10-03,wk inc covid hosp,3,2026-10-24,01,quantile,0.85,67.0
2026-10-03,wk inc covid hosp,3,2026-10-24,01,quantile,0.9,69.0
2026-10-03,wk inc covid hosp,3,2026-10-24,01,quantile,0.95,80.0
2026-10-03,wk inc covid hosp,3,2026-10-24,01,quantile,0.975,92.0
2026-10-03,wk inc covid hosp,3,2026-10-24,01,quantile,0.99,105.0
2026-10-03,wk inc covid hosp,3,2026-10-24,02,quantile,0.01,0.0
2026-10-03,wk inc covid hosp,3,2026-10-24,02,quantile,0.025,1.0
2026-10-03,wk inc covid hosp,3,2026-10-24,02,quantile,0.05,1.0
2026-10-03,wk inc covid hosp,3,2026-10-24,02,quantile,0.1,1.0
2026-10-03,wk inc covid hosp,3,2026-10-24,02,quantile,0.15,1.0
2026-10-03,wk inc covid hosp,3,2026-10-24,02,quantile,0.2,1.0
2026-10-03,wk inc covid hosp,3,2026-10-24,02,quantile,0.25,2.0
2026-10-03,wk inc covid hosp,3,2026-10-24,02,quantile,0.3,3.0
2026-10-03,wk inc covid hosp,3,2026-10-24,02,quantile,0.35,3.0
2026-10-03,wk inc covid hosp,3,2026-10-24,02,quantile,0.4,3.0
2026-10-03,wk inc covid hosp,3,2026-10-24,02,quantile,0.45,3.0
2026-10-03,wk inc covid hosp,3,2026-10-24,02,quantile,0.5,3.0
2026-10-03,wk inc covid hosp,3,2026-10-24,02,quantile,0.55,4.0
2026-10-03,wk inc covid hosp,3,2026-10-24,02,quantile,0.6,4.0
2026-10-03,wk inc covid hosp,3,2026-10-24,02,quantile,0.65,4.0
2026-10-03,wk inc covid hosp,3,2026-10-24,02,quantile,0.7,4.0
2026-10-03,wk inc covid hosp,3,2026-10-24,02,quantile,0.75,5.0
2026-10-03,wk inc covid hosp,3,2026-10-24,02,quantile,0.8,5.0
2026-10-03,wk inc covid hosp,3,2026-10-24,02,quantile,0.85,6.0
2026-10-03,wk inc covid hosp,3,2026-10-24,02,quantile,0.9,7.0
2026-10-03,wk inc covid hosp,3,2026-10-24,02,quantile,0.95,8.0
2026-10-03,wk inc covid hosp,3,2026-10-24,02,quantile,0.975,10.0
2026-10-03,wk inc covid hosp,3,2026-10-24,02,quantile,0.99,16.0
2026-10-03,wk inc covid hosp,3,2026-10-24,04,quantile,0.01,26.0
2026-10-03,wk inc covid hosp,3,2026-10-24,04,quantile,0.025,26.0
2026-10-03,wk inc covid hosp,3,2026-10-24,04,quantile,0.05,31.0
2026-10-03,wk inc covid hosp,3,2026-10-24,04,quantile,0.1,34.0
2026-10-03,wk inc covid hosp,3,2026-10-24,04,quantile,0.15,41.0
2026-10-03,wk inc covid hosp,3,2026-10-24,04,quantile,0.2,49.0
2026-10-03,wk inc covid hosp,3,2026-10-24,04,quantile,0.25,49.0
2026-10-03,wk inc covid hosp,3,2026-10-24,04,quantile,0.3,53.0
2026-10-03,wk inc covid hosp,3,2026-10-24,04,quantile,0.35,53.0
2026-10-03,wk inc covid hosp,3,2026-10-24,04,quantile,0.4,53.0
2026-10-03,wk inc covid hosp,3,2026-10-24,04,quantile,0.45,54.0
2026-10-03,wk inc covid hosp,3,2026-10-24,04,quantile,0.5,57.0
2026-10-03,wk inc covid hosp,3,2026-10-24,04,quantile,0.55,59.0
2026-10-03,wk inc covid hosp,3,2026-10-24,04,quantile,0.6,62.0
2026-10-03,wk inc covid hosp,3,2026-10-24,04,quantile,0.65,64.0
2026-10-03,wk inc covid hosp,3,2026-10-24,04,quantile,0.7,64.0
2026-10-03,wk inc covid hosp,3,2026-10-24,04,quantile,0.75,68.0
2026-10-03,wk inc covid hosp,3,2026-10-24,04,quantile,0.8,73.0
2026-10-03,wk inc covid hosp,3,2026-10-24,04,quantile,0.85,77.0
2026-10-03,wk inc covid hosp,3,2026-10-24,04,quantile,0.9,77.0
2026-10-03,wk inc covid hosp,3,2026-10-24,04,quantile,0.95,93.0
2026-10-03,wk inc covid hosp,3,2026-10-24,04,quantile,0.975,126.0
2026-10-03,wk inc covid hosp,3,2026-10-24,04,quantile,0.99,239.0
2026-10-03,wk inc covid hosp,3,2026-10-24,05,quantile,0.01,5.0
2026-10-03,wk inc covid hosp,3,2026-10-24,05,quantile,0.025,6.0
2026-10-03,wk inc covid hosp,3,2026-10-24,05,quantile,0.05,7.0
2026-10-03,wk inc covid hosp,3,2026-10-24,05,quantile,0.1,10.0
2026-10-03,wk inc covid hosp,3,2026-10-24,05,quantile,0.15,14.0
2026-10-03,wk inc covid hosp,3,2026-10-24,05,quantile,0.2,15.0
2026-10-03,wk inc covid hosp,3,2026-10-24,05,quantile,0.25,15.0
2026-10-03,wk inc covid hosp,3,2026-10-24,05,quantile,0.3,16.0
2026-10-03,wk inc covid hosp,3,2026-10-24,05,quantile,0.35,17.0
2026-10-03,wk inc covid hosp,3,2026-10-24,05,quantile,0.4,17.0
2026-10-03,wk inc covid hosp,3,2026-10-24,05,quantile,0.45,17.0
2026-10-03,wk inc covid hosp,3,2026-10-24,05,quantile,0.5,19.0
2026-10-03,wk inc covid hosp,3,2026-10-24,05,quantile,0.55,20.0
2026-10-03,wk inc covid hosp,3,2026-10-24,05,quantile,0.6,21.0
2026-10-03,wk inc covid hosp,3,2026-10-24,05,quantile,0.65,22.0
2026-10-03,wk inc covid hosp,3,2026-10-24,05,quantile,0.7,22.0
2026-10-03,wk inc covid hosp,3,2026-10-24,05,quantile,0.75,22.0
2026-10-03,wk inc covid hosp,3,2026-10-24,05,quantile,0.8,24.0
2026-10-03,wk inc covid hosp,3,2026-10-24,05,quantile,0.85,25.0
2026-10-03,wk inc covid hosp,3,2026-10-24,05,quantile,0.9,27.0
2026-10-03,wk inc covid hosp,3,2026-10-24,05,quantile,0.95,32.0
2026-10-03,wk inc covid hosp,3,2026-10-24,05,quantile,0.975,40.0
2026-10-03,wk inc covid hosp,3,2026-10-24,05,quantile,0.99,66.0
2026-10-03,wk inc covid hosp,3,2026-10-24,06,quantile,0.01,239.0
2026-10-03,wk inc covid hosp,3,2026-10-24,06,quantile,0.025,239.0
2026-10-03,wk inc covid hosp,3,2026-10-24,06,quantile,0.05,340.0
2026-10-03,wk inc covid hosp,3,2026-10-24,06,quantile,0.1,387.0
2026-10-03,wk inc covid hosp,3,2026-10-24,06,quantile,0.15,412.0
2026-10-03,wk inc covid hosp,3,2026-10-24,06,quantile,0.2,414.0
2026-10-03,wk inc covid hosp,3,2026-10-24,06,quantile,0.25,493.0
2026-10-03,wk inc covid hosp,3,2026-10-24,06,quantile,0.3,517.0
2026-10-03,wk inc covid hosp,3,2026-10-24,06,quantile,0.35,529.0
2026-10-03,wk inc covid hosp,3,2026-10-24,06,quantile,0.4,591.0
2026-10-03,wk inc covid hosp,3,2026-10-24,06,quantile,0.45,617.0
2026-10-03,wk inc covid hosp,3,2026-10-24,06,quantile,0.5,629.0
2026-10-03,wk inc covid hosp,3,2026-10-24,06,quantile,0.55,670.0
2026-10-03,wk inc covid hosp,3,2026-10-24,06,quantile,0.6,670.0
2026-10-03,wk inc covid hosp,3,2026-10-24,06,quantile,0.65,681.0
2026-10-03,wk inc covid hosp,3,2026-10-24,06,quantile,0.7,682.0
2026-10-03,wk inc covid hosp,3,2026-10-24,06,quantile,0.75,686.0
2026-10-03,wk inc covid hosp,3,2026-10-24,06,quantile,0.8,702.0
2026-10-03,wk inc covid hosp,3,2026-10-24,06,quantile,0.85,715.0
2026-10-03,wk inc covid hosp,3,2026-10-24,06,quantile,0.9,715.0
2026-10-03,wk inc covid hosp,3,2026-10-24,06,quantile,0.95,815.0
2026-10-03,wk inc covid hosp,3,2026-10-24,06,quantile,0.975,926.0
2026-10-03,wk inc covid hosp,3,2026-10-24,06,quantile,0.99,1151.0
2026-10-03,wk inc covid hosp,3,2026-10-24,08,quantile,0.01,8.0
2026-10-03,wk inc covid hosp,3,2026-10-24,08,quantile,0.025,12.0
2026-10-03,wk inc covid hosp,3,2026-10-24,08,quantile,0.05,12.0
2026-10-03,wk inc covid hosp,3,2026-10-24,08,quantile,0.1,19.0
2026-10-03,wk inc covid hosp,3,2026-10-24,08,quantile,0.15,25.0
2026-10-03,wk inc covid hosp,3,2026-10-24,08,quantile,0.2,28.0
2026-10-03,wk inc covid hosp,3,2026-10-24,08,quantile,0.25,29.0
2026-10-03,wk inc covid hosp,3,2026-10-24,08,quantile,0.3,32.0
2026-10-03,wk inc covid hosp,3,2026-10-24,08,quantile,0.35,32.0
2026-10-03,wk inc covid hosp,3,2026-10-24,08,quantile,0.4,33.0
2026-10-03,wk inc covid hosp,3,2026-10-24,08,quantile,0.45,33.0
2026-10-03,wk inc covid hosp,3,2026-10-24,08,quantile,0.5,36.0
2026-10-03,wk inc covid hosp,3,2026-10-24,08,quantile,0.55,37.0
2026-10-03,wk inc covid hosp,3,2026-10-24,08,quantile,0.6,37.0
2026-10-03,wk inc covid hosp,3,2026-10-24,08,quantile,0.65,37.0
2026-10-03,wk inc covid hosp,3,2026-10-24,08,quantile,0.7,38.0
2026-10-03,wk inc covid hosp,3,2026-10-24,08,quantile,0.75,40.0
2026-10-03,wk inc covid hosp,3,2026-10-24,08,quantile,0.8,44.0
2026-10-03,wk inc covid hosp,3,2026-10-24,08,quantile,0.85,47.0
2026-10-03,wk inc covid hosp,3,2026-10-24,08,quantile,0.9,52.0
2026-10-03,wk inc covid hosp,3,2026-10-24,08,quantile,0.95,70.0
2026-10-03,wk inc covid hosp,3,2026-10-24,08,quantile,0.975,79.0
2026-10-03,wk inc covid hosp,3,2026-10-24,08,quantile,0.99,124.0
2026-10-03,wk inc covid hosp,3,2026-10-24,09,quantile,0.01,4.0
2026-10-03,wk inc covid hosp,3,2026-10-24,09,quantile,0.025,9.0
2026-10-03,wk inc covid hosp,3,2026-10-24,09,quantile,0.05,11.0
2026-10-03,wk inc covid hosp,3,2026-10-24,09,quantile,0.1,14.0
2026-10-03,wk inc covid hosp,3,2026-10-24,09,quantile,0.15,18.0
2026-10-03,wk inc covid hosp,3,2026-10-24,09,quantile,0.2,20.0
2026-10-03,wk inc covid hosp,3,2026-10-24,09,quantile,0.25,20.0
2026-10-03,wk inc covid hosp,3,2026-10-24,09,quantile,0.3,21.0
2026-10-03,wk inc covid hosp,3,2026-10-24,09,quantile,0.35,22.0
2026-10-03,wk inc covid hosp,3,2026-10-24,09,quantile,0.4,22.0
2026-10-03,wk inc covid hosp,3,2026-10-24,09,quantile,0.45,22.0
2026-10-03,wk inc covid hosp,3,2026-10-24,09,quantile,0.5,23.0
2026-10-03,wk inc covid hosp,3,2026-10-24,09,quantile,0.55,24.0
2026-10-03,wk inc covid hosp,3,2026-10-24,09,quantile,0.6,25.0
2026-10-03,wk inc covid hosp,3,2026-10-24,09,quantile,0.65,28.0
2026-10-03,wk inc covid hosp,3,2026-10-24,09,quantile,0.7,28.0
2026-10-03,wk inc covid hosp,3,2026-10-24,09,quantile,0.75,30.0
2026-10-03,wk inc covid hosp,3,2026-10-24,09,quantile,0.8,32.0
2026-10-03,wk inc covid hosp,3,2026-10-24,09,quantile,0.85,33.0
2026-10-03,wk inc covid hosp,3,2026-10-24,09,quantile,0.9,39.0
2026-10-03,wk inc covid hosp,3,2026-10-24,09,quantile,0.95,44.0
2026-10-03,wk inc covid hosp,3,2026-10-24,09,quantile,0.975,52.0
2026-10-03,wk inc covid hosp,3,2026-10-24,09,quantile,0.99,77.0
2026-10-03,wk inc covid hosp,3,2026-10-24,10,quantile,0.01,2.0
2026-10-03,wk inc covid hosp,3,2026-10-24,10,quantile,0.025,2.0
2026-10-03,wk inc covid hosp,3,2026-10-24,10,quantile,0.05,4.0
2026-10-03,wk inc covid hosp,3,2026-10-24,10,quantile,0.1,4.0
2026-10-03,wk inc covid hosp,3,2026-10-24,10,quantile,0.15,5.0
2026-10-03,wk inc covid hosp,3,2026-10-24,10,quantile,0.2,6.0
2026-10-03,wk inc covid hosp,3,2026-10-24,10,quantile,0.25,7.0
2026-10-03,wk inc covid hosp,3,2026-10-24,10,quantile,0.3,7.0
2026-10-03,wk inc covid hosp,3,2026-10-24,10,quantile,0.35,7.0
2026-10-03,wk inc covid hosp,3,2026-10-24,10,quantile,0.4,8.0
2026-10-03,wk inc covid hosp,3,2026-10-24,10,quantile,0.45,8.0
2026-10-03,wk inc covid hosp,3,2026-10-24,10,quantile,0.5,9.0
2026-10-03,wk inc covid hosp,3,2026-10-24,10,quantile,0.55,10.0
2026-10-03,wk inc covid hosp,3,2026-10-24,10,quantile,0.6,10.0
2026-10-03,wk inc covid hosp,3,2026-10-24,10,quantile,0.65,11.0
2026-10-03,wk inc covid hosp,3,2026-10-24,10,quantile,0.7,11.0
2026-10-03,wk inc covid hosp,3,2026-10-24,10,quantile,0.75,12.0
2026-10-03,wk inc covid hosp,3,2026-10-24,10,quantile,0.8,13.0
2026-10-03,wk inc covid hosp,3,2026-10-24,10,quantile,0.85,13.0
2026-10-03,wk inc covid hosp,3,2026-10-24,10,quantile,0.9,14.0
2026-10-03,wk inc covid hosp,3,2026-10-24,10,quantile,0.95,17.0
2026-10-03,wk inc covid hosp,3,2026-10-24,10,quantile,0.975,19.0
2026-10-03,wk inc covid hosp,3,2026-10-24,10,quantile,0.99,29.0
2026-10-03,wk inc covid hosp,3,2026-10-24,11,quantile,0.01,0.0
2026-10-03,wk inc covid hosp,3,2026-10-24,11,quantile,0.025,1.0
2026-10-03,wk inc covid hosp,3,2026-10-24,11,quantile,0.05,2.0
2026-10-03,wk inc covid hosp,3,2026-10-24,11,quantile,0.1,2.0
2026-10-03,wk inc covid hosp,3,2026-10-24,11,quantile,0.15,2.0
2026-10-03,wk inc covid hosp,3,2026-10-24,11,quantile,0.2,3.0
2026-10-03,wk inc covid hosp,3,2026-10-24,11,quantile,0.25,3.0
2026-10-03,wk inc covid hosp,3,2026-10-24,11,quantile,0.3,4.0
2026-10-03,wk inc covid hosp,3,2026-10-24,11,quantile,0.35,4.0
2026-10-03,wk inc covid hosp,3,2026-10-24,11,quantile,0.4,5.0
2026-10-03,wk inc covid hosp,3,2026-10-24,11,quantile,0.45,5.0
2026-10-03,wk inc covid hosp,3,2026-10-24,11,quantile,0.5,6.0
2026-10-03,wk inc covid hosp,3,2026-10-24,11,quantile,0.55,6.0
2026-10-03,wk inc covid hosp,3,2026-10-24,11,quantile,0.6,7.0
2026-10-03,wk inc covid hosp,3,2026-10-24,11,quantile,0.65,8.0
2026-10-03,wk inc covid hosp,3,2026-10-24,11,quantile,0.7,8.0
2026-10-03,wk inc covid hosp,3,2026-10-24,11,quantile,0.75,9.0
2026-10-03,wk inc covid hosp,3,2026-10-24,11,quantile,0.8,9.0
2026-10-03,wk inc covid hosp,3,2026-10-24,11,quantile,0.85,9.0
2026-10-03,wk inc covid hosp,3,2026-10-24,11,quantile,0.9,10.0
2026-10-03,wk inc covid hosp,3,2026-10-24,11,quantile,0.95,12.0
2026-10-03,wk inc covid hosp,3,2026-10-24,11,quantile,0.975,13.0
2026-10-03,wk inc covid hosp,3,2026-10-24,11,quantile,0.99,17.0
2026-10-03,wk inc covid hosp,3,2026-10-24,12,quantile,0.01,77.0
2026-10-03,wk inc covid hosp,3,2026-10-24,12,quantile,0.025,80.0
2026-10-03,wk inc covid hosp,3,2026-10-24,12,quantile,0.05,149.0
2026-10-03,wk inc covid hosp,3,2026-10-24,12,quantile,0.1,184.0
2026-10-03,wk inc covid hosp,3,2026-10-24,12,quantile,0.15,201.0
2026-10-03,wk inc covid hosp,3,2026-10-24,12,quantile,0.2,201.0
2026-10-03,wk inc covid hosp,3,2026-10-24,12,quantile,0.25,219.0
2026-10-03,wk inc covid hosp,3,2026-10-24,12,quantile,0.3,247.0
2026-10-03,wk inc covid hosp,3,2026-10-24,12,quantile,0.35,255.0
2026-10-03,wk inc covid hosp,3,2026-10-24,12,quantile,0.4,285.0
2026-10-03,wk inc covid hosp,3,2026-10-24,12,quantile,0.45,285.0
2026-10-03,wk inc covid hosp,3,2026-10-24,12,quantile,0.5,294.0
2026-10-03,wk inc covid hosp,3,2026-10-24,12,quantile,0.55,304.0
2026-10-03,wk inc covid hosp,3,2026-10-24,12,quantile,0.6,307.0
2026-10-03,wk inc covid hosp,3,2026-10-24,12,quantile,0.65,315.0
2026-10-03,wk inc covid hosp,3,2026-10-24,12,quantile,0.7,317.0
2026-10-03,wk inc covid hosp,3,2026-10-24,12,quantile,0.75,325.0
2026-10-03,wk inc covid hosp,3,2026-10-24,12,quantile,0.8,329.0
2026-10-03,wk inc covid hosp,3,2026-10-24,12,quantile,0.85,343.0
2026-10-03,wk inc covid hosp,3,2026-10-24,12,quantile,0.9,344.0
2026-10-03,wk inc covid hosp,3,2026-10-24,12,quantile,0.95,421.0
2026-10-03,wk inc covid hosp,3,2026-10-24,12,quantile,0.975,465.0
2026-10-03,wk inc covid hosp,3,2026-10-24,12,quantile,0.99,536.0
2026-10-03,wk inc covid hosp,3,2026-10-24,13,quantile,0.01,32.0
2026-10-03,wk inc covid hosp,3,2026-10-24,13,quantile,0.025,32.0
2026-10-03,wk inc covid hosp,3,2026-10-24,13,quantile,0.05,32.0
2026-10-03,wk inc covid hosp,3,2026-10-24,13,quantile,0.1,47.0
2026-10-03,wk inc covid hosp,3,2026-10-24,13,quantile,0.15,53.0
2026-10-03,wk inc covid hosp,3,2026-10-24,13,quantile,0.2,53.0
2026-10-03,wk inc covid hosp,3,2026-10-24,13,quantile,0.25,56.0
2026-10-03,wk inc covid hosp,3,2026-10-24,13,quantile,0.3,56.0
2026-10-03,wk inc covid hosp,3,2026-10-24,13,quantile,0.35,57.0
2026-10-03,wk inc covid hosp,3,2026-10-24,13,quantile,0.4,59.0
2026-10-03,wk inc covid hosp,3,2026-10-24,13,quantile,0.45,63.0
2026-10-03,wk inc covid hosp,3,2026-10-24,13,quantile,0.5,67.0
2026-10-03,wk inc covid hosp,3,2026-10-24,13,quantile,0.55,67.0
2026-10-03,wk inc covid hosp,3,2026-10-24,13,quantile,0.6,71.0
2026-10-03,wk inc covid hosp,3,2026-10-24,13,quantile,0.65,72.0
2026-10-03,wk inc covid hosp,3,2026-10-24,13,quantile,0.7,75.0
2026-10-03,wk inc covid hosp,3,2026-10-24,13,quantile,0.75,77.0
2026-10-03,wk inc covid hosp,3,2026-10-24,13,quantile,0.8,86.0
2026-10-03,wk inc covid hosp,3,2026-10-24,13,quantile,0.85,88.0
2026-10-03,wk inc covid hosp,3,2026-10-24,13,quantile,0.9,90.0
2026-10-03,wk inc covid hosp,3,2026-10-24,13,quantile,0.95,110.0
2026-10-03,wk inc covid hosp,3,2026-10-24,13,quantile,0.975,135.0
2026-10-03,wk inc covid hosp,3,2026-10-24,13,quantile,0.99,233.0
2026-10-03,wk inc covid hosp,3,2026-10-24,15,quantile,0.01,7.0
2026-10-03,wk inc covid hosp,3,2026-10-24,15,quantile,0.025,7.0
2026-10-03,wk inc covid hosp,3,2026-10-24,15,quantile,0.05,10.0
2026-10-03,wk inc covid hosp,3,2026-10-24,15,quantile,0.1,11.0
2026-10-03,wk inc covid hosp,3,2026-10-24,15,quantile,0.15,12.0
2026-10-03,wk inc covid hosp,3,2026-10-24,15,quantile,0.2,13.0
2026-10-03,wk inc covid hosp,3,2026-10-24,15,quantile,0.25,16.0
2026-10-03,wk inc covid hosp,3,2026-10-24,15,quantile,0.3,18.0
2026-10-03,wk inc covid hosp,3,2026-10-24,15,quantile,0.35,20.0
2026-10-03,wk inc covid hosp,3,2026-10-24,15,quantile,0.4,23.0
2026-10-03,wk inc covid hosp,3,2026-10-24,15,quantile,0.45,23.0
2026-10-03,wk inc covid hosp,3,2026-10-24,15,quantile,0.5,24.0
2026-10-03,wk inc covid hosp,3,2026-10-24,15,quantile,0.55,25.0
2026-10-03,wk inc covid hosp,3,2026-10-24,15,quantile,0.6,26.0
2026-10-03,wk inc covid hosp,3,2026-10-24,15,quantile,0.65,27.0
2026-10-03,wk inc covid hosp,3,2026-10-24,15,quantile,0.7,29.0
2026-10-03,wk inc covid hosp,3,2026-10-24,15,quantile,0.75,32.0
2026-10-03,wk inc covid hosp,3,2026-10-24,15,quantile,0.8,34.0
2026-10-03,wk inc covid hosp,3,2026-10-24,15,quantile,0.85,35.0
2026-10-03,wk inc covid hosp,3,2026-10-24,15,quantile,0.9,35.0
2026-10-03,wk inc covid hosp,3,2026-10-24,15,quantile,0.95,38.0
2026-10-03,wk inc covid hosp,3,2026-10-24,15,quantile,0.975,43.0
2026-10-03,wk inc covid hosp,3,2026-10-24,15,quantile,0.99,47.0
2026-10-03,wk inc covid hosp,3,2026-10-24,16,quantile,0.01,3.0
2026-10-03,wk inc covid hosp,3,2026-10-24,16,quantile,0.025,4.0
2026-10-03,wk inc covid hosp,3,2026-10-24,16,quantile,0.05,5.0
2026-10-03,wk inc covid hosp,3,2026-10-24,16,quantile,0.1,6.0
2026-10-03,wk inc covid hosp,3,2026-10-24,16,quantile,0.15,7.0
2026-10-03,wk inc covid hosp,3,2026-10-24,16,quantile,0.2,8.0
2026-10-03,wk inc covid hosp,3,2026-10-24,16,quantile,0.25,8.0
2026-10-03,wk inc covid hosp,3,2026-10-24,16,quantile,0.3,9.0
2026-10-03,wk inc covid hosp,3,2026-10-24,16,quantile,0.35,10.0
2026-10-03,wk inc covid hosp,3,2026-10-24,16,quantile,0.4,11.0
2026-10-03,wk inc covid hosp,3,2026-10-24,16,quantile,0.45,11.0
2026-10-03,wk inc covid hosp,3,2026-10-24,16,quantile,0.5,13.0
2026-10-03,wk inc covid hosp,3,2026-10-24,16,quantile,0.55,14.0
2026-10-03,wk inc covid hosp,3,2026-10-24,16,quantile,0.6,15.0
2026-10-03,wk inc covid hosp,3,2026-10-24,16,quantile,0.65,16.0
2026-10-03,wk inc covid hosp,3,2026-10-24,16,quantile,0.7,17.0
2026-10-03,wk inc covid hosp,3,2026-10-24,16,quantile,0.75,18.0
2026-10-03,wk inc covid hosp,3,2026-10-24,16,quantile,0.8,19.0
2026-10-03,wk inc covid hosp,3,2026-10-24,16,quantile,0.85,19.0
2026-10-03,wk inc covid hosp,3,2026-10-24,16,quantile,0.9,21.0
2026-10-03,wk inc covid hosp,3,2026-10-24,16,quantile,0.95,25.0
2026-10-03,wk inc covid hosp,3,2026-10-24,16,quantile,0.975,27.0
2026-10-03,wk inc covid hosp,3,2026-10-24,16,quantile,0.99,40.0
2026-10-03,wk inc covid hosp,3,2026-10-24,17,quantile,0.01,20.0
2026-10-03,wk inc covid hosp,3,2026-10-24,17,quantile,0.025,30.0
2026-10-03,wk inc covid hosp,3,2026-10-24,17,quantile,0.05,30.0
2026-10-03,wk inc covid hosp,3,2026-10-24,17,quantile,0.1,47.0
2026-10-03,wk inc covid hosp,3,2026-10-24,17,quantile,0.15,57.0
2026-10-03,wk inc covid hosp,3,2026-10-24,17,quantile,0.2,60.0
2026-10-03,wk inc covid hosp,3,2026-10-24,17,quantile,0.25,61.0
2026-10-03,wk inc covid hosp,3,2026-10-24,17,quantile,0.3,67.0
2026-10-03,wk inc covid hosp,3,2026-10-24,17,quantile,0.35,67.0
2026-10-03,wk inc covid hosp,3,2026-10-24,17,quantile,0.4,67.0
2026-10-03,wk inc covid hosp,3,2026-10-24,17,quantile,0.45,67.0
2026-10-03,wk inc covid hosp,3,2026-10-24,17,quantile,0.5,70.0
2026-10-03,wk inc covid hosp,3,2026-10-24,17,quantile,0.55,74.0
2026-10-03,wk inc covid hosp,3,2026-10-24,17,quantile,0.6,74.0
2026-10-03,wk inc covid hosp,3,2026-10-24,17,quantile,0.65,78.0
2026-10-03,wk inc covid hosp,3,2026-10-24,17,quantile,0.7,79.0
2026-10-03,wk inc covid hosp,3,2026-10-24,17,quantile,0.75,80.0
2026-10-03,wk inc covid hosp,3,2026-10-24,17,quantile,0.8,88.0
2026-10-03,wk inc covid hosp,3,2026-10-24,17,quantile,0.85,92.0
2026-10-03,wk inc covid hosp,3,2026-10-24,17,quantile,0.9,100.0
2026-10-03,wk inc covid hosp,3,2026-10-24,17,quantile,0.95,125.0
2026-10-03,wk inc covid hosp,3,2026-10-24,17,quantile,0.975,162.0
2026-10-03,wk inc covid hosp,3,2026-10-24,17,quantile,0.99,275.0
2026-10-03,wk inc covid hosp,3,2026-10-24,18,quantile,0.01,10.0
2026-10-03,wk inc covid hosp,3,2026-10-24,18,quantile,0.025,16.0
2026-10-03,wk inc covid hosp,3,2026-10-24,18,quantile,0.05,16.0
2026-10-03,wk inc covid hosp,3,2026-10-24,18,quantile,0.1,24.0
2026-10-03,wk inc covid hosp,3,2026-10-24,18,quantile,0.15,30.0
2026-10-03,wk inc covid hosp,3,2026-10-24,18,quantile,0.2,30.0
2026-10-03,wk inc covid hosp,3,2026-10-24,18,quantile,0.25,30.0
2026-10-03,wk inc covid hosp,3,2026-10-24,18,quantile,0.3,31.0
2026-10-03,wk inc covid hosp,3,2026-10-24,18,quantile,0.35,31.0
2026-10-03,wk inc covid hosp,3,2026-10-24,18,quantile,0.4,32.0
2026-10-03,wk inc covid hosp,3,2026-10-24,18,quantile,0.45,34.0
2026-10-03,wk inc covid hosp,3,2026-10-24,18,quantile,0.5,40.0
2026-10-03,wk inc covid hosp,3,2026-10-24,18,quantile,0.55,40.0
2026-10-03,wk inc covid hosp,3,2026-10-24,18,quantile,0.6,42.0
2026-10-03,wk inc covid hosp,3,2026-10-24,18,quantile,0.65,43.0
2026-10-03,wk inc covid hosp,3,2026-10-24,18,quantile,0.7,44.0
2026-10-03,wk inc covid hosp,3,2026-10-24,18,quantile,0.75,46.0
2026-10-03,wk inc covid hosp,3,2026-10-24,18,quantile,0.8,51.0
2026-10-03,wk inc covid hosp,3,2026-10-24,18,quantile,0.85,55.0
2026-10-03,wk inc covid hosp,3,2026-10-24,18,quantile,0.9,57.0
2026-10-03,wk inc covid hosp,3,2026-10-24,18,quantile,0.95,70.0
2026-10-03,wk inc covid hosp,3,2026-10-24,18,quantile,0.975,85.0
2026-10-03,wk inc covid hosp,3,2026-10-24,18,quantile,0.99,148.0
2026-10-03,wk inc covid hosp,3,2026-10-24,19,quantile,0.01,3.0
2026-10-03,wk inc covid hosp,3,2026-10-24,19,quantile,0.025,6.0
2026-10-03,wk inc covid hosp,3,2026-10-24,19,quantile,0.05,6.0
2026-10-03,wk inc covid hosp,3,2026-10-24,19,quantile,0.1,10.0
2026-10-03,wk inc covid hosp,3,2026-10-24,19,quantile,0.15,13.0
2026-10-03,wk inc covid hosp,3,2026-10-24,19,quantile,0.2,14.0
2026-10-03,wk inc covid hosp,3,2026-10-24,19,quantile,0.25,14.0
2026-10-03,wk inc covid hosp,3,2026-10-24,19,quantile,0.3,14.0
2026-10-03,wk inc covid hosp,3,2026-10-24,19,quantile,0.35,14.0
2026-10-03,wk inc covid hosp,3,2026-10-24,19,quantile,0.4,15.0
2026-10-03,wk inc covid hosp,3,2026-10-24,19,quantile,0.45,16.0
2026-10-03,wk inc covid hosp,3,2026-10-24,19,quantile,0.5,17.0
2026-10-03,wk inc covid hosp,3,2026-10-24,19,quantile,0.55,18.0
2026-10-03,wk inc covid hosp,3,2026-10-24,19,quantile,0.6,19.0
2026-10-03,wk inc covid hosp,3,2026-10-24,19,quantile,0.65,20.0
2026-10-03,wk inc covid hosp,3,2026-10-24,19,quantile,0.7,20.0
2026-10-03,wk inc covid hosp,3,2026-10-24,19,quantile,0.75,20.0
2026-10-03,wk inc covid hosp,3,2026-10-24,19,quantile,0.8,23.0
2026-10-03,wk inc covid hosp,3,2026-10-24,19,quantile,0.85,25.0
2026-10-03,wk inc covid hosp,3,2026-10-24,19,quantile,0.9,27.0
2026-10-03,wk inc covid hosp,3,2026-10-24,19,quantile,0.95,37.0
2026-10-03,wk inc covid hosp,3,2026-10-24,19,quantile,0.975,42.0
2026-10-03,wk inc covid hosp,3,2026-10-24,19,quantile,0.99,67.0
2026-10-03,wk inc covid hosp,3,2026-10-24,20,quantile,0.01,2.0
2026-10-03,wk inc covid hosp,3,2026-10-24,20,quantile,0.025,3.0
2026-10-03,wk inc covid hosp,3,2026-10-24,20,quantile,0.05,4.0
2026-10-03,wk inc covid hosp,3,2026-10-24,20,quantile,0.1,5.0
2026-10-03,wk inc covid hosp,3,2026-10-24,20,quantile,0.15,6.0
2026-10-03,wk inc covid hosp,3,2026-10-24,20,quantile,0.2,9.0
2026-10-03,wk inc covid hosp,3,2026-10-24,20,quantile,0.25,9.0
2026-10-03,wk inc covid hosp,3,2026-10-24,20,quantile,0.3,10.0
2026-10-03,wk inc covid hosp,3,2026-10-24,20,quantile,0.35,10.0
2026-10-03,wk inc covid hosp,3,2026-10-24,20,quantile,0.4,11.0
2026-10-03,wk inc covid hosp,3,2026-10-24,20,quantile,0.45,12.0
2026-10-03,wk inc covid hosp,3,2026-10-24,20,quantile,0.5,12.0
2026-10-03,wk inc covid hosp,3,2026-10-24,20,quantile,0.55,14.0
2026-10-03,wk inc covid hosp,3,2026-10-24,20,quantile,0.6,15.0
2026-10-03,wk inc covid hosp,3,2026-10-24,20,quantile,0.65,18.0
2026-10-03,wk inc covid hosp,3,2026-10-24,20,quantile,0.7,18.0
2026-10-03,wk inc covid hosp,3,2026-10-24,20,quantile,0.75,18.0
2026-10-03,wk inc covid hosp,3,2026-10-24,20,quantile,0.8,19.0
2026-10-03,wk inc covid hosp,3,2026-10-24,20,quantile,0.85,21.0
2026-10-03,wk inc covid hosp,3,2026-10-24,20,quantile,0.9,21.0
2026-10-03,wk inc covid hosp,3,2026-10-24,20,quantile,0.95,25.0
2026-10-03,wk inc covid hosp,3,2026-10-24,20,quantile,0.975,37.0
2026-10-03,wk inc covid hosp,3,2026-10-24,20,quantile,0.99,64.0
2026-10-03,wk inc covid hosp,3,2026-10-24,21,quantile,0.01,6.0
2026-10-03,wk inc covid hosp,3,2026-10-24,21,quantile,0.025,9.0
2026-10-03,wk inc covid hosp,3,2026-10-24,21,quantile,0.05,9.0
2026-10-03,wk inc covid hosp,3,2026-10-24,21,quantile,0.1,16.0
2026-10-03,wk inc covid hosp,3,2026-10-24,21,quantile,0.15,18.0
2026-10-03,wk inc covid hosp,3,2026-10-24,21,quantile,0.2,20.0
2026-10-03,wk inc covid hosp,3,2026-10-24,21,quantile,0.25,20.0
2026-10-03,wk inc covid hosp,3,2026-10-24,21,quantile,0.3,21.0
2026-10-03,wk inc covid hosp,3,2026-10-24,21,quantile,0.35,22.0
2026-10-03,wk inc covid hosp,3,2026-10-24,21,quantile,0.4,22.0
2026-10-03,wk inc covid hosp,3,2026-10-24,21,quantile,0.45,23.0
2026-10-03,wk inc covid hosp,3,2026-10-24,21,quantile,0.5,25.0
2026-10-03,wk inc covid hosp,3,2026-10-24,21,quantile,0.55,27.0
2026-10-03,wk inc covid hosp,3,2026-10-24,21,quantile,0.6,27.0
2026-10-03,wk inc covid hosp,3,2026-10-24,21,quantile,0.65,30.0
2026-10-03,wk inc covid hosp,3,2026-10-24,21,quantile,0.7,31.0
2026-10-03,wk inc covid hosp,3,2026-10-24,21,quantile,0.75,33.0
2026-10-03,wk inc covid hosp,3,2026-10-24,21,quantile,0.8,34.0
2026-10-03,wk inc covid hosp,3,2026-10-24,21,quantile,0.85,36.0
2026-10-03,wk inc covid hosp,3,2026-10-24,21,quantile,0.9,37.0
2026-10-03,wk inc covid hosp,3,2026-10-24,21,quantile,0.95,44.0
2026-10-03,wk inc covid hosp,3,2026-10-24,21,quantile,0.975,57.0
2026-10-03,wk inc covid hosp,3,2026-10-24,21,quantile,0.99,88.0
2026-10-03,wk inc covid hosp,3,2026-10-24,22,quantile,0.01,13.0
2026-10-03,wk inc covid hosp,3,2026-10-24,22,quantile,0.025,13.0
2026-10-03,wk inc covid hosp,3,2026-10-24,22,quantile,0.05,28.0
2026-10-03,wk inc covid hosp,3,2026-10-24,22,quantile,0.1,28.0
2026-10-03,wk inc covid hosp,3,2026-10-24,22,quantile,0.15,28.0
2026-10-03,wk inc covid hosp,3,2026-10-24,22,quantile,0.2,34.0
2026-10-03,wk inc covid hosp,3,2026-10-24,22,quantile,0.25,36.0
2026-10-03,wk inc covid hosp,3,2026-10-24,22,quantile,0.3,41.0
2026-10-03,wk inc covid hosp,3,2026-10-24,22,quantile,0.35,43.0
2026-10-03,wk inc covid hosp,3,2026-10-24,22,quantile,0.4,45.0
2026-10-03,wk inc covid hosp,3,2026-10-24,22,quantile,0.45,49.0
2026-10-03,wk inc covid hosp,3,2026-10-24,22,quantile,0.5,49.0
2026-10-03,wk inc covid hosp,3,2026-10-24,22,quantile,0.55,52.0
2026-10-03,wk inc covid hosp,3,2026-10-24,22,quantile,0.6,54.0
2026-10-03,wk inc covid hosp,3,2026-10-24,22,quantile,0.65,55.0
2026-10-03,wk inc covid hosp,3,2026-10-24,22,quantile,0.7,56.0
2026-10-03,wk inc covid hosp,3,2026-10-24,22,quantile,0.75,59.0
2026-10-03,wk inc covid hosp,3,2026-10-24,22,quantile,0.8,63.0
2026-10-03,wk inc covid hosp,3,2026-10-24,22,quantile,0.85,63.0
2026-10-03,wk inc covid hosp,3,2026-10-24,22,quantile,0.9,66.0
2026-10-03,wk inc covid hosp,3,2026-10-24,22,quantile,0.95,76.0
2026-10-03,wk inc covid hosp,3,2026-10-24,22,quantile,0.975,90.0
2026-10-03,wk inc covid hosp,3,2026-10-24,22,quantile,0.99,114.0
2026-10-03,wk inc covid hosp,3,2026-10-24,23,quantile,0.01,0.0
2026-10-03,wk inc covid hosp,3,2026-10-24,23,quantile,0.025,1.0
2026-10-03,wk inc covid hosp,3,2026-10-24,23,quantile,0.05,2.0
2026-10-03,wk inc covid hosp,3,2026-10-24,23,quantile,0.1,2.0
2026-10-03,wk inc covid hosp,3,2026-10-24,23,quantile,0.15,2.0
2026-10-03,wk inc covid hosp,3,2026-10-24,23,quantile,0.2,4.0
2026-10-03,wk inc covid hosp,3,2026-10-24,23,quantile,0.25,4.0
2026-10-03,wk inc covid hosp,3,2026-10-24,23,quantile,0.3,5.0
2026-10-03,wk inc covid hosp,3,2026-10-24,23,quantile,0.35,5.0
2026-10-03,wk inc covid hosp,3,2026-10-24,23,quantile,0.4,5.0
2026-10-03,wk inc covid hosp,3,2026-10-24,23,quantile,0.45,5.0
2026-10-03,wk inc covid hosp,3,2026-10-24,23,quantile,0.5,6.0
2026-10-03,wk inc covid hosp,3,2026-10-24,23,quantile,0.55,6.0
2026-10-03,wk inc covid hosp,3,2026-10-24,23,quantile,0.6,7.0
2026-10-03,wk inc covid hosp,3,2026-10-24,23,quantile,0.65,8.0
2026-10-03,wk inc covid hosp,3,2026-10-24,23,quantile,0.7,9.0
2026-10-03,wk inc covid hosp,3,2026-10-24,23,quantile,0.75,9.0
2026-10-03,wk inc covid hosp,3,2026-10-24,23,quantile,0.8,10.0
2026-10-03,wk inc covid hosp,3,2026-10-24,23,quantile,0.85,11.0
2026-10-03,wk inc covid hosp,3,2026-10-24,23,quantile,0.9,13.0
2026-10-03,wk inc covid hosp,3,2026-10-24,23,quantile,0.95,17.0
2026-10-03,wk inc covid hosp,3,2026-10-24,23,quantile,0.975,20.0
2026-10-03,wk inc covid hosp,3,2026-10-24,23,quantile,0.99,28.0
2026-10-03,wk inc covid hosp,3,2026-10-24,24,quantile,0.01,13.0
2026-10-03,wk inc covid hosp,3,2026-10-24,24,quantile,0.025,13.0
2026-10-03,wk inc covid hosp,3,2026-10-24,24,quantile,0.05,15.0
2026-10-03,wk inc covid hosp,3,2026-10-24,24,quantile,0.1,20.0
2026-10-03,wk inc covid hosp,3,2026-10-24,24,quantile,0.15,29.0
2026-10-03,wk inc covid hosp,3,2026-10-24,24,quantile,0.2,29.0
2026-10-03,wk inc covid hosp,3,2026-10-24,24,quantile,0.25,31.0
2026-10-03,wk inc covid hosp,3,2026-10-24,24,quantile,0.3,33.0
2026-10-03,wk inc covid hosp,3,2026-10-24,24,quantile,0.35,33.0
2026-10-03,wk inc covid hosp,3,2026-10-24,24,quantile,0.4,34.0
2026-10-03,wk inc covid hosp,3,2026-10-24,24,quantile,0.45,35.0
2026-10-03,wk inc covid hosp,3,2026-10-24,24,quantile,0.5,38.0
2026-10-03,wk inc covid hosp,3,2026-10-24,24,quantile,0.55,39.0
2026-10-03,wk inc covid hosp,3,2026-10-24,24,quantile,0.6,40.0
2026-10-03,wk inc covid hosp,3,2026-10-24,24,quantile,0.65,40.0
2026-10-03,wk inc covid hosp,3,2026-10-24,24,quantile,0.7,44.0
2026-10-03,wk inc covid hosp,3,2026-10-24,24,quantile,0.75,44.0
2026-10-03,wk inc covid hosp,3,2026-10-24,24,quantile,0.8,49.0
2026-10-03,wk inc covid hosp,3,2026-10-24,24,quantile,0.85,52.0
2026-10-03,wk inc covid hosp,3,2026-10-24,24,quantile,0.9,55.0
2026-10-03,wk inc covid hosp,3,2026-10-24,24,quantile,0.95,65.0
2026-10-03,wk inc covid hosp,3,2026-10-24,24,quantile,0.975,77.0
2026-10-03,wk inc covid hosp,3,2026-10-24,24,quantile,0.99,135.0
2026-10-03,wk inc covid hosp,3,2026-10-24,25,quantile,0.01,13.0
2026-10-03,wk inc covid hosp,3,2026-10-24,25,quantile,0.025,16.0
2026-10-03,wk inc covid hosp,3,2026-10-24,25,quantile,0.05,16.0
2026-10-03,wk inc covid hosp,3,2026-10-24,25,quantile,0.1,25.0
2026-10-03,wk inc covid hosp,3,2026-10-24,25,quantile,0.15,31.0
2026-10-03,wk inc covid hosp,3,2026-10-24,25,quantile,0.2,33.0
2026-10-03,wk inc covid hosp,3,2026-10-24,25,quantile,0.25,34.0
2026-10-03,wk inc covid hosp,3,2026-10-24,25,quantile,0.3,37.0
2026-10-03,wk inc covid hosp,3,2026-10-24,25,quantile,0.35,37.0
2026-10-03,wk inc covid hosp,3,2026-10-24,25,quantile,0.4,38.0
2026-10-03,wk inc covid hosp,3,2026-10-24,25,quantile,0.45,38.0
2026-10-03,wk inc covid hosp,3,2026-10-24,25,quantile,0.5,40.0
2026-10-03,wk inc covid hosp,3,2026-10-24,25,quantile,0.55,44.0
2026-10-03,wk inc covid hosp,3,2026-10-24,25,quantile,0.6,45.0
2026-10-03,wk inc covid hosp,3,2026-10-24,25,quantile,0.65,47.0
2026-10-03,wk inc covid hosp,3,2026-10-24,25,quantile,0.7,51.0
2026-10-03,wk inc covid hosp,3,2026-10-24,25,quantile,0.75,53.0
2026-10-03,wk inc covid hosp,3,2026-10-24,25,quantile,0.8,58.0
2026-10-03,wk inc covid hosp,3,2026-10-24,25,quantile,0.85,59.0
2026-10-03,wk inc covid hosp,3,2026-10-24,25,quantile,0.9,61.0
2026-10-03,wk inc covid hosp,3,2026-10-24,25,quantile,0.95,76.0
2026-10-03,wk inc covid hosp,3,2026-10-24,25,quantile,0.975,118.0
2026-10-03,wk inc covid hosp,3,2026-10-24,25,quantile,0.99,187.0
2026-10-03,wk inc covid hosp,3,2026-10-24,26,quantile,0.01,13.0
2026-10-03,wk inc covid hosp,3,2026-10-24,26,quantile,0.025,23.0
2026-10-03,wk inc covid hosp,3,2026-10-24,26,quantile,0.05,23.0
2026-10-03,wk inc covid hosp,3,2026-10-24,26,quantile,0.1,34.0
2026-10-03,wk inc covid hosp,3,2026-10-24,26,quantile,0.15,43.0
2026-10-03,wk inc covid hosp,3,2026-10-24,26,quantile,0.2,48.0
2026-10-03,wk inc covid hosp,3,2026-10-24,26,quantile,0.25,49.0
2026-10-03,wk inc covid hosp,3,2026-10-24,26,quantile,0.3,50.0
2026-10-03,wk inc covid hosp,3,2026-10-24,26,quantile,0.35,50.0
2026-10-03,wk inc covid hosp,3,2026-10-24,26,quantile,0.4,54.0
2026-10-03,wk inc covid hosp,3,2026-10-24,26,quantile,0.45,54.0
2026-10-03,wk inc covid hosp,3,2026-10-24,26,quantile,0.5,59.0
2026-10-03,wk inc covid hosp,3,2026-10-24,26,quantile,0.55,60.0
2026-10-03,wk inc covid hosp,3,2026-10-24,26,quantile,0.6,61.0
2026-10-03,wk inc covid hosp,3,2026-10-24,26,quantile,0.65,66.0
2026-10-03,wk inc covid hosp,3,2026-10-24,26,quantile,0.7,67.0
2026-10-03,wk inc covid hosp,3,2026-10-24,26,quantile,0.75,67.0
2026-10-03,wk inc covid hosp,3,2026-10-24,26,quantile,0.8,72.0
2026-10-03,wk inc covid hosp,3,2026-10-24,26,quantile,0.85,77.0
2026-10-03,wk inc covid hosp,3,2026-10-24,26,quantile,0.9,86.0
2026-10-03,wk inc covid hosp,3,2026-10-24,26,quantile,0.95,128.0
2026-10-03,wk inc covid hosp,3,2026-10-24,26,quantile,0.975,154.0
2026-10-03,wk inc covid hosp,3,2026-10-24,26,quantile,0.99,251.0
2026-10-03,wk inc covid hosp,3,2026-10-24,27,quantile,0.01,3.0
2026-10-03,wk inc covid hosp,3,2026-10-24,27,quantile,0.025,10.0
2026-10-03,wk inc covid hosp,3,2026-10-24,27,quantile,0.05,10.0
2026-10-03,wk inc covid hosp,3,2026-10-24,27,quantile,0.1,20.0
2026-10-03,wk inc covid hosp,3,2026-10-24,27,quantile,0.15,25.0
2026-10-03,wk inc covid hosp,3,2026-10-24,27,quantile,0.2,28.0
2026-10-03,wk inc covid hosp,3,2026-10-24,27,quantile,0.25,28.0
2026-10-03,wk inc covid hosp,3,2026-10-24,27,quantile,0.3,28.0
2026-10-03,wk inc covid hosp,3,2026-10-24,27,quantile,0.35,28.0
2026-10-03,wk inc covid hosp,3,2026-10-24,27,quantile,0.4,28.0
2026-10-03,wk inc covid hosp,3,2026-10-24,27,quantile,0.45,28.0
2026-10-03,wk inc covid hosp,3,2026-10-24,27,quantile,0.5,31.0
2026-10-03,wk inc covid hosp,3,2026-10-24,27,quantile,0.55,33.0
2026-10-03,wk inc covid hosp,3,2026-10-24,27,quantile,0.6,33.0
2026-10-03,wk inc covid hosp,3,2026-10-24,27,quantile,0.65,35.0
2026-10-03,wk inc covid hosp,3,2026-10-24,27,quantile,0.7,37.0
2026-10-03,wk inc covid hosp,3,2026-10-24,27,quantile,0.75,38.0
2026-10-03,wk inc covid hosp,3,2026-10-24,27,quantile,0.8,42.0
2026-10-03,wk inc covid hosp,3,2026-10-24,27,quantile,0.85,45.0
2026-10-03,wk inc covid hosp,3,2026-10-24,27,quantile,0.9,46.0
2026-10-03,wk inc covid hosp,3,2026-10-24,27,quantile,0.95,59.0
2026-10-03,wk inc covid hosp,3,2026-10-24,27,quantile,0.975,76.0
2026-10-03,wk inc covid hosp,3,2026-10-24,27,quantile,0.99,125.0
2026-10-03,wk inc covid hosp,3,2026-10-24,28,quantile,0.01,5.0
2026-10-03,wk inc covid hosp,3,2026-10-24,28,quantile,0.025,6.0
2026-10-03,wk inc covid hosp,3,2026-10-24,28,quantile,0.05,10.0
2026-10-03,wk inc covid hosp,3,2026-10-24,28,quantile,0.1,12.0
2026-10-03,wk inc covid hosp,3,2026-10-24,28,quantile,0.15,17.0
2026-10-03,wk inc covid hosp,3,2026-10-24,28,quantile,0.2,18.0
2026-10-03,wk inc covid hosp,3,2026-10-24,28,quantile,0.25,18.0
2026-10-03,wk inc covid hosp,3,2026-10-24,28,quantile,0.3,19.0
2026-10-03,wk inc covid hosp,3,2026-10-24,28,quantile,0.35,20.0
2026-10-03,wk inc covid hosp,3,2026-10-24,28,quantile,0.4,20.0
2026-10-03,wk inc covid hosp,3,2026-10-24,28,quantile,0.45,22.0
2026-10-03,wk inc covid hosp,3,2026-10-24,28,quantile,0.5,24.0
2026-10-03,wk inc covid hosp,3,2026-10-24,28,quantile,0.55,24.0
2026-10-03,wk inc covid hosp,3,2026-10-24,28,quantile,0.6,26.0
2026-10-03,wk inc covid hosp,3,2026-10-24,28,quantile,0.65,27.0
2026-10-03,wk inc covid hosp,3,2026-10-24,28,quantile,0.7,28.0
2026-10-03,wk inc covid hosp,3,2026-10-24,28,quantile,0.75,29.0
2026-10-03,wk inc covid hosp,3,2026-10-24,28,quantile,0.8,30.0
2026-10-03,wk inc covid hosp,3,2026-10-24,28,quantile,0.85,33.0
2026-10-03,wk inc covid hosp,3,2026-10-24,28,quantile,0.9,35.0
2026-10-03,wk inc covid hosp,3,2026-10-24,28,quantile,0.95,40.0
2026-10-03,wk inc covid hosp,3,2026-10-24,28,quantile,0.975,43.0
2026-10-03,wk inc covid hosp,3,2026-10-24,28,quantile,0.99,65.0
2026-10-03,wk inc covid hosp,3,2026-10-24,29,quantile,0.01,22.0
2026-10-03,wk inc covid hosp,3,2026-10-24,29,quantile,0.025,22.0
2026-10-03,wk inc covid hosp,3,2026-10-24,29,quantile,0.05,22.0
2026-10-03,wk inc covid hosp,3,2026-10-24,29,quantile,0.1,28.0
2026-10-03,wk inc covid hosp,3,2026-10-24,29,quantile,0.15,34.0
2026-10-03,wk inc covid hosp,3,2026-10-24,29,quantile,0.2,35.0
2026-10-03,wk inc covid hosp,3,2026-10-24,29,quantile,0.25,35.0
2026-10-03,wk inc covid hosp,3,2026-10-24,29,quantile,0.3,38.0
2026-10-03,wk inc covid hosp,3,2026-10-24,29,quantile,0.35,38.0
2026-10-03,wk inc covid hosp,3,2026-10-24,29,quantile,0.4,40.0
2026-10-03,wk inc covid hosp,3,2026-10-24,29,quantile,0.45,40.0
2026-10-03,wk inc covid hosp,3,2026-10-24,29,quantile,0.5,44.0
2026-10-03,wk inc covid hosp,3,2026-10-24,29,quantile,0.55,45.0
2026-10-03,wk inc covid hosp,3,2026-10-24,29,quantile,0.6,45.0
2026-10-03,wk inc covid hosp,3,2026-10-24,29,quantile,0.65,47.0
2026-10-03,wk inc covid hosp,3,2026-10-24,29,quantile,0.7,48.0
2026-10-03,wk inc covid hosp,3,2026-10-24,29,quantile,0.75,50.0
2026-10-03,wk inc covid hosp,3,2026-10-24,29,quantile,0.8,55.0
2026-10-03,wk inc covid hosp,3,2026-10-24,29,quantile,0.85,57.0
2026-10-03,wk inc covid hosp,3,2026-10-24,29,quantile,0.9,64.0
2026-10-03,wk inc covid hosp,3,2026-10-24,29,quantile,0.95,75.0
2026-10-03,wk inc covid hosp,3,2026-10-24,29,quantile,0.975,96.0
2026-10-03,wk inc covid hosp,3,2026-10-24,29,quantile,0.99,147.0
2026-10-03,wk inc covid hosp,3,2026-10-24,30,quantile,0.01,1.0
2026-10-03,wk inc covid hosp,3,2026-10-24,30,quantile,0.025,2.0
2026-10-03,wk inc covid hosp,3,2026-10-24,30,quantile,0.05,2.0
2026-10-03,wk inc covid hosp,3,2026-10-24,30,quantile,0.1,3.0
2026-10-03,wk inc covid hosp,3,2026-10-24,30,quantile,0.15,4.0
2026-10-03,wk inc covid hosp,3,2026-10-24,30,quantile,0.2,5.0
2026-10-03,wk inc covid hosp,3,2026-10-24,30,quantile,0.25,5.0
2026-10-03,wk inc covid hosp,3,2026-10-24,30,quantile,0.3,6.0
2026-10-03,wk inc covid hosp,3,2026-10-24,30,quantile,0.35,6.0
2026-10-03,wk inc covid hosp,3,2026-10-24,30,quantile,0.4,7.0
2026-10-03,wk inc covid hosp,3,2026-10-24,30,quantile,0.45,8.0
2026-10-03,wk inc covid hosp,3,2026-10-24,30,quantile,0.5,8.0
2026-10-03,wk inc covid hosp,3,2026-10-24,30,quantile,0.55,10.0
2026-10-03,wk inc covid hosp,3,2026-10-24,30,quantile,0.6,10.0
2026-10-03,wk inc covid hosp,3,2026-10-24,30,quantile,0.65,11.0
2026-10-03,wk inc covid hosp,3,2026-10-24,30,quantile,0.7,12.0
2026-10-03,wk inc covid hosp,3,2026-10-24,30,quantile,0.75,13.0
2026-10-03,wk inc covid hosp,3,2026-10-24,30,quantile,0.8,14.0
2026-10-03,wk inc covid hosp,3,2026-10-24,30,quantile,0.85,14.0
2026-10-03,wk inc covid hosp,3,2026-10-24,30,quantile,0.9,15.0
2026-10-03,wk inc covid hosp,3,2026-10-24,30,quantile,0.95,18.0
2026-10-03,wk inc covid hosp,3,2026-10-24,30,quantile,0.975,20.0
2026-10-03,wk inc covid hosp,3,2026-10-24,30,quantile,0.99,26.0
2026-10-03,wk inc covid hosp,3,2026-10-24,31,quantile,0.01,1.0
2026-10-03,wk inc covid hosp,3,2026-10-24,31,quantile,0.025,2.0
2026-10-03,wk inc covid hosp,3,2026-10-24,31,quantile,0.05,2.0
2026-10-03,wk inc covid hosp,3,2026-10-24,31,quantile,0.1,4.0
2026-10-03,wk inc covid hosp,3,2026-10-24,31,quantile,0.15,5.0
2026-10-03,wk inc covid hosp,3,2026-10-24,31,quantile,0.2,5.0
2026-10-03,wk inc covid hosp,3,2026-10-24,31,quantile,0.25,6.0
2026-10-03,wk inc covid hosp,3,2026-10-24,31,quantile,0.3,7.0
2026-10-03,wk inc covid hosp,3,2026-10-24,31,quantile,0.35,7.0
2026-10-03,wk inc covid hosp,3,2026-10-24,31,quantile,0.4,7.0
2026-10-03,wk inc covid hosp,3,2026-10-24,31,quantile,0.45,8.0
2026-10-03,wk inc covid hosp,3,2026-10-24,31,quantile,0.5,9.0
2026-10-03,wk inc covid hosp,3,2026-10-24,31,quantile,0.55,9.0
2026-10-03,wk inc covid hosp,3,2026-10-24,31,quantile,0.6,10.0
2026-10-03,wk inc covid hosp,3,2026-10-24,31,quantile,0.65,11.0
2026-10-03,wk inc covid hosp,3,2026-10-24,31,quantile,0.7,12.0
2026-10-03,wk inc covid hosp,3,2026-10-24,31,quantile,0.75,12.0
2026-10-03,wk inc covid hosp,3,2026-10-24,31,quantile,0.8,13.0
2026-10-03,wk inc covid hosp,3,2026-10-24,31,quantile,0.85,14.0
2026-10-03,wk inc covid hosp,3,2026-10-24,31,quantile,0.9,15.0
2026-10-03,wk inc covid hosp,3,2026-10-24,31,quantile,0.95,21.0
2026-10-03,wk inc covid hosp,3,2026-10-24,31,quantile,0.975,28.0
2026-10-03,wk inc covid hosp,3,2026-10-24,31,quantile,0.99,46.0
2026-10-03,wk inc covid hosp,3,2026-10-24,32,quantile,0.01,5.0
2026-10-03,wk inc covid hosp,3,2026-10-24,32,quantile,0.025,6.0
2026-10-03,wk inc covid hosp,3,2026-10-24,32,quantile,0.05,10.0
2026-10-03,wk inc covid hosp,3,2026-10-24,32,quantile,0.1,12.0
2026-10-03,wk inc covid hosp,3,2026-10-24,32,quantile,0.15,14.0
2026-10-03,wk inc covid hosp,3,2026-10-24,32,quantile,0.2,16.0
2026-10-03,wk inc covid hosp,3,2026-10-24,32,quantile,0.25,17.0
2026-10-03,wk inc covid hosp,3,2026-10-24,32,quantile,0.3,18.0
2026-10-03,wk inc covid hosp,3,2026-10-24,32,quantile,0.35,19.0
2026-10-03,wk inc covid hosp,3,2026-10-24,32,quantile,0.4,21.0
2026-10-03,wk inc covid hosp,3,2026-10-24,32,quantile,0.45,23.0
2026-10-03,wk inc covid hosp,3,2026-10-24,32,quantile,0.5,24.0
2026-10-03,wk inc covid hosp,3,2026-10-24,32,quantile,0.55,24.0
2026-10-03,wk inc covid hosp,3,2026-10-24,32,quantile,0.6,26.0
2026-10-03,wk inc covid hosp,3,2026-10-24,32,quantile,0.65,28.0
2026-10-03,wk inc covid hosp,3,2026-10-24,32,quantile,0.7,29.0
2026-10-03,wk inc covid hosp,3,2026-10-24,32,quantile,0.75,30.0
2026-10-03,wk inc covid hosp,3,2026-10-24,32,quantile,0.8,31.0
2026-10-03,wk inc covid hosp,3,2026-10-24,32,quantile,0.85,33.0
2026-10-03,wk inc covid hosp,3,2026-10-24,32,quantile,0.9,34.0
2026-10-03,wk inc covid hosp,3,2026-10-24,32,quantile,0.95,40.0
2026-10-03,wk inc covid hosp,3,2026-10-24,32,quantile,0.975,45.0
2026-10-03,wk inc covid hosp,3,2026-10-24,32,quantile,0.99,72.0
2026-10-03,wk inc covid hosp,3,2026-10-24,33,quantile,0.01,3.0
2026-10-03,wk inc covid hosp,3,2026-10-24,33,quantile,0.025,3.0
2026-10-03,wk inc covid hosp,3,2026-10-24,33,quantile,0.05,5.0
2026-10-03,wk inc covid hosp,3,2026-10-24,33,quantile,0.1,5.0
2026-10-03,wk inc covid hosp,3,2026-10-24,33,quantile,0.15,6.0
2026-10-03,wk inc covid hosp,3,2026-10-24,33,quantile,0.2,6.0
2026-10-03,wk inc covid hosp,3,2026-10-24,33,quantile,0.25,6.0
2026-10-03,wk inc covid hosp,3,2026-10-24,33,quantile,0.3,7.0
2026-10-03,wk inc covid hosp,3,2026-10-24,33,quantile,0.35,8.0
2026-10-03,wk inc covid hosp,3,2026-10-24,33,quantile,0.4,9.0
2026-10-03,wk inc covid hosp,3,2026-10-24,33,quantile,0.45,10.0
2026-10-03,wk inc covid hosp,3,2026-10-24,33,quantile,0.5,11.0
2026-10-03,wk inc covid hosp,3,2026-10-24,33,quantile,0.55,12.0
2026-10-03,wk inc covid hosp,3,2026-10-24,33,quantile,0.6,12.0
2026-10-03,wk inc covid hosp,3,2026-10-24,33,quantile,0.65,14.0
2026-10-03,wk inc covid hosp,3,2026-10-24,33,quantile,0.7,14.0
2026-10-03,wk inc covid hosp,3,2026-10-24,33,quantile,0.75,15.0
2026-10-03,wk inc covid hosp,3,2026-10-24,33,quantile,0.8,17.0
2026-10-03,wk inc covid hosp,3,2026-10-24,33,quantile,0.85,18.0
2026-10-03,wk inc covid hosp,3,2026-10-24,33,quantile,0.9,19.0
2026-10-03,wk inc covid hosp,3,2026-10-24,33,quantile,0.95,22.0
2026-10-03,wk inc covid hosp,3,2026-10-24,33,quantile,0.975,23.0
2026-10-03,wk inc covid hosp,3,2026-10-24,33,quantile,0.99,33.0
2026-10-03,wk inc covid hosp,3,2026-10-24,34,quantile,0.01,21.0
2026-10-03,wk inc covid hosp,3,2026-10-24,34,quantile,0.025,32.0
2026-10-03,wk inc covid hosp,3,2026-10-24,34,quantile,0.05,59.0
2026-10-03,wk inc covid hosp,3,2026-10-24,34,quantile,0.1,59.0
2026-10-03,wk inc covid hosp,3,2026-10-24,34,quantile,0.15,63.0
2026-10-03,wk inc covid hosp,3,2026-10-24,34,quantile,0.2,71.0
2026-10-03,wk inc covid hosp,3,2026-10-24,34,quantile,0.25,76.0
2026-10-03,wk inc covid hosp,3,2026-10-24,34,quantile,0.3,88.0
2026-10-03,wk inc covid hosp,3,2026-10-24,34,quantile,0.35,89.0
2026-10-03,wk inc covid hosp,3,2026-10-24,34,quantile,0.4,98.0
2026-10-03,wk inc covid hosp,3,2026-10-24,34,quantile,0.45,102.0
2026-10-03,wk inc covid hosp,3,2026-10-24,34,quantile,0.5,102.0
2026-10-03,wk inc covid hosp,3,2026-10-24,34,quantile,0.55,109.0
2026-10-03,wk inc covid hosp,3,2026-10-24,34,quantile,0.6,109.0
2026-10-03,wk inc covid hosp,3,2026-10-24,34,quantile,0.65,109.0
2026-10-03,wk inc covid hosp,3,2026-10-24,34,quantile,0.7,109.0
2026-10-03,wk inc covid hosp,3,2026-10-24,34,quantile,0.75,109.0
2026-10-03,wk inc covid hosp,3,2026-10-24,34,quantile,0.8,116.0
2026-10-03,wk inc covid hosp,3,2026-10-24,34,quantile,0.85,117.0
2026-10-03,wk inc covid hosp,3,2026-10-24,34,quantile,0.9,118.0
2026-10-03,wk inc covid hosp,3,2026-10-24,34,quantile,0.95,139.0
2026-10-03,wk inc covid hosp,3,2026-10-24,34,quantile,0.975,168.0
2026-10-03,wk inc covid hosp,3,2026-10-24,34,quantile,0.99,230.0
2026-10-03,wk inc covid hosp,3,2026-10-24,35,quantile,0.01,1.0
2026-10-03,wk inc covid hosp,3,2026-10-24,35,quantile,0.025,3.0
2026-10-03,wk inc covid hosp,3,2026-10-24,35,quantile,0.05,3.0
2026-10-03,wk inc covid hosp,3,2026-10-24,35,quantile,0.1,6.0
2026-10-03,wk inc covid hosp,3,2026-10-24,35,quantile,0.15,8.0
2026-10-03,wk inc covid hosp,3,2026-10-24,35,quantile,0.2,9.0
2026-10-03,wk inc covid hosp,3,2026-10-24,35,quantile,0.25,9.0
2026-10-03,wk inc covid hosp,3,2026-10-24,35,quantile,0.3,10.0
2026-10-03,wk inc covid hosp,3,2026-10-24,35,quantile,0.35,10.0
2026-10-03,wk inc covid hosp,3,2026-10-24,35,quantile,0.4,11.0
2026-10-03,wk inc covid hosp,3,2026-10-24,35,quantile,0.45,12.0
2026-10-03,wk inc covid hosp,3,2026-10-24,35,quantile,0.5,12.0
2026-10-03,wk inc covid hosp,3,2026-10-24,35,quantile,0.55,13.0
2026-10-03,wk inc covid hosp,3,2026-10-24,35,quantile,0.6,14.0
2026-10-03,wk inc covid hosp,3,2026-10-24,35,quantile,0.65,15.0
2026-10-03,wk inc covid hosp,3,2026-10-24,35,quantile,0.7,15.0
2026-10-03,wk inc covid hosp,3,2026-10-24,35,quantile,0.75,15.0
2026-10-03,wk inc covid hosp,3,2026-10-24,35,quantile,0.8,16.0
2026-10-03,wk inc covid hosp,3,2026-10-24,35,quantile,0.85,17.0
2026-10-03,wk inc covid hosp,3,2026-10-24,35,quantile,0.9,18.0
2026-10-03,wk inc covid hosp,3,2026-10-24,35,quantile,0.95,24.0
2026-10-03,wk inc covid hosp,3,2026-10-24,35,quantile,0.975,32.0
2026-10-03,wk inc covid hosp,3,2026-10-24,35,quantile,0.99,60.0
2026-10-03,wk inc covid hosp,3,2026-10-24,36,quantile,0.01,85.0
2026-10-03,wk inc covid hosp,3,2026-10-24,36,quantile,0.025,85.0
2026-10-03,wk inc covid hosp,3,2026-10-24,36,quantile,0.05,116.0
2026-10-03,wk inc covid hosp,3,2026-10-24,36,quantile,0.1,120.0
2026-10-03,wk inc covid hosp,3,2026-10-24,36,quantile,0.15,139.0
2026-10-03,wk inc covid hosp,3,2026-10-24,36,quantile,0.2,143.0
2026-10-03,wk inc covid hosp,3,2026-10-24,36,quantile,0.25,154.0
2026-10-03,wk inc covid hosp,3,2026-10-24,36,quantile,0.3,169.0
2026-10-03,wk inc covid hosp,3,2026-10-24,36,quantile,0.35,175.0
2026-10-03,wk inc covid hosp,3,2026-10-24,36,quantile,0.4,185.0
2026-10-03,wk inc covid hosp,3,2026-10-24,36,quantile,0.45,187.0
2026-10-03,wk inc covid hosp,3,2026-10-24,36,quantile,0.5,188.0
2026-10-03,wk inc covid hosp,3,2026-10-24,36,quantile,0.55,199.0
2026-10-03,wk inc covid hosp,3,2026-10-24,36,quantile,0.6,201.0
2026-10-03,wk inc covid hosp,3,2026-10-24,36,quantile,0.65,208.0
2026-10-03,wk inc covid hosp,3,2026-10-24,36,quantile,0.7,208.0
2026-10-03,wk inc covid hosp,3,2026-10-24,36,quantile,0.75,215.0
2026-10-03,wk inc covid hosp,3,2026-10-24,36,quantile,0.8,225.0
2026-10-03,wk inc covid hosp,3,2026-10-24,36,quantile,0.85,229.0
2026-10-03,wk inc covid hosp,3,2026-10-24,36,quantile,0.9,229.0
2026-10-03,wk inc covid hosp,3,2026-10-24,36,quantile,0.95,256.0
2026-10-03,wk inc covid hosp,3,2026-10-24,36,quantile,0.975,298.0
2026-10-03,wk inc covid hosp,3,2026-10-24,36,quantile,0.99,458.0
2026-10-03,wk inc covid hosp,3,2026-10-24,37,quantile,0.01,38.0
2026-10-03,wk inc covid hosp,3,2026-10-24,37,quantile,0.025,39.0
2026-10-03,wk inc covid hosp,3,2026-10-24,37,quantile,0.05,61.0
2026-10-03,wk inc covid hosp,3,2026-10-24,37,quantile,0.1,64.0
2026-10-03,wk inc covid hosp,3,2026-10-24,37,quantile,0.15,70.0
2026-10-03,wk inc covid hosp,3,2026-10-24,37,quantile,0.2,76.0
2026-10-03,wk inc covid hosp,3,2026-10-24,37,quantile,0.25,76.0
2026-10-03,wk inc covid hosp,3,2026-10-24,37,quantile,0.3,88.0
2026-10-03,wk inc covid hosp,3,2026-10-24,37,quantile,0.35,91.0
2026-10-03,wk inc covid hosp,3,2026-10-24,37,quantile,0.4,99.0
2026-10-03,wk inc covid hosp,3,2026-10-24,37,quantile,0.45,104.0
2026-10-03,wk inc covid hosp,3,2026-10-24,37,quantile,0.5,107.0
2026-10-03,wk inc covid hosp,3,2026-10-24,37,quantile,0.55,109.0
2026-10-03,wk inc covid hosp,3,2026-10-24,37,quantile,0.6,114.0
2026-10-03,wk inc covid hosp,3,2026-10-24,37,quantile,0.65,115.0
2026-10-03,wk inc covid hosp,3,2026-10-24,37,quantile,0.7,117.0
2026-10-03,wk inc covid hosp,3,2026-10-24,37,quantile,0.75,124.0
2026-10-03,wk inc covid hosp,3,2026-10-24,37,quantile,0.8,130.0
2026-10-03,wk inc covid hosp,3,2026-10-24,37,quantile,0.85,132.0
2026-10-03,wk inc covid hosp,3,2026-10-24,37,quantile,0.9,132.0
2026-10-03,wk inc covid hosp,3,2026-10-24,37,quantile,0.95,138.0
2026-10-03,wk inc covid hosp,3,2026-10-24,37,quantile,0.975,157.0
2026-10-03,wk inc covid hosp,3,2026-10-24,37,quantile,0.99,244.0
2026-10-03,wk inc covid hosp,3,2026-10-24,38,quantile,0.01,0.0
2026-10-03,wk inc covid hosp,3,2026-10-24,38,quantile,0.025,0.0
2026-10-03,wk inc covid hosp,3,2026-10-24,38,quantile,0.05,1.0
2026-10-03,wk inc covid hosp,3,2026-10-24,38,quantile,0.1,1.0
2026-10-03,wk inc covid hosp,3,2026-10-24,38,quantile,0.15,1.0
2026-10-03,wk inc covid hosp,3,2026-10-24,38,quantile,0.2,2.0
2026-10-03,wk inc covid hosp,3,2026-10-24,38,quantile,0.25,2.0
2026-10-03,wk inc covid hosp,3,2026-10-24,38,quantile,0.3,3.0
2026-10-03,wk inc covid hosp,3,2026-10-24,38,quantile,0.35,3.0
2026-10-03,wk inc covid hosp,3,2026-10-24,38,quantile,0.4,3.0
2026-10-03,wk inc covid hosp,3,2026-10-24,38,quantile,0.45,4.0
2026-10-03,wk inc covid hosp,3,2026-10-24,38,quantile,0.5,4.0
2026-10-03,wk inc covid hosp,3,2026-10-24,38,quantile,0.55,4.0
2026-10-03,wk inc covid hosp,3,2026-10-24,38,quantile,0.6,4.0
2026-10-03,wk inc covid hosp,3,2026-10-24,38,quantile,0.65,5.0
2026-10-03,wk inc covid hosp,3,2026-10-24,38,quantile,0.7,6.0
2026-10-03,wk inc covid hosp,3,2026-10-24,38,quantile,0.75,6.0
2026-10-03,wk inc covid hosp,3,2026-10-24,38,quantile,0.8,6.0
2026-10-03,wk inc covid hosp,3,2026-10-24,38,quantile,0.85,7.0
2026-10-03,wk inc covid hosp,3,2026-10-24,38,quantile,0.9,7.0
2026-10-03,wk inc covid hosp,3,2026-10-24,38,quantile,0.95,9.0
2026-10-03,wk inc covid hosp,3,2026-10-24,38,quantile,0.975,10.0
2026-10-03,wk inc covid hosp,3,2026-10-24,38,quantile,0.99,17.0
2026-10-03,wk inc covid hosp,3,2026-10-24,39,quantile,0.01,15.0
2026-10-03,wk inc covid hosp,3,2026-10-24,39,quantile,0.025,28.0
2026-10-03,wk inc covid hosp,3,2026-10-24,39,quantile,0.05,28.0
2026-10-03,wk inc covid hosp,3,2026-10-24,39,quantile,0.1,46.0
2026-10-03,wk inc covid hosp,3,2026-10-24,39,quantile,0.15,57.0
2026-10-03,wk inc covid hosp,3,2026-10-24,39,quantile,0.2,58.0
2026-10-03,wk inc covid hosp,3,2026-10-24,39,quantile,0.25,59.0
2026-10-03,wk inc covid hosp,3,2026-10-24,39,quantile,0.3,61.0
2026-10-03,wk inc covid hosp,3,2026-10-24,39,quantile,0.35,61.0
2026-10-03,wk inc covid hosp,3,2026-10-24,39,quantile,0.4,61.0
2026-10-03,wk inc covid hosp,3,2026-10-24,39,quantile,0.45,61.0
2026-10-03,wk inc covid hosp,3,2026-10-24,39,quantile,0.5,68.0
2026-10-03,wk inc covid hosp,3,2026-10-24,39,quantile,0.55,72.0
2026-10-03,wk inc covid hosp,3,2026-10-24,39,quantile,0.6,72.0
2026-10-03,wk inc covid hosp,3,2026-10-24,39,quantile,0.65,78.0
2026-10-03,wk inc covid hosp,3,2026-10-24,39,quantile,0.7,78.0
2026-10-03,wk inc covid hosp,3,2026-10-24,39,quantile,0.75,79.0
2026-10-03,wk inc covid hosp,3,2026-10-24,39,quantile,0.8,86.0
2026-10-03,wk inc covid hosp,3,2026-10-24,39,quantile,0.85,91.0
2026-10-03,wk inc covid hosp,3,2026-10-24,39,quantile,0.9,96.0
2026-10-03,wk inc covid hosp,3,2026-10-24,39,quantile,0.95,131.0
2026-10-03,wk inc covid hosp,3,2026-10-24,39,quantile,0.975,167.0
2026-10-03,wk inc covid hosp,3,2026-10-24,39,quantile,0.99,266.0
2026-10-03,wk inc covid hosp,3,2026-10-24,40,quantile,0.01,4.0
2026-10-03,wk inc covid hosp,3,2026-10-24,40,quantile,0.025,7.0
2026-10-03,wk inc covid hosp,3,2026-10-24,40,quantile,0.05,7.0
2026-10-03,wk inc covid hosp,3,2026-10-24,40,quantile,0.1,12.0
2026-10-03,wk inc covid hosp,3,2026-10-24,40,quantile,0.15,15.0
2026-10-03,wk inc covid hosp,3,2026-10-24,40,quantile,0.2,17.0
2026-10-03,wk inc covid hosp,3,2026-10-24,40,quantile,0.25,17.0
2026-10-03,wk inc covid hosp,3,2026-10-24,40,quantile,0.3,18.0
2026-10-03,wk inc covid hosp,3,2026-10-24,40,quantile,0.35,19.0
2026-10-03,wk inc covid hosp,3,2026-10-24,40,quantile,0.4,20.0
2026-10-03,wk inc covid hosp,3,2026-10-24,40,quantile,0.45,21.0
2026-10-03,wk inc covid hosp,3,2026-10-24,40,quantile,0.5,23.0
2026-10-03,wk inc covid hosp,3,2026-10-24,40,quantile,0.55,24.0
2026-10-03,wk inc covid hosp,3,2026-10-24,40,quantile,0.6,24.0
2026-10-03,wk inc covid hosp,3,2026-10-24,40,quantile,0.65,26.0
2026-10-03,wk inc covid hosp,3,2026-10-24,40,quantile,0.7,27.0
2026-10-03,wk inc covid hosp,3,2026-10-24,40,quantile,0.75,28.0
2026-10-03,wk inc covid hosp,3,2026-10-24,40,quantile,0.8,29.0
2026-10-03,wk inc covid hosp,3,2026-10-24,40,quantile,0.85,31.0
2026-10-03,wk inc covid hosp,3,2026-10-24,40,quantile,0.9,33.0
2026-10-03,wk inc covid hosp,3,2026-10-24,40,quantile,0.95,40.0
2026-10-03,wk inc covid hosp,3,2026-10-24,40,quantile,0.975,51.0
2026-10-03,wk inc covid hosp,3,2026-10-24,40,quantile,0.99,82.0
2026-10-03,wk inc covid hosp,3,2026-10-24,41,quantile,0.01,10.0
2026-10-03,wk inc covid hosp,3,2026-10-24,41,quantile,0.025,11.0
2026-10-03,wk inc covid hosp,3,2026-10-24,41,quantile,0.05,16.0
2026-10-03,wk inc covid hosp,3,2026-10-24,41,quantile,0.1,18.0
2026-10-03,wk inc covid hosp,3,2026-10-24,41,quantile,0.15,23.0
2026-10-03,wk inc covid hosp,3,2026-10-24,41,quantile,0.2,27.0
2026-10-03,wk inc covid hosp,3,2026-10-24,41,quantile,0.25,28.0
2026-10-03,wk inc covid hosp,3,2026-10-24,41,quantile,0.3,30.0
2026-10-03,wk inc covid hosp,3,2026-10-24,41,quantile,0.35,30.0
2026-10-03,wk inc covid hosp,3,2026-10-24,41,quantile,0.4,32.0
2026-10-03,wk inc covid hosp,3,2026-10-24,41,quantile,0.45,32.0
2026-10-03,wk inc covid hosp,3,2026-10-24,41,quantile,0.5,33.0
2026-10-03,wk inc covid hosp,3,2026-10-24,41,quantile,0.55,35.0
2026-10-03,wk inc covid hosp,3,2026-10-24,41,quantile,0.6,35.0
2026-10-03,wk inc covid hosp,3,2026-10-24,41,quantile,0.65,37.0
2026-10-03,wk inc covid hosp,3,2026-10-24,41,quantile,0.7,38.0
2026-10-03,wk inc covid hosp,3,2026-10-24,41,quantile,0.75,40.0
2026-10-03,wk inc covid hosp,3,2026-10-24,41,quantile,0.8,43.0
2026-10-03,wk inc covid hosp,3,2026-10-24,41,quantile,0.85,46.0
2026-10-03,wk inc covid hosp,3,2026-10-24,41,quantile,0.9,49.0
2026-10-03,wk inc covid hosp,3,2026-10-24,41,quantile,0.95,58.0
2026-10-03,wk inc covid hosp,3,2026-10-24,41,quantile,0.975,66.0
2026-10-03,wk inc covid hosp,3,2026-10-24,41,quantile,0.99,102.0
2026-10-03,wk inc covid hosp,3,2026-10-24,42,quantile,0.01,53.0
2026-10-03,wk inc covid hosp,3,2026-10-24,42,quantile,0.025,53.0
2026-10-03,wk inc covid hosp,3,2026-10-24,42,quantile,0.05,81.0
2026-10-03,wk inc covid hosp,3,2026-10-24,42,quantile,0.1,81.0
2026-10-03,wk inc covid hosp,3,2026-10-24,42,quantile,0.15,95.0
2026-10-03,wk inc covid hosp,3,2026-10-24,42,quantile,0.2,102.0
2026-10-03,wk inc covid hosp,3,2026-10-24,42,quantile,0.25,110.0
2026-10-03,wk inc covid hosp,3,2026-10-24,42,quantile,0.3,126.0
2026-10-03,wk inc covid hosp,3,2026-10-24,42,quantile,0.35,127.0
2026-10-03,wk inc covid hosp,3,2026-10-24,42,quantile,0.4,136.0
2026-10-03,wk inc covid hosp,3,2026-10-24,42,quantile,0.45,138.0
2026-10-03,wk inc covid hosp,3,2026-10-24,42,quantile,0.5,140.0
2026-10-03,wk inc covid hosp,3,2026-10-24,42,quantile,0.55,150.0
2026-10-03,wk inc covid hosp,3,2026-10-24,42,quantile,0.6,150.0
2026-10-03,wk inc covid hosp,3,2026-10-24,42,quantile,0.65,150.0
2026-10-03,wk inc covid hosp,3,2026-10-24,42,quantile,0.7,150.0
2026-10-03,wk inc covid hosp,3,2026-10-24,42,quantile,0.75,156.0
2026-10-03,wk inc covid hosp,3,2026-10-24,42,quantile,0.8,168.0
2026-10-03,wk inc covid hosp,3,2026-10-24,42,quantile,0.85,168.0
2026-10-03,wk inc covid hosp,3,2026-10-24,42,quantile,0.9,173.0
2026-10-03,wk inc covid hosp,3,2026-10-24,42,quantile,0.95,204.0
2026-10-03,wk inc covid hosp,3,2026-10-24,42,quantile,0.975,229.0
2026-10-03,wk inc covid hosp,3,2026-10-24,42,quantile,0.99,317.0
2026-10-03,wk inc covid hosp,3,2026-10-24,44,quantile,0.01,1.0
2026-10-03,wk inc covid hosp,3,2026-10-24,44,quantile,0.025,2.0
2026-10-03,wk inc covid hosp,3,2026-10-24,44,quantile,0.05,3.0
2026-10-03,wk inc covid hosp,3,2026-10-24,44,quantile,0.1,3.0
2026-10-03,wk inc covid hosp,3,2026-10-24,44,quantile,0.15,4.0
2026-10-03,wk inc covid hosp,3,2026-10-24,44,quantile,0.2,6.0
2026-10-03,wk inc covid hosp,3,2026-10-24,44,quantile,0.25,6.0
2026-10-03,wk inc covid hosp,3,2026-10-24,44,quantile,0.3,6.0
2026-10-03,wk inc covid hosp,3,2026-10-24,44,quantile,0.35,7.0
2026-10-03,wk inc covid hosp,3,2026-10-24,44,quantile,0.4,7.0
2026-10-03,wk inc covid hosp,3,2026-10-24,44,quantile,0.45,8.0
2026-10-03,wk inc covid hosp,3,2026-10-24,44,quantile,0.5,8.0
2026-10-03,wk inc covid hosp,3,2026-10-24,44,quantile,0.55,9.0
2026-10-03,wk inc covid hosp,3,2026-10-24,44,quantile,0.6,10.0
2026-10-03,wk inc covid hosp,3,2026-10-24,44,quantile,0.65,10.0
2026-10-03,wk inc covid hosp,3,2026-10-24,44,quantile,0.7,10.0
2026-10-03,wk inc covid hosp,3,2026-10-24,44,quantile,0.75,11.0
2026-10-03,wk inc covid hosp,3,2026-10-24,44,quantile,0.8,13.0
2026-10-03,wk inc covid hosp,3,2026-10-24,44,quantile,0.85,13.0
2026-10-03,wk inc covid hosp,3,2026-10-24,44,quantile,0.9,14.0
2026-10-03,wk inc covid hosp,3,2026-10-24,44,quantile,0.95,18.0
2026-10-03,wk inc covid hosp,3,2026-10-24,44,quantile,0.975,19.0
2026-10-03,wk inc covid hosp,3,2026-10-24,44,quantile,0.99,23.0
2026-10-03,wk inc covid hosp,3,2026-10-24,45,quantile,0.01,18.0
2026-10-03,wk inc covid hosp,3,2026-10-24,45,quantile,0.025,18.0
2026-10-03,wk inc covid hosp,3,2026-10-24,45,quantile,0.05,24.0
2026-10-03,wk inc covid hosp,3,2026-10-24,45,quantile,0.1,28.0
2026-10-03,wk inc covid hosp,3,2026-10-24,45,quantile,0.15,30.0
2026-10-03,wk inc covid hosp,3,2026-10-24,45,quantile,0.2,35.0
2026-10-03,wk inc covid hosp,3,2026-10-24,45,quantile,0.25,36.0
2026-10-03,wk inc covid hosp,3,2026-10-24,45,quantile,0.3,41.0
2026-10-03,wk inc covid hosp,3,2026-10-24,45,quantile,0.35,43.0
2026-10-03,wk inc covid hosp,3,2026-10-24,45,quantile,0.4,45.0
2026-10-03,wk inc covid hosp,3,2026-10-24,45,quantile,0.45,47.0
2026-10-03,wk inc covid hosp,3,2026-10-24,45,quantile,0.5,50.0
2026-10-03,wk inc covid hosp,3,2026-10-24,45,quantile,0.55,50.0
2026-10-03,wk inc covid hosp,3,2026-10-24,45,quantile,0.6,52.0
2026-10-03,wk inc covid hosp,3,2026-10-24,45,quantile,0.65,52.0
2026-10-03,wk inc covid hosp,3,2026-10-24,45,quantile,0.7,53.0
2026-10-03,wk inc covid hosp,3,2026-10-24,45,quantile,0.75,56.0
2026-10-03,wk inc covid hosp,3,2026-10-24,45,quantile,0.8,59.0
2026-10-03,wk inc covid hosp,3,2026-10-24,45,quantile,0.85,61.0
2026-10-03,wk inc covid hosp,3,2026-10-24,45,quantile,0.9,62.0
2026-10-03,wk inc covid hosp,3,2026-10-24,45,quantile,0.95,69.0
2026-10-03,wk inc covid hosp,3,2026-10-24,45,quantile,0.975,78.0
2026-10-03,wk inc covid hosp,3,2026-10-24,45,quantile,0.99,117.0
2026-10-03,wk inc covid hosp,3,2026-10-24,46,quantile,0.01,0.0
2026-10-03,wk inc covid hosp,3,2026-10-24,46,quantile,0.025,0.0
2026-10-03,wk inc covid hosp,3,2026-10-24,46,quantile,0.05,1.0
2026-10-03,wk inc covid hosp,3,2026-10-24,46,quantile,0.1,1.0
2026-10-03,wk inc covid hosp,3,2026-10-24,46,quantile,0.15,2.0
2026-10-03,wk inc covid hosp,3,2026-10-24,46,quantile,0.2,2.0
2026-10-03,wk inc covid hosp,3,2026-10-24,46,quantile,0.25,2.0
2026-10-03,wk inc covid hosp,3,2026-10-24,46,quantile,0.3,3.0
2026-10-03,wk inc covid hosp,3,2026-10-24,46,quantile,0.35,3.0
2026-10-03,wk inc covid hosp,3,2026-10-24,46,quantile,0.4,4.0
2026-10-03,wk inc covid hosp,3,2026-10-24,46,quantile,0.45,4.0
2026-10-03,wk inc covid hosp,3,2026-10-24,46,quantile,0.5,4.0
2026-10-03,wk inc covid hosp,3,2026-10-24,46,quantile,0.55,5.0
2026-10-03,wk inc covid hosp,3,2026-10-24,46,quantile,0.6,5.0
2026-10-03,wk inc covid hosp,3,2026-10-24,46,quantile,0.65,5.0
2026-10-03,wk inc covid hosp,3,2026-10-24,46,quantile,0.7,6.0
2026-10-03,wk inc covid hosp,3,2026-10-24,46,quantile,0.75,6.0
2026-10-03,wk inc covid hosp,3,2026-10-24,46,quantile,0.8,7.0
2026-10-03,wk inc covid hosp,3,2026-10-24,46,quantile,0.85,7.0
2026-10-03,wk inc covid hosp,3,2026-10-24,46,quantile,0.9,8.0
2026-10-03,wk inc covid hosp,3,2026-10-24,46,quantile,0.95,12.0
2026-10-03,wk inc covid hosp,3,2026-10-24,46,quantile,0.975,13.0
2026-10-03,wk inc covid hosp,3,2026-10-24,46,quantile,0.99,18.0
2026-10-03,wk inc covid hosp,3,2026-10-24,47,quantile,0.01,20.0
2026-10-03,wk inc covid hosp,3,2026-10-24,47,quantile,0.025,20.0
2026-10-03,wk inc covid hosp,3,2026-10-24,47,quantile,0.05,22.0
2026-10-03,wk inc covid hosp,3,2026-10-24,47,quantile,0.1,28.0
2026-10-03,wk inc covid hosp,3,2026-10-24,47,quantile,0.15,33.0
2026-10-03,wk inc covid hosp,3,2026-10-24,47,quantile,0.2,37.0
2026-10-03,wk inc covid hosp,3,2026-10-24,47,quantile,0.25,40.0
2026-10-03,wk inc covid hosp,3,2026-10-24,47,quantile,0.3,42.0
2026-10-03,wk inc covid hosp,3,2026-10-24,47,quantile,0.35,43.0
2026-10-03,wk inc covid hosp,3,2026-10-24,47,quantile,0.4,45.0
2026-10-03,wk inc covid hosp,3,2026-10-24,47,quantile,0.45,45.0
2026-10-03,wk inc covid hosp,3,2026-10-24,47,quantile,0.5,48.0
2026-10-03,wk inc covid hosp,3,2026-10-24,47,quantile,0.55,50.0
2026-10-03,wk inc covid hosp,3,2026-10-24,47,quantile,0.6,53.0
2026-10-03,wk inc covid hosp,3,2026-10-24,47,quantile,0.65,55.0
2026-10-03,wk inc covid hosp,3,2026-10-24,47,quantile,0.7,55.0
2026-10-03,wk inc covid hosp,3,2026-10-24,47,quantile,0.75,59.0
2026-10-03,wk inc covid hosp,3,2026-10-24,47,quantile,0.8,63.0
2026-10-03,wk inc covid hosp,3,2026-10-24,47,quantile,0.85,66.0
2026-10-03,wk inc covid hosp,3,2026-10-24,47,quantile,0.9,68.0
2026-10-03,wk inc covid hosp,3,2026-10-24,47,quantile,0.95,76.0
2026-10-03,wk inc covid hosp,3,2026-10-24,47,quantile,0.975,91.0
2026-10-03,wk inc covid hosp,3,2026-10-24,47,quantile,0.99,141.0
2026-10-03,wk inc covid hosp,3,2026-10-24,48,quantile,0.01,33.0
2026-10-03,wk inc covid hosp,3,2026-10-24,48,quantile,0.025,89.0
2026-10-03,wk inc covid hosp,3,2026-10-24,48,quantile,0.05,151.0
2026-10-03,wk inc covid hosp,3,2026-10-24,48,quantile,0.1,172.0
2026-10-03,wk inc covid hosp,3,2026-10-24,48,quantile,0.15,183.0
2026-10-03,wk inc covid hosp,3,2026-10-24,48,quantile,0.2,217.0
2026-10-03,wk inc covid hosp,3,2026-10-24,48,quantile,0.25,217.0
2026-10-03,wk inc covid hosp,3,2026-10-24,48,quantile,0.3,217.0
2026-10-03,wk inc covid hosp,3,2026-10-24,48,quantile,0.35,217.0
2026-10-03,wk inc covid hosp,3,2026-10-24,48,quantile,0.4,221.0
2026-10-03,wk inc covid hosp,3,2026-10-24,48,quantile,0.45,229.0
2026-10-03,wk inc covid hosp,3,2026-10-24,48,quantile,0.5,233.0
2026-10-03,wk inc covid hosp,3,2026-10-24,48,quantile,0.55,247.0
2026-10-03,wk inc covid hosp,3,2026-10-24,48,quantile,0.6,247.0
2026-10-03,wk inc covid hosp,3,2026-10-24,48,quantile,0.65,250.0
2026-10-03,wk inc covid hosp,3,2026-10-24,48,quantile,0.7,263.0
2026-10-03,wk inc covid hosp,3,2026-10-24,48,quantile,0.75,275.0
2026-10-03,wk inc covid hosp,3,2026-10-24,48,quantile,0.8,292.0
2026-10-03,wk inc covid hosp,3,2026-10-24,48,quantile,0.85,300.0
2026-10-03,wk inc covid hosp,3,2026-10-24,48,quantile,0.9,300.0
2026-10-03,wk inc covid hosp,3,2026-10-24,48,quantile,0.95,366.0
2026-10-03,wk inc covid hosp,3,2026-10-24,48,quantile,0.975,442.0
2026-10-03,wk inc covid hosp,3,2026-10-24,48,quantile,0.99,657.0
2026-10-03,wk inc covid hosp,3,2026-10-24,49,quantile,0.01,2.0
2026-10-03,wk inc covid hosp,3,2026-10-24,49,quantile,0.025,5.0
2026-10-03,wk inc covid hosp,3,2026-10-24,49,quantile,0.05,7.0
2026-10-03,wk inc covid hosp,3,2026-10-24,49,quantile,0.1,10.0
2026-10-03,wk inc covid hosp,3,2026-10-24,49,quantile,0.15,12.0
2026-10-03,wk inc covid hosp,3,2026-10-24,49,quantile,0.2,14.0
2026-10-03,wk inc covid hosp,3,2026-10-24,49,quantile,0.25,14.0
2026-10-03,wk inc covid hosp,3,2026-10-24,49,quantile,0.3,15.0
2026-10-03,wk inc covid hosp,3,2026-10-24,49,quantile,0.35,15.0
2026-10-03,wk inc covid hosp,3,2026-10-24,49,quantile,0.4,15.0
2026-10-03,wk inc covid hosp,3,2026-10-24,49,quantile,0.45,17.0
2026-10-03,wk inc covid hosp,3,2026-10-24,49,quantile,0.5,18.0
2026-10-03,wk inc covid hosp,3,2026-10-24,49,quantile,0.55,19.0
2026-10-03,wk inc covid hosp,3,2026-10-24,49,quantile,0.6,19.0
2026-10-03,wk inc covid hosp,3,2026-10-24,49,quantile,0.65,20.0
2026-10-03,wk inc covid hosp,3,2026-10-24,49,quantile,0.7,21.0
2026-10-03,wk inc covid hosp,3,2026-10-24,49,quantile,0.75,22.0
2026-10-03,wk inc covid hosp,3,2026-10-24,49,quantile,0.8,23.0
2026-10-03,wk inc covid hosp,3,2026-10-24,49,quantile,0.85,26.0
2026-10-03,wk inc covid hosp,3,2026-10-24,49,quantile,0.9,29.0
2026-10-03,wk inc covid hosp,3,2026-10-24,49,quantile,0.95,32.0
2026-10-03,wk inc covid hosp,3,2026-10-24,49,quantile,0.975,42.0
2026-10-03,wk inc covid hosp,3,2026-10-24,49,quantile,0.99,71.0
2026-10-03,wk inc covid hosp,3,2026-10-24,50,quantile,0.01,1.0
2026-10-03,wk inc covid hosp,3,2026-10-24,50,quantile,0.025,1.0
2026-10-03,wk inc covid hosp,3,2026-10-24,50,quantile,0.05,2.0
2026-10-03,wk inc covid hosp,3,2026-10-24,50,quantile,0.1,2.0
2026-10-03,wk inc covid hosp,3,2026-10-24,50,quantile,0.15,2.0
2026-10-03,wk inc covid hosp,3,2026-10-24,50,quantile,0.2,3.0
2026-10-03,wk inc covid hosp,3,2026-10-24,50,quantile,0.25,3.0
2026-10-03,wk inc covid hosp,3,2026-10-24,50,quantile,0.3,4.0
2026-10-03,wk inc covid hosp,3,2026-10-24,50,quantile,0.35,5.0
2026-10-03,wk inc covid hosp,3,2026-10-24,50,quantile,0.4,5.0
2026-10-03,wk inc covid hosp,3,2026-10-24,50,quantile,0.45,6.0
2026-10-03,wk inc covid hosp,3,2026-10-24,50,quantile,0.5,6.0
2026-10-03,wk inc covid hosp,3,2026-10-24,50,quantile,0.55,6.0
2026-10-03,wk inc covid hosp,3,2026-10-24,50,quantile,0.6,7.0
2026-10-03,wk inc covid hosp,3,2026-10-24,50,quantile,0.65,8.0
2026-10-03,wk inc covid hosp,3,2026-10-24,50,quantile,0.7,8.0
2026-10-03,wk inc covid hosp,3,2026-10-24,50,quantile,0.75,8.0
2026-10-03,wk inc covid hosp,3,2026-10-24,50,quantile,0.8,9.0
2026-10-03,wk inc covid hosp,3,2026-10-24,50,quantile,0.85,10.0
2026-10-03,wk inc covid hosp,3,2026-10-24,50,quantile,0.9,10.0
2026-10-03,wk inc covid hosp,3,2026-10-24,50,quantile,0.95,11.0
2026-10-03,wk inc covid hosp,3,2026-10-24,50,quantile,0.975,12.0
2026-10-03,wk inc covid hosp,3,2026-10-24,50,quantile,0.99,16.0
2026-10-03,wk inc covid hosp,3,2026-10-24,51,quantile,0.01,11.0
2026-10-03,wk inc covid hosp,3,2026-10-24,51,quantile,0.025,19.0
2026-10-03,wk inc covid hosp,3,2026-10-24,51,quantile,0.05,19.0
2026-10-03,wk inc covid hosp,3,2026-10-24,51,quantile,0.1,34.0
2026-10-03,wk inc covid hosp,3,2026-10-24,51,quantile,0.15,41.0
2026-10-03,wk inc covid hosp,3,2026-10-24,51,quantile,0.2,43.0
2026-10-03,wk inc covid hosp,3,2026-10-24,51,quantile,0.25,43.0
2026-10-03,wk inc covid hosp,3,2026-10-24,51,quantile,0.3,43.0
2026-10-03,wk inc covid hosp,3,2026-10-24,51,quantile,0.35,43.0
2026-10-03,wk inc covid hosp,3,2026-10-24,51,quantile,0.4,43.0
2026-10-03,wk inc covid hosp,3,2026-10-24,51,quantile,0.45,43.0
2026-10-03,wk inc covid hosp,3,2026-10-24,51,quantile,0.5,48.0
2026-10-03,wk inc covid hosp,3,2026-10-24,51,quantile,0.55,49.0
2026-10-03,wk inc covid hosp,3,2026-10-24,51,quantile,0.6,50.0
2026-10-03,wk inc covid hosp,3,2026-10-24,51,quantile,0.65,51.0
2026-10-03,wk inc covid hosp,3,2026-10-24,51,quantile,0.7,55.0
2026-10-03,wk inc covid hosp,3,2026-10-24,51,quantile,0.75,55.0
2026-10-03,wk inc covid hosp,3,2026-10-24,51,quantile,0.8,62.0
2026-10-03,wk inc covid hosp,3,2026-10-24,51,quantile,0.85,68.0
2026-10-03,wk inc covid hosp,3,2026-10-24,51,quantile,0.9,72.0
2026-10-03,wk inc covid hosp,3,2026-10-24,51,quantile,0.95,86.0
2026-10-03,wk inc covid hosp,3,2026-10-24,51,quantile,0.975,109.0
2026-10-03,wk inc covid hosp,3,2026-10-24,51,quantile,0.99,186.0
2026-10-03,wk inc covid hosp,3,2026-10-24,53,quantile,0.01,35.0
2026-10-03,wk inc covid hosp,3,2026-10-24,53,quantile,0.025,35.0
2026-10-03,wk inc covid hosp,3,2026-10-24,53,quantile,0.05,53.0
2026-10-03,wk inc covid hosp,3,2026-10-24,53,quantile,0.1,65.0
2026-10-03,wk inc covid hosp,3,2026-10-24,53,quantile,0.15,65.0
2026-10-03,wk inc covid hosp,3,2026-10-24,53,quantile,0.2,65.0
2026-10-03,wk inc covid hosp,3,2026-10-24,53,quantile,0.25,67.0
2026-10-03,wk inc covid hosp,3,2026-10-24,53,quantile,0.3,81.0
2026-10-03,wk inc covid hosp,3,2026-10-24,53,quantile,0.35,89.0
2026-10-03,wk inc covid hosp,3,2026-10-24,53,quantile,0.4,102.0
2026-10-03,wk inc covid hosp,3,2026-10-24,53,quantile,0.45,102.0
2026-10-03,wk inc covid hosp,3,2026-10-24,53,quantile,0.5,110.0
2026-10-03,wk inc covid hosp,3,2026-10-24,53,quantile,0.55,114.0
2026-10-03,wk inc covid hosp,3,2026-10-24,53,quantile,0.6,114.0
2026-10-03,wk inc covid hosp,3,2026-10-24,53,quantile,0.65,119.0
2026-10-03,wk inc covid hosp,3,2026-10-24,53,quantile,0.7,119.0
2026-10-03,wk inc covid hosp,3,2026-10-24,53,quantile,0.75,122.0
2026-10-03,wk inc covid hosp,3,2026-10-24,53,quantile,0.8,130.0
2026-10-03,wk inc covid hosp,3,2026-10-24,53,quantile,0.85,137.0
2026-10-03,wk inc covid hosp,3,2026-10-24,53,quantile,0.9,137.0
2026-10-03,wk inc covid hosp,3,2026-10-24,53,quantile,0.95,154.0
2026-10-03,wk inc covid hosp,3,2026-10-24,53,quantile,0.975,172.0
2026-10-03,wk inc covid hosp,3,2026-10-24,53,quantile,0.99,217.0
2026-10-03,wk inc covid hosp,3,2026-10-24,54,quantile,0.01,4.0
2026-10-03,wk inc covid hosp,3,2026-10-24,54,quantile,0.025,4.0
2026-10-03,wk inc covid hosp,3,2026-10-24,54,quantile,0.05,5.0
2026-10-03,wk inc covid hosp,3,2026-10-24,54,quantile,0.1,6.0
2026-10-03,wk inc covid hosp,3,2026-10-24,54,quantile,0.15,7.0
2026-10-03,wk inc covid hosp,3,2026-10-24,54,quantile,0.2,8.0
2026-10-03,wk inc covid hosp,3,2026-10-24,54,quantile,0.25,9.0
2026-10-03,wk inc covid hosp,3,2026-10-24,54,quantile,0.3,11.0
2026-10-03,wk inc covid hosp,3,2026-10-24,54,quantile,0.35,11.0
2026-10-03,wk inc covid hosp,3,2026-10-24,54,quantile,0.4,12.0
2026-10-03,wk inc covid hosp,3,2026-10-24,54,quantile,0.45,13.0
2026-10-03,wk inc covid hosp,3,2026-10-24,54,quantile,0.5,13.0
2026-10-03,wk inc covid hosp,3,2026-10-24,54,quantile,0.55,14.0
2026-10-03,wk inc covid hosp,3,2026-10-24,54,quantile,0.6,15.0
2026-10-03,wk inc covid hosp,3,2026-10-24,54,quantile,0.65,16.0
2026-10-03,wk inc covid hosp,3,2026-10-24,54,quantile,0.7,18.0
2026-10-03,wk inc covid hosp,3,2026-10-24,54,quantile,0.75,18.0
2026-10-03,wk inc covid hosp,3,2026-10-24,54,quantile,0.8,19.0
2026-10-03,wk inc covid hosp,3,2026-10-24,54,quantile,0.85,21.0
2026-10-03,wk inc covid hosp,3,2026-10-24,54,quantile,0.9,24.0
2026-10-03,wk inc covid hosp,3,2026-10-24,54,quantile,0.95,29.0
2026-10-03,wk inc covid hosp,3,2026-10-24,54,quantile,0.975,33.0
2026-10-03,wk inc covid hosp,3,2026-10-24,54,quantile,0.99,41.0
2026-10-03,wk inc covid hosp,3,2026-10-24,55,quantile,0.01,7.0
2026-10-03,wk inc covid hosp,3,2026-10-24,55,quantile,0.025,12.0
2026-10-03,wk inc covid hosp,3,2026-10-24,55,quantile,0.05,14.0
2026-10-03,wk inc covid hosp,3,2026-10-24,55,quantile,0.1,19.0
2026-10-03,wk inc covid hosp,3,2026-10-24,55,quantile,0.15,27.0
2026-10-03,wk inc covid hosp,3,2026-10-24,55,quantile,0.2,27.0
2026-10-03,wk inc covid hosp,3,2026-10-24,55,quantile,0.25,28.0
2026-10-03,wk inc covid hosp,3,2026-10-24,55,quantile,0.3,29.0
2026-10-03,wk inc covid hosp,3,2026-10-24,55,quantile,0.35,29.0
2026-10-03,wk inc covid hosp,3,2026-10-24,55,quantile,0.4,29.0
2026-10-03,wk inc covid hosp,3,2026-10-24,55,quantile,0.45,31.0
2026-10-03,wk inc covid hosp,3,2026-10-24,55,quantile,0.5,34.0
2026-10-03,wk inc covid hosp,3,2026-10-24,55,quantile,0.55,36.0
2026-10-03,wk inc covid hosp,3,2026-10-24,55,quantile,0.6,38.0
2026-10-03,wk inc covid hosp,3,2026-10-24,55,quantile,0.65,38.0
2026-10-03,wk inc covid hosp,3,2026-10-24,55,quantile,0.7,40.0
2026-10-03,wk inc covid hosp,3,2026-10-24,55,quantile,0.75,41.0
2026-10-03,wk inc covid hosp,3,2026-10-24,55,quantile,0.8,45.0
2026-10-03,wk inc covid hosp,3,2026-10-24,55,quantile,0.85,49.0
2026-10-03,wk inc covid hosp,3,2026-10-24,55,quantile,0.9,52.0
2026-10-03,wk inc covid hosp,3,2026-10-24,55,quantile,0.95,68.0
2026-10-03,wk inc covid hosp,3,2026-10-24,55,quantile,0.975,81.0
2026-10-03,wk inc covid hosp,3,2026-10-24,55,quantile,0.99,129.0
2026-10-03,wk inc covid hosp,3,2026-10-24,56,quantile,0.01,0.0
2026-10-03,wk inc covid hosp,3,2026-10-24,56,quantile,0.025,0.0
2026-10-03,wk inc covid hosp,3,2026-10-24,56,quantile,0.05,1.0
2026-10-03,wk inc covid hosp,3,2026-10-24,56,quantile,0.1,1.0
2026-10-03,wk inc covid hosp,3,2026-10-24,56,quantile,0.15,2.0
2026-10-03,wk inc covid hosp,3,2026-10-24,56,quantile,0.2,3.0
2026-10-03,wk inc covid hosp,3,2026-10-24,56,quantile,0.25,3.0
2026-10-03,wk inc covid hosp,3,2026-10-24,56,quantile,0.3,3.0
2026-10-03,wk inc covid hosp,3,2026-10-24,56,quantile,0.35,3.0
2026-10-03,wk inc covid hosp,3,2026-10-24,56,quantile,0.4,3.0
2026-10-03,wk inc covid hosp,3,2026-10-24,56,quantile,0.45,3.0
2026-10-03,wk inc covid hosp,3,2026-10-24,56,quantile,0.5,4.0
2026-10-03,wk inc covid hosp,3,2026-10-24,56,quantile,0.55,4.0
2026-10-03,wk inc covid hosp,3,2026-10-24,56,quantile,0.6,5.0
2026-10-03,wk inc covid hosp,3,2026-10-24,56,quantile,0.65,5.0
2026-10-03,wk inc covid hosp,3,2026-10-24,56,quantile,0.7,5.0
2026-10-03,wk inc covid hosp,3,2026-10-24,56,quantile,0.75,6.0
2026-10-03,wk inc covid hosp,3,2026-10-24,56,quantile,0.8,6.0
2026-10-03,wk inc covid hosp,3,2026-10-24,56,quantile,0.85,7.0
2026-10-03,wk inc covid hosp,3,2026-10-24,56,quantile,0.9,7.0
2026-10-03,wk inc covid hosp,3,2026-10-24,56,quantile,0.95,9.0
2026-10-03,wk inc covid hosp,3,2026-10-24,56,quantile,0.975,10.0
2026-10-03,wk inc covid hosp,3,2026-10-24,56,quantile,0.99,17.0
2026-10-03,wk inc covid hosp,3,2026-10-24,72,quantile,0.01,7.0
2026-10-03,wk inc covid hosp,3,2026-10-24,72,quantile,0.025,11.0
2026-10-03,wk inc covid hosp,3,2026-10-24,72,quantile,0.05,18.0
2026-10-03,wk inc covid hosp,3,2026-10-24,72,quantile,0.1,22.0
2026-10-03,wk inc covid hosp,3,2026-10-24,72,quantile,0.15,25.0
2026-10-03,wk inc covid hosp,3,2026-10-24,72,quantile,0.2,25.0
2026-10-03,wk inc covid hosp,3,2026-10-24,72,quantile,0.25,32.0
2026-10-03,wk inc covid hosp,3,2026-10-24,72,quantile,0.3,36.0
2026-10-03,wk inc covid hosp,3,2026-10-24,72,quantile,0.35,43.0
2026-10-03,wk inc covid hosp,3,2026-10-24,72,quantile,0.4,49.0
2026-10-03,wk inc covid hosp,3,2026-10-24,72,quantile,0.45,55.0
2026-10-03,wk inc covid hosp,3,2026-10-24,72,quantile,0.5,58.0
2026-10-03,wk inc covid hosp,3,2026-10-24,72,quantile,0.55,61.0
2026-10-03,wk inc covid hosp,3,2026-10-24,72,quantile,0.6,63.0
2026-10-03,wk inc covid hosp,3,2026-10-24,72,quantile,0.65,70.0
2026-10-03,wk inc covid hosp,3,2026-10-24,72,quantile,0.7,74.0
2026-10-03,wk inc covid hosp,3,2026-10-24,72,quantile,0.75,75.0
2026-10-03,wk inc covid hosp,3,2026-10-24,72,quantile,0.8,80.0
2026-10-03,wk inc covid hosp,3,2026-10-24,72,quantile,0.85,84.0
2026-10-03,wk inc covid hosp,3,2026-10-24,72,quantile,0.9,87.0
2026-10-03,wk inc covid hosp,3,2026-10-24,72,quantile,0.95,95.0
2026-10-03,wk inc covid hosp,3,2026-10-24,72,quantile,0.975,100.0
2026-10-03,wk inc covid hosp,3,2026-10-24,72,quantile,0.99,113.0
