reference_date,target,horizon,target_end_date,location,output_type,output_type_id,value
2026-08-01,wk inc covid hosp,0,2026-08-01,01,quantile,0.01,17.0
2026-08-01,wk inc covid hosp,0,2026-08-01,01,quantile,0.025,21.0
2026-08-01,wk inc covid hosp,0,2026-08-01,01,quantile,0.05,28.0
2026-08-01,wk inc covid hosp,0,2026-08-01,01,quantile,0.1,34.0
2026-08-01,wk inc covid hosp,0,2026-08-01,01,quantile,0.15,34.0
2026-08-01,wk inc covid hosp,0,2026-08-01,01,quantile,0.2,34.0
2026-08-01,wk inc covid hosp,0,2026-08-01,01,quantile,0.25,36.0
2026-08-01,wk inc covid hosp,0,2026-08-01,01,quantile,0.3,36.0
2026-08-01,wk inc covid hosp,0,2026-08-01,01,quantile,0.35,37.0
2026-08-01,wk inc covid hosp,0,2026-08-01,01,quantile,0.4,39.0
2026-08-01,wk inc covid hosp,0,2026-08-01,01,quantile,0.45,39.0
2026-08-01,wk inc covid hosp,0,2026-08-01,01,quantile,0.5,39.0
2026-08-01,wk inc covid hosp,0,2026-08-01,01,quantile,0.55,39.0
2026-08-01,wk inc covid hosp,0,2026-08-01,01,quantile,0.6,41.0
2026-08-01,wk inc covid hosp,0,2026-08-01,01,quantile,0.65,45.0
2026-08-01,wk inc covid hosp,0,2026-08-01,01,quantile,0.7,46.0
2026-08-01,wk inc covid hosp,0,2026-08-01,01,quantile,0.75,47.0
2026-08-01,wk inc covid hosp,0,2026-08-01,01,quantile,0.8,47.0
2026-08-01,wk inc covid hosp,0,2026-08-01,01,quantile,0.85,50.0
2026-08-01,wk inc covid hosp,0,2026-08-01,01,quantile,0.9,55.0
2026-08-01,wk inc covid hosp,0,2026-08-01,01,quantile,0.95,58.0
2026-08-01,wk inc covid hosp,0,2026-08-01,01,quantile,0.975,72.0
2026-08-01,wk inc covid hosp,0,2026-08-01,01,quantile,0.99,105.0
2026-08-01,wk inc covid hosp,0,2026-08-01,02,quantile,0.01,0.0
2026-08-01,wk inc covid hosp,0,2026-08-01,02,quantile,0.025,0.0
2026-08-01,wk inc covid hosp,0,2026-08-01,02,quantile,0.05,0.0
2026-08-01,wk inc covid hosp,0,2026-08-01,02,quantile,0.1,0.0
2026-08-01,wk inc covid hosp,0,2026-08-01,02,quantile,0.15,0.0
2026-08-01,wk inc covid hosp,0,2026-08-01,02,quantile,0.2,0.0
2026-08-01,wk inc covid hosp,0,2026-08-01,02,quantile,0.25,1.0
2026-08-01,wk inc covid hosp,0,2026-08-01,02,quantile,0.3,1.0
2026-08-01,wk inc covid hosp,0,2026-08-01,02,quantile,0.35,1.0
2026-08-01,wk inc covid hosp,0,2026-08-01,02,quantile,0.4,1.0
2026-08-01,wk inc covid hosp,0,2026-08-01,02,quantile,0.45,2.0
2026-08-01,wk inc covid hosp,0,2026-08-01,02,quantile,0.5,2.0
2026-08-01,wk inc covid hosp,0,2026-08-01,02,quantile,0.55,2.0
2026-08-01,wk inc covid hosp,0,2026-08-01,02,quantile,0.6,2.0
2026-08-01,wk inc covid hosp,0,2026-08-01,02,quantile,0.65,3.0
2026-08-01,wk inc covid hosp,0,2026-08-01,02,quantile,0.7,3.0
2026-08-01,wk inc covid hosp,0,2026-08-01,02,quantile,0.75,3.0
2026-08-01,wk inc covid hosp,0,2026-08-01,02,quantile,0.8,3.0
2026-08-01,wk inc covid hosp,0,2026-08-01,02,quantile,0.85,3.0
2026-08-01,wk inc covid hosp,0,2026-08-01,02,quantile,0.9,4.0
2026-08-01,wk inc covid hosp,0,2026-08-01,02,quantile,0.95,5.0
2026-08-01,wk inc covid hosp,0,2026-08-01,02,quantile,0.975,9.0
2026-08-01,wk inc covid hosp,0,2026-08-01,02,quantile,0.99,18.0
2026-08-01,wk inc covid hosp,0,2026-08-01,04,quantile,0.01,9.0
2026-08-01,wk inc covid hosp,0,2026-08-01,04,quantile,0.025,16.0
2026-08-01,wk inc covid hosp,0,2026-08-01,04,quantile,0.05,17.0
2026-08-01,wk inc covid hosp,0,2026-08-01,04,quantile,0.1,19.0
2026-08-01,wk inc covid hosp,0,2026-08-01,04,quantile,0.15,21.0
2026-08-01,wk inc covid hosp,0,2026-08-01,04,quantile,0.2,22.0
2026-08-01,wk inc covid hosp,0,2026-08-01,04,quantile,0.25,22.0
2026-08-01,wk inc covid hosp,0,2026-08-01,04,quantile,0.3,24.0
2026-08-01,wk inc covid hosp,0,2026-08-01,04,quantile,0.35,25.0
2026-08-01,wk inc covid hosp,0,2026-08-01,04,quantile,0.4,25.0
2026-08-01,wk inc covid hosp,0,2026-08-01,04,quantile,0.45,25.0
2026-08-01,wk inc covid hosp,0,2026-08-01,04,quantile,0.5,26.0
2026-08-01,wk inc covid hosp,0,2026-08-01,04,quantile,0.55,26.0
2026-08-01,wk inc covid hosp,0,2026-08-01,04,quantile,0.6,30.0
2026-08-01,wk inc covid hosp,0,2026-08-01,04,quantile,0.65,30.0
2026-08-01,wk inc covid hosp,0,2026-08-01,04,quantile,0.7,32.0
2026-08-01,wk inc covid hosp,0,2026-08-01,04,quantile,0.75,32.0
2026-08-01,wk inc covid hosp,0,2026-08-01,04,quantile,0.8,34.0
2026-08-01,wk inc covid hosp,0,2026-08-01,04,quantile,0.85,36.0
2026-08-01,wk inc covid hosp,0,2026-08-01,04,quantile,0.9,42.0
2026-08-01,wk inc covid hosp,0,2026-08-01,04,quantile,0.95,53.0
2026-08-01,wk inc covid hosp,0,2026-08-01,04,quantile,0.975,96.0
2026-08-01,wk inc covid hosp,0,2026-08-01,04,quantile,0.99,188.0
2026-08-01,wk inc covid hosp,0,2026-08-01,05,quantile,0.01,2.0
2026-08-01,wk inc covid hosp,0,2026-08-01,05,quantile,0.025,3.0
2026-08-01,wk inc covid hosp,0,2026-08-01,05,quantile,0.05,4.0
2026-08-01,wk inc covid hosp,0,2026-08-01,05,quantile,0.1,4.0
2026-08-01,wk inc covid hosp,0,2026-08-01,05,quantile,0.15,4.0
2026-08-01,wk inc covid hosp,0,2026-08-01,05,quantile,0.2,4.0
2026-08-01,wk inc covid hosp,0,2026-08-01,05,quantile,0.25,5.0
2026-08-01,wk inc covid hosp,0,2026-08-01,05,quantile,0.3,6.0
2026-08-01,wk inc covid hosp,0,2026-08-01,05,quantile,0.35,6.0
2026-08-01,wk inc covid hosp,0,2026-08-01,05,quantile,0.4,6.0
2026-08-01,wk inc covid hosp,0,2026-08-01,05,quantile,0.45,6.0
2026-08-01,wk inc covid hosp,0,2026-08-01,05,quantile,0.5,6.0
2026-08-01,wk inc covid hosp,0,2026-08-01,05,quantile,0.55,7.0
2026-08-01,wk inc covid hosp,0,2026-08-01,05,quantile,0.6,7.0
2026-08-01,wk inc covid hosp,0,2026-08-01,05,quantile,0.65,8.0
2026-08-01,wk inc covid hosp,0,2026-08-01,05,quantile,0.7,8.0
2026-08-01,wk inc covid hosp,0,2026-08-01,05,quantile,0.75,8.0
2026-08-01,wk inc covid hosp,0,2026-08-01,05,quantile,0.8,9.0
2026-08-01,wk inc covid hosp,0,2026-08-01,05,quantile,0.85,9.0
2026-08-01,wk inc covid hosp,0,2026-08-01,05,quantile,0.9,10.0
2026-08-01,wk inc covid hosp,0,2026-08-01,05,quantile,0.95,18.0
2026-08-01,wk inc covid hosp,0,2026-08-01,05,quantile,0.975,35.0
2026-08-01,wk inc covid hosp,0,2026-08-01,05,quantile,0.99,75.0
2026-08-01,wk inc covid hosp,0,2026-08-01,06,quantile,0.01,95.0
2026-08-01,wk inc covid hosp,0,2026-08-01,06,quantile,0.025,140.0
2026-08-01,wk inc covid hosp,0,2026-08-01,06,quantile,0.05,169.0
2026-08-01,wk inc covid hosp,0,2026-08-01,06,quantile,0.1,198.0
2026-08-01,wk inc covid hosp,0,2026-08-01,06,quantile,0.15,214.0
2026-08-01,wk inc covid hosp,0,2026-08-01,06,quantile,0.2,214.0
2026-08-01,wk inc covid hosp,0,2026-08-01,06,quantile,0.25,214.0
2026-08-01,wk inc covid hosp,0,2026-08-01,06,quantile,0.3,214.0
2026-08-01,wk inc covid hosp,0,2026-08-01,06,quantile,0.35,214.0
2026-08-01,wk inc covid hosp,0,2026-08-01,06,quantile,0.4,214.0
2026-08-01,wk inc covid hosp,0,2026-08-01,06,quantile,0.45,214.0
2026-08-01,wk inc covid hosp,0,2026-08-01,06,quantile,0.5,214.0
2026-08-01,wk inc covid hosp,0,2026-08-01,06,quantile,0.55,220.0
2026-08-01,wk inc covid hosp,0,2026-08-01,06,quantile,0.6,221.0
2026-08-01,wk inc covid hosp,0,2026-08-01,06,quantile,0.65,251.0
2026-08-01,wk inc covid hosp,0,2026-08-01,06,quantile,0.7,258.0
2026-08-01,wk inc covid hosp,0,2026-08-01,06,quantile,0.75,270.0
2026-08-01,wk inc covid hosp,0,2026-08-01,06,quantile,0.8,270.0
2026-08-01,wk inc covid hosp,0,2026-08-01,06,quantile,0.85,274.0
2026-08-01,wk inc covid hosp,0,2026-08-01,06,quantile,0.9,301.0
2026-08-01,wk inc covid hosp,0,2026-08-01,06,quantile,0.95,359.0
2026-08-01,wk inc covid hosp,0,2026-08-01,06,quantile,0.975,498.0
2026-08-01,wk inc covid hosp,0,2026-08-01,06,quantile,0.99,939.0
2026-08-01,wk inc covid hosp,0,2026-08-01,08,quantile,0.01,3.0
2026-08-01,wk inc covid hosp,0,2026-08-01,08,quantile,0.025,4.0
2026-08-01,wk inc covid hosp,0,2026-08-01,08,quantile,0.05,4.0
2026-08-01,wk inc covid hosp,0,2026-08-01,08,quantile,0.1,6.0
2026-08-01,wk inc covid hosp,0,2026-08-01,08,quantile,0.15,6.0
2026-08-01,wk inc covid hosp,0,2026-08-01,08,quantile,0.2,7.0
2026-08-01,wk inc covid hosp,0,2026-08-01,08,quantile,0.25,8.0
2026-08-01,wk inc covid hosp,0,2026-08-01,08,quantile,0.3,9.0
2026-08-01,wk inc covid hosp,0,2026-08-01,08,quantile,0.35,9.0
2026-08-01,wk inc covid hosp,0,2026-08-01,08,quantile,0.4,9.0
2026-08-01,wk inc covid hosp,0,2026-08-01,08,quantile,0.45,10.0
2026-08-01,wk inc covid hosp,0,2026-08-01,08,quantile,0.5,11.0
2026-08-01,wk inc covid hosp,0,2026-08-01,08,quantile,0.55,11.0
2026-08-01,wk inc covid hosp,0,2026-08-01,08,quantile,0.6,13.0
2026-08-01,wk inc covid hosp,0,2026-08-01,08,quantile,0.65,13.0
2026-08-01,wk inc covid hosp,0,2026-08-01,08,quantile,0.7,13.0
2026-08-01,wk inc covid hosp,0,2026-08-01,08,quantile,0.75,14.0
2026-08-01,wk inc covid hosp,0,2026-08-01,08,quantile,0.8,18.0
2026-08-01,wk inc covid hosp,0,2026-08-01,08,quantile,0.85,20.0
2026-08-01,wk inc covid hosp,0,2026-08-01,08,quantile,0.9,22.0
2026-08-01,wk inc covid hosp,0,2026-08-01,08,quantile,0.95,37.0
2026-08-01,wk inc covid hosp,0,2026-08-01,08,quantile,0.975,70.0
2026-08-01,wk inc covid hosp,0,2026-08-01,08,quantile,0.99,144.0
2026-08-01,wk inc covid hosp,0,2026-08-01,09,quantile,0.01,2.0
2026-08-01,wk inc covid hosp,0,2026-08-01,09,quantile,0.025,3.0
2026-08-01,wk inc covid hosp,0,2026-08-01,09,quantile,0.05,5.0
2026-08-01,wk inc covid hosp,0,2026-08-01,09,quantile,0.1,6.0
2026-08-01,wk inc covid hosp,0,2026-08-01,09,quantile,0.15,7.0
2026-08-01,wk inc covid hosp,0,2026-08-01,09,quantile,0.2,7.0
2026-08-01,wk inc covid hosp,0,2026-08-01,09,quantile,0.25,8.0
2026-08-01,wk inc covid hosp,0,2026-08-01,09,quantile,0.3,9.0
2026-08-01,wk inc covid hosp,0,2026-08-01,09,quantile,0.35,9.0
2026-08-01,wk inc covid hosp,0,2026-08-01,09,quantile,0.4,9.0
2026-08-01,wk inc covid hosp,0,2026-08-01,09,quantile,0.45,9.0
2026-08-01,wk inc covid hosp,0,2026-08-01,09,quantile,0.5,10.0
2026-08-01,wk inc covid hosp,0,2026-08-01,09,quantile,0.55,10.0
2026-08-01,wk inc covid hosp,0,2026-08-01,09,quantile,0.6,10.0
2026-08-01,wk inc covid hosp,0,2026-08-01,09,quantile,0.65,11.0
2026-08-01,wk inc covid hosp,0,2026-08-01,09,quantile,0.7,12.0
2026-08-01,wk inc covid hosp,0,2026-08-01,09,quantile,0.75,13.0
2026-08-01,wk inc covid hosp,0,2026-08-01,09,quantile,0.8,15.0
2026-08-01,wk inc covid hosp,0,2026-08-01,09,quantile,0.85,17.0
2026-08-01,wk inc covid hosp,0,2026-08-01,09,quantile,0.9,19.0
2026-08-01,wk inc covid hosp,0,2026-08-01,09,quantile,0.95,26.0
2026-08-01,wk inc covid hosp,0,2026-08-01,09,quantile,0.975,41.0
2026-08-01,wk inc covid hosp,0,2026-08-01,09,quantile,0.99,85.0
2026-08-01,wk inc covid hosp,0,2026-08-01,10,quantile,0.01,0.0
2026-08-01,wk inc covid hosp,0,2026-08-01,10,quantile,0.025,0.0
2026-08-01,wk inc covid hosp,0,2026-08-01,10,quantile,0.05,0.0
2026-08-01,wk inc covid hosp,0,2026-08-01,10,quantile,0.1,0.0
2026-08-01,wk inc covid hosp,0,2026-08-01,10,quantile,0.15,0.0
2026-08-01,wk inc covid hosp,0,2026-08-01,10,quantile,0.2,0.0
2026-08-01,wk inc covid hosp,0,2026-08-01,10,quantile,0.25,1.0
2026-08-01,wk inc covid hosp,0,2026-08-01,10,quantile,0.3,1.0
2026-08-01,wk inc covid hosp,0,2026-08-01,10,quantile,0.35,1.0
2026-08-01,wk inc covid hosp,0,2026-08-01,10,quantile,0.4,1.0
2026-08-01,wk inc covid hosp,0,2026-08-01,10,quantile,0.45,1.0
2026-08-01,wk inc covid hosp,0,2026-08-01,10,quantile,0.5,1.0
2026-08-01,wk inc covid hosp,0,2026-08-01,10,quantile,0.55,2.0
2026-08-01,wk inc covid hosp,0,2026-08-01,10,quantile,0.6,2.0
2026-08-01,wk inc covid hosp,0,2026-08-01,10,quantile,0.65,2.0
2026-08-01,wk inc covid hosp,0,2026-08-01,10,quantile,0.7,2.0
2026-08-01,wk inc covid hosp,0,2026-08-01,10,quantile,0.75,2.0
2026-08-01,wk inc covid hosp,0,2026-08-01,10,quantile,0.8,3.0
2026-08-01,wk inc covid hosp,0,2026-08-01,10,quantile,0.85,3.0
2026-08-01,wk inc covid hosp,0,2026-08-01,10,quantile,0.9,4.0
2026-08-01,wk inc covid hosp,0,2026-08-01,10,quantile,0.95,7.0
2026-08-01,wk inc covid hosp,0,2026-08-01,10,quantile,0.975,12.0
2026-08-01,wk inc covid hosp,0,2026-08-01,10,quantile,0.99,24.0
2026-08-01,wk inc covid hosp,0,2026-08-01,11,quantile,0.01,0.0
2026-08-01,wk inc covid hosp,0,2026-08-01,11,quantile,0.025,0.0
2026-08-01,wk inc covid hosp,0,2026-08-01,11,quantile,0.05,0.0
2026-08-01,wk inc covid hosp,0,2026-08-01,11,quantile,0.1,0.0
2026-08-01,wk inc covid hosp,0,2026-08-01,11,quantile,0.15,0.0
2026-08-01,wk inc covid hosp,0,2026-08-01,11,quantile,0.2,0.0
2026-08-01,wk inc covid hosp,0,2026-08-01,11,quantile,0.25,0.0
2026-08-01,wk inc covid hosp,0,2026-08-01,11,quantile,0.3,1.0
2026-08-01,wk inc covid hosp,0,2026-08-01,11,quantile,0.35,1.0
2026-08-01,wk inc covid hosp,0,2026-08-01,11,quantile,0.4,1.0
2026-08-01,wk inc covid hosp,0,2026-08-01,11,quantile,0.45,1.0
2026-08-01,wk inc covid hosp,0,2026-08-01,11,quantile,0.5,1.0
2026-08-01,wk inc covid hosp,0,2026-08-01,11,quantile,0.55,1.0
2026-08-01,wk inc covid hosp,0,2026-08-01,11,quantile,0.6,1.0
2026-08-01,wk inc covid hosp,0,2026-08-01,11,quantile,0.65,2.0
2026-08-01,wk inc covid hosp,0,2026-08-01,11,quantile,0.7,2.0
2026-08-01,wk inc covid hosp,0,2026-08-01,11,quantile,0.75,2.0
2026-08-01,wk inc covid hosp,0,2026-08-01,11,quantile,0.8,2.0
2026-08-01,wk inc covid hosp,0,2026-08-01,11,quantile,0.85,2.0
2026-08-01,wk inc covid hosp,0,2026-08-01,11,quantile,0.9,3.0
2026-08-01,wk inc covid hosp,0,2026-08-01,11,quantile,0.95,5.0
2026-08-01,wk inc covid hosp,0,2026-08-01,11,quantile,0.975,8.0
2026-08-01,wk inc covid hosp,0,2026-08-01,11,quantile,0.99,16.0
2026-08-01,wk inc covid hosp,0,2026-08-01,12,quantile,0.01,104.0
2026-08-01,wk inc covid hosp,0,2026-08-01,12,quantile,0.025,124.0
2026-08-01,wk inc covid hosp,0,2026-08-01,12,quantile,0.05,156.0
2026-08-01,wk inc covid hosp,0,2026-08-01,12,quantile,0.1,174.0
2026-08-01,wk inc covid hosp,0,2026-08-01,12,quantile,0.15,182.0
2026-08-01,wk inc covid hosp,0,2026-08-01,12,quantile,0.2,190.0
2026-08-01,wk inc covid hosp,0,2026-08-01,12,quantile,0.25,219.0
2026-08-01,wk inc covid hosp,0,2026-08-01,12,quantile,0.3,226.0
2026-08-01,wk inc covid hosp,0,2026-08-01,12,quantile,0.35,228.0
2026-08-01,wk inc covid hosp,0,2026-08-01,12,quantile,0.4,228.0
2026-08-01,wk inc covid hosp,0,2026-08-01,12,quantile,0.45,228.0
2026-08-01,wk inc covid hosp,0,2026-08-01,12,quantile,0.5,228.0
2026-08-01,wk inc covid hosp,0,2026-08-01,12,quantile,0.55,228.0
2026-08-01,wk inc covid hosp,0,2026-08-01,12,quantile,0.6,229.0
2026-08-01,wk inc covid hosp,0,2026-08-01,12,quantile,0.65,235.0
2026-08-01,wk inc covid hosp,0,2026-08-01,12,quantile,0.7,253.0
2026-08-01,wk inc covid hosp,0,2026-08-01,12,quantile,0.75,269.0
2026-08-01,wk inc covid hosp,0,2026-08-01,12,quantile,0.8,269.0
2026-08-01,wk inc covid hosp,0,2026-08-01,12,quantile,0.85,269.0
2026-08-01,wk inc covid hosp,0,2026-08-01,12,quantile,0.9,269.0
2026-08-01,wk inc covid hosp,0,2026-08-01,12,quantile,0.95,281.0
2026-08-01,wk inc covid hosp,0,2026-08-01,12,quantile,0.975,316.0
2026-08-01,wk inc covid hosp,0,2026-08-01,12,quantile,0.99,426.0
2026-08-01,wk inc covid hosp,0,2026-08-01,13,quantile,0.01,18.0
2026-08-01,wk inc covid hosp,0,2026-08-01,13,quantile,0.025,26.0
2026-08-01,wk inc covid hosp,0,2026-08-01,13,quantile,0.05,33.0
2026-08-01,wk inc covid hosp,0,2026-08-01,13,quantile,0.1,34.0
2026-08-01,wk inc covid hosp,0,2026-08-01,13,quantile,0.15,34.0
2026-08-01,wk inc covid hosp,0,2026-08-01,13,quantile,0.2,34.0
2026-08-01,wk inc covid hosp,0,2026-08-01,13,quantile,0.25,34.0
2026-08-01,wk inc covid hosp,0,2026-08-01,13,quantile,0.3,35.0
2026-08-01,wk inc covid hosp,0,2026-08-01,13,quantile,0.35,39.0
2026-08-01,wk inc covid hosp,0,2026-08-01,13,quantile,0.4,40.0
2026-08-01,wk inc covid hosp,0,2026-08-01,13,quantile,0.45,40.0
2026-08-01,wk inc covid hosp,0,2026-08-01,13,quantile,0.5,40.0
2026-08-01,wk inc covid hosp,0,2026-08-01,13,quantile,0.55,40.0
2026-08-01,wk inc covid hosp,0,2026-08-01,13,quantile,0.6,42.0
2026-08-01,wk inc covid hosp,0,2026-08-01,13,quantile,0.65,44.0
2026-08-01,wk inc covid hosp,0,2026-08-01,13,quantile,0.7,45.0
2026-08-01,wk inc covid hosp,0,2026-08-01,13,quantile,0.75,50.0
2026-08-01,wk inc covid hosp,0,2026-08-01,13,quantile,0.8,52.0
2026-08-01,wk inc covid hosp,0,2026-08-01,13,quantile,0.85,56.0
2026-08-01,wk inc covid hosp,0,2026-08-01,13,quantile,0.9,59.0
2026-08-01,wk inc covid hosp,0,2026-08-01,13,quantile,0.95,72.0
2026-08-01,wk inc covid hosp,0,2026-08-01,13,quantile,0.975,128.0
2026-08-01,wk inc covid hosp,0,2026-08-01,13,quantile,0.99,260.0
2026-08-01,wk inc covid hosp,0,2026-08-01,15,quantile,0.01,4.0
2026-08-01,wk inc covid hosp,0,2026-08-01,15,quantile,0.025,4.0
2026-08-01,wk inc covid hosp,0,2026-08-01,15,quantile,0.05,4.0
2026-08-01,wk inc covid hosp,0,2026-08-01,15,quantile,0.1,4.0
2026-08-01,wk inc covid hosp,0,2026-08-01,15,quantile,0.15,4.0
2026-08-01,wk inc covid hosp,0,2026-08-01,15,quantile,0.2,5.0
2026-08-01,wk inc covid hosp,0,2026-08-01,15,quantile,0.25,8.0
2026-08-01,wk inc covid hosp,0,2026-08-01,15,quantile,0.3,9.0
2026-08-01,wk inc covid hosp,0,2026-08-01,15,quantile,0.35,9.0
2026-08-01,wk inc covid hosp,0,2026-08-01,15,quantile,0.4,9.0
2026-08-01,wk inc covid hosp,0,2026-08-01,15,quantile,0.45,10.0
2026-08-01,wk inc covid hosp,0,2026-08-01,15,quantile,0.5,10.0
2026-08-01,wk inc covid hosp,0,2026-08-01,15,quantile,0.55,11.0
2026-08-01,wk inc covid hosp,0,2026-08-01,15,quantile,0.6,12.0
2026-08-01,wk inc covid hosp,0,2026-08-01,15,quantile,0.65,13.0
2026-08-01,wk inc covid hosp,0,2026-08-01,15,quantile,0.7,14.0
2026-08-01,wk inc covid hosp,0,2026-08-01,15,quantile,0.75,15.0
2026-08-01,wk inc covid hosp,0,2026-08-01,15,quantile,0.8,15.0
2026-08-01,wk inc covid hosp,0,2026-08-01,15,quantile,0.85,17.0
2026-08-01,wk inc covid hosp,0,2026-08-01,15,quantile,0.9,18.0
2026-08-01,wk inc covid hosp,0,2026-08-01,15,quantile,0.95,21.0
2026-08-01,wk inc covid hosp,0,2026-08-01,15,quantile,0.975,21.0
2026-08-01,wk inc covid hosp,0,2026-08-01,15,quantile,0.99,32.0
2026-08-01,wk inc covid hosp,0,2026-08-01,16,quantile,0.01,0.0
2026-08-01,wk inc covid hosp,0,2026-08-01,16,quantile,0.025,0.0
2026-08-01,wk inc covid hosp,0,2026-08-01,16,quantile,0.05,0.0
2026-08-01,wk inc covid hosp,0,2026-08-01,16,quantile,0.1,0.0
2026-08-01,wk inc covid hosp,0,2026-08-01,16,quantile,0.15,0.0
2026-08-01,wk inc covid hosp,0,2026-08-01,16,quantile,0.2,1.0
2026-08-01,wk inc covid hosp,0,2026-08-01,16,quantile,0.25,1.0
2026-08-01,wk inc covid hosp,0,2026-08-01,16,quantile,0.3,1.0
2026-08-01,wk inc covid hosp,0,2026-08-01,16,quantile,0.35,1.0
2026-08-01,wk inc covid hosp,0,2026-08-01,16,quantile,0.4,1.0
2026-08-01,wk inc covid hosp,0,2026-08-01,16,quantile,0.45,1.0
2026-08-01,wk inc covid hosp,0,2026-08-01,16,quantile,0.5,2.0
2026-08-01,wk inc covid hosp,0,2026-08-01,16,quantile,0.55,2.0
2026-08-01,wk inc covid hosp,0,2026-08-01,16,quantile,0.6,3.0
2026-08-01,wk inc covid hosp,0,2026-08-01,16,quantile,0.65,4.0
2026-08-01,wk inc covid hosp,0,2026-08-01,16,quantile,0.7,4.0
2026-08-01,wk inc covid hosp,0,2026-08-01,16,quantile,0.75,4.0
2026-08-01,wk inc covid hosp,0,2026-08-01,16,quantile,0.8,5.0
2026-08-01,wk inc covid hosp,0,2026-08-01,16,quantile,0.85,5.0
2026-08-01,wk inc covid hosp,0,2026-08-01,16,quantile,0.9,8.0
2026-08-01,wk inc covid hosp,0,2026-08-01,16,quantile,0.95,12.0
2026-08-01,wk inc covid hosp,0,2026-08-01,16,quantile,0.975,21.0
2026-08-01,wk inc covid hosp,0,2026-08-01,16,quantile,0.99,45.0
2026-08-01,wk inc covid hosp,0,2026-08-01,17,quantile,0.01,7.0
2026-08-01,wk inc covid hosp,0,2026-08-01,17,quantile,0.025,13.0
2026-08-01,wk inc covid hosp,0,2026-08-01,17,quantile,0.05,16.0
2026-08-01,wk inc covid hosp,0,2026-08-01,17,quantile,0.1,18.0
2026-08-01,wk inc covid hosp,0,2026-08-01,17,quantile,0.15,18.0
2026-08-01,wk inc covid hosp,0,2026-08-01,17,quantile,0.2,18.0
2026-08-01,wk inc covid hosp,0,2026-08-01,17,quantile,0.25,18.0
2026-08-01,wk inc covid hosp,0,2026-08-01,17,quantile,0.3,20.0
2026-08-01,wk inc covid hosp,0,2026-08-01,17,quantile,0.35,20.0
2026-08-01,wk inc covid hosp,0,2026-08-01,17,quantile,0.4,20.0
2026-08-01,wk inc covid hosp,0,2026-08-01,17,quantile,0.45,21.0
2026-08-01,wk inc covid hosp,0,2026-08-01,17,quantile,0.5,21.0
2026-08-01,wk inc covid hosp,0,2026-08-01,17,quantile,0.55,22.0
2026-08-01,wk inc covid hosp,0,2026-08-01,17,quantile,0.6,22.0
2026-08-01,wk inc covid hosp,0,2026-08-01,17,quantile,0.65,27.0
2026-08-01,wk inc covid hosp,0,2026-08-01,17,quantile,0.7,29.0
2026-08-01,wk inc covid hosp,0,2026-08-01,17,quantile,0.75,31.0
2026-08-01,wk inc covid hosp,0,2026-08-01,17,quantile,0.8,33.0
2026-08-01,wk inc covid hosp,0,2026-08-01,17,quantile,0.85,36.0
2026-08-01,wk inc covid hosp,0,2026-08-01,17,quantile,0.9,40.0
2026-08-01,wk inc covid hosp,0,2026-08-01,17,quantile,0.95,74.0
2026-08-01,wk inc covid hosp,0,2026-08-01,17,quantile,0.975,150.0
2026-08-01,wk inc covid hosp,0,2026-08-01,17,quantile,0.99,314.0
2026-08-01,wk inc covid hosp,0,2026-08-01,18,quantile,0.01,3.0
2026-08-01,wk inc covid hosp,0,2026-08-01,18,quantile,0.025,7.0
2026-08-01,wk inc covid hosp,0,2026-08-01,18,quantile,0.05,7.0
2026-08-01,wk inc covid hosp,0,2026-08-01,18,quantile,0.1,8.0
2026-08-01,wk inc covid hosp,0,2026-08-01,18,quantile,0.15,9.0
2026-08-01,wk inc covid hosp,0,2026-08-01,18,quantile,0.2,9.0
2026-08-01,wk inc covid hosp,0,2026-08-01,18,quantile,0.25,9.0
2026-08-01,wk inc covid hosp,0,2026-08-01,18,quantile,0.3,10.0
2026-08-01,wk inc covid hosp,0,2026-08-01,18,quantile,0.35,10.0
2026-08-01,wk inc covid hosp,0,2026-08-01,18,quantile,0.4,10.0
2026-08-01,wk inc covid hosp,0,2026-08-01,18,quantile,0.45,11.0
2026-08-01,wk inc covid hosp,0,2026-08-01,18,quantile,0.5,11.0
2026-08-01,wk inc covid hosp,0,2026-08-01,18,quantile,0.55,11.0
2026-08-01,wk inc covid hosp,0,2026-08-01,18,quantile,0.6,13.0
2026-08-01,wk inc covid hosp,0,2026-08-01,18,quantile,0.65,14.0
2026-08-01,wk inc covid hosp,0,2026-08-01,18,quantile,0.7,14.0
2026-08-01,wk inc covid hosp,0,2026-08-01,18,quantile,0.75,14.0
2026-08-01,wk inc covid hosp,0,2026-08-01,18,quantile,0.8,16.0
2026-08-01,wk inc covid hosp,0,2026-08-01,18,quantile,0.85,17.0
2026-08-01,wk inc covid hosp,0,2026-08-01,18,quantile,0.9,21.0
2026-08-01,wk inc covid hosp,0,2026-08-01,18,quantile,0.95,39.0
2026-08-01,wk inc covid hosp,0,2026-08-01,18,quantile,0.975,80.0
2026-08-01,wk inc covid hosp,0,2026-08-01,18,quantile,0.99,169.0
2026-08-01,wk inc covid hosp,0,2026-08-01,19,quantile,0.01,1.0
2026-08-01,wk inc covid hosp,0,2026-08-01,19,quantile,0.025,2.0
2026-08-01,wk inc covid hosp,0,2026-08-01,19,quantile,0.05,2.0
2026-08-01,wk inc covid hosp,0,2026-08-01,19,quantile,0.1,2.0
2026-08-01,wk inc covid hosp,0,2026-08-01,19,quantile,0.15,2.0
2026-08-01,wk inc covid hosp,0,2026-08-01,19,quantile,0.2,2.0
2026-08-01,wk inc covid hosp,0,2026-08-01,19,quantile,0.25,3.0
2026-08-01,wk inc covid hosp,0,2026-08-01,19,quantile,0.3,3.0
2026-08-01,wk inc covid hosp,0,2026-08-01,19,quantile,0.35,3.0
2026-08-01,wk inc covid hosp,0,2026-08-01,19,quantile,0.4,4.0
2026-08-01,wk inc covid hosp,0,2026-08-01,19,quantile,0.45,4.0
2026-08-01,wk inc covid hosp,0,2026-08-01,19,quantile,0.5,4.0
2026-08-01,wk inc covid hosp,0,2026-08-01,19,quantile,0.55,4.0
2026-08-01,wk inc covid hosp,0,2026-08-01,19,quantile,0.6,5.0
2026-08-01,wk inc covid hosp,0,2026-08-01,19,quantile,0.65,5.0
2026-08-01,wk inc covid hosp,0,2026-08-01,19,quantile,0.7,5.0
2026-08-01,wk inc covid hosp,0,2026-08-01,19,quantile,0.75,6.0
2026-08-01,wk inc covid hosp,0,2026-08-01,19,quantile,0.8,7.0
2026-08-01,wk inc covid hosp,0,2026-08-01,19,quantile,0.85,7.0
2026-08-01,wk inc covid hosp,0,2026-08-01,19,quantile,0.9,10.0
2026-08-01,wk inc covid hosp,0,2026-08-01,19,quantile,0.95,19.0
2026-08-01,wk inc covid hosp,0,2026-08-01,19,quantile,0.975,37.0
2026-08-01,wk inc covid hosp,0,2026-08-01,19,quantile,0.99,75.0
2026-08-01,wk inc covid hosp,0,2026-08-01,20,quantile,0.01,1.0
2026-08-01,wk inc covid hosp,0,2026-08-01,20,quantile,0.025,3.0
2026-08-01,wk inc covid hosp,0,2026-08-01,20,quantile,0.05,3.0
2026-08-01,wk inc covid hosp,0,2026-08-01,20,quantile,0.1,3.0
2026-08-01,wk inc covid hosp,0,2026-08-01,20,quantile,0.15,4.0
2026-08-01,wk inc covid hosp,0,2026-08-01,20,quantile,0.2,4.0
2026-08-01,wk inc covid hosp,0,2026-08-01,20,quantile,0.25,5.0
2026-08-01,wk inc covid hosp,0,2026-08-01,20,quantile,0.3,5.0
2026-08-01,wk inc covid hosp,0,2026-08-01,20,quantile,0.35,6.0
2026-08-01,wk inc covid hosp,0,2026-08-01,20,quantile,0.4,6.0
2026-08-01,wk inc covid hosp,0,2026-08-01,20,quantile,0.45,7.0
2026-08-01,wk inc covid hosp,0,2026-08-01,20,quantile,0.5,7.0
2026-08-01,wk inc covid hosp,0,2026-08-01,20,quantile,0.55,7.0
2026-08-01,wk inc covid hosp,0,2026-08-01,20,quantile,0.6,7.0
2026-08-01,wk inc covid hosp,0,2026-08-01,20,quantile,0.65,9.0
2026-08-01,wk inc covid hosp,0,2026-08-01,20,quantile,0.7,9.0
2026-08-01,wk inc covid hosp,0,2026-08-01,20,quantile,0.75,9.0
2026-08-01,wk inc covid hosp,0,2026-08-01,20,quantile,0.8,10.0
2026-08-01,wk inc covid hosp,0,2026-08-01,20,quantile,0.85,11.0
2026-08-01,wk inc covid hosp,0,2026-08-01,20,quantile,0.9,13.0
2026-08-01,wk inc covid hosp,0,2026-08-01,20,quantile,0.95,20.0
2026-08-01,wk inc covid hosp,0,2026-08-01,20,quantile,0.975,34.0
2026-08-01,wk inc covid hosp,0,2026-08-01,20,quantile,0.99,72.0
2026-08-01,wk inc covid hosp,0,2026-08-01,21,quantile,0.01,4.0
2026-08-01,wk inc covid hosp,0,2026-08-01,21,quantile,0.025,6.0
2026-08-01,wk inc covid hosp,0,2026-08-01,21,quantile,0.05,8.0
2026-08-01,wk inc covid hosp,0,2026-08-01,21,quantile,0.1,8.0
2026-08-01,wk inc covid hosp,0,2026-08-01,21,quantile,0.15,8.0
2026-08-01,wk inc covid hosp,0,2026-08-01,21,quantile,0.2,8.0
2026-08-01,wk inc covid hosp,0,2026-08-01,21,quantile,0.25,9.0
2026-08-01,wk inc covid hosp,0,2026-08-01,21,quantile,0.3,9.0
2026-08-01,wk inc covid hosp,0,2026-08-01,21,quantile,0.35,10.0
2026-08-01,wk inc covid hosp,0,2026-08-01,21,quantile,0.4,10.0
2026-08-01,wk inc covid hosp,0,2026-08-01,21,quantile,0.45,10.0
2026-08-01,wk inc covid hosp,0,2026-08-01,21,quantile,0.5,10.0
2026-08-01,wk inc covid hosp,0,2026-08-01,21,quantile,0.55,10.0
2026-08-01,wk inc covid hosp,0,2026-08-01,21,quantile,0.6,10.0
2026-08-01,wk inc covid hosp,0,2026-08-01,21,quantile,0.65,12.0
2026-08-01,wk inc covid hosp,0,2026-08-01,21,quantile,0.7,12.0
2026-08-01,wk inc covid hosp,0,2026-08-01,21,quantile,0.75,13.0
2026-08-01,wk inc covid hosp,0,2026-08-01,21,quantile,0.8,15.0
2026-08-01,wk inc covid hosp,0,2026-08-01,21,quantile,0.85,15.0
2026-08-01,wk inc covid hosp,0,2026-08-01,21,quantile,0.9,15.0
2026-08-01,wk inc covid hosp,0,2026-08-01,21,quantile,0.95,26.0
2026-08-01,wk inc covid hosp,0,2026-08-01,21,quantile,0.975,48.0
2026-08-01,wk inc covid hosp,0,2026-08-01,21,quantile,0.99,101.0
2026-08-01,wk inc covid hosp,0,2026-08-01,22,quantile,0.01,24.0
2026-08-01,wk inc covid hosp,0,2026-08-01,22,quantile,0.025,24.0
2026-08-01,wk inc covid hosp,0,2026-08-01,22,quantile,0.05,35.0
2026-08-01,wk inc covid hosp,0,2026-08-01,22,quantile,0.1,35.0
2026-08-01,wk inc covid hosp,0,2026-08-01,22,quantile,0.15,37.0
2026-08-01,wk inc covid hosp,0,2026-08-01,22,quantile,0.2,42.0
2026-08-01,wk inc covid hosp,0,2026-08-01,22,quantile,0.25,46.0
2026-08-01,wk inc covid hosp,0,2026-08-01,22,quantile,0.3,49.0
2026-08-01,wk inc covid hosp,0,2026-08-01,22,quantile,0.35,50.0
2026-08-01,wk inc covid hosp,0,2026-08-01,22,quantile,0.4,51.0
2026-08-01,wk inc covid hosp,0,2026-08-01,22,quantile,0.45,52.0
2026-08-01,wk inc covid hosp,0,2026-08-01,22,quantile,0.5,54.0
2026-08-01,wk inc covid hosp,0,2026-08-01,22,quantile,0.55,54.0
2026-08-01,wk inc covid hosp,0,2026-08-01,22,quantile,0.6,57.0
2026-08-01,wk inc covid hosp,0,2026-08-01,22,quantile,0.65,58.0
2026-08-01,wk inc covid hosp,0,2026-08-01,22,quantile,0.7,62.0
2026-08-01,wk inc covid hosp,0,2026-08-01,22,quantile,0.75,64.0
2026-08-01,wk inc covid hosp,0,2026-08-01,22,quantile,0.8,69.0
2026-08-01,wk inc covid hosp,0,2026-08-01,22,quantile,0.85,69.0
2026-08-01,wk inc covid hosp,0,2026-08-01,22,quantile,0.9,73.0
2026-08-01,wk inc covid hosp,0,2026-08-01,22,quantile,0.95,73.0
2026-08-01,wk inc covid hosp,0,2026-08-01,22,quantile,0.975,80.0
2026-08-01,wk inc covid hosp,0,2026-08-01,22,quantile,0.99,115.0
2026-08-01,wk inc covid hosp,0,2026-08-01,23,quantile,0.01,0.0
2026-08-01,wk inc covid hosp,0,2026-08-01,23,quantile,0.025,0.0
2026-08-01,wk inc covid hosp,0,2026-08-01,23,quantile,0.05,0.0
2026-08-01,wk inc covid hosp,0,2026-08-01,23,quantile,0.1,0.0
2026-08-01,wk inc covid hosp,0,2026-08-01,23,quantile,0.15,0.0
2026-08-01,wk inc covid hosp,0,2026-08-01,23,quantile,0.2,0.0
2026-08-01,wk inc covid hosp,0,2026-08-01,23,quantile,0.25,0.0
2026-08-01,wk inc covid hosp,0,2026-08-01,23,quantile,0.3,0.0
2026-08-01,wk inc covid hosp,0,2026-08-01,23,quantile,0.35,1.0
2026-08-01,wk inc covid hosp,0,2026-08-01,23,quantile,0.4,1.0
2026-08-01,wk inc covid hosp,0,2026-08-01,23,quantile,0.45,1.0
2026-08-01,wk inc covid hosp,0,2026-08-01,23,quantile,0.5,1.0
2026-08-01,wk inc covid hosp,0,2026-08-01,23,quantile,0.55,1.0
2026-08-01,wk inc covid hosp,0,2026-08-01,23,quantile,0.6,1.0
2026-08-01,wk inc covid hosp,0,2026-08-01,23,quantile,0.65,2.0
2026-08-01,wk inc covid hosp,0,2026-08-01,23,quantile,0.7,2.0
2026-08-01,wk inc covid hosp,0,2026-08-01,23,quantile,0.75,2.0
2026-08-01,wk inc covid hosp,0,2026-08-01,23,quantile,0.8,2.0
2026-08-01,wk inc covid hosp,0,2026-08-01,23,quantile,0.85,3.0
2026-08-01,wk inc covid hosp,0,2026-08-01,23,quantile,0.9,4.0
2026-08-01,wk inc covid hosp,0,2026-08-01,23,quantile,0.95,8.0
2026-08-01,wk inc covid hosp,0,2026-08-01,23,quantile,0.975,14.0
2026-08-01,wk inc covid hosp,0,2026-08-01,23,quantile,0.99,31.0
2026-08-01,wk inc covid hosp,0,2026-08-01,24,quantile,0.01,1.0
2026-08-01,wk inc covid hosp,0,2026-08-01,24,quantile,0.025,2.0
2026-08-01,wk inc covid hosp,0,2026-08-01,24,quantile,0.05,3.0
2026-08-01,wk inc covid hosp,0,2026-08-01,24,quantile,0.1,3.0
2026-08-01,wk inc covid hosp,0,2026-08-01,24,quantile,0.15,3.0
2026-08-01,wk inc covid hosp,0,2026-08-01,24,quantile,0.2,4.0
2026-08-01,wk inc covid hosp,0,2026-08-01,24,quantile,0.25,4.0
2026-08-01,wk inc covid hosp,0,2026-08-01,24,quantile,0.3,5.0
2026-08-01,wk inc covid hosp,0,2026-08-01,24,quantile,0.35,5.0
2026-08-01,wk inc covid hosp,0,2026-08-01,24,quantile,0.4,5.0
2026-08-01,wk inc covid hosp,0,2026-08-01,24,quantile,0.45,6.0
2026-08-01,wk inc covid hosp,0,2026-08-01,24,quantile,0.5,6.0
2026-08-01,wk inc covid hosp,0,2026-08-01,24,quantile,0.55,6.0
2026-08-01,wk inc covid hosp,0,2026-08-01,24,quantile,0.6,6.0
2026-08-01,wk inc covid hosp,0,2026-08-01,24,quantile,0.65,8.0
2026-08-01,wk inc covid hosp,0,2026-08-01,24,quantile,0.7,8.0
2026-08-01,wk inc covid hosp,0,2026-08-01,24,quantile,0.75,10.0
2026-08-01,wk inc covid hosp,0,2026-08-01,24,quantile,0.8,11.0
2026-08-01,wk inc covid hosp,0,2026-08-01,24,quantile,0.85,13.0
2026-08-01,wk inc covid hosp,0,2026-08-01,24,quantile,0.9,19.0
2026-08-01,wk inc covid hosp,0,2026-08-01,24,quantile,0.95,37.0
2026-08-01,wk inc covid hosp,0,2026-08-01,24,quantile,0.975,73.0
2026-08-01,wk inc covid hosp,0,2026-08-01,24,quantile,0.99,149.0
2026-08-01,wk inc covid hosp,0,2026-08-01,25,quantile,0.01,2.0
2026-08-01,wk inc covid hosp,0,2026-08-01,25,quantile,0.025,4.0
2026-08-01,wk inc covid hosp,0,2026-08-01,25,quantile,0.05,5.0
2026-08-01,wk inc covid hosp,0,2026-08-01,25,quantile,0.1,6.0
2026-08-01,wk inc covid hosp,0,2026-08-01,25,quantile,0.15,6.0
2026-08-01,wk inc covid hosp,0,2026-08-01,25,quantile,0.2,6.0
2026-08-01,wk inc covid hosp,0,2026-08-01,25,quantile,0.25,7.0
2026-08-01,wk inc covid hosp,0,2026-08-01,25,quantile,0.3,8.0
2026-08-01,wk inc covid hosp,0,2026-08-01,25,quantile,0.35,8.0
2026-08-01,wk inc covid hosp,0,2026-08-01,25,quantile,0.4,8.0
2026-08-01,wk inc covid hosp,0,2026-08-01,25,quantile,0.45,9.0
2026-08-01,wk inc covid hosp,0,2026-08-01,25,quantile,0.5,9.0
2026-08-01,wk inc covid hosp,0,2026-08-01,25,quantile,0.55,9.0
2026-08-01,wk inc covid hosp,0,2026-08-01,25,quantile,0.6,9.0
2026-08-01,wk inc covid hosp,0,2026-08-01,25,quantile,0.65,10.0
2026-08-01,wk inc covid hosp,0,2026-08-01,25,quantile,0.7,11.0
2026-08-01,wk inc covid hosp,0,2026-08-01,25,quantile,0.75,13.0
2026-08-01,wk inc covid hosp,0,2026-08-01,25,quantile,0.8,14.0
2026-08-01,wk inc covid hosp,0,2026-08-01,25,quantile,0.85,17.0
2026-08-01,wk inc covid hosp,0,2026-08-01,25,quantile,0.9,21.0
2026-08-01,wk inc covid hosp,0,2026-08-01,25,quantile,0.95,43.0
2026-08-01,wk inc covid hosp,0,2026-08-01,25,quantile,0.975,88.0
2026-08-01,wk inc covid hosp,0,2026-08-01,25,quantile,0.99,172.0
2026-08-01,wk inc covid hosp,0,2026-08-01,26,quantile,0.01,7.0
2026-08-01,wk inc covid hosp,0,2026-08-01,26,quantile,0.025,10.0
2026-08-01,wk inc covid hosp,0,2026-08-01,26,quantile,0.05,10.0
2026-08-01,wk inc covid hosp,0,2026-08-01,26,quantile,0.1,11.0
2026-08-01,wk inc covid hosp,0,2026-08-01,26,quantile,0.15,11.0
2026-08-01,wk inc covid hosp,0,2026-08-01,26,quantile,0.2,11.0
2026-08-01,wk inc covid hosp,0,2026-08-01,26,quantile,0.25,12.0
2026-08-01,wk inc covid hosp,0,2026-08-01,26,quantile,0.3,15.0
2026-08-01,wk inc covid hosp,0,2026-08-01,26,quantile,0.35,15.0
2026-08-01,wk inc covid hosp,0,2026-08-01,26,quantile,0.4,15.0
2026-08-01,wk inc covid hosp,0,2026-08-01,26,quantile,0.45,15.0
2026-08-01,wk inc covid hosp,0,2026-08-01,26,quantile,0.5,16.0
2026-08-01,wk inc covid hosp,0,2026-08-01,26,quantile,0.55,17.0
2026-08-01,wk inc covid hosp,0,2026-08-01,26,quantile,0.6,17.0
2026-08-01,wk inc covid hosp,0,2026-08-01,26,quantile,0.65,21.0
2026-08-01,wk inc covid hosp,0,2026-08-01,26,quantile,0.7,21.0
2026-08-01,wk inc covid hosp,0,2026-08-01,26,quantile,0.75,22.0
2026-08-01,wk inc covid hosp,0,2026-08-01,26,quantile,0.8,22.0
2026-08-01,wk inc covid hosp,0,2026-08-01,26,quantile,0.85,27.0
2026-08-01,wk inc covid hosp,0,2026-08-01,26,quantile,0.9,31.0
2026-08-01,wk inc covid hosp,0,2026-08-01,26,quantile,0.95,58.0
2026-08-01,wk inc covid hosp,0,2026-08-01,26,quantile,0.975,119.0
2026-08-01,wk inc covid hosp,0,2026-08-01,26,quantile,0.99,261.0
2026-08-01,wk inc covid hosp,0,2026-08-01,27,quantile,0.01,2.0
2026-08-01,wk inc covid hosp,0,2026-08-01,27,quantile,0.025,2.0
2026-08-01,wk inc covid hosp,0,2026-08-01,27,quantile,0.05,3.0
2026-08-01,wk inc covid hosp,0,2026-08-01,27,quantile,0.1,3.0
2026-08-01,wk inc covid hosp,0,2026-08-01,27,quantile,0.15,4.0
2026-08-01,wk inc covid hosp,0,2026-08-01,27,quantile,0.2,4.0
2026-08-01,wk inc covid hosp,0,2026-08-01,27,quantile,0.25,4.0
2026-08-01,wk inc covid hosp,0,2026-08-01,27,quantile,0.3,4.0
2026-08-01,wk inc covid hosp,0,2026-08-01,27,quantile,0.35,5.0
2026-08-01,wk inc covid hosp,0,2026-08-01,27,quantile,0.4,5.0
2026-08-01,wk inc covid hosp,0,2026-08-01,27,quantile,0.45,5.0
2026-08-01,wk inc covid hosp,0,2026-08-01,27,quantile,0.5,6.0
2026-08-01,wk inc covid hosp,0,2026-08-01,27,quantile,0.55,6.0
2026-08-01,wk inc covid hosp,0,2026-08-01,27,quantile,0.6,6.0
2026-08-01,wk inc covid hosp,0,2026-08-01,27,quantile,0.65,7.0
2026-08-01,wk inc covid hosp,0,2026-08-01,27,quantile,0.7,7.0
2026-08-01,wk inc covid hosp,0,2026-08-01,27,quantile,0.75,8.0
2026-08-01,wk inc covid hosp,0,2026-08-01,27,quantile,0.8,9.0
2026-08-01,wk inc covid hosp,0,2026-08-01,27,quantile,0.85,10.0
2026-08-01,wk inc covid hosp,0,2026-08-01,27,quantile,0.9,17.0
2026-08-01,wk inc covid hosp,0,2026-08-01,27,quantile,0.95,33.0
2026-08-01,wk inc covid hosp,0,2026-08-01,27,quantile,0.975,68.0
2026-08-01,wk inc covid hosp,0,2026-08-01,27,quantile,0.99,142.0
2026-08-01,wk inc covid hosp,0,2026-08-01,28,quantile,0.01,7.0
2026-08-01,wk inc covid hosp,0,2026-08-01,28,quantile,0.025,9.0
2026-08-01,wk inc covid hosp,0,2026-08-01,28,quantile,0.05,13.0
2026-08-01,wk inc covid hosp,0,2026-08-01,28,quantile,0.1,16.0
2026-08-01,wk inc covid hosp,0,2026-08-01,28,quantile,0.15,19.0
2026-08-01,wk inc covid hosp,0,2026-08-01,28,quantile,0.2,19.0
2026-08-01,wk inc covid hosp,0,2026-08-01,28,quantile,0.25,21.0
2026-08-01,wk inc covid hosp,0,2026-08-01,28,quantile,0.3,21.0
2026-08-01,wk inc covid hosp,0,2026-08-01,28,quantile,0.35,22.0
2026-08-01,wk inc covid hosp,0,2026-08-01,28,quantile,0.4,23.0
2026-08-01,wk inc covid hosp,0,2026-08-01,28,quantile,0.45,23.0
2026-08-01,wk inc covid hosp,0,2026-08-01,28,quantile,0.5,23.0
2026-08-01,wk inc covid hosp,0,2026-08-01,28,quantile,0.55,25.0
2026-08-01,wk inc covid hosp,0,2026-08-01,28,quantile,0.6,26.0
2026-08-01,wk inc covid hosp,0,2026-08-01,28,quantile,0.65,27.0
2026-08-01,wk inc covid hosp,0,2026-08-01,28,quantile,0.7,29.0
2026-08-01,wk inc covid hosp,0,2026-08-01,28,quantile,0.75,30.0
2026-08-01,wk inc covid hosp,0,2026-08-01,28,quantile,0.8,30.0
2026-08-01,wk inc covid hosp,0,2026-08-01,28,quantile,0.85,30.0
2026-08-01,wk inc covid hosp,0,2026-08-01,28,quantile,0.9,34.0
2026-08-01,wk inc covid hosp,0,2026-08-01,28,quantile,0.95,39.0
2026-08-01,wk inc covid hosp,0,2026-08-01,28,quantile,0.975,43.0
2026-08-01,wk inc covid hosp,0,2026-08-01,28,quantile,0.99,63.0
2026-08-01,wk inc covid hosp,0,2026-08-01,29,quantile,0.01,2.0
2026-08-01,wk inc covid hosp,0,2026-08-01,29,quantile,0.025,4.0
2026-08-01,wk inc covid hosp,0,2026-08-01,29,quantile,0.05,5.0
2026-08-01,wk inc covid hosp,0,2026-08-01,29,quantile,0.1,5.0
2026-08-01,wk inc covid hosp,0,2026-08-01,29,quantile,0.15,5.0
2026-08-01,wk inc covid hosp,0,2026-08-01,29,quantile,0.2,6.0
2026-08-01,wk inc covid hosp,0,2026-08-01,29,quantile,0.25,6.0
2026-08-01,wk inc covid hosp,0,2026-08-01,29,quantile,0.3,7.0
2026-08-01,wk inc covid hosp,0,2026-08-01,29,quantile,0.35,8.0
2026-08-01,wk inc covid hosp,0,2026-08-01,29,quantile,0.4,8.0
2026-08-01,wk inc covid hosp,0,2026-08-01,29,quantile,0.45,8.0
2026-08-01,wk inc covid hosp,0,2026-08-01,29,quantile,0.5,9.0
2026-08-01,wk inc covid hosp,0,2026-08-01,29,quantile,0.55,9.0
2026-08-01,wk inc covid hosp,0,2026-08-01,29,quantile,0.6,9.0
2026-08-01,wk inc covid hosp,0,2026-08-01,29,quantile,0.65,11.0
2026-08-01,wk inc covid hosp,0,2026-08-01,29,quantile,0.7,12.0
2026-08-01,wk inc covid hosp,0,2026-08-01,29,quantile,0.75,12.0
2026-08-01,wk inc covid hosp,0,2026-08-01,29,quantile,0.8,14.0
2026-08-01,wk inc covid hosp,0,2026-08-01,29,quantile,0.85,16.0
2026-08-01,wk inc covid hosp,0,2026-08-01,29,quantile,0.9,21.0
2026-08-01,wk inc covid hosp,0,2026-08-01,29,quantile,0.95,40.0
2026-08-01,wk inc covid hosp,0,2026-08-01,29,quantile,0.975,85.0
2026-08-01,wk inc covid hosp,0,2026-08-01,29,quantile,0.99,166.0
2026-08-01,wk inc covid hosp,0,2026-08-01,30,quantile,0.01,0.0
2026-08-01,wk inc covid hosp,0,2026-08-01,30,quantile,0.025,0.0
2026-08-01,wk inc covid hosp,0,2026-08-01,30,quantile,0.05,0.0
2026-08-01,wk inc covid hosp,0,2026-08-01,30,quantile,0.1,0.0
2026-08-01,wk inc covid hosp,0,2026-08-01,30,quantile,0.15,0.0
2026-08-01,wk inc covid hosp,0,2026-08-01,30,quantile,0.2,0.0
2026-08-01,wk inc covid hosp,0,2026-08-01,30,quantile,0.25,0.0
2026-08-01,wk inc covid hosp,0,2026-08-01,30,quantile,0.3,1.0
2026-08-01,wk inc covid hosp,0,2026-08-01,30,quantile,0.35,1.0
2026-08-01,wk inc covid hosp,0,2026-08-01,30,quantile,0.4,1.0
2026-08-01,wk inc covid hosp,0,2026-08-01,30,quantile,0.45,1.0
2026-08-01,wk inc covid hosp,0,2026-08-01,30,quantile,0.5,1.0
2026-08-01,wk inc covid hosp,0,2026-08-01,30,quantile,0.55,2.0
2026-08-01,wk inc covid hosp,0,2026-08-01,30,quantile,0.6,2.0
2026-08-01,wk inc covid hosp,0,2026-08-01,30,quantile,0.65,2.0
2026-08-01,wk inc covid hosp,0,2026-08-01,30,quantile,0.7,2.0
2026-08-01,wk inc covid hosp,0,2026-08-01,30,quantile,0.75,3.0
2026-08-01,wk inc covid hosp,0,2026-08-01,30,quantile,0.8,4.0
2026-08-01,wk inc covid hosp,0,2026-08-01,30,quantile,0.85,5.0
2026-08-01,wk inc covid hosp,0,2026-08-01,30,quantile,0.9,6.0
2026-08-01,wk inc covid hosp,0,2026-08-01,30,quantile,0.95,9.0
2026-08-01,wk inc covid hosp,0,2026-08-01,30,quantile,0.975,13.0
2026-08-01,wk inc covid hosp,0,2026-08-01,30,quantile,0.99,25.0
2026-08-01,wk inc covid hosp,0,2026-08-01,31,quantile,0.01,0.0
2026-08-01,wk inc covid hosp,0,2026-08-01,31,quantile,0.025,0.0
2026-08-01,wk inc covid hosp,0,2026-08-01,31,quantile,0.05,0.0
2026-08-01,wk inc covid hosp,0,2026-08-01,31,quantile,0.1,1.0
2026-08-01,wk inc covid hosp,0,2026-08-01,31,quantile,0.15,1.0
2026-08-01,wk inc covid hosp,0,2026-08-01,31,quantile,0.2,1.0
2026-08-01,wk inc covid hosp,0,2026-08-01,31,quantile,0.25,1.0
2026-08-01,wk inc covid hosp,0,2026-08-01,31,quantile,0.3,1.0
2026-08-01,wk inc covid hosp,0,2026-08-01,31,quantile,0.35,2.0
2026-08-01,wk inc covid hosp,0,2026-08-01,31,quantile,0.4,2.0
2026-08-01,wk inc covid hosp,0,2026-08-01,31,quantile,0.45,2.0
2026-08-01,wk inc covid hosp,0,2026-08-01,31,quantile,0.5,3.0
2026-08-01,wk inc covid hosp,0,2026-08-01,31,quantile,0.55,3.0
2026-08-01,wk inc covid hosp,0,2026-08-01,31,quantile,0.6,3.0
2026-08-01,wk inc covid hosp,0,2026-08-01,31,quantile,0.65,4.0
2026-08-01,wk inc covid hosp,0,2026-08-01,31,quantile,0.7,4.0
2026-08-01,wk inc covid hosp,0,2026-08-01,31,quantile,0.75,5.0
2026-08-01,wk inc covid hosp,0,2026-08-01,31,quantile,0.8,6.0
2026-08-01,wk inc covid hosp,0,2026-08-01,31,quantile,0.85,6.0
2026-08-01,wk inc covid hosp,0,2026-08-01,31,quantile,0.9,7.0
2026-08-01,wk inc covid hosp,0,2026-08-01,31,quantile,0.95,12.0
2026-08-01,wk inc covid hosp,0,2026-08-01,31,quantile,0.975,22.0
2026-08-01,wk inc covid hosp,0,2026-08-01,31,quantile,0.99,48.0
2026-08-01,wk inc covid hosp,0,2026-08-01,32,quantile,0.01,3.0
2026-08-01,wk inc covid hosp,0,2026-08-01,32,quantile,0.025,5.0
2026-08-01,wk inc covid hosp,0,2026-08-01,32,quantile,0.05,5.0
2026-08-01,wk inc covid hosp,0,2026-08-01,32,quantile,0.1,8.0
2026-08-01,wk inc covid hosp,0,2026-08-01,32,quantile,0.15,11.0
2026-08-01,wk inc covid hosp,0,2026-08-01,32,quantile,0.2,11.0
2026-08-01,wk inc covid hosp,0,2026-08-01,32,quantile,0.25,11.0
2026-08-01,wk inc covid hosp,0,2026-08-01,32,quantile,0.3,11.0
2026-08-01,wk inc covid hosp,0,2026-08-01,32,quantile,0.35,12.0
2026-08-01,wk inc covid hosp,0,2026-08-01,32,quantile,0.4,13.0
2026-08-01,wk inc covid hosp,0,2026-08-01,32,quantile,0.45,13.0
2026-08-01,wk inc covid hosp,0,2026-08-01,32,quantile,0.5,14.0
2026-08-01,wk inc covid hosp,0,2026-08-01,32,quantile,0.55,14.0
2026-08-01,wk inc covid hosp,0,2026-08-01,32,quantile,0.6,15.0
2026-08-01,wk inc covid hosp,0,2026-08-01,32,quantile,0.65,17.0
2026-08-01,wk inc covid hosp,0,2026-08-01,32,quantile,0.7,18.0
2026-08-01,wk inc covid hosp,0,2026-08-01,32,quantile,0.75,18.0
2026-08-01,wk inc covid hosp,0,2026-08-01,32,quantile,0.8,19.0
2026-08-01,wk inc covid hosp,0,2026-08-01,32,quantile,0.85,20.0
2026-08-01,wk inc covid hosp,0,2026-08-01,32,quantile,0.9,20.0
2026-08-01,wk inc covid hosp,0,2026-08-01,32,quantile,0.95,26.0
2026-08-01,wk inc covid hosp,0,2026-08-01,32,quantile,0.975,37.0
2026-08-01,wk inc covid hosp,0,2026-08-01,32,quantile,0.99,74.0
2026-08-01,wk inc covid hosp,0,2026-08-01,33,quantile,0.01,0.0
2026-08-01,wk inc covid hosp,0,2026-08-01,33,quantile,0.025,0.0
2026-08-01,wk inc covid hosp,0,2026-08-01,33,quantile,0.05,0.0
2026-08-01,wk inc covid hosp,0,2026-08-01,33,quantile,0.1,0.0
2026-08-01,wk inc covid hosp,0,2026-08-01,33,quantile,0.15,1.0
2026-08-01,wk inc covid hosp,0,2026-08-01,33,quantile,0.2,1.0
2026-08-01,wk inc covid hosp,0,2026-08-01,33,quantile,0.25,1.0
2026-08-01,wk inc covid hosp,0,2026-08-01,33,quantile,0.3,1.0
2026-08-01,wk inc covid hosp,0,2026-08-01,33,quantile,0.35,2.0
2026-08-01,wk inc covid hosp,0,2026-08-01,33,quantile,0.4,2.0
2026-08-01,wk inc covid hosp,0,2026-08-01,33,quantile,0.45,2.0
2026-08-01,wk inc covid hosp,0,2026-08-01,33,quantile,0.5,3.0
2026-08-01,wk inc covid hosp,0,2026-08-01,33,quantile,0.55,3.0
2026-08-01,wk inc covid hosp,0,2026-08-01,33,quantile,0.6,3.0
2026-08-01,wk inc covid hosp,0,2026-08-01,33,quantile,0.65,4.0
2026-08-01,wk inc covid hosp,0,2026-08-01,33,quantile,0.7,4.0
2026-08-01,wk inc covid hosp,0,2026-08-01,33,quantile,0.75,4.0
2026-08-01,wk inc covid hosp,0,2026-08-01,33,quantile,0.8,5.0
2026-08-01,wk inc covid hosp,0,2026-08-01,33,quantile,0.85,5.0
2026-08-01,wk inc covid hosp,0,2026-08-01,33,quantile,0.9,5.0
2026-08-01,wk inc covid hosp,0,2026-08-01,33,quantile,0.95,9.0
2026-08-01,wk inc covid hosp,0,2026-08-01,33,quantile,0.975,15.0
2026-08-01,wk inc covid hosp,0,2026-08-01,33,quantile,0.99,32.0
2026-08-01,wk inc covid hosp,0,2026-08-01,34,quantile,0.01,15.0
2026-08-01,wk inc covid hosp,0,2026-08-01,34,quantile,0.025,21.0
2026-08-01,wk inc covid hosp,0,2026-08-01,34,quantile,0.05,21.0
2026-08-01,wk inc covid hosp,0,2026-08-01,34,quantile,0.1,28.0
2026-08-01,wk inc covid hosp,0,2026-08-01,34,quantile,0.15,30.0
2026-08-01,wk inc covid hosp,0,2026-08-01,34,quantile,0.2,30.0
2026-08-01,wk inc covid hosp,0,2026-08-01,34,quantile,0.25,31.0
2026-08-01,wk inc covid hosp,0,2026-08-01,34,quantile,0.3,38.0
2026-08-01,wk inc covid hosp,0,2026-08-01,34,quantile,0.35,38.0
2026-08-01,wk inc covid hosp,0,2026-08-01,34,quantile,0.4,38.0
2026-08-01,wk inc covid hosp,0,2026-08-01,34,quantile,0.45,38.0
2026-08-01,wk inc covid hosp,0,2026-08-01,34,quantile,0.5,38.0
2026-08-01,wk inc covid hosp,0,2026-08-01,34,quantile,0.55,38.0
2026-08-01,wk inc covid hosp,0,2026-08-01,34,quantile,0.6,39.0
2026-08-01,wk inc covid hosp,0,2026-08-01,34,quantile,0.65,40.0
2026-08-01,wk inc covid hosp,0,2026-08-01,34,quantile,0.7,40.0
2026-08-01,wk inc covid hosp,0,2026-08-01,34,quantile,0.75,41.0
2026-08-01,wk inc covid hosp,0,2026-08-01,34,quantile,0.8,46.0
2026-08-01,wk inc covid hosp,0,2026-08-01,34,quantile,0.85,51.0
2026-08-01,wk inc covid hosp,0,2026-08-01,34,quantile,0.9,58.0
2026-08-01,wk inc covid hosp,0,2026-08-01,34,quantile,0.95,74.0
2026-08-01,wk inc covid hosp,0,2026-08-01,34,quantile,0.975,104.0
2026-08-01,wk inc covid hosp,0,2026-08-01,34,quantile,0.99,221.0
2026-08-01,wk inc covid hosp,0,2026-08-01,35,quantile,0.01,1.0
2026-08-01,wk inc covid hosp,0,2026-08-01,35,quantile,0.025,1.0
2026-08-01,wk inc covid hosp,0,2026-08-01,35,quantile,0.05,2.0
2026-08-01,wk inc covid hosp,0,2026-08-01,35,quantile,0.1,2.0
2026-08-01,wk inc covid hosp,0,2026-08-01,35,quantile,0.15,2.0
2026-08-01,wk inc covid hosp,0,2026-08-01,35,quantile,0.2,3.0
2026-08-01,wk inc covid hosp,0,2026-08-01,35,quantile,0.25,3.0
2026-08-01,wk inc covid hosp,0,2026-08-01,35,quantile,0.3,4.0
2026-08-01,wk inc covid hosp,0,2026-08-01,35,quantile,0.35,4.0
2026-08-01,wk inc covid hosp,0,2026-08-01,35,quantile,0.4,4.0
2026-08-01,wk inc covid hosp,0,2026-08-01,35,quantile,0.45,4.0
2026-08-01,wk inc covid hosp,0,2026-08-01,35,quantile,0.5,4.0
2026-08-01,wk inc covid hosp,0,2026-08-01,35,quantile,0.55,5.0
2026-08-01,wk inc covid hosp,0,2026-08-01,35,quantile,0.6,5.0
2026-08-01,wk inc covid hosp,0,2026-08-01,35,quantile,0.65,6.0
2026-08-01,wk inc covid hosp,0,2026-08-01,35,quantile,0.7,6.0
2026-08-01,wk inc covid hosp,0,2026-08-01,35,quantile,0.75,6.0
2026-08-01,wk inc covid hosp,0,2026-08-01,35,quantile,0.8,6.0
2026-08-01,wk inc covid hosp,0,2026-08-01,35,quantile,0.85,6.0
2026-08-01,wk inc covid hosp,0,2026-08-01,35,quantile,0.9,7.0
2026-08-01,wk inc covid hosp,0,2026-08-01,35,quantile,0.95,13.0
2026-08-01,wk inc covid hosp,0,2026-08-01,35,quantile,0.975,27.0
2026-08-01,wk inc covid hosp,0,2026-08-01,35,quantile,0.99,53.0
2026-08-01,wk inc covid hosp,0,2026-08-01,36,quantile,0.01,43.0
2026-08-01,wk inc covid hosp,0,2026-08-01,36,quantile,0.025,54.0
2026-08-01,wk inc covid hosp,0,2026-08-01,36,quantile,0.05,59.0
2026-08-01,wk inc covid hosp,0,2026-08-01,36,quantile,0.1,63.0
2026-08-01,wk inc covid hosp,0,2026-08-01,36,quantile,0.15,63.0
2026-08-01,wk inc covid hosp,0,2026-08-01,36,quantile,0.2,63.0
2026-08-01,wk inc covid hosp,0,2026-08-01,36,quantile,0.25,69.0
2026-08-01,wk inc covid hosp,0,2026-08-01,36,quantile,0.3,77.0
2026-08-01,wk inc covid hosp,0,2026-08-01,36,quantile,0.35,77.0
2026-08-01,wk inc covid hosp,0,2026-08-01,36,quantile,0.4,77.0
2026-08-01,wk inc covid hosp,0,2026-08-01,36,quantile,0.45,77.0
2026-08-01,wk inc covid hosp,0,2026-08-01,36,quantile,0.5,77.0
2026-08-01,wk inc covid hosp,0,2026-08-01,36,quantile,0.55,77.0
2026-08-01,wk inc covid hosp,0,2026-08-01,36,quantile,0.6,84.0
2026-08-01,wk inc covid hosp,0,2026-08-01,36,quantile,0.65,88.0
2026-08-01,wk inc covid hosp,0,2026-08-01,36,quantile,0.7,89.0
2026-08-01,wk inc covid hosp,0,2026-08-01,36,quantile,0.75,90.0
2026-08-01,wk inc covid hosp,0,2026-08-01,36,quantile,0.8,93.0
2026-08-01,wk inc covid hosp,0,2026-08-01,36,quantile,0.85,108.0
2026-08-01,wk inc covid hosp,0,2026-08-01,36,quantile,0.9,115.0
2026-08-01,wk inc covid hosp,0,2026-08-01,36,quantile,0.95,148.0
2026-08-01,wk inc covid hosp,0,2026-08-01,36,quantile,0.975,230.0
2026-08-01,wk inc covid hosp,0,2026-08-01,36,quantile,0.99,483.0
2026-08-01,wk inc covid hosp,0,2026-08-01,37,quantile,0.01,13.0
2026-08-01,wk inc covid hosp,0,2026-08-01,37,quantile,0.025,24.0
2026-08-01,wk inc covid hosp,0,2026-08-01,37,quantile,0.05,27.0
2026-08-01,wk inc covid hosp,0,2026-08-01,37,quantile,0.1,40.0
2026-08-01,wk inc covid hosp,0,2026-08-01,37,quantile,0.15,40.0
2026-08-01,wk inc covid hosp,0,2026-08-01,37,quantile,0.2,40.0
2026-08-01,wk inc covid hosp,0,2026-08-01,37,quantile,0.25,40.0
2026-08-01,wk inc covid hosp,0,2026-08-01,37,quantile,0.3,43.0
2026-08-01,wk inc covid hosp,0,2026-08-01,37,quantile,0.35,44.0
2026-08-01,wk inc covid hosp,0,2026-08-01,37,quantile,0.4,44.0
2026-08-01,wk inc covid hosp,0,2026-08-01,37,quantile,0.45,45.0
2026-08-01,wk inc covid hosp,0,2026-08-01,37,quantile,0.5,45.0
2026-08-01,wk inc covid hosp,0,2026-08-01,37,quantile,0.55,45.0
2026-08-01,wk inc covid hosp,0,2026-08-01,37,quantile,0.6,48.0
2026-08-01,wk inc covid hosp,0,2026-08-01,37,quantile,0.65,55.0
2026-08-01,wk inc covid hosp,0,2026-08-01,37,quantile,0.7,55.0
2026-08-01,wk inc covid hosp,0,2026-08-01,37,quantile,0.75,59.0
2026-08-01,wk inc covid hosp,0,2026-08-01,37,quantile,0.8,59.0
2026-08-01,wk inc covid hosp,0,2026-08-01,37,quantile,0.85,64.0
2026-08-01,wk inc covid hosp,0,2026-08-01,37,quantile,0.9,67.0
2026-08-01,wk inc covid hosp,0,2026-08-01,37,quantile,0.95,82.0
2026-08-01,wk inc covid hosp,0,2026-08-01,37,quantile,0.975,125.0
2026-08-01,wk inc covid hosp,0,2026-08-01,37,quantile,0.99,256.0
2026-08-01,wk inc covid hosp,0,2026-08-01,38,quantile,0.01,0.0
2026-08-01,wk inc covid hosp,0,2026-08-01,38,quantile,0.025,0.0
2026-08-01,wk inc covid hosp,0,2026-08-01,38,quantile,0.05,0.0
2026-08-01,wk inc covid hosp,0,2026-08-01,38,quantile,0.1,0.0
2026-08-01,wk inc covid hosp,0,2026-08-01,38,quantile,0.15,0.0
2026-08-01,wk inc covid hosp,0,2026-08-01,38,quantile,0.2,0.0
2026-08-01,wk inc covid hosp,0,2026-08-01,38,quantile,0.25,0.0
2026-08-01,wk inc covid hosp,0,2026-08-01,38,quantile,0.3,1.0
2026-08-01,wk inc covid hosp,0,2026-08-01,38,quantile,0.35,1.0
2026-08-01,wk inc covid hosp,0,2026-08-01,38,quantile,0.4,1.0
2026-08-01,wk inc covid hosp,0,2026-08-01,38,quantile,0.45,1.0
2026-08-01,wk inc covid hosp,0,2026-08-01,38,quantile,0.5,1.0
2026-08-01,wk inc covid hosp,0,2026-08-01,38,quantile,0.55,2.0
2026-08-01,wk inc covid hosp,0,2026-08-01,38,quantile,0.6,2.0
2026-08-01,wk inc covid hosp,0,2026-08-01,38,quantile,0.65,2.0
2026-08-01,wk inc covid hosp,0,2026-08-01,38,quantile,0.7,2.0
2026-08-01,wk inc covid hosp,0,2026-08-01,38,quantile,0.75,3.0
2026-08-01,wk inc covid hosp,0,2026-08-01,38,quantile,0.8,3.0
2026-08-01,wk inc covid hosp,0,2026-08-01,38,quantile,0.85,3.0
2026-08-01,wk inc covid hosp,0,2026-08-01,38,quantile,0.9,3.0
2026-08-01,wk inc covid hosp,0,2026-08-01,38,quantile,0.95,5.0
2026-08-01,wk inc covid hosp,0,2026-08-01,38,quantile,0.975,9.0
2026-08-01,wk inc covid hosp,0,2026-08-01,38,quantile,0.99,18.0
2026-08-01,wk inc covid hosp,0,2026-08-01,39,quantile,0.01,5.0
2026-08-01,wk inc covid hosp,0,2026-08-01,39,quantile,0.025,13.0
2026-08-01,wk inc covid hosp,0,2026-08-01,39,quantile,0.05,14.0
2026-08-01,wk inc covid hosp,0,2026-08-01,39,quantile,0.1,14.0
2026-08-01,wk inc covid hosp,0,2026-08-01,39,quantile,0.15,15.0
2026-08-01,wk inc covid hosp,0,2026-08-01,39,quantile,0.2,15.0
2026-08-01,wk inc covid hosp,0,2026-08-01,39,quantile,0.25,15.0
2026-08-01,wk inc covid hosp,0,2026-08-01,39,quantile,0.3,18.0
2026-08-01,wk inc covid hosp,0,2026-08-01,39,quantile,0.35,18.0
2026-08-01,wk inc covid hosp,0,2026-08-01,39,quantile,0.4,18.0
2026-08-01,wk inc covid hosp,0,2026-08-01,39,quantile,0.45,19.0
2026-08-01,wk inc covid hosp,0,2026-08-01,39,quantile,0.5,20.0
2026-08-01,wk inc covid hosp,0,2026-08-01,39,quantile,0.55,21.0
2026-08-01,wk inc covid hosp,0,2026-08-01,39,quantile,0.6,23.0
2026-08-01,wk inc covid hosp,0,2026-08-01,39,quantile,0.65,26.0
2026-08-01,wk inc covid hosp,0,2026-08-01,39,quantile,0.7,27.0
2026-08-01,wk inc covid hosp,0,2026-08-01,39,quantile,0.75,28.0
2026-08-01,wk inc covid hosp,0,2026-08-01,39,quantile,0.8,30.0
2026-08-01,wk inc covid hosp,0,2026-08-01,39,quantile,0.85,34.0
2026-08-01,wk inc covid hosp,0,2026-08-01,39,quantile,0.9,38.0
2026-08-01,wk inc covid hosp,0,2026-08-01,39,quantile,0.95,70.0
2026-08-01,wk inc covid hosp,0,2026-08-01,39,quantile,0.975,139.0
2026-08-01,wk inc covid hosp,0,2026-08-01,39,quantile,0.99,294.0
2026-08-01,wk inc covid hosp,0,2026-08-01,40,quantile,0.01,2.0
2026-08-01,wk inc covid hosp,0,2026-08-01,40,quantile,0.025,4.0
2026-08-01,wk inc covid hosp,0,2026-08-01,40,quantile,0.05,4.0
2026-08-01,wk inc covid hosp,0,2026-08-01,40,quantile,0.1,4.0
2026-08-01,wk inc covid hosp,0,2026-08-01,40,quantile,0.15,5.0
2026-08-01,wk inc covid hosp,0,2026-08-01,40,quantile,0.2,5.0
2026-08-01,wk inc covid hosp,0,2026-08-01,40,quantile,0.25,6.0
2026-08-01,wk inc covid hosp,0,2026-08-01,40,quantile,0.3,6.0
2026-08-01,wk inc covid hosp,0,2026-08-01,40,quantile,0.35,7.0
2026-08-01,wk inc covid hosp,0,2026-08-01,40,quantile,0.4,7.0
2026-08-01,wk inc covid hosp,0,2026-08-01,40,quantile,0.45,7.0
2026-08-01,wk inc covid hosp,0,2026-08-01,40,quantile,0.5,8.0
2026-08-01,wk inc covid hosp,0,2026-08-01,40,quantile,0.55,8.0
2026-08-01,wk inc covid hosp,0,2026-08-01,40,quantile,0.6,8.0
2026-08-01,wk inc covid hosp,0,2026-08-01,40,quantile,0.65,9.0
2026-08-01,wk inc covid hosp,0,2026-08-01,40,quantile,0.7,10.0
2026-08-01,wk inc covid hosp,0,2026-08-01,40,quantile,0.75,11.0
2026-08-01,wk inc covid hosp,0,2026-08-01,40,quantile,0.8,12.0
2026-08-01,wk inc covid hosp,0,2026-08-01,40,quantile,0.85,13.0
2026-08-01,wk inc covid hosp,0,2026-08-01,40,quantile,0.9,13.0
2026-08-01,wk inc covid hosp,0,2026-08-01,40,quantile,0.95,23.0
2026-08-01,wk inc covid hosp,0,2026-08-01,40,quantile,0.975,47.0
2026-08-01,wk inc covid hosp,0,2026-08-01,40,quantile,0.99,96.0
2026-08-01,wk inc covid hosp,0,2026-08-01,41,quantile,0.01,1.0
2026-08-01,wk inc covid hosp,0,2026-08-01,41,quantile,0.025,1.0
2026-08-01,wk inc covid hosp,0,2026-08-01,41,quantile,0.05,2.0
2026-08-01,wk inc covid hosp,0,2026-08-01,41,quantile,0.1,3.0
2026-08-01,wk inc covid hosp,0,2026-08-01,41,quantile,0.15,4.0
2026-08-01,wk inc covid hosp,0,2026-08-01,41,quantile,0.2,4.0
2026-08-01,wk inc covid hosp,0,2026-08-01,41,quantile,0.25,5.0
2026-08-01,wk inc covid hosp,0,2026-08-01,41,quantile,0.3,6.0
2026-08-01,wk inc covid hosp,0,2026-08-01,41,quantile,0.35,6.0
2026-08-01,wk inc covid hosp,0,2026-08-01,41,quantile,0.4,6.0
2026-08-01,wk inc covid hosp,0,2026-08-01,41,quantile,0.45,6.0
2026-08-01,wk inc covid hosp,0,2026-08-01,41,quantile,0.5,7.0
2026-08-01,wk inc covid hosp,0,2026-08-01,41,quantile,0.55,7.0
2026-08-01,wk inc covid hosp,0,2026-08-01,41,quantile,0.6,8.0
2026-08-01,wk inc covid hosp,0,2026-08-01,41,quantile,0.65,8.0
2026-08-01,wk inc covid hosp,0,2026-08-01,41,quantile,0.7,9.0
2026-08-01,wk inc covid hosp,0,2026-08-01,41,quantile,0.75,9.0
2026-08-01,wk inc covid hosp,0,2026-08-01,41,quantile,0.8,11.0
2026-08-01,wk inc covid hosp,0,2026-08-01,41,quantile,0.85,12.0
2026-08-01,wk inc covid hosp,0,2026-08-01,41,quantile,0.9,14.0
2026-08-01,wk inc covid hosp,0,2026-08-01,41,quantile,0.95,25.0
2026-08-01,wk inc covid hosp,0,2026-08-01,41,quantile,0.975,49.0
2026-08-01,wk inc covid hosp,0,2026-08-01,41,quantile,0.99,106.0
2026-08-01,wk inc covid hosp,0,2026-08-01,42,quantile,0.01,12.0
2026-08-01,wk inc covid hosp,0,2026-08-01,42,quantile,0.025,21.0
2026-08-01,wk inc covid hosp,0,2026-08-01,42,quantile,0.05,26.0
2026-08-01,wk inc covid hosp,0,2026-08-01,42,quantile,0.1,29.0
2026-08-01,wk inc covid hosp,0,2026-08-01,42,quantile,0.15,29.0
2026-08-01,wk inc covid hosp,0,2026-08-01,42,quantile,0.2,32.0
2026-08-01,wk inc covid hosp,0,2026-08-01,42,quantile,0.25,32.0
2026-08-01,wk inc covid hosp,0,2026-08-01,42,quantile,0.3,37.0
2026-08-01,wk inc covid hosp,0,2026-08-01,42,quantile,0.35,37.0
2026-08-01,wk inc covid hosp,0,2026-08-01,42,quantile,0.4,37.0
2026-08-01,wk inc covid hosp,0,2026-08-01,42,quantile,0.45,39.0
2026-08-01,wk inc covid hosp,0,2026-08-01,42,quantile,0.5,40.0
2026-08-01,wk inc covid hosp,0,2026-08-01,42,quantile,0.55,41.0
2026-08-01,wk inc covid hosp,0,2026-08-01,42,quantile,0.6,43.0
2026-08-01,wk inc covid hosp,0,2026-08-01,42,quantile,0.65,46.0
2026-08-01,wk inc covid hosp,0,2026-08-01,42,quantile,0.7,46.0
2026-08-01,wk inc covid hosp,0,2026-08-01,42,quantile,0.75,48.0
2026-08-01,wk inc covid hosp,0,2026-08-01,42,quantile,0.8,48.0
2026-08-01,wk inc covid hosp,0,2026-08-01,42,quantile,0.85,51.0
2026-08-01,wk inc covid hosp,0,2026-08-01,42,quantile,0.9,56.0
2026-08-01,wk inc covid hosp,0,2026-08-01,42,quantile,0.95,90.0
2026-08-01,wk inc covid hosp,0,2026-08-01,42,quantile,0.975,152.0
2026-08-01,wk inc covid hosp,0,2026-08-01,42,quantile,0.99,318.0
2026-08-01,wk inc covid hosp,0,2026-08-01,44,quantile,0.01,0.0
2026-08-01,wk inc covid hosp,0,2026-08-01,44,quantile,0.025,0.0
2026-08-01,wk inc covid hosp,0,2026-08-01,44,quantile,0.05,0.0
2026-08-01,wk inc covid hosp,0,2026-08-01,44,quantile,0.1,0.0
2026-08-01,wk inc covid hosp,0,2026-08-01,44,quantile,0.15,1.0
2026-08-01,wk inc covid hosp,0,2026-08-01,44,quantile,0.2,1.0
2026-08-01,wk inc covid hosp,0,2026-08-01,44,quantile,0.25,2.0
2026-08-01,wk inc covid hosp,0,2026-08-01,44,quantile,0.3,2.0
2026-08-01,wk inc covid hosp,0,2026-08-01,44,quantile,0.35,3.0
2026-08-01,wk inc covid hosp,0,2026-08-01,44,quantile,0.4,3.0
2026-08-01,wk inc covid hosp,0,2026-08-01,44,quantile,0.45,4.0
2026-08-01,wk inc covid hosp,0,2026-08-01,44,quantile,0.5,4.0
2026-08-01,wk inc covid hosp,0,2026-08-01,44,quantile,0.55,4.0
2026-08-01,wk inc covid hosp,0,2026-08-01,44,quantile,0.6,4.0
2026-08-01,wk inc covid hosp,0,2026-08-01,44,quantile,0.65,5.0
2026-08-01,wk inc covid hosp,0,2026-08-01,44,quantile,0.7,5.0
2026-08-01,wk inc covid hosp,0,2026-08-01,44,quantile,0.75,5.0
2026-08-01,wk inc covid hosp,0,2026-08-01,44,quantile,0.8,5.0
2026-08-01,wk inc covid hosp,0,2026-08-01,44,quantile,0.85,6.0
2026-08-01,wk inc covid hosp,0,2026-08-01,44,quantile,0.9,6.0
2026-08-01,wk inc covid hosp,0,2026-08-01,44,quantile,0.95,8.0
2026-08-01,wk inc covid hosp,0,2026-08-01,44,quantile,0.975,12.0
2026-08-01,wk inc covid hosp,0,2026-08-01,44,quantile,0.99,25.0
2026-08-01,wk inc covid hosp,0,2026-08-01,45,quantile,0.01,3.0
2026-08-01,wk inc covid hosp,0,2026-08-01,45,quantile,0.025,6.0
2026-08-01,wk inc covid hosp,0,2026-08-01,45,quantile,0.05,10.0
2026-08-01,wk inc covid hosp,0,2026-08-01,45,quantile,0.1,11.0
2026-08-01,wk inc covid hosp,0,2026-08-01,45,quantile,0.15,11.0
2026-08-01,wk inc covid hosp,0,2026-08-01,45,quantile,0.2,12.0
2026-08-01,wk inc covid hosp,0,2026-08-01,45,quantile,0.25,12.0
2026-08-01,wk inc covid hosp,0,2026-08-01,45,quantile,0.3,12.0
2026-08-01,wk inc covid hosp,0,2026-08-01,45,quantile,0.35,13.0
2026-08-01,wk inc covid hosp,0,2026-08-01,45,quantile,0.4,13.0
2026-08-01,wk inc covid hosp,0,2026-08-01,45,quantile,0.45,14.0
2026-08-01,wk inc covid hosp,0,2026-08-01,45,quantile,0.5,15.0
2026-08-01,wk inc covid hosp,0,2026-08-01,45,quantile,0.55,15.0
2026-08-01,wk inc covid hosp,0,2026-08-01,45,quantile,0.6,16.0
2026-08-01,wk inc covid hosp,0,2026-08-01,45,quantile,0.65,18.0
2026-08-01,wk inc covid hosp,0,2026-08-01,45,quantile,0.7,19.0
2026-08-01,wk inc covid hosp,0,2026-08-01,45,quantile,0.75,21.0
2026-08-01,wk inc covid hosp,0,2026-08-01,45,quantile,0.8,25.0
2026-08-01,wk inc covid hosp,0,2026-08-01,45,quantile,0.85,25.0
2026-08-01,wk inc covid hosp,0,2026-08-01,45,quantile,0.9,28.0
2026-08-01,wk inc covid hosp,0,2026-08-01,45,quantile,0.95,35.0
2026-08-01,wk inc covid hosp,0,2026-08-01,45,quantile,0.975,58.0
2026-08-01,wk inc covid hosp,0,2026-08-01,45,quantile,0.99,120.0
2026-08-01,wk inc covid hosp,0,2026-08-01,46,quantile,0.01,0.0
2026-08-01,wk inc covid hosp,0,2026-08-01,46,quantile,0.025,0.0
2026-08-01,wk inc covid hosp,0,2026-08-01,46,quantile,0.05,0.0
2026-08-01,wk inc covid hosp,0,2026-08-01,46,quantile,0.1,0.0
2026-08-01,wk inc covid hosp,0,2026-08-01,46,quantile,0.15,0.0
2026-08-01,wk inc covid hosp,0,2026-08-01,46,quantile,0.2,0.0
2026-08-01,wk inc covid hosp,0,2026-08-01,46,quantile,0.25,0.0
2026-08-01,wk inc covid hosp,0,2026-08-01,46,quantile,0.3,0.0
2026-08-01,wk inc covid hosp,0,2026-08-01,46,quantile,0.35,1.0
2026-08-01,wk inc covid hosp,0,2026-08-01,46,quantile,0.4,1.0
2026-08-01,wk inc covid hosp,0,2026-08-01,46,quantile,0.45,1.0
2026-08-01,wk inc covid hosp,0,2026-08-01,46,quantile,0.5,1.0
2026-08-01,wk inc covid hosp,0,2026-08-01,46,quantile,0.55,1.0
2026-08-01,wk inc covid hosp,0,2026-08-01,46,quantile,0.6,1.0
2026-08-01,wk inc covid hosp,0,2026-08-01,46,quantile,0.65,2.0
2026-08-01,wk inc covid hosp,0,2026-08-01,46,quantile,0.7,2.0
2026-08-01,wk inc covid hosp,0,2026-08-01,46,quantile,0.75,2.0
2026-08-01,wk inc covid hosp,0,2026-08-01,46,quantile,0.8,2.0
2026-08-01,wk inc covid hosp,0,2026-08-01,46,quantile,0.85,3.0
2026-08-01,wk inc covid hosp,0,2026-08-01,46,quantile,0.9,4.0
2026-08-01,wk inc covid hosp,0,2026-08-01,46,quantile,0.95,7.0
2026-08-01,wk inc covid hosp,0,2026-08-01,46,quantile,0.975,10.0
2026-08-01,wk inc covid hosp,0,2026-08-01,46,quantile,0.99,18.0
2026-08-01,wk inc covid hosp,0,2026-08-01,47,quantile,0.01,7.0
2026-08-01,wk inc covid hosp,0,2026-08-01,47,quantile,0.025,12.0
2026-08-01,wk inc covid hosp,0,2026-08-01,47,quantile,0.05,16.0
2026-08-01,wk inc covid hosp,0,2026-08-01,47,quantile,0.1,19.0
2026-08-01,wk inc covid hosp,0,2026-08-01,47,quantile,0.15,20.0
2026-08-01,wk inc covid hosp,0,2026-08-01,47,quantile,0.2,20.0
2026-08-01,wk inc covid hosp,0,2026-08-01,47,quantile,0.25,22.0
2026-08-01,wk inc covid hosp,0,2026-08-01,47,quantile,0.3,23.0
2026-08-01,wk inc covid hosp,0,2026-08-01,47,quantile,0.35,26.0
2026-08-01,wk inc covid hosp,0,2026-08-01,47,quantile,0.4,26.0
2026-08-01,wk inc covid hosp,0,2026-08-01,47,quantile,0.45,26.0
2026-08-01,wk inc covid hosp,0,2026-08-01,47,quantile,0.5,26.0
2026-08-01,wk inc covid hosp,0,2026-08-01,47,quantile,0.55,26.0
2026-08-01,wk inc covid hosp,0,2026-08-01,47,quantile,0.6,27.0
2026-08-01,wk inc covid hosp,0,2026-08-01,47,quantile,0.65,30.0
2026-08-01,wk inc covid hosp,0,2026-08-01,47,quantile,0.7,31.0
2026-08-01,wk inc covid hosp,0,2026-08-01,47,quantile,0.75,34.0
2026-08-01,wk inc covid hosp,0,2026-08-01,47,quantile,0.8,34.0
2026-08-01,wk inc covid hosp,0,2026-08-01,47,quantile,0.85,37.0
2026-08-01,wk inc covid hosp,0,2026-08-01,47,quantile,0.9,41.0
2026-08-01,wk inc covid hosp,0,2026-08-01,47,quantile,0.95,50.0
2026-08-01,wk inc covid hosp,0,2026-08-01,47,quantile,0.975,82.0
2026-08-01,wk inc covid hosp,0,2026-08-01,47,quantile,0.99,160.0
2026-08-01,wk inc covid hosp,0,2026-08-01,48,quantile,0.01,58.0
2026-08-01,wk inc covid hosp,0,2026-08-01,48,quantile,0.025,92.0
2026-08-01,wk inc covid hosp,0,2026-08-01,48,quantile,0.05,122.0
2026-08-01,wk inc covid hosp,0,2026-08-01,48,quantile,0.1,160.0
2026-08-01,wk inc covid hosp,0,2026-08-01,48,quantile,0.15,161.0
2026-08-01,wk inc covid hosp,0,2026-08-01,48,quantile,0.2,161.0
2026-08-01,wk inc covid hosp,0,2026-08-01,48,quantile,0.25,161.0
2026-08-01,wk inc covid hosp,0,2026-08-01,48,quantile,0.3,170.0
2026-08-01,wk inc covid hosp,0,2026-08-01,48,quantile,0.35,170.0
2026-08-01,wk inc covid hosp,0,2026-08-01,48,quantile,0.4,171.0
2026-08-01,wk inc covid hosp,0,2026-08-01,48,quantile,0.45,173.0
2026-08-01,wk inc covid hosp,0,2026-08-01,48,quantile,0.5,173.0
2026-08-01,wk inc covid hosp,0,2026-08-01,48,quantile,0.55,173.0
2026-08-01,wk inc covid hosp,0,2026-08-01,48,quantile,0.6,173.0
2026-08-01,wk inc covid hosp,0,2026-08-01,48,quantile,0.65,192.0
2026-08-01,wk inc covid hosp,0,2026-08-01,48,quantile,0.7,192.0
2026-08-01,wk inc covid hosp,0,2026-08-01,48,quantile,0.75,212.0
2026-08-01,wk inc covid hosp,0,2026-08-01,48,quantile,0.8,215.0
2026-08-01,wk inc covid hosp,0,2026-08-01,48,quantile,0.85,221.0
2026-08-01,wk inc covid hosp,0,2026-08-01,48,quantile,0.9,233.0
2026-08-01,wk inc covid hosp,0,2026-08-01,48,quantile,0.95,275.0
2026-08-01,wk inc covid hosp,0,2026-08-01,48,quantile,0.975,367.0
2026-08-01,wk inc covid hosp,0,2026-08-01,48,quantile,0.99,700.0
2026-08-01,wk inc covid hosp,0,2026-08-01,49,quantile,0.01,0.0
2026-08-01,wk inc covid hosp,0,2026-08-01,49,quantile,0.025,0.0
2026-08-01,wk inc covid hosp,0,2026-08-01,49,quantile,0.05,2.0
2026-08-01,wk inc covid hosp,0,2026-08-01,49,quantile,0.1,2.0
2026-08-01,wk inc covid hosp,0,2026-08-01,49,quantile,0.15,2.0
2026-08-01,wk inc covid hosp,0,2026-08-01,49,quantile,0.2,2.0
2026-08-01,wk inc covid hosp,0,2026-08-01,49,quantile,0.25,2.0
2026-08-01,wk inc covid hosp,0,2026-08-01,49,quantile,0.3,3.0
2026-08-01,wk inc covid hosp,0,2026-08-01,49,quantile,0.35,4.0
2026-08-01,wk inc covid hosp,0,2026-08-01,49,quantile,0.4,4.0
2026-08-01,wk inc covid hosp,0,2026-08-01,49,quantile,0.45,5.0
2026-08-01,wk inc covid hosp,0,2026-08-01,49,quantile,0.5,5.0
2026-08-01,wk inc covid hosp,0,2026-08-01,49,quantile,0.55,5.0
2026-08-01,wk inc covid hosp,0,2026-08-01,49,quantile,0.6,6.0
2026-08-01,wk inc covid hosp,0,2026-08-01,49,quantile,0.65,7.0
2026-08-01,wk inc covid hosp,0,2026-08-01,49,quantile,0.7,7.0
2026-08-01,wk inc covid hosp,0,2026-08-01,49,quantile,0.75,7.0
2026-08-01,wk inc covid hosp,0,2026-08-01,49,quantile,0.8,8.0
2026-08-01,wk inc covid hosp,0,2026-08-01,49,quantile,0.85,9.0
2026-08-01,wk inc covid hosp,0,2026-08-01,49,quantile,0.9,11.0
2026-08-01,wk inc covid hosp,0,2026-08-01,49,quantile,0.95,21.0
2026-08-01,wk inc covid hosp,0,2026-08-01,49,quantile,0.975,40.0
2026-08-01,wk inc covid hosp,0,2026-08-01,49,quantile,0.99,81.0
2026-08-01,wk inc covid hosp,0,2026-08-01,50,quantile,0.01,0.0
2026-08-01,wk inc covid hosp,0,2026-08-01,50,quantile,0.025,0.0
2026-08-01,wk inc covid hosp,0,2026-08-01,50,quantile,0.05,0.0
2026-08-01,wk inc covid hosp,0,2026-08-01,50,quantile,0.1,0.0
2026-08-01,wk inc covid hosp,0,2026-08-01,50,quantile,0.15,0.0
2026-08-01,wk inc covid hosp,0,2026-08-01,50,quantile,0.2,0.0
2026-08-01,wk inc covid hosp,0,2026-08-01,50,quantile,0.25,0.0
2026-08-01,wk inc covid hosp,0,2026-08-01,50,quantile,0.3,0.0
2026-08-01,wk inc covid hosp,0,2026-08-01,50,quantile,0.35,1.0
2026-08-01,wk inc covid hosp,0,2026-08-01,50,quantile,0.4,1.0
2026-08-01,wk inc covid hosp,0,2026-08-01,50,quantile,0.45,1.0
2026-08-01,wk inc covid hosp,0,2026-08-01,50,quantile,0.5,1.0
2026-08-01,wk inc covid hosp,0,2026-08-01,50,quantile,0.55,1.0
2026-08-01,wk inc covid hosp,0,2026-08-01,50,quantile,0.6,1.0
2026-08-01,wk inc covid hosp,0,2026-08-01,50,quantile,0.65,1.0
2026-08-01,wk inc covid hosp,0,2026-08-01,50,quantile,0.7,1.0
2026-08-01,wk inc covid hosp,0,2026-08-01,50,quantile,0.75,2.0
2026-08-01,wk inc covid hosp,0,2026-08-01,50,quantile,0.8,2.0
2026-08-01,wk inc covid hosp,0,2026-08-01,50,quantile,0.85,2.0
2026-08-01,wk inc covid hosp,0,2026-08-01,50,quantile,0.9,3.0
2026-08-01,wk inc covid hosp,0,2026-08-01,50,quantile,0.95,5.0
2026-08-01,wk inc covid hosp,0,2026-08-01,50,quantile,0.975,7.0
2026-08-01,wk inc covid hosp,0,2026-08-01,50,quantile,0.99,15.0
2026-08-01,wk inc covid hosp,0,2026-08-01,51,quantile,0.01,4.0
2026-08-01,wk inc covid hosp,0,2026-08-01,51,quantile,0.025,7.0
2026-08-01,wk inc covid hosp,0,2026-08-01,51,quantile,0.05,8.0
2026-08-01,wk inc covid hosp,0,2026-08-01,51,quantile,0.1,9.0
2026-08-01,wk inc covid hosp,0,2026-08-01,51,quantile,0.15,9.0
2026-08-01,wk inc covid hosp,0,2026-08-01,51,quantile,0.2,9.0
2026-08-01,wk inc covid hosp,0,2026-08-01,51,quantile,0.25,10.0
2026-08-01,wk inc covid hosp,0,2026-08-01,51,quantile,0.3,10.0
2026-08-01,wk inc covid hosp,0,2026-08-01,51,quantile,0.35,11.0
2026-08-01,wk inc covid hosp,0,2026-08-01,51,quantile,0.4,11.0
2026-08-01,wk inc covid hosp,0,2026-08-01,51,quantile,0.45,11.0
2026-08-01,wk inc covid hosp,0,2026-08-01,51,quantile,0.5,12.0
2026-08-01,wk inc covid hosp,0,2026-08-01,51,quantile,0.55,12.0
2026-08-01,wk inc covid hosp,0,2026-08-01,51,quantile,0.6,14.0
2026-08-01,wk inc covid hosp,0,2026-08-01,51,quantile,0.65,15.0
2026-08-01,wk inc covid hosp,0,2026-08-01,51,quantile,0.7,15.0
2026-08-01,wk inc covid hosp,0,2026-08-01,51,quantile,0.75,17.0
2026-08-01,wk inc covid hosp,0,2026-08-01,51,quantile,0.8,19.0
2026-08-01,wk inc covid hosp,0,2026-08-01,51,quantile,0.85,21.0
2026-08-01,wk inc covid hosp,0,2026-08-01,51,quantile,0.9,27.0
2026-08-01,wk inc covid hosp,0,2026-08-01,51,quantile,0.95,50.0
2026-08-01,wk inc covid hosp,0,2026-08-01,51,quantile,0.975,103.0
2026-08-01,wk inc covid hosp,0,2026-08-01,51,quantile,0.99,211.0
2026-08-01,wk inc covid hosp,0,2026-08-01,53,quantile,0.01,5.0
2026-08-01,wk inc covid hosp,0,2026-08-01,53,quantile,0.025,8.0
2026-08-01,wk inc covid hosp,0,2026-08-01,53,quantile,0.05,8.0
2026-08-01,wk inc covid hosp,0,2026-08-01,53,quantile,0.1,8.0
2026-08-01,wk inc covid hosp,0,2026-08-01,53,quantile,0.15,10.0
2026-08-01,wk inc covid hosp,0,2026-08-01,53,quantile,0.2,12.0
2026-08-01,wk inc covid hosp,0,2026-08-01,53,quantile,0.25,13.0
2026-08-01,wk inc covid hosp,0,2026-08-01,53,quantile,0.3,14.0
2026-08-01,wk inc covid hosp,0,2026-08-01,53,quantile,0.35,15.0
2026-08-01,wk inc covid hosp,0,2026-08-01,53,quantile,0.4,15.0
2026-08-01,wk inc covid hosp,0,2026-08-01,53,quantile,0.45,15.0
2026-08-01,wk inc covid hosp,0,2026-08-01,53,quantile,0.5,16.0
2026-08-01,wk inc covid hosp,0,2026-08-01,53,quantile,0.55,16.0
2026-08-01,wk inc covid hosp,0,2026-08-01,53,quantile,0.6,17.0
2026-08-01,wk inc covid hosp,0,2026-08-01,53,quantile,0.65,21.0
2026-08-01,wk inc covid hosp,0,2026-08-01,53,quantile,0.7,22.0
2026-08-01,wk inc covid hosp,0,2026-08-01,53,quantile,0.75,22.0
2026-08-01,wk inc covid hosp,0,2026-08-01,53,quantile,0.8,24.0
2026-08-01,wk inc covid hosp,0,2026-08-01,53,quantile,0.85,27.0
2026-08-01,wk inc covid hosp,0,2026-08-01,53,quantile,0.9,31.0
2026-08-01,wk inc covid hosp,0,2026-08-01,53,quantile,0.95,50.0
2026-08-01,wk inc covid hosp,0,2026-08-01,53,quantile,0.975,92.0
2026-08-01,wk inc covid hosp,0,2026-08-01,53,quantile,0.99,191.0
2026-08-01,wk inc covid hosp,0,2026-08-01,54,quantile,0.01,0.0
2026-08-01,wk inc covid hosp,0,2026-08-01,54,quantile,0.025,0.0
2026-08-01,wk inc covid hosp,0,2026-08-01,54,quantile,0.05,0.0
2026-08-01,wk inc covid hosp,0,2026-08-01,54,quantile,0.1,0.0
2026-08-01,wk inc covid hosp,0,2026-08-01,54,quantile,0.15,0.0
2026-08-01,wk inc covid hosp,0,2026-08-01,54,quantile,0.2,1.0
2026-08-01,wk inc covid hosp,0,2026-08-01,54,quantile,0.25,1.0
2026-08-01,wk inc covid hosp,0,2026-08-01,54,quantile,0.3,1.0
2026-08-01,wk inc covid hosp,0,2026-08-01,54,quantile,0.35,2.0
2026-08-01,wk inc covid hosp,0,2026-08-01,54,quantile,0.4,2.0
2026-08-01,wk inc covid hosp,0,2026-08-01,54,quantile,0.45,2.0
2026-08-01,wk inc covid hosp,0,2026-08-01,54,quantile,0.5,2.0
2026-08-01,wk inc covid hosp,0,2026-08-01,54,quantile,0.55,2.0
2026-08-01,wk inc covid hosp,0,2026-08-01,54,quantile,0.6,2.0
2026-08-01,wk inc covid hosp,0,2026-08-01,54,quantile,0.65,3.0
2026-08-01,wk inc covid hosp,0,2026-08-01,54,quantile,0.7,3.0
2026-08-01,wk inc covid hosp,0,2026-08-01,54,quantile,0.75,4.0
2026-08-01,wk inc covid hosp,0,2026-08-01,54,quantile,0.8,4.0
2026-08-01,wk inc covid hosp,0,2026-08-01,54,quantile,0.85,5.0
2026-08-01,wk inc covid hosp,0,2026-08-01,54,quantile,0.9,5.0
2026-08-01,wk inc covid hosp,0,2026-08-01,54,quantile,0.95,11.0
2026-08-01,wk inc covid hosp,0,2026-08-01,54,quantile,0.975,21.0
2026-08-01,wk inc covid hosp,0,2026-08-01,54,quantile,0.99,44.0
2026-08-01,wk inc covid hosp,0,2026-08-01,55,quantile,0.01,2.0
2026-08-01,wk inc covid hosp,0,2026-08-01,55,quantile,0.025,2.0
2026-08-01,wk inc covid hosp,0,2026-08-01,55,quantile,0.05,2.0
2026-08-01,wk inc covid hosp,0,2026-08-01,55,quantile,0.1,2.0
2026-08-01,wk inc covid hosp,0,2026-08-01,55,quantile,0.15,2.0
2026-08-01,wk inc covid hosp,0,2026-08-01,55,quantile,0.2,3.0
2026-08-01,wk inc covid hosp,0,2026-08-01,55,quantile,0.25,3.0
2026-08-01,wk inc covid hosp,0,2026-08-01,55,quantile,0.3,3.0
2026-08-01,wk inc covid hosp,0,2026-08-01,55,quantile,0.35,4.0
2026-08-01,wk inc covid hosp,0,2026-08-01,55,quantile,0.4,4.0
2026-08-01,wk inc covid hosp,0,2026-08-01,55,quantile,0.45,5.0
2026-08-01,wk inc covid hosp,0,2026-08-01,55,quantile,0.5,6.0
2026-08-01,wk inc covid hosp,0,2026-08-01,55,quantile,0.55,6.0
2026-08-01,wk inc covid hosp,0,2026-08-01,55,quantile,0.6,7.0
2026-08-01,wk inc covid hosp,0,2026-08-01,55,quantile,0.65,7.0
2026-08-01,wk inc covid hosp,0,2026-08-01,55,quantile,0.7,7.0
2026-08-01,wk inc covid hosp,0,2026-08-01,55,quantile,0.75,8.0
2026-08-01,wk inc covid hosp,0,2026-08-01,55,quantile,0.8,9.0
2026-08-01,wk inc covid hosp,0,2026-08-01,55,quantile,0.85,10.0
2026-08-01,wk inc covid hosp,0,2026-08-01,55,quantile,0.9,18.0
2026-08-01,wk inc covid hosp,0,2026-08-01,55,quantile,0.95,34.0
2026-08-01,wk inc covid hosp,0,2026-08-01,55,quantile,0.975,70.0
2026-08-01,wk inc covid hosp,0,2026-08-01,55,quantile,0.99,144.0
2026-08-01,wk inc covid hosp,0,2026-08-01,56,quantile,0.01,0.0
2026-08-01,wk inc covid hosp,0,2026-08-01,56,quantile,0.025,0.0
2026-08-01,wk inc covid hosp,0,2026-08-01,56,quantile,0.05,0.0
2026-08-01,wk inc covid hosp,0,2026-08-01,56,quantile,0.1,0.0
2026-08-01,wk inc covid hosp,0,2026-08-01,56,quantile,0.15,0.0
2026-08-01,wk inc covid hosp,0,2026-08-01,56,quantile,0.2,0.0
2026-08-01,wk inc covid hosp,0,2026-08-01,56,quantile,0.25,0.0
2026-08-01,wk inc covid hosp,0,2026-08-01,56,quantile,0.3,1.0
2026-08-01,wk inc covid hosp,0,2026-08-01,56,quantile,0.35,1.0
2026-08-01,wk inc covid hosp,0,2026-08-01,56,quantile,0.4,1.0
2026-08-01,wk inc covid hosp,0,2026-08-01,56,quantile,0.45,1.0
2026-08-01,wk inc covid hosp,0,2026-08-01,56,quantile,0.5,1.0
2026-08-01,wk inc covid hosp,0,2026-08-01,56,quantile,0.55,1.0
2026-08-01,wk inc covid hosp,0,2026-08-01,56,quantile,0.6,2.0
2026-08-01,wk inc covid hosp,0,2026-08-01,56,quantile,0.65,2.0
2026-08-01,wk inc covid hosp,0,2026-08-01,56,quantile,0.7,2.0
2026-08-01,wk inc covid hosp,0,2026-08-01,56,quantile,0.75,2.0
2026-08-01,wk inc covid hosp,0,2026-08-01,56,quantile,0.8,3.0
2026-08-01,wk inc covid hosp,0,2026-08-01,56,quantile,0.85,3.0
2026-08-01,wk inc covid hosp,0,2026-08-01,56,quantile,0.9,4.0
2026-08-01,wk inc covid hosp,0,2026-08-01,56,quantile,0.95,5.0
2026-08-01,wk inc covid hosp,0,2026-08-01,56,quantile,0.975,8.0
2026-08-01,wk inc covid hosp,0,2026-08-01,56,quantile,0.99,15.0
2026-08-01,wk inc covid hosp,0,2026-08-01,72,quantile,0.01,8.0
2026-08-01,wk inc covid hosp,0,2026-08-01,72,quantile,0.025,10.0
2026-08-01,wk inc covid hosp,0,2026-08-01,72,quantile,0.05,13.0
2026-08-01,wk inc covid hosp,0,2026-08-01,72,quantile,0.1,17.0
2026-08-01,wk inc covid hosp,0,2026-08-01,72,quantile,0.15,21.0
2026-08-01,wk inc covid hosp,0,2026-08-01,72,quantile,0.2,22.0
2026-08-01,wk inc covid hosp,0,2026-08-01,72,quantile,0.25,22.0
2026-08-01,wk inc covid hosp,0,2026-08-01,72,quantile,0.3,23.0
2026-08-01,wk inc covid hosp,0,2026-08-01,72,quantile,0.35,25.0
2026-08-01,wk inc covid hosp,0,2026-08-01,72,quantile,0.4,27.0
2026-08-01,wk inc covid hosp,0,2026-08-01,72,quantile,0.45,27.0
2026-08-01,wk inc covid hosp,0,2026-08-01,72,quantile,0.5,30.0
2026-08-01,wk inc covid hosp,0,2026-08-01,72,quantile,0.55,30.0
2026-08-01,wk inc covid hosp,0,2026-08-01,72,quantile,0.6,32.0
2026-08-01,wk inc covid hosp,0,2026-08-01,72,quantile,0.65,36.0
2026-08-01,wk inc covid hosp,0,2026-08-01,72,quantile,0.7,39.0
2026-08-01,wk inc covid hosp,0,2026-08-01,72,quantile,0.75,39.0
2026-08-01,wk inc covid hosp,0,2026-08-01,72,quantile,0.8,39.0
2026-08-01,wk inc covid hosp,0,2026-08-01,72,quantile,0.85,43.0
2026-08-01,wk inc covid hosp,0,2026-08-01,72,quantile,0.9,44.0
2026-08-01,wk inc covid hosp,0,2026-08-01,72,quantile,0.95,53.0
2026-08-01,wk inc covid hosp,0,2026-08-01,72,quantile,0.975,57.0
2026-08-01,wk inc covid hosp,0,2026-08-01,72,quantile,0.99,88.0
2026-08-01,wk inc covid hosp,1,2026-08-08,01,quantile,0.01,18.0
2026-08-01,wk inc covid hosp,1,2026-08-08,01,quantile,0.025,22.0
2026-08-01,wk inc covid hosp,1,2026-08-08,01,quantile,0.05,29.0
2026-08-01,wk inc covid hosp,1,2026-08-08,01,quantile,0.1,34.0
2026-08-01,wk inc covid hosp,1,2026-08-08,01,quantile,0.15,35.0
2026-08-01,wk inc covid hosp,1,2026-08-08,01,quantile,0.2,35.0
2026-08-01,wk inc covid hosp,1,2026-08-08,01,quantile,0.25,36.0
2026-08-01,wk inc covid hosp,1,2026-08-08,01,quantile,0.3,36.0
2026-08-01,wk inc covid hosp,1,2026-08-08,01,quantile,0.35,38.0
2026-08-01,wk inc covid hosp,1,2026-08-08,01,quantile,0.4,38.0
2026-08-01,wk inc covid hosp,1,2026-08-08,01,quantile,0.45,38.0
2026-08-01,wk inc covid hosp,1,2026-08-08,01,quantile,0.5,39.0
2026-08-01,wk inc covid hosp,1,2026-08-08,01,quantile,0.55,39.0
2026-08-01,wk inc covid hosp,1,2026-08-08,01,quantile,0.6,40.0
2026-08-01,wk inc covid hosp,1,2026-08-08,01,quantile,0.65,44.0
2026-08-01,wk inc covid hosp,1,2026-08-08,01,quantile,0.7,45.0
2026-08-01,wk inc covid hosp,1,2026-08-08,01,quantile,0.75,48.0
2026-08-01,wk inc covid hosp,1,2026-08-08,01,quantile,0.8,49.0
2026-08-01,wk inc covid hosp,1,2026-08-08,01,quantile,0.85,51.0
2026-08-01,wk inc covid hosp,1,2026-08-08,01,quantile,0.9,55.0
2026-08-01,wk inc covid hosp,1,2026-08-08,01,quantile,0.95,62.0
2026-08-01,wk inc covid hosp,1,2026-08-08,01,quantile,0.975,75.0
2026-08-01,wk inc covid hosp,1,2026-08-08,01,quantile,0.99,105.0
2026-08-01,wk inc covid hosp,1,2026-08-08,02,quantile,0.01,0.0
2026-08-01,wk inc covid hosp,1,2026-08-08,02,quantile,0.025,0.0
2026-08-01,wk inc covid hosp,1,2026-08-08,02,quantile,0.05,0.0
2026-08-01,wk inc covid hosp,1,2026-08-08,02,quantile,0.1,0.0
2026-08-01,wk inc covid hosp,1,2026-08-08,02,quantile,0.15,0.0
2026-08-01,wk inc covid hosp,1,2026-08-08,02,quantile,0.2,0.0
2026-08-01,wk inc covid hosp,1,2026-08-08,02,quantile,0.25,1.0
2026-08-01,wk inc covid hosp,1,2026-08-08,02,quantile,0.3,1.0
2026-08-01,wk inc covid hosp,1,2026-08-08,02,quantile,0.35,1.0
2026-08-01,wk inc covid hosp,1,2026-08-08,02,quantile,0.4,1.0
2026-08-01,wk inc covid hosp,1,2026-08-08,02,quantile,0.45,2.0
2026-08-01,wk inc covid hosp,1,2026-08-08,02,quantile,0.5,2.0
2026-08-01,wk inc covid hosp,1,2026-08-08,02,quantile,0.55,2.0
2026-08-01,wk inc covid hosp,1,2026-08-08,02,quantile,0.6,2.0
2026-08-01,wk inc covid hosp,1,2026-08-08,02,quantile,0.65,2.0
2026-08-01,wk inc covid hosp,1,2026-08-08,02,quantile,0.7,3.0
2026-08-01,wk inc covid hosp,1,2026-08-08,02,quantile,0.75,3.0
2026-08-01,wk inc covid hosp,1,2026-08-08,02,quantile,0.8,3.0
2026-08-01,wk inc covid hosp,1,2026-08-08,02,quantile,0.85,4.0
2026-08-01,wk inc covid hosp,1,2026-08-08,02,quantile,0.9,4.0
2026-08-01,wk inc covid hosp,1,2026-08-08,02,quantile,0.95,6.0
2026-08-01,wk inc covid hosp,1,2026-08-08,02,quantile,0.975,9.0
2026-08-01,wk inc covid hosp,1,2026-08-08,02,quantile,0.99,18.0
2026-08-01,wk inc covid hosp,1,2026-08-08,04,quantile,0.01,10.0
2026-08-01,wk inc covid hosp,1,2026-08-08,04,quantile,0.025,17.0
2026-08-01,wk inc covid hosp,1,2026-08-08,04,quantile,0.05,17.0
2026-08-01,wk inc covid hosp,1,2026-08-08,04,quantile,0.1,20.0
2026-08-01,wk inc covid hosp,1,2026-08-08,04,quantile,0.15,22.0
2026-08-01,wk inc covid hosp,1,2026-08-08,04,quantile,0.2,22.0
2026-08-01,wk inc covid hosp,1,2026-08-08,04,quantile,0.25,23.0
2026-08-01,wk inc covid hosp,1,2026-08-08,04,quantile,0.3,25.0
2026-08-01,wk inc covid hosp,1,2026-08-08,04,quantile,0.35,26.0
2026-08-01,wk inc covid hosp,1,2026-08-08,04,quantile,0.4,26.0
2026-08-01,wk inc covid hosp,1,2026-08-08,04,quantile,0.45,26.0
2026-08-01,wk inc covid hosp,1,2026-08-08,04,quantile,0.5,26.0
2026-08-01,wk inc covid hosp,1,2026-08-08,04,quantile,0.55,27.0
2026-08-01,wk inc covid hosp,1,2026-08-08,04,quantile,0.6,31.0
2026-08-01,wk inc covid hosp,1,2026-08-08,04,quantile,0.65,31.0
2026-08-01,wk inc covid hosp,1,2026-08-08,04,quantile,0.7,33.0
2026-08-01,wk inc covid hosp,1,2026-08-08,04,quantile,0.75,34.0
2026-08-01,wk inc covid hosp,1,2026-08-08,04,quantile,0.8,36.0
2026-08-01,wk inc covid hosp,1,2026-08-08,04,quantile,0.85,38.0
2026-08-01,wk inc covid hosp,1,2026-08-08,04,quantile,0.9,44.0
2026-08-01,wk inc covid hosp,1,2026-08-08,04,quantile,0.95,62.0
2026-08-01,wk inc covid hosp,1,2026-08-08,04,quantile,0.975,99.0
2026-08-01,wk inc covid hosp,1,2026-08-08,04,quantile,0.99,192.0
2026-08-01,wk inc covid hosp,1,2026-08-08,05,quantile,0.01,2.0
2026-08-01,wk inc covid hosp,1,2026-08-08,05,quantile,0.025,3.0
2026-08-01,wk inc covid hosp,1,2026-08-08,05,quantile,0.05,4.0
2026-08-01,wk inc covid hosp,1,2026-08-08,05,quantile,0.1,4.0
2026-08-01,wk inc covid hosp,1,2026-08-08,05,quantile,0.15,4.0
2026-08-01,wk inc covid hosp,1,2026-08-08,05,quantile,0.2,4.0
2026-08-01,wk inc covid hosp,1,2026-08-08,05,quantile,0.25,5.0
2026-08-01,wk inc covid hosp,1,2026-08-08,05,quantile,0.3,6.0
2026-08-01,wk inc covid hosp,1,2026-08-08,05,quantile,0.35,6.0
2026-08-01,wk inc covid hosp,1,2026-08-08,05,quantile,0.4,6.0
2026-08-01,wk inc covid hosp,1,2026-08-08,05,quantile,0.45,6.0
2026-08-01,wk inc covid hosp,1,2026-08-08,05,quantile,0.5,7.0
2026-08-01,wk inc covid hosp,1,2026-08-08,05,quantile,0.55,7.0
2026-08-01,wk inc covid hosp,1,2026-08-08,05,quantile,0.6,7.0
2026-08-01,wk inc covid hosp,1,2026-08-08,05,quantile,0.65,8.0
2026-08-01,wk inc covid hosp,1,2026-08-08,05,quantile,0.7,9.0
2026-08-01,wk inc covid hosp,1,2026-08-08,05,quantile,0.75,9.0
2026-08-01,wk inc covid hosp,1,2026-08-08,05,quantile,0.8,10.0
2026-08-01,wk inc covid hosp,1,2026-08-08,05,quantile,0.85,10.0
2026-08-01,wk inc covid hosp,1,2026-08-08,05,quantile,0.9,11.0
2026-08-01,wk inc covid hosp,1,2026-08-08,05,quantile,0.95,19.0
2026-08-01,wk inc covid hosp,1,2026-08-08,05,quantile,0.975,35.0
2026-08-01,wk inc covid hosp,1,2026-08-08,05,quantile,0.99,75.0
2026-08-01,wk inc covid hosp,1,2026-08-08,06,quantile,0.01,95.0
2026-08-01,wk inc covid hosp,1,2026-08-08,06,quantile,0.025,147.0
2026-08-01,wk inc covid hosp,1,2026-08-08,06,quantile,0.05,176.0
2026-08-01,wk inc covid hosp,1,2026-08-08,06,quantile,0.1,190.0
2026-08-01,wk inc covid hosp,1,2026-08-08,06,quantile,0.15,213.0
2026-08-01,wk inc covid hosp,1,2026-08-08,06,quantile,0.2,213.0
2026-08-01,wk inc covid hosp,1,2026-08-08,06,quantile,0.25,213.0
2026-08-01,wk inc covid hosp,1,2026-08-08,06,quantile,0.3,213.0
2026-08-01,wk inc covid hosp,1,2026-08-08,06,quantile,0.35,213.0
2026-08-01,wk inc covid hosp,1,2026-08-08,06,quantile,0.4,213.0
2026-08-01,wk inc covid hosp,1,2026-08-08,06,quantile,0.45,213.0
2026-08-01,wk inc covid hosp,1,2026-08-08,06,quantile,0.5,213.0
2026-08-01,wk inc covid hosp,1,2026-08-08,06,quantile,0.55,213.0
2026-08-01,wk inc covid hosp,1,2026-08-08,06,quantile,0.6,213.0
2026-08-01,wk inc covid hosp,1,2026-08-08,06,quantile,0.65,231.0
2026-08-01,wk inc covid hosp,1,2026-08-08,06,quantile,0.7,242.0
2026-08-01,wk inc covid hosp,1,2026-08-08,06,quantile,0.75,249.0
2026-08-01,wk inc covid hosp,1,2026-08-08,06,quantile,0.8,249.0
2026-08-01,wk inc covid hosp,1,2026-08-08,06,quantile,0.85,251.0
2026-08-01,wk inc covid hosp,1,2026-08-08,06,quantile,0.9,285.0
2026-08-01,wk inc covid hosp,1,2026-08-08,06,quantile,0.95,362.0
2026-08-01,wk inc covid hosp,1,2026-08-08,06,quantile,0.975,510.0
2026-08-01,wk inc covid hosp,1,2026-08-08,06,quantile,0.99,943.0
2026-08-01,wk inc covid hosp,1,2026-08-08,08,quantile,0.01,3.0
2026-08-01,wk inc covid hosp,1,2026-08-08,08,quantile,0.025,3.0
2026-08-01,wk inc covid hosp,1,2026-08-08,08,quantile,0.05,3.0
2026-08-01,wk inc covid hosp,1,2026-08-08,08,quantile,0.1,7.0
2026-08-01,wk inc covid hosp,1,2026-08-08,08,quantile,0.15,7.0
2026-08-01,wk inc covid hosp,1,2026-08-08,08,quantile,0.2,9.0
2026-08-01,wk inc covid hosp,1,2026-08-08,08,quantile,0.25,9.0
2026-08-01,wk inc covid hosp,1,2026-08-08,08,quantile,0.3,9.0
2026-08-01,wk inc covid hosp,1,2026-08-08,08,quantile,0.35,10.0
2026-08-01,wk inc covid hosp,1,2026-08-08,08,quantile,0.4,10.0
2026-08-01,wk inc covid hosp,1,2026-08-08,08,quantile,0.45,12.0
2026-08-01,wk inc covid hosp,1,2026-08-08,08,quantile,0.5,12.0
2026-08-01,wk inc covid hosp,1,2026-08-08,08,quantile,0.55,13.0
2026-08-01,wk inc covid hosp,1,2026-08-08,08,quantile,0.6,14.0
2026-08-01,wk inc covid hosp,1,2026-08-08,08,quantile,0.65,17.0
2026-08-01,wk inc covid hosp,1,2026-08-08,08,quantile,0.7,17.0
2026-08-01,wk inc covid hosp,1,2026-08-08,08,quantile,0.75,17.0
2026-08-01,wk inc covid hosp,1,2026-08-08,08,quantile,0.8,19.0
2026-08-01,wk inc covid hosp,1,2026-08-08,08,quantile,0.85,22.0
2026-08-01,wk inc covid hosp,1,2026-08-08,08,quantile,0.9,25.0
2026-08-01,wk inc covid hosp,1,2026-08-08,08,quantile,0.95,45.0
2026-08-01,wk inc covid hosp,1,2026-08-08,08,quantile,0.975,71.0
2026-08-01,wk inc covid hosp,1,2026-08-08,08,quantile,0.99,144.0
2026-08-01,wk inc covid hosp,1,2026-08-08,09,quantile,0.01,3.0
2026-08-01,wk inc covid hosp,1,2026-08-08,09,quantile,0.025,4.0
2026-08-01,wk inc covid hosp,1,2026-08-08,09,quantile,0.05,5.0
2026-08-01,wk inc covid hosp,1,2026-08-08,09,quantile,0.1,7.0
2026-08-01,wk inc covid hosp,1,2026-08-08,09,quantile,0.15,7.0
2026-08-01,wk inc covid hosp,1,2026-08-08,09,quantile,0.2,7.0
2026-08-01,wk inc covid hosp,1,2026-08-08,09,quantile,0.25,8.0
2026-08-01,wk inc covid hosp,1,2026-08-08,09,quantile,0.3,9.0
2026-08-01,wk inc covid hosp,1,2026-08-08,09,quantile,0.35,9.0
2026-08-01,wk inc covid hosp,1,2026-08-08,09,quantile,0.4,9.0
2026-08-01,wk inc covid hosp,1,2026-08-08,09,quantile,0.45,10.0
2026-08-01,wk inc covid hosp,1,2026-08-08,09,quantile,0.5,10.0
2026-08-01,wk inc covid hosp,1,2026-08-08,09,quantile,0.55,10.0
2026-08-01,wk inc covid hosp,1,2026-08-08,09,quantile,0.6,11.0
2026-08-01,wk inc covid hosp,1,2026-08-08,09,quantile,0.65,11.0
2026-08-01,wk inc covid hosp,1,2026-08-08,09,quantile,0.7,12.0
2026-08-01,wk inc covid hosp,1,2026-08-08,09,quantile,0.75,13.0
2026-08-01,wk inc covid hosp,1,2026-08-08,09,quantile,0.8,15.0
2026-08-01,wk inc covid hosp,1,2026-08-08,09,quantile,0.85,15.0
2026-08-01,wk inc covid hosp,1,2026-08-08,09,quantile,0.9,18.0
2026-08-01,wk inc covid hosp,1,2026-08-08,09,quantile,0.95,28.0
2026-08-01,wk inc covid hosp,1,2026-08-08,09,quantile,0.975,41.0
2026-08-01,wk inc covid hosp,1,2026-08-08,09,quantile,0.99,85.0
2026-08-01,wk inc covid hosp,1,2026-08-08,10,quantile,0.01,0.0
2026-08-01,wk inc covid hosp,1,2026-08-08,10,quantile,0.025,0.0
2026-08-01,wk inc covid hosp,1,2026-08-08,10,quantile,0.05,0.0
2026-08-01,wk inc covid hosp,1,2026-08-08,10,quantile,0.1,0.0
2026-08-01,wk inc covid hosp,1,2026-08-08,10,quantile,0.15,1.0
2026-08-01,wk inc covid hosp,1,2026-08-08,10,quantile,0.2,1.0
2026-08-01,wk inc covid hosp,1,2026-08-08,10,quantile,0.25,1.0
2026-08-01,wk inc covid hosp,1,2026-08-08,10,quantile,0.3,1.0
2026-08-01,wk inc covid hosp,1,2026-08-08,10,quantile,0.35,1.0
2026-08-01,wk inc covid hosp,1,2026-08-08,10,quantile,0.4,1.0
2026-08-01,wk inc covid hosp,1,2026-08-08,10,quantile,0.45,1.0
2026-08-01,wk inc covid hosp,1,2026-08-08,10,quantile,0.5,2.0
2026-08-01,wk inc covid hosp,1,2026-08-08,10,quantile,0.55,2.0
2026-08-01,wk inc covid hosp,1,2026-08-08,10,quantile,0.6,2.0
2026-08-01,wk inc covid hosp,1,2026-08-08,10,quantile,0.65,2.0
2026-08-01,wk inc covid hosp,1,2026-08-08,10,quantile,0.7,2.0
2026-08-01,wk inc covid hosp,1,2026-08-08,10,quantile,0.75,3.0
2026-08-01,wk inc covid hosp,1,2026-08-08,10,quantile,0.8,3.0
2026-08-01,wk inc covid hosp,1,2026-08-08,10,quantile,0.85,3.0
2026-08-01,wk inc covid hosp,1,2026-08-08,10,quantile,0.9,4.0
2026-08-01,wk inc covid hosp,1,2026-08-08,10,quantile,0.95,7.0
2026-08-01,wk inc covid hosp,1,2026-08-08,10,quantile,0.975,12.0
2026-08-01,wk inc covid hosp,1,2026-08-08,10,quantile,0.99,25.0
2026-08-01,wk inc covid hosp,1,2026-08-08,11,quantile,0.01,0.0
2026-08-01,wk inc covid hosp,1,2026-08-08,11,quantile,0.025,0.0
2026-08-01,wk inc covid hosp,1,2026-08-08,11,quantile,0.05,0.0
2026-08-01,wk inc covid hosp,1,2026-08-08,11,quantile,0.1,0.0
2026-08-01,wk inc covid hosp,1,2026-08-08,11,quantile,0.15,0.0
2026-08-01,wk inc covid hosp,1,2026-08-08,11,quantile,0.2,0.0
2026-08-01,wk inc covid hosp,1,2026-08-08,11,quantile,0.25,0.0
2026-08-01,wk inc covid hosp,1,2026-08-08,11,quantile,0.3,1.0
2026-08-01,wk inc covid hosp,1,2026-08-08,11,quantile,0.35,1.0
2026-08-01,wk inc covid hosp,1,2026-08-08,11,quantile,0.4,1.0
2026-08-01,wk inc covid hosp,1,2026-08-08,11,quantile,0.45,1.0
2026-08-01,wk inc covid hosp,1,2026-08-08,11,quantile,0.5,1.0
2026-08-01,wk inc covid hosp,1,2026-08-08,11,quantile,0.55,1.0
2026-08-01,wk inc covid hosp,1,2026-08-08,11,quantile,0.6,1.0
2026-08-01,wk inc covid hosp,1,2026-08-08,11,quantile,0.65,2.0
2026-08-01,wk inc covid hosp,1,2026-08-08,11,quantile,0.7,2.0
2026-08-01,wk inc covid hosp,1,2026-08-08,11,quantile,0.75,2.0
2026-08-01,wk inc covid hosp,1,2026-08-08,11,quantile,0.8,3.0
2026-08-01,wk inc covid hosp,1,2026-08-08,11,quantile,0.85,3.0
2026-08-01,wk inc covid hosp,1,2026-08-08,11,quantile,0.9,3.0
2026-08-01,wk inc covid hosp,1,2026-08-08,11,quantile,0.95,5.0
2026-08-01,wk inc covid hosp,1,2026-08-08,11,quantile,0.975,8.0
2026-08-01,wk inc covid hosp,1,2026-08-08,11,quantile,0.99,16.0
2026-08-01,wk inc covid hosp,1,2026-08-08,12,quantile,0.01,108.0
2026-08-01,wk inc covid hosp,1,2026-08-08,12,quantile,0.025,129.0
2026-08-01,wk inc covid hosp,1,2026-08-08,12,quantile,0.05,159.0
2026-08-01,wk inc covid hosp,1,2026-08-08,12,quantile,0.1,181.0
2026-08-01,wk inc covid hosp,1,2026-08-08,12,quantile,0.15,188.0
2026-08-01,wk inc covid hosp,1,2026-08-08,12,quantile,0.2,203.0
2026-08-01,wk inc covid hosp,1,2026-08-08,12,quantile,0.25,237.0
2026-08-01,wk inc covid hosp,1,2026-08-08,12,quantile,0.3,237.0
2026-08-01,wk inc covid hosp,1,2026-08-08,12,quantile,0.35,237.0
2026-08-01,wk inc covid hosp,1,2026-08-08,12,quantile,0.4,237.0
2026-08-01,wk inc covid hosp,1,2026-08-08,12,quantile,0.45,237.0
2026-08-01,wk inc covid hosp,1,2026-08-08,12,quantile,0.5,237.0
2026-08-01,wk inc covid hosp,1,2026-08-08,12,quantile,0.55,237.0
2026-08-01,wk inc covid hosp,1,2026-08-08,12,quantile,0.6,237.0
2026-08-01,wk inc covid hosp,1,2026-08-08,12,quantile,0.65,241.0
2026-08-01,wk inc covid hosp,1,2026-08-08,12,quantile,0.7,250.0
2026-08-01,wk inc covid hosp,1,2026-08-08,12,quantile,0.75,271.0
2026-08-01,wk inc covid hosp,1,2026-08-08,12,quantile,0.8,273.0
2026-08-01,wk inc covid hosp,1,2026-08-08,12,quantile,0.85,274.0
2026-08-01,wk inc covid hosp,1,2026-08-08,12,quantile,0.9,275.0
2026-08-01,wk inc covid hosp,1,2026-08-08,12,quantile,0.95,301.0
2026-08-01,wk inc covid hosp,1,2026-08-08,12,quantile,0.975,323.0
2026-08-01,wk inc covid hosp,1,2026-08-08,12,quantile,0.99,428.0
2026-08-01,wk inc covid hosp,1,2026-08-08,13,quantile,0.01,21.0
2026-08-01,wk inc covid hosp,1,2026-08-08,13,quantile,0.025,27.0
2026-08-01,wk inc covid hosp,1,2026-08-08,13,quantile,0.05,35.0
2026-08-01,wk inc covid hosp,1,2026-08-08,13,quantile,0.1,35.0
2026-08-01,wk inc covid hosp,1,2026-08-08,13,quantile,0.15,35.0
2026-08-01,wk inc covid hosp,1,2026-08-08,13,quantile,0.2,35.0
2026-08-01,wk inc covid hosp,1,2026-08-08,13,quantile,0.25,35.0
2026-08-01,wk inc covid hosp,1,2026-08-08,13,quantile,0.3,38.0
2026-08-01,wk inc covid hosp,1,2026-08-08,13,quantile,0.35,40.0
2026-08-01,wk inc covid hosp,1,2026-08-08,13,quantile,0.4,40.0
2026-08-01,wk inc covid hosp,1,2026-08-08,13,quantile,0.45,40.0
2026-08-01,wk inc covid hosp,1,2026-08-08,13,quantile,0.5,40.0
2026-08-01,wk inc covid hosp,1,2026-08-08,13,quantile,0.55,41.0
2026-08-01,wk inc covid hosp,1,2026-08-08,13,quantile,0.6,44.0
2026-08-01,wk inc covid hosp,1,2026-08-08,13,quantile,0.65,44.0
2026-08-01,wk inc covid hosp,1,2026-08-08,13,quantile,0.7,46.0
2026-08-01,wk inc covid hosp,1,2026-08-08,13,quantile,0.75,52.0
2026-08-01,wk inc covid hosp,1,2026-08-08,13,quantile,0.8,53.0
2026-08-01,wk inc covid hosp,1,2026-08-08,13,quantile,0.85,59.0
2026-08-01,wk inc covid hosp,1,2026-08-08,13,quantile,0.9,62.0
2026-08-01,wk inc covid hosp,1,2026-08-08,13,quantile,0.95,82.0
2026-08-01,wk inc covid hosp,1,2026-08-08,13,quantile,0.975,130.0
2026-08-01,wk inc covid hosp,1,2026-08-08,13,quantile,0.99,261.0
2026-08-01,wk inc covid hosp,1,2026-08-08,15,quantile,0.01,4.0
2026-08-01,wk inc covid hosp,1,2026-08-08,15,quantile,0.025,4.0
2026-08-01,wk inc covid hosp,1,2026-08-08,15,quantile,0.05,5.0
2026-08-01,wk inc covid hosp,1,2026-08-08,15,quantile,0.1,5.0
2026-08-01,wk inc covid hosp,1,2026-08-08,15,quantile,0.15,5.0
2026-08-01,wk inc covid hosp,1,2026-08-08,15,quantile,0.2,6.0
2026-08-01,wk inc covid hosp,1,2026-08-08,15,quantile,0.25,8.0
2026-08-01,wk inc covid hosp,1,2026-08-08,15,quantile,0.3,8.0
2026-08-01,wk inc covid hosp,1,2026-08-08,15,quantile,0.35,8.0
2026-08-01,wk inc covid hosp,1,2026-08-08,15,quantile,0.4,9.0
2026-08-01,wk inc covid hosp,1,2026-08-08,15,quantile,0.45,10.0
2026-08-01,wk inc covid hosp,1,2026-08-08,15,quantile,0.5,10.0
2026-08-01,wk inc covid hosp,1,2026-08-08,15,quantile,0.55,10.0
2026-08-01,wk inc covid hosp,1,2026-08-08,15,quantile,0.6,11.0
2026-08-01,wk inc covid hosp,1,2026-08-08,15,quantile,0.65,12.0
2026-08-01,wk inc covid hosp,1,2026-08-08,15,quantile,0.7,13.0
2026-08-01,wk inc covid hosp,1,2026-08-08,15,quantile,0.75,13.0
2026-08-01,wk inc covid hosp,1,2026-08-08,15,quantile,0.8,13.0
2026-08-01,wk inc covid hosp,1,2026-08-08,15,quantile,0.85,15.0
2026-08-01,wk inc covid hosp,1,2026-08-08,15,quantile,0.9,17.0
2026-08-01,wk inc covid hosp,1,2026-08-08,15,quantile,0.95,20.0
2026-08-01,wk inc covid hosp,1,2026-08-08,15,quantile,0.975,20.0
2026-08-01,wk inc covid hosp,1,2026-08-08,15,quantile,0.99,32.0
2026-08-01,wk inc covid hosp,1,2026-08-08,16,quantile,0.01,0.0
2026-08-01,wk inc covid hosp,1,2026-08-08,16,quantile,0.025,0.0
2026-08-01,wk inc covid hosp,1,2026-08-08,16,quantile,0.05,0.0
2026-08-01,wk inc covid hosp,1,2026-08-08,16,quantile,0.1,0.0
2026-08-01,wk inc covid hosp,1,2026-08-08,16,quantile,0.15,0.0
2026-08-01,wk inc covid hosp,1,2026-08-08,16,quantile,0.2,1.0
2026-08-01,wk inc covid hosp,1,2026-08-08,16,quantile,0.25,1.0
2026-08-01,wk inc covid hosp,1,2026-08-08,16,quantile,0.3,1.0
2026-08-01,wk inc covid hosp,1,2026-08-08,16,quantile,0.35,2.0
2026-08-01,wk inc covid hosp,1,2026-08-08,16,quantile,0.4,2.0
2026-08-01,wk inc covid hosp,1,2026-08-08,16,quantile,0.45,2.0
2026-08-01,wk inc covid hosp,1,2026-08-08,16,quantile,0.5,3.0
2026-08-01,wk inc covid hosp,1,2026-08-08,16,quantile,0.55,3.0
2026-08-01,wk inc covid hosp,1,2026-08-08,16,quantile,0.6,3.0
2026-08-01,wk inc covid hosp,1,2026-08-08,16,quantile,0.65,3.0
2026-08-01,wk inc covid hosp,1,2026-08-08,16,quantile,0.7,3.0
2026-08-01,wk inc covid hosp,1,2026-08-08,16,quantile,0.75,4.0
2026-08-01,wk inc covid hosp,1,2026-08-08,16,quantile,0.8,5.0
2026-08-01,wk inc covid hosp,1,2026-08-08,16,quantile,0.85,5.0
2026-08-01,wk inc covid hosp,1,2026-08-08,16,quantile,0.9,8.0
2026-08-01,wk inc covid hosp,1,2026-08-08,16,quantile,0.95,12.0
2026-08-01,wk inc covid hosp,1,2026-08-08,16,quantile,0.975,21.0
2026-08-01,wk inc covid hosp,1,2026-08-08,16,quantile,0.99,45.0
2026-08-01,wk inc covid hosp,1,2026-08-08,17,quantile,0.01,7.0
2026-08-01,wk inc covid hosp,1,2026-08-08,17,quantile,0.025,14.0
2026-08-01,wk inc covid hosp,1,2026-08-08,17,quantile,0.05,15.0
2026-08-01,wk inc covid hosp,1,2026-08-08,17,quantile,0.1,16.0
2026-08-01,wk inc covid hosp,1,2026-08-08,17,quantile,0.15,16.0
2026-08-01,wk inc covid hosp,1,2026-08-08,17,quantile,0.2,16.0
2026-08-01,wk inc covid hosp,1,2026-08-08,17,quantile,0.25,16.0
2026-08-01,wk inc covid hosp,1,2026-08-08,17,quantile,0.3,19.0
2026-08-01,wk inc covid hosp,1,2026-08-08,17,quantile,0.35,19.0
2026-08-01,wk inc covid hosp,1,2026-08-08,17,quantile,0.4,19.0
2026-08-01,wk inc covid hosp,1,2026-08-08,17,quantile,0.45,21.0
2026-08-01,wk inc covid hosp,1,2026-08-08,17,quantile,0.5,21.0
2026-08-01,wk inc covid hosp,1,2026-08-08,17,quantile,0.55,22.0
2026-08-01,wk inc covid hosp,1,2026-08-08,17,quantile,0.6,22.0
2026-08-01,wk inc covid hosp,1,2026-08-08,17,quantile,0.65,26.0
2026-08-01,wk inc covid hosp,1,2026-08-08,17,quantile,0.7,29.0
2026-08-01,wk inc covid hosp,1,2026-08-08,17,quantile,0.75,31.0
2026-08-01,wk inc covid hosp,1,2026-08-08,17,quantile,0.8,32.0
2026-08-01,wk inc covid hosp,1,2026-08-08,17,quantile,0.85,37.0
2026-08-01,wk inc covid hosp,1,2026-08-08,17,quantile,0.9,41.0
2026-08-01,wk inc covid hosp,1,2026-08-08,17,quantile,0.95,77.0
2026-08-01,wk inc covid hosp,1,2026-08-08,17,quantile,0.975,152.0
2026-08-01,wk inc covid hosp,1,2026-08-08,17,quantile,0.99,314.0
2026-08-01,wk inc covid hosp,1,2026-08-08,18,quantile,0.01,3.0
2026-08-01,wk inc covid hosp,1,2026-08-08,18,quantile,0.025,7.0
2026-08-01,wk inc covid hosp,1,2026-08-08,18,quantile,0.05,8.0
2026-08-01,wk inc covid hosp,1,2026-08-08,18,quantile,0.1,9.0
2026-08-01,wk inc covid hosp,1,2026-08-08,18,quantile,0.15,9.0
2026-08-01,wk inc covid hosp,1,2026-08-08,18,quantile,0.2,9.0
2026-08-01,wk inc covid hosp,1,2026-08-08,18,quantile,0.25,10.0
2026-08-01,wk inc covid hosp,1,2026-08-08,18,quantile,0.3,11.0
2026-08-01,wk inc covid hosp,1,2026-08-08,18,quantile,0.35,11.0
2026-08-01,wk inc covid hosp,1,2026-08-08,18,quantile,0.4,11.0
2026-08-01,wk inc covid hosp,1,2026-08-08,18,quantile,0.45,12.0
2026-08-01,wk inc covid hosp,1,2026-08-08,18,quantile,0.5,12.0
2026-08-01,wk inc covid hosp,1,2026-08-08,18,quantile,0.55,12.0
2026-08-01,wk inc covid hosp,1,2026-08-08,18,quantile,0.6,14.0
2026-08-01,wk inc covid hosp,1,2026-08-08,18,quantile,0.65,15.0
2026-08-01,wk inc covid hosp,1,2026-08-08,18,quantile,0.7,16.0
2026-08-01,wk inc covid hosp,1,2026-08-08,18,quantile,0.75,17.0
2026-08-01,wk inc covid hosp,1,2026-08-08,18,quantile,0.8,18.0
2026-08-01,wk inc covid hosp,1,2026-08-08,18,quantile,0.85,19.0
2026-08-01,wk inc covid hosp,1,2026-08-08,18,quantile,0.9,22.0
2026-08-01,wk inc covid hosp,1,2026-08-08,18,quantile,0.95,41.0
2026-08-01,wk inc covid hosp,1,2026-08-08,18,quantile,0.975,81.0
2026-08-01,wk inc covid hosp,1,2026-08-08,18,quantile,0.99,169.0
2026-08-01,wk inc covid hosp,1,2026-08-08,19,quantile,0.01,1.0
2026-08-01,wk inc covid hosp,1,2026-08-08,19,quantile,0.025,2.0
2026-08-01,wk inc covid hosp,1,2026-08-08,19,quantile,0.05,2.0
2026-08-01,wk inc covid hosp,1,2026-08-08,19,quantile,0.1,2.0
2026-08-01,wk inc covid hosp,1,2026-08-08,19,quantile,0.15,2.0
2026-08-01,wk inc covid hosp,1,2026-08-08,19,quantile,0.2,3.0
2026-08-01,wk inc covid hosp,1,2026-08-08,19,quantile,0.25,3.0
2026-08-01,wk inc covid hosp,1,2026-08-08,19,quantile,0.3,3.0
2026-08-01,wk inc covid hosp,1,2026-08-08,19,quantile,0.35,3.0
2026-08-01,wk inc covid hosp,1,2026-08-08,19,quantile,0.4,4.0
2026-08-01,wk inc covid hosp,1,2026-08-08,19,quantile,0.45,4.0
2026-08-01,wk inc covid hosp,1,2026-08-08,19,quantile,0.5,4.0
2026-08-01,wk inc covid hosp,1,2026-08-08,19,quantile,0.55,5.0
2026-08-01,wk inc covid hosp,1,2026-08-08,19,quantile,0.6,5.0
2026-08-01,wk inc covid hosp,1,2026-08-08,19,quantile,0.65,6.0
2026-08-01,wk inc covid hosp,1,2026-08-08,19,quantile,0.7,6.0
2026-08-01,wk inc covid hosp,1,2026-08-08,19,quantile,0.75,7.0
2026-08-01,wk inc covid hosp,1,2026-08-08,19,quantile,0.8,8.0
2026-08-01,wk inc covid hosp,1,2026-08-08,19,quantile,0.85,9.0
2026-08-01,wk inc covid hosp,1,2026-08-08,19,quantile,0.9,10.0
2026-08-01,wk inc covid hosp,1,2026-08-08,19,quantile,0.95,20.0
2026-08-01,wk inc covid hosp,1,2026-08-08,19,quantile,0.975,37.0
2026-08-01,wk inc covid hosp,1,2026-08-08,19,quantile,0.99,76.0
2026-08-01,wk inc covid hosp,1,2026-08-08,20,quantile,0.01,2.0
2026-08-01,wk inc covid hosp,1,2026-08-08,20,quantile,0.025,3.0
2026-08-01,wk inc covid hosp,1,2026-08-08,20,quantile,0.05,3.0
2026-08-01,wk inc covid hosp,1,2026-08-08,20,quantile,0.1,3.0
2026-08-01,wk inc covid hosp,1,2026-08-08,20,quantile,0.15,4.0
2026-08-01,wk inc covid hosp,1,2026-08-08,20,quantile,0.2,4.0
2026-08-01,wk inc covid hosp,1,2026-08-08,20,quantile,0.25,5.0
2026-08-01,wk inc covid hosp,1,2026-08-08,20,quantile,0.3,5.0
2026-08-01,wk inc covid hosp,1,2026-08-08,20,quantile,0.35,6.0
2026-08-01,wk inc covid hosp,1,2026-08-08,20,quantile,0.4,7.0
2026-08-01,wk inc covid hosp,1,2026-08-08,20,quantile,0.45,7.0
2026-08-01,wk inc covid hosp,1,2026-08-08,20,quantile,0.5,7.0
2026-08-01,wk inc covid hosp,1,2026-08-08,20,quantile,0.55,7.0
2026-08-01,wk inc covid hosp,1,2026-08-08,20,quantile,0.6,8.0
2026-08-01,wk inc covid hosp,1,2026-08-08,20,quantile,0.65,9.0
2026-08-01,wk inc covid hosp,1,2026-08-08,20,quantile,0.7,9.0
2026-08-01,wk inc covid hosp,1,2026-08-08,20,quantile,0.75,10.0
2026-08-01,wk inc covid hosp,1,2026-08-08,20,quantile,0.8,11.0
2026-08-01,wk inc covid hosp,1,2026-08-08,20,quantile,0.85,11.0
2026-08-01,wk inc covid hosp,1,2026-08-08,20,quantile,0.9,11.0
2026-08-01,wk inc covid hosp,1,2026-08-08,20,quantile,0.95,18.0
2026-08-01,wk inc covid hosp,1,2026-08-08,20,quantile,0.975,35.0
2026-08-01,wk inc covid hosp,1,2026-08-08,20,quantile,0.99,72.0
2026-08-01,wk inc covid hosp,1,2026-08-08,21,quantile,0.01,4.0
2026-08-01,wk inc covid hosp,1,2026-08-08,21,quantile,0.025,6.0
2026-08-01,wk inc covid hosp,1,2026-08-08,21,quantile,0.05,8.0
2026-08-01,wk inc covid hosp,1,2026-08-08,21,quantile,0.1,8.0
2026-08-01,wk inc covid hosp,1,2026-08-08,21,quantile,0.15,8.0
2026-08-01,wk inc covid hosp,1,2026-08-08,21,quantile,0.2,9.0
2026-08-01,wk inc covid hosp,1,2026-08-08,21,quantile,0.25,9.0
2026-08-01,wk inc covid hosp,1,2026-08-08,21,quantile,0.3,10.0
2026-08-01,wk inc covid hosp,1,2026-08-08,21,quantile,0.35,11.0
2026-08-01,wk inc covid hosp,1,2026-08-08,21,quantile,0.4,11.0
2026-08-01,wk inc covid hosp,1,2026-08-08,21,quantile,0.45,11.0
2026-08-01,wk inc covid hosp,1,2026-08-08,21,quantile,0.5,11.0
2026-08-01,wk inc covid hosp,1,2026-08-08,21,quantile,0.55,11.0
2026-08-01,wk inc covid hosp,1,2026-08-08,21,quantile,0.6,11.0
2026-08-01,wk inc covid hosp,1,2026-08-08,21,quantile,0.65,13.0
2026-08-01,wk inc covid hosp,1,2026-08-08,21,quantile,0.7,14.0
2026-08-01,wk inc covid hosp,1,2026-08-08,21,quantile,0.75,15.0
2026-08-01,wk inc covid hosp,1,2026-08-08,21,quantile,0.8,17.0
2026-08-01,wk inc covid hosp,1,2026-08-08,21,quantile,0.85,18.0
2026-08-01,wk inc covid hosp,1,2026-08-08,21,quantile,0.9,19.0
2026-08-01,wk inc covid hosp,1,2026-08-08,21,quantile,0.95,31.0
2026-08-01,wk inc covid hosp,1,2026-08-08,21,quantile,0.975,49.0
2026-08-01,wk inc covid hosp,1,2026-08-08,21,quantile,0.99,101.0
2026-08-01,wk inc covid hosp,1,2026-08-08,22,quantile,0.01,24.0
2026-08-01,wk inc covid hosp,1,2026-08-08,22,quantile,0.025,24.0
2026-08-01,wk inc covid hosp,1,2026-08-08,22,quantile,0.05,35.0
2026-08-01,wk inc covid hosp,1,2026-08-08,22,quantile,0.1,35.0
2026-08-01,wk inc covid hosp,1,2026-08-08,22,quantile,0.15,40.0
2026-08-01,wk inc covid hosp,1,2026-08-08,22,quantile,0.2,44.0
2026-08-01,wk inc covid hosp,1,2026-08-08,22,quantile,0.25,49.0
2026-08-01,wk inc covid hosp,1,2026-08-08,22,quantile,0.3,51.0
2026-08-01,wk inc covid hosp,1,2026-08-08,22,quantile,0.35,52.0
2026-08-01,wk inc covid hosp,1,2026-08-08,22,quantile,0.4,52.0
2026-08-01,wk inc covid hosp,1,2026-08-08,22,quantile,0.45,54.0
2026-08-01,wk inc covid hosp,1,2026-08-08,22,quantile,0.5,54.0
2026-08-01,wk inc covid hosp,1,2026-08-08,22,quantile,0.55,55.0
2026-08-01,wk inc covid hosp,1,2026-08-08,22,quantile,0.6,59.0
2026-08-01,wk inc covid hosp,1,2026-08-08,22,quantile,0.65,62.0
2026-08-01,wk inc covid hosp,1,2026-08-08,22,quantile,0.7,63.0
2026-08-01,wk inc covid hosp,1,2026-08-08,22,quantile,0.75,66.0
2026-08-01,wk inc covid hosp,1,2026-08-08,22,quantile,0.8,69.0
2026-08-01,wk inc covid hosp,1,2026-08-08,22,quantile,0.85,69.0
2026-08-01,wk inc covid hosp,1,2026-08-08,22,quantile,0.9,75.0
2026-08-01,wk inc covid hosp,1,2026-08-08,22,quantile,0.95,76.0
2026-08-01,wk inc covid hosp,1,2026-08-08,22,quantile,0.975,81.0
2026-08-01,wk inc covid hosp,1,2026-08-08,22,quantile,0.99,115.0
2026-08-01,wk inc covid hosp,1,2026-08-08,23,quantile,0.01,0.0
2026-08-01,wk inc covid hosp,1,2026-08-08,23,quantile,0.025,0.0
2026-08-01,wk inc covid hosp,1,2026-08-08,23,quantile,0.05,0.0
2026-08-01,wk inc covid hosp,1,2026-08-08,23,quantile,0.1,0.0
2026-08-01,wk inc covid hosp,1,2026-08-08,23,quantile,0.15,0.0
2026-08-01,wk inc covid hosp,1,2026-08-08,23,quantile,0.2,0.0
2026-08-01,wk inc covid hosp,1,2026-08-08,23,quantile,0.25,0.0
2026-08-01,wk inc covid hosp,1,2026-08-08,23,quantile,0.3,0.0
2026-08-01,wk inc covid hosp,1,2026-08-08,23,quantile,0.35,0.0
2026-08-01,wk inc covid hosp,1,2026-08-08,23,quantile,0.4,0.0
2026-08-01,wk inc covid hosp,1,2026-08-08,23,quantile,0.45,1.0
2026-08-01,wk inc covid hosp,1,2026-08-08,23,quantile,0.5,1.0
2026-08-01,wk inc covid hosp,1,2026-08-08,23,quantile,0.55,1.0
2026-08-01,wk inc covid hosp,1,2026-08-08,23,quantile,0.6,2.0
2026-08-01,wk inc covid hosp,1,2026-08-08,23,quantile,0.65,2.0
2026-08-01,wk inc covid hosp,1,2026-08-08,23,quantile,0.7,2.0
2026-08-01,wk inc covid hosp,1,2026-08-08,23,quantile,0.75,2.0
2026-08-01,wk inc covid hosp,1,2026-08-08,23,quantile,0.8,3.0
2026-08-01,wk inc covid hosp,1,2026-08-08,23,quantile,0.85,3.0
2026-08-01,wk inc covid hosp,1,2026-08-08,23,quantile,0.9,4.0
2026-08-01,wk inc covid hosp,1,2026-08-08,23,quantile,0.95,9.0
2026-08-01,wk inc covid hosp,1,2026-08-08,23,quantile,0.975,15.0
2026-08-01,wk inc covid hosp,1,2026-08-08,23,quantile,0.99,31.0
2026-08-01,wk inc covid hosp,1,2026-08-08,24,quantile,0.01,1.0
2026-08-01,wk inc covid hosp,1,2026-08-08,24,quantile,0.025,2.0
2026-08-01,wk inc covid hosp,1,2026-08-08,24,quantile,0.05,4.0
2026-08-01,wk inc covid hosp,1,2026-08-08,24,quantile,0.1,4.0
2026-08-01,wk inc covid hosp,1,2026-08-08,24,quantile,0.15,4.0
2026-08-01,wk inc covid hosp,1,2026-08-08,24,quantile,0.2,4.0
2026-08-01,wk inc covid hosp,1,2026-08-08,24,quantile,0.25,4.0
2026-08-01,wk inc covid hosp,1,2026-08-08,24,quantile,0.3,5.0
2026-08-01,wk inc covid hosp,1,2026-08-08,24,quantile,0.35,6.0
2026-08-01,wk inc covid hosp,1,2026-08-08,24,quantile,0.4,7.0
2026-08-01,wk inc covid hosp,1,2026-08-08,24,quantile,0.45,7.0
2026-08-01,wk inc covid hosp,1,2026-08-08,24,quantile,0.5,8.0
2026-08-01,wk inc covid hosp,1,2026-08-08,24,quantile,0.55,8.0
2026-08-01,wk inc covid hosp,1,2026-08-08,24,quantile,0.6,8.0
2026-08-01,wk inc covid hosp,1,2026-08-08,24,quantile,0.65,8.0
2026-08-01,wk inc covid hosp,1,2026-08-08,24,quantile,0.7,8.0
2026-08-01,wk inc covid hosp,1,2026-08-08,24,quantile,0.75,9.0
2026-08-01,wk inc covid hosp,1,2026-08-08,24,quantile,0.8,10.0
2026-08-01,wk inc covid hosp,1,2026-08-08,24,quantile,0.85,12.0
2026-08-01,wk inc covid hosp,1,2026-08-08,24,quantile,0.9,19.0
2026-08-01,wk inc covid hosp,1,2026-08-08,24,quantile,0.95,38.0
2026-08-01,wk inc covid hosp,1,2026-08-08,24,quantile,0.975,73.0
2026-08-01,wk inc covid hosp,1,2026-08-08,24,quantile,0.99,149.0
2026-08-01,wk inc covid hosp,1,2026-08-08,25,quantile,0.01,2.0
2026-08-01,wk inc covid hosp,1,2026-08-08,25,quantile,0.025,3.0
2026-08-01,wk inc covid hosp,1,2026-08-08,25,quantile,0.05,5.0
2026-08-01,wk inc covid hosp,1,2026-08-08,25,quantile,0.1,6.0
2026-08-01,wk inc covid hosp,1,2026-08-08,25,quantile,0.15,6.0
2026-08-01,wk inc covid hosp,1,2026-08-08,25,quantile,0.2,6.0
2026-08-01,wk inc covid hosp,1,2026-08-08,25,quantile,0.25,7.0
2026-08-01,wk inc covid hosp,1,2026-08-08,25,quantile,0.3,8.0
2026-08-01,wk inc covid hosp,1,2026-08-08,25,quantile,0.35,8.0
2026-08-01,wk inc covid hosp,1,2026-08-08,25,quantile,0.4,8.0
2026-08-01,wk inc covid hosp,1,2026-08-08,25,quantile,0.45,9.0
2026-08-01,wk inc covid hosp,1,2026-08-08,25,quantile,0.5,9.0
2026-08-01,wk inc covid hosp,1,2026-08-08,25,quantile,0.55,10.0
2026-08-01,wk inc covid hosp,1,2026-08-08,25,quantile,0.6,10.0
2026-08-01,wk inc covid hosp,1,2026-08-08,25,quantile,0.65,11.0
2026-08-01,wk inc covid hosp,1,2026-08-08,25,quantile,0.7,12.0
2026-08-01,wk inc covid hosp,1,2026-08-08,25,quantile,0.75,14.0
2026-08-01,wk inc covid hosp,1,2026-08-08,25,quantile,0.8,15.0
2026-08-01,wk inc covid hosp,1,2026-08-08,25,quantile,0.85,17.0
2026-08-01,wk inc covid hosp,1,2026-08-08,25,quantile,0.9,22.0
2026-08-01,wk inc covid hosp,1,2026-08-08,25,quantile,0.95,47.0
2026-08-01,wk inc covid hosp,1,2026-08-08,25,quantile,0.975,88.0
2026-08-01,wk inc covid hosp,1,2026-08-08,25,quantile,0.99,175.0
2026-08-01,wk inc covid hosp,1,2026-08-08,26,quantile,0.01,4.0
2026-08-01,wk inc covid hosp,1,2026-08-08,26,quantile,0.025,8.0
2026-08-01,wk inc covid hosp,1,2026-08-08,26,quantile,0.05,10.0
2026-08-01,wk inc covid hosp,1,2026-08-08,26,quantile,0.1,11.0
2026-08-01,wk inc covid hosp,1,2026-08-08,26,quantile,0.15,11.0
2026-08-01,wk inc covid hosp,1,2026-08-08,26,quantile,0.2,11.0
2026-08-01,wk inc covid hosp,1,2026-08-08,26,quantile,0.25,12.0
2026-08-01,wk inc covid hosp,1,2026-08-08,26,quantile,0.3,15.0
2026-08-01,wk inc covid hosp,1,2026-08-08,26,quantile,0.35,15.0
2026-08-01,wk inc covid hosp,1,2026-08-08,26,quantile,0.4,15.0
2026-08-01,wk inc covid hosp,1,2026-08-08,26,quantile,0.45,15.0
2026-08-01,wk inc covid hosp,1,2026-08-08,26,quantile,0.5,15.0
2026-08-01,wk inc covid hosp,1,2026-08-08,26,quantile,0.55,15.0
2026-08-01,wk inc covid hosp,1,2026-08-08,26,quantile,0.6,16.0
2026-08-01,wk inc covid hosp,1,2026-08-08,26,quantile,0.65,21.0
2026-08-01,wk inc covid hosp,1,2026-08-08,26,quantile,0.7,23.0
2026-08-01,wk inc covid hosp,1,2026-08-08,26,quantile,0.75,24.0
2026-08-01,wk inc covid hosp,1,2026-08-08,26,quantile,0.8,25.0
2026-08-01,wk inc covid hosp,1,2026-08-08,26,quantile,0.85,28.0
2026-08-01,wk inc covid hosp,1,2026-08-08,26,quantile,0.9,31.0
2026-08-01,wk inc covid hosp,1,2026-08-08,26,quantile,0.95,61.0
2026-08-01,wk inc covid hosp,1,2026-08-08,26,quantile,0.975,121.0
2026-08-01,wk inc covid hosp,1,2026-08-08,26,quantile,0.99,259.0
2026-08-01,wk inc covid hosp,1,2026-08-08,27,quantile,0.01,2.0
2026-08-01,wk inc covid hosp,1,2026-08-08,27,quantile,0.025,2.0
2026-08-01,wk inc covid hosp,1,2026-08-08,27,quantile,0.05,3.0
2026-08-01,wk inc covid hosp,1,2026-08-08,27,quantile,0.1,4.0
2026-08-01,wk inc covid hosp,1,2026-08-08,27,quantile,0.15,5.0
2026-08-01,wk inc covid hosp,1,2026-08-08,27,quantile,0.2,5.0
2026-08-01,wk inc covid hosp,1,2026-08-08,27,quantile,0.25,5.0
2026-08-01,wk inc covid hosp,1,2026-08-08,27,quantile,0.3,5.0
2026-08-01,wk inc covid hosp,1,2026-08-08,27,quantile,0.35,5.0
2026-08-01,wk inc covid hosp,1,2026-08-08,27,quantile,0.4,6.0
2026-08-01,wk inc covid hosp,1,2026-08-08,27,quantile,0.45,6.0
2026-08-01,wk inc covid hosp,1,2026-08-08,27,quantile,0.5,6.0
2026-08-01,wk inc covid hosp,1,2026-08-08,27,quantile,0.55,6.0
2026-08-01,wk inc covid hosp,1,2026-08-08,27,quantile,0.6,7.0
2026-08-01,wk inc covid hosp,1,2026-08-08,27,quantile,0.65,7.0
2026-08-01,wk inc covid hosp,1,2026-08-08,27,quantile,0.7,7.0
2026-08-01,wk inc covid hosp,1,2026-08-08,27,quantile,0.75,8.0
2026-08-01,wk inc covid hosp,1,2026-08-08,27,quantile,0.8,8.0
2026-08-01,wk inc covid hosp,1,2026-08-08,27,quantile,0.85,10.0
2026-08-01,wk inc covid hosp,1,2026-08-08,27,quantile,0.9,17.0
2026-08-01,wk inc covid hosp,1,2026-08-08,27,quantile,0.95,34.0
2026-08-01,wk inc covid hosp,1,2026-08-08,27,quantile,0.975,68.0
2026-08-01,wk inc covid hosp,1,2026-08-08,27,quantile,0.99,142.0
2026-08-01,wk inc covid hosp,1,2026-08-08,28,quantile,0.01,8.0
2026-08-01,wk inc covid hosp,1,2026-08-08,28,quantile,0.025,11.0
2026-08-01,wk inc covid hosp,1,2026-08-08,28,quantile,0.05,14.0
2026-08-01,wk inc covid hosp,1,2026-08-08,28,quantile,0.1,18.0
2026-08-01,wk inc covid hosp,1,2026-08-08,28,quantile,0.15,20.0
2026-08-01,wk inc covid hosp,1,2026-08-08,28,quantile,0.2,20.0
2026-08-01,wk inc covid hosp,1,2026-08-08,28,quantile,0.25,21.0
2026-08-01,wk inc covid hosp,1,2026-08-08,28,quantile,0.3,21.0
2026-08-01,wk inc covid hosp,1,2026-08-08,28,quantile,0.35,21.0
2026-08-01,wk inc covid hosp,1,2026-08-08,28,quantile,0.4,22.0
2026-08-01,wk inc covid hosp,1,2026-08-08,28,quantile,0.45,23.0
2026-08-01,wk inc covid hosp,1,2026-08-08,28,quantile,0.5,23.0
2026-08-01,wk inc covid hosp,1,2026-08-08,28,quantile,0.55,24.0
2026-08-01,wk inc covid hosp,1,2026-08-08,28,quantile,0.6,25.0
2026-08-01,wk inc covid hosp,1,2026-08-08,28,quantile,0.65,27.0
2026-08-01,wk inc covid hosp,1,2026-08-08,28,quantile,0.7,28.0
2026-08-01,wk inc covid hosp,1,2026-08-08,28,quantile,0.75,28.0
2026-08-01,wk inc covid hosp,1,2026-08-08,28,quantile,0.8,29.0
2026-08-01,wk inc covid hosp,1,2026-08-08,28,quantile,0.85,31.0
2026-08-01,wk inc covid hosp,1,2026-08-08,28,quantile,0.9,34.0
2026-08-01,wk inc covid hosp,1,2026-08-08,28,quantile,0.95,38.0
2026-08-01,wk inc covid hosp,1,2026-08-08,28,quantile,0.975,43.0
2026-08-01,wk inc covid hosp,1,2026-08-08,28,quantile,0.99,64.0
2026-08-01,wk inc covid hosp,1,2026-08-08,29,quantile,0.01,3.0
2026-08-01,wk inc covid hosp,1,2026-08-08,29,quantile,0.025,5.0
2026-08-01,wk inc covid hosp,1,2026-08-08,29,quantile,0.05,5.0
2026-08-01,wk inc covid hosp,1,2026-08-08,29,quantile,0.1,6.0
2026-08-01,wk inc covid hosp,1,2026-08-08,29,quantile,0.15,6.0
2026-08-01,wk inc covid hosp,1,2026-08-08,29,quantile,0.2,6.0
2026-08-01,wk inc covid hosp,1,2026-08-08,29,quantile,0.25,6.0
2026-08-01,wk inc covid hosp,1,2026-08-08,29,quantile,0.3,8.0
2026-08-01,wk inc covid hosp,1,2026-08-08,29,quantile,0.35,8.0
2026-08-01,wk inc covid hosp,1,2026-08-08,29,quantile,0.4,8.0
2026-08-01,wk inc covid hosp,1,2026-08-08,29,quantile,0.45,9.0
2026-08-01,wk inc covid hosp,1,2026-08-08,29,quantile,0.5,10.0
2026-08-01,wk inc covid hosp,1,2026-08-08,29,quantile,0.55,10.0
2026-08-01,wk inc covid hosp,1,2026-08-08,29,quantile,0.6,11.0
2026-08-01,wk inc covid hosp,1,2026-08-08,29,quantile,0.65,12.0
2026-08-01,wk inc covid hosp,1,2026-08-08,29,quantile,0.7,13.0
2026-08-01,wk inc covid hosp,1,2026-08-08,29,quantile,0.75,14.0
2026-08-01,wk inc covid hosp,1,2026-08-08,29,quantile,0.8,16.0
2026-08-01,wk inc covid hosp,1,2026-08-08,29,quantile,0.85,17.0
2026-08-01,wk inc covid hosp,1,2026-08-08,29,quantile,0.9,21.0
2026-08-01,wk inc covid hosp,1,2026-08-08,29,quantile,0.95,43.0
2026-08-01,wk inc covid hosp,1,2026-08-08,29,quantile,0.975,85.0
2026-08-01,wk inc covid hosp,1,2026-08-08,29,quantile,0.99,166.0
2026-08-01,wk inc covid hosp,1,2026-08-08,30,quantile,0.01,0.0
2026-08-01,wk inc covid hosp,1,2026-08-08,30,quantile,0.025,0.0
2026-08-01,wk inc covid hosp,1,2026-08-08,30,quantile,0.05,0.0
2026-08-01,wk inc covid hosp,1,2026-08-08,30,quantile,0.1,0.0
2026-08-01,wk inc covid hosp,1,2026-08-08,30,quantile,0.15,0.0
2026-08-01,wk inc covid hosp,1,2026-08-08,30,quantile,0.2,0.0
2026-08-01,wk inc covid hosp,1,2026-08-08,30,quantile,0.25,0.0
2026-08-01,wk inc covid hosp,1,2026-08-08,30,quantile,0.3,1.0
2026-08-01,wk inc covid hosp,1,2026-08-08,30,quantile,0.35,1.0
2026-08-01,wk inc covid hosp,1,2026-08-08,30,quantile,0.4,1.0
2026-08-01,wk inc covid hosp,1,2026-08-08,30,quantile,0.45,1.0
2026-08-01,wk inc covid hosp,1,2026-08-08,30,quantile,0.5,2.0
2026-08-01,wk inc covid hosp,1,2026-08-08,30,quantile,0.55,2.0
2026-08-01,wk inc covid hosp,1,2026-08-08,30,quantile,0.6,2.0
2026-08-01,wk inc covid hosp,1,2026-08-08,30,quantile,0.65,3.0
2026-08-01,wk inc covid hosp,1,2026-08-08,30,quantile,0.7,3.0
2026-08-01,wk inc covid hosp,1,2026-08-08,30,quantile,0.75,3.0
2026-08-01,wk inc covid hosp,1,2026-08-08,30,quantile,0.8,3.0
2026-08-01,wk inc covid hosp,1,2026-08-08,30,quantile,0.85,4.0
2026-08-01,wk inc covid hosp,1,2026-08-08,30,quantile,0.9,5.0
2026-08-01,wk inc covid hosp,1,2026-08-08,30,quantile,0.95,10.0
2026-08-01,wk inc covid hosp,1,2026-08-08,30,quantile,0.975,13.0
2026-08-01,wk inc covid hosp,1,2026-08-08,30,quantile,0.99,25.0
2026-08-01,wk inc covid hosp,1,2026-08-08,31,quantile,0.01,0.0
2026-08-01,wk inc covid hosp,1,2026-08-08,31,quantile,0.025,0.0
2026-08-01,wk inc covid hosp,1,2026-08-08,31,quantile,0.05,0.0
2026-08-01,wk inc covid hosp,1,2026-08-08,31,quantile,0.1,1.0
2026-08-01,wk inc covid hosp,1,2026-08-08,31,quantile,0.15,1.0
2026-08-01,wk inc covid hosp,1,2026-08-08,31,quantile,0.2,1.0
2026-08-01,wk inc covid hosp,1,2026-08-08,31,quantile,0.25,1.0
2026-08-01,wk inc covid hosp,1,2026-08-08,31,quantile,0.3,1.0
2026-08-01,wk inc covid hosp,1,2026-08-08,31,quantile,0.35,2.0
2026-08-01,wk inc covid hosp,1,2026-08-08,31,quantile,0.4,2.0
2026-08-01,wk inc covid hosp,1,2026-08-08,31,quantile,0.45,2.0
2026-08-01,wk inc covid hosp,1,2026-08-08,31,quantile,0.5,3.0
2026-08-01,wk inc covid hosp,1,2026-08-08,31,quantile,0.55,3.0
2026-08-01,wk inc covid hosp,1,2026-08-08,31,quantile,0.6,3.0
2026-08-01,wk inc covid hosp,1,2026-08-08,31,quantile,0.65,4.0
2026-08-01,wk inc covid hosp,1,2026-08-08,31,quantile,0.7,4.0
2026-08-01,wk inc covid hosp,1,2026-08-08,31,quantile,0.75,4.0
2026-08-01,wk inc covid hosp,1,2026-08-08,31,quantile,0.8,5.0
2026-08-01,wk inc covid hosp,1,2026-08-08,31,quantile,0.85,5.0
2026-08-01,wk inc covid hosp,1,2026-08-08,31,quantile,0.9,7.0
2026-08-01,wk inc covid hosp,1,2026-08-08,31,quantile,0.95,12.0
2026-08-01,wk inc covid hosp,1,2026-08-08,31,quantile,0.975,23.0
2026-08-01,wk inc covid hosp,1,2026-08-08,31,quantile,0.99,49.0
2026-08-01,wk inc covid hosp,1,2026-08-08,32,quantile,0.01,3.0
2026-08-01,wk inc covid hosp,1,2026-08-08,32,quantile,0.025,6.0
2026-08-01,wk inc covid hosp,1,2026-08-08,32,quantile,0.05,6.0
2026-08-01,wk inc covid hosp,1,2026-08-08,32,quantile,0.1,8.0
2026-08-01,wk inc covid hosp,1,2026-08-08,32,quantile,0.15,11.0
2026-08-01,wk inc covid hosp,1,2026-08-08,32,quantile,0.2,11.0
2026-08-01,wk inc covid hosp,1,2026-08-08,32,quantile,0.25,11.0
2026-08-01,wk inc covid hosp,1,2026-08-08,32,quantile,0.3,12.0
2026-08-01,wk inc covid hosp,1,2026-08-08,32,quantile,0.35,12.0
2026-08-01,wk inc covid hosp,1,2026-08-08,32,quantile,0.4,13.0
2026-08-01,wk inc covid hosp,1,2026-08-08,32,quantile,0.45,14.0
2026-08-01,wk inc covid hosp,1,2026-08-08,32,quantile,0.5,14.0
2026-08-01,wk inc covid hosp,1,2026-08-08,32,quantile,0.55,14.0
2026-08-01,wk inc covid hosp,1,2026-08-08,32,quantile,0.6,16.0
2026-08-01,wk inc covid hosp,1,2026-08-08,32,quantile,0.65,17.0
2026-08-01,wk inc covid hosp,1,2026-08-08,32,quantile,0.7,18.0
2026-08-01,wk inc covid hosp,1,2026-08-08,32,quantile,0.75,19.0
2026-08-01,wk inc covid hosp,1,2026-08-08,32,quantile,0.8,19.0
2026-08-01,wk inc covid hosp,1,2026-08-08,32,quantile,0.85,21.0
2026-08-01,wk inc covid hosp,1,2026-08-08,32,quantile,0.9,21.0
2026-08-01,wk inc covid hosp,1,2026-08-08,32,quantile,0.95,28.0
2026-08-01,wk inc covid hosp,1,2026-08-08,32,quantile,0.975,38.0
2026-08-01,wk inc covid hosp,1,2026-08-08,32,quantile,0.99,74.0
2026-08-01,wk inc covid hosp,1,2026-08-08,33,quantile,0.01,0.0
2026-08-01,wk inc covid hosp,1,2026-08-08,33,quantile,0.025,0.0
2026-08-01,wk inc covid hosp,1,2026-08-08,33,quantile,0.05,1.0
2026-08-01,wk inc covid hosp,1,2026-08-08,33,quantile,0.1,1.0
2026-08-01,wk inc covid hosp,1,2026-08-08,33,quantile,0.15,1.0
2026-08-01,wk inc covid hosp,1,2026-08-08,33,quantile,0.2,1.0
2026-08-01,wk inc covid hosp,1,2026-08-08,33,quantile,0.25,1.0
2026-08-01,wk inc covid hosp,1,2026-08-08,33,quantile,0.3,2.0
2026-08-01,wk inc covid hosp,1,2026-08-08,33,quantile,0.35,2.0
2026-08-01,wk inc covid hosp,1,2026-08-08,33,quantile,0.4,2.0
2026-08-01,wk inc covid hosp,1,2026-08-08,33,quantile,0.45,3.0
2026-08-01,wk inc covid hosp,1,2026-08-08,33,quantile,0.5,3.0
2026-08-01,wk inc covid hosp,1,2026-08-08,33,quantile,0.55,3.0
2026-08-01,wk inc covid hosp,1,2026-08-08,33,quantile,0.6,3.0
2026-08-01,wk inc covid hosp,1,2026-08-08,33,quantile,0.65,4.0
2026-08-01,wk inc covid hosp,1,2026-08-08,33,quantile,0.7,4.0
2026-08-01,wk inc covid hosp,1,2026-08-08,33,quantile,0.75,4.0
2026-08-01,wk inc covid hosp,1,2026-08-08,33,quantile,0.8,5.0
2026-08-01,wk inc covid hosp,1,2026-08-08,33,quantile,0.85,5.0
2026-08-01,wk inc covid hosp,1,2026-08-08,33,quantile,0.9,5.0
2026-08-01,wk inc covid hosp,1,2026-08-08,33,quantile,0.95,10.0
2026-08-01,wk inc covid hosp,1,2026-08-08,33,quantile,0.975,15.0
2026-08-01,wk inc covid hosp,1,2026-08-08,33,quantile,0.99,32.0
2026-08-01,wk inc covid hosp,1,2026-08-08,34,quantile,0.01,18.0
2026-08-01,wk inc covid hosp,1,2026-08-08,34,quantile,0.025,22.0
2026-08-01,wk inc covid hosp,1,2026-08-08,34,quantile,0.05,25.0
2026-08-01,wk inc covid hosp,1,2026-08-08,34,quantile,0.1,31.0
2026-08-01,wk inc covid hosp,1,2026-08-08,34,quantile,0.15,31.0
2026-08-01,wk inc covid hosp,1,2026-08-08,34,quantile,0.2,31.0
2026-08-01,wk inc covid hosp,1,2026-08-08,34,quantile,0.25,32.0
2026-08-01,wk inc covid hosp,1,2026-08-08,34,quantile,0.3,38.0
2026-08-01,wk inc covid hosp,1,2026-08-08,34,quantile,0.35,38.0
2026-08-01,wk inc covid hosp,1,2026-08-08,34,quantile,0.4,38.0
2026-08-01,wk inc covid hosp,1,2026-08-08,34,quantile,0.45,38.0
2026-08-01,wk inc covid hosp,1,2026-08-08,34,quantile,0.5,38.0
2026-08-01,wk inc covid hosp,1,2026-08-08,34,quantile,0.55,38.0
2026-08-01,wk inc covid hosp,1,2026-08-08,34,quantile,0.6,39.0
2026-08-01,wk inc covid hosp,1,2026-08-08,34,quantile,0.65,41.0
2026-08-01,wk inc covid hosp,1,2026-08-08,34,quantile,0.7,41.0
2026-08-01,wk inc covid hosp,1,2026-08-08,34,quantile,0.75,45.0
2026-08-01,wk inc covid hosp,1,2026-08-08,34,quantile,0.8,48.0
2026-08-01,wk inc covid hosp,1,2026-08-08,34,quantile,0.85,52.0
2026-08-01,wk inc covid hosp,1,2026-08-08,34,quantile,0.9,58.0
2026-08-01,wk inc covid hosp,1,2026-08-08,34,quantile,0.95,80.0
2026-08-01,wk inc covid hosp,1,2026-08-08,34,quantile,0.975,108.0
2026-08-01,wk inc covid hosp,1,2026-08-08,34,quantile,0.99,223.0
2026-08-01,wk inc covid hosp,1,2026-08-08,35,quantile,0.01,1.0
2026-08-01,wk inc covid hosp,1,2026-08-08,35,quantile,0.025,1.0
2026-08-01,wk inc covid hosp,1,2026-08-08,35,quantile,0.05,1.0
2026-08-01,wk inc covid hosp,1,2026-08-08,35,quantile,0.1,1.0
2026-08-01,wk inc covid hosp,1,2026-08-08,35,quantile,0.15,2.0
2026-08-01,wk inc covid hosp,1,2026-08-08,35,quantile,0.2,3.0
2026-08-01,wk inc covid hosp,1,2026-08-08,35,quantile,0.25,3.0
2026-08-01,wk inc covid hosp,1,2026-08-08,35,quantile,0.3,4.0
2026-08-01,wk inc covid hosp,1,2026-08-08,35,quantile,0.35,4.0
2026-08-01,wk inc covid hosp,1,2026-08-08,35,quantile,0.4,4.0
2026-08-01,wk inc covid hosp,1,2026-08-08,35,quantile,0.45,4.0
2026-08-01,wk inc covid hosp,1,2026-08-08,35,quantile,0.5,4.0
2026-08-01,wk inc covid hosp,1,2026-08-08,35,quantile,0.55,5.0
2026-08-01,wk inc covid hosp,1,2026-08-08,35,quantile,0.6,5.0
2026-08-01,wk inc covid hosp,1,2026-08-08,35,quantile,0.65,6.0
2026-08-01,wk inc covid hosp,1,2026-08-08,35,quantile,0.7,6.0
2026-08-01,wk inc covid hosp,1,2026-08-08,35,quantile,0.75,6.0
2026-08-01,wk inc covid hosp,1,2026-08-08,35,quantile,0.8,6.0
2026-08-01,wk inc covid hosp,1,2026-08-08,35,quantile,0.85,7.0
2026-08-01,wk inc covid hosp,1,2026-08-08,35,quantile,0.9,8.0
2026-08-01,wk inc covid hosp,1,2026-08-08,35,quantile,0.95,15.0
2026-08-01,wk inc covid hosp,1,2026-08-08,35,quantile,0.975,28.0
2026-08-01,wk inc covid hosp,1,2026-08-08,35,quantile,0.99,55.0
2026-08-01,wk inc covid hosp,1,2026-08-08,36,quantile,0.01,46.0
2026-08-01,wk inc covid hosp,1,2026-08-08,36,quantile,0.025,57.0
2026-08-01,wk inc covid hosp,1,2026-08-08,36,quantile,0.05,63.0
2026-08-01,wk inc covid hosp,1,2026-08-08,36,quantile,0.1,64.0
2026-08-01,wk inc covid hosp,1,2026-08-08,36,quantile,0.15,64.0
2026-08-01,wk inc covid hosp,1,2026-08-08,36,quantile,0.2,67.0
2026-08-01,wk inc covid hosp,1,2026-08-08,36,quantile,0.25,70.0
2026-08-01,wk inc covid hosp,1,2026-08-08,36,quantile,0.3,79.0
2026-08-01,wk inc covid hosp,1,2026-08-08,36,quantile,0.35,79.0
2026-08-01,wk inc covid hosp,1,2026-08-08,36,quantile,0.4,79.0
2026-08-01,wk inc covid hosp,1,2026-08-08,36,quantile,0.45,79.0
2026-08-01,wk inc covid hosp,1,2026-08-08,36,quantile,0.5,79.0
2026-08-01,wk inc covid hosp,1,2026-08-08,36,quantile,0.55,79.0
2026-08-01,wk inc covid hosp,1,2026-08-08,36,quantile,0.6,83.0
2026-08-01,wk inc covid hosp,1,2026-08-08,36,quantile,0.65,86.0
2026-08-01,wk inc covid hosp,1,2026-08-08,36,quantile,0.7,88.0
2026-08-01,wk inc covid hosp,1,2026-08-08,36,quantile,0.75,91.0
2026-08-01,wk inc covid hosp,1,2026-08-08,36,quantile,0.8,95.0
2026-08-01,wk inc covid hosp,1,2026-08-08,36,quantile,0.85,110.0
2026-08-01,wk inc covid hosp,1,2026-08-08,36,quantile,0.9,117.0
2026-08-01,wk inc covid hosp,1,2026-08-08,36,quantile,0.95,157.0
2026-08-01,wk inc covid hosp,1,2026-08-08,36,quantile,0.975,234.0
2026-08-01,wk inc covid hosp,1,2026-08-08,36,quantile,0.99,484.0
2026-08-01,wk inc covid hosp,1,2026-08-08,37,quantile,0.01,17.0
2026-08-01,wk inc covid hosp,1,2026-08-08,37,quantile,0.025,26.0
2026-08-01,wk inc covid hosp,1,2026-08-08,37,quantile,0.05,26.0
2026-08-01,wk inc covid hosp,1,2026-08-08,37,quantile,0.1,39.0
2026-08-01,wk inc covid hosp,1,2026-08-08,37,quantile,0.15,39.0
2026-08-01,wk inc covid hosp,1,2026-08-08,37,quantile,0.2,39.0
2026-08-01,wk inc covid hosp,1,2026-08-08,37,quantile,0.25,39.0
2026-08-01,wk inc covid hosp,1,2026-08-08,37,quantile,0.3,43.0
2026-08-01,wk inc covid hosp,1,2026-08-08,37,quantile,0.35,44.0
2026-08-01,wk inc covid hosp,1,2026-08-08,37,quantile,0.4,44.0
2026-08-01,wk inc covid hosp,1,2026-08-08,37,quantile,0.45,46.0
2026-08-01,wk inc covid hosp,1,2026-08-08,37,quantile,0.5,46.0
2026-08-01,wk inc covid hosp,1,2026-08-08,37,quantile,0.55,46.0
2026-08-01,wk inc covid hosp,1,2026-08-08,37,quantile,0.6,47.0
2026-08-01,wk inc covid hosp,1,2026-08-08,37,quantile,0.65,51.0
2026-08-01,wk inc covid hosp,1,2026-08-08,37,quantile,0.7,51.0
2026-08-01,wk inc covid hosp,1,2026-08-08,37,quantile,0.75,56.0
2026-08-01,wk inc covid hosp,1,2026-08-08,37,quantile,0.8,57.0
2026-08-01,wk inc covid hosp,1,2026-08-08,37,quantile,0.85,60.0
2026-08-01,wk inc covid hosp,1,2026-08-08,37,quantile,0.9,67.0
2026-08-01,wk inc covid hosp,1,2026-08-08,37,quantile,0.95,84.0
2026-08-01,wk inc covid hosp,1,2026-08-08,37,quantile,0.975,127.0
2026-08-01,wk inc covid hosp,1,2026-08-08,37,quantile,0.99,257.0
2026-08-01,wk inc covid hosp,1,2026-08-08,38,quantile,0.01,0.0
2026-08-01,wk inc covid hosp,1,2026-08-08,38,quantile,0.025,0.0
2026-08-01,wk inc covid hosp,1,2026-08-08,38,quantile,0.05,0.0
2026-08-01,wk inc covid hosp,1,2026-08-08,38,quantile,0.1,0.0
2026-08-01,wk inc covid hosp,1,2026-08-08,38,quantile,0.15,0.0
2026-08-01,wk inc covid hosp,1,2026-08-08,38,quantile,0.2,0.0
2026-08-01,wk inc covid hosp,1,2026-08-08,38,quantile,0.25,0.0
2026-08-01,wk inc covid hosp,1,2026-08-08,38,quantile,0.3,0.0
2026-08-01,wk inc covid hosp,1,2026-08-08,38,quantile,0.35,1.0
2026-08-01,wk inc covid hosp,1,2026-08-08,38,quantile,0.4,1.0
2026-08-01,wk inc covid hosp,1,2026-08-08,38,quantile,0.45,1.0
2026-08-01,wk inc covid hosp,1,2026-08-08,38,quantile,0.5,2.0
2026-08-01,wk inc covid hosp,1,2026-08-08,38,quantile,0.55,2.0
2026-08-01,wk inc covid hosp,1,2026-08-08,38,quantile,0.6,2.0
2026-08-01,wk inc covid hosp,1,2026-08-08,38,quantile,0.65,2.0
2026-08-01,wk inc covid hosp,1,2026-08-08,38,quantile,0.7,2.0
2026-08-01,wk inc covid hosp,1,2026-08-08,38,quantile,0.75,2.0
2026-08-01,wk inc covid hosp,1,2026-08-08,38,quantile,0.8,3.0
2026-08-01,wk inc covid hosp,1,2026-08-08,38,quantile,0.85,4.0
2026-08-01,wk inc covid hosp,1,2026-08-08,38,quantile,0.9,4.0
2026-08-01,wk inc covid hosp,1,2026-08-08,38,quantile,0.95,6.0
2026-08-01,wk inc covid hosp,1,2026-08-08,38,quantile,0.975,9.0
2026-08-01,wk inc covid hosp,1,2026-08-08,38,quantile,0.99,19.0
2026-08-01,wk inc covid hosp,1,2026-08-08,39,quantile,0.01,3.0
2026-08-01,wk inc covid hosp,1,2026-08-08,39,quantile,0.025,7.0
2026-08-01,wk inc covid hosp,1,2026-08-08,39,quantile,0.05,13.0
2026-08-01,wk inc covid hosp,1,2026-08-08,39,quantile,0.1,14.0
2026-08-01,wk inc covid hosp,1,2026-08-08,39,quantile,0.15,15.0
2026-08-01,wk inc covid hosp,1,2026-08-08,39,quantile,0.2,15.0
2026-08-01,wk inc covid hosp,1,2026-08-08,39,quantile,0.25,15.0
2026-08-01,wk inc covid hosp,1,2026-08-08,39,quantile,0.3,18.0
2026-08-01,wk inc covid hosp,1,2026-08-08,39,quantile,0.35,18.0
2026-08-01,wk inc covid hosp,1,2026-08-08,39,quantile,0.4,18.0
2026-08-01,wk inc covid hosp,1,2026-08-08,39,quantile,0.45,19.0
2026-08-01,wk inc covid hosp,1,2026-08-08,39,quantile,0.5,20.0
2026-08-01,wk inc covid hosp,1,2026-08-08,39,quantile,0.55,21.0
2026-08-01,wk inc covid hosp,1,2026-08-08,39,quantile,0.6,22.0
2026-08-01,wk inc covid hosp,1,2026-08-08,39,quantile,0.65,26.0
2026-08-01,wk inc covid hosp,1,2026-08-08,39,quantile,0.7,27.0
2026-08-01,wk inc covid hosp,1,2026-08-08,39,quantile,0.75,28.0
2026-08-01,wk inc covid hosp,1,2026-08-08,39,quantile,0.8,31.0
2026-08-01,wk inc covid hosp,1,2026-08-08,39,quantile,0.85,35.0
2026-08-01,wk inc covid hosp,1,2026-08-08,39,quantile,0.9,39.0
2026-08-01,wk inc covid hosp,1,2026-08-08,39,quantile,0.95,75.0
2026-08-01,wk inc covid hosp,1,2026-08-08,39,quantile,0.975,141.0
2026-08-01,wk inc covid hosp,1,2026-08-08,39,quantile,0.99,295.0
2026-08-01,wk inc covid hosp,1,2026-08-08,40,quantile,0.01,2.0
2026-08-01,wk inc covid hosp,1,2026-08-08,40,quantile,0.025,5.0
2026-08-01,wk inc covid hosp,1,2026-08-08,40,quantile,0.05,5.0
2026-08-01,wk inc covid hosp,1,2026-08-08,40,quantile,0.1,5.0
2026-08-01,wk inc covid hosp,1,2026-08-08,40,quantile,0.15,5.0
2026-08-01,wk inc covid hosp,1,2026-08-08,40,quantile,0.2,5.0
2026-08-01,wk inc covid hosp,1,2026-08-08,40,quantile,0.25,6.0
2026-08-01,wk inc covid hosp,1,2026-08-08,40,quantile,0.3,7.0
2026-08-01,wk inc covid hosp,1,2026-08-08,40,quantile,0.35,7.0
2026-08-01,wk inc covid hosp,1,2026-08-08,40,quantile,0.4,7.0
2026-08-01,wk inc covid hosp,1,2026-08-08,40,quantile,0.45,8.0
2026-08-01,wk inc covid hosp,1,2026-08-08,40,quantile,0.5,8.0
2026-08-01,wk inc covid hosp,1,2026-08-08,40,quantile,0.55,8.0
2026-08-01,wk inc covid hosp,1,2026-08-08,40,quantile,0.6,8.0
2026-08-01,wk inc covid hosp,1,2026-08-08,40,quantile,0.65,10.0
2026-08-01,wk inc covid hosp,1,2026-08-08,40,quantile,0.7,10.0
2026-08-01,wk inc covid hosp,1,2026-08-08,40,quantile,0.75,11.0
2026-08-01,wk inc covid hosp,1,2026-08-08,40,quantile,0.8,12.0
2026-08-01,wk inc covid hosp,1,2026-08-08,40,quantile,0.85,12.0
2026-08-01,wk inc covid hosp,1,2026-08-08,40,quantile,0.9,13.0
2026-08-01,wk inc covid hosp,1,2026-08-08,40,quantile,0.95,24.0
2026-08-01,wk inc covid hosp,1,2026-08-08,40,quantile,0.975,46.0
2026-08-01,wk inc covid hosp,1,2026-08-08,40,quantile,0.99,96.0
2026-08-01,wk inc covid hosp,1,2026-08-08,41,quantile,0.01,0.0
2026-08-01,wk inc covid hosp,1,2026-08-08,41,quantile,0.025,0.0
2026-08-01,wk inc covid hosp,1,2026-08-08,41,quantile,0.05,1.0
2026-08-01,wk inc covid hosp,1,2026-08-08,41,quantile,0.1,3.0
2026-08-01,wk inc covid hosp,1,2026-08-08,41,quantile,0.15,4.0
2026-08-01,wk inc covid hosp,1,2026-08-08,41,quantile,0.2,4.0
2026-08-01,wk inc covid hosp,1,2026-08-08,41,quantile,0.25,5.0
2026-08-01,wk inc covid hosp,1,2026-08-08,41,quantile,0.3,6.0
2026-08-01,wk inc covid hosp,1,2026-08-08,41,quantile,0.35,6.0
2026-08-01,wk inc covid hosp,1,2026-08-08,41,quantile,0.4,6.0
2026-08-01,wk inc covid hosp,1,2026-08-08,41,quantile,0.45,6.0
2026-08-01,wk inc covid hosp,1,2026-08-08,41,quantile,0.5,7.0
2026-08-01,wk inc covid hosp,1,2026-08-08,41,quantile,0.55,7.0
2026-08-01,wk inc covid hosp,1,2026-08-08,41,quantile,0.6,8.0
2026-08-01,wk inc covid hosp,1,2026-08-08,41,quantile,0.65,9.0
2026-08-01,wk inc covid hosp,1,2026-08-08,41,quantile,0.7,10.0
2026-08-01,wk inc covid hosp,1,2026-08-08,41,quantile,0.75,10.0
2026-08-01,wk inc covid hosp,1,2026-08-08,41,quantile,0.8,11.0
2026-08-01,wk inc covid hosp,1,2026-08-08,41,quantile,0.85,12.0
2026-08-01,wk inc covid hosp,1,2026-08-08,41,quantile,0.9,15.0
2026-08-01,wk inc covid hosp,1,2026-08-08,41,quantile,0.95,27.0
2026-08-01,wk inc covid hosp,1,2026-08-08,41,quantile,0.975,51.0
2026-08-01,wk inc covid hosp,1,2026-08-08,41,quantile,0.99,107.0
2026-08-01,wk inc covid hosp,1,2026-08-08,42,quantile,0.01,13.0
2026-08-01,wk inc covid hosp,1,2026-08-08,42,quantile,0.025,22.0
2026-08-01,wk inc covid hosp,1,2026-08-08,42,quantile,0.05,29.0
2026-08-01,wk inc covid hosp,1,2026-08-08,42,quantile,0.1,34.0
2026-08-01,wk inc covid hosp,1,2026-08-08,42,quantile,0.15,34.0
2026-08-01,wk inc covid hosp,1,2026-08-08,42,quantile,0.2,36.0
2026-08-01,wk inc covid hosp,1,2026-08-08,42,quantile,0.25,36.0
2026-08-01,wk inc covid hosp,1,2026-08-08,42,quantile,0.3,41.0
2026-08-01,wk inc covid hosp,1,2026-08-08,42,quantile,0.35,43.0
2026-08-01,wk inc covid hosp,1,2026-08-08,42,quantile,0.4,43.0
2026-08-01,wk inc covid hosp,1,2026-08-08,42,quantile,0.45,45.0
2026-08-01,wk inc covid hosp,1,2026-08-08,42,quantile,0.5,46.0
2026-08-01,wk inc covid hosp,1,2026-08-08,42,quantile,0.55,47.0
2026-08-01,wk inc covid hosp,1,2026-08-08,42,quantile,0.6,53.0
2026-08-01,wk inc covid hosp,1,2026-08-08,42,quantile,0.65,56.0
2026-08-01,wk inc covid hosp,1,2026-08-08,42,quantile,0.7,56.0
2026-08-01,wk inc covid hosp,1,2026-08-08,42,quantile,0.75,57.0
2026-08-01,wk inc covid hosp,1,2026-08-08,42,quantile,0.8,57.0
2026-08-01,wk inc covid hosp,1,2026-08-08,42,quantile,0.85,57.0
2026-08-01,wk inc covid hosp,1,2026-08-08,42,quantile,0.9,60.0
2026-08-01,wk inc covid hosp,1,2026-08-08,42,quantile,0.95,99.0
2026-08-01,wk inc covid hosp,1,2026-08-08,42,quantile,0.975,152.0
2026-08-01,wk inc covid hosp,1,2026-08-08,42,quantile,0.99,319.0
2026-08-01,wk inc covid hosp,1,2026-08-08,44,quantile,0.01,0.0
2026-08-01,wk inc covid hosp,1,2026-08-08,44,quantile,0.025,0.0
2026-08-01,wk inc covid hosp,1,2026-08-08,44,quantile,0.05,0.0
2026-08-01,wk inc covid hosp,1,2026-08-08,44,quantile,0.1,0.0
2026-08-01,wk inc covid hosp,1,2026-08-08,44,quantile,0.15,1.0
2026-08-01,wk inc covid hosp,1,2026-08-08,44,quantile,0.2,1.0
2026-08-01,wk inc covid hosp,1,2026-08-08,44,quantile,0.25,2.0
2026-08-01,wk inc covid hosp,1,2026-08-08,44,quantile,0.3,3.0
2026-08-01,wk inc covid hosp,1,2026-08-08,44,quantile,0.35,3.0
2026-08-01,wk inc covid hosp,1,2026-08-08,44,quantile,0.4,3.0
2026-08-01,wk inc covid hosp,1,2026-08-08,44,quantile,0.45,3.0
2026-08-01,wk inc covid hosp,1,2026-08-08,44,quantile,0.5,3.0
2026-08-01,wk inc covid hosp,1,2026-08-08,44,quantile,0.55,4.0
2026-08-01,wk inc covid hosp,1,2026-08-08,44,quantile,0.6,4.0
2026-08-01,wk inc covid hosp,1,2026-08-08,44,quantile,0.65,5.0
2026-08-01,wk inc covid hosp,1,2026-08-08,44,quantile,0.7,5.0
2026-08-01,wk inc covid hosp,1,2026-08-08,44,quantile,0.75,5.0
2026-08-01,wk inc covid hosp,1,2026-08-08,44,quantile,0.8,5.0
2026-08-01,wk inc covid hosp,1,2026-08-08,44,quantile,0.85,6.0
2026-08-01,wk inc covid hosp,1,2026-08-08,44,quantile,0.9,6.0
2026-08-01,wk inc covid hosp,1,2026-08-08,44,quantile,0.95,9.0
2026-08-01,wk inc covid hosp,1,2026-08-08,44,quantile,0.975,12.0
2026-08-01,wk inc covid hosp,1,2026-08-08,44,quantile,0.99,25.0
2026-08-01,wk inc covid hosp,1,2026-08-08,45,quantile,0.01,6.0
2026-08-01,wk inc covid hosp,1,2026-08-08,45,quantile,0.025,8.0
2026-08-01,wk inc covid hosp,1,2026-08-08,45,quantile,0.05,11.0
2026-08-01,wk inc covid hosp,1,2026-08-08,45,quantile,0.1,12.0
2026-08-01,wk inc covid hosp,1,2026-08-08,45,quantile,0.15,12.0
2026-08-01,wk inc covid hosp,1,2026-08-08,45,quantile,0.2,12.0
2026-08-01,wk inc covid hosp,1,2026-08-08,45,quantile,0.25,12.0
2026-08-01,wk inc covid hosp,1,2026-08-08,45,quantile,0.3,13.0
2026-08-01,wk inc covid hosp,1,2026-08-08,45,quantile,0.35,14.0
2026-08-01,wk inc covid hosp,1,2026-08-08,45,quantile,0.4,14.0
2026-08-01,wk inc covid hosp,1,2026-08-08,45,quantile,0.45,14.0
2026-08-01,wk inc covid hosp,1,2026-08-08,45,quantile,0.5,15.0
2026-08-01,wk inc covid hosp,1,2026-08-08,45,quantile,0.55,16.0
2026-08-01,wk inc covid hosp,1,2026-08-08,45,quantile,0.6,17.0
2026-08-01,wk inc covid hosp,1,2026-08-08,45,quantile,0.65,19.0
2026-08-01,wk inc covid hosp,1,2026-08-08,45,quantile,0.7,19.0
2026-08-01,wk inc covid hosp,1,2026-08-08,45,quantile,0.75,20.0
2026-08-01,wk inc covid hosp,1,2026-08-08,45,quantile,0.8,23.0
2026-08-01,wk inc covid hosp,1,2026-08-08,45,quantile,0.85,24.0
2026-08-01,wk inc covid hosp,1,2026-08-08,45,quantile,0.9,27.0
2026-08-01,wk inc covid hosp,1,2026-08-08,45,quantile,0.95,37.0
2026-08-01,wk inc covid hosp,1,2026-08-08,45,quantile,0.975,59.0
2026-08-01,wk inc covid hosp,1,2026-08-08,45,quantile,0.99,120.0
2026-08-01,wk inc covid hosp,1,2026-08-08,46,quantile,0.01,0.0
2026-08-01,wk inc covid hosp,1,2026-08-08,46,quantile,0.025,0.0
2026-08-01,wk inc covid hosp,1,2026-08-08,46,quantile,0.05,0.0
2026-08-01,wk inc covid hosp,1,2026-08-08,46,quantile,0.1,0.0
2026-08-01,wk inc covid hosp,1,2026-08-08,46,quantile,0.15,0.0
2026-08-01,wk inc covid hosp,1,2026-08-08,46,quantile,0.2,0.0
2026-08-01,wk inc covid hosp,1,2026-08-08,46,quantile,0.25,0.0
2026-08-01,wk inc covid hosp,1,2026-08-08,46,quantile,0.3,0.0
2026-08-01,wk inc covid hosp,1,2026-08-08,46,quantile,0.35,0.0
2026-08-01,wk inc covid hosp,1,2026-08-08,46,quantile,0.4,0.0
2026-08-01,wk inc covid hosp,1,2026-08-08,46,quantile,0.45,1.0
2026-08-01,wk inc covid hosp,1,2026-08-08,46,quantile,0.5,1.0
2026-08-01,wk inc covid hosp,1,2026-08-08,46,quantile,0.55,2.0
2026-08-01,wk inc covid hosp,1,2026-08-08,46,quantile,0.6,2.0
2026-08-01,wk inc covid hosp,1,2026-08-08,46,quantile,0.65,2.0
2026-08-01,wk inc covid hosp,1,2026-08-08,46,quantile,0.7,2.0
2026-08-01,wk inc covid hosp,1,2026-08-08,46,quantile,0.75,3.0
2026-08-01,wk inc covid hosp,1,2026-08-08,46,quantile,0.8,3.0
2026-08-01,wk inc covid hosp,1,2026-08-08,46,quantile,0.85,3.0
2026-08-01,wk inc covid hosp,1,2026-08-08,46,quantile,0.9,4.0
2026-08-01,wk inc covid hosp,1,2026-08-08,46,quantile,0.95,8.0
2026-08-01,wk inc covid hosp,1,2026-08-08,46,quantile,0.975,10.0
2026-08-01,wk inc covid hosp,1,2026-08-08,46,quantile,0.99,18.0
2026-08-01,wk inc covid hosp,1,2026-08-08,47,quantile,0.01,11.0
2026-08-01,wk inc covid hosp,1,2026-08-08,47,quantile,0.025,14.0
2026-08-01,wk inc covid hosp,1,2026-08-08,47,quantile,0.05,18.0
2026-08-01,wk inc covid hosp,1,2026-08-08,47,quantile,0.1,18.0
2026-08-01,wk inc covid hosp,1,2026-08-08,47,quantile,0.15,20.0
2026-08-01,wk inc covid hosp,1,2026-08-08,47,quantile,0.2,22.0
2026-08-01,wk inc covid hosp,1,2026-08-08,47,quantile,0.25,23.0
2026-08-01,wk inc covid hosp,1,2026-08-08,47,quantile,0.3,25.0
2026-08-01,wk inc covid hosp,1,2026-08-08,47,quantile,0.35,28.0
2026-08-01,wk inc covid hosp,1,2026-08-08,47,quantile,0.4,28.0
2026-08-01,wk inc covid hosp,1,2026-08-08,47,quantile,0.45,28.0
2026-08-01,wk inc covid hosp,1,2026-08-08,47,quantile,0.5,28.0
2026-08-01,wk inc covid hosp,1,2026-08-08,47,quantile,0.55,28.0
2026-08-01,wk inc covid hosp,1,2026-08-08,47,quantile,0.6,29.0
2026-08-01,wk inc covid hosp,1,2026-08-08,47,quantile,0.65,29.0
2026-08-01,wk inc covid hosp,1,2026-08-08,47,quantile,0.7,31.0
2026-08-01,wk inc covid hosp,1,2026-08-08,47,quantile,0.75,35.0
2026-08-01,wk inc covid hosp,1,2026-08-08,47,quantile,0.8,35.0
2026-08-01,wk inc covid hosp,1,2026-08-08,47,quantile,0.85,38.0
2026-08-01,wk inc covid hosp,1,2026-08-08,47,quantile,0.9,42.0
2026-08-01,wk inc covid hosp,1,2026-08-08,47,quantile,0.95,56.0
2026-08-01,wk inc covid hosp,1,2026-08-08,47,quantile,0.975,84.0
2026-08-01,wk inc covid hosp,1,2026-08-08,47,quantile,0.99,160.0
2026-08-01,wk inc covid hosp,1,2026-08-08,48,quantile,0.01,49.0
2026-08-01,wk inc covid hosp,1,2026-08-08,48,quantile,0.025,96.0
2026-08-01,wk inc covid hosp,1,2026-08-08,48,quantile,0.05,131.0
2026-08-01,wk inc covid hosp,1,2026-08-08,48,quantile,0.1,153.0
2026-08-01,wk inc covid hosp,1,2026-08-08,48,quantile,0.15,162.0
2026-08-01,wk inc covid hosp,1,2026-08-08,48,quantile,0.2,162.0
2026-08-01,wk inc covid hosp,1,2026-08-08,48,quantile,0.25,162.0
2026-08-01,wk inc covid hosp,1,2026-08-08,48,quantile,0.3,166.0
2026-08-01,wk inc covid hosp,1,2026-08-08,48,quantile,0.35,166.0
2026-08-01,wk inc covid hosp,1,2026-08-08,48,quantile,0.4,169.0
2026-08-01,wk inc covid hosp,1,2026-08-08,48,quantile,0.45,175.0
2026-08-01,wk inc covid hosp,1,2026-08-08,48,quantile,0.5,175.0
2026-08-01,wk inc covid hosp,1,2026-08-08,48,quantile,0.55,175.0
2026-08-01,wk inc covid hosp,1,2026-08-08,48,quantile,0.6,176.0
2026-08-01,wk inc covid hosp,1,2026-08-08,48,quantile,0.65,193.0
2026-08-01,wk inc covid hosp,1,2026-08-08,48,quantile,0.7,193.0
2026-08-01,wk inc covid hosp,1,2026-08-08,48,quantile,0.75,195.0
2026-08-01,wk inc covid hosp,1,2026-08-08,48,quantile,0.8,209.0
2026-08-01,wk inc covid hosp,1,2026-08-08,48,quantile,0.85,213.0
2026-08-01,wk inc covid hosp,1,2026-08-08,48,quantile,0.9,230.0
2026-08-01,wk inc covid hosp,1,2026-08-08,48,quantile,0.95,301.0
2026-08-01,wk inc covid hosp,1,2026-08-08,48,quantile,0.975,376.0
2026-08-01,wk inc covid hosp,1,2026-08-08,48,quantile,0.99,700.0
2026-08-01,wk inc covid hosp,1,2026-08-08,49,quantile,0.01,0.0
2026-08-01,wk inc covid hosp,1,2026-08-08,49,quantile,0.025,0.0
2026-08-01,wk inc covid hosp,1,2026-08-08,49,quantile,0.05,1.0
2026-08-01,wk inc covid hosp,1,2026-08-08,49,quantile,0.1,2.0
2026-08-01,wk inc covid hosp,1,2026-08-08,49,quantile,0.15,2.0
2026-08-01,wk inc covid hosp,1,2026-08-08,49,quantile,0.2,2.0
2026-08-01,wk inc covid hosp,1,2026-08-08,49,quantile,0.25,2.0
2026-08-01,wk inc covid hosp,1,2026-08-08,49,quantile,0.3,3.0
2026-08-01,wk inc covid hosp,1,2026-08-08,49,quantile,0.35,3.0
2026-08-01,wk inc covid hosp,1,2026-08-08,49,quantile,0.4,4.0
2026-08-01,wk inc covid hosp,1,2026-08-08,49,quantile,0.45,4.0
2026-08-01,wk inc covid hosp,1,2026-08-08,49,quantile,0.5,5.0
2026-08-01,wk inc covid hosp,1,2026-08-08,49,quantile,0.55,5.0
2026-08-01,wk inc covid hosp,1,2026-08-08,49,quantile,0.6,6.0
2026-08-01,wk inc covid hosp,1,2026-08-08,49,quantile,0.65,6.0
2026-08-01,wk inc covid hosp,1,2026-08-08,49,quantile,0.7,7.0
2026-08-01,wk inc covid hosp,1,2026-08-08,49,quantile,0.75,7.0
2026-08-01,wk inc covid hosp,1,2026-08-08,49,quantile,0.8,9.0
2026-08-01,wk inc covid hosp,1,2026-08-08,49,quantile,0.85,10.0
2026-08-01,wk inc covid hosp,1,2026-08-08,49,quantile,0.9,12.0
2026-08-01,wk inc covid hosp,1,2026-08-08,49,quantile,0.95,21.0
2026-08-01,wk inc covid hosp,1,2026-08-08,49,quantile,0.975,40.0
2026-08-01,wk inc covid hosp,1,2026-08-08,49,quantile,0.99,80.0
2026-08-01,wk inc covid hosp,1,2026-08-08,50,quantile,0.01,0.0
2026-08-01,wk inc covid hosp,1,2026-08-08,50,quantile,0.025,0.0
2026-08-01,wk inc covid hosp,1,2026-08-08,50,quantile,0.05,0.0
2026-08-01,wk inc covid hosp,1,2026-08-08,50,quantile,0.1,0.0
2026-08-01,wk inc covid hosp,1,2026-08-08,50,quantile,0.15,0.0
2026-08-01,wk inc covid hosp,1,2026-08-08,50,quantile,0.2,0.0
2026-08-01,wk inc covid hosp,1,2026-08-08,50,quantile,0.25,0.0
2026-08-01,wk inc covid hosp,1,2026-08-08,50,quantile,0.3,0.0
2026-08-01,wk inc covid hosp,1,2026-08-08,50,quantile,0.35,0.0
2026-08-01,wk inc covid hosp,1,2026-08-08,50,quantile,0.4,1.0
2026-08-01,wk inc covid hosp,1,2026-08-08,50,quantile,0.45,1.0
2026-08-01,wk inc covid hosp,1,2026-08-08,50,quantile,0.5,1.0
2026-08-01,wk inc covid hosp,1,2026-08-08,50,quantile,0.55,1.0
2026-08-01,wk inc covid hosp,1,2026-08-08,50,quantile,0.6,1.0
2026-08-01,wk inc covid hosp,1,2026-08-08,50,quantile,0.65,2.0
2026-08-01,wk inc covid hosp,1,2026-08-08,50,quantile,0.7,2.0
2026-08-01,wk inc covid hosp,1,2026-08-08,50,quantile,0.75,2.0
2026-08-01,wk inc covid hosp,1,2026-08-08,50,quantile,0.8,3.0
2026-08-01,wk inc covid hosp,1,2026-08-08,50,quantile,0.85,3.0
2026-08-01,wk inc covid hosp,1,2026-08-08,50,quantile,0.9,3.0
2026-08-01,wk inc covid hosp,1,2026-08-08,50,quantile,0.95,5.0
2026-08-01,wk inc covid hosp,1,2026-08-08,50,quantile,0.975,8.0
2026-08-01,wk inc covid hosp,1,2026-08-08,50,quantile,0.99,15.0
2026-08-01,wk inc covid hosp,1,2026-08-08,51,quantile,0.01,3.0
2026-08-01,wk inc covid hosp,1,2026-08-08,51,quantile,0.025,8.0
2026-08-01,wk inc covid hosp,1,2026-08-08,51,quantile,0.05,10.0
2026-08-01,wk inc covid hosp,1,2026-08-08,51,quantile,0.1,10.0
2026-08-01,wk inc covid hosp,1,2026-08-08,51,quantile,0.15,10.0
2026-08-01,wk inc covid hosp,1,2026-08-08,51,quantile,0.2,10.0
2026-08-01,wk inc covid hosp,1,2026-08-08,51,quantile,0.25,10.0
2026-08-01,wk inc covid hosp,1,2026-08-08,51,quantile,0.3,11.0
2026-08-01,wk inc covid hosp,1,2026-08-08,51,quantile,0.35,12.0
2026-08-01,wk inc covid hosp,1,2026-08-08,51,quantile,0.4,12.0
2026-08-01,wk inc covid hosp,1,2026-08-08,51,quantile,0.45,13.0
2026-08-01,wk inc covid hosp,1,2026-08-08,51,quantile,0.5,14.0
2026-08-01,wk inc covid hosp,1,2026-08-08,51,quantile,0.55,14.0
2026-08-01,wk inc covid hosp,1,2026-08-08,51,quantile,0.6,15.0
2026-08-01,wk inc covid hosp,1,2026-08-08,51,quantile,0.65,17.0
2026-08-01,wk inc covid hosp,1,2026-08-08,51,quantile,0.7,18.0
2026-08-01,wk inc covid hosp,1,2026-08-08,51,quantile,0.75,19.0
2026-08-01,wk inc covid hosp,1,2026-08-08,51,quantile,0.8,21.0
2026-08-01,wk inc covid hosp,1,2026-08-08,51,quantile,0.85,24.0
2026-08-01,wk inc covid hosp,1,2026-08-08,51,quantile,0.9,28.0
2026-08-01,wk inc covid hosp,1,2026-08-08,51,quantile,0.95,52.0
2026-08-01,wk inc covid hosp,1,2026-08-08,51,quantile,0.975,104.0
2026-08-01,wk inc covid hosp,1,2026-08-08,51,quantile,0.99,211.0
2026-08-01,wk inc covid hosp,1,2026-08-08,53,quantile,0.01,5.0
2026-08-01,wk inc covid hosp,1,2026-08-08,53,quantile,0.025,8.0
2026-08-01,wk inc covid hosp,1,2026-08-08,53,quantile,0.05,8.0
2026-08-01,wk inc covid hosp,1,2026-08-08,53,quantile,0.1,8.0
2026-08-01,wk inc covid hosp,1,2026-08-08,53,quantile,0.15,11.0
2026-08-01,wk inc covid hosp,1,2026-08-08,53,quantile,0.2,11.0
2026-08-01,wk inc covid hosp,1,2026-08-08,53,quantile,0.25,15.0
2026-08-01,wk inc covid hosp,1,2026-08-08,53,quantile,0.3,15.0
2026-08-01,wk inc covid hosp,1,2026-08-08,53,quantile,0.35,17.0
2026-08-01,wk inc covid hosp,1,2026-08-08,53,quantile,0.4,17.0
2026-08-01,wk inc covid hosp,1,2026-08-08,53,quantile,0.45,17.0
2026-08-01,wk inc covid hosp,1,2026-08-08,53,quantile,0.5,17.0
2026-08-01,wk inc covid hosp,1,2026-08-08,53,quantile,0.55,17.0
2026-08-01,wk inc covid hosp,1,2026-08-08,53,quantile,0.6,18.0
2026-08-01,wk inc covid hosp,1,2026-08-08,53,quantile,0.65,20.0
2026-08-01,wk inc covid hosp,1,2026-08-08,53,quantile,0.7,21.0
2026-08-01,wk inc covid hosp,1,2026-08-08,53,quantile,0.75,21.0
2026-08-01,wk inc covid hosp,1,2026-08-08,53,quantile,0.8,26.0
2026-08-01,wk inc covid hosp,1,2026-08-08,53,quantile,0.85,26.0
2026-08-01,wk inc covid hosp,1,2026-08-08,53,quantile,0.9,28.0
2026-08-01,wk inc covid hosp,1,2026-08-08,53,quantile,0.95,46.0
2026-08-01,wk inc covid hosp,1,2026-08-08,53,quantile,0.975,94.0
2026-08-01,wk inc covid hosp,1,2026-08-08,53,quantile,0.99,191.0
2026-08-01,wk inc covid hosp,1,2026-08-08,54,quantile,0.01,0.0
2026-08-01,wk inc covid hosp,1,2026-08-08,54,quantile,0.025,0.0
2026-08-01,wk inc covid hosp,1,2026-08-08,54,quantile,0.05,0.0
2026-08-01,wk inc covid hosp,1,2026-08-08,54,quantile,0.1,0.0
2026-08-01,wk inc covid hosp,1,2026-08-08,54,quantile,0.15,0.0
2026-08-01,wk inc covid hosp,1,2026-08-08,54,quantile,0.2,1.0
2026-08-01,wk inc covid hosp,1,2026-08-08,54,quantile,0.25,1.0
2026-08-01,wk inc covid hosp,1,2026-08-08,54,quantile,0.3,2.0
2026-08-01,wk inc covid hosp,1,2026-08-08,54,quantile,0.35,2.0
2026-08-01,wk inc covid hosp,1,2026-08-08,54,quantile,0.4,2.0
2026-08-01,wk inc covid hosp,1,2026-08-08,54,quantile,0.45,2.0
2026-08-01,wk inc covid hosp,1,2026-08-08,54,quantile,0.5,2.0
2026-08-01,wk inc covid hosp,1,2026-08-08,54,quantile,0.55,2.0
2026-08-01,wk inc covid hosp,1,2026-08-08,54,quantile,0.6,2.0
2026-08-01,wk inc covid hosp,1,2026-08-08,54,quantile,0.65,3.0
2026-08-01,wk inc covid hosp,1,2026-08-08,54,quantile,0.7,3.0
2026-08-01,wk inc covid hosp,1,2026-08-08,54,quantile,0.75,4.0
2026-08-01,wk inc covid hosp,1,2026-08-08,54,quantile,0.8,5.0
2026-08-01,wk inc covid hosp,1,2026-08-08,54,quantile,0.85,5.0
2026-08-01,wk inc covid hosp,1,2026-08-08,54,quantile,0.9,6.0
2026-08-01,wk inc covid hosp,1,2026-08-08,54,quantile,0.95,13.0
2026-08-01,wk inc covid hosp,1,2026-08-08,54,quantile,0.975,21.0
2026-08-01,wk inc covid hosp,1,2026-08-08,54,quantile,0.99,44.0
2026-08-01,wk inc covid hosp,1,2026-08-08,55,quantile,0.01,2.0
2026-08-01,wk inc covid hosp,1,2026-08-08,55,quantile,0.025,2.0
2026-08-01,wk inc covid hosp,1,2026-08-08,55,quantile,0.05,2.0
2026-08-01,wk inc covid hosp,1,2026-08-08,55,quantile,0.1,3.0
2026-08-01,wk inc covid hosp,1,2026-08-08,55,quantile,0.15,4.0
2026-08-01,wk inc covid hosp,1,2026-08-08,55,quantile,0.2,4.0
2026-08-01,wk inc covid hosp,1,2026-08-08,55,quantile,0.25,4.0
2026-08-01,wk inc covid hosp,1,2026-08-08,55,quantile,0.3,5.0
2026-08-01,wk inc covid hosp,1,2026-08-08,55,quantile,0.35,6.0
2026-08-01,wk inc covid hosp,1,2026-08-08,55,quantile,0.4,6.0
2026-08-01,wk inc covid hosp,1,2026-08-08,55,quantile,0.45,7.0
2026-08-01,wk inc covid hosp,1,2026-08-08,55,quantile,0.5,7.0
2026-08-01,wk inc covid hosp,1,2026-08-08,55,quantile,0.55,7.0
2026-08-01,wk inc covid hosp,1,2026-08-08,55,quantile,0.6,7.0
2026-08-01,wk inc covid hosp,1,2026-08-08,55,quantile,0.65,8.0
2026-08-01,wk inc covid hosp,1,2026-08-08,55,quantile,0.7,8.0
2026-08-01,wk inc covid hosp,1,2026-08-08,55,quantile,0.75,9.0
2026-08-01,wk inc covid hosp,1,2026-08-08,55,quantile,0.8,10.0
2026-08-01,wk inc covid hosp,1,2026-08-08,55,quantile,0.85,11.0
2026-08-01,wk inc covid hosp,1,2026-08-08,55,quantile,0.9,18.0
2026-08-01,wk inc covid hosp,1,2026-08-08,55,quantile,0.95,36.0
2026-08-01,wk inc covid hosp,1,2026-08-08,55,quantile,0.975,71.0
2026-08-01,wk inc covid hosp,1,2026-08-08,55,quantile,0.99,144.0
2026-08-01,wk inc covid hosp,1,2026-08-08,56,quantile,0.01,0.0
2026-08-01,wk inc covid hosp,1,2026-08-08,56,quantile,0.025,0.0
2026-08-01,wk inc covid hosp,1,2026-08-08,56,quantile,0.05,0.0
2026-08-01,wk inc covid hosp,1,2026-08-08,56,quantile,0.1,0.0
2026-08-01,wk inc covid hosp,1,2026-08-08,56,quantile,0.15,0.0
2026-08-01,wk inc covid hosp,1,2026-08-08,56,quantile,0.2,0.0
2026-08-01,wk inc covid hosp,1,2026-08-08,56,quantile,0.25,0.0
2026-08-01,wk inc covid hosp,1,2026-08-08,56,quantile,0.3,1.0
2026-08-01,wk inc covid hosp,1,2026-08-08,56,quantile,0.35,1.0
2026-08-01,wk inc covid hosp,1,2026-08-08,56,quantile,0.4,1.0
2026-08-01,wk inc covid hosp,1,2026-08-08,56,quantile,0.45,1.0
2026-08-01,wk inc covid hosp,1,2026-08-08,56,quantile,0.5,1.0
2026-08-01,wk inc covid hosp,1,2026-08-08,56,quantile,0.55,1.0
2026-08-01,wk inc covid hosp,1,2026-08-08,56,quantile,0.6,1.0
2026-08-01,wk inc covid hosp,1,2026-08-08,56,quantile,0.65,2.0
2026-08-01,wk inc covid hosp,1,2026-08-08,56,quantile,0.7,2.0
2026-08-01,wk inc covid hosp,1,2026-08-08,56,quantile,0.75,2.0
2026-08-01,wk inc covid hosp,1,2026-08-08,56,quantile,0.8,3.0
2026-08-01,wk inc covid hosp,1,2026-08-08,56,quantile,0.85,3.0
2026-08-01,wk inc covid hosp,1,2026-08-08,56,quantile,0.9,4.0
2026-08-01,wk inc covid hosp,1,2026-08-08,56,quantile,0.95,6.0
2026-08-01,wk inc covid hosp,1,2026-08-08,56,quantile,0.975,8.0
2026-08-01,wk inc covid hosp,1,2026-08-08,56,quantile,0.99,15.0
2026-08-01,wk inc covid hosp,1,2026-08-08,72,quantile,0.01,7.0
2026-08-01,wk inc covid hosp,1,2026-08-08,72,quantile,0.025,10.0
2026-08-01,wk inc covid hosp,1,2026-08-08,72,quantile,0.05,12.0
2026-08-01,wk inc covid hosp,1,2026-08-08,72,quantile,0.1,16.0
2026-08-01,wk inc covid hosp,1,2026-08-08,72,quantile,0.15,18.0
2026-08-01,wk inc covid hosp,1,2026-08-08,72,quantile,0.2,19.0
2026-08-01,wk inc covid hosp,1,2026-08-08,72,quantile,0.25,20.0
2026-08-01,wk inc covid hosp,1,2026-08-08,72,quantile,0.3,21.0
2026-08-01,wk inc covid hosp,1,2026-08-08,72,quantile,0.35,24.0
2026-08-01,wk inc covid hosp,1,2026-08-08,72,quantile,0.4,24.0
2026-08-01,wk inc covid hosp,1,2026-08-08,72,quantile,0.45,26.0
2026-08-01,wk inc covid hosp,1,2026-08-08,72,quantile,0.5,28.0
2026-08-01,wk inc covid hosp,1,2026-08-08,72,quantile,0.55,29.0
2026-08-01,wk inc covid hosp,1,2026-08-08,72,quantile,0.6,32.0
2026-08-01,wk inc covid hosp,1,2026-08-08,72,quantile,0.65,34.0
2026-08-01,wk inc covid hosp,1,2026-08-08,72,quantile,0.7,35.0
2026-08-01,wk inc covid hosp,1,2026-08-08,72,quantile,0.75,38.0
2026-08-01,wk inc covid hosp,1,2026-08-08,72,quantile,0.8,39.0
2026-08-01,wk inc covid hosp,1,2026-08-08,72,quantile,0.85,42.0
2026-08-01,wk inc covid hosp,1,2026-08-08,72,quantile,0.9,43.0
2026-08-01,wk inc covid hosp,1,2026-08-08,72,quantile,0.95,53.0
2026-08-01,wk inc covid hosp,1,2026-08-08,72,quantile,0.975,59.0
2026-08-01,wk inc covid hosp,1,2026-08-08,72,quantile,0.99,88.0
2026-08-01,wk inc covid hosp,2,2026-08-15,01,quantile,0.01,18.0
2026-08-01,wk inc covid hosp,2,2026-08-15,01,quantile,0.025,22.0
2026-08-01,wk inc covid hosp,2,2026-08-15,01,quantile,0.05,29.0
2026-08-01,wk inc covid hosp,2,2026-08-15,01,quantile,0.1,35.0
2026-08-01,wk inc covid hosp,2,2026-08-15,01,quantile,0.15,35.0
2026-08-01,wk inc covid hosp,2,2026-08-15,01,quantile,0.2,35.0
2026-08-01,wk inc covid hosp,2,2026-08-15,01,quantile,0.25,36.0
2026-08-01,wk inc covid hosp,2,2026-08-15,01,quantile,0.3,36.0
2026-08-01,wk inc covid hosp,2,2026-08-15,01,quantile,0.35,38.0
2026-08-01,wk inc covid hosp,2,2026-08-15,01,quantile,0.4,38.0
2026-08-01,wk inc covid hosp,2,2026-08-15,01,quantile,0.45,39.0
2026-08-01,wk inc covid hosp,2,2026-08-15,01,quantile,0.5,39.0
2026-08-01,wk inc covid hosp,2,2026-08-15,01,quantile,0.55,39.0
2026-08-01,wk inc covid hosp,2,2026-08-15,01,quantile,0.6,41.0
2026-08-01,wk inc covid hosp,2,2026-08-15,01,quantile,0.65,44.0
2026-08-01,wk inc covid hosp,2,2026-08-15,01,quantile,0.7,44.0
2026-08-01,wk inc covid hosp,2,2026-08-15,01,quantile,0.75,48.0
2026-08-01,wk inc covid hosp,2,2026-08-15,01,quantile,0.8,49.0
2026-08-01,wk inc covid hosp,2,2026-08-15,01,quantile,0.85,53.0
2026-08-01,wk inc covid hosp,2,2026-08-15,01,quantile,0.9,56.0
2026-08-01,wk inc covid hosp,2,2026-08-15,01,quantile,0.95,61.0
2026-08-01,wk inc covid hosp,2,2026-08-15,01,quantile,0.975,77.0
2026-08-01,wk inc covid hosp,2,2026-08-15,01,quantile,0.99,105.0
2026-08-01,wk inc covid hosp,2,2026-08-15,02,quantile,0.01,0.0
2026-08-01,wk inc covid hosp,2,2026-08-15,02,quantile,0.025,0.0
2026-08-01,wk inc covid hosp,2,2026-08-15,02,quantile,0.05,0.0
2026-08-01,wk inc covid hosp,2,2026-08-15,02,quantile,0.1,0.0
2026-08-01,wk inc covid hosp,2,2026-08-15,02,quantile,0.15,0.0
2026-08-01,wk inc covid hosp,2,2026-08-15,02,quantile,0.2,0.0
2026-08-01,wk inc covid hosp,2,2026-08-15,02,quantile,0.25,1.0
2026-08-01,wk inc covid hosp,2,2026-08-15,02,quantile,0.3,1.0
2026-08-01,wk inc covid hosp,2,2026-08-15,02,quantile,0.35,1.0
2026-08-01,wk inc covid hosp,2,2026-08-15,02,quantile,0.4,1.0
2026-08-01,wk inc covid hosp,2,2026-08-15,02,quantile,0.45,2.0
2026-08-01,wk inc covid hosp,2,2026-08-15,02,quantile,0.5,2.0
2026-08-01,wk inc covid hosp,2,2026-08-15,02,quantile,0.55,2.0
2026-08-01,wk inc covid hosp,2,2026-08-15,02,quantile,0.6,2.0
2026-08-01,wk inc covid hosp,2,2026-08-15,02,quantile,0.65,2.0
2026-08-01,wk inc covid hosp,2,2026-08-15,02,quantile,0.7,2.0
2026-08-01,wk inc covid hosp,2,2026-08-15,02,quantile,0.75,2.0
2026-08-01,wk inc covid hosp,2,2026-08-15,02,quantile,0.8,3.0
2026-08-01,wk inc covid hosp,2,2026-08-15,02,quantile,0.85,3.0
2026-08-01,wk inc covid hosp,2,2026-08-15,02,quantile,0.9,4.0
2026-08-01,wk inc covid hosp,2,2026-08-15,02,quantile,0.95,6.0
2026-08-01,wk inc covid hosp,2,2026-08-15,02,quantile,0.975,9.0
2026-08-01,wk inc covid hosp,2,2026-08-15,02,quantile,0.99,18.0
2026-08-01,wk inc covid hosp,2,2026-08-15,04,quantile,0.01,9.0
2026-08-01,wk inc covid hosp,2,2026-08-15,04,quantile,0.025,16.0
2026-08-01,wk inc covid hosp,2,2026-08-15,04,quantile,0.05,17.0
2026-08-01,wk inc covid hosp,2,2026-08-15,04,quantile,0.1,20.0
2026-08-01,wk inc covid hosp,2,2026-08-15,04,quantile,0.15,22.0
2026-08-01,wk inc covid hosp,2,2026-08-15,04,quantile,0.2,23.0
2026-08-01,wk inc covid hosp,2,2026-08-15,04,quantile,0.25,23.0
2026-08-01,wk inc covid hosp,2,2026-08-15,04,quantile,0.3,26.0
2026-08-01,wk inc covid hosp,2,2026-08-15,04,quantile,0.35,27.0
2026-08-01,wk inc covid hosp,2,2026-08-15,04,quantile,0.4,27.0
2026-08-01,wk inc covid hosp,2,2026-08-15,04,quantile,0.45,27.0
2026-08-01,wk inc covid hosp,2,2026-08-15,04,quantile,0.5,27.0
2026-08-01,wk inc covid hosp,2,2026-08-15,04,quantile,0.55,27.0
2026-08-01,wk inc covid hosp,2,2026-08-15,04,quantile,0.6,31.0
2026-08-01,wk inc covid hosp,2,2026-08-15,04,quantile,0.65,31.0
2026-08-01,wk inc covid hosp,2,2026-08-15,04,quantile,0.7,32.0
2026-08-01,wk inc covid hosp,2,2026-08-15,04,quantile,0.75,33.0
2026-08-01,wk inc covid hosp,2,2026-08-15,04,quantile,0.8,36.0
2026-08-01,wk inc covid hosp,2,2026-08-15,04,quantile,0.85,39.0
2026-08-01,wk inc covid hosp,2,2026-08-15,04,quantile,0.9,46.0
2026-08-01,wk inc covid hosp,2,2026-08-15,04,quantile,0.95,64.0
2026-08-01,wk inc covid hosp,2,2026-08-15,04,quantile,0.975,105.0
2026-08-01,wk inc covid hosp,2,2026-08-15,04,quantile,0.99,196.0
2026-08-01,wk inc covid hosp,2,2026-08-15,05,quantile,0.01,2.0
2026-08-01,wk inc covid hosp,2,2026-08-15,05,quantile,0.025,3.0
2026-08-01,wk inc covid hosp,2,2026-08-15,05,quantile,0.05,4.0
2026-08-01,wk inc covid hosp,2,2026-08-15,05,quantile,0.1,4.0
2026-08-01,wk inc covid hosp,2,2026-08-15,05,quantile,0.15,4.0
2026-08-01,wk inc covid hosp,2,2026-08-15,05,quantile,0.2,4.0
2026-08-01,wk inc covid hosp,2,2026-08-15,05,quantile,0.25,5.0
2026-08-01,wk inc covid hosp,2,2026-08-15,05,quantile,0.3,6.0
2026-08-01,wk inc covid hosp,2,2026-08-15,05,quantile,0.35,6.0
2026-08-01,wk inc covid hosp,2,2026-08-15,05,quantile,0.4,6.0
2026-08-01,wk inc covid hosp,2,2026-08-15,05,quantile,0.45,6.0
2026-08-01,wk inc covid hosp,2,2026-08-15,05,quantile,0.5,7.0
2026-08-01,wk inc covid hosp,2,2026-08-15,05,quantile,0.55,7.0
2026-08-01,wk inc covid hosp,2,2026-08-15,05,quantile,0.6,7.0
2026-08-01,wk inc covid hosp,2,2026-08-15,05,quantile,0.65,8.0
2026-08-01,wk inc covid hosp,2,2026-08-15,05,quantile,0.7,9.0
2026-08-01,wk inc covid hosp,2,2026-08-15,05,quantile,0.75,9.0
2026-08-01,wk inc covid hosp,2,2026-08-15,05,quantile,0.8,10.0
2026-08-01,wk inc covid hosp,2,2026-08-15,05,quantile,0.85,10.0
2026-08-01,wk inc covid hosp,2,2026-08-15,05,quantile,0.9,11.0
2026-08-01,wk inc covid hosp,2,2026-08-15,05,quantile,0.95,19.0
2026-08-01,wk inc covid hosp,2,2026-08-15,05,quantile,0.975,36.0
2026-08-01,wk inc covid hosp,2,2026-08-15,05,quantile,0.99,75.0
2026-08-01,wk inc covid hosp,2,2026-08-15,06,quantile,0.01,96.0
2026-08-01,wk inc covid hosp,2,2026-08-15,06,quantile,0.025,151.0
2026-08-01,wk inc covid hosp,2,2026-08-15,06,quantile,0.05,182.0
2026-08-01,wk inc covid hosp,2,2026-08-15,06,quantile,0.1,186.0
2026-08-01,wk inc covid hosp,2,2026-08-15,06,quantile,0.15,214.0
2026-08-01,wk inc covid hosp,2,2026-08-15,06,quantile,0.2,214.0
2026-08-01,wk inc covid hosp,2,2026-08-15,06,quantile,0.25,214.0
2026-08-01,wk inc covid hosp,2,2026-08-15,06,quantile,0.3,214.0
2026-08-01,wk inc covid hosp,2,2026-08-15,06,quantile,0.35,214.0
2026-08-01,wk inc covid hosp,2,2026-08-15,06,quantile,0.4,214.0
2026-08-01,wk inc covid hosp,2,2026-08-15,06,quantile,0.45,214.0
2026-08-01,wk inc covid hosp,2,2026-08-15,06,quantile,0.5,214.0
2026-08-01,wk inc covid hosp,2,2026-08-15,06,quantile,0.55,214.0
2026-08-01,wk inc covid hosp,2,2026-08-15,06,quantile,0.6,214.0
2026-08-01,wk inc covid hosp,2,2026-08-15,06,quantile,0.65,233.0
2026-08-01,wk inc covid hosp,2,2026-08-15,06,quantile,0.7,242.0
2026-08-01,wk inc covid hosp,2,2026-08-15,06,quantile,0.75,249.0
2026-08-01,wk inc covid hosp,2,2026-08-15,06,quantile,0.8,249.0
2026-08-01,wk inc covid hosp,2,2026-08-15,06,quantile,0.85,249.0
2026-08-01,wk inc covid hosp,2,2026-08-15,06,quantile,0.9,272.0
2026-08-01,wk inc covid hosp,2,2026-08-15,06,quantile,0.95,336.0
2026-08-01,wk inc covid hosp,2,2026-08-15,06,quantile,0.975,506.0
2026-08-01,wk inc covid hosp,2,2026-08-15,06,quantile,0.99,941.0
2026-08-01,wk inc covid hosp,2,2026-08-15,08,quantile,0.01,3.0
2026-08-01,wk inc covid hosp,2,2026-08-15,08,quantile,0.025,3.0
2026-08-01,wk inc covid hosp,2,2026-08-15,08,quantile,0.05,5.0
2026-08-01,wk inc covid hosp,2,2026-08-15,08,quantile,0.1,5.0
2026-08-01,wk inc covid hosp,2,2026-08-15,08,quantile,0.15,5.0
2026-08-01,wk inc covid hosp,2,2026-08-15,08,quantile,0.2,7.0
2026-08-01,wk inc covid hosp,2,2026-08-15,08,quantile,0.25,7.0
2026-08-01,wk inc covid hosp,2,2026-08-15,08,quantile,0.3,9.0
2026-08-01,wk inc covid hosp,2,2026-08-15,08,quantile,0.35,9.0
2026-08-01,wk inc covid hosp,2,2026-08-15,08,quantile,0.4,9.0
2026-08-01,wk inc covid hosp,2,2026-08-15,08,quantile,0.45,10.0
2026-08-01,wk inc covid hosp,2,2026-08-15,08,quantile,0.5,10.0
2026-08-01,wk inc covid hosp,2,2026-08-15,08,quantile,0.55,12.0
2026-08-01,wk inc covid hosp,2,2026-08-15,08,quantile,0.6,12.0
2026-08-01,wk inc covid hosp,2,2026-08-15,08,quantile,0.65,15.0
2026-08-01,wk inc covid hosp,2,2026-08-15,08,quantile,0.7,15.0
2026-08-01,wk inc covid hosp,2,2026-08-15,08,quantile,0.75,15.0
2026-08-01,wk inc covid hosp,2,2026-08-15,08,quantile,0.8,17.0
2026-08-01,wk inc covid hosp,2,2026-08-15,08,quantile,0.85,19.0
2026-08-01,wk inc covid hosp,2,2026-08-15,08,quantile,0.9,22.0
2026-08-01,wk inc covid hosp,2,2026-08-15,08,quantile,0.95,40.0
2026-08-01,wk inc covid hosp,2,2026-08-15,08,quantile,0.975,74.0
2026-08-01,wk inc covid hosp,2,2026-08-15,08,quantile,0.99,145.0
2026-08-01,wk inc covid hosp,2,2026-08-15,09,quantile,0.01,3.0
2026-08-01,wk inc covid hosp,2,2026-08-15,09,quantile,0.025,4.0
2026-08-01,wk inc covid hosp,2,2026-08-15,09,quantile,0.05,5.0
2026-08-01,wk inc covid hosp,2,2026-08-15,09,quantile,0.1,7.0
2026-08-01,wk inc covid hosp,2,2026-08-15,09,quantile,0.15,7.0
2026-08-01,wk inc covid hosp,2,2026-08-15,09,quantile,0.2,7.0
2026-08-01,wk inc covid hosp,2,2026-08-15,09,quantile,0.25,8.0
2026-08-01,wk inc covid hosp,2,2026-08-15,09,quantile,0.3,9.0
2026-08-01,wk inc covid hosp,2,2026-08-15,09,quantile,0.35,9.0
2026-08-01,wk inc covid hosp,2,2026-08-15,09,quantile,0.4,9.0
2026-08-01,wk inc covid hosp,2,2026-08-15,09,quantile,0.45,10.0
2026-08-01,wk inc covid hosp,2,2026-08-15,09,quantile,0.5,10.0
2026-08-01,wk inc covid hosp,2,2026-08-15,09,quantile,0.55,10.0
2026-08-01,wk inc covid hosp,2,2026-08-15,09,quantile,0.6,11.0
2026-08-01,wk inc covid hosp,2,2026-08-15,09,quantile,0.65,12.0
2026-08-01,wk inc covid hosp,2,2026-08-15,09,quantile,0.7,12.0
2026-08-01,wk inc covid hosp,2,2026-08-15,09,quantile,0.75,13.0
2026-08-01,wk inc covid hosp,2,2026-08-15,09,quantile,0.8,15.0
2026-08-01,wk inc covid hosp,2,2026-08-15,09,quantile,0.85,16.0
2026-08-01,wk inc covid hosp,2,2026-08-15,09,quantile,0.9,21.0
2026-08-01,wk inc covid hosp,2,2026-08-15,09,quantile,0.95,28.0
2026-08-01,wk inc covid hosp,2,2026-08-15,09,quantile,0.975,42.0
2026-08-01,wk inc covid hosp,2,2026-08-15,09,quantile,0.99,85.0
2026-08-01,wk inc covid hosp,2,2026-08-15,10,quantile,0.01,0.0
2026-08-01,wk inc covid hosp,2,2026-08-15,10,quantile,0.025,0.0
2026-08-01,wk inc covid hosp,2,2026-08-15,10,quantile,0.05,0.0
2026-08-01,wk inc covid hosp,2,2026-08-15,10,quantile,0.1,0.0
2026-08-01,wk inc covid hosp,2,2026-08-15,10,quantile,0.15,0.0
2026-08-01,wk inc covid hosp,2,2026-08-15,10,quantile,0.2,0.0
2026-08-01,wk inc covid hosp,2,2026-08-15,10,quantile,0.25,1.0
2026-08-01,wk inc covid hosp,2,2026-08-15,10,quantile,0.3,1.0
2026-08-01,wk inc covid hosp,2,2026-08-15,10,quantile,0.35,1.0
2026-08-01,wk inc covid hosp,2,2026-08-15,10,quantile,0.4,1.0
2026-08-01,wk inc covid hosp,2,2026-08-15,10,quantile,0.45,2.0
2026-08-01,wk inc covid hosp,2,2026-08-15,10,quantile,0.5,2.0
2026-08-01,wk inc covid hosp,2,2026-08-15,10,quantile,0.55,2.0
2026-08-01,wk inc covid hosp,2,2026-08-15,10,quantile,0.6,2.0
2026-08-01,wk inc covid hosp,2,2026-08-15,10,quantile,0.65,2.0
2026-08-01,wk inc covid hosp,2,2026-08-15,10,quantile,0.7,3.0
2026-08-01,wk inc covid hosp,2,2026-08-15,10,quantile,0.75,3.0
2026-08-01,wk inc covid hosp,2,2026-08-15,10,quantile,0.8,3.0
2026-08-01,wk inc covid hosp,2,2026-08-15,10,quantile,0.85,3.0
2026-08-01,wk inc covid hosp,2,2026-08-15,10,quantile,0.9,4.0
2026-08-01,wk inc covid hosp,2,2026-08-15,10,quantile,0.95,7.0
2026-08-01,wk inc covid hosp,2,2026-08-15,10,quantile,0.975,12.0
2026-08-01,wk inc covid hosp,2,2026-08-15,10,quantile,0.99,25.0
2026-08-01,wk inc covid hosp,2,2026-08-15,11,quantile,0.01,0.0
2026-08-01,wk inc covid hosp,2,2026-08-15,11,quantile,0.025,0.0
2026-08-01,wk inc covid hosp,2,2026-08-15,11,quantile,0.05,0.0
2026-08-01,wk inc covid hosp,2,2026-08-15,11,quantile,0.1,0.0
2026-08-01,wk inc covid hosp,2,2026-08-15,11,quantile,0.15,0.0
2026-08-01,wk inc covid hosp,2,2026-08-15,11,quantile,0.2,0.0
2026-08-01,wk inc covid hosp,2,2026-08-15,11,quantile,0.25,0.0
2026-08-01,wk inc covid hosp,2,2026-08-15,11,quantile,0.3,1.0
2026-08-01,wk inc covid hosp,2,2026-08-15,11,quantile,0.35,1.0
2026-08-01,wk inc covid hosp,2,2026-08-15,11,quantile,0.4,1.0
2026-08-01,wk inc covid hosp,2,2026-08-15,11,quantile,0.45,1.0
2026-08-01,wk inc covid hosp,2,2026-08-15,11,quantile,0.5,1.0
2026-08-01,wk inc covid hosp,2,2026-08-15,11,quantile,0.55,1.0
2026-08-01,wk inc covid hosp,2,2026-08-15,11,quantile,0.6,1.0
2026-08-01,wk inc covid hosp,2,2026-08-15,11,quantile,0.65,2.0
2026-08-01,wk inc covid hosp,2,2026-08-15,11,quantile,0.7,2.0
2026-08-01,wk inc covid hosp,2,2026-08-15,11,quantile,0.75,2.0
2026-08-01,wk inc covid hosp,2,2026-08-15,11,quantile,0.8,2.0
2026-08-01,wk inc covid hosp,2,2026-08-15,11,quantile,0.85,3.0
2026-08-01,wk inc covid hosp,2,2026-08-15,11,quantile,0.9,3.0
2026-08-01,wk inc covid hosp,2,2026-08-15,11,quantile,0.95,6.0
2026-08-01,wk inc covid hosp,2,2026-08-15,11,quantile,0.975,9.0
2026-08-01,wk inc covid hosp,2,2026-08-15,11,quantile,0.99,17.0
2026-08-01,wk inc covid hosp,2,2026-08-15,12,quantile,0.01,108.0
2026-08-01,wk inc covid hosp,2,2026-08-15,12,quantile,0.025,126.0
2026-08-01,wk inc covid hosp,2,2026-08-15,12,quantile,0.05,157.0
2026-08-01,wk inc covid hosp,2,2026-08-15,12,quantile,0.1,181.0
2026-08-01,wk inc covid hosp,2,2026-08-15,12,quantile,0.15,189.0
2026-08-01,wk inc covid hosp,2,2026-08-15,12,quantile,0.2,203.0
2026-08-01,wk inc covid hosp,2,2026-08-15,12,quantile,0.25,234.0
2026-08-01,wk inc covid hosp,2,2026-08-15,12,quantile,0.3,234.0
2026-08-01,wk inc covid hosp,2,2026-08-15,12,quantile,0.35,234.0
2026-08-01,wk inc covid hosp,2,2026-08-15,12,quantile,0.4,234.0
2026-08-01,wk inc covid hosp,2,2026-08-15,12,quantile,0.45,234.0
2026-08-01,wk inc covid hosp,2,2026-08-15,12,quantile,0.5,234.0
2026-08-01,wk inc covid hosp,2,2026-08-15,12,quantile,0.55,234.0
2026-08-01,wk inc covid hosp,2,2026-08-15,12,quantile,0.6,234.0
2026-08-01,wk inc covid hosp,2,2026-08-15,12,quantile,0.65,241.0
2026-08-01,wk inc covid hosp,2,2026-08-15,12,quantile,0.7,247.0
2026-08-01,wk inc covid hosp,2,2026-08-15,12,quantile,0.75,269.0
2026-08-01,wk inc covid hosp,2,2026-08-15,12,quantile,0.8,271.0
2026-08-01,wk inc covid hosp,2,2026-08-15,12,quantile,0.85,272.0
2026-08-01,wk inc covid hosp,2,2026-08-15,12,quantile,0.9,275.0
2026-08-01,wk inc covid hosp,2,2026-08-15,12,quantile,0.95,306.0
2026-08-01,wk inc covid hosp,2,2026-08-15,12,quantile,0.975,324.0
2026-08-01,wk inc covid hosp,2,2026-08-15,12,quantile,0.99,428.0
2026-08-01,wk inc covid hosp,2,2026-08-15,13,quantile,0.01,14.0
2026-08-01,wk inc covid hosp,2,2026-08-15,13,quantile,0.025,25.0
2026-08-01,wk inc covid hosp,2,2026-08-15,13,quantile,0.05,33.0
2026-08-01,wk inc covid hosp,2,2026-08-15,13,quantile,0.1,34.0
2026-08-01,wk inc covid hosp,2,2026-08-15,13,quantile,0.15,34.0
2026-08-01,wk inc covid hosp,2,2026-08-15,13,quantile,0.2,34.0
2026-08-01,wk inc covid hosp,2,2026-08-15,13,quantile,0.25,35.0
2026-08-01,wk inc covid hosp,2,2026-08-15,13,quantile,0.3,38.0
2026-08-01,wk inc covid hosp,2,2026-08-15,13,quantile,0.35,39.0
2026-08-01,wk inc covid hosp,2,2026-08-15,13,quantile,0.4,40.0
2026-08-01,wk inc covid hosp,2,2026-08-15,13,quantile,0.45,41.0
2026-08-01,wk inc covid hosp,2,2026-08-15,13,quantile,0.5,43.0
2026-08-01,wk inc covid hosp,2,2026-08-15,13,quantile,0.55,43.0
2026-08-01,wk inc covid hosp,2,2026-08-15,13,quantile,0.6,43.0
2026-08-01,wk inc covid hosp,2,2026-08-15,13,quantile,0.65,45.0
2026-08-01,wk inc covid hosp,2,2026-08-15,13,quantile,0.7,45.0
2026-08-01,wk inc covid hosp,2,2026-08-15,13,quantile,0.75,50.0
2026-08-01,wk inc covid hosp,2,2026-08-15,13,quantile,0.8,52.0
2026-08-01,wk inc covid hosp,2,2026-08-15,13,quantile,0.85,59.0
2026-08-01,wk inc covid hosp,2,2026-08-15,13,quantile,0.9,63.0
2026-08-01,wk inc covid hosp,2,2026-08-15,13,quantile,0.95,80.0
2026-08-01,wk inc covid hosp,2,2026-08-15,13,quantile,0.975,132.0
2026-08-01,wk inc covid hosp,2,2026-08-15,13,quantile,0.99,261.0
2026-08-01,wk inc covid hosp,2,2026-08-15,15,quantile,0.01,4.0
2026-08-01,wk inc covid hosp,2,2026-08-15,15,quantile,0.025,4.0
2026-08-01,wk inc covid hosp,2,2026-08-15,15,quantile,0.05,5.0
2026-08-01,wk inc covid hosp,2,2026-08-15,15,quantile,0.1,5.0
2026-08-01,wk inc covid hosp,2,2026-08-15,15,quantile,0.15,5.0
2026-08-01,wk inc covid hosp,2,2026-08-15,15,quantile,0.2,6.0
2026-08-01,wk inc covid hosp,2,2026-08-15,15,quantile,0.25,7.0
2026-08-01,wk inc covid hosp,2,2026-08-15,15,quantile,0.3,7.0
2026-08-01,wk inc covid hosp,2,2026-08-15,15,quantile,0.35,8.0
2026-08-01,wk inc covid hosp,2,2026-08-15,15,quantile,0.4,8.0
2026-08-01,wk inc covid hosp,2,2026-08-15,15,quantile,0.45,9.0
2026-08-01,wk inc covid hosp,2,2026-08-15,15,quantile,0.5,9.0
2026-08-01,wk inc covid hosp,2,2026-08-15,15,quantile,0.55,9.0
2026-08-01,wk inc covid hosp,2,2026-08-15,15,quantile,0.6,10.0
2026-08-01,wk inc covid hosp,2,2026-08-15,15,quantile,0.65,10.0
2026-08-01,wk inc covid hosp,2,2026-08-15,15,quantile,0.7,11.0
2026-08-01,wk inc covid hosp,2,2026-08-15,15,quantile,0.75,13.0
2026-08-01,wk inc covid hosp,2,2026-08-15,15,quantile,0.8,13.0
2026-08-01,wk inc covid hosp,2,2026-08-15,15,quantile,0.85,15.0
2026-08-01,wk inc covid hosp,2,2026-08-15,15,quantile,0.9,16.0
2026-08-01,wk inc covid hosp,2,2026-08-15,15,quantile,0.95,20.0
2026-08-01,wk inc covid hosp,2,2026-08-15,15,quantile,0.975,20.0
2026-08-01,wk inc covid hosp,2,2026-08-15,15,quantile,0.99,33.0
2026-08-01,wk inc covid hosp,2,2026-08-15,16,quantile,0.01,0.0
2026-08-01,wk inc covid hosp,2,2026-08-15,16,quantile,0.025,0.0
2026-08-01,wk inc covid hosp,2,2026-08-15,16,quantile,0.05,0.0
2026-08-01,wk inc covid hosp,2,2026-08-15,16,quantile,0.1,0.0
2026-08-01,wk inc covid hosp,2,2026-08-15,16,quantile,0.15,1.0
2026-08-01,wk inc covid hosp,2,2026-08-15,16,quantile,0.2,1.0
2026-08-01,wk inc covid hosp,2,2026-08-15,16,quantile,0.25,1.0
2026-08-01,wk inc covid hosp,2,2026-08-15,16,quantile,0.3,1.0
2026-08-01,wk inc covid hosp,2,2026-08-15,16,quantile,0.35,1.0
2026-08-01,wk inc covid hosp,2,2026-08-15,16,quantile,0.4,2.0
2026-08-01,wk inc covid hosp,2,2026-08-15,16,quantile,0.45,3.0
2026-08-01,wk inc covid hosp,2,2026-08-15,16,quantile,0.5,3.0
2026-08-01,wk inc covid hosp,2,2026-08-15,16,quantile,0.55,4.0
2026-08-01,wk inc covid hosp,2,2026-08-15,16,quantile,0.6,4.0
2026-08-01,wk inc covid hosp,2,2026-08-15,16,quantile,0.65,5.0
2026-08-01,wk inc covid hosp,2,2026-08-15,16,quantile,0.7,5.0
2026-08-01,wk inc covid hosp,2,2026-08-15,16,quantile,0.75,5.0
2026-08-01,wk inc covid hosp,2,2026-08-15,16,quantile,0.8,6.0
2026-08-01,wk inc covid hosp,2,2026-08-15,16,quantile,0.85,6.0
2026-08-01,wk inc covid hosp,2,2026-08-15,16,quantile,0.9,8.0
2026-08-01,wk inc covid hosp,2,2026-08-15,16,quantile,0.95,13.0
2026-08-01,wk inc covid hosp,2,2026-08-15,16,quantile,0.975,21.0
2026-08-01,wk inc covid hosp,2,2026-08-15,16,quantile,0.99,45.0
2026-08-01,wk inc covid hosp,2,2026-08-15,17,quantile,0.01,5.0
2026-08-01,wk inc covid hosp,2,2026-08-15,17,quantile,0.025,14.0
2026-08-01,wk inc covid hosp,2,2026-08-15,17,quantile,0.05,15.0
2026-08-01,wk inc covid hosp,2,2026-08-15,17,quantile,0.1,15.0
2026-08-01,wk inc covid hosp,2,2026-08-15,17,quantile,0.15,15.0
2026-08-01,wk inc covid hosp,2,2026-08-15,17,quantile,0.2,15.0
2026-08-01,wk inc covid hosp,2,2026-08-15,17,quantile,0.25,16.0
2026-08-01,wk inc covid hosp,2,2026-08-15,17,quantile,0.3,19.0
2026-08-01,wk inc covid hosp,2,2026-08-15,17,quantile,0.35,19.0
2026-08-01,wk inc covid hosp,2,2026-08-15,17,quantile,0.4,19.0
2026-08-01,wk inc covid hosp,2,2026-08-15,17,quantile,0.45,21.0
2026-08-01,wk inc covid hosp,2,2026-08-15,17,quantile,0.5,21.0
2026-08-01,wk inc covid hosp,2,2026-08-15,17,quantile,0.55,22.0
2026-08-01,wk inc covid hosp,2,2026-08-15,17,quantile,0.6,22.0
2026-08-01,wk inc covid hosp,2,2026-08-15,17,quantile,0.65,27.0
2026-08-01,wk inc covid hosp,2,2026-08-15,17,quantile,0.7,29.0
2026-08-01,wk inc covid hosp,2,2026-08-15,17,quantile,0.75,30.0
2026-08-01,wk inc covid hosp,2,2026-08-15,17,quantile,0.8,34.0
2026-08-01,wk inc covid hosp,2,2026-08-15,17,quantile,0.85,37.0
2026-08-01,wk inc covid hosp,2,2026-08-15,17,quantile,0.9,43.0
2026-08-01,wk inc covid hosp,2,2026-08-15,17,quantile,0.95,78.0
2026-08-01,wk inc covid hosp,2,2026-08-15,17,quantile,0.975,154.0
2026-08-01,wk inc covid hosp,2,2026-08-15,17,quantile,0.99,315.0
2026-08-01,wk inc covid hosp,2,2026-08-15,18,quantile,0.01,3.0
2026-08-01,wk inc covid hosp,2,2026-08-15,18,quantile,0.025,6.0
2026-08-01,wk inc covid hosp,2,2026-08-15,18,quantile,0.05,8.0
2026-08-01,wk inc covid hosp,2,2026-08-15,18,quantile,0.1,8.0
2026-08-01,wk inc covid hosp,2,2026-08-15,18,quantile,0.15,9.0
2026-08-01,wk inc covid hosp,2,2026-08-15,18,quantile,0.2,9.0
2026-08-01,wk inc covid hosp,2,2026-08-15,18,quantile,0.25,10.0
2026-08-01,wk inc covid hosp,2,2026-08-15,18,quantile,0.3,10.0
2026-08-01,wk inc covid hosp,2,2026-08-15,18,quantile,0.35,11.0
2026-08-01,wk inc covid hosp,2,2026-08-15,18,quantile,0.4,11.0
2026-08-01,wk inc covid hosp,2,2026-08-15,18,quantile,0.45,12.0
2026-08-01,wk inc covid hosp,2,2026-08-15,18,quantile,0.5,12.0
2026-08-01,wk inc covid hosp,2,2026-08-15,18,quantile,0.55,12.0
2026-08-01,wk inc covid hosp,2,2026-08-15,18,quantile,0.6,14.0
2026-08-01,wk inc covid hosp,2,2026-08-15,18,quantile,0.65,15.0
2026-08-01,wk inc covid hosp,2,2026-08-15,18,quantile,0.7,16.0
2026-08-01,wk inc covid hosp,2,2026-08-15,18,quantile,0.75,17.0
2026-08-01,wk inc covid hosp,2,2026-08-15,18,quantile,0.8,18.0
2026-08-01,wk inc covid hosp,2,2026-08-15,18,quantile,0.85,19.0
2026-08-01,wk inc covid hosp,2,2026-08-15,18,quantile,0.9,22.0
2026-08-01,wk inc covid hosp,2,2026-08-15,18,quantile,0.95,42.0
2026-08-01,wk inc covid hosp,2,2026-08-15,18,quantile,0.975,82.0
2026-08-01,wk inc covid hosp,2,2026-08-15,18,quantile,0.99,169.0
2026-08-01,wk inc covid hosp,2,2026-08-15,19,quantile,0.01,1.0
2026-08-01,wk inc covid hosp,2,2026-08-15,19,quantile,0.025,2.0
2026-08-01,wk inc covid hosp,2,2026-08-15,19,quantile,0.05,2.0
2026-08-01,wk inc covid hosp,2,2026-08-15,19,quantile,0.1,2.0
2026-08-01,wk inc covid hosp,2,2026-08-15,19,quantile,0.15,2.0
2026-08-01,wk inc covid hosp,2,2026-08-15,19,quantile,0.2,3.0
2026-08-01,wk inc covid hosp,2,2026-08-15,19,quantile,0.25,3.0
2026-08-01,wk inc covid hosp,2,2026-08-15,19,quantile,0.3,3.0
2026-08-01,wk inc covid hosp,2,2026-08-15,19,quantile,0.35,4.0
2026-08-01,wk inc covid hosp,2,2026-08-15,19,quantile,0.4,4.0
2026-08-01,wk inc covid hosp,2,2026-08-15,19,quantile,0.45,4.0
2026-08-01,wk inc covid hosp,2,2026-08-15,19,quantile,0.5,5.0
2026-08-01,wk inc covid hosp,2,2026-08-15,19,quantile,0.55,5.0
2026-08-01,wk inc covid hosp,2,2026-08-15,19,quantile,0.6,5.0
2026-08-01,wk inc covid hosp,2,2026-08-15,19,quantile,0.65,6.0
2026-08-01,wk inc covid hosp,2,2026-08-15,19,quantile,0.7,6.0
2026-08-01,wk inc covid hosp,2,2026-08-15,19,quantile,0.75,7.0
2026-08-01,wk inc covid hosp,2,2026-08-15,19,quantile,0.8,8.0
2026-08-01,wk inc covid hosp,2,2026-08-15,19,quantile,0.85,9.0
2026-08-01,wk inc covid hosp,2,2026-08-15,19,quantile,0.9,11.0
2026-08-01,wk inc covid hosp,2,2026-08-15,19,quantile,0.95,21.0
2026-08-01,wk inc covid hosp,2,2026-08-15,19,quantile,0.975,38.0
2026-08-01,wk inc covid hosp,2,2026-08-15,19,quantile,0.99,75.0
2026-08-01,wk inc covid hosp,2,2026-08-15,20,quantile,0.01,1.0
2026-08-01,wk inc covid hosp,2,2026-08-15,20,quantile,0.025,2.0
2026-08-01,wk inc covid hosp,2,2026-08-15,20,quantile,0.05,2.0
2026-08-01,wk inc covid hosp,2,2026-08-15,20,quantile,0.1,4.0
2026-08-01,wk inc covid hosp,2,2026-08-15,20,quantile,0.15,4.0
2026-08-01,wk inc covid hosp,2,2026-08-15,20,quantile,0.2,5.0
2026-08-01,wk inc covid hosp,2,2026-08-15,20,quantile,0.25,5.0
2026-08-01,wk inc covid hosp,2,2026-08-15,20,quantile,0.3,5.0
2026-08-01,wk inc covid hosp,2,2026-08-15,20,quantile,0.35,7.0
2026-08-01,wk inc covid hosp,2,2026-08-15,20,quantile,0.4,7.0
2026-08-01,wk inc covid hosp,2,2026-08-15,20,quantile,0.45,8.0
2026-08-01,wk inc covid hosp,2,2026-08-15,20,quantile,0.5,8.0
2026-08-01,wk inc covid hosp,2,2026-08-15,20,quantile,0.55,8.0
2026-08-01,wk inc covid hosp,2,2026-08-15,20,quantile,0.6,9.0
2026-08-01,wk inc covid hosp,2,2026-08-15,20,quantile,0.65,10.0
2026-08-01,wk inc covid hosp,2,2026-08-15,20,quantile,0.7,11.0
2026-08-01,wk inc covid hosp,2,2026-08-15,20,quantile,0.75,11.0
2026-08-01,wk inc covid hosp,2,2026-08-15,20,quantile,0.8,12.0
2026-08-01,wk inc covid hosp,2,2026-08-15,20,quantile,0.85,13.0
2026-08-01,wk inc covid hosp,2,2026-08-15,20,quantile,0.9,14.0
2026-08-01,wk inc covid hosp,2,2026-08-15,20,quantile,0.95,21.0
2026-08-01,wk inc covid hosp,2,2026-08-15,20,quantile,0.975,35.0
2026-08-01,wk inc covid hosp,2,2026-08-15,20,quantile,0.99,72.0
2026-08-01,wk inc covid hosp,2,2026-08-15,21,quantile,0.01,4.0
2026-08-01,wk inc covid hosp,2,2026-08-15,21,quantile,0.025,6.0
2026-08-01,wk inc covid hosp,2,2026-08-15,21,quantile,0.05,7.0
2026-08-01,wk inc covid hosp,2,2026-08-15,21,quantile,0.1,8.0
2026-08-01,wk inc covid hosp,2,2026-08-15,21,quantile,0.15,8.0
2026-08-01,wk inc covid hosp,2,2026-08-15,21,quantile,0.2,9.0
2026-08-01,wk inc covid hosp,2,2026-08-15,21,quantile,0.25,9.0
2026-08-01,wk inc covid hosp,2,2026-08-15,21,quantile,0.3,10.0
2026-08-01,wk inc covid hosp,2,2026-08-15,21,quantile,0.35,11.0
2026-08-01,wk inc covid hosp,2,2026-08-15,21,quantile,0.4,11.0
2026-08-01,wk inc covid hosp,2,2026-08-15,21,quantile,0.45,11.0
2026-08-01,wk inc covid hosp,2,2026-08-15,21,quantile,0.5,11.0
2026-08-01,wk inc covid hosp,2,2026-08-15,21,quantile,0.55,11.0
2026-08-01,wk inc covid hosp,2,2026-08-15,21,quantile,0.6,12.0
2026-08-01,wk inc covid hosp,2,2026-08-15,21,quantile,0.65,14.0
2026-08-01,wk inc covid hosp,2,2026-08-15,21,quantile,0.7,14.0
2026-08-01,wk inc covid hosp,2,2026-08-15,21,quantile,0.75,15.0
2026-08-01,wk inc covid hosp,2,2026-08-15,21,quantile,0.8,17.0
2026-08-01,wk inc covid hosp,2,2026-08-15,21,quantile,0.85,19.0
2026-08-01,wk inc covid hosp,2,2026-08-15,21,quantile,0.9,19.0
2026-08-01,wk inc covid hosp,2,2026-08-15,21,quantile,0.95,32.0
2026-08-01,wk inc covid hosp,2,2026-08-15,21,quantile,0.975,50.0
2026-08-01,wk inc covid hosp,2,2026-08-15,21,quantile,0.99,101.0
2026-08-01,wk inc covid hosp,2,2026-08-15,22,quantile,0.01,24.0
2026-08-01,wk inc covid hosp,2,2026-08-15,22,quantile,0.025,24.0
2026-08-01,wk inc covid hosp,2,2026-08-15,22,quantile,0.05,34.0
2026-08-01,wk inc covid hosp,2,2026-08-15,22,quantile,0.1,34.0
2026-08-01,wk inc covid hosp,2,2026-08-15,22,quantile,0.15,41.0
2026-08-01,wk inc covid hosp,2,2026-08-15,22,quantile,0.2,48.0
2026-08-01,wk inc covid hosp,2,2026-08-15,22,quantile,0.25,51.0
2026-08-01,wk inc covid hosp,2,2026-08-15,22,quantile,0.3,52.0
2026-08-01,wk inc covid hosp,2,2026-08-15,22,quantile,0.35,53.0
2026-08-01,wk inc covid hosp,2,2026-08-15,22,quantile,0.4,53.0
2026-08-01,wk inc covid hosp,2,2026-08-15,22,quantile,0.45,55.0
2026-08-01,wk inc covid hosp,2,2026-08-15,22,quantile,0.5,55.0
2026-08-01,wk inc covid hosp,2,2026-08-15,22,quantile,0.55,55.0
2026-08-01,wk inc covid hosp,2,2026-08-15,22,quantile,0.6,59.0
2026-08-01,wk inc covid hosp,2,2026-08-15,22,quantile,0.65,62.0
2026-08-01,wk inc covid hosp,2,2026-08-15,22,quantile,0.7,62.0
2026-08-01,wk inc covid hosp,2,2026-08-15,22,quantile,0.75,64.0
2026-08-01,wk inc covid hosp,2,2026-08-15,22,quantile,0.8,70.0
2026-08-01,wk inc covid hosp,2,2026-08-15,22,quantile,0.85,70.0
2026-08-01,wk inc covid hosp,2,2026-08-15,22,quantile,0.9,74.0
2026-08-01,wk inc covid hosp,2,2026-08-15,22,quantile,0.95,78.0
2026-08-01,wk inc covid hosp,2,2026-08-15,22,quantile,0.975,82.0
2026-08-01,wk inc covid hosp,2,2026-08-15,22,quantile,0.99,115.0
2026-08-01,wk inc covid hosp,2,2026-08-15,23,quantile,0.01,0.0
2026-08-01,wk inc covid hosp,2,2026-08-15,23,quantile,0.025,0.0
2026-08-01,wk inc covid hosp,2,2026-08-15,23,quantile,0.05,0.0
2026-08-01,wk inc covid hosp,2,2026-08-15,23,quantile,0.1,0.0
2026-08-01,wk inc covid hosp,2,2026-08-15,23,quantile,0.15,0.0
2026-08-01,wk inc covid hosp,2,2026-08-15,23,quantile,0.2,0.0
2026-08-01,wk inc covid hosp,2,2026-08-15,23,quantile,0.25,0.0
2026-08-01,wk inc covid hosp,2,2026-08-15,23,quantile,0.3,0.0
2026-08-01,wk inc covid hosp,2,2026-08-15,23,quantile,0.35,0.0
2026-08-01,wk inc covid hosp,2,2026-08-15,23,quantile,0.4,1.0
2026-08-01,wk inc covid hosp,2,2026-08-15,23,quantile,0.45,1.0
2026-08-01,wk inc covid hosp,2,2026-08-15,23,quantile,0.5,1.0
2026-08-01,wk inc covid hosp,2,2026-08-15,23,quantile,0.55,1.0
2026-08-01,wk inc covid hosp,2,2026-08-15,23,quantile,0.6,2.0
2026-08-01,wk inc covid hosp,2,2026-08-15,23,quantile,0.65,2.0
2026-08-01,wk inc covid hosp,2,2026-08-15,23,quantile,0.7,2.0
2026-08-01,wk inc covid hosp,2,2026-08-15,23,quantile,0.75,3.0
2026-08-01,wk inc covid hosp,2,2026-08-15,23,quantile,0.8,3.0
2026-08-01,wk inc covid hosp,2,2026-08-15,23,quantile,0.85,3.0
2026-08-01,wk inc covid hosp,2,2026-08-15,23,quantile,0.9,5.0
2026-08-01,wk inc covid hosp,2,2026-08-15,23,quantile,0.95,9.0
2026-08-01,wk inc covid hosp,2,2026-08-15,23,quantile,0.975,15.0
2026-08-01,wk inc covid hosp,2,2026-08-15,23,quantile,0.99,31.0
2026-08-01,wk inc covid hosp,2,2026-08-15,24,quantile,0.01,1.0
2026-08-01,wk inc covid hosp,2,2026-08-15,24,quantile,0.025,2.0
2026-08-01,wk inc covid hosp,2,2026-08-15,24,quantile,0.05,4.0
2026-08-01,wk inc covid hosp,2,2026-08-15,24,quantile,0.1,4.0
2026-08-01,wk inc covid hosp,2,2026-08-15,24,quantile,0.15,4.0
2026-08-01,wk inc covid hosp,2,2026-08-15,24,quantile,0.2,5.0
2026-08-01,wk inc covid hosp,2,2026-08-15,24,quantile,0.25,5.0
2026-08-01,wk inc covid hosp,2,2026-08-15,24,quantile,0.3,5.0
2026-08-01,wk inc covid hosp,2,2026-08-15,24,quantile,0.35,7.0
2026-08-01,wk inc covid hosp,2,2026-08-15,24,quantile,0.4,7.0
2026-08-01,wk inc covid hosp,2,2026-08-15,24,quantile,0.45,8.0
2026-08-01,wk inc covid hosp,2,2026-08-15,24,quantile,0.5,8.0
2026-08-01,wk inc covid hosp,2,2026-08-15,24,quantile,0.55,8.0
2026-08-01,wk inc covid hosp,2,2026-08-15,24,quantile,0.6,10.0
2026-08-01,wk inc covid hosp,2,2026-08-15,24,quantile,0.65,11.0
2026-08-01,wk inc covid hosp,2,2026-08-15,24,quantile,0.7,11.0
2026-08-01,wk inc covid hosp,2,2026-08-15,24,quantile,0.75,12.0
2026-08-01,wk inc covid hosp,2,2026-08-15,24,quantile,0.8,14.0
2026-08-01,wk inc covid hosp,2,2026-08-15,24,quantile,0.85,16.0
2026-08-01,wk inc covid hosp,2,2026-08-15,24,quantile,0.9,20.0
2026-08-01,wk inc covid hosp,2,2026-08-15,24,quantile,0.95,39.0
2026-08-01,wk inc covid hosp,2,2026-08-15,24,quantile,0.975,76.0
2026-08-01,wk inc covid hosp,2,2026-08-15,24,quantile,0.99,149.0
2026-08-01,wk inc covid hosp,2,2026-08-15,25,quantile,0.01,2.0
2026-08-01,wk inc covid hosp,2,2026-08-15,25,quantile,0.025,4.0
2026-08-01,wk inc covid hosp,2,2026-08-15,25,quantile,0.05,4.0
2026-08-01,wk inc covid hosp,2,2026-08-15,25,quantile,0.1,6.0
2026-08-01,wk inc covid hosp,2,2026-08-15,25,quantile,0.15,6.0
2026-08-01,wk inc covid hosp,2,2026-08-15,25,quantile,0.2,6.0
2026-08-01,wk inc covid hosp,2,2026-08-15,25,quantile,0.25,7.0
2026-08-01,wk inc covid hosp,2,2026-08-15,25,quantile,0.3,8.0
2026-08-01,wk inc covid hosp,2,2026-08-15,25,quantile,0.35,8.0
2026-08-01,wk inc covid hosp,2,2026-08-15,25,quantile,0.4,8.0
2026-08-01,wk inc covid hosp,2,2026-08-15,25,quantile,0.45,9.0
2026-08-01,wk inc covid hosp,2,2026-08-15,25,quantile,0.5,9.0
2026-08-01,wk inc covid hosp,2,2026-08-15,25,quantile,0.55,10.0
2026-08-01,wk inc covid hosp,2,2026-08-15,25,quantile,0.6,10.0
2026-08-01,wk inc covid hosp,2,2026-08-15,25,quantile,0.65,11.0
2026-08-01,wk inc covid hosp,2,2026-08-15,25,quantile,0.7,12.0
2026-08-01,wk inc covid hosp,2,2026-08-15,25,quantile,0.75,14.0
2026-08-01,wk inc covid hosp,2,2026-08-15,25,quantile,0.8,15.0
2026-08-01,wk inc covid hosp,2,2026-08-15,25,quantile,0.85,17.0
2026-08-01,wk inc covid hosp,2,2026-08-15,25,quantile,0.9,22.0
2026-08-01,wk inc covid hosp,2,2026-08-15,25,quantile,0.95,48.0
2026-08-01,wk inc covid hosp,2,2026-08-15,25,quantile,0.975,89.0
2026-08-01,wk inc covid hosp,2,2026-08-15,25,quantile,0.99,174.0
2026-08-01,wk inc covid hosp,2,2026-08-15,26,quantile,0.01,4.0
2026-08-01,wk inc covid hosp,2,2026-08-15,26,quantile,0.025,10.0
2026-08-01,wk inc covid hosp,2,2026-08-15,26,quantile,0.05,11.0
2026-08-01,wk inc covid hosp,2,2026-08-15,26,quantile,0.1,11.0
2026-08-01,wk inc covid hosp,2,2026-08-15,26,quantile,0.15,11.0
2026-08-01,wk inc covid hosp,2,2026-08-15,26,quantile,0.2,11.0
2026-08-01,wk inc covid hosp,2,2026-08-15,26,quantile,0.25,12.0
2026-08-01,wk inc covid hosp,2,2026-08-15,26,quantile,0.3,15.0
2026-08-01,wk inc covid hosp,2,2026-08-15,26,quantile,0.35,15.0
2026-08-01,wk inc covid hosp,2,2026-08-15,26,quantile,0.4,15.0
2026-08-01,wk inc covid hosp,2,2026-08-15,26,quantile,0.45,16.0
2026-08-01,wk inc covid hosp,2,2026-08-15,26,quantile,0.5,16.0
2026-08-01,wk inc covid hosp,2,2026-08-15,26,quantile,0.55,18.0
2026-08-01,wk inc covid hosp,2,2026-08-15,26,quantile,0.6,19.0
2026-08-01,wk inc covid hosp,2,2026-08-15,26,quantile,0.65,22.0
2026-08-01,wk inc covid hosp,2,2026-08-15,26,quantile,0.7,24.0
2026-08-01,wk inc covid hosp,2,2026-08-15,26,quantile,0.75,24.0
2026-08-01,wk inc covid hosp,2,2026-08-15,26,quantile,0.8,26.0
2026-08-01,wk inc covid hosp,2,2026-08-15,26,quantile,0.85,29.0
2026-08-01,wk inc covid hosp,2,2026-08-15,26,quantile,0.9,32.0
2026-08-01,wk inc covid hosp,2,2026-08-15,26,quantile,0.95,63.0
2026-08-01,wk inc covid hosp,2,2026-08-15,26,quantile,0.975,124.0
2026-08-01,wk inc covid hosp,2,2026-08-15,26,quantile,0.99,266.0
2026-08-01,wk inc covid hosp,2,2026-08-15,27,quantile,0.01,2.0
2026-08-01,wk inc covid hosp,2,2026-08-15,27,quantile,0.025,3.0
2026-08-01,wk inc covid hosp,2,2026-08-15,27,quantile,0.05,4.0
2026-08-01,wk inc covid hosp,2,2026-08-15,27,quantile,0.1,5.0
2026-08-01,wk inc covid hosp,2,2026-08-15,27,quantile,0.15,5.0
2026-08-01,wk inc covid hosp,2,2026-08-15,27,quantile,0.2,5.0
2026-08-01,wk inc covid hosp,2,2026-08-15,27,quantile,0.25,5.0
2026-08-01,wk inc covid hosp,2,2026-08-15,27,quantile,0.3,5.0
2026-08-01,wk inc covid hosp,2,2026-08-15,27,quantile,0.35,5.0
2026-08-01,wk inc covid hosp,2,2026-08-15,27,quantile,0.4,6.0
2026-08-01,wk inc covid hosp,2,2026-08-15,27,quantile,0.45,7.0
2026-08-01,wk inc covid hosp,2,2026-08-15,27,quantile,0.5,7.0
2026-08-01,wk inc covid hosp,2,2026-08-15,27,quantile,0.55,7.0
2026-08-01,wk inc covid hosp,2,2026-08-15,27,quantile,0.6,8.0
2026-08-01,wk inc covid hosp,2,2026-08-15,27,quantile,0.65,10.0
2026-08-01,wk inc covid hosp,2,2026-08-15,27,quantile,0.7,10.0
2026-08-01,wk inc covid hosp,2,2026-08-15,27,quantile,0.75,11.0
2026-08-01,wk inc covid hosp,2,2026-08-15,27,quantile,0.8,12.0
2026-08-01,wk inc covid hosp,2,2026-08-15,27,quantile,0.85,13.0
2026-08-01,wk inc covid hosp,2,2026-08-15,27,quantile,0.9,18.0
2026-08-01,wk inc covid hosp,2,2026-08-15,27,quantile,0.95,35.0
2026-08-01,wk inc covid hosp,2,2026-08-15,27,quantile,0.975,69.0
2026-08-01,wk inc covid hosp,2,2026-08-15,27,quantile,0.99,142.0
2026-08-01,wk inc covid hosp,2,2026-08-15,28,quantile,0.01,8.0
2026-08-01,wk inc covid hosp,2,2026-08-15,28,quantile,0.025,11.0
2026-08-01,wk inc covid hosp,2,2026-08-15,28,quantile,0.05,14.0
2026-08-01,wk inc covid hosp,2,2026-08-15,28,quantile,0.1,19.0
2026-08-01,wk inc covid hosp,2,2026-08-15,28,quantile,0.15,21.0
2026-08-01,wk inc covid hosp,2,2026-08-15,28,quantile,0.2,21.0
2026-08-01,wk inc covid hosp,2,2026-08-15,28,quantile,0.25,21.0
2026-08-01,wk inc covid hosp,2,2026-08-15,28,quantile,0.3,21.0
2026-08-01,wk inc covid hosp,2,2026-08-15,28,quantile,0.35,21.0
2026-08-01,wk inc covid hosp,2,2026-08-15,28,quantile,0.4,23.0
2026-08-01,wk inc covid hosp,2,2026-08-15,28,quantile,0.45,24.0
2026-08-01,wk inc covid hosp,2,2026-08-15,28,quantile,0.5,24.0
2026-08-01,wk inc covid hosp,2,2026-08-15,28,quantile,0.55,24.0
2026-08-01,wk inc covid hosp,2,2026-08-15,28,quantile,0.6,25.0
2026-08-01,wk inc covid hosp,2,2026-08-15,28,quantile,0.65,27.0
2026-08-01,wk inc covid hosp,2,2026-08-15,28,quantile,0.7,28.0
2026-08-01,wk inc covid hosp,2,2026-08-15,28,quantile,0.75,29.0
2026-08-01,wk inc covid hosp,2,2026-08-15,28,quantile,0.8,29.0
2026-08-01,wk inc covid hosp,2,2026-08-15,28,quantile,0.85,30.0
2026-08-01,wk inc covid hosp,2,2026-08-15,28,quantile,0.9,34.0
2026-08-01,wk inc covid hosp,2,2026-08-15,28,quantile,0.95,39.0
2026-08-01,wk inc covid hosp,2,2026-08-15,28,quantile,0.975,45.0
2026-08-01,wk inc covid hosp,2,2026-08-15,28,quantile,0.99,64.0
2026-08-01,wk inc covid hosp,2,2026-08-15,29,quantile,0.01,2.0
2026-08-01,wk inc covid hosp,2,2026-08-15,29,quantile,0.025,5.0
2026-08-01,wk inc covid hosp,2,2026-08-15,29,quantile,0.05,5.0
2026-08-01,wk inc covid hosp,2,2026-08-15,29,quantile,0.1,6.0
2026-08-01,wk inc covid hosp,2,2026-08-15,29,quantile,0.15,6.0
2026-08-01,wk inc covid hosp,2,2026-08-15,29,quantile,0.2,7.0
2026-08-01,wk inc covid hosp,2,2026-08-15,29,quantile,0.25,7.0
2026-08-01,wk inc covid hosp,2,2026-08-15,29,quantile,0.3,8.0
2026-08-01,wk inc covid hosp,2,2026-08-15,29,quantile,0.35,9.0
2026-08-01,wk inc covid hosp,2,2026-08-15,29,quantile,0.4,9.0
2026-08-01,wk inc covid hosp,2,2026-08-15,29,quantile,0.45,9.0
2026-08-01,wk inc covid hosp,2,2026-08-15,29,quantile,0.5,10.0
2026-08-01,wk inc covid hosp,2,2026-08-15,29,quantile,0.55,10.0
2026-08-01,wk inc covid hosp,2,2026-08-15,29,quantile,0.6,11.0
2026-08-01,wk inc covid hosp,2,2026-08-15,29,quantile,0.65,12.0
2026-08-01,wk inc covid hosp,2,2026-08-15,29,quantile,0.7,14.0
2026-08-01,wk inc covid hosp,2,2026-08-15,29,quantile,0.75,15.0
2026-08-01,wk inc covid hosp,2,2026-08-15,29,quantile,0.8,17.0
2026-08-01,wk inc covid hosp,2,2026-08-15,29,quantile,0.85,19.0
2026-08-01,wk inc covid hosp,2,2026-08-15,29,quantile,0.9,22.0
2026-08-01,wk inc covid hosp,2,2026-08-15,29,quantile,0.95,43.0
2026-08-01,wk inc covid hosp,2,2026-08-15,29,quantile,0.975,86.0
2026-08-01,wk inc covid hosp,2,2026-08-15,29,quantile,0.99,167.0
2026-08-01,wk inc covid hosp,2,2026-08-15,30,quantile,0.01,0.0
2026-08-01,wk inc covid hosp,2,2026-08-15,30,quantile,0.025,0.0
2026-08-01,wk inc covid hosp,2,2026-08-15,30,quantile,0.05,0.0
2026-08-01,wk inc covid hosp,2,2026-08-15,30,quantile,0.1,0.0
2026-08-01,wk inc covid hosp,2,2026-08-15,30,quantile,0.15,0.0
2026-08-01,wk inc covid hosp,2,2026-08-15,30,quantile,0.2,0.0
2026-08-01,wk inc covid hosp,2,2026-08-15,30,quantile,0.25,0.0
2026-08-01,wk inc covid hosp,2,2026-08-15,30,quantile,0.3,1.0
2026-08-01,wk inc covid hosp,2,2026-08-15,30,quantile,0.35,1.0
2026-08-01,wk inc covid hosp,2,2026-08-15,30,quantile,0.4,1.0
2026-08-01,wk inc covid hosp,2,2026-08-15,30,quantile,0.45,2.0
2026-08-01,wk inc covid hosp,2,2026-08-15,30,quantile,0.5,2.0
2026-08-01,wk inc covid hosp,2,2026-08-15,30,quantile,0.55,2.0
2026-08-01,wk inc covid hosp,2,2026-08-15,30,quantile,0.6,2.0
2026-08-01,wk inc covid hosp,2,2026-08-15,30,quantile,0.65,3.0
2026-08-01,wk inc covid hosp,2,2026-08-15,30,quantile,0.7,3.0
2026-08-01,wk inc covid hosp,2,2026-08-15,30,quantile,0.75,3.0
2026-08-01,wk inc covid hosp,2,2026-08-15,30,quantile,0.8,4.0
2026-08-01,wk inc covid hosp,2,2026-08-15,30,quantile,0.85,4.0
2026-08-01,wk inc covid hosp,2,2026-08-15,30,quantile,0.9,5.0
2026-08-01,wk inc covid hosp,2,2026-08-15,30,quantile,0.95,10.0
2026-08-01,wk inc covid hosp,2,2026-08-15,30,quantile,0.975,14.0
2026-08-01,wk inc covid hosp,2,2026-08-15,30,quantile,0.99,25.0
2026-08-01,wk inc covid hosp,2,2026-08-15,31,quantile,0.01,0.0
2026-08-01,wk inc covid hosp,2,2026-08-15,31,quantile,0.025,0.0
2026-08-01,wk inc covid hosp,2,2026-08-15,31,quantile,0.05,0.0
2026-08-01,wk inc covid hosp,2,2026-08-15,31,quantile,0.1,1.0
2026-08-01,wk inc covid hosp,2,2026-08-15,31,quantile,0.15,1.0
2026-08-01,wk inc covid hosp,2,2026-08-15,31,quantile,0.2,1.0
2026-08-01,wk inc covid hosp,2,2026-08-15,31,quantile,0.25,1.0
2026-08-01,wk inc covid hosp,2,2026-08-15,31,quantile,0.3,1.0
2026-08-01,wk inc covid hosp,2,2026-08-15,31,quantile,0.35,2.0
2026-08-01,wk inc covid hosp,2,2026-08-15,31,quantile,0.4,2.0
2026-08-01,wk inc covid hosp,2,2026-08-15,31,quantile,0.45,3.0
2026-08-01,wk inc covid hosp,2,2026-08-15,31,quantile,0.5,3.0
2026-08-01,wk inc covid hosp,2,2026-08-15,31,quantile,0.55,3.0
2026-08-01,wk inc covid hosp,2,2026-08-15,31,quantile,0.6,3.0
2026-08-01,wk inc covid hosp,2,2026-08-15,31,quantile,0.65,4.0
2026-08-01,wk inc covid hosp,2,2026-08-15,31,quantile,0.7,4.0
2026-08-01,wk inc covid hosp,2,2026-08-15,31,quantile,0.75,5.0
2026-08-01,wk inc covid hosp,2,2026-08-15,31,quantile,0.8,5.0
2026-08-01,wk inc covid hosp,2,2026-08-15,31,quantile,0.85,6.0
2026-08-01,wk inc covid hosp,2,2026-08-15,31,quantile,0.9,7.0
2026-08-01,wk inc covid hosp,2,2026-08-15,31,quantile,0.95,13.0
2026-08-01,wk inc covid hosp,2,2026-08-15,31,quantile,0.975,23.0
2026-08-01,wk inc covid hosp,2,2026-08-15,31,quantile,0.99,48.0
2026-08-01,wk inc covid hosp,2,2026-08-15,32,quantile,0.01,3.0
2026-08-01,wk inc covid hosp,2,2026-08-15,32,quantile,0.025,6.0
2026-08-01,wk inc covid hosp,2,2026-08-15,32,quantile,0.05,6.0
2026-08-01,wk inc covid hosp,2,2026-08-15,32,quantile,0.1,9.0
2026-08-01,wk inc covid hosp,2,2026-08-15,32,quantile,0.15,10.0
2026-08-01,wk inc covid hosp,2,2026-08-15,32,quantile,0.2,10.0
2026-08-01,wk inc covid hosp,2,2026-08-15,32,quantile,0.25,10.0
2026-08-01,wk inc covid hosp,2,2026-08-15,32,quantile,0.3,12.0
2026-08-01,wk inc covid hosp,2,2026-08-15,32,quantile,0.35,12.0
2026-08-01,wk inc covid hosp,2,2026-08-15,32,quantile,0.4,13.0
2026-08-01,wk inc covid hosp,2,2026-08-15,32,quantile,0.45,14.0
2026-08-01,wk inc covid hosp,2,2026-08-15,32,quantile,0.5,14.0
2026-08-01,wk inc covid hosp,2,2026-08-15,32,quantile,0.55,14.0
2026-08-01,wk inc covid hosp,2,2026-08-15,32,quantile,0.6,15.0
2026-08-01,wk inc covid hosp,2,2026-08-15,32,quantile,0.65,17.0
2026-08-01,wk inc covid hosp,2,2026-08-15,32,quantile,0.7,18.0
2026-08-01,wk inc covid hosp,2,2026-08-15,32,quantile,0.75,19.0
2026-08-01,wk inc covid hosp,2,2026-08-15,32,quantile,0.8,19.0
2026-08-01,wk inc covid hosp,2,2026-08-15,32,quantile,0.85,19.0
2026-08-01,wk inc covid hosp,2,2026-08-15,32,quantile,0.9,20.0
2026-08-01,wk inc covid hosp,2,2026-08-15,32,quantile,0.95,25.0
2026-08-01,wk inc covid hosp,2,2026-08-15,32,quantile,0.975,39.0
2026-08-01,wk inc covid hosp,2,2026-08-15,32,quantile,0.99,74.0
2026-08-01,wk inc covid hosp,2,2026-08-15,33,quantile,0.01,0.0
2026-08-01,wk inc covid hosp,2,2026-08-15,33,quantile,0.025,0.0
2026-08-01,wk inc covid hosp,2,2026-08-15,33,quantile,0.05,0.0
2026-08-01,wk inc covid hosp,2,2026-08-15,33,quantile,0.1,0.0
2026-08-01,wk inc covid hosp,2,2026-08-15,33,quantile,0.15,1.0
2026-08-01,wk inc covid hosp,2,2026-08-15,33,quantile,0.2,1.0
2026-08-01,wk inc covid hosp,2,2026-08-15,33,quantile,0.25,1.0
2026-08-01,wk inc covid hosp,2,2026-08-15,33,quantile,0.3,2.0
2026-08-01,wk inc covid hosp,2,2026-08-15,33,quantile,0.35,2.0
2026-08-01,wk inc covid hosp,2,2026-08-15,33,quantile,0.4,2.0
2026-08-01,wk inc covid hosp,2,2026-08-15,33,quantile,0.45,3.0
2026-08-01,wk inc covid hosp,2,2026-08-15,33,quantile,0.5,3.0
2026-08-01,wk inc covid hosp,2,2026-08-15,33,quantile,0.55,3.0
2026-08-01,wk inc covid hosp,2,2026-08-15,33,quantile,0.6,3.0
2026-08-01,wk inc covid hosp,2,2026-08-15,33,quantile,0.65,4.0
2026-08-01,wk inc covid hosp,2,2026-08-15,33,quantile,0.7,4.0
2026-08-01,wk inc covid hosp,2,2026-08-15,33,quantile,0.75,4.0
2026-08-01,wk inc covid hosp,2,2026-08-15,33,quantile,0.8,5.0
2026-08-01,wk inc covid hosp,2,2026-08-15,33,quantile,0.85,6.0
2026-08-01,wk inc covid hosp,2,2026-08-15,33,quantile,0.9,6.0
2026-08-01,wk inc covid hosp,2,2026-08-15,33,quantile,0.95,10.0
2026-08-01,wk inc covid hosp,2,2026-08-15,33,quantile,0.975,16.0
2026-08-01,wk inc covid hosp,2,2026-08-15,33,quantile,0.99,32.0
2026-08-01,wk inc covid hosp,2,2026-08-15,34,quantile,0.01,18.0
2026-08-01,wk inc covid hosp,2,2026-08-15,34,quantile,0.025,22.0
2026-08-01,wk inc covid hosp,2,2026-08-15,34,quantile,0.05,23.0
2026-08-01,wk inc covid hosp,2,2026-08-15,34,quantile,0.1,32.0
2026-08-01,wk inc covid hosp,2,2026-08-15,34,quantile,0.15,32.0
2026-08-01,wk inc covid hosp,2,2026-08-15,34,quantile,0.2,32.0
2026-08-01,wk inc covid hosp,2,2026-08-15,34,quantile,0.25,33.0
2026-08-01,wk inc covid hosp,2,2026-08-15,34,quantile,0.3,37.0
2026-08-01,wk inc covid hosp,2,2026-08-15,34,quantile,0.35,37.0
2026-08-01,wk inc covid hosp,2,2026-08-15,34,quantile,0.4,37.0
2026-08-01,wk inc covid hosp,2,2026-08-15,34,quantile,0.45,38.0
2026-08-01,wk inc covid hosp,2,2026-08-15,34,quantile,0.5,38.0
2026-08-01,wk inc covid hosp,2,2026-08-15,34,quantile,0.55,38.0
2026-08-01,wk inc covid hosp,2,2026-08-15,34,quantile,0.6,38.0
2026-08-01,wk inc covid hosp,2,2026-08-15,34,quantile,0.65,41.0
2026-08-01,wk inc covid hosp,2,2026-08-15,34,quantile,0.7,41.0
2026-08-01,wk inc covid hosp,2,2026-08-15,34,quantile,0.75,46.0
2026-08-01,wk inc covid hosp,2,2026-08-15,34,quantile,0.8,48.0
2026-08-01,wk inc covid hosp,2,2026-08-15,34,quantile,0.85,54.0
2026-08-01,wk inc covid hosp,2,2026-08-15,34,quantile,0.9,63.0
2026-08-01,wk inc covid hosp,2,2026-08-15,34,quantile,0.95,82.0
2026-08-01,wk inc covid hosp,2,2026-08-15,34,quantile,0.975,107.0
2026-08-01,wk inc covid hosp,2,2026-08-15,34,quantile,0.99,223.0
2026-08-01,wk inc covid hosp,2,2026-08-15,35,quantile,0.01,1.0
2026-08-01,wk inc covid hosp,2,2026-08-15,35,quantile,0.025,1.0
2026-08-01,wk inc covid hosp,2,2026-08-15,35,quantile,0.05,1.0
2026-08-01,wk inc covid hosp,2,2026-08-15,35,quantile,0.1,1.0
2026-08-01,wk inc covid hosp,2,2026-08-15,35,quantile,0.15,2.0
2026-08-01,wk inc covid hosp,2,2026-08-15,35,quantile,0.2,3.0
2026-08-01,wk inc covid hosp,2,2026-08-15,35,quantile,0.25,3.0
2026-08-01,wk inc covid hosp,2,2026-08-15,35,quantile,0.3,4.0
2026-08-01,wk inc covid hosp,2,2026-08-15,35,quantile,0.35,4.0
2026-08-01,wk inc covid hosp,2,2026-08-15,35,quantile,0.4,4.0
2026-08-01,wk inc covid hosp,2,2026-08-15,35,quantile,0.45,4.0
2026-08-01,wk inc covid hosp,2,2026-08-15,35,quantile,0.5,4.0
2026-08-01,wk inc covid hosp,2,2026-08-15,35,quantile,0.55,4.0
2026-08-01,wk inc covid hosp,2,2026-08-15,35,quantile,0.6,5.0
2026-08-01,wk inc covid hosp,2,2026-08-15,35,quantile,0.65,6.0
2026-08-01,wk inc covid hosp,2,2026-08-15,35,quantile,0.7,6.0
2026-08-01,wk inc covid hosp,2,2026-08-15,35,quantile,0.75,6.0
2026-08-01,wk inc covid hosp,2,2026-08-15,35,quantile,0.8,7.0
2026-08-01,wk inc covid hosp,2,2026-08-15,35,quantile,0.85,7.0
2026-08-01,wk inc covid hosp,2,2026-08-15,35,quantile,0.9,8.0
2026-08-01,wk inc covid hosp,2,2026-08-15,35,quantile,0.95,15.0
2026-08-01,wk inc covid hosp,2,2026-08-15,35,quantile,0.975,27.0
2026-08-01,wk inc covid hosp,2,2026-08-15,35,quantile,0.99,55.0
2026-08-01,wk inc covid hosp,2,2026-08-15,36,quantile,0.01,46.0
2026-08-01,wk inc covid hosp,2,2026-08-15,36,quantile,0.025,54.0
2026-08-01,wk inc covid hosp,2,2026-08-15,36,quantile,0.05,63.0
2026-08-01,wk inc covid hosp,2,2026-08-15,36,quantile,0.1,67.0
2026-08-01,wk inc covid hosp,2,2026-08-15,36,quantile,0.15,67.0
2026-08-01,wk inc covid hosp,2,2026-08-15,36,quantile,0.2,69.0
2026-08-01,wk inc covid hosp,2,2026-08-15,36,quantile,0.25,71.0
2026-08-01,wk inc covid hosp,2,2026-08-15,36,quantile,0.3,78.0
2026-08-01,wk inc covid hosp,2,2026-08-15,36,quantile,0.35,79.0
2026-08-01,wk inc covid hosp,2,2026-08-15,36,quantile,0.4,79.0
2026-08-01,wk inc covid hosp,2,2026-08-15,36,quantile,0.45,79.0
2026-08-01,wk inc covid hosp,2,2026-08-15,36,quantile,0.5,80.0
2026-08-01,wk inc covid hosp,2,2026-08-15,36,quantile,0.55,80.0
2026-08-01,wk inc covid hosp,2,2026-08-15,36,quantile,0.6,84.0
2026-08-01,wk inc covid hosp,2,2026-08-15,36,quantile,0.65,92.0
2026-08-01,wk inc covid hosp,2,2026-08-15,36,quantile,0.7,92.0
2026-08-01,wk inc covid hosp,2,2026-08-15,36,quantile,0.75,96.0
2026-08-01,wk inc covid hosp,2,2026-08-15,36,quantile,0.8,97.0
2026-08-01,wk inc covid hosp,2,2026-08-15,36,quantile,0.85,112.0
2026-08-01,wk inc covid hosp,2,2026-08-15,36,quantile,0.9,119.0
2026-08-01,wk inc covid hosp,2,2026-08-15,36,quantile,0.95,160.0
2026-08-01,wk inc covid hosp,2,2026-08-15,36,quantile,0.975,237.0
2026-08-01,wk inc covid hosp,2,2026-08-15,36,quantile,0.99,485.0
2026-08-01,wk inc covid hosp,2,2026-08-15,37,quantile,0.01,17.0
2026-08-01,wk inc covid hosp,2,2026-08-15,37,quantile,0.025,25.0
2026-08-01,wk inc covid hosp,2,2026-08-15,37,quantile,0.05,28.0
2026-08-01,wk inc covid hosp,2,2026-08-15,37,quantile,0.1,40.0
2026-08-01,wk inc covid hosp,2,2026-08-15,37,quantile,0.15,40.0
2026-08-01,wk inc covid hosp,2,2026-08-15,37,quantile,0.2,40.0
2026-08-01,wk inc covid hosp,2,2026-08-15,37,quantile,0.25,40.0
2026-08-01,wk inc covid hosp,2,2026-08-15,37,quantile,0.3,43.0
2026-08-01,wk inc covid hosp,2,2026-08-15,37,quantile,0.35,44.0
2026-08-01,wk inc covid hosp,2,2026-08-15,37,quantile,0.4,44.0
2026-08-01,wk inc covid hosp,2,2026-08-15,37,quantile,0.45,47.0
2026-08-01,wk inc covid hosp,2,2026-08-15,37,quantile,0.5,47.0
2026-08-01,wk inc covid hosp,2,2026-08-15,37,quantile,0.55,47.0
2026-08-01,wk inc covid hosp,2,2026-08-15,37,quantile,0.6,48.0
2026-08-01,wk inc covid hosp,2,2026-08-15,37,quantile,0.65,51.0
2026-08-01,wk inc covid hosp,2,2026-08-15,37,quantile,0.7,53.0
2026-08-01,wk inc covid hosp,2,2026-08-15,37,quantile,0.75,55.0
2026-08-01,wk inc covid hosp,2,2026-08-15,37,quantile,0.8,57.0
2026-08-01,wk inc covid hosp,2,2026-08-15,37,quantile,0.85,62.0
2026-08-01,wk inc covid hosp,2,2026-08-15,37,quantile,0.9,67.0
2026-08-01,wk inc covid hosp,2,2026-08-15,37,quantile,0.95,85.0
2026-08-01,wk inc covid hosp,2,2026-08-15,37,quantile,0.975,128.0
2026-08-01,wk inc covid hosp,2,2026-08-15,37,quantile,0.99,257.0
2026-08-01,wk inc covid hosp,2,2026-08-15,38,quantile,0.01,0.0
2026-08-01,wk inc covid hosp,2,2026-08-15,38,quantile,0.025,0.0
2026-08-01,wk inc covid hosp,2,2026-08-15,38,quantile,0.05,0.0
2026-08-01,wk inc covid hosp,2,2026-08-15,38,quantile,0.1,0.0
2026-08-01,wk inc covid hosp,2,2026-08-15,38,quantile,0.15,0.0
2026-08-01,wk inc covid hosp,2,2026-08-15,38,quantile,0.2,0.0
2026-08-01,wk inc covid hosp,2,2026-08-15,38,quantile,0.25,1.0
2026-08-01,wk inc covid hosp,2,2026-08-15,38,quantile,0.3,1.0
2026-08-01,wk inc covid hosp,2,2026-08-15,38,quantile,0.35,1.0
2026-08-01,wk inc covid hosp,2,2026-08-15,38,quantile,0.4,1.0
2026-08-01,wk inc covid hosp,2,2026-08-15,38,quantile,0.45,1.0
2026-08-01,wk inc covid hosp,2,2026-08-15,38,quantile,0.5,2.0
2026-08-01,wk inc covid hosp,2,2026-08-15,38,quantile,0.55,2.0
2026-08-01,wk inc covid hosp,2,2026-08-15,38,quantile,0.6,2.0
2026-08-01,wk inc covid hosp,2,2026-08-15,38,quantile,0.65,2.0
2026-08-01,wk inc covid hosp,2,2026-08-15,38,quantile,0.7,2.0
2026-08-01,wk inc covid hosp,2,2026-08-15,38,quantile,0.75,2.0
2026-08-01,wk inc covid hosp,2,2026-08-15,38,quantile,0.8,3.0
2026-08-01,wk inc covid hosp,2,2026-08-15,38,quantile,0.85,3.0
2026-08-01,wk inc covid hosp,2,2026-08-15,38,quantile,0.9,3.0
2026-08-01,wk inc covid hosp,2,2026-08-15,38,quantile,0.95,6.0
2026-08-01,wk inc covid hosp,2,2026-08-15,38,quantile,0.975,9.0
2026-08-01,wk inc covid hosp,2,2026-08-15,38,quantile,0.99,18.0
2026-08-01,wk inc covid hosp,2,2026-08-15,39,quantile,0.01,4.0
2026-08-01,wk inc covid hosp,2,2026-08-15,39,quantile,0.025,7.0
2026-08-01,wk inc covid hosp,2,2026-08-15,39,quantile,0.05,16.0
2026-08-01,wk inc covid hosp,2,2026-08-15,39,quantile,0.1,16.0
2026-08-01,wk inc covid hosp,2,2026-08-15,39,quantile,0.15,16.0
2026-08-01,wk inc covid hosp,2,2026-08-15,39,quantile,0.2,16.0
2026-08-01,wk inc covid hosp,2,2026-08-15,39,quantile,0.25,16.0
2026-08-01,wk inc covid hosp,2,2026-08-15,39,quantile,0.3,18.0
2026-08-01,wk inc covid hosp,2,2026-08-15,39,quantile,0.35,18.0
2026-08-01,wk inc covid hosp,2,2026-08-15,39,quantile,0.4,18.0
2026-08-01,wk inc covid hosp,2,2026-08-15,39,quantile,0.45,19.0
2026-08-01,wk inc covid hosp,2,2026-08-15,39,quantile,0.5,20.0
2026-08-01,wk inc covid hosp,2,2026-08-15,39,quantile,0.55,21.0
2026-08-01,wk inc covid hosp,2,2026-08-15,39,quantile,0.6,23.0
2026-08-01,wk inc covid hosp,2,2026-08-15,39,quantile,0.65,27.0
2026-08-01,wk inc covid hosp,2,2026-08-15,39,quantile,0.7,27.0
2026-08-01,wk inc covid hosp,2,2026-08-15,39,quantile,0.75,27.0
2026-08-01,wk inc covid hosp,2,2026-08-15,39,quantile,0.8,31.0
2026-08-01,wk inc covid hosp,2,2026-08-15,39,quantile,0.85,36.0
2026-08-01,wk inc covid hosp,2,2026-08-15,39,quantile,0.9,41.0
2026-08-01,wk inc covid hosp,2,2026-08-15,39,quantile,0.95,77.0
2026-08-01,wk inc covid hosp,2,2026-08-15,39,quantile,0.975,143.0
2026-08-01,wk inc covid hosp,2,2026-08-15,39,quantile,0.99,294.0
2026-08-01,wk inc covid hosp,2,2026-08-15,40,quantile,0.01,2.0
2026-08-01,wk inc covid hosp,2,2026-08-15,40,quantile,0.025,3.0
2026-08-01,wk inc covid hosp,2,2026-08-15,40,quantile,0.05,3.0
2026-08-01,wk inc covid hosp,2,2026-08-15,40,quantile,0.1,3.0
2026-08-01,wk inc covid hosp,2,2026-08-15,40,quantile,0.15,4.0
2026-08-01,wk inc covid hosp,2,2026-08-15,40,quantile,0.2,5.0
2026-08-01,wk inc covid hosp,2,2026-08-15,40,quantile,0.25,5.0
2026-08-01,wk inc covid hosp,2,2026-08-15,40,quantile,0.3,6.0
2026-08-01,wk inc covid hosp,2,2026-08-15,40,quantile,0.35,6.0
2026-08-01,wk inc covid hosp,2,2026-08-15,40,quantile,0.4,6.0
2026-08-01,wk inc covid hosp,2,2026-08-15,40,quantile,0.45,7.0
2026-08-01,wk inc covid hosp,2,2026-08-15,40,quantile,0.5,7.0
2026-08-01,wk inc covid hosp,2,2026-08-15,40,quantile,0.55,7.0
2026-08-01,wk inc covid hosp,2,2026-08-15,40,quantile,0.6,8.0
2026-08-01,wk inc covid hosp,2,2026-08-15,40,quantile,0.65,9.0
2026-08-01,wk inc covid hosp,2,2026-08-15,40,quantile,0.7,10.0
2026-08-01,wk inc covid hosp,2,2026-08-15,40,quantile,0.75,10.0
2026-08-01,wk inc covid hosp,2,2026-08-15,40,quantile,0.8,12.0
2026-08-01,wk inc covid hosp,2,2026-08-15,40,quantile,0.85,12.0
2026-08-01,wk inc covid hosp,2,2026-08-15,40,quantile,0.9,14.0
2026-08-01,wk inc covid hosp,2,2026-08-15,40,quantile,0.95,25.0
2026-08-01,wk inc covid hosp,2,2026-08-15,40,quantile,0.975,47.0
2026-08-01,wk inc covid hosp,2,2026-08-15,40,quantile,0.99,96.0
2026-08-01,wk inc covid hosp,2,2026-08-15,41,quantile,0.01,1.0
2026-08-01,wk inc covid hosp,2,2026-08-15,41,quantile,0.025,1.0
2026-08-01,wk inc covid hosp,2,2026-08-15,41,quantile,0.05,1.0
2026-08-01,wk inc covid hosp,2,2026-08-15,41,quantile,0.1,3.0
2026-08-01,wk inc covid hosp,2,2026-08-15,41,quantile,0.15,3.0
2026-08-01,wk inc covid hosp,2,2026-08-15,41,quantile,0.2,4.0
2026-08-01,wk inc covid hosp,2,2026-08-15,41,quantile,0.25,5.0
2026-08-01,wk inc covid hosp,2,2026-08-15,41,quantile,0.3,6.0
2026-08-01,wk inc covid hosp,2,2026-08-15,41,quantile,0.35,6.0
2026-08-01,wk inc covid hosp,2,2026-08-15,41,quantile,0.4,6.0
2026-08-01,wk inc covid hosp,2,2026-08-15,41,quantile,0.45,6.0
2026-08-01,wk inc covid hosp,2,2026-08-15,41,quantile,0.5,7.0
2026-08-01,wk inc covid hosp,2,2026-08-15,41,quantile,0.55,7.0
2026-08-01,wk inc covid hosp,2,2026-08-15,41,quantile,0.6,7.0
2026-08-01,wk inc covid hosp,2,2026-08-15,41,quantile,0.65,8.0
2026-08-01,wk inc covid hosp,2,2026-08-15,41,quantile,0.7,9.0
2026-08-01,wk inc covid hosp,2,2026-08-15,41,quantile,0.75,10.0
2026-08-01,wk inc covid hosp,2,2026-08-15,41,quantile,0.8,11.0
2026-08-01,wk inc covid hosp,2,2026-08-15,41,quantile,0.85,12.0
2026-08-01,wk inc covid hosp,2,2026-08-15,41,quantile,0.9,15.0
2026-08-01,wk inc covid hosp,2,2026-08-15,41,quantile,0.95,28.0
2026-08-01,wk inc covid hosp,2,2026-08-15,41,quantile,0.975,53.0
2026-08-01,wk inc covid hosp,2,2026-08-15,41,quantile,0.99,107.0
2026-08-01,wk inc covid hosp,2,2026-08-15,42,quantile,0.01,17.0
2026-08-01,wk inc covid hosp,2,2026-08-15,42,quantile,0.025,31.0
2026-08-01,wk inc covid hosp,2,2026-08-15,42,quantile,0.05,35.0
2026-08-01,wk inc covid hosp,2,2026-08-15,42,quantile,0.1,39.0
2026-08-01,wk inc covid hosp,2,2026-08-15,42,quantile,0.15,41.0
2026-08-01,wk inc covid hosp,2,2026-08-15,42,quantile,0.2,41.0
2026-08-01,wk inc covid hosp,2,2026-08-15,42,quantile,0.25,42.0
2026-08-01,wk inc covid hosp,2,2026-08-15,42,quantile,0.3,46.0
2026-08-01,wk inc covid hosp,2,2026-08-15,42,quantile,0.35,48.0
2026-08-01,wk inc covid hosp,2,2026-08-15,42,quantile,0.4,49.0
2026-08-01,wk inc covid hosp,2,2026-08-15,42,quantile,0.45,49.0
2026-08-01,wk inc covid hosp,2,2026-08-15,42,quantile,0.5,49.0
2026-08-01,wk inc covid hosp,2,2026-08-15,42,quantile,0.55,49.0
2026-08-01,wk inc covid hosp,2,2026-08-15,42,quantile,0.6,53.0
2026-08-01,wk inc covid hosp,2,2026-08-15,42,quantile,0.65,58.0
2026-08-01,wk inc covid hosp,2,2026-08-15,42,quantile,0.7,58.0
2026-08-01,wk inc covid hosp,2,2026-08-15,42,quantile,0.75,61.0
2026-08-01,wk inc covid hosp,2,2026-08-15,42,quantile,0.8,61.0
2026-08-01,wk inc covid hosp,2,2026-08-15,42,quantile,0.85,64.0
2026-08-01,wk inc covid hosp,2,2026-08-15,42,quantile,0.9,73.0
2026-08-01,wk inc covid hosp,2,2026-08-15,42,quantile,0.95,102.0
2026-08-01,wk inc covid hosp,2,2026-08-15,42,quantile,0.975,156.0
2026-08-01,wk inc covid hosp,2,2026-08-15,42,quantile,0.99,319.0
2026-08-01,wk inc covid hosp,2,2026-08-15,44,quantile,0.01,0.0
2026-08-01,wk inc covid hosp,2,2026-08-15,44,quantile,0.025,0.0
2026-08-01,wk inc covid hosp,2,2026-08-15,44,quantile,0.05,0.0
2026-08-01,wk inc covid hosp,2,2026-08-15,44,quantile,0.1,1.0
2026-08-01,wk inc covid hosp,2,2026-08-15,44,quantile,0.15,1.0
2026-08-01,wk inc covid hosp,2,2026-08-15,44,quantile,0.2,1.0
2026-08-01,wk inc covid hosp,2,2026-08-15,44,quantile,0.25,2.0
2026-08-01,wk inc covid hosp,2,2026-08-15,44,quantile,0.3,3.0
2026-08-01,wk inc covid hosp,2,2026-08-15,44,quantile,0.35,3.0
2026-08-01,wk inc covid hosp,2,2026-08-15,44,quantile,0.4,3.0
2026-08-01,wk inc covid hosp,2,2026-08-15,44,quantile,0.45,4.0
2026-08-01,wk inc covid hosp,2,2026-08-15,44,quantile,0.5,4.0
2026-08-01,wk inc covid hosp,2,2026-08-15,44,quantile,0.55,4.0
2026-08-01,wk inc covid hosp,2,2026-08-15,44,quantile,0.6,4.0
2026-08-01,wk inc covid hosp,2,2026-08-15,44,quantile,0.65,5.0
2026-08-01,wk inc covid hosp,2,2026-08-15,44,quantile,0.7,5.0
2026-08-01,wk inc covid hosp,2,2026-08-15,44,quantile,0.75,5.0
2026-08-01,wk inc covid hosp,2,2026-08-15,44,quantile,0.8,5.0
2026-08-01,wk inc covid hosp,2,2026-08-15,44,quantile,0.85,6.0
2026-08-01,wk inc covid hosp,2,2026-08-15,44,quantile,0.9,8.0
2026-08-01,wk inc covid hosp,2,2026-08-15,44,quantile,0.95,10.0
2026-08-01,wk inc covid hosp,2,2026-08-15,44,quantile,0.975,13.0
2026-08-01,wk inc covid hosp,2,2026-08-15,44,quantile,0.99,25.0
2026-08-01,wk inc covid hosp,2,2026-08-15,45,quantile,0.01,5.0
2026-08-01,wk inc covid hosp,2,2026-08-15,45,quantile,0.025,8.0
2026-08-01,wk inc covid hosp,2,2026-08-15,45,quantile,0.05,12.0
2026-08-01,wk inc covid hosp,2,2026-08-15,45,quantile,0.1,12.0
2026-08-01,wk inc covid hosp,2,2026-08-15,45,quantile,0.15,12.0
2026-08-01,wk inc covid hosp,2,2026-08-15,45,quantile,0.2,12.0
2026-08-01,wk inc covid hosp,2,2026-08-15,45,quantile,0.25,12.0
2026-08-01,wk inc covid hosp,2,2026-08-15,45,quantile,0.3,13.0
2026-08-01,wk inc covid hosp,2,2026-08-15,45,quantile,0.35,14.0
2026-08-01,wk inc covid hosp,2,2026-08-15,45,quantile,0.4,14.0
2026-08-01,wk inc covid hosp,2,2026-08-15,45,quantile,0.45,15.0
2026-08-01,wk inc covid hosp,2,2026-08-15,45,quantile,0.5,16.0
2026-08-01,wk inc covid hosp,2,2026-08-15,45,quantile,0.55,16.0
2026-08-01,wk inc covid hosp,2,2026-08-15,45,quantile,0.6,17.0
2026-08-01,wk inc covid hosp,2,2026-08-15,45,quantile,0.65,19.0
2026-08-01,wk inc covid hosp,2,2026-08-15,45,quantile,0.7,19.0
2026-08-01,wk inc covid hosp,2,2026-08-15,45,quantile,0.75,20.0
2026-08-01,wk inc covid hosp,2,2026-08-15,45,quantile,0.8,22.0
2026-08-01,wk inc covid hosp,2,2026-08-15,45,quantile,0.85,24.0
2026-08-01,wk inc covid hosp,2,2026-08-15,45,quantile,0.9,27.0
2026-08-01,wk inc covid hosp,2,2026-08-15,45,quantile,0.95,37.0
2026-08-01,wk inc covid hosp,2,2026-08-15,45,quantile,0.975,60.0
2026-08-01,wk inc covid hosp,2,2026-08-15,45,quantile,0.99,121.0
2026-08-01,wk inc covid hosp,2,2026-08-15,46,quantile,0.01,0.0
2026-08-01,wk inc covid hosp,2,2026-08-15,46,quantile,0.025,0.0
2026-08-01,wk inc covid hosp,2,2026-08-15,46,quantile,0.05,0.0
2026-08-01,wk inc covid hosp,2,2026-08-15,46,quantile,0.1,0.0
2026-08-01,wk inc covid hosp,2,2026-08-15,46,quantile,0.15,0.0
2026-08-01,wk inc covid hosp,2,2026-08-15,46,quantile,0.2,0.0
2026-08-01,wk inc covid hosp,2,2026-08-15,46,quantile,0.25,0.0
2026-08-01,wk inc covid hosp,2,2026-08-15,46,quantile,0.3,0.0
2026-08-01,wk inc covid hosp,2,2026-08-15,46,quantile,0.35,0.0
2026-08-01,wk inc covid hosp,2,2026-08-15,46,quantile,0.4,1.0
2026-08-01,wk inc covid hosp,2,2026-08-15,46,quantile,0.45,1.0
2026-08-01,wk inc covid hosp,2,2026-08-15,46,quantile,0.5,1.0
2026-08-01,wk inc covid hosp,2,2026-08-15,46,quantile,0.55,1.0
2026-08-01,wk inc covid hosp,2,2026-08-15,46,quantile,0.6,1.0
2026-08-01,wk inc covid hosp,2,2026-08-15,46,quantile,0.65,2.0
2026-08-01,wk inc covid hosp,2,2026-08-15,46,quantile,0.7,2.0
2026-08-01,wk inc covid hosp,2,2026-08-15,46,quantile,0.75,2.0
2026-08-01,wk inc covid hosp,2,2026-08-15,46,quantile,0.8,3.0
2026-08-01,wk inc covid hosp,2,2026-08-15,46,quantile,0.85,3.0
2026-08-01,wk inc covid hosp,2,2026-08-15,46,quantile,0.9,4.0
2026-08-01,wk inc covid hosp,2,2026-08-15,46,quantile,0.95,8.0
2026-08-01,wk inc covid hosp,2,2026-08-15,46,quantile,0.975,11.0
2026-08-01,wk inc covid hosp,2,2026-08-15,46,quantile,0.99,19.0
2026-08-01,wk inc covid hosp,2,2026-08-15,47,quantile,0.01,8.0
2026-08-01,wk inc covid hosp,2,2026-08-15,47,quantile,0.025,13.0
2026-08-01,wk inc covid hosp,2,2026-08-15,47,quantile,0.05,17.0
2026-08-01,wk inc covid hosp,2,2026-08-15,47,quantile,0.1,20.0
2026-08-01,wk inc covid hosp,2,2026-08-15,47,quantile,0.15,20.0
2026-08-01,wk inc covid hosp,2,2026-08-15,47,quantile,0.2,20.0
2026-08-01,wk inc covid hosp,2,2026-08-15,47,quantile,0.25,22.0
2026-08-01,wk inc covid hosp,2,2026-08-15,47,quantile,0.3,25.0
2026-08-01,wk inc covid hosp,2,2026-08-15,47,quantile,0.35,27.0
2026-08-01,wk inc covid hosp,2,2026-08-15,47,quantile,0.4,27.0
2026-08-01,wk inc covid hosp,2,2026-08-15,47,quantile,0.45,27.0
2026-08-01,wk inc covid hosp,2,2026-08-15,47,quantile,0.5,27.0
2026-08-01,wk inc covid hosp,2,2026-08-15,47,quantile,0.55,27.0
2026-08-01,wk inc covid hosp,2,2026-08-15,47,quantile,0.6,30.0
2026-08-01,wk inc covid hosp,2,2026-08-15,47,quantile,0.65,31.0
2026-08-01,wk inc covid hosp,2,2026-08-15,47,quantile,0.7,31.0
2026-08-01,wk inc covid hosp,2,2026-08-15,47,quantile,0.75,36.0
2026-08-01,wk inc covid hosp,2,2026-08-15,47,quantile,0.8,36.0
2026-08-01,wk inc covid hosp,2,2026-08-15,47,quantile,0.85,40.0
2026-08-01,wk inc covid hosp,2,2026-08-15,47,quantile,0.9,46.0
2026-08-01,wk inc covid hosp,2,2026-08-15,47,quantile,0.95,56.0
2026-08-01,wk inc covid hosp,2,2026-08-15,47,quantile,0.975,85.0
2026-08-01,wk inc covid hosp,2,2026-08-15,47,quantile,0.99,160.0
2026-08-01,wk inc covid hosp,2,2026-08-15,48,quantile,0.01,51.0
2026-08-01,wk inc covid hosp,2,2026-08-15,48,quantile,0.025,97.0
2026-08-01,wk inc covid hosp,2,2026-08-15,48,quantile,0.05,135.0
2026-08-01,wk inc covid hosp,2,2026-08-15,48,quantile,0.1,161.0
2026-08-01,wk inc covid hosp,2,2026-08-15,48,quantile,0.15,164.0
2026-08-01,wk inc covid hosp,2,2026-08-15,48,quantile,0.2,164.0
2026-08-01,wk inc covid hosp,2,2026-08-15,48,quantile,0.25,164.0
2026-08-01,wk inc covid hosp,2,2026-08-15,48,quantile,0.3,164.0
2026-08-01,wk inc covid hosp,2,2026-08-15,48,quantile,0.35,164.0
2026-08-01,wk inc covid hosp,2,2026-08-15,48,quantile,0.4,171.0
2026-08-01,wk inc covid hosp,2,2026-08-15,48,quantile,0.45,174.0
2026-08-01,wk inc covid hosp,2,2026-08-15,48,quantile,0.5,174.0
2026-08-01,wk inc covid hosp,2,2026-08-15,48,quantile,0.55,174.0
2026-08-01,wk inc covid hosp,2,2026-08-15,48,quantile,0.6,175.0
2026-08-01,wk inc covid hosp,2,2026-08-15,48,quantile,0.65,193.0
2026-08-01,wk inc covid hosp,2,2026-08-15,48,quantile,0.7,193.0
2026-08-01,wk inc covid hosp,2,2026-08-15,48,quantile,0.75,198.0
2026-08-01,wk inc covid hosp,2,2026-08-15,48,quantile,0.8,212.0
2026-08-01,wk inc covid hosp,2,2026-08-15,48,quantile,0.85,214.0
2026-08-01,wk inc covid hosp,2,2026-08-15,48,quantile,0.9,233.0
2026-08-01,wk inc covid hosp,2,2026-08-15,48,quantile,0.95,302.0
2026-08-01,wk inc covid hosp,2,2026-08-15,48,quantile,0.975,383.0
2026-08-01,wk inc covid hosp,2,2026-08-15,48,quantile,0.99,699.0
2026-08-01,wk inc covid hosp,2,2026-08-15,49,quantile,0.01,1.0
2026-08-01,wk inc covid hosp,2,2026-08-15,49,quantile,0.025,1.0
2026-08-01,wk inc covid hosp,2,2026-08-15,49,quantile,0.05,1.0
2026-08-01,wk inc covid hosp,2,2026-08-15,49,quantile,0.1,2.0
2026-08-01,wk inc covid hosp,2,2026-08-15,49,quantile,0.15,2.0
2026-08-01,wk inc covid hosp,2,2026-08-15,49,quantile,0.2,3.0
2026-08-01,wk inc covid hosp,2,2026-08-15,49,quantile,0.25,3.0
2026-08-01,wk inc covid hosp,2,2026-08-15,49,quantile,0.3,3.0
2026-08-01,wk inc covid hosp,2,2026-08-15,49,quantile,0.35,4.0
2026-08-01,wk inc covid hosp,2,2026-08-15,49,quantile,0.4,4.0
2026-08-01,wk inc covid hosp,2,2026-08-15,49,quantile,0.45,5.0
2026-08-01,wk inc covid hosp,2,2026-08-15,49,quantile,0.5,5.0
2026-08-01,wk inc covid hosp,2,2026-08-15,49,quantile,0.55,5.0
2026-08-01,wk inc covid hosp,2,2026-08-15,49,quantile,0.6,6.0
2026-08-01,wk inc covid hosp,2,2026-08-15,49,quantile,0.65,7.0
2026-08-01,wk inc covid hosp,2,2026-08-15,49,quantile,0.7,7.0
2026-08-01,wk inc covid hosp,2,2026-08-15,49,quantile,0.75,8.0
2026-08-01,wk inc covid hosp,2,2026-08-15,49,quantile,0.8,9.0
2026-08-01,wk inc covid hosp,2,2026-08-15,49,quantile,0.85,10.0
2026-08-01,wk inc covid hosp,2,2026-08-15,49,quantile,0.9,12.0
2026-08-01,wk inc covid hosp,2,2026-08-15,49,quantile,0.95,21.0
2026-08-01,wk inc covid hosp,2,2026-08-15,49,quantile,0.975,42.0
2026-08-01,wk inc covid hosp,2,2026-08-15,49,quantile,0.99,81.0
2026-08-01,wk inc covid hosp,2,2026-08-15,50,quantile,0.01,0.0
2026-08-01,wk inc covid hosp,2,2026-08-15,50,quantile,0.025,0.0
2026-08-01,wk inc covid hosp,2,2026-08-15,50,quantile,0.05,0.0
2026-08-01,wk inc covid hosp,2,2026-08-15,50,quantile,0.1,0.0
2026-08-01,wk inc covid hosp,2,2026-08-15,50,quantile,0.15,0.0
2026-08-01,wk inc covid hosp,2,2026-08-15,50,quantile,0.2,0.0
2026-08-01,wk inc covid hosp,2,2026-08-15,50,quantile,0.25,0.0
2026-08-01,wk inc covid hosp,2,2026-08-15,50,quantile,0.3,0.0
2026-08-01,wk inc covid hosp,2,2026-08-15,50,quantile,0.35,0.0
2026-08-01,wk inc covid hosp,2,2026-08-15,50,quantile,0.4,1.0
2026-08-01,wk inc covid hosp,2,2026-08-15,50,quantile,0.45,1.0
2026-08-01,wk inc covid hosp,2,2026-08-15,50,quantile,0.5,1.0
2026-08-01,wk inc covid hosp,2,2026-08-15,50,quantile,0.55,1.0
2026-08-01,wk inc covid hosp,2,2026-08-15,50,quantile,0.6,1.0
2026-08-01,wk inc covid hosp,2,2026-08-15,50,quantile,0.65,2.0
2026-08-01,wk inc covid hosp,2,2026-08-15,50,quantile,0.7,2.0
2026-08-01,wk inc covid hosp,2,2026-08-15,50,quantile,0.75,2.0
2026-08-01,wk inc covid hosp,2,2026-08-15,50,quantile,0.8,2.0
2026-08-01,wk inc covid hosp,2,2026-08-15,50,quantile,0.85,3.0
2026-08-01,wk inc covid hosp,2,2026-08-15,50,quantile,0.9,3.0
2026-08-01,wk inc covid hosp,2,2026-08-15,50,quantile,0.95,5.0
2026-08-01,wk inc covid hosp,2,2026-08-15,50,quantile,0.975,8.0
2026-08-01,wk inc covid hosp,2,2026-08-15,50,quantile,0.99,15.0
2026-08-01,wk inc covid hosp,2,2026-08-15,51,quantile,0.01,4.0
2026-08-01,wk inc covid hosp,2,2026-08-15,51,quantile,0.025,9.0
2026-08-01,wk inc covid hosp,2,2026-08-15,51,quantile,0.05,11.0
2026-08-01,wk inc covid hosp,2,2026-08-15,51,quantile,0.1,11.0
2026-08-01,wk inc covid hosp,2,2026-08-15,51,quantile,0.15,11.0
2026-08-01,wk inc covid hosp,2,2026-08-15,51,quantile,0.2,11.0
2026-08-01,wk inc covid hosp,2,2026-08-15,51,quantile,0.25,11.0
2026-08-01,wk inc covid hosp,2,2026-08-15,51,quantile,0.3,11.0
2026-08-01,wk inc covid hosp,2,2026-08-15,51,quantile,0.35,12.0
2026-08-01,wk inc covid hosp,2,2026-08-15,51,quantile,0.4,12.0
2026-08-01,wk inc covid hosp,2,2026-08-15,51,quantile,0.45,13.0
2026-08-01,wk inc covid hosp,2,2026-08-15,51,quantile,0.5,14.0
2026-08-01,wk inc covid hosp,2,2026-08-15,51,quantile,0.55,14.0
2026-08-01,wk inc covid hosp,2,2026-08-15,51,quantile,0.6,16.0
2026-08-01,wk inc covid hosp,2,2026-08-15,51,quantile,0.65,20.0
2026-08-01,wk inc covid hosp,2,2026-08-15,51,quantile,0.7,20.0
2026-08-01,wk inc covid hosp,2,2026-08-15,51,quantile,0.75,20.0
2026-08-01,wk inc covid hosp,2,2026-08-15,51,quantile,0.8,23.0
2026-08-01,wk inc covid hosp,2,2026-08-15,51,quantile,0.85,25.0
2026-08-01,wk inc covid hosp,2,2026-08-15,51,quantile,0.9,29.0
2026-08-01,wk inc covid hosp,2,2026-08-15,51,quantile,0.95,53.0
2026-08-01,wk inc covid hosp,2,2026-08-15,51,quantile,0.975,105.0
2026-08-01,wk inc covid hosp,2,2026-08-15,51,quantile,0.99,211.0
2026-08-01,wk inc covid hosp,2,2026-08-15,53,quantile,0.01,5.0
2026-08-01,wk inc covid hosp,2,2026-08-15,53,quantile,0.025,8.0
2026-08-01,wk inc covid hosp,2,2026-08-15,53,quantile,0.05,8.0
2026-08-01,wk inc covid hosp,2,2026-08-15,53,quantile,0.1,8.0
2026-08-01,wk inc covid hosp,2,2026-08-15,53,quantile,0.15,10.0
2026-08-01,wk inc covid hosp,2,2026-08-15,53,quantile,0.2,11.0
2026-08-01,wk inc covid hosp,2,2026-08-15,53,quantile,0.25,14.0
2026-08-01,wk inc covid hosp,2,2026-08-15,53,quantile,0.3,14.0
2026-08-01,wk inc covid hosp,2,2026-08-15,53,quantile,0.35,15.0
2026-08-01,wk inc covid hosp,2,2026-08-15,53,quantile,0.4,15.0
2026-08-01,wk inc covid hosp,2,2026-08-15,53,quantile,0.45,15.0
2026-08-01,wk inc covid hosp,2,2026-08-15,53,quantile,0.5,16.0
2026-08-01,wk inc covid hosp,2,2026-08-15,53,quantile,0.55,16.0
2026-08-01,wk inc covid hosp,2,2026-08-15,53,quantile,0.6,18.0
2026-08-01,wk inc covid hosp,2,2026-08-15,53,quantile,0.65,20.0
2026-08-01,wk inc covid hosp,2,2026-08-15,53,quantile,0.7,20.0
2026-08-01,wk inc covid hosp,2,2026-08-15,53,quantile,0.75,20.0
2026-08-01,wk inc covid hosp,2,2026-08-15,53,quantile,0.8,25.0
2026-08-01,wk inc covid hosp,2,2026-08-15,53,quantile,0.85,25.0
2026-08-01,wk inc covid hosp,2,2026-08-15,53,quantile,0.9,28.0
2026-08-01,wk inc covid hosp,2,2026-08-15,53,quantile,0.95,47.0
2026-08-01,wk inc covid hosp,2,2026-08-15,53,quantile,0.975,96.0
2026-08-01,wk inc covid hosp,2,2026-08-15,53,quantile,0.99,192.0
2026-08-01,wk inc covid hosp,2,2026-08-15,54,quantile,0.01,0.0
2026-08-01,wk inc covid hosp,2,2026-08-15,54,quantile,0.025,0.0
2026-08-01,wk inc covid hosp,2,2026-08-15,54,quantile,0.05,0.0
2026-08-01,wk inc covid hosp,2,2026-08-15,54,quantile,0.1,0.0
2026-08-01,wk inc covid hosp,2,2026-08-15,54,quantile,0.15,1.0
2026-08-01,wk inc covid hosp,2,2026-08-15,54,quantile,0.2,1.0
2026-08-01,wk inc covid hosp,2,2026-08-15,54,quantile,0.25,1.0
2026-08-01,wk inc covid hosp,2,2026-08-15,54,quantile,0.3,2.0
2026-08-01,wk inc covid hosp,2,2026-08-15,54,quantile,0.35,2.0
2026-08-01,wk inc covid hosp,2,2026-08-15,54,quantile,0.4,2.0
2026-08-01,wk inc covid hosp,2,2026-08-15,54,quantile,0.45,2.0
2026-08-01,wk inc covid hosp,2,2026-08-15,54,quantile,0.5,2.0
2026-08-01,wk inc covid hosp,2,2026-08-15,54,quantile,0.55,3.0
2026-08-01,wk inc covid hosp,2,2026-08-15,54,quantile,0.6,3.0
2026-08-01,wk inc covid hosp,2,2026-08-15,54,quantile,0.65,3.0
2026-08-01,wk inc covid hosp,2,2026-08-15,54,quantile,0.7,4.0
2026-08-01,wk inc covid hosp,2,2026-08-15,54,quantile,0.75,4.0
2026-08-01,wk inc covid hosp,2,2026-08-15,54,quantile,0.8,5.0
2026-08-01,wk inc covid hosp,2,2026-08-15,54,quantile,0.85,5.0
2026-08-01,wk inc covid hosp,2,2026-08-15,54,quantile,0.9,6.0
2026-08-01,wk inc covid hosp,2,2026-08-15,54,quantile,0.95,13.0
2026-08-01,wk inc covid hosp,2,2026-08-15,54,quantile,0.975,21.0
2026-08-01,wk inc covid hosp,2,2026-08-15,54,quantile,0.99,44.0
2026-08-01,wk inc covid hosp,2,2026-08-15,55,quantile,0.01,2.0
2026-08-01,wk inc covid hosp,2,2026-08-15,55,quantile,0.025,2.0
2026-08-01,wk inc covid hosp,2,2026-08-15,55,quantile,0.05,2.0
2026-08-01,wk inc covid hosp,2,2026-08-15,55,quantile,0.1,3.0
2026-08-01,wk inc covid hosp,2,2026-08-15,55,quantile,0.15,4.0
2026-08-01,wk inc covid hosp,2,2026-08-15,55,quantile,0.2,5.0
2026-08-01,wk inc covid hosp,2,2026-08-15,55,quantile,0.25,5.0
2026-08-01,wk inc covid hosp,2,2026-08-15,55,quantile,0.3,5.0
2026-08-01,wk inc covid hosp,2,2026-08-15,55,quantile,0.35,5.0
2026-08-01,wk inc covid hosp,2,2026-08-15,55,quantile,0.4,6.0
2026-08-01,wk inc covid hosp,2,2026-08-15,55,quantile,0.45,7.0
2026-08-01,wk inc covid hosp,2,2026-08-15,55,quantile,0.5,7.0
2026-08-01,wk inc covid hosp,2,2026-08-15,55,quantile,0.55,8.0
2026-08-01,wk inc covid hosp,2,2026-08-15,55,quantile,0.6,9.0
2026-08-01,wk inc covid hosp,2,2026-08-15,55,quantile,0.65,10.0
2026-08-01,wk inc covid hosp,2,2026-08-15,55,quantile,0.7,10.0
2026-08-01,wk inc covid hosp,2,2026-08-15,55,quantile,0.75,11.0
2026-08-01,wk inc covid hosp,2,2026-08-15,55,quantile,0.8,13.0
2026-08-01,wk inc covid hosp,2,2026-08-15,55,quantile,0.85,15.0
2026-08-01,wk inc covid hosp,2,2026-08-15,55,quantile,0.9,18.0
2026-08-01,wk inc covid hosp,2,2026-08-15,55,quantile,0.95,37.0
2026-08-01,wk inc covid hosp,2,2026-08-15,55,quantile,0.975,72.0
2026-08-01,wk inc covid hosp,2,2026-08-15,55,quantile,0.99,144.0
2026-08-01,wk inc covid hosp,2,2026-08-15,56,quantile,0.01,0.0
2026-08-01,wk inc covid hosp,2,2026-08-15,56,quantile,0.025,0.0
2026-08-01,wk inc covid hosp,2,2026-08-15,56,quantile,0.05,0.0
2026-08-01,wk inc covid hosp,2,2026-08-15,56,quantile,0.1,0.0
2026-08-01,wk inc covid hosp,2,2026-08-15,56,quantile,0.15,0.0
2026-08-01,wk inc covid hosp,2,2026-08-15,56,quantile,0.2,0.0
2026-08-01,wk inc covid hosp,2,2026-08-15,56,quantile,0.25,1.0
2026-08-01,wk inc covid hosp,2,2026-08-15,56,quantile,0.3,1.0
2026-08-01,wk inc covid hosp,2,2026-08-15,56,quantile,0.35,1.0
2026-08-01,wk inc covid hosp,2,2026-08-15,56,quantile,0.4,1.0
2026-08-01,wk inc covid hosp,2,2026-08-15,56,quantile,0.45,1.0
2026-08-01,wk inc covid hosp,2,2026-08-15,56,quantile,0.5,1.0
2026-08-01,wk inc covid hosp,2,2026-08-15,56,quantile,0.55,2.0
2026-08-01,wk inc covid hosp,2,2026-08-15,56,quantile,0.6,2.0
2026-08-01,wk inc covid hosp,2,2026-08-15,56,quantile,0.65,2.0
2026-08-01,wk inc covid hosp,2,2026-08-15,56,quantile,0.7,2.0
2026-08-01,wk inc covid hosp,2,2026-08-15,56,quantile,0.75,2.0
2026-08-01,wk inc covid hosp,2,2026-08-15,56,quantile,0.8,3.0
2026-08-01,wk inc covid hosp,2,2026-08-15,56,quantile,0.85,3.0
2026-08-01,wk inc covid hosp,2,2026-08-15,56,quantile,0.9,4.0
2026-08-01,wk inc covid hosp,2,2026-08-15,56,quantile,0.95,6.0
2026-08-01,wk inc covid hosp,2,2026-08-15,56,quantile,0.975,8.0
2026-08-01,wk inc covid hosp,2,2026-08-15,56,quantile,0.99,16.0
2026-08-01,wk inc covid hosp,2,2026-08-15,72,quantile,0.01,8.0
2026-08-01,wk inc covid hosp,2,2026-08-15,72,quantile,0.025,9.0
2026-08-01,wk inc covid hosp,2,2026-08-15,72,quantile,0.05,12.0
2026-08-01,wk inc covid hosp,2,2026-08-15,72,quantile,0.1,15.0
2026-08-01,wk inc covid hosp,2,2026-08-15,72,quantile,0.15,19.0
2026-08-01,wk inc covid hosp,2,2026-08-15,72,quantile,0.2,20.0
2026-08-01,wk inc covid hosp,2,2026-08-15,72,quantile,0.25,20.0
2026-08-01,wk inc covid hosp,2,2026-08-15,72,quantile,0.3,21.0
2026-08-01,wk inc covid hosp,2,2026-08-15,72,quantile,0.35,23.0
2026-08-01,wk inc covid hosp,2,2026-08-15,72,quantile,0.4,24.0
2026-08-01,wk inc covid hosp,2,2026-08-15,72,quantile,0.45,26.0
2026-08-01,wk inc covid hosp,2,2026-08-15,72,quantile,0.5,27.0
2026-08-01,wk inc covid hosp,2,2026-08-15,72,quantile,0.55,28.0
2026-08-01,wk inc covid hosp,2,2026-08-15,72,quantile,0.6,31.0
2026-08-01,wk inc covid hosp,2,2026-08-15,72,quantile,0.65,34.0
2026-08-01,wk inc covid hosp,2,2026-08-15,72,quantile,0.7,36.0
2026-08-01,wk inc covid hosp,2,2026-08-15,72,quantile,0.75,36.0
2026-08-01,wk inc covid hosp,2,2026-08-15,72,quantile,0.8,39.0
2026-08-01,wk inc covid hosp,2,2026-08-15,72,quantile,0.85,41.0
2026-08-01,wk inc covid hosp,2,2026-08-15,72,quantile,0.9,43.0
2026-08-01,wk inc covid hosp,2,2026-08-15,72,quantile,0.95,54.0
2026-08-01,wk inc covid hosp,2,2026-08-15,72,quantile,0.975,57.0
2026-08-01,wk inc covid hosp,2,2026-08-15,72,quantile,0.99,88.0
2026-08-01,wk inc covid hosp,3,2026-08-22,01,quantile,0.01,18.0
2026-08-01,wk inc covid hosp,3,2026-08-22,01,quantile,0.025,21.0
2026-08-01,wk inc covid hosp,3,2026-08-22,01,quantile,0.05,29.0
2026-08-01,wk inc covid hosp,3,2026-08-22,01,quantile,0.1,34.0
2026-08-01,wk inc covid hosp,3,2026-08-22,01,quantile,0.15,36.0
2026-08-01,wk inc covid hosp,3,2026-08-22,01,quantile,0.2,36.0
2026-08-01,wk inc covid hosp,3,2026-08-22,01,quantile,0.25,36.0
2026-08-01,wk inc covid hosp,3,2026-08-22,01,quantile,0.3,36.0
2026-08-01,wk inc covid hosp,3,2026-08-22,01,quantile,0.35,37.0
2026-08-01,wk inc covid hosp,3,2026-08-22,01,quantile,0.4,38.0
2026-08-01,wk inc covid hosp,3,2026-08-22,01,quantile,0.45,38.0
2026-08-01,wk inc covid hosp,3,2026-08-22,01,quantile,0.5,39.0
2026-08-01,wk inc covid hosp,3,2026-08-22,01,quantile,0.55,39.0
2026-08-01,wk inc covid hosp,3,2026-08-22,01,quantile,0.6,41.0
2026-08-01,wk inc covid hosp,3,2026-08-22,01,quantile,0.65,44.0
2026-08-01,wk inc covid hosp,3,2026-08-22,01,quantile,0.7,45.0
2026-08-01,wk inc covid hosp,3,2026-08-22,01,quantile,0.75,49.0
2026-08-01,wk inc covid hosp,3,2026-08-22,01,quantile,0.8,50.0
2026-08-01,wk inc covid hosp,3,2026-08-22,01,quantile,0.85,54.0
2026-08-01,wk inc covid hosp,3,2026-08-22,01,quantile,0.9,56.0
2026-08-01,wk inc covid hosp,3,2026-08-22,01,quantile,0.95,62.0
2026-08-01,wk inc covid hosp,3,2026-08-22,01,quantile,0.975,77.0
2026-08-01,wk inc covid hosp,3,2026-08-22,01,quantile,0.99,105.0
2026-08-01,wk inc covid hosp,3,2026-08-22,02,quantile,0.01,0.0
2026-08-01,wk inc covid hosp,3,2026-08-22,02,quantile,0.025,0.0
2026-08-01,wk inc covid hosp,3,2026-08-22,02,quantile,0.05,0.0
2026-08-01,wk inc covid hosp,3,2026-08-22,02,quantile,0.1,0.0
2026-08-01,wk inc covid hosp,3,2026-08-22,02,quantile,0.15,0.0
2026-08-01,wk inc covid hosp,3,2026-08-22,02,quantile,0.2,0.0
2026-08-01,wk inc covid hosp,3,2026-08-22,02,quantile,0.25,1.0
2026-08-01,wk inc covid hosp,3,2026-08-22,02,quantile,0.3,1.0
2026-08-01,wk inc covid hosp,3,2026-08-22,02,quantile,0.35,1.0
2026-08-01,wk inc covid hosp,3,2026-08-22,02,quantile,0.4,1.0
2026-08-01,wk inc covid hosp,3,2026-08-22,02,quantile,0.45,2.0
2026-08-01,wk inc covid hosp,3,2026-08-22,02,quantile,0.5,2.0
2026-08-01,wk inc covid hosp,3,2026-08-22,02,quantile,0.55,2.0
2026-08-01,wk inc covid hosp,3,2026-08-22,02,quantile,0.6,2.0
2026-08-01,wk inc covid hosp,3,2026-08-22,02,quantile,0.65,2.0
2026-08-01,wk inc covid hosp,3,2026-08-22,02,quantile,0.7,2.0
2026-08-01,wk inc covid hosp,3,2026-08-22,02,quantile,0.75,2.0
2026-08-01,wk inc covid hosp,3,2026-08-22,02,quantile,0.8,3.0
2026-08-01,wk inc covid hosp,3,2026-08-22,02,quantile,0.85,3.0
2026-08-01,wk inc covid hosp,3,2026-08-22,02,quantile,0.9,4.0
2026-08-01,wk inc covid hosp,3,2026-08-22,02,quantile,0.95,6.0
2026-08-01,wk inc covid hosp,3,2026-08-22,02,quantile,0.975,10.0
2026-08-01,wk inc covid hosp,3,2026-08-22,02,quantile,0.99,18.0
2026-08-01,wk inc covid hosp,3,2026-08-22,04,quantile,0.01,10.0
2026-08-01,wk inc covid hosp,3,2026-08-22,04,quantile,0.025,16.0
2026-08-01,wk inc covid hosp,3,2026-08-22,04,quantile,0.05,18.0
2026-08-01,wk inc covid hosp,3,2026-08-22,04,quantile,0.1,20.0
2026-08-01,wk inc covid hosp,3,2026-08-22,04,quantile,0.15,22.0
2026-08-01,wk inc covid hosp,3,2026-08-22,04,quantile,0.2,23.0
2026-08-01,wk inc covid hosp,3,2026-08-22,04,quantile,0.25,23.0
2026-08-01,wk inc covid hosp,3,2026-08-22,04,quantile,0.3,26.0
2026-08-01,wk inc covid hosp,3,2026-08-22,04,quantile,0.35,27.0
2026-08-01,wk inc covid hosp,3,2026-08-22,04,quantile,0.4,27.0
2026-08-01,wk inc covid hosp,3,2026-08-22,04,quantile,0.45,27.0
2026-08-01,wk inc covid hosp,3,2026-08-22,04,quantile,0.5,27.0
2026-08-01,wk inc covid hosp,3,2026-08-22,04,quantile,0.55,27.0
2026-08-01,wk inc covid hosp,3,2026-08-22,04,quantile,0.6,31.0
2026-08-01,wk inc covid hosp,3,2026-08-22,04,quantile,0.65,31.0
2026-08-01,wk inc covid hosp,3,2026-08-22,04,quantile,0.7,33.0
2026-08-01,wk inc covid hosp,3,2026-08-22,04,quantile,0.75,34.0
2026-08-01,wk inc covid hosp,3,2026-08-22,04,quantile,0.8,36.0
2026-08-01,wk inc covid hosp,3,2026-08-22,04,quantile,0.85,39.0
2026-08-01,wk inc covid hosp,3,2026-08-22,04,quantile,0.9,47.0
2026-08-01,wk inc covid hosp,3,2026-08-22,04,quantile,0.95,62.0
2026-08-01,wk inc covid hosp,3,2026-08-22,04,quantile,0.975,103.0
2026-08-01,wk inc covid hosp,3,2026-08-22,04,quantile,0.99,195.0
2026-08-01,wk inc covid hosp,3,2026-08-22,05,quantile,0.01,2.0
2026-08-01,wk inc covid hosp,3,2026-08-22,05,quantile,0.025,3.0
2026-08-01,wk inc covid hosp,3,2026-08-22,05,quantile,0.05,4.0
2026-08-01,wk inc covid hosp,3,2026-08-22,05,quantile,0.1,4.0
2026-08-01,wk inc covid hosp,3,2026-08-22,05,quantile,0.15,4.0
2026-08-01,wk inc covid hosp,3,2026-08-22,05,quantile,0.2,4.0
2026-08-01,wk inc covid hosp,3,2026-08-22,05,quantile,0.25,5.0
2026-08-01,wk inc covid hosp,3,2026-08-22,05,quantile,0.3,6.0
2026-08-01,wk inc covid hosp,3,2026-08-22,05,quantile,0.35,6.0
2026-08-01,wk inc covid hosp,3,2026-08-22,05,quantile,0.4,6.0
2026-08-01,wk inc covid hosp,3,2026-08-22,05,quantile,0.45,6.0
2026-08-01,wk inc covid hosp,3,2026-08-22,05,quantile,0.5,6.0
2026-08-01,wk inc covid hosp,3,2026-08-22,05,quantile,0.55,6.0
2026-08-01,wk inc covid hosp,3,2026-08-22,05,quantile,0.6,7.0
2026-08-01,wk inc covid hosp,3,2026-08-22,05,quantile,0.65,8.0
2026-08-01,wk inc covid hosp,3,2026-08-22,05,quantile,0.7,9.0
2026-08-01,wk inc covid hosp,3,2026-08-22,05,quantile,0.75,9.0
2026-08-01,wk inc covid hosp,3,2026-08-22,05,quantile,0.8,11.0
2026-08-01,wk inc covid hosp,3,2026-08-22,05,quantile,0.85,11.0
2026-08-01,wk inc covid hosp,3,2026-08-22,05,quantile,0.9,11.0
2026-08-01,wk inc covid hosp,3,2026-08-22,05,quantile,0.95,19.0
2026-08-01,wk inc covid hosp,3,2026-08-22,05,quantile,0.975,36.0
2026-08-01,wk inc covid hosp,3,2026-08-22,05,quantile,0.99,76.0
2026-08-01,wk inc covid hosp,3,2026-08-22,06,quantile,0.01,98.0
2026-08-01,wk inc covid hosp,3,2026-08-22,06,quantile,0.025,150.0
2026-08-01,wk inc covid hosp,3,2026-08-22,06,quantile,0.05,169.0
2026-08-01,wk inc covid hosp,3,2026-08-22,06,quantile,0.1,173.0
2026-08-01,wk inc covid hosp,3,2026-08-22,06,quantile,0.15,209.0
2026-08-01,wk inc covid hosp,3,2026-08-22,06,quantile,0.2,209.0
2026-08-01,wk inc covid hosp,3,2026-08-22,06,quantile,0.25,209.0
2026-08-01,wk inc covid hosp,3,2026-08-22,06,quantile,0.3,209.0
2026-08-01,wk inc covid hosp,3,2026-08-22,06,quantile,0.35,209.0
2026-08-01,wk inc covid hosp,3,2026-08-22,06,quantile,0.4,209.0
2026-08-01,wk inc covid hosp,3,2026-08-22,06,quantile,0.45,209.0
2026-08-01,wk inc covid hosp,3,2026-08-22,06,quantile,0.5,209.0
2026-08-01,wk inc covid hosp,3,2026-08-22,06,quantile,0.55,209.0
2026-08-01,wk inc covid hosp,3,2026-08-22,06,quantile,0.6,211.0
2026-08-01,wk inc covid hosp,3,2026-08-22,06,quantile,0.65,230.0
2026-08-01,wk inc covid hosp,3,2026-08-22,06,quantile,0.7,240.0
2026-08-01,wk inc covid hosp,3,2026-08-22,06,quantile,0.75,247.0
2026-08-01,wk inc covid hosp,3,2026-08-22,06,quantile,0.8,247.0
2026-08-01,wk inc covid hosp,3,2026-08-22,06,quantile,0.85,247.0
2026-08-01,wk inc covid hosp,3,2026-08-22,06,quantile,0.9,263.0
2026-08-01,wk inc covid hosp,3,2026-08-22,06,quantile,0.95,334.0
2026-08-01,wk inc covid hosp,3,2026-08-22,06,quantile,0.975,505.0
2026-08-01,wk inc covid hosp,3,2026-08-22,06,quantile,0.99,941.0
2026-08-01,wk inc covid hosp,3,2026-08-22,08,quantile,0.01,3.0
2026-08-01,wk inc covid hosp,3,2026-08-22,08,quantile,0.025,3.0
2026-08-01,wk inc covid hosp,3,2026-08-22,08,quantile,0.05,4.0
2026-08-01,wk inc covid hosp,3,2026-08-22,08,quantile,0.1,4.0
2026-08-01,wk inc covid hosp,3,2026-08-22,08,quantile,0.15,5.0
2026-08-01,wk inc covid hosp,3,2026-08-22,08,quantile,0.2,6.0
2026-08-01,wk inc covid hosp,3,2026-08-22,08,quantile,0.25,6.0
2026-08-01,wk inc covid hosp,3,2026-08-22,08,quantile,0.3,7.0
2026-08-01,wk inc covid hosp,3,2026-08-22,08,quantile,0.35,8.0
2026-08-01,wk inc covid hosp,3,2026-08-22,08,quantile,0.4,8.0
2026-08-01,wk inc covid hosp,3,2026-08-22,08,quantile,0.45,9.0
2026-08-01,wk inc covid hosp,3,2026-08-22,08,quantile,0.5,9.0
2026-08-01,wk inc covid hosp,3,2026-08-22,08,quantile,0.55,10.0
2026-08-01,wk inc covid hosp,3,2026-08-22,08,quantile,0.6,12.0
2026-08-01,wk inc covid hosp,3,2026-08-22,08,quantile,0.65,14.0
2026-08-01,wk inc covid hosp,3,2026-08-22,08,quantile,0.7,14.0
2026-08-01,wk inc covid hosp,3,2026-08-22,08,quantile,0.75,14.0
2026-08-01,wk inc covid hosp,3,2026-08-22,08,quantile,0.8,18.0
2026-08-01,wk inc covid hosp,3,2026-08-22,08,quantile,0.85,19.0
2026-08-01,wk inc covid hosp,3,2026-08-22,08,quantile,0.9,22.0
2026-08-01,wk inc covid hosp,3,2026-08-22,08,quantile,0.95,40.0
2026-08-01,wk inc covid hosp,3,2026-08-22,08,quantile,0.975,75.0
2026-08-01,wk inc covid hosp,3,2026-08-22,08,quantile,0.99,144.0
2026-08-01,wk inc covid hosp,3,2026-08-22,09,quantile,0.01,3.0
2026-08-01,wk inc covid hosp,3,2026-08-22,09,quantile,0.025,5.0
2026-08-01,wk inc covid hosp,3,2026-08-22,09,quantile,0.05,5.0
2026-08-01,wk inc covid hosp,3,2026-08-22,09,quantile,0.1,6.0
2026-08-01,wk inc covid hosp,3,2026-08-22,09,quantile,0.15,7.0
2026-08-01,wk inc covid hosp,3,2026-08-22,09,quantile,0.2,7.0
2026-08-01,wk inc covid hosp,3,2026-08-22,09,quantile,0.25,8.0
2026-08-01,wk inc covid hosp,3,2026-08-22,09,quantile,0.3,9.0
2026-08-01,wk inc covid hosp,3,2026-08-22,09,quantile,0.35,9.0
2026-08-01,wk inc covid hosp,3,2026-08-22,09,quantile,0.4,9.0
2026-08-01,wk inc covid hosp,3,2026-08-22,09,quantile,0.45,10.0
2026-08-01,wk inc covid hosp,3,2026-08-22,09,quantile,0.5,10.0
2026-08-01,wk inc covid hosp,3,2026-08-22,09,quantile,0.55,10.0
2026-08-01,wk inc covid hosp,3,2026-08-22,09,quantile,0.6,11.0
2026-08-01,wk inc covid hosp,3,2026-08-22,09,quantile,0.65,11.0
2026-08-01,wk inc covid hosp,3,2026-08-22,09,quantile,0.7,12.0
2026-08-01,wk inc covid hosp,3,2026-08-22,09,quantile,0.75,13.0
2026-08-01,wk inc covid hosp,3,2026-08-22,09,quantile,0.8,15.0
2026-08-01,wk inc covid hosp,3,2026-08-22,09,quantile,0.85,16.0
2026-08-01,wk inc covid hosp,3,2026-08-22,09,quantile,0.9,20.0
2026-08-01,wk inc covid hosp,3,2026-08-22,09,quantile,0.95,27.0
2026-08-01,wk inc covid hosp,3,2026-08-22,09,quantile,0.975,42.0
2026-08-01,wk inc covid hosp,3,2026-08-22,09,quantile,0.99,85.0
2026-08-01,wk inc covid hosp,3,2026-08-22,10,quantile,0.01,0.0
2026-08-01,wk inc covid hosp,3,2026-08-22,10,quantile,0.025,0.0
2026-08-01,wk inc covid hosp,3,2026-08-22,10,quantile,0.05,0.0
2026-08-01,wk inc covid hosp,3,2026-08-22,10,quantile,0.1,0.0
2026-08-01,wk inc covid hosp,3,2026-08-22,10,quantile,0.15,1.0
2026-08-01,wk inc covid hosp,3,2026-08-22,10,quantile,0.2,1.0
2026-08-01,wk inc covid hosp,3,2026-08-22,10,quantile,0.25,1.0
2026-08-01,wk inc covid hosp,3,2026-08-22,10,quantile,0.3,1.0
2026-08-01,wk inc covid hosp,3,2026-08-22,10,quantile,0.35,1.0
2026-08-01,wk inc covid hosp,3,2026-08-22,10,quantile,0.4,1.0
2026-08-01,wk inc covid hosp,3,2026-08-22,10,quantile,0.45,1.0
2026-08-01,wk inc covid hosp,3,2026-08-22,10,quantile,0.5,2.0
2026-08-01,wk inc covid hosp,3,2026-08-22,10,quantile,0.55,2.0
2026-08-01,wk inc covid hosp,3,2026-08-22,10,quantile,0.6,2.0
2026-08-01,wk inc covid hosp,3,2026-08-22,10,quantile,0.65,2.0
2026-08-01,wk inc covid hosp,3,2026-08-22,10,quantile,0.7,2.0
2026-08-01,wk inc covid hosp,3,2026-08-22,10,quantile,0.75,3.0
2026-08-01,wk inc covid hosp,3,2026-08-22,10,quantile,0.8,3.0
2026-08-01,wk inc covid hosp,3,2026-08-22,10,quantile,0.85,3.0
2026-08-01,wk inc covid hosp,3,2026-08-22,10,quantile,0.9,4.0
2026-08-01,wk inc covid hosp,3,2026-08-22,10,quantile,0.95,7.0
2026-08-01,wk inc covid hosp,3,2026-08-22,10,quantile,0.975,12.0
2026-08-01,wk inc covid hosp,3,2026-08-22,10,quantile,0.99,25.0
2026-08-01,wk inc covid hosp,3,2026-08-22,11,quantile,0.01,0.0
2026-08-01,wk inc covid hosp,3,2026-08-22,11,quantile,0.025,0.0
2026-08-01,wk inc covid hosp,3,2026-08-22,11,quantile,0.05,0.0
2026-08-01,wk inc covid hosp,3,2026-08-22,11,quantile,0.1,0.0
2026-08-01,wk inc covid hosp,3,2026-08-22,11,quantile,0.15,0.0
2026-08-01,wk inc covid hosp,3,2026-08-22,11,quantile,0.2,0.0
2026-08-01,wk inc covid hosp,3,2026-08-22,11,quantile,0.25,0.0
2026-08-01,wk inc covid hosp,3,2026-08-22,11,quantile,0.3,1.0
2026-08-01,wk inc covid hosp,3,2026-08-22,11,quantile,0.35,1.0
2026-08-01,wk inc covid hosp,3,2026-08-22,11,quantile,0.4,1.0
2026-08-01,wk inc covid hosp,3,2026-08-22,11,quantile,0.45,1.0
2026-08-01,wk inc covid hosp,3,2026-08-22,11,quantile,0.5,1.0
2026-08-01,wk inc covid hosp,3,2026-08-22,11,quantile,0.55,1.0
2026-08-01,wk inc covid hosp,3,2026-08-22,11,quantile,0.6,1.0
2026-08-01,wk inc covid hosp,3,2026-08-22,11,quantile,0.65,2.0
2026-08-01,wk inc covid hosp,3,2026-08-22,11,quantile,0.7,2.0
2026-08-01,wk inc covid hosp,3,2026-08-22,11,quantile,0.75,2.0
2026-08-01,wk inc covid hosp,3,2026-08-22,11,quantile,0.8,2.0
2026-08-01,wk inc covid hosp,3,2026-08-22,11,quantile,0.85,3.0
2026-08-01,wk inc covid hosp,3,2026-08-22,11,quantile,0.9,3.0
2026-08-01,wk inc covid hosp,3,2026-08-22,11,quantile,0.95,6.0
2026-08-01,wk inc covid hosp,3,2026-08-22,11,quantile,0.975,9.0
2026-08-01,wk inc covid hosp,3,2026-08-22,11,quantile,0.99,16.0
2026-08-01,wk inc covid hosp,3,2026-08-22,12,quantile,0.01,108.0
2026-08-01,wk inc covid hosp,3,2026-08-22,12,quantile,0.025,127.0
2026-08-01,wk inc covid hosp,3,2026-08-22,12,quantile,0.05,155.0
2026-08-01,wk inc covid hosp,3,2026-08-22,12,quantile,0.1,181.0
2026-08-01,wk inc covid hosp,3,2026-08-22,12,quantile,0.15,189.0
2026-08-01,wk inc covid hosp,3,2026-08-22,12,quantile,0.2,202.0
2026-08-01,wk inc covid hosp,3,2026-08-22,12,quantile,0.25,232.0
2026-08-01,wk inc covid hosp,3,2026-08-22,12,quantile,0.3,232.0
2026-08-01,wk inc covid hosp,3,2026-08-22,12,quantile,0.35,232.0
2026-08-01,wk inc covid hosp,3,2026-08-22,12,quantile,0.4,232.0
2026-08-01,wk inc covid hosp,3,2026-08-22,12,quantile,0.45,232.0
2026-08-01,wk inc covid hosp,3,2026-08-22,12,quantile,0.5,232.0
2026-08-01,wk inc covid hosp,3,2026-08-22,12,quantile,0.55,232.0
2026-08-01,wk inc covid hosp,3,2026-08-22,12,quantile,0.6,232.0
2026-08-01,wk inc covid hosp,3,2026-08-22,12,quantile,0.65,237.0
2026-08-01,wk inc covid hosp,3,2026-08-22,12,quantile,0.7,242.0
2026-08-01,wk inc covid hosp,3,2026-08-22,12,quantile,0.75,268.0
2026-08-01,wk inc covid hosp,3,2026-08-22,12,quantile,0.8,268.0
2026-08-01,wk inc covid hosp,3,2026-08-22,12,quantile,0.85,271.0
2026-08-01,wk inc covid hosp,3,2026-08-22,12,quantile,0.9,273.0
2026-08-01,wk inc covid hosp,3,2026-08-22,12,quantile,0.95,304.0
2026-08-01,wk inc covid hosp,3,2026-08-22,12,quantile,0.975,323.0
2026-08-01,wk inc covid hosp,3,2026-08-22,12,quantile,0.99,428.0
2026-08-01,wk inc covid hosp,3,2026-08-22,13,quantile,0.01,22.0
2026-08-01,wk inc covid hosp,3,2026-08-22,13,quantile,0.025,28.0
2026-08-01,wk inc covid hosp,3,2026-08-22,13,quantile,0.05,33.0
2026-08-01,wk inc covid hosp,3,2026-08-22,13,quantile,0.1,35.0
2026-08-01,wk inc covid hosp,3,2026-08-22,13,quantile,0.15,35.0
2026-08-01,wk inc covid hosp,3,2026-08-22,13,quantile,0.2,37.0
2026-08-01,wk inc covid hosp,3,2026-08-22,13,quantile,0.25,37.0
2026-08-01,wk inc covid hosp,3,2026-08-22,13,quantile,0.3,39.0
2026-08-01,wk inc covid hosp,3,2026-08-22,13,quantile,0.35,40.0
2026-08-01,wk inc covid hosp,3,2026-08-22,13,quantile,0.4,41.0
2026-08-01,wk inc covid hosp,3,2026-08-22,13,quantile,0.45,43.0
2026-08-01,wk inc covid hosp,3,2026-08-22,13,quantile,0.5,44.0
2026-08-01,wk inc covid hosp,3,2026-08-22,13,quantile,0.55,44.0
2026-08-01,wk inc covid hosp,3,2026-08-22,13,quantile,0.6,46.0
2026-08-01,wk inc covid hosp,3,2026-08-22,13,quantile,0.65,46.0
2026-08-01,wk inc covid hosp,3,2026-08-22,13,quantile,0.7,48.0
2026-08-01,wk inc covid hosp,3,2026-08-22,13,quantile,0.75,54.0
2026-08-01,wk inc covid hosp,3,2026-08-22,13,quantile,0.8,54.0
2026-08-01,wk inc covid hosp,3,2026-08-22,13,quantile,0.85,60.0
2026-08-01,wk inc covid hosp,3,2026-08-22,13,quantile,0.9,63.0
2026-08-01,wk inc covid hosp,3,2026-08-22,13,quantile,0.95,80.0
2026-08-01,wk inc covid hosp,3,2026-08-22,13,quantile,0.975,132.0
2026-08-01,wk inc covid hosp,3,2026-08-22,13,quantile,0.99,260.0
2026-08-01,wk inc covid hosp,3,2026-08-22,15,quantile,0.01,4.0
2026-08-01,wk inc covid hosp,3,2026-08-22,15,quantile,0.025,4.0
2026-08-01,wk inc covid hosp,3,2026-08-22,15,quantile,0.05,5.0
2026-08-01,wk inc covid hosp,3,2026-08-22,15,quantile,0.1,5.0
2026-08-01,wk inc covid hosp,3,2026-08-22,15,quantile,0.15,5.0
2026-08-01,wk inc covid hosp,3,2026-08-22,15,quantile,0.2,5.0
2026-08-01,wk inc covid hosp,3,2026-08-22,15,quantile,0.25,7.0
2026-08-01,wk inc covid hosp,3,2026-08-22,15,quantile,0.3,7.0
2026-08-01,wk inc covid hosp,3,2026-08-22,15,quantile,0.35,7.0
2026-08-01,wk inc covid hosp,3,2026-08-22,15,quantile,0.4,7.0
2026-08-01,wk inc covid hosp,3,2026-08-22,15,quantile,0.45,8.0
2026-08-01,wk inc covid hosp,3,2026-08-22,15,quantile,0.5,9.0
2026-08-01,wk inc covid hosp,3,2026-08-22,15,quantile,0.55,9.0
2026-08-01,wk inc covid hosp,3,2026-08-22,15,quantile,0.6,9.0
2026-08-01,wk inc covid hosp,3,2026-08-22,15,quantile,0.65,10.0
2026-08-01,wk inc covid hosp,3,2026-08-22,15,quantile,0.7,10.0
2026-08-01,wk inc covid hosp,3,2026-08-22,15,quantile,0.75,12.0
2026-08-01,wk inc covid hosp,3,2026-08-22,15,quantile,0.8,12.0
2026-08-01,wk inc covid hosp,3,2026-08-22,15,quantile,0.85,15.0
2026-08-01,wk inc covid hosp,3,2026-08-22,15,quantile,0.9,15.0
2026-08-01,wk inc covid hosp,3,2026-08-22,15,quantile,0.95,20.0
2026-08-01,wk inc covid hosp,3,2026-08-22,15,quantile,0.975,20.0
2026-08-01,wk inc covid hosp,3,2026-08-22,15,quantile,0.99,32.0
2026-08-01,wk inc covid hosp,3,2026-08-22,16,quantile,0.01,0.0
2026-08-01,wk inc covid hosp,3,2026-08-22,16,quantile,0.025,0.0
2026-08-01,wk inc covid hosp,3,2026-08-22,16,quantile,0.05,0.0
2026-08-01,wk inc covid hosp,3,2026-08-22,16,quantile,0.1,0.0
2026-08-01,wk inc covid hosp,3,2026-08-22,16,quantile,0.15,1.0
2026-08-01,wk inc covid hosp,3,2026-08-22,16,quantile,0.2,1.0
2026-08-01,wk inc covid hosp,3,2026-08-22,16,quantile,0.25,1.0
2026-08-01,wk inc covid hosp,3,2026-08-22,16,quantile,0.3,2.0
2026-08-01,wk inc covid hosp,3,2026-08-22,16,quantile,0.35,2.0
2026-08-01,wk inc covid hosp,3,2026-08-22,16,quantile,0.4,3.0
2026-08-01,wk inc covid hosp,3,2026-08-22,16,quantile,0.45,3.0
2026-08-01,wk inc covid hosp,3,2026-08-22,16,quantile,0.5,3.0
2026-08-01,wk inc covid hosp,3,2026-08-22,16,quantile,0.55,4.0
2026-08-01,wk inc covid hosp,3,2026-08-22,16,quantile,0.6,4.0
2026-08-01,wk inc covid hosp,3,2026-08-22,16,quantile,0.65,5.0
2026-08-01,wk inc covid hosp,3,2026-08-22,16,quantile,0.7,5.0
2026-08-01,wk inc covid hosp,3,2026-08-22,16,quantile,0.75,5.0
2026-08-01,wk inc covid hosp,3,2026-08-22,16,quantile,0.8,6.0
2026-08-01,wk inc covid hosp,3,2026-08-22,16,quantile,0.85,6.0
2026-08-01,wk inc covid hosp,3,2026-08-22,16,quantile,0.9,7.0
2026-08-01,wk inc covid hosp,3,2026-08-22,16,quantile,0.95,12.0
2026-08-01,wk inc covid hosp,3,2026-08-22,16,quantile,0.975,21.0
2026-08-01,wk inc covid hosp,3,2026-08-22,16,quantile,0.99,45.0
2026-08-01,wk inc covid hosp,3,2026-08-22,17,quantile,0.01,4.0
2026-08-01,wk inc covid hosp,3,2026-08-22,17,quantile,0.025,11.0
2026-08-01,wk inc covid hosp,3,2026-08-22,17,quantile,0.05,15.0
2026-08-01,wk inc covid hosp,3,2026-08-22,17,quantile,0.1,15.0
2026-08-01,wk inc covid hosp,3,2026-08-22,17,quantile,0.15,15.0
2026-08-01,wk inc covid hosp,3,2026-08-22,17,quantile,0.2,16.0
2026-08-01,wk inc covid hosp,3,2026-08-22,17,quantile,0.25,16.0
2026-08-01,wk inc covid hosp,3,2026-08-22,17,quantile,0.3,19.0
2026-08-01,wk inc covid hosp,3,2026-08-22,17,quantile,0.35,19.0
2026-08-01,wk inc covid hosp,3,2026-08-22,17,quantile,0.4,19.0
2026-08-01,wk inc covid hosp,3,2026-08-22,17,quantile,0.45,21.0
2026-08-01,wk inc covid hosp,3,2026-08-22,17,quantile,0.5,21.0
2026-08-01,wk inc covid hosp,3,2026-08-22,17,quantile,0.55,22.0
2026-08-01,wk inc covid hosp,3,2026-08-22,17,quantile,0.6,22.0
2026-08-01,wk inc covid hosp,3,2026-08-22,17,quantile,0.65,27.0
2026-08-01,wk inc covid hosp,3,2026-08-22,17,quantile,0.7,29.0
2026-08-01,wk inc covid hosp,3,2026-08-22,17,quantile,0.75,30.0
2026-08-01,wk inc covid hosp,3,2026-08-22,17,quantile,0.8,33.0
2026-08-01,wk inc covid hosp,3,2026-08-22,17,quantile,0.85,37.0
2026-08-01,wk inc covid hosp,3,2026-08-22,17,quantile,0.9,41.0
2026-08-01,wk inc covid hosp,3,2026-08-22,17,quantile,0.95,78.0
2026-08-01,wk inc covid hosp,3,2026-08-22,17,quantile,0.975,155.0
2026-08-01,wk inc covid hosp,3,2026-08-22,17,quantile,0.99,314.0
2026-08-01,wk inc covid hosp,3,2026-08-22,18,quantile,0.01,5.0
2026-08-01,wk inc covid hosp,3,2026-08-22,18,quantile,0.025,8.0
2026-08-01,wk inc covid hosp,3,2026-08-22,18,quantile,0.05,8.0
2026-08-01,wk inc covid hosp,3,2026-08-22,18,quantile,0.1,8.0
2026-08-01,wk inc covid hosp,3,2026-08-22,18,quantile,0.15,9.0
2026-08-01,wk inc covid hosp,3,2026-08-22,18,quantile,0.2,9.0
2026-08-01,wk inc covid hosp,3,2026-08-22,18,quantile,0.25,10.0
2026-08-01,wk inc covid hosp,3,2026-08-22,18,quantile,0.3,10.0
2026-08-01,wk inc covid hosp,3,2026-08-22,18,quantile,0.35,11.0
2026-08-01,wk inc covid hosp,3,2026-08-22,18,quantile,0.4,11.0
2026-08-01,wk inc covid hosp,3,2026-08-22,18,quantile,0.45,12.0
2026-08-01,wk inc covid hosp,3,2026-08-22,18,quantile,0.5,12.0
2026-08-01,wk inc covid hosp,3,2026-08-22,18,quantile,0.55,12.0
2026-08-01,wk inc covid hosp,3,2026-08-22,18,quantile,0.6,14.0
2026-08-01,wk inc covid hosp,3,2026-08-22,18,quantile,0.65,15.0
2026-08-01,wk inc covid hosp,3,2026-08-22,18,quantile,0.7,16.0
2026-08-01,wk inc covid hosp,3,2026-08-22,18,quantile,0.75,17.0
2026-08-01,wk inc covid hosp,3,2026-08-22,18,quantile,0.8,18.0
2026-08-01,wk inc covid hosp,3,2026-08-22,18,quantile,0.85,19.0
2026-08-01,wk inc covid hosp,3,2026-08-22,18,quantile,0.9,22.0
2026-08-01,wk inc covid hosp,3,2026-08-22,18,quantile,0.95,41.0
2026-08-01,wk inc covid hosp,3,2026-08-22,18,quantile,0.975,82.0
2026-08-01,wk inc covid hosp,3,2026-08-22,18,quantile,0.99,169.0
2026-08-01,wk inc covid hosp,3,2026-08-22,19,quantile,0.01,1.0
2026-08-01,wk inc covid hosp,3,2026-08-22,19,quantile,0.025,2.0
2026-08-01,wk inc covid hosp,3,2026-08-22,19,quantile,0.05,2.0
2026-08-01,wk inc covid hosp,3,2026-08-22,19,quantile,0.1,2.0
2026-08-01,wk inc covid hosp,3,2026-08-22,19,quantile,0.15,3.0
2026-08-01,wk inc covid hosp,3,2026-08-22,19,quantile,0.2,3.0
2026-08-01,wk inc covid hosp,3,2026-08-22,19,quantile,0.25,3.0
2026-08-01,wk inc covid hosp,3,2026-08-22,19,quantile,0.3,4.0
2026-08-01,wk inc covid hosp,3,2026-08-22,19,quantile,0.35,4.0
2026-08-01,wk inc covid hosp,3,2026-08-22,19,quantile,0.4,4.0
2026-08-01,wk inc covid hosp,3,2026-08-22,19,quantile,0.45,5.0
2026-08-01,wk inc covid hosp,3,2026-08-22,19,quantile,0.5,5.0
2026-08-01,wk inc covid hosp,3,2026-08-22,19,quantile,0.55,5.0
2026-08-01,wk inc covid hosp,3,2026-08-22,19,quantile,0.6,6.0
2026-08-01,wk inc covid hosp,3,2026-08-22,19,quantile,0.65,7.0
2026-08-01,wk inc covid hosp,3,2026-08-22,19,quantile,0.7,7.0
2026-08-01,wk inc covid hosp,3,2026-08-22,19,quantile,0.75,8.0
2026-08-01,wk inc covid hosp,3,2026-08-22,19,quantile,0.8,9.0
2026-08-01,wk inc covid hosp,3,2026-08-22,19,quantile,0.85,9.0
2026-08-01,wk inc covid hosp,3,2026-08-22,19,quantile,0.9,11.0
2026-08-01,wk inc covid hosp,3,2026-08-22,19,quantile,0.95,20.0
2026-08-01,wk inc covid hosp,3,2026-08-22,19,quantile,0.975,38.0
2026-08-01,wk inc covid hosp,3,2026-08-22,19,quantile,0.99,75.0
2026-08-01,wk inc covid hosp,3,2026-08-22,20,quantile,0.01,1.0
2026-08-01,wk inc covid hosp,3,2026-08-22,20,quantile,0.025,2.0
2026-08-01,wk inc covid hosp,3,2026-08-22,20,quantile,0.05,2.0
2026-08-01,wk inc covid hosp,3,2026-08-22,20,quantile,0.1,4.0
2026-08-01,wk inc covid hosp,3,2026-08-22,20,quantile,0.15,5.0
2026-08-01,wk inc covid hosp,3,2026-08-22,20,quantile,0.2,5.0
2026-08-01,wk inc covid hosp,3,2026-08-22,20,quantile,0.25,5.0
2026-08-01,wk inc covid hosp,3,2026-08-22,20,quantile,0.3,5.0
2026-08-01,wk inc covid hosp,3,2026-08-22,20,quantile,0.35,7.0
2026-08-01,wk inc covid hosp,3,2026-08-22,20,quantile,0.4,7.0
2026-08-01,wk inc covid hosp,3,2026-08-22,20,quantile,0.45,8.0
2026-08-01,wk inc covid hosp,3,2026-08-22,20,quantile,0.5,9.0
2026-08-01,wk inc covid hosp,3,2026-08-22,20,quantile,0.55,9.0
2026-08-01,wk inc covid hosp,3,2026-08-22,20,quantile,0.6,10.0
2026-08-01,wk inc covid hosp,3,2026-08-22,20,quantile,0.65,11.0
2026-08-01,wk inc covid hosp,3,2026-08-22,20,quantile,0.7,11.0
2026-08-01,wk inc covid hosp,3,2026-08-22,20,quantile,0.75,12.0
2026-08-01,wk inc covid hosp,3,2026-08-22,20,quantile,0.8,13.0
2026-08-01,wk inc covid hosp,3,2026-08-22,20,quantile,0.85,14.0
2026-08-01,wk inc covid hosp,3,2026-08-22,20,quantile,0.9,15.0
2026-08-01,wk inc covid hosp,3,2026-08-22,20,quantile,0.95,21.0
2026-08-01,wk inc covid hosp,3,2026-08-22,20,quantile,0.975,35.0
2026-08-01,wk inc covid hosp,3,2026-08-22,20,quantile,0.99,72.0
2026-08-01,wk inc covid hosp,3,2026-08-22,21,quantile,0.01,4.0
2026-08-01,wk inc covid hosp,3,2026-08-22,21,quantile,0.025,6.0
2026-08-01,wk inc covid hosp,3,2026-08-22,21,quantile,0.05,8.0
2026-08-01,wk inc covid hosp,3,2026-08-22,21,quantile,0.1,9.0
2026-08-01,wk inc covid hosp,3,2026-08-22,21,quantile,0.15,9.0
2026-08-01,wk inc covid hosp,3,2026-08-22,21,quantile,0.2,9.0
2026-08-01,wk inc covid hosp,3,2026-08-22,21,quantile,0.25,10.0
2026-08-01,wk inc covid hosp,3,2026-08-22,21,quantile,0.3,11.0
2026-08-01,wk inc covid hosp,3,2026-08-22,21,quantile,0.35,12.0
2026-08-01,wk inc covid hosp,3,2026-08-22,21,quantile,0.4,12.0
2026-08-01,wk inc covid hosp,3,2026-08-22,21,quantile,0.45,12.0
2026-08-01,wk inc covid hosp,3,2026-08-22,21,quantile,0.5,12.0
2026-08-01,wk inc covid hosp,3,2026-08-22,21,quantile,0.55,12.0
2026-08-01,wk inc covid hosp,3,2026-08-22,21,quantile,0.6,13.0
2026-08-01,wk inc covid hosp,3,2026-08-22,21,quantile,0.65,15.0
2026-08-01,wk inc covid hosp,3,2026-08-22,21,quantile,0.7,15.0
2026-08-01,wk inc covid hosp,3,2026-08-22,21,quantile,0.75,17.0
2026-08-01,wk inc covid hosp,3,2026-08-22,21,quantile,0.8,19.0
2026-08-01,wk inc covid hosp,3,2026-08-22,21,quantile,0.85,20.0
2026-08-01,wk inc covid hosp,3,2026-08-22,21,quantile,0.9,20.0
2026-08-01,wk inc covid hosp,3,2026-08-22,21,quantile,0.95,31.0
2026-08-01,wk inc covid hosp,3,2026-08-22,21,quantile,0.975,50.0
2026-08-01,wk inc covid hosp,3,2026-08-22,21,quantile,0.99,101.0
2026-08-01,wk inc covid hosp,3,2026-08-22,22,quantile,0.01,24.0
2026-08-01,wk inc covid hosp,3,2026-08-22,22,quantile,0.025,24.0
2026-08-01,wk inc covid hosp,3,2026-08-22,22,quantile,0.05,34.0
2026-08-01,wk inc covid hosp,3,2026-08-22,22,quantile,0.1,34.0
2026-08-01,wk inc covid hosp,3,2026-08-22,22,quantile,0.15,41.0
2026-08-01,wk inc covid hosp,3,2026-08-22,22,quantile,0.2,48.0
2026-08-01,wk inc covid hosp,3,2026-08-22,22,quantile,0.25,55.0
2026-08-01,wk inc covid hosp,3,2026-08-22,22,quantile,0.3,55.0
2026-08-01,wk inc covid hosp,3,2026-08-22,22,quantile,0.35,55.0
2026-08-01,wk inc covid hosp,3,2026-08-22,22,quantile,0.4,55.0
2026-08-01,wk inc covid hosp,3,2026-08-22,22,quantile,0.45,55.0
2026-08-01,wk inc covid hosp,3,2026-08-22,22,quantile,0.5,56.0
2026-08-01,wk inc covid hosp,3,2026-08-22,22,quantile,0.55,57.0
2026-08-01,wk inc covid hosp,3,2026-08-22,22,quantile,0.6,60.0
2026-08-01,wk inc covid hosp,3,2026-08-22,22,quantile,0.65,63.0
2026-08-01,wk inc covid hosp,3,2026-08-22,22,quantile,0.7,64.0
2026-08-01,wk inc covid hosp,3,2026-08-22,22,quantile,0.75,65.0
2026-08-01,wk inc covid hosp,3,2026-08-22,22,quantile,0.8,70.0
2026-08-01,wk inc covid hosp,3,2026-08-22,22,quantile,0.85,70.0
2026-08-01,wk inc covid hosp,3,2026-08-22,22,quantile,0.9,76.0
2026-08-01,wk inc covid hosp,3,2026-08-22,22,quantile,0.95,76.0
2026-08-01,wk inc covid hosp,3,2026-08-22,22,quantile,0.975,82.0
2026-08-01,wk inc covid hosp,3,2026-08-22,22,quantile,0.99,115.0
2026-08-01,wk inc covid hosp,3,2026-08-22,23,quantile,0.01,0.0
2026-08-01,wk inc covid hosp,3,2026-08-22,23,quantile,0.025,0.0
2026-08-01,wk inc covid hosp,3,2026-08-22,23,quantile,0.05,0.0
2026-08-01,wk inc covid hosp,3,2026-08-22,23,quantile,0.1,0.0
2026-08-01,wk inc covid hosp,3,2026-08-22,23,quantile,0.15,0.0
2026-08-01,wk inc covid hosp,3,2026-08-22,23,quantile,0.2,0.0
2026-08-01,wk inc covid hosp,3,2026-08-22,23,quantile,0.25,0.0
2026-08-01,wk inc covid hosp,3,2026-08-22,23,quantile,0.3,0.0
2026-08-01,wk inc covid hosp,3,2026-08-22,23,quantile,0.35,1.0
2026-08-01,wk inc covid hosp,3,2026-08-22,23,quantile,0.4,1.0
2026-08-01,wk inc covid hosp,3,2026-08-22,23,quantile,0.45,1.0
2026-08-01,wk inc covid hosp,3,2026-08-22,23,quantile,0.5,1.0
2026-08-01,wk inc covid hosp,3,2026-08-22,23,quantile,0.55,2.0
2026-08-01,wk inc covid hosp,3,2026-08-22,23,quantile,0.6,2.0
2026-08-01,wk inc covid hosp,3,2026-08-22,23,quantile,0.65,2.0
2026-08-01,wk inc covid hosp,3,2026-08-22,23,quantile,0.7,2.0
2026-08-01,wk inc covid hosp,3,2026-08-22,23,quantile,0.75,3.0
2026-08-01,wk inc covid hosp,3,2026-08-22,23,quantile,0.8,3.0
2026-08-01,wk inc covid hosp,3,2026-08-22,23,quantile,0.85,4.0
2026-08-01,wk inc covid hosp,3,2026-08-22,23,quantile,0.9,5.0
2026-08-01,wk inc covid hosp,3,2026-08-22,23,quantile,0.95,9.0
2026-08-01,wk inc covid hosp,3,2026-08-22,23,quantile,0.975,16.0
2026-08-01,wk inc covid hosp,3,2026-08-22,23,quantile,0.99,31.0
2026-08-01,wk inc covid hosp,3,2026-08-22,24,quantile,0.01,2.0
2026-08-01,wk inc covid hosp,3,2026-08-22,24,quantile,0.025,2.0
2026-08-01,wk inc covid hosp,3,2026-08-22,24,quantile,0.05,4.0
2026-08-01,wk inc covid hosp,3,2026-08-22,24,quantile,0.1,4.0
2026-08-01,wk inc covid hosp,3,2026-08-22,24,quantile,0.15,4.0
2026-08-01,wk inc covid hosp,3,2026-08-22,24,quantile,0.2,5.0
2026-08-01,wk inc covid hosp,3,2026-08-22,24,quantile,0.25,5.0
2026-08-01,wk inc covid hosp,3,2026-08-22,24,quantile,0.3,5.0
2026-08-01,wk inc covid hosp,3,2026-08-22,24,quantile,0.35,7.0
2026-08-01,wk inc covid hosp,3,2026-08-22,24,quantile,0.4,7.0
2026-08-01,wk inc covid hosp,3,2026-08-22,24,quantile,0.45,8.0
2026-08-01,wk inc covid hosp,3,2026-08-22,24,quantile,0.5,8.0
2026-08-01,wk inc covid hosp,3,2026-08-22,24,quantile,0.55,9.0
2026-08-01,wk inc covid hosp,3,2026-08-22,24,quantile,0.6,10.0
2026-08-01,wk inc covid hosp,3,2026-08-22,24,quantile,0.65,11.0
2026-08-01,wk inc covid hosp,3,2026-08-22,24,quantile,0.7,11.0
2026-08-01,wk inc covid hosp,3,2026-08-22,24,quantile,0.75,12.0
2026-08-01,wk inc covid hosp,3,2026-08-22,24,quantile,0.8,14.0
2026-08-01,wk inc covid hosp,3,2026-08-22,24,quantile,0.85,16.0
2026-08-01,wk inc covid hosp,3,2026-08-22,24,quantile,0.9,19.0
2026-08-01,wk inc covid hosp,3,2026-08-22,24,quantile,0.95,38.0
2026-08-01,wk inc covid hosp,3,2026-08-22,24,quantile,0.975,76.0
2026-08-01,wk inc covid hosp,3,2026-08-22,24,quantile,0.99,149.0
2026-08-01,wk inc covid hosp,3,2026-08-22,25,quantile,0.01,2.0
2026-08-01,wk inc covid hosp,3,2026-08-22,25,quantile,0.025,3.0
2026-08-01,wk inc covid hosp,3,2026-08-22,25,quantile,0.05,4.0
2026-08-01,wk inc covid hosp,3,2026-08-22,25,quantile,0.1,5.0
2026-08-01,wk inc covid hosp,3,2026-08-22,25,quantile,0.15,6.0
2026-08-01,wk inc covid hosp,3,2026-08-22,25,quantile,0.2,6.0
2026-08-01,wk inc covid hosp,3,2026-08-22,25,quantile,0.25,7.0
2026-08-01,wk inc covid hosp,3,2026-08-22,25,quantile,0.3,8.0
2026-08-01,wk inc covid hosp,3,2026-08-22,25,quantile,0.35,8.0
2026-08-01,wk inc covid hosp,3,2026-08-22,25,quantile,0.4,8.0
2026-08-01,wk inc covid hosp,3,2026-08-22,25,quantile,0.45,8.0
2026-08-01,wk inc covid hosp,3,2026-08-22,25,quantile,0.5,9.0
2026-08-01,wk inc covid hosp,3,2026-08-22,25,quantile,0.55,9.0
2026-08-01,wk inc covid hosp,3,2026-08-22,25,quantile,0.6,9.0
2026-08-01,wk inc covid hosp,3,2026-08-22,25,quantile,0.65,11.0
2026-08-01,wk inc covid hosp,3,2026-08-22,25,quantile,0.7,12.0
2026-08-01,wk inc covid hosp,3,2026-08-22,25,quantile,0.75,13.0
2026-08-01,wk inc covid hosp,3,2026-08-22,25,quantile,0.8,15.0
2026-08-01,wk inc covid hosp,3,2026-08-22,25,quantile,0.85,17.0
2026-08-01,wk inc covid hosp,3,2026-08-22,25,quantile,0.9,22.0
2026-08-01,wk inc covid hosp,3,2026-08-22,25,quantile,0.95,47.0
2026-08-01,wk inc covid hosp,3,2026-08-22,25,quantile,0.975,88.0
2026-08-01,wk inc covid hosp,3,2026-08-22,25,quantile,0.99,175.0
2026-08-01,wk inc covid hosp,3,2026-08-22,26,quantile,0.01,4.0
2026-08-01,wk inc covid hosp,3,2026-08-22,26,quantile,0.025,9.0
2026-08-01,wk inc covid hosp,3,2026-08-22,26,quantile,0.05,11.0
2026-08-01,wk inc covid hosp,3,2026-08-22,26,quantile,0.1,11.0
2026-08-01,wk inc covid hosp,3,2026-08-22,26,quantile,0.15,11.0
2026-08-01,wk inc covid hosp,3,2026-08-22,26,quantile,0.2,12.0
2026-08-01,wk inc covid hosp,3,2026-08-22,26,quantile,0.25,12.0
2026-08-01,wk inc covid hosp,3,2026-08-22,26,quantile,0.3,15.0
2026-08-01,wk inc covid hosp,3,2026-08-22,26,quantile,0.35,15.0
2026-08-01,wk inc covid hosp,3,2026-08-22,26,quantile,0.4,15.0
2026-08-01,wk inc covid hosp,3,2026-08-22,26,quantile,0.45,16.0
2026-08-01,wk inc covid hosp,3,2026-08-22,26,quantile,0.5,16.0
2026-08-01,wk inc covid hosp,3,2026-08-22,26,quantile,0.55,17.0
2026-08-01,wk inc covid hosp,3,2026-08-22,26,quantile,0.6,19.0
2026-08-01,wk inc covid hosp,3,2026-08-22,26,quantile,0.65,22.0
2026-08-01,wk inc covid hosp,3,2026-08-22,26,quantile,0.7,24.0
2026-08-01,wk inc covid hosp,3,2026-08-22,26,quantile,0.75,25.0
2026-08-01,wk inc covid hosp,3,2026-08-22,26,quantile,0.8,26.0
2026-08-01,wk inc covid hosp,3,2026-08-22,26,quantile,0.85,29.0
2026-08-01,wk inc covid hosp,3,2026-08-22,26,quantile,0.9,33.0
2026-08-01,wk inc covid hosp,3,2026-08-22,26,quantile,0.95,61.0
2026-08-01,wk inc covid hosp,3,2026-08-22,26,quantile,0.975,124.0
2026-08-01,wk inc covid hosp,3,2026-08-22,26,quantile,0.99,266.0
2026-08-01,wk inc covid hosp,3,2026-08-22,27,quantile,0.01,2.0
2026-08-01,wk inc covid hosp,3,2026-08-22,27,quantile,0.025,3.0
2026-08-01,wk inc covid hosp,3,2026-08-22,27,quantile,0.05,3.0
2026-08-01,wk inc covid hosp,3,2026-08-22,27,quantile,0.1,4.0
2026-08-01,wk inc covid hosp,3,2026-08-22,27,quantile,0.15,5.0
2026-08-01,wk inc covid hosp,3,2026-08-22,27,quantile,0.2,5.0
2026-08-01,wk inc covid hosp,3,2026-08-22,27,quantile,0.25,5.0
2026-08-01,wk inc covid hosp,3,2026-08-22,27,quantile,0.3,5.0
2026-08-01,wk inc covid hosp,3,2026-08-22,27,quantile,0.35,5.0
2026-08-01,wk inc covid hosp,3,2026-08-22,27,quantile,0.4,5.0
2026-08-01,wk inc covid hosp,3,2026-08-22,27,quantile,0.45,6.0
2026-08-01,wk inc covid hosp,3,2026-08-22,27,quantile,0.5,6.0
2026-08-01,wk inc covid hosp,3,2026-08-22,27,quantile,0.55,7.0
2026-08-01,wk inc covid hosp,3,2026-08-22,27,quantile,0.6,7.0
2026-08-01,wk inc covid hosp,3,2026-08-22,27,quantile,0.65,9.0
2026-08-01,wk inc covid hosp,3,2026-08-22,27,quantile,0.7,9.0
2026-08-01,wk inc covid hosp,3,2026-08-22,27,quantile,0.75,10.0
2026-08-01,wk inc covid hosp,3,2026-08-22,27,quantile,0.8,12.0
2026-08-01,wk inc covid hosp,3,2026-08-22,27,quantile,0.85,13.0
2026-08-01,wk inc covid hosp,3,2026-08-22,27,quantile,0.9,18.0
2026-08-01,wk inc covid hosp,3,2026-08-22,27,quantile,0.95,35.0
2026-08-01,wk inc covid hosp,3,2026-08-22,27,quantile,0.975,69.0
2026-08-01,wk inc covid hosp,3,2026-08-22,27,quantile,0.99,142.0
2026-08-01,wk inc covid hosp,3,2026-08-22,28,quantile,0.01,9.0
2026-08-01,wk inc covid hosp,3,2026-08-22,28,quantile,0.025,11.0
2026-08-01,wk inc covid hosp,3,2026-08-22,28,quantile,0.05,15.0
2026-08-01,wk inc covid hosp,3,2026-08-22,28,quantile,0.1,19.0
2026-08-01,wk inc covid hosp,3,2026-08-22,28,quantile,0.15,20.0
2026-08-01,wk inc covid hosp,3,2026-08-22,28,quantile,0.2,21.0
2026-08-01,wk inc covid hosp,3,2026-08-22,28,quantile,0.25,21.0
2026-08-01,wk inc covid hosp,3,2026-08-22,28,quantile,0.3,21.0
2026-08-01,wk inc covid hosp,3,2026-08-22,28,quantile,0.35,21.0
2026-08-01,wk inc covid hosp,3,2026-08-22,28,quantile,0.4,22.0
2026-08-01,wk inc covid hosp,3,2026-08-22,28,quantile,0.45,24.0
2026-08-01,wk inc covid hosp,3,2026-08-22,28,quantile,0.5,24.0
2026-08-01,wk inc covid hosp,3,2026-08-22,28,quantile,0.55,24.0
2026-08-01,wk inc covid hosp,3,2026-08-22,28,quantile,0.6,26.0
2026-08-01,wk inc covid hosp,3,2026-08-22,28,quantile,0.65,27.0
2026-08-01,wk inc covid hosp,3,2026-08-22,28,quantile,0.7,28.0
2026-08-01,wk inc covid hosp,3,2026-08-22,28,quantile,0.75,30.0
2026-08-01,wk inc covid hosp,3,2026-08-22,28,quantile,0.8,30.0
2026-08-01,wk inc covid hosp,3,2026-08-22,28,quantile,0.85,30.0
2026-08-01,wk inc covid hosp,3,2026-08-22,28,quantile,0.9,33.0
2026-08-01,wk inc covid hosp,3,2026-08-22,28,quantile,0.95,39.0
2026-08-01,wk inc covid hosp,3,2026-08-22,28,quantile,0.975,45.0
2026-08-01,wk inc covid hosp,3,2026-08-22,28,quantile,0.99,64.0
2026-08-01,wk inc covid hosp,3,2026-08-22,29,quantile,0.01,3.0
2026-08-01,wk inc covid hosp,3,2026-08-22,29,quantile,0.025,6.0
2026-08-01,wk inc covid hosp,3,2026-08-22,29,quantile,0.05,6.0
2026-08-01,wk inc covid hosp,3,2026-08-22,29,quantile,0.1,6.0
2026-08-01,wk inc covid hosp,3,2026-08-22,29,quantile,0.15,6.0
2026-08-01,wk inc covid hosp,3,2026-08-22,29,quantile,0.2,7.0
2026-08-01,wk inc covid hosp,3,2026-08-22,29,quantile,0.25,7.0
2026-08-01,wk inc covid hosp,3,2026-08-22,29,quantile,0.3,8.0
2026-08-01,wk inc covid hosp,3,2026-08-22,29,quantile,0.35,9.0
2026-08-01,wk inc covid hosp,3,2026-08-22,29,quantile,0.4,9.0
2026-08-01,wk inc covid hosp,3,2026-08-22,29,quantile,0.45,11.0
2026-08-01,wk inc covid hosp,3,2026-08-22,29,quantile,0.5,11.0
2026-08-01,wk inc covid hosp,3,2026-08-22,29,quantile,0.55,12.0
2026-08-01,wk inc covid hosp,3,2026-08-22,29,quantile,0.6,12.0
2026-08-01,wk inc covid hosp,3,2026-08-22,29,quantile,0.65,14.0
2026-08-01,wk inc covid hosp,3,2026-08-22,29,quantile,0.7,16.0
2026-08-01,wk inc covid hosp,3,2026-08-22,29,quantile,0.75,16.0
2026-08-01,wk inc covid hosp,3,2026-08-22,29,quantile,0.8,18.0
2026-08-01,wk inc covid hosp,3,2026-08-22,29,quantile,0.85,19.0
2026-08-01,wk inc covid hosp,3,2026-08-22,29,quantile,0.9,22.0
2026-08-01,wk inc covid hosp,3,2026-08-22,29,quantile,0.95,42.0
2026-08-01,wk inc covid hosp,3,2026-08-22,29,quantile,0.975,86.0
2026-08-01,wk inc covid hosp,3,2026-08-22,29,quantile,0.99,166.0
2026-08-01,wk inc covid hosp,3,2026-08-22,30,quantile,0.01,0.0
2026-08-01,wk inc covid hosp,3,2026-08-22,30,quantile,0.025,0.0
2026-08-01,wk inc covid hosp,3,2026-08-22,30,quantile,0.05,0.0
2026-08-01,wk inc covid hosp,3,2026-08-22,30,quantile,0.1,0.0
2026-08-01,wk inc covid hosp,3,2026-08-22,30,quantile,0.15,0.0
2026-08-01,wk inc covid hosp,3,2026-08-22,30,quantile,0.2,0.0
2026-08-01,wk inc covid hosp,3,2026-08-22,30,quantile,0.25,1.0
2026-08-01,wk inc covid hosp,3,2026-08-22,30,quantile,0.3,1.0
2026-08-01,wk inc covid hosp,3,2026-08-22,30,quantile,0.35,1.0
2026-08-01,wk inc covid hosp,3,2026-08-22,30,quantile,0.4,2.0
2026-08-01,wk inc covid hosp,3,2026-08-22,30,quantile,0.45,2.0
2026-08-01,wk inc covid hosp,3,2026-08-22,30,quantile,0.5,2.0
2026-08-01,wk inc covid hosp,3,2026-08-22,30,quantile,0.55,2.0
2026-08-01,wk inc covid hosp,3,2026-08-22,30,quantile,0.6,2.0
2026-08-01,wk inc covid hosp,3,2026-08-22,30,quantile,0.65,3.0
2026-08-01,wk inc covid hosp,3,2026-08-22,30,quantile,0.7,3.0
2026-08-01,wk inc covid hosp,3,2026-08-22,30,quantile,0.75,3.0
2026-08-01,wk inc covid hosp,3,2026-08-22,30,quantile,0.8,4.0
2026-08-01,wk inc covid hosp,3,2026-08-22,30,quantile,0.85,4.0
2026-08-01,wk inc covid hosp,3,2026-08-22,30,quantile,0.9,5.0
2026-08-01,wk inc covid hosp,3,2026-08-22,30,quantile,0.95,9.0
2026-08-01,wk inc covid hosp,3,2026-08-22,30,quantile,0.975,13.0
2026-08-01,wk inc covid hosp,3,2026-08-22,30,quantile,0.99,25.0
2026-08-01,wk inc covid hosp,3,2026-08-22,31,quantile,0.01,0.0
2026-08-01,wk inc covid hosp,3,2026-08-22,31,quantile,0.025,0.0
2026-08-01,wk inc covid hosp,3,2026-08-22,31,quantile,0.05,0.0
2026-08-01,wk inc covid hosp,3,2026-08-22,31,quantile,0.1,1.0
2026-08-01,wk inc covid hosp,3,2026-08-22,31,quantile,0.15,1.0
2026-08-01,wk inc covid hosp,3,2026-08-22,31,quantile,0.2,2.0
2026-08-01,wk inc covid hosp,3,2026-08-22,31,quantile,0.25,2.0
2026-08-01,wk inc covid hosp,3,2026-08-22,31,quantile,0.3,2.0
2026-08-01,wk inc covid hosp,3,2026-08-22,31,quantile,0.35,2.0
2026-08-01,wk inc covid hosp,3,2026-08-22,31,quantile,0.4,3.0
2026-08-01,wk inc covid hosp,3,2026-08-22,31,quantile,0.45,3.0
2026-08-01,wk inc covid hosp,3,2026-08-22,31,quantile,0.5,3.0
2026-08-01,wk inc covid hosp,3,2026-08-22,31,quantile,0.55,3.0
2026-08-01,wk inc covid hosp,3,2026-08-22,31,quantile,0.6,4.0
2026-08-01,wk inc covid hosp,3,2026-08-22,31,quantile,0.65,5.0
2026-08-01,wk inc covid hosp,3,2026-08-22,31,quantile,0.7,5.0
2026-08-01,wk inc covid hosp,3,2026-08-22,31,quantile,0.75,5.0
2026-08-01,wk inc covid hosp,3,2026-08-22,31,quantile,0.8,6.0
2026-08-01,wk inc covid hosp,3,2026-08-22,31,quantile,0.85,6.0
2026-08-01,wk inc covid hosp,3,2026-08-22,31,quantile,0.9,7.0
2026-08-01,wk inc covid hosp,3,2026-08-22,31,quantile,0.95,13.0
2026-08-01,wk inc covid hosp,3,2026-08-22,31,quantile,0.975,23.0
2026-08-01,wk inc covid hosp,3,2026-08-22,31,quantile,0.99,48.0
2026-08-01,wk inc covid hosp,3,2026-08-22,32,quantile,0.01,4.0
2026-08-01,wk inc covid hosp,3,2026-08-22,32,quantile,0.025,6.0
2026-08-01,wk inc covid hosp,3,2026-08-22,32,quantile,0.05,6.0
2026-08-01,wk inc covid hosp,3,2026-08-22,32,quantile,0.1,8.0
2026-08-01,wk inc covid hosp,3,2026-08-22,32,quantile,0.15,10.0
2026-08-01,wk inc covid hosp,3,2026-08-22,32,quantile,0.2,10.0
2026-08-01,wk inc covid hosp,3,2026-08-22,32,quantile,0.25,10.0
2026-08-01,wk inc covid hosp,3,2026-08-22,32,quantile,0.3,11.0
2026-08-01,wk inc covid hosp,3,2026-08-22,32,quantile,0.35,11.0
2026-08-01,wk inc covid hosp,3,2026-08-22,32,quantile,0.4,12.0
2026-08-01,wk inc covid hosp,3,2026-08-22,32,quantile,0.45,13.0
2026-08-01,wk inc covid hosp,3,2026-08-22,32,quantile,0.5,14.0
2026-08-01,wk inc covid hosp,3,2026-08-22,32,quantile,0.55,14.0
2026-08-01,wk inc covid hosp,3,2026-08-22,32,quantile,0.6,15.0
2026-08-01,wk inc covid hosp,3,2026-08-22,32,quantile,0.65,17.0
2026-08-01,wk inc covid hosp,3,2026-08-22,32,quantile,0.7,17.0
2026-08-01,wk inc covid hosp,3,2026-08-22,32,quantile,0.75,18.0
2026-08-01,wk inc covid hosp,3,2026-08-22,32,quantile,0.8,18.0
2026-08-01,wk inc covid hosp,3,2026-08-22,32,quantile,0.85,19.0
2026-08-01,wk inc covid hosp,3,2026-08-22,32,quantile,0.9,19.0
2026-08-01,wk inc covid hosp,3,2026-08-22,32,quantile,0.95,26.0
2026-08-01,wk inc covid hosp,3,2026-08-22,32,quantile,0.975,40.0
2026-08-01,wk inc covid hosp,3,2026-08-22,32,quantile,0.99,74.0
2026-08-01,wk inc covid hosp,3,2026-08-22,33,quantile,0.01,0.0
2026-08-01,wk inc covid hosp,3,2026-08-22,33,quantile,0.025,0.0
2026-08-01,wk inc covid hosp,3,2026-08-22,33,quantile,0.05,1.0
2026-08-01,wk inc covid hosp,3,2026-08-22,33,quantile,0.1,1.0
2026-08-01,wk inc covid hosp,3,2026-08-22,33,quantile,0.15,1.0
2026-08-01,wk inc covid hosp,3,2026-08-22,33,quantile,0.2,1.0
2026-08-01,wk inc covid hosp,3,2026-08-22,33,quantile,0.25,2.0
2026-08-01,wk inc covid hosp,3,2026-08-22,33,quantile,0.3,2.0
2026-08-01,wk inc covid hosp,3,2026-08-22,33,quantile,0.35,2.0
2026-08-01,wk inc covid hosp,3,2026-08-22,33,quantile,0.4,3.0
2026-08-01,wk inc covid hosp,3,2026-08-22,33,quantile,0.45,3.0
2026-08-01,wk inc covid hosp,3,2026-08-22,33,quantile,0.5,3.0
2026-08-01,wk inc covid hosp,3,2026-08-22,33,quantile,0.55,3.0
2026-08-01,wk inc covid hosp,3,2026-08-22,33,quantile,0.6,3.0
2026-08-01,wk inc covid hosp,3,2026-08-22,33,quantile,0.65,4.0
2026-08-01,wk inc covid hosp,3,2026-08-22,33,quantile,0.7,4.0
2026-08-01,wk inc covid hosp,3,2026-08-22,33,quantile,0.75,4.0
2026-08-01,wk inc covid hosp,3,2026-08-22,33,quantile,0.8,5.0
2026-08-01,wk inc covid hosp,3,2026-08-22,33,quantile,0.85,6.0
2026-08-01,wk inc covid hosp,3,2026-08-22,33,quantile,0.9,6.0
2026-08-01,wk inc covid hosp,3,2026-08-22,33,quantile,0.95,10.0
2026-08-01,wk inc covid hosp,3,2026-08-22,33,quantile,0.975,15.0
2026-08-01,wk inc covid hosp,3,2026-08-22,33,quantile,0.99,32.0
2026-08-01,wk inc covid hosp,3,2026-08-22,34,quantile,0.01,18.0
2026-08-01,wk inc covid hosp,3,2026-08-22,34,quantile,0.025,23.0
2026-08-01,wk inc covid hosp,3,2026-08-22,34,quantile,0.05,25.0
2026-08-01,wk inc covid hosp,3,2026-08-22,34,quantile,0.1,32.0
2026-08-01,wk inc covid hosp,3,2026-08-22,34,quantile,0.15,33.0
2026-08-01,wk inc covid hosp,3,2026-08-22,34,quantile,0.2,33.0
2026-08-01,wk inc covid hosp,3,2026-08-22,34,quantile,0.25,35.0
2026-08-01,wk inc covid hosp,3,2026-08-22,34,quantile,0.3,38.0
2026-08-01,wk inc covid hosp,3,2026-08-22,34,quantile,0.35,38.0
2026-08-01,wk inc covid hosp,3,2026-08-22,34,quantile,0.4,38.0
2026-08-01,wk inc covid hosp,3,2026-08-22,34,quantile,0.45,39.0
2026-08-01,wk inc covid hosp,3,2026-08-22,34,quantile,0.5,39.0
2026-08-01,wk inc covid hosp,3,2026-08-22,34,quantile,0.55,39.0
2026-08-01,wk inc covid hosp,3,2026-08-22,34,quantile,0.6,40.0
2026-08-01,wk inc covid hosp,3,2026-08-22,34,quantile,0.65,42.0
2026-08-01,wk inc covid hosp,3,2026-08-22,34,quantile,0.7,42.0
2026-08-01,wk inc covid hosp,3,2026-08-22,34,quantile,0.75,46.0
2026-08-01,wk inc covid hosp,3,2026-08-22,34,quantile,0.8,49.0
2026-08-01,wk inc covid hosp,3,2026-08-22,34,quantile,0.85,54.0
2026-08-01,wk inc covid hosp,3,2026-08-22,34,quantile,0.9,64.0
2026-08-01,wk inc covid hosp,3,2026-08-22,34,quantile,0.95,80.0
2026-08-01,wk inc covid hosp,3,2026-08-22,34,quantile,0.975,108.0
2026-08-01,wk inc covid hosp,3,2026-08-22,34,quantile,0.99,223.0
2026-08-01,wk inc covid hosp,3,2026-08-22,35,quantile,0.01,1.0
2026-08-01,wk inc covid hosp,3,2026-08-22,35,quantile,0.025,1.0
2026-08-01,wk inc covid hosp,3,2026-08-22,35,quantile,0.05,1.0
2026-08-01,wk inc covid hosp,3,2026-08-22,35,quantile,0.1,1.0
2026-08-01,wk inc covid hosp,3,2026-08-22,35,quantile,0.15,2.0
2026-08-01,wk inc covid hosp,3,2026-08-22,35,quantile,0.2,3.0
2026-08-01,wk inc covid hosp,3,2026-08-22,35,quantile,0.25,4.0
2026-08-01,wk inc covid hosp,3,2026-08-22,35,quantile,0.3,4.0
2026-08-01,wk inc covid hosp,3,2026-08-22,35,quantile,0.35,4.0
2026-08-01,wk inc covid hosp,3,2026-08-22,35,quantile,0.4,4.0
2026-08-01,wk inc covid hosp,3,2026-08-22,35,quantile,0.45,4.0
2026-08-01,wk inc covid hosp,3,2026-08-22,35,quantile,0.5,4.0
2026-08-01,wk inc covid hosp,3,2026-08-22,35,quantile,0.55,5.0
2026-08-01,wk inc covid hosp,3,2026-08-22,35,quantile,0.6,6.0
2026-08-01,wk inc covid hosp,3,2026-08-22,35,quantile,0.65,6.0
2026-08-01,wk inc covid hosp,3,2026-08-22,35,quantile,0.7,6.0
2026-08-01,wk inc covid hosp,3,2026-08-22,35,quantile,0.75,6.0
2026-08-01,wk inc covid hosp,3,2026-08-22,35,quantile,0.8,7.0
2026-08-01,wk inc covid hosp,3,2026-08-22,35,quantile,0.85,7.0
2026-08-01,wk inc covid hosp,3,2026-08-22,35,quantile,0.9,8.0
2026-08-01,wk inc covid hosp,3,2026-08-22,35,quantile,0.95,15.0
2026-08-01,wk inc covid hosp,3,2026-08-22,35,quantile,0.975,30.0
2026-08-01,wk inc covid hosp,3,2026-08-22,35,quantile,0.99,55.0
2026-08-01,wk inc covid hosp,3,2026-08-22,36,quantile,0.01,46.0
2026-08-01,wk inc covid hosp,3,2026-08-22,36,quantile,0.025,54.0
2026-08-01,wk inc covid hosp,3,2026-08-22,36,quantile,0.05,61.0
2026-08-01,wk inc covid hosp,3,2026-08-22,36,quantile,0.1,66.0
2026-08-01,wk inc covid hosp,3,2026-08-22,36,quantile,0.15,68.0
2026-08-01,wk inc covid hosp,3,2026-08-22,36,quantile,0.2,71.0
2026-08-01,wk inc covid hosp,3,2026-08-22,36,quantile,0.25,74.0
2026-08-01,wk inc covid hosp,3,2026-08-22,36,quantile,0.3,80.0
2026-08-01,wk inc covid hosp,3,2026-08-22,36,quantile,0.35,80.0
2026-08-01,wk inc covid hosp,3,2026-08-22,36,quantile,0.4,80.0
2026-08-01,wk inc covid hosp,3,2026-08-22,36,quantile,0.45,81.0
2026-08-01,wk inc covid hosp,3,2026-08-22,36,quantile,0.5,82.0
2026-08-01,wk inc covid hosp,3,2026-08-22,36,quantile,0.55,82.0
2026-08-01,wk inc covid hosp,3,2026-08-22,36,quantile,0.6,87.0
2026-08-01,wk inc covid hosp,3,2026-08-22,36,quantile,0.65,91.0
2026-08-01,wk inc covid hosp,3,2026-08-22,36,quantile,0.7,91.0
2026-08-01,wk inc covid hosp,3,2026-08-22,36,quantile,0.75,96.0
2026-08-01,wk inc covid hosp,3,2026-08-22,36,quantile,0.8,96.0
2026-08-01,wk inc covid hosp,3,2026-08-22,36,quantile,0.85,112.0
2026-08-01,wk inc covid hosp,3,2026-08-22,36,quantile,0.9,118.0
2026-08-01,wk inc covid hosp,3,2026-08-22,36,quantile,0.95,156.0
2026-08-01,wk inc covid hosp,3,2026-08-22,36,quantile,0.975,236.0
2026-08-01,wk inc covid hosp,3,2026-08-22,36,quantile,0.99,485.0
2026-08-01,wk inc covid hosp,3,2026-08-22,37,quantile,0.01,17.0
2026-08-01,wk inc covid hosp,3,2026-08-22,37,quantile,0.025,25.0
2026-08-01,wk inc covid hosp,3,2026-08-22,37,quantile,0.05,26.0
2026-08-01,wk inc covid hosp,3,2026-08-22,37,quantile,0.1,39.0
2026-08-01,wk inc covid hosp,3,2026-08-22,37,quantile,0.15,39.0
2026-08-01,wk inc covid hosp,3,2026-08-22,37,quantile,0.2,39.0
2026-08-01,wk inc covid hosp,3,2026-08-22,37,quantile,0.25,41.0
2026-08-01,wk inc covid hosp,3,2026-08-22,37,quantile,0.3,44.0
2026-08-01,wk inc covid hosp,3,2026-08-22,37,quantile,0.35,45.0
2026-08-01,wk inc covid hosp,3,2026-08-22,37,quantile,0.4,45.0
2026-08-01,wk inc covid hosp,3,2026-08-22,37,quantile,0.45,47.0
2026-08-01,wk inc covid hosp,3,2026-08-22,37,quantile,0.5,47.0
2026-08-01,wk inc covid hosp,3,2026-08-22,37,quantile,0.55,47.0
2026-08-01,wk inc covid hosp,3,2026-08-22,37,quantile,0.6,49.0
2026-08-01,wk inc covid hosp,3,2026-08-22,37,quantile,0.65,56.0
2026-08-01,wk inc covid hosp,3,2026-08-22,37,quantile,0.7,56.0
2026-08-01,wk inc covid hosp,3,2026-08-22,37,quantile,0.75,62.0
2026-08-01,wk inc covid hosp,3,2026-08-22,37,quantile,0.8,62.0
2026-08-01,wk inc covid hosp,3,2026-08-22,37,quantile,0.85,65.0
2026-08-01,wk inc covid hosp,3,2026-08-22,37,quantile,0.9,68.0
2026-08-01,wk inc covid hosp,3,2026-08-22,37,quantile,0.95,85.0
2026-08-01,wk inc covid hosp,3,2026-08-22,37,quantile,0.975,129.0
2026-08-01,wk inc covid hosp,3,2026-08-22,37,quantile,0.99,257.0
2026-08-01,wk inc covid hosp,3,2026-08-22,38,quantile,0.01,0.0
2026-08-01,wk inc covid hosp,3,2026-08-22,38,quantile,0.025,0.0
2026-08-01,wk inc covid hosp,3,2026-08-22,38,quantile,0.05,0.0
2026-08-01,wk inc covid hosp,3,2026-08-22,38,quantile,0.1,0.0
2026-08-01,wk inc covid hosp,3,2026-08-22,38,quantile,0.15,0.0
2026-08-01,wk inc covid hosp,3,2026-08-22,38,quantile,0.2,0.0
2026-08-01,wk inc covid hosp,3,2026-08-22,38,quantile,0.25,1.0
2026-08-01,wk inc covid hosp,3,2026-08-22,38,quantile,0.3,1.0
2026-08-01,wk inc covid hosp,3,2026-08-22,38,quantile,0.35,1.0
2026-08-01,wk inc covid hosp,3,2026-08-22,38,quantile,0.4,1.0
2026-08-01,wk inc covid hosp,3,2026-08-22,38,quantile,0.45,2.0
2026-08-01,wk inc covid hosp,3,2026-08-22,38,quantile,0.5,2.0
2026-08-01,wk inc covid hosp,3,2026-08-22,38,quantile,0.55,2.0
2026-08-01,wk inc covid hosp,3,2026-08-22,38,quantile,0.6,2.0
2026-08-01,wk inc covid hosp,3,2026-08-22,38,quantile,0.65,2.0
2026-08-01,wk inc covid hosp,3,2026-08-22,38,quantile,0.7,2.0
2026-08-01,wk inc covid hosp,3,2026-08-22,38,quantile,0.75,2.0
2026-08-01,wk inc covid hosp,3,2026-08-22,38,quantile,0.8,3.0
2026-08-01,wk inc covid hosp,3,2026-08-22,38,quantile,0.85,4.0
2026-08-01,wk inc covid hosp,3,2026-08-22,38,quantile,0.9,4.0
2026-08-01,wk inc covid hosp,3,2026-08-22,38,quantile,0.95,6.0
2026-08-01,wk inc covid hosp,3,2026-08-22,38,quantile,0.975,9.0
2026-08-01,wk inc covid hosp,3,2026-08-22,38,quantile,0.99,18.0
2026-08-01,wk inc covid hosp,3,2026-08-22,39,quantile,0.01,3.0
2026-08-01,wk inc covid hosp,3,2026-08-22,39,quantile,0.025,7.0
2026-08-01,wk inc covid hosp,3,2026-08-22,39,quantile,0.05,16.0
2026-08-01,wk inc covid hosp,3,2026-08-22,39,quantile,0.1,16.0
2026-08-01,wk inc covid hosp,3,2026-08-22,39,quantile,0.15,16.0
2026-08-01,wk inc covid hosp,3,2026-08-22,39,quantile,0.2,16.0
2026-08-01,wk inc covid hosp,3,2026-08-22,39,quantile,0.25,16.0
2026-08-01,wk inc covid hosp,3,2026-08-22,39,quantile,0.3,18.0
2026-08-01,wk inc covid hosp,3,2026-08-22,39,quantile,0.35,18.0
2026-08-01,wk inc covid hosp,3,2026-08-22,39,quantile,0.4,18.0
2026-08-01,wk inc covid hosp,3,2026-08-22,39,quantile,0.45,19.0
2026-08-01,wk inc covid hosp,3,2026-08-22,39,quantile,0.5,20.0
2026-08-01,wk inc covid hosp,3,2026-08-22,39,quantile,0.55,21.0
2026-08-01,wk inc covid hosp,3,2026-08-22,39,quantile,0.6,23.0
2026-08-01,wk inc covid hosp,3,2026-08-22,39,quantile,0.65,27.0
2026-08-01,wk inc covid hosp,3,2026-08-22,39,quantile,0.7,28.0
2026-08-01,wk inc covid hosp,3,2026-08-22,39,quantile,0.75,28.0
2026-08-01,wk inc covid hosp,3,2026-08-22,39,quantile,0.8,32.0
2026-08-01,wk inc covid hosp,3,2026-08-22,39,quantile,0.85,36.0
2026-08-01,wk inc covid hosp,3,2026-08-22,39,quantile,0.9,41.0
2026-08-01,wk inc covid hosp,3,2026-08-22,39,quantile,0.95,77.0
2026-08-01,wk inc covid hosp,3,2026-08-22,39,quantile,0.975,148.0
2026-08-01,wk inc covid hosp,3,2026-08-22,39,quantile,0.99,293.0
2026-08-01,wk inc covid hosp,3,2026-08-22,40,quantile,0.01,2.0
2026-08-01,wk inc covid hosp,3,2026-08-22,40,quantile,0.025,3.0
2026-08-01,wk inc covid hosp,3,2026-08-22,40,quantile,0.05,3.0
2026-08-01,wk inc covid hosp,3,2026-08-22,40,quantile,0.1,3.0
2026-08-01,wk inc covid hosp,3,2026-08-22,40,quantile,0.15,5.0
2026-08-01,wk inc covid hosp,3,2026-08-22,40,quantile,0.2,5.0
2026-08-01,wk inc covid hosp,3,2026-08-22,40,quantile,0.25,5.0
2026-08-01,wk inc covid hosp,3,2026-08-22,40,quantile,0.3,6.0
2026-08-01,wk inc covid hosp,3,2026-08-22,40,quantile,0.35,6.0
2026-08-01,wk inc covid hosp,3,2026-08-22,40,quantile,0.4,6.0
2026-08-01,wk inc covid hosp,3,2026-08-22,40,quantile,0.45,7.0
2026-08-01,wk inc covid hosp,3,2026-08-22,40,quantile,0.5,7.0
2026-08-01,wk inc covid hosp,3,2026-08-22,40,quantile,0.55,7.0
2026-08-01,wk inc covid hosp,3,2026-08-22,40,quantile,0.6,8.0
2026-08-01,wk inc covid hosp,3,2026-08-22,40,quantile,0.65,9.0
2026-08-01,wk inc covid hosp,3,2026-08-22,40,quantile,0.7,10.0
2026-08-01,wk inc covid hosp,3,2026-08-22,40,quantile,0.75,10.0
2026-08-01,wk inc covid hosp,3,2026-08-22,40,quantile,0.8,12.0
2026-08-01,wk inc covid hosp,3,2026-08-22,40,quantile,0.85,12.0
2026-08-01,wk inc covid hosp,3,2026-08-22,40,quantile,0.9,13.0
2026-08-01,wk inc covid hosp,3,2026-08-22,40,quantile,0.95,24.0
2026-08-01,wk inc covid hosp,3,2026-08-22,40,quantile,0.975,47.0
2026-08-01,wk inc covid hosp,3,2026-08-22,40,quantile,0.99,96.0
2026-08-01,wk inc covid hosp,3,2026-08-22,41,quantile,0.01,1.0
2026-08-01,wk inc covid hosp,3,2026-08-22,41,quantile,0.025,1.0
2026-08-01,wk inc covid hosp,3,2026-08-22,41,quantile,0.05,1.0
2026-08-01,wk inc covid hosp,3,2026-08-22,41,quantile,0.1,3.0
2026-08-01,wk inc covid hosp,3,2026-08-22,41,quantile,0.15,4.0
2026-08-01,wk inc covid hosp,3,2026-08-22,41,quantile,0.2,4.0
2026-08-01,wk inc covid hosp,3,2026-08-22,41,quantile,0.25,5.0
2026-08-01,wk inc covid hosp,3,2026-08-22,41,quantile,0.3,6.0
2026-08-01,wk inc covid hosp,3,2026-08-22,41,quantile,0.35,6.0
2026-08-01,wk inc covid hosp,3,2026-08-22,41,quantile,0.4,6.0
2026-08-01,wk inc covid hosp,3,2026-08-22,41,quantile,0.45,6.0
2026-08-01,wk inc covid hosp,3,2026-08-22,41,quantile,0.5,7.0
2026-08-01,wk inc covid hosp,3,2026-08-22,41,quantile,0.55,7.0
2026-08-01,wk inc covid hosp,3,2026-08-22,41,quantile,0.6,7.0
2026-08-01,wk inc covid hosp,3,2026-08-22,41,quantile,0.65,8.0
2026-08-01,wk inc covid hosp,3,2026-08-22,41,quantile,0.7,9.0
2026-08-01,wk inc covid hosp,3,2026-08-22,41,quantile,0.75,10.0
2026-08-01,wk inc covid hosp,3,2026-08-22,41,quantile,0.8,11.0
2026-08-01,wk inc covid hosp,3,2026-08-22,41,quantile,0.85,12.0
2026-08-01,wk inc covid hosp,3,2026-08-22,41,quantile,0.9,15.0
2026-08-01,wk inc covid hosp,3,2026-08-22,41,quantile,0.95,28.0
2026-08-01,wk inc covid hosp,3,2026-08-22,41,quantile,0.975,54.0
2026-08-01,wk inc covid hosp,3,2026-08-22,41,quantile,0.99,106.0
2026-08-01,wk inc covid hosp,3,2026-08-22,42,quantile,0.01,18.0
2026-08-01,wk inc covid hosp,3,2026-08-22,42,quantile,0.025,31.0
2026-08-01,wk inc covid hosp,3,2026-08-22,42,quantile,0.05,34.0
2026-08-01,wk inc covid hosp,3,2026-08-22,42,quantile,0.1,35.0
2026-08-01,wk inc covid hosp,3,2026-08-22,42,quantile,0.15,41.0
2026-08-01,wk inc covid hosp,3,2026-08-22,42,quantile,0.2,41.0
2026-08-01,wk inc covid hosp,3,2026-08-22,42,quantile,0.25,43.0
2026-08-01,wk inc covid hosp,3,2026-08-22,42,quantile,0.3,47.0
2026-08-01,wk inc covid hosp,3,2026-08-22,42,quantile,0.35,49.0
2026-08-01,wk inc covid hosp,3,2026-08-22,42,quantile,0.4,49.0
2026-08-01,wk inc covid hosp,3,2026-08-22,42,quantile,0.45,49.0
2026-08-01,wk inc covid hosp,3,2026-08-22,42,quantile,0.5,49.0
2026-08-01,wk inc covid hosp,3,2026-08-22,42,quantile,0.55,50.0
2026-08-01,wk inc covid hosp,3,2026-08-22,42,quantile,0.6,53.0
2026-08-01,wk inc covid hosp,3,2026-08-22,42,quantile,0.65,57.0
2026-08-01,wk inc covid hosp,3,2026-08-22,42,quantile,0.7,57.0
2026-08-01,wk inc covid hosp,3,2026-08-22,42,quantile,0.75,59.0
2026-08-01,wk inc covid hosp,3,2026-08-22,42,quantile,0.8,59.0
2026-08-01,wk inc covid hosp,3,2026-08-22,42,quantile,0.85,67.0
2026-08-01,wk inc covid hosp,3,2026-08-22,42,quantile,0.9,75.0
2026-08-01,wk inc covid hosp,3,2026-08-22,42,quantile,0.95,109.0
2026-08-01,wk inc covid hosp,3,2026-08-22,42,quantile,0.975,153.0
2026-08-01,wk inc covid hosp,3,2026-08-22,42,quantile,0.99,319.0
2026-08-01,wk inc covid hosp,3,2026-08-22,44,quantile,0.01,0.0
2026-08-01,wk inc covid hosp,3,2026-08-22,44,quantile,0.025,0.0
2026-08-01,wk inc covid hosp,3,2026-08-22,44,quantile,0.05,0.0
2026-08-01,wk inc covid hosp,3,2026-08-22,44,quantile,0.1,1.0
2026-08-01,wk inc covid hosp,3,2026-08-22,44,quantile,0.15,1.0
2026-08-01,wk inc covid hosp,3,2026-08-22,44,quantile,0.2,1.0
2026-08-01,wk inc covid hosp,3,2026-08-22,44,quantile,0.25,2.0
2026-08-01,wk inc covid hosp,3,2026-08-22,44,quantile,0.3,3.0
2026-08-01,wk inc covid hosp,3,2026-08-22,44,quantile,0.35,3.0
2026-08-01,wk inc covid hosp,3,2026-08-22,44,quantile,0.4,3.0
2026-08-01,wk inc covid hosp,3,2026-08-22,44,quantile,0.45,3.0
2026-08-01,wk inc covid hosp,3,2026-08-22,44,quantile,0.5,3.0
2026-08-01,wk inc covid hosp,3,2026-08-22,44,quantile,0.55,4.0
2026-08-01,wk inc covid hosp,3,2026-08-22,44,quantile,0.6,4.0
2026-08-01,wk inc covid hosp,3,2026-08-22,44,quantile,0.65,5.0
2026-08-01,wk inc covid hosp,3,2026-08-22,44,quantile,0.7,5.0
2026-08-01,wk inc covid hosp,3,2026-08-22,44,quantile,0.75,5.0
2026-08-01,wk inc covid hosp,3,2026-08-22,44,quantile,0.8,5.0
2026-08-01,wk inc covid hosp,3,2026-08-22,44,quantile,0.85,6.0
2026-08-01,wk inc covid hosp,3,2026-08-22,44,quantile,0.9,7.0
2026-08-01,wk inc covid hosp,3,2026-08-22,44,quantile,0.95,10.0
2026-08-01,wk inc covid hosp,3,2026-08-22,44,quantile,0.975,13.0
2026-08-01,wk inc covid hosp,3,2026-08-22,44,quantile,0.99,25.0
2026-08-01,wk inc covid hosp,3,2026-08-22,45,quantile,0.01,5.0
2026-08-01,wk inc covid hosp,3,2026-08-22,45,quantile,0.025,7.0
2026-08-01,wk inc covid hosp,3,2026-08-22,45,quantile,0.05,10.0
2026-08-01,wk inc covid hosp,3,2026-08-22,45,quantile,0.1,12.0
2026-08-01,wk inc covid hosp,3,2026-08-22,45,quantile,0.15,12.0
2026-08-01,wk inc covid hosp,3,2026-08-22,45,quantile,0.2,12.0
2026-08-01,wk inc covid hosp,3,2026-08-22,45,quantile,0.25,12.0
2026-08-01,wk inc covid hosp,3,2026-08-22,45,quantile,0.3,13.0
2026-08-01,wk inc covid hosp,3,2026-08-22,45,quantile,0.35,14.0
2026-08-01,wk inc covid hosp,3,2026-08-22,45,quantile,0.4,14.0
2026-08-01,wk inc covid hosp,3,2026-08-22,45,quantile,0.45,15.0
2026-08-01,wk inc covid hosp,3,2026-08-22,45,quantile,0.5,16.0
2026-08-01,wk inc covid hosp,3,2026-08-22,45,quantile,0.55,16.0
2026-08-01,wk inc covid hosp,3,2026-08-22,45,quantile,0.6,18.0
2026-08-01,wk inc covid hosp,3,2026-08-22,45,quantile,0.65,19.0
2026-08-01,wk inc covid hosp,3,2026-08-22,45,quantile,0.7,19.0
2026-08-01,wk inc covid hosp,3,2026-08-22,45,quantile,0.75,20.0
2026-08-01,wk inc covid hosp,3,2026-08-22,45,quantile,0.8,22.0
2026-08-01,wk inc covid hosp,3,2026-08-22,45,quantile,0.85,24.0
2026-08-01,wk inc covid hosp,3,2026-08-22,45,quantile,0.9,27.0
2026-08-01,wk inc covid hosp,3,2026-08-22,45,quantile,0.95,38.0
2026-08-01,wk inc covid hosp,3,2026-08-22,45,quantile,0.975,60.0
2026-08-01,wk inc covid hosp,3,2026-08-22,45,quantile,0.99,121.0
2026-08-01,wk inc covid hosp,3,2026-08-22,46,quantile,0.01,0.0
2026-08-01,wk inc covid hosp,3,2026-08-22,46,quantile,0.025,0.0
2026-08-01,wk inc covid hosp,3,2026-08-22,46,quantile,0.05,0.0
2026-08-01,wk inc covid hosp,3,2026-08-22,46,quantile,0.1,0.0
2026-08-01,wk inc covid hosp,3,2026-08-22,46,quantile,0.15,0.0
2026-08-01,wk inc covid hosp,3,2026-08-22,46,quantile,0.2,0.0
2026-08-01,wk inc covid hosp,3,2026-08-22,46,quantile,0.25,0.0
2026-08-01,wk inc covid hosp,3,2026-08-22,46,quantile,0.3,1.0
2026-08-01,wk inc covid hosp,3,2026-08-22,46,quantile,0.35,1.0
2026-08-01,wk inc covid hosp,3,2026-08-22,46,quantile,0.4,1.0
2026-08-01,wk inc covid hosp,3,2026-08-22,46,quantile,0.45,1.0
2026-08-01,wk inc covid hosp,3,2026-08-22,46,quantile,0.5,1.0
2026-08-01,wk inc covid hosp,3,2026-08-22,46,quantile,0.55,1.0
2026-08-01,wk inc covid hosp,3,2026-08-22,46,quantile,0.6,2.0
2026-08-01,wk inc covid hosp,3,2026-08-22,46,quantile,0.65,2.0
2026-08-01,wk inc covid hosp,3,2026-08-22,46,quantile,0.7,2.0
2026-08-01,wk inc covid hosp,3,2026-08-22,46,quantile,0.75,2.0
2026-08-01,wk inc covid hosp,3,2026-08-22,46,quantile,0.8,3.0
2026-08-01,wk inc covid hosp,3,2026-08-22,46,quantile,0.85,3.0
2026-08-01,wk inc covid hosp,3,2026-08-22,46,quantile,0.9,4.0
2026-08-01,wk inc covid hosp,3,2026-08-22,46,quantile,0.95,8.0
2026-08-01,wk inc covid hosp,3,2026-08-22,46,quantile,0.975,11.0
2026-08-01,wk inc covid hosp,3,2026-08-22,46,quantile,0.99,19.0
2026-08-01,wk inc covid hosp,3,2026-08-22,47,quantile,0.01,12.0
2026-08-01,wk inc covid hosp,3,2026-08-22,47,quantile,0.025,14.0
2026-08-01,wk inc covid hosp,3,2026-08-22,47,quantile,0.05,18.0
2026-08-01,wk inc covid hosp,3,2026-08-22,47,quantile,0.1,21.0
2026-08-01,wk inc covid hosp,3,2026-08-22,47,quantile,0.15,21.0
2026-08-01,wk inc covid hosp,3,2026-08-22,47,quantile,0.2,24.0
2026-08-01,wk inc covid hosp,3,2026-08-22,47,quantile,0.25,24.0
2026-08-01,wk inc covid hosp,3,2026-08-22,47,quantile,0.3,26.0
2026-08-01,wk inc covid hosp,3,2026-08-22,47,quantile,0.35,28.0
2026-08-01,wk inc covid hosp,3,2026-08-22,47,quantile,0.4,28.0
2026-08-01,wk inc covid hosp,3,2026-08-22,47,quantile,0.45,28.0
2026-08-01,wk inc covid hosp,3,2026-08-22,47,quantile,0.5,28.0
2026-08-01,wk inc covid hosp,3,2026-08-22,47,quantile,0.55,28.0
2026-08-01,wk inc covid hosp,3,2026-08-22,47,quantile,0.6,29.0
2026-08-01,wk inc covid hosp,3,2026-08-22,47,quantile,0.65,31.0
2026-08-01,wk inc covid hosp,3,2026-08-22,47,quantile,0.7,32.0
2026-08-01,wk inc covid hosp,3,2026-08-22,47,quantile,0.75,36.0
2026-08-01,wk inc covid hosp,3,2026-08-22,47,quantile,0.8,36.0
2026-08-01,wk inc covid hosp,3,2026-08-22,47,quantile,0.85,40.0
2026-08-01,wk inc covid hosp,3,2026-08-22,47,quantile,0.9,48.0
2026-08-01,wk inc covid hosp,3,2026-08-22,47,quantile,0.95,56.0
2026-08-01,wk inc covid hosp,3,2026-08-22,47,quantile,0.975,86.0
2026-08-01,wk inc covid hosp,3,2026-08-22,47,quantile,0.99,160.0
2026-08-01,wk inc covid hosp,3,2026-08-22,48,quantile,0.01,52.0
2026-08-01,wk inc covid hosp,3,2026-08-22,48,quantile,0.025,99.0
2026-08-01,wk inc covid hosp,3,2026-08-22,48,quantile,0.05,134.0
2026-08-01,wk inc covid hosp,3,2026-08-22,48,quantile,0.1,161.0
2026-08-01,wk inc covid hosp,3,2026-08-22,48,quantile,0.15,165.0
2026-08-01,wk inc covid hosp,3,2026-08-22,48,quantile,0.2,165.0
2026-08-01,wk inc covid hosp,3,2026-08-22,48,quantile,0.25,165.0
2026-08-01,wk inc covid hosp,3,2026-08-22,48,quantile,0.3,165.0
2026-08-01,wk inc covid hosp,3,2026-08-22,48,quantile,0.35,165.0
2026-08-01,wk inc covid hosp,3,2026-08-22,48,quantile,0.4,169.0
2026-08-01,wk inc covid hosp,3,2026-08-22,48,quantile,0.45,174.0
2026-08-01,wk inc covid hosp,3,2026-08-22,48,quantile,0.5,174.0
2026-08-01,wk inc covid hosp,3,2026-08-22,48,quantile,0.55,174.0
2026-08-01,wk inc covid hosp,3,2026-08-22,48,quantile,0.6,177.0
2026-08-01,wk inc covid hosp,3,2026-08-22,48,quantile,0.65,194.0
2026-08-01,wk inc covid hosp,3,2026-08-22,48,quantile,0.7,194.0
2026-08-01,wk inc covid hosp,3,2026-08-22,48,quantile,0.75,202.0
2026-08-01,wk inc covid hosp,3,2026-08-22,48,quantile,0.8,215.0
2026-08-01,wk inc covid hosp,3,2026-08-22,48,quantile,0.85,215.0
2026-08-01,wk inc covid hosp,3,2026-08-22,48,quantile,0.9,230.0
2026-08-01,wk inc covid hosp,3,2026-08-22,48,quantile,0.95,293.0
2026-08-01,wk inc covid hosp,3,2026-08-22,48,quantile,0.975,387.0
2026-08-01,wk inc covid hosp,3,2026-08-22,48,quantile,0.99,697.0
2026-08-01,wk inc covid hosp,3,2026-08-22,49,quantile,0.01,1.0
2026-08-01,wk inc covid hosp,3,2026-08-22,49,quantile,0.025,1.0
2026-08-01,wk inc covid hosp,3,2026-08-22,49,quantile,0.05,1.0
2026-08-01,wk inc covid hosp,3,2026-08-22,49,quantile,0.1,2.0
2026-08-01,wk inc covid hosp,3,2026-08-22,49,quantile,0.15,2.0
2026-08-01,wk inc covid hosp,3,2026-08-22,49,quantile,0.2,2.0
2026-08-01,wk inc covid hosp,3,2026-08-22,49,quantile,0.25,2.0
2026-08-01,wk inc covid hosp,3,2026-08-22,49,quantile,0.3,3.0
2026-08-01,wk inc covid hosp,3,2026-08-22,49,quantile,0.35,3.0
2026-08-01,wk inc covid hosp,3,2026-08-22,49,quantile,0.4,4.0
2026-08-01,wk inc covid hosp,3,2026-08-22,49,quantile,0.45,4.0
2026-08-01,wk inc covid hosp,3,2026-08-22,49,quantile,0.5,5.0
2026-08-01,wk inc covid hosp,3,2026-08-22,49,quantile,0.55,5.0
2026-08-01,wk inc covid hosp,3,2026-08-22,49,quantile,0.6,5.0
2026-08-01,wk inc covid hosp,3,2026-08-22,49,quantile,0.65,6.0
2026-08-01,wk inc covid hosp,3,2026-08-22,49,quantile,0.7,7.0
2026-08-01,wk inc covid hosp,3,2026-08-22,49,quantile,0.75,8.0
2026-08-01,wk inc covid hosp,3,2026-08-22,49,quantile,0.8,9.0
2026-08-01,wk inc covid hosp,3,2026-08-22,49,quantile,0.85,10.0
2026-08-01,wk inc covid hosp,3,2026-08-22,49,quantile,0.9,12.0
2026-08-01,wk inc covid hosp,3,2026-08-22,49,quantile,0.95,21.0
2026-08-01,wk inc covid hosp,3,2026-08-22,49,quantile,0.975,42.0
2026-08-01,wk inc covid hosp,3,2026-08-22,49,quantile,0.99,80.0
2026-08-01,wk inc covid hosp,3,2026-08-22,50,quantile,0.01,0.0
2026-08-01,wk inc covid hosp,3,2026-08-22,50,quantile,0.025,0.0
2026-08-01,wk inc covid hosp,3,2026-08-22,50,quantile,0.05,0.0
2026-08-01,wk inc covid hosp,3,2026-08-22,50,quantile,0.1,0.0
2026-08-01,wk inc covid hosp,3,2026-08-22,50,quantile,0.15,0.0
2026-08-01,wk inc covid hosp,3,2026-08-22,50,quantile,0.2,0.0
2026-08-01,wk inc covid hosp,3,2026-08-22,50,quantile,0.25,0.0
2026-08-01,wk inc covid hosp,3,2026-08-22,50,quantile,0.3,0.0
2026-08-01,wk inc covid hosp,3,2026-08-22,50,quantile,0.35,1.0
2026-08-01,wk inc covid hosp,3,2026-08-22,50,quantile,0.4,1.0
2026-08-01,wk inc covid hosp,3,2026-08-22,50,quantile,0.45,1.0
2026-08-01,wk inc covid hosp,3,2026-08-22,50,quantile,0.5,1.0
2026-08-01,wk inc covid hosp,3,2026-08-22,50,quantile,0.55,1.0
2026-08-01,wk inc covid hosp,3,2026-08-22,50,quantile,0.6,1.0
2026-08-01,wk inc covid hosp,3,2026-08-22,50,quantile,0.65,2.0
2026-08-01,wk inc covid hosp,3,2026-08-22,50,quantile,0.7,2.0
2026-08-01,wk inc covid hosp,3,2026-08-22,50,quantile,0.75,2.0
2026-08-01,wk inc covid hosp,3,2026-08-22,50,quantile,0.8,2.0
2026-08-01,wk inc covid hosp,3,2026-08-22,50,quantile,0.85,3.0
2026-08-01,wk inc covid hosp,3,2026-08-22,50,quantile,0.9,3.0
2026-08-01,wk inc covid hosp,3,2026-08-22,50,quantile,0.95,6.0
2026-08-01,wk inc covid hosp,3,2026-08-22,50,quantile,0.975,7.0
2026-08-01,wk inc covid hosp,3,2026-08-22,50,quantile,0.99,15.0
2026-08-01,wk inc covid hosp,3,2026-08-22,51,quantile,0.01,4.0
2026-08-01,wk inc covid hosp,3,2026-08-22,51,quantile,0.025,9.0
2026-08-01,wk inc covid hosp,3,2026-08-22,51,quantile,0.05,11.0
2026-08-01,wk inc covid hosp,3,2026-08-22,51,quantile,0.1,11.0
2026-08-01,wk inc covid hosp,3,2026-08-22,51,quantile,0.15,11.0
2026-08-01,wk inc covid hosp,3,2026-08-22,51,quantile,0.2,11.0
2026-08-01,wk inc covid hosp,3,2026-08-22,51,quantile,0.25,11.0
2026-08-01,wk inc covid hosp,3,2026-08-22,51,quantile,0.3,11.0
2026-08-01,wk inc covid hosp,3,2026-08-22,51,quantile,0.35,12.0
2026-08-01,wk inc covid hosp,3,2026-08-22,51,quantile,0.4,12.0
2026-08-01,wk inc covid hosp,3,2026-08-22,51,quantile,0.45,13.0
2026-08-01,wk inc covid hosp,3,2026-08-22,51,quantile,0.5,14.0
2026-08-01,wk inc covid hosp,3,2026-08-22,51,quantile,0.55,14.0
2026-08-01,wk inc covid hosp,3,2026-08-22,51,quantile,0.6,16.0
2026-08-01,wk inc covid hosp,3,2026-08-22,51,quantile,0.65,19.0
2026-08-01,wk inc covid hosp,3,2026-08-22,51,quantile,0.7,19.0
2026-08-01,wk inc covid hosp,3,2026-08-22,51,quantile,0.75,21.0
2026-08-01,wk inc covid hosp,3,2026-08-22,51,quantile,0.8,22.0
2026-08-01,wk inc covid hosp,3,2026-08-22,51,quantile,0.85,25.0
2026-08-01,wk inc covid hosp,3,2026-08-22,51,quantile,0.9,28.0
2026-08-01,wk inc covid hosp,3,2026-08-22,51,quantile,0.95,52.0
2026-08-01,wk inc covid hosp,3,2026-08-22,51,quantile,0.975,105.0
2026-08-01,wk inc covid hosp,3,2026-08-22,51,quantile,0.99,211.0
2026-08-01,wk inc covid hosp,3,2026-08-22,53,quantile,0.01,5.0
2026-08-01,wk inc covid hosp,3,2026-08-22,53,quantile,0.025,8.0
2026-08-01,wk inc covid hosp,3,2026-08-22,53,quantile,0.05,8.0
2026-08-01,wk inc covid hosp,3,2026-08-22,53,quantile,0.1,8.0
2026-08-01,wk inc covid hosp,3,2026-08-22,53,quantile,0.15,9.0
2026-08-01,wk inc covid hosp,3,2026-08-22,53,quantile,0.2,11.0
2026-08-01,wk inc covid hosp,3,2026-08-22,53,quantile,0.25,13.0
2026-08-01,wk inc covid hosp,3,2026-08-22,53,quantile,0.3,13.0
2026-08-01,wk inc covid hosp,3,2026-08-22,53,quantile,0.35,15.0
2026-08-01,wk inc covid hosp,3,2026-08-22,53,quantile,0.4,15.0
2026-08-01,wk inc covid hosp,3,2026-08-22,53,quantile,0.45,15.0
2026-08-01,wk inc covid hosp,3,2026-08-22,53,quantile,0.5,16.0
2026-08-01,wk inc covid hosp,3,2026-08-22,53,quantile,0.55,16.0
2026-08-01,wk inc covid hosp,3,2026-08-22,53,quantile,0.6,17.0
2026-08-01,wk inc covid hosp,3,2026-08-22,53,quantile,0.65,20.0
2026-08-01,wk inc covid hosp,3,2026-08-22,53,quantile,0.7,20.0
2026-08-01,wk inc covid hosp,3,2026-08-22,53,quantile,0.75,20.0
2026-08-01,wk inc covid hosp,3,2026-08-22,53,quantile,0.8,25.0
2026-08-01,wk inc covid hosp,3,2026-08-22,53,quantile,0.85,25.0
2026-08-01,wk inc covid hosp,3,2026-08-22,53,quantile,0.9,27.0
2026-08-01,wk inc covid hosp,3,2026-08-22,53,quantile,0.95,45.0
2026-08-01,wk inc covid hosp,3,2026-08-22,53,quantile,0.975,95.0
2026-08-01,wk inc covid hosp,3,2026-08-22,53,quantile,0.99,191.0
2026-08-01,wk inc covid hosp,3,2026-08-22,54,quantile,0.01,0.0
2026-08-01,wk inc covid hosp,3,2026-08-22,54,quantile,0.025,0.0
2026-08-01,wk inc covid hosp,3,2026-08-22,54,quantile,0.05,0.0
2026-08-01,wk inc covid hosp,3,2026-08-22,54,quantile,0.1,0.0
2026-08-01,wk inc covid hosp,3,2026-08-22,54,quantile,0.15,0.0
2026-08-01,wk inc covid hosp,3,2026-08-22,54,quantile,0.2,1.0
2026-08-01,wk inc covid hosp,3,2026-08-22,54,quantile,0.25,1.0
2026-08-01,wk inc covid hosp,3,2026-08-22,54,quantile,0.3,2.0
2026-08-01,wk inc covid hosp,3,2026-08-22,54,quantile,0.35,2.0
2026-08-01,wk inc covid hosp,3,2026-08-22,54,quantile,0.4,2.0
2026-08-01,wk inc covid hosp,3,2026-08-22,54,quantile,0.45,2.0
2026-08-01,wk inc covid hosp,3,2026-08-22,54,quantile,0.5,2.0
2026-08-01,wk inc covid hosp,3,2026-08-22,54,quantile,0.55,2.0
2026-08-01,wk inc covid hosp,3,2026-08-22,54,quantile,0.6,2.0
2026-08-01,wk inc covid hosp,3,2026-08-22,54,quantile,0.65,3.0
2026-08-01,wk inc covid hosp,3,2026-08-22,54,quantile,0.7,3.0
2026-08-01,wk inc covid hosp,3,2026-08-22,54,quantile,0.75,4.0
2026-08-01,wk inc covid hosp,3,2026-08-22,54,quantile,0.8,5.0
2026-08-01,wk inc covid hosp,3,2026-08-22,54,quantile,0.85,5.0
2026-08-01,wk inc covid hosp,3,2026-08-22,54,quantile,0.9,6.0
2026-08-01,wk inc covid hosp,3,2026-08-22,54,quantile,0.95,12.0
2026-08-01,wk inc covid hosp,3,2026-08-22,54,quantile,0.975,21.0
2026-08-01,wk inc covid hosp,3,2026-08-22,54,quantile,0.99,44.0
2026-08-01,wk inc covid hosp,3,2026-08-22,55,quantile,0.01,2.0
2026-08-01,wk inc covid hosp,3,2026-08-22,55,quantile,0.025,3.0
2026-08-01,wk inc covid hosp,3,2026-08-22,55,quantile,0.05,3.0
2026-08-01,wk inc covid hosp,3,2026-08-22,55,quantile,0.1,4.0
2026-08-01,wk inc covid hosp,3,2026-08-22,55,quantile,0.15,5.0
2026-08-01,wk inc covid hosp,3,2026-08-22,55,quantile,0.2,5.0
2026-08-01,wk inc covid hosp,3,2026-08-22,55,quantile,0.25,5.0
2026-08-01,wk inc covid hosp,3,2026-08-22,55,quantile,0.3,6.0
2026-08-01,wk inc covid hosp,3,2026-08-22,55,quantile,0.35,6.0
2026-08-01,wk inc covid hosp,3,2026-08-22,55,quantile,0.4,6.0
2026-08-01,wk inc covid hosp,3,2026-08-22,55,quantile,0.45,7.0
2026-08-01,wk inc covid hosp,3,2026-08-22,55,quantile,0.5,8.0
2026-08-01,wk inc covid hosp,3,2026-08-22,55,quantile,0.55,8.0
2026-08-01,wk inc covid hosp,3,2026-08-22,55,quantile,0.6,9.0
2026-08-01,wk inc covid hosp,3,2026-08-22,55,quantile,0.65,9.0
2026-08-01,wk inc covid hosp,3,2026-08-22,55,quantile,0.7,10.0
2026-08-01,wk inc covid hosp,3,2026-08-22,55,quantile,0.75,12.0
2026-08-01,wk inc covid hosp,3,2026-08-22,55,quantile,0.8,13.0
2026-08-01,wk inc covid hosp,3,2026-08-22,55,quantile,0.85,15.0
2026-08-01,wk inc covid hosp,3,2026-08-22,55,quantile,0.9,19.0
2026-08-01,wk inc covid hosp,3,2026-08-22,55,quantile,0.95,36.0
2026-08-01,wk inc covid hosp,3,2026-08-22,55,quantile,0.975,72.0
2026-08-01,wk inc covid hosp,3,2026-08-22,55,quantile,0.99,145.0
2026-08-01,wk inc covid hosp,3,2026-08-22,56,quantile,0.01,0.0
2026-08-01,wk inc covid hosp,3,2026-08-22,56,quantile,0.025,0.0
2026-08-01,wk inc covid hosp,3,2026-08-22,56,quantile,0.05,0.0
2026-08-01,wk inc covid hosp,3,2026-08-22,56,quantile,0.1,0.0
2026-08-01,wk inc covid hosp,3,2026-08-22,56,quantile,0.15,1.0
2026-08-01,wk inc covid hosp,3,2026-08-22,56,quantile,0.2,1.0
2026-08-01,wk inc covid hosp,3,2026-08-22,56,quantile,0.25,1.0
2026-08-01,wk inc covid hosp,3,2026-08-22,56,quantile,0.3,1.0
2026-08-01,wk inc covid hosp,3,2026-08-22,56,quantile,0.35,1.0
2026-08-01,wk inc covid hosp,3,2026-08-22,56,quantile,0.4,1.0
2026-08-01,wk inc covid hosp,3,2026-08-22,56,quantile,0.45,2.0
2026-08-01,wk inc covid hosp,3,2026-08-22,56,quantile,0.5,2.0
2026-08-01,wk inc covid hosp,3,2026-08-22,56,quantile,0.55,2.0
2026-08-01,wk inc covid hosp,3,2026-08-22,56,quantile,0.6,2.0
2026-08-01,wk inc covid hosp,3,2026-08-22,56,quantile,0.65,2.0
2026-08-01,wk inc covid hosp,3,2026-08-22,56,quantile,0.7,2.0
2026-08-01,wk inc covid hosp,3,2026-08-22,56,quantile,0.75,3.0
2026-08-01,wk inc covid hosp,3,2026-08-22,56,quantile,0.8,3.0
2026-08-01,wk inc covid hosp,3,2026-08-22,56,quantile,0.85,4.0
2026-08-01,wk inc covid hosp,3,2026-08-22,56,quantile,0.9,4.0
2026-08-01,wk inc covid hosp,3,2026-08-22,56,quantile,0.95,6.0
2026-08-01,wk inc covid hosp,3,2026-08-22,56,quantile,0.975,8.0
2026-08-01,wk inc covid hosp,3,2026-08-22,56,quantile,0.99,15.0
2026-08-01,wk inc covid hosp,3,2026-08-22,72,quantile,0.01,8.0
2026-08-01,wk inc covid hosp,3,2026-08-22,72,quantile,0.025,9.0
2026-08-01,wk inc covid hosp,3,2026-08-22,72,quantile,0.05,11.0
2026-08-01,wk inc covid hosp,3,2026-08-22,72,quantile,0.1,16.0
2026-08-01,wk inc covid hosp,3,2026-08-22,72,quantile,0.15,20.0
2026-08-01,wk inc covid hosp,3,2026-08-22,72,quantile,0.2,20.0
2026-08-01,wk inc covid hosp,3,2026-08-22,72,quantile,0.25,20.0
2026-08-01,wk inc covid hosp,3,2026-08-22,72,quantile,0.3,20.0
2026-08-01,wk inc covid hosp,3,2026-08-22,72,quantile,0.35,21.0
2026-08-01,wk inc covid hosp,3,2026-08-22,72,quantile,0.4,23.0
2026-08-01,wk inc covid hosp,3,2026-08-22,72,quantile,0.45,24.0
2026-08-01,wk inc covid hosp,3,2026-08-22,72,quantile,0.5,26.0
2026-08-01,wk inc covid hosp,3,2026-08-22,72,quantile,0.55,28.0
2026-08-01,wk inc covid hosp,3,2026-08-22,72,quantile,0.6,30.0
2026-08-01,wk inc covid hosp,3,2026-08-22,72,quantile,0.65,32.0
2026-08-01,wk inc covid hosp,3,2026-08-22,72,quantile,0.7,34.0
2026-08-01,wk inc covid hosp,3,2026-08-22,72,quantile,0.75,35.0
2026-08-01,wk inc covid hosp,3,2026-08-22,72,quantile,0.8,37.0
2026-08-01,wk inc covid hosp,3,2026-08-22,72,quantile,0.85,38.0
2026-08-01,wk inc covid hosp,3,2026-08-22,72,quantile,0.9,42.0
2026-08-01,wk inc covid hosp,3,2026-08-22,72,quantile,0.95,51.0
2026-08-01,wk inc covid hosp,3,2026-08-22,72,quantile,0.975,56.0
2026-08-01,wk inc covid hosp,3,2026-08-22,72,quantile,0.99,88.0
