{"HOUSEHOLDS": {"INCOME_RANK_2": {"sql_datatype": "FLOAT64", "nan_ratio": 0.0, "num_unique": 55292, "max": 1.0, "min": 9.2e-05, "mean": 0.5077041857354184, "percentiles": [9.2e-05, 0.116869, 0.22835, 0.341973, 0.456115, 0.565255, 0.676758, 0.784582, 0.895132, 1.0], "datatype": "float"}, "INCOME_RANK_4": {"sql_datatype": "FLOAT64", "nan_ratio": 0.0, "num_unique": 55299, "max": 1.0, "min": 9.2e-05, "mean": 0.5075214488488262, "percentiles": [9.2e-05, 0.117223, 0.228057, 0.340082, 0.45612, 0.566118, 0.674874, 0.783886, 0.895616, 1.0], "datatype": "float"}, "INCOME_RANK_MEAN": {"sql_datatype": "FLOAT64", "nan_ratio": 0.0, "num_unique": 55301, "max": 1.0, "min": 9.2e-05, "mean": 0.5077722907308164, "percentiles": [9.2e-05, 0.115274, 0.2276, 0.343587, 0.454146, 0.564426, 0.675497, 0.784505, 0.89463, 1.0], "datatype": "float"}, "INCOME_RANK_5": {"sql_datatype": "FLOAT64", "nan_ratio": 0.0, "num_unique": 55237, "max": 1.0, "min": 9.2e-05, "mean": 0.5076811510596478, "percentiles": [9.2e-05, 0.115863, 0.230121, 0.340111, 0.454953, 0.565018, 0.676361, 0.784136, 0.894844, 1.0], "datatype": "float"}, "INCOME_RANK": {"sql_datatype": "FLOAT64", "nan_ratio": 0.0, "num_unique": 55264, "max": 1.0, "min": 9.2e-05, "mean": 0.5080628586566291, "percentiles": [9.2e-05, 0.113248, 0.228927, 0.342335, 0.454515, 0.568374, 0.676234, 0.785988, 0.893597, 1.0], "datatype": "float"}, "INCOME_RANK_3": {"sql_datatype": "FLOAT64", "nan_ratio": 0.0, "num_unique": 55298, "max": 1.0, "min": 9.2e-05, "mean": 0.5079537438041183, "percentiles": [9.2e-05, 0.118155, 0.228867, 0.341277, 0.455393, 0.564294, 0.676163, 0.784032, 0.895185, 1.0], "datatype": "float"}, "INCOME_RANK_1": {"sql_datatype": "FLOAT64", "nan_ratio": 0.0, "num_unique": 55234, "max": 1.0, "min": 9.2e-05, "mean": 0.5078427309899305, "percentiles": [9.2e-05, 0.117951, 0.228401, 0.340885, 0.456229, 0.563612, 0.67587, 0.786228, 0.895484, 1.0], "datatype": "float"}, "YEAR": {"sql_datatype": "INT64", "nan_ratio": 0.0, "num_unique": 5, "max": 2019, "min": 2015, "mean": 2016.9508730550094, "percentiles": [2015, 2015, 2016, 2016, 2017, 2017, 2018, 2018, 2019, 2019], "datatype": "int"}, "AGE_REF": {"sql_datatype": "INT64", "nan_ratio": 0.0, "num_unique": 71, "max": 88, "min": 15, "mean": 51.57554741955967, "percentiles": [15, 29, 35, 42, 49, 55, 60, 66, 74, 88], "datatype": "int"}, "HOUSEHOLD_ID": {"sql_datatype": "STRING", "nan_ratio": 0.0, "num_unique": 340872, "max": "03111041", "min": "8725345", "datatype": "string"}}, "EXPENDITURES": {"COST": {"sql_datatype": "FLOAT64", "nan_ratio": 0.0, "num_unique": 370640, "max": 67270.0, "min": 0.00783, "mean": 21.73964164418704, "percentiles": [0.00783, 1.4084, 2.19, 3.0, 3.98, 5.02846, 7.13, 11.99, 26.99, 67270.0], "datatype": "float"}, "GIFT": {"sql_datatype": "INT64", "nan_ratio": 0.0, "num_unique": 2, "max": 1, "min": 0, "mean": 0.021122578359069492, "percentiles": [0, 0, 0, 0, 0, 0, 0, 0, 0, 1], "datatype": "int"}, "IS_TRAINING": {"sql_datatype": "INT64", "nan_ratio": 0.0, "num_unique": 2, "max": 1, "min": 0, "mean": 0.8081874302817759, "percentiles": [0, 0, 1, 1, 1, 1, 1, 1, 1, 1], "datatype": "int"}, "YEAR": {"sql_datatype": "INT64", "nan_ratio": 0.0, "num_unique": 6, "max": 2020, "min": 2015, "mean": 2017.0061584631349, "percentiles": [2015, 2015, 2016, 2016, 2017, 2017, 2018, 2018, 2019, 2020], "datatype": "int"}, "MONTH": {"sql_datatype": "INT64", "nan_ratio": 0.0, "num_unique": 12, "max": 12, "min": 1, "mean": 6.492919054118628, "percentiles": [1, 2, 3, 5, 6, 7, 8, 10, 11, 12], "datatype": "int"}, "PRODUCT_CODE": {"sql_datatype": "STRING", "nan_ratio": 0.0, "num_unique": 570, "max": "001000", "min": "999900", "unique_vals": ["002000", "002100", "009000", "009900", "010310", "020110", "020210", "020310", "020410", "020610", "020620", "020810", "030310", "030510", "030610", "030810", "040110", "040210", "040310", "040410", "050410", "060110", "060210", "060310", "090210", "1000", "100110", "100410", "100510", "10110", "10120", "10310", "10320", "1100", "110310", "110410", "1200", "120310", "120410", "130110", "130121", "140110", "140220", "140230", "140340", "160212", "160310", "160320", "170110", "170410", "170510", "170520", "180110", "180210", "180220", "180310", "180612", "180620", "180720", "190114", "190213", "190313", "190321", "190322", "190324", "190911", "190921", "190922", "200111", "200112", "200310", "200410", "200511", "200514", "200521", "200522", "200534", "20410", "20710", "20810", "20820", "2100", "210210", "210310", "220000", "220110", "220210", "220610", "230110", "230900", "240310", "240320", "240900", "250110", "250210", "250220", "250900", "260210", "270210", "270310", "270900", "280120", "290320", "290430", "290440", "300218", "300320", "300900", "30110", "30310", "30510", "30610", "30710", "30810", "310231", "310241", "310314", "310315", "310331", "310351", "320120", "320130", "320150", "320232", "320330", "320420", "320511", "320512", "320522", "320904", "330210", "330310", "330610", "340110", "340310", "340410", "340510", "340530", "340620", "340901", "340903", "340904", "340906", "340908", "350110", "360312", "360330", "360420", "360902", "370211", "370212", "370360", "370901", "370902", "370903", "380311", "380315", "380340", "380360", "380420", "380430", "380901", "390110", "390223", "390310", "390901", "390902", "400110", "400210", "400220", "40210", "40410", "40510", "410120", "410130", "410140", "410901", "4190", "430110", "430120", "440110", "440120", "440130", "440140", "460110", "460901", "470111", "470112", "470220", "480110", "480212", "480213", "490311", "490313", "490316", "50110", "520410", "520531", "520550", "520901", "520904", "530311", "530412", "530510", "540000", "550110", "550210", "550310", "550340", "560110", "560330", "570000", "570220", "570901", "580000", "580901", "590220", "590230", "600120", "600130", "600210", "600420", "600900", "60210", "610120", "610140", "610210", "610220", "610230", "610310", "610320", "610902", "610903", "620213", "620330", "620420", "620610", "620710", "620913", "620930", "630220", "630900", "640130", "640210", "640310", "640420", "650110", "650900", "660000", "660310", "670110", "670210", "670310", "670903", "680110", "680140", "680903", "690116", "690120", "70110", "80110", "190216", "190914", "230140", "310334", "450210", "190325", "190912", "200526", "190115", "001000", "002200", "004000", "004100", "004190", "005000", "010110", "010120", "010210", "010320", "020510", "020710", "020820", "030110", "030210", "030410", "030710", "040510", "040610", "050110", "050210", "050310", "050900", "070110", "070230", "070240", "080110", "090110", "100210", "10210", "110110", "110210", "110510", "120110", "120210", "130122", "130211", "130212", "130310", "130320", "1400", "140210", "140310", "140320", "140330", "140410", "140420", "150110", "150211", "150212", "150310", "160110", "160211", "170210", "170310", "170531", "170532", "170533", "180320", "180410", "180420", "180510", "180520", "180611", "180710", "190111", "190112", "190113", "190211", "190212", "190214", "190311", "190312", "190314", "190323", "190924", "2000", "200210", "200512", "200513", "200523", "200524", "200531", "200532", "200533", "20110", "20210", "20310", "20510", "20610", "20620", "210110", "2200", "220120", "220400", "230000", "240110", "240120", "240210", "240220", "260110", "270000", "270311", "270410", "280110", "280140", "280210", "280220", "290110", "290120", "290210", "290310", "290410", "290420", "300110", "300310", "300410", "30210", "30410", "310140", "310210", "310220", "310230", "310232", "310242", "310316", "310332", "310335", "310340", "310352", "310900", "320110", "320140", "320221", "320233", "320345", "320370", "320380", "320410", "320430", "320521", "320610", "320627", "320630", "320901", "320902", "320903", "320905", "330110", "330410", "330510", "340120", "340210", "340520", "340610", "340630", "340907", "340909", "340913", "360110", "360120", "360210", "360311", "360320", "360350", "360360", "360513", "360901", 