{"name": "sample_human_variant_annotation", "csv_kwargs": "TODO", "db_load_kwargs": "TODO", "tables": ["ensembl_1000genomes_phase3_hg19_release89", "ensembl_1000genomes_phase3_hg19_release93", "ensembl_1000genomes_phase3_hg38_release89", "ensembl_1000genomes_phase3_hg38_release93", "ensembl_esp6500_aa_hg19_release89", "ensembl_esp6500_aa_hg19_release93", "ensembl_esp6500_aa_hg38_release89", "ensembl_esp6500_aa_hg38_release93", "ensembl_esp6500_ea_hg19_release89", "ensembl_esp6500_ea_hg19_release93", "ensembl_esp6500_ea_hg38_release89", "ensembl_esp6500_ea_hg38_release93", "gnomad_exac_hg19_release1", "gnomad_exac_hg19_release1_legacy", "gnomad_gnomad_exomes_hg19_release170228", "gnomad_gnomad_exomes_hg19_release_2_0_2", "gnomad_gnomad_genomes_hg19_release170228", "gnomad_gnomad_genomes_hg19_release_2_0_2", "ncbi_clinvar_hg19_20170705", "ncbi_clinvar_hg19_20180701", "ncbi_clinvar_hg38_20170705", "ncbi_clinvar_hg38_20180701", "ncbi_dbsnp_hg19_20170710", "ncbi_dbsnp_hg19_20180423", "ncbi_dbsnp_hg38_20170710", "ncbi_dbsnp_hg38_20180418"], "table_stats": {"ensembl_1000genomes_phase3_hg19_release89": {"row_count": 1801787, "data_size_gib": 7.260651810094714, "file_count": -1}, "ensembl_1000genomes_phase3_hg19_release93": {"row_count": 1801787, "data_size_gib": 7.260651810094714, "file_count": -1}, "ensembl_1000genomes_phase3_hg38_release89": {"row_count": 1801787, "data_size_gib": 7.260651810094714, "file_count": -1}, "ensembl_1000genomes_phase3_hg38_release93": {"row_count": 1801787, "data_size_gib": 7.260651810094714, "file_count": -1}, "ensembl_esp6500_aa_hg19_release89": {"row_count": 1801787, "data_size_gib": 7.260651810094714, "file_count": -1}, "ensembl_esp6500_aa_hg19_release93": {"row_count": 1801787, "data_size_gib": 7.260651810094714, "file_count": -1}, "ensembl_esp6500_aa_hg38_release89": {"row_count": 1801787, "data_size_gib": 7.260651810094714, "file_count": -1}, "ensembl_esp6500_aa_hg38_release93": {"row_count": 1801787, "data_size_gib": 7.260651810094714, "file_count": -1}, "ensembl_esp6500_ea_hg19_release89": {"row_count": 1801787, "data_size_gib": 7.260651810094714, "file_count": -1}, "ensembl_esp6500_ea_hg19_release93": {"row_count": 1801787, "data_size_gib": 7.260651810094714, "file_count": -1}, "ensembl_esp6500_ea_hg38_release89": {"row_count": 1801787, "data_size_gib": 7.260651810094714, "file_count": -1}, "ensembl_esp6500_ea_hg38_release93": {"row_count": 1801787, "data_size_gib": 7.260651810094714, "file_count": -1}, "gnomad_exac_hg19_release1": {"row_count": 1801787, "data_size_gib": 7.260651810094714, "file_count": -1}, "gnomad_exac_hg19_release1_legacy": {"row_count": 1801787, "data_size_gib": 7.260651810094714, "file_count": -1}, "gnomad_gnomad_exomes_hg19_release170228": {"row_count": 1801787, "data_size_gib": 7.260651810094714, "file_count": -1}, "gnomad_gnomad_exomes_hg19_release_2_0_2": {"row_count": 1801787, "data_size_gib": 7.260651810094714, "file_count": -1}, "gnomad_gnomad_genomes_hg19_release170228": {"row_count": 1801787, "data_size_gib": 7.260651810094714, "file_count": -1}, "gnomad_gnomad_genomes_hg19_release_2_0_2": {"row_count": 1801787, "data_size_gib": 7.260651810094714, "file_count": -1}, "ncbi_clinvar_hg19_20170705": {"row_count": 1801787, "data_size_gib": 7.260651810094714, "file_count": -1}, "ncbi_clinvar_hg19_20180701": {"row_count": 1801787, "data_size_gib": 7.260651810094714, "file_count": -1}, "ncbi_clinvar_hg38_20170705": {"row_count": 1801787, "data_size_gib": 7.260651810094714, "file_count": -1}, "ncbi_clinvar_hg38_20180701": {"row_count": 1801787, "data_size_gib": 7.260651810094714, "file_count": -1}, "ncbi_dbsnp_hg19_20170710": {"row_count": 1801787, "data_size_gib": 7.260651810094714, "file_count": -1}, "ncbi_dbsnp_hg19_20180423": {"row_count": 1801787, "data_size_gib": 7.260651810094714, "file_count": -1}, "ncbi_dbsnp_hg38_20170710": {"row_count": 1801787, "data_size_gib": 7.260651810094714, "file_count": -1}, "ncbi_dbsnp_hg38_20180418": {"row_count": 1801787, "data_size_gib": 7.260651810094714, "file_count": -1}}, "relationships": [["gnomad_gnomad_genomes_hg19_release_2_0_2", "AN_raw", "ensembl_1000genomes_phase3_hg19_release93", "start_position"], ["gnomad_gnomad_genomes_hg19_release_2_0_2", "AN_AFR", "ensembl_1000genomes_phase3_hg38_release89", "variation_id"], ["gnomad_gnomad_genomes_hg19_release_2_0_2", "DP", "ensembl_1000genomes_phase3_hg38_release93", "start_position"], ["gnomad_gnomad_genomes_hg19_release_2_0_2", "DP", "ensembl_esp6500_aa_hg19_release93", "start_position"], ["gnomad_gnomad_genomes_hg19_release_2_0_2", "DP", "ensembl_esp6500_aa_hg38_release93", "start_position"], ["gnomad_gnomad_genomes_hg19_release_2_0_2", "DP", "ensembl_esp6500_ea_hg19_release93", "start_position"], ["gnomad_gnomad_genomes_hg19_release_2_0_2", "AN_Male", "ensembl_esp6500_ea_hg38_release93", "start_position"], ["gnomad_gnomad_genomes_hg19_release_2_0_2", "AN_Male", "gnomad_exac_hg19_release1", "start_position"], ["gnomad_gnomad_genomes_hg19_release_2_0_2", "DP", "gnomad_gnomad_exomes_hg19_release_2_0_2", "start_position"], ["gnomad_gnomad_genomes_hg19_release_2_0_2", "AN_AFR", "ncbi_clinvar_hg19_20170705", "RS"], ["gnomad_gnomad_genomes_hg19_release_2_0_2", "AN_Male", "ncbi_clinvar_hg19_20180701", "ALLELEID"], ["gnomad_gnomad_genomes_hg19_release_2_0_2", "AN_AFR", "ncbi_clinvar_hg38_20170705", "RS"], ["gnomad_gnomad_genomes_hg19_release_2_0_2", "AN_raw", "ncbi_clinvar_hg38_20180701", "ALLELEID"], ["gnomad_gnomad_genomes_hg19_release_2_0_2", "AN_raw", "ncbi_dbsnp_hg19_20170710", "RS"], ["gnomad_gnomad_genomes_hg19_release_2_0_2", "AN_Female", "ncbi_dbsnp_hg19_20180423", "RS"], ["gnomad_gnomad_genomes_hg19_release_2_0_2", "AN_OTH", "ncbi_dbsnp_hg38_20170710", "RS"], ["gnomad_gnomad_genomes_hg19_release_2_0_2", "AN_NFE", "ncbi_dbsnp_hg38_20180418", "RS"]]}