reference_date,target,horizon,target_end_date,location,output_type,output_type_id,value
2026-09-19,wk inc covid hosp,0,2026-09-19,01,quantile,0.01,59.0
2026-09-19,wk inc covid hosp,0,2026-09-19,01,quantile,0.025,62.0
2026-09-19,wk inc covid hosp,0,2026-09-19,01,quantile,0.05,65.0
2026-09-19,wk inc covid hosp,0,2026-09-19,01,quantile,0.1,68.0
2026-09-19,wk inc covid hosp,0,2026-09-19,01,quantile,0.15,71.0
2026-09-19,wk inc covid hosp,0,2026-09-19,01,quantile,0.2,73.0
2026-09-19,wk inc covid hosp,0,2026-09-19,01,quantile,0.25,75.0
2026-09-19,wk inc covid hosp,0,2026-09-19,01,quantile,0.3,77.0
2026-09-19,wk inc covid hosp,0,2026-09-19,01,quantile,0.35,79.0
2026-09-19,wk inc covid hosp,0,2026-09-19,01,quantile,0.4,81.0
2026-09-19,wk inc covid hosp,0,2026-09-19,01,quantile,0.45,83.0
2026-09-19,wk inc covid hosp,0,2026-09-19,01,quantile,0.5,85.0
2026-09-19,wk inc covid hosp,0,2026-09-19,01,quantile,0.55,87.0
2026-09-19,wk inc covid hosp,0,2026-09-19,01,quantile,0.6,89.0
2026-09-19,wk inc covid hosp,0,2026-09-19,01,quantile,0.65,91.0
2026-09-19,wk inc covid hosp,0,2026-09-19,01,quantile,0.7,93.0
2026-09-19,wk inc covid hosp,0,2026-09-19,01,quantile,0.75,96.0
2026-09-19,wk inc covid hosp,0,2026-09-19,01,quantile,0.8,98.0
2026-09-19,wk inc covid hosp,0,2026-09-19,01,quantile,0.85,101.0
2026-09-19,wk inc covid hosp,0,2026-09-19,01,quantile,0.9,105.0
2026-09-19,wk inc covid hosp,0,2026-09-19,01,quantile,0.95,110.0
2026-09-19,wk inc covid hosp,0,2026-09-19,01,quantile,0.975,114.0
2026-09-19,wk inc covid hosp,0,2026-09-19,01,quantile,0.99,118.0
2026-09-19,wk inc covid hosp,0,2026-09-19,02,quantile,0.01,0.0
2026-09-19,wk inc covid hosp,0,2026-09-19,02,quantile,0.025,1.0
2026-09-19,wk inc covid hosp,0,2026-09-19,02,quantile,0.05,1.0
2026-09-19,wk inc covid hosp,0,2026-09-19,02,quantile,0.1,2.0
2026-09-19,wk inc covid hosp,0,2026-09-19,02,quantile,0.15,2.0
2026-09-19,wk inc covid hosp,0,2026-09-19,02,quantile,0.2,2.0
2026-09-19,wk inc covid hosp,0,2026-09-19,02,quantile,0.25,3.0
2026-09-19,wk inc covid hosp,0,2026-09-19,02,quantile,0.3,3.0
2026-09-19,wk inc covid hosp,0,2026-09-19,02,quantile,0.35,4.0
2026-09-19,wk inc covid hosp,0,2026-09-19,02,quantile,0.4,4.0
2026-09-19,wk inc covid hosp,0,2026-09-19,02,quantile,0.45,4.0
2026-09-19,wk inc covid hosp,0,2026-09-19,02,quantile,0.5,5.0
2026-09-19,wk inc covid hosp,0,2026-09-19,02,quantile,0.55,5.0
2026-09-19,wk inc covid hosp,0,2026-09-19,02,quantile,0.6,5.0
2026-09-19,wk inc covid hosp,0,2026-09-19,02,quantile,0.65,6.0
2026-09-19,wk inc covid hosp,0,2026-09-19,02,quantile,0.7,6.0
2026-09-19,wk inc covid hosp,0,2026-09-19,02,quantile,0.75,7.0
2026-09-19,wk inc covid hosp,0,2026-09-19,02,quantile,0.8,7.0
2026-09-19,wk inc covid hosp,0,2026-09-19,02,quantile,0.85,8.0
2026-09-19,wk inc covid hosp,0,2026-09-19,02,quantile,0.9,8.0
2026-09-19,wk inc covid hosp,0,2026-09-19,02,quantile,0.95,9.0
2026-09-19,wk inc covid hosp,0,2026-09-19,02,quantile,0.975,10.0
2026-09-19,wk inc covid hosp,0,2026-09-19,02,quantile,0.99,12.0
2026-09-19,wk inc covid hosp,0,2026-09-19,04,quantile,0.01,69.0
2026-09-19,wk inc covid hosp,0,2026-09-19,04,quantile,0.025,72.0
2026-09-19,wk inc covid hosp,0,2026-09-19,04,quantile,0.05,75.0
2026-09-19,wk inc covid hosp,0,2026-09-19,04,quantile,0.1,78.0
2026-09-19,wk inc covid hosp,0,2026-09-19,04,quantile,0.15,81.0
2026-09-19,wk inc covid hosp,0,2026-09-19,04,quantile,0.2,83.0
2026-09-19,wk inc covid hosp,0,2026-09-19,04,quantile,0.25,85.0
2026-09-19,wk inc covid hosp,0,2026-09-19,04,quantile,0.3,87.0
2026-09-19,wk inc covid hosp,0,2026-09-19,04,quantile,0.35,89.0
2026-09-19,wk inc covid hosp,0,2026-09-19,04,quantile,0.4,91.0
2026-09-19,wk inc covid hosp,0,2026-09-19,04,quantile,0.45,92.0
2026-09-19,wk inc covid hosp,0,2026-09-19,04,quantile,0.5,94.0
2026-09-19,wk inc covid hosp,0,2026-09-19,04,quantile,0.55,97.0
2026-09-19,wk inc covid hosp,0,2026-09-19,04,quantile,0.6,99.0
2026-09-19,wk inc covid hosp,0,2026-09-19,04,quantile,0.65,101.0
2026-09-19,wk inc covid hosp,0,2026-09-19,04,quantile,0.7,103.0
2026-09-19,wk inc covid hosp,0,2026-09-19,04,quantile,0.75,106.0
2026-09-19,wk inc covid hosp,0,2026-09-19,04,quantile,0.8,109.0
2026-09-19,wk inc covid hosp,0,2026-09-19,04,quantile,0.85,112.0
2026-09-19,wk inc covid hosp,0,2026-09-19,04,quantile,0.9,116.0
2026-09-19,wk inc covid hosp,0,2026-09-19,04,quantile,0.95,122.0
2026-09-19,wk inc covid hosp,0,2026-09-19,04,quantile,0.975,127.0
2026-09-19,wk inc covid hosp,0,2026-09-19,04,quantile,0.99,132.0
2026-09-19,wk inc covid hosp,0,2026-09-19,05,quantile,0.01,7.0
2026-09-19,wk inc covid hosp,0,2026-09-19,05,quantile,0.025,8.0
2026-09-19,wk inc covid hosp,0,2026-09-19,05,quantile,0.05,8.0
2026-09-19,wk inc covid hosp,0,2026-09-19,05,quantile,0.1,9.0
2026-09-19,wk inc covid hosp,0,2026-09-19,05,quantile,0.15,10.0
2026-09-19,wk inc covid hosp,0,2026-09-19,05,quantile,0.2,10.0
2026-09-19,wk inc covid hosp,0,2026-09-19,05,quantile,0.25,11.0
2026-09-19,wk inc covid hosp,0,2026-09-19,05,quantile,0.3,11.0
2026-09-19,wk inc covid hosp,0,2026-09-19,05,quantile,0.35,12.0
2026-09-19,wk inc covid hosp,0,2026-09-19,05,quantile,0.4,12.0
2026-09-19,wk inc covid hosp,0,2026-09-19,05,quantile,0.45,13.0
2026-09-19,wk inc covid hosp,0,2026-09-19,05,quantile,0.5,13.0
2026-09-19,wk inc covid hosp,0,2026-09-19,05,quantile,0.55,14.0
2026-09-19,wk inc covid hosp,0,2026-09-19,05,quantile,0.6,14.0
2026-09-19,wk inc covid hosp,0,2026-09-19,05,quantile,0.65,15.0
2026-09-19,wk inc covid hosp,0,2026-09-19,05,quantile,0.7,15.0
2026-09-19,wk inc covid hosp,0,2026-09-19,05,quantile,0.75,15.0
2026-09-19,wk inc covid hosp,0,2026-09-19,05,quantile,0.8,16.0
2026-09-19,wk inc covid hosp,0,2026-09-19,05,quantile,0.85,16.0
2026-09-19,wk inc covid hosp,0,2026-09-19,05,quantile,0.9,17.0
2026-09-19,wk inc covid hosp,0,2026-09-19,05,quantile,0.95,18.0
2026-09-19,wk inc covid hosp,0,2026-09-19,05,quantile,0.975,19.0
2026-09-19,wk inc covid hosp,0,2026-09-19,05,quantile,0.99,19.0
2026-09-19,wk inc covid hosp,0,2026-09-19,06,quantile,0.01,628.0
2026-09-19,wk inc covid hosp,0,2026-09-19,06,quantile,0.025,645.0
2026-09-19,wk inc covid hosp,0,2026-09-19,06,quantile,0.05,663.0
2026-09-19,wk inc covid hosp,0,2026-09-19,06,quantile,0.1,687.0
2026-09-19,wk inc covid hosp,0,2026-09-19,06,quantile,0.15,703.0
2026-09-19,wk inc covid hosp,0,2026-09-19,06,quantile,0.2,717.0
2026-09-19,wk inc covid hosp,0,2026-09-19,06,quantile,0.25,730.0
2026-09-19,wk inc covid hosp,0,2026-09-19,06,quantile,0.3,743.0
2026-09-19,wk inc covid hosp,0,2026-09-19,06,quantile,0.35,755.0
2026-09-19,wk inc covid hosp,0,2026-09-19,06,quantile,0.4,768.0
2026-09-19,wk inc covid hosp,0,2026-09-19,06,quantile,0.45,781.0
2026-09-19,wk inc covid hosp,0,2026-09-19,06,quantile,0.5,793.0
2026-09-19,wk inc covid hosp,0,2026-09-19,06,quantile,0.55,807.0
2026-09-19,wk inc covid hosp,0,2026-09-19,06,quantile,0.6,819.0
2026-09-19,wk inc covid hosp,0,2026-09-19,06,quantile,0.65,834.0
2026-09-19,wk inc covid hosp,0,2026-09-19,06,quantile,0.7,853.0
2026-09-19,wk inc covid hosp,0,2026-09-19,06,quantile,0.75,868.0
2026-09-19,wk inc covid hosp,0,2026-09-19,06,quantile,0.8,893.0
2026-09-19,wk inc covid hosp,0,2026-09-19,06,quantile,0.85,926.0
2026-09-19,wk inc covid hosp,0,2026-09-19,06,quantile,0.9,970.0
2026-09-19,wk inc covid hosp,0,2026-09-19,06,quantile,0.95,1031.0
2026-09-19,wk inc covid hosp,0,2026-09-19,06,quantile,0.975,1079.0
2026-09-19,wk inc covid hosp,0,2026-09-19,06,quantile,0.99,1144.0
2026-09-19,wk inc covid hosp,0,2026-09-19,08,quantile,0.01,13.0
2026-09-19,wk inc covid hosp,0,2026-09-19,08,quantile,0.025,14.0
2026-09-19,wk inc covid hosp,0,2026-09-19,08,quantile,0.05,16.0
2026-09-19,wk inc covid hosp,0,2026-09-19,08,quantile,0.1,17.0
2026-09-19,wk inc covid hosp,0,2026-09-19,08,quantile,0.15,19.0
2026-09-19,wk inc covid hosp,0,2026-09-19,08,quantile,0.2,20.0
2026-09-19,wk inc covid hosp,0,2026-09-19,08,quantile,0.25,20.0
2026-09-19,wk inc covid hosp,0,2026-09-19,08,quantile,0.3,21.0
2026-09-19,wk inc covid hosp,0,2026-09-19,08,quantile,0.35,22.0
2026-09-19,wk inc covid hosp,0,2026-09-19,08,quantile,0.4,23.0
2026-09-19,wk inc covid hosp,0,2026-09-19,08,quantile,0.45,23.0
2026-09-19,wk inc covid hosp,0,2026-09-19,08,quantile,0.5,24.0
2026-09-19,wk inc covid hosp,0,2026-09-19,08,quantile,0.55,25.0
2026-09-19,wk inc covid hosp,0,2026-09-19,08,quantile,0.6,26.0
2026-09-19,wk inc covid hosp,0,2026-09-19,08,quantile,0.65,26.0
2026-09-19,wk inc covid hosp,0,2026-09-19,08,quantile,0.7,27.0
2026-09-19,wk inc covid hosp,0,2026-09-19,08,quantile,0.75,28.0
2026-09-19,wk inc covid hosp,0,2026-09-19,08,quantile,0.8,29.0
2026-09-19,wk inc covid hosp,0,2026-09-19,08,quantile,0.85,30.0
2026-09-19,wk inc covid hosp,0,2026-09-19,08,quantile,0.9,32.0
2026-09-19,wk inc covid hosp,0,2026-09-19,08,quantile,0.95,33.0
2026-09-19,wk inc covid hosp,0,2026-09-19,08,quantile,0.975,35.0
2026-09-19,wk inc covid hosp,0,2026-09-19,08,quantile,0.99,36.0
2026-09-19,wk inc covid hosp,0,2026-09-19,09,quantile,0.01,6.0
2026-09-19,wk inc covid hosp,0,2026-09-19,09,quantile,0.025,6.0
2026-09-19,wk inc covid hosp,0,2026-09-19,09,quantile,0.05,7.0
2026-09-19,wk inc covid hosp,0,2026-09-19,09,quantile,0.1,9.0
2026-09-19,wk inc covid hosp,0,2026-09-19,09,quantile,0.15,9.0
2026-09-19,wk inc covid hosp,0,2026-09-19,09,quantile,0.2,10.0
2026-09-19,wk inc covid hosp,0,2026-09-19,09,quantile,0.25,11.0
2026-09-19,wk inc covid hosp,0,2026-09-19,09,quantile,0.3,11.0
2026-09-19,wk inc covid hosp,0,2026-09-19,09,quantile,0.35,12.0
2026-09-19,wk inc covid hosp,0,2026-09-19,09,quantile,0.4,12.0
2026-09-19,wk inc covid hosp,0,2026-09-19,09,quantile,0.45,13.0
2026-09-19,wk inc covid hosp,0,2026-09-19,09,quantile,0.5,14.0
2026-09-19,wk inc covid hosp,0,2026-09-19,09,quantile,0.55,14.0
2026-09-19,wk inc covid hosp,0,2026-09-19,09,quantile,0.6,15.0
2026-09-19,wk inc covid hosp,0,2026-09-19,09,quantile,0.65,16.0
2026-09-19,wk inc covid hosp,0,2026-09-19,09,quantile,0.7,16.0
2026-09-19,wk inc covid hosp,0,2026-09-19,09,quantile,0.75,17.0
2026-09-19,wk inc covid hosp,0,2026-09-19,09,quantile,0.8,18.0
2026-09-19,wk inc covid hosp,0,2026-09-19,09,quantile,0.85,19.0
2026-09-19,wk inc covid hosp,0,2026-09-19,09,quantile,0.9,20.0
2026-09-19,wk inc covid hosp,0,2026-09-19,09,quantile,0.95,21.0
2026-09-19,wk inc covid hosp,0,2026-09-19,09,quantile,0.975,22.0
2026-09-19,wk inc covid hosp,0,2026-09-19,09,quantile,0.99,24.0
2026-09-19,wk inc covid hosp,0,2026-09-19,10,quantile,0.01,6.0
2026-09-19,wk inc covid hosp,0,2026-09-19,10,quantile,0.025,7.0
2026-09-19,wk inc covid hosp,0,2026-09-19,10,quantile,0.05,7.0
2026-09-19,wk inc covid hosp,0,2026-09-19,10,quantile,0.1,8.0
2026-09-19,wk inc covid hosp,0,2026-09-19,10,quantile,0.15,8.0
2026-09-19,wk inc covid hosp,0,2026-09-19,10,quantile,0.2,9.0
2026-09-19,wk inc covid hosp,0,2026-09-19,10,quantile,0.25,10.0
2026-09-19,wk inc covid hosp,0,2026-09-19,10,quantile,0.3,10.0
2026-09-19,wk inc covid hosp,0,2026-09-19,10,quantile,0.35,11.0
2026-09-19,wk inc covid hosp,0,2026-09-19,10,quantile,0.4,11.0
2026-09-19,wk inc covid hosp,0,2026-09-19,10,quantile,0.45,12.0
2026-09-19,wk inc covid hosp,0,2026-09-19,10,quantile,0.5,12.0
2026-09-19,wk inc covid hosp,0,2026-09-19,10,quantile,0.55,13.0
2026-09-19,wk inc covid hosp,0,2026-09-19,10,quantile,0.6,13.0
2026-09-19,wk inc covid hosp,0,2026-09-19,10,quantile,0.65,14.0
2026-09-19,wk inc covid hosp,0,2026-09-19,10,quantile,0.7,15.0
2026-09-19,wk inc covid hosp,0,2026-09-19,10,quantile,0.75,15.0
2026-09-19,wk inc covid hosp,0,2026-09-19,10,quantile,0.8,16.0
2026-09-19,wk inc covid hosp,0,2026-09-19,10,quantile,0.85,18.0
2026-09-19,wk inc covid hosp,0,2026-09-19,10,quantile,0.9,19.0
2026-09-19,wk inc covid hosp,0,2026-09-19,10,quantile,0.95,22.0
2026-09-19,wk inc covid hosp,0,2026-09-19,10,quantile,0.975,25.0
2026-09-19,wk inc covid hosp,0,2026-09-19,10,quantile,0.99,29.0
2026-09-19,wk inc covid hosp,0,2026-09-19,11,quantile,0.01,0.0
2026-09-19,wk inc covid hosp,0,2026-09-19,11,quantile,0.025,0.0
2026-09-19,wk inc covid hosp,0,2026-09-19,11,quantile,0.05,1.0
2026-09-19,wk inc covid hosp,0,2026-09-19,11,quantile,0.1,2.0
2026-09-19,wk inc covid hosp,0,2026-09-19,11,quantile,0.15,2.0
2026-09-19,wk inc covid hosp,0,2026-09-19,11,quantile,0.2,3.0
2026-09-19,wk inc covid hosp,0,2026-09-19,11,quantile,0.25,3.0
2026-09-19,wk inc covid hosp,0,2026-09-19,11,quantile,0.3,4.0
2026-09-19,wk inc covid hosp,0,2026-09-19,11,quantile,0.35,4.0
2026-09-19,wk inc covid hosp,0,2026-09-19,11,quantile,0.4,5.0
2026-09-19,wk inc covid hosp,0,2026-09-19,11,quantile,0.45,5.0
2026-09-19,wk inc covid hosp,0,2026-09-19,11,quantile,0.5,5.0
2026-09-19,wk inc covid hosp,0,2026-09-19,11,quantile,0.55,6.0
2026-09-19,wk inc covid hosp,0,2026-09-19,11,quantile,0.6,6.0
2026-09-19,wk inc covid hosp,0,2026-09-19,11,quantile,0.65,7.0
2026-09-19,wk inc covid hosp,0,2026-09-19,11,quantile,0.7,7.0
2026-09-19,wk inc covid hosp,0,2026-09-19,11,quantile,0.75,7.0
2026-09-19,wk inc covid hosp,0,2026-09-19,11,quantile,0.8,8.0
2026-09-19,wk inc covid hosp,0,2026-09-19,11,quantile,0.85,9.0
2026-09-19,wk inc covid hosp,0,2026-09-19,11,quantile,0.9,9.0
2026-09-19,wk inc covid hosp,0,2026-09-19,11,quantile,0.95,11.0
2026-09-19,wk inc covid hosp,0,2026-09-19,11,quantile,0.975,11.0
2026-09-19,wk inc covid hosp,0,2026-09-19,11,quantile,0.99,12.0
2026-09-19,wk inc covid hosp,0,2026-09-19,12,quantile,0.01,396.0
2026-09-19,wk inc covid hosp,0,2026-09-19,12,quantile,0.025,412.0
2026-09-19,wk inc covid hosp,0,2026-09-19,12,quantile,0.05,425.0
2026-09-19,wk inc covid hosp,0,2026-09-19,12,quantile,0.1,438.0
2026-09-19,wk inc covid hosp,0,2026-09-19,12,quantile,0.15,451.0
2026-09-19,wk inc covid hosp,0,2026-09-19,12,quantile,0.2,461.0
2026-09-19,wk inc covid hosp,0,2026-09-19,12,quantile,0.25,469.0
2026-09-19,wk inc covid hosp,0,2026-09-19,12,quantile,0.3,479.0
2026-09-19,wk inc covid hosp,0,2026-09-19,12,quantile,0.35,487.0
2026-09-19,wk inc covid hosp,0,2026-09-19,12,quantile,0.4,495.0
2026-09-19,wk inc covid hosp,0,2026-09-19,12,quantile,0.45,505.0
2026-09-19,wk inc covid hosp,0,2026-09-19,12,quantile,0.5,514.0
2026-09-19,wk inc covid hosp,0,2026-09-19,12,quantile,0.55,524.0
2026-09-19,wk inc covid hosp,0,2026-09-19,12,quantile,0.6,533.0
2026-09-19,wk inc covid hosp,0,2026-09-19,12,quantile,0.65,547.0
2026-09-19,wk inc covid hosp,0,2026-09-19,12,quantile,0.7,557.0
2026-09-19,wk inc covid hosp,0,2026-09-19,12,quantile,0.75,571.0
2026-09-19,wk inc covid hosp,0,2026-09-19,12,quantile,0.8,583.0
2026-09-19,wk inc covid hosp,0,2026-09-19,12,quantile,0.85,600.0
2026-09-19,wk inc covid hosp,0,2026-09-19,12,quantile,0.9,622.0
2026-09-19,wk inc covid hosp,0,2026-09-19,12,quantile,0.95,649.0
2026-09-19,wk inc covid hosp,0,2026-09-19,12,quantile,0.975,677.0
2026-09-19,wk inc covid hosp,0,2026-09-19,12,quantile,0.99,699.0
2026-09-19,wk inc covid hosp,0,2026-09-19,13,quantile,0.01,38.0
2026-09-19,wk inc covid hosp,0,2026-09-19,13,quantile,0.025,43.0
2026-09-19,wk inc covid hosp,0,2026-09-19,13,quantile,0.05,48.0
2026-09-19,wk inc covid hosp,0,2026-09-19,13,quantile,0.1,53.0
2026-09-19,wk inc covid hosp,0,2026-09-19,13,quantile,0.15,58.0
2026-09-19,wk inc covid hosp,0,2026-09-19,13,quantile,0.2,60.0
2026-09-19,wk inc covid hosp,0,2026-09-19,13,quantile,0.25,63.0
2026-09-19,wk inc covid hosp,0,2026-09-19,13,quantile,0.3,66.0
2026-09-19,wk inc covid hosp,0,2026-09-19,13,quantile,0.35,68.0
2026-09-19,wk inc covid hosp,0,2026-09-19,13,quantile,0.4,70.0
2026-09-19,wk inc covid hosp,0,2026-09-19,13,quantile,0.45,72.0
2026-09-19,wk inc covid hosp,0,2026-09-19,13,quantile,0.5,74.0
2026-09-19,wk inc covid hosp,0,2026-09-19,13,quantile,0.55,76.0
2026-09-19,wk inc covid hosp,0,2026-09-19,13,quantile,0.6,78.0
2026-09-19,wk inc covid hosp,0,2026-09-19,13,quantile,0.65,80.0
2026-09-19,wk inc covid hosp,0,2026-09-19,13,quantile,0.7,82.0
2026-09-19,wk inc covid hosp,0,2026-09-19,13,quantile,0.75,84.0
2026-09-19,wk inc covid hosp,0,2026-09-19,13,quantile,0.8,87.0
2026-09-19,wk inc covid hosp,0,2026-09-19,13,quantile,0.85,89.0
2026-09-19,wk inc covid hosp,0,2026-09-19,13,quantile,0.9,92.0
2026-09-19,wk inc covid hosp,0,2026-09-19,13,quantile,0.95,95.0
2026-09-19,wk inc covid hosp,0,2026-09-19,13,quantile,0.975,97.0
2026-09-19,wk inc covid hosp,0,2026-09-19,13,quantile,0.99,99.0
2026-09-19,wk inc covid hosp,0,2026-09-19,15,quantile,0.01,12.0
2026-09-19,wk inc covid hosp,0,2026-09-19,15,quantile,0.025,13.0
2026-09-19,wk inc covid hosp,0,2026-09-19,15,quantile,0.05,14.0
2026-09-19,wk inc covid hosp,0,2026-09-19,15,quantile,0.1,16.0
2026-09-19,wk inc covid hosp,0,2026-09-19,15,quantile,0.15,17.0
2026-09-19,wk inc covid hosp,0,2026-09-19,15,quantile,0.2,18.0
2026-09-19,wk inc covid hosp,0,2026-09-19,15,quantile,0.25,20.0
2026-09-19,wk inc covid hosp,0,2026-09-19,15,quantile,0.3,21.0
2026-09-19,wk inc covid hosp,0,2026-09-19,15,quantile,0.35,22.0
2026-09-19,wk inc covid hosp,0,2026-09-19,15,quantile,0.4,23.0
2026-09-19,wk inc covid hosp,0,2026-09-19,15,quantile,0.45,24.0
2026-09-19,wk inc covid hosp,0,2026-09-19,15,quantile,0.5,25.0
2026-09-19,wk inc covid hosp,0,2026-09-19,15,quantile,0.55,27.0
2026-09-19,wk inc covid hosp,0,2026-09-19,15,quantile,0.6,28.0
2026-09-19,wk inc covid hosp,0,2026-09-19,15,quantile,0.65,30.0
2026-09-19,wk inc covid hosp,0,2026-09-19,15,quantile,0.7,31.0
2026-09-19,wk inc covid hosp,0,2026-09-19,15,quantile,0.75,33.0
2026-09-19,wk inc covid hosp,0,2026-09-19,15,quantile,0.8,34.0
2026-09-19,wk inc covid hosp,0,2026-09-19,15,quantile,0.85,37.0
2026-09-19,wk inc covid hosp,0,2026-09-19,15,quantile,0.9,39.0
2026-09-19,wk inc covid hosp,0,2026-09-19,15,quantile,0.95,43.0
2026-09-19,wk inc covid hosp,0,2026-09-19,15,quantile,0.975,48.0
2026-09-19,wk inc covid hosp,0,2026-09-19,15,quantile,0.99,51.0
2026-09-19,wk inc covid hosp,0,2026-09-19,16,quantile,0.01,0.0
2026-09-19,wk inc covid hosp,0,2026-09-19,16,quantile,0.025,0.0
2026-09-19,wk inc covid hosp,0,2026-09-19,16,quantile,0.05,0.0
2026-09-19,wk inc covid hosp,0,2026-09-19,16,quantile,0.1,2.0
2026-09-19,wk inc covid hosp,0,2026-09-19,16,quantile,0.15,4.0
2026-09-19,wk inc covid hosp,0,2026-09-19,16,quantile,0.2,5.0
2026-09-19,wk inc covid hosp,0,2026-09-19,16,quantile,0.25,6.0
2026-09-19,wk inc covid hosp,0,2026-09-19,16,quantile,0.3,7.0
2026-09-19,wk inc covid hosp,0,2026-09-19,16,quantile,0.35,8.0
2026-09-19,wk inc covid hosp,0,2026-09-19,16,quantile,0.4,8.0
2026-09-19,wk inc covid hosp,0,2026-09-19,16,quantile,0.45,9.0
2026-09-19,wk inc covid hosp,0,2026-09-19,16,quantile,0.5,10.0
2026-09-19,wk inc covid hosp,0,2026-09-19,16,quantile,0.55,11.0
2026-09-19,wk inc covid hosp,0,2026-09-19,16,quantile,0.6,12.0
2026-09-19,wk inc covid hosp,0,2026-09-19,16,quantile,0.65,12.0
2026-09-19,wk inc covid hosp,0,2026-09-19,16,quantile,0.7,13.0
2026-09-19,wk inc covid hosp,0,2026-09-19,16,quantile,0.75,14.0
2026-09-19,wk inc covid hosp,0,2026-09-19,16,quantile,0.8,16.0
2026-09-19,wk inc covid hosp,0,2026-09-19,16,quantile,0.85,17.0
2026-09-19,wk inc covid hosp,0,2026-09-19,16,quantile,0.9,18.0
2026-09-19,wk inc covid hosp,0,2026-09-19,16,quantile,0.95,20.0
2026-09-19,wk inc covid hosp,0,2026-09-19,16,quantile,0.975,22.0
2026-09-19,wk inc covid hosp,0,2026-09-19,16,quantile,0.99,23.0
2026-09-19,wk inc covid hosp,0,2026-09-19,17,quantile,0.01,13.0
2026-09-19,wk inc covid hosp,0,2026-09-19,17,quantile,0.025,18.0
2026-09-19,wk inc covid hosp,0,2026-09-19,17,quantile,0.05,20.0
2026-09-19,wk inc covid hosp,0,2026-09-19,17,quantile,0.1,25.0
2026-09-19,wk inc covid hosp,0,2026-09-19,17,quantile,0.15,28.0
2026-09-19,wk inc covid hosp,0,2026-09-19,17,quantile,0.2,31.0
2026-09-19,wk inc covid hosp,0,2026-09-19,17,quantile,0.25,33.0
2026-09-19,wk inc covid hosp,0,2026-09-19,17,quantile,0.3,35.0
2026-09-19,wk inc covid hosp,0,2026-09-19,17,quantile,0.35,38.0
2026-09-19,wk inc covid hosp,0,2026-09-19,17,quantile,0.4,40.0
2026-09-19,wk inc covid hosp,0,2026-09-19,17,quantile,0.45,42.0
2026-09-19,wk inc covid hosp,0,2026-09-19,17,quantile,0.5,44.0
2026-09-19,wk inc covid hosp,0,2026-09-19,17,quantile,0.55,46.0
2026-09-19,wk inc covid hosp,0,2026-09-19,17,quantile,0.6,48.0
2026-09-19,wk inc covid hosp,0,2026-09-19,17,quantile,0.65,51.0
2026-09-19,wk inc covid hosp,0,2026-09-19,17,quantile,0.7,53.0
2026-09-19,wk inc covid hosp,0,2026-09-19,17,quantile,0.75,56.0
2026-09-19,wk inc covid hosp,0,2026-09-19,17,quantile,0.8,58.0
2026-09-19,wk inc covid hosp,0,2026-09-19,17,quantile,0.85,62.0
2026-09-19,wk inc covid hosp,0,2026-09-19,17,quantile,0.9,66.0
2026-09-19,wk inc covid hosp,0,2026-09-19,17,quantile,0.95,70.0
2026-09-19,wk inc covid hosp,0,2026-09-19,17,quantile,0.975,74.0
2026-09-19,wk inc covid hosp,0,2026-09-19,17,quantile,0.99,78.0
2026-09-19,wk inc covid hosp,0,2026-09-19,18,quantile,0.01,18.0
2026-09-19,wk inc covid hosp,0,2026-09-19,18,quantile,0.025,20.0
2026-09-19,wk inc covid hosp,0,2026-09-19,18,quantile,0.05,22.0
2026-09-19,wk inc covid hosp,0,2026-09-19,18,quantile,0.1,25.0
2026-09-19,wk inc covid hosp,0,2026-09-19,18,quantile,0.15,26.0
2026-09-19,wk inc covid hosp,0,2026-09-19,18,quantile,0.2,28.0
2026-09-19,wk inc covid hosp,0,2026-09-19,18,quantile,0.25,30.0
2026-09-19,wk inc covid hosp,0,2026-09-19,18,quantile,0.3,31.0
2026-09-19,wk inc covid hosp,0,2026-09-19,18,quantile,0.35,33.0
2026-09-19,wk inc covid hosp,0,2026-09-19,18,quantile,0.4,34.0
2026-09-19,wk inc covid hosp,0,2026-09-19,18,quantile,0.45,36.0
2026-09-19,wk inc covid hosp,0,2026-09-19,18,quantile,0.5,37.0
2026-09-19,wk inc covid hosp,0,2026-09-19,18,quantile,0.55,38.0
2026-09-19,wk inc covid hosp,0,2026-09-19,18,quantile,0.6,40.0
2026-09-19,wk inc covid hosp,0,2026-09-19,18,quantile,0.65,42.0
2026-09-19,wk inc covid hosp,0,2026-09-19,18,quantile,0.7,44.0
2026-09-19,wk inc covid hosp,0,2026-09-19,18,quantile,0.75,46.0
2026-09-19,wk inc covid hosp,0,2026-09-19,18,quantile,0.8,48.0
2026-09-19,wk inc covid hosp,0,2026-09-19,18,quantile,0.85,51.0
2026-09-19,wk inc covid hosp,0,2026-09-19,18,quantile,0.9,55.0
2026-09-19,wk inc covid hosp,0,2026-09-19,18,quantile,0.95,59.0
2026-09-19,wk inc covid hosp,0,2026-09-19,18,quantile,0.975,63.0
2026-09-19,wk inc covid hosp,0,2026-09-19,18,quantile,0.99,66.0
2026-09-19,wk inc covid hosp,0,2026-09-19,19,quantile,0.01,10.0
2026-09-19,wk inc covid hosp,0,2026-09-19,19,quantile,0.025,10.0
2026-09-19,wk inc covid hosp,0,2026-09-19,19,quantile,0.05,11.0
2026-09-19,wk inc covid hosp,0,2026-09-19,19,quantile,0.1,12.0
2026-09-19,wk inc covid hosp,0,2026-09-19,19,quantile,0.15,13.0
2026-09-19,wk inc covid hosp,0,2026-09-19,19,quantile,0.2,13.0
2026-09-19,wk inc covid hosp,0,2026-09-19,19,quantile,0.25,14.0
2026-09-19,wk inc covid hosp,0,2026-09-19,19,quantile,0.3,14.0
2026-09-19,wk inc covid hosp,0,2026-09-19,19,quantile,0.35,15.0
2026-09-19,wk inc covid hosp,0,2026-09-19,19,quantile,0.4,15.0
2026-09-19,wk inc covid hosp,0,2026-09-19,19,quantile,0.45,16.0
2026-09-19,wk inc covid hosp,0,2026-09-19,19,quantile,0.5,17.0
2026-09-19,wk inc covid hosp,0,2026-09-19,19,quantile,0.55,17.0
2026-09-19,wk inc covid hosp,0,2026-09-19,19,quantile,0.6,18.0
2026-09-19,wk inc covid hosp,0,2026-09-19,19,quantile,0.65,18.0
2026-09-19,wk inc covid hosp,0,2026-09-19,19,quantile,0.7,19.0
2026-09-19,wk inc covid hosp,0,2026-09-19,19,quantile,0.75,20.0
2026-09-19,wk inc covid hosp,0,2026-09-19,19,quantile,0.8,21.0
2026-09-19,wk inc covid hosp,0,2026-09-19,19,quantile,0.85,22.0
2026-09-19,wk inc covid hosp,0,2026-09-19,19,quantile,0.9,23.0
2026-09-19,wk inc covid hosp,0,2026-09-19,19,quantile,0.95,25.0
2026-09-19,wk inc covid hosp,0,2026-09-19,19,quantile,0.975,27.0
2026-09-19,wk inc covid hosp,0,2026-09-19,19,quantile,0.99,30.0
2026-09-19,wk inc covid hosp,0,2026-09-19,20,quantile,0.01,0.0
2026-09-19,wk inc covid hosp,0,2026-09-19,20,quantile,0.025,0.0
2026-09-19,wk inc covid hosp,0,2026-09-19,20,quantile,0.05,1.0
2026-09-19,wk inc covid hosp,0,2026-09-19,20,quantile,0.1,3.0
2026-09-19,wk inc covid hosp,0,2026-09-19,20,quantile,0.15,4.0
2026-09-19,wk inc covid hosp,0,2026-09-19,20,quantile,0.2,5.0
2026-09-19,wk inc covid hosp,0,2026-09-19,20,quantile,0.25,6.0
2026-09-19,wk inc covid hosp,0,2026-09-19,20,quantile,0.3,7.0
2026-09-19,wk inc covid hosp,0,2026-09-19,20,quantile,0.35,7.0
2026-09-19,wk inc covid hosp,0,2026-09-19,20,quantile,0.4,8.0
2026-09-19,wk inc covid hosp,0,2026-09-19,20,quantile,0.45,9.0
2026-09-19,wk inc covid hosp,0,2026-09-19,20,quantile,0.5,9.0
2026-09-19,wk inc covid hosp,0,2026-09-19,20,quantile,0.55,10.0
2026-09-19,wk inc covid hosp,0,2026-09-19,20,quantile,0.6,10.0
2026-09-19,wk inc covid hosp,0,2026-09-19,20,quantile,0.65,11.0
2026-09-19,wk inc covid hosp,0,2026-09-19,20,quantile,0.7,12.0
2026-09-19,wk inc covid hosp,0,2026-09-19,20,quantile,0.75,13.0
2026-09-19,wk inc covid hosp,0,2026-09-19,20,quantile,0.8,14.0
2026-09-19,wk inc covid hosp,0,2026-09-19,20,quantile,0.85,15.0
2026-09-19,wk inc covid hosp,0,2026-09-19,20,quantile,0.9,16.0
2026-09-19,wk inc covid hosp,0,2026-09-19,20,quantile,0.95,17.0
2026-09-19,wk inc covid hosp,0,2026-09-19,20,quantile,0.975,18.0
2026-09-19,wk inc covid hosp,0,2026-09-19,20,quantile,0.99,20.0
2026-09-19,wk inc covid hosp,0,2026-09-19,21,quantile,0.01,13.0
2026-09-19,wk inc covid hosp,0,2026-09-19,21,quantile,0.025,14.0
2026-09-19,wk inc covid hosp,0,2026-09-19,21,quantile,0.05,16.0
2026-09-19,wk inc covid hosp,0,2026-09-19,21,quantile,0.1,17.0
2026-09-19,wk inc covid hosp,0,2026-09-19,21,quantile,0.15,19.0
2026-09-19,wk inc covid hosp,0,2026-09-19,21,quantile,0.2,20.0
2026-09-19,wk inc covid hosp,0,2026-09-19,21,quantile,0.25,21.0
2026-09-19,wk inc covid hosp,0,2026-09-19,21,quantile,0.3,21.0
2026-09-19,wk inc covid hosp,0,2026-09-19,21,quantile,0.35,22.0
2026-09-19,wk inc covid hosp,0,2026-09-19,21,quantile,0.4,23.0
2026-09-19,wk inc covid hosp,0,2026-09-19,21,quantile,0.45,24.0
2026-09-19,wk inc covid hosp,0,2026-09-19,21,quantile,0.5,24.0
2026-09-19,wk inc covid hosp,0,2026-09-19,21,quantile,0.55,25.0
2026-09-19,wk inc covid hosp,0,2026-09-19,21,quantile,0.6,26.0
2026-09-19,wk inc covid hosp,0,2026-09-19,21,quantile,0.65,27.0
2026-09-19,wk inc covid hosp,0,2026-09-19,21,quantile,0.7,28.0
2026-09-19,wk inc covid hosp,0,2026-09-19,21,quantile,0.75,29.0
2026-09-19,wk inc covid hosp,0,2026-09-19,21,quantile,0.8,30.0
2026-09-19,wk inc covid hosp,0,2026-09-19,21,quantile,0.85,31.0
2026-09-19,wk inc covid hosp,0,2026-09-19,21,quantile,0.9,33.0
2026-09-19,wk inc covid hosp,0,2026-09-19,21,quantile,0.95,35.0
2026-09-19,wk inc covid hosp,0,2026-09-19,21,quantile,0.975,36.0
2026-09-19,wk inc covid hosp,0,2026-09-19,21,quantile,0.99,38.0
2026-09-19,wk inc covid hosp,0,2026-09-19,22,quantile,0.01,34.0
2026-09-19,wk inc covid hosp,0,2026-09-19,22,quantile,0.025,37.0
2026-09-19,wk inc covid hosp,0,2026-09-19,22,quantile,0.05,40.0
2026-09-19,wk inc covid hosp,0,2026-09-19,22,quantile,0.1,44.0
2026-09-19,wk inc covid hosp,0,2026-09-19,22,quantile,0.15,46.0
2026-09-19,wk inc covid hosp,0,2026-09-19,22,quantile,0.2,49.0
2026-09-19,wk inc covid hosp,0,2026-09-19,22,quantile,0.25,51.0
2026-09-19,wk inc covid hosp,0,2026-09-19,22,quantile,0.3,53.0
2026-09-19,wk inc covid hosp,0,2026-09-19,22,quantile,0.35,54.0
2026-09-19,wk inc covid hosp,0,2026-09-19,22,quantile,0.4,56.0
2026-09-19,wk inc covid hosp,0,2026-09-19,22,quantile,0.45,58.0
2026-09-19,wk inc covid hosp,0,2026-09-19,22,quantile,0.5,59.0
2026-09-19,wk inc covid hosp,0,2026-09-19,22,quantile,0.55,61.0
2026-09-19,wk inc covid hosp,0,2026-09-19,22,quantile,0.6,63.0
2026-09-19,wk inc covid hosp,0,2026-09-19,22,quantile,0.65,64.0
2026-09-19,wk inc covid hosp,0,2026-09-19,22,quantile,0.7,66.0
2026-09-19,wk inc covid hosp,0,2026-09-19,22,quantile,0.75,68.0
2026-09-19,wk inc covid hosp,0,2026-09-19,22,quantile,0.8,70.0
2026-09-19,wk inc covid hosp,0,2026-09-19,22,quantile,0.85,72.0
2026-09-19,wk inc covid hosp,0,2026-09-19,22,quantile,0.9,75.0
2026-09-19,wk inc covid hosp,0,2026-09-19,22,quantile,0.95,78.0
2026-09-19,wk inc covid hosp,0,2026-09-19,22,quantile,0.975,80.0
2026-09-19,wk inc covid hosp,0,2026-09-19,22,quantile,0.99,82.0
2026-09-19,wk inc covid hosp,0,2026-09-19,23,quantile,0.01,0.0
2026-09-19,wk inc covid hosp,0,2026-09-19,23,quantile,0.025,0.0
2026-09-19,wk inc covid hosp,0,2026-09-19,23,quantile,0.05,0.0
2026-09-19,wk inc covid hosp,0,2026-09-19,23,quantile,0.1,0.0
2026-09-19,wk inc covid hosp,0,2026-09-19,23,quantile,0.15,0.0
2026-09-19,wk inc covid hosp,0,2026-09-19,23,quantile,0.2,0.0
2026-09-19,wk inc covid hosp,0,2026-09-19,23,quantile,0.25,0.0
2026-09-19,wk inc covid hosp,0,2026-09-19,23,quantile,0.3,0.0
2026-09-19,wk inc covid hosp,0,2026-09-19,23,quantile,0.35,0.0
2026-09-19,wk inc covid hosp,0,2026-09-19,23,quantile,0.4,0.0
2026-09-19,wk inc covid hosp,0,2026-09-19,23,quantile,0.45,1.0
2026-09-19,wk inc covid hosp,0,2026-09-19,23,quantile,0.5,1.0
2026-09-19,wk inc covid hosp,0,2026-09-19,23,quantile,0.55,1.0
2026-09-19,wk inc covid hosp,0,2026-09-19,23,quantile,0.6,2.0
2026-09-19,wk inc covid hosp,0,2026-09-19,23,quantile,0.65,2.0
2026-09-19,wk inc covid hosp,0,2026-09-19,23,quantile,0.7,2.0
2026-09-19,wk inc covid hosp,0,2026-09-19,23,quantile,0.75,3.0
2026-09-19,wk inc covid hosp,0,2026-09-19,23,quantile,0.8,3.0
2026-09-19,wk inc covid hosp,0,2026-09-19,23,quantile,0.85,3.0
2026-09-19,wk inc covid hosp,0,2026-09-19,23,quantile,0.9,4.0
2026-09-19,wk inc covid hosp,0,2026-09-19,23,quantile,0.95,4.0
2026-09-19,wk inc covid hosp,0,2026-09-19,23,quantile,0.975,5.0
2026-09-19,wk inc covid hosp,0,2026-09-19,23,quantile,0.99,5.0
2026-09-19,wk inc covid hosp,0,2026-09-19,24,quantile,0.01,11.0
2026-09-19,wk inc covid hosp,0,2026-09-19,24,quantile,0.025,12.0
2026-09-19,wk inc covid hosp,0,2026-09-19,24,quantile,0.05,13.0
2026-09-19,wk inc covid hosp,0,2026-09-19,24,quantile,0.1,14.0
2026-09-19,wk inc covid hosp,0,2026-09-19,24,quantile,0.15,15.0
2026-09-19,wk inc covid hosp,0,2026-09-19,24,quantile,0.2,16.0
2026-09-19,wk inc covid hosp,0,2026-09-19,24,quantile,0.25,17.0
2026-09-19,wk inc covid hosp,0,2026-09-19,24,quantile,0.3,18.0
2026-09-19,wk inc covid hosp,0,2026-09-19,24,quantile,0.35,18.0
2026-09-19,wk inc covid hosp,0,2026-09-19,24,quantile,0.4,19.0
2026-09-19,wk inc covid hosp,0,2026-09-19,24,quantile,0.45,20.0
2026-09-19,wk inc covid hosp,0,2026-09-19,24,quantile,0.5,21.0
2026-09-19,wk inc covid hosp,0,2026-09-19,24,quantile,0.55,22.0
2026-09-19,wk inc covid hosp,0,2026-09-19,24,quantile,0.6,23.0
2026-09-19,wk inc covid hosp,0,2026-09-19,24,quantile,0.65,23.0
2026-09-19,wk inc covid hosp,0,2026-09-19,24,quantile,0.7,24.0
2026-09-19,wk inc covid hosp,0,2026-09-19,24,quantile,0.75,25.0
2026-09-19,wk inc covid hosp,0,2026-09-19,24,quantile,0.8,27.0
2026-09-19,wk inc covid hosp,0,2026-09-19,24,quantile,0.85,28.0
2026-09-19,wk inc covid hosp,0,2026-09-19,24,quantile,0.9,30.0
2026-09-19,wk inc covid hosp,0,2026-09-19,24,quantile,0.95,33.0
2026-09-19,wk inc covid hosp,0,2026-09-19,24,quantile,0.975,35.0
2026-09-19,wk inc covid hosp,0,2026-09-19,24,quantile,0.99,38.0
2026-09-19,wk inc covid hosp,0,2026-09-19,25,quantile,0.01,0.0
2026-09-19,wk inc covid hosp,0,2026-09-19,25,quantile,0.025,0.0
2026-09-19,wk inc covid hosp,0,2026-09-19,25,quantile,0.05,3.0
2026-09-19,wk inc covid hosp,0,2026-09-19,25,quantile,0.1,7.0
2026-09-19,wk inc covid hosp,0,2026-09-19,25,quantile,0.15,10.0
2026-09-19,wk inc covid hosp,0,2026-09-19,25,quantile,0.2,12.0
2026-09-19,wk inc covid hosp,0,2026-09-19,25,quantile,0.25,15.0
2026-09-19,wk inc covid hosp,0,2026-09-19,25,quantile,0.3,16.0
2026-09-19,wk inc covid hosp,0,2026-09-19,25,quantile,0.35,18.0
2026-09-19,wk inc covid hosp,0,2026-09-19,25,quantile,0.4,20.0
2026-09-19,wk inc covid hosp,0,2026-09-19,25,quantile,0.45,22.0
2026-09-19,wk inc covid hosp,0,2026-09-19,25,quantile,0.5,23.0
2026-09-19,wk inc covid hosp,0,2026-09-19,25,quantile,0.55,25.0
2026-09-19,wk inc covid hosp,0,2026-09-19,25,quantile,0.6,27.0
2026-09-19,wk inc covid hosp,0,2026-09-19,25,quantile,0.65,28.0
2026-09-19,wk inc covid hosp,0,2026-09-19,25,quantile,0.7,30.0
2026-09-19,wk inc covid hosp,0,2026-09-19,25,quantile,0.75,32.0
2026-09-19,wk inc covid hosp,0,2026-09-19,25,quantile,0.8,34.0
2026-09-19,wk inc covid hosp,0,2026-09-19,25,quantile,0.85,36.0
2026-09-19,wk inc covid hosp,0,2026-09-19,25,quantile,0.9,38.0
2026-09-19,wk inc covid hosp,0,2026-09-19,25,quantile,0.95,42.0
2026-09-19,wk inc covid hosp,0,2026-09-19,25,quantile,0.975,45.0
2026-09-19,wk inc covid hosp,0,2026-09-19,25,quantile,0.99,47.0
2026-09-19,wk inc covid hosp,0,2026-09-19,26,quantile,0.01,0.0
2026-09-19,wk inc covid hosp,0,2026-09-19,26,quantile,0.025,0.0
2026-09-19,wk inc covid hosp,0,2026-09-19,26,quantile,0.05,0.0
2026-09-19,wk inc covid hosp,0,2026-09-19,26,quantile,0.1,3.0
2026-09-19,wk inc covid hosp,0,2026-09-19,26,quantile,0.15,7.0
2026-09-19,wk inc covid hosp,0,2026-09-19,26,quantile,0.2,9.0
2026-09-19,wk inc covid hosp,0,2026-09-19,26,quantile,0.25,11.0
2026-09-19,wk inc covid hosp,0,2026-09-19,26,quantile,0.3,13.0
2026-09-19,wk inc covid hosp,0,2026-09-19,26,quantile,0.35,15.0
2026-09-19,wk inc covid hosp,0,2026-09-19,26,quantile,0.4,17.0
2026-09-19,wk inc covid hosp,0,2026-09-19,26,quantile,0.45,18.0
2026-09-19,wk inc covid hosp,0,2026-09-19,26,quantile,0.5,20.0
2026-09-19,wk inc covid hosp,0,2026-09-19,26,quantile,0.55,22.0
2026-09-19,wk inc covid hosp,0,2026-09-19,26,quantile,0.6,23.0
2026-09-19,wk inc covid hosp,0,2026-09-19,26,quantile,0.65,25.0
2026-09-19,wk inc covid hosp,0,2026-09-19,26,quantile,0.7,27.0
2026-09-19,wk inc covid hosp,0,2026-09-19,26,quantile,0.75,29.0
2026-09-19,wk inc covid hosp,0,2026-09-19,26,quantile,0.8,31.0
2026-09-19,wk inc covid hosp,0,2026-09-19,26,quantile,0.85,33.0
2026-09-19,wk inc covid hosp,0,2026-09-19,26,quantile,0.9,36.0
2026-09-19,wk inc covid hosp,0,2026-09-19,26,quantile,0.95,40.0
2026-09-19,wk inc covid hosp,0,2026-09-19,26,quantile,0.975,44.0
2026-09-19,wk inc covid hosp,0,2026-09-19,26,quantile,0.99,46.0
2026-09-19,wk inc covid hosp,0,2026-09-19,27,quantile,0.01,8.0
2026-09-19,wk inc covid hosp,0,2026-09-19,27,quantile,0.025,10.0
2026-09-19,wk inc covid hosp,0,2026-09-19,27,quantile,0.05,12.0
2026-09-19,wk inc covid hosp,0,2026-09-19,27,quantile,0.1,13.0
2026-09-19,wk inc covid hosp,0,2026-09-19,27,quantile,0.15,15.0
2026-09-19,wk inc covid hosp,0,2026-09-19,27,quantile,0.2,16.0
2026-09-19,wk inc covid hosp,0,2026-09-19,27,quantile,0.25,17.0
2026-09-19,wk inc covid hosp,0,2026-09-19,27,quantile,0.3,18.0
2026-09-19,wk inc covid hosp,0,2026-09-19,27,quantile,0.35,19.0
2026-09-19,wk inc covid hosp,0,2026-09-19,27,quantile,0.4,20.0
2026-09-19,wk inc covid hosp,0,2026-09-19,27,quantile,0.45,20.0
2026-09-19,wk inc covid hosp,0,2026-09-19,27,quantile,0.5,21.0
2026-09-19,wk inc covid hosp,0,2026-09-19,27,quantile,0.55,22.0
2026-09-19,wk inc covid hosp,0,2026-09-19,27,quantile,0.6,23.0
2026-09-19,wk inc covid hosp,0,2026-09-19,27,quantile,0.65,24.0
2026-09-19,wk inc covid hosp,0,2026-09-19,27,quantile,0.7,25.0
2026-09-19,wk inc covid hosp,0,2026-09-19,27,quantile,0.75,26.0
2026-09-19,wk inc covid hosp,0,2026-09-19,27,quantile,0.8,27.0
2026-09-19,wk inc covid hosp,0,2026-09-19,27,quantile,0.85,28.0
2026-09-19,wk inc covid hosp,0,2026-09-19,27,quantile,0.9,30.0
2026-09-19,wk inc covid hosp,0,2026-09-19,27,quantile,0.95,32.0
2026-09-19,wk inc covid hosp,0,2026-09-19,27,quantile,0.975,34.0
2026-09-19,wk inc covid hosp,0,2026-09-19,27,quantile,0.99,35.0
2026-09-19,wk inc covid hosp,0,2026-09-19,28,quantile,0.01,23.0
2026-09-19,wk inc covid hosp,0,2026-09-19,28,quantile,0.025,24.0
2026-09-19,wk inc covid hosp,0,2026-09-19,28,quantile,0.05,25.0
2026-09-19,wk inc covid hosp,0,2026-09-19,28,quantile,0.1,27.0
2026-09-19,wk inc covid hosp,0,2026-09-19,28,quantile,0.15,28.0
2026-09-19,wk inc covid hosp,0,2026-09-19,28,quantile,0.2,29.0
2026-09-19,wk inc covid hosp,0,2026-09-19,28,quantile,0.25,30.0
2026-09-19,wk inc covid hosp,0,2026-09-19,28,quantile,0.3,31.0
2026-09-19,wk inc covid hosp,0,2026-09-19,28,quantile,0.35,32.0
2026-09-19,wk inc covid hosp,0,2026-09-19,28,quantile,0.4,32.0
2026-09-19,wk inc covid hosp,0,2026-09-19,28,quantile,0.45,33.0
2026-09-19,wk inc covid hosp,0,2026-09-19,28,quantile,0.5,34.0
2026-09-19,wk inc covid hosp,0,2026-09-19,28,quantile,0.55,35.0
2026-09-19,wk inc covid hosp,0,2026-09-19,28,quantile,0.6,36.0
2026-09-19,wk inc covid hosp,0,2026-09-19,28,quantile,0.65,37.0
2026-09-19,wk inc covid hosp,0,2026-09-19,28,quantile,0.7,38.0
2026-09-19,wk inc covid hosp,0,2026-09-19,28,quantile,0.75,39.0
2026-09-19,wk inc covid hosp,0,2026-09-19,28,quantile,0.8,40.0
2026-09-19,wk inc covid hosp,0,2026-09-19,28,quantile,0.85,42.0
2026-09-19,wk inc covid hosp,0,2026-09-19,28,quantile,0.9,44.0
2026-09-19,wk inc covid hosp,0,2026-09-19,28,quantile,0.95,47.0
2026-09-19,wk inc covid hosp,0,2026-09-19,28,quantile,0.975,48.0
2026-09-19,wk inc covid hosp,0,2026-09-19,28,quantile,0.99,51.0
2026-09-19,wk inc covid hosp,0,2026-09-19,29,quantile,0.01,35.0
2026-09-19,wk inc covid hosp,0,2026-09-19,29,quantile,0.025,37.0
2026-09-19,wk inc covid hosp,0,2026-09-19,29,quantile,0.05,38.0
2026-09-19,wk inc covid hosp,0,2026-09-19,29,quantile,0.1,40.0
2026-09-19,wk inc covid hosp,0,2026-09-19,29,quantile,0.15,42.0
2026-09-19,wk inc covid hosp,0,2026-09-19,29,quantile,0.2,43.0
2026-09-19,wk inc covid hosp,0,2026-09-19,29,quantile,0.25,44.0
2026-09-19,wk inc covid hosp,0,2026-09-19,29,quantile,0.3,45.0
2026-09-19,wk inc covid hosp,0,2026-09-19,29,quantile,0.35,46.0
2026-09-19,wk inc covid hosp,0,2026-09-19,29,quantile,0.4,47.0
2026-09-19,wk inc covid hosp,0,2026-09-19,29,quantile,0.45,48.0
2026-09-19,wk inc covid hosp,0,2026-09-19,29,quantile,0.5,50.0
2026-09-19,wk inc covid hosp,0,2026-09-19,29,quantile,0.55,51.0
2026-09-19,wk inc covid hosp,0,2026-09-19,29,quantile,0.6,52.0
2026-09-19,wk inc covid hosp,0,2026-09-19,29,quantile,0.65,54.0
2026-09-19,wk inc covid hosp,0,2026-09-19,29,quantile,0.7,55.0
2026-09-19,wk inc covid hosp,0,2026-09-19,29,quantile,0.75,57.0
2026-09-19,wk inc covid hosp,0,2026-09-19,29,quantile,0.8,59.0
2026-09-19,wk inc covid hosp,0,2026-09-19,29,quantile,0.85,62.0
2026-09-19,wk inc covid hosp,0,2026-09-19,29,quantile,0.9,65.0
2026-09-19,wk inc covid hosp,0,2026-09-19,29,quantile,0.95,70.0
2026-09-19,wk inc covid hosp,0,2026-09-19,29,quantile,0.975,76.0
2026-09-19,wk inc covid hosp,0,2026-09-19,29,quantile,0.99,82.0
2026-09-19,wk inc covid hosp,0,2026-09-19,30,quantile,0.01,4.0
2026-09-19,wk inc covid hosp,0,2026-09-19,30,quantile,0.025,5.0
2026-09-19,wk inc covid hosp,0,2026-09-19,30,quantile,0.05,6.0
2026-09-19,wk inc covid hosp,0,2026-09-19,30,quantile,0.1,6.0
2026-09-19,wk inc covid hosp,0,2026-09-19,30,quantile,0.15,7.0
2026-09-19,wk inc covid hosp,0,2026-09-19,30,quantile,0.2,7.0
2026-09-19,wk inc covid hosp,0,2026-09-19,30,quantile,0.25,8.0
2026-09-19,wk inc covid hosp,0,2026-09-19,30,quantile,0.3,8.0
2026-09-19,wk inc covid hosp,0,2026-09-19,30,quantile,0.35,9.0
2026-09-19,wk inc covid hosp,0,2026-09-19,30,quantile,0.4,9.0
2026-09-19,wk inc covid hosp,0,2026-09-19,30,quantile,0.45,10.0
2026-09-19,wk inc covid hosp,0,2026-09-19,30,quantile,0.5,10.0
2026-09-19,wk inc covid hosp,0,2026-09-19,30,quantile,0.55,11.0
2026-09-19,wk inc covid hosp,0,2026-09-19,30,quantile,0.6,11.0
2026-09-19,wk inc covid hosp,0,2026-09-19,30,quantile,0.65,12.0
2026-09-19,wk inc covid hosp,0,2026-09-19,30,quantile,0.7,13.0
2026-09-19,wk inc covid hosp,0,2026-09-19,30,quantile,0.75,13.0
2026-09-19,wk inc covid hosp,0,2026-09-19,30,quantile,0.8,14.0
2026-09-19,wk inc covid hosp,0,2026-09-19,30,quantile,0.85,15.0
2026-09-19,wk inc covid hosp,0,2026-09-19,30,quantile,0.9,16.0
2026-09-19,wk inc covid hosp,0,2026-09-19,30,quantile,0.95,18.0
2026-09-19,wk inc covid hosp,0,2026-09-19,30,quantile,0.975,19.0
2026-09-19,wk inc covid hosp,0,2026-09-19,30,quantile,0.99,21.0
2026-09-19,wk inc covid hosp,0,2026-09-19,31,quantile,0.01,0.0
2026-09-19,wk inc covid hosp,0,2026-09-19,31,quantile,0.025,0.0
2026-09-19,wk inc covid hosp,0,2026-09-19,31,quantile,0.05,0.0
2026-09-19,wk inc covid hosp,0,2026-09-19,31,quantile,0.1,0.0
2026-09-19,wk inc covid hosp,0,2026-09-19,31,quantile,0.15,0.0
2026-09-19,wk inc covid hosp,0,2026-09-19,31,quantile,0.2,1.0
2026-09-19,wk inc covid hosp,0,2026-09-19,31,quantile,0.25,1.0
2026-09-19,wk inc covid hosp,0,2026-09-19,31,quantile,0.3,2.0
2026-09-19,wk inc covid hosp,0,2026-09-19,31,quantile,0.35,2.0
2026-09-19,wk inc covid hosp,0,2026-09-19,31,quantile,0.4,3.0
2026-09-19,wk inc covid hosp,0,2026-09-19,31,quantile,0.45,3.0
2026-09-19,wk inc covid hosp,0,2026-09-19,31,quantile,0.5,4.0
2026-09-19,wk inc covid hosp,0,2026-09-19,31,quantile,0.55,4.0
2026-09-19,wk inc covid hosp,0,2026-09-19,31,quantile,0.6,4.0
2026-09-19,wk inc covid hosp,0,2026-09-19,31,quantile,0.65,5.0
2026-09-19,wk inc covid hosp,0,2026-09-19,31,quantile,0.7,5.0
2026-09-19,wk inc covid hosp,0,2026-09-19,31,quantile,0.75,6.0
2026-09-19,wk inc covid hosp,0,2026-09-19,31,quantile,0.8,6.0
2026-09-19,wk inc covid hosp,0,2026-09-19,31,quantile,0.85,7.0
2026-09-19,wk inc covid hosp,0,2026-09-19,31,quantile,0.9,7.0
2026-09-19,wk inc covid hosp,0,2026-09-19,31,quantile,0.95,8.0
2026-09-19,wk inc covid hosp,0,2026-09-19,31,quantile,0.975,8.0
2026-09-19,wk inc covid hosp,0,2026-09-19,31,quantile,0.99,9.0
2026-09-19,wk inc covid hosp,0,2026-09-19,32,quantile,0.01,19.0
2026-09-19,wk inc covid hosp,0,2026-09-19,32,quantile,0.025,21.0
2026-09-19,wk inc covid hosp,0,2026-09-19,32,quantile,0.05,22.0
2026-09-19,wk inc covid hosp,0,2026-09-19,32,quantile,0.1,23.0
2026-09-19,wk inc covid hosp,0,2026-09-19,32,quantile,0.15,24.0
2026-09-19,wk inc covid hosp,0,2026-09-19,32,quantile,0.2,26.0
2026-09-19,wk inc covid hosp,0,2026-09-19,32,quantile,0.25,27.0
2026-09-19,wk inc covid hosp,0,2026-09-19,32,quantile,0.3,28.0
2026-09-19,wk inc covid hosp,0,2026-09-19,32,quantile,0.35,29.0
2026-09-19,wk inc covid hosp,0,2026-09-19,32,quantile,0.4,30.0
2026-09-19,wk inc covid hosp,0,2026-09-19,32,quantile,0.45,32.0
2026-09-19,wk inc covid hosp,0,2026-09-19,32,quantile,0.5,33.0
2026-09-19,wk inc covid hosp,0,2026-09-19,32,quantile,0.55,34.0
2026-09-19,wk inc covid hosp,0,2026-09-19,32,quantile,0.6,35.0
2026-09-19,wk inc covid hosp,0,2026-09-19,32,quantile,0.65,36.0
2026-09-19,wk inc covid hosp,0,2026-09-19,32,quantile,0.7,38.0
2026-09-19,wk inc covid hosp,0,2026-09-19,32,quantile,0.75,40.0
2026-09-19,wk inc covid hosp,0,2026-09-19,32,quantile,0.8,42.0
2026-09-19,wk inc covid hosp,0,2026-09-19,32,quantile,0.85,45.0
2026-09-19,wk inc covid hosp,0,2026-09-19,32,quantile,0.9,49.0
2026-09-19,wk inc covid hosp,0,2026-09-19,32,quantile,0.95,56.0
2026-09-19,wk inc covid hosp,0,2026-09-19,32,quantile,0.975,62.0
2026-09-19,wk inc covid hosp,0,2026-09-19,32,quantile,0.99,69.0
2026-09-19,wk inc covid hosp,0,2026-09-19,33,quantile,0.01,0.0
2026-09-19,wk inc covid hosp,0,2026-09-19,33,quantile,0.025,0.0
2026-09-19,wk inc covid hosp,0,2026-09-19,33,quantile,0.05,0.0
2026-09-19,wk inc covid hosp,0,2026-09-19,33,quantile,0.1,0.0
2026-09-19,wk inc covid hosp,0,2026-09-19,33,quantile,0.15,0.0
2026-09-19,wk inc covid hosp,0,2026-09-19,33,quantile,0.2,0.0
2026-09-19,wk inc covid hosp,0,2026-09-19,33,quantile,0.25,0.0
2026-09-19,wk inc covid hosp,0,2026-09-19,33,quantile,0.3,1.0
2026-09-19,wk inc covid hosp,0,2026-09-19,33,quantile,0.35,2.0
2026-09-19,wk inc covid hosp,0,2026-09-19,33,quantile,0.4,2.0
2026-09-19,wk inc covid hosp,0,2026-09-19,33,quantile,0.45,3.0
2026-09-19,wk inc covid hosp,0,2026-09-19,33,quantile,0.5,4.0
2026-09-19,wk inc covid hosp,0,2026-09-19,33,quantile,0.55,4.0
2026-09-19,wk inc covid hosp,0,2026-09-19,33,quantile,0.6,5.0
2026-09-19,wk inc covid hosp,0,2026-09-19,33,quantile,0.65,5.0
2026-09-19,wk inc covid hosp,0,2026-09-19,33,quantile,0.7,6.0
2026-09-19,wk inc covid hosp,0,2026-09-19,33,quantile,0.75,7.0
2026-09-19,wk inc covid hosp,0,2026-09-19,33,quantile,0.8,7.0
2026-09-19,wk inc covid hosp,0,2026-09-19,33,quantile,0.85,8.0
2026-09-19,wk inc covid hosp,0,2026-09-19,33,quantile,0.9,9.0
2026-09-19,wk inc covid hosp,0,2026-09-19,33,quantile,0.95,11.0
2026-09-19,wk inc covid hosp,0,2026-09-19,33,quantile,0.975,12.0
2026-09-19,wk inc covid hosp,0,2026-09-19,33,quantile,0.99,13.0
2026-09-19,wk inc covid hosp,0,2026-09-19,34,quantile,0.01,82.0
2026-09-19,wk inc covid hosp,0,2026-09-19,34,quantile,0.025,86.0
2026-09-19,wk inc covid hosp,0,2026-09-19,34,quantile,0.05,89.0
2026-09-19,wk inc covid hosp,0,2026-09-19,34,quantile,0.1,94.0
2026-09-19,wk inc covid hosp,0,2026-09-19,34,quantile,0.15,98.0
2026-09-19,wk inc covid hosp,0,2026-09-19,34,quantile,0.2,100.0
2026-09-19,wk inc covid hosp,0,2026-09-19,34,quantile,0.25,103.0
2026-09-19,wk inc covid hosp,0,2026-09-19,34,quantile,0.3,105.0
2026-09-19,wk inc covid hosp,0,2026-09-19,34,quantile,0.35,107.0
2026-09-19,wk inc covid hosp,0,2026-09-19,34,quantile,0.4,109.0
2026-09-19,wk inc covid hosp,0,2026-09-19,34,quantile,0.45,112.0
2026-09-19,wk inc covid hosp,0,2026-09-19,34,quantile,0.5,114.0
2026-09-19,wk inc covid hosp,0,2026-09-19,34,quantile,0.55,116.0
2026-09-19,wk inc covid hosp,0,2026-09-19,34,quantile,0.6,118.0
2026-09-19,wk inc covid hosp,0,2026-09-19,34,quantile,0.65,120.0
2026-09-19,wk inc covid hosp,0,2026-09-19,34,quantile,0.7,123.0
2026-09-19,wk inc covid hosp,0,2026-09-19,34,quantile,0.75,125.0
2026-09-19,wk inc covid hosp,0,2026-09-19,34,quantile,0.8,128.0
2026-09-19,wk inc covid hosp,0,2026-09-19,34,quantile,0.85,131.0
2026-09-19,wk inc covid hosp,0,2026-09-19,34,quantile,0.9,135.0
2026-09-19,wk inc covid hosp,0,2026-09-19,34,quantile,0.95,140.0
2026-09-19,wk inc covid hosp,0,2026-09-19,34,quantile,0.975,146.0
2026-09-19,wk inc covid hosp,0,2026-09-19,34,quantile,0.99,150.0
2026-09-19,wk inc covid hosp,0,2026-09-19,35,quantile,0.01,10.0
2026-09-19,wk inc covid hosp,0,2026-09-19,35,quantile,0.025,11.0
2026-09-19,wk inc covid hosp,0,2026-09-19,35,quantile,0.05,12.0
2026-09-19,wk inc covid hosp,0,2026-09-19,35,quantile,0.1,13.0
2026-09-19,wk inc covid hosp,0,2026-09-19,35,quantile,0.15,14.0
2026-09-19,wk inc covid hosp,0,2026-09-19,35,quantile,0.2,15.0
2026-09-19,wk inc covid hosp,0,2026-09-19,35,quantile,0.25,16.0
2026-09-19,wk inc covid hosp,0,2026-09-19,35,quantile,0.3,16.0
2026-09-19,wk inc covid hosp,0,2026-09-19,35,quantile,0.35,17.0
2026-09-19,wk inc covid hosp,0,2026-09-19,35,quantile,0.4,18.0
2026-09-19,wk inc covid hosp,0,2026-09-19,35,quantile,0.45,18.0
2026-09-19,wk inc covid hosp,0,2026-09-19,35,quantile,0.5,19.0
2026-09-19,wk inc covid hosp,0,2026-09-19,35,quantile,0.55,19.0
2026-09-19,wk inc covid hosp,0,2026-09-19,35,quantile,0.6,20.0
2026-09-19,wk inc covid hosp,0,2026-09-19,35,quantile,0.65,21.0
2026-09-19,wk inc covid hosp,0,2026-09-19,35,quantile,0.7,21.0
2026-09-19,wk inc covid hosp,0,2026-09-19,35,quantile,0.75,22.0
2026-09-19,wk inc covid hosp,0,2026-09-19,35,quantile,0.8,23.0
2026-09-19,wk inc covid hosp,0,2026-09-19,35,quantile,0.85,24.0
2026-09-19,wk inc covid hosp,0,2026-09-19,35,quantile,0.9,25.0
2026-09-19,wk inc covid hosp,0,2026-09-19,35,quantile,0.95,27.0
2026-09-19,wk inc covid hosp,0,2026-09-19,35,quantile,0.975,29.0
2026-09-19,wk inc covid hosp,0,2026-09-19,35,quantile,0.99,30.0
2026-09-19,wk inc covid hosp,0,2026-09-19,36,quantile,0.01,188.0
2026-09-19,wk inc covid hosp,0,2026-09-19,36,quantile,0.025,193.0
2026-09-19,wk inc covid hosp,0,2026-09-19,36,quantile,0.05,198.0
2026-09-19,wk inc covid hosp,0,2026-09-19,36,quantile,0.1,203.0
2026-09-19,wk inc covid hosp,0,2026-09-19,36,quantile,0.15,208.0
2026-09-19,wk inc covid hosp,0,2026-09-19,36,quantile,0.2,212.0
2026-09-19,wk inc covid hosp,0,2026-09-19,36,quantile,0.25,215.0
2026-09-19,wk inc covid hosp,0,2026-09-19,36,quantile,0.3,218.0
2026-09-19,wk inc covid hosp,0,2026-09-19,36,quantile,0.35,221.0
2026-09-19,wk inc covid hosp,0,2026-09-19,36,quantile,0.4,223.0
2026-09-19,wk inc covid hosp,0,2026-09-19,36,quantile,0.45,226.0
2026-09-19,wk inc covid hosp,0,2026-09-19,36,quantile,0.5,229.0
2026-09-19,wk inc covid hosp,0,2026-09-19,36,quantile,0.55,231.0
2026-09-19,wk inc covid hosp,0,2026-09-19,36,quantile,0.6,234.0
2026-09-19,wk inc covid hosp,0,2026-09-19,36,quantile,0.65,237.0
2026-09-19,wk inc covid hosp,0,2026-09-19,36,quantile,0.7,241.0
2026-09-19,wk inc covid hosp,0,2026-09-19,36,quantile,0.75,244.0
2026-09-19,wk inc covid hosp,0,2026-09-19,36,quantile,0.8,247.0
2026-09-19,wk inc covid hosp,0,2026-09-19,36,quantile,0.85,250.0
2026-09-19,wk inc covid hosp,0,2026-09-19,36,quantile,0.9,256.0
2026-09-19,wk inc covid hosp,0,2026-09-19,36,quantile,0.95,261.0
2026-09-19,wk inc covid hosp,0,2026-09-19,36,quantile,0.975,268.0
2026-09-19,wk inc covid hosp,0,2026-09-19,36,quantile,0.99,274.0
2026-09-19,wk inc covid hosp,0,2026-09-19,37,quantile,0.01,119.0
2026-09-19,wk inc covid hosp,0,2026-09-19,37,quantile,0.025,124.0
2026-09-19,wk inc covid hosp,0,2026-09-19,37,quantile,0.05,129.0
2026-09-19,wk inc covid hosp,0,2026-09-19,37,quantile,0.1,136.0
2026-09-19,wk inc covid hosp,0,2026-09-19,37,quantile,0.15,141.0
2026-09-19,wk inc covid hosp,0,2026-09-19,37,quantile,0.2,146.0
2026-09-19,wk inc covid hosp,0,2026-09-19,37,quantile,0.25,151.0
2026-09-19,wk inc covid hosp,0,2026-09-19,37,quantile,0.3,155.0
2026-09-19,wk inc covid hosp,0,2026-09-19,37,quantile,0.35,158.0
2026-09-19,wk inc covid hosp,0,2026-09-19,37,quantile,0.4,162.0
2026-09-19,wk inc covid hosp,0,2026-09-19,37,quantile,0.45,165.0
2026-09-19,wk inc covid hosp,0,2026-09-19,37,quantile,0.5,169.0
2026-09-19,wk inc covid hosp,0,2026-09-19,37,quantile,0.55,173.0
2026-09-19,wk inc covid hosp,0,2026-09-19,37,quantile,0.6,178.0
2026-09-19,wk inc covid hosp,0,2026-09-19,37,quantile,0.65,184.0
2026-09-19,wk inc covid hosp,0,2026-09-19,37,quantile,0.7,189.0
2026-09-19,wk inc covid hosp,0,2026-09-19,37,quantile,0.75,193.0
2026-09-19,wk inc covid hosp,0,2026-09-19,37,quantile,0.8,200.0
2026-09-19,wk inc covid hosp,0,2026-09-19,37,quantile,0.85,208.0
2026-09-19,wk inc covid hosp,0,2026-09-19,37,quantile,0.9,217.0
2026-09-19,wk inc covid hosp,0,2026-09-19,37,quantile,0.95,232.0
2026-09-19,wk inc covid hosp,0,2026-09-19,37,quantile,0.975,246.0
2026-09-19,wk inc covid hosp,0,2026-09-19,37,quantile,0.99,257.0
2026-09-19,wk inc covid hosp,0,2026-09-19,38,quantile,0.01,0.0
2026-09-19,wk inc covid hosp,0,2026-09-19,38,quantile,0.025,0.0
2026-09-19,wk inc covid hosp,0,2026-09-19,38,quantile,0.05,0.0
2026-09-19,wk inc covid hosp,0,2026-09-19,38,quantile,0.1,0.0
2026-09-19,wk inc covid hosp,0,2026-09-19,38,quantile,0.15,0.0
2026-09-19,wk inc covid hosp,0,2026-09-19,38,quantile,0.2,0.0
2026-09-19,wk inc covid hosp,0,2026-09-19,38,quantile,0.25,0.0
2026-09-19,wk inc covid hosp,0,2026-09-19,38,quantile,0.3,0.0
2026-09-19,wk inc covid hosp,0,2026-09-19,38,quantile,0.35,0.0
2026-09-19,wk inc covid hosp,0,2026-09-19,38,quantile,0.4,1.0
2026-09-19,wk inc covid hosp,0,2026-09-19,38,quantile,0.45,1.0
2026-09-19,wk inc covid hosp,0,2026-09-19,38,quantile,0.5,1.0
2026-09-19,wk inc covid hosp,0,2026-09-19,38,quantile,0.55,2.0
2026-09-19,wk inc covid hosp,0,2026-09-19,38,quantile,0.6,3.0
2026-09-19,wk inc covid hosp,0,2026-09-19,38,quantile,0.65,3.0
2026-09-19,wk inc covid hosp,0,2026-09-19,38,quantile,0.7,4.0
2026-09-19,wk inc covid hosp,0,2026-09-19,38,quantile,0.75,4.0
2026-09-19,wk inc covid hosp,0,2026-09-19,38,quantile,0.8,5.0
2026-09-19,wk inc covid hosp,0,2026-09-19,38,quantile,0.85,5.0
2026-09-19,wk inc covid hosp,0,2026-09-19,38,quantile,0.9,6.0
2026-09-19,wk inc covid hosp,0,2026-09-19,38,quantile,0.95,7.0
2026-09-19,wk inc covid hosp,0,2026-09-19,38,quantile,0.975,8.0
2026-09-19,wk inc covid hosp,0,2026-09-19,38,quantile,0.99,9.0
2026-09-19,wk inc covid hosp,0,2026-09-19,39,quantile,0.01,48.0
2026-09-19,wk inc covid hosp,0,2026-09-19,39,quantile,0.025,51.0
2026-09-19,wk inc covid hosp,0,2026-09-19,39,quantile,0.05,55.0
2026-09-19,wk inc covid hosp,0,2026-09-19,39,quantile,0.1,59.0
2026-09-19,wk inc covid hosp,0,2026-09-19,39,quantile,0.15,62.0
2026-09-19,wk inc covid hosp,0,2026-09-19,39,quantile,0.2,65.0
2026-09-19,wk inc covid hosp,0,2026-09-19,39,quantile,0.25,67.0
2026-09-19,wk inc covid hosp,0,2026-09-19,39,quantile,0.3,70.0
2026-09-19,wk inc covid hosp,0,2026-09-19,39,quantile,0.35,73.0
2026-09-19,wk inc covid hosp,0,2026-09-19,39,quantile,0.4,75.0
2026-09-19,wk inc covid hosp,0,2026-09-19,39,quantile,0.45,78.0
2026-09-19,wk inc covid hosp,0,2026-09-19,39,quantile,0.5,80.0
2026-09-19,wk inc covid hosp,0,2026-09-19,39,quantile,0.55,83.0
2026-09-19,wk inc covid hosp,0,2026-09-19,39,quantile,0.6,86.0
2026-09-19,wk inc covid hosp,0,2026-09-19,39,quantile,0.65,89.0
2026-09-19,wk inc covid hosp,0,2026-09-19,39,quantile,0.7,92.0
2026-09-19,wk inc covid hosp,0,2026-09-19,39,quantile,0.75,95.0
2026-09-19,wk inc covid hosp,0,2026-09-19,39,quantile,0.8,99.0
2026-09-19,wk inc covid hosp,0,2026-09-19,39,quantile,0.85,104.0
2026-09-19,wk inc covid hosp,0,2026-09-19,39,quantile,0.9,110.0
2026-09-19,wk inc covid hosp,0,2026-09-19,39,quantile,0.95,119.0
2026-09-19,wk inc covid hosp,0,2026-09-19,39,quantile,0.975,126.0
2026-09-19,wk inc covid hosp,0,2026-09-19,39,quantile,0.99,135.0
2026-09-19,wk inc covid hosp,0,2026-09-19,40,quantile,0.01,14.0
2026-09-19,wk inc covid hosp,0,2026-09-19,40,quantile,0.025,15.0
2026-09-19,wk inc covid hosp,0,2026-09-19,40,quantile,0.05,17.0
2026-09-19,wk inc covid hosp,0,2026-09-19,40,quantile,0.1,19.0
2026-09-19,wk inc covid hosp,0,2026-09-19,40,quantile,0.15,20.0
2026-09-19,wk inc covid hosp,0,2026-09-19,40,quantile,0.2,22.0
2026-09-19,wk inc covid hosp,0,2026-09-19,40,quantile,0.25,23.0
2026-09-19,wk inc covid hosp,0,2026-09-19,40,quantile,0.3,24.0
2026-09-19,wk inc covid hosp,0,2026-09-19,40,quantile,0.35,25.0
2026-09-19,wk inc covid hosp,0,2026-09-19,40,quantile,0.4,26.0
2026-09-19,wk inc covid hosp,0,2026-09-19,40,quantile,0.45,27.0
2026-09-19,wk inc covid hosp,0,2026-09-19,40,quantile,0.5,28.0
2026-09-19,wk inc covid hosp,0,2026-09-19,40,quantile,0.55,29.0
2026-09-19,wk inc covid hosp,0,2026-09-19,40,quantile,0.6,30.0
2026-09-19,wk inc covid hosp,0,2026-09-19,40,quantile,0.65,32.0
2026-09-19,wk inc covid hosp,0,2026-09-19,40,quantile,0.7,33.0
2026-09-19,wk inc covid hosp,0,2026-09-19,40,quantile,0.75,34.0
2026-09-19,wk inc covid hosp,0,2026-09-19,40,quantile,0.8,36.0
2026-09-19,wk inc covid hosp,0,2026-09-19,40,quantile,0.85,37.0
2026-09-19,wk inc covid hosp,0,2026-09-19,40,quantile,0.9,40.0
2026-09-19,wk inc covid hosp,0,2026-09-19,40,quantile,0.95,43.0
2026-09-19,wk inc covid hosp,0,2026-09-19,40,quantile,0.975,46.0
2026-09-19,wk inc covid hosp,0,2026-09-19,40,quantile,0.99,48.0
2026-09-19,wk inc covid hosp,0,2026-09-19,41,quantile,0.01,13.0
2026-09-19,wk inc covid hosp,0,2026-09-19,41,quantile,0.025,14.0
2026-09-19,wk inc covid hosp,0,2026-09-19,41,quantile,0.05,15.0
2026-09-19,wk inc covid hosp,0,2026-09-19,41,quantile,0.1,16.0
2026-09-19,wk inc covid hosp,0,2026-09-19,41,quantile,0.15,17.0
2026-09-19,wk inc covid hosp,0,2026-09-19,41,quantile,0.2,18.0
2026-09-19,wk inc covid hosp,0,2026-09-19,41,quantile,0.25,19.0
2026-09-19,wk inc covid hosp,0,2026-09-19,41,quantile,0.3,19.0
2026-09-19,wk inc covid hosp,0,2026-09-19,41,quantile,0.35,20.0
2026-09-19,wk inc covid hosp,0,2026-09-19,41,quantile,0.4,20.0
2026-09-19,wk inc covid hosp,0,2026-09-19,41,quantile,0.45,21.0
2026-09-19,wk inc covid hosp,0,2026-09-19,41,quantile,0.5,21.0
2026-09-19,wk inc covid hosp,0,2026-09-19,41,quantile,0.55,22.0
2026-09-19,wk inc covid hosp,0,2026-09-19,41,quantile,0.6,23.0
2026-09-19,wk inc covid hosp,0,2026-09-19,41,quantile,0.65,23.0
2026-09-19,wk inc covid hosp,0,2026-09-19,41,quantile,0.7,24.0
2026-09-19,wk inc covid hosp,0,2026-09-19,41,quantile,0.75,25.0
2026-09-19,wk inc covid hosp,0,2026-09-19,41,quantile,0.8,25.0
2026-09-19,wk inc covid hosp,0,2026-09-19,41,quantile,0.85,26.0
2026-09-19,wk inc covid hosp,0,2026-09-19,41,quantile,0.9,27.0
2026-09-19,wk inc covid hosp,0,2026-09-19,41,quantile,0.95,29.0
2026-09-19,wk inc covid hosp,0,2026-09-19,41,quantile,0.975,30.0
2026-09-19,wk inc covid hosp,0,2026-09-19,41,quantile,0.99,31.0
2026-09-19,wk inc covid hosp,0,2026-09-19,42,quantile,0.01,90.0
2026-09-19,wk inc covid hosp,0,2026-09-19,42,quantile,0.025,96.0
2026-09-19,wk inc covid hosp,0,2026-09-19,42,quantile,0.05,102.0
2026-09-19,wk inc covid hosp,0,2026-09-19,42,quantile,0.1,109.0
2026-09-19,wk inc covid hosp,0,2026-09-19,42,quantile,0.15,113.0
2026-09-19,wk inc covid hosp,0,2026-09-19,42,quantile,0.2,117.0
2026-09-19,wk inc covid hosp,0,2026-09-19,42,quantile,0.25,122.0
2026-09-19,wk inc covid hosp,0,2026-09-19,42,quantile,0.3,126.0
2026-09-19,wk inc covid hosp,0,2026-09-19,42,quantile,0.35,130.0
2026-09-19,wk inc covid hosp,0,2026-09-19,42,quantile,0.4,134.0
2026-09-19,wk inc covid hosp,0,2026-09-19,42,quantile,0.45,138.0
2026-09-19,wk inc covid hosp,0,2026-09-19,42,quantile,0.5,143.0
2026-09-19,wk inc covid hosp,0,2026-09-19,42,quantile,0.55,147.0
2026-09-19,wk inc covid hosp,0,2026-09-19,42,quantile,0.6,151.0
2026-09-19,wk inc covid hosp,0,2026-09-19,42,quantile,0.65,155.0
2026-09-19,wk inc covid hosp,0,2026-09-19,42,quantile,0.7,160.0
2026-09-19,wk inc covid hosp,0,2026-09-19,42,quantile,0.75,167.0
2026-09-19,wk inc covid hosp,0,2026-09-19,42,quantile,0.8,173.0
2026-09-19,wk inc covid hosp,0,2026-09-19,42,quantile,0.85,180.0
2026-09-19,wk inc covid hosp,0,2026-09-19,42,quantile,0.9,191.0
2026-09-19,wk inc covid hosp,0,2026-09-19,42,quantile,0.95,208.0
2026-09-19,wk inc covid hosp,0,2026-09-19,42,quantile,0.975,220.0
2026-09-19,wk inc covid hosp,0,2026-09-19,42,quantile,0.99,235.0
2026-09-19,wk inc covid hosp,0,2026-09-19,44,quantile,0.01,3.0
2026-09-19,wk inc covid hosp,0,2026-09-19,44,quantile,0.025,4.0
2026-09-19,wk inc covid hosp,0,2026-09-19,44,quantile,0.05,4.0
2026-09-19,wk inc covid hosp,0,2026-09-19,44,quantile,0.1,5.0
2026-09-19,wk inc covid hosp,0,2026-09-19,44,quantile,0.15,6.0
2026-09-19,wk inc covid hosp,0,2026-09-19,44,quantile,0.2,6.0
2026-09-19,wk inc covid hosp,0,2026-09-19,44,quantile,0.25,7.0
2026-09-19,wk inc covid hosp,0,2026-09-19,44,quantile,0.3,7.0
2026-09-19,wk inc covid hosp,0,2026-09-19,44,quantile,0.35,8.0
2026-09-19,wk inc covid hosp,0,2026-09-19,44,quantile,0.4,8.0
2026-09-19,wk inc covid hosp,0,2026-09-19,44,quantile,0.45,9.0
2026-09-19,wk inc covid hosp,0,2026-09-19,44,quantile,0.5,9.0
2026-09-19,wk inc covid hosp,0,2026-09-19,44,quantile,0.55,10.0
2026-09-19,wk inc covid hosp,0,2026-09-19,44,quantile,0.6,10.0
2026-09-19,wk inc covid hosp,0,2026-09-19,44,quantile,0.65,11.0
2026-09-19,wk inc covid hosp,0,2026-09-19,44,quantile,0.7,11.0
2026-09-19,wk inc covid hosp,0,2026-09-19,44,quantile,0.75,12.0
2026-09-19,wk inc covid hosp,0,2026-09-19,44,quantile,0.8,12.0
2026-09-19,wk inc covid hosp,0,2026-09-19,44,quantile,0.85,13.0
2026-09-19,wk inc covid hosp,0,2026-09-19,44,quantile,0.9,14.0
2026-09-19,wk inc covid hosp,0,2026-09-19,44,quantile,0.95,15.0
2026-09-19,wk inc covid hosp,0,2026-09-19,44,quantile,0.975,16.0
2026-09-19,wk inc covid hosp,0,2026-09-19,44,quantile,0.99,18.0
2026-09-19,wk inc covid hosp,0,2026-09-19,45,quantile,0.01,54.0
2026-09-19,wk inc covid hosp,0,2026-09-19,45,quantile,0.025,55.0
2026-09-19,wk inc covid hosp,0,2026-09-19,45,quantile,0.05,58.0
2026-09-19,wk inc covid hosp,0,2026-09-19,45,quantile,0.1,60.0
2026-09-19,wk inc covid hosp,0,2026-09-19,45,quantile,0.15,63.0
2026-09-19,wk inc covid hosp,0,2026-09-19,45,quantile,0.2,65.0
2026-09-19,wk inc covid hosp,0,2026-09-19,45,quantile,0.25,67.0
2026-09-19,wk inc covid hosp,0,2026-09-19,45,quantile,0.3,69.0
2026-09-19,wk inc covid hosp,0,2026-09-19,45,quantile,0.35,71.0
2026-09-19,wk inc covid hosp,0,2026-09-19,45,quantile,0.4,73.0
2026-09-19,wk inc covid hosp,0,2026-09-19,45,quantile,0.45,74.0
2026-09-19,wk inc covid hosp,0,2026-09-19,45,quantile,0.5,77.0
2026-09-19,wk inc covid hosp,0,2026-09-19,45,quantile,0.55,80.0
2026-09-19,wk inc covid hosp,0,2026-09-19,45,quantile,0.6,82.0
2026-09-19,wk inc covid hosp,0,2026-09-19,45,quantile,0.65,84.0
2026-09-19,wk inc covid hosp,0,2026-09-19,45,quantile,0.7,88.0
2026-09-19,wk inc covid hosp,0,2026-09-19,45,quantile,0.75,91.0
2026-09-19,wk inc covid hosp,0,2026-09-19,45,quantile,0.8,96.0
2026-09-19,wk inc covid hosp,0,2026-09-19,45,quantile,0.85,101.0
2026-09-19,wk inc covid hosp,0,2026-09-19,45,quantile,0.9,107.0
2026-09-19,wk inc covid hosp,0,2026-09-19,45,quantile,0.95,117.0
2026-09-19,wk inc covid hosp,0,2026-09-19,45,quantile,0.975,123.0
2026-09-19,wk inc covid hosp,0,2026-09-19,45,quantile,0.99,133.0
2026-09-19,wk inc covid hosp,0,2026-09-19,46,quantile,0.01,2.0
2026-09-19,wk inc covid hosp,0,2026-09-19,46,quantile,0.025,2.0
2026-09-19,wk inc covid hosp,0,2026-09-19,46,quantile,0.05,3.0
2026-09-19,wk inc covid hosp,0,2026-09-19,46,quantile,0.1,3.0
2026-09-19,wk inc covid hosp,0,2026-09-19,46,quantile,0.15,4.0
2026-09-19,wk inc covid hosp,0,2026-09-19,46,quantile,0.2,4.0
2026-09-19,wk inc covid hosp,0,2026-09-19,46,quantile,0.25,5.0
2026-09-19,wk inc covid hosp,0,2026-09-19,46,quantile,0.3,5.0
2026-09-19,wk inc covid hosp,0,2026-09-19,46,quantile,0.35,5.0
2026-09-19,wk inc covid hosp,0,2026-09-19,46,quantile,0.4,6.0
2026-09-19,wk inc covid hosp,0,2026-09-19,46,quantile,0.45,6.0
2026-09-19,wk inc covid hosp,0,2026-09-19,46,quantile,0.5,6.0
2026-09-19,wk inc covid hosp,0,2026-09-19,46,quantile,0.55,7.0
2026-09-19,wk inc covid hosp,0,2026-09-19,46,quantile,0.6,7.0
2026-09-19,wk inc covid hosp,0,2026-09-19,46,quantile,0.65,7.0
2026-09-19,wk inc covid hosp,0,2026-09-19,46,quantile,0.7,8.0
2026-09-19,wk inc covid hosp,0,2026-09-19,46,quantile,0.75,8.0
2026-09-19,wk inc covid hosp,0,2026-09-19,46,quantile,0.8,9.0
2026-09-19,wk inc covid hosp,0,2026-09-19,46,quantile,0.85,9.0
2026-09-19,wk inc covid hosp,0,2026-09-19,46,quantile,0.9,10.0
2026-09-19,wk inc covid hosp,0,2026-09-19,46,quantile,0.95,11.0
2026-09-19,wk inc covid hosp,0,2026-09-19,46,quantile,0.975,12.0
2026-09-19,wk inc covid hosp,0,2026-09-19,46,quantile,0.99,13.0
2026-09-19,wk inc covid hosp,0,2026-09-19,47,quantile,0.01,60.0
2026-09-19,wk inc covid hosp,0,2026-09-19,47,quantile,0.025,62.0
2026-09-19,wk inc covid hosp,0,2026-09-19,47,quantile,0.05,65.0
2026-09-19,wk inc covid hosp,0,2026-09-19,47,quantile,0.1,68.0
2026-09-19,wk inc covid hosp,0,2026-09-19,47,quantile,0.15,70.0
2026-09-19,wk inc covid hosp,0,2026-09-19,47,quantile,0.2,72.0
2026-09-19,wk inc covid hosp,0,2026-09-19,47,quantile,0.25,74.0
2026-09-19,wk inc covid hosp,0,2026-09-19,47,quantile,0.3,76.0
2026-09-19,wk inc covid hosp,0,2026-09-19,47,quantile,0.35,77.0
2026-09-19,wk inc covid hosp,0,2026-09-19,47,quantile,0.4,79.0
2026-09-19,wk inc covid hosp,0,2026-09-19,47,quantile,0.45,80.0
2026-09-19,wk inc covid hosp,0,2026-09-19,47,quantile,0.5,82.0
2026-09-19,wk inc covid hosp,0,2026-09-19,47,quantile,0.55,84.0
2026-09-19,wk inc covid hosp,0,2026-09-19,47,quantile,0.6,85.0
2026-09-19,wk inc covid hosp,0,2026-09-19,47,quantile,0.65,87.0
2026-09-19,wk inc covid hosp,0,2026-09-19,47,quantile,0.7,89.0
2026-09-19,wk inc covid hosp,0,2026-09-19,47,quantile,0.75,91.0
2026-09-19,wk inc covid hosp,0,2026-09-19,47,quantile,0.8,94.0
2026-09-19,wk inc covid hosp,0,2026-09-19,47,quantile,0.85,97.0
2026-09-19,wk inc covid hosp,0,2026-09-19,47,quantile,0.9,101.0
2026-09-19,wk inc covid hosp,0,2026-09-19,47,quantile,0.95,108.0
2026-09-19,wk inc covid hosp,0,2026-09-19,47,quantile,0.975,111.0
2026-09-19,wk inc covid hosp,0,2026-09-19,47,quantile,0.99,116.0
2026-09-19,wk inc covid hosp,0,2026-09-19,48,quantile,0.01,396.0
2026-09-19,wk inc covid hosp,0,2026-09-19,48,quantile,0.025,410.0
2026-09-19,wk inc covid hosp,0,2026-09-19,48,quantile,0.05,423.0
2026-09-19,wk inc covid hosp,0,2026-09-19,48,quantile,0.1,437.0
2026-09-19,wk inc covid hosp,0,2026-09-19,48,quantile,0.15,449.0
2026-09-19,wk inc covid hosp,0,2026-09-19,48,quantile,0.2,464.0
2026-09-19,wk inc covid hosp,0,2026-09-19,48,quantile,0.25,474.0
2026-09-19,wk inc covid hosp,0,2026-09-19,48,quantile,0.3,485.0
2026-09-19,wk inc covid hosp,0,2026-09-19,48,quantile,0.35,493.0
2026-09-19,wk inc covid hosp,0,2026-09-19,48,quantile,0.4,504.0
2026-09-19,wk inc covid hosp,0,2026-09-19,48,quantile,0.45,514.0
2026-09-19,wk inc covid hosp,0,2026-09-19,48,quantile,0.5,524.0
2026-09-19,wk inc covid hosp,0,2026-09-19,48,quantile,0.55,534.0
2026-09-19,wk inc covid hosp,0,2026-09-19,48,quantile,0.6,545.0
2026-09-19,wk inc covid hosp,0,2026-09-19,48,quantile,0.65,557.0
2026-09-19,wk inc covid hosp,0,2026-09-19,48,quantile,0.7,571.0
2026-09-19,wk inc covid hosp,0,2026-09-19,48,quantile,0.75,585.0
2026-09-19,wk inc covid hosp,0,2026-09-19,48,quantile,0.8,599.0
2026-09-19,wk inc covid hosp,0,2026-09-19,48,quantile,0.85,615.0
2026-09-19,wk inc covid hosp,0,2026-09-19,48,quantile,0.9,635.0
2026-09-19,wk inc covid hosp,0,2026-09-19,48,quantile,0.95,660.0
2026-09-19,wk inc covid hosp,0,2026-09-19,48,quantile,0.975,677.0
2026-09-19,wk inc covid hosp,0,2026-09-19,48,quantile,0.99,698.0
2026-09-19,wk inc covid hosp,0,2026-09-19,49,quantile,0.01,5.0
2026-09-19,wk inc covid hosp,0,2026-09-19,49,quantile,0.025,5.0
2026-09-19,wk inc covid hosp,0,2026-09-19,49,quantile,0.05,6.0
2026-09-19,wk inc covid hosp,0,2026-09-19,49,quantile,0.1,7.0
2026-09-19,wk inc covid hosp,0,2026-09-19,49,quantile,0.15,8.0
2026-09-19,wk inc covid hosp,0,2026-09-19,49,quantile,0.2,8.0
2026-09-19,wk inc covid hosp,0,2026-09-19,49,quantile,0.25,9.0
2026-09-19,wk inc covid hosp,0,2026-09-19,49,quantile,0.3,9.0
2026-09-19,wk inc covid hosp,0,2026-09-19,49,quantile,0.35,10.0
2026-09-19,wk inc covid hosp,0,2026-09-19,49,quantile,0.4,10.0
2026-09-19,wk inc covid hosp,0,2026-09-19,49,quantile,0.45,11.0
2026-09-19,wk inc covid hosp,0,2026-09-19,49,quantile,0.5,11.0
2026-09-19,wk inc covid hosp,0,2026-09-19,49,quantile,0.55,11.0
2026-09-19,wk inc covid hosp,0,2026-09-19,49,quantile,0.6,12.0
2026-09-19,wk inc covid hosp,0,2026-09-19,49,quantile,0.65,12.0
2026-09-19,wk inc covid hosp,0,2026-09-19,49,quantile,0.7,13.0
2026-09-19,wk inc covid hosp,0,2026-09-19,49,quantile,0.75,14.0
2026-09-19,wk inc covid hosp,0,2026-09-19,49,quantile,0.8,14.0
2026-09-19,wk inc covid hosp,0,2026-09-19,49,quantile,0.85,15.0
2026-09-19,wk inc covid hosp,0,2026-09-19,49,quantile,0.9,16.0
2026-09-19,wk inc covid hosp,0,2026-09-19,49,quantile,0.95,17.0
2026-09-19,wk inc covid hosp,0,2026-09-19,49,quantile,0.975,18.0
2026-09-19,wk inc covid hosp,0,2026-09-19,49,quantile,0.99,20.0
2026-09-19,wk inc covid hosp,0,2026-09-19,50,quantile,0.01,1.0
2026-09-19,wk inc covid hosp,0,2026-09-19,50,quantile,0.025,2.0
2026-09-19,wk inc covid hosp,0,2026-09-19,50,quantile,0.05,2.0
2026-09-19,wk inc covid hosp,0,2026-09-19,50,quantile,0.1,2.0
2026-09-19,wk inc covid hosp,0,2026-09-19,50,quantile,0.15,3.0
2026-09-19,wk inc covid hosp,0,2026-09-19,50,quantile,0.2,3.0
2026-09-19,wk inc covid hosp,0,2026-09-19,50,quantile,0.25,4.0
2026-09-19,wk inc covid hosp,0,2026-09-19,50,quantile,0.3,4.0
2026-09-19,wk inc covid hosp,0,2026-09-19,50,quantile,0.35,4.0
2026-09-19,wk inc covid hosp,0,2026-09-19,50,quantile,0.4,5.0
2026-09-19,wk inc covid hosp,0,2026-09-19,50,quantile,0.45,5.0
2026-09-19,wk inc covid hosp,0,2026-09-19,50,quantile,0.5,5.0
2026-09-19,wk inc covid hosp,0,2026-09-19,50,quantile,0.55,5.0
2026-09-19,wk inc covid hosp,0,2026-09-19,50,quantile,0.6,6.0
2026-09-19,wk inc covid hosp,0,2026-09-19,50,quantile,0.65,6.0
2026-09-19,wk inc covid hosp,0,2026-09-19,50,quantile,0.7,6.0
2026-09-19,wk inc covid hosp,0,2026-09-19,50,quantile,0.75,7.0
2026-09-19,wk inc covid hosp,0,2026-09-19,50,quantile,0.8,7.0
2026-09-19,wk inc covid hosp,0,2026-09-19,50,quantile,0.85,8.0
2026-09-19,wk inc covid hosp,0,2026-09-19,50,quantile,0.9,8.0
2026-09-19,wk inc covid hosp,0,2026-09-19,50,quantile,0.95,9.0
2026-09-19,wk inc covid hosp,0,2026-09-19,50,quantile,0.975,10.0
2026-09-19,wk inc covid hosp,0,2026-09-19,50,quantile,0.99,11.0
2026-09-19,wk inc covid hosp,0,2026-09-19,51,quantile,0.01,14.0
2026-09-19,wk inc covid hosp,0,2026-09-19,51,quantile,0.025,17.0
2026-09-19,wk inc covid hosp,0,2026-09-19,51,quantile,0.05,19.0
2026-09-19,wk inc covid hosp,0,2026-09-19,51,quantile,0.1,22.0
2026-09-19,wk inc covid hosp,0,2026-09-19,51,quantile,0.15,25.0
2026-09-19,wk inc covid hosp,0,2026-09-19,51,quantile,0.2,27.0
2026-09-19,wk inc covid hosp,0,2026-09-19,51,quantile,0.25,28.0
2026-09-19,wk inc covid hosp,0,2026-09-19,51,quantile,0.3,30.0
2026-09-19,wk inc covid hosp,0,2026-09-19,51,quantile,0.35,31.0
2026-09-19,wk inc covid hosp,0,2026-09-19,51,quantile,0.4,33.0
2026-09-19,wk inc covid hosp,0,2026-09-19,51,quantile,0.45,34.0
2026-09-19,wk inc covid hosp,0,2026-09-19,51,quantile,0.5,36.0
2026-09-19,wk inc covid hosp,0,2026-09-19,51,quantile,0.55,37.0
2026-09-19,wk inc covid hosp,0,2026-09-19,51,quantile,0.6,39.0
2026-09-19,wk inc covid hosp,0,2026-09-19,51,quantile,0.65,40.0
2026-09-19,wk inc covid hosp,0,2026-09-19,51,quantile,0.7,41.0
2026-09-19,wk inc covid hosp,0,2026-09-19,51,quantile,0.75,43.0
2026-09-19,wk inc covid hosp,0,2026-09-19,51,quantile,0.8,45.0
2026-09-19,wk inc covid hosp,0,2026-09-19,51,quantile,0.85,47.0
2026-09-19,wk inc covid hosp,0,2026-09-19,51,quantile,0.9,49.0
2026-09-19,wk inc covid hosp,0,2026-09-19,51,quantile,0.95,52.0
2026-09-19,wk inc covid hosp,0,2026-09-19,51,quantile,0.975,55.0
2026-09-19,wk inc covid hosp,0,2026-09-19,51,quantile,0.99,56.0
2026-09-19,wk inc covid hosp,0,2026-09-19,53,quantile,0.01,57.0
2026-09-19,wk inc covid hosp,0,2026-09-19,53,quantile,0.025,60.0
2026-09-19,wk inc covid hosp,0,2026-09-19,53,quantile,0.05,64.0
2026-09-19,wk inc covid hosp,0,2026-09-19,53,quantile,0.1,68.0
2026-09-19,wk inc covid hosp,0,2026-09-19,53,quantile,0.15,71.0
2026-09-19,wk inc covid hosp,0,2026-09-19,53,quantile,0.2,74.0
2026-09-19,wk inc covid hosp,0,2026-09-19,53,quantile,0.25,77.0
2026-09-19,wk inc covid hosp,0,2026-09-19,53,quantile,0.3,80.0
2026-09-19,wk inc covid hosp,0,2026-09-19,53,quantile,0.35,82.0
2026-09-19,wk inc covid hosp,0,2026-09-19,53,quantile,0.4,85.0
2026-09-19,wk inc covid hosp,0,2026-09-19,53,quantile,0.45,87.0
2026-09-19,wk inc covid hosp,0,2026-09-19,53,quantile,0.5,91.0
2026-09-19,wk inc covid hosp,0,2026-09-19,53,quantile,0.55,93.0
2026-09-19,wk inc covid hosp,0,2026-09-19,53,quantile,0.6,97.0
2026-09-19,wk inc covid hosp,0,2026-09-19,53,quantile,0.65,101.0
2026-09-19,wk inc covid hosp,0,2026-09-19,53,quantile,0.7,104.0
2026-09-19,wk inc covid hosp,0,2026-09-19,53,quantile,0.75,108.0
2026-09-19,wk inc covid hosp,0,2026-09-19,53,quantile,0.8,114.0
2026-09-19,wk inc covid hosp,0,2026-09-19,53,quantile,0.85,120.0
2026-09-19,wk inc covid hosp,0,2026-09-19,53,quantile,0.9,128.0
2026-09-19,wk inc covid hosp,0,2026-09-19,53,quantile,0.95,139.0
2026-09-19,wk inc covid hosp,0,2026-09-19,53,quantile,0.975,150.0
2026-09-19,wk inc covid hosp,0,2026-09-19,53,quantile,0.99,160.0
2026-09-19,wk inc covid hosp,0,2026-09-19,54,quantile,0.01,3.0
2026-09-19,wk inc covid hosp,0,2026-09-19,54,quantile,0.025,4.0
2026-09-19,wk inc covid hosp,0,2026-09-19,54,quantile,0.05,5.0
2026-09-19,wk inc covid hosp,0,2026-09-19,54,quantile,0.1,5.0
2026-09-19,wk inc covid hosp,0,2026-09-19,54,quantile,0.15,6.0
2026-09-19,wk inc covid hosp,0,2026-09-19,54,quantile,0.2,7.0
2026-09-19,wk inc covid hosp,0,2026-09-19,54,quantile,0.25,7.0
2026-09-19,wk inc covid hosp,0,2026-09-19,54,quantile,0.3,8.0
2026-09-19,wk inc covid hosp,0,2026-09-19,54,quantile,0.35,8.0
2026-09-19,wk inc covid hosp,0,2026-09-19,54,quantile,0.4,9.0
2026-09-19,wk inc covid hosp,0,2026-09-19,54,quantile,0.45,9.0
2026-09-19,wk inc covid hosp,0,2026-09-19,54,quantile,0.5,10.0
2026-09-19,wk inc covid hosp,0,2026-09-19,54,quantile,0.55,10.0
2026-09-19,wk inc covid hosp,0,2026-09-19,54,quantile,0.6,11.0
2026-09-19,wk inc covid hosp,0,2026-09-19,54,quantile,0.65,12.0
2026-09-19,wk inc covid hosp,0,2026-09-19,54,quantile,0.7,12.0
2026-09-19,wk inc covid hosp,0,2026-09-19,54,quantile,0.75,13.0
2026-09-19,wk inc covid hosp,0,2026-09-19,54,quantile,0.8,14.0
2026-09-19,wk inc covid hosp,0,2026-09-19,54,quantile,0.85,14.0
2026-09-19,wk inc covid hosp,0,2026-09-19,54,quantile,0.9,15.0
2026-09-19,wk inc covid hosp,0,2026-09-19,54,quantile,0.95,17.0
2026-09-19,wk inc covid hosp,0,2026-09-19,54,quantile,0.975,18.0
2026-09-19,wk inc covid hosp,0,2026-09-19,54,quantile,0.99,19.0
2026-09-19,wk inc covid hosp,0,2026-09-19,55,quantile,0.01,0.0
2026-09-19,wk inc covid hosp,0,2026-09-19,55,quantile,0.025,0.0
2026-09-19,wk inc covid hosp,0,2026-09-19,55,quantile,0.05,2.0
2026-09-19,wk inc covid hosp,0,2026-09-19,55,quantile,0.1,6.0
2026-09-19,wk inc covid hosp,0,2026-09-19,55,quantile,0.15,8.0
2026-09-19,wk inc covid hosp,0,2026-09-19,55,quantile,0.2,9.0
2026-09-19,wk inc covid hosp,0,2026-09-19,55,quantile,0.25,11.0
2026-09-19,wk inc covid hosp,0,2026-09-19,55,quantile,0.3,13.0
2026-09-19,wk inc covid hosp,0,2026-09-19,55,quantile,0.35,14.0
2026-09-19,wk inc covid hosp,0,2026-09-19,55,quantile,0.4,15.0
2026-09-19,wk inc covid hosp,0,2026-09-19,55,quantile,0.45,17.0
2026-09-19,wk inc covid hosp,0,2026-09-19,55,quantile,0.5,18.0
2026-09-19,wk inc covid hosp,0,2026-09-19,55,quantile,0.55,19.0
2026-09-19,wk inc covid hosp,0,2026-09-19,55,quantile,0.6,21.0
2026-09-19,wk inc covid hosp,0,2026-09-19,55,quantile,0.65,22.0
2026-09-19,wk inc covid hosp,0,2026-09-19,55,quantile,0.7,23.0
2026-09-19,wk inc covid hosp,0,2026-09-19,55,quantile,0.75,25.0
2026-09-19,wk inc covid hosp,0,2026-09-19,55,quantile,0.8,26.0
2026-09-19,wk inc covid hosp,0,2026-09-19,55,quantile,0.85,28.0
2026-09-19,wk inc covid hosp,0,2026-09-19,55,quantile,0.9,29.0
2026-09-19,wk inc covid hosp,0,2026-09-19,55,quantile,0.95,32.0
2026-09-19,wk inc covid hosp,0,2026-09-19,55,quantile,0.975,34.0
2026-09-19,wk inc covid hosp,0,2026-09-19,55,quantile,0.99,36.0
2026-09-19,wk inc covid hosp,0,2026-09-19,56,quantile,0.01,0.0
2026-09-19,wk inc covid hosp,0,2026-09-19,56,quantile,0.025,0.0
2026-09-19,wk inc covid hosp,0,2026-09-19,56,quantile,0.05,0.0
2026-09-19,wk inc covid hosp,0,2026-09-19,56,quantile,0.1,0.0
2026-09-19,wk inc covid hosp,0,2026-09-19,56,quantile,0.15,0.0
2026-09-19,wk inc covid hosp,0,2026-09-19,56,quantile,0.2,0.0
2026-09-19,wk inc covid hosp,0,2026-09-19,56,quantile,0.25,0.0
2026-09-19,wk inc covid hosp,0,2026-09-19,56,quantile,0.3,1.0
2026-09-19,wk inc covid hosp,0,2026-09-19,56,quantile,0.35,1.0
2026-09-19,wk inc covid hosp,0,2026-09-19,56,quantile,0.4,2.0
2026-09-19,wk inc covid hosp,0,2026-09-19,56,quantile,0.45,2.0
2026-09-19,wk inc covid hosp,0,2026-09-19,56,quantile,0.5,3.0
2026-09-19,wk inc covid hosp,0,2026-09-19,56,quantile,0.55,3.0
2026-09-19,wk inc covid hosp,0,2026-09-19,56,quantile,0.6,4.0
2026-09-19,wk inc covid hosp,0,2026-09-19,56,quantile,0.65,4.0
2026-09-19,wk inc covid hosp,0,2026-09-19,56,quantile,0.7,5.0
2026-09-19,wk inc covid hosp,0,2026-09-19,56,quantile,0.75,5.0
2026-09-19,wk inc covid hosp,0,2026-09-19,56,quantile,0.8,6.0
2026-09-19,wk inc covid hosp,0,2026-09-19,56,quantile,0.85,7.0
2026-09-19,wk inc covid hosp,0,2026-09-19,56,quantile,0.9,8.0
2026-09-19,wk inc covid hosp,0,2026-09-19,56,quantile,0.95,10.0
2026-09-19,wk inc covid hosp,0,2026-09-19,56,quantile,0.975,11.0
2026-09-19,wk inc covid hosp,0,2026-09-19,56,quantile,0.99,12.0
2026-09-19,wk inc covid hosp,0,2026-09-19,72,quantile,0.01,37.0
2026-09-19,wk inc covid hosp,0,2026-09-19,72,quantile,0.025,40.0
2026-09-19,wk inc covid hosp,0,2026-09-19,72,quantile,0.05,44.0
2026-09-19,wk inc covid hosp,0,2026-09-19,72,quantile,0.1,47.0
2026-09-19,wk inc covid hosp,0,2026-09-19,72,quantile,0.15,52.0
2026-09-19,wk inc covid hosp,0,2026-09-19,72,quantile,0.2,55.0
2026-09-19,wk inc covid hosp,0,2026-09-19,72,quantile,0.25,59.0
2026-09-19,wk inc covid hosp,0,2026-09-19,72,quantile,0.3,61.0
2026-09-19,wk inc covid hosp,0,2026-09-19,72,quantile,0.35,64.0
2026-09-19,wk inc covid hosp,0,2026-09-19,72,quantile,0.4,67.0
2026-09-19,wk inc covid hosp,0,2026-09-19,72,quantile,0.45,70.0
2026-09-19,wk inc covid hosp,0,2026-09-19,72,quantile,0.5,73.0
2026-09-19,wk inc covid hosp,0,2026-09-19,72,quantile,0.55,76.0
2026-09-19,wk inc covid hosp,0,2026-09-19,72,quantile,0.6,79.0
2026-09-19,wk inc covid hosp,0,2026-09-19,72,quantile,0.65,82.0
2026-09-19,wk inc covid hosp,0,2026-09-19,72,quantile,0.7,87.0
2026-09-19,wk inc covid hosp,0,2026-09-19,72,quantile,0.75,91.0
2026-09-19,wk inc covid hosp,0,2026-09-19,72,quantile,0.8,96.0
2026-09-19,wk inc covid hosp,0,2026-09-19,72,quantile,0.85,102.0
2026-09-19,wk inc covid hosp,0,2026-09-19,72,quantile,0.9,108.0
2026-09-19,wk inc covid hosp,0,2026-09-19,72,quantile,0.95,119.0
2026-09-19,wk inc covid hosp,0,2026-09-19,72,quantile,0.975,128.0
2026-09-19,wk inc covid hosp,0,2026-09-19,72,quantile,0.99,136.0
2026-09-19,wk inc covid hosp,1,2026-09-26,01,quantile,0.01,43.0
2026-09-19,wk inc covid hosp,1,2026-09-26,01,quantile,0.025,46.0
2026-09-19,wk inc covid hosp,1,2026-09-26,01,quantile,0.05,50.0
2026-09-19,wk inc covid hosp,1,2026-09-26,01,quantile,0.1,55.0
2026-09-19,wk inc covid hosp,1,2026-09-26,01,quantile,0.15,59.0
2026-09-19,wk inc covid hosp,1,2026-09-26,01,quantile,0.2,62.0
2026-09-19,wk inc covid hosp,1,2026-09-26,01,quantile,0.25,65.0
2026-09-19,wk inc covid hosp,1,2026-09-26,01,quantile,0.3,67.0
2026-09-19,wk inc covid hosp,1,2026-09-26,01,quantile,0.35,70.0
2026-09-19,wk inc covid hosp,1,2026-09-26,01,quantile,0.4,72.0
2026-09-19,wk inc covid hosp,1,2026-09-26,01,quantile,0.45,75.0
2026-09-19,wk inc covid hosp,1,2026-09-26,01,quantile,0.5,77.0
2026-09-19,wk inc covid hosp,1,2026-09-26,01,quantile,0.55,79.0
2026-09-19,wk inc covid hosp,1,2026-09-26,01,quantile,0.6,82.0
2026-09-19,wk inc covid hosp,1,2026-09-26,01,quantile,0.65,84.0
2026-09-19,wk inc covid hosp,1,2026-09-26,01,quantile,0.7,87.0
2026-09-19,wk inc covid hosp,1,2026-09-26,01,quantile,0.75,90.0
2026-09-19,wk inc covid hosp,1,2026-09-26,01,quantile,0.8,94.0
2026-09-19,wk inc covid hosp,1,2026-09-26,01,quantile,0.85,99.0
2026-09-19,wk inc covid hosp,1,2026-09-26,01,quantile,0.9,105.0
2026-09-19,wk inc covid hosp,1,2026-09-26,01,quantile,0.95,115.0
2026-09-19,wk inc covid hosp,1,2026-09-26,01,quantile,0.975,124.0
2026-09-19,wk inc covid hosp,1,2026-09-26,01,quantile,0.99,133.0
2026-09-19,wk inc covid hosp,1,2026-09-26,02,quantile,0.01,0.0
2026-09-19,wk inc covid hosp,1,2026-09-26,02,quantile,0.025,0.0
2026-09-19,wk inc covid hosp,1,2026-09-26,02,quantile,0.05,0.0
2026-09-19,wk inc covid hosp,1,2026-09-26,02,quantile,0.1,0.0
2026-09-19,wk inc covid hosp,1,2026-09-26,02,quantile,0.15,1.0
2026-09-19,wk inc covid hosp,1,2026-09-26,02,quantile,0.2,1.0
2026-09-19,wk inc covid hosp,1,2026-09-26,02,quantile,0.25,2.0
2026-09-19,wk inc covid hosp,1,2026-09-26,02,quantile,0.3,2.0
2026-09-19,wk inc covid hosp,1,2026-09-26,02,quantile,0.35,3.0
2026-09-19,wk inc covid hosp,1,2026-09-26,02,quantile,0.4,3.0
2026-09-19,wk inc covid hosp,1,2026-09-26,02,quantile,0.45,3.0
2026-09-19,wk inc covid hosp,1,2026-09-26,02,quantile,0.5,4.0
2026-09-19,wk inc covid hosp,1,2026-09-26,02,quantile,0.55,4.0
2026-09-19,wk inc covid hosp,1,2026-09-26,02,quantile,0.6,5.0
2026-09-19,wk inc covid hosp,1,2026-09-26,02,quantile,0.65,5.0
2026-09-19,wk inc covid hosp,1,2026-09-26,02,quantile,0.7,6.0
2026-09-19,wk inc covid hosp,1,2026-09-26,02,quantile,0.75,6.0
2026-09-19,wk inc covid hosp,1,2026-09-26,02,quantile,0.8,7.0
2026-09-19,wk inc covid hosp,1,2026-09-26,02,quantile,0.85,8.0
2026-09-19,wk inc covid hosp,1,2026-09-26,02,quantile,0.9,10.0
2026-09-19,wk inc covid hosp,1,2026-09-26,02,quantile,0.95,12.0
2026-09-19,wk inc covid hosp,1,2026-09-26,02,quantile,0.975,14.0
2026-09-19,wk inc covid hosp,1,2026-09-26,02,quantile,0.99,17.0
2026-09-19,wk inc covid hosp,1,2026-09-26,04,quantile,0.01,58.0
2026-09-19,wk inc covid hosp,1,2026-09-26,04,quantile,0.025,64.0
2026-09-19,wk inc covid hosp,1,2026-09-26,04,quantile,0.05,67.0
2026-09-19,wk inc covid hosp,1,2026-09-26,04,quantile,0.1,72.0
2026-09-19,wk inc covid hosp,1,2026-09-26,04,quantile,0.15,75.0
2026-09-19,wk inc covid hosp,1,2026-09-26,04,quantile,0.2,78.0
2026-09-19,wk inc covid hosp,1,2026-09-26,04,quantile,0.25,81.0
2026-09-19,wk inc covid hosp,1,2026-09-26,04,quantile,0.3,84.0
2026-09-19,wk inc covid hosp,1,2026-09-26,04,quantile,0.35,86.0
2026-09-19,wk inc covid hosp,1,2026-09-26,04,quantile,0.4,89.0
2026-09-19,wk inc covid hosp,1,2026-09-26,04,quantile,0.45,92.0
2026-09-19,wk inc covid hosp,1,2026-09-26,04,quantile,0.5,94.0
2026-09-19,wk inc covid hosp,1,2026-09-26,04,quantile,0.55,98.0
2026-09-19,wk inc covid hosp,1,2026-09-26,04,quantile,0.6,101.0
2026-09-19,wk inc covid hosp,1,2026-09-26,04,quantile,0.65,104.0
2026-09-19,wk inc covid hosp,1,2026-09-26,04,quantile,0.7,108.0
2026-09-19,wk inc covid hosp,1,2026-09-26,04,quantile,0.75,112.0
2026-09-19,wk inc covid hosp,1,2026-09-26,04,quantile,0.8,117.0
2026-09-19,wk inc covid hosp,1,2026-09-26,04,quantile,0.85,122.0
2026-09-19,wk inc covid hosp,1,2026-09-26,04,quantile,0.9,129.0
2026-09-19,wk inc covid hosp,1,2026-09-26,04,quantile,0.95,143.0
2026-09-19,wk inc covid hosp,1,2026-09-26,04,quantile,0.975,153.0
2026-09-19,wk inc covid hosp,1,2026-09-26,04,quantile,0.99,160.0
2026-09-19,wk inc covid hosp,1,2026-09-26,05,quantile,0.01,3.0
2026-09-19,wk inc covid hosp,1,2026-09-26,05,quantile,0.025,4.0
2026-09-19,wk inc covid hosp,1,2026-09-26,05,quantile,0.05,5.0
2026-09-19,wk inc covid hosp,1,2026-09-26,05,quantile,0.1,6.0
2026-09-19,wk inc covid hosp,1,2026-09-26,05,quantile,0.15,7.0
2026-09-19,wk inc covid hosp,1,2026-09-26,05,quantile,0.2,8.0
2026-09-19,wk inc covid hosp,1,2026-09-26,05,quantile,0.25,8.0
2026-09-19,wk inc covid hosp,1,2026-09-26,05,quantile,0.3,9.0
2026-09-19,wk inc covid hosp,1,2026-09-26,05,quantile,0.35,10.0
2026-09-19,wk inc covid hosp,1,2026-09-26,05,quantile,0.4,10.0
2026-09-19,wk inc covid hosp,1,2026-09-26,05,quantile,0.45,11.0
2026-09-19,wk inc covid hosp,1,2026-09-26,05,quantile,0.5,11.0
2026-09-19,wk inc covid hosp,1,2026-09-26,05,quantile,0.55,12.0
2026-09-19,wk inc covid hosp,1,2026-09-26,05,quantile,0.6,12.0
2026-09-19,wk inc covid hosp,1,2026-09-26,05,quantile,0.65,13.0
2026-09-19,wk inc covid hosp,1,2026-09-26,05,quantile,0.7,14.0
2026-09-19,wk inc covid hosp,1,2026-09-26,05,quantile,0.75,14.0
2026-09-19,wk inc covid hosp,1,2026-09-26,05,quantile,0.8,15.0
2026-09-19,wk inc covid hosp,1,2026-09-26,05,quantile,0.85,16.0
2026-09-19,wk inc covid hosp,1,2026-09-26,05,quantile,0.9,17.0
2026-09-19,wk inc covid hosp,1,2026-09-26,05,quantile,0.95,18.0
2026-09-19,wk inc covid hosp,1,2026-09-26,05,quantile,0.975,19.0
2026-09-19,wk inc covid hosp,1,2026-09-26,05,quantile,0.99,20.0
2026-09-19,wk inc covid hosp,1,2026-09-26,06,quantile,0.01,511.0
2026-09-19,wk inc covid hosp,1,2026-09-26,06,quantile,0.025,536.0
2026-09-19,wk inc covid hosp,1,2026-09-26,06,quantile,0.05,565.0
2026-09-19,wk inc covid hosp,1,2026-09-26,06,quantile,0.1,595.0
2026-09-19,wk inc covid hosp,1,2026-09-26,06,quantile,0.15,618.0
2026-09-19,wk inc covid hosp,1,2026-09-26,06,quantile,0.2,636.0
2026-09-19,wk inc covid hosp,1,2026-09-26,06,quantile,0.25,656.0
2026-09-19,wk inc covid hosp,1,2026-09-26,06,quantile,0.3,677.0
2026-09-19,wk inc covid hosp,1,2026-09-26,06,quantile,0.35,693.0
2026-09-19,wk inc covid hosp,1,2026-09-26,06,quantile,0.4,709.0
2026-09-19,wk inc covid hosp,1,2026-09-26,06,quantile,0.45,725.0
2026-09-19,wk inc covid hosp,1,2026-09-26,06,quantile,0.5,741.0
2026-09-19,wk inc covid hosp,1,2026-09-26,06,quantile,0.55,762.0
2026-09-19,wk inc covid hosp,1,2026-09-26,06,quantile,0.6,781.0
2026-09-19,wk inc covid hosp,1,2026-09-26,06,quantile,0.65,805.0
2026-09-19,wk inc covid hosp,1,2026-09-26,06,quantile,0.7,830.0
2026-09-19,wk inc covid hosp,1,2026-09-26,06,quantile,0.75,861.0
2026-09-19,wk inc covid hosp,1,2026-09-26,06,quantile,0.8,892.0
2026-09-19,wk inc covid hosp,1,2026-09-26,06,quantile,0.85,943.0
2026-09-19,wk inc covid hosp,1,2026-09-26,06,quantile,0.9,1019.0
2026-09-19,wk inc covid hosp,1,2026-09-26,06,quantile,0.95,1123.0
2026-09-19,wk inc covid hosp,1,2026-09-26,06,quantile,0.975,1211.0
2026-09-19,wk inc covid hosp,1,2026-09-26,06,quantile,0.99,1325.0
2026-09-19,wk inc covid hosp,1,2026-09-26,08,quantile,0.01,9.0
2026-09-19,wk inc covid hosp,1,2026-09-26,08,quantile,0.025,11.0
2026-09-19,wk inc covid hosp,1,2026-09-26,08,quantile,0.05,12.0
2026-09-19,wk inc covid hosp,1,2026-09-26,08,quantile,0.1,14.0
2026-09-19,wk inc covid hosp,1,2026-09-26,08,quantile,0.15,16.0
2026-09-19,wk inc covid hosp,1,2026-09-26,08,quantile,0.2,17.0
2026-09-19,wk inc covid hosp,1,2026-09-26,08,quantile,0.25,19.0
2026-09-19,wk inc covid hosp,1,2026-09-26,08,quantile,0.3,20.0
2026-09-19,wk inc covid hosp,1,2026-09-26,08,quantile,0.35,21.0
2026-09-19,wk inc covid hosp,1,2026-09-26,08,quantile,0.4,22.0
2026-09-19,wk inc covid hosp,1,2026-09-26,08,quantile,0.45,23.0
2026-09-19,wk inc covid hosp,1,2026-09-26,08,quantile,0.5,24.0
2026-09-19,wk inc covid hosp,1,2026-09-26,08,quantile,0.55,25.0
2026-09-19,wk inc covid hosp,1,2026-09-26,08,quantile,0.6,26.0
2026-09-19,wk inc covid hosp,1,2026-09-26,08,quantile,0.65,27.0
2026-09-19,wk inc covid hosp,1,2026-09-26,08,quantile,0.7,28.0
2026-09-19,wk inc covid hosp,1,2026-09-26,08,quantile,0.75,29.0
2026-09-19,wk inc covid hosp,1,2026-09-26,08,quantile,0.8,31.0
2026-09-19,wk inc covid hosp,1,2026-09-26,08,quantile,0.85,32.0
2026-09-19,wk inc covid hosp,1,2026-09-26,08,quantile,0.9,34.0
2026-09-19,wk inc covid hosp,1,2026-09-26,08,quantile,0.95,37.0
2026-09-19,wk inc covid hosp,1,2026-09-26,08,quantile,0.975,38.0
2026-09-19,wk inc covid hosp,1,2026-09-26,08,quantile,0.99,40.0
2026-09-19,wk inc covid hosp,1,2026-09-26,09,quantile,0.01,1.0
2026-09-19,wk inc covid hosp,1,2026-09-26,09,quantile,0.025,3.0
2026-09-19,wk inc covid hosp,1,2026-09-26,09,quantile,0.05,4.0
2026-09-19,wk inc covid hosp,1,2026-09-26,09,quantile,0.1,6.0
2026-09-19,wk inc covid hosp,1,2026-09-26,09,quantile,0.15,7.0
2026-09-19,wk inc covid hosp,1,2026-09-26,09,quantile,0.2,9.0
2026-09-19,wk inc covid hosp,1,2026-09-26,09,quantile,0.25,9.0
2026-09-19,wk inc covid hosp,1,2026-09-26,09,quantile,0.3,10.0
2026-09-19,wk inc covid hosp,1,2026-09-26,09,quantile,0.35,11.0
2026-09-19,wk inc covid hosp,1,2026-09-26,09,quantile,0.4,12.0
2026-09-19,wk inc covid hosp,1,2026-09-26,09,quantile,0.45,13.0
2026-09-19,wk inc covid hosp,1,2026-09-26,09,quantile,0.5,13.0
2026-09-19,wk inc covid hosp,1,2026-09-26,09,quantile,0.55,14.0
2026-09-19,wk inc covid hosp,1,2026-09-26,09,quantile,0.6,15.0
2026-09-19,wk inc covid hosp,1,2026-09-26,09,quantile,0.65,16.0
2026-09-19,wk inc covid hosp,1,2026-09-26,09,quantile,0.7,17.0
2026-09-19,wk inc covid hosp,1,2026-09-26,09,quantile,0.75,18.0
2026-09-19,wk inc covid hosp,1,2026-09-26,09,quantile,0.8,19.0
2026-09-19,wk inc covid hosp,1,2026-09-26,09,quantile,0.85,21.0
2026-09-19,wk inc covid hosp,1,2026-09-26,09,quantile,0.9,22.0
2026-09-19,wk inc covid hosp,1,2026-09-26,09,quantile,0.95,24.0
2026-09-19,wk inc covid hosp,1,2026-09-26,09,quantile,0.975,26.0
2026-09-19,wk inc covid hosp,1,2026-09-26,09,quantile,0.99,27.0
2026-09-19,wk inc covid hosp,1,2026-09-26,10,quantile,0.01,0.0
2026-09-19,wk inc covid hosp,1,2026-09-26,10,quantile,0.025,2.0
2026-09-19,wk inc covid hosp,1,2026-09-26,10,quantile,0.05,3.0
2026-09-19,wk inc covid hosp,1,2026-09-26,10,quantile,0.1,5.0
2026-09-19,wk inc covid hosp,1,2026-09-26,10,quantile,0.15,6.0
2026-09-19,wk inc covid hosp,1,2026-09-26,10,quantile,0.2,7.0
2026-09-19,wk inc covid hosp,1,2026-09-26,10,quantile,0.25,8.0
2026-09-19,wk inc covid hosp,1,2026-09-26,10,quantile,0.3,9.0
2026-09-19,wk inc covid hosp,1,2026-09-26,10,quantile,0.35,10.0
2026-09-19,wk inc covid hosp,1,2026-09-26,10,quantile,0.4,10.0
2026-09-19,wk inc covid hosp,1,2026-09-26,10,quantile,0.45,11.0
2026-09-19,wk inc covid hosp,1,2026-09-26,10,quantile,0.5,12.0
2026-09-19,wk inc covid hosp,1,2026-09-26,10,quantile,0.55,13.0
2026-09-19,wk inc covid hosp,1,2026-09-26,10,quantile,0.6,14.0
2026-09-19,wk inc covid hosp,1,2026-09-26,10,quantile,0.65,15.0
2026-09-19,wk inc covid hosp,1,2026-09-26,10,quantile,0.7,16.0
2026-09-19,wk inc covid hosp,1,2026-09-26,10,quantile,0.75,18.0
2026-09-19,wk inc covid hosp,1,2026-09-26,10,quantile,0.8,20.0
2026-09-19,wk inc covid hosp,1,2026-09-26,10,quantile,0.85,22.0
2026-09-19,wk inc covid hosp,1,2026-09-26,10,quantile,0.9,26.0
2026-09-19,wk inc covid hosp,1,2026-09-26,10,quantile,0.95,32.0
2026-09-19,wk inc covid hosp,1,2026-09-26,10,quantile,0.975,39.0
2026-09-19,wk inc covid hosp,1,2026-09-26,10,quantile,0.99,50.0
2026-09-19,wk inc covid hosp,1,2026-09-26,11,quantile,0.01,0.0
2026-09-19,wk inc covid hosp,1,2026-09-26,11,quantile,0.025,0.0
2026-09-19,wk inc covid hosp,1,2026-09-26,11,quantile,0.05,0.0
2026-09-19,wk inc covid hosp,1,2026-09-26,11,quantile,0.1,0.0
2026-09-19,wk inc covid hosp,1,2026-09-26,11,quantile,0.15,0.0
2026-09-19,wk inc covid hosp,1,2026-09-26,11,quantile,0.2,1.0
2026-09-19,wk inc covid hosp,1,2026-09-26,11,quantile,0.25,2.0
2026-09-19,wk inc covid hosp,1,2026-09-26,11,quantile,0.3,3.0
2026-09-19,wk inc covid hosp,1,2026-09-26,11,quantile,0.35,3.0
2026-09-19,wk inc covid hosp,1,2026-09-26,11,quantile,0.4,4.0
2026-09-19,wk inc covid hosp,1,2026-09-26,11,quantile,0.45,4.0
2026-09-19,wk inc covid hosp,1,2026-09-26,11,quantile,0.5,5.0
2026-09-19,wk inc covid hosp,1,2026-09-26,11,quantile,0.55,5.0
2026-09-19,wk inc covid hosp,1,2026-09-26,11,quantile,0.6,6.0
2026-09-19,wk inc covid hosp,1,2026-09-26,11,quantile,0.65,6.0
2026-09-19,wk inc covid hosp,1,2026-09-26,11,quantile,0.7,7.0
2026-09-19,wk inc covid hosp,1,2026-09-26,11,quantile,0.75,8.0
2026-09-19,wk inc covid hosp,1,2026-09-26,11,quantile,0.8,9.0
2026-09-19,wk inc covid hosp,1,2026-09-26,11,quantile,0.85,9.0
2026-09-19,wk inc covid hosp,1,2026-09-26,11,quantile,0.9,11.0
2026-09-19,wk inc covid hosp,1,2026-09-26,11,quantile,0.95,12.0
2026-09-19,wk inc covid hosp,1,2026-09-26,11,quantile,0.975,14.0
2026-09-19,wk inc covid hosp,1,2026-09-26,11,quantile,0.99,16.0
2026-09-19,wk inc covid hosp,1,2026-09-26,12,quantile,0.01,319.0
2026-09-19,wk inc covid hosp,1,2026-09-26,12,quantile,0.025,331.0
2026-09-19,wk inc covid hosp,1,2026-09-26,12,quantile,0.05,345.0
2026-09-19,wk inc covid hosp,1,2026-09-26,12,quantile,0.1,361.0
2026-09-19,wk inc covid hosp,1,2026-09-26,12,quantile,0.15,376.0
2026-09-19,wk inc covid hosp,1,2026-09-26,12,quantile,0.2,387.0
2026-09-19,wk inc covid hosp,1,2026-09-26,12,quantile,0.25,396.0
2026-09-19,wk inc covid hosp,1,2026-09-26,12,quantile,0.3,407.0
2026-09-19,wk inc covid hosp,1,2026-09-26,12,quantile,0.35,419.0
2026-09-19,wk inc covid hosp,1,2026-09-26,12,quantile,0.4,430.0
2026-09-19,wk inc covid hosp,1,2026-09-26,12,quantile,0.45,440.0
2026-09-19,wk inc covid hosp,1,2026-09-26,12,quantile,0.5,451.0
2026-09-19,wk inc covid hosp,1,2026-09-26,12,quantile,0.55,461.0
2026-09-19,wk inc covid hosp,1,2026-09-26,12,quantile,0.6,476.0
2026-09-19,wk inc covid hosp,1,2026-09-26,12,quantile,0.65,490.0
2026-09-19,wk inc covid hosp,1,2026-09-26,12,quantile,0.7,505.0
2026-09-19,wk inc covid hosp,1,2026-09-26,12,quantile,0.75,522.0
2026-09-19,wk inc covid hosp,1,2026-09-26,12,quantile,0.8,544.0
2026-09-19,wk inc covid hosp,1,2026-09-26,12,quantile,0.85,566.0
2026-09-19,wk inc covid hosp,1,2026-09-26,12,quantile,0.9,600.0
2026-09-19,wk inc covid hosp,1,2026-09-26,12,quantile,0.95,663.0
2026-09-19,wk inc covid hosp,1,2026-09-26,12,quantile,0.975,728.0
2026-09-19,wk inc covid hosp,1,2026-09-26,12,quantile,0.99,794.0
2026-09-19,wk inc covid hosp,1,2026-09-26,13,quantile,0.01,17.0
2026-09-19,wk inc covid hosp,1,2026-09-26,13,quantile,0.025,23.0
2026-09-19,wk inc covid hosp,1,2026-09-26,13,quantile,0.05,27.0
2026-09-19,wk inc covid hosp,1,2026-09-26,13,quantile,0.1,34.0
2026-09-19,wk inc covid hosp,1,2026-09-26,13,quantile,0.15,38.0
2026-09-19,wk inc covid hosp,1,2026-09-26,13,quantile,0.2,43.0
2026-09-19,wk inc covid hosp,1,2026-09-26,13,quantile,0.25,46.0
2026-09-19,wk inc covid hosp,1,2026-09-26,13,quantile,0.3,48.0
2026-09-19,wk inc covid hosp,1,2026-09-26,13,quantile,0.35,51.0
2026-09-19,wk inc covid hosp,1,2026-09-26,13,quantile,0.4,53.0
2026-09-19,wk inc covid hosp,1,2026-09-26,13,quantile,0.45,56.0
2026-09-19,wk inc covid hosp,1,2026-09-26,13,quantile,0.5,59.0
2026-09-19,wk inc covid hosp,1,2026-09-26,13,quantile,0.55,61.0
2026-09-19,wk inc covid hosp,1,2026-09-26,13,quantile,0.6,64.0
2026-09-19,wk inc covid hosp,1,2026-09-26,13,quantile,0.65,66.0
2026-09-19,wk inc covid hosp,1,2026-09-26,13,quantile,0.7,70.0
2026-09-19,wk inc covid hosp,1,2026-09-26,13,quantile,0.75,72.0
2026-09-19,wk inc covid hosp,1,2026-09-26,13,quantile,0.8,76.0
2026-09-19,wk inc covid hosp,1,2026-09-26,13,quantile,0.85,79.0
2026-09-19,wk inc covid hosp,1,2026-09-26,13,quantile,0.9,83.0
2026-09-19,wk inc covid hosp,1,2026-09-26,13,quantile,0.95,89.0
2026-09-19,wk inc covid hosp,1,2026-09-26,13,quantile,0.975,94.0
2026-09-19,wk inc covid hosp,1,2026-09-26,13,quantile,0.99,99.0
2026-09-19,wk inc covid hosp,1,2026-09-26,15,quantile,0.01,5.0
2026-09-19,wk inc covid hosp,1,2026-09-26,15,quantile,0.025,6.0
2026-09-19,wk inc covid hosp,1,2026-09-26,15,quantile,0.05,8.0
2026-09-19,wk inc covid hosp,1,2026-09-26,15,quantile,0.1,9.0
2026-09-19,wk inc covid hosp,1,2026-09-26,15,quantile,0.15,11.0
2026-09-19,wk inc covid hosp,1,2026-09-26,15,quantile,0.2,12.0
2026-09-19,wk inc covid hosp,1,2026-09-26,15,quantile,0.25,14.0
2026-09-19,wk inc covid hosp,1,2026-09-26,15,quantile,0.3,15.0
2026-09-19,wk inc covid hosp,1,2026-09-26,15,quantile,0.35,16.0
2026-09-19,wk inc covid hosp,1,2026-09-26,15,quantile,0.4,17.0
2026-09-19,wk inc covid hosp,1,2026-09-26,15,quantile,0.45,19.0
2026-09-19,wk inc covid hosp,1,2026-09-26,15,quantile,0.5,20.0
2026-09-19,wk inc covid hosp,1,2026-09-26,15,quantile,0.55,22.0
2026-09-19,wk inc covid hosp,1,2026-09-26,15,quantile,0.6,24.0
2026-09-19,wk inc covid hosp,1,2026-09-26,15,quantile,0.65,25.0
2026-09-19,wk inc covid hosp,1,2026-09-26,15,quantile,0.7,27.0
2026-09-19,wk inc covid hosp,1,2026-09-26,15,quantile,0.75,30.0
2026-09-19,wk inc covid hosp,1,2026-09-26,15,quantile,0.8,32.0
2026-09-19,wk inc covid hosp,1,2026-09-26,15,quantile,0.85,36.0
2026-09-19,wk inc covid hosp,1,2026-09-26,15,quantile,0.9,41.0
2026-09-19,wk inc covid hosp,1,2026-09-26,15,quantile,0.95,49.0
2026-09-19,wk inc covid hosp,1,2026-09-26,15,quantile,0.975,55.0
2026-09-19,wk inc covid hosp,1,2026-09-26,15,quantile,0.99,64.0
2026-09-19,wk inc covid hosp,1,2026-09-26,16,quantile,0.01,0.0
2026-09-19,wk inc covid hosp,1,2026-09-26,16,quantile,0.025,0.0
2026-09-19,wk inc covid hosp,1,2026-09-26,16,quantile,0.05,0.0
2026-09-19,wk inc covid hosp,1,2026-09-26,16,quantile,0.1,0.0
2026-09-19,wk inc covid hosp,1,2026-09-26,16,quantile,0.15,0.0
2026-09-19,wk inc covid hosp,1,2026-09-26,16,quantile,0.2,2.0
2026-09-19,wk inc covid hosp,1,2026-09-26,16,quantile,0.25,3.0
2026-09-19,wk inc covid hosp,1,2026-09-26,16,quantile,0.3,4.0
2026-09-19,wk inc covid hosp,1,2026-09-26,16,quantile,0.35,5.0
2026-09-19,wk inc covid hosp,1,2026-09-26,16,quantile,0.4,7.0
2026-09-19,wk inc covid hosp,1,2026-09-26,16,quantile,0.45,8.0
2026-09-19,wk inc covid hosp,1,2026-09-26,16,quantile,0.5,9.0
2026-09-19,wk inc covid hosp,1,2026-09-26,16,quantile,0.55,10.0
2026-09-19,wk inc covid hosp,1,2026-09-26,16,quantile,0.6,11.0
2026-09-19,wk inc covid hosp,1,2026-09-26,16,quantile,0.65,12.0
2026-09-19,wk inc covid hosp,1,2026-09-26,16,quantile,0.7,14.0
2026-09-19,wk inc covid hosp,1,2026-09-26,16,quantile,0.75,15.0
2026-09-19,wk inc covid hosp,1,2026-09-26,16,quantile,0.8,16.0
2026-09-19,wk inc covid hosp,1,2026-09-26,16,quantile,0.85,18.0
2026-09-19,wk inc covid hosp,1,2026-09-26,16,quantile,0.9,20.0
2026-09-19,wk inc covid hosp,1,2026-09-26,16,quantile,0.95,23.0
2026-09-19,wk inc covid hosp,1,2026-09-26,16,quantile,0.975,26.0
2026-09-19,wk inc covid hosp,1,2026-09-26,16,quantile,0.99,29.0
2026-09-19,wk inc covid hosp,1,2026-09-26,17,quantile,0.01,0.0
2026-09-19,wk inc covid hosp,1,2026-09-26,17,quantile,0.025,0.0
2026-09-19,wk inc covid hosp,1,2026-09-26,17,quantile,0.05,6.0
2026-09-19,wk inc covid hosp,1,2026-09-26,17,quantile,0.1,14.0
2026-09-19,wk inc covid hosp,1,2026-09-26,17,quantile,0.15,19.0
2026-09-19,wk inc covid hosp,1,2026-09-26,17,quantile,0.2,23.0
2026-09-19,wk inc covid hosp,1,2026-09-26,17,quantile,0.25,27.0
2026-09-19,wk inc covid hosp,1,2026-09-26,17,quantile,0.3,30.0
2026-09-19,wk inc covid hosp,1,2026-09-26,17,quantile,0.35,33.0
2026-09-19,wk inc covid hosp,1,2026-09-26,17,quantile,0.4,36.0
2026-09-19,wk inc covid hosp,1,2026-09-26,17,quantile,0.45,39.0
2026-09-19,wk inc covid hosp,1,2026-09-26,17,quantile,0.5,42.0
2026-09-19,wk inc covid hosp,1,2026-09-26,17,quantile,0.55,45.0
2026-09-19,wk inc covid hosp,1,2026-09-26,17,quantile,0.6,48.0
2026-09-19,wk inc covid hosp,1,2026-09-26,17,quantile,0.65,52.0
2026-09-19,wk inc covid hosp,1,2026-09-26,17,quantile,0.7,55.0
2026-09-19,wk inc covid hosp,1,2026-09-26,17,quantile,0.75,59.0
2026-09-19,wk inc covid hosp,1,2026-09-26,17,quantile,0.8,63.0
2026-09-19,wk inc covid hosp,1,2026-09-26,17,quantile,0.85,68.0
2026-09-19,wk inc covid hosp,1,2026-09-26,17,quantile,0.9,73.0
2026-09-19,wk inc covid hosp,1,2026-09-26,17,quantile,0.95,81.0
2026-09-19,wk inc covid hosp,1,2026-09-26,17,quantile,0.975,87.0
2026-09-19,wk inc covid hosp,1,2026-09-26,17,quantile,0.99,91.0
2026-09-19,wk inc covid hosp,1,2026-09-26,18,quantile,0.01,6.0
2026-09-19,wk inc covid hosp,1,2026-09-26,18,quantile,0.025,9.0
2026-09-19,wk inc covid hosp,1,2026-09-26,18,quantile,0.05,13.0
2026-09-19,wk inc covid hosp,1,2026-09-26,18,quantile,0.1,18.0
2026-09-19,wk inc covid hosp,1,2026-09-26,18,quantile,0.15,21.0
2026-09-19,wk inc covid hosp,1,2026-09-26,18,quantile,0.2,24.0
2026-09-19,wk inc covid hosp,1,2026-09-26,18,quantile,0.25,27.0
2026-09-19,wk inc covid hosp,1,2026-09-26,18,quantile,0.3,29.0
2026-09-19,wk inc covid hosp,1,2026-09-26,18,quantile,0.35,31.0
2026-09-19,wk inc covid hosp,1,2026-09-26,18,quantile,0.4,33.0
2026-09-19,wk inc covid hosp,1,2026-09-26,18,quantile,0.45,36.0
2026-09-19,wk inc covid hosp,1,2026-09-26,18,quantile,0.5,38.0
2026-09-19,wk inc covid hosp,1,2026-09-26,18,quantile,0.55,41.0
2026-09-19,wk inc covid hosp,1,2026-09-26,18,quantile,0.6,43.0
2026-09-19,wk inc covid hosp,1,2026-09-26,18,quantile,0.65,46.0
2026-09-19,wk inc covid hosp,1,2026-09-26,18,quantile,0.7,48.0
2026-09-19,wk inc covid hosp,1,2026-09-26,18,quantile,0.75,51.0
2026-09-19,wk inc covid hosp,1,2026-09-26,18,quantile,0.8,55.0
2026-09-19,wk inc covid hosp,1,2026-09-26,18,quantile,0.85,60.0
2026-09-19,wk inc covid hosp,1,2026-09-26,18,quantile,0.9,66.0
2026-09-19,wk inc covid hosp,1,2026-09-26,18,quantile,0.95,75.0
2026-09-19,wk inc covid hosp,1,2026-09-26,18,quantile,0.975,84.0
2026-09-19,wk inc covid hosp,1,2026-09-26,18,quantile,0.99,90.0
2026-09-19,wk inc covid hosp,1,2026-09-26,19,quantile,0.01,7.0
2026-09-19,wk inc covid hosp,1,2026-09-26,19,quantile,0.025,8.0
2026-09-19,wk inc covid hosp,1,2026-09-26,19,quantile,0.05,9.0
2026-09-19,wk inc covid hosp,1,2026-09-26,19,quantile,0.1,11.0
2026-09-19,wk inc covid hosp,1,2026-09-26,19,quantile,0.15,12.0
2026-09-19,wk inc covid hosp,1,2026-09-26,19,quantile,0.2,13.0
2026-09-19,wk inc covid hosp,1,2026-09-26,19,quantile,0.25,14.0
2026-09-19,wk inc covid hosp,1,2026-09-26,19,quantile,0.3,15.0
2026-09-19,wk inc covid hosp,1,2026-09-26,19,quantile,0.35,16.0
2026-09-19,wk inc covid hosp,1,2026-09-26,19,quantile,0.4,16.0
2026-09-19,wk inc covid hosp,1,2026-09-26,19,quantile,0.45,17.0
2026-09-19,wk inc covid hosp,1,2026-09-26,19,quantile,0.5,18.0
2026-09-19,wk inc covid hosp,1,2026-09-26,19,quantile,0.55,19.0
2026-09-19,wk inc covid hosp,1,2026-09-26,19,quantile,0.6,20.0
2026-09-19,wk inc covid hosp,1,2026-09-26,19,quantile,0.65,21.0
2026-09-19,wk inc covid hosp,1,2026-09-26,19,quantile,0.7,22.0
2026-09-19,wk inc covid hosp,1,2026-09-26,19,quantile,0.75,23.0
2026-09-19,wk inc covid hosp,1,2026-09-26,19,quantile,0.8,24.0
2026-09-19,wk inc covid hosp,1,2026-09-26,19,quantile,0.85,26.0
2026-09-19,wk inc covid hosp,1,2026-09-26,19,quantile,0.9,29.0
2026-09-19,wk inc covid hosp,1,2026-09-26,19,quantile,0.95,32.0
2026-09-19,wk inc covid hosp,1,2026-09-26,19,quantile,0.975,37.0
2026-09-19,wk inc covid hosp,1,2026-09-26,19,quantile,0.99,41.0
2026-09-19,wk inc covid hosp,1,2026-09-26,20,quantile,0.01,0.0
2026-09-19,wk inc covid hosp,1,2026-09-26,20,quantile,0.025,0.0
2026-09-19,wk inc covid hosp,1,2026-09-26,20,quantile,0.05,0.0
2026-09-19,wk inc covid hosp,1,2026-09-26,20,quantile,0.1,0.0
2026-09-19,wk inc covid hosp,1,2026-09-26,20,quantile,0.15,1.0
2026-09-19,wk inc covid hosp,1,2026-09-26,20,quantile,0.2,3.0
2026-09-19,wk inc covid hosp,1,2026-09-26,20,quantile,0.25,4.0
2026-09-19,wk inc covid hosp,1,2026-09-26,20,quantile,0.3,5.0
2026-09-19,wk inc covid hosp,1,2026-09-26,20,quantile,0.35,6.0
2026-09-19,wk inc covid hosp,1,2026-09-26,20,quantile,0.4,7.0
2026-09-19,wk inc covid hosp,1,2026-09-26,20,quantile,0.45,8.0
2026-09-19,wk inc covid hosp,1,2026-09-26,20,quantile,0.5,9.0
2026-09-19,wk inc covid hosp,1,2026-09-26,20,quantile,0.55,10.0
2026-09-19,wk inc covid hosp,1,2026-09-26,20,quantile,0.6,11.0
2026-09-19,wk inc covid hosp,1,2026-09-26,20,quantile,0.65,12.0
2026-09-19,wk inc covid hosp,1,2026-09-26,20,quantile,0.7,13.0
2026-09-19,wk inc covid hosp,1,2026-09-26,20,quantile,0.75,14.0
2026-09-19,wk inc covid hosp,1,2026-09-26,20,quantile,0.8,15.0
2026-09-19,wk inc covid hosp,1,2026-09-26,20,quantile,0.85,16.0
2026-09-19,wk inc covid hosp,1,2026-09-26,20,quantile,0.9,18.0
2026-09-19,wk inc covid hosp,1,2026-09-26,20,quantile,0.95,20.0
2026-09-19,wk inc covid hosp,1,2026-09-26,20,quantile,0.975,22.0
2026-09-19,wk inc covid hosp,1,2026-09-26,20,quantile,0.99,24.0
2026-09-19,wk inc covid hosp,1,2026-09-26,21,quantile,0.01,8.0
2026-09-19,wk inc covid hosp,1,2026-09-26,21,quantile,0.025,10.0
2026-09-19,wk inc covid hosp,1,2026-09-26,21,quantile,0.05,11.0
2026-09-19,wk inc covid hosp,1,2026-09-26,21,quantile,0.1,14.0
2026-09-19,wk inc covid hosp,1,2026-09-26,21,quantile,0.15,15.0
2026-09-19,wk inc covid hosp,1,2026-09-26,21,quantile,0.2,17.0
2026-09-19,wk inc covid hosp,1,2026-09-26,21,quantile,0.25,18.0
2026-09-19,wk inc covid hosp,1,2026-09-26,21,quantile,0.3,19.0
2026-09-19,wk inc covid hosp,1,2026-09-26,21,quantile,0.35,20.0
2026-09-19,wk inc covid hosp,1,2026-09-26,21,quantile,0.4,22.0
2026-09-19,wk inc covid hosp,1,2026-09-26,21,quantile,0.45,23.0
2026-09-19,wk inc covid hosp,1,2026-09-26,21,quantile,0.5,24.0
2026-09-19,wk inc covid hosp,1,2026-09-26,21,quantile,0.55,25.0
2026-09-19,wk inc covid hosp,1,2026-09-26,21,quantile,0.6,26.0
2026-09-19,wk inc covid hosp,1,2026-09-26,21,quantile,0.65,28.0
2026-09-19,wk inc covid hosp,1,2026-09-26,21,quantile,0.7,29.0
2026-09-19,wk inc covid hosp,1,2026-09-26,21,quantile,0.75,30.0
2026-09-19,wk inc covid hosp,1,2026-09-26,21,quantile,0.8,32.0
2026-09-19,wk inc covid hosp,1,2026-09-26,21,quantile,0.85,34.0
2026-09-19,wk inc covid hosp,1,2026-09-26,21,quantile,0.9,36.0
2026-09-19,wk inc covid hosp,1,2026-09-26,21,quantile,0.95,40.0
2026-09-19,wk inc covid hosp,1,2026-09-26,21,quantile,0.975,43.0
2026-09-19,wk inc covid hosp,1,2026-09-26,21,quantile,0.99,46.0
2026-09-19,wk inc covid hosp,1,2026-09-26,22,quantile,0.01,20.0
2026-09-19,wk inc covid hosp,1,2026-09-26,22,quantile,0.025,22.0
2026-09-19,wk inc covid hosp,1,2026-09-26,22,quantile,0.05,25.0
2026-09-19,wk inc covid hosp,1,2026-09-26,22,quantile,0.1,30.0
2026-09-19,wk inc covid hosp,1,2026-09-26,22,quantile,0.15,33.0
2026-09-19,wk inc covid hosp,1,2026-09-26,22,quantile,0.2,36.0
2026-09-19,wk inc covid hosp,1,2026-09-26,22,quantile,0.25,38.0
2026-09-19,wk inc covid hosp,1,2026-09-26,22,quantile,0.3,40.0
2026-09-19,wk inc covid hosp,1,2026-09-26,22,quantile,0.35,43.0
2026-09-19,wk inc covid hosp,1,2026-09-26,22,quantile,0.4,45.0
2026-09-19,wk inc covid hosp,1,2026-09-26,22,quantile,0.45,47.0
2026-09-19,wk inc covid hosp,1,2026-09-26,22,quantile,0.5,49.0
2026-09-19,wk inc covid hosp,1,2026-09-26,22,quantile,0.55,51.0
2026-09-19,wk inc covid hosp,1,2026-09-26,22,quantile,0.6,53.0
2026-09-19,wk inc covid hosp,1,2026-09-26,22,quantile,0.65,55.0
2026-09-19,wk inc covid hosp,1,2026-09-26,22,quantile,0.7,57.0
2026-09-19,wk inc covid hosp,1,2026-09-26,22,quantile,0.75,59.0
2026-09-19,wk inc covid hosp,1,2026-09-26,22,quantile,0.8,62.0
2026-09-19,wk inc covid hosp,1,2026-09-26,22,quantile,0.85,66.0
2026-09-19,wk inc covid hosp,1,2026-09-26,22,quantile,0.9,70.0
2026-09-19,wk inc covid hosp,1,2026-09-26,22,quantile,0.95,76.0
2026-09-19,wk inc covid hosp,1,2026-09-26,22,quantile,0.975,79.0
2026-09-19,wk inc covid hosp,1,2026-09-26,22,quantile,0.99,84.0
2026-09-19,wk inc covid hosp,1,2026-09-26,23,quantile,0.01,0.0
2026-09-19,wk inc covid hosp,1,2026-09-26,23,quantile,0.025,0.0
2026-09-19,wk inc covid hosp,1,2026-09-26,23,quantile,0.05,0.0
2026-09-19,wk inc covid hosp,1,2026-09-26,23,quantile,0.1,0.0
2026-09-19,wk inc covid hosp,1,2026-09-26,23,quantile,0.15,0.0
2026-09-19,wk inc covid hosp,1,2026-09-26,23,quantile,0.2,0.0
2026-09-19,wk inc covid hosp,1,2026-09-26,23,quantile,0.25,0.0
2026-09-19,wk inc covid hosp,1,2026-09-26,23,quantile,0.3,0.0
2026-09-19,wk inc covid hosp,1,2026-09-26,23,quantile,0.35,1.0
2026-09-19,wk inc covid hosp,1,2026-09-26,23,quantile,0.4,1.0
2026-09-19,wk inc covid hosp,1,2026-09-26,23,quantile,0.45,1.0
2026-09-19,wk inc covid hosp,1,2026-09-26,23,quantile,0.5,2.0
2026-09-19,wk inc covid hosp,1,2026-09-26,23,quantile,0.55,2.0
2026-09-19,wk inc covid hosp,1,2026-09-26,23,quantile,0.6,2.0
2026-09-19,wk inc covid hosp,1,2026-09-26,23,quantile,0.65,3.0
2026-09-19,wk inc covid hosp,1,2026-09-26,23,quantile,0.7,3.0
2026-09-19,wk inc covid hosp,1,2026-09-26,23,quantile,0.75,3.0
2026-09-19,wk inc covid hosp,1,2026-09-26,23,quantile,0.8,4.0
2026-09-19,wk inc covid hosp,1,2026-09-26,23,quantile,0.85,4.0
2026-09-19,wk inc covid hosp,1,2026-09-26,23,quantile,0.9,5.0
2026-09-19,wk inc covid hosp,1,2026-09-26,23,quantile,0.95,6.0
2026-09-19,wk inc covid hosp,1,2026-09-26,23,quantile,0.975,7.0
2026-09-19,wk inc covid hosp,1,2026-09-26,23,quantile,0.99,8.0
2026-09-19,wk inc covid hosp,1,2026-09-26,24,quantile,0.01,6.0
2026-09-19,wk inc covid hosp,1,2026-09-26,24,quantile,0.025,8.0
2026-09-19,wk inc covid hosp,1,2026-09-26,24,quantile,0.05,10.0
2026-09-19,wk inc covid hosp,1,2026-09-26,24,quantile,0.1,12.0
2026-09-19,wk inc covid hosp,1,2026-09-26,24,quantile,0.15,13.0
2026-09-19,wk inc covid hosp,1,2026-09-26,24,quantile,0.2,15.0
2026-09-19,wk inc covid hosp,1,2026-09-26,24,quantile,0.25,16.0
2026-09-19,wk inc covid hosp,1,2026-09-26,24,quantile,0.3,17.0
2026-09-19,wk inc covid hosp,1,2026-09-26,24,quantile,0.35,18.0
2026-09-19,wk inc covid hosp,1,2026-09-26,24,quantile,0.4,19.0
2026-09-19,wk inc covid hosp,1,2026-09-26,24,quantile,0.45,20.0
2026-09-19,wk inc covid hosp,1,2026-09-26,24,quantile,0.5,21.0
2026-09-19,wk inc covid hosp,1,2026-09-26,24,quantile,0.55,23.0
2026-09-19,wk inc covid hosp,1,2026-09-26,24,quantile,0.6,24.0
2026-09-19,wk inc covid hosp,1,2026-09-26,24,quantile,0.65,25.0
2026-09-19,wk inc covid hosp,1,2026-09-26,24,quantile,0.7,27.0
2026-09-19,wk inc covid hosp,1,2026-09-26,24,quantile,0.75,28.0
2026-09-19,wk inc covid hosp,1,2026-09-26,24,quantile,0.8,30.0
2026-09-19,wk inc covid hosp,1,2026-09-26,24,quantile,0.85,32.0
2026-09-19,wk inc covid hosp,1,2026-09-26,24,quantile,0.9,36.0
2026-09-19,wk inc covid hosp,1,2026-09-26,24,quantile,0.95,41.0
2026-09-19,wk inc covid hosp,1,2026-09-26,24,quantile,0.975,45.0
2026-09-19,wk inc covid hosp,1,2026-09-26,24,quantile,0.99,51.0
2026-09-19,wk inc covid hosp,1,2026-09-26,25,quantile,0.01,0.0
2026-09-19,wk inc covid hosp,1,2026-09-26,25,quantile,0.025,0.0
2026-09-19,wk inc covid hosp,1,2026-09-26,25,quantile,0.05,0.0
2026-09-19,wk inc covid hosp,1,2026-09-26,25,quantile,0.1,0.0
2026-09-19,wk inc covid hosp,1,2026-09-26,25,quantile,0.15,0.0
2026-09-19,wk inc covid hosp,1,2026-09-26,25,quantile,0.2,4.0
2026-09-19,wk inc covid hosp,1,2026-09-26,25,quantile,0.25,7.0
2026-09-19,wk inc covid hosp,1,2026-09-26,25,quantile,0.3,10.0
2026-09-19,wk inc covid hosp,1,2026-09-26,25,quantile,0.35,13.0
2026-09-19,wk inc covid hosp,1,2026-09-26,25,quantile,0.4,15.0
2026-09-19,wk inc covid hosp,1,2026-09-26,25,quantile,0.45,18.0
2026-09-19,wk inc covid hosp,1,2026-09-26,25,quantile,0.5,20.0
2026-09-19,wk inc covid hosp,1,2026-09-26,25,quantile,0.55,22.0
2026-09-19,wk inc covid hosp,1,2026-09-26,25,quantile,0.6,24.0
2026-09-19,wk inc covid hosp,1,2026-09-26,25,quantile,0.65,27.0
2026-09-19,wk inc covid hosp,1,2026-09-26,25,quantile,0.7,30.0
2026-09-19,wk inc covid hosp,1,2026-09-26,25,quantile,0.75,32.0
2026-09-19,wk inc covid hosp,1,2026-09-26,25,quantile,0.8,34.0
2026-09-19,wk inc covid hosp,1,2026-09-26,25,quantile,0.85,37.0
2026-09-19,wk inc covid hosp,1,2026-09-26,25,quantile,0.9,41.0
2026-09-19,wk inc covid hosp,1,2026-09-26,25,quantile,0.95,46.0
2026-09-19,wk inc covid hosp,1,2026-09-26,25,quantile,0.975,49.0
2026-09-19,wk inc covid hosp,1,2026-09-26,25,quantile,0.99,52.0
2026-09-19,wk inc covid hosp,1,2026-09-26,26,quantile,0.01,0.0
2026-09-19,wk inc covid hosp,1,2026-09-26,26,quantile,0.025,0.0
2026-09-19,wk inc covid hosp,1,2026-09-26,26,quantile,0.05,0.0
2026-09-19,wk inc covid hosp,1,2026-09-26,26,quantile,0.1,0.0
2026-09-19,wk inc covid hosp,1,2026-09-26,26,quantile,0.15,0.0
2026-09-19,wk inc covid hosp,1,2026-09-26,26,quantile,0.2,0.0
2026-09-19,wk inc covid hosp,1,2026-09-26,26,quantile,0.25,1.0
2026-09-19,wk inc covid hosp,1,2026-09-26,26,quantile,0.3,4.0
2026-09-19,wk inc covid hosp,1,2026-09-26,26,quantile,0.35,7.0
2026-09-19,wk inc covid hosp,1,2026-09-26,26,quantile,0.4,9.0
2026-09-19,wk inc covid hosp,1,2026-09-26,26,quantile,0.45,12.0
2026-09-19,wk inc covid hosp,1,2026-09-26,26,quantile,0.5,14.0
2026-09-19,wk inc covid hosp,1,2026-09-26,26,quantile,0.55,16.0
2026-09-19,wk inc covid hosp,1,2026-09-26,26,quantile,0.6,18.0
2026-09-19,wk inc covid hosp,1,2026-09-26,26,quantile,0.65,21.0
2026-09-19,wk inc covid hosp,1,2026-09-26,26,quantile,0.7,23.0
2026-09-19,wk inc covid hosp,1,2026-09-26,26,quantile,0.75,25.0
2026-09-19,wk inc covid hosp,1,2026-09-26,26,quantile,0.8,28.0
2026-09-19,wk inc covid hosp,1,2026-09-26,26,quantile,0.85,31.0
2026-09-19,wk inc covid hosp,1,2026-09-26,26,quantile,0.9,34.0
2026-09-19,wk inc covid hosp,1,2026-09-26,26,quantile,0.95,39.0
2026-09-19,wk inc covid hosp,1,2026-09-26,26,quantile,0.975,41.0
2026-09-19,wk inc covid hosp,1,2026-09-26,26,quantile,0.99,45.0
2026-09-19,wk inc covid hosp,1,2026-09-26,27,quantile,0.01,2.0
2026-09-19,wk inc covid hosp,1,2026-09-26,27,quantile,0.025,5.0
2026-09-19,wk inc covid hosp,1,2026-09-26,27,quantile,0.05,8.0
2026-09-19,wk inc covid hosp,1,2026-09-26,27,quantile,0.1,11.0
2026-09-19,wk inc covid hosp,1,2026-09-26,27,quantile,0.15,13.0
2026-09-19,wk inc covid hosp,1,2026-09-26,27,quantile,0.2,14.0
2026-09-19,wk inc covid hosp,1,2026-09-26,27,quantile,0.25,16.0
2026-09-19,wk inc covid hosp,1,2026-09-26,27,quantile,0.3,17.0
2026-09-19,wk inc covid hosp,1,2026-09-26,27,quantile,0.35,19.0
2026-09-19,wk inc covid hosp,1,2026-09-26,27,quantile,0.4,20.0
2026-09-19,wk inc covid hosp,1,2026-09-26,27,quantile,0.45,21.0
2026-09-19,wk inc covid hosp,1,2026-09-26,27,quantile,0.5,23.0
2026-09-19,wk inc covid hosp,1,2026-09-26,27,quantile,0.55,24.0
2026-09-19,wk inc covid hosp,1,2026-09-26,27,quantile,0.6,25.0
2026-09-19,wk inc covid hosp,1,2026-09-26,27,quantile,0.65,27.0
2026-09-19,wk inc covid hosp,1,2026-09-26,27,quantile,0.7,28.0
2026-09-19,wk inc covid hosp,1,2026-09-26,27,quantile,0.75,30.0
2026-09-19,wk inc covid hosp,1,2026-09-26,27,quantile,0.8,32.0
2026-09-19,wk inc covid hosp,1,2026-09-26,27,quantile,0.85,34.0
2026-09-19,wk inc covid hosp,1,2026-09-26,27,quantile,0.9,37.0
2026-09-19,wk inc covid hosp,1,2026-09-26,27,quantile,0.95,40.0
2026-09-19,wk inc covid hosp,1,2026-09-26,27,quantile,0.975,44.0
2026-09-19,wk inc covid hosp,1,2026-09-26,27,quantile,0.99,47.0
2026-09-19,wk inc covid hosp,1,2026-09-26,28,quantile,0.01,16.0
2026-09-19,wk inc covid hosp,1,2026-09-26,28,quantile,0.025,18.0
2026-09-19,wk inc covid hosp,1,2026-09-26,28,quantile,0.05,20.0
2026-09-19,wk inc covid hosp,1,2026-09-26,28,quantile,0.1,22.0
2026-09-19,wk inc covid hosp,1,2026-09-26,28,quantile,0.15,24.0
2026-09-19,wk inc covid hosp,1,2026-09-26,28,quantile,0.2,25.0
2026-09-19,wk inc covid hosp,1,2026-09-26,28,quantile,0.25,26.0
2026-09-19,wk inc covid hosp,1,2026-09-26,28,quantile,0.3,27.0
2026-09-19,wk inc covid hosp,1,2026-09-26,28,quantile,0.35,28.0
2026-09-19,wk inc covid hosp,1,2026-09-26,28,quantile,0.4,30.0
2026-09-19,wk inc covid hosp,1,2026-09-26,28,quantile,0.45,31.0
2026-09-19,wk inc covid hosp,1,2026-09-26,28,quantile,0.5,32.0
2026-09-19,wk inc covid hosp,1,2026-09-26,28,quantile,0.55,33.0
2026-09-19,wk inc covid hosp,1,2026-09-26,28,quantile,0.6,34.0
2026-09-19,wk inc covid hosp,1,2026-09-26,28,quantile,0.65,35.0
2026-09-19,wk inc covid hosp,1,2026-09-26,28,quantile,0.7,37.0
2026-09-19,wk inc covid hosp,1,2026-09-26,28,quantile,0.75,39.0
2026-09-19,wk inc covid hosp,1,2026-09-26,28,quantile,0.8,40.0
2026-09-19,wk inc covid hosp,1,2026-09-26,28,quantile,0.85,42.0
2026-09-19,wk inc covid hosp,1,2026-09-26,28,quantile,0.9,45.0
2026-09-19,wk inc covid hosp,1,2026-09-26,28,quantile,0.95,49.0
2026-09-19,wk inc covid hosp,1,2026-09-26,28,quantile,0.975,52.0
2026-09-19,wk inc covid hosp,1,2026-09-26,28,quantile,0.99,55.0
2026-09-19,wk inc covid hosp,1,2026-09-26,29,quantile,0.01,26.0
2026-09-19,wk inc covid hosp,1,2026-09-26,29,quantile,0.025,29.0
2026-09-19,wk inc covid hosp,1,2026-09-26,29,quantile,0.05,32.0
2026-09-19,wk inc covid hosp,1,2026-09-26,29,quantile,0.1,35.0
2026-09-19,wk inc covid hosp,1,2026-09-26,29,quantile,0.15,38.0
2026-09-19,wk inc covid hosp,1,2026-09-26,29,quantile,0.2,41.0
2026-09-19,wk inc covid hosp,1,2026-09-26,29,quantile,0.25,43.0
2026-09-19,wk inc covid hosp,1,2026-09-26,29,quantile,0.3,44.0
2026-09-19,wk inc covid hosp,1,2026-09-26,29,quantile,0.35,46.0
2026-09-19,wk inc covid hosp,1,2026-09-26,29,quantile,0.4,48.0
2026-09-19,wk inc covid hosp,1,2026-09-26,29,quantile,0.45,50.0
2026-09-19,wk inc covid hosp,1,2026-09-26,29,quantile,0.5,51.0
2026-09-19,wk inc covid hosp,1,2026-09-26,29,quantile,0.55,53.0
2026-09-19,wk inc covid hosp,1,2026-09-26,29,quantile,0.6,55.0
2026-09-19,wk inc covid hosp,1,2026-09-26,29,quantile,0.65,58.0
2026-09-19,wk inc covid hosp,1,2026-09-26,29,quantile,0.7,60.0
2026-09-19,wk inc covid hosp,1,2026-09-26,29,quantile,0.75,64.0
2026-09-19,wk inc covid hosp,1,2026-09-26,29,quantile,0.8,67.0
2026-09-19,wk inc covid hosp,1,2026-09-26,29,quantile,0.85,71.0
2026-09-19,wk inc covid hosp,1,2026-09-26,29,quantile,0.9,76.0
2026-09-19,wk inc covid hosp,1,2026-09-26,29,quantile,0.95,85.0
2026-09-19,wk inc covid hosp,1,2026-09-26,29,quantile,0.975,96.0
2026-09-19,wk inc covid hosp,1,2026-09-26,29,quantile,0.99,113.0
2026-09-19,wk inc covid hosp,1,2026-09-26,30,quantile,0.01,1.0
2026-09-19,wk inc covid hosp,1,2026-09-26,30,quantile,0.025,2.0
2026-09-19,wk inc covid hosp,1,2026-09-26,30,quantile,0.05,3.0
2026-09-19,wk inc covid hosp,1,2026-09-26,30,quantile,0.1,5.0
2026-09-19,wk inc covid hosp,1,2026-09-26,30,quantile,0.15,7.0
2026-09-19,wk inc covid hosp,1,2026-09-26,30,quantile,0.2,8.0
2026-09-19,wk inc covid hosp,1,2026-09-26,30,quantile,0.25,8.0
2026-09-19,wk inc covid hosp,1,2026-09-26,30,quantile,0.3,9.0
2026-09-19,wk inc covid hosp,1,2026-09-26,30,quantile,0.35,10.0
2026-09-19,wk inc covid hosp,1,2026-09-26,30,quantile,0.4,11.0
2026-09-19,wk inc covid hosp,1,2026-09-26,30,quantile,0.45,12.0
2026-09-19,wk inc covid hosp,1,2026-09-26,30,quantile,0.5,12.0
2026-09-19,wk inc covid hosp,1,2026-09-26,30,quantile,0.55,13.0
2026-09-19,wk inc covid hosp,1,2026-09-26,30,quantile,0.6,14.0
2026-09-19,wk inc covid hosp,1,2026-09-26,30,quantile,0.65,15.0
2026-09-19,wk inc covid hosp,1,2026-09-26,30,quantile,0.7,16.0
2026-09-19,wk inc covid hosp,1,2026-09-26,30,quantile,0.75,17.0
2026-09-19,wk inc covid hosp,1,2026-09-26,30,quantile,0.8,19.0
2026-09-19,wk inc covid hosp,1,2026-09-26,30,quantile,0.85,21.0
2026-09-19,wk inc covid hosp,1,2026-09-26,30,quantile,0.9,23.0
2026-09-19,wk inc covid hosp,1,2026-09-26,30,quantile,0.95,27.0
2026-09-19,wk inc covid hosp,1,2026-09-26,30,quantile,0.975,31.0
2026-09-19,wk inc covid hosp,1,2026-09-26,30,quantile,0.99,36.0
2026-09-19,wk inc covid hosp,1,2026-09-26,31,quantile,0.01,0.0
2026-09-19,wk inc covid hosp,1,2026-09-26,31,quantile,0.025,0.0
2026-09-19,wk inc covid hosp,1,2026-09-26,31,quantile,0.05,0.0
2026-09-19,wk inc covid hosp,1,2026-09-26,31,quantile,0.1,0.0
2026-09-19,wk inc covid hosp,1,2026-09-26,31,quantile,0.15,0.0
2026-09-19,wk inc covid hosp,1,2026-09-26,31,quantile,0.2,0.0
2026-09-19,wk inc covid hosp,1,2026-09-26,31,quantile,0.25,0.0
2026-09-19,wk inc covid hosp,1,2026-09-26,31,quantile,0.3,1.0
2026-09-19,wk inc covid hosp,1,2026-09-26,31,quantile,0.35,1.0
2026-09-19,wk inc covid hosp,1,2026-09-26,31,quantile,0.4,2.0
2026-09-19,wk inc covid hosp,1,2026-09-26,31,quantile,0.45,2.0
2026-09-19,wk inc covid hosp,1,2026-09-26,31,quantile,0.5,3.0
2026-09-19,wk inc covid hosp,1,2026-09-26,31,quantile,0.55,3.0
2026-09-19,wk inc covid hosp,1,2026-09-26,31,quantile,0.6,3.0
2026-09-19,wk inc covid hosp,1,2026-09-26,31,quantile,0.65,4.0
2026-09-19,wk inc covid hosp,1,2026-09-26,31,quantile,0.7,4.0
2026-09-19,wk inc covid hosp,1,2026-09-26,31,quantile,0.75,5.0
2026-09-19,wk inc covid hosp,1,2026-09-26,31,quantile,0.8,5.0
2026-09-19,wk inc covid hosp,1,2026-09-26,31,quantile,0.85,6.0
2026-09-19,wk inc covid hosp,1,2026-09-26,31,quantile,0.9,7.0
2026-09-19,wk inc covid hosp,1,2026-09-26,31,quantile,0.95,8.0
2026-09-19,wk inc covid hosp,1,2026-09-26,31,quantile,0.975,9.0
2026-09-19,wk inc covid hosp,1,2026-09-26,31,quantile,0.99,9.0
2026-09-19,wk inc covid hosp,1,2026-09-26,32,quantile,0.01,10.0
2026-09-19,wk inc covid hosp,1,2026-09-26,32,quantile,0.025,12.0
2026-09-19,wk inc covid hosp,1,2026-09-26,32,quantile,0.05,14.0
2026-09-19,wk inc covid hosp,1,2026-09-26,32,quantile,0.1,18.0
2026-09-19,wk inc covid hosp,1,2026-09-26,32,quantile,0.15,19.0
2026-09-19,wk inc covid hosp,1,2026-09-26,32,quantile,0.2,21.0
2026-09-19,wk inc covid hosp,1,2026-09-26,32,quantile,0.25,23.0
2026-09-19,wk inc covid hosp,1,2026-09-26,32,quantile,0.3,24.0
2026-09-19,wk inc covid hosp,1,2026-09-26,32,quantile,0.35,26.0
2026-09-19,wk inc covid hosp,1,2026-09-26,32,quantile,0.4,27.0
2026-09-19,wk inc covid hosp,1,2026-09-26,32,quantile,0.45,29.0
2026-09-19,wk inc covid hosp,1,2026-09-26,32,quantile,0.5,31.0
2026-09-19,wk inc covid hosp,1,2026-09-26,32,quantile,0.55,33.0
2026-09-19,wk inc covid hosp,1,2026-09-26,32,quantile,0.6,34.0
2026-09-19,wk inc covid hosp,1,2026-09-26,32,quantile,0.65,37.0
2026-09-19,wk inc covid hosp,1,2026-09-26,32,quantile,0.7,39.0
2026-09-19,wk inc covid hosp,1,2026-09-26,32,quantile,0.75,42.0
2026-09-19,wk inc covid hosp,1,2026-09-26,32,quantile,0.8,46.0
2026-09-19,wk inc covid hosp,1,2026-09-26,32,quantile,0.85,49.0
2026-09-19,wk inc covid hosp,1,2026-09-26,32,quantile,0.9,56.0
2026-09-19,wk inc covid hosp,1,2026-09-26,32,quantile,0.95,68.0
2026-09-19,wk inc covid hosp,1,2026-09-26,32,quantile,0.975,80.0
2026-09-19,wk inc covid hosp,1,2026-09-26,32,quantile,0.99,98.0
2026-09-19,wk inc covid hosp,1,2026-09-26,33,quantile,0.01,0.0
2026-09-19,wk inc covid hosp,1,2026-09-26,33,quantile,0.025,0.0
2026-09-19,wk inc covid hosp,1,2026-09-26,33,quantile,0.05,0.0
2026-09-19,wk inc covid hosp,1,2026-09-26,33,quantile,0.1,0.0
2026-09-19,wk inc covid hosp,1,2026-09-26,33,quantile,0.15,0.0
2026-09-19,wk inc covid hosp,1,2026-09-26,33,quantile,0.2,0.0
2026-09-19,wk inc covid hosp,1,2026-09-26,33,quantile,0.25,0.0
2026-09-19,wk inc covid hosp,1,2026-09-26,33,quantile,0.3,0.0
2026-09-19,wk inc covid hosp,1,2026-09-26,33,quantile,0.35,0.0
2026-09-19,wk inc covid hosp,1,2026-09-26,33,quantile,0.4,1.0
2026-09-19,wk inc covid hosp,1,2026-09-26,33,quantile,0.45,2.0
2026-09-19,wk inc covid hosp,1,2026-09-26,33,quantile,0.5,3.0
2026-09-19,wk inc covid hosp,1,2026-09-26,33,quantile,0.55,3.0
2026-09-19,wk inc covid hosp,1,2026-09-26,33,quantile,0.6,4.0
2026-09-19,wk inc covid hosp,1,2026-09-26,33,quantile,0.65,5.0
2026-09-19,wk inc covid hosp,1,2026-09-26,33,quantile,0.7,6.0
2026-09-19,wk inc covid hosp,1,2026-09-26,33,quantile,0.75,7.0
2026-09-19,wk inc covid hosp,1,2026-09-26,33,quantile,0.8,8.0
2026-09-19,wk inc covid hosp,1,2026-09-26,33,quantile,0.85,9.0
2026-09-19,wk inc covid hosp,1,2026-09-26,33,quantile,0.9,10.0
2026-09-19,wk inc covid hosp,1,2026-09-26,33,quantile,0.95,12.0
2026-09-19,wk inc covid hosp,1,2026-09-26,33,quantile,0.975,13.0
2026-09-19,wk inc covid hosp,1,2026-09-26,33,quantile,0.99,15.0
2026-09-19,wk inc covid hosp,1,2026-09-26,34,quantile,0.01,73.0
2026-09-19,wk inc covid hosp,1,2026-09-26,34,quantile,0.025,77.0
2026-09-19,wk inc covid hosp,1,2026-09-26,34,quantile,0.05,82.0
2026-09-19,wk inc covid hosp,1,2026-09-26,34,quantile,0.1,89.0
2026-09-19,wk inc covid hosp,1,2026-09-26,34,quantile,0.15,94.0
2026-09-19,wk inc covid hosp,1,2026-09-26,34,quantile,0.2,97.0
2026-09-19,wk inc covid hosp,1,2026-09-26,34,quantile,0.25,101.0
2026-09-19,wk inc covid hosp,1,2026-09-26,34,quantile,0.3,104.0
2026-09-19,wk inc covid hosp,1,2026-09-26,34,quantile,0.35,108.0
2026-09-19,wk inc covid hosp,1,2026-09-26,34,quantile,0.4,111.0
2026-09-19,wk inc covid hosp,1,2026-09-26,34,quantile,0.45,114.0
2026-09-19,wk inc covid hosp,1,2026-09-26,34,quantile,0.5,117.0
2026-09-19,wk inc covid hosp,1,2026-09-26,34,quantile,0.55,120.0
2026-09-19,wk inc covid hosp,1,2026-09-26,34,quantile,0.6,123.0
2026-09-19,wk inc covid hosp,1,2026-09-26,34,quantile,0.65,127.0
2026-09-19,wk inc covid hosp,1,2026-09-26,34,quantile,0.7,130.0
2026-09-19,wk inc covid hosp,1,2026-09-26,34,quantile,0.75,134.0
2026-09-19,wk inc covid hosp,1,2026-09-26,34,quantile,0.8,138.0
2026-09-19,wk inc covid hosp,1,2026-09-26,34,quantile,0.85,144.0
2026-09-19,wk inc covid hosp,1,2026-09-26,34,quantile,0.9,151.0
2026-09-19,wk inc covid hosp,1,2026-09-26,34,quantile,0.95,158.0
2026-09-19,wk inc covid hosp,1,2026-09-26,34,quantile,0.975,166.0
2026-09-19,wk inc covid hosp,1,2026-09-26,34,quantile,0.99,174.0
2026-09-19,wk inc covid hosp,1,2026-09-26,35,quantile,0.01,6.0
2026-09-19,wk inc covid hosp,1,2026-09-26,35,quantile,0.025,8.0
2026-09-19,wk inc covid hosp,1,2026-09-26,35,quantile,0.05,9.0
2026-09-19,wk inc covid hosp,1,2026-09-26,35,quantile,0.1,11.0
2026-09-19,wk inc covid hosp,1,2026-09-26,35,quantile,0.15,13.0
2026-09-19,wk inc covid hosp,1,2026-09-26,35,quantile,0.2,14.0
2026-09-19,wk inc covid hosp,1,2026-09-26,35,quantile,0.25,15.0
2026-09-19,wk inc covid hosp,1,2026-09-26,35,quantile,0.3,16.0
2026-09-19,wk inc covid hosp,1,2026-09-26,35,quantile,0.35,17.0
2026-09-19,wk inc covid hosp,1,2026-09-26,35,quantile,0.4,18.0
2026-09-19,wk inc covid hosp,1,2026-09-26,35,quantile,0.45,19.0
2026-09-19,wk inc covid hosp,1,2026-09-26,35,quantile,0.5,20.0
2026-09-19,wk inc covid hosp,1,2026-09-26,35,quantile,0.55,21.0
2026-09-19,wk inc covid hosp,1,2026-09-26,35,quantile,0.6,22.0
2026-09-19,wk inc covid hosp,1,2026-09-26,35,quantile,0.65,23.0
2026-09-19,wk inc covid hosp,1,2026-09-26,35,quantile,0.7,24.0
2026-09-19,wk inc covid hosp,1,2026-09-26,35,quantile,0.75,25.0
2026-09-19,wk inc covid hosp,1,2026-09-26,35,quantile,0.8,27.0
2026-09-19,wk inc covid hosp,1,2026-09-26,35,quantile,0.85,29.0
2026-09-19,wk inc covid hosp,1,2026-09-26,35,quantile,0.9,31.0
2026-09-19,wk inc covid hosp,1,2026-09-26,35,quantile,0.95,35.0
2026-09-19,wk inc covid hosp,1,2026-09-26,35,quantile,0.975,38.0
2026-09-19,wk inc covid hosp,1,2026-09-26,35,quantile,0.99,41.0
2026-09-19,wk inc covid hosp,1,2026-09-26,36,quantile,0.01,184.0
2026-09-19,wk inc covid hosp,1,2026-09-26,36,quantile,0.025,189.0
2026-09-19,wk inc covid hosp,1,2026-09-26,36,quantile,0.05,195.0
2026-09-19,wk inc covid hosp,1,2026-09-26,36,quantile,0.1,203.0
2026-09-19,wk inc covid hosp,1,2026-09-26,36,quantile,0.15,208.0
2026-09-19,wk inc covid hosp,1,2026-09-26,36,quantile,0.2,213.0
2026-09-19,wk inc covid hosp,1,2026-09-26,36,quantile,0.25,217.0
2026-09-19,wk inc covid hosp,1,2026-09-26,36,quantile,0.3,222.0
2026-09-19,wk inc covid hosp,1,2026-09-26,36,quantile,0.35,225.0
2026-09-19,wk inc covid hosp,1,2026-09-26,36,quantile,0.4,229.0
2026-09-19,wk inc covid hosp,1,2026-09-26,36,quantile,0.45,233.0
2026-09-19,wk inc covid hosp,1,2026-09-26,36,quantile,0.5,236.0
2026-09-19,wk inc covid hosp,1,2026-09-26,36,quantile,0.55,241.0
2026-09-19,wk inc covid hosp,1,2026-09-26,36,quantile,0.6,245.0
2026-09-19,wk inc covid hosp,1,2026-09-26,36,quantile,0.65,249.0
2026-09-19,wk inc covid hosp,1,2026-09-26,36,quantile,0.7,255.0
2026-09-19,wk inc covid hosp,1,2026-09-26,36,quantile,0.75,260.0
2026-09-19,wk inc covid hosp,1,2026-09-26,36,quantile,0.8,265.0
2026-09-19,wk inc covid hosp,1,2026-09-26,36,quantile,0.85,271.0
2026-09-19,wk inc covid hosp,1,2026-09-26,36,quantile,0.9,279.0
2026-09-19,wk inc covid hosp,1,2026-09-26,36,quantile,0.95,291.0
2026-09-19,wk inc covid hosp,1,2026-09-26,36,quantile,0.975,299.0
2026-09-19,wk inc covid hosp,1,2026-09-26,36,quantile,0.99,306.0
2026-09-19,wk inc covid hosp,1,2026-09-26,37,quantile,0.01,93.0
2026-09-19,wk inc covid hosp,1,2026-09-26,37,quantile,0.025,101.0
2026-09-19,wk inc covid hosp,1,2026-09-26,37,quantile,0.05,108.0
2026-09-19,wk inc covid hosp,1,2026-09-26,37,quantile,0.1,118.0
2026-09-19,wk inc covid hosp,1,2026-09-26,37,quantile,0.15,124.0
2026-09-19,wk inc covid hosp,1,2026-09-26,37,quantile,0.2,131.0
2026-09-19,wk inc covid hosp,1,2026-09-26,37,quantile,0.25,136.0
2026-09-19,wk inc covid hosp,1,2026-09-26,37,quantile,0.3,141.0
2026-09-19,wk inc covid hosp,1,2026-09-26,37,quantile,0.35,146.0
2026-09-19,wk inc covid hosp,1,2026-09-26,37,quantile,0.4,152.0
2026-09-19,wk inc covid hosp,1,2026-09-26,37,quantile,0.45,156.0
2026-09-19,wk inc covid hosp,1,2026-09-26,37,quantile,0.5,161.0
2026-09-19,wk inc covid hosp,1,2026-09-26,37,quantile,0.55,166.0
2026-09-19,wk inc covid hosp,1,2026-09-26,37,quantile,0.6,172.0
2026-09-19,wk inc covid hosp,1,2026-09-26,37,quantile,0.65,180.0
2026-09-19,wk inc covid hosp,1,2026-09-26,37,quantile,0.7,188.0
2026-09-19,wk inc covid hosp,1,2026-09-26,37,quantile,0.75,196.0
2026-09-19,wk inc covid hosp,1,2026-09-26,37,quantile,0.8,206.0
2026-09-19,wk inc covid hosp,1,2026-09-26,37,quantile,0.85,217.0
2026-09-19,wk inc covid hosp,1,2026-09-26,37,quantile,0.9,232.0
2026-09-19,wk inc covid hosp,1,2026-09-26,37,quantile,0.95,255.0
2026-09-19,wk inc covid hosp,1,2026-09-26,37,quantile,0.975,275.0
2026-09-19,wk inc covid hosp,1,2026-09-26,37,quantile,0.99,308.0
2026-09-19,wk inc covid hosp,1,2026-09-26,38,quantile,0.01,0.0
2026-09-19,wk inc covid hosp,1,2026-09-26,38,quantile,0.025,0.0
2026-09-19,wk inc covid hosp,1,2026-09-26,38,quantile,0.05,0.0
2026-09-19,wk inc covid hosp,1,2026-09-26,38,quantile,0.1,0.0
2026-09-19,wk inc covid hosp,1,2026-09-26,38,quantile,0.15,0.0
2026-09-19,wk inc covid hosp,1,2026-09-26,38,quantile,0.2,0.0
2026-09-19,wk inc covid hosp,1,2026-09-26,38,quantile,0.25,0.0
2026-09-19,wk inc covid hosp,1,2026-09-26,38,quantile,0.3,1.0
2026-09-19,wk inc covid hosp,1,2026-09-26,38,quantile,0.35,1.0
2026-09-19,wk inc covid hosp,1,2026-09-26,38,quantile,0.4,2.0
2026-09-19,wk inc covid hosp,1,2026-09-26,38,quantile,0.45,2.0
2026-09-19,wk inc covid hosp,1,2026-09-26,38,quantile,0.5,3.0
2026-09-19,wk inc covid hosp,1,2026-09-26,38,quantile,0.55,3.0
2026-09-19,wk inc covid hosp,1,2026-09-26,38,quantile,0.6,4.0
2026-09-19,wk inc covid hosp,1,2026-09-26,38,quantile,0.65,5.0
2026-09-19,wk inc covid hosp,1,2026-09-26,38,quantile,0.7,5.0
2026-09-19,wk inc covid hosp,1,2026-09-26,38,quantile,0.75,6.0
2026-09-19,wk inc covid hosp,1,2026-09-26,38,quantile,0.8,7.0
2026-09-19,wk inc covid hosp,1,2026-09-26,38,quantile,0.85,8.0
2026-09-19,wk inc covid hosp,1,2026-09-26,38,quantile,0.9,10.0
2026-09-19,wk inc covid hosp,1,2026-09-26,38,quantile,0.95,14.0
2026-09-19,wk inc covid hosp,1,2026-09-26,38,quantile,0.975,18.0
2026-09-19,wk inc covid hosp,1,2026-09-26,38,quantile,0.99,22.0
2026-09-19,wk inc covid hosp,1,2026-09-26,39,quantile,0.01,31.0
2026-09-19,wk inc covid hosp,1,2026-09-26,39,quantile,0.025,37.0
2026-09-19,wk inc covid hosp,1,2026-09-26,39,quantile,0.05,43.0
2026-09-19,wk inc covid hosp,1,2026-09-26,39,quantile,0.1,51.0
2026-09-19,wk inc covid hosp,1,2026-09-26,39,quantile,0.15,56.0
2026-09-19,wk inc covid hosp,1,2026-09-26,39,quantile,0.2,61.0
2026-09-19,wk inc covid hosp,1,2026-09-26,39,quantile,0.25,65.0
2026-09-19,wk inc covid hosp,1,2026-09-26,39,quantile,0.3,69.0
2026-09-19,wk inc covid hosp,1,2026-09-26,39,quantile,0.35,73.0
2026-09-19,wk inc covid hosp,1,2026-09-26,39,quantile,0.4,77.0
2026-09-19,wk inc covid hosp,1,2026-09-26,39,quantile,0.45,81.0
2026-09-19,wk inc covid hosp,1,2026-09-26,39,quantile,0.5,85.0
2026-09-19,wk inc covid hosp,1,2026-09-26,39,quantile,0.55,89.0
2026-09-19,wk inc covid hosp,1,2026-09-26,39,quantile,0.6,93.0
2026-09-19,wk inc covid hosp,1,2026-09-26,39,quantile,0.65,98.0
2026-09-19,wk inc covid hosp,1,2026-09-26,39,quantile,0.7,103.0
2026-09-19,wk inc covid hosp,1,2026-09-26,39,quantile,0.75,109.0
2026-09-19,wk inc covid hosp,1,2026-09-26,39,quantile,0.8,116.0
2026-09-19,wk inc covid hosp,1,2026-09-26,39,quantile,0.85,123.0
2026-09-19,wk inc covid hosp,1,2026-09-26,39,quantile,0.9,134.0
2026-09-19,wk inc covid hosp,1,2026-09-26,39,quantile,0.95,151.0
2026-09-19,wk inc covid hosp,1,2026-09-26,39,quantile,0.975,165.0
2026-09-19,wk inc covid hosp,1,2026-09-26,39,quantile,0.99,182.0
2026-09-19,wk inc covid hosp,1,2026-09-26,40,quantile,0.01,6.0
2026-09-19,wk inc covid hosp,1,2026-09-26,40,quantile,0.025,8.0
2026-09-19,wk inc covid hosp,1,2026-09-26,40,quantile,0.05,11.0
2026-09-19,wk inc covid hosp,1,2026-09-26,40,quantile,0.1,14.0
2026-09-19,wk inc covid hosp,1,2026-09-26,40,quantile,0.15,16.0
2026-09-19,wk inc covid hosp,1,2026-09-26,40,quantile,0.2,18.0
2026-09-19,wk inc covid hosp,1,2026-09-26,40,quantile,0.25,19.0
2026-09-19,wk inc covid hosp,1,2026-09-26,40,quantile,0.3,21.0
2026-09-19,wk inc covid hosp,1,2026-09-26,40,quantile,0.35,23.0
2026-09-19,wk inc covid hosp,1,2026-09-26,40,quantile,0.4,24.0
2026-09-19,wk inc covid hosp,1,2026-09-26,40,quantile,0.45,26.0
2026-09-19,wk inc covid hosp,1,2026-09-26,40,quantile,0.5,28.0
2026-09-19,wk inc covid hosp,1,2026-09-26,40,quantile,0.55,29.0
2026-09-19,wk inc covid hosp,1,2026-09-26,40,quantile,0.6,31.0
2026-09-19,wk inc covid hosp,1,2026-09-26,40,quantile,0.65,33.0
2026-09-19,wk inc covid hosp,1,2026-09-26,40,quantile,0.7,35.0
2026-09-19,wk inc covid hosp,1,2026-09-26,40,quantile,0.75,37.0
2026-09-19,wk inc covid hosp,1,2026-09-26,40,quantile,0.8,39.0
2026-09-19,wk inc covid hosp,1,2026-09-26,40,quantile,0.85,43.0
2026-09-19,wk inc covid hosp,1,2026-09-26,40,quantile,0.9,47.0
2026-09-19,wk inc covid hosp,1,2026-09-26,40,quantile,0.95,53.0
2026-09-19,wk inc covid hosp,1,2026-09-26,40,quantile,0.975,58.0
2026-09-19,wk inc covid hosp,1,2026-09-26,40,quantile,0.99,64.0
2026-09-19,wk inc covid hosp,1,2026-09-26,41,quantile,0.01,9.0
2026-09-19,wk inc covid hosp,1,2026-09-26,41,quantile,0.025,10.0
2026-09-19,wk inc covid hosp,1,2026-09-26,41,quantile,0.05,12.0
2026-09-19,wk inc covid hosp,1,2026-09-26,41,quantile,0.1,14.0
2026-09-19,wk inc covid hosp,1,2026-09-26,41,quantile,0.15,15.0
2026-09-19,wk inc covid hosp,1,2026-09-26,41,quantile,0.2,16.0
2026-09-19,wk inc covid hosp,1,2026-09-26,41,quantile,0.25,17.0
2026-09-19,wk inc covid hosp,1,2026-09-26,41,quantile,0.3,18.0
2026-09-19,wk inc covid hosp,1,2026-09-26,41,quantile,0.35,18.0
2026-09-19,wk inc covid hosp,1,2026-09-26,41,quantile,0.4,19.0
2026-09-19,wk inc covid hosp,1,2026-09-26,41,quantile,0.45,20.0
2026-09-19,wk inc covid hosp,1,2026-09-26,41,quantile,0.5,21.0
2026-09-19,wk inc covid hosp,1,2026-09-26,41,quantile,0.55,21.0
2026-09-19,wk inc covid hosp,1,2026-09-26,41,quantile,0.6,22.0
2026-09-19,wk inc covid hosp,1,2026-09-26,41,quantile,0.65,23.0
2026-09-19,wk inc covid hosp,1,2026-09-26,41,quantile,0.7,24.0
2026-09-19,wk inc covid hosp,1,2026-09-26,41,quantile,0.75,25.0
2026-09-19,wk inc covid hosp,1,2026-09-26,41,quantile,0.8,26.0
2026-09-19,wk inc covid hosp,1,2026-09-26,41,quantile,0.85,28.0
2026-09-19,wk inc covid hosp,1,2026-09-26,41,quantile,0.9,29.0
2026-09-19,wk inc covid hosp,1,2026-09-26,41,quantile,0.95,31.0
2026-09-19,wk inc covid hosp,1,2026-09-26,41,quantile,0.975,33.0
2026-09-19,wk inc covid hosp,1,2026-09-26,41,quantile,0.99,35.0
2026-09-19,wk inc covid hosp,1,2026-09-26,42,quantile,0.01,78.0
2026-09-19,wk inc covid hosp,1,2026-09-26,42,quantile,0.025,88.0
2026-09-19,wk inc covid hosp,1,2026-09-26,42,quantile,0.05,96.0
2026-09-19,wk inc covid hosp,1,2026-09-26,42,quantile,0.1,107.0
2026-09-19,wk inc covid hosp,1,2026-09-26,42,quantile,0.15,116.0
2026-09-19,wk inc covid hosp,1,2026-09-26,42,quantile,0.2,123.0
2026-09-19,wk inc covid hosp,1,2026-09-26,42,quantile,0.25,131.0
2026-09-19,wk inc covid hosp,1,2026-09-26,42,quantile,0.3,136.0
2026-09-19,wk inc covid hosp,1,2026-09-26,42,quantile,0.35,142.0
2026-09-19,wk inc covid hosp,1,2026-09-26,42,quantile,0.4,148.0
2026-09-19,wk inc covid hosp,1,2026-09-26,42,quantile,0.45,154.0
2026-09-19,wk inc covid hosp,1,2026-09-26,42,quantile,0.5,161.0
2026-09-19,wk inc covid hosp,1,2026-09-26,42,quantile,0.55,167.0
2026-09-19,wk inc covid hosp,1,2026-09-26,42,quantile,0.6,173.0
2026-09-19,wk inc covid hosp,1,2026-09-26,42,quantile,0.65,180.0
2026-09-19,wk inc covid hosp,1,2026-09-26,42,quantile,0.7,190.0
2026-09-19,wk inc covid hosp,1,2026-09-26,42,quantile,0.75,199.0
2026-09-19,wk inc covid hosp,1,2026-09-26,42,quantile,0.8,209.0
2026-09-19,wk inc covid hosp,1,2026-09-26,42,quantile,0.85,222.0
2026-09-19,wk inc covid hosp,1,2026-09-26,42,quantile,0.9,237.0
2026-09-19,wk inc covid hosp,1,2026-09-26,42,quantile,0.95,269.0
2026-09-19,wk inc covid hosp,1,2026-09-26,42,quantile,0.975,296.0
2026-09-19,wk inc covid hosp,1,2026-09-26,42,quantile,0.99,327.0
2026-09-19,wk inc covid hosp,1,2026-09-26,44,quantile,0.01,0.0
2026-09-19,wk inc covid hosp,1,2026-09-26,44,quantile,0.025,0.0
2026-09-19,wk inc covid hosp,1,2026-09-26,44,quantile,0.05,2.0
2026-09-19,wk inc covid hosp,1,2026-09-26,44,quantile,0.1,3.0
2026-09-19,wk inc covid hosp,1,2026-09-26,44,quantile,0.15,5.0
2026-09-19,wk inc covid hosp,1,2026-09-26,44,quantile,0.2,6.0
2026-09-19,wk inc covid hosp,1,2026-09-26,44,quantile,0.25,7.0
2026-09-19,wk inc covid hosp,1,2026-09-26,44,quantile,0.3,7.0
2026-09-19,wk inc covid hosp,1,2026-09-26,44,quantile,0.35,8.0
2026-09-19,wk inc covid hosp,1,2026-09-26,44,quantile,0.4,9.0
2026-09-19,wk inc covid hosp,1,2026-09-26,44,quantile,0.45,9.0
2026-09-19,wk inc covid hosp,1,2026-09-26,44,quantile,0.5,10.0
2026-09-19,wk inc covid hosp,1,2026-09-26,44,quantile,0.55,11.0
2026-09-19,wk inc covid hosp,1,2026-09-26,44,quantile,0.6,12.0
2026-09-19,wk inc covid hosp,1,2026-09-26,44,quantile,0.65,13.0
2026-09-19,wk inc covid hosp,1,2026-09-26,44,quantile,0.7,13.0
2026-09-19,wk inc covid hosp,1,2026-09-26,44,quantile,0.75,14.0
2026-09-19,wk inc covid hosp,1,2026-09-26,44,quantile,0.8,16.0
2026-09-19,wk inc covid hosp,1,2026-09-26,44,quantile,0.85,17.0
2026-09-19,wk inc covid hosp,1,2026-09-26,44,quantile,0.9,19.0
2026-09-19,wk inc covid hosp,1,2026-09-26,44,quantile,0.95,21.0
2026-09-19,wk inc covid hosp,1,2026-09-26,44,quantile,0.975,23.0
2026-09-19,wk inc covid hosp,1,2026-09-26,44,quantile,0.99,25.0
2026-09-19,wk inc covid hosp,1,2026-09-26,45,quantile,0.01,34.0
2026-09-19,wk inc covid hosp,1,2026-09-26,45,quantile,0.025,39.0
2026-09-19,wk inc covid hosp,1,2026-09-26,45,quantile,0.05,42.0
2026-09-19,wk inc covid hosp,1,2026-09-26,45,quantile,0.1,47.0
2026-09-19,wk inc covid hosp,1,2026-09-26,45,quantile,0.15,50.0
2026-09-19,wk inc covid hosp,1,2026-09-26,45,quantile,0.2,53.0
2026-09-19,wk inc covid hosp,1,2026-09-26,45,quantile,0.25,56.0
2026-09-19,wk inc covid hosp,1,2026-09-26,45,quantile,0.3,58.0
2026-09-19,wk inc covid hosp,1,2026-09-26,45,quantile,0.35,61.0
2026-09-19,wk inc covid hosp,1,2026-09-26,45,quantile,0.4,63.0
2026-09-19,wk inc covid hosp,1,2026-09-26,45,quantile,0.45,66.0
2026-09-19,wk inc covid hosp,1,2026-09-26,45,quantile,0.5,69.0
2026-09-19,wk inc covid hosp,1,2026-09-26,45,quantile,0.55,72.0
2026-09-19,wk inc covid hosp,1,2026-09-26,45,quantile,0.6,76.0
2026-09-19,wk inc covid hosp,1,2026-09-26,45,quantile,0.65,79.0
2026-09-19,wk inc covid hosp,1,2026-09-26,45,quantile,0.7,84.0
2026-09-19,wk inc covid hosp,1,2026-09-26,45,quantile,0.75,88.0
2026-09-19,wk inc covid hosp,1,2026-09-26,45,quantile,0.8,94.0
2026-09-19,wk inc covid hosp,1,2026-09-26,45,quantile,0.85,101.0
2026-09-19,wk inc covid hosp,1,2026-09-26,45,quantile,0.9,112.0
2026-09-19,wk inc covid hosp,1,2026-09-26,45,quantile,0.95,129.0
2026-09-19,wk inc covid hosp,1,2026-09-26,45,quantile,0.975,149.0
2026-09-19,wk inc covid hosp,1,2026-09-26,45,quantile,0.99,172.0
2026-09-19,wk inc covid hosp,1,2026-09-26,46,quantile,0.01,0.0
2026-09-19,wk inc covid hosp,1,2026-09-26,46,quantile,0.025,0.0
2026-09-19,wk inc covid hosp,1,2026-09-26,46,quantile,0.05,0.0
2026-09-19,wk inc covid hosp,1,2026-09-26,46,quantile,0.1,2.0
2026-09-19,wk inc covid hosp,1,2026-09-26,46,quantile,0.15,3.0
2026-09-19,wk inc covid hosp,1,2026-09-26,46,quantile,0.2,3.0
2026-09-19,wk inc covid hosp,1,2026-09-26,46,quantile,0.25,4.0
2026-09-19,wk inc covid hosp,1,2026-09-26,46,quantile,0.3,5.0
2026-09-19,wk inc covid hosp,1,2026-09-26,46,quantile,0.35,5.0
2026-09-19,wk inc covid hosp,1,2026-09-26,46,quantile,0.4,6.0
2026-09-19,wk inc covid hosp,1,2026-09-26,46,quantile,0.45,6.0
2026-09-19,wk inc covid hosp,1,2026-09-26,46,quantile,0.5,7.0
2026-09-19,wk inc covid hosp,1,2026-09-26,46,quantile,0.55,7.0
2026-09-19,wk inc covid hosp,1,2026-09-26,46,quantile,0.6,8.0
2026-09-19,wk inc covid hosp,1,2026-09-26,46,quantile,0.65,8.0
2026-09-19,wk inc covid hosp,1,2026-09-26,46,quantile,0.7,9.0
2026-09-19,wk inc covid hosp,1,2026-09-26,46,quantile,0.75,10.0
2026-09-19,wk inc covid hosp,1,2026-09-26,46,quantile,0.8,11.0
2026-09-19,wk inc covid hosp,1,2026-09-26,46,quantile,0.85,11.0
2026-09-19,wk inc covid hosp,1,2026-09-26,46,quantile,0.9,13.0
2026-09-19,wk inc covid hosp,1,2026-09-26,46,quantile,0.95,14.0
2026-09-19,wk inc covid hosp,1,2026-09-26,46,quantile,0.975,16.0
2026-09-19,wk inc covid hosp,1,2026-09-26,46,quantile,0.99,18.0
2026-09-19,wk inc covid hosp,1,2026-09-26,47,quantile,0.01,50.0
2026-09-19,wk inc covid hosp,1,2026-09-26,47,quantile,0.025,53.0
2026-09-19,wk inc covid hosp,1,2026-09-26,47,quantile,0.05,56.0
2026-09-19,wk inc covid hosp,1,2026-09-26,47,quantile,0.1,59.0
2026-09-19,wk inc covid hosp,1,2026-09-26,47,quantile,0.15,63.0
2026-09-19,wk inc covid hosp,1,2026-09-26,47,quantile,0.2,65.0
2026-09-19,wk inc covid hosp,1,2026-09-26,47,quantile,0.25,67.0
2026-09-19,wk inc covid hosp,1,2026-09-26,47,quantile,0.3,69.0
2026-09-19,wk inc covid hosp,1,2026-09-26,47,quantile,0.35,71.0
2026-09-19,wk inc covid hosp,1,2026-09-26,47,quantile,0.4,73.0
2026-09-19,wk inc covid hosp,1,2026-09-26,47,quantile,0.45,75.0
2026-09-19,wk inc covid hosp,1,2026-09-26,47,quantile,0.5,78.0
2026-09-19,wk inc covid hosp,1,2026-09-26,47,quantile,0.55,81.0
2026-09-19,wk inc covid hosp,1,2026-09-26,47,quantile,0.6,82.0
2026-09-19,wk inc covid hosp,1,2026-09-26,47,quantile,0.65,85.0
2026-09-19,wk inc covid hosp,1,2026-09-26,47,quantile,0.7,88.0
2026-09-19,wk inc covid hosp,1,2026-09-26,47,quantile,0.75,91.0
2026-09-19,wk inc covid hosp,1,2026-09-26,47,quantile,0.8,95.0
2026-09-19,wk inc covid hosp,1,2026-09-26,47,quantile,0.85,101.0
2026-09-19,wk inc covid hosp,1,2026-09-26,47,quantile,0.9,108.0
2026-09-19,wk inc covid hosp,1,2026-09-26,47,quantile,0.95,118.0
2026-09-19,wk inc covid hosp,1,2026-09-26,47,quantile,0.975,127.0
2026-09-19,wk inc covid hosp,1,2026-09-26,47,quantile,0.99,135.0
2026-09-19,wk inc covid hosp,1,2026-09-26,48,quantile,0.01,323.0
2026-09-19,wk inc covid hosp,1,2026-09-26,48,quantile,0.025,335.0
2026-09-19,wk inc covid hosp,1,2026-09-26,48,quantile,0.05,354.0
2026-09-19,wk inc covid hosp,1,2026-09-26,48,quantile,0.1,373.0
2026-09-19,wk inc covid hosp,1,2026-09-26,48,quantile,0.15,389.0
2026-09-19,wk inc covid hosp,1,2026-09-26,48,quantile,0.2,402.0
2026-09-19,wk inc covid hosp,1,2026-09-26,48,quantile,0.25,415.0
2026-09-19,wk inc covid hosp,1,2026-09-26,48,quantile,0.3,427.0
2026-09-19,wk inc covid hosp,1,2026-09-26,48,quantile,0.35,440.0
2026-09-19,wk inc covid hosp,1,2026-09-26,48,quantile,0.4,450.0
2026-09-19,wk inc covid hosp,1,2026-09-26,48,quantile,0.45,462.0
2026-09-19,wk inc covid hosp,1,2026-09-26,48,quantile,0.5,473.0
2026-09-19,wk inc covid hosp,1,2026-09-26,48,quantile,0.55,487.0
2026-09-19,wk inc covid hosp,1,2026-09-26,48,quantile,0.6,498.0
2026-09-19,wk inc covid hosp,1,2026-09-26,48,quantile,0.65,514.0
2026-09-19,wk inc covid hosp,1,2026-09-26,48,quantile,0.7,531.0
2026-09-19,wk inc covid hosp,1,2026-09-26,48,quantile,0.75,550.0
2026-09-19,wk inc covid hosp,1,2026-09-26,48,quantile,0.8,577.0
2026-09-19,wk inc covid hosp,1,2026-09-26,48,quantile,0.85,607.0
2026-09-19,wk inc covid hosp,1,2026-09-26,48,quantile,0.9,640.0
2026-09-19,wk inc covid hosp,1,2026-09-26,48,quantile,0.95,688.0
2026-09-19,wk inc covid hosp,1,2026-09-26,48,quantile,0.975,733.0
2026-09-19,wk inc covid hosp,1,2026-09-26,48,quantile,0.99,790.0
2026-09-19,wk inc covid hosp,1,2026-09-26,49,quantile,0.01,1.0
2026-09-19,wk inc covid hosp,1,2026-09-26,49,quantile,0.025,2.0
2026-09-19,wk inc covid hosp,1,2026-09-26,49,quantile,0.05,4.0
2026-09-19,wk inc covid hosp,1,2026-09-26,49,quantile,0.1,5.0
2026-09-19,wk inc covid hosp,1,2026-09-26,49,quantile,0.15,6.0
2026-09-19,wk inc covid hosp,1,2026-09-26,49,quantile,0.2,7.0
2026-09-19,wk inc covid hosp,1,2026-09-26,49,quantile,0.25,8.0
2026-09-19,wk inc covid hosp,1,2026-09-26,49,quantile,0.3,8.0
2026-09-19,wk inc covid hosp,1,2026-09-26,49,quantile,0.35,9.0
2026-09-19,wk inc covid hosp,1,2026-09-26,49,quantile,0.4,9.0
2026-09-19,wk inc covid hosp,1,2026-09-26,49,quantile,0.45,10.0
2026-09-19,wk inc covid hosp,1,2026-09-26,49,quantile,0.5,11.0
2026-09-19,wk inc covid hosp,1,2026-09-26,49,quantile,0.55,11.0
2026-09-19,wk inc covid hosp,1,2026-09-26,49,quantile,0.6,12.0
2026-09-19,wk inc covid hosp,1,2026-09-26,49,quantile,0.65,13.0
2026-09-19,wk inc covid hosp,1,2026-09-26,49,quantile,0.7,13.0
2026-09-19,wk inc covid hosp,1,2026-09-26,49,quantile,0.75,14.0
2026-09-19,wk inc covid hosp,1,2026-09-26,49,quantile,0.8,15.0
2026-09-19,wk inc covid hosp,1,2026-09-26,49,quantile,0.85,16.0
2026-09-19,wk inc covid hosp,1,2026-09-26,49,quantile,0.9,18.0
2026-09-19,wk inc covid hosp,1,2026-09-26,49,quantile,0.95,20.0
2026-09-19,wk inc covid hosp,1,2026-09-26,49,quantile,0.975,22.0
2026-09-19,wk inc covid hosp,1,2026-09-26,49,quantile,0.99,24.0
2026-09-19,wk inc covid hosp,1,2026-09-26,50,quantile,0.01,0.0
2026-09-19,wk inc covid hosp,1,2026-09-26,50,quantile,0.025,0.0
2026-09-19,wk inc covid hosp,1,2026-09-26,50,quantile,0.05,0.0
2026-09-19,wk inc covid hosp,1,2026-09-26,50,quantile,0.1,1.0
2026-09-19,wk inc covid hosp,1,2026-09-26,50,quantile,0.15,2.0
2026-09-19,wk inc covid hosp,1,2026-09-26,50,quantile,0.2,2.0
2026-09-19,wk inc covid hosp,1,2026-09-26,50,quantile,0.25,3.0
2026-09-19,wk inc covid hosp,1,2026-09-26,50,quantile,0.3,3.0
2026-09-19,wk inc covid hosp,1,2026-09-26,50,quantile,0.35,4.0
2026-09-19,wk inc covid hosp,1,2026-09-26,50,quantile,0.4,4.0
2026-09-19,wk inc covid hosp,1,2026-09-26,50,quantile,0.45,4.0
2026-09-19,wk inc covid hosp,1,2026-09-26,50,quantile,0.5,5.0
2026-09-19,wk inc covid hosp,1,2026-09-26,50,quantile,0.55,5.0
2026-09-19,wk inc covid hosp,1,2026-09-26,50,quantile,0.6,6.0
2026-09-19,wk inc covid hosp,1,2026-09-26,50,quantile,0.65,6.0
2026-09-19,wk inc covid hosp,1,2026-09-26,50,quantile,0.7,7.0
2026-09-19,wk inc covid hosp,1,2026-09-26,50,quantile,0.75,7.0
2026-09-19,wk inc covid hosp,1,2026-09-26,50,quantile,0.8,8.0
2026-09-19,wk inc covid hosp,1,2026-09-26,50,quantile,0.85,9.0
2026-09-19,wk inc covid hosp,1,2026-09-26,50,quantile,0.9,11.0
2026-09-19,wk inc covid hosp,1,2026-09-26,50,quantile,0.95,13.0
2026-09-19,wk inc covid hosp,1,2026-09-26,50,quantile,0.975,16.0
2026-09-19,wk inc covid hosp,1,2026-09-26,50,quantile,0.99,20.0
2026-09-19,wk inc covid hosp,1,2026-09-26,51,quantile,0.01,0.0
2026-09-19,wk inc covid hosp,1,2026-09-26,51,quantile,0.025,5.0
2026-09-19,wk inc covid hosp,1,2026-09-26,51,quantile,0.05,9.0
2026-09-19,wk inc covid hosp,1,2026-09-26,51,quantile,0.1,13.0
2026-09-19,wk inc covid hosp,1,2026-09-26,51,quantile,0.15,17.0
2026-09-19,wk inc covid hosp,1,2026-09-26,51,quantile,0.2,19.0
2026-09-19,wk inc covid hosp,1,2026-09-26,51,quantile,0.25,21.0
2026-09-19,wk inc covid hosp,1,2026-09-26,51,quantile,0.3,23.0
2026-09-19,wk inc covid hosp,1,2026-09-26,51,quantile,0.35,25.0
2026-09-19,wk inc covid hosp,1,2026-09-26,51,quantile,0.4,27.0
2026-09-19,wk inc covid hosp,1,2026-09-26,51,quantile,0.45,29.0
2026-09-19,wk inc covid hosp,1,2026-09-26,51,quantile,0.5,31.0
2026-09-19,wk inc covid hosp,1,2026-09-26,51,quantile,0.55,33.0
2026-09-19,wk inc covid hosp,1,2026-09-26,51,quantile,0.6,35.0
2026-09-19,wk inc covid hosp,1,2026-09-26,51,quantile,0.65,37.0
2026-09-19,wk inc covid hosp,1,2026-09-26,51,quantile,0.7,39.0
2026-09-19,wk inc covid hosp,1,2026-09-26,51,quantile,0.75,41.0
2026-09-19,wk inc covid hosp,1,2026-09-26,51,quantile,0.8,43.0
2026-09-19,wk inc covid hosp,1,2026-09-26,51,quantile,0.85,46.0
2026-09-19,wk inc covid hosp,1,2026-09-26,51,quantile,0.9,49.0
2026-09-19,wk inc covid hosp,1,2026-09-26,51,quantile,0.95,53.0
2026-09-19,wk inc covid hosp,1,2026-09-26,51,quantile,0.975,56.0
2026-09-19,wk inc covid hosp,1,2026-09-26,51,quantile,0.99,59.0
2026-09-19,wk inc covid hosp,1,2026-09-26,53,quantile,0.01,37.0
2026-09-19,wk inc covid hosp,1,2026-09-26,53,quantile,0.025,44.0
2026-09-19,wk inc covid hosp,1,2026-09-26,53,quantile,0.05,48.0
2026-09-19,wk inc covid hosp,1,2026-09-26,53,quantile,0.1,54.0
2026-09-19,wk inc covid hosp,1,2026-09-26,53,quantile,0.15,59.0
2026-09-19,wk inc covid hosp,1,2026-09-26,53,quantile,0.2,63.0
2026-09-19,wk inc covid hosp,1,2026-09-26,53,quantile,0.25,68.0
2026-09-19,wk inc covid hosp,1,2026-09-26,53,quantile,0.3,72.0
2026-09-19,wk inc covid hosp,1,2026-09-26,53,quantile,0.35,76.0
2026-09-19,wk inc covid hosp,1,2026-09-26,53,quantile,0.4,79.0
2026-09-19,wk inc covid hosp,1,2026-09-26,53,quantile,0.45,83.0
2026-09-19,wk inc covid hosp,1,2026-09-26,53,quantile,0.5,88.0
2026-09-19,wk inc covid hosp,1,2026-09-26,53,quantile,0.55,92.0
2026-09-19,wk inc covid hosp,1,2026-09-26,53,quantile,0.6,97.0
2026-09-19,wk inc covid hosp,1,2026-09-26,53,quantile,0.65,103.0
2026-09-19,wk inc covid hosp,1,2026-09-26,53,quantile,0.7,109.0
2026-09-19,wk inc covid hosp,1,2026-09-26,53,quantile,0.75,115.0
2026-09-19,wk inc covid hosp,1,2026-09-26,53,quantile,0.8,123.0
2026-09-19,wk inc covid hosp,1,2026-09-26,53,quantile,0.85,135.0
2026-09-19,wk inc covid hosp,1,2026-09-26,53,quantile,0.9,149.0
2026-09-19,wk inc covid hosp,1,2026-09-26,53,quantile,0.95,173.0
2026-09-19,wk inc covid hosp,1,2026-09-26,53,quantile,0.975,193.0
2026-09-19,wk inc covid hosp,1,2026-09-26,53,quantile,0.99,214.0
2026-09-19,wk inc covid hosp,1,2026-09-26,54,quantile,0.01,0.0
2026-09-19,wk inc covid hosp,1,2026-09-26,54,quantile,0.025,0.0
2026-09-19,wk inc covid hosp,1,2026-09-26,54,quantile,0.05,2.0
2026-09-19,wk inc covid hosp,1,2026-09-26,54,quantile,0.1,4.0
2026-09-19,wk inc covid hosp,1,2026-09-26,54,quantile,0.15,5.0
2026-09-19,wk inc covid hosp,1,2026-09-26,54,quantile,0.2,6.0
2026-09-19,wk inc covid hosp,1,2026-09-26,54,quantile,0.25,7.0
2026-09-19,wk inc covid hosp,1,2026-09-26,54,quantile,0.3,7.0
2026-09-19,wk inc covid hosp,1,2026-09-26,54,quantile,0.35,8.0
2026-09-19,wk inc covid hosp,1,2026-09-26,54,quantile,0.4,9.0
2026-09-19,wk inc covid hosp,1,2026-09-26,54,quantile,0.45,10.0
2026-09-19,wk inc covid hosp,1,2026-09-26,54,quantile,0.5,11.0
2026-09-19,wk inc covid hosp,1,2026-09-26,54,quantile,0.55,12.0
2026-09-19,wk inc covid hosp,1,2026-09-26,54,quantile,0.6,13.0
2026-09-19,wk inc covid hosp,1,2026-09-26,54,quantile,0.65,13.0
2026-09-19,wk inc covid hosp,1,2026-09-26,54,quantile,0.7,15.0
2026-09-19,wk inc covid hosp,1,2026-09-26,54,quantile,0.75,16.0
2026-09-19,wk inc covid hosp,1,2026-09-26,54,quantile,0.8,17.0
2026-09-19,wk inc covid hosp,1,2026-09-26,54,quantile,0.85,18.0
2026-09-19,wk inc covid hosp,1,2026-09-26,54,quantile,0.9,20.0
2026-09-19,wk inc covid hosp,1,2026-09-26,54,quantile,0.95,23.0
2026-09-19,wk inc covid hosp,1,2026-09-26,54,quantile,0.975,26.0
2026-09-19,wk inc covid hosp,1,2026-09-26,54,quantile,0.99,29.0
2026-09-19,wk inc covid hosp,1,2026-09-26,55,quantile,0.01,0.0
2026-09-19,wk inc covid hosp,1,2026-09-26,55,quantile,0.025,0.0
2026-09-19,wk inc covid hosp,1,2026-09-26,55,quantile,0.05,0.0
2026-09-19,wk inc covid hosp,1,2026-09-26,55,quantile,0.1,0.0
2026-09-19,wk inc covid hosp,1,2026-09-26,55,quantile,0.15,0.0
2026-09-19,wk inc covid hosp,1,2026-09-26,55,quantile,0.2,1.0
2026-09-19,wk inc covid hosp,1,2026-09-26,55,quantile,0.25,4.0
2026-09-19,wk inc covid hosp,1,2026-09-26,55,quantile,0.3,6.0
2026-09-19,wk inc covid hosp,1,2026-09-26,55,quantile,0.35,8.0
2026-09-19,wk inc covid hosp,1,2026-09-26,55,quantile,0.4,9.0
2026-09-19,wk inc covid hosp,1,2026-09-26,55,quantile,0.45,12.0
2026-09-19,wk inc covid hosp,1,2026-09-26,55,quantile,0.5,14.0
2026-09-19,wk inc covid hosp,1,2026-09-26,55,quantile,0.55,15.0
2026-09-19,wk inc covid hosp,1,2026-09-26,55,quantile,0.6,17.0
2026-09-19,wk inc covid hosp,1,2026-09-26,55,quantile,0.65,19.0
2026-09-19,wk inc covid hosp,1,2026-09-26,55,quantile,0.7,21.0
2026-09-19,wk inc covid hosp,1,2026-09-26,55,quantile,0.75,23.0
2026-09-19,wk inc covid hosp,1,2026-09-26,55,quantile,0.8,25.0
2026-09-19,wk inc covid hosp,1,2026-09-26,55,quantile,0.85,28.0
2026-09-19,wk inc covid hosp,1,2026-09-26,55,quantile,0.9,31.0
2026-09-19,wk inc covid hosp,1,2026-09-26,55,quantile,0.95,35.0
2026-09-19,wk inc covid hosp,1,2026-09-26,55,quantile,0.975,39.0
2026-09-19,wk inc covid hosp,1,2026-09-26,55,quantile,0.99,43.0
2026-09-19,wk inc covid hosp,1,2026-09-26,56,quantile,0.01,0.0
2026-09-19,wk inc covid hosp,1,2026-09-26,56,quantile,0.025,0.0
2026-09-19,wk inc covid hosp,1,2026-09-26,56,quantile,0.05,0.0
2026-09-19,wk inc covid hosp,1,2026-09-26,56,quantile,0.1,0.0
2026-09-19,wk inc covid hosp,1,2026-09-26,56,quantile,0.15,0.0
2026-09-19,wk inc covid hosp,1,2026-09-26,56,quantile,0.2,0.0
2026-09-19,wk inc covid hosp,1,2026-09-26,56,quantile,0.25,0.0
2026-09-19,wk inc covid hosp,1,2026-09-26,56,quantile,0.3,1.0
2026-09-19,wk inc covid hosp,1,2026-09-26,56,quantile,0.35,1.0
2026-09-19,wk inc covid hosp,1,2026-09-26,56,quantile,0.4,2.0
2026-09-19,wk inc covid hosp,1,2026-09-26,56,quantile,0.45,3.0
2026-09-19,wk inc covid hosp,1,2026-09-26,56,quantile,0.5,3.0
2026-09-19,wk inc covid hosp,1,2026-09-26,56,quantile,0.55,4.0
2026-09-19,wk inc covid hosp,1,2026-09-26,56,quantile,0.6,4.0
2026-09-19,wk inc covid hosp,1,2026-09-26,56,quantile,0.65,5.0
2026-09-19,wk inc covid hosp,1,2026-09-26,56,quantile,0.7,6.0
2026-09-19,wk inc covid hosp,1,2026-09-26,56,quantile,0.75,7.0
2026-09-19,wk inc covid hosp,1,2026-09-26,56,quantile,0.8,8.0
2026-09-19,wk inc covid hosp,1,2026-09-26,56,quantile,0.85,9.0
2026-09-19,wk inc covid hosp,1,2026-09-26,56,quantile,0.9,11.0
2026-09-19,wk inc covid hosp,1,2026-09-26,56,quantile,0.95,14.0
2026-09-19,wk inc covid hosp,1,2026-09-26,56,quantile,0.975,18.0
2026-09-19,wk inc covid hosp,1,2026-09-26,56,quantile,0.99,23.0
2026-09-19,wk inc covid hosp,1,2026-09-26,72,quantile,0.01,15.0
2026-09-19,wk inc covid hosp,1,2026-09-26,72,quantile,0.025,20.0
2026-09-19,wk inc covid hosp,1,2026-09-26,72,quantile,0.05,25.0
2026-09-19,wk inc covid hosp,1,2026-09-26,72,quantile,0.1,30.0
2026-09-19,wk inc covid hosp,1,2026-09-26,72,quantile,0.15,35.0
2026-09-19,wk inc covid hosp,1,2026-09-26,72,quantile,0.2,39.0
2026-09-19,wk inc covid hosp,1,2026-09-26,72,quantile,0.25,42.0
2026-09-19,wk inc covid hosp,1,2026-09-26,72,quantile,0.3,46.0
2026-09-19,wk inc covid hosp,1,2026-09-26,72,quantile,0.35,50.0
2026-09-19,wk inc covid hosp,1,2026-09-26,72,quantile,0.4,52.0
2026-09-19,wk inc covid hosp,1,2026-09-26,72,quantile,0.45,55.0
2026-09-19,wk inc covid hosp,1,2026-09-26,72,quantile,0.5,59.0
2026-09-19,wk inc covid hosp,1,2026-09-26,72,quantile,0.55,61.0
2026-09-19,wk inc covid hosp,1,2026-09-26,72,quantile,0.6,65.0
2026-09-19,wk inc covid hosp,1,2026-09-26,72,quantile,0.65,68.0
2026-09-19,wk inc covid hosp,1,2026-09-26,72,quantile,0.7,73.0
2026-09-19,wk inc covid hosp,1,2026-09-26,72,quantile,0.75,78.0
2026-09-19,wk inc covid hosp,1,2026-09-26,72,quantile,0.8,84.0
2026-09-19,wk inc covid hosp,1,2026-09-26,72,quantile,0.85,90.0
2026-09-19,wk inc covid hosp,1,2026-09-26,72,quantile,0.9,100.0
2026-09-19,wk inc covid hosp,1,2026-09-26,72,quantile,0.95,117.0
2026-09-19,wk inc covid hosp,1,2026-09-26,72,quantile,0.975,127.0
2026-09-19,wk inc covid hosp,1,2026-09-26,72,quantile,0.99,141.0
2026-09-19,wk inc covid hosp,2,2026-10-03,01,quantile,0.01,23.0
2026-09-19,wk inc covid hosp,2,2026-10-03,01,quantile,0.025,29.0
2026-09-19,wk inc covid hosp,2,2026-10-03,01,quantile,0.05,35.0
2026-09-19,wk inc covid hosp,2,2026-10-03,01,quantile,0.1,41.0
2026-09-19,wk inc covid hosp,2,2026-10-03,01,quantile,0.15,45.0
2026-09-19,wk inc covid hosp,2,2026-10-03,01,quantile,0.2,49.0
2026-09-19,wk inc covid hosp,2,2026-10-03,01,quantile,0.25,53.0
2026-09-19,wk inc covid hosp,2,2026-10-03,01,quantile,0.3,56.0
2026-09-19,wk inc covid hosp,2,2026-10-03,01,quantile,0.35,59.0
2026-09-19,wk inc covid hosp,2,2026-10-03,01,quantile,0.4,61.0
2026-09-19,wk inc covid hosp,2,2026-10-03,01,quantile,0.45,64.0
2026-09-19,wk inc covid hosp,2,2026-10-03,01,quantile,0.5,67.0
2026-09-19,wk inc covid hosp,2,2026-10-03,01,quantile,0.55,70.0
2026-09-19,wk inc covid hosp,2,2026-10-03,01,quantile,0.6,74.0
2026-09-19,wk inc covid hosp,2,2026-10-03,01,quantile,0.65,77.0
2026-09-19,wk inc covid hosp,2,2026-10-03,01,quantile,0.7,81.0
2026-09-19,wk inc covid hosp,2,2026-10-03,01,quantile,0.75,85.0
2026-09-19,wk inc covid hosp,2,2026-10-03,01,quantile,0.8,90.0
2026-09-19,wk inc covid hosp,2,2026-10-03,01,quantile,0.85,96.0
2026-09-19,wk inc covid hosp,2,2026-10-03,01,quantile,0.9,104.0
2026-09-19,wk inc covid hosp,2,2026-10-03,01,quantile,0.95,118.0
2026-09-19,wk inc covid hosp,2,2026-10-03,01,quantile,0.975,131.0
2026-09-19,wk inc covid hosp,2,2026-10-03,01,quantile,0.99,141.0
2026-09-19,wk inc covid hosp,2,2026-10-03,02,quantile,0.01,0.0
2026-09-19,wk inc covid hosp,2,2026-10-03,02,quantile,0.025,0.0
2026-09-19,wk inc covid hosp,2,2026-10-03,02,quantile,0.05,0.0
2026-09-19,wk inc covid hosp,2,2026-10-03,02,quantile,0.1,0.0
2026-09-19,wk inc covid hosp,2,2026-10-03,02,quantile,0.15,0.0
2026-09-19,wk inc covid hosp,2,2026-10-03,02,quantile,0.2,1.0
2026-09-19,wk inc covid hosp,2,2026-10-03,02,quantile,0.25,1.0
2026-09-19,wk inc covid hosp,2,2026-10-03,02,quantile,0.3,1.0
2026-09-19,wk inc covid hosp,2,2026-10-03,02,quantile,0.35,2.0
2026-09-19,wk inc covid hosp,2,2026-10-03,02,quantile,0.4,2.0
2026-09-19,wk inc covid hosp,2,2026-10-03,02,quantile,0.45,3.0
2026-09-19,wk inc covid hosp,2,2026-10-03,02,quantile,0.5,3.0
2026-09-19,wk inc covid hosp,2,2026-10-03,02,quantile,0.55,3.0
2026-09-19,wk inc covid hosp,2,2026-10-03,02,quantile,0.6,4.0
2026-09-19,wk inc covid hosp,2,2026-10-03,02,quantile,0.65,4.0
2026-09-19,wk inc covid hosp,2,2026-10-03,02,quantile,0.7,5.0
2026-09-19,wk inc covid hosp,2,2026-10-03,02,quantile,0.75,6.0
2026-09-19,wk inc covid hosp,2,2026-10-03,02,quantile,0.8,7.0
2026-09-19,wk inc covid hosp,2,2026-10-03,02,quantile,0.85,8.0
2026-09-19,wk inc covid hosp,2,2026-10-03,02,quantile,0.9,10.0
2026-09-19,wk inc covid hosp,2,2026-10-03,02,quantile,0.95,13.0
2026-09-19,wk inc covid hosp,2,2026-10-03,02,quantile,0.975,17.0
2026-09-19,wk inc covid hosp,2,2026-10-03,02,quantile,0.99,22.0
2026-09-19,wk inc covid hosp,2,2026-10-03,04,quantile,0.01,47.0
2026-09-19,wk inc covid hosp,2,2026-10-03,04,quantile,0.025,54.0
2026-09-19,wk inc covid hosp,2,2026-10-03,04,quantile,0.05,59.0
2026-09-19,wk inc covid hosp,2,2026-10-03,04,quantile,0.1,65.0
2026-09-19,wk inc covid hosp,2,2026-10-03,04,quantile,0.15,70.0
2026-09-19,wk inc covid hosp,2,2026-10-03,04,quantile,0.2,74.0
2026-09-19,wk inc covid hosp,2,2026-10-03,04,quantile,0.25,77.0
2026-09-19,wk inc covid hosp,2,2026-10-03,04,quantile,0.3,81.0
2026-09-19,wk inc covid hosp,2,2026-10-03,04,quantile,0.35,84.0
2026-09-19,wk inc covid hosp,2,2026-10-03,04,quantile,0.4,88.0
2026-09-19,wk inc covid hosp,2,2026-10-03,04,quantile,0.45,91.0
2026-09-19,wk inc covid hosp,2,2026-10-03,04,quantile,0.5,94.0
2026-09-19,wk inc covid hosp,2,2026-10-03,04,quantile,0.55,98.0
2026-09-19,wk inc covid hosp,2,2026-10-03,04,quantile,0.6,102.0
2026-09-19,wk inc covid hosp,2,2026-10-03,04,quantile,0.65,107.0
2026-09-19,wk inc covid hosp,2,2026-10-03,04,quantile,0.7,111.0
2026-09-19,wk inc covid hosp,2,2026-10-03,04,quantile,0.75,117.0
2026-09-19,wk inc covid hosp,2,2026-10-03,04,quantile,0.8,122.0
2026-09-19,wk inc covid hosp,2,2026-10-03,04,quantile,0.85,131.0
2026-09-19,wk inc covid hosp,2,2026-10-03,04,quantile,0.9,143.0
2026-09-19,wk inc covid hosp,2,2026-10-03,04,quantile,0.95,160.0
2026-09-19,wk inc covid hosp,2,2026-10-03,04,quantile,0.975,177.0
2026-09-19,wk inc covid hosp,2,2026-10-03,04,quantile,0.99,193.0
2026-09-19,wk inc covid hosp,2,2026-10-03,05,quantile,0.01,0.0
2026-09-19,wk inc covid hosp,2,2026-10-03,05,quantile,0.025,1.0
2026-09-19,wk inc covid hosp,2,2026-10-03,05,quantile,0.05,2.0
2026-09-19,wk inc covid hosp,2,2026-10-03,05,quantile,0.1,4.0
2026-09-19,wk inc covid hosp,2,2026-10-03,05,quantile,0.15,5.0
2026-09-19,wk inc covid hosp,2,2026-10-03,05,quantile,0.2,6.0
2026-09-19,wk inc covid hosp,2,2026-10-03,05,quantile,0.25,6.0
2026-09-19,wk inc covid hosp,2,2026-10-03,05,quantile,0.3,7.0
2026-09-19,wk inc covid hosp,2,2026-10-03,05,quantile,0.35,8.0
2026-09-19,wk inc covid hosp,2,2026-10-03,05,quantile,0.4,8.0
2026-09-19,wk inc covid hosp,2,2026-10-03,05,quantile,0.45,9.0
2026-09-19,wk inc covid hosp,2,2026-10-03,05,quantile,0.5,10.0
2026-09-19,wk inc covid hosp,2,2026-10-03,05,quantile,0.55,10.0
2026-09-19,wk inc covid hosp,2,2026-10-03,05,quantile,0.6,11.0
2026-09-19,wk inc covid hosp,2,2026-10-03,05,quantile,0.65,12.0
2026-09-19,wk inc covid hosp,2,2026-10-03,05,quantile,0.7,13.0
2026-09-19,wk inc covid hosp,2,2026-10-03,05,quantile,0.75,13.0
2026-09-19,wk inc covid hosp,2,2026-10-03,05,quantile,0.8,14.0
2026-09-19,wk inc covid hosp,2,2026-10-03,05,quantile,0.85,15.0
2026-09-19,wk inc covid hosp,2,2026-10-03,05,quantile,0.9,17.0
2026-09-19,wk inc covid hosp,2,2026-10-03,05,quantile,0.95,19.0
2026-09-19,wk inc covid hosp,2,2026-10-03,05,quantile,0.975,20.0
2026-09-19,wk inc covid hosp,2,2026-10-03,05,quantile,0.99,21.0
2026-09-19,wk inc covid hosp,2,2026-10-03,06,quantile,0.01,383.0
2026-09-19,wk inc covid hosp,2,2026-10-03,06,quantile,0.025,415.0
2026-09-19,wk inc covid hosp,2,2026-10-03,06,quantile,0.05,452.0
2026-09-19,wk inc covid hosp,2,2026-10-03,06,quantile,0.1,497.0
2026-09-19,wk inc covid hosp,2,2026-10-03,06,quantile,0.15,526.0
2026-09-19,wk inc covid hosp,2,2026-10-03,06,quantile,0.2,549.0
2026-09-19,wk inc covid hosp,2,2026-10-03,06,quantile,0.25,571.0
2026-09-19,wk inc covid hosp,2,2026-10-03,06,quantile,0.3,595.0
2026-09-19,wk inc covid hosp,2,2026-10-03,06,quantile,0.35,620.0
2026-09-19,wk inc covid hosp,2,2026-10-03,06,quantile,0.4,645.0
2026-09-19,wk inc covid hosp,2,2026-10-03,06,quantile,0.45,670.0
2026-09-19,wk inc covid hosp,2,2026-10-03,06,quantile,0.5,692.0
2026-09-19,wk inc covid hosp,2,2026-10-03,06,quantile,0.55,721.0
2026-09-19,wk inc covid hosp,2,2026-10-03,06,quantile,0.6,751.0
2026-09-19,wk inc covid hosp,2,2026-10-03,06,quantile,0.65,781.0
2026-09-19,wk inc covid hosp,2,2026-10-03,06,quantile,0.7,814.0
2026-09-19,wk inc covid hosp,2,2026-10-03,06,quantile,0.75,858.0
2026-09-19,wk inc covid hosp,2,2026-10-03,06,quantile,0.8,905.0
2026-09-19,wk inc covid hosp,2,2026-10-03,06,quantile,0.85,969.0
2026-09-19,wk inc covid hosp,2,2026-10-03,06,quantile,0.9,1038.0
2026-09-19,wk inc covid hosp,2,2026-10-03,06,quantile,0.95,1158.0
2026-09-19,wk inc covid hosp,2,2026-10-03,06,quantile,0.975,1311.0
2026-09-19,wk inc covid hosp,2,2026-10-03,06,quantile,0.99,1522.0
2026-09-19,wk inc covid hosp,2,2026-10-03,08,quantile,0.01,3.0
2026-09-19,wk inc covid hosp,2,2026-10-03,08,quantile,0.025,6.0
2026-09-19,wk inc covid hosp,2,2026-10-03,08,quantile,0.05,8.0
2026-09-19,wk inc covid hosp,2,2026-10-03,08,quantile,0.1,12.0
2026-09-19,wk inc covid hosp,2,2026-10-03,08,quantile,0.15,14.0
2026-09-19,wk inc covid hosp,2,2026-10-03,08,quantile,0.2,15.0
2026-09-19,wk inc covid hosp,2,2026-10-03,08,quantile,0.25,17.0
2026-09-19,wk inc covid hosp,2,2026-10-03,08,quantile,0.3,18.0
2026-09-19,wk inc covid hosp,2,2026-10-03,08,quantile,0.35,20.0
2026-09-19,wk inc covid hosp,2,2026-10-03,08,quantile,0.4,21.0
2026-09-19,wk inc covid hosp,2,2026-10-03,08,quantile,0.45,22.0
2026-09-19,wk inc covid hosp,2,2026-10-03,08,quantile,0.5,24.0
2026-09-19,wk inc covid hosp,2,2026-10-03,08,quantile,0.55,25.0
2026-09-19,wk inc covid hosp,2,2026-10-03,08,quantile,0.6,27.0
2026-09-19,wk inc covid hosp,2,2026-10-03,08,quantile,0.65,28.0
2026-09-19,wk inc covid hosp,2,2026-10-03,08,quantile,0.7,30.0
2026-09-19,wk inc covid hosp,2,2026-10-03,08,quantile,0.75,32.0
2026-09-19,wk inc covid hosp,2,2026-10-03,08,quantile,0.8,33.0
2026-09-19,wk inc covid hosp,2,2026-10-03,08,quantile,0.85,35.0
2026-09-19,wk inc covid hosp,2,2026-10-03,08,quantile,0.9,38.0
2026-09-19,wk inc covid hosp,2,2026-10-03,08,quantile,0.95,42.0
2026-09-19,wk inc covid hosp,2,2026-10-03,08,quantile,0.975,45.0
2026-09-19,wk inc covid hosp,2,2026-10-03,08,quantile,0.99,46.0
2026-09-19,wk inc covid hosp,2,2026-10-03,09,quantile,0.01,0.0
2026-09-19,wk inc covid hosp,2,2026-10-03,09,quantile,0.025,0.0
2026-09-19,wk inc covid hosp,2,2026-10-03,09,quantile,0.05,1.0
2026-09-19,wk inc covid hosp,2,2026-10-03,09,quantile,0.1,3.0
2026-09-19,wk inc covid hosp,2,2026-10-03,09,quantile,0.15,5.0
2026-09-19,wk inc covid hosp,2,2026-10-03,09,quantile,0.2,6.0
2026-09-19,wk inc covid hosp,2,2026-10-03,09,quantile,0.25,8.0
2026-09-19,wk inc covid hosp,2,2026-10-03,09,quantile,0.3,9.0
2026-09-19,wk inc covid hosp,2,2026-10-03,09,quantile,0.35,10.0
2026-09-19,wk inc covid hosp,2,2026-10-03,09,quantile,0.4,11.0
2026-09-19,wk inc covid hosp,2,2026-10-03,09,quantile,0.45,12.0
2026-09-19,wk inc covid hosp,2,2026-10-03,09,quantile,0.5,13.0
2026-09-19,wk inc covid hosp,2,2026-10-03,09,quantile,0.55,14.0
2026-09-19,wk inc covid hosp,2,2026-10-03,09,quantile,0.6,15.0
2026-09-19,wk inc covid hosp,2,2026-10-03,09,quantile,0.65,16.0
2026-09-19,wk inc covid hosp,2,2026-10-03,09,quantile,0.7,18.0
2026-09-19,wk inc covid hosp,2,2026-10-03,09,quantile,0.75,19.0
2026-09-19,wk inc covid hosp,2,2026-10-03,09,quantile,0.8,21.0
2026-09-19,wk inc covid hosp,2,2026-10-03,09,quantile,0.85,22.0
2026-09-19,wk inc covid hosp,2,2026-10-03,09,quantile,0.9,24.0
2026-09-19,wk inc covid hosp,2,2026-10-03,09,quantile,0.95,26.0
2026-09-19,wk inc covid hosp,2,2026-10-03,09,quantile,0.975,29.0
2026-09-19,wk inc covid hosp,2,2026-10-03,09,quantile,0.99,31.0
2026-09-19,wk inc covid hosp,2,2026-10-03,10,quantile,0.01,0.0
2026-09-19,wk inc covid hosp,2,2026-10-03,10,quantile,0.025,0.0
2026-09-19,wk inc covid hosp,2,2026-10-03,10,quantile,0.05,0.0
2026-09-19,wk inc covid hosp,2,2026-10-03,10,quantile,0.1,2.0
2026-09-19,wk inc covid hosp,2,2026-10-03,10,quantile,0.15,3.0
2026-09-19,wk inc covid hosp,2,2026-10-03,10,quantile,0.2,4.0
2026-09-19,wk inc covid hosp,2,2026-10-03,10,quantile,0.25,6.0
2026-09-19,wk inc covid hosp,2,2026-10-03,10,quantile,0.3,7.0
2026-09-19,wk inc covid hosp,2,2026-10-03,10,quantile,0.35,8.0
2026-09-19,wk inc covid hosp,2,2026-10-03,10,quantile,0.4,9.0
2026-09-19,wk inc covid hosp,2,2026-10-03,10,quantile,0.45,10.0
2026-09-19,wk inc covid hosp,2,2026-10-03,10,quantile,0.5,11.0
2026-09-19,wk inc covid hosp,2,2026-10-03,10,quantile,0.55,12.0
2026-09-19,wk inc covid hosp,2,2026-10-03,10,quantile,0.6,13.0
2026-09-19,wk inc covid hosp,2,2026-10-03,10,quantile,0.65,15.0
2026-09-19,wk inc covid hosp,2,2026-10-03,10,quantile,0.7,16.0
2026-09-19,wk inc covid hosp,2,2026-10-03,10,quantile,0.75,18.0
2026-09-19,wk inc covid hosp,2,2026-10-03,10,quantile,0.8,20.0
2026-09-19,wk inc covid hosp,2,2026-10-03,10,quantile,0.85,22.0
2026-09-19,wk inc covid hosp,2,2026-10-03,10,quantile,0.9,27.0
2026-09-19,wk inc covid hosp,2,2026-10-03,10,quantile,0.95,36.0
2026-09-19,wk inc covid hosp,2,2026-10-03,10,quantile,0.975,48.0
2026-09-19,wk inc covid hosp,2,2026-10-03,10,quantile,0.99,62.0
2026-09-19,wk inc covid hosp,2,2026-10-03,11,quantile,0.01,0.0
2026-09-19,wk inc covid hosp,2,2026-10-03,11,quantile,0.025,0.0
2026-09-19,wk inc covid hosp,2,2026-10-03,11,quantile,0.05,0.0
2026-09-19,wk inc covid hosp,2,2026-10-03,11,quantile,0.1,0.0
2026-09-19,wk inc covid hosp,2,2026-10-03,11,quantile,0.15,0.0
2026-09-19,wk inc covid hosp,2,2026-10-03,11,quantile,0.2,0.0
2026-09-19,wk inc covid hosp,2,2026-10-03,11,quantile,0.25,1.0
2026-09-19,wk inc covid hosp,2,2026-10-03,11,quantile,0.3,2.0
2026-09-19,wk inc covid hosp,2,2026-10-03,11,quantile,0.35,2.0
2026-09-19,wk inc covid hosp,2,2026-10-03,11,quantile,0.4,3.0
2026-09-19,wk inc covid hosp,2,2026-10-03,11,quantile,0.45,4.0
2026-09-19,wk inc covid hosp,2,2026-10-03,11,quantile,0.5,4.0
2026-09-19,wk inc covid hosp,2,2026-10-03,11,quantile,0.55,5.0
2026-09-19,wk inc covid hosp,2,2026-10-03,11,quantile,0.6,5.0
2026-09-19,wk inc covid hosp,2,2026-10-03,11,quantile,0.65,6.0
2026-09-19,wk inc covid hosp,2,2026-10-03,11,quantile,0.7,7.0
2026-09-19,wk inc covid hosp,2,2026-10-03,11,quantile,0.75,7.0
2026-09-19,wk inc covid hosp,2,2026-10-03,11,quantile,0.8,8.0
2026-09-19,wk inc covid hosp,2,2026-10-03,11,quantile,0.85,10.0
2026-09-19,wk inc covid hosp,2,2026-10-03,11,quantile,0.9,11.0
2026-09-19,wk inc covid hosp,2,2026-10-03,11,quantile,0.95,13.0
2026-09-19,wk inc covid hosp,2,2026-10-03,11,quantile,0.975,16.0
2026-09-19,wk inc covid hosp,2,2026-10-03,11,quantile,0.99,18.0
2026-09-19,wk inc covid hosp,2,2026-10-03,12,quantile,0.01,223.0
2026-09-19,wk inc covid hosp,2,2026-10-03,12,quantile,0.025,241.0
2026-09-19,wk inc covid hosp,2,2026-10-03,12,quantile,0.05,256.0
2026-09-19,wk inc covid hosp,2,2026-10-03,12,quantile,0.1,281.0
2026-09-19,wk inc covid hosp,2,2026-10-03,12,quantile,0.15,297.0
2026-09-19,wk inc covid hosp,2,2026-10-03,12,quantile,0.2,311.0
2026-09-19,wk inc covid hosp,2,2026-10-03,12,quantile,0.25,322.0
2026-09-19,wk inc covid hosp,2,2026-10-03,12,quantile,0.3,336.0
2026-09-19,wk inc covid hosp,2,2026-10-03,12,quantile,0.35,346.0
2026-09-19,wk inc covid hosp,2,2026-10-03,12,quantile,0.4,358.0
2026-09-19,wk inc covid hosp,2,2026-10-03,12,quantile,0.45,370.0
2026-09-19,wk inc covid hosp,2,2026-10-03,12,quantile,0.5,384.0
2026-09-19,wk inc covid hosp,2,2026-10-03,12,quantile,0.55,402.0
2026-09-19,wk inc covid hosp,2,2026-10-03,12,quantile,0.6,419.0
2026-09-19,wk inc covid hosp,2,2026-10-03,12,quantile,0.65,433.0
2026-09-19,wk inc covid hosp,2,2026-10-03,12,quantile,0.7,454.0
2026-09-19,wk inc covid hosp,2,2026-10-03,12,quantile,0.75,476.0
2026-09-19,wk inc covid hosp,2,2026-10-03,12,quantile,0.8,495.0
2026-09-19,wk inc covid hosp,2,2026-10-03,12,quantile,0.85,524.0
2026-09-19,wk inc covid hosp,2,2026-10-03,12,quantile,0.9,567.0
2026-09-19,wk inc covid hosp,2,2026-10-03,12,quantile,0.95,636.0
2026-09-19,wk inc covid hosp,2,2026-10-03,12,quantile,0.975,703.0
2026-09-19,wk inc covid hosp,2,2026-10-03,12,quantile,0.99,771.0
2026-09-19,wk inc covid hosp,2,2026-10-03,13,quantile,0.01,0.0
2026-09-19,wk inc covid hosp,2,2026-10-03,13,quantile,0.025,7.0
2026-09-19,wk inc covid hosp,2,2026-10-03,13,quantile,0.05,13.0
2026-09-19,wk inc covid hosp,2,2026-10-03,13,quantile,0.1,20.0
2026-09-19,wk inc covid hosp,2,2026-10-03,13,quantile,0.15,25.0
2026-09-19,wk inc covid hosp,2,2026-10-03,13,quantile,0.2,29.0
2026-09-19,wk inc covid hosp,2,2026-10-03,13,quantile,0.25,33.0
2026-09-19,wk inc covid hosp,2,2026-10-03,13,quantile,0.3,36.0
2026-09-19,wk inc covid hosp,2,2026-10-03,13,quantile,0.35,39.0
2026-09-19,wk inc covid hosp,2,2026-10-03,13,quantile,0.4,42.0
2026-09-19,wk inc covid hosp,2,2026-10-03,13,quantile,0.45,45.0
2026-09-19,wk inc covid hosp,2,2026-10-03,13,quantile,0.5,49.0
2026-09-19,wk inc covid hosp,2,2026-10-03,13,quantile,0.55,52.0
2026-09-19,wk inc covid hosp,2,2026-10-03,13,quantile,0.6,55.0
2026-09-19,wk inc covid hosp,2,2026-10-03,13,quantile,0.65,58.0
2026-09-19,wk inc covid hosp,2,2026-10-03,13,quantile,0.7,61.0
2026-09-19,wk inc covid hosp,2,2026-10-03,13,quantile,0.75,66.0
2026-09-19,wk inc covid hosp,2,2026-10-03,13,quantile,0.8,70.0
2026-09-19,wk inc covid hosp,2,2026-10-03,13,quantile,0.85,75.0
2026-09-19,wk inc covid hosp,2,2026-10-03,13,quantile,0.9,80.0
2026-09-19,wk inc covid hosp,2,2026-10-03,13,quantile,0.95,89.0
2026-09-19,wk inc covid hosp,2,2026-10-03,13,quantile,0.975,96.0
2026-09-19,wk inc covid hosp,2,2026-10-03,13,quantile,0.99,104.0
2026-09-19,wk inc covid hosp,2,2026-10-03,15,quantile,0.01,1.0
2026-09-19,wk inc covid hosp,2,2026-10-03,15,quantile,0.025,2.0
2026-09-19,wk inc covid hosp,2,2026-10-03,15,quantile,0.05,3.0
2026-09-19,wk inc covid hosp,2,2026-10-03,15,quantile,0.1,5.0
2026-09-19,wk inc covid hosp,2,2026-10-03,15,quantile,0.15,7.0
2026-09-19,wk inc covid hosp,2,2026-10-03,15,quantile,0.2,8.0
2026-09-19,wk inc covid hosp,2,2026-10-03,15,quantile,0.25,9.0
2026-09-19,wk inc covid hosp,2,2026-10-03,15,quantile,0.3,10.0
2026-09-19,wk inc covid hosp,2,2026-10-03,15,quantile,0.35,11.0
2026-09-19,wk inc covid hosp,2,2026-10-03,15,quantile,0.4,12.0
2026-09-19,wk inc covid hosp,2,2026-10-03,15,quantile,0.45,14.0
2026-09-19,wk inc covid hosp,2,2026-10-03,15,quantile,0.5,15.0
2026-09-19,wk inc covid hosp,2,2026-10-03,15,quantile,0.55,16.0
2026-09-19,wk inc covid hosp,2,2026-10-03,15,quantile,0.6,18.0
2026-09-19,wk inc covid hosp,2,2026-10-03,15,quantile,0.65,20.0
2026-09-19,wk inc covid hosp,2,2026-10-03,15,quantile,0.7,22.0
2026-09-19,wk inc covid hosp,2,2026-10-03,15,quantile,0.75,25.0
2026-09-19,wk inc covid hosp,2,2026-10-03,15,quantile,0.8,29.0
2026-09-19,wk inc covid hosp,2,2026-10-03,15,quantile,0.85,33.0
2026-09-19,wk inc covid hosp,2,2026-10-03,15,quantile,0.9,39.0
2026-09-19,wk inc covid hosp,2,2026-10-03,15,quantile,0.95,49.0
2026-09-19,wk inc covid hosp,2,2026-10-03,15,quantile,0.975,62.0
2026-09-19,wk inc covid hosp,2,2026-10-03,15,quantile,0.99,76.0
2026-09-19,wk inc covid hosp,2,2026-10-03,16,quantile,0.01,0.0
2026-09-19,wk inc covid hosp,2,2026-10-03,16,quantile,0.025,0.0
2026-09-19,wk inc covid hosp,2,2026-10-03,16,quantile,0.05,0.0
2026-09-19,wk inc covid hosp,2,2026-10-03,16,quantile,0.1,0.0
2026-09-19,wk inc covid hosp,2,2026-10-03,16,quantile,0.15,0.0
2026-09-19,wk inc covid hosp,2,2026-10-03,16,quantile,0.2,0.0
2026-09-19,wk inc covid hosp,2,2026-10-03,16,quantile,0.25,1.0
2026-09-19,wk inc covid hosp,2,2026-10-03,16,quantile,0.3,3.0
2026-09-19,wk inc covid hosp,2,2026-10-03,16,quantile,0.35,4.0
2026-09-19,wk inc covid hosp,2,2026-10-03,16,quantile,0.4,5.0
2026-09-19,wk inc covid hosp,2,2026-10-03,16,quantile,0.45,7.0
2026-09-19,wk inc covid hosp,2,2026-10-03,16,quantile,0.5,8.0
2026-09-19,wk inc covid hosp,2,2026-10-03,16,quantile,0.55,9.0
2026-09-19,wk inc covid hosp,2,2026-10-03,16,quantile,0.6,11.0
2026-09-19,wk inc covid hosp,2,2026-10-03,16,quantile,0.65,12.0
2026-09-19,wk inc covid hosp,2,2026-10-03,16,quantile,0.7,14.0
2026-09-19,wk inc covid hosp,2,2026-10-03,16,quantile,0.75,15.0
2026-09-19,wk inc covid hosp,2,2026-10-03,16,quantile,0.8,17.0
2026-09-19,wk inc covid hosp,2,2026-10-03,16,quantile,0.85,20.0
2026-09-19,wk inc covid hosp,2,2026-10-03,16,quantile,0.9,23.0
2026-09-19,wk inc covid hosp,2,2026-10-03,16,quantile,0.95,27.0
2026-09-19,wk inc covid hosp,2,2026-10-03,16,quantile,0.975,31.0
2026-09-19,wk inc covid hosp,2,2026-10-03,16,quantile,0.99,37.0
2026-09-19,wk inc covid hosp,2,2026-10-03,17,quantile,0.01,0.0
2026-09-19,wk inc covid hosp,2,2026-10-03,17,quantile,0.025,0.0
2026-09-19,wk inc covid hosp,2,2026-10-03,17,quantile,0.05,0.0
2026-09-19,wk inc covid hosp,2,2026-10-03,17,quantile,0.1,1.0
2026-09-19,wk inc covid hosp,2,2026-10-03,17,quantile,0.15,9.0
2026-09-19,wk inc covid hosp,2,2026-10-03,17,quantile,0.2,14.0
2026-09-19,wk inc covid hosp,2,2026-10-03,17,quantile,0.25,19.0
2026-09-19,wk inc covid hosp,2,2026-10-03,17,quantile,0.3,23.0
2026-09-19,wk inc covid hosp,2,2026-10-03,17,quantile,0.35,27.0
2026-09-19,wk inc covid hosp,2,2026-10-03,17,quantile,0.4,31.0
2026-09-19,wk inc covid hosp,2,2026-10-03,17,quantile,0.45,35.0
2026-09-19,wk inc covid hosp,2,2026-10-03,17,quantile,0.5,39.0
2026-09-19,wk inc covid hosp,2,2026-10-03,17,quantile,0.55,43.0
2026-09-19,wk inc covid hosp,2,2026-10-03,17,quantile,0.6,48.0
2026-09-19,wk inc covid hosp,2,2026-10-03,17,quantile,0.65,52.0
2026-09-19,wk inc covid hosp,2,2026-10-03,17,quantile,0.7,57.0
2026-09-19,wk inc covid hosp,2,2026-10-03,17,quantile,0.75,62.0
2026-09-19,wk inc covid hosp,2,2026-10-03,17,quantile,0.8,67.0
2026-09-19,wk inc covid hosp,2,2026-10-03,17,quantile,0.85,73.0
2026-09-19,wk inc covid hosp,2,2026-10-03,17,quantile,0.9,81.0
2026-09-19,wk inc covid hosp,2,2026-10-03,17,quantile,0.95,90.0
2026-09-19,wk inc covid hosp,2,2026-10-03,17,quantile,0.975,99.0
2026-09-19,wk inc covid hosp,2,2026-10-03,17,quantile,0.99,109.0
2026-09-19,wk inc covid hosp,2,2026-10-03,18,quantile,0.01,0.0
2026-09-19,wk inc covid hosp,2,2026-10-03,18,quantile,0.025,0.0
2026-09-19,wk inc covid hosp,2,2026-10-03,18,quantile,0.05,1.0
2026-09-19,wk inc covid hosp,2,2026-10-03,18,quantile,0.1,9.0
2026-09-19,wk inc covid hosp,2,2026-10-03,18,quantile,0.15,13.0
2026-09-19,wk inc covid hosp,2,2026-10-03,18,quantile,0.2,16.0
2026-09-19,wk inc covid hosp,2,2026-10-03,18,quantile,0.25,20.0
2026-09-19,wk inc covid hosp,2,2026-10-03,18,quantile,0.3,24.0
2026-09-19,wk inc covid hosp,2,2026-10-03,18,quantile,0.35,27.0
2026-09-19,wk inc covid hosp,2,2026-10-03,18,quantile,0.4,30.0
2026-09-19,wk inc covid hosp,2,2026-10-03,18,quantile,0.45,33.0
2026-09-19,wk inc covid hosp,2,2026-10-03,18,quantile,0.5,35.0
2026-09-19,wk inc covid hosp,2,2026-10-03,18,quantile,0.55,39.0
2026-09-19,wk inc covid hosp,2,2026-10-03,18,quantile,0.6,42.0
2026-09-19,wk inc covid hosp,2,2026-10-03,18,quantile,0.65,45.0
2026-09-19,wk inc covid hosp,2,2026-10-03,18,quantile,0.7,49.0
2026-09-19,wk inc covid hosp,2,2026-10-03,18,quantile,0.75,53.0
2026-09-19,wk inc covid hosp,2,2026-10-03,18,quantile,0.8,58.0
2026-09-19,wk inc covid hosp,2,2026-10-03,18,quantile,0.85,65.0
2026-09-19,wk inc covid hosp,2,2026-10-03,18,quantile,0.9,73.0
2026-09-19,wk inc covid hosp,2,2026-10-03,18,quantile,0.95,88.0
2026-09-19,wk inc covid hosp,2,2026-10-03,18,quantile,0.975,102.0
2026-09-19,wk inc covid hosp,2,2026-10-03,18,quantile,0.99,116.0
2026-09-19,wk inc covid hosp,2,2026-10-03,19,quantile,0.01,1.0
2026-09-19,wk inc covid hosp,2,2026-10-03,19,quantile,0.025,4.0
2026-09-19,wk inc covid hosp,2,2026-10-03,19,quantile,0.05,6.0
2026-09-19,wk inc covid hosp,2,2026-10-03,19,quantile,0.1,8.0
2026-09-19,wk inc covid hosp,2,2026-10-03,19,quantile,0.15,9.0
2026-09-19,wk inc covid hosp,2,2026-10-03,19,quantile,0.2,11.0
2026-09-19,wk inc covid hosp,2,2026-10-03,19,quantile,0.25,12.0
2026-09-19,wk inc covid hosp,2,2026-10-03,19,quantile,0.3,13.0
2026-09-19,wk inc covid hosp,2,2026-10-03,19,quantile,0.35,14.0
2026-09-19,wk inc covid hosp,2,2026-10-03,19,quantile,0.4,15.0
2026-09-19,wk inc covid hosp,2,2026-10-03,19,quantile,0.45,17.0
2026-09-19,wk inc covid hosp,2,2026-10-03,19,quantile,0.5,17.0
2026-09-19,wk inc covid hosp,2,2026-10-03,19,quantile,0.55,19.0
2026-09-19,wk inc covid hosp,2,2026-10-03,19,quantile,0.6,20.0
2026-09-19,wk inc covid hosp,2,2026-10-03,19,quantile,0.65,21.0
2026-09-19,wk inc covid hosp,2,2026-10-03,19,quantile,0.7,23.0
2026-09-19,wk inc covid hosp,2,2026-10-03,19,quantile,0.75,25.0
2026-09-19,wk inc covid hosp,2,2026-10-03,19,quantile,0.8,27.0
2026-09-19,wk inc covid hosp,2,2026-10-03,19,quantile,0.85,29.0
2026-09-19,wk inc covid hosp,2,2026-10-03,19,quantile,0.9,32.0
2026-09-19,wk inc covid hosp,2,2026-10-03,19,quantile,0.95,38.0
2026-09-19,wk inc covid hosp,2,2026-10-03,19,quantile,0.975,44.0
2026-09-19,wk inc covid hosp,2,2026-10-03,19,quantile,0.99,52.0
2026-09-19,wk inc covid hosp,2,2026-10-03,20,quantile,0.01,0.0
2026-09-19,wk inc covid hosp,2,2026-10-03,20,quantile,0.025,0.0
2026-09-19,wk inc covid hosp,2,2026-10-03,20,quantile,0.05,0.0
2026-09-19,wk inc covid hosp,2,2026-10-03,20,quantile,0.1,0.0
2026-09-19,wk inc covid hosp,2,2026-10-03,20,quantile,0.15,0.0
2026-09-19,wk inc covid hosp,2,2026-10-03,20,quantile,0.2,1.0
2026-09-19,wk inc covid hosp,2,2026-10-03,20,quantile,0.25,2.0
2026-09-19,wk inc covid hosp,2,2026-10-03,20,quantile,0.3,4.0
2026-09-19,wk inc covid hosp,2,2026-10-03,20,quantile,0.35,5.0
2026-09-19,wk inc covid hosp,2,2026-10-03,20,quantile,0.4,6.0
2026-09-19,wk inc covid hosp,2,2026-10-03,20,quantile,0.45,7.0
2026-09-19,wk inc covid hosp,2,2026-10-03,20,quantile,0.5,8.0
2026-09-19,wk inc covid hosp,2,2026-10-03,20,quantile,0.55,10.0
2026-09-19,wk inc covid hosp,2,2026-10-03,20,quantile,0.6,11.0
2026-09-19,wk inc covid hosp,2,2026-10-03,20,quantile,0.65,12.0
2026-09-19,wk inc covid hosp,2,2026-10-03,20,quantile,0.7,13.0
2026-09-19,wk inc covid hosp,2,2026-10-03,20,quantile,0.75,15.0
2026-09-19,wk inc covid hosp,2,2026-10-03,20,quantile,0.8,17.0
2026-09-19,wk inc covid hosp,2,2026-10-03,20,quantile,0.85,19.0
2026-09-19,wk inc covid hosp,2,2026-10-03,20,quantile,0.9,21.0
2026-09-19,wk inc covid hosp,2,2026-10-03,20,quantile,0.95,25.0
2026-09-19,wk inc covid hosp,2,2026-10-03,20,quantile,0.975,28.0
2026-09-19,wk inc covid hosp,2,2026-10-03,20,quantile,0.99,31.0
2026-09-19,wk inc covid hosp,2,2026-10-03,21,quantile,0.01,0.0
2026-09-19,wk inc covid hosp,2,2026-10-03,21,quantile,0.025,4.0
2026-09-19,wk inc covid hosp,2,2026-10-03,21,quantile,0.05,6.0
2026-09-19,wk inc covid hosp,2,2026-10-03,21,quantile,0.1,9.0
2026-09-19,wk inc covid hosp,2,2026-10-03,21,quantile,0.15,11.0
2026-09-19,wk inc covid hosp,2,2026-10-03,21,quantile,0.2,13.0
2026-09-19,wk inc covid hosp,2,2026-10-03,21,quantile,0.25,15.0
2026-09-19,wk inc covid hosp,2,2026-10-03,21,quantile,0.3,16.0
2026-09-19,wk inc covid hosp,2,2026-10-03,21,quantile,0.35,18.0
2026-09-19,wk inc covid hosp,2,2026-10-03,21,quantile,0.4,19.0
2026-09-19,wk inc covid hosp,2,2026-10-03,21,quantile,0.45,21.0
2026-09-19,wk inc covid hosp,2,2026-10-03,21,quantile,0.5,22.0
2026-09-19,wk inc covid hosp,2,2026-10-03,21,quantile,0.55,24.0
2026-09-19,wk inc covid hosp,2,2026-10-03,21,quantile,0.6,25.0
2026-09-19,wk inc covid hosp,2,2026-10-03,21,quantile,0.65,27.0
2026-09-19,wk inc covid hosp,2,2026-10-03,21,quantile,0.7,29.0
2026-09-19,wk inc covid hosp,2,2026-10-03,21,quantile,0.75,31.0
2026-09-19,wk inc covid hosp,2,2026-10-03,21,quantile,0.8,33.0
2026-09-19,wk inc covid hosp,2,2026-10-03,21,quantile,0.85,36.0
2026-09-19,wk inc covid hosp,2,2026-10-03,21,quantile,0.9,39.0
2026-09-19,wk inc covid hosp,2,2026-10-03,21,quantile,0.95,44.0
2026-09-19,wk inc covid hosp,2,2026-10-03,21,quantile,0.975,48.0
2026-09-19,wk inc covid hosp,2,2026-10-03,21,quantile,0.99,55.0
2026-09-19,wk inc covid hosp,2,2026-10-03,22,quantile,0.01,7.0
2026-09-19,wk inc covid hosp,2,2026-10-03,22,quantile,0.025,11.0
2026-09-19,wk inc covid hosp,2,2026-10-03,22,quantile,0.05,15.0
2026-09-19,wk inc covid hosp,2,2026-10-03,22,quantile,0.1,20.0
2026-09-19,wk inc covid hosp,2,2026-10-03,22,quantile,0.15,24.0
2026-09-19,wk inc covid hosp,2,2026-10-03,22,quantile,0.2,27.0
2026-09-19,wk inc covid hosp,2,2026-10-03,22,quantile,0.25,30.0
2026-09-19,wk inc covid hosp,2,2026-10-03,22,quantile,0.3,32.0
2026-09-19,wk inc covid hosp,2,2026-10-03,22,quantile,0.35,35.0
2026-09-19,wk inc covid hosp,2,2026-10-03,22,quantile,0.4,37.0
2026-09-19,wk inc covid hosp,2,2026-10-03,22,quantile,0.45,39.0
2026-09-19,wk inc covid hosp,2,2026-10-03,22,quantile,0.5,41.0
2026-09-19,wk inc covid hosp,2,2026-10-03,22,quantile,0.55,44.0
2026-09-19,wk inc covid hosp,2,2026-10-03,22,quantile,0.6,46.0
2026-09-19,wk inc covid hosp,2,2026-10-03,22,quantile,0.65,49.0
2026-09-19,wk inc covid hosp,2,2026-10-03,22,quantile,0.7,52.0
2026-09-19,wk inc covid hosp,2,2026-10-03,22,quantile,0.75,55.0
2026-09-19,wk inc covid hosp,2,2026-10-03,22,quantile,0.8,58.0
2026-09-19,wk inc covid hosp,2,2026-10-03,22,quantile,0.85,62.0
2026-09-19,wk inc covid hosp,2,2026-10-03,22,quantile,0.9,68.0
2026-09-19,wk inc covid hosp,2,2026-10-03,22,quantile,0.95,76.0
2026-09-19,wk inc covid hosp,2,2026-10-03,22,quantile,0.975,82.0
2026-09-19,wk inc covid hosp,2,2026-10-03,22,quantile,0.99,93.0
2026-09-19,wk inc covid hosp,2,2026-10-03,23,quantile,0.01,0.0
2026-09-19,wk inc covid hosp,2,2026-10-03,23,quantile,0.025,0.0
2026-09-19,wk inc covid hosp,2,2026-10-03,23,quantile,0.05,0.0
2026-09-19,wk inc covid hosp,2,2026-10-03,23,quantile,0.1,0.0
2026-09-19,wk inc covid hosp,2,2026-10-03,23,quantile,0.15,0.0
2026-09-19,wk inc covid hosp,2,2026-10-03,23,quantile,0.2,0.0
2026-09-19,wk inc covid hosp,2,2026-10-03,23,quantile,0.25,0.0
2026-09-19,wk inc covid hosp,2,2026-10-03,23,quantile,0.3,0.0
2026-09-19,wk inc covid hosp,2,2026-10-03,23,quantile,0.35,1.0
2026-09-19,wk inc covid hosp,2,2026-10-03,23,quantile,0.4,1.0
2026-09-19,wk inc covid hosp,2,2026-10-03,23,quantile,0.45,2.0
2026-09-19,wk inc covid hosp,2,2026-10-03,23,quantile,0.5,2.0
2026-09-19,wk inc covid hosp,2,2026-10-03,23,quantile,0.55,2.0
2026-09-19,wk inc covid hosp,2,2026-10-03,23,quantile,0.6,3.0
2026-09-19,wk inc covid hosp,2,2026-10-03,23,quantile,0.65,3.0
2026-09-19,wk inc covid hosp,2,2026-10-03,23,quantile,0.7,4.0
2026-09-19,wk inc covid hosp,2,2026-10-03,23,quantile,0.75,4.0
2026-09-19,wk inc covid hosp,2,2026-10-03,23,quantile,0.8,5.0
2026-09-19,wk inc covid hosp,2,2026-10-03,23,quantile,0.85,5.0
2026-09-19,wk inc covid hosp,2,2026-10-03,23,quantile,0.9,6.0
2026-09-19,wk inc covid hosp,2,2026-10-03,23,quantile,0.95,8.0
2026-09-19,wk inc covid hosp,2,2026-10-03,23,quantile,0.975,9.0
2026-09-19,wk inc covid hosp,2,2026-10-03,23,quantile,0.99,11.0
2026-09-19,wk inc covid hosp,2,2026-10-03,24,quantile,0.01,0.0
2026-09-19,wk inc covid hosp,2,2026-10-03,24,quantile,0.025,2.0
2026-09-19,wk inc covid hosp,2,2026-10-03,24,quantile,0.05,4.0
2026-09-19,wk inc covid hosp,2,2026-10-03,24,quantile,0.1,8.0
2026-09-19,wk inc covid hosp,2,2026-10-03,24,quantile,0.15,10.0
2026-09-19,wk inc covid hosp,2,2026-10-03,24,quantile,0.2,12.0
2026-09-19,wk inc covid hosp,2,2026-10-03,24,quantile,0.25,13.0
2026-09-19,wk inc covid hosp,2,2026-10-03,24,quantile,0.3,15.0
2026-09-19,wk inc covid hosp,2,2026-10-03,24,quantile,0.35,16.0
2026-09-19,wk inc covid hosp,2,2026-10-03,24,quantile,0.4,18.0
2026-09-19,wk inc covid hosp,2,2026-10-03,24,quantile,0.45,19.0
2026-09-19,wk inc covid hosp,2,2026-10-03,24,quantile,0.5,20.0
2026-09-19,wk inc covid hosp,2,2026-10-03,24,quantile,0.55,22.0
2026-09-19,wk inc covid hosp,2,2026-10-03,24,quantile,0.6,23.0
2026-09-19,wk inc covid hosp,2,2026-10-03,24,quantile,0.65,25.0
2026-09-19,wk inc covid hosp,2,2026-10-03,24,quantile,0.7,27.0
2026-09-19,wk inc covid hosp,2,2026-10-03,24,quantile,0.75,29.0
2026-09-19,wk inc covid hosp,2,2026-10-03,24,quantile,0.8,31.0
2026-09-19,wk inc covid hosp,2,2026-10-03,24,quantile,0.85,35.0
2026-09-19,wk inc covid hosp,2,2026-10-03,24,quantile,0.9,39.0
2026-09-19,wk inc covid hosp,2,2026-10-03,24,quantile,0.95,47.0
2026-09-19,wk inc covid hosp,2,2026-10-03,24,quantile,0.975,57.0
2026-09-19,wk inc covid hosp,2,2026-10-03,24,quantile,0.99,65.0
2026-09-19,wk inc covid hosp,2,2026-10-03,25,quantile,0.01,0.0
2026-09-19,wk inc covid hosp,2,2026-10-03,25,quantile,0.025,0.0
2026-09-19,wk inc covid hosp,2,2026-10-03,25,quantile,0.05,0.0
2026-09-19,wk inc covid hosp,2,2026-10-03,25,quantile,0.1,0.0
2026-09-19,wk inc covid hosp,2,2026-10-03,25,quantile,0.15,0.0
2026-09-19,wk inc covid hosp,2,2026-10-03,25,quantile,0.2,0.0
2026-09-19,wk inc covid hosp,2,2026-10-03,25,quantile,0.25,4.0
2026-09-19,wk inc covid hosp,2,2026-10-03,25,quantile,0.3,8.0
2026-09-19,wk inc covid hosp,2,2026-10-03,25,quantile,0.35,11.0
2026-09-19,wk inc covid hosp,2,2026-10-03,25,quantile,0.4,14.0
2026-09-19,wk inc covid hosp,2,2026-10-03,25,quantile,0.45,17.0
2026-09-19,wk inc covid hosp,2,2026-10-03,25,quantile,0.5,20.0
2026-09-19,wk inc covid hosp,2,2026-10-03,25,quantile,0.55,23.0
2026-09-19,wk inc covid hosp,2,2026-10-03,25,quantile,0.6,25.0
2026-09-19,wk inc covid hosp,2,2026-10-03,25,quantile,0.65,29.0
2026-09-19,wk inc covid hosp,2,2026-10-03,25,quantile,0.7,32.0
2026-09-19,wk inc covid hosp,2,2026-10-03,25,quantile,0.75,35.0
2026-09-19,wk inc covid hosp,2,2026-10-03,25,quantile,0.8,38.0
2026-09-19,wk inc covid hosp,2,2026-10-03,25,quantile,0.85,42.0
2026-09-19,wk inc covid hosp,2,2026-10-03,25,quantile,0.9,47.0
2026-09-19,wk inc covid hosp,2,2026-10-03,25,quantile,0.95,52.0
2026-09-19,wk inc covid hosp,2,2026-10-03,25,quantile,0.975,56.0
2026-09-19,wk inc covid hosp,2,2026-10-03,25,quantile,0.99,61.0
2026-09-19,wk inc covid hosp,2,2026-10-03,26,quantile,0.01,0.0
2026-09-19,wk inc covid hosp,2,2026-10-03,26,quantile,0.025,0.0
2026-09-19,wk inc covid hosp,2,2026-10-03,26,quantile,0.05,0.0
2026-09-19,wk inc covid hosp,2,2026-10-03,26,quantile,0.1,0.0
2026-09-19,wk inc covid hosp,2,2026-10-03,26,quantile,0.15,0.0
2026-09-19,wk inc covid hosp,2,2026-10-03,26,quantile,0.2,0.0
2026-09-19,wk inc covid hosp,2,2026-10-03,26,quantile,0.25,0.0
2026-09-19,wk inc covid hosp,2,2026-10-03,26,quantile,0.3,2.0
2026-09-19,wk inc covid hosp,2,2026-10-03,26,quantile,0.35,5.0
2026-09-19,wk inc covid hosp,2,2026-10-03,26,quantile,0.4,7.0
2026-09-19,wk inc covid hosp,2,2026-10-03,26,quantile,0.45,10.0
2026-09-19,wk inc covid hosp,2,2026-10-03,26,quantile,0.5,12.0
2026-09-19,wk inc covid hosp,2,2026-10-03,26,quantile,0.55,15.0
2026-09-19,wk inc covid hosp,2,2026-10-03,26,quantile,0.6,18.0
2026-09-19,wk inc covid hosp,2,2026-10-03,26,quantile,0.65,20.0
2026-09-19,wk inc covid hosp,2,2026-10-03,26,quantile,0.7,23.0
2026-09-19,wk inc covid hosp,2,2026-10-03,26,quantile,0.75,25.0
2026-09-19,wk inc covid hosp,2,2026-10-03,26,quantile,0.8,28.0
2026-09-19,wk inc covid hosp,2,2026-10-03,26,quantile,0.85,32.0
2026-09-19,wk inc covid hosp,2,2026-10-03,26,quantile,0.9,36.0
2026-09-19,wk inc covid hosp,2,2026-10-03,26,quantile,0.95,41.0
2026-09-19,wk inc covid hosp,2,2026-10-03,26,quantile,0.975,45.0
2026-09-19,wk inc covid hosp,2,2026-10-03,26,quantile,0.99,49.0
2026-09-19,wk inc covid hosp,2,2026-10-03,27,quantile,0.01,0.0
2026-09-19,wk inc covid hosp,2,2026-10-03,27,quantile,0.025,0.0
2026-09-19,wk inc covid hosp,2,2026-10-03,27,quantile,0.05,3.0
2026-09-19,wk inc covid hosp,2,2026-10-03,27,quantile,0.1,7.0
2026-09-19,wk inc covid hosp,2,2026-10-03,27,quantile,0.15,10.0
2026-09-19,wk inc covid hosp,2,2026-10-03,27,quantile,0.2,13.0
2026-09-19,wk inc covid hosp,2,2026-10-03,27,quantile,0.25,15.0
2026-09-19,wk inc covid hosp,2,2026-10-03,27,quantile,0.3,17.0
2026-09-19,wk inc covid hosp,2,2026-10-03,27,quantile,0.35,18.0
2026-09-19,wk inc covid hosp,2,2026-10-03,27,quantile,0.4,20.0
2026-09-19,wk inc covid hosp,2,2026-10-03,27,quantile,0.45,22.0
2026-09-19,wk inc covid hosp,2,2026-10-03,27,quantile,0.5,24.0
2026-09-19,wk inc covid hosp,2,2026-10-03,27,quantile,0.55,26.0
2026-09-19,wk inc covid hosp,2,2026-10-03,27,quantile,0.6,27.0
2026-09-19,wk inc covid hosp,2,2026-10-03,27,quantile,0.65,29.0
2026-09-19,wk inc covid hosp,2,2026-10-03,27,quantile,0.7,31.0
2026-09-19,wk inc covid hosp,2,2026-10-03,27,quantile,0.75,34.0
2026-09-19,wk inc covid hosp,2,2026-10-03,27,quantile,0.8,36.0
2026-09-19,wk inc covid hosp,2,2026-10-03,27,quantile,0.85,39.0
2026-09-19,wk inc covid hosp,2,2026-10-03,27,quantile,0.9,43.0
2026-09-19,wk inc covid hosp,2,2026-10-03,27,quantile,0.95,49.0
2026-09-19,wk inc covid hosp,2,2026-10-03,27,quantile,0.975,55.0
2026-09-19,wk inc covid hosp,2,2026-10-03,27,quantile,0.99,60.0
2026-09-19,wk inc covid hosp,2,2026-10-03,28,quantile,0.01,8.0
2026-09-19,wk inc covid hosp,2,2026-10-03,28,quantile,0.025,11.0
2026-09-19,wk inc covid hosp,2,2026-10-03,28,quantile,0.05,13.0
2026-09-19,wk inc covid hosp,2,2026-10-03,28,quantile,0.1,16.0
2026-09-19,wk inc covid hosp,2,2026-10-03,28,quantile,0.15,19.0
2026-09-19,wk inc covid hosp,2,2026-10-03,28,quantile,0.2,20.0
2026-09-19,wk inc covid hosp,2,2026-10-03,28,quantile,0.25,22.0
2026-09-19,wk inc covid hosp,2,2026-10-03,28,quantile,0.3,23.0
2026-09-19,wk inc covid hosp,2,2026-10-03,28,quantile,0.35,25.0
2026-09-19,wk inc covid hosp,2,2026-10-03,28,quantile,0.4,26.0
2026-09-19,wk inc covid hosp,2,2026-10-03,28,quantile,0.45,27.0
2026-09-19,wk inc covid hosp,2,2026-10-03,28,quantile,0.5,28.0
2026-09-19,wk inc covid hosp,2,2026-10-03,28,quantile,0.55,30.0
2026-09-19,wk inc covid hosp,2,2026-10-03,28,quantile,0.6,32.0
2026-09-19,wk inc covid hosp,2,2026-10-03,28,quantile,0.65,33.0
2026-09-19,wk inc covid hosp,2,2026-10-03,28,quantile,0.7,35.0
2026-09-19,wk inc covid hosp,2,2026-10-03,28,quantile,0.75,37.0
2026-09-19,wk inc covid hosp,2,2026-10-03,28,quantile,0.8,39.0
2026-09-19,wk inc covid hosp,2,2026-10-03,28,quantile,0.85,42.0
2026-09-19,wk inc covid hosp,2,2026-10-03,28,quantile,0.9,45.0
2026-09-19,wk inc covid hosp,2,2026-10-03,28,quantile,0.95,50.0
2026-09-19,wk inc covid hosp,2,2026-10-03,28,quantile,0.975,56.0
2026-09-19,wk inc covid hosp,2,2026-10-03,28,quantile,0.99,61.0
2026-09-19,wk inc covid hosp,2,2026-10-03,29,quantile,0.01,12.0
2026-09-19,wk inc covid hosp,2,2026-10-03,29,quantile,0.025,17.0
2026-09-19,wk inc covid hosp,2,2026-10-03,29,quantile,0.05,22.0
2026-09-19,wk inc covid hosp,2,2026-10-03,29,quantile,0.1,28.0
2026-09-19,wk inc covid hosp,2,2026-10-03,29,quantile,0.15,32.0
2026-09-19,wk inc covid hosp,2,2026-10-03,29,quantile,0.2,35.0
2026-09-19,wk inc covid hosp,2,2026-10-03,29,quantile,0.25,37.0
2026-09-19,wk inc covid hosp,2,2026-10-03,29,quantile,0.3,39.0
2026-09-19,wk inc covid hosp,2,2026-10-03,29,quantile,0.35,42.0
2026-09-19,wk inc covid hosp,2,2026-10-03,29,quantile,0.4,44.0
2026-09-19,wk inc covid hosp,2,2026-10-03,29,quantile,0.45,47.0
2026-09-19,wk inc covid hosp,2,2026-10-03,29,quantile,0.5,49.0
2026-09-19,wk inc covid hosp,2,2026-10-03,29,quantile,0.55,52.0
2026-09-19,wk inc covid hosp,2,2026-10-03,29,quantile,0.6,55.0
2026-09-19,wk inc covid hosp,2,2026-10-03,29,quantile,0.65,58.0
2026-09-19,wk inc covid hosp,2,2026-10-03,29,quantile,0.7,61.0
2026-09-19,wk inc covid hosp,2,2026-10-03,29,quantile,0.75,65.0
2026-09-19,wk inc covid hosp,2,2026-10-03,29,quantile,0.8,69.0
2026-09-19,wk inc covid hosp,2,2026-10-03,29,quantile,0.85,75.0
2026-09-19,wk inc covid hosp,2,2026-10-03,29,quantile,0.9,83.0
2026-09-19,wk inc covid hosp,2,2026-10-03,29,quantile,0.95,96.0
2026-09-19,wk inc covid hosp,2,2026-10-03,29,quantile,0.975,110.0
2026-09-19,wk inc covid hosp,2,2026-10-03,29,quantile,0.99,135.0
2026-09-19,wk inc covid hosp,2,2026-10-03,30,quantile,0.01,0.0
2026-09-19,wk inc covid hosp,2,2026-10-03,30,quantile,0.025,0.0
2026-09-19,wk inc covid hosp,2,2026-10-03,30,quantile,0.05,1.0
2026-09-19,wk inc covid hosp,2,2026-10-03,30,quantile,0.1,3.0
2026-09-19,wk inc covid hosp,2,2026-10-03,30,quantile,0.15,5.0
2026-09-19,wk inc covid hosp,2,2026-10-03,30,quantile,0.2,6.0
2026-09-19,wk inc covid hosp,2,2026-10-03,30,quantile,0.25,8.0
2026-09-19,wk inc covid hosp,2,2026-10-03,30,quantile,0.3,9.0
2026-09-19,wk inc covid hosp,2,2026-10-03,30,quantile,0.35,10.0
2026-09-19,wk inc covid hosp,2,2026-10-03,30,quantile,0.4,11.0
2026-09-19,wk inc covid hosp,2,2026-10-03,30,quantile,0.45,12.0
2026-09-19,wk inc covid hosp,2,2026-10-03,30,quantile,0.5,13.0
2026-09-19,wk inc covid hosp,2,2026-10-03,30,quantile,0.55,15.0
2026-09-19,wk inc covid hosp,2,2026-10-03,30,quantile,0.6,16.0
2026-09-19,wk inc covid hosp,2,2026-10-03,30,quantile,0.65,17.0
2026-09-19,wk inc covid hosp,2,2026-10-03,30,quantile,0.7,19.0
2026-09-19,wk inc covid hosp,2,2026-10-03,30,quantile,0.75,21.0
2026-09-19,wk inc covid hosp,2,2026-10-03,30,quantile,0.8,23.0
2026-09-19,wk inc covid hosp,2,2026-10-03,30,quantile,0.85,26.0
2026-09-19,wk inc covid hosp,2,2026-10-03,30,quantile,0.9,30.0
2026-09-19,wk inc covid hosp,2,2026-10-03,30,quantile,0.95,38.0
2026-09-19,wk inc covid hosp,2,2026-10-03,30,quantile,0.975,48.0
2026-09-19,wk inc covid hosp,2,2026-10-03,30,quantile,0.99,56.0
2026-09-19,wk inc covid hosp,2,2026-10-03,31,quantile,0.01,0.0
2026-09-19,wk inc covid hosp,2,2026-10-03,31,quantile,0.025,0.0
2026-09-19,wk inc covid hosp,2,2026-10-03,31,quantile,0.05,0.0
2026-09-19,wk inc covid hosp,2,2026-10-03,31,quantile,0.1,0.0
2026-09-19,wk inc covid hosp,2,2026-10-03,31,quantile,0.15,0.0
2026-09-19,wk inc covid hosp,2,2026-10-03,31,quantile,0.2,0.0
2026-09-19,wk inc covid hosp,2,2026-10-03,31,quantile,0.25,0.0
2026-09-19,wk inc covid hosp,2,2026-10-03,31,quantile,0.3,0.0
2026-09-19,wk inc covid hosp,2,2026-10-03,31,quantile,0.35,1.0
2026-09-19,wk inc covid hosp,2,2026-10-03,31,quantile,0.4,1.0
2026-09-19,wk inc covid hosp,2,2026-10-03,31,quantile,0.45,2.0
2026-09-19,wk inc covid hosp,2,2026-10-03,31,quantile,0.5,2.0
2026-09-19,wk inc covid hosp,2,2026-10-03,31,quantile,0.55,3.0
2026-09-19,wk inc covid hosp,2,2026-10-03,31,quantile,0.6,4.0
2026-09-19,wk inc covid hosp,2,2026-10-03,31,quantile,0.65,4.0
2026-09-19,wk inc covid hosp,2,2026-10-03,31,quantile,0.7,5.0
2026-09-19,wk inc covid hosp,2,2026-10-03,31,quantile,0.75,5.0
2026-09-19,wk inc covid hosp,2,2026-10-03,31,quantile,0.8,6.0
2026-09-19,wk inc covid hosp,2,2026-10-03,31,quantile,0.85,7.0
2026-09-19,wk inc covid hosp,2,2026-10-03,31,quantile,0.9,7.0
2026-09-19,wk inc covid hosp,2,2026-10-03,31,quantile,0.95,9.0
2026-09-19,wk inc covid hosp,2,2026-10-03,31,quantile,0.975,10.0
2026-09-19,wk inc covid hosp,2,2026-10-03,31,quantile,0.99,11.0
2026-09-19,wk inc covid hosp,2,2026-10-03,32,quantile,0.01,3.0
2026-09-19,wk inc covid hosp,2,2026-10-03,32,quantile,0.025,6.0
2026-09-19,wk inc covid hosp,2,2026-10-03,32,quantile,0.05,8.0
2026-09-19,wk inc covid hosp,2,2026-10-03,32,quantile,0.1,11.0
2026-09-19,wk inc covid hosp,2,2026-10-03,32,quantile,0.15,14.0
2026-09-19,wk inc covid hosp,2,2026-10-03,32,quantile,0.2,16.0
2026-09-19,wk inc covid hosp,2,2026-10-03,32,quantile,0.25,18.0
2026-09-19,wk inc covid hosp,2,2026-10-03,32,quantile,0.3,20.0
2026-09-19,wk inc covid hosp,2,2026-10-03,32,quantile,0.35,22.0
2026-09-19,wk inc covid hosp,2,2026-10-03,32,quantile,0.4,24.0
2026-09-19,wk inc covid hosp,2,2026-10-03,32,quantile,0.45,25.0
2026-09-19,wk inc covid hosp,2,2026-10-03,32,quantile,0.5,27.0
2026-09-19,wk inc covid hosp,2,2026-10-03,32,quantile,0.55,30.0
2026-09-19,wk inc covid hosp,2,2026-10-03,32,quantile,0.6,32.0
2026-09-19,wk inc covid hosp,2,2026-10-03,32,quantile,0.65,35.0
2026-09-19,wk inc covid hosp,2,2026-10-03,32,quantile,0.7,39.0
2026-09-19,wk inc covid hosp,2,2026-10-03,32,quantile,0.75,43.0
2026-09-19,wk inc covid hosp,2,2026-10-03,32,quantile,0.8,47.0
2026-09-19,wk inc covid hosp,2,2026-10-03,32,quantile,0.85,52.0
2026-09-19,wk inc covid hosp,2,2026-10-03,32,quantile,0.9,62.0
2026-09-19,wk inc covid hosp,2,2026-10-03,32,quantile,0.95,76.0
2026-09-19,wk inc covid hosp,2,2026-10-03,32,quantile,0.975,92.0
2026-09-19,wk inc covid hosp,2,2026-10-03,32,quantile,0.99,113.0
2026-09-19,wk inc covid hosp,2,2026-10-03,33,quantile,0.01,0.0
2026-09-19,wk inc covid hosp,2,2026-10-03,33,quantile,0.025,0.0
2026-09-19,wk inc covid hosp,2,2026-10-03,33,quantile,0.05,0.0
2026-09-19,wk inc covid hosp,2,2026-10-03,33,quantile,0.1,0.0
2026-09-19,wk inc covid hosp,2,2026-10-03,33,quantile,0.15,0.0
2026-09-19,wk inc covid hosp,2,2026-10-03,33,quantile,0.2,0.0
2026-09-19,wk inc covid hosp,2,2026-10-03,33,quantile,0.25,0.0
2026-09-19,wk inc covid hosp,2,2026-10-03,33,quantile,0.3,0.0
2026-09-19,wk inc covid hosp,2,2026-10-03,33,quantile,0.35,1.0
2026-09-19,wk inc covid hosp,2,2026-10-03,33,quantile,0.4,1.0
2026-09-19,wk inc covid hosp,2,2026-10-03,33,quantile,0.45,2.0
2026-09-19,wk inc covid hosp,2,2026-10-03,33,quantile,0.5,3.0
2026-09-19,wk inc covid hosp,2,2026-10-03,33,quantile,0.55,4.0
2026-09-19,wk inc covid hosp,2,2026-10-03,33,quantile,0.6,5.0
2026-09-19,wk inc covid hosp,2,2026-10-03,33,quantile,0.65,6.0
2026-09-19,wk inc covid hosp,2,2026-10-03,33,quantile,0.7,7.0
2026-09-19,wk inc covid hosp,2,2026-10-03,33,quantile,0.75,8.0
2026-09-19,wk inc covid hosp,2,2026-10-03,33,quantile,0.8,9.0
2026-09-19,wk inc covid hosp,2,2026-10-03,33,quantile,0.85,11.0
2026-09-19,wk inc covid hosp,2,2026-10-03,33,quantile,0.9,13.0
2026-09-19,wk inc covid hosp,2,2026-10-03,33,quantile,0.95,15.0
2026-09-19,wk inc covid hosp,2,2026-10-03,33,quantile,0.975,17.0
2026-09-19,wk inc covid hosp,2,2026-10-03,33,quantile,0.99,19.0
2026-09-19,wk inc covid hosp,2,2026-10-03,34,quantile,0.01,56.0
2026-09-19,wk inc covid hosp,2,2026-10-03,34,quantile,0.025,64.0
2026-09-19,wk inc covid hosp,2,2026-10-03,34,quantile,0.05,72.0
2026-09-19,wk inc covid hosp,2,2026-10-03,34,quantile,0.1,81.0
2026-09-19,wk inc covid hosp,2,2026-10-03,34,quantile,0.15,87.0
2026-09-19,wk inc covid hosp,2,2026-10-03,34,quantile,0.2,91.0
2026-09-19,wk inc covid hosp,2,2026-10-03,34,quantile,0.25,96.0
2026-09-19,wk inc covid hosp,2,2026-10-03,34,quantile,0.3,100.0
2026-09-19,wk inc covid hosp,2,2026-10-03,34,quantile,0.35,104.0
2026-09-19,wk inc covid hosp,2,2026-10-03,34,quantile,0.4,108.0
2026-09-19,wk inc covid hosp,2,2026-10-03,34,quantile,0.45,112.0
2026-09-19,wk inc covid hosp,2,2026-10-03,34,quantile,0.5,116.0
2026-09-19,wk inc covid hosp,2,2026-10-03,34,quantile,0.55,120.0
2026-09-19,wk inc covid hosp,2,2026-10-03,34,quantile,0.6,125.0
2026-09-19,wk inc covid hosp,2,2026-10-03,34,quantile,0.65,130.0
2026-09-19,wk inc covid hosp,2,2026-10-03,34,quantile,0.7,134.0
2026-09-19,wk inc covid hosp,2,2026-10-03,34,quantile,0.75,140.0
2026-09-19,wk inc covid hosp,2,2026-10-03,34,quantile,0.8,146.0
2026-09-19,wk inc covid hosp,2,2026-10-03,34,quantile,0.85,152.0
2026-09-19,wk inc covid hosp,2,2026-10-03,34,quantile,0.9,160.0
2026-09-19,wk inc covid hosp,2,2026-10-03,34,quantile,0.95,174.0
2026-09-19,wk inc covid hosp,2,2026-10-03,34,quantile,0.975,185.0
2026-09-19,wk inc covid hosp,2,2026-10-03,34,quantile,0.99,200.0
2026-09-19,wk inc covid hosp,2,2026-10-03,35,quantile,0.01,3.0
2026-09-19,wk inc covid hosp,2,2026-10-03,35,quantile,0.025,5.0
2026-09-19,wk inc covid hosp,2,2026-10-03,35,quantile,0.05,7.0
2026-09-19,wk inc covid hosp,2,2026-10-03,35,quantile,0.1,9.0
2026-09-19,wk inc covid hosp,2,2026-10-03,35,quantile,0.15,11.0
2026-09-19,wk inc covid hosp,2,2026-10-03,35,quantile,0.2,13.0
2026-09-19,wk inc covid hosp,2,2026-10-03,35,quantile,0.25,14.0
2026-09-19,wk inc covid hosp,2,2026-10-03,35,quantile,0.3,16.0
2026-09-19,wk inc covid hosp,2,2026-10-03,35,quantile,0.35,17.0
2026-09-19,wk inc covid hosp,2,2026-10-03,35,quantile,0.4,18.0
2026-09-19,wk inc covid hosp,2,2026-10-03,35,quantile,0.45,20.0
2026-09-19,wk inc covid hosp,2,2026-10-03,35,quantile,0.5,21.0
2026-09-19,wk inc covid hosp,2,2026-10-03,35,quantile,0.55,22.0
2026-09-19,wk inc covid hosp,2,2026-10-03,35,quantile,0.6,23.0
2026-09-19,wk inc covid hosp,2,2026-10-03,35,quantile,0.65,25.0
2026-09-19,wk inc covid hosp,2,2026-10-03,35,quantile,0.7,27.0
2026-09-19,wk inc covid hosp,2,2026-10-03,35,quantile,0.75,28.0
2026-09-19,wk inc covid hosp,2,2026-10-03,35,quantile,0.8,31.0
2026-09-19,wk inc covid hosp,2,2026-10-03,35,quantile,0.85,33.0
2026-09-19,wk inc covid hosp,2,2026-10-03,35,quantile,0.9,37.0
2026-09-19,wk inc covid hosp,2,2026-10-03,35,quantile,0.95,44.0
2026-09-19,wk inc covid hosp,2,2026-10-03,35,quantile,0.975,50.0
2026-09-19,wk inc covid hosp,2,2026-10-03,35,quantile,0.99,58.0
2026-09-19,wk inc covid hosp,2,2026-10-03,36,quantile,0.01,165.0
2026-09-19,wk inc covid hosp,2,2026-10-03,36,quantile,0.025,173.0
2026-09-19,wk inc covid hosp,2,2026-10-03,36,quantile,0.05,182.0
2026-09-19,wk inc covid hosp,2,2026-10-03,36,quantile,0.1,194.0
2026-09-19,wk inc covid hosp,2,2026-10-03,36,quantile,0.15,202.0
2026-09-19,wk inc covid hosp,2,2026-10-03,36,quantile,0.2,207.0
2026-09-19,wk inc covid hosp,2,2026-10-03,36,quantile,0.25,212.0
2026-09-19,wk inc covid hosp,2,2026-10-03,36,quantile,0.3,218.0
2026-09-19,wk inc covid hosp,2,2026-10-03,36,quantile,0.35,223.0
2026-09-19,wk inc covid hosp,2,2026-10-03,36,quantile,0.4,227.0
2026-09-19,wk inc covid hosp,2,2026-10-03,36,quantile,0.45,233.0
2026-09-19,wk inc covid hosp,2,2026-10-03,36,quantile,0.5,238.0
2026-09-19,wk inc covid hosp,2,2026-10-03,36,quantile,0.55,243.0
2026-09-19,wk inc covid hosp,2,2026-10-03,36,quantile,0.6,249.0
2026-09-19,wk inc covid hosp,2,2026-10-03,36,quantile,0.65,254.0
2026-09-19,wk inc covid hosp,2,2026-10-03,36,quantile,0.7,260.0
2026-09-19,wk inc covid hosp,2,2026-10-03,36,quantile,0.75,268.0
2026-09-19,wk inc covid hosp,2,2026-10-03,36,quantile,0.8,276.0
2026-09-19,wk inc covid hosp,2,2026-10-03,36,quantile,0.85,285.0
2026-09-19,wk inc covid hosp,2,2026-10-03,36,quantile,0.9,298.0
2026-09-19,wk inc covid hosp,2,2026-10-03,36,quantile,0.95,316.0
2026-09-19,wk inc covid hosp,2,2026-10-03,36,quantile,0.975,330.0
2026-09-19,wk inc covid hosp,2,2026-10-03,36,quantile,0.99,342.0
2026-09-19,wk inc covid hosp,2,2026-10-03,37,quantile,0.01,56.0
2026-09-19,wk inc covid hosp,2,2026-10-03,37,quantile,0.025,66.0
2026-09-19,wk inc covid hosp,2,2026-10-03,37,quantile,0.05,78.0
2026-09-19,wk inc covid hosp,2,2026-10-03,37,quantile,0.1,93.0
2026-09-19,wk inc covid hosp,2,2026-10-03,37,quantile,0.15,102.0
2026-09-19,wk inc covid hosp,2,2026-10-03,37,quantile,0.2,110.0
2026-09-19,wk inc covid hosp,2,2026-10-03,37,quantile,0.25,115.0
2026-09-19,wk inc covid hosp,2,2026-10-03,37,quantile,0.3,122.0
2026-09-19,wk inc covid hosp,2,2026-10-03,37,quantile,0.35,127.0
2026-09-19,wk inc covid hosp,2,2026-10-03,37,quantile,0.4,133.0
2026-09-19,wk inc covid hosp,2,2026-10-03,37,quantile,0.45,140.0
2026-09-19,wk inc covid hosp,2,2026-10-03,37,quantile,0.5,145.0
2026-09-19,wk inc covid hosp,2,2026-10-03,37,quantile,0.55,152.0
2026-09-19,wk inc covid hosp,2,2026-10-03,37,quantile,0.6,160.0
2026-09-19,wk inc covid hosp,2,2026-10-03,37,quantile,0.65,169.0
2026-09-19,wk inc covid hosp,2,2026-10-03,37,quantile,0.7,177.0
2026-09-19,wk inc covid hosp,2,2026-10-03,37,quantile,0.75,187.0
2026-09-19,wk inc covid hosp,2,2026-10-03,37,quantile,0.8,201.0
2026-09-19,wk inc covid hosp,2,2026-10-03,37,quantile,0.85,217.0
2026-09-19,wk inc covid hosp,2,2026-10-03,37,quantile,0.9,238.0
2026-09-19,wk inc covid hosp,2,2026-10-03,37,quantile,0.95,271.0
2026-09-19,wk inc covid hosp,2,2026-10-03,37,quantile,0.975,306.0
2026-09-19,wk inc covid hosp,2,2026-10-03,37,quantile,0.99,343.0
2026-09-19,wk inc covid hosp,2,2026-10-03,38,quantile,0.01,0.0
2026-09-19,wk inc covid hosp,2,2026-10-03,38,quantile,0.025,0.0
2026-09-19,wk inc covid hosp,2,2026-10-03,38,quantile,0.05,0.0
2026-09-19,wk inc covid hosp,2,2026-10-03,38,quantile,0.1,0.0
2026-09-19,wk inc covid hosp,2,2026-10-03,38,quantile,0.15,0.0
2026-09-19,wk inc covid hosp,2,2026-10-03,38,quantile,0.2,0.0
2026-09-19,wk inc covid hosp,2,2026-10-03,38,quantile,0.25,0.0
2026-09-19,wk inc covid hosp,2,2026-10-03,38,quantile,0.3,1.0
2026-09-19,wk inc covid hosp,2,2026-10-03,38,quantile,0.35,2.0
2026-09-19,wk inc covid hosp,2,2026-10-03,38,quantile,0.4,2.0
2026-09-19,wk inc covid hosp,2,2026-10-03,38,quantile,0.45,3.0
2026-09-19,wk inc covid hosp,2,2026-10-03,38,quantile,0.5,3.0
2026-09-19,wk inc covid hosp,2,2026-10-03,38,quantile,0.55,4.0
2026-09-19,wk inc covid hosp,2,2026-10-03,38,quantile,0.6,5.0
2026-09-19,wk inc covid hosp,2,2026-10-03,38,quantile,0.65,5.0
2026-09-19,wk inc covid hosp,2,2026-10-03,38,quantile,0.7,6.0
2026-09-19,wk inc covid hosp,2,2026-10-03,38,quantile,0.75,7.0
2026-09-19,wk inc covid hosp,2,2026-10-03,38,quantile,0.8,9.0
2026-09-19,wk inc covid hosp,2,2026-10-03,38,quantile,0.85,10.0
2026-09-19,wk inc covid hosp,2,2026-10-03,38,quantile,0.9,13.0
2026-09-19,wk inc covid hosp,2,2026-10-03,38,quantile,0.95,20.0
2026-09-19,wk inc covid hosp,2,2026-10-03,38,quantile,0.975,27.0
2026-09-19,wk inc covid hosp,2,2026-10-03,38,quantile,0.99,44.0
2026-09-19,wk inc covid hosp,2,2026-10-03,39,quantile,0.01,10.0
2026-09-19,wk inc covid hosp,2,2026-10-03,39,quantile,0.025,18.0
2026-09-19,wk inc covid hosp,2,2026-10-03,39,quantile,0.05,27.0
2026-09-19,wk inc covid hosp,2,2026-10-03,39,quantile,0.1,37.0
2026-09-19,wk inc covid hosp,2,2026-10-03,39,quantile,0.15,44.0
2026-09-19,wk inc covid hosp,2,2026-10-03,39,quantile,0.2,50.0
2026-09-19,wk inc covid hosp,2,2026-10-03,39,quantile,0.25,55.0
2026-09-19,wk inc covid hosp,2,2026-10-03,39,quantile,0.3,61.0
2026-09-19,wk inc covid hosp,2,2026-10-03,39,quantile,0.35,66.0
2026-09-19,wk inc covid hosp,2,2026-10-03,39,quantile,0.4,71.0
2026-09-19,wk inc covid hosp,2,2026-10-03,39,quantile,0.45,77.0
2026-09-19,wk inc covid hosp,2,2026-10-03,39,quantile,0.5,82.0
2026-09-19,wk inc covid hosp,2,2026-10-03,39,quantile,0.55,88.0
2026-09-19,wk inc covid hosp,2,2026-10-03,39,quantile,0.6,93.0
2026-09-19,wk inc covid hosp,2,2026-10-03,39,quantile,0.65,100.0
2026-09-19,wk inc covid hosp,2,2026-10-03,39,quantile,0.7,108.0
2026-09-19,wk inc covid hosp,2,2026-10-03,39,quantile,0.75,115.0
2026-09-19,wk inc covid hosp,2,2026-10-03,39,quantile,0.8,122.0
2026-09-19,wk inc covid hosp,2,2026-10-03,39,quantile,0.85,135.0
2026-09-19,wk inc covid hosp,2,2026-10-03,39,quantile,0.9,150.0
2026-09-19,wk inc covid hosp,2,2026-10-03,39,quantile,0.95,172.0
2026-09-19,wk inc covid hosp,2,2026-10-03,39,quantile,0.975,197.0
2026-09-19,wk inc covid hosp,2,2026-10-03,39,quantile,0.99,226.0
2026-09-19,wk inc covid hosp,2,2026-10-03,40,quantile,0.01,0.0
2026-09-19,wk inc covid hosp,2,2026-10-03,40,quantile,0.025,0.0
2026-09-19,wk inc covid hosp,2,2026-10-03,40,quantile,0.05,3.0
2026-09-19,wk inc covid hosp,2,2026-10-03,40,quantile,0.1,7.0
2026-09-19,wk inc covid hosp,2,2026-10-03,40,quantile,0.15,10.0
2026-09-19,wk inc covid hosp,2,2026-10-03,40,quantile,0.2,12.0
2026-09-19,wk inc covid hosp,2,2026-10-03,40,quantile,0.25,14.0
2026-09-19,wk inc covid hosp,2,2026-10-03,40,quantile,0.3,16.0
2026-09-19,wk inc covid hosp,2,2026-10-03,40,quantile,0.35,18.0
2026-09-19,wk inc covid hosp,2,2026-10-03,40,quantile,0.4,20.0
2026-09-19,wk inc covid hosp,2,2026-10-03,40,quantile,0.45,23.0
2026-09-19,wk inc covid hosp,2,2026-10-03,40,quantile,0.5,25.0
2026-09-19,wk inc covid hosp,2,2026-10-03,40,quantile,0.55,27.0
2026-09-19,wk inc covid hosp,2,2026-10-03,40,quantile,0.6,29.0
2026-09-19,wk inc covid hosp,2,2026-10-03,40,quantile,0.65,31.0
2026-09-19,wk inc covid hosp,2,2026-10-03,40,quantile,0.7,33.0
2026-09-19,wk inc covid hosp,2,2026-10-03,40,quantile,0.75,37.0
2026-09-19,wk inc covid hosp,2,2026-10-03,40,quantile,0.8,40.0
2026-09-19,wk inc covid hosp,2,2026-10-03,40,quantile,0.85,45.0
2026-09-19,wk inc covid hosp,2,2026-10-03,40,quantile,0.9,50.0
2026-09-19,wk inc covid hosp,2,2026-10-03,40,quantile,0.95,59.0
2026-09-19,wk inc covid hosp,2,2026-10-03,40,quantile,0.975,70.0
2026-09-19,wk inc covid hosp,2,2026-10-03,40,quantile,0.99,83.0
2026-09-19,wk inc covid hosp,2,2026-10-03,41,quantile,0.01,4.0
2026-09-19,wk inc covid hosp,2,2026-10-03,41,quantile,0.025,6.0
2026-09-19,wk inc covid hosp,2,2026-10-03,41,quantile,0.05,8.0
2026-09-19,wk inc covid hosp,2,2026-10-03,41,quantile,0.1,10.0
2026-09-19,wk inc covid hosp,2,2026-10-03,41,quantile,0.15,12.0
2026-09-19,wk inc covid hosp,2,2026-10-03,41,quantile,0.2,13.0
2026-09-19,wk inc covid hosp,2,2026-10-03,41,quantile,0.25,14.0
2026-09-19,wk inc covid hosp,2,2026-10-03,41,quantile,0.3,15.0
2026-09-19,wk inc covid hosp,2,2026-10-03,41,quantile,0.35,16.0
2026-09-19,wk inc covid hosp,2,2026-10-03,41,quantile,0.4,17.0
2026-09-19,wk inc covid hosp,2,2026-10-03,41,quantile,0.45,18.0
2026-09-19,wk inc covid hosp,2,2026-10-03,41,quantile,0.5,20.0
2026-09-19,wk inc covid hosp,2,2026-10-03,41,quantile,0.55,20.0
2026-09-19,wk inc covid hosp,2,2026-10-03,41,quantile,0.6,21.0
2026-09-19,wk inc covid hosp,2,2026-10-03,41,quantile,0.65,23.0
2026-09-19,wk inc covid hosp,2,2026-10-03,41,quantile,0.7,24.0
2026-09-19,wk inc covid hosp,2,2026-10-03,41,quantile,0.75,25.0
2026-09-19,wk inc covid hosp,2,2026-10-03,41,quantile,0.8,27.0
2026-09-19,wk inc covid hosp,2,2026-10-03,41,quantile,0.85,29.0
2026-09-19,wk inc covid hosp,2,2026-10-03,41,quantile,0.9,31.0
2026-09-19,wk inc covid hosp,2,2026-10-03,41,quantile,0.95,34.0
2026-09-19,wk inc covid hosp,2,2026-10-03,41,quantile,0.975,37.0
2026-09-19,wk inc covid hosp,2,2026-10-03,41,quantile,0.99,40.0
2026-09-19,wk inc covid hosp,2,2026-10-03,42,quantile,0.01,46.0
2026-09-19,wk inc covid hosp,2,2026-10-03,42,quantile,0.025,58.0
2026-09-19,wk inc covid hosp,2,2026-10-03,42,quantile,0.05,73.0
2026-09-19,wk inc covid hosp,2,2026-10-03,42,quantile,0.1,91.0
2026-09-19,wk inc covid hosp,2,2026-10-03,42,quantile,0.15,102.0
2026-09-19,wk inc covid hosp,2,2026-10-03,42,quantile,0.2,113.0
2026-09-19,wk inc covid hosp,2,2026-10-03,42,quantile,0.25,123.0
2026-09-19,wk inc covid hosp,2,2026-10-03,42,quantile,0.3,133.0
2026-09-19,wk inc covid hosp,2,2026-10-03,42,quantile,0.35,141.0
2026-09-19,wk inc covid hosp,2,2026-10-03,42,quantile,0.4,150.0
2026-09-19,wk inc covid hosp,2,2026-10-03,42,quantile,0.45,159.0
2026-09-19,wk inc covid hosp,2,2026-10-03,42,quantile,0.5,166.0
2026-09-19,wk inc covid hosp,2,2026-10-03,42,quantile,0.55,174.0
2026-09-19,wk inc covid hosp,2,2026-10-03,42,quantile,0.6,185.0
2026-09-19,wk inc covid hosp,2,2026-10-03,42,quantile,0.65,195.0
2026-09-19,wk inc covid hosp,2,2026-10-03,42,quantile,0.7,206.0
2026-09-19,wk inc covid hosp,2,2026-10-03,42,quantile,0.75,220.0
2026-09-19,wk inc covid hosp,2,2026-10-03,42,quantile,0.8,235.0
2026-09-19,wk inc covid hosp,2,2026-10-03,42,quantile,0.85,253.0
2026-09-19,wk inc covid hosp,2,2026-10-03,42,quantile,0.9,280.0
2026-09-19,wk inc covid hosp,2,2026-10-03,42,quantile,0.95,325.0
2026-09-19,wk inc covid hosp,2,2026-10-03,42,quantile,0.975,376.0
2026-09-19,wk inc covid hosp,2,2026-10-03,42,quantile,0.99,436.0
2026-09-19,wk inc covid hosp,2,2026-10-03,44,quantile,0.01,0.0
2026-09-19,wk inc covid hosp,2,2026-10-03,44,quantile,0.025,0.0
2026-09-19,wk inc covid hosp,2,2026-10-03,44,quantile,0.05,0.0
2026-09-19,wk inc covid hosp,2,2026-10-03,44,quantile,0.1,1.0
2026-09-19,wk inc covid hosp,2,2026-10-03,44,quantile,0.15,3.0
2026-09-19,wk inc covid hosp,2,2026-10-03,44,quantile,0.2,4.0
2026-09-19,wk inc covid hosp,2,2026-10-03,44,quantile,0.25,5.0
2026-09-19,wk inc covid hosp,2,2026-10-03,44,quantile,0.3,6.0
2026-09-19,wk inc covid hosp,2,2026-10-03,44,quantile,0.35,7.0
2026-09-19,wk inc covid hosp,2,2026-10-03,44,quantile,0.4,8.0
2026-09-19,wk inc covid hosp,2,2026-10-03,44,quantile,0.45,9.0
2026-09-19,wk inc covid hosp,2,2026-10-03,44,quantile,0.5,10.0
2026-09-19,wk inc covid hosp,2,2026-10-03,44,quantile,0.55,11.0
2026-09-19,wk inc covid hosp,2,2026-10-03,44,quantile,0.6,12.0
2026-09-19,wk inc covid hosp,2,2026-10-03,44,quantile,0.65,13.0
2026-09-19,wk inc covid hosp,2,2026-10-03,44,quantile,0.7,14.0
2026-09-19,wk inc covid hosp,2,2026-10-03,44,quantile,0.75,16.0
2026-09-19,wk inc covid hosp,2,2026-10-03,44,quantile,0.8,17.0
2026-09-19,wk inc covid hosp,2,2026-10-03,44,quantile,0.85,20.0
2026-09-19,wk inc covid hosp,2,2026-10-03,44,quantile,0.9,22.0
2026-09-19,wk inc covid hosp,2,2026-10-03,44,quantile,0.95,26.0
2026-09-19,wk inc covid hosp,2,2026-10-03,44,quantile,0.975,31.0
2026-09-19,wk inc covid hosp,2,2026-10-03,44,quantile,0.99,36.0
2026-09-19,wk inc covid hosp,2,2026-10-03,45,quantile,0.01,16.0
2026-09-19,wk inc covid hosp,2,2026-10-03,45,quantile,0.025,21.0
2026-09-19,wk inc covid hosp,2,2026-10-03,45,quantile,0.05,26.0
2026-09-19,wk inc covid hosp,2,2026-10-03,45,quantile,0.1,33.0
2026-09-19,wk inc covid hosp,2,2026-10-03,45,quantile,0.15,37.0
2026-09-19,wk inc covid hosp,2,2026-10-03,45,quantile,0.2,41.0
2026-09-19,wk inc covid hosp,2,2026-10-03,45,quantile,0.25,44.0
2026-09-19,wk inc covid hosp,2,2026-10-03,45,quantile,0.3,47.0
2026-09-19,wk inc covid hosp,2,2026-10-03,45,quantile,0.35,49.0
2026-09-19,wk inc covid hosp,2,2026-10-03,45,quantile,0.4,52.0
2026-09-19,wk inc covid hosp,2,2026-10-03,45,quantile,0.45,55.0
2026-09-19,wk inc covid hosp,2,2026-10-03,45,quantile,0.5,59.0
2026-09-19,wk inc covid hosp,2,2026-10-03,45,quantile,0.55,63.0
2026-09-19,wk inc covid hosp,2,2026-10-03,45,quantile,0.6,67.0
2026-09-19,wk inc covid hosp,2,2026-10-03,45,quantile,0.65,71.0
2026-09-19,wk inc covid hosp,2,2026-10-03,45,quantile,0.7,75.0
2026-09-19,wk inc covid hosp,2,2026-10-03,45,quantile,0.75,80.0
2026-09-19,wk inc covid hosp,2,2026-10-03,45,quantile,0.8,87.0
2026-09-19,wk inc covid hosp,2,2026-10-03,45,quantile,0.85,96.0
2026-09-19,wk inc covid hosp,2,2026-10-03,45,quantile,0.9,110.0
2026-09-19,wk inc covid hosp,2,2026-10-03,45,quantile,0.95,133.0
2026-09-19,wk inc covid hosp,2,2026-10-03,45,quantile,0.975,156.0
2026-09-19,wk inc covid hosp,2,2026-10-03,45,quantile,0.99,190.0
2026-09-19,wk inc covid hosp,2,2026-10-03,46,quantile,0.01,0.0
2026-09-19,wk inc covid hosp,2,2026-10-03,46,quantile,0.025,0.0
2026-09-19,wk inc covid hosp,2,2026-10-03,46,quantile,0.05,0.0
2026-09-19,wk inc covid hosp,2,2026-10-03,46,quantile,0.1,0.0
2026-09-19,wk inc covid hosp,2,2026-10-03,46,quantile,0.15,2.0
2026-09-19,wk inc covid hosp,2,2026-10-03,46,quantile,0.2,2.0
2026-09-19,wk inc covid hosp,2,2026-10-03,46,quantile,0.25,3.0
2026-09-19,wk inc covid hosp,2,2026-10-03,46,quantile,0.3,4.0
2026-09-19,wk inc covid hosp,2,2026-10-03,46,quantile,0.35,4.0
2026-09-19,wk inc covid hosp,2,2026-10-03,46,quantile,0.4,5.0
2026-09-19,wk inc covid hosp,2,2026-10-03,46,quantile,0.45,5.0
2026-09-19,wk inc covid hosp,2,2026-10-03,46,quantile,0.5,6.0
2026-09-19,wk inc covid hosp,2,2026-10-03,46,quantile,0.55,7.0
2026-09-19,wk inc covid hosp,2,2026-10-03,46,quantile,0.6,8.0
2026-09-19,wk inc covid hosp,2,2026-10-03,46,quantile,0.65,8.0
2026-09-19,wk inc covid hosp,2,2026-10-03,46,quantile,0.7,9.0
2026-09-19,wk inc covid hosp,2,2026-10-03,46,quantile,0.75,10.0
2026-09-19,wk inc covid hosp,2,2026-10-03,46,quantile,0.8,11.0
2026-09-19,wk inc covid hosp,2,2026-10-03,46,quantile,0.85,13.0
2026-09-19,wk inc covid hosp,2,2026-10-03,46,quantile,0.9,15.0
2026-09-19,wk inc covid hosp,2,2026-10-03,46,quantile,0.95,18.0
2026-09-19,wk inc covid hosp,2,2026-10-03,46,quantile,0.975,20.0
2026-09-19,wk inc covid hosp,2,2026-10-03,46,quantile,0.99,25.0
2026-09-19,wk inc covid hosp,2,2026-10-03,47,quantile,0.01,35.0
2026-09-19,wk inc covid hosp,2,2026-10-03,47,quantile,0.025,40.0
2026-09-19,wk inc covid hosp,2,2026-10-03,47,quantile,0.05,45.0
2026-09-19,wk inc covid hosp,2,2026-10-03,47,quantile,0.1,49.0
2026-09-19,wk inc covid hosp,2,2026-10-03,47,quantile,0.15,53.0
2026-09-19,wk inc covid hosp,2,2026-10-03,47,quantile,0.2,57.0
2026-09-19,wk inc covid hosp,2,2026-10-03,47,quantile,0.25,60.0
2026-09-19,wk inc covid hosp,2,2026-10-03,47,quantile,0.3,63.0
2026-09-19,wk inc covid hosp,2,2026-10-03,47,quantile,0.35,65.0
2026-09-19,wk inc covid hosp,2,2026-10-03,47,quantile,0.4,68.0
2026-09-19,wk inc covid hosp,2,2026-10-03,47,quantile,0.45,70.0
2026-09-19,wk inc covid hosp,2,2026-10-03,47,quantile,0.5,73.0
2026-09-19,wk inc covid hosp,2,2026-10-03,47,quantile,0.55,76.0
2026-09-19,wk inc covid hosp,2,2026-10-03,47,quantile,0.6,79.0
2026-09-19,wk inc covid hosp,2,2026-10-03,47,quantile,0.65,82.0
2026-09-19,wk inc covid hosp,2,2026-10-03,47,quantile,0.7,86.0
2026-09-19,wk inc covid hosp,2,2026-10-03,47,quantile,0.75,90.0
2026-09-19,wk inc covid hosp,2,2026-10-03,47,quantile,0.8,95.0
2026-09-19,wk inc covid hosp,2,2026-10-03,47,quantile,0.85,100.0
2026-09-19,wk inc covid hosp,2,2026-10-03,47,quantile,0.9,109.0
2026-09-19,wk inc covid hosp,2,2026-10-03,47,quantile,0.95,124.0
2026-09-19,wk inc covid hosp,2,2026-10-03,47,quantile,0.975,135.0
2026-09-19,wk inc covid hosp,2,2026-10-03,47,quantile,0.99,155.0
2026-09-19,wk inc covid hosp,2,2026-10-03,48,quantile,0.01,234.0
2026-09-19,wk inc covid hosp,2,2026-10-03,48,quantile,0.025,248.0
2026-09-19,wk inc covid hosp,2,2026-10-03,48,quantile,0.05,276.0
2026-09-19,wk inc covid hosp,2,2026-10-03,48,quantile,0.1,299.0
2026-09-19,wk inc covid hosp,2,2026-10-03,48,quantile,0.15,318.0
2026-09-19,wk inc covid hosp,2,2026-10-03,48,quantile,0.2,333.0
2026-09-19,wk inc covid hosp,2,2026-10-03,48,quantile,0.25,349.0
2026-09-19,wk inc covid hosp,2,2026-10-03,48,quantile,0.3,363.0
2026-09-19,wk inc covid hosp,2,2026-10-03,48,quantile,0.35,377.0
2026-09-19,wk inc covid hosp,2,2026-10-03,48,quantile,0.4,394.0
2026-09-19,wk inc covid hosp,2,2026-10-03,48,quantile,0.45,408.0
2026-09-19,wk inc covid hosp,2,2026-10-03,48,quantile,0.5,422.0
2026-09-19,wk inc covid hosp,2,2026-10-03,48,quantile,0.55,434.0
2026-09-19,wk inc covid hosp,2,2026-10-03,48,quantile,0.6,451.0
2026-09-19,wk inc covid hosp,2,2026-10-03,48,quantile,0.65,470.0
2026-09-19,wk inc covid hosp,2,2026-10-03,48,quantile,0.7,492.0
2026-09-19,wk inc covid hosp,2,2026-10-03,48,quantile,0.75,516.0
2026-09-19,wk inc covid hosp,2,2026-10-03,48,quantile,0.8,549.0
2026-09-19,wk inc covid hosp,2,2026-10-03,48,quantile,0.85,585.0
2026-09-19,wk inc covid hosp,2,2026-10-03,48,quantile,0.9,633.0
2026-09-19,wk inc covid hosp,2,2026-10-03,48,quantile,0.95,707.0
2026-09-19,wk inc covid hosp,2,2026-10-03,48,quantile,0.975,759.0
2026-09-19,wk inc covid hosp,2,2026-10-03,48,quantile,0.99,843.0
2026-09-19,wk inc covid hosp,2,2026-10-03,49,quantile,0.01,0.0
2026-09-19,wk inc covid hosp,2,2026-10-03,49,quantile,0.025,0.0
2026-09-19,wk inc covid hosp,2,2026-10-03,49,quantile,0.05,1.0
2026-09-19,wk inc covid hosp,2,2026-10-03,49,quantile,0.1,3.0
2026-09-19,wk inc covid hosp,2,2026-10-03,49,quantile,0.15,4.0
2026-09-19,wk inc covid hosp,2,2026-10-03,49,quantile,0.2,5.0
2026-09-19,wk inc covid hosp,2,2026-10-03,49,quantile,0.25,6.0
2026-09-19,wk inc covid hosp,2,2026-10-03,49,quantile,0.3,7.0
2026-09-19,wk inc covid hosp,2,2026-10-03,49,quantile,0.35,8.0
2026-09-19,wk inc covid hosp,2,2026-10-03,49,quantile,0.4,8.0
2026-09-19,wk inc covid hosp,2,2026-10-03,49,quantile,0.45,9.0
2026-09-19,wk inc covid hosp,2,2026-10-03,49,quantile,0.5,10.0
2026-09-19,wk inc covid hosp,2,2026-10-03,49,quantile,0.55,11.0
2026-09-19,wk inc covid hosp,2,2026-10-03,49,quantile,0.6,11.0
2026-09-19,wk inc covid hosp,2,2026-10-03,49,quantile,0.65,12.0
2026-09-19,wk inc covid hosp,2,2026-10-03,49,quantile,0.7,13.0
2026-09-19,wk inc covid hosp,2,2026-10-03,49,quantile,0.75,15.0
2026-09-19,wk inc covid hosp,2,2026-10-03,49,quantile,0.8,16.0
2026-09-19,wk inc covid hosp,2,2026-10-03,49,quantile,0.85,17.0
2026-09-19,wk inc covid hosp,2,2026-10-03,49,quantile,0.9,19.0
2026-09-19,wk inc covid hosp,2,2026-10-03,49,quantile,0.95,22.0
2026-09-19,wk inc covid hosp,2,2026-10-03,49,quantile,0.975,24.0
2026-09-19,wk inc covid hosp,2,2026-10-03,49,quantile,0.99,26.0
2026-09-19,wk inc covid hosp,2,2026-10-03,50,quantile,0.01,0.0
2026-09-19,wk inc covid hosp,2,2026-10-03,50,quantile,0.025,0.0
2026-09-19,wk inc covid hosp,2,2026-10-03,50,quantile,0.05,0.0
2026-09-19,wk inc covid hosp,2,2026-10-03,50,quantile,0.1,0.0
2026-09-19,wk inc covid hosp,2,2026-10-03,50,quantile,0.15,1.0
2026-09-19,wk inc covid hosp,2,2026-10-03,50,quantile,0.2,1.0
2026-09-19,wk inc covid hosp,2,2026-10-03,50,quantile,0.25,2.0
2026-09-19,wk inc covid hosp,2,2026-10-03,50,quantile,0.3,2.0
2026-09-19,wk inc covid hosp,2,2026-10-03,50,quantile,0.35,3.0
2026-09-19,wk inc covid hosp,2,2026-10-03,50,quantile,0.4,3.0
2026-09-19,wk inc covid hosp,2,2026-10-03,50,quantile,0.45,4.0
2026-09-19,wk inc covid hosp,2,2026-10-03,50,quantile,0.5,4.0
2026-09-19,wk inc covid hosp,2,2026-10-03,50,quantile,0.55,5.0
2026-09-19,wk inc covid hosp,2,2026-10-03,50,quantile,0.6,5.0
2026-09-19,wk inc covid hosp,2,2026-10-03,50,quantile,0.65,6.0
2026-09-19,wk inc covid hosp,2,2026-10-03,50,quantile,0.7,7.0
2026-09-19,wk inc covid hosp,2,2026-10-03,50,quantile,0.75,8.0
2026-09-19,wk inc covid hosp,2,2026-10-03,50,quantile,0.8,9.0
2026-09-19,wk inc covid hosp,2,2026-10-03,50,quantile,0.85,10.0
2026-09-19,wk inc covid hosp,2,2026-10-03,50,quantile,0.9,12.0
2026-09-19,wk inc covid hosp,2,2026-10-03,50,quantile,0.95,17.0
2026-09-19,wk inc covid hosp,2,2026-10-03,50,quantile,0.975,23.0
2026-09-19,wk inc covid hosp,2,2026-10-03,50,quantile,0.99,28.0
2026-09-19,wk inc covid hosp,2,2026-10-03,51,quantile,0.01,0.0
2026-09-19,wk inc covid hosp,2,2026-10-03,51,quantile,0.025,0.0
2026-09-19,wk inc covid hosp,2,2026-10-03,51,quantile,0.05,0.0
2026-09-19,wk inc covid hosp,2,2026-10-03,51,quantile,0.1,5.0
2026-09-19,wk inc covid hosp,2,2026-10-03,51,quantile,0.15,10.0
2026-09-19,wk inc covid hosp,2,2026-10-03,51,quantile,0.2,13.0
2026-09-19,wk inc covid hosp,2,2026-10-03,51,quantile,0.25,16.0
2026-09-19,wk inc covid hosp,2,2026-10-03,51,quantile,0.3,19.0
2026-09-19,wk inc covid hosp,2,2026-10-03,51,quantile,0.35,21.0
2026-09-19,wk inc covid hosp,2,2026-10-03,51,quantile,0.4,23.0
2026-09-19,wk inc covid hosp,2,2026-10-03,51,quantile,0.45,25.0
2026-09-19,wk inc covid hosp,2,2026-10-03,51,quantile,0.5,28.0
2026-09-19,wk inc covid hosp,2,2026-10-03,51,quantile,0.55,31.0
2026-09-19,wk inc covid hosp,2,2026-10-03,51,quantile,0.6,33.0
2026-09-19,wk inc covid hosp,2,2026-10-03,51,quantile,0.65,35.0
2026-09-19,wk inc covid hosp,2,2026-10-03,51,quantile,0.7,38.0
2026-09-19,wk inc covid hosp,2,2026-10-03,51,quantile,0.75,40.0
2026-09-19,wk inc covid hosp,2,2026-10-03,51,quantile,0.8,43.0
2026-09-19,wk inc covid hosp,2,2026-10-03,51,quantile,0.85,47.0
2026-09-19,wk inc covid hosp,2,2026-10-03,51,quantile,0.9,52.0
2026-09-19,wk inc covid hosp,2,2026-10-03,51,quantile,0.95,58.0
2026-09-19,wk inc covid hosp,2,2026-10-03,51,quantile,0.975,63.0
2026-09-19,wk inc covid hosp,2,2026-10-03,51,quantile,0.99,69.0
2026-09-19,wk inc covid hosp,2,2026-10-03,53,quantile,0.01,19.0
2026-09-19,wk inc covid hosp,2,2026-10-03,53,quantile,0.025,24.0
2026-09-19,wk inc covid hosp,2,2026-10-03,53,quantile,0.05,31.0
2026-09-19,wk inc covid hosp,2,2026-10-03,53,quantile,0.1,40.0
2026-09-19,wk inc covid hosp,2,2026-10-03,53,quantile,0.15,46.0
2026-09-19,wk inc covid hosp,2,2026-10-03,53,quantile,0.2,50.0
2026-09-19,wk inc covid hosp,2,2026-10-03,53,quantile,0.25,55.0
2026-09-19,wk inc covid hosp,2,2026-10-03,53,quantile,0.3,59.0
2026-09-19,wk inc covid hosp,2,2026-10-03,53,quantile,0.35,64.0
2026-09-19,wk inc covid hosp,2,2026-10-03,53,quantile,0.4,69.0
2026-09-19,wk inc covid hosp,2,2026-10-03,53,quantile,0.45,73.0
2026-09-19,wk inc covid hosp,2,2026-10-03,53,quantile,0.5,78.0
2026-09-19,wk inc covid hosp,2,2026-10-03,53,quantile,0.55,83.0
2026-09-19,wk inc covid hosp,2,2026-10-03,53,quantile,0.6,89.0
2026-09-19,wk inc covid hosp,2,2026-10-03,53,quantile,0.65,95.0
2026-09-19,wk inc covid hosp,2,2026-10-03,53,quantile,0.7,101.0
2026-09-19,wk inc covid hosp,2,2026-10-03,53,quantile,0.75,110.0
2026-09-19,wk inc covid hosp,2,2026-10-03,53,quantile,0.8,119.0
2026-09-19,wk inc covid hosp,2,2026-10-03,53,quantile,0.85,134.0
2026-09-19,wk inc covid hosp,2,2026-10-03,53,quantile,0.9,153.0
2026-09-19,wk inc covid hosp,2,2026-10-03,53,quantile,0.95,189.0
2026-09-19,wk inc covid hosp,2,2026-10-03,53,quantile,0.975,220.0
2026-09-19,wk inc covid hosp,2,2026-10-03,53,quantile,0.99,255.0
2026-09-19,wk inc covid hosp,2,2026-10-03,54,quantile,0.01,0.0
2026-09-19,wk inc covid hosp,2,2026-10-03,54,quantile,0.025,0.0
2026-09-19,wk inc covid hosp,2,2026-10-03,54,quantile,0.05,0.0
2026-09-19,wk inc covid hosp,2,2026-10-03,54,quantile,0.1,1.0
2026-09-19,wk inc covid hosp,2,2026-10-03,54,quantile,0.15,3.0
2026-09-19,wk inc covid hosp,2,2026-10-03,54,quantile,0.2,4.0
2026-09-19,wk inc covid hosp,2,2026-10-03,54,quantile,0.25,6.0
2026-09-19,wk inc covid hosp,2,2026-10-03,54,quantile,0.3,6.0
2026-09-19,wk inc covid hosp,2,2026-10-03,54,quantile,0.35,8.0
2026-09-19,wk inc covid hosp,2,2026-10-03,54,quantile,0.4,9.0
2026-09-19,wk inc covid hosp,2,2026-10-03,54,quantile,0.45,10.0
2026-09-19,wk inc covid hosp,2,2026-10-03,54,quantile,0.5,11.0
2026-09-19,wk inc covid hosp,2,2026-10-03,54,quantile,0.55,12.0
2026-09-19,wk inc covid hosp,2,2026-10-03,54,quantile,0.6,13.0
2026-09-19,wk inc covid hosp,2,2026-10-03,54,quantile,0.65,14.0
2026-09-19,wk inc covid hosp,2,2026-10-03,54,quantile,0.7,16.0
2026-09-19,wk inc covid hosp,2,2026-10-03,54,quantile,0.75,17.0
2026-09-19,wk inc covid hosp,2,2026-10-03,54,quantile,0.8,19.0
2026-09-19,wk inc covid hosp,2,2026-10-03,54,quantile,0.85,22.0
2026-09-19,wk inc covid hosp,2,2026-10-03,54,quantile,0.9,25.0
2026-09-19,wk inc covid hosp,2,2026-10-03,54,quantile,0.95,29.0
2026-09-19,wk inc covid hosp,2,2026-10-03,54,quantile,0.975,33.0
2026-09-19,wk inc covid hosp,2,2026-10-03,54,quantile,0.99,39.0
2026-09-19,wk inc covid hosp,2,2026-10-03,55,quantile,0.01,0.0
2026-09-19,wk inc covid hosp,2,2026-10-03,55,quantile,0.025,0.0
2026-09-19,wk inc covid hosp,2,2026-10-03,55,quantile,0.05,0.0
2026-09-19,wk inc covid hosp,2,2026-10-03,55,quantile,0.1,0.0
2026-09-19,wk inc covid hosp,2,2026-10-03,55,quantile,0.15,0.0
2026-09-19,wk inc covid hosp,2,2026-10-03,55,quantile,0.2,0.0
2026-09-19,wk inc covid hosp,2,2026-10-03,55,quantile,0.25,1.0
2026-09-19,wk inc covid hosp,2,2026-10-03,55,quantile,0.3,4.0
2026-09-19,wk inc covid hosp,2,2026-10-03,55,quantile,0.35,6.0
2026-09-19,wk inc covid hosp,2,2026-10-03,55,quantile,0.4,8.0
2026-09-19,wk inc covid hosp,2,2026-10-03,55,quantile,0.45,11.0
2026-09-19,wk inc covid hosp,2,2026-10-03,55,quantile,0.5,13.0
2026-09-19,wk inc covid hosp,2,2026-10-03,55,quantile,0.55,15.0
2026-09-19,wk inc covid hosp,2,2026-10-03,55,quantile,0.6,17.0
2026-09-19,wk inc covid hosp,2,2026-10-03,55,quantile,0.65,20.0
2026-09-19,wk inc covid hosp,2,2026-10-03,55,quantile,0.7,22.0
2026-09-19,wk inc covid hosp,2,2026-10-03,55,quantile,0.75,24.0
2026-09-19,wk inc covid hosp,2,2026-10-03,55,quantile,0.8,27.0
2026-09-19,wk inc covid hosp,2,2026-10-03,55,quantile,0.85,31.0
2026-09-19,wk inc covid hosp,2,2026-10-03,55,quantile,0.9,35.0
2026-09-19,wk inc covid hosp,2,2026-10-03,55,quantile,0.95,41.0
2026-09-19,wk inc covid hosp,2,2026-10-03,55,quantile,0.975,44.0
2026-09-19,wk inc covid hosp,2,2026-10-03,55,quantile,0.99,49.0
2026-09-19,wk inc covid hosp,2,2026-10-03,56,quantile,0.01,0.0
2026-09-19,wk inc covid hosp,2,2026-10-03,56,quantile,0.025,0.0
2026-09-19,wk inc covid hosp,2,2026-10-03,56,quantile,0.05,0.0
2026-09-19,wk inc covid hosp,2,2026-10-03,56,quantile,0.1,0.0
2026-09-19,wk inc covid hosp,2,2026-10-03,56,quantile,0.15,0.0
2026-09-19,wk inc covid hosp,2,2026-10-03,56,quantile,0.2,0.0
2026-09-19,wk inc covid hosp,2,2026-10-03,56,quantile,0.25,1.0
2026-09-19,wk inc covid hosp,2,2026-10-03,56,quantile,0.3,1.0
2026-09-19,wk inc covid hosp,2,2026-10-03,56,quantile,0.35,2.0
2026-09-19,wk inc covid hosp,2,2026-10-03,56,quantile,0.4,2.0
2026-09-19,wk inc covid hosp,2,2026-10-03,56,quantile,0.45,3.0
2026-09-19,wk inc covid hosp,2,2026-10-03,56,quantile,0.5,4.0
2026-09-19,wk inc covid hosp,2,2026-10-03,56,quantile,0.55,4.0
2026-09-19,wk inc covid hosp,2,2026-10-03,56,quantile,0.6,5.0
2026-09-19,wk inc covid hosp,2,2026-10-03,56,quantile,0.65,6.0
2026-09-19,wk inc covid hosp,2,2026-10-03,56,quantile,0.7,7.0
2026-09-19,wk inc covid hosp,2,2026-10-03,56,quantile,0.75,8.0
2026-09-19,wk inc covid hosp,2,2026-10-03,56,quantile,0.8,9.0
2026-09-19,wk inc covid hosp,2,2026-10-03,56,quantile,0.85,11.0
2026-09-19,wk inc covid hosp,2,2026-10-03,56,quantile,0.9,14.0
2026-09-19,wk inc covid hosp,2,2026-10-03,56,quantile,0.95,19.0
2026-09-19,wk inc covid hosp,2,2026-10-03,56,quantile,0.975,27.0
2026-09-19,wk inc covid hosp,2,2026-10-03,56,quantile,0.99,37.0
2026-09-19,wk inc covid hosp,2,2026-10-03,72,quantile,0.01,2.0
2026-09-19,wk inc covid hosp,2,2026-10-03,72,quantile,0.025,8.0
2026-09-19,wk inc covid hosp,2,2026-10-03,72,quantile,0.05,13.0
2026-09-19,wk inc covid hosp,2,2026-10-03,72,quantile,0.1,18.0
2026-09-19,wk inc covid hosp,2,2026-10-03,72,quantile,0.15,23.0
2026-09-19,wk inc covid hosp,2,2026-10-03,72,quantile,0.2,26.0
2026-09-19,wk inc covid hosp,2,2026-10-03,72,quantile,0.25,30.0
2026-09-19,wk inc covid hosp,2,2026-10-03,72,quantile,0.3,33.0
2026-09-19,wk inc covid hosp,2,2026-10-03,72,quantile,0.35,36.0
2026-09-19,wk inc covid hosp,2,2026-10-03,72,quantile,0.4,39.0
2026-09-19,wk inc covid hosp,2,2026-10-03,72,quantile,0.45,42.0
2026-09-19,wk inc covid hosp,2,2026-10-03,72,quantile,0.5,46.0
2026-09-19,wk inc covid hosp,2,2026-10-03,72,quantile,0.55,50.0
2026-09-19,wk inc covid hosp,2,2026-10-03,72,quantile,0.6,54.0
2026-09-19,wk inc covid hosp,2,2026-10-03,72,quantile,0.65,59.0
2026-09-19,wk inc covid hosp,2,2026-10-03,72,quantile,0.7,63.0
2026-09-19,wk inc covid hosp,2,2026-10-03,72,quantile,0.75,69.0
2026-09-19,wk inc covid hosp,2,2026-10-03,72,quantile,0.8,77.0
2026-09-19,wk inc covid hosp,2,2026-10-03,72,quantile,0.85,86.0
2026-09-19,wk inc covid hosp,2,2026-10-03,72,quantile,0.9,98.0
2026-09-19,wk inc covid hosp,2,2026-10-03,72,quantile,0.95,117.0
2026-09-19,wk inc covid hosp,2,2026-10-03,72,quantile,0.975,131.0
2026-09-19,wk inc covid hosp,2,2026-10-03,72,quantile,0.99,144.0
2026-09-19,wk inc covid hosp,3,2026-10-10,01,quantile,0.01,8.0
2026-09-19,wk inc covid hosp,3,2026-10-10,01,quantile,0.025,16.0
2026-09-19,wk inc covid hosp,3,2026-10-10,01,quantile,0.05,22.0
2026-09-19,wk inc covid hosp,3,2026-10-10,01,quantile,0.1,29.0
2026-09-19,wk inc covid hosp,3,2026-10-10,01,quantile,0.15,34.0
2026-09-19,wk inc covid hosp,3,2026-10-10,01,quantile,0.2,38.0
2026-09-19,wk inc covid hosp,3,2026-10-10,01,quantile,0.25,42.0
2026-09-19,wk inc covid hosp,3,2026-10-10,01,quantile,0.3,47.0
2026-09-19,wk inc covid hosp,3,2026-10-10,01,quantile,0.35,50.0
2026-09-19,wk inc covid hosp,3,2026-10-10,01,quantile,0.4,54.0
2026-09-19,wk inc covid hosp,3,2026-10-10,01,quantile,0.45,57.0
2026-09-19,wk inc covid hosp,3,2026-10-10,01,quantile,0.5,61.0
2026-09-19,wk inc covid hosp,3,2026-10-10,01,quantile,0.55,64.0
2026-09-19,wk inc covid hosp,3,2026-10-10,01,quantile,0.6,69.0
2026-09-19,wk inc covid hosp,3,2026-10-10,01,quantile,0.65,73.0
2026-09-19,wk inc covid hosp,3,2026-10-10,01,quantile,0.7,78.0
2026-09-19,wk inc covid hosp,3,2026-10-10,01,quantile,0.75,82.0
2026-09-19,wk inc covid hosp,3,2026-10-10,01,quantile,0.8,88.0
2026-09-19,wk inc covid hosp,3,2026-10-10,01,quantile,0.85,96.0
2026-09-19,wk inc covid hosp,3,2026-10-10,01,quantile,0.9,108.0
2026-09-19,wk inc covid hosp,3,2026-10-10,01,quantile,0.95,125.0
2026-09-19,wk inc covid hosp,3,2026-10-10,01,quantile,0.975,136.0
2026-09-19,wk inc covid hosp,3,2026-10-10,01,quantile,0.99,169.0
2026-09-19,wk inc covid hosp,3,2026-10-10,02,quantile,0.01,0.0
2026-09-19,wk inc covid hosp,3,2026-10-10,02,quantile,0.025,0.0
2026-09-19,wk inc covid hosp,3,2026-10-10,02,quantile,0.05,0.0
2026-09-19,wk inc covid hosp,3,2026-10-10,02,quantile,0.1,0.0
2026-09-19,wk inc covid hosp,3,2026-10-10,02,quantile,0.15,0.0
2026-09-19,wk inc covid hosp,3,2026-10-10,02,quantile,0.2,0.0
2026-09-19,wk inc covid hosp,3,2026-10-10,02,quantile,0.25,1.0
2026-09-19,wk inc covid hosp,3,2026-10-10,02,quantile,0.3,1.0
2026-09-19,wk inc covid hosp,3,2026-10-10,02,quantile,0.35,1.0
2026-09-19,wk inc covid hosp,3,2026-10-10,02,quantile,0.4,2.0
2026-09-19,wk inc covid hosp,3,2026-10-10,02,quantile,0.45,2.0
2026-09-19,wk inc covid hosp,3,2026-10-10,02,quantile,0.5,3.0
2026-09-19,wk inc covid hosp,3,2026-10-10,02,quantile,0.55,3.0
2026-09-19,wk inc covid hosp,3,2026-10-10,02,quantile,0.6,3.0
2026-09-19,wk inc covid hosp,3,2026-10-10,02,quantile,0.65,4.0
2026-09-19,wk inc covid hosp,3,2026-10-10,02,quantile,0.7,4.0
2026-09-19,wk inc covid hosp,3,2026-10-10,02,quantile,0.75,5.0
2026-09-19,wk inc covid hosp,3,2026-10-10,02,quantile,0.8,6.0
2026-09-19,wk inc covid hosp,3,2026-10-10,02,quantile,0.85,8.0
2026-09-19,wk inc covid hosp,3,2026-10-10,02,quantile,0.9,10.0
2026-09-19,wk inc covid hosp,3,2026-10-10,02,quantile,0.95,15.0
2026-09-19,wk inc covid hosp,3,2026-10-10,02,quantile,0.975,21.0
2026-09-19,wk inc covid hosp,3,2026-10-10,02,quantile,0.99,32.0
2026-09-19,wk inc covid hosp,3,2026-10-10,04,quantile,0.01,36.0
2026-09-19,wk inc covid hosp,3,2026-10-10,04,quantile,0.025,42.0
2026-09-19,wk inc covid hosp,3,2026-10-10,04,quantile,0.05,49.0
2026-09-19,wk inc covid hosp,3,2026-10-10,04,quantile,0.1,56.0
2026-09-19,wk inc covid hosp,3,2026-10-10,04,quantile,0.15,62.0
2026-09-19,wk inc covid hosp,3,2026-10-10,04,quantile,0.2,67.0
2026-09-19,wk inc covid hosp,3,2026-10-10,04,quantile,0.25,72.0
2026-09-19,wk inc covid hosp,3,2026-10-10,04,quantile,0.3,76.0
2026-09-19,wk inc covid hosp,3,2026-10-10,04,quantile,0.35,81.0
2026-09-19,wk inc covid hosp,3,2026-10-10,04,quantile,0.4,85.0
2026-09-19,wk inc covid hosp,3,2026-10-10,04,quantile,0.45,89.0
2026-09-19,wk inc covid hosp,3,2026-10-10,04,quantile,0.5,94.0
2026-09-19,wk inc covid hosp,3,2026-10-10,04,quantile,0.55,99.0
2026-09-19,wk inc covid hosp,3,2026-10-10,04,quantile,0.6,105.0
2026-09-19,wk inc covid hosp,3,2026-10-10,04,quantile,0.65,110.0
2026-09-19,wk inc covid hosp,3,2026-10-10,04,quantile,0.7,117.0
2026-09-19,wk inc covid hosp,3,2026-10-10,04,quantile,0.75,124.0
2026-09-19,wk inc covid hosp,3,2026-10-10,04,quantile,0.8,132.0
2026-09-19,wk inc covid hosp,3,2026-10-10,04,quantile,0.85,145.0
2026-09-19,wk inc covid hosp,3,2026-10-10,04,quantile,0.9,158.0
2026-09-19,wk inc covid hosp,3,2026-10-10,04,quantile,0.95,183.0
2026-09-19,wk inc covid hosp,3,2026-10-10,04,quantile,0.975,212.0
2026-09-19,wk inc covid hosp,3,2026-10-10,04,quantile,0.99,239.0
2026-09-19,wk inc covid hosp,3,2026-10-10,05,quantile,0.01,0.0
2026-09-19,wk inc covid hosp,3,2026-10-10,05,quantile,0.025,0.0
2026-09-19,wk inc covid hosp,3,2026-10-10,05,quantile,0.05,0.0
2026-09-19,wk inc covid hosp,3,2026-10-10,05,quantile,0.1,1.0
2026-09-19,wk inc covid hosp,3,2026-10-10,05,quantile,0.15,2.0
2026-09-19,wk inc covid hosp,3,2026-10-10,05,quantile,0.2,3.0
2026-09-19,wk inc covid hosp,3,2026-10-10,05,quantile,0.25,4.0
2026-09-19,wk inc covid hosp,3,2026-10-10,05,quantile,0.3,5.0
2026-09-19,wk inc covid hosp,3,2026-10-10,05,quantile,0.35,6.0
2026-09-19,wk inc covid hosp,3,2026-10-10,05,quantile,0.4,7.0
2026-09-19,wk inc covid hosp,3,2026-10-10,05,quantile,0.45,8.0
2026-09-19,wk inc covid hosp,3,2026-10-10,05,quantile,0.5,9.0
2026-09-19,wk inc covid hosp,3,2026-10-10,05,quantile,0.55,9.0
2026-09-19,wk inc covid hosp,3,2026-10-10,05,quantile,0.6,10.0
2026-09-19,wk inc covid hosp,3,2026-10-10,05,quantile,0.65,11.0
2026-09-19,wk inc covid hosp,3,2026-10-10,05,quantile,0.7,12.0
2026-09-19,wk inc covid hosp,3,2026-10-10,05,quantile,0.75,13.0
2026-09-19,wk inc covid hosp,3,2026-10-10,05,quantile,0.8,14.0
2026-09-19,wk inc covid hosp,3,2026-10-10,05,quantile,0.85,16.0
2026-09-19,wk inc covid hosp,3,2026-10-10,05,quantile,0.9,18.0
2026-09-19,wk inc covid hosp,3,2026-10-10,05,quantile,0.95,21.0
2026-09-19,wk inc covid hosp,3,2026-10-10,05,quantile,0.975,23.0
2026-09-19,wk inc covid hosp,3,2026-10-10,05,quantile,0.99,27.0
2026-09-19,wk inc covid hosp,3,2026-10-10,06,quantile,0.01,281.0
2026-09-19,wk inc covid hosp,3,2026-10-10,06,quantile,0.025,322.0
2026-09-19,wk inc covid hosp,3,2026-10-10,06,quantile,0.05,363.0
2026-09-19,wk inc covid hosp,3,2026-10-10,06,quantile,0.1,418.0
2026-09-19,wk inc covid hosp,3,2026-10-10,06,quantile,0.15,452.0
2026-09-19,wk inc covid hosp,3,2026-10-10,06,quantile,0.2,481.0
2026-09-19,wk inc covid hosp,3,2026-10-10,06,quantile,0.25,512.0
2026-09-19,wk inc covid hosp,3,2026-10-10,06,quantile,0.3,541.0
2026-09-19,wk inc covid hosp,3,2026-10-10,06,quantile,0.35,569.0
2026-09-19,wk inc covid hosp,3,2026-10-10,06,quantile,0.4,595.0
2026-09-19,wk inc covid hosp,3,2026-10-10,06,quantile,0.45,620.0
2026-09-19,wk inc covid hosp,3,2026-10-10,06,quantile,0.5,648.0
2026-09-19,wk inc covid hosp,3,2026-10-10,06,quantile,0.55,680.0
2026-09-19,wk inc covid hosp,3,2026-10-10,06,quantile,0.6,710.0
2026-09-19,wk inc covid hosp,3,2026-10-10,06,quantile,0.65,749.0
2026-09-19,wk inc covid hosp,3,2026-10-10,06,quantile,0.7,787.0
2026-09-19,wk inc covid hosp,3,2026-10-10,06,quantile,0.75,836.0
2026-09-19,wk inc covid hosp,3,2026-10-10,06,quantile,0.8,904.0
2026-09-19,wk inc covid hosp,3,2026-10-10,06,quantile,0.85,973.0
2026-09-19,wk inc covid hosp,3,2026-10-10,06,quantile,0.9,1069.0
2026-09-19,wk inc covid hosp,3,2026-10-10,06,quantile,0.95,1250.0
2026-09-19,wk inc covid hosp,3,2026-10-10,06,quantile,0.975,1459.0
2026-09-19,wk inc covid hosp,3,2026-10-10,06,quantile,0.99,1786.0
2026-09-19,wk inc covid hosp,3,2026-10-10,08,quantile,0.01,0.0
2026-09-19,wk inc covid hosp,3,2026-10-10,08,quantile,0.025,0.0
2026-09-19,wk inc covid hosp,3,2026-10-10,08,quantile,0.05,4.0
2026-09-19,wk inc covid hosp,3,2026-10-10,08,quantile,0.1,8.0
2026-09-19,wk inc covid hosp,3,2026-10-10,08,quantile,0.15,11.0
2026-09-19,wk inc covid hosp,3,2026-10-10,08,quantile,0.2,14.0
2026-09-19,wk inc covid hosp,3,2026-10-10,08,quantile,0.25,16.0
2026-09-19,wk inc covid hosp,3,2026-10-10,08,quantile,0.3,18.0
2026-09-19,wk inc covid hosp,3,2026-10-10,08,quantile,0.35,20.0
2026-09-19,wk inc covid hosp,3,2026-10-10,08,quantile,0.4,22.0
2026-09-19,wk inc covid hosp,3,2026-10-10,08,quantile,0.45,23.0
2026-09-19,wk inc covid hosp,3,2026-10-10,08,quantile,0.5,25.0
2026-09-19,wk inc covid hosp,3,2026-10-10,08,quantile,0.55,27.0
2026-09-19,wk inc covid hosp,3,2026-10-10,08,quantile,0.6,29.0
2026-09-19,wk inc covid hosp,3,2026-10-10,08,quantile,0.65,31.0
2026-09-19,wk inc covid hosp,3,2026-10-10,08,quantile,0.7,33.0
2026-09-19,wk inc covid hosp,3,2026-10-10,08,quantile,0.75,35.0
2026-09-19,wk inc covid hosp,3,2026-10-10,08,quantile,0.8,38.0
2026-09-19,wk inc covid hosp,3,2026-10-10,08,quantile,0.85,41.0
2026-09-19,wk inc covid hosp,3,2026-10-10,08,quantile,0.9,46.0
2026-09-19,wk inc covid hosp,3,2026-10-10,08,quantile,0.95,54.0
2026-09-19,wk inc covid hosp,3,2026-10-10,08,quantile,0.975,60.0
2026-09-19,wk inc covid hosp,3,2026-10-10,08,quantile,0.99,65.0
2026-09-19,wk inc covid hosp,3,2026-10-10,09,quantile,0.01,0.0
2026-09-19,wk inc covid hosp,3,2026-10-10,09,quantile,0.025,0.0
2026-09-19,wk inc covid hosp,3,2026-10-10,09,quantile,0.05,0.0
2026-09-19,wk inc covid hosp,3,2026-10-10,09,quantile,0.1,0.0
2026-09-19,wk inc covid hosp,3,2026-10-10,09,quantile,0.15,2.0
2026-09-19,wk inc covid hosp,3,2026-10-10,09,quantile,0.2,4.0
2026-09-19,wk inc covid hosp,3,2026-10-10,09,quantile,0.25,6.0
2026-09-19,wk inc covid hosp,3,2026-10-10,09,quantile,0.3,7.0
2026-09-19,wk inc covid hosp,3,2026-10-10,09,quantile,0.35,9.0
2026-09-19,wk inc covid hosp,3,2026-10-10,09,quantile,0.4,10.0
2026-09-19,wk inc covid hosp,3,2026-10-10,09,quantile,0.45,11.0
2026-09-19,wk inc covid hosp,3,2026-10-10,09,quantile,0.5,13.0
2026-09-19,wk inc covid hosp,3,2026-10-10,09,quantile,0.55,14.0
2026-09-19,wk inc covid hosp,3,2026-10-10,09,quantile,0.6,15.0
2026-09-19,wk inc covid hosp,3,2026-10-10,09,quantile,0.65,17.0
2026-09-19,wk inc covid hosp,3,2026-10-10,09,quantile,0.7,18.0
2026-09-19,wk inc covid hosp,3,2026-10-10,09,quantile,0.75,20.0
2026-09-19,wk inc covid hosp,3,2026-10-10,09,quantile,0.8,22.0
2026-09-19,wk inc covid hosp,3,2026-10-10,09,quantile,0.85,24.0
2026-09-19,wk inc covid hosp,3,2026-10-10,09,quantile,0.9,28.0
2026-09-19,wk inc covid hosp,3,2026-10-10,09,quantile,0.95,32.0
2026-09-19,wk inc covid hosp,3,2026-10-10,09,quantile,0.975,36.0
2026-09-19,wk inc covid hosp,3,2026-10-10,09,quantile,0.99,41.0
2026-09-19,wk inc covid hosp,3,2026-10-10,10,quantile,0.01,0.0
2026-09-19,wk inc covid hosp,3,2026-10-10,10,quantile,0.025,0.0
2026-09-19,wk inc covid hosp,3,2026-10-10,10,quantile,0.05,0.0
2026-09-19,wk inc covid hosp,3,2026-10-10,10,quantile,0.1,0.0
2026-09-19,wk inc covid hosp,3,2026-10-10,10,quantile,0.15,2.0
2026-09-19,wk inc covid hosp,3,2026-10-10,10,quantile,0.2,3.0
2026-09-19,wk inc covid hosp,3,2026-10-10,10,quantile,0.25,4.0
2026-09-19,wk inc covid hosp,3,2026-10-10,10,quantile,0.3,5.0
2026-09-19,wk inc covid hosp,3,2026-10-10,10,quantile,0.35,6.0
2026-09-19,wk inc covid hosp,3,2026-10-10,10,quantile,0.4,7.0
2026-09-19,wk inc covid hosp,3,2026-10-10,10,quantile,0.45,8.0
2026-09-19,wk inc covid hosp,3,2026-10-10,10,quantile,0.5,9.0
2026-09-19,wk inc covid hosp,3,2026-10-10,10,quantile,0.55,10.0
2026-09-19,wk inc covid hosp,3,2026-10-10,10,quantile,0.6,11.0
2026-09-19,wk inc covid hosp,3,2026-10-10,10,quantile,0.65,13.0
2026-09-19,wk inc covid hosp,3,2026-10-10,10,quantile,0.7,14.0
2026-09-19,wk inc covid hosp,3,2026-10-10,10,quantile,0.75,16.0
2026-09-19,wk inc covid hosp,3,2026-10-10,10,quantile,0.8,18.0
2026-09-19,wk inc covid hosp,3,2026-10-10,10,quantile,0.85,21.0
2026-09-19,wk inc covid hosp,3,2026-10-10,10,quantile,0.9,26.0
2026-09-19,wk inc covid hosp,3,2026-10-10,10,quantile,0.95,36.0
2026-09-19,wk inc covid hosp,3,2026-10-10,10,quantile,0.975,45.0
2026-09-19,wk inc covid hosp,3,2026-10-10,10,quantile,0.99,66.0
2026-09-19,wk inc covid hosp,3,2026-10-10,11,quantile,0.01,0.0
2026-09-19,wk inc covid hosp,3,2026-10-10,11,quantile,0.025,0.0
2026-09-19,wk inc covid hosp,3,2026-10-10,11,quantile,0.05,0.0
2026-09-19,wk inc covid hosp,3,2026-10-10,11,quantile,0.1,0.0
2026-09-19,wk inc covid hosp,3,2026-10-10,11,quantile,0.15,0.0
2026-09-19,wk inc covid hosp,3,2026-10-10,11,quantile,0.2,0.0
2026-09-19,wk inc covid hosp,3,2026-10-10,11,quantile,0.25,0.0
2026-09-19,wk inc covid hosp,3,2026-10-10,11,quantile,0.3,1.0
2026-09-19,wk inc covid hosp,3,2026-10-10,11,quantile,0.35,2.0
2026-09-19,wk inc covid hosp,3,2026-10-10,11,quantile,0.4,2.0
2026-09-19,wk inc covid hosp,3,2026-10-10,11,quantile,0.45,3.0
2026-09-19,wk inc covid hosp,3,2026-10-10,11,quantile,0.5,4.0
2026-09-19,wk inc covid hosp,3,2026-10-10,11,quantile,0.55,4.0
2026-09-19,wk inc covid hosp,3,2026-10-10,11,quantile,0.6,5.0
2026-09-19,wk inc covid hosp,3,2026-10-10,11,quantile,0.65,6.0
2026-09-19,wk inc covid hosp,3,2026-10-10,11,quantile,0.7,7.0
2026-09-19,wk inc covid hosp,3,2026-10-10,11,quantile,0.75,8.0
2026-09-19,wk inc covid hosp,3,2026-10-10,11,quantile,0.8,9.0
2026-09-19,wk inc covid hosp,3,2026-10-10,11,quantile,0.85,10.0
2026-09-19,wk inc covid hosp,3,2026-10-10,11,quantile,0.9,12.0
2026-09-19,wk inc covid hosp,3,2026-10-10,11,quantile,0.95,15.0
2026-09-19,wk inc covid hosp,3,2026-10-10,11,quantile,0.975,20.0
2026-09-19,wk inc covid hosp,3,2026-10-10,11,quantile,0.99,26.0
2026-09-19,wk inc covid hosp,3,2026-10-10,12,quantile,0.01,140.0
2026-09-19,wk inc covid hosp,3,2026-10-10,12,quantile,0.025,165.0
2026-09-19,wk inc covid hosp,3,2026-10-10,12,quantile,0.05,184.0
2026-09-19,wk inc covid hosp,3,2026-10-10,12,quantile,0.1,212.0
2026-09-19,wk inc covid hosp,3,2026-10-10,12,quantile,0.15,230.0
2026-09-19,wk inc covid hosp,3,2026-10-10,12,quantile,0.2,246.0
2026-09-19,wk inc covid hosp,3,2026-10-10,12,quantile,0.25,261.0
2026-09-19,wk inc covid hosp,3,2026-10-10,12,quantile,0.3,274.0
2026-09-19,wk inc covid hosp,3,2026-10-10,12,quantile,0.35,285.0
2026-09-19,wk inc covid hosp,3,2026-10-10,12,quantile,0.4,299.0
2026-09-19,wk inc covid hosp,3,2026-10-10,12,quantile,0.45,313.0
2026-09-19,wk inc covid hosp,3,2026-10-10,12,quantile,0.5,328.0
2026-09-19,wk inc covid hosp,3,2026-10-10,12,quantile,0.55,340.0
2026-09-19,wk inc covid hosp,3,2026-10-10,12,quantile,0.6,356.0
2026-09-19,wk inc covid hosp,3,2026-10-10,12,quantile,0.65,372.0
2026-09-19,wk inc covid hosp,3,2026-10-10,12,quantile,0.7,390.0
2026-09-19,wk inc covid hosp,3,2026-10-10,12,quantile,0.75,412.0
2026-09-19,wk inc covid hosp,3,2026-10-10,12,quantile,0.8,437.0
2026-09-19,wk inc covid hosp,3,2026-10-10,12,quantile,0.85,474.0
2026-09-19,wk inc covid hosp,3,2026-10-10,12,quantile,0.9,519.0
2026-09-19,wk inc covid hosp,3,2026-10-10,12,quantile,0.95,582.0
2026-09-19,wk inc covid hosp,3,2026-10-10,12,quantile,0.975,643.0
2026-09-19,wk inc covid hosp,3,2026-10-10,12,quantile,0.99,723.0
2026-09-19,wk inc covid hosp,3,2026-10-10,13,quantile,0.01,0.0
2026-09-19,wk inc covid hosp,3,2026-10-10,13,quantile,0.025,0.0
2026-09-19,wk inc covid hosp,3,2026-10-10,13,quantile,0.05,1.0
2026-09-19,wk inc covid hosp,3,2026-10-10,13,quantile,0.1,9.0
2026-09-19,wk inc covid hosp,3,2026-10-10,13,quantile,0.15,15.0
2026-09-19,wk inc covid hosp,3,2026-10-10,13,quantile,0.2,20.0
2026-09-19,wk inc covid hosp,3,2026-10-10,13,quantile,0.25,25.0
2026-09-19,wk inc covid hosp,3,2026-10-10,13,quantile,0.3,29.0
2026-09-19,wk inc covid hosp,3,2026-10-10,13,quantile,0.35,32.0
2026-09-19,wk inc covid hosp,3,2026-10-10,13,quantile,0.4,35.0
2026-09-19,wk inc covid hosp,3,2026-10-10,13,quantile,0.45,39.0
2026-09-19,wk inc covid hosp,3,2026-10-10,13,quantile,0.5,43.0
2026-09-19,wk inc covid hosp,3,2026-10-10,13,quantile,0.55,46.0
2026-09-19,wk inc covid hosp,3,2026-10-10,13,quantile,0.6,51.0
2026-09-19,wk inc covid hosp,3,2026-10-10,13,quantile,0.65,54.0
2026-09-19,wk inc covid hosp,3,2026-10-10,13,quantile,0.7,58.0
2026-09-19,wk inc covid hosp,3,2026-10-10,13,quantile,0.75,63.0
2026-09-19,wk inc covid hosp,3,2026-10-10,13,quantile,0.8,68.0
2026-09-19,wk inc covid hosp,3,2026-10-10,13,quantile,0.85,74.0
2026-09-19,wk inc covid hosp,3,2026-10-10,13,quantile,0.9,83.0
2026-09-19,wk inc covid hosp,3,2026-10-10,13,quantile,0.95,95.0
2026-09-19,wk inc covid hosp,3,2026-10-10,13,quantile,0.975,106.0
2026-09-19,wk inc covid hosp,3,2026-10-10,13,quantile,0.99,124.0
2026-09-19,wk inc covid hosp,3,2026-10-10,15,quantile,0.01,0.0
2026-09-19,wk inc covid hosp,3,2026-10-10,15,quantile,0.025,0.0
2026-09-19,wk inc covid hosp,3,2026-10-10,15,quantile,0.05,1.0
2026-09-19,wk inc covid hosp,3,2026-10-10,15,quantile,0.1,3.0
2026-09-19,wk inc covid hosp,3,2026-10-10,15,quantile,0.15,4.0
2026-09-19,wk inc covid hosp,3,2026-10-10,15,quantile,0.2,5.0
2026-09-19,wk inc covid hosp,3,2026-10-10,15,quantile,0.25,6.0
2026-09-19,wk inc covid hosp,3,2026-10-10,15,quantile,0.3,7.0
2026-09-19,wk inc covid hosp,3,2026-10-10,15,quantile,0.35,8.0
2026-09-19,wk inc covid hosp,3,2026-10-10,15,quantile,0.4,9.0
2026-09-19,wk inc covid hosp,3,2026-10-10,15,quantile,0.45,10.0
2026-09-19,wk inc covid hosp,3,2026-10-10,15,quantile,0.5,11.0
2026-09-19,wk inc covid hosp,3,2026-10-10,15,quantile,0.55,12.0
2026-09-19,wk inc covid hosp,3,2026-10-10,15,quantile,0.6,14.0
2026-09-19,wk inc covid hosp,3,2026-10-10,15,quantile,0.65,15.0
2026-09-19,wk inc covid hosp,3,2026-10-10,15,quantile,0.7,17.0
2026-09-19,wk inc covid hosp,3,2026-10-10,15,quantile,0.75,19.0
2026-09-19,wk inc covid hosp,3,2026-10-10,15,quantile,0.8,23.0
2026-09-19,wk inc covid hosp,3,2026-10-10,15,quantile,0.85,28.0
2026-09-19,wk inc covid hosp,3,2026-10-10,15,quantile,0.9,37.0
2026-09-19,wk inc covid hosp,3,2026-10-10,15,quantile,0.95,49.0
2026-09-19,wk inc covid hosp,3,2026-10-10,15,quantile,0.975,62.0
2026-09-19,wk inc covid hosp,3,2026-10-10,15,quantile,0.99,93.0
2026-09-19,wk inc covid hosp,3,2026-10-10,16,quantile,0.01,0.0
2026-09-19,wk inc covid hosp,3,2026-10-10,16,quantile,0.025,0.0
2026-09-19,wk inc covid hosp,3,2026-10-10,16,quantile,0.05,0.0
2026-09-19,wk inc covid hosp,3,2026-10-10,16,quantile,0.1,0.0
2026-09-19,wk inc covid hosp,3,2026-10-10,16,quantile,0.15,0.0
2026-09-19,wk inc covid hosp,3,2026-10-10,16,quantile,0.2,0.0
2026-09-19,wk inc covid hosp,3,2026-10-10,16,quantile,0.25,0.0
2026-09-19,wk inc covid hosp,3,2026-10-10,16,quantile,0.3,2.0
2026-09-19,wk inc covid hosp,3,2026-10-10,16,quantile,0.35,3.0
2026-09-19,wk inc covid hosp,3,2026-10-10,16,quantile,0.4,5.0
2026-09-19,wk inc covid hosp,3,2026-10-10,16,quantile,0.45,6.0
2026-09-19,wk inc covid hosp,3,2026-10-10,16,quantile,0.5,7.0
2026-09-19,wk inc covid hosp,3,2026-10-10,16,quantile,0.55,9.0
2026-09-19,wk inc covid hosp,3,2026-10-10,16,quantile,0.6,10.0
2026-09-19,wk inc covid hosp,3,2026-10-10,16,quantile,0.65,12.0
2026-09-19,wk inc covid hosp,3,2026-10-10,16,quantile,0.7,14.0
2026-09-19,wk inc covid hosp,3,2026-10-10,16,quantile,0.75,16.0
2026-09-19,wk inc covid hosp,3,2026-10-10,16,quantile,0.8,19.0
2026-09-19,wk inc covid hosp,3,2026-10-10,16,quantile,0.85,22.0
2026-09-19,wk inc covid hosp,3,2026-10-10,16,quantile,0.9,27.0
2026-09-19,wk inc covid hosp,3,2026-10-10,16,quantile,0.95,36.0
2026-09-19,wk inc covid hosp,3,2026-10-10,16,quantile,0.975,44.0
2026-09-19,wk inc covid hosp,3,2026-10-10,16,quantile,0.99,56.0
2026-09-19,wk inc covid hosp,3,2026-10-10,17,quantile,0.01,0.0
2026-09-19,wk inc covid hosp,3,2026-10-10,17,quantile,0.025,0.0
2026-09-19,wk inc covid hosp,3,2026-10-10,17,quantile,0.05,0.0
2026-09-19,wk inc covid hosp,3,2026-10-10,17,quantile,0.1,0.0
2026-09-19,wk inc covid hosp,3,2026-10-10,17,quantile,0.15,0.0
2026-09-19,wk inc covid hosp,3,2026-10-10,17,quantile,0.2,6.0
2026-09-19,wk inc covid hosp,3,2026-10-10,17,quantile,0.25,11.0
2026-09-19,wk inc covid hosp,3,2026-10-10,17,quantile,0.3,17.0
2026-09-19,wk inc covid hosp,3,2026-10-10,17,quantile,0.35,21.0
2026-09-19,wk inc covid hosp,3,2026-10-10,17,quantile,0.4,27.0
2026-09-19,wk inc covid hosp,3,2026-10-10,17,quantile,0.45,31.0
2026-09-19,wk inc covid hosp,3,2026-10-10,17,quantile,0.5,36.0
2026-09-19,wk inc covid hosp,3,2026-10-10,17,quantile,0.55,40.0
2026-09-19,wk inc covid hosp,3,2026-10-10,17,quantile,0.6,45.0
2026-09-19,wk inc covid hosp,3,2026-10-10,17,quantile,0.65,51.0
2026-09-19,wk inc covid hosp,3,2026-10-10,17,quantile,0.7,56.0
2026-09-19,wk inc covid hosp,3,2026-10-10,17,quantile,0.75,62.0
2026-09-19,wk inc covid hosp,3,2026-10-10,17,quantile,0.8,70.0
2026-09-19,wk inc covid hosp,3,2026-10-10,17,quantile,0.85,80.0
2026-09-19,wk inc covid hosp,3,2026-10-10,17,quantile,0.9,96.0
2026-09-19,wk inc covid hosp,3,2026-10-10,17,quantile,0.95,112.0
2026-09-19,wk inc covid hosp,3,2026-10-10,17,quantile,0.975,128.0
2026-09-19,wk inc covid hosp,3,2026-10-10,17,quantile,0.99,143.0
2026-09-19,wk inc covid hosp,3,2026-10-10,18,quantile,0.01,0.0
2026-09-19,wk inc covid hosp,3,2026-10-10,18,quantile,0.025,0.0
2026-09-19,wk inc covid hosp,3,2026-10-10,18,quantile,0.05,0.0
2026-09-19,wk inc covid hosp,3,2026-10-10,18,quantile,0.1,0.0
2026-09-19,wk inc covid hosp,3,2026-10-10,18,quantile,0.15,6.0
2026-09-19,wk inc covid hosp,3,2026-10-10,18,quantile,0.2,10.0
2026-09-19,wk inc covid hosp,3,2026-10-10,18,quantile,0.25,15.0
2026-09-19,wk inc covid hosp,3,2026-10-10,18,quantile,0.3,19.0
2026-09-19,wk inc covid hosp,3,2026-10-10,18,quantile,0.35,22.0
2026-09-19,wk inc covid hosp,3,2026-10-10,18,quantile,0.4,25.0
2026-09-19,wk inc covid hosp,3,2026-10-10,18,quantile,0.45,28.0
2026-09-19,wk inc covid hosp,3,2026-10-10,18,quantile,0.5,33.0
2026-09-19,wk inc covid hosp,3,2026-10-10,18,quantile,0.55,37.0
2026-09-19,wk inc covid hosp,3,2026-10-10,18,quantile,0.6,41.0
2026-09-19,wk inc covid hosp,3,2026-10-10,18,quantile,0.65,45.0
2026-09-19,wk inc covid hosp,3,2026-10-10,18,quantile,0.7,50.0
2026-09-19,wk inc covid hosp,3,2026-10-10,18,quantile,0.75,56.0
2026-09-19,wk inc covid hosp,3,2026-10-10,18,quantile,0.8,63.0
2026-09-19,wk inc covid hosp,3,2026-10-10,18,quantile,0.85,71.0
2026-09-19,wk inc covid hosp,3,2026-10-10,18,quantile,0.9,83.0
2026-09-19,wk inc covid hosp,3,2026-10-10,18,quantile,0.95,105.0
2026-09-19,wk inc covid hosp,3,2026-10-10,18,quantile,0.975,118.0
2026-09-19,wk inc covid hosp,3,2026-10-10,18,quantile,0.99,140.0
2026-09-19,wk inc covid hosp,3,2026-10-10,19,quantile,0.01,0.0
2026-09-19,wk inc covid hosp,3,2026-10-10,19,quantile,0.025,0.0
2026-09-19,wk inc covid hosp,3,2026-10-10,19,quantile,0.05,3.0
2026-09-19,wk inc covid hosp,3,2026-10-10,19,quantile,0.1,5.0
2026-09-19,wk inc covid hosp,3,2026-10-10,19,quantile,0.15,7.0
2026-09-19,wk inc covid hosp,3,2026-10-10,19,quantile,0.2,8.0
2026-09-19,wk inc covid hosp,3,2026-10-10,19,quantile,0.25,10.0
2026-09-19,wk inc covid hosp,3,2026-10-10,19,quantile,0.3,11.0
2026-09-19,wk inc covid hosp,3,2026-10-10,19,quantile,0.35,13.0
2026-09-19,wk inc covid hosp,3,2026-10-10,19,quantile,0.4,14.0
2026-09-19,wk inc covid hosp,3,2026-10-10,19,quantile,0.45,15.0
2026-09-19,wk inc covid hosp,3,2026-10-10,19,quantile,0.5,16.0
2026-09-19,wk inc covid hosp,3,2026-10-10,19,quantile,0.55,18.0
2026-09-19,wk inc covid hosp,3,2026-10-10,19,quantile,0.6,20.0
2026-09-19,wk inc covid hosp,3,2026-10-10,19,quantile,0.65,21.0
2026-09-19,wk inc covid hosp,3,2026-10-10,19,quantile,0.7,23.0
2026-09-19,wk inc covid hosp,3,2026-10-10,19,quantile,0.75,25.0
2026-09-19,wk inc covid hosp,3,2026-10-10,19,quantile,0.8,27.0
2026-09-19,wk inc covid hosp,3,2026-10-10,19,quantile,0.85,31.0
2026-09-19,wk inc covid hosp,3,2026-10-10,19,quantile,0.9,35.0
2026-09-19,wk inc covid hosp,3,2026-10-10,19,quantile,0.95,42.0
2026-09-19,wk inc covid hosp,3,2026-10-10,19,quantile,0.975,49.0
2026-09-19,wk inc covid hosp,3,2026-10-10,19,quantile,0.99,58.0
2026-09-19,wk inc covid hosp,3,2026-10-10,20,quantile,0.01,0.0
2026-09-19,wk inc covid hosp,3,2026-10-10,20,quantile,0.025,0.0
2026-09-19,wk inc covid hosp,3,2026-10-10,20,quantile,0.05,0.0
2026-09-19,wk inc covid hosp,3,2026-10-10,20,quantile,0.1,0.0
2026-09-19,wk inc covid hosp,3,2026-10-10,20,quantile,0.15,0.0
2026-09-19,wk inc covid hosp,3,2026-10-10,20,quantile,0.2,0.0
2026-09-19,wk inc covid hosp,3,2026-10-10,20,quantile,0.25,1.0
2026-09-19,wk inc covid hosp,3,2026-10-10,20,quantile,0.3,3.0
2026-09-19,wk inc covid hosp,3,2026-10-10,20,quantile,0.35,4.0
2026-09-19,wk inc covid hosp,3,2026-10-10,20,quantile,0.4,6.0
2026-09-19,wk inc covid hosp,3,2026-10-10,20,quantile,0.45,7.0
2026-09-19,wk inc covid hosp,3,2026-10-10,20,quantile,0.5,8.0
2026-09-19,wk inc covid hosp,3,2026-10-10,20,quantile,0.55,10.0
2026-09-19,wk inc covid hosp,3,2026-10-10,20,quantile,0.6,11.0
2026-09-19,wk inc covid hosp,3,2026-10-10,20,quantile,0.65,13.0
2026-09-19,wk inc covid hosp,3,2026-10-10,20,quantile,0.7,15.0
2026-09-19,wk inc covid hosp,3,2026-10-10,20,quantile,0.75,16.0
2026-09-19,wk inc covid hosp,3,2026-10-10,20,quantile,0.8,18.0
2026-09-19,wk inc covid hosp,3,2026-10-10,20,quantile,0.85,21.0
2026-09-19,wk inc covid hosp,3,2026-10-10,20,quantile,0.9,25.0
2026-09-19,wk inc covid hosp,3,2026-10-10,20,quantile,0.95,30.0
2026-09-19,wk inc covid hosp,3,2026-10-10,20,quantile,0.975,38.0
2026-09-19,wk inc covid hosp,3,2026-10-10,20,quantile,0.99,49.0
2026-09-19,wk inc covid hosp,3,2026-10-10,21,quantile,0.01,0.0
2026-09-19,wk inc covid hosp,3,2026-10-10,21,quantile,0.025,0.0
2026-09-19,wk inc covid hosp,3,2026-10-10,21,quantile,0.05,0.0
2026-09-19,wk inc covid hosp,3,2026-10-10,21,quantile,0.1,4.0
2026-09-19,wk inc covid hosp,3,2026-10-10,21,quantile,0.15,7.0
2026-09-19,wk inc covid hosp,3,2026-10-10,21,quantile,0.2,9.0
2026-09-19,wk inc covid hosp,3,2026-10-10,21,quantile,0.25,11.0
2026-09-19,wk inc covid hosp,3,2026-10-10,21,quantile,0.3,13.0
2026-09-19,wk inc covid hosp,3,2026-10-10,21,quantile,0.35,15.0
2026-09-19,wk inc covid hosp,3,2026-10-10,21,quantile,0.4,17.0
2026-09-19,wk inc covid hosp,3,2026-10-10,21,quantile,0.45,19.0
2026-09-19,wk inc covid hosp,3,2026-10-10,21,quantile,0.5,20.0
2026-09-19,wk inc covid hosp,3,2026-10-10,21,quantile,0.55,22.0
2026-09-19,wk inc covid hosp,3,2026-10-10,21,quantile,0.6,24.0
2026-09-19,wk inc covid hosp,3,2026-10-10,21,quantile,0.65,26.0
2026-09-19,wk inc covid hosp,3,2026-10-10,21,quantile,0.7,29.0
2026-09-19,wk inc covid hosp,3,2026-10-10,21,quantile,0.75,31.0
2026-09-19,wk inc covid hosp,3,2026-10-10,21,quantile,0.8,34.0
2026-09-19,wk inc covid hosp,3,2026-10-10,21,quantile,0.85,37.0
2026-09-19,wk inc covid hosp,3,2026-10-10,21,quantile,0.9,42.0
2026-09-19,wk inc covid hosp,3,2026-10-10,21,quantile,0.95,49.0
2026-09-19,wk inc covid hosp,3,2026-10-10,21,quantile,0.975,56.0
2026-09-19,wk inc covid hosp,3,2026-10-10,21,quantile,0.99,63.0
2026-09-19,wk inc covid hosp,3,2026-10-10,22,quantile,0.01,0.0
2026-09-19,wk inc covid hosp,3,2026-10-10,22,quantile,0.025,0.0
2026-09-19,wk inc covid hosp,3,2026-10-10,22,quantile,0.05,5.0
2026-09-19,wk inc covid hosp,3,2026-10-10,22,quantile,0.1,11.0
2026-09-19,wk inc covid hosp,3,2026-10-10,22,quantile,0.15,15.0
2026-09-19,wk inc covid hosp,3,2026-10-10,22,quantile,0.2,20.0
2026-09-19,wk inc covid hosp,3,2026-10-10,22,quantile,0.25,23.0
2026-09-19,wk inc covid hosp,3,2026-10-10,22,quantile,0.3,26.0
2026-09-19,wk inc covid hosp,3,2026-10-10,22,quantile,0.35,29.0
2026-09-19,wk inc covid hosp,3,2026-10-10,22,quantile,0.4,31.0
2026-09-19,wk inc covid hosp,3,2026-10-10,22,quantile,0.45,34.0
2026-09-19,wk inc covid hosp,3,2026-10-10,22,quantile,0.5,36.0
2026-09-19,wk inc covid hosp,3,2026-10-10,22,quantile,0.55,39.0
2026-09-19,wk inc covid hosp,3,2026-10-10,22,quantile,0.6,42.0
2026-09-19,wk inc covid hosp,3,2026-10-10,22,quantile,0.65,45.0
2026-09-19,wk inc covid hosp,3,2026-10-10,22,quantile,0.7,48.0
2026-09-19,wk inc covid hosp,3,2026-10-10,22,quantile,0.75,52.0
2026-09-19,wk inc covid hosp,3,2026-10-10,22,quantile,0.8,55.0
2026-09-19,wk inc covid hosp,3,2026-10-10,22,quantile,0.85,60.0
2026-09-19,wk inc covid hosp,3,2026-10-10,22,quantile,0.9,68.0
2026-09-19,wk inc covid hosp,3,2026-10-10,22,quantile,0.95,82.0
2026-09-19,wk inc covid hosp,3,2026-10-10,22,quantile,0.975,93.0
2026-09-19,wk inc covid hosp,3,2026-10-10,22,quantile,0.99,109.0
2026-09-19,wk inc covid hosp,3,2026-10-10,23,quantile,0.01,0.0
2026-09-19,wk inc covid hosp,3,2026-10-10,23,quantile,0.025,0.0
2026-09-19,wk inc covid hosp,3,2026-10-10,23,quantile,0.05,0.0
2026-09-19,wk inc covid hosp,3,2026-10-10,23,quantile,0.1,0.0
2026-09-19,wk inc covid hosp,3,2026-10-10,23,quantile,0.15,0.0
2026-09-19,wk inc covid hosp,3,2026-10-10,23,quantile,0.2,0.0
2026-09-19,wk inc covid hosp,3,2026-10-10,23,quantile,0.25,0.0
2026-09-19,wk inc covid hosp,3,2026-10-10,23,quantile,0.3,1.0
2026-09-19,wk inc covid hosp,3,2026-10-10,23,quantile,0.35,1.0
2026-09-19,wk inc covid hosp,3,2026-10-10,23,quantile,0.4,1.0
2026-09-19,wk inc covid hosp,3,2026-10-10,23,quantile,0.45,2.0
2026-09-19,wk inc covid hosp,3,2026-10-10,23,quantile,0.5,2.0
2026-09-19,wk inc covid hosp,3,2026-10-10,23,quantile,0.55,3.0
2026-09-19,wk inc covid hosp,3,2026-10-10,23,quantile,0.6,3.0
2026-09-19,wk inc covid hosp,3,2026-10-10,23,quantile,0.65,4.0
2026-09-19,wk inc covid hosp,3,2026-10-10,23,quantile,0.7,4.0
2026-09-19,wk inc covid hosp,3,2026-10-10,23,quantile,0.75,5.0
2026-09-19,wk inc covid hosp,3,2026-10-10,23,quantile,0.8,6.0
2026-09-19,wk inc covid hosp,3,2026-10-10,23,quantile,0.85,6.0
2026-09-19,wk inc covid hosp,3,2026-10-10,23,quantile,0.9,8.0
2026-09-19,wk inc covid hosp,3,2026-10-10,23,quantile,0.95,10.0
2026-09-19,wk inc covid hosp,3,2026-10-10,23,quantile,0.975,14.0
2026-09-19,wk inc covid hosp,3,2026-10-10,23,quantile,0.99,22.0
2026-09-19,wk inc covid hosp,3,2026-10-10,24,quantile,0.01,0.0
2026-09-19,wk inc covid hosp,3,2026-10-10,24,quantile,0.025,0.0
2026-09-19,wk inc covid hosp,3,2026-10-10,24,quantile,0.05,0.0
2026-09-19,wk inc covid hosp,3,2026-10-10,24,quantile,0.1,4.0
2026-09-19,wk inc covid hosp,3,2026-10-10,24,quantile,0.15,6.0
2026-09-19,wk inc covid hosp,3,2026-10-10,24,quantile,0.2,8.0
2026-09-19,wk inc covid hosp,3,2026-10-10,24,quantile,0.25,11.0
2026-09-19,wk inc covid hosp,3,2026-10-10,24,quantile,0.3,12.0
2026-09-19,wk inc covid hosp,3,2026-10-10,24,quantile,0.35,14.0
2026-09-19,wk inc covid hosp,3,2026-10-10,24,quantile,0.4,16.0
2026-09-19,wk inc covid hosp,3,2026-10-10,24,quantile,0.45,17.0
2026-09-19,wk inc covid hosp,3,2026-10-10,24,quantile,0.5,19.0
2026-09-19,wk inc covid hosp,3,2026-10-10,24,quantile,0.55,21.0
2026-09-19,wk inc covid hosp,3,2026-10-10,24,quantile,0.6,23.0
2026-09-19,wk inc covid hosp,3,2026-10-10,24,quantile,0.65,25.0
2026-09-19,wk inc covid hosp,3,2026-10-10,24,quantile,0.7,27.0
2026-09-19,wk inc covid hosp,3,2026-10-10,24,quantile,0.75,29.0
2026-09-19,wk inc covid hosp,3,2026-10-10,24,quantile,0.8,33.0
2026-09-19,wk inc covid hosp,3,2026-10-10,24,quantile,0.85,37.0
2026-09-19,wk inc covid hosp,3,2026-10-10,24,quantile,0.9,42.0
2026-09-19,wk inc covid hosp,3,2026-10-10,24,quantile,0.95,53.0
2026-09-19,wk inc covid hosp,3,2026-10-10,24,quantile,0.975,63.0
2026-09-19,wk inc covid hosp,3,2026-10-10,24,quantile,0.99,81.0
2026-09-19,wk inc covid hosp,3,2026-10-10,25,quantile,0.01,0.0
2026-09-19,wk inc covid hosp,3,2026-10-10,25,quantile,0.025,0.0
2026-09-19,wk inc covid hosp,3,2026-10-10,25,quantile,0.05,0.0
2026-09-19,wk inc covid hosp,3,2026-10-10,25,quantile,0.1,0.0
2026-09-19,wk inc covid hosp,3,2026-10-10,25,quantile,0.15,0.0
2026-09-19,wk inc covid hosp,3,2026-10-10,25,quantile,0.2,0.0
2026-09-19,wk inc covid hosp,3,2026-10-10,25,quantile,0.25,2.0
2026-09-19,wk inc covid hosp,3,2026-10-10,25,quantile,0.3,7.0
2026-09-19,wk inc covid hosp,3,2026-10-10,25,quantile,0.35,11.0
2026-09-19,wk inc covid hosp,3,2026-10-10,25,quantile,0.4,14.0
2026-09-19,wk inc covid hosp,3,2026-10-10,25,quantile,0.45,18.0
2026-09-19,wk inc covid hosp,3,2026-10-10,25,quantile,0.5,21.0
2026-09-19,wk inc covid hosp,3,2026-10-10,25,quantile,0.55,25.0
2026-09-19,wk inc covid hosp,3,2026-10-10,25,quantile,0.6,28.0
2026-09-19,wk inc covid hosp,3,2026-10-10,25,quantile,0.65,31.0
2026-09-19,wk inc covid hosp,3,2026-10-10,25,quantile,0.7,35.0
2026-09-19,wk inc covid hosp,3,2026-10-10,25,quantile,0.75,39.0
2026-09-19,wk inc covid hosp,3,2026-10-10,25,quantile,0.8,43.0
2026-09-19,wk inc covid hosp,3,2026-10-10,25,quantile,0.85,49.0
2026-09-19,wk inc covid hosp,3,2026-10-10,25,quantile,0.9,57.0
2026-09-19,wk inc covid hosp,3,2026-10-10,25,quantile,0.95,70.0
2026-09-19,wk inc covid hosp,3,2026-10-10,25,quantile,0.975,82.0
2026-09-19,wk inc covid hosp,3,2026-10-10,25,quantile,0.99,92.0
2026-09-19,wk inc covid hosp,3,2026-10-10,26,quantile,0.01,0.0
2026-09-19,wk inc covid hosp,3,2026-10-10,26,quantile,0.025,0.0
2026-09-19,wk inc covid hosp,3,2026-10-10,26,quantile,0.05,0.0
2026-09-19,wk inc covid hosp,3,2026-10-10,26,quantile,0.1,0.0
2026-09-19,wk inc covid hosp,3,2026-10-10,26,quantile,0.15,0.0
2026-09-19,wk inc covid hosp,3,2026-10-10,26,quantile,0.2,0.0
2026-09-19,wk inc covid hosp,3,2026-10-10,26,quantile,0.25,0.0
2026-09-19,wk inc covid hosp,3,2026-10-10,26,quantile,0.3,2.0
2026-09-19,wk inc covid hosp,3,2026-10-10,26,quantile,0.35,6.0
2026-09-19,wk inc covid hosp,3,2026-10-10,26,quantile,0.4,8.0
2026-09-19,wk inc covid hosp,3,2026-10-10,26,quantile,0.45,12.0
2026-09-19,wk inc covid hosp,3,2026-10-10,26,quantile,0.5,15.0
2026-09-19,wk inc covid hosp,3,2026-10-10,26,quantile,0.55,18.0
2026-09-19,wk inc covid hosp,3,2026-10-10,26,quantile,0.6,21.0
2026-09-19,wk inc covid hosp,3,2026-10-10,26,quantile,0.65,25.0
2026-09-19,wk inc covid hosp,3,2026-10-10,26,quantile,0.7,28.0
2026-09-19,wk inc covid hosp,3,2026-10-10,26,quantile,0.75,33.0
2026-09-19,wk inc covid hosp,3,2026-10-10,26,quantile,0.8,37.0
2026-09-19,wk inc covid hosp,3,2026-10-10,26,quantile,0.85,42.0
2026-09-19,wk inc covid hosp,3,2026-10-10,26,quantile,0.9,49.0
2026-09-19,wk inc covid hosp,3,2026-10-10,26,quantile,0.95,60.0
2026-09-19,wk inc covid hosp,3,2026-10-10,26,quantile,0.975,68.0
2026-09-19,wk inc covid hosp,3,2026-10-10,26,quantile,0.99,78.0
2026-09-19,wk inc covid hosp,3,2026-10-10,27,quantile,0.01,0.0
2026-09-19,wk inc covid hosp,3,2026-10-10,27,quantile,0.025,0.0
2026-09-19,wk inc covid hosp,3,2026-10-10,27,quantile,0.05,0.0
2026-09-19,wk inc covid hosp,3,2026-10-10,27,quantile,0.1,3.0
2026-09-19,wk inc covid hosp,3,2026-10-10,27,quantile,0.15,7.0
2026-09-19,wk inc covid hosp,3,2026-10-10,27,quantile,0.2,10.0
2026-09-19,wk inc covid hosp,3,2026-10-10,27,quantile,0.25,13.0
2026-09-19,wk inc covid hosp,3,2026-10-10,27,quantile,0.3,15.0
2026-09-19,wk inc covid hosp,3,2026-10-10,27,quantile,0.35,17.0
2026-09-19,wk inc covid hosp,3,2026-10-10,27,quantile,0.4,19.0
2026-09-19,wk inc covid hosp,3,2026-10-10,27,quantile,0.45,22.0
2026-09-19,wk inc covid hosp,3,2026-10-10,27,quantile,0.5,24.0
2026-09-19,wk inc covid hosp,3,2026-10-10,27,quantile,0.55,26.0
2026-09-19,wk inc covid hosp,3,2026-10-10,27,quantile,0.6,29.0
2026-09-19,wk inc covid hosp,3,2026-10-10,27,quantile,0.65,32.0
2026-09-19,wk inc covid hosp,3,2026-10-10,27,quantile,0.7,35.0
2026-09-19,wk inc covid hosp,3,2026-10-10,27,quantile,0.75,38.0
2026-09-19,wk inc covid hosp,3,2026-10-10,27,quantile,0.8,41.0
2026-09-19,wk inc covid hosp,3,2026-10-10,27,quantile,0.85,46.0
2026-09-19,wk inc covid hosp,3,2026-10-10,27,quantile,0.9,52.0
2026-09-19,wk inc covid hosp,3,2026-10-10,27,quantile,0.95,63.0
2026-09-19,wk inc covid hosp,3,2026-10-10,27,quantile,0.975,76.0
2026-09-19,wk inc covid hosp,3,2026-10-10,27,quantile,0.99,88.0
2026-09-19,wk inc covid hosp,3,2026-10-10,28,quantile,0.01,0.0
2026-09-19,wk inc covid hosp,3,2026-10-10,28,quantile,0.025,4.0
2026-09-19,wk inc covid hosp,3,2026-10-10,28,quantile,0.05,7.0
2026-09-19,wk inc covid hosp,3,2026-10-10,28,quantile,0.1,11.0
2026-09-19,wk inc covid hosp,3,2026-10-10,28,quantile,0.15,13.0
2026-09-19,wk inc covid hosp,3,2026-10-10,28,quantile,0.2,15.0
2026-09-19,wk inc covid hosp,3,2026-10-10,28,quantile,0.25,17.0
2026-09-19,wk inc covid hosp,3,2026-10-10,28,quantile,0.3,19.0
2026-09-19,wk inc covid hosp,3,2026-10-10,28,quantile,0.35,21.0
2026-09-19,wk inc covid hosp,3,2026-10-10,28,quantile,0.4,22.0
2026-09-19,wk inc covid hosp,3,2026-10-10,28,quantile,0.45,24.0
2026-09-19,wk inc covid hosp,3,2026-10-10,28,quantile,0.5,25.0
2026-09-19,wk inc covid hosp,3,2026-10-10,28,quantile,0.55,27.0
2026-09-19,wk inc covid hosp,3,2026-10-10,28,quantile,0.6,30.0
2026-09-19,wk inc covid hosp,3,2026-10-10,28,quantile,0.65,31.0
2026-09-19,wk inc covid hosp,3,2026-10-10,28,quantile,0.7,33.0
2026-09-19,wk inc covid hosp,3,2026-10-10,28,quantile,0.75,35.0
2026-09-19,wk inc covid hosp,3,2026-10-10,28,quantile,0.8,38.0
2026-09-19,wk inc covid hosp,3,2026-10-10,28,quantile,0.85,41.0
2026-09-19,wk inc covid hosp,3,2026-10-10,28,quantile,0.9,45.0
2026-09-19,wk inc covid hosp,3,2026-10-10,28,quantile,0.95,51.0
2026-09-19,wk inc covid hosp,3,2026-10-10,28,quantile,0.975,59.0
2026-09-19,wk inc covid hosp,3,2026-10-10,28,quantile,0.99,68.0
2026-09-19,wk inc covid hosp,3,2026-10-10,29,quantile,0.01,2.0
2026-09-19,wk inc covid hosp,3,2026-10-10,29,quantile,0.025,8.0
2026-09-19,wk inc covid hosp,3,2026-10-10,29,quantile,0.05,14.0
2026-09-19,wk inc covid hosp,3,2026-10-10,29,quantile,0.1,22.0
2026-09-19,wk inc covid hosp,3,2026-10-10,29,quantile,0.15,26.0
2026-09-19,wk inc covid hosp,3,2026-10-10,29,quantile,0.2,29.0
2026-09-19,wk inc covid hosp,3,2026-10-10,29,quantile,0.25,33.0
2026-09-19,wk inc covid hosp,3,2026-10-10,29,quantile,0.3,36.0
2026-09-19,wk inc covid hosp,3,2026-10-10,29,quantile,0.35,39.0
2026-09-19,wk inc covid hosp,3,2026-10-10,29,quantile,0.4,42.0
2026-09-19,wk inc covid hosp,3,2026-10-10,29,quantile,0.45,45.0
2026-09-19,wk inc covid hosp,3,2026-10-10,29,quantile,0.5,48.0
2026-09-19,wk inc covid hosp,3,2026-10-10,29,quantile,0.55,52.0
2026-09-19,wk inc covid hosp,3,2026-10-10,29,quantile,0.6,55.0
2026-09-19,wk inc covid hosp,3,2026-10-10,29,quantile,0.65,59.0
2026-09-19,wk inc covid hosp,3,2026-10-10,29,quantile,0.7,63.0
2026-09-19,wk inc covid hosp,3,2026-10-10,29,quantile,0.75,68.0
2026-09-19,wk inc covid hosp,3,2026-10-10,29,quantile,0.8,73.0
2026-09-19,wk inc covid hosp,3,2026-10-10,29,quantile,0.85,80.0
2026-09-19,wk inc covid hosp,3,2026-10-10,29,quantile,0.9,92.0
2026-09-19,wk inc covid hosp,3,2026-10-10,29,quantile,0.95,111.0
2026-09-19,wk inc covid hosp,3,2026-10-10,29,quantile,0.975,128.0
2026-09-19,wk inc covid hosp,3,2026-10-10,29,quantile,0.99,159.0
2026-09-19,wk inc covid hosp,3,2026-10-10,30,quantile,0.01,0.0
2026-09-19,wk inc covid hosp,3,2026-10-10,30,quantile,0.025,0.0
2026-09-19,wk inc covid hosp,3,2026-10-10,30,quantile,0.05,0.0
2026-09-19,wk inc covid hosp,3,2026-10-10,30,quantile,0.1,1.0
2026-09-19,wk inc covid hosp,3,2026-10-10,30,quantile,0.15,3.0
2026-09-19,wk inc covid hosp,3,2026-10-10,30,quantile,0.2,5.0
2026-09-19,wk inc covid hosp,3,2026-10-10,30,quantile,0.25,6.0
2026-09-19,wk inc covid hosp,3,2026-10-10,30,quantile,0.3,8.0
2026-09-19,wk inc covid hosp,3,2026-10-10,30,quantile,0.35,9.0
2026-09-19,wk inc covid hosp,3,2026-10-10,30,quantile,0.4,10.0
2026-09-19,wk inc covid hosp,3,2026-10-10,30,quantile,0.45,11.0
2026-09-19,wk inc covid hosp,3,2026-10-10,30,quantile,0.5,13.0
2026-09-19,wk inc covid hosp,3,2026-10-10,30,quantile,0.55,15.0
2026-09-19,wk inc covid hosp,3,2026-10-10,30,quantile,0.6,16.0
2026-09-19,wk inc covid hosp,3,2026-10-10,30,quantile,0.65,18.0
2026-09-19,wk inc covid hosp,3,2026-10-10,30,quantile,0.7,20.0
2026-09-19,wk inc covid hosp,3,2026-10-10,30,quantile,0.75,22.0
2026-09-19,wk inc covid hosp,3,2026-10-10,30,quantile,0.8,25.0
2026-09-19,wk inc covid hosp,3,2026-10-10,30,quantile,0.85,29.0
2026-09-19,wk inc covid hosp,3,2026-10-10,30,quantile,0.9,35.0
2026-09-19,wk inc covid hosp,3,2026-10-10,30,quantile,0.95,48.0
2026-09-19,wk inc covid hosp,3,2026-10-10,30,quantile,0.975,58.0
2026-09-19,wk inc covid hosp,3,2026-10-10,30,quantile,0.99,78.0
2026-09-19,wk inc covid hosp,3,2026-10-10,31,quantile,0.01,0.0
2026-09-19,wk inc covid hosp,3,2026-10-10,31,quantile,0.025,0.0
2026-09-19,wk inc covid hosp,3,2026-10-10,31,quantile,0.05,0.0
2026-09-19,wk inc covid hosp,3,2026-10-10,31,quantile,0.1,0.0
2026-09-19,wk inc covid hosp,3,2026-10-10,31,quantile,0.15,0.0
2026-09-19,wk inc covid hosp,3,2026-10-10,31,quantile,0.2,0.0
2026-09-19,wk inc covid hosp,3,2026-10-10,31,quantile,0.25,0.0
2026-09-19,wk inc covid hosp,3,2026-10-10,31,quantile,0.3,1.0
2026-09-19,wk inc covid hosp,3,2026-10-10,31,quantile,0.35,1.0
2026-09-19,wk inc covid hosp,3,2026-10-10,31,quantile,0.4,2.0
2026-09-19,wk inc covid hosp,3,2026-10-10,31,quantile,0.45,3.0
2026-09-19,wk inc covid hosp,3,2026-10-10,31,quantile,0.5,3.0
2026-09-19,wk inc covid hosp,3,2026-10-10,31,quantile,0.55,4.0
2026-09-19,wk inc covid hosp,3,2026-10-10,31,quantile,0.6,4.0
2026-09-19,wk inc covid hosp,3,2026-10-10,31,quantile,0.65,5.0
2026-09-19,wk inc covid hosp,3,2026-10-10,31,quantile,0.7,6.0
2026-09-19,wk inc covid hosp,3,2026-10-10,31,quantile,0.75,7.0
2026-09-19,wk inc covid hosp,3,2026-10-10,31,quantile,0.8,7.0
2026-09-19,wk inc covid hosp,3,2026-10-10,31,quantile,0.85,8.0
2026-09-19,wk inc covid hosp,3,2026-10-10,31,quantile,0.9,10.0
2026-09-19,wk inc covid hosp,3,2026-10-10,31,quantile,0.95,12.0
2026-09-19,wk inc covid hosp,3,2026-10-10,31,quantile,0.975,15.0
2026-09-19,wk inc covid hosp,3,2026-10-10,31,quantile,0.99,18.0
2026-09-19,wk inc covid hosp,3,2026-10-10,32,quantile,0.01,0.0
2026-09-19,wk inc covid hosp,3,2026-10-10,32,quantile,0.025,2.0
2026-09-19,wk inc covid hosp,3,2026-10-10,32,quantile,0.05,4.0
2026-09-19,wk inc covid hosp,3,2026-10-10,32,quantile,0.1,8.0
2026-09-19,wk inc covid hosp,3,2026-10-10,32,quantile,0.15,10.0
2026-09-19,wk inc covid hosp,3,2026-10-10,32,quantile,0.2,13.0
2026-09-19,wk inc covid hosp,3,2026-10-10,32,quantile,0.25,15.0
2026-09-19,wk inc covid hosp,3,2026-10-10,32,quantile,0.3,17.0
2026-09-19,wk inc covid hosp,3,2026-10-10,32,quantile,0.35,19.0
2026-09-19,wk inc covid hosp,3,2026-10-10,32,quantile,0.4,20.0
2026-09-19,wk inc covid hosp,3,2026-10-10,32,quantile,0.45,22.0
2026-09-19,wk inc covid hosp,3,2026-10-10,32,quantile,0.5,25.0
2026-09-19,wk inc covid hosp,3,2026-10-10,32,quantile,0.55,27.0
2026-09-19,wk inc covid hosp,3,2026-10-10,32,quantile,0.6,29.0
2026-09-19,wk inc covid hosp,3,2026-10-10,32,quantile,0.65,32.0
2026-09-19,wk inc covid hosp,3,2026-10-10,32,quantile,0.7,36.0
2026-09-19,wk inc covid hosp,3,2026-10-10,32,quantile,0.75,41.0
2026-09-19,wk inc covid hosp,3,2026-10-10,32,quantile,0.8,47.0
2026-09-19,wk inc covid hosp,3,2026-10-10,32,quantile,0.85,53.0
2026-09-19,wk inc covid hosp,3,2026-10-10,32,quantile,0.9,63.0
2026-09-19,wk inc covid hosp,3,2026-10-10,32,quantile,0.95,83.0
2026-09-19,wk inc covid hosp,3,2026-10-10,32,quantile,0.975,113.0
2026-09-19,wk inc covid hosp,3,2026-10-10,32,quantile,0.99,154.0
2026-09-19,wk inc covid hosp,3,2026-10-10,33,quantile,0.01,0.0
2026-09-19,wk inc covid hosp,3,2026-10-10,33,quantile,0.025,0.0
2026-09-19,wk inc covid hosp,3,2026-10-10,33,quantile,0.05,0.0
2026-09-19,wk inc covid hosp,3,2026-10-10,33,quantile,0.1,0.0
2026-09-19,wk inc covid hosp,3,2026-10-10,33,quantile,0.15,0.0
2026-09-19,wk inc covid hosp,3,2026-10-10,33,quantile,0.2,0.0
2026-09-19,wk inc covid hosp,3,2026-10-10,33,quantile,0.25,0.0
2026-09-19,wk inc covid hosp,3,2026-10-10,33,quantile,0.3,0.0
2026-09-19,wk inc covid hosp,3,2026-10-10,33,quantile,0.35,1.0
2026-09-19,wk inc covid hosp,3,2026-10-10,33,quantile,0.4,2.0
2026-09-19,wk inc covid hosp,3,2026-10-10,33,quantile,0.45,3.0
2026-09-19,wk inc covid hosp,3,2026-10-10,33,quantile,0.5,4.0
2026-09-19,wk inc covid hosp,3,2026-10-10,33,quantile,0.55,5.0
2026-09-19,wk inc covid hosp,3,2026-10-10,33,quantile,0.6,6.0
2026-09-19,wk inc covid hosp,3,2026-10-10,33,quantile,0.65,8.0
2026-09-19,wk inc covid hosp,3,2026-10-10,33,quantile,0.7,9.0
2026-09-19,wk inc covid hosp,3,2026-10-10,33,quantile,0.75,10.0
2026-09-19,wk inc covid hosp,3,2026-10-10,33,quantile,0.8,12.0
2026-09-19,wk inc covid hosp,3,2026-10-10,33,quantile,0.85,14.0
2026-09-19,wk inc covid hosp,3,2026-10-10,33,quantile,0.9,17.0
2026-09-19,wk inc covid hosp,3,2026-10-10,33,quantile,0.95,21.0
2026-09-19,wk inc covid hosp,3,2026-10-10,33,quantile,0.975,26.0
2026-09-19,wk inc covid hosp,3,2026-10-10,33,quantile,0.99,32.0
2026-09-19,wk inc covid hosp,3,2026-10-10,34,quantile,0.01,36.0
2026-09-19,wk inc covid hosp,3,2026-10-10,34,quantile,0.025,45.0
2026-09-19,wk inc covid hosp,3,2026-10-10,34,quantile,0.05,54.0
2026-09-19,wk inc covid hosp,3,2026-10-10,34,quantile,0.1,65.0
2026-09-19,wk inc covid hosp,3,2026-10-10,34,quantile,0.15,73.0
2026-09-19,wk inc covid hosp,3,2026-10-10,34,quantile,0.2,79.0
2026-09-19,wk inc covid hosp,3,2026-10-10,34,quantile,0.25,85.0
2026-09-19,wk inc covid hosp,3,2026-10-10,34,quantile,0.3,90.0
2026-09-19,wk inc covid hosp,3,2026-10-10,34,quantile,0.35,95.0
2026-09-19,wk inc covid hosp,3,2026-10-10,34,quantile,0.4,101.0
2026-09-19,wk inc covid hosp,3,2026-10-10,34,quantile,0.45,106.0
2026-09-19,wk inc covid hosp,3,2026-10-10,34,quantile,0.5,111.0
2026-09-19,wk inc covid hosp,3,2026-10-10,34,quantile,0.55,116.0
2026-09-19,wk inc covid hosp,3,2026-10-10,34,quantile,0.6,122.0
2026-09-19,wk inc covid hosp,3,2026-10-10,34,quantile,0.65,127.0
2026-09-19,wk inc covid hosp,3,2026-10-10,34,quantile,0.7,135.0
2026-09-19,wk inc covid hosp,3,2026-10-10,34,quantile,0.75,140.0
2026-09-19,wk inc covid hosp,3,2026-10-10,34,quantile,0.8,149.0
2026-09-19,wk inc covid hosp,3,2026-10-10,34,quantile,0.85,159.0
2026-09-19,wk inc covid hosp,3,2026-10-10,34,quantile,0.9,174.0
2026-09-19,wk inc covid hosp,3,2026-10-10,34,quantile,0.95,195.0
2026-09-19,wk inc covid hosp,3,2026-10-10,34,quantile,0.975,224.0
2026-09-19,wk inc covid hosp,3,2026-10-10,34,quantile,0.99,251.0
2026-09-19,wk inc covid hosp,3,2026-10-10,35,quantile,0.01,0.0
2026-09-19,wk inc covid hosp,3,2026-10-10,35,quantile,0.025,2.0
2026-09-19,wk inc covid hosp,3,2026-10-10,35,quantile,0.05,4.0
2026-09-19,wk inc covid hosp,3,2026-10-10,35,quantile,0.1,7.0
2026-09-19,wk inc covid hosp,3,2026-10-10,35,quantile,0.15,9.0
2026-09-19,wk inc covid hosp,3,2026-10-10,35,quantile,0.2,11.0
2026-09-19,wk inc covid hosp,3,2026-10-10,35,quantile,0.25,13.0
2026-09-19,wk inc covid hosp,3,2026-10-10,35,quantile,0.3,15.0
2026-09-19,wk inc covid hosp,3,2026-10-10,35,quantile,0.35,16.0
2026-09-19,wk inc covid hosp,3,2026-10-10,35,quantile,0.4,18.0
2026-09-19,wk inc covid hosp,3,2026-10-10,35,quantile,0.45,20.0
2026-09-19,wk inc covid hosp,3,2026-10-10,35,quantile,0.5,21.0
2026-09-19,wk inc covid hosp,3,2026-10-10,35,quantile,0.55,23.0
2026-09-19,wk inc covid hosp,3,2026-10-10,35,quantile,0.6,25.0
2026-09-19,wk inc covid hosp,3,2026-10-10,35,quantile,0.65,27.0
2026-09-19,wk inc covid hosp,3,2026-10-10,35,quantile,0.7,30.0
2026-09-19,wk inc covid hosp,3,2026-10-10,35,quantile,0.75,32.0
2026-09-19,wk inc covid hosp,3,2026-10-10,35,quantile,0.8,36.0
2026-09-19,wk inc covid hosp,3,2026-10-10,35,quantile,0.85,41.0
2026-09-19,wk inc covid hosp,3,2026-10-10,35,quantile,0.9,47.0
2026-09-19,wk inc covid hosp,3,2026-10-10,35,quantile,0.95,59.0
2026-09-19,wk inc covid hosp,3,2026-10-10,35,quantile,0.975,71.0
2026-09-19,wk inc covid hosp,3,2026-10-10,35,quantile,0.99,83.0
2026-09-19,wk inc covid hosp,3,2026-10-10,36,quantile,0.01,138.0
2026-09-19,wk inc covid hosp,3,2026-10-10,36,quantile,0.025,150.0
2026-09-19,wk inc covid hosp,3,2026-10-10,36,quantile,0.05,161.0
2026-09-19,wk inc covid hosp,3,2026-10-10,36,quantile,0.1,173.0
2026-09-19,wk inc covid hosp,3,2026-10-10,36,quantile,0.15,183.0
2026-09-19,wk inc covid hosp,3,2026-10-10,36,quantile,0.2,193.0
2026-09-19,wk inc covid hosp,3,2026-10-10,36,quantile,0.25,201.0
2026-09-19,wk inc covid hosp,3,2026-10-10,36,quantile,0.3,207.0
2026-09-19,wk inc covid hosp,3,2026-10-10,36,quantile,0.35,213.0
2026-09-19,wk inc covid hosp,3,2026-10-10,36,quantile,0.4,220.0
2026-09-19,wk inc covid hosp,3,2026-10-10,36,quantile,0.45,226.0
2026-09-19,wk inc covid hosp,3,2026-10-10,36,quantile,0.5,232.0
2026-09-19,wk inc covid hosp,3,2026-10-10,36,quantile,0.55,239.0
2026-09-19,wk inc covid hosp,3,2026-10-10,36,quantile,0.6,247.0
2026-09-19,wk inc covid hosp,3,2026-10-10,36,quantile,0.65,255.0
2026-09-19,wk inc covid hosp,3,2026-10-10,36,quantile,0.7,264.0
2026-09-19,wk inc covid hosp,3,2026-10-10,36,quantile,0.75,271.0
2026-09-19,wk inc covid hosp,3,2026-10-10,36,quantile,0.8,282.0
2026-09-19,wk inc covid hosp,3,2026-10-10,36,quantile,0.85,294.0
2026-09-19,wk inc covid hosp,3,2026-10-10,36,quantile,0.9,312.0
2026-09-19,wk inc covid hosp,3,2026-10-10,36,quantile,0.95,337.0
2026-09-19,wk inc covid hosp,3,2026-10-10,36,quantile,0.975,362.0
2026-09-19,wk inc covid hosp,3,2026-10-10,36,quantile,0.99,391.0
2026-09-19,wk inc covid hosp,3,2026-10-10,37,quantile,0.01,18.0
2026-09-19,wk inc covid hosp,3,2026-10-10,37,quantile,0.025,34.0
2026-09-19,wk inc covid hosp,3,2026-10-10,37,quantile,0.05,52.0
2026-09-19,wk inc covid hosp,3,2026-10-10,37,quantile,0.1,67.0
2026-09-19,wk inc covid hosp,3,2026-10-10,37,quantile,0.15,79.0
2026-09-19,wk inc covid hosp,3,2026-10-10,37,quantile,0.2,87.0
2026-09-19,wk inc covid hosp,3,2026-10-10,37,quantile,0.25,94.0
2026-09-19,wk inc covid hosp,3,2026-10-10,37,quantile,0.3,102.0
2026-09-19,wk inc covid hosp,3,2026-10-10,37,quantile,0.35,109.0
2026-09-19,wk inc covid hosp,3,2026-10-10,37,quantile,0.4,117.0
2026-09-19,wk inc covid hosp,3,2026-10-10,37,quantile,0.45,124.0
2026-09-19,wk inc covid hosp,3,2026-10-10,37,quantile,0.5,132.0
2026-09-19,wk inc covid hosp,3,2026-10-10,37,quantile,0.55,139.0
2026-09-19,wk inc covid hosp,3,2026-10-10,37,quantile,0.6,146.0
2026-09-19,wk inc covid hosp,3,2026-10-10,37,quantile,0.65,154.0
2026-09-19,wk inc covid hosp,3,2026-10-10,37,quantile,0.7,164.0
2026-09-19,wk inc covid hosp,3,2026-10-10,37,quantile,0.75,178.0
2026-09-19,wk inc covid hosp,3,2026-10-10,37,quantile,0.8,194.0
2026-09-19,wk inc covid hosp,3,2026-10-10,37,quantile,0.85,212.0
2026-09-19,wk inc covid hosp,3,2026-10-10,37,quantile,0.9,237.0
2026-09-19,wk inc covid hosp,3,2026-10-10,37,quantile,0.95,281.0
2026-09-19,wk inc covid hosp,3,2026-10-10,37,quantile,0.975,327.0
2026-09-19,wk inc covid hosp,3,2026-10-10,37,quantile,0.99,375.0
2026-09-19,wk inc covid hosp,3,2026-10-10,38,quantile,0.01,0.0
2026-09-19,wk inc covid hosp,3,2026-10-10,38,quantile,0.025,0.0
2026-09-19,wk inc covid hosp,3,2026-10-10,38,quantile,0.05,0.0
2026-09-19,wk inc covid hosp,3,2026-10-10,38,quantile,0.1,0.0
2026-09-19,wk inc covid hosp,3,2026-10-10,38,quantile,0.15,0.0
2026-09-19,wk inc covid hosp,3,2026-10-10,38,quantile,0.2,0.0
2026-09-19,wk inc covid hosp,3,2026-10-10,38,quantile,0.25,0.0
2026-09-19,wk inc covid hosp,3,2026-10-10,38,quantile,0.3,1.0
2026-09-19,wk inc covid hosp,3,2026-10-10,38,quantile,0.35,2.0
2026-09-19,wk inc covid hosp,3,2026-10-10,38,quantile,0.4,2.0
2026-09-19,wk inc covid hosp,3,2026-10-10,38,quantile,0.45,3.0
2026-09-19,wk inc covid hosp,3,2026-10-10,38,quantile,0.5,4.0
2026-09-19,wk inc covid hosp,3,2026-10-10,38,quantile,0.55,4.0
2026-09-19,wk inc covid hosp,3,2026-10-10,38,quantile,0.6,5.0
2026-09-19,wk inc covid hosp,3,2026-10-10,38,quantile,0.65,6.0
2026-09-19,wk inc covid hosp,3,2026-10-10,38,quantile,0.7,7.0
2026-09-19,wk inc covid hosp,3,2026-10-10,38,quantile,0.75,8.0
2026-09-19,wk inc covid hosp,3,2026-10-10,38,quantile,0.8,10.0
2026-09-19,wk inc covid hosp,3,2026-10-10,38,quantile,0.85,12.0
2026-09-19,wk inc covid hosp,3,2026-10-10,38,quantile,0.9,15.0
2026-09-19,wk inc covid hosp,3,2026-10-10,38,quantile,0.95,24.0
2026-09-19,wk inc covid hosp,3,2026-10-10,38,quantile,0.975,39.0
2026-09-19,wk inc covid hosp,3,2026-10-10,38,quantile,0.99,58.0
2026-09-19,wk inc covid hosp,3,2026-10-10,39,quantile,0.01,0.0
2026-09-19,wk inc covid hosp,3,2026-10-10,39,quantile,0.025,0.0
2026-09-19,wk inc covid hosp,3,2026-10-10,39,quantile,0.05,8.0
2026-09-19,wk inc covid hosp,3,2026-10-10,39,quantile,0.1,22.0
2026-09-19,wk inc covid hosp,3,2026-10-10,39,quantile,0.15,32.0
2026-09-19,wk inc covid hosp,3,2026-10-10,39,quantile,0.2,41.0
2026-09-19,wk inc covid hosp,3,2026-10-10,39,quantile,0.25,48.0
2026-09-19,wk inc covid hosp,3,2026-10-10,39,quantile,0.3,54.0
2026-09-19,wk inc covid hosp,3,2026-10-10,39,quantile,0.35,60.0
2026-09-19,wk inc covid hosp,3,2026-10-10,39,quantile,0.4,65.0
2026-09-19,wk inc covid hosp,3,2026-10-10,39,quantile,0.45,71.0
2026-09-19,wk inc covid hosp,3,2026-10-10,39,quantile,0.5,77.0
2026-09-19,wk inc covid hosp,3,2026-10-10,39,quantile,0.55,85.0
2026-09-19,wk inc covid hosp,3,2026-10-10,39,quantile,0.6,92.0
2026-09-19,wk inc covid hosp,3,2026-10-10,39,quantile,0.65,98.0
2026-09-19,wk inc covid hosp,3,2026-10-10,39,quantile,0.7,105.0
2026-09-19,wk inc covid hosp,3,2026-10-10,39,quantile,0.75,115.0
2026-09-19,wk inc covid hosp,3,2026-10-10,39,quantile,0.8,129.0
2026-09-19,wk inc covid hosp,3,2026-10-10,39,quantile,0.85,142.0
2026-09-19,wk inc covid hosp,3,2026-10-10,39,quantile,0.9,161.0
2026-09-19,wk inc covid hosp,3,2026-10-10,39,quantile,0.95,193.0
2026-09-19,wk inc covid hosp,3,2026-10-10,39,quantile,0.975,217.0
2026-09-19,wk inc covid hosp,3,2026-10-10,39,quantile,0.99,266.0
2026-09-19,wk inc covid hosp,3,2026-10-10,40,quantile,0.01,0.0
2026-09-19,wk inc covid hosp,3,2026-10-10,40,quantile,0.025,0.0
2026-09-19,wk inc covid hosp,3,2026-10-10,40,quantile,0.05,0.0
2026-09-19,wk inc covid hosp,3,2026-10-10,40,quantile,0.1,2.0
2026-09-19,wk inc covid hosp,3,2026-10-10,40,quantile,0.15,5.0
2026-09-19,wk inc covid hosp,3,2026-10-10,40,quantile,0.2,8.0
2026-09-19,wk inc covid hosp,3,2026-10-10,40,quantile,0.25,11.0
2026-09-19,wk inc covid hosp,3,2026-10-10,40,quantile,0.3,13.0
2026-09-19,wk inc covid hosp,3,2026-10-10,40,quantile,0.35,15.0
2026-09-19,wk inc covid hosp,3,2026-10-10,40,quantile,0.4,17.0
2026-09-19,wk inc covid hosp,3,2026-10-10,40,quantile,0.45,19.0
2026-09-19,wk inc covid hosp,3,2026-10-10,40,quantile,0.5,22.0
2026-09-19,wk inc covid hosp,3,2026-10-10,40,quantile,0.55,24.0
2026-09-19,wk inc covid hosp,3,2026-10-10,40,quantile,0.6,27.0
2026-09-19,wk inc covid hosp,3,2026-10-10,40,quantile,0.65,29.0
2026-09-19,wk inc covid hosp,3,2026-10-10,40,quantile,0.7,33.0
2026-09-19,wk inc covid hosp,3,2026-10-10,40,quantile,0.75,36.0
2026-09-19,wk inc covid hosp,3,2026-10-10,40,quantile,0.8,40.0
2026-09-19,wk inc covid hosp,3,2026-10-10,40,quantile,0.85,45.0
2026-09-19,wk inc covid hosp,3,2026-10-10,40,quantile,0.9,54.0
2026-09-19,wk inc covid hosp,3,2026-10-10,40,quantile,0.95,70.0
2026-09-19,wk inc covid hosp,3,2026-10-10,40,quantile,0.975,88.0
2026-09-19,wk inc covid hosp,3,2026-10-10,40,quantile,0.99,113.0
2026-09-19,wk inc covid hosp,3,2026-10-10,41,quantile,0.01,0.0
2026-09-19,wk inc covid hosp,3,2026-10-10,41,quantile,0.025,2.0
2026-09-19,wk inc covid hosp,3,2026-10-10,41,quantile,0.05,4.0
2026-09-19,wk inc covid hosp,3,2026-10-10,41,quantile,0.1,7.0
2026-09-19,wk inc covid hosp,3,2026-10-10,41,quantile,0.15,9.0
2026-09-19,wk inc covid hosp,3,2026-10-10,41,quantile,0.2,11.0
2026-09-19,wk inc covid hosp,3,2026-10-10,41,quantile,0.25,12.0
2026-09-19,wk inc covid hosp,3,2026-10-10,41,quantile,0.3,14.0
2026-09-19,wk inc covid hosp,3,2026-10-10,41,quantile,0.35,15.0
2026-09-19,wk inc covid hosp,3,2026-10-10,41,quantile,0.4,16.0
2026-09-19,wk inc covid hosp,3,2026-10-10,41,quantile,0.45,17.0
2026-09-19,wk inc covid hosp,3,2026-10-10,41,quantile,0.5,18.0
2026-09-19,wk inc covid hosp,3,2026-10-10,41,quantile,0.55,19.0
2026-09-19,wk inc covid hosp,3,2026-10-10,41,quantile,0.6,21.0
2026-09-19,wk inc covid hosp,3,2026-10-10,41,quantile,0.65,22.0
2026-09-19,wk inc covid hosp,3,2026-10-10,41,quantile,0.7,24.0
2026-09-19,wk inc covid hosp,3,2026-10-10,41,quantile,0.75,25.0
2026-09-19,wk inc covid hosp,3,2026-10-10,41,quantile,0.8,27.0
2026-09-19,wk inc covid hosp,3,2026-10-10,41,quantile,0.85,30.0
2026-09-19,wk inc covid hosp,3,2026-10-10,41,quantile,0.9,32.0
2026-09-19,wk inc covid hosp,3,2026-10-10,41,quantile,0.95,38.0
2026-09-19,wk inc covid hosp,3,2026-10-10,41,quantile,0.975,45.0
2026-09-19,wk inc covid hosp,3,2026-10-10,41,quantile,0.99,52.0
2026-09-19,wk inc covid hosp,3,2026-10-10,42,quantile,0.01,0.0
2026-09-19,wk inc covid hosp,3,2026-10-10,42,quantile,0.025,20.0
2026-09-19,wk inc covid hosp,3,2026-10-10,42,quantile,0.05,41.0
2026-09-19,wk inc covid hosp,3,2026-10-10,42,quantile,0.1,67.0
2026-09-19,wk inc covid hosp,3,2026-10-10,42,quantile,0.15,82.0
2026-09-19,wk inc covid hosp,3,2026-10-10,42,quantile,0.2,96.0
2026-09-19,wk inc covid hosp,3,2026-10-10,42,quantile,0.25,110.0
2026-09-19,wk inc covid hosp,3,2026-10-10,42,quantile,0.3,120.0
2026-09-19,wk inc covid hosp,3,2026-10-10,42,quantile,0.35,132.0
2026-09-19,wk inc covid hosp,3,2026-10-10,42,quantile,0.4,143.0
2026-09-19,wk inc covid hosp,3,2026-10-10,42,quantile,0.45,156.0
2026-09-19,wk inc covid hosp,3,2026-10-10,42,quantile,0.5,167.0
2026-09-19,wk inc covid hosp,3,2026-10-10,42,quantile,0.55,179.0
2026-09-19,wk inc covid hosp,3,2026-10-10,42,quantile,0.6,191.0
2026-09-19,wk inc covid hosp,3,2026-10-10,42,quantile,0.65,205.0
2026-09-19,wk inc covid hosp,3,2026-10-10,42,quantile,0.7,220.0
2026-09-19,wk inc covid hosp,3,2026-10-10,42,quantile,0.75,237.0
2026-09-19,wk inc covid hosp,3,2026-10-10,42,quantile,0.8,255.0
2026-09-19,wk inc covid hosp,3,2026-10-10,42,quantile,0.85,285.0
2026-09-19,wk inc covid hosp,3,2026-10-10,42,quantile,0.9,316.0
2026-09-19,wk inc covid hosp,3,2026-10-10,42,quantile,0.95,368.0
2026-09-19,wk inc covid hosp,3,2026-10-10,42,quantile,0.975,430.0
2026-09-19,wk inc covid hosp,3,2026-10-10,42,quantile,0.99,482.0
2026-09-19,wk inc covid hosp,3,2026-10-10,44,quantile,0.01,0.0
2026-09-19,wk inc covid hosp,3,2026-10-10,44,quantile,0.025,0.0
2026-09-19,wk inc covid hosp,3,2026-10-10,44,quantile,0.05,0.0
2026-09-19,wk inc covid hosp,3,2026-10-10,44,quantile,0.1,0.0
2026-09-19,wk inc covid hosp,3,2026-10-10,44,quantile,0.15,1.0
2026-09-19,wk inc covid hosp,3,2026-10-10,44,quantile,0.2,2.0
2026-09-19,wk inc covid hosp,3,2026-10-10,44,quantile,0.25,3.0
2026-09-19,wk inc covid hosp,3,2026-10-10,44,quantile,0.3,5.0
2026-09-19,wk inc covid hosp,3,2026-10-10,44,quantile,0.35,6.0
2026-09-19,wk inc covid hosp,3,2026-10-10,44,quantile,0.4,7.0
2026-09-19,wk inc covid hosp,3,2026-10-10,44,quantile,0.45,8.0
2026-09-19,wk inc covid hosp,3,2026-10-10,44,quantile,0.5,9.0
2026-09-19,wk inc covid hosp,3,2026-10-10,44,quantile,0.55,10.0
2026-09-19,wk inc covid hosp,3,2026-10-10,44,quantile,0.6,11.0
2026-09-19,wk inc covid hosp,3,2026-10-10,44,quantile,0.65,13.0
2026-09-19,wk inc covid hosp,3,2026-10-10,44,quantile,0.7,14.0
2026-09-19,wk inc covid hosp,3,2026-10-10,44,quantile,0.75,16.0
2026-09-19,wk inc covid hosp,3,2026-10-10,44,quantile,0.8,18.0
2026-09-19,wk inc covid hosp,3,2026-10-10,44,quantile,0.85,20.0
2026-09-19,wk inc covid hosp,3,2026-10-10,44,quantile,0.9,23.0
2026-09-19,wk inc covid hosp,3,2026-10-10,44,quantile,0.95,30.0
2026-09-19,wk inc covid hosp,3,2026-10-10,44,quantile,0.975,37.0
2026-09-19,wk inc covid hosp,3,2026-10-10,44,quantile,0.99,48.0
2026-09-19,wk inc covid hosp,3,2026-10-10,45,quantile,0.01,2.0
2026-09-19,wk inc covid hosp,3,2026-10-10,45,quantile,0.025,10.0
2026-09-19,wk inc covid hosp,3,2026-10-10,45,quantile,0.05,16.0
2026-09-19,wk inc covid hosp,3,2026-10-10,45,quantile,0.1,22.0
2026-09-19,wk inc covid hosp,3,2026-10-10,45,quantile,0.15,26.0
2026-09-19,wk inc covid hosp,3,2026-10-10,45,quantile,0.2,30.0
2026-09-19,wk inc covid hosp,3,2026-10-10,45,quantile,0.25,33.0
2026-09-19,wk inc covid hosp,3,2026-10-10,45,quantile,0.3,37.0
2026-09-19,wk inc covid hosp,3,2026-10-10,45,quantile,0.35,40.0
2026-09-19,wk inc covid hosp,3,2026-10-10,45,quantile,0.4,43.0
2026-09-19,wk inc covid hosp,3,2026-10-10,45,quantile,0.45,46.0
2026-09-19,wk inc covid hosp,3,2026-10-10,45,quantile,0.5,50.0
2026-09-19,wk inc covid hosp,3,2026-10-10,45,quantile,0.55,54.0
2026-09-19,wk inc covid hosp,3,2026-10-10,45,quantile,0.6,57.0
2026-09-19,wk inc covid hosp,3,2026-10-10,45,quantile,0.65,61.0
2026-09-19,wk inc covid hosp,3,2026-10-10,45,quantile,0.7,66.0
2026-09-19,wk inc covid hosp,3,2026-10-10,45,quantile,0.75,71.0
2026-09-19,wk inc covid hosp,3,2026-10-10,45,quantile,0.8,79.0
2026-09-19,wk inc covid hosp,3,2026-10-10,45,quantile,0.85,89.0
2026-09-19,wk inc covid hosp,3,2026-10-10,45,quantile,0.9,102.0
2026-09-19,wk inc covid hosp,3,2026-10-10,45,quantile,0.95,133.0
2026-09-19,wk inc covid hosp,3,2026-10-10,45,quantile,0.975,169.0
2026-09-19,wk inc covid hosp,3,2026-10-10,45,quantile,0.99,228.0
2026-09-19,wk inc covid hosp,3,2026-10-10,46,quantile,0.01,0.0
2026-09-19,wk inc covid hosp,3,2026-10-10,46,quantile,0.025,0.0
2026-09-19,wk inc covid hosp,3,2026-10-10,46,quantile,0.05,0.0
2026-09-19,wk inc covid hosp,3,2026-10-10,46,quantile,0.1,0.0
2026-09-19,wk inc covid hosp,3,2026-10-10,46,quantile,0.15,1.0
2026-09-19,wk inc covid hosp,3,2026-10-10,46,quantile,0.2,1.0
2026-09-19,wk inc covid hosp,3,2026-10-10,46,quantile,0.25,2.0
2026-09-19,wk inc covid hosp,3,2026-10-10,46,quantile,0.3,3.0
2026-09-19,wk inc covid hosp,3,2026-10-10,46,quantile,0.35,3.0
2026-09-19,wk inc covid hosp,3,2026-10-10,46,quantile,0.4,4.0
2026-09-19,wk inc covid hosp,3,2026-10-10,46,quantile,0.45,5.0
2026-09-19,wk inc covid hosp,3,2026-10-10,46,quantile,0.5,5.0
2026-09-19,wk inc covid hosp,3,2026-10-10,46,quantile,0.55,6.0
2026-09-19,wk inc covid hosp,3,2026-10-10,46,quantile,0.6,7.0
2026-09-19,wk inc covid hosp,3,2026-10-10,46,quantile,0.65,8.0
2026-09-19,wk inc covid hosp,3,2026-10-10,46,quantile,0.7,9.0
2026-09-19,wk inc covid hosp,3,2026-10-10,46,quantile,0.75,10.0
2026-09-19,wk inc covid hosp,3,2026-10-10,46,quantile,0.8,12.0
2026-09-19,wk inc covid hosp,3,2026-10-10,46,quantile,0.85,14.0
2026-09-19,wk inc covid hosp,3,2026-10-10,46,quantile,0.9,16.0
2026-09-19,wk inc covid hosp,3,2026-10-10,46,quantile,0.95,22.0
2026-09-19,wk inc covid hosp,3,2026-10-10,46,quantile,0.975,28.0
2026-09-19,wk inc covid hosp,3,2026-10-10,46,quantile,0.99,35.0
2026-09-19,wk inc covid hosp,3,2026-10-10,47,quantile,0.01,20.0
2026-09-19,wk inc covid hosp,3,2026-10-10,47,quantile,0.025,26.0
2026-09-19,wk inc covid hosp,3,2026-10-10,47,quantile,0.05,32.0
2026-09-19,wk inc covid hosp,3,2026-10-10,47,quantile,0.1,38.0
2026-09-19,wk inc covid hosp,3,2026-10-10,47,quantile,0.15,44.0
2026-09-19,wk inc covid hosp,3,2026-10-10,47,quantile,0.2,48.0
2026-09-19,wk inc covid hosp,3,2026-10-10,47,quantile,0.25,52.0
2026-09-19,wk inc covid hosp,3,2026-10-10,47,quantile,0.3,55.0
2026-09-19,wk inc covid hosp,3,2026-10-10,47,quantile,0.35,59.0
2026-09-19,wk inc covid hosp,3,2026-10-10,47,quantile,0.4,62.0
2026-09-19,wk inc covid hosp,3,2026-10-10,47,quantile,0.45,65.0
2026-09-19,wk inc covid hosp,3,2026-10-10,47,quantile,0.5,69.0
2026-09-19,wk inc covid hosp,3,2026-10-10,47,quantile,0.55,72.0
2026-09-19,wk inc covid hosp,3,2026-10-10,47,quantile,0.6,76.0
2026-09-19,wk inc covid hosp,3,2026-10-10,47,quantile,0.65,80.0
2026-09-19,wk inc covid hosp,3,2026-10-10,47,quantile,0.7,84.0
2026-09-19,wk inc covid hosp,3,2026-10-10,47,quantile,0.75,89.0
2026-09-19,wk inc covid hosp,3,2026-10-10,47,quantile,0.8,94.0
2026-09-19,wk inc covid hosp,3,2026-10-10,47,quantile,0.85,101.0
2026-09-19,wk inc covid hosp,3,2026-10-10,47,quantile,0.9,111.0
2026-09-19,wk inc covid hosp,3,2026-10-10,47,quantile,0.95,130.0
2026-09-19,wk inc covid hosp,3,2026-10-10,47,quantile,0.975,151.0
2026-09-19,wk inc covid hosp,3,2026-10-10,47,quantile,0.99,175.0
2026-09-19,wk inc covid hosp,3,2026-10-10,48,quantile,0.01,155.0
2026-09-19,wk inc covid hosp,3,2026-10-10,48,quantile,0.025,177.0
2026-09-19,wk inc covid hosp,3,2026-10-10,48,quantile,0.05,205.0
2026-09-19,wk inc covid hosp,3,2026-10-10,48,quantile,0.1,234.0
2026-09-19,wk inc covid hosp,3,2026-10-10,48,quantile,0.15,254.0
2026-09-19,wk inc covid hosp,3,2026-10-10,48,quantile,0.2,273.0
2026-09-19,wk inc covid hosp,3,2026-10-10,48,quantile,0.25,290.0
2026-09-19,wk inc covid hosp,3,2026-10-10,48,quantile,0.3,304.0
2026-09-19,wk inc covid hosp,3,2026-10-10,48,quantile,0.35,323.0
2026-09-19,wk inc covid hosp,3,2026-10-10,48,quantile,0.4,337.0
2026-09-19,wk inc covid hosp,3,2026-10-10,48,quantile,0.45,355.0
2026-09-19,wk inc covid hosp,3,2026-10-10,48,quantile,0.5,373.0
2026-09-19,wk inc covid hosp,3,2026-10-10,48,quantile,0.55,391.0
2026-09-19,wk inc covid hosp,3,2026-10-10,48,quantile,0.6,409.0
2026-09-19,wk inc covid hosp,3,2026-10-10,48,quantile,0.65,434.0
2026-09-19,wk inc covid hosp,3,2026-10-10,48,quantile,0.7,453.0
2026-09-19,wk inc covid hosp,3,2026-10-10,48,quantile,0.75,483.0
2026-09-19,wk inc covid hosp,3,2026-10-10,48,quantile,0.8,512.0
2026-09-19,wk inc covid hosp,3,2026-10-10,48,quantile,0.85,553.0
2026-09-19,wk inc covid hosp,3,2026-10-10,48,quantile,0.9,609.0
2026-09-19,wk inc covid hosp,3,2026-10-10,48,quantile,0.95,707.0
2026-09-19,wk inc covid hosp,3,2026-10-10,48,quantile,0.975,786.0
2026-09-19,wk inc covid hosp,3,2026-10-10,48,quantile,0.99,897.0
2026-09-19,wk inc covid hosp,3,2026-10-10,49,quantile,0.01,0.0
2026-09-19,wk inc covid hosp,3,2026-10-10,49,quantile,0.025,0.0
2026-09-19,wk inc covid hosp,3,2026-10-10,49,quantile,0.05,0.0
2026-09-19,wk inc covid hosp,3,2026-10-10,49,quantile,0.1,1.0
2026-09-19,wk inc covid hosp,3,2026-10-10,49,quantile,0.15,2.0
2026-09-19,wk inc covid hosp,3,2026-10-10,49,quantile,0.2,4.0
2026-09-19,wk inc covid hosp,3,2026-10-10,49,quantile,0.25,5.0
2026-09-19,wk inc covid hosp,3,2026-10-10,49,quantile,0.3,5.0
2026-09-19,wk inc covid hosp,3,2026-10-10,49,quantile,0.35,6.0
2026-09-19,wk inc covid hosp,3,2026-10-10,49,quantile,0.4,7.0
2026-09-19,wk inc covid hosp,3,2026-10-10,49,quantile,0.45,8.0
2026-09-19,wk inc covid hosp,3,2026-10-10,49,quantile,0.5,9.0
2026-09-19,wk inc covid hosp,3,2026-10-10,49,quantile,0.55,10.0
2026-09-19,wk inc covid hosp,3,2026-10-10,49,quantile,0.6,11.0
2026-09-19,wk inc covid hosp,3,2026-10-10,49,quantile,0.65,12.0
2026-09-19,wk inc covid hosp,3,2026-10-10,49,quantile,0.7,14.0
2026-09-19,wk inc covid hosp,3,2026-10-10,49,quantile,0.75,15.0
2026-09-19,wk inc covid hosp,3,2026-10-10,49,quantile,0.8,17.0
2026-09-19,wk inc covid hosp,3,2026-10-10,49,quantile,0.85,19.0
2026-09-19,wk inc covid hosp,3,2026-10-10,49,quantile,0.9,22.0
2026-09-19,wk inc covid hosp,3,2026-10-10,49,quantile,0.95,27.0
2026-09-19,wk inc covid hosp,3,2026-10-10,49,quantile,0.975,32.0
2026-09-19,wk inc covid hosp,3,2026-10-10,49,quantile,0.99,41.0
2026-09-19,wk inc covid hosp,3,2026-10-10,50,quantile,0.01,0.0
2026-09-19,wk inc covid hosp,3,2026-10-10,50,quantile,0.025,0.0
2026-09-19,wk inc covid hosp,3,2026-10-10,50,quantile,0.05,0.0
2026-09-19,wk inc covid hosp,3,2026-10-10,50,quantile,0.1,0.0
2026-09-19,wk inc covid hosp,3,2026-10-10,50,quantile,0.15,0.0
2026-09-19,wk inc covid hosp,3,2026-10-10,50,quantile,0.2,1.0
2026-09-19,wk inc covid hosp,3,2026-10-10,50,quantile,0.25,1.0
2026-09-19,wk inc covid hosp,3,2026-10-10,50,quantile,0.3,2.0
2026-09-19,wk inc covid hosp,3,2026-10-10,50,quantile,0.35,2.0
2026-09-19,wk inc covid hosp,3,2026-10-10,50,quantile,0.4,3.0
2026-09-19,wk inc covid hosp,3,2026-10-10,50,quantile,0.45,3.0
2026-09-19,wk inc covid hosp,3,2026-10-10,50,quantile,0.5,4.0
2026-09-19,wk inc covid hosp,3,2026-10-10,50,quantile,0.55,4.0
2026-09-19,wk inc covid hosp,3,2026-10-10,50,quantile,0.6,5.0
2026-09-19,wk inc covid hosp,3,2026-10-10,50,quantile,0.65,5.0
2026-09-19,wk inc covid hosp,3,2026-10-10,50,quantile,0.7,6.0
2026-09-19,wk inc covid hosp,3,2026-10-10,50,quantile,0.75,7.0
2026-09-19,wk inc covid hosp,3,2026-10-10,50,quantile,0.8,9.0
2026-09-19,wk inc covid hosp,3,2026-10-10,50,quantile,0.85,10.0
2026-09-19,wk inc covid hosp,3,2026-10-10,50,quantile,0.9,13.0
2026-09-19,wk inc covid hosp,3,2026-10-10,50,quantile,0.95,19.0
2026-09-19,wk inc covid hosp,3,2026-10-10,50,quantile,0.975,28.0
2026-09-19,wk inc covid hosp,3,2026-10-10,50,quantile,0.99,44.0
2026-09-19,wk inc covid hosp,3,2026-10-10,51,quantile,0.01,0.0
2026-09-19,wk inc covid hosp,3,2026-10-10,51,quantile,0.025,0.0
2026-09-19,wk inc covid hosp,3,2026-10-10,51,quantile,0.05,0.0
2026-09-19,wk inc covid hosp,3,2026-10-10,51,quantile,0.1,0.0
2026-09-19,wk inc covid hosp,3,2026-10-10,51,quantile,0.15,3.0
2026-09-19,wk inc covid hosp,3,2026-10-10,51,quantile,0.2,7.0
2026-09-19,wk inc covid hosp,3,2026-10-10,51,quantile,0.25,11.0
2026-09-19,wk inc covid hosp,3,2026-10-10,51,quantile,0.3,14.0
2026-09-19,wk inc covid hosp,3,2026-10-10,51,quantile,0.35,17.0
2026-09-19,wk inc covid hosp,3,2026-10-10,51,quantile,0.4,20.0
2026-09-19,wk inc covid hosp,3,2026-10-10,51,quantile,0.45,23.0
2026-09-19,wk inc covid hosp,3,2026-10-10,51,quantile,0.5,26.0
2026-09-19,wk inc covid hosp,3,2026-10-10,51,quantile,0.55,29.0
2026-09-19,wk inc covid hosp,3,2026-10-10,51,quantile,0.6,32.0
2026-09-19,wk inc covid hosp,3,2026-10-10,51,quantile,0.65,35.0
2026-09-19,wk inc covid hosp,3,2026-10-10,51,quantile,0.7,39.0
2026-09-19,wk inc covid hosp,3,2026-10-10,51,quantile,0.75,42.0
2026-09-19,wk inc covid hosp,3,2026-10-10,51,quantile,0.8,47.0
2026-09-19,wk inc covid hosp,3,2026-10-10,51,quantile,0.85,52.0
2026-09-19,wk inc covid hosp,3,2026-10-10,51,quantile,0.9,58.0
2026-09-19,wk inc covid hosp,3,2026-10-10,51,quantile,0.95,68.0
2026-09-19,wk inc covid hosp,3,2026-10-10,51,quantile,0.975,76.0
2026-09-19,wk inc covid hosp,3,2026-10-10,51,quantile,0.99,87.0
2026-09-19,wk inc covid hosp,3,2026-10-10,53,quantile,0.01,6.0
2026-09-19,wk inc covid hosp,3,2026-10-10,53,quantile,0.025,13.0
2026-09-19,wk inc covid hosp,3,2026-10-10,53,quantile,0.05,19.0
2026-09-19,wk inc covid hosp,3,2026-10-10,53,quantile,0.1,27.0
2026-09-19,wk inc covid hosp,3,2026-10-10,53,quantile,0.15,34.0
2026-09-19,wk inc covid hosp,3,2026-10-10,53,quantile,0.2,38.0
2026-09-19,wk inc covid hosp,3,2026-10-10,53,quantile,0.25,43.0
2026-09-19,wk inc covid hosp,3,2026-10-10,53,quantile,0.3,47.0
2026-09-19,wk inc covid hosp,3,2026-10-10,53,quantile,0.35,52.0
2026-09-19,wk inc covid hosp,3,2026-10-10,53,quantile,0.4,56.0
2026-09-19,wk inc covid hosp,3,2026-10-10,53,quantile,0.45,60.0
2026-09-19,wk inc covid hosp,3,2026-10-10,53,quantile,0.5,65.0
2026-09-19,wk inc covid hosp,3,2026-10-10,53,quantile,0.55,71.0
2026-09-19,wk inc covid hosp,3,2026-10-10,53,quantile,0.6,77.0
2026-09-19,wk inc covid hosp,3,2026-10-10,53,quantile,0.65,83.0
2026-09-19,wk inc covid hosp,3,2026-10-10,53,quantile,0.7,91.0
2026-09-19,wk inc covid hosp,3,2026-10-10,53,quantile,0.75,101.0
2026-09-19,wk inc covid hosp,3,2026-10-10,53,quantile,0.8,113.0
2026-09-19,wk inc covid hosp,3,2026-10-10,53,quantile,0.85,128.0
2026-09-19,wk inc covid hosp,3,2026-10-10,53,quantile,0.9,154.0
2026-09-19,wk inc covid hosp,3,2026-10-10,53,quantile,0.95,194.0
2026-09-19,wk inc covid hosp,3,2026-10-10,53,quantile,0.975,243.0
2026-09-19,wk inc covid hosp,3,2026-10-10,53,quantile,0.99,304.0
2026-09-19,wk inc covid hosp,3,2026-10-10,54,quantile,0.01,0.0
2026-09-19,wk inc covid hosp,3,2026-10-10,54,quantile,0.025,0.0
2026-09-19,wk inc covid hosp,3,2026-10-10,54,quantile,0.05,0.0
2026-09-19,wk inc covid hosp,3,2026-10-10,54,quantile,0.1,0.0
2026-09-19,wk inc covid hosp,3,2026-10-10,54,quantile,0.15,1.0
2026-09-19,wk inc covid hosp,3,2026-10-10,54,quantile,0.2,2.0
2026-09-19,wk inc covid hosp,3,2026-10-10,54,quantile,0.25,4.0
2026-09-19,wk inc covid hosp,3,2026-10-10,54,quantile,0.3,5.0
2026-09-19,wk inc covid hosp,3,2026-10-10,54,quantile,0.35,7.0
2026-09-19,wk inc covid hosp,3,2026-10-10,54,quantile,0.4,8.0
2026-09-19,wk inc covid hosp,3,2026-10-10,54,quantile,0.45,9.0
2026-09-19,wk inc covid hosp,3,2026-10-10,54,quantile,0.5,10.0
2026-09-19,wk inc covid hosp,3,2026-10-10,54,quantile,0.55,12.0
2026-09-19,wk inc covid hosp,3,2026-10-10,54,quantile,0.6,13.0
2026-09-19,wk inc covid hosp,3,2026-10-10,54,quantile,0.65,15.0
2026-09-19,wk inc covid hosp,3,2026-10-10,54,quantile,0.7,17.0
2026-09-19,wk inc covid hosp,3,2026-10-10,54,quantile,0.75,19.0
2026-09-19,wk inc covid hosp,3,2026-10-10,54,quantile,0.8,21.0
2026-09-19,wk inc covid hosp,3,2026-10-10,54,quantile,0.85,23.0
2026-09-19,wk inc covid hosp,3,2026-10-10,54,quantile,0.9,28.0
2026-09-19,wk inc covid hosp,3,2026-10-10,54,quantile,0.95,35.0
2026-09-19,wk inc covid hosp,3,2026-10-10,54,quantile,0.975,43.0
2026-09-19,wk inc covid hosp,3,2026-10-10,54,quantile,0.99,54.0
2026-09-19,wk inc covid hosp,3,2026-10-10,55,quantile,0.01,0.0
2026-09-19,wk inc covid hosp,3,2026-10-10,55,quantile,0.025,0.0
2026-09-19,wk inc covid hosp,3,2026-10-10,55,quantile,0.05,0.0
2026-09-19,wk inc covid hosp,3,2026-10-10,55,quantile,0.1,0.0
2026-09-19,wk inc covid hosp,3,2026-10-10,55,quantile,0.15,0.0
2026-09-19,wk inc covid hosp,3,2026-10-10,55,quantile,0.2,0.0
2026-09-19,wk inc covid hosp,3,2026-10-10,55,quantile,0.25,1.0
2026-09-19,wk inc covid hosp,3,2026-10-10,55,quantile,0.3,4.0
2026-09-19,wk inc covid hosp,3,2026-10-10,55,quantile,0.35,6.0
2026-09-19,wk inc covid hosp,3,2026-10-10,55,quantile,0.4,9.0
2026-09-19,wk inc covid hosp,3,2026-10-10,55,quantile,0.45,11.0
2026-09-19,wk inc covid hosp,3,2026-10-10,55,quantile,0.5,14.0
2026-09-19,wk inc covid hosp,3,2026-10-10,55,quantile,0.55,16.0
2026-09-19,wk inc covid hosp,3,2026-10-10,55,quantile,0.6,19.0
2026-09-19,wk inc covid hosp,3,2026-10-10,55,quantile,0.65,22.0
2026-09-19,wk inc covid hosp,3,2026-10-10,55,quantile,0.7,25.0
2026-09-19,wk inc covid hosp,3,2026-10-10,55,quantile,0.75,28.0
2026-09-19,wk inc covid hosp,3,2026-10-10,55,quantile,0.8,32.0
2026-09-19,wk inc covid hosp,3,2026-10-10,55,quantile,0.85,36.0
2026-09-19,wk inc covid hosp,3,2026-10-10,55,quantile,0.9,44.0
2026-09-19,wk inc covid hosp,3,2026-10-10,55,quantile,0.95,55.0
2026-09-19,wk inc covid hosp,3,2026-10-10,55,quantile,0.975,68.0
2026-09-19,wk inc covid hosp,3,2026-10-10,55,quantile,0.99,82.0
2026-09-19,wk inc covid hosp,3,2026-10-10,56,quantile,0.01,0.0
2026-09-19,wk inc covid hosp,3,2026-10-10,56,quantile,0.025,0.0
2026-09-19,wk inc covid hosp,3,2026-10-10,56,quantile,0.05,0.0
2026-09-19,wk inc covid hosp,3,2026-10-10,56,quantile,0.1,0.0
2026-09-19,wk inc covid hosp,3,2026-10-10,56,quantile,0.15,0.0
2026-09-19,wk inc covid hosp,3,2026-10-10,56,quantile,0.2,0.0
2026-09-19,wk inc covid hosp,3,2026-10-10,56,quantile,0.25,1.0
2026-09-19,wk inc covid hosp,3,2026-10-10,56,quantile,0.3,1.0
2026-09-19,wk inc covid hosp,3,2026-10-10,56,quantile,0.35,2.0
2026-09-19,wk inc covid hosp,3,2026-10-10,56,quantile,0.4,3.0
2026-09-19,wk inc covid hosp,3,2026-10-10,56,quantile,0.45,4.0
2026-09-19,wk inc covid hosp,3,2026-10-10,56,quantile,0.5,4.0
2026-09-19,wk inc covid hosp,3,2026-10-10,56,quantile,0.55,5.0
2026-09-19,wk inc covid hosp,3,2026-10-10,56,quantile,0.6,6.0
2026-09-19,wk inc covid hosp,3,2026-10-10,56,quantile,0.65,7.0
2026-09-19,wk inc covid hosp,3,2026-10-10,56,quantile,0.7,7.0
2026-09-19,wk inc covid hosp,3,2026-10-10,56,quantile,0.75,9.0
2026-09-19,wk inc covid hosp,3,2026-10-10,56,quantile,0.8,11.0
2026-09-19,wk inc covid hosp,3,2026-10-10,56,quantile,0.85,13.0
2026-09-19,wk inc covid hosp,3,2026-10-10,56,quantile,0.9,17.0
2026-09-19,wk inc covid hosp,3,2026-10-10,56,quantile,0.95,24.0
2026-09-19,wk inc covid hosp,3,2026-10-10,56,quantile,0.975,34.0
2026-09-19,wk inc covid hosp,3,2026-10-10,56,quantile,0.99,44.0
2026-09-19,wk inc covid hosp,3,2026-10-10,72,quantile,0.01,0.0
2026-09-19,wk inc covid hosp,3,2026-10-10,72,quantile,0.025,0.0
2026-09-19,wk inc covid hosp,3,2026-10-10,72,quantile,0.05,2.0
2026-09-19,wk inc covid hosp,3,2026-10-10,72,quantile,0.1,8.0
2026-09-19,wk inc covid hosp,3,2026-10-10,72,quantile,0.15,13.0
2026-09-19,wk inc covid hosp,3,2026-10-10,72,quantile,0.2,17.0
2026-09-19,wk inc covid hosp,3,2026-10-10,72,quantile,0.25,20.0
2026-09-19,wk inc covid hosp,3,2026-10-10,72,quantile,0.3,24.0
2026-09-19,wk inc covid hosp,3,2026-10-10,72,quantile,0.35,27.0
2026-09-19,wk inc covid hosp,3,2026-10-10,72,quantile,0.4,30.0
2026-09-19,wk inc covid hosp,3,2026-10-10,72,quantile,0.45,33.0
2026-09-19,wk inc covid hosp,3,2026-10-10,72,quantile,0.5,37.0
2026-09-19,wk inc covid hosp,3,2026-10-10,72,quantile,0.55,41.0
2026-09-19,wk inc covid hosp,3,2026-10-10,72,quantile,0.6,45.0
2026-09-19,wk inc covid hosp,3,2026-10-10,72,quantile,0.65,50.0
2026-09-19,wk inc covid hosp,3,2026-10-10,72,quantile,0.7,57.0
2026-09-19,wk inc covid hosp,3,2026-10-10,72,quantile,0.75,63.0
2026-09-19,wk inc covid hosp,3,2026-10-10,72,quantile,0.8,71.0
2026-09-19,wk inc covid hosp,3,2026-10-10,72,quantile,0.85,81.0
2026-09-19,wk inc covid hosp,3,2026-10-10,72,quantile,0.9,101.0
2026-09-19,wk inc covid hosp,3,2026-10-10,72,quantile,0.95,132.0
2026-09-19,wk inc covid hosp,3,2026-10-10,72,quantile,0.975,161.0
2026-09-19,wk inc covid hosp,3,2026-10-10,72,quantile,0.99,206.0
