{
  "AdditionInstruction": 0.3333333333333333,
  "MultiplicationAdditionInstruction": 0.3333333333333333,
  "Power2Instruction": 0.3333333333333333
}
