reference_date,target,horizon,target_end_date,location,output_type,output_type_id,value
2026-10-03,wk inc covid hosp,0,2026-10-03,01,quantile,0.01,49.0
2026-10-03,wk inc covid hosp,0,2026-10-03,01,quantile,0.025,54.0
2026-10-03,wk inc covid hosp,0,2026-10-03,01,quantile,0.05,60.0
2026-10-03,wk inc covid hosp,0,2026-10-03,01,quantile,0.1,66.0
2026-10-03,wk inc covid hosp,0,2026-10-03,01,quantile,0.15,70.0
2026-10-03,wk inc covid hosp,0,2026-10-03,01,quantile,0.2,73.0
2026-10-03,wk inc covid hosp,0,2026-10-03,01,quantile,0.25,76.0
2026-10-03,wk inc covid hosp,0,2026-10-03,01,quantile,0.3,79.0
2026-10-03,wk inc covid hosp,0,2026-10-03,01,quantile,0.35,82.0
2026-10-03,wk inc covid hosp,0,2026-10-03,01,quantile,0.4,85.0
2026-10-03,wk inc covid hosp,0,2026-10-03,01,quantile,0.45,87.0
2026-10-03,wk inc covid hosp,0,2026-10-03,01,quantile,0.5,90.0
2026-10-03,wk inc covid hosp,0,2026-10-03,01,quantile,0.55,93.0
2026-10-03,wk inc covid hosp,0,2026-10-03,01,quantile,0.6,96.0
2026-10-03,wk inc covid hosp,0,2026-10-03,01,quantile,0.65,99.0
2026-10-03,wk inc covid hosp,0,2026-10-03,01,quantile,0.7,102.0
2026-10-03,wk inc covid hosp,0,2026-10-03,01,quantile,0.75,105.0
2026-10-03,wk inc covid hosp,0,2026-10-03,01,quantile,0.8,109.0
2026-10-03,wk inc covid hosp,0,2026-10-03,01,quantile,0.85,114.0
2026-10-03,wk inc covid hosp,0,2026-10-03,01,quantile,0.9,122.0
2026-10-03,wk inc covid hosp,0,2026-10-03,01,quantile,0.95,131.0
2026-10-03,wk inc covid hosp,0,2026-10-03,01,quantile,0.975,140.0
2026-10-03,wk inc covid hosp,0,2026-10-03,01,quantile,0.99,151.0
2026-10-03,wk inc covid hosp,0,2026-10-03,02,quantile,0.01,0.0
2026-10-03,wk inc covid hosp,0,2026-10-03,02,quantile,0.025,0.0
2026-10-03,wk inc covid hosp,0,2026-10-03,02,quantile,0.05,0.0
2026-10-03,wk inc covid hosp,0,2026-10-03,02,quantile,0.1,0.0
2026-10-03,wk inc covid hosp,0,2026-10-03,02,quantile,0.15,0.0
2026-10-03,wk inc covid hosp,0,2026-10-03,02,quantile,0.2,0.0
2026-10-03,wk inc covid hosp,0,2026-10-03,02,quantile,0.25,0.0
2026-10-03,wk inc covid hosp,0,2026-10-03,02,quantile,0.3,0.0
2026-10-03,wk inc covid hosp,0,2026-10-03,02,quantile,0.35,0.0
2026-10-03,wk inc covid hosp,0,2026-10-03,02,quantile,0.4,1.0
2026-10-03,wk inc covid hosp,0,2026-10-03,02,quantile,0.45,1.0
2026-10-03,wk inc covid hosp,0,2026-10-03,02,quantile,0.5,1.0
2026-10-03,wk inc covid hosp,0,2026-10-03,02,quantile,0.55,1.0
2026-10-03,wk inc covid hosp,0,2026-10-03,02,quantile,0.6,2.0
2026-10-03,wk inc covid hosp,0,2026-10-03,02,quantile,0.65,2.0
2026-10-03,wk inc covid hosp,0,2026-10-03,02,quantile,0.7,2.0
2026-10-03,wk inc covid hosp,0,2026-10-03,02,quantile,0.75,3.0
2026-10-03,wk inc covid hosp,0,2026-10-03,02,quantile,0.8,3.0
2026-10-03,wk inc covid hosp,0,2026-10-03,02,quantile,0.85,4.0
2026-10-03,wk inc covid hosp,0,2026-10-03,02,quantile,0.9,4.0
2026-10-03,wk inc covid hosp,0,2026-10-03,02,quantile,0.95,5.0
2026-10-03,wk inc covid hosp,0,2026-10-03,02,quantile,0.975,6.0
2026-10-03,wk inc covid hosp,0,2026-10-03,02,quantile,0.99,7.0
2026-10-03,wk inc covid hosp,0,2026-10-03,04,quantile,0.01,16.0
2026-10-03,wk inc covid hosp,0,2026-10-03,04,quantile,0.025,22.0
2026-10-03,wk inc covid hosp,0,2026-10-03,04,quantile,0.05,27.0
2026-10-03,wk inc covid hosp,0,2026-10-03,04,quantile,0.1,33.0
2026-10-03,wk inc covid hosp,0,2026-10-03,04,quantile,0.15,37.0
2026-10-03,wk inc covid hosp,0,2026-10-03,04,quantile,0.2,40.0
2026-10-03,wk inc covid hosp,0,2026-10-03,04,quantile,0.25,44.0
2026-10-03,wk inc covid hosp,0,2026-10-03,04,quantile,0.3,47.0
2026-10-03,wk inc covid hosp,0,2026-10-03,04,quantile,0.35,49.0
2026-10-03,wk inc covid hosp,0,2026-10-03,04,quantile,0.4,52.0
2026-10-03,wk inc covid hosp,0,2026-10-03,04,quantile,0.45,55.0
2026-10-03,wk inc covid hosp,0,2026-10-03,04,quantile,0.5,58.0
2026-10-03,wk inc covid hosp,0,2026-10-03,04,quantile,0.55,61.0
2026-10-03,wk inc covid hosp,0,2026-10-03,04,quantile,0.6,63.0
2026-10-03,wk inc covid hosp,0,2026-10-03,04,quantile,0.65,67.0
2026-10-03,wk inc covid hosp,0,2026-10-03,04,quantile,0.7,70.0
2026-10-03,wk inc covid hosp,0,2026-10-03,04,quantile,0.75,73.0
2026-10-03,wk inc covid hosp,0,2026-10-03,04,quantile,0.8,77.0
2026-10-03,wk inc covid hosp,0,2026-10-03,04,quantile,0.85,82.0
2026-10-03,wk inc covid hosp,0,2026-10-03,04,quantile,0.9,91.0
2026-10-03,wk inc covid hosp,0,2026-10-03,04,quantile,0.95,100.0
2026-10-03,wk inc covid hosp,0,2026-10-03,04,quantile,0.975,109.0
2026-10-03,wk inc covid hosp,0,2026-10-03,04,quantile,0.99,122.0
2026-10-03,wk inc covid hosp,0,2026-10-03,05,quantile,0.01,4.0
2026-10-03,wk inc covid hosp,0,2026-10-03,05,quantile,0.025,6.0
2026-10-03,wk inc covid hosp,0,2026-10-03,05,quantile,0.05,8.0
2026-10-03,wk inc covid hosp,0,2026-10-03,05,quantile,0.1,11.0
2026-10-03,wk inc covid hosp,0,2026-10-03,05,quantile,0.15,12.0
2026-10-03,wk inc covid hosp,0,2026-10-03,05,quantile,0.2,13.0
2026-10-03,wk inc covid hosp,0,2026-10-03,05,quantile,0.25,15.0
2026-10-03,wk inc covid hosp,0,2026-10-03,05,quantile,0.3,16.0
2026-10-03,wk inc covid hosp,0,2026-10-03,05,quantile,0.35,17.0
2026-10-03,wk inc covid hosp,0,2026-10-03,05,quantile,0.4,18.0
2026-10-03,wk inc covid hosp,0,2026-10-03,05,quantile,0.45,19.0
2026-10-03,wk inc covid hosp,0,2026-10-03,05,quantile,0.5,20.0
2026-10-03,wk inc covid hosp,0,2026-10-03,05,quantile,0.55,21.0
2026-10-03,wk inc covid hosp,0,2026-10-03,05,quantile,0.6,22.0
2026-10-03,wk inc covid hosp,0,2026-10-03,05,quantile,0.65,23.0
2026-10-03,wk inc covid hosp,0,2026-10-03,05,quantile,0.7,24.0
2026-10-03,wk inc covid hosp,0,2026-10-03,05,quantile,0.75,26.0
2026-10-03,wk inc covid hosp,0,2026-10-03,05,quantile,0.8,27.0
2026-10-03,wk inc covid hosp,0,2026-10-03,05,quantile,0.85,29.0
2026-10-03,wk inc covid hosp,0,2026-10-03,05,quantile,0.9,32.0
2026-10-03,wk inc covid hosp,0,2026-10-03,05,quantile,0.95,36.0
2026-10-03,wk inc covid hosp,0,2026-10-03,05,quantile,0.975,40.0
2026-10-03,wk inc covid hosp,0,2026-10-03,05,quantile,0.99,44.0
2026-10-03,wk inc covid hosp,0,2026-10-03,06,quantile,0.01,702.0
2026-10-03,wk inc covid hosp,0,2026-10-03,06,quantile,0.025,744.0
2026-10-03,wk inc covid hosp,0,2026-10-03,06,quantile,0.05,767.0
2026-10-03,wk inc covid hosp,0,2026-10-03,06,quantile,0.1,811.0
2026-10-03,wk inc covid hosp,0,2026-10-03,06,quantile,0.15,833.0
2026-10-03,wk inc covid hosp,0,2026-10-03,06,quantile,0.2,859.0
2026-10-03,wk inc covid hosp,0,2026-10-03,06,quantile,0.25,880.0
2026-10-03,wk inc covid hosp,0,2026-10-03,06,quantile,0.3,898.0
2026-10-03,wk inc covid hosp,0,2026-10-03,06,quantile,0.35,914.0
2026-10-03,wk inc covid hosp,0,2026-10-03,06,quantile,0.4,930.0
2026-10-03,wk inc covid hosp,0,2026-10-03,06,quantile,0.45,942.0
2026-10-03,wk inc covid hosp,0,2026-10-03,06,quantile,0.5,959.0
2026-10-03,wk inc covid hosp,0,2026-10-03,06,quantile,0.55,974.0
2026-10-03,wk inc covid hosp,0,2026-10-03,06,quantile,0.6,992.0
2026-10-03,wk inc covid hosp,0,2026-10-03,06,quantile,0.65,1006.0
2026-10-03,wk inc covid hosp,0,2026-10-03,06,quantile,0.7,1024.0
2026-10-03,wk inc covid hosp,0,2026-10-03,06,quantile,0.75,1039.0
2026-10-03,wk inc covid hosp,0,2026-10-03,06,quantile,0.8,1060.0
2026-10-03,wk inc covid hosp,0,2026-10-03,06,quantile,0.85,1082.0
2026-10-03,wk inc covid hosp,0,2026-10-03,06,quantile,0.9,1117.0
2026-10-03,wk inc covid hosp,0,2026-10-03,06,quantile,0.95,1158.0
2026-10-03,wk inc covid hosp,0,2026-10-03,06,quantile,0.975,1192.0
2026-10-03,wk inc covid hosp,0,2026-10-03,06,quantile,0.99,1250.0
2026-10-03,wk inc covid hosp,0,2026-10-03,08,quantile,0.01,8.0
2026-10-03,wk inc covid hosp,0,2026-10-03,08,quantile,0.025,11.0
2026-10-03,wk inc covid hosp,0,2026-10-03,08,quantile,0.05,14.0
2026-10-03,wk inc covid hosp,0,2026-10-03,08,quantile,0.1,18.0
2026-10-03,wk inc covid hosp,0,2026-10-03,08,quantile,0.15,21.0
2026-10-03,wk inc covid hosp,0,2026-10-03,08,quantile,0.2,23.0
2026-10-03,wk inc covid hosp,0,2026-10-03,08,quantile,0.25,25.0
2026-10-03,wk inc covid hosp,0,2026-10-03,08,quantile,0.3,26.0
2026-10-03,wk inc covid hosp,0,2026-10-03,08,quantile,0.35,28.0
2026-10-03,wk inc covid hosp,0,2026-10-03,08,quantile,0.4,29.0
2026-10-03,wk inc covid hosp,0,2026-10-03,08,quantile,0.45,31.0
2026-10-03,wk inc covid hosp,0,2026-10-03,08,quantile,0.5,33.0
2026-10-03,wk inc covid hosp,0,2026-10-03,08,quantile,0.55,34.0
2026-10-03,wk inc covid hosp,0,2026-10-03,08,quantile,0.6,36.0
2026-10-03,wk inc covid hosp,0,2026-10-03,08,quantile,0.65,38.0
2026-10-03,wk inc covid hosp,0,2026-10-03,08,quantile,0.7,39.0
2026-10-03,wk inc covid hosp,0,2026-10-03,08,quantile,0.75,41.0
2026-10-03,wk inc covid hosp,0,2026-10-03,08,quantile,0.8,44.0
2026-10-03,wk inc covid hosp,0,2026-10-03,08,quantile,0.85,47.0
2026-10-03,wk inc covid hosp,0,2026-10-03,08,quantile,0.9,51.0
2026-10-03,wk inc covid hosp,0,2026-10-03,08,quantile,0.95,56.0
2026-10-03,wk inc covid hosp,0,2026-10-03,08,quantile,0.975,62.0
2026-10-03,wk inc covid hosp,0,2026-10-03,08,quantile,0.99,68.0
2026-10-03,wk inc covid hosp,0,2026-10-03,09,quantile,0.01,10.0
2026-10-03,wk inc covid hosp,0,2026-10-03,09,quantile,0.025,13.0
2026-10-03,wk inc covid hosp,0,2026-10-03,09,quantile,0.05,16.0
2026-10-03,wk inc covid hosp,0,2026-10-03,09,quantile,0.1,20.0
2026-10-03,wk inc covid hosp,0,2026-10-03,09,quantile,0.15,22.0
2026-10-03,wk inc covid hosp,0,2026-10-03,09,quantile,0.2,25.0
2026-10-03,wk inc covid hosp,0,2026-10-03,09,quantile,0.25,26.0
2026-10-03,wk inc covid hosp,0,2026-10-03,09,quantile,0.3,27.0
2026-10-03,wk inc covid hosp,0,2026-10-03,09,quantile,0.35,30.0
2026-10-03,wk inc covid hosp,0,2026-10-03,09,quantile,0.4,31.0
2026-10-03,wk inc covid hosp,0,2026-10-03,09,quantile,0.45,33.0
2026-10-03,wk inc covid hosp,0,2026-10-03,09,quantile,0.5,35.0
2026-10-03,wk inc covid hosp,0,2026-10-03,09,quantile,0.55,36.0
2026-10-03,wk inc covid hosp,0,2026-10-03,09,quantile,0.6,38.0
2026-10-03,wk inc covid hosp,0,2026-10-03,09,quantile,0.65,40.0
2026-10-03,wk inc covid hosp,0,2026-10-03,09,quantile,0.7,42.0
2026-10-03,wk inc covid hosp,0,2026-10-03,09,quantile,0.75,44.0
2026-10-03,wk inc covid hosp,0,2026-10-03,09,quantile,0.8,48.0
2026-10-03,wk inc covid hosp,0,2026-10-03,09,quantile,0.85,51.0
2026-10-03,wk inc covid hosp,0,2026-10-03,09,quantile,0.9,55.0
2026-10-03,wk inc covid hosp,0,2026-10-03,09,quantile,0.95,61.0
2026-10-03,wk inc covid hosp,0,2026-10-03,09,quantile,0.975,67.0
2026-10-03,wk inc covid hosp,0,2026-10-03,09,quantile,0.99,75.0
2026-10-03,wk inc covid hosp,0,2026-10-03,10,quantile,0.01,3.0
2026-10-03,wk inc covid hosp,0,2026-10-03,10,quantile,0.025,4.0
2026-10-03,wk inc covid hosp,0,2026-10-03,10,quantile,0.05,5.0
2026-10-03,wk inc covid hosp,0,2026-10-03,10,quantile,0.1,6.0
2026-10-03,wk inc covid hosp,0,2026-10-03,10,quantile,0.15,7.0
2026-10-03,wk inc covid hosp,0,2026-10-03,10,quantile,0.2,7.0
2026-10-03,wk inc covid hosp,0,2026-10-03,10,quantile,0.25,8.0
2026-10-03,wk inc covid hosp,0,2026-10-03,10,quantile,0.3,8.0
2026-10-03,wk inc covid hosp,0,2026-10-03,10,quantile,0.35,9.0
2026-10-03,wk inc covid hosp,0,2026-10-03,10,quantile,0.4,9.0
2026-10-03,wk inc covid hosp,0,2026-10-03,10,quantile,0.45,10.0
2026-10-03,wk inc covid hosp,0,2026-10-03,10,quantile,0.5,11.0
2026-10-03,wk inc covid hosp,0,2026-10-03,10,quantile,0.55,11.0
2026-10-03,wk inc covid hosp,0,2026-10-03,10,quantile,0.6,12.0
2026-10-03,wk inc covid hosp,0,2026-10-03,10,quantile,0.65,12.0
2026-10-03,wk inc covid hosp,0,2026-10-03,10,quantile,0.7,13.0
2026-10-03,wk inc covid hosp,0,2026-10-03,10,quantile,0.75,14.0
2026-10-03,wk inc covid hosp,0,2026-10-03,10,quantile,0.8,15.0
2026-10-03,wk inc covid hosp,0,2026-10-03,10,quantile,0.85,16.0
2026-10-03,wk inc covid hosp,0,2026-10-03,10,quantile,0.9,18.0
2026-10-03,wk inc covid hosp,0,2026-10-03,10,quantile,0.95,19.0
2026-10-03,wk inc covid hosp,0,2026-10-03,10,quantile,0.975,22.0
2026-10-03,wk inc covid hosp,0,2026-10-03,10,quantile,0.99,25.0
2026-10-03,wk inc covid hosp,0,2026-10-03,11,quantile,0.01,2.0
2026-10-03,wk inc covid hosp,0,2026-10-03,11,quantile,0.025,2.0
2026-10-03,wk inc covid hosp,0,2026-10-03,11,quantile,0.05,3.0
2026-10-03,wk inc covid hosp,0,2026-10-03,11,quantile,0.1,4.0
2026-10-03,wk inc covid hosp,0,2026-10-03,11,quantile,0.15,5.0
2026-10-03,wk inc covid hosp,0,2026-10-03,11,quantile,0.2,6.0
2026-10-03,wk inc covid hosp,0,2026-10-03,11,quantile,0.25,6.0
2026-10-03,wk inc covid hosp,0,2026-10-03,11,quantile,0.3,7.0
2026-10-03,wk inc covid hosp,0,2026-10-03,11,quantile,0.35,7.0
2026-10-03,wk inc covid hosp,0,2026-10-03,11,quantile,0.4,8.0
2026-10-03,wk inc covid hosp,0,2026-10-03,11,quantile,0.45,8.0
2026-10-03,wk inc covid hosp,0,2026-10-03,11,quantile,0.5,9.0
2026-10-03,wk inc covid hosp,0,2026-10-03,11,quantile,0.55,9.0
2026-10-03,wk inc covid hosp,0,2026-10-03,11,quantile,0.6,10.0
2026-10-03,wk inc covid hosp,0,2026-10-03,11,quantile,0.65,10.0
2026-10-03,wk inc covid hosp,0,2026-10-03,11,quantile,0.7,11.0
2026-10-03,wk inc covid hosp,0,2026-10-03,11,quantile,0.75,12.0
2026-10-03,wk inc covid hosp,0,2026-10-03,11,quantile,0.8,13.0
2026-10-03,wk inc covid hosp,0,2026-10-03,11,quantile,0.85,14.0
2026-10-03,wk inc covid hosp,0,2026-10-03,11,quantile,0.9,15.0
2026-10-03,wk inc covid hosp,0,2026-10-03,11,quantile,0.95,17.0
2026-10-03,wk inc covid hosp,0,2026-10-03,11,quantile,0.975,19.0
2026-10-03,wk inc covid hosp,0,2026-10-03,11,quantile,0.99,22.0
2026-10-03,wk inc covid hosp,0,2026-10-03,12,quantile,0.01,260.0
2026-10-03,wk inc covid hosp,0,2026-10-03,12,quantile,0.025,284.0
2026-10-03,wk inc covid hosp,0,2026-10-03,12,quantile,0.05,313.0
2026-10-03,wk inc covid hosp,0,2026-10-03,12,quantile,0.1,344.0
2026-10-03,wk inc covid hosp,0,2026-10-03,12,quantile,0.15,365.0
2026-10-03,wk inc covid hosp,0,2026-10-03,12,quantile,0.2,382.0
2026-10-03,wk inc covid hosp,0,2026-10-03,12,quantile,0.25,399.0
2026-10-03,wk inc covid hosp,0,2026-10-03,12,quantile,0.3,414.0
2026-10-03,wk inc covid hosp,0,2026-10-03,12,quantile,0.35,425.0
2026-10-03,wk inc covid hosp,0,2026-10-03,12,quantile,0.4,440.0
2026-10-03,wk inc covid hosp,0,2026-10-03,12,quantile,0.45,454.0
2026-10-03,wk inc covid hosp,0,2026-10-03,12,quantile,0.5,471.0
2026-10-03,wk inc covid hosp,0,2026-10-03,12,quantile,0.55,484.0
2026-10-03,wk inc covid hosp,0,2026-10-03,12,quantile,0.6,498.0
2026-10-03,wk inc covid hosp,0,2026-10-03,12,quantile,0.65,513.0
2026-10-03,wk inc covid hosp,0,2026-10-03,12,quantile,0.7,528.0
2026-10-03,wk inc covid hosp,0,2026-10-03,12,quantile,0.75,548.0
2026-10-03,wk inc covid hosp,0,2026-10-03,12,quantile,0.8,567.0
2026-10-03,wk inc covid hosp,0,2026-10-03,12,quantile,0.85,592.0
2026-10-03,wk inc covid hosp,0,2026-10-03,12,quantile,0.9,635.0
2026-10-03,wk inc covid hosp,0,2026-10-03,12,quantile,0.95,681.0
2026-10-03,wk inc covid hosp,0,2026-10-03,12,quantile,0.975,732.0
2026-10-03,wk inc covid hosp,0,2026-10-03,12,quantile,0.99,787.0
2026-10-03,wk inc covid hosp,0,2026-10-03,13,quantile,0.01,17.0
2026-10-03,wk inc covid hosp,0,2026-10-03,13,quantile,0.025,24.0
2026-10-03,wk inc covid hosp,0,2026-10-03,13,quantile,0.05,30.0
2026-10-03,wk inc covid hosp,0,2026-10-03,13,quantile,0.1,38.0
2026-10-03,wk inc covid hosp,0,2026-10-03,13,quantile,0.15,43.0
2026-10-03,wk inc covid hosp,0,2026-10-03,13,quantile,0.2,48.0
2026-10-03,wk inc covid hosp,0,2026-10-03,13,quantile,0.25,53.0
2026-10-03,wk inc covid hosp,0,2026-10-03,13,quantile,0.3,57.0
2026-10-03,wk inc covid hosp,0,2026-10-03,13,quantile,0.35,60.0
2026-10-03,wk inc covid hosp,0,2026-10-03,13,quantile,0.4,64.0
2026-10-03,wk inc covid hosp,0,2026-10-03,13,quantile,0.45,66.0
2026-10-03,wk inc covid hosp,0,2026-10-03,13,quantile,0.5,70.0
2026-10-03,wk inc covid hosp,0,2026-10-03,13,quantile,0.55,73.0
2026-10-03,wk inc covid hosp,0,2026-10-03,13,quantile,0.6,77.0
2026-10-03,wk inc covid hosp,0,2026-10-03,13,quantile,0.65,80.0
2026-10-03,wk inc covid hosp,0,2026-10-03,13,quantile,0.7,84.0
2026-10-03,wk inc covid hosp,0,2026-10-03,13,quantile,0.75,88.0
2026-10-03,wk inc covid hosp,0,2026-10-03,13,quantile,0.8,92.0
2026-10-03,wk inc covid hosp,0,2026-10-03,13,quantile,0.85,98.0
2026-10-03,wk inc covid hosp,0,2026-10-03,13,quantile,0.9,105.0
2026-10-03,wk inc covid hosp,0,2026-10-03,13,quantile,0.95,115.0
2026-10-03,wk inc covid hosp,0,2026-10-03,13,quantile,0.975,124.0
2026-10-03,wk inc covid hosp,0,2026-10-03,13,quantile,0.99,138.0
2026-10-03,wk inc covid hosp,0,2026-10-03,15,quantile,0.01,16.0
2026-10-03,wk inc covid hosp,0,2026-10-03,15,quantile,0.025,18.0
2026-10-03,wk inc covid hosp,0,2026-10-03,15,quantile,0.05,21.0
2026-10-03,wk inc covid hosp,0,2026-10-03,15,quantile,0.1,25.0
2026-10-03,wk inc covid hosp,0,2026-10-03,15,quantile,0.15,27.0
2026-10-03,wk inc covid hosp,0,2026-10-03,15,quantile,0.2,30.0
2026-10-03,wk inc covid hosp,0,2026-10-03,15,quantile,0.25,31.0
2026-10-03,wk inc covid hosp,0,2026-10-03,15,quantile,0.3,33.0
2026-10-03,wk inc covid hosp,0,2026-10-03,15,quantile,0.35,35.0
2026-10-03,wk inc covid hosp,0,2026-10-03,15,quantile,0.4,37.0
2026-10-03,wk inc covid hosp,0,2026-10-03,15,quantile,0.45,38.0
2026-10-03,wk inc covid hosp,0,2026-10-03,15,quantile,0.5,40.0
2026-10-03,wk inc covid hosp,0,2026-10-03,15,quantile,0.55,42.0
2026-10-03,wk inc covid hosp,0,2026-10-03,15,quantile,0.6,44.0
2026-10-03,wk inc covid hosp,0,2026-10-03,15,quantile,0.65,47.0
2026-10-03,wk inc covid hosp,0,2026-10-03,15,quantile,0.7,49.0
2026-10-03,wk inc covid hosp,0,2026-10-03,15,quantile,0.75,52.0
2026-10-03,wk inc covid hosp,0,2026-10-03,15,quantile,0.8,56.0
2026-10-03,wk inc covid hosp,0,2026-10-03,15,quantile,0.85,59.0
2026-10-03,wk inc covid hosp,0,2026-10-03,15,quantile,0.9,65.0
2026-10-03,wk inc covid hosp,0,2026-10-03,15,quantile,0.95,71.0
2026-10-03,wk inc covid hosp,0,2026-10-03,15,quantile,0.975,80.0
2026-10-03,wk inc covid hosp,0,2026-10-03,15,quantile,0.99,90.0
2026-10-03,wk inc covid hosp,0,2026-10-03,16,quantile,0.01,3.0
2026-10-03,wk inc covid hosp,0,2026-10-03,16,quantile,0.025,5.0
2026-10-03,wk inc covid hosp,0,2026-10-03,16,quantile,0.05,6.0
2026-10-03,wk inc covid hosp,0,2026-10-03,16,quantile,0.1,8.0
2026-10-03,wk inc covid hosp,0,2026-10-03,16,quantile,0.15,9.0
2026-10-03,wk inc covid hosp,0,2026-10-03,16,quantile,0.2,10.0
2026-10-03,wk inc covid hosp,0,2026-10-03,16,quantile,0.25,10.0
2026-10-03,wk inc covid hosp,0,2026-10-03,16,quantile,0.3,11.0
2026-10-03,wk inc covid hosp,0,2026-10-03,16,quantile,0.35,12.0
2026-10-03,wk inc covid hosp,0,2026-10-03,16,quantile,0.4,13.0
2026-10-03,wk inc covid hosp,0,2026-10-03,16,quantile,0.45,13.0
2026-10-03,wk inc covid hosp,0,2026-10-03,16,quantile,0.5,14.0
2026-10-03,wk inc covid hosp,0,2026-10-03,16,quantile,0.55,15.0
2026-10-03,wk inc covid hosp,0,2026-10-03,16,quantile,0.6,15.0
2026-10-03,wk inc covid hosp,0,2026-10-03,16,quantile,0.65,16.0
2026-10-03,wk inc covid hosp,0,2026-10-03,16,quantile,0.7,17.0
2026-10-03,wk inc covid hosp,0,2026-10-03,16,quantile,0.75,18.0
2026-10-03,wk inc covid hosp,0,2026-10-03,16,quantile,0.8,20.0
2026-10-03,wk inc covid hosp,0,2026-10-03,16,quantile,0.85,21.0
2026-10-03,wk inc covid hosp,0,2026-10-03,16,quantile,0.9,23.0
2026-10-03,wk inc covid hosp,0,2026-10-03,16,quantile,0.95,25.0
2026-10-03,wk inc covid hosp,0,2026-10-03,16,quantile,0.975,28.0
2026-10-03,wk inc covid hosp,0,2026-10-03,16,quantile,0.99,31.0
2026-10-03,wk inc covid hosp,0,2026-10-03,17,quantile,0.01,25.0
2026-10-03,wk inc covid hosp,0,2026-10-03,17,quantile,0.025,31.0
2026-10-03,wk inc covid hosp,0,2026-10-03,17,quantile,0.05,36.0
2026-10-03,wk inc covid hosp,0,2026-10-03,17,quantile,0.1,44.0
2026-10-03,wk inc covid hosp,0,2026-10-03,17,quantile,0.15,48.0
2026-10-03,wk inc covid hosp,0,2026-10-03,17,quantile,0.2,52.0
2026-10-03,wk inc covid hosp,0,2026-10-03,17,quantile,0.25,56.0
2026-10-03,wk inc covid hosp,0,2026-10-03,17,quantile,0.3,59.0
2026-10-03,wk inc covid hosp,0,2026-10-03,17,quantile,0.35,62.0
2026-10-03,wk inc covid hosp,0,2026-10-03,17,quantile,0.4,65.0
2026-10-03,wk inc covid hosp,0,2026-10-03,17,quantile,0.45,67.0
2026-10-03,wk inc covid hosp,0,2026-10-03,17,quantile,0.5,70.0
2026-10-03,wk inc covid hosp,0,2026-10-03,17,quantile,0.55,73.0
2026-10-03,wk inc covid hosp,0,2026-10-03,17,quantile,0.6,76.0
2026-10-03,wk inc covid hosp,0,2026-10-03,17,quantile,0.65,79.0
2026-10-03,wk inc covid hosp,0,2026-10-03,17,quantile,0.7,82.0
2026-10-03,wk inc covid hosp,0,2026-10-03,17,quantile,0.75,85.0
2026-10-03,wk inc covid hosp,0,2026-10-03,17,quantile,0.8,89.0
2026-10-03,wk inc covid hosp,0,2026-10-03,17,quantile,0.85,93.0
2026-10-03,wk inc covid hosp,0,2026-10-03,17,quantile,0.9,99.0
2026-10-03,wk inc covid hosp,0,2026-10-03,17,quantile,0.95,107.0
2026-10-03,wk inc covid hosp,0,2026-10-03,17,quantile,0.975,113.0
2026-10-03,wk inc covid hosp,0,2026-10-03,17,quantile,0.99,124.0
2026-10-03,wk inc covid hosp,0,2026-10-03,18,quantile,0.01,0.0
2026-10-03,wk inc covid hosp,0,2026-10-03,18,quantile,0.025,2.0
2026-10-03,wk inc covid hosp,0,2026-10-03,18,quantile,0.05,5.0
2026-10-03,wk inc covid hosp,0,2026-10-03,18,quantile,0.1,9.0
2026-10-03,wk inc covid hosp,0,2026-10-03,18,quantile,0.15,11.0
2026-10-03,wk inc covid hosp,0,2026-10-03,18,quantile,0.2,14.0
2026-10-03,wk inc covid hosp,0,2026-10-03,18,quantile,0.25,16.0
2026-10-03,wk inc covid hosp,0,2026-10-03,18,quantile,0.3,18.0
2026-10-03,wk inc covid hosp,0,2026-10-03,18,quantile,0.35,19.0
2026-10-03,wk inc covid hosp,0,2026-10-03,18,quantile,0.4,21.0
2026-10-03,wk inc covid hosp,0,2026-10-03,18,quantile,0.45,22.0
2026-10-03,wk inc covid hosp,0,2026-10-03,18,quantile,0.5,25.0
2026-10-03,wk inc covid hosp,0,2026-10-03,18,quantile,0.55,26.0
2026-10-03,wk inc covid hosp,0,2026-10-03,18,quantile,0.6,28.0
2026-10-03,wk inc covid hosp,0,2026-10-03,18,quantile,0.65,30.0
2026-10-03,wk inc covid hosp,0,2026-10-03,18,quantile,0.7,32.0
2026-10-03,wk inc covid hosp,0,2026-10-03,18,quantile,0.75,34.0
2026-10-03,wk inc covid hosp,0,2026-10-03,18,quantile,0.8,36.0
2026-10-03,wk inc covid hosp,0,2026-10-03,18,quantile,0.85,39.0
2026-10-03,wk inc covid hosp,0,2026-10-03,18,quantile,0.9,44.0
2026-10-03,wk inc covid hosp,0,2026-10-03,18,quantile,0.95,50.0
2026-10-03,wk inc covid hosp,0,2026-10-03,18,quantile,0.975,56.0
2026-10-03,wk inc covid hosp,0,2026-10-03,18,quantile,0.99,62.0
2026-10-03,wk inc covid hosp,0,2026-10-03,19,quantile,0.01,1.0
2026-10-03,wk inc covid hosp,0,2026-10-03,19,quantile,0.025,3.0
2026-10-03,wk inc covid hosp,0,2026-10-03,19,quantile,0.05,5.0
2026-10-03,wk inc covid hosp,0,2026-10-03,19,quantile,0.1,7.0
2026-10-03,wk inc covid hosp,0,2026-10-03,19,quantile,0.15,8.0
2026-10-03,wk inc covid hosp,0,2026-10-03,19,quantile,0.2,10.0
2026-10-03,wk inc covid hosp,0,2026-10-03,19,quantile,0.25,10.0
2026-10-03,wk inc covid hosp,0,2026-10-03,19,quantile,0.3,11.0
2026-10-03,wk inc covid hosp,0,2026-10-03,19,quantile,0.35,12.0
2026-10-03,wk inc covid hosp,0,2026-10-03,19,quantile,0.4,13.0
2026-10-03,wk inc covid hosp,0,2026-10-03,19,quantile,0.45,14.0
2026-10-03,wk inc covid hosp,0,2026-10-03,19,quantile,0.5,15.0
2026-10-03,wk inc covid hosp,0,2026-10-03,19,quantile,0.55,16.0
2026-10-03,wk inc covid hosp,0,2026-10-03,19,quantile,0.6,17.0
2026-10-03,wk inc covid hosp,0,2026-10-03,19,quantile,0.65,18.0
2026-10-03,wk inc covid hosp,0,2026-10-03,19,quantile,0.7,19.0
2026-10-03,wk inc covid hosp,0,2026-10-03,19,quantile,0.75,20.0
2026-10-03,wk inc covid hosp,0,2026-10-03,19,quantile,0.8,22.0
2026-10-03,wk inc covid hosp,0,2026-10-03,19,quantile,0.85,24.0
2026-10-03,wk inc covid hosp,0,2026-10-03,19,quantile,0.9,26.0
2026-10-03,wk inc covid hosp,0,2026-10-03,19,quantile,0.95,29.0
2026-10-03,wk inc covid hosp,0,2026-10-03,19,quantile,0.975,32.0
2026-10-03,wk inc covid hosp,0,2026-10-03,19,quantile,0.99,36.0
2026-10-03,wk inc covid hosp,0,2026-10-03,20,quantile,0.01,0.0
2026-10-03,wk inc covid hosp,0,2026-10-03,20,quantile,0.025,0.0
2026-10-03,wk inc covid hosp,0,2026-10-03,20,quantile,0.05,0.0
2026-10-03,wk inc covid hosp,0,2026-10-03,20,quantile,0.1,0.0
2026-10-03,wk inc covid hosp,0,2026-10-03,20,quantile,0.15,0.0
2026-10-03,wk inc covid hosp,0,2026-10-03,20,quantile,0.2,0.0
2026-10-03,wk inc covid hosp,0,2026-10-03,20,quantile,0.25,1.0
2026-10-03,wk inc covid hosp,0,2026-10-03,20,quantile,0.3,1.0
2026-10-03,wk inc covid hosp,0,2026-10-03,20,quantile,0.35,2.0
2026-10-03,wk inc covid hosp,0,2026-10-03,20,quantile,0.4,3.0
2026-10-03,wk inc covid hosp,0,2026-10-03,20,quantile,0.45,3.0
2026-10-03,wk inc covid hosp,0,2026-10-03,20,quantile,0.5,4.0
2026-10-03,wk inc covid hosp,0,2026-10-03,20,quantile,0.55,5.0
2026-10-03,wk inc covid hosp,0,2026-10-03,20,quantile,0.6,6.0
2026-10-03,wk inc covid hosp,0,2026-10-03,20,quantile,0.65,6.0
2026-10-03,wk inc covid hosp,0,2026-10-03,20,quantile,0.7,7.0
2026-10-03,wk inc covid hosp,0,2026-10-03,20,quantile,0.75,8.0
2026-10-03,wk inc covid hosp,0,2026-10-03,20,quantile,0.8,9.0
2026-10-03,wk inc covid hosp,0,2026-10-03,20,quantile,0.85,10.0
2026-10-03,wk inc covid hosp,0,2026-10-03,20,quantile,0.9,12.0
2026-10-03,wk inc covid hosp,0,2026-10-03,20,quantile,0.95,14.0
2026-10-03,wk inc covid hosp,0,2026-10-03,20,quantile,0.975,17.0
2026-10-03,wk inc covid hosp,0,2026-10-03,20,quantile,0.99,20.0
2026-10-03,wk inc covid hosp,0,2026-10-03,21,quantile,0.01,0.0
2026-10-03,wk inc covid hosp,0,2026-10-03,21,quantile,0.025,0.0
2026-10-03,wk inc covid hosp,0,2026-10-03,21,quantile,0.05,0.0
2026-10-03,wk inc covid hosp,0,2026-10-03,21,quantile,0.1,3.0
2026-10-03,wk inc covid hosp,0,2026-10-03,21,quantile,0.15,5.0
2026-10-03,wk inc covid hosp,0,2026-10-03,21,quantile,0.2,6.0
2026-10-03,wk inc covid hosp,0,2026-10-03,21,quantile,0.25,8.0
2026-10-03,wk inc covid hosp,0,2026-10-03,21,quantile,0.3,9.0
2026-10-03,wk inc covid hosp,0,2026-10-03,21,quantile,0.35,10.0
2026-10-03,wk inc covid hosp,0,2026-10-03,21,quantile,0.4,11.0
2026-10-03,wk inc covid hosp,0,2026-10-03,21,quantile,0.45,13.0
2026-10-03,wk inc covid hosp,0,2026-10-03,21,quantile,0.5,14.0
2026-10-03,wk inc covid hosp,0,2026-10-03,21,quantile,0.55,15.0
2026-10-03,wk inc covid hosp,0,2026-10-03,21,quantile,0.6,17.0
2026-10-03,wk inc covid hosp,0,2026-10-03,21,quantile,0.65,18.0
2026-10-03,wk inc covid hosp,0,2026-10-03,21,quantile,0.7,20.0
2026-10-03,wk inc covid hosp,0,2026-10-03,21,quantile,0.75,21.0
2026-10-03,wk inc covid hosp,0,2026-10-03,21,quantile,0.8,24.0
2026-10-03,wk inc covid hosp,0,2026-10-03,21,quantile,0.85,26.0
2026-10-03,wk inc covid hosp,0,2026-10-03,21,quantile,0.9,29.0
2026-10-03,wk inc covid hosp,0,2026-10-03,21,quantile,0.95,33.0
2026-10-03,wk inc covid hosp,0,2026-10-03,21,quantile,0.975,38.0
2026-10-03,wk inc covid hosp,0,2026-10-03,21,quantile,0.99,44.0
2026-10-03,wk inc covid hosp,0,2026-10-03,22,quantile,0.01,43.0
2026-10-03,wk inc covid hosp,0,2026-10-03,22,quantile,0.025,48.0
2026-10-03,wk inc covid hosp,0,2026-10-03,22,quantile,0.05,53.0
2026-10-03,wk inc covid hosp,0,2026-10-03,22,quantile,0.1,59.0
2026-10-03,wk inc covid hosp,0,2026-10-03,22,quantile,0.15,63.0
2026-10-03,wk inc covid hosp,0,2026-10-03,22,quantile,0.2,66.0
2026-10-03,wk inc covid hosp,0,2026-10-03,22,quantile,0.25,69.0
2026-10-03,wk inc covid hosp,0,2026-10-03,22,quantile,0.3,72.0
2026-10-03,wk inc covid hosp,0,2026-10-03,22,quantile,0.35,73.0
2026-10-03,wk inc covid hosp,0,2026-10-03,22,quantile,0.4,76.0
2026-10-03,wk inc covid hosp,0,2026-10-03,22,quantile,0.45,79.0
2026-10-03,wk inc covid hosp,0,2026-10-03,22,quantile,0.5,82.0
2026-10-03,wk inc covid hosp,0,2026-10-03,22,quantile,0.55,84.0
2026-10-03,wk inc covid hosp,0,2026-10-03,22,quantile,0.6,87.0
2026-10-03,wk inc covid hosp,0,2026-10-03,22,quantile,0.65,89.0
2026-10-03,wk inc covid hosp,0,2026-10-03,22,quantile,0.7,92.0
2026-10-03,wk inc covid hosp,0,2026-10-03,22,quantile,0.75,95.0
2026-10-03,wk inc covid hosp,0,2026-10-03,22,quantile,0.8,99.0
2026-10-03,wk inc covid hosp,0,2026-10-03,22,quantile,0.85,103.0
2026-10-03,wk inc covid hosp,0,2026-10-03,22,quantile,0.9,110.0
2026-10-03,wk inc covid hosp,0,2026-10-03,22,quantile,0.95,119.0
2026-10-03,wk inc covid hosp,0,2026-10-03,22,quantile,0.975,127.0
2026-10-03,wk inc covid hosp,0,2026-10-03,22,quantile,0.99,137.0
2026-10-03,wk inc covid hosp,0,2026-10-03,23,quantile,0.01,0.0
2026-10-03,wk inc covid hosp,0,2026-10-03,23,quantile,0.025,0.0
2026-10-03,wk inc covid hosp,0,2026-10-03,23,quantile,0.05,0.0
2026-10-03,wk inc covid hosp,0,2026-10-03,23,quantile,0.1,1.0
2026-10-03,wk inc covid hosp,0,2026-10-03,23,quantile,0.15,2.0
2026-10-03,wk inc covid hosp,0,2026-10-03,23,quantile,0.2,2.0
2026-10-03,wk inc covid hosp,0,2026-10-03,23,quantile,0.25,3.0
2026-10-03,wk inc covid hosp,0,2026-10-03,23,quantile,0.3,3.0
2026-10-03,wk inc covid hosp,0,2026-10-03,23,quantile,0.35,4.0
2026-10-03,wk inc covid hosp,0,2026-10-03,23,quantile,0.4,4.0
2026-10-03,wk inc covid hosp,0,2026-10-03,23,quantile,0.45,5.0
2026-10-03,wk inc covid hosp,0,2026-10-03,23,quantile,0.5,5.0
2026-10-03,wk inc covid hosp,0,2026-10-03,23,quantile,0.55,6.0
2026-10-03,wk inc covid hosp,0,2026-10-03,23,quantile,0.6,6.0
2026-10-03,wk inc covid hosp,0,2026-10-03,23,quantile,0.65,7.0
2026-10-03,wk inc covid hosp,0,2026-10-03,23,quantile,0.7,7.0
2026-10-03,wk inc covid hosp,0,2026-10-03,23,quantile,0.75,8.0
2026-10-03,wk inc covid hosp,0,2026-10-03,23,quantile,0.8,9.0
2026-10-03,wk inc covid hosp,0,2026-10-03,23,quantile,0.85,10.0
2026-10-03,wk inc covid hosp,0,2026-10-03,23,quantile,0.9,11.0
2026-10-03,wk inc covid hosp,0,2026-10-03,23,quantile,0.95,13.0
2026-10-03,wk inc covid hosp,0,2026-10-03,23,quantile,0.975,15.0
2026-10-03,wk inc covid hosp,0,2026-10-03,23,quantile,0.99,17.0
2026-10-03,wk inc covid hosp,0,2026-10-03,24,quantile,0.01,16.0
2026-10-03,wk inc covid hosp,0,2026-10-03,24,quantile,0.025,19.0
2026-10-03,wk inc covid hosp,0,2026-10-03,24,quantile,0.05,23.0
2026-10-03,wk inc covid hosp,0,2026-10-03,24,quantile,0.1,27.0
2026-10-03,wk inc covid hosp,0,2026-10-03,24,quantile,0.15,29.0
2026-10-03,wk inc covid hosp,0,2026-10-03,24,quantile,0.2,31.0
2026-10-03,wk inc covid hosp,0,2026-10-03,24,quantile,0.25,33.0
2026-10-03,wk inc covid hosp,0,2026-10-03,24,quantile,0.3,35.0
2026-10-03,wk inc covid hosp,0,2026-10-03,24,quantile,0.35,37.0
2026-10-03,wk inc covid hosp,0,2026-10-03,24,quantile,0.4,38.0
2026-10-03,wk inc covid hosp,0,2026-10-03,24,quantile,0.45,40.0
2026-10-03,wk inc covid hosp,0,2026-10-03,24,quantile,0.5,42.0
2026-10-03,wk inc covid hosp,0,2026-10-03,24,quantile,0.55,43.0
2026-10-03,wk inc covid hosp,0,2026-10-03,24,quantile,0.6,45.0
2026-10-03,wk inc covid hosp,0,2026-10-03,24,quantile,0.65,47.0
2026-10-03,wk inc covid hosp,0,2026-10-03,24,quantile,0.7,49.0
2026-10-03,wk inc covid hosp,0,2026-10-03,24,quantile,0.75,51.0
2026-10-03,wk inc covid hosp,0,2026-10-03,24,quantile,0.8,53.0
2026-10-03,wk inc covid hosp,0,2026-10-03,24,quantile,0.85,56.0
2026-10-03,wk inc covid hosp,0,2026-10-03,24,quantile,0.9,61.0
2026-10-03,wk inc covid hosp,0,2026-10-03,24,quantile,0.95,66.0
2026-10-03,wk inc covid hosp,0,2026-10-03,24,quantile,0.975,72.0
2026-10-03,wk inc covid hosp,0,2026-10-03,24,quantile,0.99,78.0
2026-10-03,wk inc covid hosp,0,2026-10-03,25,quantile,0.01,18.0
2026-10-03,wk inc covid hosp,0,2026-10-03,25,quantile,0.025,22.0
2026-10-03,wk inc covid hosp,0,2026-10-03,25,quantile,0.05,26.0
2026-10-03,wk inc covid hosp,0,2026-10-03,25,quantile,0.1,32.0
2026-10-03,wk inc covid hosp,0,2026-10-03,25,quantile,0.15,35.0
2026-10-03,wk inc covid hosp,0,2026-10-03,25,quantile,0.2,38.0
2026-10-03,wk inc covid hosp,0,2026-10-03,25,quantile,0.25,41.0
2026-10-03,wk inc covid hosp,0,2026-10-03,25,quantile,0.3,44.0
2026-10-03,wk inc covid hosp,0,2026-10-03,25,quantile,0.35,46.0
2026-10-03,wk inc covid hosp,0,2026-10-03,25,quantile,0.4,48.0
2026-10-03,wk inc covid hosp,0,2026-10-03,25,quantile,0.45,49.0
2026-10-03,wk inc covid hosp,0,2026-10-03,25,quantile,0.5,52.0
2026-10-03,wk inc covid hosp,0,2026-10-03,25,quantile,0.55,54.0
2026-10-03,wk inc covid hosp,0,2026-10-03,25,quantile,0.6,56.0
2026-10-03,wk inc covid hosp,0,2026-10-03,25,quantile,0.65,58.0
2026-10-03,wk inc covid hosp,0,2026-10-03,25,quantile,0.7,61.0
2026-10-03,wk inc covid hosp,0,2026-10-03,25,quantile,0.75,63.0
2026-10-03,wk inc covid hosp,0,2026-10-03,25,quantile,0.8,66.0
2026-10-03,wk inc covid hosp,0,2026-10-03,25,quantile,0.85,69.0
2026-10-03,wk inc covid hosp,0,2026-10-03,25,quantile,0.9,74.0
2026-10-03,wk inc covid hosp,0,2026-10-03,25,quantile,0.95,80.0
2026-10-03,wk inc covid hosp,0,2026-10-03,25,quantile,0.975,85.0
2026-10-03,wk inc covid hosp,0,2026-10-03,25,quantile,0.99,94.0
2026-10-03,wk inc covid hosp,0,2026-10-03,26,quantile,0.01,0.0
2026-10-03,wk inc covid hosp,0,2026-10-03,26,quantile,0.025,1.0
2026-10-03,wk inc covid hosp,0,2026-10-03,26,quantile,0.05,7.0
2026-10-03,wk inc covid hosp,0,2026-10-03,26,quantile,0.1,15.0
2026-10-03,wk inc covid hosp,0,2026-10-03,26,quantile,0.15,19.0
2026-10-03,wk inc covid hosp,0,2026-10-03,26,quantile,0.2,24.0
2026-10-03,wk inc covid hosp,0,2026-10-03,26,quantile,0.25,28.0
2026-10-03,wk inc covid hosp,0,2026-10-03,26,quantile,0.3,33.0
2026-10-03,wk inc covid hosp,0,2026-10-03,26,quantile,0.35,35.0
2026-10-03,wk inc covid hosp,0,2026-10-03,26,quantile,0.4,39.0
2026-10-03,wk inc covid hosp,0,2026-10-03,26,quantile,0.45,42.0
2026-10-03,wk inc covid hosp,0,2026-10-03,26,quantile,0.5,45.0
2026-10-03,wk inc covid hosp,0,2026-10-03,26,quantile,0.55,49.0
2026-10-03,wk inc covid hosp,0,2026-10-03,26,quantile,0.6,52.0
2026-10-03,wk inc covid hosp,0,2026-10-03,26,quantile,0.65,56.0
2026-10-03,wk inc covid hosp,0,2026-10-03,26,quantile,0.7,59.0
2026-10-03,wk inc covid hosp,0,2026-10-03,26,quantile,0.75,64.0
2026-10-03,wk inc covid hosp,0,2026-10-03,26,quantile,0.8,68.0
2026-10-03,wk inc covid hosp,0,2026-10-03,26,quantile,0.85,74.0
2026-10-03,wk inc covid hosp,0,2026-10-03,26,quantile,0.9,81.0
2026-10-03,wk inc covid hosp,0,2026-10-03,26,quantile,0.95,92.0
2026-10-03,wk inc covid hosp,0,2026-10-03,26,quantile,0.975,101.0
2026-10-03,wk inc covid hosp,0,2026-10-03,26,quantile,0.99,115.0
2026-10-03,wk inc covid hosp,0,2026-10-03,27,quantile,0.01,6.0
2026-10-03,wk inc covid hosp,0,2026-10-03,27,quantile,0.025,9.0
2026-10-03,wk inc covid hosp,0,2026-10-03,27,quantile,0.05,12.0
2026-10-03,wk inc covid hosp,0,2026-10-03,27,quantile,0.1,16.0
2026-10-03,wk inc covid hosp,0,2026-10-03,27,quantile,0.15,18.0
2026-10-03,wk inc covid hosp,0,2026-10-03,27,quantile,0.2,20.0
2026-10-03,wk inc covid hosp,0,2026-10-03,27,quantile,0.25,21.0
2026-10-03,wk inc covid hosp,0,2026-10-03,27,quantile,0.3,23.0
2026-10-03,wk inc covid hosp,0,2026-10-03,27,quantile,0.35,24.0
2026-10-03,wk inc covid hosp,0,2026-10-03,27,quantile,0.4,25.0
2026-10-03,wk inc covid hosp,0,2026-10-03,27,quantile,0.45,27.0
2026-10-03,wk inc covid hosp,0,2026-10-03,27,quantile,0.5,29.0
2026-10-03,wk inc covid hosp,0,2026-10-03,27,quantile,0.55,30.0
2026-10-03,wk inc covid hosp,0,2026-10-03,27,quantile,0.6,31.0
2026-10-03,wk inc covid hosp,0,2026-10-03,27,quantile,0.65,33.0
2026-10-03,wk inc covid hosp,0,2026-10-03,27,quantile,0.7,34.0
2026-10-03,wk inc covid hosp,0,2026-10-03,27,quantile,0.75,36.0
2026-10-03,wk inc covid hosp,0,2026-10-03,27,quantile,0.8,38.0
2026-10-03,wk inc covid hosp,0,2026-10-03,27,quantile,0.85,40.0
2026-10-03,wk inc covid hosp,0,2026-10-03,27,quantile,0.9,45.0
2026-10-03,wk inc covid hosp,0,2026-10-03,27,quantile,0.95,49.0
2026-10-03,wk inc covid hosp,0,2026-10-03,27,quantile,0.975,54.0
2026-10-03,wk inc covid hosp,0,2026-10-03,27,quantile,0.99,59.0
2026-10-03,wk inc covid hosp,0,2026-10-03,28,quantile,0.01,5.0
2026-10-03,wk inc covid hosp,0,2026-10-03,28,quantile,0.025,7.0
2026-10-03,wk inc covid hosp,0,2026-10-03,28,quantile,0.05,10.0
2026-10-03,wk inc covid hosp,0,2026-10-03,28,quantile,0.1,12.0
2026-10-03,wk inc covid hosp,0,2026-10-03,28,quantile,0.15,14.0
2026-10-03,wk inc covid hosp,0,2026-10-03,28,quantile,0.2,15.0
2026-10-03,wk inc covid hosp,0,2026-10-03,28,quantile,0.25,16.0
2026-10-03,wk inc covid hosp,0,2026-10-03,28,quantile,0.3,18.0
2026-10-03,wk inc covid hosp,0,2026-10-03,28,quantile,0.35,18.0
2026-10-03,wk inc covid hosp,0,2026-10-03,28,quantile,0.4,20.0
2026-10-03,wk inc covid hosp,0,2026-10-03,28,quantile,0.45,21.0
2026-10-03,wk inc covid hosp,0,2026-10-03,28,quantile,0.5,22.0
2026-10-03,wk inc covid hosp,0,2026-10-03,28,quantile,0.55,23.0
2026-10-03,wk inc covid hosp,0,2026-10-03,28,quantile,0.6,24.0
2026-10-03,wk inc covid hosp,0,2026-10-03,28,quantile,0.65,25.0
2026-10-03,wk inc covid hosp,0,2026-10-03,28,quantile,0.7,27.0
2026-10-03,wk inc covid hosp,0,2026-10-03,28,quantile,0.75,28.0
2026-10-03,wk inc covid hosp,0,2026-10-03,28,quantile,0.8,30.0
2026-10-03,wk inc covid hosp,0,2026-10-03,28,quantile,0.85,31.0
2026-10-03,wk inc covid hosp,0,2026-10-03,28,quantile,0.9,35.0
2026-10-03,wk inc covid hosp,0,2026-10-03,28,quantile,0.95,39.0
2026-10-03,wk inc covid hosp,0,2026-10-03,28,quantile,0.975,42.0
2026-10-03,wk inc covid hosp,0,2026-10-03,28,quantile,0.99,47.0
2026-10-03,wk inc covid hosp,0,2026-10-03,29,quantile,0.01,17.0
2026-10-03,wk inc covid hosp,0,2026-10-03,29,quantile,0.025,21.0
2026-10-03,wk inc covid hosp,0,2026-10-03,29,quantile,0.05,24.0
2026-10-03,wk inc covid hosp,0,2026-10-03,29,quantile,0.1,29.0
2026-10-03,wk inc covid hosp,0,2026-10-03,29,quantile,0.15,31.0
2026-10-03,wk inc covid hosp,0,2026-10-03,29,quantile,0.2,33.0
2026-10-03,wk inc covid hosp,0,2026-10-03,29,quantile,0.25,36.0
2026-10-03,wk inc covid hosp,0,2026-10-03,29,quantile,0.3,37.0
2026-10-03,wk inc covid hosp,0,2026-10-03,29,quantile,0.35,39.0
2026-10-03,wk inc covid hosp,0,2026-10-03,29,quantile,0.4,41.0
2026-10-03,wk inc covid hosp,0,2026-10-03,29,quantile,0.45,43.0
2026-10-03,wk inc covid hosp,0,2026-10-03,29,quantile,0.5,45.0
2026-10-03,wk inc covid hosp,0,2026-10-03,29,quantile,0.55,46.0
2026-10-03,wk inc covid hosp,0,2026-10-03,29,quantile,0.6,48.0
2026-10-03,wk inc covid hosp,0,2026-10-03,29,quantile,0.65,50.0
2026-10-03,wk inc covid hosp,0,2026-10-03,29,quantile,0.7,52.0
2026-10-03,wk inc covid hosp,0,2026-10-03,29,quantile,0.75,54.0
2026-10-03,wk inc covid hosp,0,2026-10-03,29,quantile,0.8,56.0
2026-10-03,wk inc covid hosp,0,2026-10-03,29,quantile,0.85,59.0
2026-10-03,wk inc covid hosp,0,2026-10-03,29,quantile,0.9,64.0
2026-10-03,wk inc covid hosp,0,2026-10-03,29,quantile,0.95,69.0
2026-10-03,wk inc covid hosp,0,2026-10-03,29,quantile,0.975,75.0
2026-10-03,wk inc covid hosp,0,2026-10-03,29,quantile,0.99,82.0
2026-10-03,wk inc covid hosp,0,2026-10-03,30,quantile,0.01,0.0
2026-10-03,wk inc covid hosp,0,2026-10-03,30,quantile,0.025,0.0
2026-10-03,wk inc covid hosp,0,2026-10-03,30,quantile,0.05,1.0
2026-10-03,wk inc covid hosp,0,2026-10-03,30,quantile,0.1,2.0
2026-10-03,wk inc covid hosp,0,2026-10-03,30,quantile,0.15,3.0
2026-10-03,wk inc covid hosp,0,2026-10-03,30,quantile,0.2,4.0
2026-10-03,wk inc covid hosp,0,2026-10-03,30,quantile,0.25,4.0
2026-10-03,wk inc covid hosp,0,2026-10-03,30,quantile,0.3,5.0
2026-10-03,wk inc covid hosp,0,2026-10-03,30,quantile,0.35,5.0
2026-10-03,wk inc covid hosp,0,2026-10-03,30,quantile,0.4,6.0
2026-10-03,wk inc covid hosp,0,2026-10-03,30,quantile,0.45,6.0
2026-10-03,wk inc covid hosp,0,2026-10-03,30,quantile,0.5,7.0
2026-10-03,wk inc covid hosp,0,2026-10-03,30,quantile,0.55,8.0
2026-10-03,wk inc covid hosp,0,2026-10-03,30,quantile,0.6,8.0
2026-10-03,wk inc covid hosp,0,2026-10-03,30,quantile,0.65,9.0
2026-10-03,wk inc covid hosp,0,2026-10-03,30,quantile,0.7,9.0
2026-10-03,wk inc covid hosp,0,2026-10-03,30,quantile,0.75,10.0
2026-10-03,wk inc covid hosp,0,2026-10-03,30,quantile,0.8,12.0
2026-10-03,wk inc covid hosp,0,2026-10-03,30,quantile,0.85,13.0
2026-10-03,wk inc covid hosp,0,2026-10-03,30,quantile,0.9,14.0
2026-10-03,wk inc covid hosp,0,2026-10-03,30,quantile,0.95,16.0
2026-10-03,wk inc covid hosp,0,2026-10-03,30,quantile,0.975,18.0
2026-10-03,wk inc covid hosp,0,2026-10-03,30,quantile,0.99,21.0
2026-10-03,wk inc covid hosp,0,2026-10-03,31,quantile,0.01,0.0
2026-10-03,wk inc covid hosp,0,2026-10-03,31,quantile,0.025,0.0
2026-10-03,wk inc covid hosp,0,2026-10-03,31,quantile,0.05,0.0
2026-10-03,wk inc covid hosp,0,2026-10-03,31,quantile,0.1,1.0
2026-10-03,wk inc covid hosp,0,2026-10-03,31,quantile,0.15,1.0
2026-10-03,wk inc covid hosp,0,2026-10-03,31,quantile,0.2,2.0
2026-10-03,wk inc covid hosp,0,2026-10-03,31,quantile,0.25,3.0
2026-10-03,wk inc covid hosp,0,2026-10-03,31,quantile,0.3,3.0
2026-10-03,wk inc covid hosp,0,2026-10-03,31,quantile,0.35,4.0
2026-10-03,wk inc covid hosp,0,2026-10-03,31,quantile,0.4,4.0
2026-10-03,wk inc covid hosp,0,2026-10-03,31,quantile,0.45,5.0
2026-10-03,wk inc covid hosp,0,2026-10-03,31,quantile,0.5,6.0
2026-10-03,wk inc covid hosp,0,2026-10-03,31,quantile,0.55,6.0
2026-10-03,wk inc covid hosp,0,2026-10-03,31,quantile,0.6,7.0
2026-10-03,wk inc covid hosp,0,2026-10-03,31,quantile,0.65,7.0
2026-10-03,wk inc covid hosp,0,2026-10-03,31,quantile,0.7,8.0
2026-10-03,wk inc covid hosp,0,2026-10-03,31,quantile,0.75,9.0
2026-10-03,wk inc covid hosp,0,2026-10-03,31,quantile,0.8,10.0
2026-10-03,wk inc covid hosp,0,2026-10-03,31,quantile,0.85,11.0
2026-10-03,wk inc covid hosp,0,2026-10-03,31,quantile,0.9,12.0
2026-10-03,wk inc covid hosp,0,2026-10-03,31,quantile,0.95,14.0
2026-10-03,wk inc covid hosp,0,2026-10-03,31,quantile,0.975,16.0
2026-10-03,wk inc covid hosp,0,2026-10-03,31,quantile,0.99,19.0
2026-10-03,wk inc covid hosp,0,2026-10-03,32,quantile,0.01,9.0
2026-10-03,wk inc covid hosp,0,2026-10-03,32,quantile,0.025,12.0
2026-10-03,wk inc covid hosp,0,2026-10-03,32,quantile,0.05,14.0
2026-10-03,wk inc covid hosp,0,2026-10-03,32,quantile,0.1,17.0
2026-10-03,wk inc covid hosp,0,2026-10-03,32,quantile,0.15,18.0
2026-10-03,wk inc covid hosp,0,2026-10-03,32,quantile,0.2,20.0
2026-10-03,wk inc covid hosp,0,2026-10-03,32,quantile,0.25,21.0
2026-10-03,wk inc covid hosp,0,2026-10-03,32,quantile,0.3,22.0
2026-10-03,wk inc covid hosp,0,2026-10-03,32,quantile,0.35,23.0
2026-10-03,wk inc covid hosp,0,2026-10-03,32,quantile,0.4,24.0
2026-10-03,wk inc covid hosp,0,2026-10-03,32,quantile,0.45,25.0
2026-10-03,wk inc covid hosp,0,2026-10-03,32,quantile,0.5,26.0
2026-10-03,wk inc covid hosp,0,2026-10-03,32,quantile,0.55,27.0
2026-10-03,wk inc covid hosp,0,2026-10-03,32,quantile,0.6,28.0
2026-10-03,wk inc covid hosp,0,2026-10-03,32,quantile,0.65,30.0
2026-10-03,wk inc covid hosp,0,2026-10-03,32,quantile,0.7,31.0
2026-10-03,wk inc covid hosp,0,2026-10-03,32,quantile,0.75,32.0
2026-10-03,wk inc covid hosp,0,2026-10-03,32,quantile,0.8,34.0
2026-10-03,wk inc covid hosp,0,2026-10-03,32,quantile,0.85,36.0
2026-10-03,wk inc covid hosp,0,2026-10-03,32,quantile,0.9,39.0
2026-10-03,wk inc covid hosp,0,2026-10-03,32,quantile,0.95,42.0
2026-10-03,wk inc covid hosp,0,2026-10-03,32,quantile,0.975,46.0
2026-10-03,wk inc covid hosp,0,2026-10-03,32,quantile,0.99,50.0
2026-10-03,wk inc covid hosp,0,2026-10-03,33,quantile,0.01,4.0
2026-10-03,wk inc covid hosp,0,2026-10-03,33,quantile,0.025,5.0
2026-10-03,wk inc covid hosp,0,2026-10-03,33,quantile,0.05,7.0
2026-10-03,wk inc covid hosp,0,2026-10-03,33,quantile,0.1,10.0
2026-10-03,wk inc covid hosp,0,2026-10-03,33,quantile,0.15,11.0
2026-10-03,wk inc covid hosp,0,2026-10-03,33,quantile,0.2,13.0
2026-10-03,wk inc covid hosp,0,2026-10-03,33,quantile,0.25,14.0
2026-10-03,wk inc covid hosp,0,2026-10-03,33,quantile,0.3,15.0
2026-10-03,wk inc covid hosp,0,2026-10-03,33,quantile,0.35,16.0
2026-10-03,wk inc covid hosp,0,2026-10-03,33,quantile,0.4,17.0
2026-10-03,wk inc covid hosp,0,2026-10-03,33,quantile,0.45,18.0
2026-10-03,wk inc covid hosp,0,2026-10-03,33,quantile,0.5,20.0
2026-10-03,wk inc covid hosp,0,2026-10-03,33,quantile,0.55,21.0
2026-10-03,wk inc covid hosp,0,2026-10-03,33,quantile,0.6,22.0
2026-10-03,wk inc covid hosp,0,2026-10-03,33,quantile,0.65,24.0
2026-10-03,wk inc covid hosp,0,2026-10-03,33,quantile,0.7,25.0
2026-10-03,wk inc covid hosp,0,2026-10-03,33,quantile,0.75,27.0
2026-10-03,wk inc covid hosp,0,2026-10-03,33,quantile,0.8,30.0
2026-10-03,wk inc covid hosp,0,2026-10-03,33,quantile,0.85,33.0
2026-10-03,wk inc covid hosp,0,2026-10-03,33,quantile,0.9,36.0
2026-10-03,wk inc covid hosp,0,2026-10-03,33,quantile,0.95,41.0
2026-10-03,wk inc covid hosp,0,2026-10-03,33,quantile,0.975,46.0
2026-10-03,wk inc covid hosp,0,2026-10-03,33,quantile,0.99,53.0
2026-10-03,wk inc covid hosp,0,2026-10-03,34,quantile,0.01,63.0
2026-10-03,wk inc covid hosp,0,2026-10-03,34,quantile,0.025,73.0
2026-10-03,wk inc covid hosp,0,2026-10-03,34,quantile,0.05,82.0
2026-10-03,wk inc covid hosp,0,2026-10-03,34,quantile,0.1,93.0
2026-10-03,wk inc covid hosp,0,2026-10-03,34,quantile,0.15,100.0
2026-10-03,wk inc covid hosp,0,2026-10-03,34,quantile,0.2,108.0
2026-10-03,wk inc covid hosp,0,2026-10-03,34,quantile,0.25,113.0
2026-10-03,wk inc covid hosp,0,2026-10-03,34,quantile,0.3,120.0
2026-10-03,wk inc covid hosp,0,2026-10-03,34,quantile,0.35,124.0
2026-10-03,wk inc covid hosp,0,2026-10-03,34,quantile,0.4,129.0
2026-10-03,wk inc covid hosp,0,2026-10-03,34,quantile,0.45,133.0
2026-10-03,wk inc covid hosp,0,2026-10-03,34,quantile,0.5,138.0
2026-10-03,wk inc covid hosp,0,2026-10-03,34,quantile,0.55,143.0
2026-10-03,wk inc covid hosp,0,2026-10-03,34,quantile,0.6,149.0
2026-10-03,wk inc covid hosp,0,2026-10-03,34,quantile,0.65,154.0
2026-10-03,wk inc covid hosp,0,2026-10-03,34,quantile,0.7,159.0
2026-10-03,wk inc covid hosp,0,2026-10-03,34,quantile,0.75,165.0
2026-10-03,wk inc covid hosp,0,2026-10-03,34,quantile,0.8,172.0
2026-10-03,wk inc covid hosp,0,2026-10-03,34,quantile,0.85,180.0
2026-10-03,wk inc covid hosp,0,2026-10-03,34,quantile,0.9,190.0
2026-10-03,wk inc covid hosp,0,2026-10-03,34,quantile,0.95,205.0
2026-10-03,wk inc covid hosp,0,2026-10-03,34,quantile,0.975,218.0
2026-10-03,wk inc covid hosp,0,2026-10-03,34,quantile,0.99,239.0
2026-10-03,wk inc covid hosp,0,2026-10-03,35,quantile,0.01,0.0
2026-10-03,wk inc covid hosp,0,2026-10-03,35,quantile,0.025,0.0
2026-10-03,wk inc covid hosp,0,2026-10-03,35,quantile,0.05,0.0
2026-10-03,wk inc covid hosp,0,2026-10-03,35,quantile,0.1,0.0
2026-10-03,wk inc covid hosp,0,2026-10-03,35,quantile,0.15,0.0
2026-10-03,wk inc covid hosp,0,2026-10-03,35,quantile,0.2,1.0
2026-10-03,wk inc covid hosp,0,2026-10-03,35,quantile,0.25,2.0
2026-10-03,wk inc covid hosp,0,2026-10-03,35,quantile,0.3,2.0
2026-10-03,wk inc covid hosp,0,2026-10-03,35,quantile,0.35,3.0
2026-10-03,wk inc covid hosp,0,2026-10-03,35,quantile,0.4,4.0
2026-10-03,wk inc covid hosp,0,2026-10-03,35,quantile,0.45,4.0
2026-10-03,wk inc covid hosp,0,2026-10-03,35,quantile,0.5,5.0
2026-10-03,wk inc covid hosp,0,2026-10-03,35,quantile,0.55,6.0
2026-10-03,wk inc covid hosp,0,2026-10-03,35,quantile,0.6,6.0
2026-10-03,wk inc covid hosp,0,2026-10-03,35,quantile,0.65,7.0
2026-10-03,wk inc covid hosp,0,2026-10-03,35,quantile,0.7,8.0
2026-10-03,wk inc covid hosp,0,2026-10-03,35,quantile,0.75,9.0
2026-10-03,wk inc covid hosp,0,2026-10-03,35,quantile,0.8,10.0
2026-10-03,wk inc covid hosp,0,2026-10-03,35,quantile,0.85,11.0
2026-10-03,wk inc covid hosp,0,2026-10-03,35,quantile,0.9,13.0
2026-10-03,wk inc covid hosp,0,2026-10-03,35,quantile,0.95,15.0
2026-10-03,wk inc covid hosp,0,2026-10-03,35,quantile,0.975,18.0
2026-10-03,wk inc covid hosp,0,2026-10-03,35,quantile,0.99,21.0
2026-10-03,wk inc covid hosp,0,2026-10-03,36,quantile,0.01,165.0
2026-10-03,wk inc covid hosp,0,2026-10-03,36,quantile,0.025,181.0
2026-10-03,wk inc covid hosp,0,2026-10-03,36,quantile,0.05,194.0
2026-10-03,wk inc covid hosp,0,2026-10-03,36,quantile,0.1,213.0
2026-10-03,wk inc covid hosp,0,2026-10-03,36,quantile,0.15,223.0
2026-10-03,wk inc covid hosp,0,2026-10-03,36,quantile,0.2,235.0
2026-10-03,wk inc covid hosp,0,2026-10-03,36,quantile,0.25,244.0
2026-10-03,wk inc covid hosp,0,2026-10-03,36,quantile,0.3,253.0
2026-10-03,wk inc covid hosp,0,2026-10-03,36,quantile,0.35,260.0
2026-10-03,wk inc covid hosp,0,2026-10-03,36,quantile,0.4,268.0
2026-10-03,wk inc covid hosp,0,2026-10-03,36,quantile,0.45,273.0
2026-10-03,wk inc covid hosp,0,2026-10-03,36,quantile,0.5,281.0
2026-10-03,wk inc covid hosp,0,2026-10-03,36,quantile,0.55,288.0
2026-10-03,wk inc covid hosp,0,2026-10-03,36,quantile,0.6,297.0
2026-10-03,wk inc covid hosp,0,2026-10-03,36,quantile,0.65,303.0
2026-10-03,wk inc covid hosp,0,2026-10-03,36,quantile,0.7,311.0
2026-10-03,wk inc covid hosp,0,2026-10-03,36,quantile,0.75,320.0
2026-10-03,wk inc covid hosp,0,2026-10-03,36,quantile,0.8,329.0
2026-10-03,wk inc covid hosp,0,2026-10-03,36,quantile,0.85,340.0
2026-10-03,wk inc covid hosp,0,2026-10-03,36,quantile,0.9,355.0
2026-10-03,wk inc covid hosp,0,2026-10-03,36,quantile,0.95,377.0
2026-10-03,wk inc covid hosp,0,2026-10-03,36,quantile,0.975,394.0
2026-10-03,wk inc covid hosp,0,2026-10-03,36,quantile,0.99,423.0
2026-10-03,wk inc covid hosp,0,2026-10-03,37,quantile,0.01,89.0
2026-10-03,wk inc covid hosp,0,2026-10-03,37,quantile,0.025,98.0
2026-10-03,wk inc covid hosp,0,2026-10-03,37,quantile,0.05,106.0
2026-10-03,wk inc covid hosp,0,2026-10-03,37,quantile,0.1,118.0
2026-10-03,wk inc covid hosp,0,2026-10-03,37,quantile,0.15,124.0
2026-10-03,wk inc covid hosp,0,2026-10-03,37,quantile,0.2,131.0
2026-10-03,wk inc covid hosp,0,2026-10-03,37,quantile,0.25,136.0
2026-10-03,wk inc covid hosp,0,2026-10-03,37,quantile,0.3,142.0
2026-10-03,wk inc covid hosp,0,2026-10-03,37,quantile,0.35,146.0
2026-10-03,wk inc covid hosp,0,2026-10-03,37,quantile,0.4,151.0
2026-10-03,wk inc covid hosp,0,2026-10-03,37,quantile,0.45,154.0
2026-10-03,wk inc covid hosp,0,2026-10-03,37,quantile,0.5,159.0
2026-10-03,wk inc covid hosp,0,2026-10-03,37,quantile,0.55,163.0
2026-10-03,wk inc covid hosp,0,2026-10-03,37,quantile,0.6,168.0
2026-10-03,wk inc covid hosp,0,2026-10-03,37,quantile,0.65,172.0
2026-10-03,wk inc covid hosp,0,2026-10-03,37,quantile,0.7,177.0
2026-10-03,wk inc covid hosp,0,2026-10-03,37,quantile,0.75,182.0
2026-10-03,wk inc covid hosp,0,2026-10-03,37,quantile,0.8,188.0
2026-10-03,wk inc covid hosp,0,2026-10-03,37,quantile,0.85,195.0
2026-10-03,wk inc covid hosp,0,2026-10-03,37,quantile,0.9,204.0
2026-10-03,wk inc covid hosp,0,2026-10-03,37,quantile,0.95,217.0
2026-10-03,wk inc covid hosp,0,2026-10-03,37,quantile,0.975,227.0
2026-10-03,wk inc covid hosp,0,2026-10-03,37,quantile,0.99,245.0
2026-10-03,wk inc covid hosp,0,2026-10-03,38,quantile,0.01,0.0
2026-10-03,wk inc covid hosp,0,2026-10-03,38,quantile,0.025,0.0
2026-10-03,wk inc covid hosp,0,2026-10-03,38,quantile,0.05,0.0
2026-10-03,wk inc covid hosp,0,2026-10-03,38,quantile,0.1,0.0
2026-10-03,wk inc covid hosp,0,2026-10-03,38,quantile,0.15,1.0
2026-10-03,wk inc covid hosp,0,2026-10-03,38,quantile,0.2,1.0
2026-10-03,wk inc covid hosp,0,2026-10-03,38,quantile,0.25,1.0
2026-10-03,wk inc covid hosp,0,2026-10-03,38,quantile,0.3,2.0
2026-10-03,wk inc covid hosp,0,2026-10-03,38,quantile,0.35,2.0
2026-10-03,wk inc covid hosp,0,2026-10-03,38,quantile,0.4,2.0
2026-10-03,wk inc covid hosp,0,2026-10-03,38,quantile,0.45,3.0
2026-10-03,wk inc covid hosp,0,2026-10-03,38,quantile,0.5,3.0
2026-10-03,wk inc covid hosp,0,2026-10-03,38,quantile,0.55,3.0
2026-10-03,wk inc covid hosp,0,2026-10-03,38,quantile,0.6,4.0
2026-10-03,wk inc covid hosp,0,2026-10-03,38,quantile,0.65,4.0
2026-10-03,wk inc covid hosp,0,2026-10-03,38,quantile,0.7,4.0
2026-10-03,wk inc covid hosp,0,2026-10-03,38,quantile,0.75,5.0
2026-10-03,wk inc covid hosp,0,2026-10-03,38,quantile,0.8,5.0
2026-10-03,wk inc covid hosp,0,2026-10-03,38,quantile,0.85,6.0
2026-10-03,wk inc covid hosp,0,2026-10-03,38,quantile,0.9,7.0
2026-10-03,wk inc covid hosp,0,2026-10-03,38,quantile,0.95,8.0
2026-10-03,wk inc covid hosp,0,2026-10-03,38,quantile,0.975,9.0
2026-10-03,wk inc covid hosp,0,2026-10-03,38,quantile,0.99,11.0
2026-10-03,wk inc covid hosp,0,2026-10-03,39,quantile,0.01,13.0
2026-10-03,wk inc covid hosp,0,2026-10-03,39,quantile,0.025,19.0
2026-10-03,wk inc covid hosp,0,2026-10-03,39,quantile,0.05,24.0
2026-10-03,wk inc covid hosp,0,2026-10-03,39,quantile,0.1,32.0
2026-10-03,wk inc covid hosp,0,2026-10-03,39,quantile,0.15,35.0
2026-10-03,wk inc covid hosp,0,2026-10-03,39,quantile,0.2,40.0
2026-10-03,wk inc covid hosp,0,2026-10-03,39,quantile,0.25,43.0
2026-10-03,wk inc covid hosp,0,2026-10-03,39,quantile,0.3,47.0
2026-10-03,wk inc covid hosp,0,2026-10-03,39,quantile,0.35,49.0
2026-10-03,wk inc covid hosp,0,2026-10-03,39,quantile,0.4,52.0
2026-10-03,wk inc covid hosp,0,2026-10-03,39,quantile,0.45,55.0
2026-10-03,wk inc covid hosp,0,2026-10-03,39,quantile,0.5,57.0
2026-10-03,wk inc covid hosp,0,2026-10-03,39,quantile,0.55,60.0
2026-10-03,wk inc covid hosp,0,2026-10-03,39,quantile,0.6,63.0
2026-10-03,wk inc covid hosp,0,2026-10-03,39,quantile,0.65,66.0
2026-10-03,wk inc covid hosp,0,2026-10-03,39,quantile,0.7,69.0
2026-10-03,wk inc covid hosp,0,2026-10-03,39,quantile,0.75,72.0
2026-10-03,wk inc covid hosp,0,2026-10-03,39,quantile,0.8,76.0
2026-10-03,wk inc covid hosp,0,2026-10-03,39,quantile,0.85,80.0
2026-10-03,wk inc covid hosp,0,2026-10-03,39,quantile,0.9,86.0
2026-10-03,wk inc covid hosp,0,2026-10-03,39,quantile,0.95,94.0
2026-10-03,wk inc covid hosp,0,2026-10-03,39,quantile,0.975,100.0
2026-10-03,wk inc covid hosp,0,2026-10-03,39,quantile,0.99,111.0
2026-10-03,wk inc covid hosp,0,2026-10-03,40,quantile,0.01,0.0
2026-10-03,wk inc covid hosp,0,2026-10-03,40,quantile,0.025,0.0
2026-10-03,wk inc covid hosp,0,2026-10-03,40,quantile,0.05,0.0
2026-10-03,wk inc covid hosp,0,2026-10-03,40,quantile,0.1,2.0
2026-10-03,wk inc covid hosp,0,2026-10-03,40,quantile,0.15,4.0
2026-10-03,wk inc covid hosp,0,2026-10-03,40,quantile,0.2,5.0
2026-10-03,wk inc covid hosp,0,2026-10-03,40,quantile,0.25,6.0
2026-10-03,wk inc covid hosp,0,2026-10-03,40,quantile,0.3,7.0
2026-10-03,wk inc covid hosp,0,2026-10-03,40,quantile,0.35,8.0
2026-10-03,wk inc covid hosp,0,2026-10-03,40,quantile,0.4,9.0
2026-10-03,wk inc covid hosp,0,2026-10-03,40,quantile,0.45,10.0
2026-10-03,wk inc covid hosp,0,2026-10-03,40,quantile,0.5,11.0
2026-10-03,wk inc covid hosp,0,2026-10-03,40,quantile,0.55,12.0
2026-10-03,wk inc covid hosp,0,2026-10-03,40,quantile,0.6,13.0
2026-10-03,wk inc covid hosp,0,2026-10-03,40,quantile,0.65,14.0
2026-10-03,wk inc covid hosp,0,2026-10-03,40,quantile,0.7,15.0
2026-10-03,wk inc covid hosp,0,2026-10-03,40,quantile,0.75,17.0
2026-10-03,wk inc covid hosp,0,2026-10-03,40,quantile,0.8,18.0
2026-10-03,wk inc covid hosp,0,2026-10-03,40,quantile,0.85,20.0
2026-10-03,wk inc covid hosp,0,2026-10-03,40,quantile,0.9,23.0
2026-10-03,wk inc covid hosp,0,2026-10-03,40,quantile,0.95,26.0
2026-10-03,wk inc covid hosp,0,2026-10-03,40,quantile,0.975,30.0
2026-10-03,wk inc covid hosp,0,2026-10-03,40,quantile,0.99,34.0
2026-10-03,wk inc covid hosp,0,2026-10-03,41,quantile,0.01,24.0
2026-10-03,wk inc covid hosp,0,2026-10-03,41,quantile,0.025,28.0
2026-10-03,wk inc covid hosp,0,2026-10-03,41,quantile,0.05,31.0
2026-10-03,wk inc covid hosp,0,2026-10-03,41,quantile,0.1,35.0
2026-10-03,wk inc covid hosp,0,2026-10-03,41,quantile,0.15,38.0
2026-10-03,wk inc covid hosp,0,2026-10-03,41,quantile,0.2,40.0
2026-10-03,wk inc covid hosp,0,2026-10-03,41,quantile,0.25,42.0
2026-10-03,wk inc covid hosp,0,2026-10-03,41,quantile,0.3,44.0
2026-10-03,wk inc covid hosp,0,2026-10-03,41,quantile,0.35,46.0
2026-10-03,wk inc covid hosp,0,2026-10-03,41,quantile,0.4,47.0
2026-10-03,wk inc covid hosp,0,2026-10-03,41,quantile,0.45,49.0
2026-10-03,wk inc covid hosp,0,2026-10-03,41,quantile,0.5,51.0
2026-10-03,wk inc covid hosp,0,2026-10-03,41,quantile,0.55,53.0
2026-10-03,wk inc covid hosp,0,2026-10-03,41,quantile,0.6,55.0
2026-10-03,wk inc covid hosp,0,2026-10-03,41,quantile,0.65,57.0
2026-10-03,wk inc covid hosp,0,2026-10-03,41,quantile,0.7,59.0
2026-10-03,wk inc covid hosp,0,2026-10-03,41,quantile,0.75,61.0
2026-10-03,wk inc covid hosp,0,2026-10-03,41,quantile,0.8,63.0
2026-10-03,wk inc covid hosp,0,2026-10-03,41,quantile,0.85,67.0
2026-10-03,wk inc covid hosp,0,2026-10-03,41,quantile,0.9,72.0
2026-10-03,wk inc covid hosp,0,2026-10-03,41,quantile,0.95,77.0
2026-10-03,wk inc covid hosp,0,2026-10-03,41,quantile,0.975,84.0
2026-10-03,wk inc covid hosp,0,2026-10-03,41,quantile,0.99,90.0
2026-10-03,wk inc covid hosp,0,2026-10-03,42,quantile,0.01,88.0
2026-10-03,wk inc covid hosp,0,2026-10-03,42,quantile,0.025,101.0
2026-10-03,wk inc covid hosp,0,2026-10-03,42,quantile,0.05,114.0
2026-10-03,wk inc covid hosp,0,2026-10-03,42,quantile,0.1,131.0
2026-10-03,wk inc covid hosp,0,2026-10-03,42,quantile,0.15,140.0
2026-10-03,wk inc covid hosp,0,2026-10-03,42,quantile,0.2,151.0
2026-10-03,wk inc covid hosp,0,2026-10-03,42,quantile,0.25,159.0
2026-10-03,wk inc covid hosp,0,2026-10-03,42,quantile,0.3,168.0
2026-10-03,wk inc covid hosp,0,2026-10-03,42,quantile,0.35,175.0
2026-10-03,wk inc covid hosp,0,2026-10-03,42,quantile,0.4,182.0
2026-10-03,wk inc covid hosp,0,2026-10-03,42,quantile,0.45,188.0
2026-10-03,wk inc covid hosp,0,2026-10-03,42,quantile,0.5,195.0
2026-10-03,wk inc covid hosp,0,2026-10-03,42,quantile,0.55,202.0
2026-10-03,wk inc covid hosp,0,2026-10-03,42,quantile,0.6,210.0
2026-10-03,wk inc covid hosp,0,2026-10-03,42,quantile,0.65,217.0
2026-10-03,wk inc covid hosp,0,2026-10-03,42,quantile,0.7,225.0
2026-10-03,wk inc covid hosp,0,2026-10-03,42,quantile,0.75,233.0
2026-10-03,wk inc covid hosp,0,2026-10-03,42,quantile,0.8,242.0
2026-10-03,wk inc covid hosp,0,2026-10-03,42,quantile,0.85,255.0
2026-10-03,wk inc covid hosp,0,2026-10-03,42,quantile,0.9,270.0
2026-10-03,wk inc covid hosp,0,2026-10-03,42,quantile,0.95,292.0
2026-10-03,wk inc covid hosp,0,2026-10-03,42,quantile,0.975,309.0
2026-10-03,wk inc covid hosp,0,2026-10-03,42,quantile,0.99,338.0
2026-10-03,wk inc covid hosp,0,2026-10-03,44,quantile,0.01,0.0
2026-10-03,wk inc covid hosp,0,2026-10-03,44,quantile,0.025,1.0
2026-10-03,wk inc covid hosp,0,2026-10-03,44,quantile,0.05,2.0
2026-10-03,wk inc covid hosp,0,2026-10-03,44,quantile,0.1,4.0
2026-10-03,wk inc covid hosp,0,2026-10-03,44,quantile,0.15,4.0
2026-10-03,wk inc covid hosp,0,2026-10-03,44,quantile,0.2,5.0
2026-10-03,wk inc covid hosp,0,2026-10-03,44,quantile,0.25,6.0
2026-10-03,wk inc covid hosp,0,2026-10-03,44,quantile,0.3,6.0
2026-10-03,wk inc covid hosp,0,2026-10-03,44,quantile,0.35,7.0
2026-10-03,wk inc covid hosp,0,2026-10-03,44,quantile,0.4,8.0
2026-10-03,wk inc covid hosp,0,2026-10-03,44,quantile,0.45,8.0
2026-10-03,wk inc covid hosp,0,2026-10-03,44,quantile,0.5,9.0
2026-10-03,wk inc covid hosp,0,2026-10-03,44,quantile,0.55,9.0
2026-10-03,wk inc covid hosp,0,2026-10-03,44,quantile,0.6,10.0
2026-10-03,wk inc covid hosp,0,2026-10-03,44,quantile,0.65,11.0
2026-10-03,wk inc covid hosp,0,2026-10-03,44,quantile,0.7,11.0
2026-10-03,wk inc covid hosp,0,2026-10-03,44,quantile,0.75,12.0
2026-10-03,wk inc covid hosp,0,2026-10-03,44,quantile,0.8,14.0
2026-10-03,wk inc covid hosp,0,2026-10-03,44,quantile,0.85,15.0
2026-10-03,wk inc covid hosp,0,2026-10-03,44,quantile,0.9,17.0
2026-10-03,wk inc covid hosp,0,2026-10-03,44,quantile,0.95,19.0
2026-10-03,wk inc covid hosp,0,2026-10-03,44,quantile,0.975,21.0
2026-10-03,wk inc covid hosp,0,2026-10-03,44,quantile,0.99,24.0
2026-10-03,wk inc covid hosp,0,2026-10-03,45,quantile,0.01,28.0
2026-10-03,wk inc covid hosp,0,2026-10-03,45,quantile,0.025,33.0
2026-10-03,wk inc covid hosp,0,2026-10-03,45,quantile,0.05,36.0
2026-10-03,wk inc covid hosp,0,2026-10-03,45,quantile,0.1,42.0
2026-10-03,wk inc covid hosp,0,2026-10-03,45,quantile,0.15,45.0
2026-10-03,wk inc covid hosp,0,2026-10-03,45,quantile,0.2,48.0
2026-10-03,wk inc covid hosp,0,2026-10-03,45,quantile,0.25,51.0
2026-10-03,wk inc covid hosp,0,2026-10-03,45,quantile,0.3,53.0
2026-10-03,wk inc covid hosp,0,2026-10-03,45,quantile,0.35,55.0
2026-10-03,wk inc covid hosp,0,2026-10-03,45,quantile,0.4,57.0
2026-10-03,wk inc covid hosp,0,2026-10-03,45,quantile,0.45,59.0
2026-10-03,wk inc covid hosp,0,2026-10-03,45,quantile,0.5,61.0
2026-10-03,wk inc covid hosp,0,2026-10-03,45,quantile,0.55,63.0
2026-10-03,wk inc covid hosp,0,2026-10-03,45,quantile,0.6,66.0
2026-10-03,wk inc covid hosp,0,2026-10-03,45,quantile,0.65,68.0
2026-10-03,wk inc covid hosp,0,2026-10-03,45,quantile,0.7,70.0
2026-10-03,wk inc covid hosp,0,2026-10-03,45,quantile,0.75,72.0
2026-10-03,wk inc covid hosp,0,2026-10-03,45,quantile,0.8,75.0
2026-10-03,wk inc covid hosp,0,2026-10-03,45,quantile,0.85,79.0
2026-10-03,wk inc covid hosp,0,2026-10-03,45,quantile,0.9,83.0
2026-10-03,wk inc covid hosp,0,2026-10-03,45,quantile,0.95,89.0
2026-10-03,wk inc covid hosp,0,2026-10-03,45,quantile,0.975,95.0
2026-10-03,wk inc covid hosp,0,2026-10-03,45,quantile,0.99,103.0
2026-10-03,wk inc covid hosp,0,2026-10-03,46,quantile,0.01,0.0
2026-10-03,wk inc covid hosp,0,2026-10-03,46,quantile,0.025,0.0
2026-10-03,wk inc covid hosp,0,2026-10-03,46,quantile,0.05,0.0
2026-10-03,wk inc covid hosp,0,2026-10-03,46,quantile,0.1,0.0
2026-10-03,wk inc covid hosp,0,2026-10-03,46,quantile,0.15,0.0
2026-10-03,wk inc covid hosp,0,2026-10-03,46,quantile,0.2,1.0
2026-10-03,wk inc covid hosp,0,2026-10-03,46,quantile,0.25,1.0
2026-10-03,wk inc covid hosp,0,2026-10-03,46,quantile,0.3,1.0
2026-10-03,wk inc covid hosp,0,2026-10-03,46,quantile,0.35,2.0
2026-10-03,wk inc covid hosp,0,2026-10-03,46,quantile,0.4,2.0
2026-10-03,wk inc covid hosp,0,2026-10-03,46,quantile,0.45,3.0
2026-10-03,wk inc covid hosp,0,2026-10-03,46,quantile,0.5,3.0
2026-10-03,wk inc covid hosp,0,2026-10-03,46,quantile,0.55,3.0
2026-10-03,wk inc covid hosp,0,2026-10-03,46,quantile,0.6,4.0
2026-10-03,wk inc covid hosp,0,2026-10-03,46,quantile,0.65,4.0
2026-10-03,wk inc covid hosp,0,2026-10-03,46,quantile,0.7,5.0
2026-10-03,wk inc covid hosp,0,2026-10-03,46,quantile,0.75,5.0
2026-10-03,wk inc covid hosp,0,2026-10-03,46,quantile,0.8,6.0
2026-10-03,wk inc covid hosp,0,2026-10-03,46,quantile,0.85,7.0
2026-10-03,wk inc covid hosp,0,2026-10-03,46,quantile,0.9,8.0
2026-10-03,wk inc covid hosp,0,2026-10-03,46,quantile,0.95,9.0
2026-10-03,wk inc covid hosp,0,2026-10-03,46,quantile,0.975,10.0
2026-10-03,wk inc covid hosp,0,2026-10-03,46,quantile,0.99,12.0
2026-10-03,wk inc covid hosp,0,2026-10-03,47,quantile,0.01,10.0
2026-10-03,wk inc covid hosp,0,2026-10-03,47,quantile,0.025,15.0
2026-10-03,wk inc covid hosp,0,2026-10-03,47,quantile,0.05,19.0
2026-10-03,wk inc covid hosp,0,2026-10-03,47,quantile,0.1,24.0
2026-10-03,wk inc covid hosp,0,2026-10-03,47,quantile,0.15,27.0
2026-10-03,wk inc covid hosp,0,2026-10-03,47,quantile,0.2,30.0
2026-10-03,wk inc covid hosp,0,2026-10-03,47,quantile,0.25,32.0
2026-10-03,wk inc covid hosp,0,2026-10-03,47,quantile,0.3,34.0
2026-10-03,wk inc covid hosp,0,2026-10-03,47,quantile,0.35,36.0
2026-10-03,wk inc covid hosp,0,2026-10-03,47,quantile,0.4,38.0
2026-10-03,wk inc covid hosp,0,2026-10-03,47,quantile,0.45,40.0
2026-10-03,wk inc covid hosp,0,2026-10-03,47,quantile,0.5,43.0
2026-10-03,wk inc covid hosp,0,2026-10-03,47,quantile,0.55,45.0
2026-10-03,wk inc covid hosp,0,2026-10-03,47,quantile,0.6,47.0
2026-10-03,wk inc covid hosp,0,2026-10-03,47,quantile,0.65,49.0
2026-10-03,wk inc covid hosp,0,2026-10-03,47,quantile,0.7,52.0
2026-10-03,wk inc covid hosp,0,2026-10-03,47,quantile,0.75,54.0
2026-10-03,wk inc covid hosp,0,2026-10-03,47,quantile,0.8,57.0
2026-10-03,wk inc covid hosp,0,2026-10-03,47,quantile,0.85,61.0
2026-10-03,wk inc covid hosp,0,2026-10-03,47,quantile,0.9,67.0
2026-10-03,wk inc covid hosp,0,2026-10-03,47,quantile,0.95,74.0
2026-10-03,wk inc covid hosp,0,2026-10-03,47,quantile,0.975,81.0
2026-10-03,wk inc covid hosp,0,2026-10-03,47,quantile,0.99,89.0
2026-10-03,wk inc covid hosp,0,2026-10-03,48,quantile,0.01,170.0
2026-10-03,wk inc covid hosp,0,2026-10-03,48,quantile,0.025,194.0
2026-10-03,wk inc covid hosp,0,2026-10-03,48,quantile,0.05,214.0
2026-10-03,wk inc covid hosp,0,2026-10-03,48,quantile,0.1,244.0
2026-10-03,wk inc covid hosp,0,2026-10-03,48,quantile,0.15,259.0
2026-10-03,wk inc covid hosp,0,2026-10-03,48,quantile,0.2,279.0
2026-10-03,wk inc covid hosp,0,2026-10-03,48,quantile,0.25,293.0
2026-10-03,wk inc covid hosp,0,2026-10-03,48,quantile,0.3,308.0
2026-10-03,wk inc covid hosp,0,2026-10-03,48,quantile,0.35,317.0
2026-10-03,wk inc covid hosp,0,2026-10-03,48,quantile,0.4,331.0
2026-10-03,wk inc covid hosp,0,2026-10-03,48,quantile,0.45,340.0
2026-10-03,wk inc covid hosp,0,2026-10-03,48,quantile,0.5,352.0
2026-10-03,wk inc covid hosp,0,2026-10-03,48,quantile,0.55,364.0
2026-10-03,wk inc covid hosp,0,2026-10-03,48,quantile,0.6,378.0
2026-10-03,wk inc covid hosp,0,2026-10-03,48,quantile,0.65,389.0
2026-10-03,wk inc covid hosp,0,2026-10-03,48,quantile,0.7,401.0
2026-10-03,wk inc covid hosp,0,2026-10-03,48,quantile,0.75,415.0
2026-10-03,wk inc covid hosp,0,2026-10-03,48,quantile,0.8,431.0
2026-10-03,wk inc covid hosp,0,2026-10-03,48,quantile,0.85,449.0
2026-10-03,wk inc covid hosp,0,2026-10-03,48,quantile,0.9,474.0
2026-10-03,wk inc covid hosp,0,2026-10-03,48,quantile,0.95,510.0
2026-10-03,wk inc covid hosp,0,2026-10-03,48,quantile,0.975,538.0
2026-10-03,wk inc covid hosp,0,2026-10-03,48,quantile,0.99,587.0
2026-10-03,wk inc covid hosp,0,2026-10-03,49,quantile,0.01,6.0
2026-10-03,wk inc covid hosp,0,2026-10-03,49,quantile,0.025,8.0
2026-10-03,wk inc covid hosp,0,2026-10-03,49,quantile,0.05,10.0
2026-10-03,wk inc covid hosp,0,2026-10-03,49,quantile,0.1,12.0
2026-10-03,wk inc covid hosp,0,2026-10-03,49,quantile,0.15,14.0
2026-10-03,wk inc covid hosp,0,2026-10-03,49,quantile,0.2,15.0
2026-10-03,wk inc covid hosp,0,2026-10-03,49,quantile,0.25,16.0
2026-10-03,wk inc covid hosp,0,2026-10-03,49,quantile,0.3,17.0
2026-10-03,wk inc covid hosp,0,2026-10-03,49,quantile,0.35,18.0
2026-10-03,wk inc covid hosp,0,2026-10-03,49,quantile,0.4,19.0
2026-10-03,wk inc covid hosp,0,2026-10-03,49,quantile,0.45,20.0
2026-10-03,wk inc covid hosp,0,2026-10-03,49,quantile,0.5,21.0
2026-10-03,wk inc covid hosp,0,2026-10-03,49,quantile,0.55,22.0
2026-10-03,wk inc covid hosp,0,2026-10-03,49,quantile,0.6,23.0
2026-10-03,wk inc covid hosp,0,2026-10-03,49,quantile,0.65,24.0
2026-10-03,wk inc covid hosp,0,2026-10-03,49,quantile,0.7,25.0
2026-10-03,wk inc covid hosp,0,2026-10-03,49,quantile,0.75,26.0
2026-10-03,wk inc covid hosp,0,2026-10-03,49,quantile,0.8,28.0
2026-10-03,wk inc covid hosp,0,2026-10-03,49,quantile,0.85,30.0
2026-10-03,wk inc covid hosp,0,2026-10-03,49,quantile,0.9,32.0
2026-10-03,wk inc covid hosp,0,2026-10-03,49,quantile,0.95,35.0
2026-10-03,wk inc covid hosp,0,2026-10-03,49,quantile,0.975,39.0
2026-10-03,wk inc covid hosp,0,2026-10-03,49,quantile,0.99,43.0
2026-10-03,wk inc covid hosp,0,2026-10-03,50,quantile,0.01,1.0
2026-10-03,wk inc covid hosp,0,2026-10-03,50,quantile,0.025,1.0
2026-10-03,wk inc covid hosp,0,2026-10-03,50,quantile,0.05,2.0
2026-10-03,wk inc covid hosp,0,2026-10-03,50,quantile,0.1,3.0
2026-10-03,wk inc covid hosp,0,2026-10-03,50,quantile,0.15,4.0
2026-10-03,wk inc covid hosp,0,2026-10-03,50,quantile,0.2,4.0
2026-10-03,wk inc covid hosp,0,2026-10-03,50,quantile,0.25,5.0
2026-10-03,wk inc covid hosp,0,2026-10-03,50,quantile,0.3,5.0
2026-10-03,wk inc covid hosp,0,2026-10-03,50,quantile,0.35,5.0
2026-10-03,wk inc covid hosp,0,2026-10-03,50,quantile,0.4,6.0
2026-10-03,wk inc covid hosp,0,2026-10-03,50,quantile,0.45,6.0
2026-10-03,wk inc covid hosp,0,2026-10-03,50,quantile,0.5,7.0
2026-10-03,wk inc covid hosp,0,2026-10-03,50,quantile,0.55,7.0
2026-10-03,wk inc covid hosp,0,2026-10-03,50,quantile,0.6,8.0
2026-10-03,wk inc covid hosp,0,2026-10-03,50,quantile,0.65,8.0
2026-10-03,wk inc covid hosp,0,2026-10-03,50,quantile,0.7,9.0
2026-10-03,wk inc covid hosp,0,2026-10-03,50,quantile,0.75,9.0
2026-10-03,wk inc covid hosp,0,2026-10-03,50,quantile,0.8,11.0
2026-10-03,wk inc covid hosp,0,2026-10-03,50,quantile,0.85,11.0
2026-10-03,wk inc covid hosp,0,2026-10-03,50,quantile,0.9,13.0
2026-10-03,wk inc covid hosp,0,2026-10-03,50,quantile,0.95,14.0
2026-10-03,wk inc covid hosp,0,2026-10-03,50,quantile,0.975,16.0
2026-10-03,wk inc covid hosp,0,2026-10-03,50,quantile,0.99,18.0
2026-10-03,wk inc covid hosp,0,2026-10-03,51,quantile,0.01,14.0
2026-10-03,wk inc covid hosp,0,2026-10-03,51,quantile,0.025,18.0
2026-10-03,wk inc covid hosp,0,2026-10-03,51,quantile,0.05,22.0
2026-10-03,wk inc covid hosp,0,2026-10-03,51,quantile,0.1,27.0
2026-10-03,wk inc covid hosp,0,2026-10-03,51,quantile,0.15,30.0
2026-10-03,wk inc covid hosp,0,2026-10-03,51,quantile,0.2,33.0
2026-10-03,wk inc covid hosp,0,2026-10-03,51,quantile,0.25,35.0
2026-10-03,wk inc covid hosp,0,2026-10-03,51,quantile,0.3,37.0
2026-10-03,wk inc covid hosp,0,2026-10-03,51,quantile,0.35,39.0
2026-10-03,wk inc covid hosp,0,2026-10-03,51,quantile,0.4,41.0
2026-10-03,wk inc covid hosp,0,2026-10-03,51,quantile,0.45,43.0
2026-10-03,wk inc covid hosp,0,2026-10-03,51,quantile,0.5,45.0
2026-10-03,wk inc covid hosp,0,2026-10-03,51,quantile,0.55,47.0
2026-10-03,wk inc covid hosp,0,2026-10-03,51,quantile,0.6,49.0
2026-10-03,wk inc covid hosp,0,2026-10-03,51,quantile,0.65,51.0
2026-10-03,wk inc covid hosp,0,2026-10-03,51,quantile,0.7,53.0
2026-10-03,wk inc covid hosp,0,2026-10-03,51,quantile,0.75,56.0
2026-10-03,wk inc covid hosp,0,2026-10-03,51,quantile,0.8,58.0
2026-10-03,wk inc covid hosp,0,2026-10-03,51,quantile,0.85,62.0
2026-10-03,wk inc covid hosp,0,2026-10-03,51,quantile,0.9,67.0
2026-10-03,wk inc covid hosp,0,2026-10-03,51,quantile,0.95,73.0
2026-10-03,wk inc covid hosp,0,2026-10-03,51,quantile,0.975,80.0
2026-10-03,wk inc covid hosp,0,2026-10-03,51,quantile,0.99,87.0
2026-10-03,wk inc covid hosp,0,2026-10-03,53,quantile,0.01,133.0
2026-10-03,wk inc covid hosp,0,2026-10-03,53,quantile,0.025,143.0
2026-10-03,wk inc covid hosp,0,2026-10-03,53,quantile,0.05,151.0
2026-10-03,wk inc covid hosp,0,2026-10-03,53,quantile,0.1,163.0
2026-10-03,wk inc covid hosp,0,2026-10-03,53,quantile,0.15,169.0
2026-10-03,wk inc covid hosp,0,2026-10-03,53,quantile,0.2,176.0
2026-10-03,wk inc covid hosp,0,2026-10-03,53,quantile,0.25,182.0
2026-10-03,wk inc covid hosp,0,2026-10-03,53,quantile,0.3,187.0
2026-10-03,wk inc covid hosp,0,2026-10-03,53,quantile,0.35,191.0
2026-10-03,wk inc covid hosp,0,2026-10-03,53,quantile,0.4,196.0
2026-10-03,wk inc covid hosp,0,2026-10-03,53,quantile,0.45,199.0
2026-10-03,wk inc covid hosp,0,2026-10-03,53,quantile,0.5,204.0
2026-10-03,wk inc covid hosp,0,2026-10-03,53,quantile,0.55,209.0
2026-10-03,wk inc covid hosp,0,2026-10-03,53,quantile,0.6,214.0
2026-10-03,wk inc covid hosp,0,2026-10-03,53,quantile,0.65,218.0
2026-10-03,wk inc covid hosp,0,2026-10-03,53,quantile,0.7,222.0
2026-10-03,wk inc covid hosp,0,2026-10-03,53,quantile,0.75,228.0
2026-10-03,wk inc covid hosp,0,2026-10-03,53,quantile,0.8,234.0
2026-10-03,wk inc covid hosp,0,2026-10-03,53,quantile,0.85,240.0
2026-10-03,wk inc covid hosp,0,2026-10-03,53,quantile,0.9,250.0
2026-10-03,wk inc covid hosp,0,2026-10-03,53,quantile,0.95,263.0
2026-10-03,wk inc covid hosp,0,2026-10-03,53,quantile,0.975,273.0
2026-10-03,wk inc covid hosp,0,2026-10-03,53,quantile,0.99,291.0
2026-10-03,wk inc covid hosp,0,2026-10-03,54,quantile,0.01,10.0
2026-10-03,wk inc covid hosp,0,2026-10-03,54,quantile,0.025,12.0
2026-10-03,wk inc covid hosp,0,2026-10-03,54,quantile,0.05,14.0
2026-10-03,wk inc covid hosp,0,2026-10-03,54,quantile,0.1,16.0
2026-10-03,wk inc covid hosp,0,2026-10-03,54,quantile,0.15,18.0
2026-10-03,wk inc covid hosp,0,2026-10-03,54,quantile,0.2,19.0
2026-10-03,wk inc covid hosp,0,2026-10-03,54,quantile,0.25,20.0
2026-10-03,wk inc covid hosp,0,2026-10-03,54,quantile,0.3,21.0
2026-10-03,wk inc covid hosp,0,2026-10-03,54,quantile,0.35,22.0
2026-10-03,wk inc covid hosp,0,2026-10-03,54,quantile,0.4,23.0
2026-10-03,wk inc covid hosp,0,2026-10-03,54,quantile,0.45,24.0
2026-10-03,wk inc covid hosp,0,2026-10-03,54,quantile,0.5,25.0
2026-10-03,wk inc covid hosp,0,2026-10-03,54,quantile,0.55,26.0
2026-10-03,wk inc covid hosp,0,2026-10-03,54,quantile,0.6,27.0
2026-10-03,wk inc covid hosp,0,2026-10-03,54,quantile,0.65,28.0
2026-10-03,wk inc covid hosp,0,2026-10-03,54,quantile,0.7,29.0
2026-10-03,wk inc covid hosp,0,2026-10-03,54,quantile,0.75,30.0
2026-10-03,wk inc covid hosp,0,2026-10-03,54,quantile,0.8,31.0
2026-10-03,wk inc covid hosp,0,2026-10-03,54,quantile,0.85,33.0
2026-10-03,wk inc covid hosp,0,2026-10-03,54,quantile,0.9,36.0
2026-10-03,wk inc covid hosp,0,2026-10-03,54,quantile,0.95,39.0
2026-10-03,wk inc covid hosp,0,2026-10-03,54,quantile,0.975,43.0
2026-10-03,wk inc covid hosp,0,2026-10-03,54,quantile,0.99,47.0
2026-10-03,wk inc covid hosp,0,2026-10-03,55,quantile,0.01,5.0
2026-10-03,wk inc covid hosp,0,2026-10-03,55,quantile,0.025,9.0
2026-10-03,wk inc covid hosp,0,2026-10-03,55,quantile,0.05,13.0
2026-10-03,wk inc covid hosp,0,2026-10-03,55,quantile,0.1,17.0
2026-10-03,wk inc covid hosp,0,2026-10-03,55,quantile,0.15,20.0
2026-10-03,wk inc covid hosp,0,2026-10-03,55,quantile,0.2,23.0
2026-10-03,wk inc covid hosp,0,2026-10-03,55,quantile,0.25,25.0
2026-10-03,wk inc covid hosp,0,2026-10-03,55,quantile,0.3,27.0
2026-10-03,wk inc covid hosp,0,2026-10-03,55,quantile,0.35,29.0
2026-10-03,wk inc covid hosp,0,2026-10-03,55,quantile,0.4,31.0
2026-10-03,wk inc covid hosp,0,2026-10-03,55,quantile,0.45,33.0
2026-10-03,wk inc covid hosp,0,2026-10-03,55,quantile,0.5,35.0
2026-10-03,wk inc covid hosp,0,2026-10-03,55,quantile,0.55,36.0
2026-10-03,wk inc covid hosp,0,2026-10-03,55,quantile,0.6,38.0
2026-10-03,wk inc covid hosp,0,2026-10-03,55,quantile,0.65,40.0
2026-10-03,wk inc covid hosp,0,2026-10-03,55,quantile,0.7,42.0
2026-10-03,wk inc covid hosp,0,2026-10-03,55,quantile,0.75,45.0
2026-10-03,wk inc covid hosp,0,2026-10-03,55,quantile,0.8,47.0
2026-10-03,wk inc covid hosp,0,2026-10-03,55,quantile,0.85,50.0
2026-10-03,wk inc covid hosp,0,2026-10-03,55,quantile,0.9,54.0
2026-10-03,wk inc covid hosp,0,2026-10-03,55,quantile,0.95,60.0
2026-10-03,wk inc covid hosp,0,2026-10-03,55,quantile,0.975,65.0
2026-10-03,wk inc covid hosp,0,2026-10-03,55,quantile,0.99,73.0
2026-10-03,wk inc covid hosp,0,2026-10-03,56,quantile,0.01,0.0
2026-10-03,wk inc covid hosp,0,2026-10-03,56,quantile,0.025,0.0
2026-10-03,wk inc covid hosp,0,2026-10-03,56,quantile,0.05,0.0
2026-10-03,wk inc covid hosp,0,2026-10-03,56,quantile,0.1,0.0
2026-10-03,wk inc covid hosp,0,2026-10-03,56,quantile,0.15,1.0
2026-10-03,wk inc covid hosp,0,2026-10-03,56,quantile,0.2,1.0
2026-10-03,wk inc covid hosp,0,2026-10-03,56,quantile,0.25,1.0
2026-10-03,wk inc covid hosp,0,2026-10-03,56,quantile,0.3,2.0
2026-10-03,wk inc covid hosp,0,2026-10-03,56,quantile,0.35,2.0
2026-10-03,wk inc covid hosp,0,2026-10-03,56,quantile,0.4,2.0
2026-10-03,wk inc covid hosp,0,2026-10-03,56,quantile,0.45,3.0
2026-10-03,wk inc covid hosp,0,2026-10-03,56,quantile,0.5,3.0
2026-10-03,wk inc covid hosp,0,2026-10-03,56,quantile,0.55,4.0
2026-10-03,wk inc covid hosp,0,2026-10-03,56,quantile,0.6,4.0
2026-10-03,wk inc covid hosp,0,2026-10-03,56,quantile,0.65,4.0
2026-10-03,wk inc covid hosp,0,2026-10-03,56,quantile,0.7,5.0
2026-10-03,wk inc covid hosp,0,2026-10-03,56,quantile,0.75,5.0
2026-10-03,wk inc covid hosp,0,2026-10-03,56,quantile,0.8,6.0
2026-10-03,wk inc covid hosp,0,2026-10-03,56,quantile,0.85,7.0
2026-10-03,wk inc covid hosp,0,2026-10-03,56,quantile,0.9,8.0
2026-10-03,wk inc covid hosp,0,2026-10-03,56,quantile,0.95,9.0
2026-10-03,wk inc covid hosp,0,2026-10-03,56,quantile,0.975,11.0
2026-10-03,wk inc covid hosp,0,2026-10-03,56,quantile,0.99,13.0
2026-10-03,wk inc covid hosp,0,2026-10-03,72,quantile,0.01,32.0
2026-10-03,wk inc covid hosp,0,2026-10-03,72,quantile,0.025,37.0
2026-10-03,wk inc covid hosp,0,2026-10-03,72,quantile,0.05,43.0
2026-10-03,wk inc covid hosp,0,2026-10-03,72,quantile,0.1,52.0
2026-10-03,wk inc covid hosp,0,2026-10-03,72,quantile,0.15,57.0
2026-10-03,wk inc covid hosp,0,2026-10-03,72,quantile,0.2,63.0
2026-10-03,wk inc covid hosp,0,2026-10-03,72,quantile,0.25,67.0
2026-10-03,wk inc covid hosp,0,2026-10-03,72,quantile,0.3,70.0
2026-10-03,wk inc covid hosp,0,2026-10-03,72,quantile,0.35,75.0
2026-10-03,wk inc covid hosp,0,2026-10-03,72,quantile,0.4,79.0
2026-10-03,wk inc covid hosp,0,2026-10-03,72,quantile,0.45,84.0
2026-10-03,wk inc covid hosp,0,2026-10-03,72,quantile,0.5,88.0
2026-10-03,wk inc covid hosp,0,2026-10-03,72,quantile,0.55,92.0
2026-10-03,wk inc covid hosp,0,2026-10-03,72,quantile,0.6,97.0
2026-10-03,wk inc covid hosp,0,2026-10-03,72,quantile,0.65,102.0
2026-10-03,wk inc covid hosp,0,2026-10-03,72,quantile,0.7,107.0
2026-10-03,wk inc covid hosp,0,2026-10-03,72,quantile,0.75,114.0
2026-10-03,wk inc covid hosp,0,2026-10-03,72,quantile,0.8,124.0
2026-10-03,wk inc covid hosp,0,2026-10-03,72,quantile,0.85,132.0
2026-10-03,wk inc covid hosp,0,2026-10-03,72,quantile,0.9,145.0
2026-10-03,wk inc covid hosp,0,2026-10-03,72,quantile,0.95,160.0
2026-10-03,wk inc covid hosp,0,2026-10-03,72,quantile,0.975,180.0
2026-10-03,wk inc covid hosp,0,2026-10-03,72,quantile,0.99,205.0
2026-10-03,wk inc covid hosp,1,2026-10-10,01,quantile,0.01,30.0
2026-10-03,wk inc covid hosp,1,2026-10-10,01,quantile,0.025,37.0
2026-10-03,wk inc covid hosp,1,2026-10-10,01,quantile,0.05,42.0
2026-10-03,wk inc covid hosp,1,2026-10-10,01,quantile,0.1,49.0
2026-10-03,wk inc covid hosp,1,2026-10-10,01,quantile,0.15,55.0
2026-10-03,wk inc covid hosp,1,2026-10-10,01,quantile,0.2,59.0
2026-10-03,wk inc covid hosp,1,2026-10-10,01,quantile,0.25,63.0
2026-10-03,wk inc covid hosp,1,2026-10-10,01,quantile,0.3,68.0
2026-10-03,wk inc covid hosp,1,2026-10-10,01,quantile,0.35,72.0
2026-10-03,wk inc covid hosp,1,2026-10-10,01,quantile,0.4,76.0
2026-10-03,wk inc covid hosp,1,2026-10-10,01,quantile,0.45,79.0
2026-10-03,wk inc covid hosp,1,2026-10-10,01,quantile,0.5,83.0
2026-10-03,wk inc covid hosp,1,2026-10-10,01,quantile,0.55,87.0
2026-10-03,wk inc covid hosp,1,2026-10-10,01,quantile,0.6,92.0
2026-10-03,wk inc covid hosp,1,2026-10-10,01,quantile,0.65,95.0
2026-10-03,wk inc covid hosp,1,2026-10-10,01,quantile,0.7,99.0
2026-10-03,wk inc covid hosp,1,2026-10-10,01,quantile,0.75,104.0
2026-10-03,wk inc covid hosp,1,2026-10-10,01,quantile,0.8,110.0
2026-10-03,wk inc covid hosp,1,2026-10-10,01,quantile,0.85,117.0
2026-10-03,wk inc covid hosp,1,2026-10-10,01,quantile,0.9,127.0
2026-10-03,wk inc covid hosp,1,2026-10-10,01,quantile,0.95,144.0
2026-10-03,wk inc covid hosp,1,2026-10-10,01,quantile,0.975,162.0
2026-10-03,wk inc covid hosp,1,2026-10-10,01,quantile,0.99,182.0
2026-10-03,wk inc covid hosp,1,2026-10-10,02,quantile,0.01,0.0
2026-10-03,wk inc covid hosp,1,2026-10-10,02,quantile,0.025,0.0
2026-10-03,wk inc covid hosp,1,2026-10-10,02,quantile,0.05,0.0
2026-10-03,wk inc covid hosp,1,2026-10-10,02,quantile,0.1,0.0
2026-10-03,wk inc covid hosp,1,2026-10-10,02,quantile,0.15,0.0
2026-10-03,wk inc covid hosp,1,2026-10-10,02,quantile,0.2,0.0
2026-10-03,wk inc covid hosp,1,2026-10-10,02,quantile,0.25,0.0
2026-10-03,wk inc covid hosp,1,2026-10-10,02,quantile,0.3,0.0
2026-10-03,wk inc covid hosp,1,2026-10-10,02,quantile,0.35,0.0
2026-10-03,wk inc covid hosp,1,2026-10-10,02,quantile,0.4,0.0
2026-10-03,wk inc covid hosp,1,2026-10-10,02,quantile,0.45,1.0
2026-10-03,wk inc covid hosp,1,2026-10-10,02,quantile,0.5,1.0
2026-10-03,wk inc covid hosp,1,2026-10-10,02,quantile,0.55,1.0
2026-10-03,wk inc covid hosp,1,2026-10-10,02,quantile,0.6,2.0
2026-10-03,wk inc covid hosp,1,2026-10-10,02,quantile,0.65,2.0
2026-10-03,wk inc covid hosp,1,2026-10-10,02,quantile,0.7,2.0
2026-10-03,wk inc covid hosp,1,2026-10-10,02,quantile,0.75,3.0
2026-10-03,wk inc covid hosp,1,2026-10-10,02,quantile,0.8,3.0
2026-10-03,wk inc covid hosp,1,2026-10-10,02,quantile,0.85,4.0
2026-10-03,wk inc covid hosp,1,2026-10-10,02,quantile,0.9,5.0
2026-10-03,wk inc covid hosp,1,2026-10-10,02,quantile,0.95,6.0
2026-10-03,wk inc covid hosp,1,2026-10-10,02,quantile,0.975,8.0
2026-10-03,wk inc covid hosp,1,2026-10-10,02,quantile,0.99,9.0
2026-10-03,wk inc covid hosp,1,2026-10-10,04,quantile,0.01,0.0
2026-10-03,wk inc covid hosp,1,2026-10-10,04,quantile,0.025,2.0
2026-10-03,wk inc covid hosp,1,2026-10-10,04,quantile,0.05,8.0
2026-10-03,wk inc covid hosp,1,2026-10-10,04,quantile,0.1,14.0
2026-10-03,wk inc covid hosp,1,2026-10-10,04,quantile,0.15,21.0
2026-10-03,wk inc covid hosp,1,2026-10-10,04,quantile,0.2,25.0
2026-10-03,wk inc covid hosp,1,2026-10-10,04,quantile,0.25,28.0
2026-10-03,wk inc covid hosp,1,2026-10-10,04,quantile,0.3,33.0
2026-10-03,wk inc covid hosp,1,2026-10-10,04,quantile,0.35,37.0
2026-10-03,wk inc covid hosp,1,2026-10-10,04,quantile,0.4,41.0
2026-10-03,wk inc covid hosp,1,2026-10-10,04,quantile,0.45,44.0
2026-10-03,wk inc covid hosp,1,2026-10-10,04,quantile,0.5,49.0
2026-10-03,wk inc covid hosp,1,2026-10-10,04,quantile,0.55,53.0
2026-10-03,wk inc covid hosp,1,2026-10-10,04,quantile,0.6,58.0
2026-10-03,wk inc covid hosp,1,2026-10-10,04,quantile,0.65,61.0
2026-10-03,wk inc covid hosp,1,2026-10-10,04,quantile,0.7,65.0
2026-10-03,wk inc covid hosp,1,2026-10-10,04,quantile,0.75,70.0
2026-10-03,wk inc covid hosp,1,2026-10-10,04,quantile,0.8,76.0
2026-10-03,wk inc covid hosp,1,2026-10-10,04,quantile,0.85,83.0
2026-10-03,wk inc covid hosp,1,2026-10-10,04,quantile,0.9,94.0
2026-10-03,wk inc covid hosp,1,2026-10-10,04,quantile,0.95,111.0
2026-10-03,wk inc covid hosp,1,2026-10-10,04,quantile,0.975,131.0
2026-10-03,wk inc covid hosp,1,2026-10-10,04,quantile,0.99,153.0
2026-10-03,wk inc covid hosp,1,2026-10-10,05,quantile,0.01,1.0
2026-10-03,wk inc covid hosp,1,2026-10-10,05,quantile,0.025,3.0
2026-10-03,wk inc covid hosp,1,2026-10-10,05,quantile,0.05,5.0
2026-10-03,wk inc covid hosp,1,2026-10-10,05,quantile,0.1,8.0
2026-10-03,wk inc covid hosp,1,2026-10-10,05,quantile,0.15,10.0
2026-10-03,wk inc covid hosp,1,2026-10-10,05,quantile,0.2,12.0
2026-10-03,wk inc covid hosp,1,2026-10-10,05,quantile,0.25,14.0
2026-10-03,wk inc covid hosp,1,2026-10-10,05,quantile,0.3,16.0
2026-10-03,wk inc covid hosp,1,2026-10-10,05,quantile,0.35,17.0
2026-10-03,wk inc covid hosp,1,2026-10-10,05,quantile,0.4,18.0
2026-10-03,wk inc covid hosp,1,2026-10-10,05,quantile,0.45,20.0
2026-10-03,wk inc covid hosp,1,2026-10-10,05,quantile,0.5,21.0
2026-10-03,wk inc covid hosp,1,2026-10-10,05,quantile,0.55,23.0
2026-10-03,wk inc covid hosp,1,2026-10-10,05,quantile,0.6,25.0
2026-10-03,wk inc covid hosp,1,2026-10-10,05,quantile,0.65,26.0
2026-10-03,wk inc covid hosp,1,2026-10-10,05,quantile,0.7,28.0
2026-10-03,wk inc covid hosp,1,2026-10-10,05,quantile,0.75,29.0
2026-10-03,wk inc covid hosp,1,2026-10-10,05,quantile,0.8,32.0
2026-10-03,wk inc covid hosp,1,2026-10-10,05,quantile,0.85,34.0
2026-10-03,wk inc covid hosp,1,2026-10-10,05,quantile,0.9,38.0
2026-10-03,wk inc covid hosp,1,2026-10-10,05,quantile,0.95,45.0
2026-10-03,wk inc covid hosp,1,2026-10-10,05,quantile,0.975,52.0
2026-10-03,wk inc covid hosp,1,2026-10-10,05,quantile,0.99,59.0
2026-10-03,wk inc covid hosp,1,2026-10-10,06,quantile,0.01,497.0
2026-10-03,wk inc covid hosp,1,2026-10-10,06,quantile,0.025,549.0
2026-10-03,wk inc covid hosp,1,2026-10-10,06,quantile,0.05,585.0
2026-10-03,wk inc covid hosp,1,2026-10-10,06,quantile,0.1,639.0
2026-10-03,wk inc covid hosp,1,2026-10-10,06,quantile,0.15,686.0
2026-10-03,wk inc covid hosp,1,2026-10-10,06,quantile,0.2,716.0
2026-10-03,wk inc covid hosp,1,2026-10-10,06,quantile,0.25,745.0
2026-10-03,wk inc covid hosp,1,2026-10-10,06,quantile,0.3,773.0
2026-10-03,wk inc covid hosp,1,2026-10-10,06,quantile,0.35,795.0
2026-10-03,wk inc covid hosp,1,2026-10-10,06,quantile,0.4,823.0
2026-10-03,wk inc covid hosp,1,2026-10-10,06,quantile,0.45,848.0
2026-10-03,wk inc covid hosp,1,2026-10-10,06,quantile,0.5,873.0
2026-10-03,wk inc covid hosp,1,2026-10-10,06,quantile,0.55,895.0
2026-10-03,wk inc covid hosp,1,2026-10-10,06,quantile,0.6,924.0
2026-10-03,wk inc covid hosp,1,2026-10-10,06,quantile,0.65,949.0
2026-10-03,wk inc covid hosp,1,2026-10-10,06,quantile,0.7,970.0
2026-10-03,wk inc covid hosp,1,2026-10-10,06,quantile,0.75,994.0
2026-10-03,wk inc covid hosp,1,2026-10-10,06,quantile,0.8,1028.0
2026-10-03,wk inc covid hosp,1,2026-10-10,06,quantile,0.85,1075.0
2026-10-03,wk inc covid hosp,1,2026-10-10,06,quantile,0.9,1132.0
2026-10-03,wk inc covid hosp,1,2026-10-10,06,quantile,0.95,1220.0
2026-10-03,wk inc covid hosp,1,2026-10-10,06,quantile,0.975,1291.0
2026-10-03,wk inc covid hosp,1,2026-10-10,06,quantile,0.99,1394.0
2026-10-03,wk inc covid hosp,1,2026-10-10,08,quantile,0.01,0.0
2026-10-03,wk inc covid hosp,1,2026-10-10,08,quantile,0.025,3.0
2026-10-03,wk inc covid hosp,1,2026-10-10,08,quantile,0.05,6.0
2026-10-03,wk inc covid hosp,1,2026-10-10,08,quantile,0.1,11.0
2026-10-03,wk inc covid hosp,1,2026-10-10,08,quantile,0.15,15.0
2026-10-03,wk inc covid hosp,1,2026-10-10,08,quantile,0.2,17.0
2026-10-03,wk inc covid hosp,1,2026-10-10,08,quantile,0.25,20.0
2026-10-03,wk inc covid hosp,1,2026-10-10,08,quantile,0.3,23.0
2026-10-03,wk inc covid hosp,1,2026-10-10,08,quantile,0.35,26.0
2026-10-03,wk inc covid hosp,1,2026-10-10,08,quantile,0.4,28.0
2026-10-03,wk inc covid hosp,1,2026-10-10,08,quantile,0.45,30.0
2026-10-03,wk inc covid hosp,1,2026-10-10,08,quantile,0.5,33.0
2026-10-03,wk inc covid hosp,1,2026-10-10,08,quantile,0.55,35.0
2026-10-03,wk inc covid hosp,1,2026-10-10,08,quantile,0.6,38.0
2026-10-03,wk inc covid hosp,1,2026-10-10,08,quantile,0.65,40.0
2026-10-03,wk inc covid hosp,1,2026-10-10,08,quantile,0.7,43.0
2026-10-03,wk inc covid hosp,1,2026-10-10,08,quantile,0.75,46.0
2026-10-03,wk inc covid hosp,1,2026-10-10,08,quantile,0.8,49.0
2026-10-03,wk inc covid hosp,1,2026-10-10,08,quantile,0.85,53.0
2026-10-03,wk inc covid hosp,1,2026-10-10,08,quantile,0.9,60.0
2026-10-03,wk inc covid hosp,1,2026-10-10,08,quantile,0.95,70.0
2026-10-03,wk inc covid hosp,1,2026-10-10,08,quantile,0.975,81.0
2026-10-03,wk inc covid hosp,1,2026-10-10,08,quantile,0.99,93.0
2026-10-03,wk inc covid hosp,1,2026-10-10,09,quantile,0.01,5.0
2026-10-03,wk inc covid hosp,1,2026-10-10,09,quantile,0.025,9.0
2026-10-03,wk inc covid hosp,1,2026-10-10,09,quantile,0.05,13.0
2026-10-03,wk inc covid hosp,1,2026-10-10,09,quantile,0.1,18.0
2026-10-03,wk inc covid hosp,1,2026-10-10,09,quantile,0.15,21.0
2026-10-03,wk inc covid hosp,1,2026-10-10,09,quantile,0.2,24.0
2026-10-03,wk inc covid hosp,1,2026-10-10,09,quantile,0.25,26.0
2026-10-03,wk inc covid hosp,1,2026-10-10,09,quantile,0.3,28.0
2026-10-03,wk inc covid hosp,1,2026-10-10,09,quantile,0.35,31.0
2026-10-03,wk inc covid hosp,1,2026-10-10,09,quantile,0.4,33.0
2026-10-03,wk inc covid hosp,1,2026-10-10,09,quantile,0.45,35.0
2026-10-03,wk inc covid hosp,1,2026-10-10,09,quantile,0.5,38.0
2026-10-03,wk inc covid hosp,1,2026-10-10,09,quantile,0.55,40.0
2026-10-03,wk inc covid hosp,1,2026-10-10,09,quantile,0.6,43.0
2026-10-03,wk inc covid hosp,1,2026-10-10,09,quantile,0.65,45.0
2026-10-03,wk inc covid hosp,1,2026-10-10,09,quantile,0.7,48.0
2026-10-03,wk inc covid hosp,1,2026-10-10,09,quantile,0.75,51.0
2026-10-03,wk inc covid hosp,1,2026-10-10,09,quantile,0.8,55.0
2026-10-03,wk inc covid hosp,1,2026-10-10,09,quantile,0.85,61.0
2026-10-03,wk inc covid hosp,1,2026-10-10,09,quantile,0.9,66.0
2026-10-03,wk inc covid hosp,1,2026-10-10,09,quantile,0.95,77.0
2026-10-03,wk inc covid hosp,1,2026-10-10,09,quantile,0.975,86.0
2026-10-03,wk inc covid hosp,1,2026-10-10,09,quantile,0.99,96.0
2026-10-03,wk inc covid hosp,1,2026-10-10,10,quantile,0.01,0.0
2026-10-03,wk inc covid hosp,1,2026-10-10,10,quantile,0.025,2.0
2026-10-03,wk inc covid hosp,1,2026-10-10,10,quantile,0.05,3.0
2026-10-03,wk inc covid hosp,1,2026-10-10,10,quantile,0.1,4.0
2026-10-03,wk inc covid hosp,1,2026-10-10,10,quantile,0.15,6.0
2026-10-03,wk inc covid hosp,1,2026-10-10,10,quantile,0.2,6.0
2026-10-03,wk inc covid hosp,1,2026-10-10,10,quantile,0.25,7.0
2026-10-03,wk inc covid hosp,1,2026-10-10,10,quantile,0.3,8.0
2026-10-03,wk inc covid hosp,1,2026-10-10,10,quantile,0.35,9.0
2026-10-03,wk inc covid hosp,1,2026-10-10,10,quantile,0.4,10.0
2026-10-03,wk inc covid hosp,1,2026-10-10,10,quantile,0.45,10.0
2026-10-03,wk inc covid hosp,1,2026-10-10,10,quantile,0.5,11.0
2026-10-03,wk inc covid hosp,1,2026-10-10,10,quantile,0.55,12.0
2026-10-03,wk inc covid hosp,1,2026-10-10,10,quantile,0.6,13.0
2026-10-03,wk inc covid hosp,1,2026-10-10,10,quantile,0.65,14.0
2026-10-03,wk inc covid hosp,1,2026-10-10,10,quantile,0.7,15.0
2026-10-03,wk inc covid hosp,1,2026-10-10,10,quantile,0.75,15.0
2026-10-03,wk inc covid hosp,1,2026-10-10,10,quantile,0.8,17.0
2026-10-03,wk inc covid hosp,1,2026-10-10,10,quantile,0.85,19.0
2026-10-03,wk inc covid hosp,1,2026-10-10,10,quantile,0.9,21.0
2026-10-03,wk inc covid hosp,1,2026-10-10,10,quantile,0.95,25.0
2026-10-03,wk inc covid hosp,1,2026-10-10,10,quantile,0.975,29.0
2026-10-03,wk inc covid hosp,1,2026-10-10,10,quantile,0.99,34.0
2026-10-03,wk inc covid hosp,1,2026-10-10,11,quantile,0.01,0.0
2026-10-03,wk inc covid hosp,1,2026-10-10,11,quantile,0.025,1.0
2026-10-03,wk inc covid hosp,1,2026-10-10,11,quantile,0.05,1.0
2026-10-03,wk inc covid hosp,1,2026-10-10,11,quantile,0.1,3.0
2026-10-03,wk inc covid hosp,1,2026-10-10,11,quantile,0.15,4.0
2026-10-03,wk inc covid hosp,1,2026-10-10,11,quantile,0.2,4.0
2026-10-03,wk inc covid hosp,1,2026-10-10,11,quantile,0.25,5.0
2026-10-03,wk inc covid hosp,1,2026-10-10,11,quantile,0.3,5.0
2026-10-03,wk inc covid hosp,1,2026-10-10,11,quantile,0.35,6.0
2026-10-03,wk inc covid hosp,1,2026-10-10,11,quantile,0.4,7.0
2026-10-03,wk inc covid hosp,1,2026-10-10,11,quantile,0.45,7.0
2026-10-03,wk inc covid hosp,1,2026-10-10,11,quantile,0.5,8.0
2026-10-03,wk inc covid hosp,1,2026-10-10,11,quantile,0.55,9.0
2026-10-03,wk inc covid hosp,1,2026-10-10,11,quantile,0.6,9.0
2026-10-03,wk inc covid hosp,1,2026-10-10,11,quantile,0.65,10.0
2026-10-03,wk inc covid hosp,1,2026-10-10,11,quantile,0.7,11.0
2026-10-03,wk inc covid hosp,1,2026-10-10,11,quantile,0.75,12.0
2026-10-03,wk inc covid hosp,1,2026-10-10,11,quantile,0.8,13.0
2026-10-03,wk inc covid hosp,1,2026-10-10,11,quantile,0.85,14.0
2026-10-03,wk inc covid hosp,1,2026-10-10,11,quantile,0.9,16.0
2026-10-03,wk inc covid hosp,1,2026-10-10,11,quantile,0.95,19.0
2026-10-03,wk inc covid hosp,1,2026-10-10,11,quantile,0.975,22.0
2026-10-03,wk inc covid hosp,1,2026-10-10,11,quantile,0.99,25.0
2026-10-03,wk inc covid hosp,1,2026-10-10,12,quantile,0.01,162.0
2026-10-03,wk inc covid hosp,1,2026-10-10,12,quantile,0.025,194.0
2026-10-03,wk inc covid hosp,1,2026-10-10,12,quantile,0.05,219.0
2026-10-03,wk inc covid hosp,1,2026-10-10,12,quantile,0.1,252.0
2026-10-03,wk inc covid hosp,1,2026-10-10,12,quantile,0.15,284.0
2026-10-03,wk inc covid hosp,1,2026-10-10,12,quantile,0.2,305.0
2026-10-03,wk inc covid hosp,1,2026-10-10,12,quantile,0.25,323.0
2026-10-03,wk inc covid hosp,1,2026-10-10,12,quantile,0.3,348.0
2026-10-03,wk inc covid hosp,1,2026-10-10,12,quantile,0.35,366.0
2026-10-03,wk inc covid hosp,1,2026-10-10,12,quantile,0.4,383.0
2026-10-03,wk inc covid hosp,1,2026-10-10,12,quantile,0.45,399.0
2026-10-03,wk inc covid hosp,1,2026-10-10,12,quantile,0.5,419.0
2026-10-03,wk inc covid hosp,1,2026-10-10,12,quantile,0.55,437.0
2026-10-03,wk inc covid hosp,1,2026-10-10,12,quantile,0.6,462.0
2026-10-03,wk inc covid hosp,1,2026-10-10,12,quantile,0.65,482.0
2026-10-03,wk inc covid hosp,1,2026-10-10,12,quantile,0.7,501.0
2026-10-03,wk inc covid hosp,1,2026-10-10,12,quantile,0.75,522.0
2026-10-03,wk inc covid hosp,1,2026-10-10,12,quantile,0.8,550.0
2026-10-03,wk inc covid hosp,1,2026-10-10,12,quantile,0.85,583.0
2026-10-03,wk inc covid hosp,1,2026-10-10,12,quantile,0.9,635.0
2026-10-03,wk inc covid hosp,1,2026-10-10,12,quantile,0.95,721.0
2026-10-03,wk inc covid hosp,1,2026-10-10,12,quantile,0.975,808.0
2026-10-03,wk inc covid hosp,1,2026-10-10,12,quantile,0.99,905.0
2026-10-03,wk inc covid hosp,1,2026-10-10,13,quantile,0.01,0.0
2026-10-03,wk inc covid hosp,1,2026-10-10,13,quantile,0.025,1.0
2026-10-03,wk inc covid hosp,1,2026-10-10,13,quantile,0.05,8.0
2026-10-03,wk inc covid hosp,1,2026-10-10,13,quantile,0.1,19.0
2026-10-03,wk inc covid hosp,1,2026-10-10,13,quantile,0.15,27.0
2026-10-03,wk inc covid hosp,1,2026-10-10,13,quantile,0.2,33.0
2026-10-03,wk inc covid hosp,1,2026-10-10,13,quantile,0.25,38.0
2026-10-03,wk inc covid hosp,1,2026-10-10,13,quantile,0.3,44.0
2026-10-03,wk inc covid hosp,1,2026-10-10,13,quantile,0.35,48.0
2026-10-03,wk inc covid hosp,1,2026-10-10,13,quantile,0.4,54.0
2026-10-03,wk inc covid hosp,1,2026-10-10,13,quantile,0.45,59.0
2026-10-03,wk inc covid hosp,1,2026-10-10,13,quantile,0.5,63.0
2026-10-03,wk inc covid hosp,1,2026-10-10,13,quantile,0.55,68.0
2026-10-03,wk inc covid hosp,1,2026-10-10,13,quantile,0.6,74.0
2026-10-03,wk inc covid hosp,1,2026-10-10,13,quantile,0.65,79.0
2026-10-03,wk inc covid hosp,1,2026-10-10,13,quantile,0.7,84.0
2026-10-03,wk inc covid hosp,1,2026-10-10,13,quantile,0.75,88.0
2026-10-03,wk inc covid hosp,1,2026-10-10,13,quantile,0.8,95.0
2026-10-03,wk inc covid hosp,1,2026-10-10,13,quantile,0.85,106.0
2026-10-03,wk inc covid hosp,1,2026-10-10,13,quantile,0.9,119.0
2026-10-03,wk inc covid hosp,1,2026-10-10,13,quantile,0.95,138.0
2026-10-03,wk inc covid hosp,1,2026-10-10,13,quantile,0.975,157.0
2026-10-03,wk inc covid hosp,1,2026-10-10,13,quantile,0.99,183.0
2026-10-03,wk inc covid hosp,1,2026-10-10,15,quantile,0.01,8.0
2026-10-03,wk inc covid hosp,1,2026-10-10,15,quantile,0.025,11.0
2026-10-03,wk inc covid hosp,1,2026-10-10,15,quantile,0.05,15.0
2026-10-03,wk inc covid hosp,1,2026-10-10,15,quantile,0.1,19.0
2026-10-03,wk inc covid hosp,1,2026-10-10,15,quantile,0.15,22.0
2026-10-03,wk inc covid hosp,1,2026-10-10,15,quantile,0.2,24.0
2026-10-03,wk inc covid hosp,1,2026-10-10,15,quantile,0.25,27.0
2026-10-03,wk inc covid hosp,1,2026-10-10,15,quantile,0.3,29.0
2026-10-03,wk inc covid hosp,1,2026-10-10,15,quantile,0.35,31.0
2026-10-03,wk inc covid hosp,1,2026-10-10,15,quantile,0.4,33.0
2026-10-03,wk inc covid hosp,1,2026-10-10,15,quantile,0.45,36.0
2026-10-03,wk inc covid hosp,1,2026-10-10,15,quantile,0.5,38.0
2026-10-03,wk inc covid hosp,1,2026-10-10,15,quantile,0.55,41.0
2026-10-03,wk inc covid hosp,1,2026-10-10,15,quantile,0.6,43.0
2026-10-03,wk inc covid hosp,1,2026-10-10,15,quantile,0.65,46.0
2026-10-03,wk inc covid hosp,1,2026-10-10,15,quantile,0.7,49.0
2026-10-03,wk inc covid hosp,1,2026-10-10,15,quantile,0.75,52.0
2026-10-03,wk inc covid hosp,1,2026-10-10,15,quantile,0.8,56.0
2026-10-03,wk inc covid hosp,1,2026-10-10,15,quantile,0.85,63.0
2026-10-03,wk inc covid hosp,1,2026-10-10,15,quantile,0.9,70.0
2026-10-03,wk inc covid hosp,1,2026-10-10,15,quantile,0.95,83.0
2026-10-03,wk inc covid hosp,1,2026-10-10,15,quantile,0.975,94.0
2026-10-03,wk inc covid hosp,1,2026-10-10,15,quantile,0.99,107.0
2026-10-03,wk inc covid hosp,1,2026-10-10,16,quantile,0.01,1.0
2026-10-03,wk inc covid hosp,1,2026-10-10,16,quantile,0.025,2.0
2026-10-03,wk inc covid hosp,1,2026-10-10,16,quantile,0.05,4.0
2026-10-03,wk inc covid hosp,1,2026-10-10,16,quantile,0.1,6.0
2026-10-03,wk inc covid hosp,1,2026-10-10,16,quantile,0.15,8.0
2026-10-03,wk inc covid hosp,1,2026-10-10,16,quantile,0.2,9.0
2026-10-03,wk inc covid hosp,1,2026-10-10,16,quantile,0.25,10.0
2026-10-03,wk inc covid hosp,1,2026-10-10,16,quantile,0.3,11.0
2026-10-03,wk inc covid hosp,1,2026-10-10,16,quantile,0.35,12.0
2026-10-03,wk inc covid hosp,1,2026-10-10,16,quantile,0.4,13.0
2026-10-03,wk inc covid hosp,1,2026-10-10,16,quantile,0.45,14.0
2026-10-03,wk inc covid hosp,1,2026-10-10,16,quantile,0.5,15.0
2026-10-03,wk inc covid hosp,1,2026-10-10,16,quantile,0.55,16.0
2026-10-03,wk inc covid hosp,1,2026-10-10,16,quantile,0.6,17.0
2026-10-03,wk inc covid hosp,1,2026-10-10,16,quantile,0.65,18.0
2026-10-03,wk inc covid hosp,1,2026-10-10,16,quantile,0.7,19.0
2026-10-03,wk inc covid hosp,1,2026-10-10,16,quantile,0.75,20.0
2026-10-03,wk inc covid hosp,1,2026-10-10,16,quantile,0.8,22.0
2026-10-03,wk inc covid hosp,1,2026-10-10,16,quantile,0.85,25.0
2026-10-03,wk inc covid hosp,1,2026-10-10,16,quantile,0.9,28.0
2026-10-03,wk inc covid hosp,1,2026-10-10,16,quantile,0.95,32.0
2026-10-03,wk inc covid hosp,1,2026-10-10,16,quantile,0.975,36.0
2026-10-03,wk inc covid hosp,1,2026-10-10,16,quantile,0.99,41.0
2026-10-03,wk inc covid hosp,1,2026-10-10,17,quantile,0.01,7.0
2026-10-03,wk inc covid hosp,1,2026-10-10,17,quantile,0.025,16.0
2026-10-03,wk inc covid hosp,1,2026-10-10,17,quantile,0.05,23.0
2026-10-03,wk inc covid hosp,1,2026-10-10,17,quantile,0.1,33.0
2026-10-03,wk inc covid hosp,1,2026-10-10,17,quantile,0.15,42.0
2026-10-03,wk inc covid hosp,1,2026-10-10,17,quantile,0.2,48.0
2026-10-03,wk inc covid hosp,1,2026-10-10,17,quantile,0.25,53.0
2026-10-03,wk inc covid hosp,1,2026-10-10,17,quantile,0.3,58.0
2026-10-03,wk inc covid hosp,1,2026-10-10,17,quantile,0.35,62.0
2026-10-03,wk inc covid hosp,1,2026-10-10,17,quantile,0.4,67.0
2026-10-03,wk inc covid hosp,1,2026-10-10,17,quantile,0.45,72.0
2026-10-03,wk inc covid hosp,1,2026-10-10,17,quantile,0.5,77.0
2026-10-03,wk inc covid hosp,1,2026-10-10,17,quantile,0.55,81.0
2026-10-03,wk inc covid hosp,1,2026-10-10,17,quantile,0.6,87.0
2026-10-03,wk inc covid hosp,1,2026-10-10,17,quantile,0.65,91.0
2026-10-03,wk inc covid hosp,1,2026-10-10,17,quantile,0.7,95.0
2026-10-03,wk inc covid hosp,1,2026-10-10,17,quantile,0.75,99.0
2026-10-03,wk inc covid hosp,1,2026-10-10,17,quantile,0.8,106.0
2026-10-03,wk inc covid hosp,1,2026-10-10,17,quantile,0.85,115.0
2026-10-03,wk inc covid hosp,1,2026-10-10,17,quantile,0.9,126.0
2026-10-03,wk inc covid hosp,1,2026-10-10,17,quantile,0.95,143.0
2026-10-03,wk inc covid hosp,1,2026-10-10,17,quantile,0.975,159.0
2026-10-03,wk inc covid hosp,1,2026-10-10,17,quantile,0.99,178.0
2026-10-03,wk inc covid hosp,1,2026-10-10,18,quantile,0.01,0.0
2026-10-03,wk inc covid hosp,1,2026-10-10,18,quantile,0.025,0.0
2026-10-03,wk inc covid hosp,1,2026-10-10,18,quantile,0.05,0.0
2026-10-03,wk inc covid hosp,1,2026-10-10,18,quantile,0.1,4.0
2026-10-03,wk inc covid hosp,1,2026-10-10,18,quantile,0.15,8.0
2026-10-03,wk inc covid hosp,1,2026-10-10,18,quantile,0.2,11.0
2026-10-03,wk inc covid hosp,1,2026-10-10,18,quantile,0.25,14.0
2026-10-03,wk inc covid hosp,1,2026-10-10,18,quantile,0.3,17.0
2026-10-03,wk inc covid hosp,1,2026-10-10,18,quantile,0.35,20.0
2026-10-03,wk inc covid hosp,1,2026-10-10,18,quantile,0.4,22.0
2026-10-03,wk inc covid hosp,1,2026-10-10,18,quantile,0.45,24.0
2026-10-03,wk inc covid hosp,1,2026-10-10,18,quantile,0.5,28.0
2026-10-03,wk inc covid hosp,1,2026-10-10,18,quantile,0.55,30.0
2026-10-03,wk inc covid hosp,1,2026-10-10,18,quantile,0.6,34.0
2026-10-03,wk inc covid hosp,1,2026-10-10,18,quantile,0.65,36.0
2026-10-03,wk inc covid hosp,1,2026-10-10,18,quantile,0.7,39.0
2026-10-03,wk inc covid hosp,1,2026-10-10,18,quantile,0.75,42.0
2026-10-03,wk inc covid hosp,1,2026-10-10,18,quantile,0.8,46.0
2026-10-03,wk inc covid hosp,1,2026-10-10,18,quantile,0.85,50.0
2026-10-03,wk inc covid hosp,1,2026-10-10,18,quantile,0.9,58.0
2026-10-03,wk inc covid hosp,1,2026-10-10,18,quantile,0.95,69.0
2026-10-03,wk inc covid hosp,1,2026-10-10,18,quantile,0.975,81.0
2026-10-03,wk inc covid hosp,1,2026-10-10,18,quantile,0.99,95.0
2026-10-03,wk inc covid hosp,1,2026-10-10,19,quantile,0.01,0.0
2026-10-03,wk inc covid hosp,1,2026-10-10,19,quantile,0.025,0.0
2026-10-03,wk inc covid hosp,1,2026-10-10,19,quantile,0.05,1.0
2026-10-03,wk inc covid hosp,1,2026-10-10,19,quantile,0.1,4.0
2026-10-03,wk inc covid hosp,1,2026-10-10,19,quantile,0.15,6.0
2026-10-03,wk inc covid hosp,1,2026-10-10,19,quantile,0.2,8.0
2026-10-03,wk inc covid hosp,1,2026-10-10,19,quantile,0.25,9.0
2026-10-03,wk inc covid hosp,1,2026-10-10,19,quantile,0.3,10.0
2026-10-03,wk inc covid hosp,1,2026-10-10,19,quantile,0.35,11.0
2026-10-03,wk inc covid hosp,1,2026-10-10,19,quantile,0.4,13.0
2026-10-03,wk inc covid hosp,1,2026-10-10,19,quantile,0.45,15.0
2026-10-03,wk inc covid hosp,1,2026-10-10,19,quantile,0.5,16.0
2026-10-03,wk inc covid hosp,1,2026-10-10,19,quantile,0.55,17.0
2026-10-03,wk inc covid hosp,1,2026-10-10,19,quantile,0.6,18.0
2026-10-03,wk inc covid hosp,1,2026-10-10,19,quantile,0.65,20.0
2026-10-03,wk inc covid hosp,1,2026-10-10,19,quantile,0.7,21.0
2026-10-03,wk inc covid hosp,1,2026-10-10,19,quantile,0.75,23.0
2026-10-03,wk inc covid hosp,1,2026-10-10,19,quantile,0.8,25.0
2026-10-03,wk inc covid hosp,1,2026-10-10,19,quantile,0.85,28.0
2026-10-03,wk inc covid hosp,1,2026-10-10,19,quantile,0.9,32.0
2026-10-03,wk inc covid hosp,1,2026-10-10,19,quantile,0.95,37.0
2026-10-03,wk inc covid hosp,1,2026-10-10,19,quantile,0.975,42.0
2026-10-03,wk inc covid hosp,1,2026-10-10,19,quantile,0.99,48.0
2026-10-03,wk inc covid hosp,1,2026-10-10,20,quantile,0.01,0.0
2026-10-03,wk inc covid hosp,1,2026-10-10,20,quantile,0.025,0.0
2026-10-03,wk inc covid hosp,1,2026-10-10,20,quantile,0.05,0.0
2026-10-03,wk inc covid hosp,1,2026-10-10,20,quantile,0.1,0.0
2026-10-03,wk inc covid hosp,1,2026-10-10,20,quantile,0.15,0.0
2026-10-03,wk inc covid hosp,1,2026-10-10,20,quantile,0.2,0.0
2026-10-03,wk inc covid hosp,1,2026-10-10,20,quantile,0.25,0.0
2026-10-03,wk inc covid hosp,1,2026-10-10,20,quantile,0.3,0.0
2026-10-03,wk inc covid hosp,1,2026-10-10,20,quantile,0.35,1.0
2026-10-03,wk inc covid hosp,1,2026-10-10,20,quantile,0.4,2.0
2026-10-03,wk inc covid hosp,1,2026-10-10,20,quantile,0.45,3.0
2026-10-03,wk inc covid hosp,1,2026-10-10,20,quantile,0.5,4.0
2026-10-03,wk inc covid hosp,1,2026-10-10,20,quantile,0.55,5.0
2026-10-03,wk inc covid hosp,1,2026-10-10,20,quantile,0.6,6.0
2026-10-03,wk inc covid hosp,1,2026-10-10,20,quantile,0.65,7.0
2026-10-03,wk inc covid hosp,1,2026-10-10,20,quantile,0.7,8.0
2026-10-03,wk inc covid hosp,1,2026-10-10,20,quantile,0.75,9.0
2026-10-03,wk inc covid hosp,1,2026-10-10,20,quantile,0.8,11.0
2026-10-03,wk inc covid hosp,1,2026-10-10,20,quantile,0.85,13.0
2026-10-03,wk inc covid hosp,1,2026-10-10,20,quantile,0.9,16.0
2026-10-03,wk inc covid hosp,1,2026-10-10,20,quantile,0.95,20.0
2026-10-03,wk inc covid hosp,1,2026-10-10,20,quantile,0.975,23.0
2026-10-03,wk inc covid hosp,1,2026-10-10,20,quantile,0.99,28.0
2026-10-03,wk inc covid hosp,1,2026-10-10,21,quantile,0.01,0.0
2026-10-03,wk inc covid hosp,1,2026-10-10,21,quantile,0.025,0.0
2026-10-03,wk inc covid hosp,1,2026-10-10,21,quantile,0.05,0.0
2026-10-03,wk inc covid hosp,1,2026-10-10,21,quantile,0.1,0.0
2026-10-03,wk inc covid hosp,1,2026-10-10,21,quantile,0.15,1.0
2026-10-03,wk inc covid hosp,1,2026-10-10,21,quantile,0.2,2.0
2026-10-03,wk inc covid hosp,1,2026-10-10,21,quantile,0.25,4.0
2026-10-03,wk inc covid hosp,1,2026-10-10,21,quantile,0.3,6.0
2026-10-03,wk inc covid hosp,1,2026-10-10,21,quantile,0.35,7.0
2026-10-03,wk inc covid hosp,1,2026-10-10,21,quantile,0.4,10.0
2026-10-03,wk inc covid hosp,1,2026-10-10,21,quantile,0.45,12.0
2026-10-03,wk inc covid hosp,1,2026-10-10,21,quantile,0.5,13.0
2026-10-03,wk inc covid hosp,1,2026-10-10,21,quantile,0.55,15.0
2026-10-03,wk inc covid hosp,1,2026-10-10,21,quantile,0.6,17.0
2026-10-03,wk inc covid hosp,1,2026-10-10,21,quantile,0.65,19.0
2026-10-03,wk inc covid hosp,1,2026-10-10,21,quantile,0.7,21.0
2026-10-03,wk inc covid hosp,1,2026-10-10,21,quantile,0.75,22.0
2026-10-03,wk inc covid hosp,1,2026-10-10,21,quantile,0.8,25.0
2026-10-03,wk inc covid hosp,1,2026-10-10,21,quantile,0.85,30.0
2026-10-03,wk inc covid hosp,1,2026-10-10,21,quantile,0.9,34.0
2026-10-03,wk inc covid hosp,1,2026-10-10,21,quantile,0.95,42.0
2026-10-03,wk inc covid hosp,1,2026-10-10,21,quantile,0.975,49.0
2026-10-03,wk inc covid hosp,1,2026-10-10,21,quantile,0.99,57.0
2026-10-03,wk inc covid hosp,1,2026-10-10,22,quantile,0.01,29.0
2026-10-03,wk inc covid hosp,1,2026-10-10,22,quantile,0.025,35.0
2026-10-03,wk inc covid hosp,1,2026-10-10,22,quantile,0.05,39.0
2026-10-03,wk inc covid hosp,1,2026-10-10,22,quantile,0.1,46.0
2026-10-03,wk inc covid hosp,1,2026-10-10,22,quantile,0.15,52.0
2026-10-03,wk inc covid hosp,1,2026-10-10,22,quantile,0.2,56.0
2026-10-03,wk inc covid hosp,1,2026-10-10,22,quantile,0.25,59.0
2026-10-03,wk inc covid hosp,1,2026-10-10,22,quantile,0.3,63.0
2026-10-03,wk inc covid hosp,1,2026-10-10,22,quantile,0.35,66.0
2026-10-03,wk inc covid hosp,1,2026-10-10,22,quantile,0.4,70.0
2026-10-03,wk inc covid hosp,1,2026-10-10,22,quantile,0.45,73.0
2026-10-03,wk inc covid hosp,1,2026-10-10,22,quantile,0.5,77.0
2026-10-03,wk inc covid hosp,1,2026-10-10,22,quantile,0.55,80.0
2026-10-03,wk inc covid hosp,1,2026-10-10,22,quantile,0.6,84.0
2026-10-03,wk inc covid hosp,1,2026-10-10,22,quantile,0.65,88.0
2026-10-03,wk inc covid hosp,1,2026-10-10,22,quantile,0.7,91.0
2026-10-03,wk inc covid hosp,1,2026-10-10,22,quantile,0.75,95.0
2026-10-03,wk inc covid hosp,1,2026-10-10,22,quantile,0.8,100.0
2026-10-03,wk inc covid hosp,1,2026-10-10,22,quantile,0.85,107.0
2026-10-03,wk inc covid hosp,1,2026-10-10,22,quantile,0.9,115.0
2026-10-03,wk inc covid hosp,1,2026-10-10,22,quantile,0.95,131.0
2026-10-03,wk inc covid hosp,1,2026-10-10,22,quantile,0.975,146.0
2026-10-03,wk inc covid hosp,1,2026-10-10,22,quantile,0.99,162.0
2026-10-03,wk inc covid hosp,1,2026-10-10,23,quantile,0.01,0.0
2026-10-03,wk inc covid hosp,1,2026-10-10,23,quantile,0.025,0.0
2026-10-03,wk inc covid hosp,1,2026-10-10,23,quantile,0.05,0.0
2026-10-03,wk inc covid hosp,1,2026-10-10,23,quantile,0.1,1.0
2026-10-03,wk inc covid hosp,1,2026-10-10,23,quantile,0.15,2.0
2026-10-03,wk inc covid hosp,1,2026-10-10,23,quantile,0.2,3.0
2026-10-03,wk inc covid hosp,1,2026-10-10,23,quantile,0.25,3.0
2026-10-03,wk inc covid hosp,1,2026-10-10,23,quantile,0.3,4.0
2026-10-03,wk inc covid hosp,1,2026-10-10,23,quantile,0.35,4.0
2026-10-03,wk inc covid hosp,1,2026-10-10,23,quantile,0.4,5.0
2026-10-03,wk inc covid hosp,1,2026-10-10,23,quantile,0.45,6.0
2026-10-03,wk inc covid hosp,1,2026-10-10,23,quantile,0.5,6.0
2026-10-03,wk inc covid hosp,1,2026-10-10,23,quantile,0.55,7.0
2026-10-03,wk inc covid hosp,1,2026-10-10,23,quantile,0.6,8.0
2026-10-03,wk inc covid hosp,1,2026-10-10,23,quantile,0.65,9.0
2026-10-03,wk inc covid hosp,1,2026-10-10,23,quantile,0.7,9.0
2026-10-03,wk inc covid hosp,1,2026-10-10,23,quantile,0.75,10.0
2026-10-03,wk inc covid hosp,1,2026-10-10,23,quantile,0.8,11.0
2026-10-03,wk inc covid hosp,1,2026-10-10,23,quantile,0.85,13.0
2026-10-03,wk inc covid hosp,1,2026-10-10,23,quantile,0.9,14.0
2026-10-03,wk inc covid hosp,1,2026-10-10,23,quantile,0.95,17.0
2026-10-03,wk inc covid hosp,1,2026-10-10,23,quantile,0.975,20.0
2026-10-03,wk inc covid hosp,1,2026-10-10,23,quantile,0.99,22.0
2026-10-03,wk inc covid hosp,1,2026-10-10,24,quantile,0.01,7.0
2026-10-03,wk inc covid hosp,1,2026-10-10,24,quantile,0.025,11.0
2026-10-03,wk inc covid hosp,1,2026-10-10,24,quantile,0.05,15.0
2026-10-03,wk inc covid hosp,1,2026-10-10,24,quantile,0.1,20.0
2026-10-03,wk inc covid hosp,1,2026-10-10,24,quantile,0.15,25.0
2026-10-03,wk inc covid hosp,1,2026-10-10,24,quantile,0.2,27.0
2026-10-03,wk inc covid hosp,1,2026-10-10,24,quantile,0.25,30.0
2026-10-03,wk inc covid hosp,1,2026-10-10,24,quantile,0.3,33.0
2026-10-03,wk inc covid hosp,1,2026-10-10,24,quantile,0.35,36.0
2026-10-03,wk inc covid hosp,1,2026-10-10,24,quantile,0.4,38.0
2026-10-03,wk inc covid hosp,1,2026-10-10,24,quantile,0.45,40.0
2026-10-03,wk inc covid hosp,1,2026-10-10,24,quantile,0.5,43.0
2026-10-03,wk inc covid hosp,1,2026-10-10,24,quantile,0.55,45.0
2026-10-03,wk inc covid hosp,1,2026-10-10,24,quantile,0.6,48.0
2026-10-03,wk inc covid hosp,1,2026-10-10,24,quantile,0.65,51.0
2026-10-03,wk inc covid hosp,1,2026-10-10,24,quantile,0.7,53.0
2026-10-03,wk inc covid hosp,1,2026-10-10,24,quantile,0.75,56.0
2026-10-03,wk inc covid hosp,1,2026-10-10,24,quantile,0.8,60.0
2026-10-03,wk inc covid hosp,1,2026-10-10,24,quantile,0.85,64.0
2026-10-03,wk inc covid hosp,1,2026-10-10,24,quantile,0.9,71.0
2026-10-03,wk inc covid hosp,1,2026-10-10,24,quantile,0.95,81.0
2026-10-03,wk inc covid hosp,1,2026-10-10,24,quantile,0.975,92.0
2026-10-03,wk inc covid hosp,1,2026-10-10,24,quantile,0.99,104.0
2026-10-03,wk inc covid hosp,1,2026-10-10,25,quantile,0.01,5.0
2026-10-03,wk inc covid hosp,1,2026-10-10,25,quantile,0.025,11.0
2026-10-03,wk inc covid hosp,1,2026-10-10,25,quantile,0.05,16.0
2026-10-03,wk inc covid hosp,1,2026-10-10,25,quantile,0.1,23.0
2026-10-03,wk inc covid hosp,1,2026-10-10,25,quantile,0.15,30.0
2026-10-03,wk inc covid hosp,1,2026-10-10,25,quantile,0.2,34.0
2026-10-03,wk inc covid hosp,1,2026-10-10,25,quantile,0.25,38.0
2026-10-03,wk inc covid hosp,1,2026-10-10,25,quantile,0.3,42.0
2026-10-03,wk inc covid hosp,1,2026-10-10,25,quantile,0.35,45.0
2026-10-03,wk inc covid hosp,1,2026-10-10,25,quantile,0.4,49.0
2026-10-03,wk inc covid hosp,1,2026-10-10,25,quantile,0.45,53.0
2026-10-03,wk inc covid hosp,1,2026-10-10,25,quantile,0.5,56.0
2026-10-03,wk inc covid hosp,1,2026-10-10,25,quantile,0.55,59.0
2026-10-03,wk inc covid hosp,1,2026-10-10,25,quantile,0.6,64.0
2026-10-03,wk inc covid hosp,1,2026-10-10,25,quantile,0.65,67.0
2026-10-03,wk inc covid hosp,1,2026-10-10,25,quantile,0.7,70.0
2026-10-03,wk inc covid hosp,1,2026-10-10,25,quantile,0.75,74.0
2026-10-03,wk inc covid hosp,1,2026-10-10,25,quantile,0.8,79.0
2026-10-03,wk inc covid hosp,1,2026-10-10,25,quantile,0.85,86.0
2026-10-03,wk inc covid hosp,1,2026-10-10,25,quantile,0.9,96.0
2026-10-03,wk inc covid hosp,1,2026-10-10,25,quantile,0.95,110.0
2026-10-03,wk inc covid hosp,1,2026-10-10,25,quantile,0.975,122.0
2026-10-03,wk inc covid hosp,1,2026-10-10,25,quantile,0.99,139.0
2026-10-03,wk inc covid hosp,1,2026-10-10,26,quantile,0.01,0.0
2026-10-03,wk inc covid hosp,1,2026-10-10,26,quantile,0.025,0.0
2026-10-03,wk inc covid hosp,1,2026-10-10,26,quantile,0.05,0.0
2026-10-03,wk inc covid hosp,1,2026-10-10,26,quantile,0.1,2.0
2026-10-03,wk inc covid hosp,1,2026-10-10,26,quantile,0.15,11.0
2026-10-03,wk inc covid hosp,1,2026-10-10,26,quantile,0.2,17.0
2026-10-03,wk inc covid hosp,1,2026-10-10,26,quantile,0.25,22.0
2026-10-03,wk inc covid hosp,1,2026-10-10,26,quantile,0.3,27.0
2026-10-03,wk inc covid hosp,1,2026-10-10,26,quantile,0.35,32.0
2026-10-03,wk inc covid hosp,1,2026-10-10,26,quantile,0.4,38.0
2026-10-03,wk inc covid hosp,1,2026-10-10,26,quantile,0.45,43.0
2026-10-03,wk inc covid hosp,1,2026-10-10,26,quantile,0.5,48.0
2026-10-03,wk inc covid hosp,1,2026-10-10,26,quantile,0.55,53.0
2026-10-03,wk inc covid hosp,1,2026-10-10,26,quantile,0.6,59.0
2026-10-03,wk inc covid hosp,1,2026-10-10,26,quantile,0.65,64.0
2026-10-03,wk inc covid hosp,1,2026-10-10,26,quantile,0.7,69.0
2026-10-03,wk inc covid hosp,1,2026-10-10,26,quantile,0.75,74.0
2026-10-03,wk inc covid hosp,1,2026-10-10,26,quantile,0.8,81.0
2026-10-03,wk inc covid hosp,1,2026-10-10,26,quantile,0.85,93.0
2026-10-03,wk inc covid hosp,1,2026-10-10,26,quantile,0.9,107.0
2026-10-03,wk inc covid hosp,1,2026-10-10,26,quantile,0.95,129.0
2026-10-03,wk inc covid hosp,1,2026-10-10,26,quantile,0.975,150.0
2026-10-03,wk inc covid hosp,1,2026-10-10,26,quantile,0.99,181.0
2026-10-03,wk inc covid hosp,1,2026-10-10,27,quantile,0.01,0.0
2026-10-03,wk inc covid hosp,1,2026-10-10,27,quantile,0.025,3.0
2026-10-03,wk inc covid hosp,1,2026-10-10,27,quantile,0.05,6.0
2026-10-03,wk inc covid hosp,1,2026-10-10,27,quantile,0.1,10.0
2026-10-03,wk inc covid hosp,1,2026-10-10,27,quantile,0.15,13.0
2026-10-03,wk inc covid hosp,1,2026-10-10,27,quantile,0.2,16.0
2026-10-03,wk inc covid hosp,1,2026-10-10,27,quantile,0.25,18.0
2026-10-03,wk inc covid hosp,1,2026-10-10,27,quantile,0.3,21.0
2026-10-03,wk inc covid hosp,1,2026-10-10,27,quantile,0.35,22.0
2026-10-03,wk inc covid hosp,1,2026-10-10,27,quantile,0.4,24.0
2026-10-03,wk inc covid hosp,1,2026-10-10,27,quantile,0.45,26.0
2026-10-03,wk inc covid hosp,1,2026-10-10,27,quantile,0.5,28.0
2026-10-03,wk inc covid hosp,1,2026-10-10,27,quantile,0.55,30.0
2026-10-03,wk inc covid hosp,1,2026-10-10,27,quantile,0.6,33.0
2026-10-03,wk inc covid hosp,1,2026-10-10,27,quantile,0.65,35.0
2026-10-03,wk inc covid hosp,1,2026-10-10,27,quantile,0.7,37.0
2026-10-03,wk inc covid hosp,1,2026-10-10,27,quantile,0.75,39.0
2026-10-03,wk inc covid hosp,1,2026-10-10,27,quantile,0.8,42.0
2026-10-03,wk inc covid hosp,1,2026-10-10,27,quantile,0.85,46.0
2026-10-03,wk inc covid hosp,1,2026-10-10,27,quantile,0.9,51.0
2026-10-03,wk inc covid hosp,1,2026-10-10,27,quantile,0.95,60.0
2026-10-03,wk inc covid hosp,1,2026-10-10,27,quantile,0.975,69.0
2026-10-03,wk inc covid hosp,1,2026-10-10,27,quantile,0.99,78.0
2026-10-03,wk inc covid hosp,1,2026-10-10,28,quantile,0.01,0.0
2026-10-03,wk inc covid hosp,1,2026-10-10,28,quantile,0.025,2.0
2026-10-03,wk inc covid hosp,1,2026-10-10,28,quantile,0.05,4.0
2026-10-03,wk inc covid hosp,1,2026-10-10,28,quantile,0.1,7.0
2026-10-03,wk inc covid hosp,1,2026-10-10,28,quantile,0.15,9.0
2026-10-03,wk inc covid hosp,1,2026-10-10,28,quantile,0.2,11.0
2026-10-03,wk inc covid hosp,1,2026-10-10,28,quantile,0.25,12.0
2026-10-03,wk inc covid hosp,1,2026-10-10,28,quantile,0.3,14.0
2026-10-03,wk inc covid hosp,1,2026-10-10,28,quantile,0.35,15.0
2026-10-03,wk inc covid hosp,1,2026-10-10,28,quantile,0.4,17.0
2026-10-03,wk inc covid hosp,1,2026-10-10,28,quantile,0.45,18.0
2026-10-03,wk inc covid hosp,1,2026-10-10,28,quantile,0.5,20.0
2026-10-03,wk inc covid hosp,1,2026-10-10,28,quantile,0.55,21.0
2026-10-03,wk inc covid hosp,1,2026-10-10,28,quantile,0.6,23.0
2026-10-03,wk inc covid hosp,1,2026-10-10,28,quantile,0.65,24.0
2026-10-03,wk inc covid hosp,1,2026-10-10,28,quantile,0.7,26.0
2026-10-03,wk inc covid hosp,1,2026-10-10,28,quantile,0.75,28.0
2026-10-03,wk inc covid hosp,1,2026-10-10,28,quantile,0.8,30.0
2026-10-03,wk inc covid hosp,1,2026-10-10,28,quantile,0.85,33.0
2026-10-03,wk inc covid hosp,1,2026-10-10,28,quantile,0.9,36.0
2026-10-03,wk inc covid hosp,1,2026-10-10,28,quantile,0.95,43.0
2026-10-03,wk inc covid hosp,1,2026-10-10,28,quantile,0.975,49.0
2026-10-03,wk inc covid hosp,1,2026-10-10,28,quantile,0.99,56.0
2026-10-03,wk inc covid hosp,1,2026-10-10,29,quantile,0.01,8.0
2026-10-03,wk inc covid hosp,1,2026-10-10,29,quantile,0.025,13.0
2026-10-03,wk inc covid hosp,1,2026-10-10,29,quantile,0.05,17.0
2026-10-03,wk inc covid hosp,1,2026-10-10,29,quantile,0.1,22.0
2026-10-03,wk inc covid hosp,1,2026-10-10,29,quantile,0.15,27.0
2026-10-03,wk inc covid hosp,1,2026-10-10,29,quantile,0.2,29.0
2026-10-03,wk inc covid hosp,1,2026-10-10,29,quantile,0.25,32.0
2026-10-03,wk inc covid hosp,1,2026-10-10,29,quantile,0.3,35.0
2026-10-03,wk inc covid hosp,1,2026-10-10,29,quantile,0.35,38.0
2026-10-03,wk inc covid hosp,1,2026-10-10,29,quantile,0.4,41.0
2026-10-03,wk inc covid hosp,1,2026-10-10,29,quantile,0.45,43.0
2026-10-03,wk inc covid hosp,1,2026-10-10,29,quantile,0.5,46.0
2026-10-03,wk inc covid hosp,1,2026-10-10,29,quantile,0.55,48.0
2026-10-03,wk inc covid hosp,1,2026-10-10,29,quantile,0.6,52.0
2026-10-03,wk inc covid hosp,1,2026-10-10,29,quantile,0.65,54.0
2026-10-03,wk inc covid hosp,1,2026-10-10,29,quantile,0.7,57.0
2026-10-03,wk inc covid hosp,1,2026-10-10,29,quantile,0.75,60.0
2026-10-03,wk inc covid hosp,1,2026-10-10,29,quantile,0.8,64.0
2026-10-03,wk inc covid hosp,1,2026-10-10,29,quantile,0.85,68.0
2026-10-03,wk inc covid hosp,1,2026-10-10,29,quantile,0.9,75.0
2026-10-03,wk inc covid hosp,1,2026-10-10,29,quantile,0.95,86.0
2026-10-03,wk inc covid hosp,1,2026-10-10,29,quantile,0.975,97.0
2026-10-03,wk inc covid hosp,1,2026-10-10,29,quantile,0.99,110.0
2026-10-03,wk inc covid hosp,1,2026-10-10,30,quantile,0.01,0.0
2026-10-03,wk inc covid hosp,1,2026-10-10,30,quantile,0.025,0.0
2026-10-03,wk inc covid hosp,1,2026-10-10,30,quantile,0.05,0.0
2026-10-03,wk inc covid hosp,1,2026-10-10,30,quantile,0.1,1.0
2026-10-03,wk inc covid hosp,1,2026-10-10,30,quantile,0.15,2.0
2026-10-03,wk inc covid hosp,1,2026-10-10,30,quantile,0.2,3.0
2026-10-03,wk inc covid hosp,1,2026-10-10,30,quantile,0.25,4.0
2026-10-03,wk inc covid hosp,1,2026-10-10,30,quantile,0.3,4.0
2026-10-03,wk inc covid hosp,1,2026-10-10,30,quantile,0.35,5.0
2026-10-03,wk inc covid hosp,1,2026-10-10,30,quantile,0.4,6.0
2026-10-03,wk inc covid hosp,1,2026-10-10,30,quantile,0.45,6.0
2026-10-03,wk inc covid hosp,1,2026-10-10,30,quantile,0.5,7.0
2026-10-03,wk inc covid hosp,1,2026-10-10,30,quantile,0.55,8.0
2026-10-03,wk inc covid hosp,1,2026-10-10,30,quantile,0.6,9.0
2026-10-03,wk inc covid hosp,1,2026-10-10,30,quantile,0.65,10.0
2026-10-03,wk inc covid hosp,1,2026-10-10,30,quantile,0.7,10.0
2026-10-03,wk inc covid hosp,1,2026-10-10,30,quantile,0.75,11.0
2026-10-03,wk inc covid hosp,1,2026-10-10,30,quantile,0.8,13.0
2026-10-03,wk inc covid hosp,1,2026-10-10,30,quantile,0.85,14.0
2026-10-03,wk inc covid hosp,1,2026-10-10,30,quantile,0.9,16.0
2026-10-03,wk inc covid hosp,1,2026-10-10,30,quantile,0.95,20.0
2026-10-03,wk inc covid hosp,1,2026-10-10,30,quantile,0.975,23.0
2026-10-03,wk inc covid hosp,1,2026-10-10,30,quantile,0.99,25.0
2026-10-03,wk inc covid hosp,1,2026-10-10,31,quantile,0.01,0.0
2026-10-03,wk inc covid hosp,1,2026-10-10,31,quantile,0.025,0.0
2026-10-03,wk inc covid hosp,1,2026-10-10,31,quantile,0.05,0.0
2026-10-03,wk inc covid hosp,1,2026-10-10,31,quantile,0.1,0.0
2026-10-03,wk inc covid hosp,1,2026-10-10,31,quantile,0.15,1.0
2026-10-03,wk inc covid hosp,1,2026-10-10,31,quantile,0.2,1.0
2026-10-03,wk inc covid hosp,1,2026-10-10,31,quantile,0.25,2.0
2026-10-03,wk inc covid hosp,1,2026-10-10,31,quantile,0.3,3.0
2026-10-03,wk inc covid hosp,1,2026-10-10,31,quantile,0.35,4.0
2026-10-03,wk inc covid hosp,1,2026-10-10,31,quantile,0.4,5.0
2026-10-03,wk inc covid hosp,1,2026-10-10,31,quantile,0.45,6.0
2026-10-03,wk inc covid hosp,1,2026-10-10,31,quantile,0.5,6.0
2026-10-03,wk inc covid hosp,1,2026-10-10,31,quantile,0.55,7.0
2026-10-03,wk inc covid hosp,1,2026-10-10,31,quantile,0.6,8.0
2026-10-03,wk inc covid hosp,1,2026-10-10,31,quantile,0.65,9.0
2026-10-03,wk inc covid hosp,1,2026-10-10,31,quantile,0.7,10.0
2026-10-03,wk inc covid hosp,1,2026-10-10,31,quantile,0.75,11.0
2026-10-03,wk inc covid hosp,1,2026-10-10,31,quantile,0.8,12.0
2026-10-03,wk inc covid hosp,1,2026-10-10,31,quantile,0.85,14.0
2026-10-03,wk inc covid hosp,1,2026-10-10,31,quantile,0.9,16.0
2026-10-03,wk inc covid hosp,1,2026-10-10,31,quantile,0.95,20.0
2026-10-03,wk inc covid hosp,1,2026-10-10,31,quantile,0.975,23.0
2026-10-03,wk inc covid hosp,1,2026-10-10,31,quantile,0.99,26.0
2026-10-03,wk inc covid hosp,1,2026-10-10,32,quantile,0.01,3.0
2026-10-03,wk inc covid hosp,1,2026-10-10,32,quantile,0.025,6.0
2026-10-03,wk inc covid hosp,1,2026-10-10,32,quantile,0.05,8.0
2026-10-03,wk inc covid hosp,1,2026-10-10,32,quantile,0.1,10.0
2026-10-03,wk inc covid hosp,1,2026-10-10,32,quantile,0.15,13.0
2026-10-03,wk inc covid hosp,1,2026-10-10,32,quantile,0.2,15.0
2026-10-03,wk inc covid hosp,1,2026-10-10,32,quantile,0.25,16.0
2026-10-03,wk inc covid hosp,1,2026-10-10,32,quantile,0.3,18.0
2026-10-03,wk inc covid hosp,1,2026-10-10,32,quantile,0.35,20.0
2026-10-03,wk inc covid hosp,1,2026-10-10,32,quantile,0.4,21.0
2026-10-03,wk inc covid hosp,1,2026-10-10,32,quantile,0.45,22.0
2026-10-03,wk inc covid hosp,1,2026-10-10,32,quantile,0.5,24.0
2026-10-03,wk inc covid hosp,1,2026-10-10,32,quantile,0.55,25.0
2026-10-03,wk inc covid hosp,1,2026-10-10,32,quantile,0.6,27.0
2026-10-03,wk inc covid hosp,1,2026-10-10,32,quantile,0.65,29.0
2026-10-03,wk inc covid hosp,1,2026-10-10,32,quantile,0.7,30.0
2026-10-03,wk inc covid hosp,1,2026-10-10,32,quantile,0.75,32.0
2026-10-03,wk inc covid hosp,1,2026-10-10,32,quantile,0.8,34.0
2026-10-03,wk inc covid hosp,1,2026-10-10,32,quantile,0.85,37.0
2026-10-03,wk inc covid hosp,1,2026-10-10,32,quantile,0.9,41.0
2026-10-03,wk inc covid hosp,1,2026-10-10,32,quantile,0.95,47.0
2026-10-03,wk inc covid hosp,1,2026-10-10,32,quantile,0.975,54.0
2026-10-03,wk inc covid hosp,1,2026-10-10,32,quantile,0.99,61.0
2026-10-03,wk inc covid hosp,1,2026-10-10,33,quantile,0.01,1.0
2026-10-03,wk inc covid hosp,1,2026-10-10,33,quantile,0.025,4.0
2026-10-03,wk inc covid hosp,1,2026-10-10,33,quantile,0.05,6.0
2026-10-03,wk inc covid hosp,1,2026-10-10,33,quantile,0.1,9.0
2026-10-03,wk inc covid hosp,1,2026-10-10,33,quantile,0.15,11.0
2026-10-03,wk inc covid hosp,1,2026-10-10,33,quantile,0.2,13.0
2026-10-03,wk inc covid hosp,1,2026-10-10,33,quantile,0.25,15.0
2026-10-03,wk inc covid hosp,1,2026-10-10,33,quantile,0.3,17.0
2026-10-03,wk inc covid hosp,1,2026-10-10,33,quantile,0.35,18.0
2026-10-03,wk inc covid hosp,1,2026-10-10,33,quantile,0.4,20.0
2026-10-03,wk inc covid hosp,1,2026-10-10,33,quantile,0.45,22.0
2026-10-03,wk inc covid hosp,1,2026-10-10,33,quantile,0.5,24.0
2026-10-03,wk inc covid hosp,1,2026-10-10,33,quantile,0.55,26.0
2026-10-03,wk inc covid hosp,1,2026-10-10,33,quantile,0.6,27.0
2026-10-03,wk inc covid hosp,1,2026-10-10,33,quantile,0.65,29.0
2026-10-03,wk inc covid hosp,1,2026-10-10,33,quantile,0.7,31.0
2026-10-03,wk inc covid hosp,1,2026-10-10,33,quantile,0.75,34.0
2026-10-03,wk inc covid hosp,1,2026-10-10,33,quantile,0.8,37.0
2026-10-03,wk inc covid hosp,1,2026-10-10,33,quantile,0.85,43.0
2026-10-03,wk inc covid hosp,1,2026-10-10,33,quantile,0.9,49.0
2026-10-03,wk inc covid hosp,1,2026-10-10,33,quantile,0.95,59.0
2026-10-03,wk inc covid hosp,1,2026-10-10,33,quantile,0.975,68.0
2026-10-03,wk inc covid hosp,1,2026-10-10,33,quantile,0.99,82.0
2026-10-03,wk inc covid hosp,1,2026-10-10,34,quantile,0.01,36.0
2026-10-03,wk inc covid hosp,1,2026-10-10,34,quantile,0.025,49.0
2026-10-03,wk inc covid hosp,1,2026-10-10,34,quantile,0.05,58.0
2026-10-03,wk inc covid hosp,1,2026-10-10,34,quantile,0.1,75.0
2026-10-03,wk inc covid hosp,1,2026-10-10,34,quantile,0.15,87.0
2026-10-03,wk inc covid hosp,1,2026-10-10,34,quantile,0.2,96.0
2026-10-03,wk inc covid hosp,1,2026-10-10,34,quantile,0.25,104.0
2026-10-03,wk inc covid hosp,1,2026-10-10,34,quantile,0.3,112.0
2026-10-03,wk inc covid hosp,1,2026-10-10,34,quantile,0.35,120.0
2026-10-03,wk inc covid hosp,1,2026-10-10,34,quantile,0.4,128.0
2026-10-03,wk inc covid hosp,1,2026-10-10,34,quantile,0.45,136.0
2026-10-03,wk inc covid hosp,1,2026-10-10,34,quantile,0.5,144.0
2026-10-03,wk inc covid hosp,1,2026-10-10,34,quantile,0.55,150.0
2026-10-03,wk inc covid hosp,1,2026-10-10,34,quantile,0.6,160.0
2026-10-03,wk inc covid hosp,1,2026-10-10,34,quantile,0.65,168.0
2026-10-03,wk inc covid hosp,1,2026-10-10,34,quantile,0.7,175.0
2026-10-03,wk inc covid hosp,1,2026-10-10,34,quantile,0.75,182.0
2026-10-03,wk inc covid hosp,1,2026-10-10,34,quantile,0.8,194.0
2026-10-03,wk inc covid hosp,1,2026-10-10,34,quantile,0.85,211.0
2026-10-03,wk inc covid hosp,1,2026-10-10,34,quantile,0.9,231.0
2026-10-03,wk inc covid hosp,1,2026-10-10,34,quantile,0.95,264.0
2026-10-03,wk inc covid hosp,1,2026-10-10,34,quantile,0.975,295.0
2026-10-03,wk inc covid hosp,1,2026-10-10,34,quantile,0.99,337.0
2026-10-03,wk inc covid hosp,1,2026-10-10,35,quantile,0.01,0.0
2026-10-03,wk inc covid hosp,1,2026-10-10,35,quantile,0.025,0.0
2026-10-03,wk inc covid hosp,1,2026-10-10,35,quantile,0.05,0.0
2026-10-03,wk inc covid hosp,1,2026-10-10,35,quantile,0.1,0.0
2026-10-03,wk inc covid hosp,1,2026-10-10,35,quantile,0.15,0.0
2026-10-03,wk inc covid hosp,1,2026-10-10,35,quantile,0.2,0.0
2026-10-03,wk inc covid hosp,1,2026-10-10,35,quantile,0.25,1.0
2026-10-03,wk inc covid hosp,1,2026-10-10,35,quantile,0.3,1.0
2026-10-03,wk inc covid hosp,1,2026-10-10,35,quantile,0.35,2.0
2026-10-03,wk inc covid hosp,1,2026-10-10,35,quantile,0.4,3.0
2026-10-03,wk inc covid hosp,1,2026-10-10,35,quantile,0.45,4.0
2026-10-03,wk inc covid hosp,1,2026-10-10,35,quantile,0.5,5.0
2026-10-03,wk inc covid hosp,1,2026-10-10,35,quantile,0.55,6.0
2026-10-03,wk inc covid hosp,1,2026-10-10,35,quantile,0.6,7.0
2026-10-03,wk inc covid hosp,1,2026-10-10,35,quantile,0.65,8.0
2026-10-03,wk inc covid hosp,1,2026-10-10,35,quantile,0.7,8.0
2026-10-03,wk inc covid hosp,1,2026-10-10,35,quantile,0.75,10.0
2026-10-03,wk inc covid hosp,1,2026-10-10,35,quantile,0.8,11.0
2026-10-03,wk inc covid hosp,1,2026-10-10,35,quantile,0.85,13.0
2026-10-03,wk inc covid hosp,1,2026-10-10,35,quantile,0.9,15.0
2026-10-03,wk inc covid hosp,1,2026-10-10,35,quantile,0.95,20.0
2026-10-03,wk inc covid hosp,1,2026-10-10,35,quantile,0.975,23.0
2026-10-03,wk inc covid hosp,1,2026-10-10,35,quantile,0.99,26.0
2026-10-03,wk inc covid hosp,1,2026-10-10,36,quantile,0.01,116.0
2026-10-03,wk inc covid hosp,1,2026-10-10,36,quantile,0.025,137.0
2026-10-03,wk inc covid hosp,1,2026-10-10,36,quantile,0.05,153.0
2026-10-03,wk inc covid hosp,1,2026-10-10,36,quantile,0.1,179.0
2026-10-03,wk inc covid hosp,1,2026-10-10,36,quantile,0.15,200.0
2026-10-03,wk inc covid hosp,1,2026-10-10,36,quantile,0.2,212.0
2026-10-03,wk inc covid hosp,1,2026-10-10,36,quantile,0.25,225.0
2026-10-03,wk inc covid hosp,1,2026-10-10,36,quantile,0.3,238.0
2026-10-03,wk inc covid hosp,1,2026-10-10,36,quantile,0.35,249.0
2026-10-03,wk inc covid hosp,1,2026-10-10,36,quantile,0.4,262.0
2026-10-03,wk inc covid hosp,1,2026-10-10,36,quantile,0.45,273.0
2026-10-03,wk inc covid hosp,1,2026-10-10,36,quantile,0.5,284.0
2026-10-03,wk inc covid hosp,1,2026-10-10,36,quantile,0.55,293.0
2026-10-03,wk inc covid hosp,1,2026-10-10,36,quantile,0.6,307.0
2026-10-03,wk inc covid hosp,1,2026-10-10,36,quantile,0.65,318.0
2026-10-03,wk inc covid hosp,1,2026-10-10,36,quantile,0.7,329.0
2026-10-03,wk inc covid hosp,1,2026-10-10,36,quantile,0.75,339.0
2026-10-03,wk inc covid hosp,1,2026-10-10,36,quantile,0.8,355.0
2026-10-03,wk inc covid hosp,1,2026-10-10,36,quantile,0.85,378.0
2026-10-03,wk inc covid hosp,1,2026-10-10,36,quantile,0.9,405.0
2026-10-03,wk inc covid hosp,1,2026-10-10,36,quantile,0.95,447.0
2026-10-03,wk inc covid hosp,1,2026-10-10,36,quantile,0.975,487.0
2026-10-03,wk inc covid hosp,1,2026-10-10,36,quantile,0.99,539.0
2026-10-03,wk inc covid hosp,1,2026-10-10,37,quantile,0.01,48.0
2026-10-03,wk inc covid hosp,1,2026-10-10,37,quantile,0.025,60.0
2026-10-03,wk inc covid hosp,1,2026-10-10,37,quantile,0.05,68.0
2026-10-03,wk inc covid hosp,1,2026-10-10,37,quantile,0.1,83.0
2026-10-03,wk inc covid hosp,1,2026-10-10,37,quantile,0.15,94.0
2026-10-03,wk inc covid hosp,1,2026-10-10,37,quantile,0.2,101.0
2026-10-03,wk inc covid hosp,1,2026-10-10,37,quantile,0.25,108.0
2026-10-03,wk inc covid hosp,1,2026-10-10,37,quantile,0.3,115.0
2026-10-03,wk inc covid hosp,1,2026-10-10,37,quantile,0.35,121.0
2026-10-03,wk inc covid hosp,1,2026-10-10,37,quantile,0.4,128.0
2026-10-03,wk inc covid hosp,1,2026-10-10,37,quantile,0.45,135.0
2026-10-03,wk inc covid hosp,1,2026-10-10,37,quantile,0.5,141.0
2026-10-03,wk inc covid hosp,1,2026-10-10,37,quantile,0.55,146.0
2026-10-03,wk inc covid hosp,1,2026-10-10,37,quantile,0.6,154.0
2026-10-03,wk inc covid hosp,1,2026-10-10,37,quantile,0.65,160.0
2026-10-03,wk inc covid hosp,1,2026-10-10,37,quantile,0.7,167.0
2026-10-03,wk inc covid hosp,1,2026-10-10,37,quantile,0.75,172.0
2026-10-03,wk inc covid hosp,1,2026-10-10,37,quantile,0.8,181.0
2026-10-03,wk inc covid hosp,1,2026-10-10,37,quantile,0.85,194.0
2026-10-03,wk inc covid hosp,1,2026-10-10,37,quantile,0.9,209.0
2026-10-03,wk inc covid hosp,1,2026-10-10,37,quantile,0.95,234.0
2026-10-03,wk inc covid hosp,1,2026-10-10,37,quantile,0.975,257.0
2026-10-03,wk inc covid hosp,1,2026-10-10,37,quantile,0.99,287.0
2026-10-03,wk inc covid hosp,1,2026-10-10,38,quantile,0.01,0.0
2026-10-03,wk inc covid hosp,1,2026-10-10,38,quantile,0.025,0.0
2026-10-03,wk inc covid hosp,1,2026-10-10,38,quantile,0.05,0.0
2026-10-03,wk inc covid hosp,1,2026-10-10,38,quantile,0.1,0.0
2026-10-03,wk inc covid hosp,1,2026-10-10,38,quantile,0.15,1.0
2026-10-03,wk inc covid hosp,1,2026-10-10,38,quantile,0.2,1.0
2026-10-03,wk inc covid hosp,1,2026-10-10,38,quantile,0.25,2.0
2026-10-03,wk inc covid hosp,1,2026-10-10,38,quantile,0.3,2.0
2026-10-03,wk inc covid hosp,1,2026-10-10,38,quantile,0.35,2.0
2026-10-03,wk inc covid hosp,1,2026-10-10,38,quantile,0.4,3.0
2026-10-03,wk inc covid hosp,1,2026-10-10,38,quantile,0.45,3.0
2026-10-03,wk inc covid hosp,1,2026-10-10,38,quantile,0.5,4.0
2026-10-03,wk inc covid hosp,1,2026-10-10,38,quantile,0.55,4.0
2026-10-03,wk inc covid hosp,1,2026-10-10,38,quantile,0.6,4.0
2026-10-03,wk inc covid hosp,1,2026-10-10,38,quantile,0.65,5.0
2026-10-03,wk inc covid hosp,1,2026-10-10,38,quantile,0.7,5.0
2026-10-03,wk inc covid hosp,1,2026-10-10,38,quantile,0.75,6.0
2026-10-03,wk inc covid hosp,1,2026-10-10,38,quantile,0.8,7.0
2026-10-03,wk inc covid hosp,1,2026-10-10,38,quantile,0.85,8.0
2026-10-03,wk inc covid hosp,1,2026-10-10,38,quantile,0.9,9.0
2026-10-03,wk inc covid hosp,1,2026-10-10,38,quantile,0.95,11.0
2026-10-03,wk inc covid hosp,1,2026-10-10,38,quantile,0.975,13.0
2026-10-03,wk inc covid hosp,1,2026-10-10,38,quantile,0.99,14.0
2026-10-03,wk inc covid hosp,1,2026-10-10,39,quantile,0.01,0.0
2026-10-03,wk inc covid hosp,1,2026-10-10,39,quantile,0.025,2.0
2026-10-03,wk inc covid hosp,1,2026-10-10,39,quantile,0.05,8.0
2026-10-03,wk inc covid hosp,1,2026-10-10,39,quantile,0.1,18.0
2026-10-03,wk inc covid hosp,1,2026-10-10,39,quantile,0.15,27.0
2026-10-03,wk inc covid hosp,1,2026-10-10,39,quantile,0.2,32.0
2026-10-03,wk inc covid hosp,1,2026-10-10,39,quantile,0.25,37.0
2026-10-03,wk inc covid hosp,1,2026-10-10,39,quantile,0.3,42.0
2026-10-03,wk inc covid hosp,1,2026-10-10,39,quantile,0.35,47.0
2026-10-03,wk inc covid hosp,1,2026-10-10,39,quantile,0.4,52.0
2026-10-03,wk inc covid hosp,1,2026-10-10,39,quantile,0.45,56.0
2026-10-03,wk inc covid hosp,1,2026-10-10,39,quantile,0.5,61.0
2026-10-03,wk inc covid hosp,1,2026-10-10,39,quantile,0.55,65.0
2026-10-03,wk inc covid hosp,1,2026-10-10,39,quantile,0.6,71.0
2026-10-03,wk inc covid hosp,1,2026-10-10,39,quantile,0.65,76.0
2026-10-03,wk inc covid hosp,1,2026-10-10,39,quantile,0.7,80.0
2026-10-03,wk inc covid hosp,1,2026-10-10,39,quantile,0.75,84.0
2026-10-03,wk inc covid hosp,1,2026-10-10,39,quantile,0.8,91.0
2026-10-03,wk inc covid hosp,1,2026-10-10,39,quantile,0.85,100.0
2026-10-03,wk inc covid hosp,1,2026-10-10,39,quantile,0.9,112.0
2026-10-03,wk inc covid hosp,1,2026-10-10,39,quantile,0.95,130.0
2026-10-03,wk inc covid hosp,1,2026-10-10,39,quantile,0.975,145.0
2026-10-03,wk inc covid hosp,1,2026-10-10,39,quantile,0.99,166.0
2026-10-03,wk inc covid hosp,1,2026-10-10,40,quantile,0.01,0.0
2026-10-03,wk inc covid hosp,1,2026-10-10,40,quantile,0.025,0.0
2026-10-03,wk inc covid hosp,1,2026-10-10,40,quantile,0.05,0.0
2026-10-03,wk inc covid hosp,1,2026-10-10,40,quantile,0.1,0.0
2026-10-03,wk inc covid hosp,1,2026-10-10,40,quantile,0.15,0.0
2026-10-03,wk inc covid hosp,1,2026-10-10,40,quantile,0.2,1.0
2026-10-03,wk inc covid hosp,1,2026-10-10,40,quantile,0.25,2.0
2026-10-03,wk inc covid hosp,1,2026-10-10,40,quantile,0.3,4.0
2026-10-03,wk inc covid hosp,1,2026-10-10,40,quantile,0.35,6.0
2026-10-03,wk inc covid hosp,1,2026-10-10,40,quantile,0.4,7.0
2026-10-03,wk inc covid hosp,1,2026-10-10,40,quantile,0.45,8.0
2026-10-03,wk inc covid hosp,1,2026-10-10,40,quantile,0.5,10.0
2026-10-03,wk inc covid hosp,1,2026-10-10,40,quantile,0.55,11.0
2026-10-03,wk inc covid hosp,1,2026-10-10,40,quantile,0.6,13.0
2026-10-03,wk inc covid hosp,1,2026-10-10,40,quantile,0.65,14.0
2026-10-03,wk inc covid hosp,1,2026-10-10,40,quantile,0.7,16.0
2026-10-03,wk inc covid hosp,1,2026-10-10,40,quantile,0.75,17.0
2026-10-03,wk inc covid hosp,1,2026-10-10,40,quantile,0.8,19.0
2026-10-03,wk inc covid hosp,1,2026-10-10,40,quantile,0.85,22.0
2026-10-03,wk inc covid hosp,1,2026-10-10,40,quantile,0.9,26.0
2026-10-03,wk inc covid hosp,1,2026-10-10,40,quantile,0.95,32.0
2026-10-03,wk inc covid hosp,1,2026-10-10,40,quantile,0.975,38.0
2026-10-03,wk inc covid hosp,1,2026-10-10,40,quantile,0.99,46.0
2026-10-03,wk inc covid hosp,1,2026-10-10,41,quantile,0.01,17.0
2026-10-03,wk inc covid hosp,1,2026-10-10,41,quantile,0.025,22.0
2026-10-03,wk inc covid hosp,1,2026-10-10,41,quantile,0.05,25.0
2026-10-03,wk inc covid hosp,1,2026-10-10,41,quantile,0.1,30.0
2026-10-03,wk inc covid hosp,1,2026-10-10,41,quantile,0.15,34.0
2026-10-03,wk inc covid hosp,1,2026-10-10,41,quantile,0.2,37.0
2026-10-03,wk inc covid hosp,1,2026-10-10,41,quantile,0.25,39.0
2026-10-03,wk inc covid hosp,1,2026-10-10,41,quantile,0.3,43.0
2026-10-03,wk inc covid hosp,1,2026-10-10,41,quantile,0.35,45.0
2026-10-03,wk inc covid hosp,1,2026-10-10,41,quantile,0.4,47.0
2026-10-03,wk inc covid hosp,1,2026-10-10,41,quantile,0.45,50.0
2026-10-03,wk inc covid hosp,1,2026-10-10,41,quantile,0.5,52.0
2026-10-03,wk inc covid hosp,1,2026-10-10,41,quantile,0.55,55.0
2026-10-03,wk inc covid hosp,1,2026-10-10,41,quantile,0.6,58.0
2026-10-03,wk inc covid hosp,1,2026-10-10,41,quantile,0.65,60.0
2026-10-03,wk inc covid hosp,1,2026-10-10,41,quantile,0.7,63.0
2026-10-03,wk inc covid hosp,1,2026-10-10,41,quantile,0.75,66.0
2026-10-03,wk inc covid hosp,1,2026-10-10,41,quantile,0.8,70.0
2026-10-03,wk inc covid hosp,1,2026-10-10,41,quantile,0.85,74.0
2026-10-03,wk inc covid hosp,1,2026-10-10,41,quantile,0.9,80.0
2026-10-03,wk inc covid hosp,1,2026-10-10,41,quantile,0.95,91.0
2026-10-03,wk inc covid hosp,1,2026-10-10,41,quantile,0.975,103.0
2026-10-03,wk inc covid hosp,1,2026-10-10,41,quantile,0.99,113.0
2026-10-03,wk inc covid hosp,1,2026-10-10,42,quantile,0.01,48.0
2026-10-03,wk inc covid hosp,1,2026-10-10,42,quantile,0.025,67.0
2026-10-03,wk inc covid hosp,1,2026-10-10,42,quantile,0.05,82.0
2026-10-03,wk inc covid hosp,1,2026-10-10,42,quantile,0.1,106.0
2026-10-03,wk inc covid hosp,1,2026-10-10,42,quantile,0.15,124.0
2026-10-03,wk inc covid hosp,1,2026-10-10,42,quantile,0.2,136.0
2026-10-03,wk inc covid hosp,1,2026-10-10,42,quantile,0.25,149.0
2026-10-03,wk inc covid hosp,1,2026-10-10,42,quantile,0.3,162.0
2026-10-03,wk inc covid hosp,1,2026-10-10,42,quantile,0.35,173.0
2026-10-03,wk inc covid hosp,1,2026-10-10,42,quantile,0.4,185.0
2026-10-03,wk inc covid hosp,1,2026-10-10,42,quantile,0.45,196.0
2026-10-03,wk inc covid hosp,1,2026-10-10,42,quantile,0.5,208.0
2026-10-03,wk inc covid hosp,1,2026-10-10,42,quantile,0.55,219.0
2026-10-03,wk inc covid hosp,1,2026-10-10,42,quantile,0.6,235.0
2026-10-03,wk inc covid hosp,1,2026-10-10,42,quantile,0.65,245.0
2026-10-03,wk inc covid hosp,1,2026-10-10,42,quantile,0.7,257.0
2026-10-03,wk inc covid hosp,1,2026-10-10,42,quantile,0.75,271.0
2026-10-03,wk inc covid hosp,1,2026-10-10,42,quantile,0.8,287.0
2026-10-03,wk inc covid hosp,1,2026-10-10,42,quantile,0.85,312.0
2026-10-03,wk inc covid hosp,1,2026-10-10,42,quantile,0.9,343.0
2026-10-03,wk inc covid hosp,1,2026-10-10,42,quantile,0.95,395.0
2026-10-03,wk inc covid hosp,1,2026-10-10,42,quantile,0.975,439.0
2026-10-03,wk inc covid hosp,1,2026-10-10,42,quantile,0.99,504.0
2026-10-03,wk inc covid hosp,1,2026-10-10,44,quantile,0.01,0.0
2026-10-03,wk inc covid hosp,1,2026-10-10,44,quantile,0.025,0.0
2026-10-03,wk inc covid hosp,1,2026-10-10,44,quantile,0.05,1.0
2026-10-03,wk inc covid hosp,1,2026-10-10,44,quantile,0.1,2.0
2026-10-03,wk inc covid hosp,1,2026-10-10,44,quantile,0.15,3.0
2026-10-03,wk inc covid hosp,1,2026-10-10,44,quantile,0.2,4.0
2026-10-03,wk inc covid hosp,1,2026-10-10,44,quantile,0.25,5.0
2026-10-03,wk inc covid hosp,1,2026-10-10,44,quantile,0.3,6.0
2026-10-03,wk inc covid hosp,1,2026-10-10,44,quantile,0.35,6.0
2026-10-03,wk inc covid hosp,1,2026-10-10,44,quantile,0.4,7.0
2026-10-03,wk inc covid hosp,1,2026-10-10,44,quantile,0.45,8.0
2026-10-03,wk inc covid hosp,1,2026-10-10,44,quantile,0.5,9.0
2026-10-03,wk inc covid hosp,1,2026-10-10,44,quantile,0.55,10.0
2026-10-03,wk inc covid hosp,1,2026-10-10,44,quantile,0.6,10.0
2026-10-03,wk inc covid hosp,1,2026-10-10,44,quantile,0.65,11.0
2026-10-03,wk inc covid hosp,1,2026-10-10,44,quantile,0.7,12.0
2026-10-03,wk inc covid hosp,1,2026-10-10,44,quantile,0.75,13.0
2026-10-03,wk inc covid hosp,1,2026-10-10,44,quantile,0.8,14.0
2026-10-03,wk inc covid hosp,1,2026-10-10,44,quantile,0.85,16.0
2026-10-03,wk inc covid hosp,1,2026-10-10,44,quantile,0.9,18.0
2026-10-03,wk inc covid hosp,1,2026-10-10,44,quantile,0.95,22.0
2026-10-03,wk inc covid hosp,1,2026-10-10,44,quantile,0.975,26.0
2026-10-03,wk inc covid hosp,1,2026-10-10,44,quantile,0.99,29.0
2026-10-03,wk inc covid hosp,1,2026-10-10,45,quantile,0.01,16.0
2026-10-03,wk inc covid hosp,1,2026-10-10,45,quantile,0.025,21.0
2026-10-03,wk inc covid hosp,1,2026-10-10,45,quantile,0.05,25.0
2026-10-03,wk inc covid hosp,1,2026-10-10,45,quantile,0.1,32.0
2026-10-03,wk inc covid hosp,1,2026-10-10,45,quantile,0.15,37.0
2026-10-03,wk inc covid hosp,1,2026-10-10,45,quantile,0.2,41.0
2026-10-03,wk inc covid hosp,1,2026-10-10,45,quantile,0.25,44.0
2026-10-03,wk inc covid hosp,1,2026-10-10,45,quantile,0.3,48.0
2026-10-03,wk inc covid hosp,1,2026-10-10,45,quantile,0.35,51.0
2026-10-03,wk inc covid hosp,1,2026-10-10,45,quantile,0.4,54.0
2026-10-03,wk inc covid hosp,1,2026-10-10,45,quantile,0.45,58.0
2026-10-03,wk inc covid hosp,1,2026-10-10,45,quantile,0.5,60.0
2026-10-03,wk inc covid hosp,1,2026-10-10,45,quantile,0.55,63.0
2026-10-03,wk inc covid hosp,1,2026-10-10,45,quantile,0.6,67.0
2026-10-03,wk inc covid hosp,1,2026-10-10,45,quantile,0.65,70.0
2026-10-03,wk inc covid hosp,1,2026-10-10,45,quantile,0.7,73.0
2026-10-03,wk inc covid hosp,1,2026-10-10,45,quantile,0.75,76.0
2026-10-03,wk inc covid hosp,1,2026-10-10,45,quantile,0.8,80.0
2026-10-03,wk inc covid hosp,1,2026-10-10,45,quantile,0.85,87.0
2026-10-03,wk inc covid hosp,1,2026-10-10,45,quantile,0.9,95.0
2026-10-03,wk inc covid hosp,1,2026-10-10,45,quantile,0.95,107.0
2026-10-03,wk inc covid hosp,1,2026-10-10,45,quantile,0.975,119.0
2026-10-03,wk inc covid hosp,1,2026-10-10,45,quantile,0.99,135.0
2026-10-03,wk inc covid hosp,1,2026-10-10,46,quantile,0.01,0.0
2026-10-03,wk inc covid hosp,1,2026-10-10,46,quantile,0.025,0.0
2026-10-03,wk inc covid hosp,1,2026-10-10,46,quantile,0.05,0.0
2026-10-03,wk inc covid hosp,1,2026-10-10,46,quantile,0.1,0.0
2026-10-03,wk inc covid hosp,1,2026-10-10,46,quantile,0.15,0.0
2026-10-03,wk inc covid hosp,1,2026-10-10,46,quantile,0.2,0.0
2026-10-03,wk inc covid hosp,1,2026-10-10,46,quantile,0.25,1.0
2026-10-03,wk inc covid hosp,1,2026-10-10,46,quantile,0.3,1.0
2026-10-03,wk inc covid hosp,1,2026-10-10,46,quantile,0.35,2.0
2026-10-03,wk inc covid hosp,1,2026-10-10,46,quantile,0.4,2.0
2026-10-03,wk inc covid hosp,1,2026-10-10,46,quantile,0.45,3.0
2026-10-03,wk inc covid hosp,1,2026-10-10,46,quantile,0.5,3.0
2026-10-03,wk inc covid hosp,1,2026-10-10,46,quantile,0.55,4.0
2026-10-03,wk inc covid hosp,1,2026-10-10,46,quantile,0.6,4.0
2026-10-03,wk inc covid hosp,1,2026-10-10,46,quantile,0.65,5.0
2026-10-03,wk inc covid hosp,1,2026-10-10,46,quantile,0.7,5.0
2026-10-03,wk inc covid hosp,1,2026-10-10,46,quantile,0.75,6.0
2026-10-03,wk inc covid hosp,1,2026-10-10,46,quantile,0.8,7.0
2026-10-03,wk inc covid hosp,1,2026-10-10,46,quantile,0.85,8.0
2026-10-03,wk inc covid hosp,1,2026-10-10,46,quantile,0.9,9.0
2026-10-03,wk inc covid hosp,1,2026-10-10,46,quantile,0.95,11.0
2026-10-03,wk inc covid hosp,1,2026-10-10,46,quantile,0.975,14.0
2026-10-03,wk inc covid hosp,1,2026-10-10,46,quantile,0.99,15.0
2026-10-03,wk inc covid hosp,1,2026-10-10,47,quantile,0.01,0.0
2026-10-03,wk inc covid hosp,1,2026-10-10,47,quantile,0.025,1.0
2026-10-03,wk inc covid hosp,1,2026-10-10,47,quantile,0.05,5.0
2026-10-03,wk inc covid hosp,1,2026-10-10,47,quantile,0.1,10.0
2026-10-03,wk inc covid hosp,1,2026-10-10,47,quantile,0.15,15.0
2026-10-03,wk inc covid hosp,1,2026-10-10,47,quantile,0.2,18.0
2026-10-03,wk inc covid hosp,1,2026-10-10,47,quantile,0.25,21.0
2026-10-03,wk inc covid hosp,1,2026-10-10,47,quantile,0.3,25.0
2026-10-03,wk inc covid hosp,1,2026-10-10,47,quantile,0.35,28.0
2026-10-03,wk inc covid hosp,1,2026-10-10,47,quantile,0.4,31.0
2026-10-03,wk inc covid hosp,1,2026-10-10,47,quantile,0.45,33.0
2026-10-03,wk inc covid hosp,1,2026-10-10,47,quantile,0.5,37.0
2026-10-03,wk inc covid hosp,1,2026-10-10,47,quantile,0.55,40.0
2026-10-03,wk inc covid hosp,1,2026-10-10,47,quantile,0.6,44.0
2026-10-03,wk inc covid hosp,1,2026-10-10,47,quantile,0.65,46.0
2026-10-03,wk inc covid hosp,1,2026-10-10,47,quantile,0.7,49.0
2026-10-03,wk inc covid hosp,1,2026-10-10,47,quantile,0.75,53.0
2026-10-03,wk inc covid hosp,1,2026-10-10,47,quantile,0.8,57.0
2026-10-03,wk inc covid hosp,1,2026-10-10,47,quantile,0.85,62.0
2026-10-03,wk inc covid hosp,1,2026-10-10,47,quantile,0.9,71.0
2026-10-03,wk inc covid hosp,1,2026-10-10,47,quantile,0.95,83.0
2026-10-03,wk inc covid hosp,1,2026-10-10,47,quantile,0.975,97.0
2026-10-03,wk inc covid hosp,1,2026-10-10,47,quantile,0.99,113.0
2026-10-03,wk inc covid hosp,1,2026-10-10,48,quantile,0.01,77.0
2026-10-03,wk inc covid hosp,1,2026-10-10,48,quantile,0.025,105.0
2026-10-03,wk inc covid hosp,1,2026-10-10,48,quantile,0.05,128.0
2026-10-03,wk inc covid hosp,1,2026-10-10,48,quantile,0.1,164.0
2026-10-03,wk inc covid hosp,1,2026-10-10,48,quantile,0.15,195.0
2026-10-03,wk inc covid hosp,1,2026-10-10,48,quantile,0.2,213.0
2026-10-03,wk inc covid hosp,1,2026-10-10,48,quantile,0.25,229.0
2026-10-03,wk inc covid hosp,1,2026-10-10,48,quantile,0.3,249.0
2026-10-03,wk inc covid hosp,1,2026-10-10,48,quantile,0.35,265.0
2026-10-03,wk inc covid hosp,1,2026-10-10,48,quantile,0.4,284.0
2026-10-03,wk inc covid hosp,1,2026-10-10,48,quantile,0.45,301.0
2026-10-03,wk inc covid hosp,1,2026-10-10,48,quantile,0.5,316.0
2026-10-03,wk inc covid hosp,1,2026-10-10,48,quantile,0.55,332.0
2026-10-03,wk inc covid hosp,1,2026-10-10,48,quantile,0.6,350.0
2026-10-03,wk inc covid hosp,1,2026-10-10,48,quantile,0.65,366.0
2026-10-03,wk inc covid hosp,1,2026-10-10,48,quantile,0.7,384.0
2026-10-03,wk inc covid hosp,1,2026-10-10,48,quantile,0.75,398.0
2026-10-03,wk inc covid hosp,1,2026-10-10,48,quantile,0.8,422.0
2026-10-03,wk inc covid hosp,1,2026-10-10,48,quantile,0.85,458.0
2026-10-03,wk inc covid hosp,1,2026-10-10,48,quantile,0.9,499.0
2026-10-03,wk inc covid hosp,1,2026-10-10,48,quantile,0.95,564.0
2026-10-03,wk inc covid hosp,1,2026-10-10,48,quantile,0.975,628.0
2026-10-03,wk inc covid hosp,1,2026-10-10,48,quantile,0.99,712.0
2026-10-03,wk inc covid hosp,1,2026-10-10,49,quantile,0.01,1.0
2026-10-03,wk inc covid hosp,1,2026-10-10,49,quantile,0.025,3.0
2026-10-03,wk inc covid hosp,1,2026-10-10,49,quantile,0.05,6.0
2026-10-03,wk inc covid hosp,1,2026-10-10,49,quantile,0.1,9.0
2026-10-03,wk inc covid hosp,1,2026-10-10,49,quantile,0.15,11.0
2026-10-03,wk inc covid hosp,1,2026-10-10,49,quantile,0.2,13.0
2026-10-03,wk inc covid hosp,1,2026-10-10,49,quantile,0.25,14.0
2026-10-03,wk inc covid hosp,1,2026-10-10,49,quantile,0.3,16.0
2026-10-03,wk inc covid hosp,1,2026-10-10,49,quantile,0.35,17.0
2026-10-03,wk inc covid hosp,1,2026-10-10,49,quantile,0.4,18.0
2026-10-03,wk inc covid hosp,1,2026-10-10,49,quantile,0.45,20.0
2026-10-03,wk inc covid hosp,1,2026-10-10,49,quantile,0.5,21.0
2026-10-03,wk inc covid hosp,1,2026-10-10,49,quantile,0.55,23.0
2026-10-03,wk inc covid hosp,1,2026-10-10,49,quantile,0.6,24.0
2026-10-03,wk inc covid hosp,1,2026-10-10,49,quantile,0.65,25.0
2026-10-03,wk inc covid hosp,1,2026-10-10,49,quantile,0.7,27.0
2026-10-03,wk inc covid hosp,1,2026-10-10,49,quantile,0.75,28.0
2026-10-03,wk inc covid hosp,1,2026-10-10,49,quantile,0.8,31.0
2026-10-03,wk inc covid hosp,1,2026-10-10,49,quantile,0.85,34.0
2026-10-03,wk inc covid hosp,1,2026-10-10,49,quantile,0.9,38.0
2026-10-03,wk inc covid hosp,1,2026-10-10,49,quantile,0.95,43.0
2026-10-03,wk inc covid hosp,1,2026-10-10,49,quantile,0.975,48.0
2026-10-03,wk inc covid hosp,1,2026-10-10,49,quantile,0.99,55.0
2026-10-03,wk inc covid hosp,1,2026-10-10,50,quantile,0.01,0.0
2026-10-03,wk inc covid hosp,1,2026-10-10,50,quantile,0.025,1.0
2026-10-03,wk inc covid hosp,1,2026-10-10,50,quantile,0.05,2.0
2026-10-03,wk inc covid hosp,1,2026-10-10,50,quantile,0.1,3.0
2026-10-03,wk inc covid hosp,1,2026-10-10,50,quantile,0.15,4.0
2026-10-03,wk inc covid hosp,1,2026-10-10,50,quantile,0.2,4.0
2026-10-03,wk inc covid hosp,1,2026-10-10,50,quantile,0.25,5.0
2026-10-03,wk inc covid hosp,1,2026-10-10,50,quantile,0.3,5.0
2026-10-03,wk inc covid hosp,1,2026-10-10,50,quantile,0.35,6.0
2026-10-03,wk inc covid hosp,1,2026-10-10,50,quantile,0.4,6.0
2026-10-03,wk inc covid hosp,1,2026-10-10,50,quantile,0.45,7.0
2026-10-03,wk inc covid hosp,1,2026-10-10,50,quantile,0.5,8.0
2026-10-03,wk inc covid hosp,1,2026-10-10,50,quantile,0.55,8.0
2026-10-03,wk inc covid hosp,1,2026-10-10,50,quantile,0.6,9.0
2026-10-03,wk inc covid hosp,1,2026-10-10,50,quantile,0.65,10.0
2026-10-03,wk inc covid hosp,1,2026-10-10,50,quantile,0.7,10.0
2026-10-03,wk inc covid hosp,1,2026-10-10,50,quantile,0.75,11.0
2026-10-03,wk inc covid hosp,1,2026-10-10,50,quantile,0.8,12.0
2026-10-03,wk inc covid hosp,1,2026-10-10,50,quantile,0.85,13.0
2026-10-03,wk inc covid hosp,1,2026-10-10,50,quantile,0.9,15.0
2026-10-03,wk inc covid hosp,1,2026-10-10,50,quantile,0.95,18.0
2026-10-03,wk inc covid hosp,1,2026-10-10,50,quantile,0.975,20.0
2026-10-03,wk inc covid hosp,1,2026-10-10,50,quantile,0.99,23.0
2026-10-03,wk inc covid hosp,1,2026-10-10,51,quantile,0.01,2.0
2026-10-03,wk inc covid hosp,1,2026-10-10,51,quantile,0.025,8.0
2026-10-03,wk inc covid hosp,1,2026-10-10,51,quantile,0.05,12.0
2026-10-03,wk inc covid hosp,1,2026-10-10,51,quantile,0.1,18.0
2026-10-03,wk inc covid hosp,1,2026-10-10,51,quantile,0.15,23.0
2026-10-03,wk inc covid hosp,1,2026-10-10,51,quantile,0.2,26.0
2026-10-03,wk inc covid hosp,1,2026-10-10,51,quantile,0.25,29.0
2026-10-03,wk inc covid hosp,1,2026-10-10,51,quantile,0.3,33.0
2026-10-03,wk inc covid hosp,1,2026-10-10,51,quantile,0.35,36.0
2026-10-03,wk inc covid hosp,1,2026-10-10,51,quantile,0.4,38.0
2026-10-03,wk inc covid hosp,1,2026-10-10,51,quantile,0.45,41.0
2026-10-03,wk inc covid hosp,1,2026-10-10,51,quantile,0.5,44.0
2026-10-03,wk inc covid hosp,1,2026-10-10,51,quantile,0.55,47.0
2026-10-03,wk inc covid hosp,1,2026-10-10,51,quantile,0.6,50.0
2026-10-03,wk inc covid hosp,1,2026-10-10,51,quantile,0.65,53.0
2026-10-03,wk inc covid hosp,1,2026-10-10,51,quantile,0.7,56.0
2026-10-03,wk inc covid hosp,1,2026-10-10,51,quantile,0.75,59.0
2026-10-03,wk inc covid hosp,1,2026-10-10,51,quantile,0.8,63.0
2026-10-03,wk inc covid hosp,1,2026-10-10,51,quantile,0.85,68.0
2026-10-03,wk inc covid hosp,1,2026-10-10,51,quantile,0.9,75.0
2026-10-03,wk inc covid hosp,1,2026-10-10,51,quantile,0.95,87.0
2026-10-03,wk inc covid hosp,1,2026-10-10,51,quantile,0.975,99.0
2026-10-03,wk inc covid hosp,1,2026-10-10,51,quantile,0.99,112.0
2026-10-03,wk inc covid hosp,1,2026-10-10,53,quantile,0.01,111.0
2026-10-03,wk inc covid hosp,1,2026-10-10,53,quantile,0.025,123.0
2026-10-03,wk inc covid hosp,1,2026-10-10,53,quantile,0.05,133.0
2026-10-03,wk inc covid hosp,1,2026-10-10,53,quantile,0.1,149.0
2026-10-03,wk inc covid hosp,1,2026-10-10,53,quantile,0.15,162.0
2026-10-03,wk inc covid hosp,1,2026-10-10,53,quantile,0.2,170.0
2026-10-03,wk inc covid hosp,1,2026-10-10,53,quantile,0.25,177.0
2026-10-03,wk inc covid hosp,1,2026-10-10,53,quantile,0.3,185.0
2026-10-03,wk inc covid hosp,1,2026-10-10,53,quantile,0.35,192.0
2026-10-03,wk inc covid hosp,1,2026-10-10,53,quantile,0.4,200.0
2026-10-03,wk inc covid hosp,1,2026-10-10,53,quantile,0.45,207.0
2026-10-03,wk inc covid hosp,1,2026-10-10,53,quantile,0.5,214.0
2026-10-03,wk inc covid hosp,1,2026-10-10,53,quantile,0.55,220.0
2026-10-03,wk inc covid hosp,1,2026-10-10,53,quantile,0.6,227.0
2026-10-03,wk inc covid hosp,1,2026-10-10,53,quantile,0.65,234.0
2026-10-03,wk inc covid hosp,1,2026-10-10,53,quantile,0.7,241.0
2026-10-03,wk inc covid hosp,1,2026-10-10,53,quantile,0.75,248.0
2026-10-03,wk inc covid hosp,1,2026-10-10,53,quantile,0.8,257.0
2026-10-03,wk inc covid hosp,1,2026-10-10,53,quantile,0.85,271.0
2026-10-03,wk inc covid hosp,1,2026-10-10,53,quantile,0.9,288.0
2026-10-03,wk inc covid hosp,1,2026-10-10,53,quantile,0.95,314.0
2026-10-03,wk inc covid hosp,1,2026-10-10,53,quantile,0.975,339.0
2026-10-03,wk inc covid hosp,1,2026-10-10,53,quantile,0.99,372.0
2026-10-03,wk inc covid hosp,1,2026-10-10,54,quantile,0.01,7.0
2026-10-03,wk inc covid hosp,1,2026-10-10,54,quantile,0.025,10.0
2026-10-03,wk inc covid hosp,1,2026-10-10,54,quantile,0.05,12.0
2026-10-03,wk inc covid hosp,1,2026-10-10,54,quantile,0.1,14.0
2026-10-03,wk inc covid hosp,1,2026-10-10,54,quantile,0.15,17.0
2026-10-03,wk inc covid hosp,1,2026-10-10,54,quantile,0.2,18.0
2026-10-03,wk inc covid hosp,1,2026-10-10,54,quantile,0.25,19.0
2026-10-03,wk inc covid hosp,1,2026-10-10,54,quantile,0.3,21.0
2026-10-03,wk inc covid hosp,1,2026-10-10,54,quantile,0.35,23.0
2026-10-03,wk inc covid hosp,1,2026-10-10,54,quantile,0.4,24.0
2026-10-03,wk inc covid hosp,1,2026-10-10,54,quantile,0.45,25.0
2026-10-03,wk inc covid hosp,1,2026-10-10,54,quantile,0.5,27.0
2026-10-03,wk inc covid hosp,1,2026-10-10,54,quantile,0.55,28.0
2026-10-03,wk inc covid hosp,1,2026-10-10,54,quantile,0.6,30.0
2026-10-03,wk inc covid hosp,1,2026-10-10,54,quantile,0.65,32.0
2026-10-03,wk inc covid hosp,1,2026-10-10,54,quantile,0.7,33.0
2026-10-03,wk inc covid hosp,1,2026-10-10,54,quantile,0.75,35.0
2026-10-03,wk inc covid hosp,1,2026-10-10,54,quantile,0.8,37.0
2026-10-03,wk inc covid hosp,1,2026-10-10,54,quantile,0.85,40.0
2026-10-03,wk inc covid hosp,1,2026-10-10,54,quantile,0.9,44.0
2026-10-03,wk inc covid hosp,1,2026-10-10,54,quantile,0.95,51.0
2026-10-03,wk inc covid hosp,1,2026-10-10,54,quantile,0.975,58.0
2026-10-03,wk inc covid hosp,1,2026-10-10,54,quantile,0.99,66.0
2026-10-03,wk inc covid hosp,1,2026-10-10,55,quantile,0.01,0.0
2026-10-03,wk inc covid hosp,1,2026-10-10,55,quantile,0.025,2.0
2026-10-03,wk inc covid hosp,1,2026-10-10,55,quantile,0.05,6.0
2026-10-03,wk inc covid hosp,1,2026-10-10,55,quantile,0.1,12.0
2026-10-03,wk inc covid hosp,1,2026-10-10,55,quantile,0.15,17.0
2026-10-03,wk inc covid hosp,1,2026-10-10,55,quantile,0.2,21.0
2026-10-03,wk inc covid hosp,1,2026-10-10,55,quantile,0.25,24.0
2026-10-03,wk inc covid hosp,1,2026-10-10,55,quantile,0.3,27.0
2026-10-03,wk inc covid hosp,1,2026-10-10,55,quantile,0.35,30.0
2026-10-03,wk inc covid hosp,1,2026-10-10,55,quantile,0.4,33.0
2026-10-03,wk inc covid hosp,1,2026-10-10,55,quantile,0.45,36.0
2026-10-03,wk inc covid hosp,1,2026-10-10,55,quantile,0.5,39.0
2026-10-03,wk inc covid hosp,1,2026-10-10,55,quantile,0.55,42.0
2026-10-03,wk inc covid hosp,1,2026-10-10,55,quantile,0.6,45.0
2026-10-03,wk inc covid hosp,1,2026-10-10,55,quantile,0.65,48.0
2026-10-03,wk inc covid hosp,1,2026-10-10,55,quantile,0.7,51.0
2026-10-03,wk inc covid hosp,1,2026-10-10,55,quantile,0.75,54.0
2026-10-03,wk inc covid hosp,1,2026-10-10,55,quantile,0.8,58.0
2026-10-03,wk inc covid hosp,1,2026-10-10,55,quantile,0.85,65.0
2026-10-03,wk inc covid hosp,1,2026-10-10,55,quantile,0.9,72.0
2026-10-03,wk inc covid hosp,1,2026-10-10,55,quantile,0.95,84.0
2026-10-03,wk inc covid hosp,1,2026-10-10,55,quantile,0.975,96.0
2026-10-03,wk inc covid hosp,1,2026-10-10,55,quantile,0.99,112.0
2026-10-03,wk inc covid hosp,1,2026-10-10,56,quantile,0.01,0.0
2026-10-03,wk inc covid hosp,1,2026-10-10,56,quantile,0.025,0.0
2026-10-03,wk inc covid hosp,1,2026-10-10,56,quantile,0.05,0.0
2026-10-03,wk inc covid hosp,1,2026-10-10,56,quantile,0.1,0.0
2026-10-03,wk inc covid hosp,1,2026-10-10,56,quantile,0.15,1.0
2026-10-03,wk inc covid hosp,1,2026-10-10,56,quantile,0.2,1.0
2026-10-03,wk inc covid hosp,1,2026-10-10,56,quantile,0.25,1.0
2026-10-03,wk inc covid hosp,1,2026-10-10,56,quantile,0.3,2.0
2026-10-03,wk inc covid hosp,1,2026-10-10,56,quantile,0.35,2.0
2026-10-03,wk inc covid hosp,1,2026-10-10,56,quantile,0.4,3.0
2026-10-03,wk inc covid hosp,1,2026-10-10,56,quantile,0.45,3.0
2026-10-03,wk inc covid hosp,1,2026-10-10,56,quantile,0.5,3.0
2026-10-03,wk inc covid hosp,1,2026-10-10,56,quantile,0.55,4.0
2026-10-03,wk inc covid hosp,1,2026-10-10,56,quantile,0.6,4.0
2026-10-03,wk inc covid hosp,1,2026-10-10,56,quantile,0.65,5.0
2026-10-03,wk inc covid hosp,1,2026-10-10,56,quantile,0.7,6.0
2026-10-03,wk inc covid hosp,1,2026-10-10,56,quantile,0.75,6.0
2026-10-03,wk inc covid hosp,1,2026-10-10,56,quantile,0.8,7.0
2026-10-03,wk inc covid hosp,1,2026-10-10,56,quantile,0.85,8.0
2026-10-03,wk inc covid hosp,1,2026-10-10,56,quantile,0.9,9.0
2026-10-03,wk inc covid hosp,1,2026-10-10,56,quantile,0.95,11.0
2026-10-03,wk inc covid hosp,1,2026-10-10,56,quantile,0.975,13.0
2026-10-03,wk inc covid hosp,1,2026-10-10,56,quantile,0.99,16.0
2026-10-03,wk inc covid hosp,1,2026-10-10,72,quantile,0.01,8.0
2026-10-03,wk inc covid hosp,1,2026-10-10,72,quantile,0.025,15.0
2026-10-03,wk inc covid hosp,1,2026-10-10,72,quantile,0.05,22.0
2026-10-03,wk inc covid hosp,1,2026-10-10,72,quantile,0.1,32.0
2026-10-03,wk inc covid hosp,1,2026-10-10,72,quantile,0.15,39.0
2026-10-03,wk inc covid hosp,1,2026-10-10,72,quantile,0.2,44.0
2026-10-03,wk inc covid hosp,1,2026-10-10,72,quantile,0.25,50.0
2026-10-03,wk inc covid hosp,1,2026-10-10,72,quantile,0.3,54.0
2026-10-03,wk inc covid hosp,1,2026-10-10,72,quantile,0.35,58.0
2026-10-03,wk inc covid hosp,1,2026-10-10,72,quantile,0.4,64.0
2026-10-03,wk inc covid hosp,1,2026-10-10,72,quantile,0.45,70.0
2026-10-03,wk inc covid hosp,1,2026-10-10,72,quantile,0.5,75.0
2026-10-03,wk inc covid hosp,1,2026-10-10,72,quantile,0.55,81.0
2026-10-03,wk inc covid hosp,1,2026-10-10,72,quantile,0.6,86.0
2026-10-03,wk inc covid hosp,1,2026-10-10,72,quantile,0.65,93.0
2026-10-03,wk inc covid hosp,1,2026-10-10,72,quantile,0.7,99.0
2026-10-03,wk inc covid hosp,1,2026-10-10,72,quantile,0.75,105.0
2026-10-03,wk inc covid hosp,1,2026-10-10,72,quantile,0.8,115.0
2026-10-03,wk inc covid hosp,1,2026-10-10,72,quantile,0.85,131.0
2026-10-03,wk inc covid hosp,1,2026-10-10,72,quantile,0.9,148.0
2026-10-03,wk inc covid hosp,1,2026-10-10,72,quantile,0.95,178.0
2026-10-03,wk inc covid hosp,1,2026-10-10,72,quantile,0.975,204.0
2026-10-03,wk inc covid hosp,1,2026-10-10,72,quantile,0.99,236.0
2026-10-03,wk inc covid hosp,2,2026-10-17,01,quantile,0.01,12.0
2026-10-03,wk inc covid hosp,2,2026-10-17,01,quantile,0.025,19.0
2026-10-03,wk inc covid hosp,2,2026-10-17,01,quantile,0.05,26.0
2026-10-03,wk inc covid hosp,2,2026-10-17,01,quantile,0.1,36.0
2026-10-03,wk inc covid hosp,2,2026-10-17,01,quantile,0.15,44.0
2026-10-03,wk inc covid hosp,2,2026-10-17,01,quantile,0.2,49.0
2026-10-03,wk inc covid hosp,2,2026-10-17,01,quantile,0.25,53.0
2026-10-03,wk inc covid hosp,2,2026-10-17,01,quantile,0.3,58.0
2026-10-03,wk inc covid hosp,2,2026-10-17,01,quantile,0.35,63.0
2026-10-03,wk inc covid hosp,2,2026-10-17,01,quantile,0.4,67.0
2026-10-03,wk inc covid hosp,2,2026-10-17,01,quantile,0.45,72.0
2026-10-03,wk inc covid hosp,2,2026-10-17,01,quantile,0.5,76.0
2026-10-03,wk inc covid hosp,2,2026-10-17,01,quantile,0.55,81.0
2026-10-03,wk inc covid hosp,2,2026-10-17,01,quantile,0.6,86.0
2026-10-03,wk inc covid hosp,2,2026-10-17,01,quantile,0.65,93.0
2026-10-03,wk inc covid hosp,2,2026-10-17,01,quantile,0.7,99.0
2026-10-03,wk inc covid hosp,2,2026-10-17,01,quantile,0.75,106.0
2026-10-03,wk inc covid hosp,2,2026-10-17,01,quantile,0.8,113.0
2026-10-03,wk inc covid hosp,2,2026-10-17,01,quantile,0.85,123.0
2026-10-03,wk inc covid hosp,2,2026-10-17,01,quantile,0.9,137.0
2026-10-03,wk inc covid hosp,2,2026-10-17,01,quantile,0.95,165.0
2026-10-03,wk inc covid hosp,2,2026-10-17,01,quantile,0.975,192.0
2026-10-03,wk inc covid hosp,2,2026-10-17,01,quantile,0.99,214.0
2026-10-03,wk inc covid hosp,2,2026-10-17,02,quantile,0.01,0.0
2026-10-03,wk inc covid hosp,2,2026-10-17,02,quantile,0.025,0.0
2026-10-03,wk inc covid hosp,2,2026-10-17,02,quantile,0.05,0.0
2026-10-03,wk inc covid hosp,2,2026-10-17,02,quantile,0.1,0.0
2026-10-03,wk inc covid hosp,2,2026-10-17,02,quantile,0.15,0.0
2026-10-03,wk inc covid hosp,2,2026-10-17,02,quantile,0.2,0.0
2026-10-03,wk inc covid hosp,2,2026-10-17,02,quantile,0.25,0.0
2026-10-03,wk inc covid hosp,2,2026-10-17,02,quantile,0.3,0.0
2026-10-03,wk inc covid hosp,2,2026-10-17,02,quantile,0.35,0.0
2026-10-03,wk inc covid hosp,2,2026-10-17,02,quantile,0.4,0.0
2026-10-03,wk inc covid hosp,2,2026-10-17,02,quantile,0.45,1.0
2026-10-03,wk inc covid hosp,2,2026-10-17,02,quantile,0.5,1.0
2026-10-03,wk inc covid hosp,2,2026-10-17,02,quantile,0.55,1.0
2026-10-03,wk inc covid hosp,2,2026-10-17,02,quantile,0.6,2.0
2026-10-03,wk inc covid hosp,2,2026-10-17,02,quantile,0.65,2.0
2026-10-03,wk inc covid hosp,2,2026-10-17,02,quantile,0.7,3.0
2026-10-03,wk inc covid hosp,2,2026-10-17,02,quantile,0.75,3.0
2026-10-03,wk inc covid hosp,2,2026-10-17,02,quantile,0.8,4.0
2026-10-03,wk inc covid hosp,2,2026-10-17,02,quantile,0.85,5.0
2026-10-03,wk inc covid hosp,2,2026-10-17,02,quantile,0.9,6.0
2026-10-03,wk inc covid hosp,2,2026-10-17,02,quantile,0.95,7.0
2026-10-03,wk inc covid hosp,2,2026-10-17,02,quantile,0.975,9.0
2026-10-03,wk inc covid hosp,2,2026-10-17,02,quantile,0.99,11.0
2026-10-03,wk inc covid hosp,2,2026-10-17,04,quantile,0.01,0.0
2026-10-03,wk inc covid hosp,2,2026-10-17,04,quantile,0.025,0.0
2026-10-03,wk inc covid hosp,2,2026-10-17,04,quantile,0.05,0.0
2026-10-03,wk inc covid hosp,2,2026-10-17,04,quantile,0.1,1.0
2026-10-03,wk inc covid hosp,2,2026-10-17,04,quantile,0.15,8.0
2026-10-03,wk inc covid hosp,2,2026-10-17,04,quantile,0.2,13.0
2026-10-03,wk inc covid hosp,2,2026-10-17,04,quantile,0.25,17.0
2026-10-03,wk inc covid hosp,2,2026-10-17,04,quantile,0.3,22.0
2026-10-03,wk inc covid hosp,2,2026-10-17,04,quantile,0.35,26.0
2026-10-03,wk inc covid hosp,2,2026-10-17,04,quantile,0.4,30.0
2026-10-03,wk inc covid hosp,2,2026-10-17,04,quantile,0.45,35.0
2026-10-03,wk inc covid hosp,2,2026-10-17,04,quantile,0.5,39.0
2026-10-03,wk inc covid hosp,2,2026-10-17,04,quantile,0.55,44.0
2026-10-03,wk inc covid hosp,2,2026-10-17,04,quantile,0.6,48.0
2026-10-03,wk inc covid hosp,2,2026-10-17,04,quantile,0.65,55.0
2026-10-03,wk inc covid hosp,2,2026-10-17,04,quantile,0.7,61.0
2026-10-03,wk inc covid hosp,2,2026-10-17,04,quantile,0.75,68.0
2026-10-03,wk inc covid hosp,2,2026-10-17,04,quantile,0.8,75.0
2026-10-03,wk inc covid hosp,2,2026-10-17,04,quantile,0.85,85.0
2026-10-03,wk inc covid hosp,2,2026-10-17,04,quantile,0.9,99.0
2026-10-03,wk inc covid hosp,2,2026-10-17,04,quantile,0.95,126.0
2026-10-03,wk inc covid hosp,2,2026-10-17,04,quantile,0.975,153.0
2026-10-03,wk inc covid hosp,2,2026-10-17,04,quantile,0.99,176.0
2026-10-03,wk inc covid hosp,2,2026-10-17,05,quantile,0.01,0.0
2026-10-03,wk inc covid hosp,2,2026-10-17,05,quantile,0.025,0.0
2026-10-03,wk inc covid hosp,2,2026-10-17,05,quantile,0.05,2.0
2026-10-03,wk inc covid hosp,2,2026-10-17,05,quantile,0.1,6.0
2026-10-03,wk inc covid hosp,2,2026-10-17,05,quantile,0.15,9.0
2026-10-03,wk inc covid hosp,2,2026-10-17,05,quantile,0.2,11.0
2026-10-03,wk inc covid hosp,2,2026-10-17,05,quantile,0.25,13.0
2026-10-03,wk inc covid hosp,2,2026-10-17,05,quantile,0.3,15.0
2026-10-03,wk inc covid hosp,2,2026-10-17,05,quantile,0.35,17.0
2026-10-03,wk inc covid hosp,2,2026-10-17,05,quantile,0.4,19.0
2026-10-03,wk inc covid hosp,2,2026-10-17,05,quantile,0.45,21.0
2026-10-03,wk inc covid hosp,2,2026-10-17,05,quantile,0.5,23.0
2026-10-03,wk inc covid hosp,2,2026-10-17,05,quantile,0.55,25.0
2026-10-03,wk inc covid hosp,2,2026-10-17,05,quantile,0.6,26.0
2026-10-03,wk inc covid hosp,2,2026-10-17,05,quantile,0.65,29.0
2026-10-03,wk inc covid hosp,2,2026-10-17,05,quantile,0.7,31.0
2026-10-03,wk inc covid hosp,2,2026-10-17,05,quantile,0.75,35.0
2026-10-03,wk inc covid hosp,2,2026-10-17,05,quantile,0.8,38.0
2026-10-03,wk inc covid hosp,2,2026-10-17,05,quantile,0.85,41.0
2026-10-03,wk inc covid hosp,2,2026-10-17,05,quantile,0.9,47.0
2026-10-03,wk inc covid hosp,2,2026-10-17,05,quantile,0.95,58.0
2026-10-03,wk inc covid hosp,2,2026-10-17,05,quantile,0.975,69.0
2026-10-03,wk inc covid hosp,2,2026-10-17,05,quantile,0.99,76.0
2026-10-03,wk inc covid hosp,2,2026-10-17,06,quantile,0.01,325.0
2026-10-03,wk inc covid hosp,2,2026-10-17,06,quantile,0.025,377.0
2026-10-03,wk inc covid hosp,2,2026-10-17,06,quantile,0.05,420.0
2026-10-03,wk inc covid hosp,2,2026-10-17,06,quantile,0.1,502.0
2026-10-03,wk inc covid hosp,2,2026-10-17,06,quantile,0.15,550.0
2026-10-03,wk inc covid hosp,2,2026-10-17,06,quantile,0.2,589.0
2026-10-03,wk inc covid hosp,2,2026-10-17,06,quantile,0.25,622.0
2026-10-03,wk inc covid hosp,2,2026-10-17,06,quantile,0.3,648.0
2026-10-03,wk inc covid hosp,2,2026-10-17,06,quantile,0.35,685.0
2026-10-03,wk inc covid hosp,2,2026-10-17,06,quantile,0.4,715.0
2026-10-03,wk inc covid hosp,2,2026-10-17,06,quantile,0.45,742.0
2026-10-03,wk inc covid hosp,2,2026-10-17,06,quantile,0.5,768.0
2026-10-03,wk inc covid hosp,2,2026-10-17,06,quantile,0.55,798.0
2026-10-03,wk inc covid hosp,2,2026-10-17,06,quantile,0.6,828.0
2026-10-03,wk inc covid hosp,2,2026-10-17,06,quantile,0.65,872.0
2026-10-03,wk inc covid hosp,2,2026-10-17,06,quantile,0.7,906.0
2026-10-03,wk inc covid hosp,2,2026-10-17,06,quantile,0.75,950.0
2026-10-03,wk inc covid hosp,2,2026-10-17,06,quantile,0.8,991.0
2026-10-03,wk inc covid hosp,2,2026-10-17,06,quantile,0.85,1050.0
2026-10-03,wk inc covid hosp,2,2026-10-17,06,quantile,0.9,1122.0
2026-10-03,wk inc covid hosp,2,2026-10-17,06,quantile,0.95,1264.0
2026-10-03,wk inc covid hosp,2,2026-10-17,06,quantile,0.975,1395.0
2026-10-03,wk inc covid hosp,2,2026-10-17,06,quantile,0.99,1541.0
2026-10-03,wk inc covid hosp,2,2026-10-17,08,quantile,0.01,0.0
2026-10-03,wk inc covid hosp,2,2026-10-17,08,quantile,0.025,0.0
2026-10-03,wk inc covid hosp,2,2026-10-17,08,quantile,0.05,0.0
2026-10-03,wk inc covid hosp,2,2026-10-17,08,quantile,0.1,5.0
2026-10-03,wk inc covid hosp,2,2026-10-17,08,quantile,0.15,10.0
2026-10-03,wk inc covid hosp,2,2026-10-17,08,quantile,0.2,13.0
2026-10-03,wk inc covid hosp,2,2026-10-17,08,quantile,0.25,16.0
2026-10-03,wk inc covid hosp,2,2026-10-17,08,quantile,0.3,20.0
2026-10-03,wk inc covid hosp,2,2026-10-17,08,quantile,0.35,23.0
2026-10-03,wk inc covid hosp,2,2026-10-17,08,quantile,0.4,26.0
2026-10-03,wk inc covid hosp,2,2026-10-17,08,quantile,0.45,29.0
2026-10-03,wk inc covid hosp,2,2026-10-17,08,quantile,0.5,31.0
2026-10-03,wk inc covid hosp,2,2026-10-17,08,quantile,0.55,35.0
2026-10-03,wk inc covid hosp,2,2026-10-17,08,quantile,0.6,38.0
2026-10-03,wk inc covid hosp,2,2026-10-17,08,quantile,0.65,42.0
2026-10-03,wk inc covid hosp,2,2026-10-17,08,quantile,0.7,46.0
2026-10-03,wk inc covid hosp,2,2026-10-17,08,quantile,0.75,51.0
2026-10-03,wk inc covid hosp,2,2026-10-17,08,quantile,0.8,56.0
2026-10-03,wk inc covid hosp,2,2026-10-17,08,quantile,0.85,62.0
2026-10-03,wk inc covid hosp,2,2026-10-17,08,quantile,0.9,71.0
2026-10-03,wk inc covid hosp,2,2026-10-17,08,quantile,0.95,88.0
2026-10-03,wk inc covid hosp,2,2026-10-17,08,quantile,0.975,105.0
2026-10-03,wk inc covid hosp,2,2026-10-17,08,quantile,0.99,119.0
2026-10-03,wk inc covid hosp,2,2026-10-17,09,quantile,0.01,2.0
2026-10-03,wk inc covid hosp,2,2026-10-17,09,quantile,0.025,4.0
2026-10-03,wk inc covid hosp,2,2026-10-17,09,quantile,0.05,9.0
2026-10-03,wk inc covid hosp,2,2026-10-17,09,quantile,0.1,15.0
2026-10-03,wk inc covid hosp,2,2026-10-17,09,quantile,0.15,19.0
2026-10-03,wk inc covid hosp,2,2026-10-17,09,quantile,0.2,23.0
2026-10-03,wk inc covid hosp,2,2026-10-17,09,quantile,0.25,25.0
2026-10-03,wk inc covid hosp,2,2026-10-17,09,quantile,0.3,28.0
2026-10-03,wk inc covid hosp,2,2026-10-17,09,quantile,0.35,31.0
2026-10-03,wk inc covid hosp,2,2026-10-17,09,quantile,0.4,34.0
2026-10-03,wk inc covid hosp,2,2026-10-17,09,quantile,0.45,37.0
2026-10-03,wk inc covid hosp,2,2026-10-17,09,quantile,0.5,39.0
2026-10-03,wk inc covid hosp,2,2026-10-17,09,quantile,0.55,43.0
2026-10-03,wk inc covid hosp,2,2026-10-17,09,quantile,0.6,46.0
2026-10-03,wk inc covid hosp,2,2026-10-17,09,quantile,0.65,49.0
2026-10-03,wk inc covid hosp,2,2026-10-17,09,quantile,0.7,53.0
2026-10-03,wk inc covid hosp,2,2026-10-17,09,quantile,0.75,57.0
2026-10-03,wk inc covid hosp,2,2026-10-17,09,quantile,0.8,62.0
2026-10-03,wk inc covid hosp,2,2026-10-17,09,quantile,0.85,68.0
2026-10-03,wk inc covid hosp,2,2026-10-17,09,quantile,0.9,76.0
2026-10-03,wk inc covid hosp,2,2026-10-17,09,quantile,0.95,89.0
2026-10-03,wk inc covid hosp,2,2026-10-17,09,quantile,0.975,102.0
2026-10-03,wk inc covid hosp,2,2026-10-17,09,quantile,0.99,119.0
2026-10-03,wk inc covid hosp,2,2026-10-17,10,quantile,0.01,0.0
2026-10-03,wk inc covid hosp,2,2026-10-17,10,quantile,0.025,0.0
2026-10-03,wk inc covid hosp,2,2026-10-17,10,quantile,0.05,1.0
2026-10-03,wk inc covid hosp,2,2026-10-17,10,quantile,0.1,3.0
2026-10-03,wk inc covid hosp,2,2026-10-17,10,quantile,0.15,5.0
2026-10-03,wk inc covid hosp,2,2026-10-17,10,quantile,0.2,6.0
2026-10-03,wk inc covid hosp,2,2026-10-17,10,quantile,0.25,7.0
2026-10-03,wk inc covid hosp,2,2026-10-17,10,quantile,0.3,7.0
2026-10-03,wk inc covid hosp,2,2026-10-17,10,quantile,0.35,8.0
2026-10-03,wk inc covid hosp,2,2026-10-17,10,quantile,0.4,10.0
2026-10-03,wk inc covid hosp,2,2026-10-17,10,quantile,0.45,10.0
2026-10-03,wk inc covid hosp,2,2026-10-17,10,quantile,0.5,11.0
2026-10-03,wk inc covid hosp,2,2026-10-17,10,quantile,0.55,13.0
2026-10-03,wk inc covid hosp,2,2026-10-17,10,quantile,0.6,14.0
2026-10-03,wk inc covid hosp,2,2026-10-17,10,quantile,0.65,15.0
2026-10-03,wk inc covid hosp,2,2026-10-17,10,quantile,0.7,16.0
2026-10-03,wk inc covid hosp,2,2026-10-17,10,quantile,0.75,18.0
2026-10-03,wk inc covid hosp,2,2026-10-17,10,quantile,0.8,19.0
2026-10-03,wk inc covid hosp,2,2026-10-17,10,quantile,0.85,22.0
2026-10-03,wk inc covid hosp,2,2026-10-17,10,quantile,0.9,25.0
2026-10-03,wk inc covid hosp,2,2026-10-17,10,quantile,0.95,30.0
2026-10-03,wk inc covid hosp,2,2026-10-17,10,quantile,0.975,36.0
2026-10-03,wk inc covid hosp,2,2026-10-17,10,quantile,0.99,43.0
2026-10-03,wk inc covid hosp,2,2026-10-17,11,quantile,0.01,0.0
2026-10-03,wk inc covid hosp,2,2026-10-17,11,quantile,0.025,0.0
2026-10-03,wk inc covid hosp,2,2026-10-17,11,quantile,0.05,0.0
2026-10-03,wk inc covid hosp,2,2026-10-17,11,quantile,0.1,2.0
2026-10-03,wk inc covid hosp,2,2026-10-17,11,quantile,0.15,2.0
2026-10-03,wk inc covid hosp,2,2026-10-17,11,quantile,0.2,3.0
2026-10-03,wk inc covid hosp,2,2026-10-17,11,quantile,0.25,4.0
2026-10-03,wk inc covid hosp,2,2026-10-17,11,quantile,0.3,4.0
2026-10-03,wk inc covid hosp,2,2026-10-17,11,quantile,0.35,5.0
2026-10-03,wk inc covid hosp,2,2026-10-17,11,quantile,0.4,6.0
2026-10-03,wk inc covid hosp,2,2026-10-17,11,quantile,0.45,6.0
2026-10-03,wk inc covid hosp,2,2026-10-17,11,quantile,0.5,7.0
2026-10-03,wk inc covid hosp,2,2026-10-17,11,quantile,0.55,8.0
2026-10-03,wk inc covid hosp,2,2026-10-17,11,quantile,0.6,9.0
2026-10-03,wk inc covid hosp,2,2026-10-17,11,quantile,0.65,10.0
2026-10-03,wk inc covid hosp,2,2026-10-17,11,quantile,0.7,11.0
2026-10-03,wk inc covid hosp,2,2026-10-17,11,quantile,0.75,12.0
2026-10-03,wk inc covid hosp,2,2026-10-17,11,quantile,0.8,13.0
2026-10-03,wk inc covid hosp,2,2026-10-17,11,quantile,0.85,15.0
2026-10-03,wk inc covid hosp,2,2026-10-17,11,quantile,0.9,17.0
2026-10-03,wk inc covid hosp,2,2026-10-17,11,quantile,0.95,21.0
2026-10-03,wk inc covid hosp,2,2026-10-17,11,quantile,0.975,24.0
2026-10-03,wk inc covid hosp,2,2026-10-17,11,quantile,0.99,29.0
2026-10-03,wk inc covid hosp,2,2026-10-17,12,quantile,0.01,75.0
2026-10-03,wk inc covid hosp,2,2026-10-17,12,quantile,0.025,102.0
2026-10-03,wk inc covid hosp,2,2026-10-17,12,quantile,0.05,133.0
2026-10-03,wk inc covid hosp,2,2026-10-17,12,quantile,0.1,181.0
2026-10-03,wk inc covid hosp,2,2026-10-17,12,quantile,0.15,217.0
2026-10-03,wk inc covid hosp,2,2026-10-17,12,quantile,0.2,242.0
2026-10-03,wk inc covid hosp,2,2026-10-17,12,quantile,0.25,262.0
2026-10-03,wk inc covid hosp,2,2026-10-17,12,quantile,0.3,287.0
2026-10-03,wk inc covid hosp,2,2026-10-17,12,quantile,0.35,308.0
2026-10-03,wk inc covid hosp,2,2026-10-17,12,quantile,0.4,326.0
2026-10-03,wk inc covid hosp,2,2026-10-17,12,quantile,0.45,348.0
2026-10-03,wk inc covid hosp,2,2026-10-17,12,quantile,0.5,370.0
2026-10-03,wk inc covid hosp,2,2026-10-17,12,quantile,0.55,396.0
2026-10-03,wk inc covid hosp,2,2026-10-17,12,quantile,0.6,417.0
2026-10-03,wk inc covid hosp,2,2026-10-17,12,quantile,0.65,447.0
2026-10-03,wk inc covid hosp,2,2026-10-17,12,quantile,0.7,475.0
2026-10-03,wk inc covid hosp,2,2026-10-17,12,quantile,0.75,512.0
2026-10-03,wk inc covid hosp,2,2026-10-17,12,quantile,0.8,548.0
2026-10-03,wk inc covid hosp,2,2026-10-17,12,quantile,0.85,588.0
2026-10-03,wk inc covid hosp,2,2026-10-17,12,quantile,0.9,656.0
2026-10-03,wk inc covid hosp,2,2026-10-17,12,quantile,0.95,782.0
2026-10-03,wk inc covid hosp,2,2026-10-17,12,quantile,0.975,927.0
2026-10-03,wk inc covid hosp,2,2026-10-17,12,quantile,0.99,1009.0
2026-10-03,wk inc covid hosp,2,2026-10-17,13,quantile,0.01,0.0
2026-10-03,wk inc covid hosp,2,2026-10-17,13,quantile,0.025,0.0
2026-10-03,wk inc covid hosp,2,2026-10-17,13,quantile,0.05,0.0
2026-10-03,wk inc covid hosp,2,2026-10-17,13,quantile,0.1,6.0
2026-10-03,wk inc covid hosp,2,2026-10-17,13,quantile,0.15,15.0
2026-10-03,wk inc covid hosp,2,2026-10-17,13,quantile,0.2,23.0
2026-10-03,wk inc covid hosp,2,2026-10-17,13,quantile,0.25,29.0
2026-10-03,wk inc covid hosp,2,2026-10-17,13,quantile,0.3,35.0
2026-10-03,wk inc covid hosp,2,2026-10-17,13,quantile,0.35,41.0
2026-10-03,wk inc covid hosp,2,2026-10-17,13,quantile,0.4,47.0
2026-10-03,wk inc covid hosp,2,2026-10-17,13,quantile,0.45,52.0
2026-10-03,wk inc covid hosp,2,2026-10-17,13,quantile,0.5,59.0
2026-10-03,wk inc covid hosp,2,2026-10-17,13,quantile,0.55,64.0
2026-10-03,wk inc covid hosp,2,2026-10-17,13,quantile,0.6,71.0
2026-10-03,wk inc covid hosp,2,2026-10-17,13,quantile,0.65,79.0
2026-10-03,wk inc covid hosp,2,2026-10-17,13,quantile,0.7,87.0
2026-10-03,wk inc covid hosp,2,2026-10-17,13,quantile,0.75,96.0
2026-10-03,wk inc covid hosp,2,2026-10-17,13,quantile,0.8,106.0
2026-10-03,wk inc covid hosp,2,2026-10-17,13,quantile,0.85,118.0
2026-10-03,wk inc covid hosp,2,2026-10-17,13,quantile,0.9,135.0
2026-10-03,wk inc covid hosp,2,2026-10-17,13,quantile,0.95,169.0
2026-10-03,wk inc covid hosp,2,2026-10-17,13,quantile,0.975,203.0
2026-10-03,wk inc covid hosp,2,2026-10-17,13,quantile,0.99,239.0
2026-10-03,wk inc covid hosp,2,2026-10-17,15,quantile,0.01,4.0
2026-10-03,wk inc covid hosp,2,2026-10-17,15,quantile,0.025,5.0
2026-10-03,wk inc covid hosp,2,2026-10-17,15,quantile,0.05,8.0
2026-10-03,wk inc covid hosp,2,2026-10-17,15,quantile,0.1,13.0
2026-10-03,wk inc covid hosp,2,2026-10-17,15,quantile,0.15,17.0
2026-10-03,wk inc covid hosp,2,2026-10-17,15,quantile,0.2,19.0
2026-10-03,wk inc covid hosp,2,2026-10-17,15,quantile,0.25,21.0
2026-10-03,wk inc covid hosp,2,2026-10-17,15,quantile,0.3,24.0
2026-10-03,wk inc covid hosp,2,2026-10-17,15,quantile,0.35,26.0
2026-10-03,wk inc covid hosp,2,2026-10-17,15,quantile,0.4,29.0
2026-10-03,wk inc covid hosp,2,2026-10-17,15,quantile,0.45,32.0
2026-10-03,wk inc covid hosp,2,2026-10-17,15,quantile,0.5,34.0
2026-10-03,wk inc covid hosp,2,2026-10-17,15,quantile,0.55,37.0
2026-10-03,wk inc covid hosp,2,2026-10-17,15,quantile,0.6,40.0
2026-10-03,wk inc covid hosp,2,2026-10-17,15,quantile,0.65,43.0
2026-10-03,wk inc covid hosp,2,2026-10-17,15,quantile,0.7,47.0
2026-10-03,wk inc covid hosp,2,2026-10-17,15,quantile,0.75,51.0
2026-10-03,wk inc covid hosp,2,2026-10-17,15,quantile,0.8,56.0
2026-10-03,wk inc covid hosp,2,2026-10-17,15,quantile,0.85,62.0
2026-10-03,wk inc covid hosp,2,2026-10-17,15,quantile,0.9,71.0
2026-10-03,wk inc covid hosp,2,2026-10-17,15,quantile,0.95,86.0
2026-10-03,wk inc covid hosp,2,2026-10-17,15,quantile,0.975,101.0
2026-10-03,wk inc covid hosp,2,2026-10-17,15,quantile,0.99,121.0
2026-10-03,wk inc covid hosp,2,2026-10-17,16,quantile,0.01,0.0
2026-10-03,wk inc covid hosp,2,2026-10-17,16,quantile,0.025,0.0
2026-10-03,wk inc covid hosp,2,2026-10-17,16,quantile,0.05,2.0
2026-10-03,wk inc covid hosp,2,2026-10-17,16,quantile,0.1,4.0
2026-10-03,wk inc covid hosp,2,2026-10-17,16,quantile,0.15,6.0
2026-10-03,wk inc covid hosp,2,2026-10-17,16,quantile,0.2,8.0
2026-10-03,wk inc covid hosp,2,2026-10-17,16,quantile,0.25,9.0
2026-10-03,wk inc covid hosp,2,2026-10-17,16,quantile,0.3,10.0
2026-10-03,wk inc covid hosp,2,2026-10-17,16,quantile,0.35,11.0
2026-10-03,wk inc covid hosp,2,2026-10-17,16,quantile,0.4,13.0
2026-10-03,wk inc covid hosp,2,2026-10-17,16,quantile,0.45,14.0
2026-10-03,wk inc covid hosp,2,2026-10-17,16,quantile,0.5,15.0
2026-10-03,wk inc covid hosp,2,2026-10-17,16,quantile,0.55,17.0
2026-10-03,wk inc covid hosp,2,2026-10-17,16,quantile,0.6,18.0
2026-10-03,wk inc covid hosp,2,2026-10-17,16,quantile,0.65,20.0
2026-10-03,wk inc covid hosp,2,2026-10-17,16,quantile,0.7,21.0
2026-10-03,wk inc covid hosp,2,2026-10-17,16,quantile,0.75,23.0
2026-10-03,wk inc covid hosp,2,2026-10-17,16,quantile,0.8,25.0
2026-10-03,wk inc covid hosp,2,2026-10-17,16,quantile,0.85,28.0
2026-10-03,wk inc covid hosp,2,2026-10-17,16,quantile,0.9,31.0
2026-10-03,wk inc covid hosp,2,2026-10-17,16,quantile,0.95,37.0
2026-10-03,wk inc covid hosp,2,2026-10-17,16,quantile,0.975,44.0
2026-10-03,wk inc covid hosp,2,2026-10-17,16,quantile,0.99,51.0
2026-10-03,wk inc covid hosp,2,2026-10-17,17,quantile,0.01,0.0
2026-10-03,wk inc covid hosp,2,2026-10-17,17,quantile,0.025,4.0
2026-10-03,wk inc covid hosp,2,2026-10-17,17,quantile,0.05,11.0
2026-10-03,wk inc covid hosp,2,2026-10-17,17,quantile,0.1,27.0
2026-10-03,wk inc covid hosp,2,2026-10-17,17,quantile,0.15,37.0
2026-10-03,wk inc covid hosp,2,2026-10-17,17,quantile,0.2,45.0
2026-10-03,wk inc covid hosp,2,2026-10-17,17,quantile,0.25,52.0
2026-10-03,wk inc covid hosp,2,2026-10-17,17,quantile,0.3,57.0
2026-10-03,wk inc covid hosp,2,2026-10-17,17,quantile,0.35,64.0
2026-10-03,wk inc covid hosp,2,2026-10-17,17,quantile,0.4,70.0
2026-10-03,wk inc covid hosp,2,2026-10-17,17,quantile,0.45,76.0
2026-10-03,wk inc covid hosp,2,2026-10-17,17,quantile,0.5,81.0
2026-10-03,wk inc covid hosp,2,2026-10-17,17,quantile,0.55,87.0
2026-10-03,wk inc covid hosp,2,2026-10-17,17,quantile,0.6,94.0
2026-10-03,wk inc covid hosp,2,2026-10-17,17,quantile,0.65,103.0
2026-10-03,wk inc covid hosp,2,2026-10-17,17,quantile,0.7,111.0
2026-10-03,wk inc covid hosp,2,2026-10-17,17,quantile,0.75,119.0
2026-10-03,wk inc covid hosp,2,2026-10-17,17,quantile,0.8,128.0
2026-10-03,wk inc covid hosp,2,2026-10-17,17,quantile,0.85,140.0
2026-10-03,wk inc covid hosp,2,2026-10-17,17,quantile,0.9,156.0
2026-10-03,wk inc covid hosp,2,2026-10-17,17,quantile,0.95,187.0
2026-10-03,wk inc covid hosp,2,2026-10-17,17,quantile,0.975,216.0
2026-10-03,wk inc covid hosp,2,2026-10-17,17,quantile,0.99,248.0
2026-10-03,wk inc covid hosp,2,2026-10-17,18,quantile,0.01,0.0
2026-10-03,wk inc covid hosp,2,2026-10-17,18,quantile,0.025,0.0
2026-10-03,wk inc covid hosp,2,2026-10-17,18,quantile,0.05,0.0
2026-10-03,wk inc covid hosp,2,2026-10-17,18,quantile,0.1,2.0
2026-10-03,wk inc covid hosp,2,2026-10-17,18,quantile,0.15,8.0
2026-10-03,wk inc covid hosp,2,2026-10-17,18,quantile,0.2,12.0
2026-10-03,wk inc covid hosp,2,2026-10-17,18,quantile,0.25,15.0
2026-10-03,wk inc covid hosp,2,2026-10-17,18,quantile,0.3,19.0
2026-10-03,wk inc covid hosp,2,2026-10-17,18,quantile,0.35,23.0
2026-10-03,wk inc covid hosp,2,2026-10-17,18,quantile,0.4,26.0
2026-10-03,wk inc covid hosp,2,2026-10-17,18,quantile,0.45,29.0
2026-10-03,wk inc covid hosp,2,2026-10-17,18,quantile,0.5,32.0
2026-10-03,wk inc covid hosp,2,2026-10-17,18,quantile,0.55,37.0
2026-10-03,wk inc covid hosp,2,2026-10-17,18,quantile,0.6,40.0
2026-10-03,wk inc covid hosp,2,2026-10-17,18,quantile,0.65,45.0
2026-10-03,wk inc covid hosp,2,2026-10-17,18,quantile,0.7,50.0
2026-10-03,wk inc covid hosp,2,2026-10-17,18,quantile,0.75,56.0
2026-10-03,wk inc covid hosp,2,2026-10-17,18,quantile,0.8,61.0
2026-10-03,wk inc covid hosp,2,2026-10-17,18,quantile,0.85,68.0
2026-10-03,wk inc covid hosp,2,2026-10-17,18,quantile,0.9,79.0
2026-10-03,wk inc covid hosp,2,2026-10-17,18,quantile,0.95,99.0
2026-10-03,wk inc covid hosp,2,2026-10-17,18,quantile,0.975,119.0
2026-10-03,wk inc covid hosp,2,2026-10-17,18,quantile,0.99,135.0
2026-10-03,wk inc covid hosp,2,2026-10-17,19,quantile,0.01,0.0
2026-10-03,wk inc covid hosp,2,2026-10-17,19,quantile,0.025,0.0
2026-10-03,wk inc covid hosp,2,2026-10-17,19,quantile,0.05,0.0
2026-10-03,wk inc covid hosp,2,2026-10-17,19,quantile,0.1,1.0
2026-10-03,wk inc covid hosp,2,2026-10-17,19,quantile,0.15,4.0
2026-10-03,wk inc covid hosp,2,2026-10-17,19,quantile,0.2,6.0
2026-10-03,wk inc covid hosp,2,2026-10-17,19,quantile,0.25,8.0
2026-10-03,wk inc covid hosp,2,2026-10-17,19,quantile,0.3,9.0
2026-10-03,wk inc covid hosp,2,2026-10-17,19,quantile,0.35,11.0
2026-10-03,wk inc covid hosp,2,2026-10-17,19,quantile,0.4,13.0
2026-10-03,wk inc covid hosp,2,2026-10-17,19,quantile,0.45,14.0
2026-10-03,wk inc covid hosp,2,2026-10-17,19,quantile,0.5,15.0
2026-10-03,wk inc covid hosp,2,2026-10-17,19,quantile,0.55,18.0
2026-10-03,wk inc covid hosp,2,2026-10-17,19,quantile,0.6,20.0
2026-10-03,wk inc covid hosp,2,2026-10-17,19,quantile,0.65,22.0
2026-10-03,wk inc covid hosp,2,2026-10-17,19,quantile,0.7,24.0
2026-10-03,wk inc covid hosp,2,2026-10-17,19,quantile,0.75,26.0
2026-10-03,wk inc covid hosp,2,2026-10-17,19,quantile,0.8,29.0
2026-10-03,wk inc covid hosp,2,2026-10-17,19,quantile,0.85,32.0
2026-10-03,wk inc covid hosp,2,2026-10-17,19,quantile,0.9,36.0
2026-10-03,wk inc covid hosp,2,2026-10-17,19,quantile,0.95,44.0
2026-10-03,wk inc covid hosp,2,2026-10-17,19,quantile,0.975,51.0
2026-10-03,wk inc covid hosp,2,2026-10-17,19,quantile,0.99,61.0
2026-10-03,wk inc covid hosp,2,2026-10-17,20,quantile,0.01,0.0
2026-10-03,wk inc covid hosp,2,2026-10-17,20,quantile,0.025,0.0
2026-10-03,wk inc covid hosp,2,2026-10-17,20,quantile,0.05,0.0
2026-10-03,wk inc covid hosp,2,2026-10-17,20,quantile,0.1,0.0
2026-10-03,wk inc covid hosp,2,2026-10-17,20,quantile,0.15,0.0
2026-10-03,wk inc covid hosp,2,2026-10-17,20,quantile,0.2,0.0
2026-10-03,wk inc covid hosp,2,2026-10-17,20,quantile,0.25,0.0
2026-10-03,wk inc covid hosp,2,2026-10-17,20,quantile,0.3,0.0
2026-10-03,wk inc covid hosp,2,2026-10-17,20,quantile,0.35,1.0
2026-10-03,wk inc covid hosp,2,2026-10-17,20,quantile,0.4,2.0
2026-10-03,wk inc covid hosp,2,2026-10-17,20,quantile,0.45,3.0
2026-10-03,wk inc covid hosp,2,2026-10-17,20,quantile,0.5,4.0
2026-10-03,wk inc covid hosp,2,2026-10-17,20,quantile,0.55,6.0
2026-10-03,wk inc covid hosp,2,2026-10-17,20,quantile,0.6,7.0
2026-10-03,wk inc covid hosp,2,2026-10-17,20,quantile,0.65,9.0
2026-10-03,wk inc covid hosp,2,2026-10-17,20,quantile,0.7,10.0
2026-10-03,wk inc covid hosp,2,2026-10-17,20,quantile,0.75,12.0
2026-10-03,wk inc covid hosp,2,2026-10-17,20,quantile,0.8,14.0
2026-10-03,wk inc covid hosp,2,2026-10-17,20,quantile,0.85,16.0
2026-10-03,wk inc covid hosp,2,2026-10-17,20,quantile,0.9,20.0
2026-10-03,wk inc covid hosp,2,2026-10-17,20,quantile,0.95,25.0
2026-10-03,wk inc covid hosp,2,2026-10-17,20,quantile,0.975,30.0
2026-10-03,wk inc covid hosp,2,2026-10-17,20,quantile,0.99,37.0
2026-10-03,wk inc covid hosp,2,2026-10-17,21,quantile,0.01,0.0
2026-10-03,wk inc covid hosp,2,2026-10-17,21,quantile,0.025,0.0
2026-10-03,wk inc covid hosp,2,2026-10-17,21,quantile,0.05,0.0
2026-10-03,wk inc covid hosp,2,2026-10-17,21,quantile,0.1,0.0
2026-10-03,wk inc covid hosp,2,2026-10-17,21,quantile,0.15,0.0
2026-10-03,wk inc covid hosp,2,2026-10-17,21,quantile,0.2,0.0
2026-10-03,wk inc covid hosp,2,2026-10-17,21,quantile,0.25,2.0
2026-10-03,wk inc covid hosp,2,2026-10-17,21,quantile,0.3,4.0
2026-10-03,wk inc covid hosp,2,2026-10-17,21,quantile,0.35,6.0
2026-10-03,wk inc covid hosp,2,2026-10-17,21,quantile,0.4,9.0
2026-10-03,wk inc covid hosp,2,2026-10-17,21,quantile,0.45,11.0
2026-10-03,wk inc covid hosp,2,2026-10-17,21,quantile,0.5,13.0
2026-10-03,wk inc covid hosp,2,2026-10-17,21,quantile,0.55,15.0
2026-10-03,wk inc covid hosp,2,2026-10-17,21,quantile,0.6,18.0
2026-10-03,wk inc covid hosp,2,2026-10-17,21,quantile,0.65,20.0
2026-10-03,wk inc covid hosp,2,2026-10-17,21,quantile,0.7,23.0
2026-10-03,wk inc covid hosp,2,2026-10-17,21,quantile,0.75,26.0
2026-10-03,wk inc covid hosp,2,2026-10-17,21,quantile,0.8,30.0
2026-10-03,wk inc covid hosp,2,2026-10-17,21,quantile,0.85,34.0
2026-10-03,wk inc covid hosp,2,2026-10-17,21,quantile,0.9,40.0
2026-10-03,wk inc covid hosp,2,2026-10-17,21,quantile,0.95,50.0
2026-10-03,wk inc covid hosp,2,2026-10-17,21,quantile,0.975,61.0
2026-10-03,wk inc covid hosp,2,2026-10-17,21,quantile,0.99,74.0
2026-10-03,wk inc covid hosp,2,2026-10-17,22,quantile,0.01,14.0
2026-10-03,wk inc covid hosp,2,2026-10-17,22,quantile,0.025,20.0
2026-10-03,wk inc covid hosp,2,2026-10-17,22,quantile,0.05,26.0
2026-10-03,wk inc covid hosp,2,2026-10-17,22,quantile,0.1,35.0
2026-10-03,wk inc covid hosp,2,2026-10-17,22,quantile,0.15,42.0
2026-10-03,wk inc covid hosp,2,2026-10-17,22,quantile,0.2,47.0
2026-10-03,wk inc covid hosp,2,2026-10-17,22,quantile,0.25,51.0
2026-10-03,wk inc covid hosp,2,2026-10-17,22,quantile,0.3,55.0
2026-10-03,wk inc covid hosp,2,2026-10-17,22,quantile,0.35,60.0
2026-10-03,wk inc covid hosp,2,2026-10-17,22,quantile,0.4,63.0
2026-10-03,wk inc covid hosp,2,2026-10-17,22,quantile,0.45,67.0
2026-10-03,wk inc covid hosp,2,2026-10-17,22,quantile,0.5,71.0
2026-10-03,wk inc covid hosp,2,2026-10-17,22,quantile,0.55,76.0
2026-10-03,wk inc covid hosp,2,2026-10-17,22,quantile,0.6,80.0
2026-10-03,wk inc covid hosp,2,2026-10-17,22,quantile,0.65,86.0
2026-10-03,wk inc covid hosp,2,2026-10-17,22,quantile,0.7,91.0
2026-10-03,wk inc covid hosp,2,2026-10-17,22,quantile,0.75,98.0
2026-10-03,wk inc covid hosp,2,2026-10-17,22,quantile,0.8,105.0
2026-10-03,wk inc covid hosp,2,2026-10-17,22,quantile,0.85,112.0
2026-10-03,wk inc covid hosp,2,2026-10-17,22,quantile,0.9,124.0
2026-10-03,wk inc covid hosp,2,2026-10-17,22,quantile,0.95,148.0
2026-10-03,wk inc covid hosp,2,2026-10-17,22,quantile,0.975,175.0
2026-10-03,wk inc covid hosp,2,2026-10-17,22,quantile,0.99,188.0
2026-10-03,wk inc covid hosp,2,2026-10-17,23,quantile,0.01,0.0
2026-10-03,wk inc covid hosp,2,2026-10-17,23,quantile,0.025,0.0
2026-10-03,wk inc covid hosp,2,2026-10-17,23,quantile,0.05,0.0
2026-10-03,wk inc covid hosp,2,2026-10-17,23,quantile,0.1,1.0
2026-10-03,wk inc covid hosp,2,2026-10-17,23,quantile,0.15,2.0
2026-10-03,wk inc covid hosp,2,2026-10-17,23,quantile,0.2,2.0
2026-10-03,wk inc covid hosp,2,2026-10-17,23,quantile,0.25,3.0
2026-10-03,wk inc covid hosp,2,2026-10-17,23,quantile,0.3,4.0
2026-10-03,wk inc covid hosp,2,2026-10-17,23,quantile,0.35,5.0
2026-10-03,wk inc covid hosp,2,2026-10-17,23,quantile,0.4,6.0
2026-10-03,wk inc covid hosp,2,2026-10-17,23,quantile,0.45,6.0
2026-10-03,wk inc covid hosp,2,2026-10-17,23,quantile,0.5,7.0
2026-10-03,wk inc covid hosp,2,2026-10-17,23,quantile,0.55,8.0
2026-10-03,wk inc covid hosp,2,2026-10-17,23,quantile,0.6,9.0
2026-10-03,wk inc covid hosp,2,2026-10-17,23,quantile,0.65,10.0
2026-10-03,wk inc covid hosp,2,2026-10-17,23,quantile,0.7,11.0
2026-10-03,wk inc covid hosp,2,2026-10-17,23,quantile,0.75,12.0
2026-10-03,wk inc covid hosp,2,2026-10-17,23,quantile,0.8,13.0
2026-10-03,wk inc covid hosp,2,2026-10-17,23,quantile,0.85,15.0
2026-10-03,wk inc covid hosp,2,2026-10-17,23,quantile,0.9,17.0
2026-10-03,wk inc covid hosp,2,2026-10-17,23,quantile,0.95,20.0
2026-10-03,wk inc covid hosp,2,2026-10-17,23,quantile,0.975,23.0
2026-10-03,wk inc covid hosp,2,2026-10-17,23,quantile,0.99,28.0
2026-10-03,wk inc covid hosp,2,2026-10-17,24,quantile,0.01,0.0
2026-10-03,wk inc covid hosp,2,2026-10-17,24,quantile,0.025,1.0
2026-10-03,wk inc covid hosp,2,2026-10-17,24,quantile,0.05,6.0
2026-10-03,wk inc covid hosp,2,2026-10-17,24,quantile,0.1,14.0
2026-10-03,wk inc covid hosp,2,2026-10-17,24,quantile,0.15,19.0
2026-10-03,wk inc covid hosp,2,2026-10-17,24,quantile,0.2,23.0
2026-10-03,wk inc covid hosp,2,2026-10-17,24,quantile,0.25,26.0
2026-10-03,wk inc covid hosp,2,2026-10-17,24,quantile,0.3,30.0
2026-10-03,wk inc covid hosp,2,2026-10-17,24,quantile,0.35,33.0
2026-10-03,wk inc covid hosp,2,2026-10-17,24,quantile,0.4,36.0
2026-10-03,wk inc covid hosp,2,2026-10-17,24,quantile,0.45,39.0
2026-10-03,wk inc covid hosp,2,2026-10-17,24,quantile,0.5,42.0
2026-10-03,wk inc covid hosp,2,2026-10-17,24,quantile,0.55,46.0
2026-10-03,wk inc covid hosp,2,2026-10-17,24,quantile,0.6,49.0
2026-10-03,wk inc covid hosp,2,2026-10-17,24,quantile,0.65,53.0
2026-10-03,wk inc covid hosp,2,2026-10-17,24,quantile,0.7,57.0
2026-10-03,wk inc covid hosp,2,2026-10-17,24,quantile,0.75,62.0
2026-10-03,wk inc covid hosp,2,2026-10-17,24,quantile,0.8,67.0
2026-10-03,wk inc covid hosp,2,2026-10-17,24,quantile,0.85,73.0
2026-10-03,wk inc covid hosp,2,2026-10-17,24,quantile,0.9,82.0
2026-10-03,wk inc covid hosp,2,2026-10-17,24,quantile,0.95,100.0
2026-10-03,wk inc covid hosp,2,2026-10-17,24,quantile,0.975,117.0
2026-10-03,wk inc covid hosp,2,2026-10-17,24,quantile,0.99,130.0
2026-10-03,wk inc covid hosp,2,2026-10-17,25,quantile,0.01,0.0
2026-10-03,wk inc covid hosp,2,2026-10-17,25,quantile,0.025,0.0
2026-10-03,wk inc covid hosp,2,2026-10-17,25,quantile,0.05,5.0
2026-10-03,wk inc covid hosp,2,2026-10-17,25,quantile,0.1,16.0
2026-10-03,wk inc covid hosp,2,2026-10-17,25,quantile,0.15,23.0
2026-10-03,wk inc covid hosp,2,2026-10-17,25,quantile,0.2,29.0
2026-10-03,wk inc covid hosp,2,2026-10-17,25,quantile,0.25,33.0
2026-10-03,wk inc covid hosp,2,2026-10-17,25,quantile,0.3,37.0
2026-10-03,wk inc covid hosp,2,2026-10-17,25,quantile,0.35,43.0
2026-10-03,wk inc covid hosp,2,2026-10-17,25,quantile,0.4,47.0
2026-10-03,wk inc covid hosp,2,2026-10-17,25,quantile,0.45,52.0
2026-10-03,wk inc covid hosp,2,2026-10-17,25,quantile,0.5,56.0
2026-10-03,wk inc covid hosp,2,2026-10-17,25,quantile,0.55,60.0
2026-10-03,wk inc covid hosp,2,2026-10-17,25,quantile,0.6,65.0
2026-10-03,wk inc covid hosp,2,2026-10-17,25,quantile,0.65,72.0
2026-10-03,wk inc covid hosp,2,2026-10-17,25,quantile,0.7,78.0
2026-10-03,wk inc covid hosp,2,2026-10-17,25,quantile,0.75,85.0
2026-10-03,wk inc covid hosp,2,2026-10-17,25,quantile,0.8,92.0
2026-10-03,wk inc covid hosp,2,2026-10-17,25,quantile,0.85,102.0
2026-10-03,wk inc covid hosp,2,2026-10-17,25,quantile,0.9,115.0
2026-10-03,wk inc covid hosp,2,2026-10-17,25,quantile,0.95,141.0
2026-10-03,wk inc covid hosp,2,2026-10-17,25,quantile,0.975,166.0
2026-10-03,wk inc covid hosp,2,2026-10-17,25,quantile,0.99,194.0
2026-10-03,wk inc covid hosp,2,2026-10-17,26,quantile,0.01,0.0
2026-10-03,wk inc covid hosp,2,2026-10-17,26,quantile,0.025,0.0
2026-10-03,wk inc covid hosp,2,2026-10-17,26,quantile,0.05,0.0
2026-10-03,wk inc covid hosp,2,2026-10-17,26,quantile,0.1,0.0
2026-10-03,wk inc covid hosp,2,2026-10-17,26,quantile,0.15,3.0
2026-10-03,wk inc covid hosp,2,2026-10-17,26,quantile,0.2,11.0
2026-10-03,wk inc covid hosp,2,2026-10-17,26,quantile,0.25,17.0
2026-10-03,wk inc covid hosp,2,2026-10-17,26,quantile,0.3,23.0
2026-10-03,wk inc covid hosp,2,2026-10-17,26,quantile,0.35,30.0
2026-10-03,wk inc covid hosp,2,2026-10-17,26,quantile,0.4,35.0
2026-10-03,wk inc covid hosp,2,2026-10-17,26,quantile,0.45,41.0
2026-10-03,wk inc covid hosp,2,2026-10-17,26,quantile,0.5,47.0
2026-10-03,wk inc covid hosp,2,2026-10-17,26,quantile,0.55,53.0
2026-10-03,wk inc covid hosp,2,2026-10-17,26,quantile,0.6,60.0
2026-10-03,wk inc covid hosp,2,2026-10-17,26,quantile,0.65,69.0
2026-10-03,wk inc covid hosp,2,2026-10-17,26,quantile,0.7,78.0
2026-10-03,wk inc covid hosp,2,2026-10-17,26,quantile,0.75,87.0
2026-10-03,wk inc covid hosp,2,2026-10-17,26,quantile,0.8,98.0
2026-10-03,wk inc covid hosp,2,2026-10-17,26,quantile,0.85,111.0
2026-10-03,wk inc covid hosp,2,2026-10-17,26,quantile,0.9,129.0
2026-10-03,wk inc covid hosp,2,2026-10-17,26,quantile,0.95,169.0
2026-10-03,wk inc covid hosp,2,2026-10-17,26,quantile,0.975,208.0
2026-10-03,wk inc covid hosp,2,2026-10-17,26,quantile,0.99,250.0
2026-10-03,wk inc covid hosp,2,2026-10-17,27,quantile,0.01,0.0
2026-10-03,wk inc covid hosp,2,2026-10-17,27,quantile,0.025,0.0
2026-10-03,wk inc covid hosp,2,2026-10-17,27,quantile,0.05,0.0
2026-10-03,wk inc covid hosp,2,2026-10-17,27,quantile,0.1,5.0
2026-10-03,wk inc covid hosp,2,2026-10-17,27,quantile,0.15,9.0
2026-10-03,wk inc covid hosp,2,2026-10-17,27,quantile,0.2,13.0
2026-10-03,wk inc covid hosp,2,2026-10-17,27,quantile,0.25,15.0
2026-10-03,wk inc covid hosp,2,2026-10-17,27,quantile,0.3,18.0
2026-10-03,wk inc covid hosp,2,2026-10-17,27,quantile,0.35,20.0
2026-10-03,wk inc covid hosp,2,2026-10-17,27,quantile,0.4,23.0
2026-10-03,wk inc covid hosp,2,2026-10-17,27,quantile,0.45,25.0
2026-10-03,wk inc covid hosp,2,2026-10-17,27,quantile,0.5,28.0
2026-10-03,wk inc covid hosp,2,2026-10-17,27,quantile,0.55,31.0
2026-10-03,wk inc covid hosp,2,2026-10-17,27,quantile,0.6,33.0
2026-10-03,wk inc covid hosp,2,2026-10-17,27,quantile,0.65,37.0
2026-10-03,wk inc covid hosp,2,2026-10-17,27,quantile,0.7,40.0
2026-10-03,wk inc covid hosp,2,2026-10-17,27,quantile,0.75,44.0
2026-10-03,wk inc covid hosp,2,2026-10-17,27,quantile,0.8,48.0
2026-10-03,wk inc covid hosp,2,2026-10-17,27,quantile,0.85,52.0
2026-10-03,wk inc covid hosp,2,2026-10-17,27,quantile,0.9,60.0
2026-10-03,wk inc covid hosp,2,2026-10-17,27,quantile,0.95,74.0
2026-10-03,wk inc covid hosp,2,2026-10-17,27,quantile,0.975,88.0
2026-10-03,wk inc covid hosp,2,2026-10-17,27,quantile,0.99,97.0
2026-10-03,wk inc covid hosp,2,2026-10-17,28,quantile,0.01,0.0
2026-10-03,wk inc covid hosp,2,2026-10-17,28,quantile,0.025,0.0
2026-10-03,wk inc covid hosp,2,2026-10-17,28,quantile,0.05,0.0
2026-10-03,wk inc covid hosp,2,2026-10-17,28,quantile,0.1,3.0
2026-10-03,wk inc covid hosp,2,2026-10-17,28,quantile,0.15,6.0
2026-10-03,wk inc covid hosp,2,2026-10-17,28,quantile,0.2,8.0
2026-10-03,wk inc covid hosp,2,2026-10-17,28,quantile,0.25,10.0
2026-10-03,wk inc covid hosp,2,2026-10-17,28,quantile,0.3,12.0
2026-10-03,wk inc covid hosp,2,2026-10-17,28,quantile,0.35,14.0
2026-10-03,wk inc covid hosp,2,2026-10-17,28,quantile,0.4,15.0
2026-10-03,wk inc covid hosp,2,2026-10-17,28,quantile,0.45,17.0
2026-10-03,wk inc covid hosp,2,2026-10-17,28,quantile,0.5,19.0
2026-10-03,wk inc covid hosp,2,2026-10-17,28,quantile,0.55,21.0
2026-10-03,wk inc covid hosp,2,2026-10-17,28,quantile,0.6,23.0
2026-10-03,wk inc covid hosp,2,2026-10-17,28,quantile,0.65,25.0
2026-10-03,wk inc covid hosp,2,2026-10-17,28,quantile,0.7,27.0
2026-10-03,wk inc covid hosp,2,2026-10-17,28,quantile,0.75,30.0
2026-10-03,wk inc covid hosp,2,2026-10-17,28,quantile,0.8,33.0
2026-10-03,wk inc covid hosp,2,2026-10-17,28,quantile,0.85,36.0
2026-10-03,wk inc covid hosp,2,2026-10-17,28,quantile,0.9,42.0
2026-10-03,wk inc covid hosp,2,2026-10-17,28,quantile,0.95,52.0
2026-10-03,wk inc covid hosp,2,2026-10-17,28,quantile,0.975,63.0
2026-10-03,wk inc covid hosp,2,2026-10-17,28,quantile,0.99,70.0
2026-10-03,wk inc covid hosp,2,2026-10-17,29,quantile,0.01,0.0
2026-10-03,wk inc covid hosp,2,2026-10-17,29,quantile,0.025,4.0
2026-10-03,wk inc covid hosp,2,2026-10-17,29,quantile,0.05,9.0
2026-10-03,wk inc covid hosp,2,2026-10-17,29,quantile,0.1,17.0
2026-10-03,wk inc covid hosp,2,2026-10-17,29,quantile,0.15,23.0
2026-10-03,wk inc covid hosp,2,2026-10-17,29,quantile,0.2,28.0
2026-10-03,wk inc covid hosp,2,2026-10-17,29,quantile,0.25,31.0
2026-10-03,wk inc covid hosp,2,2026-10-17,29,quantile,0.3,34.0
2026-10-03,wk inc covid hosp,2,2026-10-17,29,quantile,0.35,38.0
2026-10-03,wk inc covid hosp,2,2026-10-17,29,quantile,0.4,41.0
2026-10-03,wk inc covid hosp,2,2026-10-17,29,quantile,0.45,45.0
2026-10-03,wk inc covid hosp,2,2026-10-17,29,quantile,0.5,47.0
2026-10-03,wk inc covid hosp,2,2026-10-17,29,quantile,0.55,52.0
2026-10-03,wk inc covid hosp,2,2026-10-17,29,quantile,0.6,55.0
2026-10-03,wk inc covid hosp,2,2026-10-17,29,quantile,0.65,60.0
2026-10-03,wk inc covid hosp,2,2026-10-17,29,quantile,0.7,64.0
2026-10-03,wk inc covid hosp,2,2026-10-17,29,quantile,0.75,70.0
2026-10-03,wk inc covid hosp,2,2026-10-17,29,quantile,0.8,75.0
2026-10-03,wk inc covid hosp,2,2026-10-17,29,quantile,0.85,81.0
2026-10-03,wk inc covid hosp,2,2026-10-17,29,quantile,0.9,91.0
2026-10-03,wk inc covid hosp,2,2026-10-17,29,quantile,0.95,109.0
2026-10-03,wk inc covid hosp,2,2026-10-17,29,quantile,0.975,127.0
2026-10-03,wk inc covid hosp,2,2026-10-17,29,quantile,0.99,141.0
2026-10-03,wk inc covid hosp,2,2026-10-17,30,quantile,0.01,0.0
2026-10-03,wk inc covid hosp,2,2026-10-17,30,quantile,0.025,0.0
2026-10-03,wk inc covid hosp,2,2026-10-17,30,quantile,0.05,0.0
2026-10-03,wk inc covid hosp,2,2026-10-17,30,quantile,0.1,1.0
2026-10-03,wk inc covid hosp,2,2026-10-17,30,quantile,0.15,2.0
2026-10-03,wk inc covid hosp,2,2026-10-17,30,quantile,0.2,3.0
2026-10-03,wk inc covid hosp,2,2026-10-17,30,quantile,0.25,3.0
2026-10-03,wk inc covid hosp,2,2026-10-17,30,quantile,0.3,4.0
2026-10-03,wk inc covid hosp,2,2026-10-17,30,quantile,0.35,5.0
2026-10-03,wk inc covid hosp,2,2026-10-17,30,quantile,0.4,6.0
2026-10-03,wk inc covid hosp,2,2026-10-17,30,quantile,0.45,7.0
2026-10-03,wk inc covid hosp,2,2026-10-17,30,quantile,0.5,8.0
2026-10-03,wk inc covid hosp,2,2026-10-17,30,quantile,0.55,8.0
2026-10-03,wk inc covid hosp,2,2026-10-17,30,quantile,0.6,9.0
2026-10-03,wk inc covid hosp,2,2026-10-17,30,quantile,0.65,10.0
2026-10-03,wk inc covid hosp,2,2026-10-17,30,quantile,0.7,11.0
2026-10-03,wk inc covid hosp,2,2026-10-17,30,quantile,0.75,13.0
2026-10-03,wk inc covid hosp,2,2026-10-17,30,quantile,0.8,14.0
2026-10-03,wk inc covid hosp,2,2026-10-17,30,quantile,0.85,16.0
2026-10-03,wk inc covid hosp,2,2026-10-17,30,quantile,0.9,18.0
2026-10-03,wk inc covid hosp,2,2026-10-17,30,quantile,0.95,22.0
2026-10-03,wk inc covid hosp,2,2026-10-17,30,quantile,0.975,26.0
2026-10-03,wk inc covid hosp,2,2026-10-17,30,quantile,0.99,31.0
2026-10-03,wk inc covid hosp,2,2026-10-17,31,quantile,0.01,0.0
2026-10-03,wk inc covid hosp,2,2026-10-17,31,quantile,0.025,0.0
2026-10-03,wk inc covid hosp,2,2026-10-17,31,quantile,0.05,0.0
2026-10-03,wk inc covid hosp,2,2026-10-17,31,quantile,0.1,0.0
2026-10-03,wk inc covid hosp,2,2026-10-17,31,quantile,0.15,0.0
2026-10-03,wk inc covid hosp,2,2026-10-17,31,quantile,0.2,1.0
2026-10-03,wk inc covid hosp,2,2026-10-17,31,quantile,0.25,2.0
2026-10-03,wk inc covid hosp,2,2026-10-17,31,quantile,0.3,3.0
2026-10-03,wk inc covid hosp,2,2026-10-17,31,quantile,0.35,4.0
2026-10-03,wk inc covid hosp,2,2026-10-17,31,quantile,0.4,5.0
2026-10-03,wk inc covid hosp,2,2026-10-17,31,quantile,0.45,6.0
2026-10-03,wk inc covid hosp,2,2026-10-17,31,quantile,0.5,7.0
2026-10-03,wk inc covid hosp,2,2026-10-17,31,quantile,0.55,8.0
2026-10-03,wk inc covid hosp,2,2026-10-17,31,quantile,0.6,9.0
2026-10-03,wk inc covid hosp,2,2026-10-17,31,quantile,0.65,10.0
2026-10-03,wk inc covid hosp,2,2026-10-17,31,quantile,0.7,12.0
2026-10-03,wk inc covid hosp,2,2026-10-17,31,quantile,0.75,13.0
2026-10-03,wk inc covid hosp,2,2026-10-17,31,quantile,0.8,15.0
2026-10-03,wk inc covid hosp,2,2026-10-17,31,quantile,0.85,17.0
2026-10-03,wk inc covid hosp,2,2026-10-17,31,quantile,0.9,20.0
2026-10-03,wk inc covid hosp,2,2026-10-17,31,quantile,0.95,24.0
2026-10-03,wk inc covid hosp,2,2026-10-17,31,quantile,0.975,29.0
2026-10-03,wk inc covid hosp,2,2026-10-17,31,quantile,0.99,35.0
2026-10-03,wk inc covid hosp,2,2026-10-17,32,quantile,0.01,0.0
2026-10-03,wk inc covid hosp,2,2026-10-17,32,quantile,0.025,0.0
2026-10-03,wk inc covid hosp,2,2026-10-17,32,quantile,0.05,2.0
2026-10-03,wk inc covid hosp,2,2026-10-17,32,quantile,0.1,6.0
2026-10-03,wk inc covid hosp,2,2026-10-17,32,quantile,0.15,9.0
2026-10-03,wk inc covid hosp,2,2026-10-17,32,quantile,0.2,11.0
2026-10-03,wk inc covid hosp,2,2026-10-17,32,quantile,0.25,13.0
2026-10-03,wk inc covid hosp,2,2026-10-17,32,quantile,0.3,15.0
2026-10-03,wk inc covid hosp,2,2026-10-17,32,quantile,0.35,17.0
2026-10-03,wk inc covid hosp,2,2026-10-17,32,quantile,0.4,18.0
2026-10-03,wk inc covid hosp,2,2026-10-17,32,quantile,0.45,20.0
2026-10-03,wk inc covid hosp,2,2026-10-17,32,quantile,0.5,22.0
2026-10-03,wk inc covid hosp,2,2026-10-17,32,quantile,0.55,24.0
2026-10-03,wk inc covid hosp,2,2026-10-17,32,quantile,0.6,26.0
2026-10-03,wk inc covid hosp,2,2026-10-17,32,quantile,0.65,28.0
2026-10-03,wk inc covid hosp,2,2026-10-17,32,quantile,0.7,30.0
2026-10-03,wk inc covid hosp,2,2026-10-17,32,quantile,0.75,33.0
2026-10-03,wk inc covid hosp,2,2026-10-17,32,quantile,0.8,36.0
2026-10-03,wk inc covid hosp,2,2026-10-17,32,quantile,0.85,39.0
2026-10-03,wk inc covid hosp,2,2026-10-17,32,quantile,0.9,45.0
2026-10-03,wk inc covid hosp,2,2026-10-17,32,quantile,0.95,55.0
2026-10-03,wk inc covid hosp,2,2026-10-17,32,quantile,0.975,66.0
2026-10-03,wk inc covid hosp,2,2026-10-17,32,quantile,0.99,73.0
2026-10-03,wk inc covid hosp,2,2026-10-17,33,quantile,0.01,0.0
2026-10-03,wk inc covid hosp,2,2026-10-17,33,quantile,0.025,1.0
2026-10-03,wk inc covid hosp,2,2026-10-17,33,quantile,0.05,4.0
2026-10-03,wk inc covid hosp,2,2026-10-17,33,quantile,0.1,8.0
2026-10-03,wk inc covid hosp,2,2026-10-17,33,quantile,0.15,10.0
2026-10-03,wk inc covid hosp,2,2026-10-17,33,quantile,0.2,12.0
2026-10-03,wk inc covid hosp,2,2026-10-17,33,quantile,0.25,14.0
2026-10-03,wk inc covid hosp,2,2026-10-17,33,quantile,0.3,16.0
2026-10-03,wk inc covid hosp,2,2026-10-17,33,quantile,0.35,18.0
2026-10-03,wk inc covid hosp,2,2026-10-17,33,quantile,0.4,21.0
2026-10-03,wk inc covid hosp,2,2026-10-17,33,quantile,0.45,22.0
2026-10-03,wk inc covid hosp,2,2026-10-17,33,quantile,0.5,24.0
2026-10-03,wk inc covid hosp,2,2026-10-17,33,quantile,0.55,27.0
2026-10-03,wk inc covid hosp,2,2026-10-17,33,quantile,0.6,29.0
2026-10-03,wk inc covid hosp,2,2026-10-17,33,quantile,0.65,31.0
2026-10-03,wk inc covid hosp,2,2026-10-17,33,quantile,0.7,34.0
2026-10-03,wk inc covid hosp,2,2026-10-17,33,quantile,0.75,37.0
2026-10-03,wk inc covid hosp,2,2026-10-17,33,quantile,0.8,41.0
2026-10-03,wk inc covid hosp,2,2026-10-17,33,quantile,0.85,46.0
2026-10-03,wk inc covid hosp,2,2026-10-17,33,quantile,0.9,53.0
2026-10-03,wk inc covid hosp,2,2026-10-17,33,quantile,0.95,64.0
2026-10-03,wk inc covid hosp,2,2026-10-17,33,quantile,0.975,75.0
2026-10-03,wk inc covid hosp,2,2026-10-17,33,quantile,0.99,93.0
2026-10-03,wk inc covid hosp,2,2026-10-17,34,quantile,0.01,13.0
2026-10-03,wk inc covid hosp,2,2026-10-17,34,quantile,0.025,28.0
2026-10-03,wk inc covid hosp,2,2026-10-17,34,quantile,0.05,38.0
2026-10-03,wk inc covid hosp,2,2026-10-17,34,quantile,0.1,59.0
2026-10-03,wk inc covid hosp,2,2026-10-17,34,quantile,0.15,72.0
2026-10-03,wk inc covid hosp,2,2026-10-17,34,quantile,0.2,84.0
2026-10-03,wk inc covid hosp,2,2026-10-17,34,quantile,0.25,94.0
2026-10-03,wk inc covid hosp,2,2026-10-17,34,quantile,0.3,102.0
2026-10-03,wk inc covid hosp,2,2026-10-17,34,quantile,0.35,112.0
2026-10-03,wk inc covid hosp,2,2026-10-17,34,quantile,0.4,122.0
2026-10-03,wk inc covid hosp,2,2026-10-17,34,quantile,0.45,129.0
2026-10-03,wk inc covid hosp,2,2026-10-17,34,quantile,0.5,138.0
2026-10-03,wk inc covid hosp,2,2026-10-17,34,quantile,0.55,147.0
2026-10-03,wk inc covid hosp,2,2026-10-17,34,quantile,0.6,158.0
2026-10-03,wk inc covid hosp,2,2026-10-17,34,quantile,0.65,172.0
2026-10-03,wk inc covid hosp,2,2026-10-17,34,quantile,0.7,185.0
2026-10-03,wk inc covid hosp,2,2026-10-17,34,quantile,0.75,199.0
2026-10-03,wk inc covid hosp,2,2026-10-17,34,quantile,0.8,215.0
2026-10-03,wk inc covid hosp,2,2026-10-17,34,quantile,0.85,236.0
2026-10-03,wk inc covid hosp,2,2026-10-17,34,quantile,0.9,263.0
2026-10-03,wk inc covid hosp,2,2026-10-17,34,quantile,0.95,320.0
2026-10-03,wk inc covid hosp,2,2026-10-17,34,quantile,0.975,377.0
2026-10-03,wk inc covid hosp,2,2026-10-17,34,quantile,0.99,438.0
2026-10-03,wk inc covid hosp,2,2026-10-17,35,quantile,0.01,0.0
2026-10-03,wk inc covid hosp,2,2026-10-17,35,quantile,0.025,0.0
2026-10-03,wk inc covid hosp,2,2026-10-17,35,quantile,0.05,0.0
2026-10-03,wk inc covid hosp,2,2026-10-17,35,quantile,0.1,0.0
2026-10-03,wk inc covid hosp,2,2026-10-17,35,quantile,0.15,0.0
2026-10-03,wk inc covid hosp,2,2026-10-17,35,quantile,0.2,0.0
2026-10-03,wk inc covid hosp,2,2026-10-17,35,quantile,0.25,0.0
2026-10-03,wk inc covid hosp,2,2026-10-17,35,quantile,0.3,1.0
2026-10-03,wk inc covid hosp,2,2026-10-17,35,quantile,0.35,2.0
2026-10-03,wk inc covid hosp,2,2026-10-17,35,quantile,0.4,3.0
2026-10-03,wk inc covid hosp,2,2026-10-17,35,quantile,0.45,4.0
2026-10-03,wk inc covid hosp,2,2026-10-17,35,quantile,0.5,5.0
2026-10-03,wk inc covid hosp,2,2026-10-17,35,quantile,0.55,6.0
2026-10-03,wk inc covid hosp,2,2026-10-17,35,quantile,0.6,7.0
2026-10-03,wk inc covid hosp,2,2026-10-17,35,quantile,0.65,9.0
2026-10-03,wk inc covid hosp,2,2026-10-17,35,quantile,0.7,10.0
2026-10-03,wk inc covid hosp,2,2026-10-17,35,quantile,0.75,12.0
2026-10-03,wk inc covid hosp,2,2026-10-17,35,quantile,0.8,13.0
2026-10-03,wk inc covid hosp,2,2026-10-17,35,quantile,0.85,16.0
2026-10-03,wk inc covid hosp,2,2026-10-17,35,quantile,0.9,19.0
2026-10-03,wk inc covid hosp,2,2026-10-17,35,quantile,0.95,24.0
2026-10-03,wk inc covid hosp,2,2026-10-17,35,quantile,0.975,29.0
2026-10-03,wk inc covid hosp,2,2026-10-17,35,quantile,0.99,35.0
2026-10-03,wk inc covid hosp,2,2026-10-17,36,quantile,0.01,70.0
2026-10-03,wk inc covid hosp,2,2026-10-17,36,quantile,0.025,96.0
2026-10-03,wk inc covid hosp,2,2026-10-17,36,quantile,0.05,114.0
2026-10-03,wk inc covid hosp,2,2026-10-17,36,quantile,0.1,150.0
2026-10-03,wk inc covid hosp,2,2026-10-17,36,quantile,0.15,172.0
2026-10-03,wk inc covid hosp,2,2026-10-17,36,quantile,0.2,192.0
2026-10-03,wk inc covid hosp,2,2026-10-17,36,quantile,0.25,207.0
2026-10-03,wk inc covid hosp,2,2026-10-17,36,quantile,0.3,219.0
2026-10-03,wk inc covid hosp,2,2026-10-17,36,quantile,0.35,235.0
2026-10-03,wk inc covid hosp,2,2026-10-17,36,quantile,0.4,250.0
2026-10-03,wk inc covid hosp,2,2026-10-17,36,quantile,0.45,262.0
2026-10-03,wk inc covid hosp,2,2026-10-17,36,quantile,0.5,275.0
2026-10-03,wk inc covid hosp,2,2026-10-17,36,quantile,0.55,290.0
2026-10-03,wk inc covid hosp,2,2026-10-17,36,quantile,0.6,304.0
2026-10-03,wk inc covid hosp,2,2026-10-17,36,quantile,0.65,325.0
2026-10-03,wk inc covid hosp,2,2026-10-17,36,quantile,0.7,342.0
2026-10-03,wk inc covid hosp,2,2026-10-17,36,quantile,0.75,362.0
2026-10-03,wk inc covid hosp,2,2026-10-17,36,quantile,0.8,383.0
2026-10-03,wk inc covid hosp,2,2026-10-17,36,quantile,0.85,412.0
2026-10-03,wk inc covid hosp,2,2026-10-17,36,quantile,0.9,449.0
2026-10-03,wk inc covid hosp,2,2026-10-17,36,quantile,0.95,521.0
2026-10-03,wk inc covid hosp,2,2026-10-17,36,quantile,0.975,591.0
2026-10-03,wk inc covid hosp,2,2026-10-17,36,quantile,0.99,667.0
2026-10-03,wk inc covid hosp,2,2026-10-17,37,quantile,0.01,16.0
2026-10-03,wk inc covid hosp,2,2026-10-17,37,quantile,0.025,30.0
2026-10-03,wk inc covid hosp,2,2026-10-17,37,quantile,0.05,39.0
2026-10-03,wk inc covid hosp,2,2026-10-17,37,quantile,0.1,57.0
2026-10-03,wk inc covid hosp,2,2026-10-17,37,quantile,0.15,68.0
2026-10-03,wk inc covid hosp,2,2026-10-17,37,quantile,0.2,78.0
2026-10-03,wk inc covid hosp,2,2026-10-17,37,quantile,0.25,86.0
2026-10-03,wk inc covid hosp,2,2026-10-17,37,quantile,0.3,93.0
2026-10-03,wk inc covid hosp,2,2026-10-17,37,quantile,0.35,101.0
2026-10-03,wk inc covid hosp,2,2026-10-17,37,quantile,0.4,109.0
2026-10-03,wk inc covid hosp,2,2026-10-17,37,quantile,0.45,115.0
2026-10-03,wk inc covid hosp,2,2026-10-17,37,quantile,0.5,122.0
2026-10-03,wk inc covid hosp,2,2026-10-17,37,quantile,0.55,130.0
2026-10-03,wk inc covid hosp,2,2026-10-17,37,quantile,0.6,137.0
2026-10-03,wk inc covid hosp,2,2026-10-17,37,quantile,0.65,148.0
2026-10-03,wk inc covid hosp,2,2026-10-17,37,quantile,0.7,157.0
2026-10-03,wk inc covid hosp,2,2026-10-17,37,quantile,0.75,168.0
2026-10-03,wk inc covid hosp,2,2026-10-17,37,quantile,0.8,179.0
2026-10-03,wk inc covid hosp,2,2026-10-17,37,quantile,0.85,195.0
2026-10-03,wk inc covid hosp,2,2026-10-17,37,quantile,0.9,215.0
2026-10-03,wk inc covid hosp,2,2026-10-17,37,quantile,0.95,254.0
2026-10-03,wk inc covid hosp,2,2026-10-17,37,quantile,0.975,293.0
2026-10-03,wk inc covid hosp,2,2026-10-17,37,quantile,0.99,334.0
2026-10-03,wk inc covid hosp,2,2026-10-17,38,quantile,0.01,0.0
2026-10-03,wk inc covid hosp,2,2026-10-17,38,quantile,0.025,0.0
2026-10-03,wk inc covid hosp,2,2026-10-17,38,quantile,0.05,0.0
2026-10-03,wk inc covid hosp,2,2026-10-17,38,quantile,0.1,0.0
2026-10-03,wk inc covid hosp,2,2026-10-17,38,quantile,0.15,0.0
2026-10-03,wk inc covid hosp,2,2026-10-17,38,quantile,0.2,1.0
2026-10-03,wk inc covid hosp,2,2026-10-17,38,quantile,0.25,1.0
2026-10-03,wk inc covid hosp,2,2026-10-17,38,quantile,0.3,2.0
2026-10-03,wk inc covid hosp,2,2026-10-17,38,quantile,0.35,2.0
2026-10-03,wk inc covid hosp,2,2026-10-17,38,quantile,0.4,3.0
2026-10-03,wk inc covid hosp,2,2026-10-17,38,quantile,0.45,4.0
2026-10-03,wk inc covid hosp,2,2026-10-17,38,quantile,0.5,4.0
2026-10-03,wk inc covid hosp,2,2026-10-17,38,quantile,0.55,5.0
2026-10-03,wk inc covid hosp,2,2026-10-17,38,quantile,0.6,5.0
2026-10-03,wk inc covid hosp,2,2026-10-17,38,quantile,0.65,6.0
2026-10-03,wk inc covid hosp,2,2026-10-17,38,quantile,0.7,6.0
2026-10-03,wk inc covid hosp,2,2026-10-17,38,quantile,0.75,7.0
2026-10-03,wk inc covid hosp,2,2026-10-17,38,quantile,0.8,8.0
2026-10-03,wk inc covid hosp,2,2026-10-17,38,quantile,0.85,9.0
2026-10-03,wk inc covid hosp,2,2026-10-17,38,quantile,0.9,11.0
2026-10-03,wk inc covid hosp,2,2026-10-17,38,quantile,0.95,13.0
2026-10-03,wk inc covid hosp,2,2026-10-17,38,quantile,0.975,16.0
2026-10-03,wk inc covid hosp,2,2026-10-17,38,quantile,0.99,19.0
2026-10-03,wk inc covid hosp,2,2026-10-17,39,quantile,0.01,0.0
2026-10-03,wk inc covid hosp,2,2026-10-17,39,quantile,0.025,0.0
2026-10-03,wk inc covid hosp,2,2026-10-17,39,quantile,0.05,0.0
2026-10-03,wk inc covid hosp,2,2026-10-17,39,quantile,0.1,11.0
2026-10-03,wk inc covid hosp,2,2026-10-17,39,quantile,0.15,21.0
2026-10-03,wk inc covid hosp,2,2026-10-17,39,quantile,0.2,29.0
2026-10-03,wk inc covid hosp,2,2026-10-17,39,quantile,0.25,35.0
2026-10-03,wk inc covid hosp,2,2026-10-17,39,quantile,0.3,41.0
2026-10-03,wk inc covid hosp,2,2026-10-17,39,quantile,0.35,48.0
2026-10-03,wk inc covid hosp,2,2026-10-17,39,quantile,0.4,54.0
2026-10-03,wk inc covid hosp,2,2026-10-17,39,quantile,0.45,60.0
2026-10-03,wk inc covid hosp,2,2026-10-17,39,quantile,0.5,65.0
2026-10-03,wk inc covid hosp,2,2026-10-17,39,quantile,0.55,71.0
2026-10-03,wk inc covid hosp,2,2026-10-17,39,quantile,0.6,78.0
2026-10-03,wk inc covid hosp,2,2026-10-17,39,quantile,0.65,88.0
2026-10-03,wk inc covid hosp,2,2026-10-17,39,quantile,0.7,95.0
2026-10-03,wk inc covid hosp,2,2026-10-17,39,quantile,0.75,104.0
2026-10-03,wk inc covid hosp,2,2026-10-17,39,quantile,0.8,113.0
2026-10-03,wk inc covid hosp,2,2026-10-17,39,quantile,0.85,126.0
2026-10-03,wk inc covid hosp,2,2026-10-17,39,quantile,0.9,143.0
2026-10-03,wk inc covid hosp,2,2026-10-17,39,quantile,0.95,176.0
2026-10-03,wk inc covid hosp,2,2026-10-17,39,quantile,0.975,208.0
2026-10-03,wk inc covid hosp,2,2026-10-17,39,quantile,0.99,243.0
2026-10-03,wk inc covid hosp,2,2026-10-17,40,quantile,0.01,0.0
2026-10-03,wk inc covid hosp,2,2026-10-17,40,quantile,0.025,0.0
2026-10-03,wk inc covid hosp,2,2026-10-17,40,quantile,0.05,0.0
2026-10-03,wk inc covid hosp,2,2026-10-17,40,quantile,0.1,0.0
2026-10-03,wk inc covid hosp,2,2026-10-17,40,quantile,0.15,0.0
2026-10-03,wk inc covid hosp,2,2026-10-17,40,quantile,0.2,0.0
2026-10-03,wk inc covid hosp,2,2026-10-17,40,quantile,0.25,1.0
2026-10-03,wk inc covid hosp,2,2026-10-17,40,quantile,0.3,3.0
2026-10-03,wk inc covid hosp,2,2026-10-17,40,quantile,0.35,4.0
2026-10-03,wk inc covid hosp,2,2026-10-17,40,quantile,0.4,6.0
2026-10-03,wk inc covid hosp,2,2026-10-17,40,quantile,0.45,8.0
2026-10-03,wk inc covid hosp,2,2026-10-17,40,quantile,0.5,9.0
2026-10-03,wk inc covid hosp,2,2026-10-17,40,quantile,0.55,11.0
2026-10-03,wk inc covid hosp,2,2026-10-17,40,quantile,0.6,13.0
2026-10-03,wk inc covid hosp,2,2026-10-17,40,quantile,0.65,16.0
2026-10-03,wk inc covid hosp,2,2026-10-17,40,quantile,0.7,18.0
2026-10-03,wk inc covid hosp,2,2026-10-17,40,quantile,0.75,21.0
2026-10-03,wk inc covid hosp,2,2026-10-17,40,quantile,0.8,24.0
2026-10-03,wk inc covid hosp,2,2026-10-17,40,quantile,0.85,27.0
2026-10-03,wk inc covid hosp,2,2026-10-17,40,quantile,0.9,32.0
2026-10-03,wk inc covid hosp,2,2026-10-17,40,quantile,0.95,42.0
2026-10-03,wk inc covid hosp,2,2026-10-17,40,quantile,0.975,53.0
2026-10-03,wk inc covid hosp,2,2026-10-17,40,quantile,0.99,60.0
2026-10-03,wk inc covid hosp,2,2026-10-17,41,quantile,0.01,8.0
2026-10-03,wk inc covid hosp,2,2026-10-17,41,quantile,0.025,12.0
2026-10-03,wk inc covid hosp,2,2026-10-17,41,quantile,0.05,17.0
2026-10-03,wk inc covid hosp,2,2026-10-17,41,quantile,0.1,24.0
2026-10-03,wk inc covid hosp,2,2026-10-17,41,quantile,0.15,30.0
2026-10-03,wk inc covid hosp,2,2026-10-17,41,quantile,0.2,33.0
2026-10-03,wk inc covid hosp,2,2026-10-17,41,quantile,0.25,36.0
2026-10-03,wk inc covid hosp,2,2026-10-17,41,quantile,0.3,39.0
2026-10-03,wk inc covid hosp,2,2026-10-17,41,quantile,0.35,42.0
2026-10-03,wk inc covid hosp,2,2026-10-17,41,quantile,0.4,45.0
2026-10-03,wk inc covid hosp,2,2026-10-17,41,quantile,0.45,48.0
2026-10-03,wk inc covid hosp,2,2026-10-17,41,quantile,0.5,51.0
2026-10-03,wk inc covid hosp,2,2026-10-17,41,quantile,0.55,55.0
2026-10-03,wk inc covid hosp,2,2026-10-17,41,quantile,0.6,57.0
2026-10-03,wk inc covid hosp,2,2026-10-17,41,quantile,0.65,61.0
2026-10-03,wk inc covid hosp,2,2026-10-17,41,quantile,0.7,65.0
2026-10-03,wk inc covid hosp,2,2026-10-17,41,quantile,0.75,70.0
2026-10-03,wk inc covid hosp,2,2026-10-17,41,quantile,0.8,75.0
2026-10-03,wk inc covid hosp,2,2026-10-17,41,quantile,0.85,80.0
2026-10-03,wk inc covid hosp,2,2026-10-17,41,quantile,0.9,89.0
2026-10-03,wk inc covid hosp,2,2026-10-17,41,quantile,0.95,106.0
2026-10-03,wk inc covid hosp,2,2026-10-17,41,quantile,0.975,124.0
2026-10-03,wk inc covid hosp,2,2026-10-17,41,quantile,0.99,134.0
2026-10-03,wk inc covid hosp,2,2026-10-17,42,quantile,0.01,18.0
2026-10-03,wk inc covid hosp,2,2026-10-17,42,quantile,0.025,39.0
2026-10-03,wk inc covid hosp,2,2026-10-17,42,quantile,0.05,54.0
2026-10-03,wk inc covid hosp,2,2026-10-17,42,quantile,0.1,84.0
2026-10-03,wk inc covid hosp,2,2026-10-17,42,quantile,0.15,105.0
2026-10-03,wk inc covid hosp,2,2026-10-17,42,quantile,0.2,124.0
2026-10-03,wk inc covid hosp,2,2026-10-17,42,quantile,0.25,138.0
2026-10-03,wk inc covid hosp,2,2026-10-17,42,quantile,0.3,149.0
2026-10-03,wk inc covid hosp,2,2026-10-17,42,quantile,0.35,165.0
2026-10-03,wk inc covid hosp,2,2026-10-17,42,quantile,0.4,179.0
2026-10-03,wk inc covid hosp,2,2026-10-17,42,quantile,0.45,192.0
2026-10-03,wk inc covid hosp,2,2026-10-17,42,quantile,0.5,205.0
2026-10-03,wk inc covid hosp,2,2026-10-17,42,quantile,0.55,219.0
2026-10-03,wk inc covid hosp,2,2026-10-17,42,quantile,0.6,235.0
2026-10-03,wk inc covid hosp,2,2026-10-17,42,quantile,0.65,257.0
2026-10-03,wk inc covid hosp,2,2026-10-17,42,quantile,0.7,276.0
2026-10-03,wk inc covid hosp,2,2026-10-17,42,quantile,0.75,300.0
2026-10-03,wk inc covid hosp,2,2026-10-17,42,quantile,0.8,322.0
2026-10-03,wk inc covid hosp,2,2026-10-17,42,quantile,0.85,353.0
2026-10-03,wk inc covid hosp,2,2026-10-17,42,quantile,0.9,398.0
2026-10-03,wk inc covid hosp,2,2026-10-17,42,quantile,0.95,486.0
2026-10-03,wk inc covid hosp,2,2026-10-17,42,quantile,0.975,572.0
2026-10-03,wk inc covid hosp,2,2026-10-17,42,quantile,0.99,669.0
2026-10-03,wk inc covid hosp,2,2026-10-17,44,quantile,0.01,0.0
2026-10-03,wk inc covid hosp,2,2026-10-17,44,quantile,0.025,0.0
2026-10-03,wk inc covid hosp,2,2026-10-17,44,quantile,0.05,0.0
2026-10-03,wk inc covid hosp,2,2026-10-17,44,quantile,0.1,2.0
2026-10-03,wk inc covid hosp,2,2026-10-17,44,quantile,0.15,3.0
2026-10-03,wk inc covid hosp,2,2026-10-17,44,quantile,0.2,4.0
2026-10-03,wk inc covid hosp,2,2026-10-17,44,quantile,0.25,4.0
2026-10-03,wk inc covid hosp,2,2026-10-17,44,quantile,0.3,5.0
2026-10-03,wk inc covid hosp,2,2026-10-17,44,quantile,0.35,6.0
2026-10-03,wk inc covid hosp,2,2026-10-17,44,quantile,0.4,7.0
2026-10-03,wk inc covid hosp,2,2026-10-17,44,quantile,0.45,8.0
2026-10-03,wk inc covid hosp,2,2026-10-17,44,quantile,0.5,9.0
2026-10-03,wk inc covid hosp,2,2026-10-17,44,quantile,0.55,10.0
2026-10-03,wk inc covid hosp,2,2026-10-17,44,quantile,0.6,11.0
2026-10-03,wk inc covid hosp,2,2026-10-17,44,quantile,0.65,12.0
2026-10-03,wk inc covid hosp,2,2026-10-17,44,quantile,0.7,13.0
2026-10-03,wk inc covid hosp,2,2026-10-17,44,quantile,0.75,14.0
2026-10-03,wk inc covid hosp,2,2026-10-17,44,quantile,0.8,16.0
2026-10-03,wk inc covid hosp,2,2026-10-17,44,quantile,0.85,18.0
2026-10-03,wk inc covid hosp,2,2026-10-17,44,quantile,0.9,20.0
2026-10-03,wk inc covid hosp,2,2026-10-17,44,quantile,0.95,25.0
2026-10-03,wk inc covid hosp,2,2026-10-17,44,quantile,0.975,29.0
2026-10-03,wk inc covid hosp,2,2026-10-17,44,quantile,0.99,35.0
2026-10-03,wk inc covid hosp,2,2026-10-17,45,quantile,0.01,4.0
2026-10-03,wk inc covid hosp,2,2026-10-17,45,quantile,0.025,10.0
2026-10-03,wk inc covid hosp,2,2026-10-17,45,quantile,0.05,15.0
2026-10-03,wk inc covid hosp,2,2026-10-17,45,quantile,0.1,24.0
2026-10-03,wk inc covid hosp,2,2026-10-17,45,quantile,0.15,30.0
2026-10-03,wk inc covid hosp,2,2026-10-17,45,quantile,0.2,35.0
2026-10-03,wk inc covid hosp,2,2026-10-17,45,quantile,0.25,39.0
2026-10-03,wk inc covid hosp,2,2026-10-17,45,quantile,0.3,42.0
2026-10-03,wk inc covid hosp,2,2026-10-17,45,quantile,0.35,46.0
2026-10-03,wk inc covid hosp,2,2026-10-17,45,quantile,0.4,50.0
2026-10-03,wk inc covid hosp,2,2026-10-17,45,quantile,0.45,53.0
2026-10-03,wk inc covid hosp,2,2026-10-17,45,quantile,0.5,57.0
2026-10-03,wk inc covid hosp,2,2026-10-17,45,quantile,0.55,61.0
2026-10-03,wk inc covid hosp,2,2026-10-17,45,quantile,0.6,65.0
2026-10-03,wk inc covid hosp,2,2026-10-17,45,quantile,0.65,70.0
2026-10-03,wk inc covid hosp,2,2026-10-17,45,quantile,0.7,75.0
2026-10-03,wk inc covid hosp,2,2026-10-17,45,quantile,0.75,81.0
2026-10-03,wk inc covid hosp,2,2026-10-17,45,quantile,0.8,87.0
2026-10-03,wk inc covid hosp,2,2026-10-17,45,quantile,0.85,95.0
2026-10-03,wk inc covid hosp,2,2026-10-17,45,quantile,0.9,105.0
2026-10-03,wk inc covid hosp,2,2026-10-17,45,quantile,0.95,126.0
2026-10-03,wk inc covid hosp,2,2026-10-17,45,quantile,0.975,148.0
2026-10-03,wk inc covid hosp,2,2026-10-17,45,quantile,0.99,170.0
2026-10-03,wk inc covid hosp,2,2026-10-17,46,quantile,0.01,0.0
2026-10-03,wk inc covid hosp,2,2026-10-17,46,quantile,0.025,0.0
2026-10-03,wk inc covid hosp,2,2026-10-17,46,quantile,0.05,0.0
2026-10-03,wk inc covid hosp,2,2026-10-17,46,quantile,0.1,0.0
2026-10-03,wk inc covid hosp,2,2026-10-17,46,quantile,0.15,0.0
2026-10-03,wk inc covid hosp,2,2026-10-17,46,quantile,0.2,0.0
2026-10-03,wk inc covid hosp,2,2026-10-17,46,quantile,0.25,0.0
2026-10-03,wk inc covid hosp,2,2026-10-17,46,quantile,0.3,1.0
2026-10-03,wk inc covid hosp,2,2026-10-17,46,quantile,0.35,2.0
2026-10-03,wk inc covid hosp,2,2026-10-17,46,quantile,0.4,2.0
2026-10-03,wk inc covid hosp,2,2026-10-17,46,quantile,0.45,3.0
2026-10-03,wk inc covid hosp,2,2026-10-17,46,quantile,0.5,3.0
2026-10-03,wk inc covid hosp,2,2026-10-17,46,quantile,0.55,4.0
2026-10-03,wk inc covid hosp,2,2026-10-17,46,quantile,0.6,5.0
2026-10-03,wk inc covid hosp,2,2026-10-17,46,quantile,0.65,5.0
2026-10-03,wk inc covid hosp,2,2026-10-17,46,quantile,0.7,6.0
2026-10-03,wk inc covid hosp,2,2026-10-17,46,quantile,0.75,7.0
2026-10-03,wk inc covid hosp,2,2026-10-17,46,quantile,0.8,8.0
2026-10-03,wk inc covid hosp,2,2026-10-17,46,quantile,0.85,9.0
2026-10-03,wk inc covid hosp,2,2026-10-17,46,quantile,0.9,11.0
2026-10-03,wk inc covid hosp,2,2026-10-17,46,quantile,0.95,14.0
2026-10-03,wk inc covid hosp,2,2026-10-17,46,quantile,0.975,17.0
2026-10-03,wk inc covid hosp,2,2026-10-17,46,quantile,0.99,21.0
2026-10-03,wk inc covid hosp,2,2026-10-17,47,quantile,0.01,0.0
2026-10-03,wk inc covid hosp,2,2026-10-17,47,quantile,0.025,0.0
2026-10-03,wk inc covid hosp,2,2026-10-17,47,quantile,0.05,0.0
2026-10-03,wk inc covid hosp,2,2026-10-17,47,quantile,0.1,2.0
2026-10-03,wk inc covid hosp,2,2026-10-17,47,quantile,0.15,8.0
2026-10-03,wk inc covid hosp,2,2026-10-17,47,quantile,0.2,12.0
2026-10-03,wk inc covid hosp,2,2026-10-17,47,quantile,0.25,16.0
2026-10-03,wk inc covid hosp,2,2026-10-17,47,quantile,0.3,20.0
2026-10-03,wk inc covid hosp,2,2026-10-17,47,quantile,0.35,24.0
2026-10-03,wk inc covid hosp,2,2026-10-17,47,quantile,0.4,27.0
2026-10-03,wk inc covid hosp,2,2026-10-17,47,quantile,0.45,30.0
2026-10-03,wk inc covid hosp,2,2026-10-17,47,quantile,0.5,33.0
2026-10-03,wk inc covid hosp,2,2026-10-17,47,quantile,0.55,38.0
2026-10-03,wk inc covid hosp,2,2026-10-17,47,quantile,0.6,42.0
2026-10-03,wk inc covid hosp,2,2026-10-17,47,quantile,0.65,47.0
2026-10-03,wk inc covid hosp,2,2026-10-17,47,quantile,0.7,52.0
2026-10-03,wk inc covid hosp,2,2026-10-17,47,quantile,0.75,58.0
2026-10-03,wk inc covid hosp,2,2026-10-17,47,quantile,0.8,63.0
2026-10-03,wk inc covid hosp,2,2026-10-17,47,quantile,0.85,71.0
2026-10-03,wk inc covid hosp,2,2026-10-17,47,quantile,0.9,82.0
2026-10-03,wk inc covid hosp,2,2026-10-17,47,quantile,0.95,103.0
2026-10-03,wk inc covid hosp,2,2026-10-17,47,quantile,0.975,125.0
2026-10-03,wk inc covid hosp,2,2026-10-17,47,quantile,0.99,141.0
2026-10-03,wk inc covid hosp,2,2026-10-17,48,quantile,0.01,3.0
2026-10-03,wk inc covid hosp,2,2026-10-17,48,quantile,0.025,36.0
2026-10-03,wk inc covid hosp,2,2026-10-17,48,quantile,0.05,60.0
2026-10-03,wk inc covid hosp,2,2026-10-17,48,quantile,0.1,107.0
2026-10-03,wk inc covid hosp,2,2026-10-17,48,quantile,0.15,136.0
2026-10-03,wk inc covid hosp,2,2026-10-17,48,quantile,0.2,163.0
2026-10-03,wk inc covid hosp,2,2026-10-17,48,quantile,0.25,185.0
2026-10-03,wk inc covid hosp,2,2026-10-17,48,quantile,0.3,202.0
2026-10-03,wk inc covid hosp,2,2026-10-17,48,quantile,0.35,223.0
2026-10-03,wk inc covid hosp,2,2026-10-17,48,quantile,0.4,242.0
2026-10-03,wk inc covid hosp,2,2026-10-17,48,quantile,0.45,259.0
2026-10-03,wk inc covid hosp,2,2026-10-17,48,quantile,0.5,279.0
2026-10-03,wk inc covid hosp,2,2026-10-17,48,quantile,0.55,297.0
2026-10-03,wk inc covid hosp,2,2026-10-17,48,quantile,0.6,320.0
2026-10-03,wk inc covid hosp,2,2026-10-17,48,quantile,0.65,347.0
2026-10-03,wk inc covid hosp,2,2026-10-17,48,quantile,0.7,373.0
2026-10-03,wk inc covid hosp,2,2026-10-17,48,quantile,0.75,401.0
2026-10-03,wk inc covid hosp,2,2026-10-17,48,quantile,0.8,432.0
2026-10-03,wk inc covid hosp,2,2026-10-17,48,quantile,0.85,471.0
2026-10-03,wk inc covid hosp,2,2026-10-17,48,quantile,0.9,525.0
2026-10-03,wk inc covid hosp,2,2026-10-17,48,quantile,0.95,632.0
2026-10-03,wk inc covid hosp,2,2026-10-17,48,quantile,0.975,741.0
2026-10-03,wk inc covid hosp,2,2026-10-17,48,quantile,0.99,855.0
2026-10-03,wk inc covid hosp,2,2026-10-17,49,quantile,0.01,0.0
2026-10-03,wk inc covid hosp,2,2026-10-17,49,quantile,0.025,0.0
2026-10-03,wk inc covid hosp,2,2026-10-17,49,quantile,0.05,1.0
2026-10-03,wk inc covid hosp,2,2026-10-17,49,quantile,0.1,6.0
2026-10-03,wk inc covid hosp,2,2026-10-17,49,quantile,0.15,8.0
2026-10-03,wk inc covid hosp,2,2026-10-17,49,quantile,0.2,10.0
2026-10-03,wk inc covid hosp,2,2026-10-17,49,quantile,0.25,12.0
2026-10-03,wk inc covid hosp,2,2026-10-17,49,quantile,0.3,14.0
2026-10-03,wk inc covid hosp,2,2026-10-17,49,quantile,0.35,15.0
2026-10-03,wk inc covid hosp,2,2026-10-17,49,quantile,0.4,17.0
2026-10-03,wk inc covid hosp,2,2026-10-17,49,quantile,0.45,19.0
2026-10-03,wk inc covid hosp,2,2026-10-17,49,quantile,0.5,20.0
2026-10-03,wk inc covid hosp,2,2026-10-17,49,quantile,0.55,22.0
2026-10-03,wk inc covid hosp,2,2026-10-17,49,quantile,0.6,24.0
2026-10-03,wk inc covid hosp,2,2026-10-17,49,quantile,0.65,26.0
2026-10-03,wk inc covid hosp,2,2026-10-17,49,quantile,0.7,28.0
2026-10-03,wk inc covid hosp,2,2026-10-17,49,quantile,0.75,31.0
2026-10-03,wk inc covid hosp,2,2026-10-17,49,quantile,0.8,33.0
2026-10-03,wk inc covid hosp,2,2026-10-17,49,quantile,0.85,37.0
2026-10-03,wk inc covid hosp,2,2026-10-17,49,quantile,0.9,41.0
2026-10-03,wk inc covid hosp,2,2026-10-17,49,quantile,0.95,48.0
2026-10-03,wk inc covid hosp,2,2026-10-17,49,quantile,0.975,56.0
2026-10-03,wk inc covid hosp,2,2026-10-17,49,quantile,0.99,65.0
2026-10-03,wk inc covid hosp,2,2026-10-17,50,quantile,0.01,0.0
2026-10-03,wk inc covid hosp,2,2026-10-17,50,quantile,0.025,0.0
2026-10-03,wk inc covid hosp,2,2026-10-17,50,quantile,0.05,1.0
2026-10-03,wk inc covid hosp,2,2026-10-17,50,quantile,0.1,3.0
2026-10-03,wk inc covid hosp,2,2026-10-17,50,quantile,0.15,4.0
2026-10-03,wk inc covid hosp,2,2026-10-17,50,quantile,0.2,4.0
2026-10-03,wk inc covid hosp,2,2026-10-17,50,quantile,0.25,5.0
2026-10-03,wk inc covid hosp,2,2026-10-17,50,quantile,0.3,5.0
2026-10-03,wk inc covid hosp,2,2026-10-17,50,quantile,0.35,6.0
2026-10-03,wk inc covid hosp,2,2026-10-17,50,quantile,0.4,7.0
2026-10-03,wk inc covid hosp,2,2026-10-17,50,quantile,0.45,7.0
2026-10-03,wk inc covid hosp,2,2026-10-17,50,quantile,0.5,8.0
2026-10-03,wk inc covid hosp,2,2026-10-17,50,quantile,0.55,9.0
2026-10-03,wk inc covid hosp,2,2026-10-17,50,quantile,0.6,10.0
2026-10-03,wk inc covid hosp,2,2026-10-17,50,quantile,0.65,10.0
2026-10-03,wk inc covid hosp,2,2026-10-17,50,quantile,0.7,11.0
2026-10-03,wk inc covid hosp,2,2026-10-17,50,quantile,0.75,12.0
2026-10-03,wk inc covid hosp,2,2026-10-17,50,quantile,0.8,13.0
2026-10-03,wk inc covid hosp,2,2026-10-17,50,quantile,0.85,15.0
2026-10-03,wk inc covid hosp,2,2026-10-17,50,quantile,0.9,16.0
2026-10-03,wk inc covid hosp,2,2026-10-17,50,quantile,0.95,20.0
2026-10-03,wk inc covid hosp,2,2026-10-17,50,quantile,0.975,23.0
2026-10-03,wk inc covid hosp,2,2026-10-17,50,quantile,0.99,27.0
2026-10-03,wk inc covid hosp,2,2026-10-17,51,quantile,0.01,0.0
2026-10-03,wk inc covid hosp,2,2026-10-17,51,quantile,0.025,0.0
2026-10-03,wk inc covid hosp,2,2026-10-17,51,quantile,0.05,2.0
2026-10-03,wk inc covid hosp,2,2026-10-17,51,quantile,0.1,11.0
2026-10-03,wk inc covid hosp,2,2026-10-17,51,quantile,0.15,17.0
2026-10-03,wk inc covid hosp,2,2026-10-17,51,quantile,0.2,22.0
2026-10-03,wk inc covid hosp,2,2026-10-17,51,quantile,0.25,25.0
2026-10-03,wk inc covid hosp,2,2026-10-17,51,quantile,0.3,29.0
2026-10-03,wk inc covid hosp,2,2026-10-17,51,quantile,0.35,33.0
2026-10-03,wk inc covid hosp,2,2026-10-17,51,quantile,0.4,36.0
2026-10-03,wk inc covid hosp,2,2026-10-17,51,quantile,0.45,40.0
2026-10-03,wk inc covid hosp,2,2026-10-17,51,quantile,0.5,43.0
2026-10-03,wk inc covid hosp,2,2026-10-17,51,quantile,0.55,47.0
2026-10-03,wk inc covid hosp,2,2026-10-17,51,quantile,0.6,51.0
2026-10-03,wk inc covid hosp,2,2026-10-17,51,quantile,0.65,56.0
2026-10-03,wk inc covid hosp,2,2026-10-17,51,quantile,0.7,60.0
2026-10-03,wk inc covid hosp,2,2026-10-17,51,quantile,0.75,66.0
2026-10-03,wk inc covid hosp,2,2026-10-17,51,quantile,0.8,71.0
2026-10-03,wk inc covid hosp,2,2026-10-17,51,quantile,0.85,78.0
2026-10-03,wk inc covid hosp,2,2026-10-17,51,quantile,0.9,88.0
2026-10-03,wk inc covid hosp,2,2026-10-17,51,quantile,0.95,106.0
2026-10-03,wk inc covid hosp,2,2026-10-17,51,quantile,0.975,126.0
2026-10-03,wk inc covid hosp,2,2026-10-17,51,quantile,0.99,138.0
2026-10-03,wk inc covid hosp,2,2026-10-17,53,quantile,0.01,80.0
2026-10-03,wk inc covid hosp,2,2026-10-17,53,quantile,0.025,96.0
2026-10-03,wk inc covid hosp,2,2026-10-17,53,quantile,0.05,107.0
2026-10-03,wk inc covid hosp,2,2026-10-17,53,quantile,0.1,128.0
2026-10-03,wk inc covid hosp,2,2026-10-17,53,quantile,0.15,142.0
2026-10-03,wk inc covid hosp,2,2026-10-17,53,quantile,0.2,153.0
2026-10-03,wk inc covid hosp,2,2026-10-17,53,quantile,0.25,163.0
2026-10-03,wk inc covid hosp,2,2026-10-17,53,quantile,0.3,170.0
2026-10-03,wk inc covid hosp,2,2026-10-17,53,quantile,0.35,180.0
2026-10-03,wk inc covid hosp,2,2026-10-17,53,quantile,0.4,188.0
2026-10-03,wk inc covid hosp,2,2026-10-17,53,quantile,0.45,195.0
2026-10-03,wk inc covid hosp,2,2026-10-17,53,quantile,0.5,204.0
2026-10-03,wk inc covid hosp,2,2026-10-17,53,quantile,0.55,212.0
2026-10-03,wk inc covid hosp,2,2026-10-17,53,quantile,0.6,222.0
2026-10-03,wk inc covid hosp,2,2026-10-17,53,quantile,0.65,233.0
2026-10-03,wk inc covid hosp,2,2026-10-17,53,quantile,0.7,244.0
2026-10-03,wk inc covid hosp,2,2026-10-17,53,quantile,0.75,256.0
2026-10-03,wk inc covid hosp,2,2026-10-17,53,quantile,0.8,269.0
2026-10-03,wk inc covid hosp,2,2026-10-17,53,quantile,0.85,285.0
2026-10-03,wk inc covid hosp,2,2026-10-17,53,quantile,0.9,308.0
2026-10-03,wk inc covid hosp,2,2026-10-17,53,quantile,0.95,351.0
2026-10-03,wk inc covid hosp,2,2026-10-17,53,quantile,0.975,395.0
2026-10-03,wk inc covid hosp,2,2026-10-17,53,quantile,0.99,440.0
2026-10-03,wk inc covid hosp,2,2026-10-17,54,quantile,0.01,3.0
2026-10-03,wk inc covid hosp,2,2026-10-17,54,quantile,0.025,6.0
2026-10-03,wk inc covid hosp,2,2026-10-17,54,quantile,0.05,8.0
2026-10-03,wk inc covid hosp,2,2026-10-17,54,quantile,0.1,12.0
2026-10-03,wk inc covid hosp,2,2026-10-17,54,quantile,0.15,15.0
2026-10-03,wk inc covid hosp,2,2026-10-17,54,quantile,0.2,17.0
2026-10-03,wk inc covid hosp,2,2026-10-17,54,quantile,0.25,19.0
2026-10-03,wk inc covid hosp,2,2026-10-17,54,quantile,0.3,21.0
2026-10-03,wk inc covid hosp,2,2026-10-17,54,quantile,0.35,23.0
2026-10-03,wk inc covid hosp,2,2026-10-17,54,quantile,0.4,24.0
2026-10-03,wk inc covid hosp,2,2026-10-17,54,quantile,0.45,26.0
2026-10-03,wk inc covid hosp,2,2026-10-17,54,quantile,0.5,28.0
2026-10-03,wk inc covid hosp,2,2026-10-17,54,quantile,0.55,31.0
2026-10-03,wk inc covid hosp,2,2026-10-17,54,quantile,0.6,32.0
2026-10-03,wk inc covid hosp,2,2026-10-17,54,quantile,0.65,35.0
2026-10-03,wk inc covid hosp,2,2026-10-17,54,quantile,0.7,37.0
2026-10-03,wk inc covid hosp,2,2026-10-17,54,quantile,0.75,41.0
2026-10-03,wk inc covid hosp,2,2026-10-17,54,quantile,0.8,44.0
2026-10-03,wk inc covid hosp,2,2026-10-17,54,quantile,0.85,48.0
2026-10-03,wk inc covid hosp,2,2026-10-17,54,quantile,0.9,54.0
2026-10-03,wk inc covid hosp,2,2026-10-17,54,quantile,0.95,65.0
2026-10-03,wk inc covid hosp,2,2026-10-17,54,quantile,0.975,78.0
2026-10-03,wk inc covid hosp,2,2026-10-17,54,quantile,0.99,86.0
2026-10-03,wk inc covid hosp,2,2026-10-17,55,quantile,0.01,0.0
2026-10-03,wk inc covid hosp,2,2026-10-17,55,quantile,0.025,0.0
2026-10-03,wk inc covid hosp,2,2026-10-17,55,quantile,0.05,0.0
2026-10-03,wk inc covid hosp,2,2026-10-17,55,quantile,0.1,9.0
2026-10-03,wk inc covid hosp,2,2026-10-17,55,quantile,0.15,14.0
2026-10-03,wk inc covid hosp,2,2026-10-17,55,quantile,0.2,19.0
2026-10-03,wk inc covid hosp,2,2026-10-17,55,quantile,0.25,23.0
2026-10-03,wk inc covid hosp,2,2026-10-17,55,quantile,0.3,26.0
2026-10-03,wk inc covid hosp,2,2026-10-17,55,quantile,0.35,30.0
2026-10-03,wk inc covid hosp,2,2026-10-17,55,quantile,0.4,34.0
2026-10-03,wk inc covid hosp,2,2026-10-17,55,quantile,0.45,37.0
2026-10-03,wk inc covid hosp,2,2026-10-17,55,quantile,0.5,41.0
2026-10-03,wk inc covid hosp,2,2026-10-17,55,quantile,0.55,44.0
2026-10-03,wk inc covid hosp,2,2026-10-17,55,quantile,0.6,49.0
2026-10-03,wk inc covid hosp,2,2026-10-17,55,quantile,0.65,54.0
2026-10-03,wk inc covid hosp,2,2026-10-17,55,quantile,0.7,59.0
2026-10-03,wk inc covid hosp,2,2026-10-17,55,quantile,0.75,64.0
2026-10-03,wk inc covid hosp,2,2026-10-17,55,quantile,0.8,71.0
2026-10-03,wk inc covid hosp,2,2026-10-17,55,quantile,0.85,78.0
2026-10-03,wk inc covid hosp,2,2026-10-17,55,quantile,0.9,88.0
2026-10-03,wk inc covid hosp,2,2026-10-17,55,quantile,0.95,110.0
2026-10-03,wk inc covid hosp,2,2026-10-17,55,quantile,0.975,132.0
2026-10-03,wk inc covid hosp,2,2026-10-17,55,quantile,0.99,155.0
2026-10-03,wk inc covid hosp,2,2026-10-17,56,quantile,0.01,0.0
2026-10-03,wk inc covid hosp,2,2026-10-17,56,quantile,0.025,0.0
2026-10-03,wk inc covid hosp,2,2026-10-17,56,quantile,0.05,0.0
2026-10-03,wk inc covid hosp,2,2026-10-17,56,quantile,0.1,0.0
2026-10-03,wk inc covid hosp,2,2026-10-17,56,quantile,0.15,0.0
2026-10-03,wk inc covid hosp,2,2026-10-17,56,quantile,0.2,1.0
2026-10-03,wk inc covid hosp,2,2026-10-17,56,quantile,0.25,1.0
2026-10-03,wk inc covid hosp,2,2026-10-17,56,quantile,0.3,2.0
2026-10-03,wk inc covid hosp,2,2026-10-17,56,quantile,0.35,2.0
2026-10-03,wk inc covid hosp,2,2026-10-17,56,quantile,0.4,3.0
2026-10-03,wk inc covid hosp,2,2026-10-17,56,quantile,0.45,3.0
2026-10-03,wk inc covid hosp,2,2026-10-17,56,quantile,0.5,4.0
2026-10-03,wk inc covid hosp,2,2026-10-17,56,quantile,0.55,4.0
2026-10-03,wk inc covid hosp,2,2026-10-17,56,quantile,0.6,5.0
2026-10-03,wk inc covid hosp,2,2026-10-17,56,quantile,0.65,5.0
2026-10-03,wk inc covid hosp,2,2026-10-17,56,quantile,0.7,6.0
2026-10-03,wk inc covid hosp,2,2026-10-17,56,quantile,0.75,7.0
2026-10-03,wk inc covid hosp,2,2026-10-17,56,quantile,0.8,7.0
2026-10-03,wk inc covid hosp,2,2026-10-17,56,quantile,0.85,9.0
2026-10-03,wk inc covid hosp,2,2026-10-17,56,quantile,0.9,10.0
2026-10-03,wk inc covid hosp,2,2026-10-17,56,quantile,0.95,13.0
2026-10-03,wk inc covid hosp,2,2026-10-17,56,quantile,0.975,15.0
2026-10-03,wk inc covid hosp,2,2026-10-17,56,quantile,0.99,18.0
2026-10-03,wk inc covid hosp,2,2026-10-17,72,quantile,0.01,0.0
2026-10-03,wk inc covid hosp,2,2026-10-17,72,quantile,0.025,0.0
2026-10-03,wk inc covid hosp,2,2026-10-17,72,quantile,0.05,6.0
2026-10-03,wk inc covid hosp,2,2026-10-17,72,quantile,0.1,16.0
2026-10-03,wk inc covid hosp,2,2026-10-17,72,quantile,0.15,23.0
2026-10-03,wk inc covid hosp,2,2026-10-17,72,quantile,0.2,28.0
2026-10-03,wk inc covid hosp,2,2026-10-17,72,quantile,0.25,33.0
2026-10-03,wk inc covid hosp,2,2026-10-17,72,quantile,0.3,38.0
2026-10-03,wk inc covid hosp,2,2026-10-17,72,quantile,0.35,43.0
2026-10-03,wk inc covid hosp,2,2026-10-17,72,quantile,0.4,49.0
2026-10-03,wk inc covid hosp,2,2026-10-17,72,quantile,0.45,55.0
2026-10-03,wk inc covid hosp,2,2026-10-17,72,quantile,0.5,59.0
2026-10-03,wk inc covid hosp,2,2026-10-17,72,quantile,0.55,67.0
2026-10-03,wk inc covid hosp,2,2026-10-17,72,quantile,0.6,73.0
2026-10-03,wk inc covid hosp,2,2026-10-17,72,quantile,0.65,81.0
2026-10-03,wk inc covid hosp,2,2026-10-17,72,quantile,0.7,89.0
2026-10-03,wk inc covid hosp,2,2026-10-17,72,quantile,0.75,98.0
2026-10-03,wk inc covid hosp,2,2026-10-17,72,quantile,0.8,109.0
2026-10-03,wk inc covid hosp,2,2026-10-17,72,quantile,0.85,123.0
2026-10-03,wk inc covid hosp,2,2026-10-17,72,quantile,0.9,142.0
2026-10-03,wk inc covid hosp,2,2026-10-17,72,quantile,0.95,175.0
2026-10-03,wk inc covid hosp,2,2026-10-17,72,quantile,0.975,216.0
2026-10-03,wk inc covid hosp,2,2026-10-17,72,quantile,0.99,266.0
2026-10-03,wk inc covid hosp,3,2026-10-24,01,quantile,0.01,0.0
2026-10-03,wk inc covid hosp,3,2026-10-24,01,quantile,0.025,7.0
2026-10-03,wk inc covid hosp,3,2026-10-24,01,quantile,0.05,14.0
2026-10-03,wk inc covid hosp,3,2026-10-24,01,quantile,0.1,24.0
2026-10-03,wk inc covid hosp,3,2026-10-24,01,quantile,0.15,33.0
2026-10-03,wk inc covid hosp,3,2026-10-24,01,quantile,0.2,39.0
2026-10-03,wk inc covid hosp,3,2026-10-24,01,quantile,0.25,44.0
2026-10-03,wk inc covid hosp,3,2026-10-24,01,quantile,0.3,50.0
2026-10-03,wk inc covid hosp,3,2026-10-24,01,quantile,0.35,55.0
2026-10-03,wk inc covid hosp,3,2026-10-24,01,quantile,0.4,61.0
2026-10-03,wk inc covid hosp,3,2026-10-24,01,quantile,0.45,67.0
2026-10-03,wk inc covid hosp,3,2026-10-24,01,quantile,0.5,73.0
2026-10-03,wk inc covid hosp,3,2026-10-24,01,quantile,0.55,79.0
2026-10-03,wk inc covid hosp,3,2026-10-24,01,quantile,0.6,85.0
2026-10-03,wk inc covid hosp,3,2026-10-24,01,quantile,0.65,92.0
2026-10-03,wk inc covid hosp,3,2026-10-24,01,quantile,0.7,99.0
2026-10-03,wk inc covid hosp,3,2026-10-24,01,quantile,0.75,107.0
2026-10-03,wk inc covid hosp,3,2026-10-24,01,quantile,0.8,117.0
2026-10-03,wk inc covid hosp,3,2026-10-24,01,quantile,0.85,129.0
2026-10-03,wk inc covid hosp,3,2026-10-24,01,quantile,0.9,146.0
2026-10-03,wk inc covid hosp,3,2026-10-24,01,quantile,0.95,180.0
2026-10-03,wk inc covid hosp,3,2026-10-24,01,quantile,0.975,204.0
2026-10-03,wk inc covid hosp,3,2026-10-24,01,quantile,0.99,242.0
2026-10-03,wk inc covid hosp,3,2026-10-24,02,quantile,0.01,0.0
2026-10-03,wk inc covid hosp,3,2026-10-24,02,quantile,0.025,0.0
2026-10-03,wk inc covid hosp,3,2026-10-24,02,quantile,0.05,0.0
2026-10-03,wk inc covid hosp,3,2026-10-24,02,quantile,0.1,0.0
2026-10-03,wk inc covid hosp,3,2026-10-24,02,quantile,0.15,0.0
2026-10-03,wk inc covid hosp,3,2026-10-24,02,quantile,0.2,0.0
2026-10-03,wk inc covid hosp,3,2026-10-24,02,quantile,0.25,0.0
2026-10-03,wk inc covid hosp,3,2026-10-24,02,quantile,0.3,0.0
2026-10-03,wk inc covid hosp,3,2026-10-24,02,quantile,0.35,0.0
2026-10-03,wk inc covid hosp,3,2026-10-24,02,quantile,0.4,0.0
2026-10-03,wk inc covid hosp,3,2026-10-24,02,quantile,0.45,1.0
2026-10-03,wk inc covid hosp,3,2026-10-24,02,quantile,0.5,1.0
2026-10-03,wk inc covid hosp,3,2026-10-24,02,quantile,0.55,2.0
2026-10-03,wk inc covid hosp,3,2026-10-24,02,quantile,0.6,2.0
2026-10-03,wk inc covid hosp,3,2026-10-24,02,quantile,0.65,3.0
2026-10-03,wk inc covid hosp,3,2026-10-24,02,quantile,0.7,3.0
2026-10-03,wk inc covid hosp,3,2026-10-24,02,quantile,0.75,4.0
2026-10-03,wk inc covid hosp,3,2026-10-24,02,quantile,0.8,5.0
2026-10-03,wk inc covid hosp,3,2026-10-24,02,quantile,0.85,5.0
2026-10-03,wk inc covid hosp,3,2026-10-24,02,quantile,0.9,7.0
2026-10-03,wk inc covid hosp,3,2026-10-24,02,quantile,0.95,9.0
2026-10-03,wk inc covid hosp,3,2026-10-24,02,quantile,0.975,11.0
2026-10-03,wk inc covid hosp,3,2026-10-24,02,quantile,0.99,14.0
2026-10-03,wk inc covid hosp,3,2026-10-24,04,quantile,0.01,0.0
2026-10-03,wk inc covid hosp,3,2026-10-24,04,quantile,0.025,0.0
2026-10-03,wk inc covid hosp,3,2026-10-24,04,quantile,0.05,0.0
2026-10-03,wk inc covid hosp,3,2026-10-24,04,quantile,0.1,0.0
2026-10-03,wk inc covid hosp,3,2026-10-24,04,quantile,0.15,0.0
2026-10-03,wk inc covid hosp,3,2026-10-24,04,quantile,0.2,2.0
2026-10-03,wk inc covid hosp,3,2026-10-24,04,quantile,0.25,7.0
2026-10-03,wk inc covid hosp,3,2026-10-24,04,quantile,0.3,12.0
2026-10-03,wk inc covid hosp,3,2026-10-24,04,quantile,0.35,16.0
2026-10-03,wk inc covid hosp,3,2026-10-24,04,quantile,0.4,22.0
2026-10-03,wk inc covid hosp,3,2026-10-24,04,quantile,0.45,27.0
2026-10-03,wk inc covid hosp,3,2026-10-24,04,quantile,0.5,32.0
2026-10-03,wk inc covid hosp,3,2026-10-24,04,quantile,0.55,38.0
2026-10-03,wk inc covid hosp,3,2026-10-24,04,quantile,0.6,44.0
2026-10-03,wk inc covid hosp,3,2026-10-24,04,quantile,0.65,50.0
2026-10-03,wk inc covid hosp,3,2026-10-24,04,quantile,0.7,56.0
2026-10-03,wk inc covid hosp,3,2026-10-24,04,quantile,0.75,63.0
2026-10-03,wk inc covid hosp,3,2026-10-24,04,quantile,0.8,72.0
2026-10-03,wk inc covid hosp,3,2026-10-24,04,quantile,0.85,83.0
2026-10-03,wk inc covid hosp,3,2026-10-24,04,quantile,0.9,98.0
2026-10-03,wk inc covid hosp,3,2026-10-24,04,quantile,0.95,130.0
2026-10-03,wk inc covid hosp,3,2026-10-24,04,quantile,0.975,150.0
2026-10-03,wk inc covid hosp,3,2026-10-24,04,quantile,0.99,186.0
2026-10-03,wk inc covid hosp,3,2026-10-24,05,quantile,0.01,0.0
2026-10-03,wk inc covid hosp,3,2026-10-24,05,quantile,0.025,0.0
2026-10-03,wk inc covid hosp,3,2026-10-24,05,quantile,0.05,0.0
2026-10-03,wk inc covid hosp,3,2026-10-24,05,quantile,0.1,4.0
2026-10-03,wk inc covid hosp,3,2026-10-24,05,quantile,0.15,7.0
2026-10-03,wk inc covid hosp,3,2026-10-24,05,quantile,0.2,10.0
2026-10-03,wk inc covid hosp,3,2026-10-24,05,quantile,0.25,12.0
2026-10-03,wk inc covid hosp,3,2026-10-24,05,quantile,0.3,15.0
2026-10-03,wk inc covid hosp,3,2026-10-24,05,quantile,0.35,17.0
2026-10-03,wk inc covid hosp,3,2026-10-24,05,quantile,0.4,19.0
2026-10-03,wk inc covid hosp,3,2026-10-24,05,quantile,0.45,22.0
2026-10-03,wk inc covid hosp,3,2026-10-24,05,quantile,0.5,24.0
2026-10-03,wk inc covid hosp,3,2026-10-24,05,quantile,0.55,27.0
2026-10-03,wk inc covid hosp,3,2026-10-24,05,quantile,0.6,30.0
2026-10-03,wk inc covid hosp,3,2026-10-24,05,quantile,0.65,33.0
2026-10-03,wk inc covid hosp,3,2026-10-24,05,quantile,0.7,36.0
2026-10-03,wk inc covid hosp,3,2026-10-24,05,quantile,0.75,39.0
2026-10-03,wk inc covid hosp,3,2026-10-24,05,quantile,0.8,43.0
2026-10-03,wk inc covid hosp,3,2026-10-24,05,quantile,0.85,48.0
2026-10-03,wk inc covid hosp,3,2026-10-24,05,quantile,0.9,55.0
2026-10-03,wk inc covid hosp,3,2026-10-24,05,quantile,0.95,69.0
2026-10-03,wk inc covid hosp,3,2026-10-24,05,quantile,0.975,78.0
2026-10-03,wk inc covid hosp,3,2026-10-24,05,quantile,0.99,94.0
2026-10-03,wk inc covid hosp,3,2026-10-24,06,quantile,0.01,190.0
2026-10-03,wk inc covid hosp,3,2026-10-24,06,quantile,0.025,238.0
2026-10-03,wk inc covid hosp,3,2026-10-24,06,quantile,0.05,294.0
2026-10-03,wk inc covid hosp,3,2026-10-24,06,quantile,0.1,373.0
2026-10-03,wk inc covid hosp,3,2026-10-24,06,quantile,0.15,433.0
2026-10-03,wk inc covid hosp,3,2026-10-24,06,quantile,0.2,473.0
2026-10-03,wk inc covid hosp,3,2026-10-24,06,quantile,0.25,513.0
2026-10-03,wk inc covid hosp,3,2026-10-24,06,quantile,0.3,545.0
2026-10-03,wk inc covid hosp,3,2026-10-24,06,quantile,0.35,575.0
2026-10-03,wk inc covid hosp,3,2026-10-24,06,quantile,0.4,610.0
2026-10-03,wk inc covid hosp,3,2026-10-24,06,quantile,0.45,643.0
2026-10-03,wk inc covid hosp,3,2026-10-24,06,quantile,0.5,683.0
2026-10-03,wk inc covid hosp,3,2026-10-24,06,quantile,0.55,718.0
2026-10-03,wk inc covid hosp,3,2026-10-24,06,quantile,0.6,761.0
2026-10-03,wk inc covid hosp,3,2026-10-24,06,quantile,0.65,802.0
2026-10-03,wk inc covid hosp,3,2026-10-24,06,quantile,0.7,844.0
2026-10-03,wk inc covid hosp,3,2026-10-24,06,quantile,0.75,887.0
2026-10-03,wk inc covid hosp,3,2026-10-24,06,quantile,0.8,941.0
2026-10-03,wk inc covid hosp,3,2026-10-24,06,quantile,0.85,1013.0
2026-10-03,wk inc covid hosp,3,2026-10-24,06,quantile,0.9,1120.0
2026-10-03,wk inc covid hosp,3,2026-10-24,06,quantile,0.95,1301.0
2026-10-03,wk inc covid hosp,3,2026-10-24,06,quantile,0.975,1464.0
2026-10-03,wk inc covid hosp,3,2026-10-24,06,quantile,0.99,1687.0
2026-10-03,wk inc covid hosp,3,2026-10-24,08,quantile,0.01,0.0
2026-10-03,wk inc covid hosp,3,2026-10-24,08,quantile,0.025,0.0
2026-10-03,wk inc covid hosp,3,2026-10-24,08,quantile,0.05,0.0
2026-10-03,wk inc covid hosp,3,2026-10-24,08,quantile,0.1,0.0
2026-10-03,wk inc covid hosp,3,2026-10-24,08,quantile,0.15,4.0
2026-10-03,wk inc covid hosp,3,2026-10-24,08,quantile,0.2,8.0
2026-10-03,wk inc covid hosp,3,2026-10-24,08,quantile,0.25,12.0
2026-10-03,wk inc covid hosp,3,2026-10-24,08,quantile,0.3,16.0
2026-10-03,wk inc covid hosp,3,2026-10-24,08,quantile,0.35,20.0
2026-10-03,wk inc covid hosp,3,2026-10-24,08,quantile,0.4,23.0
2026-10-03,wk inc covid hosp,3,2026-10-24,08,quantile,0.45,27.0
2026-10-03,wk inc covid hosp,3,2026-10-24,08,quantile,0.5,32.0
2026-10-03,wk inc covid hosp,3,2026-10-24,08,quantile,0.55,36.0
2026-10-03,wk inc covid hosp,3,2026-10-24,08,quantile,0.6,40.0
2026-10-03,wk inc covid hosp,3,2026-10-24,08,quantile,0.65,45.0
2026-10-03,wk inc covid hosp,3,2026-10-24,08,quantile,0.7,50.0
2026-10-03,wk inc covid hosp,3,2026-10-24,08,quantile,0.75,55.0
2026-10-03,wk inc covid hosp,3,2026-10-24,08,quantile,0.8,61.0
2026-10-03,wk inc covid hosp,3,2026-10-24,08,quantile,0.85,70.0
2026-10-03,wk inc covid hosp,3,2026-10-24,08,quantile,0.9,81.0
2026-10-03,wk inc covid hosp,3,2026-10-24,08,quantile,0.95,103.0
2026-10-03,wk inc covid hosp,3,2026-10-24,08,quantile,0.975,119.0
2026-10-03,wk inc covid hosp,3,2026-10-24,08,quantile,0.99,142.0
2026-10-03,wk inc covid hosp,3,2026-10-24,09,quantile,0.01,0.0
2026-10-03,wk inc covid hosp,3,2026-10-24,09,quantile,0.025,2.0
2026-10-03,wk inc covid hosp,3,2026-10-24,09,quantile,0.05,6.0
2026-10-03,wk inc covid hosp,3,2026-10-24,09,quantile,0.1,13.0
2026-10-03,wk inc covid hosp,3,2026-10-24,09,quantile,0.15,18.0
2026-10-03,wk inc covid hosp,3,2026-10-24,09,quantile,0.2,22.0
2026-10-03,wk inc covid hosp,3,2026-10-24,09,quantile,0.25,25.0
2026-10-03,wk inc covid hosp,3,2026-10-24,09,quantile,0.3,28.0
2026-10-03,wk inc covid hosp,3,2026-10-24,09,quantile,0.35,32.0
2026-10-03,wk inc covid hosp,3,2026-10-24,09,quantile,0.4,35.0
2026-10-03,wk inc covid hosp,3,2026-10-24,09,quantile,0.45,38.0
2026-10-03,wk inc covid hosp,3,2026-10-24,09,quantile,0.5,42.0
2026-10-03,wk inc covid hosp,3,2026-10-24,09,quantile,0.55,45.0
2026-10-03,wk inc covid hosp,3,2026-10-24,09,quantile,0.6,49.0
2026-10-03,wk inc covid hosp,3,2026-10-24,09,quantile,0.65,53.0
2026-10-03,wk inc covid hosp,3,2026-10-24,09,quantile,0.7,58.0
2026-10-03,wk inc covid hosp,3,2026-10-24,09,quantile,0.75,63.0
2026-10-03,wk inc covid hosp,3,2026-10-24,09,quantile,0.8,69.0
2026-10-03,wk inc covid hosp,3,2026-10-24,09,quantile,0.85,75.0
2026-10-03,wk inc covid hosp,3,2026-10-24,09,quantile,0.9,87.0
2026-10-03,wk inc covid hosp,3,2026-10-24,09,quantile,0.95,107.0
2026-10-03,wk inc covid hosp,3,2026-10-24,09,quantile,0.975,122.0
2026-10-03,wk inc covid hosp,3,2026-10-24,09,quantile,0.99,143.0
2026-10-03,wk inc covid hosp,3,2026-10-24,10,quantile,0.01,0.0
2026-10-03,wk inc covid hosp,3,2026-10-24,10,quantile,0.025,0.0
2026-10-03,wk inc covid hosp,3,2026-10-24,10,quantile,0.05,0.0
2026-10-03,wk inc covid hosp,3,2026-10-24,10,quantile,0.1,3.0
2026-10-03,wk inc covid hosp,3,2026-10-24,10,quantile,0.15,4.0
2026-10-03,wk inc covid hosp,3,2026-10-24,10,quantile,0.2,5.0
2026-10-03,wk inc covid hosp,3,2026-10-24,10,quantile,0.25,6.0
2026-10-03,wk inc covid hosp,3,2026-10-24,10,quantile,0.3,7.0
2026-10-03,wk inc covid hosp,3,2026-10-24,10,quantile,0.35,9.0
2026-10-03,wk inc covid hosp,3,2026-10-24,10,quantile,0.4,10.0
2026-10-03,wk inc covid hosp,3,2026-10-24,10,quantile,0.45,11.0
2026-10-03,wk inc covid hosp,3,2026-10-24,10,quantile,0.5,12.0
2026-10-03,wk inc covid hosp,3,2026-10-24,10,quantile,0.55,13.0
2026-10-03,wk inc covid hosp,3,2026-10-24,10,quantile,0.6,15.0
2026-10-03,wk inc covid hosp,3,2026-10-24,10,quantile,0.65,16.0
2026-10-03,wk inc covid hosp,3,2026-10-24,10,quantile,0.7,18.0
2026-10-03,wk inc covid hosp,3,2026-10-24,10,quantile,0.75,20.0
2026-10-03,wk inc covid hosp,3,2026-10-24,10,quantile,0.8,22.0
2026-10-03,wk inc covid hosp,3,2026-10-24,10,quantile,0.85,24.0
2026-10-03,wk inc covid hosp,3,2026-10-24,10,quantile,0.9,29.0
2026-10-03,wk inc covid hosp,3,2026-10-24,10,quantile,0.95,37.0
2026-10-03,wk inc covid hosp,3,2026-10-24,10,quantile,0.975,43.0
2026-10-03,wk inc covid hosp,3,2026-10-24,10,quantile,0.99,52.0
2026-10-03,wk inc covid hosp,3,2026-10-24,11,quantile,0.01,0.0
2026-10-03,wk inc covid hosp,3,2026-10-24,11,quantile,0.025,0.0
2026-10-03,wk inc covid hosp,3,2026-10-24,11,quantile,0.05,0.0
2026-10-03,wk inc covid hosp,3,2026-10-24,11,quantile,0.1,1.0
2026-10-03,wk inc covid hosp,3,2026-10-24,11,quantile,0.15,2.0
2026-10-03,wk inc covid hosp,3,2026-10-24,11,quantile,0.2,2.0
2026-10-03,wk inc covid hosp,3,2026-10-24,11,quantile,0.25,3.0
2026-10-03,wk inc covid hosp,3,2026-10-24,11,quantile,0.3,4.0
2026-10-03,wk inc covid hosp,3,2026-10-24,11,quantile,0.35,4.0
2026-10-03,wk inc covid hosp,3,2026-10-24,11,quantile,0.4,5.0
2026-10-03,wk inc covid hosp,3,2026-10-24,11,quantile,0.45,6.0
2026-10-03,wk inc covid hosp,3,2026-10-24,11,quantile,0.5,7.0
2026-10-03,wk inc covid hosp,3,2026-10-24,11,quantile,0.55,8.0
2026-10-03,wk inc covid hosp,3,2026-10-24,11,quantile,0.6,8.0
2026-10-03,wk inc covid hosp,3,2026-10-24,11,quantile,0.65,9.0
2026-10-03,wk inc covid hosp,3,2026-10-24,11,quantile,0.7,11.0
2026-10-03,wk inc covid hosp,3,2026-10-24,11,quantile,0.75,12.0
2026-10-03,wk inc covid hosp,3,2026-10-24,11,quantile,0.8,13.0
2026-10-03,wk inc covid hosp,3,2026-10-24,11,quantile,0.85,15.0
2026-10-03,wk inc covid hosp,3,2026-10-24,11,quantile,0.9,18.0
2026-10-03,wk inc covid hosp,3,2026-10-24,11,quantile,0.95,23.0
2026-10-03,wk inc covid hosp,3,2026-10-24,11,quantile,0.975,27.0
2026-10-03,wk inc covid hosp,3,2026-10-24,11,quantile,0.99,34.0
2026-10-03,wk inc covid hosp,3,2026-10-24,12,quantile,0.01,11.0
2026-10-03,wk inc covid hosp,3,2026-10-24,12,quantile,0.025,41.0
2026-10-03,wk inc covid hosp,3,2026-10-24,12,quantile,0.05,71.0
2026-10-03,wk inc covid hosp,3,2026-10-24,12,quantile,0.1,118.0
2026-10-03,wk inc covid hosp,3,2026-10-24,12,quantile,0.15,155.0
2026-10-03,wk inc covid hosp,3,2026-10-24,12,quantile,0.2,184.0
2026-10-03,wk inc covid hosp,3,2026-10-24,12,quantile,0.25,206.0
2026-10-03,wk inc covid hosp,3,2026-10-24,12,quantile,0.3,231.0
2026-10-03,wk inc covid hosp,3,2026-10-24,12,quantile,0.35,257.0
2026-10-03,wk inc covid hosp,3,2026-10-24,12,quantile,0.4,281.0
2026-10-03,wk inc covid hosp,3,2026-10-24,12,quantile,0.45,308.0
2026-10-03,wk inc covid hosp,3,2026-10-24,12,quantile,0.5,338.0
2026-10-03,wk inc covid hosp,3,2026-10-24,12,quantile,0.55,366.0
2026-10-03,wk inc covid hosp,3,2026-10-24,12,quantile,0.6,396.0
2026-10-03,wk inc covid hosp,3,2026-10-24,12,quantile,0.65,426.0
2026-10-03,wk inc covid hosp,3,2026-10-24,12,quantile,0.7,454.0
2026-10-03,wk inc covid hosp,3,2026-10-24,12,quantile,0.75,489.0
2026-10-03,wk inc covid hosp,3,2026-10-24,12,quantile,0.8,535.0
2026-10-03,wk inc covid hosp,3,2026-10-24,12,quantile,0.85,591.0
2026-10-03,wk inc covid hosp,3,2026-10-24,12,quantile,0.9,661.0
2026-10-03,wk inc covid hosp,3,2026-10-24,12,quantile,0.95,819.0
2026-10-03,wk inc covid hosp,3,2026-10-24,12,quantile,0.975,923.0
2026-10-03,wk inc covid hosp,3,2026-10-24,12,quantile,0.99,1098.0
2026-10-03,wk inc covid hosp,3,2026-10-24,13,quantile,0.01,0.0
2026-10-03,wk inc covid hosp,3,2026-10-24,13,quantile,0.025,0.0
2026-10-03,wk inc covid hosp,3,2026-10-24,13,quantile,0.05,0.0
2026-10-03,wk inc covid hosp,3,2026-10-24,13,quantile,0.1,0.0
2026-10-03,wk inc covid hosp,3,2026-10-24,13,quantile,0.15,7.0
2026-10-03,wk inc covid hosp,3,2026-10-24,13,quantile,0.2,16.0
2026-10-03,wk inc covid hosp,3,2026-10-24,13,quantile,0.25,24.0
2026-10-03,wk inc covid hosp,3,2026-10-24,13,quantile,0.3,30.0
2026-10-03,wk inc covid hosp,3,2026-10-24,13,quantile,0.35,36.0
2026-10-03,wk inc covid hosp,3,2026-10-24,13,quantile,0.4,44.0
2026-10-03,wk inc covid hosp,3,2026-10-24,13,quantile,0.45,50.0
2026-10-03,wk inc covid hosp,3,2026-10-24,13,quantile,0.5,59.0
2026-10-03,wk inc covid hosp,3,2026-10-24,13,quantile,0.55,68.0
2026-10-03,wk inc covid hosp,3,2026-10-24,13,quantile,0.6,75.0
2026-10-03,wk inc covid hosp,3,2026-10-24,13,quantile,0.65,85.0
2026-10-03,wk inc covid hosp,3,2026-10-24,13,quantile,0.7,94.0
2026-10-03,wk inc covid hosp,3,2026-10-24,13,quantile,0.75,104.0
2026-10-03,wk inc covid hosp,3,2026-10-24,13,quantile,0.8,117.0
2026-10-03,wk inc covid hosp,3,2026-10-24,13,quantile,0.85,133.0
2026-10-03,wk inc covid hosp,3,2026-10-24,13,quantile,0.9,162.0
2026-10-03,wk inc covid hosp,3,2026-10-24,13,quantile,0.95,206.0
2026-10-03,wk inc covid hosp,3,2026-10-24,13,quantile,0.975,243.0
2026-10-03,wk inc covid hosp,3,2026-10-24,13,quantile,0.99,308.0
2026-10-03,wk inc covid hosp,3,2026-10-24,15,quantile,0.01,0.0
2026-10-03,wk inc covid hosp,3,2026-10-24,15,quantile,0.025,2.0
2026-10-03,wk inc covid hosp,3,2026-10-24,15,quantile,0.05,4.0
2026-10-03,wk inc covid hosp,3,2026-10-24,15,quantile,0.1,9.0
2026-10-03,wk inc covid hosp,3,2026-10-24,15,quantile,0.15,12.0
2026-10-03,wk inc covid hosp,3,2026-10-24,15,quantile,0.2,15.0
2026-10-03,wk inc covid hosp,3,2026-10-24,15,quantile,0.25,17.0
2026-10-03,wk inc covid hosp,3,2026-10-24,15,quantile,0.3,19.0
2026-10-03,wk inc covid hosp,3,2026-10-24,15,quantile,0.35,22.0
2026-10-03,wk inc covid hosp,3,2026-10-24,15,quantile,0.4,25.0
2026-10-03,wk inc covid hosp,3,2026-10-24,15,quantile,0.45,27.0
2026-10-03,wk inc covid hosp,3,2026-10-24,15,quantile,0.5,30.0
2026-10-03,wk inc covid hosp,3,2026-10-24,15,quantile,0.55,33.0
2026-10-03,wk inc covid hosp,3,2026-10-24,15,quantile,0.6,36.0
2026-10-03,wk inc covid hosp,3,2026-10-24,15,quantile,0.65,40.0
2026-10-03,wk inc covid hosp,3,2026-10-24,15,quantile,0.7,45.0
2026-10-03,wk inc covid hosp,3,2026-10-24,15,quantile,0.75,48.0
2026-10-03,wk inc covid hosp,3,2026-10-24,15,quantile,0.8,54.0
2026-10-03,wk inc covid hosp,3,2026-10-24,15,quantile,0.85,60.0
2026-10-03,wk inc covid hosp,3,2026-10-24,15,quantile,0.9,71.0
2026-10-03,wk inc covid hosp,3,2026-10-24,15,quantile,0.95,92.0
2026-10-03,wk inc covid hosp,3,2026-10-24,15,quantile,0.975,109.0
2026-10-03,wk inc covid hosp,3,2026-10-24,15,quantile,0.99,134.0
2026-10-03,wk inc covid hosp,3,2026-10-24,16,quantile,0.01,0.0
2026-10-03,wk inc covid hosp,3,2026-10-24,16,quantile,0.025,0.0
2026-10-03,wk inc covid hosp,3,2026-10-24,16,quantile,0.05,0.0
2026-10-03,wk inc covid hosp,3,2026-10-24,16,quantile,0.1,3.0
2026-10-03,wk inc covid hosp,3,2026-10-24,16,quantile,0.15,5.0
2026-10-03,wk inc covid hosp,3,2026-10-24,16,quantile,0.2,6.0
2026-10-03,wk inc covid hosp,3,2026-10-24,16,quantile,0.25,8.0
2026-10-03,wk inc covid hosp,3,2026-10-24,16,quantile,0.3,9.0
2026-10-03,wk inc covid hosp,3,2026-10-24,16,quantile,0.35,11.0
2026-10-03,wk inc covid hosp,3,2026-10-24,16,quantile,0.4,12.0
2026-10-03,wk inc covid hosp,3,2026-10-24,16,quantile,0.45,14.0
2026-10-03,wk inc covid hosp,3,2026-10-24,16,quantile,0.5,15.0
2026-10-03,wk inc covid hosp,3,2026-10-24,16,quantile,0.55,17.0
2026-10-03,wk inc covid hosp,3,2026-10-24,16,quantile,0.6,19.0
2026-10-03,wk inc covid hosp,3,2026-10-24,16,quantile,0.65,20.0
2026-10-03,wk inc covid hosp,3,2026-10-24,16,quantile,0.7,23.0
2026-10-03,wk inc covid hosp,3,2026-10-24,16,quantile,0.75,24.0
2026-10-03,wk inc covid hosp,3,2026-10-24,16,quantile,0.8,27.0
2026-10-03,wk inc covid hosp,3,2026-10-24,16,quantile,0.85,30.0
2026-10-03,wk inc covid hosp,3,2026-10-24,16,quantile,0.9,35.0
2026-10-03,wk inc covid hosp,3,2026-10-24,16,quantile,0.95,44.0
2026-10-03,wk inc covid hosp,3,2026-10-24,16,quantile,0.975,52.0
2026-10-03,wk inc covid hosp,3,2026-10-24,16,quantile,0.99,60.0
2026-10-03,wk inc covid hosp,3,2026-10-24,17,quantile,0.01,0.0
2026-10-03,wk inc covid hosp,3,2026-10-24,17,quantile,0.025,0.0
2026-10-03,wk inc covid hosp,3,2026-10-24,17,quantile,0.05,4.0
2026-10-03,wk inc covid hosp,3,2026-10-24,17,quantile,0.1,21.0
2026-10-03,wk inc covid hosp,3,2026-10-24,17,quantile,0.15,34.0
2026-10-03,wk inc covid hosp,3,2026-10-24,17,quantile,0.2,44.0
2026-10-03,wk inc covid hosp,3,2026-10-24,17,quantile,0.25,53.0
2026-10-03,wk inc covid hosp,3,2026-10-24,17,quantile,0.3,60.0
2026-10-03,wk inc covid hosp,3,2026-10-24,17,quantile,0.35,66.0
2026-10-03,wk inc covid hosp,3,2026-10-24,17,quantile,0.4,75.0
2026-10-03,wk inc covid hosp,3,2026-10-24,17,quantile,0.45,82.0
2026-10-03,wk inc covid hosp,3,2026-10-24,17,quantile,0.5,92.0
2026-10-03,wk inc covid hosp,3,2026-10-24,17,quantile,0.55,100.0
2026-10-03,wk inc covid hosp,3,2026-10-24,17,quantile,0.6,109.0
2026-10-03,wk inc covid hosp,3,2026-10-24,17,quantile,0.65,119.0
2026-10-03,wk inc covid hosp,3,2026-10-24,17,quantile,0.7,129.0
2026-10-03,wk inc covid hosp,3,2026-10-24,17,quantile,0.75,139.0
2026-10-03,wk inc covid hosp,3,2026-10-24,17,quantile,0.8,152.0
2026-10-03,wk inc covid hosp,3,2026-10-24,17,quantile,0.85,170.0
2026-10-03,wk inc covid hosp,3,2026-10-24,17,quantile,0.9,195.0
2026-10-03,wk inc covid hosp,3,2026-10-24,17,quantile,0.95,239.0
2026-10-03,wk inc covid hosp,3,2026-10-24,17,quantile,0.975,277.0
2026-10-03,wk inc covid hosp,3,2026-10-24,17,quantile,0.99,335.0
2026-10-03,wk inc covid hosp,3,2026-10-24,18,quantile,0.01,0.0
2026-10-03,wk inc covid hosp,3,2026-10-24,18,quantile,0.025,0.0
2026-10-03,wk inc covid hosp,3,2026-10-24,18,quantile,0.05,0.0
2026-10-03,wk inc covid hosp,3,2026-10-24,18,quantile,0.1,1.0
2026-10-03,wk inc covid hosp,3,2026-10-24,18,quantile,0.15,8.0
2026-10-03,wk inc covid hosp,3,2026-10-24,18,quantile,0.2,13.0
2026-10-03,wk inc covid hosp,3,2026-10-24,18,quantile,0.25,17.0
2026-10-03,wk inc covid hosp,3,2026-10-24,18,quantile,0.3,22.0
2026-10-03,wk inc covid hosp,3,2026-10-24,18,quantile,0.35,27.0
2026-10-03,wk inc covid hosp,3,2026-10-24,18,quantile,0.4,32.0
2026-10-03,wk inc covid hosp,3,2026-10-24,18,quantile,0.45,37.0
2026-10-03,wk inc covid hosp,3,2026-10-24,18,quantile,0.5,42.0
2026-10-03,wk inc covid hosp,3,2026-10-24,18,quantile,0.55,48.0
2026-10-03,wk inc covid hosp,3,2026-10-24,18,quantile,0.6,53.0
2026-10-03,wk inc covid hosp,3,2026-10-24,18,quantile,0.65,59.0
2026-10-03,wk inc covid hosp,3,2026-10-24,18,quantile,0.7,64.0
2026-10-03,wk inc covid hosp,3,2026-10-24,18,quantile,0.75,70.0
2026-10-03,wk inc covid hosp,3,2026-10-24,18,quantile,0.8,79.0
2026-10-03,wk inc covid hosp,3,2026-10-24,18,quantile,0.85,89.0
2026-10-03,wk inc covid hosp,3,2026-10-24,18,quantile,0.9,102.0
2026-10-03,wk inc covid hosp,3,2026-10-24,18,quantile,0.95,131.0
2026-10-03,wk inc covid hosp,3,2026-10-24,18,quantile,0.975,149.0
2026-10-03,wk inc covid hosp,3,2026-10-24,18,quantile,0.99,180.0
2026-10-03,wk inc covid hosp,3,2026-10-24,19,quantile,0.01,0.0
2026-10-03,wk inc covid hosp,3,2026-10-24,19,quantile,0.025,0.0
2026-10-03,wk inc covid hosp,3,2026-10-24,19,quantile,0.05,0.0
2026-10-03,wk inc covid hosp,3,2026-10-24,19,quantile,0.1,0.0
2026-10-03,wk inc covid hosp,3,2026-10-24,19,quantile,0.15,3.0
2026-10-03,wk inc covid hosp,3,2026-10-24,19,quantile,0.2,5.0
2026-10-03,wk inc covid hosp,3,2026-10-24,19,quantile,0.25,7.0
2026-10-03,wk inc covid hosp,3,2026-10-24,19,quantile,0.3,9.0
2026-10-03,wk inc covid hosp,3,2026-10-24,19,quantile,0.35,11.0
2026-10-03,wk inc covid hosp,3,2026-10-24,19,quantile,0.4,13.0
2026-10-03,wk inc covid hosp,3,2026-10-24,19,quantile,0.45,15.0
2026-10-03,wk inc covid hosp,3,2026-10-24,19,quantile,0.5,17.0
2026-10-03,wk inc covid hosp,3,2026-10-24,19,quantile,0.55,19.0
2026-10-03,wk inc covid hosp,3,2026-10-24,19,quantile,0.6,21.0
2026-10-03,wk inc covid hosp,3,2026-10-24,19,quantile,0.65,23.0
2026-10-03,wk inc covid hosp,3,2026-10-24,19,quantile,0.7,26.0
2026-10-03,wk inc covid hosp,3,2026-10-24,19,quantile,0.75,29.0
2026-10-03,wk inc covid hosp,3,2026-10-24,19,quantile,0.8,32.0
2026-10-03,wk inc covid hosp,3,2026-10-24,19,quantile,0.85,36.0
2026-10-03,wk inc covid hosp,3,2026-10-24,19,quantile,0.9,42.0
2026-10-03,wk inc covid hosp,3,2026-10-24,19,quantile,0.95,54.0
2026-10-03,wk inc covid hosp,3,2026-10-24,19,quantile,0.975,63.0
2026-10-03,wk inc covid hosp,3,2026-10-24,19,quantile,0.99,74.0
2026-10-03,wk inc covid hosp,3,2026-10-24,20,quantile,0.01,0.0
2026-10-03,wk inc covid hosp,3,2026-10-24,20,quantile,0.025,0.0
2026-10-03,wk inc covid hosp,3,2026-10-24,20,quantile,0.05,0.0
2026-10-03,wk inc covid hosp,3,2026-10-24,20,quantile,0.1,0.0
2026-10-03,wk inc covid hosp,3,2026-10-24,20,quantile,0.15,0.0
2026-10-03,wk inc covid hosp,3,2026-10-24,20,quantile,0.2,0.0
2026-10-03,wk inc covid hosp,3,2026-10-24,20,quantile,0.25,0.0
2026-10-03,wk inc covid hosp,3,2026-10-24,20,quantile,0.3,0.0
2026-10-03,wk inc covid hosp,3,2026-10-24,20,quantile,0.35,2.0
2026-10-03,wk inc covid hosp,3,2026-10-24,20,quantile,0.4,3.0
2026-10-03,wk inc covid hosp,3,2026-10-24,20,quantile,0.45,5.0
2026-10-03,wk inc covid hosp,3,2026-10-24,20,quantile,0.5,6.0
2026-10-03,wk inc covid hosp,3,2026-10-24,20,quantile,0.55,8.0
2026-10-03,wk inc covid hosp,3,2026-10-24,20,quantile,0.6,9.0
2026-10-03,wk inc covid hosp,3,2026-10-24,20,quantile,0.65,11.0
2026-10-03,wk inc covid hosp,3,2026-10-24,20,quantile,0.7,13.0
2026-10-03,wk inc covid hosp,3,2026-10-24,20,quantile,0.75,15.0
2026-10-03,wk inc covid hosp,3,2026-10-24,20,quantile,0.8,17.0
2026-10-03,wk inc covid hosp,3,2026-10-24,20,quantile,0.85,20.0
2026-10-03,wk inc covid hosp,3,2026-10-24,20,quantile,0.9,25.0
2026-10-03,wk inc covid hosp,3,2026-10-24,20,quantile,0.95,33.0
2026-10-03,wk inc covid hosp,3,2026-10-24,20,quantile,0.975,41.0
2026-10-03,wk inc covid hosp,3,2026-10-24,20,quantile,0.99,48.0
2026-10-03,wk inc covid hosp,3,2026-10-24,21,quantile,0.01,0.0
2026-10-03,wk inc covid hosp,3,2026-10-24,21,quantile,0.025,0.0
2026-10-03,wk inc covid hosp,3,2026-10-24,21,quantile,0.05,0.0
2026-10-03,wk inc covid hosp,3,2026-10-24,21,quantile,0.1,0.0
2026-10-03,wk inc covid hosp,3,2026-10-24,21,quantile,0.15,0.0
2026-10-03,wk inc covid hosp,3,2026-10-24,21,quantile,0.2,0.0
2026-10-03,wk inc covid hosp,3,2026-10-24,21,quantile,0.25,2.0
2026-10-03,wk inc covid hosp,3,2026-10-24,21,quantile,0.3,4.0
2026-10-03,wk inc covid hosp,3,2026-10-24,21,quantile,0.35,7.0
2026-10-03,wk inc covid hosp,3,2026-10-24,21,quantile,0.4,10.0
2026-10-03,wk inc covid hosp,3,2026-10-24,21,quantile,0.45,12.0
2026-10-03,wk inc covid hosp,3,2026-10-24,21,quantile,0.5,15.0
2026-10-03,wk inc covid hosp,3,2026-10-24,21,quantile,0.55,18.0
2026-10-03,wk inc covid hosp,3,2026-10-24,21,quantile,0.6,21.0
2026-10-03,wk inc covid hosp,3,2026-10-24,21,quantile,0.65,24.0
2026-10-03,wk inc covid hosp,3,2026-10-24,21,quantile,0.7,28.0
2026-10-03,wk inc covid hosp,3,2026-10-24,21,quantile,0.75,31.0
2026-10-03,wk inc covid hosp,3,2026-10-24,21,quantile,0.8,36.0
2026-10-03,wk inc covid hosp,3,2026-10-24,21,quantile,0.85,41.0
2026-10-03,wk inc covid hosp,3,2026-10-24,21,quantile,0.9,50.0
2026-10-03,wk inc covid hosp,3,2026-10-24,21,quantile,0.95,65.0
2026-10-03,wk inc covid hosp,3,2026-10-24,21,quantile,0.975,79.0
2026-10-03,wk inc covid hosp,3,2026-10-24,21,quantile,0.99,93.0
2026-10-03,wk inc covid hosp,3,2026-10-24,22,quantile,0.01,3.0
2026-10-03,wk inc covid hosp,3,2026-10-24,22,quantile,0.025,9.0
2026-10-03,wk inc covid hosp,3,2026-10-24,22,quantile,0.05,16.0
2026-10-03,wk inc covid hosp,3,2026-10-24,22,quantile,0.1,25.0
2026-10-03,wk inc covid hosp,3,2026-10-24,22,quantile,0.15,33.0
2026-10-03,wk inc covid hosp,3,2026-10-24,22,quantile,0.2,38.0
2026-10-03,wk inc covid hosp,3,2026-10-24,22,quantile,0.25,43.0
2026-10-03,wk inc covid hosp,3,2026-10-24,22,quantile,0.3,48.0
2026-10-03,wk inc covid hosp,3,2026-10-24,22,quantile,0.35,53.0
2026-10-03,wk inc covid hosp,3,2026-10-24,22,quantile,0.4,57.0
2026-10-03,wk inc covid hosp,3,2026-10-24,22,quantile,0.45,63.0
2026-10-03,wk inc covid hosp,3,2026-10-24,22,quantile,0.5,68.0
2026-10-03,wk inc covid hosp,3,2026-10-24,22,quantile,0.55,74.0
2026-10-03,wk inc covid hosp,3,2026-10-24,22,quantile,0.6,80.0
2026-10-03,wk inc covid hosp,3,2026-10-24,22,quantile,0.65,85.0
2026-10-03,wk inc covid hosp,3,2026-10-24,22,quantile,0.7,91.0
2026-10-03,wk inc covid hosp,3,2026-10-24,22,quantile,0.75,98.0
2026-10-03,wk inc covid hosp,3,2026-10-24,22,quantile,0.8,107.0
2026-10-03,wk inc covid hosp,3,2026-10-24,22,quantile,0.85,117.0
2026-10-03,wk inc covid hosp,3,2026-10-24,22,quantile,0.9,131.0
2026-10-03,wk inc covid hosp,3,2026-10-24,22,quantile,0.95,160.0
2026-10-03,wk inc covid hosp,3,2026-10-24,22,quantile,0.975,179.0
2026-10-03,wk inc covid hosp,3,2026-10-24,22,quantile,0.99,212.0
2026-10-03,wk inc covid hosp,3,2026-10-24,23,quantile,0.01,0.0
2026-10-03,wk inc covid hosp,3,2026-10-24,23,quantile,0.025,0.0
2026-10-03,wk inc covid hosp,3,2026-10-24,23,quantile,0.05,0.0
2026-10-03,wk inc covid hosp,3,2026-10-24,23,quantile,0.1,0.0
2026-10-03,wk inc covid hosp,3,2026-10-24,23,quantile,0.15,1.0
2026-10-03,wk inc covid hosp,3,2026-10-24,23,quantile,0.2,2.0
2026-10-03,wk inc covid hosp,3,2026-10-24,23,quantile,0.25,3.0
2026-10-03,wk inc covid hosp,3,2026-10-24,23,quantile,0.3,4.0
2026-10-03,wk inc covid hosp,3,2026-10-24,23,quantile,0.35,5.0
2026-10-03,wk inc covid hosp,3,2026-10-24,23,quantile,0.4,6.0
2026-10-03,wk inc covid hosp,3,2026-10-24,23,quantile,0.45,7.0
2026-10-03,wk inc covid hosp,3,2026-10-24,23,quantile,0.5,8.0
2026-10-03,wk inc covid hosp,3,2026-10-24,23,quantile,0.55,9.0
2026-10-03,wk inc covid hosp,3,2026-10-24,23,quantile,0.6,9.0
2026-10-03,wk inc covid hosp,3,2026-10-24,23,quantile,0.65,11.0
2026-10-03,wk inc covid hosp,3,2026-10-24,23,quantile,0.7,12.0
2026-10-03,wk inc covid hosp,3,2026-10-24,23,quantile,0.75,13.0
2026-10-03,wk inc covid hosp,3,2026-10-24,23,quantile,0.8,15.0
2026-10-03,wk inc covid hosp,3,2026-10-24,23,quantile,0.85,16.0
2026-10-03,wk inc covid hosp,3,2026-10-24,23,quantile,0.9,19.0
2026-10-03,wk inc covid hosp,3,2026-10-24,23,quantile,0.95,25.0
2026-10-03,wk inc covid hosp,3,2026-10-24,23,quantile,0.975,28.0
2026-10-03,wk inc covid hosp,3,2026-10-24,23,quantile,0.99,34.0
2026-10-03,wk inc covid hosp,3,2026-10-24,24,quantile,0.01,0.0
2026-10-03,wk inc covid hosp,3,2026-10-24,24,quantile,0.025,0.0
2026-10-03,wk inc covid hosp,3,2026-10-24,24,quantile,0.05,0.0
2026-10-03,wk inc covid hosp,3,2026-10-24,24,quantile,0.1,7.0
2026-10-03,wk inc covid hosp,3,2026-10-24,24,quantile,0.15,13.0
2026-10-03,wk inc covid hosp,3,2026-10-24,24,quantile,0.2,18.0
2026-10-03,wk inc covid hosp,3,2026-10-24,24,quantile,0.25,21.0
2026-10-03,wk inc covid hosp,3,2026-10-24,24,quantile,0.3,26.0
2026-10-03,wk inc covid hosp,3,2026-10-24,24,quantile,0.35,30.0
2026-10-03,wk inc covid hosp,3,2026-10-24,24,quantile,0.4,34.0
2026-10-03,wk inc covid hosp,3,2026-10-24,24,quantile,0.45,38.0
2026-10-03,wk inc covid hosp,3,2026-10-24,24,quantile,0.5,43.0
2026-10-03,wk inc covid hosp,3,2026-10-24,24,quantile,0.55,47.0
2026-10-03,wk inc covid hosp,3,2026-10-24,24,quantile,0.6,51.0
2026-10-03,wk inc covid hosp,3,2026-10-24,24,quantile,0.65,56.0
2026-10-03,wk inc covid hosp,3,2026-10-24,24,quantile,0.7,60.0
2026-10-03,wk inc covid hosp,3,2026-10-24,24,quantile,0.75,66.0
2026-10-03,wk inc covid hosp,3,2026-10-24,24,quantile,0.8,72.0
2026-10-03,wk inc covid hosp,3,2026-10-24,24,quantile,0.85,81.0
2026-10-03,wk inc covid hosp,3,2026-10-24,24,quantile,0.9,91.0
2026-10-03,wk inc covid hosp,3,2026-10-24,24,quantile,0.95,114.0
2026-10-03,wk inc covid hosp,3,2026-10-24,24,quantile,0.975,129.0
2026-10-03,wk inc covid hosp,3,2026-10-24,24,quantile,0.99,152.0
2026-10-03,wk inc covid hosp,3,2026-10-24,25,quantile,0.01,0.0
2026-10-03,wk inc covid hosp,3,2026-10-24,25,quantile,0.025,0.0
2026-10-03,wk inc covid hosp,3,2026-10-24,25,quantile,0.05,0.0
2026-10-03,wk inc covid hosp,3,2026-10-24,25,quantile,0.1,8.0
2026-10-03,wk inc covid hosp,3,2026-10-24,25,quantile,0.15,16.0
2026-10-03,wk inc covid hosp,3,2026-10-24,25,quantile,0.2,23.0
2026-10-03,wk inc covid hosp,3,2026-10-24,25,quantile,0.25,29.0
2026-10-03,wk inc covid hosp,3,2026-10-24,25,quantile,0.3,34.0
2026-10-03,wk inc covid hosp,3,2026-10-24,25,quantile,0.35,39.0
2026-10-03,wk inc covid hosp,3,2026-10-24,25,quantile,0.4,45.0
2026-10-03,wk inc covid hosp,3,2026-10-24,25,quantile,0.45,50.0
2026-10-03,wk inc covid hosp,3,2026-10-24,25,quantile,0.5,57.0
2026-10-03,wk inc covid hosp,3,2026-10-24,25,quantile,0.55,63.0
2026-10-03,wk inc covid hosp,3,2026-10-24,25,quantile,0.6,70.0
2026-10-03,wk inc covid hosp,3,2026-10-24,25,quantile,0.65,77.0
2026-10-03,wk inc covid hosp,3,2026-10-24,25,quantile,0.7,85.0
2026-10-03,wk inc covid hosp,3,2026-10-24,25,quantile,0.75,93.0
2026-10-03,wk inc covid hosp,3,2026-10-24,25,quantile,0.8,103.0
2026-10-03,wk inc covid hosp,3,2026-10-24,25,quantile,0.85,116.0
2026-10-03,wk inc covid hosp,3,2026-10-24,25,quantile,0.9,137.0
2026-10-03,wk inc covid hosp,3,2026-10-24,25,quantile,0.95,173.0
2026-10-03,wk inc covid hosp,3,2026-10-24,25,quantile,0.975,207.0
2026-10-03,wk inc covid hosp,3,2026-10-24,25,quantile,0.99,258.0
2026-10-03,wk inc covid hosp,3,2026-10-24,26,quantile,0.01,0.0
2026-10-03,wk inc covid hosp,3,2026-10-24,26,quantile,0.025,0.0
2026-10-03,wk inc covid hosp,3,2026-10-24,26,quantile,0.05,0.0
2026-10-03,wk inc covid hosp,3,2026-10-24,26,quantile,0.1,0.0
2026-10-03,wk inc covid hosp,3,2026-10-24,26,quantile,0.15,0.0
2026-10-03,wk inc covid hosp,3,2026-10-24,26,quantile,0.2,6.0
2026-10-03,wk inc covid hosp,3,2026-10-24,26,quantile,0.25,13.0
2026-10-03,wk inc covid hosp,3,2026-10-24,26,quantile,0.3,20.0
2026-10-03,wk inc covid hosp,3,2026-10-24,26,quantile,0.35,25.0
2026-10-03,wk inc covid hosp,3,2026-10-24,26,quantile,0.4,34.0
2026-10-03,wk inc covid hosp,3,2026-10-24,26,quantile,0.45,41.0
2026-10-03,wk inc covid hosp,3,2026-10-24,26,quantile,0.5,50.0
2026-10-03,wk inc covid hosp,3,2026-10-24,26,quantile,0.55,59.0
2026-10-03,wk inc covid hosp,3,2026-10-24,26,quantile,0.6,66.0
2026-10-03,wk inc covid hosp,3,2026-10-24,26,quantile,0.65,77.0
2026-10-03,wk inc covid hosp,3,2026-10-24,26,quantile,0.7,86.0
2026-10-03,wk inc covid hosp,3,2026-10-24,26,quantile,0.75,97.0
2026-10-03,wk inc covid hosp,3,2026-10-24,26,quantile,0.8,110.0
2026-10-03,wk inc covid hosp,3,2026-10-24,26,quantile,0.85,127.0
2026-10-03,wk inc covid hosp,3,2026-10-24,26,quantile,0.9,160.0
2026-10-03,wk inc covid hosp,3,2026-10-24,26,quantile,0.95,211.0
2026-10-03,wk inc covid hosp,3,2026-10-24,26,quantile,0.975,256.0
2026-10-03,wk inc covid hosp,3,2026-10-24,26,quantile,0.99,329.0
2026-10-03,wk inc covid hosp,3,2026-10-24,27,quantile,0.01,0.0
2026-10-03,wk inc covid hosp,3,2026-10-24,27,quantile,0.025,0.0
2026-10-03,wk inc covid hosp,3,2026-10-24,27,quantile,0.05,0.0
2026-10-03,wk inc covid hosp,3,2026-10-24,27,quantile,0.1,0.0
2026-10-03,wk inc covid hosp,3,2026-10-24,27,quantile,0.15,5.0
2026-10-03,wk inc covid hosp,3,2026-10-24,27,quantile,0.2,9.0
2026-10-03,wk inc covid hosp,3,2026-10-24,27,quantile,0.25,12.0
2026-10-03,wk inc covid hosp,3,2026-10-24,27,quantile,0.3,15.0
2026-10-03,wk inc covid hosp,3,2026-10-24,27,quantile,0.35,18.0
2026-10-03,wk inc covid hosp,3,2026-10-24,27,quantile,0.4,22.0
2026-10-03,wk inc covid hosp,3,2026-10-24,27,quantile,0.45,25.0
2026-10-03,wk inc covid hosp,3,2026-10-24,27,quantile,0.5,29.0
2026-10-03,wk inc covid hosp,3,2026-10-24,27,quantile,0.55,32.0
2026-10-03,wk inc covid hosp,3,2026-10-24,27,quantile,0.6,36.0
2026-10-03,wk inc covid hosp,3,2026-10-24,27,quantile,0.65,40.0
2026-10-03,wk inc covid hosp,3,2026-10-24,27,quantile,0.7,43.0
2026-10-03,wk inc covid hosp,3,2026-10-24,27,quantile,0.75,47.0
2026-10-03,wk inc covid hosp,3,2026-10-24,27,quantile,0.8,53.0
2026-10-03,wk inc covid hosp,3,2026-10-24,27,quantile,0.85,59.0
2026-10-03,wk inc covid hosp,3,2026-10-24,27,quantile,0.9,68.0
2026-10-03,wk inc covid hosp,3,2026-10-24,27,quantile,0.95,85.0
2026-10-03,wk inc covid hosp,3,2026-10-24,27,quantile,0.975,97.0
2026-10-03,wk inc covid hosp,3,2026-10-24,27,quantile,0.99,116.0
2026-10-03,wk inc covid hosp,3,2026-10-24,28,quantile,0.01,0.0
2026-10-03,wk inc covid hosp,3,2026-10-24,28,quantile,0.025,0.0
2026-10-03,wk inc covid hosp,3,2026-10-24,28,quantile,0.05,0.0
2026-10-03,wk inc covid hosp,3,2026-10-24,28,quantile,0.1,1.0
2026-10-03,wk inc covid hosp,3,2026-10-24,28,quantile,0.15,4.0
2026-10-03,wk inc covid hosp,3,2026-10-24,28,quantile,0.2,6.0
2026-10-03,wk inc covid hosp,3,2026-10-24,28,quantile,0.25,8.0
2026-10-03,wk inc covid hosp,3,2026-10-24,28,quantile,0.3,11.0
2026-10-03,wk inc covid hosp,3,2026-10-24,28,quantile,0.35,13.0
2026-10-03,wk inc covid hosp,3,2026-10-24,28,quantile,0.4,15.0
2026-10-03,wk inc covid hosp,3,2026-10-24,28,quantile,0.45,17.0
2026-10-03,wk inc covid hosp,3,2026-10-24,28,quantile,0.5,20.0
2026-10-03,wk inc covid hosp,3,2026-10-24,28,quantile,0.55,22.0
2026-10-03,wk inc covid hosp,3,2026-10-24,28,quantile,0.6,25.0
2026-10-03,wk inc covid hosp,3,2026-10-24,28,quantile,0.65,28.0
2026-10-03,wk inc covid hosp,3,2026-10-24,28,quantile,0.7,30.0
2026-10-03,wk inc covid hosp,3,2026-10-24,28,quantile,0.75,33.0
2026-10-03,wk inc covid hosp,3,2026-10-24,28,quantile,0.8,37.0
2026-10-03,wk inc covid hosp,3,2026-10-24,28,quantile,0.85,42.0
2026-10-03,wk inc covid hosp,3,2026-10-24,28,quantile,0.9,48.0
2026-10-03,wk inc covid hosp,3,2026-10-24,28,quantile,0.95,61.0
2026-10-03,wk inc covid hosp,3,2026-10-24,28,quantile,0.975,70.0
2026-10-03,wk inc covid hosp,3,2026-10-24,28,quantile,0.99,85.0
2026-10-03,wk inc covid hosp,3,2026-10-24,29,quantile,0.01,0.0
2026-10-03,wk inc covid hosp,3,2026-10-24,29,quantile,0.025,0.0
2026-10-03,wk inc covid hosp,3,2026-10-24,29,quantile,0.05,4.0
2026-10-03,wk inc covid hosp,3,2026-10-24,29,quantile,0.1,12.0
2026-10-03,wk inc covid hosp,3,2026-10-24,29,quantile,0.15,20.0
2026-10-03,wk inc covid hosp,3,2026-10-24,29,quantile,0.2,25.0
2026-10-03,wk inc covid hosp,3,2026-10-24,29,quantile,0.25,29.0
2026-10-03,wk inc covid hosp,3,2026-10-24,29,quantile,0.3,34.0
2026-10-03,wk inc covid hosp,3,2026-10-24,29,quantile,0.35,38.0
2026-10-03,wk inc covid hosp,3,2026-10-24,29,quantile,0.4,43.0
2026-10-03,wk inc covid hosp,3,2026-10-24,29,quantile,0.45,48.0
2026-10-03,wk inc covid hosp,3,2026-10-24,29,quantile,0.5,53.0
2026-10-03,wk inc covid hosp,3,2026-10-24,29,quantile,0.55,58.0
2026-10-03,wk inc covid hosp,3,2026-10-24,29,quantile,0.6,62.0
2026-10-03,wk inc covid hosp,3,2026-10-24,29,quantile,0.65,68.0
2026-10-03,wk inc covid hosp,3,2026-10-24,29,quantile,0.7,73.0
2026-10-03,wk inc covid hosp,3,2026-10-24,29,quantile,0.75,78.0
2026-10-03,wk inc covid hosp,3,2026-10-24,29,quantile,0.8,86.0
2026-10-03,wk inc covid hosp,3,2026-10-24,29,quantile,0.85,95.0
2026-10-03,wk inc covid hosp,3,2026-10-24,29,quantile,0.9,107.0
2026-10-03,wk inc covid hosp,3,2026-10-24,29,quantile,0.95,131.0
2026-10-03,wk inc covid hosp,3,2026-10-24,29,quantile,0.975,148.0
2026-10-03,wk inc covid hosp,3,2026-10-24,29,quantile,0.99,173.0
2026-10-03,wk inc covid hosp,3,2026-10-24,30,quantile,0.01,0.0
2026-10-03,wk inc covid hosp,3,2026-10-24,30,quantile,0.025,0.0
2026-10-03,wk inc covid hosp,3,2026-10-24,30,quantile,0.05,0.0
2026-10-03,wk inc covid hosp,3,2026-10-24,30,quantile,0.1,0.0
2026-10-03,wk inc covid hosp,3,2026-10-24,30,quantile,0.15,2.0
2026-10-03,wk inc covid hosp,3,2026-10-24,30,quantile,0.2,3.0
2026-10-03,wk inc covid hosp,3,2026-10-24,30,quantile,0.25,3.0
2026-10-03,wk inc covid hosp,3,2026-10-24,30,quantile,0.3,4.0
2026-10-03,wk inc covid hosp,3,2026-10-24,30,quantile,0.35,5.0
2026-10-03,wk inc covid hosp,3,2026-10-24,30,quantile,0.4,6.0
2026-10-03,wk inc covid hosp,3,2026-10-24,30,quantile,0.45,7.0
2026-10-03,wk inc covid hosp,3,2026-10-24,30,quantile,0.5,8.0
2026-10-03,wk inc covid hosp,3,2026-10-24,30,quantile,0.55,9.0
2026-10-03,wk inc covid hosp,3,2026-10-24,30,quantile,0.6,10.0
2026-10-03,wk inc covid hosp,3,2026-10-24,30,quantile,0.65,11.0
2026-10-03,wk inc covid hosp,3,2026-10-24,30,quantile,0.7,13.0
2026-10-03,wk inc covid hosp,3,2026-10-24,30,quantile,0.75,14.0
2026-10-03,wk inc covid hosp,3,2026-10-24,30,quantile,0.8,16.0
2026-10-03,wk inc covid hosp,3,2026-10-24,30,quantile,0.85,18.0
2026-10-03,wk inc covid hosp,3,2026-10-24,30,quantile,0.9,21.0
2026-10-03,wk inc covid hosp,3,2026-10-24,30,quantile,0.95,28.0
2026-10-03,wk inc covid hosp,3,2026-10-24,30,quantile,0.975,32.0
2026-10-03,wk inc covid hosp,3,2026-10-24,30,quantile,0.99,39.0
2026-10-03,wk inc covid hosp,3,2026-10-24,31,quantile,0.01,0.0
2026-10-03,wk inc covid hosp,3,2026-10-24,31,quantile,0.025,0.0
2026-10-03,wk inc covid hosp,3,2026-10-24,31,quantile,0.05,0.0
2026-10-03,wk inc covid hosp,3,2026-10-24,31,quantile,0.1,0.0
2026-10-03,wk inc covid hosp,3,2026-10-24,31,quantile,0.15,0.0
2026-10-03,wk inc covid hosp,3,2026-10-24,31,quantile,0.2,1.0
2026-10-03,wk inc covid hosp,3,2026-10-24,31,quantile,0.25,2.0
2026-10-03,wk inc covid hosp,3,2026-10-24,31,quantile,0.3,3.0
2026-10-03,wk inc covid hosp,3,2026-10-24,31,quantile,0.35,5.0
2026-10-03,wk inc covid hosp,3,2026-10-24,31,quantile,0.4,6.0
2026-10-03,wk inc covid hosp,3,2026-10-24,31,quantile,0.45,7.0
2026-10-03,wk inc covid hosp,3,2026-10-24,31,quantile,0.5,8.0
2026-10-03,wk inc covid hosp,3,2026-10-24,31,quantile,0.55,9.0
2026-10-03,wk inc covid hosp,3,2026-10-24,31,quantile,0.6,11.0
2026-10-03,wk inc covid hosp,3,2026-10-24,31,quantile,0.65,12.0
2026-10-03,wk inc covid hosp,3,2026-10-24,31,quantile,0.7,14.0
2026-10-03,wk inc covid hosp,3,2026-10-24,31,quantile,0.75,16.0
2026-10-03,wk inc covid hosp,3,2026-10-24,31,quantile,0.8,18.0
2026-10-03,wk inc covid hosp,3,2026-10-24,31,quantile,0.85,20.0
2026-10-03,wk inc covid hosp,3,2026-10-24,31,quantile,0.9,24.0
2026-10-03,wk inc covid hosp,3,2026-10-24,31,quantile,0.95,31.0
2026-10-03,wk inc covid hosp,3,2026-10-24,31,quantile,0.975,37.0
2026-10-03,wk inc covid hosp,3,2026-10-24,31,quantile,0.99,45.0
2026-10-03,wk inc covid hosp,3,2026-10-24,32,quantile,0.01,0.0
2026-10-03,wk inc covid hosp,3,2026-10-24,32,quantile,0.025,0.0
2026-10-03,wk inc covid hosp,3,2026-10-24,32,quantile,0.05,0.0
2026-10-03,wk inc covid hosp,3,2026-10-24,32,quantile,0.1,2.0
2026-10-03,wk inc covid hosp,3,2026-10-24,32,quantile,0.15,5.0
2026-10-03,wk inc covid hosp,3,2026-10-24,32,quantile,0.2,8.0
2026-10-03,wk inc covid hosp,3,2026-10-24,32,quantile,0.25,10.0
2026-10-03,wk inc covid hosp,3,2026-10-24,32,quantile,0.3,12.0
2026-10-03,wk inc covid hosp,3,2026-10-24,32,quantile,0.35,14.0
2026-10-03,wk inc covid hosp,3,2026-10-24,32,quantile,0.4,16.0
2026-10-03,wk inc covid hosp,3,2026-10-24,32,quantile,0.45,19.0
2026-10-03,wk inc covid hosp,3,2026-10-24,32,quantile,0.5,21.0
2026-10-03,wk inc covid hosp,3,2026-10-24,32,quantile,0.55,24.0
2026-10-03,wk inc covid hosp,3,2026-10-24,32,quantile,0.6,26.0
2026-10-03,wk inc covid hosp,3,2026-10-24,32,quantile,0.65,29.0
2026-10-03,wk inc covid hosp,3,2026-10-24,32,quantile,0.7,31.0
2026-10-03,wk inc covid hosp,3,2026-10-24,32,quantile,0.75,34.0
2026-10-03,wk inc covid hosp,3,2026-10-24,32,quantile,0.8,38.0
2026-10-03,wk inc covid hosp,3,2026-10-24,32,quantile,0.85,43.0
2026-10-03,wk inc covid hosp,3,2026-10-24,32,quantile,0.9,48.0
2026-10-03,wk inc covid hosp,3,2026-10-24,32,quantile,0.95,61.0
2026-10-03,wk inc covid hosp,3,2026-10-24,32,quantile,0.975,70.0
2026-10-03,wk inc covid hosp,3,2026-10-24,32,quantile,0.99,84.0
2026-10-03,wk inc covid hosp,3,2026-10-24,33,quantile,0.01,0.0
2026-10-03,wk inc covid hosp,3,2026-10-24,33,quantile,0.025,1.0
2026-10-03,wk inc covid hosp,3,2026-10-24,33,quantile,0.05,3.0
2026-10-03,wk inc covid hosp,3,2026-10-24,33,quantile,0.1,7.0
2026-10-03,wk inc covid hosp,3,2026-10-24,33,quantile,0.15,9.0
2026-10-03,wk inc covid hosp,3,2026-10-24,33,quantile,0.2,11.0
2026-10-03,wk inc covid hosp,3,2026-10-24,33,quantile,0.25,14.0
2026-10-03,wk inc covid hosp,3,2026-10-24,33,quantile,0.3,15.0
2026-10-03,wk inc covid hosp,3,2026-10-24,33,quantile,0.35,17.0
2026-10-03,wk inc covid hosp,3,2026-10-24,33,quantile,0.4,19.0
2026-10-03,wk inc covid hosp,3,2026-10-24,33,quantile,0.45,21.0
2026-10-03,wk inc covid hosp,3,2026-10-24,33,quantile,0.5,23.0
2026-10-03,wk inc covid hosp,3,2026-10-24,33,quantile,0.55,25.0
2026-10-03,wk inc covid hosp,3,2026-10-24,33,quantile,0.6,29.0
2026-10-03,wk inc covid hosp,3,2026-10-24,33,quantile,0.65,31.0
2026-10-03,wk inc covid hosp,3,2026-10-24,33,quantile,0.7,34.0
2026-10-03,wk inc covid hosp,3,2026-10-24,33,quantile,0.75,37.0
2026-10-03,wk inc covid hosp,3,2026-10-24,33,quantile,0.8,41.0
2026-10-03,wk inc covid hosp,3,2026-10-24,33,quantile,0.85,45.0
2026-10-03,wk inc covid hosp,3,2026-10-24,33,quantile,0.9,55.0
2026-10-03,wk inc covid hosp,3,2026-10-24,33,quantile,0.95,69.0
2026-10-03,wk inc covid hosp,3,2026-10-24,33,quantile,0.975,81.0
2026-10-03,wk inc covid hosp,3,2026-10-24,33,quantile,0.99,101.0
2026-10-03,wk inc covid hosp,3,2026-10-24,34,quantile,0.01,0.0
2026-10-03,wk inc covid hosp,3,2026-10-24,34,quantile,0.025,9.0
2026-10-03,wk inc covid hosp,3,2026-10-24,34,quantile,0.05,25.0
2026-10-03,wk inc covid hosp,3,2026-10-24,34,quantile,0.1,43.0
2026-10-03,wk inc covid hosp,3,2026-10-24,34,quantile,0.15,59.0
2026-10-03,wk inc covid hosp,3,2026-10-24,34,quantile,0.2,72.0
2026-10-03,wk inc covid hosp,3,2026-10-24,34,quantile,0.25,83.0
2026-10-03,wk inc covid hosp,3,2026-10-24,34,quantile,0.3,93.0
2026-10-03,wk inc covid hosp,3,2026-10-24,34,quantile,0.35,101.0
2026-10-03,wk inc covid hosp,3,2026-10-24,34,quantile,0.4,114.0
2026-10-03,wk inc covid hosp,3,2026-10-24,34,quantile,0.45,123.0
2026-10-03,wk inc covid hosp,3,2026-10-24,34,quantile,0.5,138.0
2026-10-03,wk inc covid hosp,3,2026-10-24,34,quantile,0.55,150.0
2026-10-03,wk inc covid hosp,3,2026-10-24,34,quantile,0.6,161.0
2026-10-03,wk inc covid hosp,3,2026-10-24,34,quantile,0.65,176.0
2026-10-03,wk inc covid hosp,3,2026-10-24,34,quantile,0.7,191.0
2026-10-03,wk inc covid hosp,3,2026-10-24,34,quantile,0.75,207.0
2026-10-03,wk inc covid hosp,3,2026-10-24,34,quantile,0.8,226.0
2026-10-03,wk inc covid hosp,3,2026-10-24,34,quantile,0.85,250.0
2026-10-03,wk inc covid hosp,3,2026-10-24,34,quantile,0.9,297.0
2026-10-03,wk inc covid hosp,3,2026-10-24,34,quantile,0.95,374.0
2026-10-03,wk inc covid hosp,3,2026-10-24,34,quantile,0.975,433.0
2026-10-03,wk inc covid hosp,3,2026-10-24,34,quantile,0.99,544.0
2026-10-03,wk inc covid hosp,3,2026-10-24,35,quantile,0.01,0.0
2026-10-03,wk inc covid hosp,3,2026-10-24,35,quantile,0.025,0.0
2026-10-03,wk inc covid hosp,3,2026-10-24,35,quantile,0.05,0.0
2026-10-03,wk inc covid hosp,3,2026-10-24,35,quantile,0.1,0.0
2026-10-03,wk inc covid hosp,3,2026-10-24,35,quantile,0.15,0.0
2026-10-03,wk inc covid hosp,3,2026-10-24,35,quantile,0.2,0.0
2026-10-03,wk inc covid hosp,3,2026-10-24,35,quantile,0.25,0.0
2026-10-03,wk inc covid hosp,3,2026-10-24,35,quantile,0.3,1.0
2026-10-03,wk inc covid hosp,3,2026-10-24,35,quantile,0.35,3.0
2026-10-03,wk inc covid hosp,3,2026-10-24,35,quantile,0.4,4.0
2026-10-03,wk inc covid hosp,3,2026-10-24,35,quantile,0.45,5.0
2026-10-03,wk inc covid hosp,3,2026-10-24,35,quantile,0.5,7.0
2026-10-03,wk inc covid hosp,3,2026-10-24,35,quantile,0.55,8.0
2026-10-03,wk inc covid hosp,3,2026-10-24,35,quantile,0.6,9.0
2026-10-03,wk inc covid hosp,3,2026-10-24,35,quantile,0.65,11.0
2026-10-03,wk inc covid hosp,3,2026-10-24,35,quantile,0.7,13.0
2026-10-03,wk inc covid hosp,3,2026-10-24,35,quantile,0.75,15.0
2026-10-03,wk inc covid hosp,3,2026-10-24,35,quantile,0.8,17.0
2026-10-03,wk inc covid hosp,3,2026-10-24,35,quantile,0.85,19.0
2026-10-03,wk inc covid hosp,3,2026-10-24,35,quantile,0.9,24.0
2026-10-03,wk inc covid hosp,3,2026-10-24,35,quantile,0.95,32.0
2026-10-03,wk inc covid hosp,3,2026-10-24,35,quantile,0.975,38.0
2026-10-03,wk inc covid hosp,3,2026-10-24,35,quantile,0.99,47.0
2026-10-03,wk inc covid hosp,3,2026-10-24,36,quantile,0.01,34.0
2026-10-03,wk inc covid hosp,3,2026-10-24,36,quantile,0.025,57.0
2026-10-03,wk inc covid hosp,3,2026-10-24,36,quantile,0.05,85.0
2026-10-03,wk inc covid hosp,3,2026-10-24,36,quantile,0.1,120.0
2026-10-03,wk inc covid hosp,3,2026-10-24,36,quantile,0.15,148.0
2026-10-03,wk inc covid hosp,3,2026-10-24,36,quantile,0.2,170.0
2026-10-03,wk inc covid hosp,3,2026-10-24,36,quantile,0.25,189.0
2026-10-03,wk inc covid hosp,3,2026-10-24,36,quantile,0.3,204.0
2026-10-03,wk inc covid hosp,3,2026-10-24,36,quantile,0.35,219.0
2026-10-03,wk inc covid hosp,3,2026-10-24,36,quantile,0.4,237.0
2026-10-03,wk inc covid hosp,3,2026-10-24,36,quantile,0.45,251.0
2026-10-03,wk inc covid hosp,3,2026-10-24,36,quantile,0.5,273.0
2026-10-03,wk inc covid hosp,3,2026-10-24,36,quantile,0.55,291.0
2026-10-03,wk inc covid hosp,3,2026-10-24,36,quantile,0.6,311.0
2026-10-03,wk inc covid hosp,3,2026-10-24,36,quantile,0.65,334.0
2026-10-03,wk inc covid hosp,3,2026-10-24,36,quantile,0.7,355.0
2026-10-03,wk inc covid hosp,3,2026-10-24,36,quantile,0.75,378.0
2026-10-03,wk inc covid hosp,3,2026-10-24,36,quantile,0.8,406.0
2026-10-03,wk inc covid hosp,3,2026-10-24,36,quantile,0.85,442.0
2026-10-03,wk inc covid hosp,3,2026-10-24,36,quantile,0.9,501.0
2026-10-03,wk inc covid hosp,3,2026-10-24,36,quantile,0.95,596.0
2026-10-03,wk inc covid hosp,3,2026-10-24,36,quantile,0.975,678.0
2026-10-03,wk inc covid hosp,3,2026-10-24,36,quantile,0.99,808.0
2026-10-03,wk inc covid hosp,3,2026-10-24,37,quantile,0.01,0.0
2026-10-03,wk inc covid hosp,3,2026-10-24,37,quantile,0.025,5.0
2026-10-03,wk inc covid hosp,3,2026-10-24,37,quantile,0.05,18.0
2026-10-03,wk inc covid hosp,3,2026-10-24,37,quantile,0.1,35.0
2026-10-03,wk inc covid hosp,3,2026-10-24,37,quantile,0.15,49.0
2026-10-03,wk inc covid hosp,3,2026-10-24,37,quantile,0.2,60.0
2026-10-03,wk inc covid hosp,3,2026-10-24,37,quantile,0.25,69.0
2026-10-03,wk inc covid hosp,3,2026-10-24,37,quantile,0.3,76.0
2026-10-03,wk inc covid hosp,3,2026-10-24,37,quantile,0.35,84.0
2026-10-03,wk inc covid hosp,3,2026-10-24,37,quantile,0.4,93.0
2026-10-03,wk inc covid hosp,3,2026-10-24,37,quantile,0.45,100.0
2026-10-03,wk inc covid hosp,3,2026-10-24,37,quantile,0.5,111.0
2026-10-03,wk inc covid hosp,3,2026-10-24,37,quantile,0.55,120.0
2026-10-03,wk inc covid hosp,3,2026-10-24,37,quantile,0.6,130.0
2026-10-03,wk inc covid hosp,3,2026-10-24,37,quantile,0.65,141.0
2026-10-03,wk inc covid hosp,3,2026-10-24,37,quantile,0.7,152.0
2026-10-03,wk inc covid hosp,3,2026-10-24,37,quantile,0.75,164.0
2026-10-03,wk inc covid hosp,3,2026-10-24,37,quantile,0.8,178.0
2026-10-03,wk inc covid hosp,3,2026-10-24,37,quantile,0.85,197.0
2026-10-03,wk inc covid hosp,3,2026-10-24,37,quantile,0.9,227.0
2026-10-03,wk inc covid hosp,3,2026-10-24,37,quantile,0.95,277.0
2026-10-03,wk inc covid hosp,3,2026-10-24,37,quantile,0.975,320.0
2026-10-03,wk inc covid hosp,3,2026-10-24,37,quantile,0.99,390.0
2026-10-03,wk inc covid hosp,3,2026-10-24,38,quantile,0.01,0.0
2026-10-03,wk inc covid hosp,3,2026-10-24,38,quantile,0.025,0.0
2026-10-03,wk inc covid hosp,3,2026-10-24,38,quantile,0.05,0.0
2026-10-03,wk inc covid hosp,3,2026-10-24,38,quantile,0.1,0.0
2026-10-03,wk inc covid hosp,3,2026-10-24,38,quantile,0.15,0.0
2026-10-03,wk inc covid hosp,3,2026-10-24,38,quantile,0.2,1.0
2026-10-03,wk inc covid hosp,3,2026-10-24,38,quantile,0.25,2.0
2026-10-03,wk inc covid hosp,3,2026-10-24,38,quantile,0.3,2.0
2026-10-03,wk inc covid hosp,3,2026-10-24,38,quantile,0.35,3.0
2026-10-03,wk inc covid hosp,3,2026-10-24,38,quantile,0.4,3.0
2026-10-03,wk inc covid hosp,3,2026-10-24,38,quantile,0.45,4.0
2026-10-03,wk inc covid hosp,3,2026-10-24,38,quantile,0.5,5.0
2026-10-03,wk inc covid hosp,3,2026-10-24,38,quantile,0.55,5.0
2026-10-03,wk inc covid hosp,3,2026-10-24,38,quantile,0.6,6.0
2026-10-03,wk inc covid hosp,3,2026-10-24,38,quantile,0.65,7.0
2026-10-03,wk inc covid hosp,3,2026-10-24,38,quantile,0.7,8.0
2026-10-03,wk inc covid hosp,3,2026-10-24,38,quantile,0.75,9.0
2026-10-03,wk inc covid hosp,3,2026-10-24,38,quantile,0.8,10.0
2026-10-03,wk inc covid hosp,3,2026-10-24,38,quantile,0.85,11.0
2026-10-03,wk inc covid hosp,3,2026-10-24,38,quantile,0.9,13.0
2026-10-03,wk inc covid hosp,3,2026-10-24,38,quantile,0.95,17.0
2026-10-03,wk inc covid hosp,3,2026-10-24,38,quantile,0.975,20.0
2026-10-03,wk inc covid hosp,3,2026-10-24,38,quantile,0.99,25.0
2026-10-03,wk inc covid hosp,3,2026-10-24,39,quantile,0.01,0.0
2026-10-03,wk inc covid hosp,3,2026-10-24,39,quantile,0.025,0.0
2026-10-03,wk inc covid hosp,3,2026-10-24,39,quantile,0.05,0.0
2026-10-03,wk inc covid hosp,3,2026-10-24,39,quantile,0.1,6.0
2026-10-03,wk inc covid hosp,3,2026-10-24,39,quantile,0.15,19.0
2026-10-03,wk inc covid hosp,3,2026-10-24,39,quantile,0.2,28.0
2026-10-03,wk inc covid hosp,3,2026-10-24,39,quantile,0.25,37.0
2026-10-03,wk inc covid hosp,3,2026-10-24,39,quantile,0.3,44.0
2026-10-03,wk inc covid hosp,3,2026-10-24,39,quantile,0.35,51.0
2026-10-03,wk inc covid hosp,3,2026-10-24,39,quantile,0.4,59.0
2026-10-03,wk inc covid hosp,3,2026-10-24,39,quantile,0.45,66.0
2026-10-03,wk inc covid hosp,3,2026-10-24,39,quantile,0.5,76.0
2026-10-03,wk inc covid hosp,3,2026-10-24,39,quantile,0.55,85.0
2026-10-03,wk inc covid hosp,3,2026-10-24,39,quantile,0.6,94.0
2026-10-03,wk inc covid hosp,3,2026-10-24,39,quantile,0.65,105.0
2026-10-03,wk inc covid hosp,3,2026-10-24,39,quantile,0.7,115.0
2026-10-03,wk inc covid hosp,3,2026-10-24,39,quantile,0.75,126.0
2026-10-03,wk inc covid hosp,3,2026-10-24,39,quantile,0.8,139.0
2026-10-03,wk inc covid hosp,3,2026-10-24,39,quantile,0.85,158.0
2026-10-03,wk inc covid hosp,3,2026-10-24,39,quantile,0.9,185.0
2026-10-03,wk inc covid hosp,3,2026-10-24,39,quantile,0.95,234.0
2026-10-03,wk inc covid hosp,3,2026-10-24,39,quantile,0.975,278.0
2026-10-03,wk inc covid hosp,3,2026-10-24,39,quantile,0.99,344.0
2026-10-03,wk inc covid hosp,3,2026-10-24,40,quantile,0.01,0.0
2026-10-03,wk inc covid hosp,3,2026-10-24,40,quantile,0.025,0.0
2026-10-03,wk inc covid hosp,3,2026-10-24,40,quantile,0.05,0.0
2026-10-03,wk inc covid hosp,3,2026-10-24,40,quantile,0.1,0.0
2026-10-03,wk inc covid hosp,3,2026-10-24,40,quantile,0.15,0.0
2026-10-03,wk inc covid hosp,3,2026-10-24,40,quantile,0.2,0.0
2026-10-03,wk inc covid hosp,3,2026-10-24,40,quantile,0.25,0.0
2026-10-03,wk inc covid hosp,3,2026-10-24,40,quantile,0.3,2.0
2026-10-03,wk inc covid hosp,3,2026-10-24,40,quantile,0.35,4.0
2026-10-03,wk inc covid hosp,3,2026-10-24,40,quantile,0.4,6.0
2026-10-03,wk inc covid hosp,3,2026-10-24,40,quantile,0.45,8.0
2026-10-03,wk inc covid hosp,3,2026-10-24,40,quantile,0.5,11.0
2026-10-03,wk inc covid hosp,3,2026-10-24,40,quantile,0.55,14.0
2026-10-03,wk inc covid hosp,3,2026-10-24,40,quantile,0.6,16.0
2026-10-03,wk inc covid hosp,3,2026-10-24,40,quantile,0.65,19.0
2026-10-03,wk inc covid hosp,3,2026-10-24,40,quantile,0.7,21.0
2026-10-03,wk inc covid hosp,3,2026-10-24,40,quantile,0.75,24.0
2026-10-03,wk inc covid hosp,3,2026-10-24,40,quantile,0.8,28.0
2026-10-03,wk inc covid hosp,3,2026-10-24,40,quantile,0.85,33.0
2026-10-03,wk inc covid hosp,3,2026-10-24,40,quantile,0.9,39.0
2026-10-03,wk inc covid hosp,3,2026-10-24,40,quantile,0.95,53.0
2026-10-03,wk inc covid hosp,3,2026-10-24,40,quantile,0.975,62.0
2026-10-03,wk inc covid hosp,3,2026-10-24,40,quantile,0.99,77.0
2026-10-03,wk inc covid hosp,3,2026-10-24,41,quantile,0.01,0.0
2026-10-03,wk inc covid hosp,3,2026-10-24,41,quantile,0.025,5.0
2026-10-03,wk inc covid hosp,3,2026-10-24,41,quantile,0.05,10.0
2026-10-03,wk inc covid hosp,3,2026-10-24,41,quantile,0.1,17.0
2026-10-03,wk inc covid hosp,3,2026-10-24,41,quantile,0.15,23.0
2026-10-03,wk inc covid hosp,3,2026-10-24,41,quantile,0.2,27.0
2026-10-03,wk inc covid hosp,3,2026-10-24,41,quantile,0.25,30.0
2026-10-03,wk inc covid hosp,3,2026-10-24,41,quantile,0.3,34.0
2026-10-03,wk inc covid hosp,3,2026-10-24,41,quantile,0.35,38.0
2026-10-03,wk inc covid hosp,3,2026-10-24,41,quantile,0.4,41.0
2026-10-03,wk inc covid hosp,3,2026-10-24,41,quantile,0.45,45.0
2026-10-03,wk inc covid hosp,3,2026-10-24,41,quantile,0.5,49.0
2026-10-03,wk inc covid hosp,3,2026-10-24,41,quantile,0.55,54.0
2026-10-03,wk inc covid hosp,3,2026-10-24,41,quantile,0.6,58.0
2026-10-03,wk inc covid hosp,3,2026-10-24,41,quantile,0.65,62.0
2026-10-03,wk inc covid hosp,3,2026-10-24,41,quantile,0.7,66.0
2026-10-03,wk inc covid hosp,3,2026-10-24,41,quantile,0.75,71.0
2026-10-03,wk inc covid hosp,3,2026-10-24,41,quantile,0.8,77.0
2026-10-03,wk inc covid hosp,3,2026-10-24,41,quantile,0.85,85.0
2026-10-03,wk inc covid hosp,3,2026-10-24,41,quantile,0.9,95.0
2026-10-03,wk inc covid hosp,3,2026-10-24,41,quantile,0.95,115.0
2026-10-03,wk inc covid hosp,3,2026-10-24,41,quantile,0.975,128.0
2026-10-03,wk inc covid hosp,3,2026-10-24,41,quantile,0.99,151.0
2026-10-03,wk inc covid hosp,3,2026-10-24,42,quantile,0.01,0.0
2026-10-03,wk inc covid hosp,3,2026-10-24,42,quantile,0.025,15.0
2026-10-03,wk inc covid hosp,3,2026-10-24,42,quantile,0.05,38.0
2026-10-03,wk inc covid hosp,3,2026-10-24,42,quantile,0.1,64.0
2026-10-03,wk inc covid hosp,3,2026-10-24,42,quantile,0.15,87.0
2026-10-03,wk inc covid hosp,3,2026-10-24,42,quantile,0.2,108.0
2026-10-03,wk inc covid hosp,3,2026-10-24,42,quantile,0.25,123.0
2026-10-03,wk inc covid hosp,3,2026-10-24,42,quantile,0.3,138.0
2026-10-03,wk inc covid hosp,3,2026-10-24,42,quantile,0.35,151.0
2026-10-03,wk inc covid hosp,3,2026-10-24,42,quantile,0.4,171.0
2026-10-03,wk inc covid hosp,3,2026-10-24,42,quantile,0.45,185.0
2026-10-03,wk inc covid hosp,3,2026-10-24,42,quantile,0.5,205.0
2026-10-03,wk inc covid hosp,3,2026-10-24,42,quantile,0.55,226.0
2026-10-03,wk inc covid hosp,3,2026-10-24,42,quantile,0.6,240.0
2026-10-03,wk inc covid hosp,3,2026-10-24,42,quantile,0.65,264.0
2026-10-03,wk inc covid hosp,3,2026-10-24,42,quantile,0.7,285.0
2026-10-03,wk inc covid hosp,3,2026-10-24,42,quantile,0.75,308.0
2026-10-03,wk inc covid hosp,3,2026-10-24,42,quantile,0.8,338.0
2026-10-03,wk inc covid hosp,3,2026-10-24,42,quantile,0.85,376.0
2026-10-03,wk inc covid hosp,3,2026-10-24,42,quantile,0.9,445.0
2026-10-03,wk inc covid hosp,3,2026-10-24,42,quantile,0.95,559.0
2026-10-03,wk inc covid hosp,3,2026-10-24,42,quantile,0.975,658.0
2026-10-03,wk inc covid hosp,3,2026-10-24,42,quantile,0.99,821.0
2026-10-03,wk inc covid hosp,3,2026-10-24,44,quantile,0.01,0.0
2026-10-03,wk inc covid hosp,3,2026-10-24,44,quantile,0.025,0.0
2026-10-03,wk inc covid hosp,3,2026-10-24,44,quantile,0.05,0.0
2026-10-03,wk inc covid hosp,3,2026-10-24,44,quantile,0.1,1.0
2026-10-03,wk inc covid hosp,3,2026-10-24,44,quantile,0.15,2.0
2026-10-03,wk inc covid hosp,3,2026-10-24,44,quantile,0.2,4.0
2026-10-03,wk inc covid hosp,3,2026-10-24,44,quantile,0.25,4.0
2026-10-03,wk inc covid hosp,3,2026-10-24,44,quantile,0.3,5.0
2026-10-03,wk inc covid hosp,3,2026-10-24,44,quantile,0.35,6.0
2026-10-03,wk inc covid hosp,3,2026-10-24,44,quantile,0.4,7.0
2026-10-03,wk inc covid hosp,3,2026-10-24,44,quantile,0.45,8.0
2026-10-03,wk inc covid hosp,3,2026-10-24,44,quantile,0.5,9.0
2026-10-03,wk inc covid hosp,3,2026-10-24,44,quantile,0.55,10.0
2026-10-03,wk inc covid hosp,3,2026-10-24,44,quantile,0.6,11.0
2026-10-03,wk inc covid hosp,3,2026-10-24,44,quantile,0.65,13.0
2026-10-03,wk inc covid hosp,3,2026-10-24,44,quantile,0.7,14.0
2026-10-03,wk inc covid hosp,3,2026-10-24,44,quantile,0.75,16.0
2026-10-03,wk inc covid hosp,3,2026-10-24,44,quantile,0.8,17.0
2026-10-03,wk inc covid hosp,3,2026-10-24,44,quantile,0.85,19.0
2026-10-03,wk inc covid hosp,3,2026-10-24,44,quantile,0.9,23.0
2026-10-03,wk inc covid hosp,3,2026-10-24,44,quantile,0.95,29.0
2026-10-03,wk inc covid hosp,3,2026-10-24,44,quantile,0.975,34.0
2026-10-03,wk inc covid hosp,3,2026-10-24,44,quantile,0.99,42.0
2026-10-03,wk inc covid hosp,3,2026-10-24,45,quantile,0.01,0.0
2026-10-03,wk inc covid hosp,3,2026-10-24,45,quantile,0.025,0.0
2026-10-03,wk inc covid hosp,3,2026-10-24,45,quantile,0.05,7.0
2026-10-03,wk inc covid hosp,3,2026-10-24,45,quantile,0.1,16.0
2026-10-03,wk inc covid hosp,3,2026-10-24,45,quantile,0.15,23.0
2026-10-03,wk inc covid hosp,3,2026-10-24,45,quantile,0.2,29.0
2026-10-03,wk inc covid hosp,3,2026-10-24,45,quantile,0.25,34.0
2026-10-03,wk inc covid hosp,3,2026-10-24,45,quantile,0.3,38.0
2026-10-03,wk inc covid hosp,3,2026-10-24,45,quantile,0.35,41.0
2026-10-03,wk inc covid hosp,3,2026-10-24,45,quantile,0.4,46.0
2026-10-03,wk inc covid hosp,3,2026-10-24,45,quantile,0.45,50.0
2026-10-03,wk inc covid hosp,3,2026-10-24,45,quantile,0.5,56.0
2026-10-03,wk inc covid hosp,3,2026-10-24,45,quantile,0.55,61.0
2026-10-03,wk inc covid hosp,3,2026-10-24,45,quantile,0.6,66.0
2026-10-03,wk inc covid hosp,3,2026-10-24,45,quantile,0.65,72.0
2026-10-03,wk inc covid hosp,3,2026-10-24,45,quantile,0.7,78.0
2026-10-03,wk inc covid hosp,3,2026-10-24,45,quantile,0.75,85.0
2026-10-03,wk inc covid hosp,3,2026-10-24,45,quantile,0.8,92.0
2026-10-03,wk inc covid hosp,3,2026-10-24,45,quantile,0.85,103.0
2026-10-03,wk inc covid hosp,3,2026-10-24,45,quantile,0.9,120.0
2026-10-03,wk inc covid hosp,3,2026-10-24,45,quantile,0.95,147.0
2026-10-03,wk inc covid hosp,3,2026-10-24,45,quantile,0.975,170.0
2026-10-03,wk inc covid hosp,3,2026-10-24,45,quantile,0.99,210.0
2026-10-03,wk inc covid hosp,3,2026-10-24,46,quantile,0.01,0.0
2026-10-03,wk inc covid hosp,3,2026-10-24,46,quantile,0.025,0.0
2026-10-03,wk inc covid hosp,3,2026-10-24,46,quantile,0.05,0.0
2026-10-03,wk inc covid hosp,3,2026-10-24,46,quantile,0.1,0.0
2026-10-03,wk inc covid hosp,3,2026-10-24,46,quantile,0.15,0.0
2026-10-03,wk inc covid hosp,3,2026-10-24,46,quantile,0.2,0.0
2026-10-03,wk inc covid hosp,3,2026-10-24,46,quantile,0.25,0.0
2026-10-03,wk inc covid hosp,3,2026-10-24,46,quantile,0.3,1.0
2026-10-03,wk inc covid hosp,3,2026-10-24,46,quantile,0.35,2.0
2026-10-03,wk inc covid hosp,3,2026-10-24,46,quantile,0.4,2.0
2026-10-03,wk inc covid hosp,3,2026-10-24,46,quantile,0.45,3.0
2026-10-03,wk inc covid hosp,3,2026-10-24,46,quantile,0.5,4.0
2026-10-03,wk inc covid hosp,3,2026-10-24,46,quantile,0.55,5.0
2026-10-03,wk inc covid hosp,3,2026-10-24,46,quantile,0.6,5.0
2026-10-03,wk inc covid hosp,3,2026-10-24,46,quantile,0.65,6.0
2026-10-03,wk inc covid hosp,3,2026-10-24,46,quantile,0.7,7.0
2026-10-03,wk inc covid hosp,3,2026-10-24,46,quantile,0.75,8.0
2026-10-03,wk inc covid hosp,3,2026-10-24,46,quantile,0.8,9.0
2026-10-03,wk inc covid hosp,3,2026-10-24,46,quantile,0.85,11.0
2026-10-03,wk inc covid hosp,3,2026-10-24,46,quantile,0.9,13.0
2026-10-03,wk inc covid hosp,3,2026-10-24,46,quantile,0.95,18.0
2026-10-03,wk inc covid hosp,3,2026-10-24,46,quantile,0.975,21.0
2026-10-03,wk inc covid hosp,3,2026-10-24,46,quantile,0.99,26.0
2026-10-03,wk inc covid hosp,3,2026-10-24,47,quantile,0.01,0.0
2026-10-03,wk inc covid hosp,3,2026-10-24,47,quantile,0.025,0.0
2026-10-03,wk inc covid hosp,3,2026-10-24,47,quantile,0.05,0.0
2026-10-03,wk inc covid hosp,3,2026-10-24,47,quantile,0.1,0.0
2026-10-03,wk inc covid hosp,3,2026-10-24,47,quantile,0.15,2.0
2026-10-03,wk inc covid hosp,3,2026-10-24,47,quantile,0.2,7.0
2026-10-03,wk inc covid hosp,3,2026-10-24,47,quantile,0.25,12.0
2026-10-03,wk inc covid hosp,3,2026-10-24,47,quantile,0.3,16.0
2026-10-03,wk inc covid hosp,3,2026-10-24,47,quantile,0.35,21.0
2026-10-03,wk inc covid hosp,3,2026-10-24,47,quantile,0.4,25.0
2026-10-03,wk inc covid hosp,3,2026-10-24,47,quantile,0.45,30.0
2026-10-03,wk inc covid hosp,3,2026-10-24,47,quantile,0.5,36.0
2026-10-03,wk inc covid hosp,3,2026-10-24,47,quantile,0.55,41.0
2026-10-03,wk inc covid hosp,3,2026-10-24,47,quantile,0.6,46.0
2026-10-03,wk inc covid hosp,3,2026-10-24,47,quantile,0.65,51.0
2026-10-03,wk inc covid hosp,3,2026-10-24,47,quantile,0.7,57.0
2026-10-03,wk inc covid hosp,3,2026-10-24,47,quantile,0.75,63.0
2026-10-03,wk inc covid hosp,3,2026-10-24,47,quantile,0.8,72.0
2026-10-03,wk inc covid hosp,3,2026-10-24,47,quantile,0.85,82.0
2026-10-03,wk inc covid hosp,3,2026-10-24,47,quantile,0.9,95.0
2026-10-03,wk inc covid hosp,3,2026-10-24,47,quantile,0.95,123.0
2026-10-03,wk inc covid hosp,3,2026-10-24,47,quantile,0.975,142.0
2026-10-03,wk inc covid hosp,3,2026-10-24,47,quantile,0.99,173.0
2026-10-03,wk inc covid hosp,3,2026-10-24,48,quantile,0.01,0.0
2026-10-03,wk inc covid hosp,3,2026-10-24,48,quantile,0.025,0.0
2026-10-03,wk inc covid hosp,3,2026-10-24,48,quantile,0.05,16.0
2026-10-03,wk inc covid hosp,3,2026-10-24,48,quantile,0.1,59.0
2026-10-03,wk inc covid hosp,3,2026-10-24,48,quantile,0.15,94.0
2026-10-03,wk inc covid hosp,3,2026-10-24,48,quantile,0.2,123.0
2026-10-03,wk inc covid hosp,3,2026-10-24,48,quantile,0.25,148.0
2026-10-03,wk inc covid hosp,3,2026-10-24,48,quantile,0.3,169.0
2026-10-03,wk inc covid hosp,3,2026-10-24,48,quantile,0.35,187.0
2026-10-03,wk inc covid hosp,3,2026-10-24,48,quantile,0.4,212.0
2026-10-03,wk inc covid hosp,3,2026-10-24,48,quantile,0.45,231.0
2026-10-03,wk inc covid hosp,3,2026-10-24,48,quantile,0.5,261.0
2026-10-03,wk inc covid hosp,3,2026-10-24,48,quantile,0.55,285.0
2026-10-03,wk inc covid hosp,3,2026-10-24,48,quantile,0.6,311.0
2026-10-03,wk inc covid hosp,3,2026-10-24,48,quantile,0.65,341.0
2026-10-03,wk inc covid hosp,3,2026-10-24,48,quantile,0.7,370.0
2026-10-03,wk inc covid hosp,3,2026-10-24,48,quantile,0.75,404.0
2026-10-03,wk inc covid hosp,3,2026-10-24,48,quantile,0.8,442.0
2026-10-03,wk inc covid hosp,3,2026-10-24,48,quantile,0.85,494.0
2026-10-03,wk inc covid hosp,3,2026-10-24,48,quantile,0.9,580.0
2026-10-03,wk inc covid hosp,3,2026-10-24,48,quantile,0.95,713.0
2026-10-03,wk inc covid hosp,3,2026-10-24,48,quantile,0.975,830.0
2026-10-03,wk inc covid hosp,3,2026-10-24,48,quantile,0.99,1027.0
2026-10-03,wk inc covid hosp,3,2026-10-24,49,quantile,0.01,0.0
2026-10-03,wk inc covid hosp,3,2026-10-24,49,quantile,0.025,0.0
2026-10-03,wk inc covid hosp,3,2026-10-24,49,quantile,0.05,0.0
2026-10-03,wk inc covid hosp,3,2026-10-24,49,quantile,0.1,3.0
2026-10-03,wk inc covid hosp,3,2026-10-24,49,quantile,0.15,6.0
2026-10-03,wk inc covid hosp,3,2026-10-24,49,quantile,0.2,8.0
2026-10-03,wk inc covid hosp,3,2026-10-24,49,quantile,0.25,10.0
2026-10-03,wk inc covid hosp,3,2026-10-24,49,quantile,0.3,12.0
2026-10-03,wk inc covid hosp,3,2026-10-24,49,quantile,0.35,14.0
2026-10-03,wk inc covid hosp,3,2026-10-24,49,quantile,0.4,16.0
2026-10-03,wk inc covid hosp,3,2026-10-24,49,quantile,0.45,18.0
2026-10-03,wk inc covid hosp,3,2026-10-24,49,quantile,0.5,20.0
2026-10-03,wk inc covid hosp,3,2026-10-24,49,quantile,0.55,22.0
2026-10-03,wk inc covid hosp,3,2026-10-24,49,quantile,0.6,24.0
2026-10-03,wk inc covid hosp,3,2026-10-24,49,quantile,0.65,27.0
2026-10-03,wk inc covid hosp,3,2026-10-24,49,quantile,0.7,29.0
2026-10-03,wk inc covid hosp,3,2026-10-24,49,quantile,0.75,32.0
2026-10-03,wk inc covid hosp,3,2026-10-24,49,quantile,0.8,35.0
2026-10-03,wk inc covid hosp,3,2026-10-24,49,quantile,0.85,39.0
2026-10-03,wk inc covid hosp,3,2026-10-24,49,quantile,0.9,45.0
2026-10-03,wk inc covid hosp,3,2026-10-24,49,quantile,0.95,56.0
2026-10-03,wk inc covid hosp,3,2026-10-24,49,quantile,0.975,65.0
2026-10-03,wk inc covid hosp,3,2026-10-24,49,quantile,0.99,75.0
2026-10-03,wk inc covid hosp,3,2026-10-24,50,quantile,0.01,0.0
2026-10-03,wk inc covid hosp,3,2026-10-24,50,quantile,0.025,0.0
2026-10-03,wk inc covid hosp,3,2026-10-24,50,quantile,0.05,1.0
2026-10-03,wk inc covid hosp,3,2026-10-24,50,quantile,0.1,3.0
2026-10-03,wk inc covid hosp,3,2026-10-24,50,quantile,0.15,3.0
2026-10-03,wk inc covid hosp,3,2026-10-24,50,quantile,0.2,4.0
2026-10-03,wk inc covid hosp,3,2026-10-24,50,quantile,0.25,5.0
2026-10-03,wk inc covid hosp,3,2026-10-24,50,quantile,0.3,6.0
2026-10-03,wk inc covid hosp,3,2026-10-24,50,quantile,0.35,6.0
2026-10-03,wk inc covid hosp,3,2026-10-24,50,quantile,0.4,7.0
2026-10-03,wk inc covid hosp,3,2026-10-24,50,quantile,0.45,8.0
2026-10-03,wk inc covid hosp,3,2026-10-24,50,quantile,0.5,8.0
2026-10-03,wk inc covid hosp,3,2026-10-24,50,quantile,0.55,9.0
2026-10-03,wk inc covid hosp,3,2026-10-24,50,quantile,0.6,10.0
2026-10-03,wk inc covid hosp,3,2026-10-24,50,quantile,0.65,11.0
2026-10-03,wk inc covid hosp,3,2026-10-24,50,quantile,0.7,12.0
2026-10-03,wk inc covid hosp,3,2026-10-24,50,quantile,0.75,13.0
2026-10-03,wk inc covid hosp,3,2026-10-24,50,quantile,0.8,14.0
2026-10-03,wk inc covid hosp,3,2026-10-24,50,quantile,0.85,16.0
2026-10-03,wk inc covid hosp,3,2026-10-24,50,quantile,0.9,19.0
2026-10-03,wk inc covid hosp,3,2026-10-24,50,quantile,0.95,24.0
2026-10-03,wk inc covid hosp,3,2026-10-24,50,quantile,0.975,27.0
2026-10-03,wk inc covid hosp,3,2026-10-24,50,quantile,0.99,33.0
2026-10-03,wk inc covid hosp,3,2026-10-24,51,quantile,0.01,0.0
2026-10-03,wk inc covid hosp,3,2026-10-24,51,quantile,0.025,0.0
2026-10-03,wk inc covid hosp,3,2026-10-24,51,quantile,0.05,0.0
2026-10-03,wk inc covid hosp,3,2026-10-24,51,quantile,0.1,4.0
2026-10-03,wk inc covid hosp,3,2026-10-24,51,quantile,0.15,12.0
2026-10-03,wk inc covid hosp,3,2026-10-24,51,quantile,0.2,17.0
2026-10-03,wk inc covid hosp,3,2026-10-24,51,quantile,0.25,21.0
2026-10-03,wk inc covid hosp,3,2026-10-24,51,quantile,0.3,26.0
2026-10-03,wk inc covid hosp,3,2026-10-24,51,quantile,0.35,31.0
2026-10-03,wk inc covid hosp,3,2026-10-24,51,quantile,0.4,35.0
2026-10-03,wk inc covid hosp,3,2026-10-24,51,quantile,0.45,40.0
2026-10-03,wk inc covid hosp,3,2026-10-24,51,quantile,0.5,45.0
2026-10-03,wk inc covid hosp,3,2026-10-24,51,quantile,0.55,50.0
2026-10-03,wk inc covid hosp,3,2026-10-24,51,quantile,0.6,55.0
2026-10-03,wk inc covid hosp,3,2026-10-24,51,quantile,0.65,61.0
2026-10-03,wk inc covid hosp,3,2026-10-24,51,quantile,0.7,66.0
2026-10-03,wk inc covid hosp,3,2026-10-24,51,quantile,0.75,71.0
2026-10-03,wk inc covid hosp,3,2026-10-24,51,quantile,0.8,79.0
2026-10-03,wk inc covid hosp,3,2026-10-24,51,quantile,0.85,88.0
2026-10-03,wk inc covid hosp,3,2026-10-24,51,quantile,0.9,99.0
2026-10-03,wk inc covid hosp,3,2026-10-24,51,quantile,0.95,124.0
2026-10-03,wk inc covid hosp,3,2026-10-24,51,quantile,0.975,139.0
2026-10-03,wk inc covid hosp,3,2026-10-24,51,quantile,0.99,164.0
2026-10-03,wk inc covid hosp,3,2026-10-24,53,quantile,0.01,54.0
2026-10-03,wk inc covid hosp,3,2026-10-24,53,quantile,0.025,66.0
2026-10-03,wk inc covid hosp,3,2026-10-24,53,quantile,0.05,83.0
2026-10-03,wk inc covid hosp,3,2026-10-24,53,quantile,0.1,102.0
2026-10-03,wk inc covid hosp,3,2026-10-24,53,quantile,0.15,118.0
2026-10-03,wk inc covid hosp,3,2026-10-24,53,quantile,0.2,131.0
2026-10-03,wk inc covid hosp,3,2026-10-24,53,quantile,0.25,142.0
2026-10-03,wk inc covid hosp,3,2026-10-24,53,quantile,0.3,151.0
2026-10-03,wk inc covid hosp,3,2026-10-24,53,quantile,0.35,159.0
2026-10-03,wk inc covid hosp,3,2026-10-24,53,quantile,0.4,169.0
2026-10-03,wk inc covid hosp,3,2026-10-24,53,quantile,0.45,178.0
2026-10-03,wk inc covid hosp,3,2026-10-24,53,quantile,0.5,190.0
2026-10-03,wk inc covid hosp,3,2026-10-24,53,quantile,0.55,201.0
2026-10-03,wk inc covid hosp,3,2026-10-24,53,quantile,0.6,211.0
2026-10-03,wk inc covid hosp,3,2026-10-24,53,quantile,0.65,224.0
2026-10-03,wk inc covid hosp,3,2026-10-24,53,quantile,0.7,237.0
2026-10-03,wk inc covid hosp,3,2026-10-24,53,quantile,0.75,250.0
2026-10-03,wk inc covid hosp,3,2026-10-24,53,quantile,0.8,266.0
2026-10-03,wk inc covid hosp,3,2026-10-24,53,quantile,0.85,287.0
2026-10-03,wk inc covid hosp,3,2026-10-24,53,quantile,0.9,321.0
2026-10-03,wk inc covid hosp,3,2026-10-24,53,quantile,0.95,375.0
2026-10-03,wk inc covid hosp,3,2026-10-24,53,quantile,0.975,421.0
2026-10-03,wk inc covid hosp,3,2026-10-24,53,quantile,0.99,496.0
2026-10-03,wk inc covid hosp,3,2026-10-24,54,quantile,0.01,0.0
2026-10-03,wk inc covid hosp,3,2026-10-24,54,quantile,0.025,3.0
2026-10-03,wk inc covid hosp,3,2026-10-24,54,quantile,0.05,5.0
2026-10-03,wk inc covid hosp,3,2026-10-24,54,quantile,0.1,10.0
2026-10-03,wk inc covid hosp,3,2026-10-24,54,quantile,0.15,13.0
2026-10-03,wk inc covid hosp,3,2026-10-24,54,quantile,0.2,16.0
2026-10-03,wk inc covid hosp,3,2026-10-24,54,quantile,0.25,18.0
2026-10-03,wk inc covid hosp,3,2026-10-24,54,quantile,0.3,20.0
2026-10-03,wk inc covid hosp,3,2026-10-24,54,quantile,0.35,23.0
2026-10-03,wk inc covid hosp,3,2026-10-24,54,quantile,0.4,25.0
2026-10-03,wk inc covid hosp,3,2026-10-24,54,quantile,0.45,28.0
2026-10-03,wk inc covid hosp,3,2026-10-24,54,quantile,0.5,31.0
2026-10-03,wk inc covid hosp,3,2026-10-24,54,quantile,0.55,33.0
2026-10-03,wk inc covid hosp,3,2026-10-24,54,quantile,0.6,36.0
2026-10-03,wk inc covid hosp,3,2026-10-24,54,quantile,0.65,39.0
2026-10-03,wk inc covid hosp,3,2026-10-24,54,quantile,0.7,42.0
2026-10-03,wk inc covid hosp,3,2026-10-24,54,quantile,0.75,45.0
2026-10-03,wk inc covid hosp,3,2026-10-24,54,quantile,0.8,50.0
2026-10-03,wk inc covid hosp,3,2026-10-24,54,quantile,0.85,55.0
2026-10-03,wk inc covid hosp,3,2026-10-24,54,quantile,0.9,62.0
2026-10-03,wk inc covid hosp,3,2026-10-24,54,quantile,0.95,78.0
2026-10-03,wk inc covid hosp,3,2026-10-24,54,quantile,0.975,89.0
2026-10-03,wk inc covid hosp,3,2026-10-24,54,quantile,0.99,107.0
2026-10-03,wk inc covid hosp,3,2026-10-24,55,quantile,0.01,0.0
2026-10-03,wk inc covid hosp,3,2026-10-24,55,quantile,0.025,0.0
2026-10-03,wk inc covid hosp,3,2026-10-24,55,quantile,0.05,0.0
2026-10-03,wk inc covid hosp,3,2026-10-24,55,quantile,0.1,5.0
2026-10-03,wk inc covid hosp,3,2026-10-24,55,quantile,0.15,12.0
2026-10-03,wk inc covid hosp,3,2026-10-24,55,quantile,0.2,17.0
2026-10-03,wk inc covid hosp,3,2026-10-24,55,quantile,0.25,22.0
2026-10-03,wk inc covid hosp,3,2026-10-24,55,quantile,0.3,26.0
2026-10-03,wk inc covid hosp,3,2026-10-24,55,quantile,0.35,30.0
2026-10-03,wk inc covid hosp,3,2026-10-24,55,quantile,0.4,35.0
2026-10-03,wk inc covid hosp,3,2026-10-24,55,quantile,0.45,39.0
2026-10-03,wk inc covid hosp,3,2026-10-24,55,quantile,0.5,45.0
2026-10-03,wk inc covid hosp,3,2026-10-24,55,quantile,0.55,50.0
2026-10-03,wk inc covid hosp,3,2026-10-24,55,quantile,0.6,55.0
2026-10-03,wk inc covid hosp,3,2026-10-24,55,quantile,0.65,61.0
2026-10-03,wk inc covid hosp,3,2026-10-24,55,quantile,0.7,66.0
2026-10-03,wk inc covid hosp,3,2026-10-24,55,quantile,0.75,73.0
2026-10-03,wk inc covid hosp,3,2026-10-24,55,quantile,0.8,81.0
2026-10-03,wk inc covid hosp,3,2026-10-24,55,quantile,0.85,91.0
2026-10-03,wk inc covid hosp,3,2026-10-24,55,quantile,0.9,109.0
2026-10-03,wk inc covid hosp,3,2026-10-24,55,quantile,0.95,138.0
2026-10-03,wk inc covid hosp,3,2026-10-24,55,quantile,0.975,163.0
2026-10-03,wk inc covid hosp,3,2026-10-24,55,quantile,0.99,204.0
2026-10-03,wk inc covid hosp,3,2026-10-24,56,quantile,0.01,0.0
2026-10-03,wk inc covid hosp,3,2026-10-24,56,quantile,0.025,0.0
2026-10-03,wk inc covid hosp,3,2026-10-24,56,quantile,0.05,0.0
2026-10-03,wk inc covid hosp,3,2026-10-24,56,quantile,0.1,0.0
2026-10-03,wk inc covid hosp,3,2026-10-24,56,quantile,0.15,0.0
2026-10-03,wk inc covid hosp,3,2026-10-24,56,quantile,0.2,1.0
2026-10-03,wk inc covid hosp,3,2026-10-24,56,quantile,0.25,1.0
2026-10-03,wk inc covid hosp,3,2026-10-24,56,quantile,0.3,2.0
2026-10-03,wk inc covid hosp,3,2026-10-24,56,quantile,0.35,2.0
2026-10-03,wk inc covid hosp,3,2026-10-24,56,quantile,0.4,3.0
2026-10-03,wk inc covid hosp,3,2026-10-24,56,quantile,0.45,3.0
2026-10-03,wk inc covid hosp,3,2026-10-24,56,quantile,0.5,4.0
2026-10-03,wk inc covid hosp,3,2026-10-24,56,quantile,0.55,4.0
2026-10-03,wk inc covid hosp,3,2026-10-24,56,quantile,0.6,5.0
2026-10-03,wk inc covid hosp,3,2026-10-24,56,quantile,0.65,6.0
2026-10-03,wk inc covid hosp,3,2026-10-24,56,quantile,0.7,6.0
2026-10-03,wk inc covid hosp,3,2026-10-24,56,quantile,0.75,7.0
2026-10-03,wk inc covid hosp,3,2026-10-24,56,quantile,0.8,8.0
2026-10-03,wk inc covid hosp,3,2026-10-24,56,quantile,0.85,9.0
2026-10-03,wk inc covid hosp,3,2026-10-24,56,quantile,0.9,11.0
2026-10-03,wk inc covid hosp,3,2026-10-24,56,quantile,0.95,15.0
2026-10-03,wk inc covid hosp,3,2026-10-24,56,quantile,0.975,18.0
2026-10-03,wk inc covid hosp,3,2026-10-24,56,quantile,0.99,22.0
2026-10-03,wk inc covid hosp,3,2026-10-24,72,quantile,0.01,0.0
2026-10-03,wk inc covid hosp,3,2026-10-24,72,quantile,0.025,0.0
2026-10-03,wk inc covid hosp,3,2026-10-24,72,quantile,0.05,0.0
2026-10-03,wk inc covid hosp,3,2026-10-24,72,quantile,0.1,4.0
2026-10-03,wk inc covid hosp,3,2026-10-24,72,quantile,0.15,11.0
2026-10-03,wk inc covid hosp,3,2026-10-24,72,quantile,0.2,16.0
2026-10-03,wk inc covid hosp,3,2026-10-24,72,quantile,0.25,21.0
2026-10-03,wk inc covid hosp,3,2026-10-24,72,quantile,0.3,26.0
2026-10-03,wk inc covid hosp,3,2026-10-24,72,quantile,0.35,32.0
2026-10-03,wk inc covid hosp,3,2026-10-24,72,quantile,0.4,37.0
2026-10-03,wk inc covid hosp,3,2026-10-24,72,quantile,0.45,43.0
2026-10-03,wk inc covid hosp,3,2026-10-24,72,quantile,0.5,49.0
2026-10-03,wk inc covid hosp,3,2026-10-24,72,quantile,0.55,55.0
2026-10-03,wk inc covid hosp,3,2026-10-24,72,quantile,0.6,62.0
2026-10-03,wk inc covid hosp,3,2026-10-24,72,quantile,0.65,70.0
2026-10-03,wk inc covid hosp,3,2026-10-24,72,quantile,0.7,80.0
2026-10-03,wk inc covid hosp,3,2026-10-24,72,quantile,0.75,88.0
2026-10-03,wk inc covid hosp,3,2026-10-24,72,quantile,0.8,100.0
2026-10-03,wk inc covid hosp,3,2026-10-24,72,quantile,0.85,114.0
2026-10-03,wk inc covid hosp,3,2026-10-24,72,quantile,0.9,140.0
2026-10-03,wk inc covid hosp,3,2026-10-24,72,quantile,0.95,188.0
2026-10-03,wk inc covid hosp,3,2026-10-24,72,quantile,0.975,231.0
2026-10-03,wk inc covid hosp,3,2026-10-24,72,quantile,0.99,286.0
