{"CN1C(=O)C2(OCC(=O)O2)c2ccccc21": 0.6815838813781738, "O=C1Nc2ccccc2C12OCCO2": 0.5021336078643799, "C#CN1C(=O)C2(OCCO2)c2ccccc21": 0.7212180495262146, "O=CN1C(=O)C2(OCCO2)c2ccccc21": 0.7057616114616394, "CN1C(=O)C2(OCCO2)c2ccc(O)cc21": 0.7938037514686584, "CN1CC2(OCCO2)c2ccccc21": 0.44582828879356384, "CN1C(=O)C(OCCO)c2ccccc21": 0.3988388776779175, "CN1C(=O)C2(OCCO2)c2cc(O)ccc21": 0.7821699976921082, "CN1C(=O)C2(OCC(O)O2)c2ccccc21": 0.7419919371604919, "O=C1N2Cc3ccc2c(c3)C12OCCO2": 0.8290311694145203, "O=C1N2Cc3ccc(c2c3)C12OCCO2": 0.755774974822998, "CN1C(=O)C2(OCCO2)c2cccc(N)c21": 0.7662338614463806, "CN1C(=O)C2(OCCO2)c2cc(N)ccc21": 0.7556310296058655, "Cc1cccc2c1N(C)C(=O)C21OCCO1": 0.8576710224151611, "CCOC1(O)C(=O)N(C)c2ccccc21": 0.5045825839042664, "CN1C(=O)C2(OCC(=N)O2)c2ccccc21": 0.874255895614624, "CN1C(=O)C2(OCCO2)c2ccc(N)cc21": 0.7774144411087036, "CN1C(=O)C2(OCC(N)O2)c2ccccc21": 0.7235022783279419, "N=CN1C(=O)C2(OCCO2)c2ccccc21": 0.7539128661155701, "N#CN1C(=O)C2(OCCO2)c2ccccc21": 0.6463175415992737, "Cc1ccc2c(c1)C1(OCCO1)C(=O)N2C": 0.9059114456176758, "O=C1N(CO)c2ccccc2C12OCCO2": 0.8234175443649292, "CNC(=O)C1(c2ccccc2)OCCO1": 0.06264396011829376, "NCN1C(=O)C2(OCCO2)c2ccccc21": 0.6817319393157959, "CC1COC2(O1)C(=O)N(C)c1ccccc12": 0.8437446355819702, "CN(C=O)c1ccccc1C1OCCO1": 0.21034608781337738, "CN1c2ccccc2C2(OCCO2)C1O": 0.6279991269111633, "CN(C(=O)C1OCCO1)c1ccccc1": 0.0, "CN1C(=O)C2(OCCO2)c2cccc(O)c21": 0.8049893379211426, "Cc1ccc2c(c1)N(C)C(=O)C21OCCO1": 0.8174251914024353, "O=C1N2CC3COC1(O3)c1ccccc12": 0.720695972442627, "CN1C(=O)C2(OC#CO2)c2ccccc21": 0.7402153611183167, "CN1C(=O)C2(OCCO2)c2ccccc21": 0.7747951745986938, "O=C1N2C=C3COC1(O3)c1ccccc12": 0.8650832176208496, "O=C1N2Cc3cccc2c3C12OCCO2": 0.7059897780418396, "CN1C(=O)C2(OC=CO2)c2ccccc21": 0.7114967107772827, "C=CN1C(=O)C2(OCCO2)c2ccccc21": 0.8067315220832825, "COC1(OC)C(=O)N(C)c2ccccc21": 0.4081359803676605, "CCN1C(=O)C2(OCCO2)c2ccccc21": 0.8687033653259277, "CNc1ccccc1C1(C=O)OCCO1": 0.31288155913352966, "CN1C(=O)C2(OCCO2)c2c(N)cccc21": 0.7872080206871033, "CN1C(=O)C2(OCCO2)c2c(O)cccc21": 0.8331873416900635, "C=C1COC2(O1)C(=O)N(C)c1ccccc12": 1.0, "Cc1cccc2c1C1(OCCO1)C(=O)N2C": 0.932922899723053}
