reference_date,target,horizon,target_end_date,location,output_type,output_type_id,value
2026-09-05,wk inc covid hosp,0,2026-09-05,01,quantile,0.01,25.0
2026-09-05,wk inc covid hosp,0,2026-09-05,01,quantile,0.025,32.0
2026-09-05,wk inc covid hosp,0,2026-09-05,01,quantile,0.05,39.0
2026-09-05,wk inc covid hosp,0,2026-09-05,01,quantile,0.1,47.0
2026-09-05,wk inc covid hosp,0,2026-09-05,01,quantile,0.15,52.0
2026-09-05,wk inc covid hosp,0,2026-09-05,01,quantile,0.2,56.0
2026-09-05,wk inc covid hosp,0,2026-09-05,01,quantile,0.25,59.0
2026-09-05,wk inc covid hosp,0,2026-09-05,01,quantile,0.3,63.0
2026-09-05,wk inc covid hosp,0,2026-09-05,01,quantile,0.35,65.0
2026-09-05,wk inc covid hosp,0,2026-09-05,01,quantile,0.4,68.0
2026-09-05,wk inc covid hosp,0,2026-09-05,01,quantile,0.45,71.0
2026-09-05,wk inc covid hosp,0,2026-09-05,01,quantile,0.5,74.0
2026-09-05,wk inc covid hosp,0,2026-09-05,01,quantile,0.55,76.0
2026-09-05,wk inc covid hosp,0,2026-09-05,01,quantile,0.6,79.0
2026-09-05,wk inc covid hosp,0,2026-09-05,01,quantile,0.65,82.0
2026-09-05,wk inc covid hosp,0,2026-09-05,01,quantile,0.7,85.0
2026-09-05,wk inc covid hosp,0,2026-09-05,01,quantile,0.75,88.0
2026-09-05,wk inc covid hosp,0,2026-09-05,01,quantile,0.8,91.0
2026-09-05,wk inc covid hosp,0,2026-09-05,01,quantile,0.85,95.0
2026-09-05,wk inc covid hosp,0,2026-09-05,01,quantile,0.9,100.0
2026-09-05,wk inc covid hosp,0,2026-09-05,01,quantile,0.95,108.0
2026-09-05,wk inc covid hosp,0,2026-09-05,01,quantile,0.975,115.0
2026-09-05,wk inc covid hosp,0,2026-09-05,01,quantile,0.99,122.0
2026-09-05,wk inc covid hosp,0,2026-09-05,02,quantile,0.01,0.0
2026-09-05,wk inc covid hosp,0,2026-09-05,02,quantile,0.025,0.0
2026-09-05,wk inc covid hosp,0,2026-09-05,02,quantile,0.05,0.0
2026-09-05,wk inc covid hosp,0,2026-09-05,02,quantile,0.1,1.0
2026-09-05,wk inc covid hosp,0,2026-09-05,02,quantile,0.15,1.0
2026-09-05,wk inc covid hosp,0,2026-09-05,02,quantile,0.2,1.0
2026-09-05,wk inc covid hosp,0,2026-09-05,02,quantile,0.25,1.0
2026-09-05,wk inc covid hosp,0,2026-09-05,02,quantile,0.3,2.0
2026-09-05,wk inc covid hosp,0,2026-09-05,02,quantile,0.35,3.0
2026-09-05,wk inc covid hosp,0,2026-09-05,02,quantile,0.4,3.0
2026-09-05,wk inc covid hosp,0,2026-09-05,02,quantile,0.45,4.0
2026-09-05,wk inc covid hosp,0,2026-09-05,02,quantile,0.5,4.0
2026-09-05,wk inc covid hosp,0,2026-09-05,02,quantile,0.55,5.0
2026-09-05,wk inc covid hosp,0,2026-09-05,02,quantile,0.6,5.0
2026-09-05,wk inc covid hosp,0,2026-09-05,02,quantile,0.65,6.0
2026-09-05,wk inc covid hosp,0,2026-09-05,02,quantile,0.7,6.0
2026-09-05,wk inc covid hosp,0,2026-09-05,02,quantile,0.75,7.0
2026-09-05,wk inc covid hosp,0,2026-09-05,02,quantile,0.8,8.0
2026-09-05,wk inc covid hosp,0,2026-09-05,02,quantile,0.85,8.0
2026-09-05,wk inc covid hosp,0,2026-09-05,02,quantile,0.9,9.0
2026-09-05,wk inc covid hosp,0,2026-09-05,02,quantile,0.95,11.0
2026-09-05,wk inc covid hosp,0,2026-09-05,02,quantile,0.975,12.0
2026-09-05,wk inc covid hosp,0,2026-09-05,02,quantile,0.99,13.0
2026-09-05,wk inc covid hosp,0,2026-09-05,04,quantile,0.01,38.0
2026-09-05,wk inc covid hosp,0,2026-09-05,04,quantile,0.025,45.0
2026-09-05,wk inc covid hosp,0,2026-09-05,04,quantile,0.05,50.0
2026-09-05,wk inc covid hosp,0,2026-09-05,04,quantile,0.1,57.0
2026-09-05,wk inc covid hosp,0,2026-09-05,04,quantile,0.15,61.0
2026-09-05,wk inc covid hosp,0,2026-09-05,04,quantile,0.2,65.0
2026-09-05,wk inc covid hosp,0,2026-09-05,04,quantile,0.25,68.0
2026-09-05,wk inc covid hosp,0,2026-09-05,04,quantile,0.3,70.0
2026-09-05,wk inc covid hosp,0,2026-09-05,04,quantile,0.35,73.0
2026-09-05,wk inc covid hosp,0,2026-09-05,04,quantile,0.4,75.0
2026-09-05,wk inc covid hosp,0,2026-09-05,04,quantile,0.45,77.0
2026-09-05,wk inc covid hosp,0,2026-09-05,04,quantile,0.5,80.0
2026-09-05,wk inc covid hosp,0,2026-09-05,04,quantile,0.55,82.0
2026-09-05,wk inc covid hosp,0,2026-09-05,04,quantile,0.6,84.0
2026-09-05,wk inc covid hosp,0,2026-09-05,04,quantile,0.65,87.0
2026-09-05,wk inc covid hosp,0,2026-09-05,04,quantile,0.7,89.0
2026-09-05,wk inc covid hosp,0,2026-09-05,04,quantile,0.75,92.0
2026-09-05,wk inc covid hosp,0,2026-09-05,04,quantile,0.8,95.0
2026-09-05,wk inc covid hosp,0,2026-09-05,04,quantile,0.85,98.0
2026-09-05,wk inc covid hosp,0,2026-09-05,04,quantile,0.9,103.0
2026-09-05,wk inc covid hosp,0,2026-09-05,04,quantile,0.95,109.0
2026-09-05,wk inc covid hosp,0,2026-09-05,04,quantile,0.975,115.0
2026-09-05,wk inc covid hosp,0,2026-09-05,04,quantile,0.99,121.0
2026-09-05,wk inc covid hosp,0,2026-09-05,05,quantile,0.01,3.0
2026-09-05,wk inc covid hosp,0,2026-09-05,05,quantile,0.025,4.0
2026-09-05,wk inc covid hosp,0,2026-09-05,05,quantile,0.05,5.0
2026-09-05,wk inc covid hosp,0,2026-09-05,05,quantile,0.1,7.0
2026-09-05,wk inc covid hosp,0,2026-09-05,05,quantile,0.15,8.0
2026-09-05,wk inc covid hosp,0,2026-09-05,05,quantile,0.2,8.0
2026-09-05,wk inc covid hosp,0,2026-09-05,05,quantile,0.25,9.0
2026-09-05,wk inc covid hosp,0,2026-09-05,05,quantile,0.3,10.0
2026-09-05,wk inc covid hosp,0,2026-09-05,05,quantile,0.35,10.0
2026-09-05,wk inc covid hosp,0,2026-09-05,05,quantile,0.4,11.0
2026-09-05,wk inc covid hosp,0,2026-09-05,05,quantile,0.45,11.0
2026-09-05,wk inc covid hosp,0,2026-09-05,05,quantile,0.5,12.0
2026-09-05,wk inc covid hosp,0,2026-09-05,05,quantile,0.55,12.0
2026-09-05,wk inc covid hosp,0,2026-09-05,05,quantile,0.6,13.0
2026-09-05,wk inc covid hosp,0,2026-09-05,05,quantile,0.65,13.0
2026-09-05,wk inc covid hosp,0,2026-09-05,05,quantile,0.7,14.0
2026-09-05,wk inc covid hosp,0,2026-09-05,05,quantile,0.75,15.0
2026-09-05,wk inc covid hosp,0,2026-09-05,05,quantile,0.8,15.0
2026-09-05,wk inc covid hosp,0,2026-09-05,05,quantile,0.85,16.0
2026-09-05,wk inc covid hosp,0,2026-09-05,05,quantile,0.9,17.0
2026-09-05,wk inc covid hosp,0,2026-09-05,05,quantile,0.95,18.0
2026-09-05,wk inc covid hosp,0,2026-09-05,05,quantile,0.975,20.0
2026-09-05,wk inc covid hosp,0,2026-09-05,05,quantile,0.99,21.0
2026-09-05,wk inc covid hosp,0,2026-09-05,06,quantile,0.01,291.0
2026-09-05,wk inc covid hosp,0,2026-09-05,06,quantile,0.025,326.0
2026-09-05,wk inc covid hosp,0,2026-09-05,06,quantile,0.05,355.0
2026-09-05,wk inc covid hosp,0,2026-09-05,06,quantile,0.1,389.0
2026-09-05,wk inc covid hosp,0,2026-09-05,06,quantile,0.15,412.0
2026-09-05,wk inc covid hosp,0,2026-09-05,06,quantile,0.2,431.0
2026-09-05,wk inc covid hosp,0,2026-09-05,06,quantile,0.25,446.0
2026-09-05,wk inc covid hosp,0,2026-09-05,06,quantile,0.3,461.0
2026-09-05,wk inc covid hosp,0,2026-09-05,06,quantile,0.35,474.0
2026-09-05,wk inc covid hosp,0,2026-09-05,06,quantile,0.4,486.0
2026-09-05,wk inc covid hosp,0,2026-09-05,06,quantile,0.45,498.0
2026-09-05,wk inc covid hosp,0,2026-09-05,06,quantile,0.5,510.0
2026-09-05,wk inc covid hosp,0,2026-09-05,06,quantile,0.55,522.0
2026-09-05,wk inc covid hosp,0,2026-09-05,06,quantile,0.6,533.0
2026-09-05,wk inc covid hosp,0,2026-09-05,06,quantile,0.65,546.0
2026-09-05,wk inc covid hosp,0,2026-09-05,06,quantile,0.7,559.0
2026-09-05,wk inc covid hosp,0,2026-09-05,06,quantile,0.75,573.0
2026-09-05,wk inc covid hosp,0,2026-09-05,06,quantile,0.8,589.0
2026-09-05,wk inc covid hosp,0,2026-09-05,06,quantile,0.85,607.0
2026-09-05,wk inc covid hosp,0,2026-09-05,06,quantile,0.9,630.0
2026-09-05,wk inc covid hosp,0,2026-09-05,06,quantile,0.95,664.0
2026-09-05,wk inc covid hosp,0,2026-09-05,06,quantile,0.975,694.0
2026-09-05,wk inc covid hosp,0,2026-09-05,06,quantile,0.99,728.0
2026-09-05,wk inc covid hosp,0,2026-09-05,08,quantile,0.01,2.0
2026-09-05,wk inc covid hosp,0,2026-09-05,08,quantile,0.025,3.0
2026-09-05,wk inc covid hosp,0,2026-09-05,08,quantile,0.05,7.0
2026-09-05,wk inc covid hosp,0,2026-09-05,08,quantile,0.1,10.0
2026-09-05,wk inc covid hosp,0,2026-09-05,08,quantile,0.15,13.0
2026-09-05,wk inc covid hosp,0,2026-09-05,08,quantile,0.2,15.0
2026-09-05,wk inc covid hosp,0,2026-09-05,08,quantile,0.25,17.0
2026-09-05,wk inc covid hosp,0,2026-09-05,08,quantile,0.3,18.0
2026-09-05,wk inc covid hosp,0,2026-09-05,08,quantile,0.35,20.0
2026-09-05,wk inc covid hosp,0,2026-09-05,08,quantile,0.4,21.0
2026-09-05,wk inc covid hosp,0,2026-09-05,08,quantile,0.45,22.0
2026-09-05,wk inc covid hosp,0,2026-09-05,08,quantile,0.5,24.0
2026-09-05,wk inc covid hosp,0,2026-09-05,08,quantile,0.55,25.0
2026-09-05,wk inc covid hosp,0,2026-09-05,08,quantile,0.6,26.0
2026-09-05,wk inc covid hosp,0,2026-09-05,08,quantile,0.65,27.0
2026-09-05,wk inc covid hosp,0,2026-09-05,08,quantile,0.7,29.0
2026-09-05,wk inc covid hosp,0,2026-09-05,08,quantile,0.75,30.0
2026-09-05,wk inc covid hosp,0,2026-09-05,08,quantile,0.8,32.0
2026-09-05,wk inc covid hosp,0,2026-09-05,08,quantile,0.85,34.0
2026-09-05,wk inc covid hosp,0,2026-09-05,08,quantile,0.9,37.0
2026-09-05,wk inc covid hosp,0,2026-09-05,08,quantile,0.95,40.0
2026-09-05,wk inc covid hosp,0,2026-09-05,08,quantile,0.975,44.0
2026-09-05,wk inc covid hosp,0,2026-09-05,08,quantile,0.99,47.0
2026-09-05,wk inc covid hosp,0,2026-09-05,09,quantile,0.01,4.0
2026-09-05,wk inc covid hosp,0,2026-09-05,09,quantile,0.025,6.0
2026-09-05,wk inc covid hosp,0,2026-09-05,09,quantile,0.05,8.0
2026-09-05,wk inc covid hosp,0,2026-09-05,09,quantile,0.1,9.0
2026-09-05,wk inc covid hosp,0,2026-09-05,09,quantile,0.15,11.0
2026-09-05,wk inc covid hosp,0,2026-09-05,09,quantile,0.2,12.0
2026-09-05,wk inc covid hosp,0,2026-09-05,09,quantile,0.25,13.0
2026-09-05,wk inc covid hosp,0,2026-09-05,09,quantile,0.3,14.0
2026-09-05,wk inc covid hosp,0,2026-09-05,09,quantile,0.35,14.0
2026-09-05,wk inc covid hosp,0,2026-09-05,09,quantile,0.4,15.0
2026-09-05,wk inc covid hosp,0,2026-09-05,09,quantile,0.45,16.0
2026-09-05,wk inc covid hosp,0,2026-09-05,09,quantile,0.5,16.0
2026-09-05,wk inc covid hosp,0,2026-09-05,09,quantile,0.55,17.0
2026-09-05,wk inc covid hosp,0,2026-09-05,09,quantile,0.6,18.0
2026-09-05,wk inc covid hosp,0,2026-09-05,09,quantile,0.65,18.0
2026-09-05,wk inc covid hosp,0,2026-09-05,09,quantile,0.7,19.0
2026-09-05,wk inc covid hosp,0,2026-09-05,09,quantile,0.75,20.0
2026-09-05,wk inc covid hosp,0,2026-09-05,09,quantile,0.8,21.0
2026-09-05,wk inc covid hosp,0,2026-09-05,09,quantile,0.85,22.0
2026-09-05,wk inc covid hosp,0,2026-09-05,09,quantile,0.9,23.0
2026-09-05,wk inc covid hosp,0,2026-09-05,09,quantile,0.95,25.0
2026-09-05,wk inc covid hosp,0,2026-09-05,09,quantile,0.975,27.0
2026-09-05,wk inc covid hosp,0,2026-09-05,09,quantile,0.99,29.0
2026-09-05,wk inc covid hosp,0,2026-09-05,10,quantile,0.01,1.0
2026-09-05,wk inc covid hosp,0,2026-09-05,10,quantile,0.025,1.0
2026-09-05,wk inc covid hosp,0,2026-09-05,10,quantile,0.05,1.0
2026-09-05,wk inc covid hosp,0,2026-09-05,10,quantile,0.1,1.0
2026-09-05,wk inc covid hosp,0,2026-09-05,10,quantile,0.15,2.0
2026-09-05,wk inc covid hosp,0,2026-09-05,10,quantile,0.2,3.0
2026-09-05,wk inc covid hosp,0,2026-09-05,10,quantile,0.25,3.0
2026-09-05,wk inc covid hosp,0,2026-09-05,10,quantile,0.3,4.0
2026-09-05,wk inc covid hosp,0,2026-09-05,10,quantile,0.35,4.0
2026-09-05,wk inc covid hosp,0,2026-09-05,10,quantile,0.4,4.0
2026-09-05,wk inc covid hosp,0,2026-09-05,10,quantile,0.45,5.0
2026-09-05,wk inc covid hosp,0,2026-09-05,10,quantile,0.5,5.0
2026-09-05,wk inc covid hosp,0,2026-09-05,10,quantile,0.55,6.0
2026-09-05,wk inc covid hosp,0,2026-09-05,10,quantile,0.6,6.0
2026-09-05,wk inc covid hosp,0,2026-09-05,10,quantile,0.65,7.0
2026-09-05,wk inc covid hosp,0,2026-09-05,10,quantile,0.7,7.0
2026-09-05,wk inc covid hosp,0,2026-09-05,10,quantile,0.75,7.0
2026-09-05,wk inc covid hosp,0,2026-09-05,10,quantile,0.8,8.0
2026-09-05,wk inc covid hosp,0,2026-09-05,10,quantile,0.85,9.0
2026-09-05,wk inc covid hosp,0,2026-09-05,10,quantile,0.9,9.0
2026-09-05,wk inc covid hosp,0,2026-09-05,10,quantile,0.95,11.0
2026-09-05,wk inc covid hosp,0,2026-09-05,10,quantile,0.975,12.0
2026-09-05,wk inc covid hosp,0,2026-09-05,10,quantile,0.99,13.0
2026-09-05,wk inc covid hosp,0,2026-09-05,11,quantile,0.01,0.0
2026-09-05,wk inc covid hosp,0,2026-09-05,11,quantile,0.025,0.0
2026-09-05,wk inc covid hosp,0,2026-09-05,11,quantile,0.05,0.0
2026-09-05,wk inc covid hosp,0,2026-09-05,11,quantile,0.1,1.0
2026-09-05,wk inc covid hosp,0,2026-09-05,11,quantile,0.15,1.0
2026-09-05,wk inc covid hosp,0,2026-09-05,11,quantile,0.2,1.0
2026-09-05,wk inc covid hosp,0,2026-09-05,11,quantile,0.25,2.0
2026-09-05,wk inc covid hosp,0,2026-09-05,11,quantile,0.3,2.0
2026-09-05,wk inc covid hosp,0,2026-09-05,11,quantile,0.35,3.0
2026-09-05,wk inc covid hosp,0,2026-09-05,11,quantile,0.4,3.0
2026-09-05,wk inc covid hosp,0,2026-09-05,11,quantile,0.45,4.0
2026-09-05,wk inc covid hosp,0,2026-09-05,11,quantile,0.5,4.0
2026-09-05,wk inc covid hosp,0,2026-09-05,11,quantile,0.55,5.0
2026-09-05,wk inc covid hosp,0,2026-09-05,11,quantile,0.6,5.0
2026-09-05,wk inc covid hosp,0,2026-09-05,11,quantile,0.65,5.0
2026-09-05,wk inc covid hosp,0,2026-09-05,11,quantile,0.7,6.0
2026-09-05,wk inc covid hosp,0,2026-09-05,11,quantile,0.75,6.0
2026-09-05,wk inc covid hosp,0,2026-09-05,11,quantile,0.8,7.0
2026-09-05,wk inc covid hosp,0,2026-09-05,11,quantile,0.85,8.0
2026-09-05,wk inc covid hosp,0,2026-09-05,11,quantile,0.9,8.0
2026-09-05,wk inc covid hosp,0,2026-09-05,11,quantile,0.95,10.0
2026-09-05,wk inc covid hosp,0,2026-09-05,11,quantile,0.975,11.0
2026-09-05,wk inc covid hosp,0,2026-09-05,11,quantile,0.99,12.0
2026-09-05,wk inc covid hosp,0,2026-09-05,12,quantile,0.01,227.0
2026-09-05,wk inc covid hosp,0,2026-09-05,12,quantile,0.025,254.0
2026-09-05,wk inc covid hosp,0,2026-09-05,12,quantile,0.05,278.0
2026-09-05,wk inc covid hosp,0,2026-09-05,12,quantile,0.1,305.0
2026-09-05,wk inc covid hosp,0,2026-09-05,12,quantile,0.15,323.0
2026-09-05,wk inc covid hosp,0,2026-09-05,12,quantile,0.2,337.0
2026-09-05,wk inc covid hosp,0,2026-09-05,12,quantile,0.25,350.0
2026-09-05,wk inc covid hosp,0,2026-09-05,12,quantile,0.3,361.0
2026-09-05,wk inc covid hosp,0,2026-09-05,12,quantile,0.35,371.0
2026-09-05,wk inc covid hosp,0,2026-09-05,12,quantile,0.4,381.0
2026-09-05,wk inc covid hosp,0,2026-09-05,12,quantile,0.45,390.0
2026-09-05,wk inc covid hosp,0,2026-09-05,12,quantile,0.5,400.0
2026-09-05,wk inc covid hosp,0,2026-09-05,12,quantile,0.55,409.0
2026-09-05,wk inc covid hosp,0,2026-09-05,12,quantile,0.6,418.0
2026-09-05,wk inc covid hosp,0,2026-09-05,12,quantile,0.65,428.0
2026-09-05,wk inc covid hosp,0,2026-09-05,12,quantile,0.7,438.0
2026-09-05,wk inc covid hosp,0,2026-09-05,12,quantile,0.75,449.0
2026-09-05,wk inc covid hosp,0,2026-09-05,12,quantile,0.8,462.0
2026-09-05,wk inc covid hosp,0,2026-09-05,12,quantile,0.85,476.0
2026-09-05,wk inc covid hosp,0,2026-09-05,12,quantile,0.9,494.0
2026-09-05,wk inc covid hosp,0,2026-09-05,12,quantile,0.95,521.0
2026-09-05,wk inc covid hosp,0,2026-09-05,12,quantile,0.975,545.0
2026-09-05,wk inc covid hosp,0,2026-09-05,12,quantile,0.99,572.0
2026-09-05,wk inc covid hosp,0,2026-09-05,13,quantile,0.01,46.0
2026-09-05,wk inc covid hosp,0,2026-09-05,13,quantile,0.025,58.0
2026-09-05,wk inc covid hosp,0,2026-09-05,13,quantile,0.05,69.0
2026-09-05,wk inc covid hosp,0,2026-09-05,13,quantile,0.1,81.0
2026-09-05,wk inc covid hosp,0,2026-09-05,13,quantile,0.15,89.0
2026-09-05,wk inc covid hosp,0,2026-09-05,13,quantile,0.2,96.0
2026-09-05,wk inc covid hosp,0,2026-09-05,13,quantile,0.25,101.0
2026-09-05,wk inc covid hosp,0,2026-09-05,13,quantile,0.3,106.0
2026-09-05,wk inc covid hosp,0,2026-09-05,13,quantile,0.35,111.0
2026-09-05,wk inc covid hosp,0,2026-09-05,13,quantile,0.4,115.0
2026-09-05,wk inc covid hosp,0,2026-09-05,13,quantile,0.45,119.0
2026-09-05,wk inc covid hosp,0,2026-09-05,13,quantile,0.5,123.0
2026-09-05,wk inc covid hosp,0,2026-09-05,13,quantile,0.55,128.0
2026-09-05,wk inc covid hosp,0,2026-09-05,13,quantile,0.6,132.0
2026-09-05,wk inc covid hosp,0,2026-09-05,13,quantile,0.65,136.0
2026-09-05,wk inc covid hosp,0,2026-09-05,13,quantile,0.7,141.0
2026-09-05,wk inc covid hosp,0,2026-09-05,13,quantile,0.75,146.0
2026-09-05,wk inc covid hosp,0,2026-09-05,13,quantile,0.8,151.0
2026-09-05,wk inc covid hosp,0,2026-09-05,13,quantile,0.85,158.0
2026-09-05,wk inc covid hosp,0,2026-09-05,13,quantile,0.9,166.0
2026-09-05,wk inc covid hosp,0,2026-09-05,13,quantile,0.95,178.0
2026-09-05,wk inc covid hosp,0,2026-09-05,13,quantile,0.975,189.0
2026-09-05,wk inc covid hosp,0,2026-09-05,13,quantile,0.99,201.0
2026-09-05,wk inc covid hosp,0,2026-09-05,15,quantile,0.01,1.0
2026-09-05,wk inc covid hosp,0,2026-09-05,15,quantile,0.025,1.0
2026-09-05,wk inc covid hosp,0,2026-09-05,15,quantile,0.05,3.0
2026-09-05,wk inc covid hosp,0,2026-09-05,15,quantile,0.1,9.0
2026-09-05,wk inc covid hosp,0,2026-09-05,15,quantile,0.15,13.0
2026-09-05,wk inc covid hosp,0,2026-09-05,15,quantile,0.2,16.0
2026-09-05,wk inc covid hosp,0,2026-09-05,15,quantile,0.25,18.0
2026-09-05,wk inc covid hosp,0,2026-09-05,15,quantile,0.3,20.0
2026-09-05,wk inc covid hosp,0,2026-09-05,15,quantile,0.35,23.0
2026-09-05,wk inc covid hosp,0,2026-09-05,15,quantile,0.4,25.0
2026-09-05,wk inc covid hosp,0,2026-09-05,15,quantile,0.45,27.0
2026-09-05,wk inc covid hosp,0,2026-09-05,15,quantile,0.5,28.0
2026-09-05,wk inc covid hosp,0,2026-09-05,15,quantile,0.55,30.0
2026-09-05,wk inc covid hosp,0,2026-09-05,15,quantile,0.6,32.0
2026-09-05,wk inc covid hosp,0,2026-09-05,15,quantile,0.65,34.0
2026-09-05,wk inc covid hosp,0,2026-09-05,15,quantile,0.7,36.0
2026-09-05,wk inc covid hosp,0,2026-09-05,15,quantile,0.75,39.0
2026-09-05,wk inc covid hosp,0,2026-09-05,15,quantile,0.8,41.0
2026-09-05,wk inc covid hosp,0,2026-09-05,15,quantile,0.85,44.0
2026-09-05,wk inc covid hosp,0,2026-09-05,15,quantile,0.9,48.0
2026-09-05,wk inc covid hosp,0,2026-09-05,15,quantile,0.95,53.0
2026-09-05,wk inc covid hosp,0,2026-09-05,15,quantile,0.975,58.0
2026-09-05,wk inc covid hosp,0,2026-09-05,15,quantile,0.99,64.0
2026-09-05,wk inc covid hosp,0,2026-09-05,16,quantile,0.01,1.0
2026-09-05,wk inc covid hosp,0,2026-09-05,16,quantile,0.025,1.0
2026-09-05,wk inc covid hosp,0,2026-09-05,16,quantile,0.05,1.0
2026-09-05,wk inc covid hosp,0,2026-09-05,16,quantile,0.1,1.0
2026-09-05,wk inc covid hosp,0,2026-09-05,16,quantile,0.15,2.0
2026-09-05,wk inc covid hosp,0,2026-09-05,16,quantile,0.2,3.0
2026-09-05,wk inc covid hosp,0,2026-09-05,16,quantile,0.25,5.0
2026-09-05,wk inc covid hosp,0,2026-09-05,16,quantile,0.3,7.0
2026-09-05,wk inc covid hosp,0,2026-09-05,16,quantile,0.35,9.0
2026-09-05,wk inc covid hosp,0,2026-09-05,16,quantile,0.4,10.0
2026-09-05,wk inc covid hosp,0,2026-09-05,16,quantile,0.45,12.0
2026-09-05,wk inc covid hosp,0,2026-09-05,16,quantile,0.5,14.0
2026-09-05,wk inc covid hosp,0,2026-09-05,16,quantile,0.55,16.0
2026-09-05,wk inc covid hosp,0,2026-09-05,16,quantile,0.6,17.0
2026-09-05,wk inc covid hosp,0,2026-09-05,16,quantile,0.65,19.0
2026-09-05,wk inc covid hosp,0,2026-09-05,16,quantile,0.7,21.0
2026-09-05,wk inc covid hosp,0,2026-09-05,16,quantile,0.75,23.0
2026-09-05,wk inc covid hosp,0,2026-09-05,16,quantile,0.8,25.0
2026-09-05,wk inc covid hosp,0,2026-09-05,16,quantile,0.85,28.0
2026-09-05,wk inc covid hosp,0,2026-09-05,16,quantile,0.9,31.0
2026-09-05,wk inc covid hosp,0,2026-09-05,16,quantile,0.95,36.0
2026-09-05,wk inc covid hosp,0,2026-09-05,16,quantile,0.975,40.0
2026-09-05,wk inc covid hosp,0,2026-09-05,16,quantile,0.99,45.0
2026-09-05,wk inc covid hosp,0,2026-09-05,17,quantile,0.01,7.0
2026-09-05,wk inc covid hosp,0,2026-09-05,17,quantile,0.025,12.0
2026-09-05,wk inc covid hosp,0,2026-09-05,17,quantile,0.05,17.0
2026-09-05,wk inc covid hosp,0,2026-09-05,17,quantile,0.1,23.0
2026-09-05,wk inc covid hosp,0,2026-09-05,17,quantile,0.15,27.0
2026-09-05,wk inc covid hosp,0,2026-09-05,17,quantile,0.2,30.0
2026-09-05,wk inc covid hosp,0,2026-09-05,17,quantile,0.25,33.0
2026-09-05,wk inc covid hosp,0,2026-09-05,17,quantile,0.3,35.0
2026-09-05,wk inc covid hosp,0,2026-09-05,17,quantile,0.35,37.0
2026-09-05,wk inc covid hosp,0,2026-09-05,17,quantile,0.4,40.0
2026-09-05,wk inc covid hosp,0,2026-09-05,17,quantile,0.45,42.0
2026-09-05,wk inc covid hosp,0,2026-09-05,17,quantile,0.5,44.0
2026-09-05,wk inc covid hosp,0,2026-09-05,17,quantile,0.55,46.0
2026-09-05,wk inc covid hosp,0,2026-09-05,17,quantile,0.6,48.0
2026-09-05,wk inc covid hosp,0,2026-09-05,17,quantile,0.65,50.0
2026-09-05,wk inc covid hosp,0,2026-09-05,17,quantile,0.7,52.0
2026-09-05,wk inc covid hosp,0,2026-09-05,17,quantile,0.75,55.0
2026-09-05,wk inc covid hosp,0,2026-09-05,17,quantile,0.8,57.0
2026-09-05,wk inc covid hosp,0,2026-09-05,17,quantile,0.85,60.0
2026-09-05,wk inc covid hosp,0,2026-09-05,17,quantile,0.9,64.0
2026-09-05,wk inc covid hosp,0,2026-09-05,17,quantile,0.95,70.0
2026-09-05,wk inc covid hosp,0,2026-09-05,17,quantile,0.975,75.0
2026-09-05,wk inc covid hosp,0,2026-09-05,17,quantile,0.99,81.0
2026-09-05,wk inc covid hosp,0,2026-09-05,18,quantile,0.01,4.0
2026-09-05,wk inc covid hosp,0,2026-09-05,18,quantile,0.025,4.0
2026-09-05,wk inc covid hosp,0,2026-09-05,18,quantile,0.05,5.0
2026-09-05,wk inc covid hosp,0,2026-09-05,18,quantile,0.1,6.0
2026-09-05,wk inc covid hosp,0,2026-09-05,18,quantile,0.15,8.0
2026-09-05,wk inc covid hosp,0,2026-09-05,18,quantile,0.2,10.0
2026-09-05,wk inc covid hosp,0,2026-09-05,18,quantile,0.25,11.0
2026-09-05,wk inc covid hosp,0,2026-09-05,18,quantile,0.3,13.0
2026-09-05,wk inc covid hosp,0,2026-09-05,18,quantile,0.35,14.0
2026-09-05,wk inc covid hosp,0,2026-09-05,18,quantile,0.4,15.0
2026-09-05,wk inc covid hosp,0,2026-09-05,18,quantile,0.45,16.0
2026-09-05,wk inc covid hosp,0,2026-09-05,18,quantile,0.5,17.0
2026-09-05,wk inc covid hosp,0,2026-09-05,18,quantile,0.55,19.0
2026-09-05,wk inc covid hosp,0,2026-09-05,18,quantile,0.6,20.0
2026-09-05,wk inc covid hosp,0,2026-09-05,18,quantile,0.65,21.0
2026-09-05,wk inc covid hosp,0,2026-09-05,18,quantile,0.7,22.0
2026-09-05,wk inc covid hosp,0,2026-09-05,18,quantile,0.75,24.0
2026-09-05,wk inc covid hosp,0,2026-09-05,18,quantile,0.8,25.0
2026-09-05,wk inc covid hosp,0,2026-09-05,18,quantile,0.85,27.0
2026-09-05,wk inc covid hosp,0,2026-09-05,18,quantile,0.9,29.0
2026-09-05,wk inc covid hosp,0,2026-09-05,18,quantile,0.95,33.0
2026-09-05,wk inc covid hosp,0,2026-09-05,18,quantile,0.975,36.0
2026-09-05,wk inc covid hosp,0,2026-09-05,18,quantile,0.99,39.0
2026-09-05,wk inc covid hosp,0,2026-09-05,19,quantile,0.01,2.0
2026-09-05,wk inc covid hosp,0,2026-09-05,19,quantile,0.025,2.0
2026-09-05,wk inc covid hosp,0,2026-09-05,19,quantile,0.05,3.0
2026-09-05,wk inc covid hosp,0,2026-09-05,19,quantile,0.1,4.0
2026-09-05,wk inc covid hosp,0,2026-09-05,19,quantile,0.15,5.0
2026-09-05,wk inc covid hosp,0,2026-09-05,19,quantile,0.2,5.0
2026-09-05,wk inc covid hosp,0,2026-09-05,19,quantile,0.25,6.0
2026-09-05,wk inc covid hosp,0,2026-09-05,19,quantile,0.3,7.0
2026-09-05,wk inc covid hosp,0,2026-09-05,19,quantile,0.35,7.0
2026-09-05,wk inc covid hosp,0,2026-09-05,19,quantile,0.4,7.0
2026-09-05,wk inc covid hosp,0,2026-09-05,19,quantile,0.45,8.0
2026-09-05,wk inc covid hosp,0,2026-09-05,19,quantile,0.5,8.0
2026-09-05,wk inc covid hosp,0,2026-09-05,19,quantile,0.55,9.0
2026-09-05,wk inc covid hosp,0,2026-09-05,19,quantile,0.6,9.0
2026-09-05,wk inc covid hosp,0,2026-09-05,19,quantile,0.65,10.0
2026-09-05,wk inc covid hosp,0,2026-09-05,19,quantile,0.7,10.0
2026-09-05,wk inc covid hosp,0,2026-09-05,19,quantile,0.75,10.0
2026-09-05,wk inc covid hosp,0,2026-09-05,19,quantile,0.8,11.0
2026-09-05,wk inc covid hosp,0,2026-09-05,19,quantile,0.85,12.0
2026-09-05,wk inc covid hosp,0,2026-09-05,19,quantile,0.9,12.0
2026-09-05,wk inc covid hosp,0,2026-09-05,19,quantile,0.95,14.0
2026-09-05,wk inc covid hosp,0,2026-09-05,19,quantile,0.975,15.0
2026-09-05,wk inc covid hosp,0,2026-09-05,19,quantile,0.99,16.0
2026-09-05,wk inc covid hosp,0,2026-09-05,20,quantile,0.01,2.0
2026-09-05,wk inc covid hosp,0,2026-09-05,20,quantile,0.025,2.0
2026-09-05,wk inc covid hosp,0,2026-09-05,20,quantile,0.05,2.0
2026-09-05,wk inc covid hosp,0,2026-09-05,20,quantile,0.1,3.0
2026-09-05,wk inc covid hosp,0,2026-09-05,20,quantile,0.15,4.0
2026-09-05,wk inc covid hosp,0,2026-09-05,20,quantile,0.2,5.0
2026-09-05,wk inc covid hosp,0,2026-09-05,20,quantile,0.25,6.0
2026-09-05,wk inc covid hosp,0,2026-09-05,20,quantile,0.3,7.0
2026-09-05,wk inc covid hosp,0,2026-09-05,20,quantile,0.35,8.0
2026-09-05,wk inc covid hosp,0,2026-09-05,20,quantile,0.4,8.0
2026-09-05,wk inc covid hosp,0,2026-09-05,20,quantile,0.45,9.0
2026-09-05,wk inc covid hosp,0,2026-09-05,20,quantile,0.5,10.0
2026-09-05,wk inc covid hosp,0,2026-09-05,20,quantile,0.55,10.0
2026-09-05,wk inc covid hosp,0,2026-09-05,20,quantile,0.6,11.0
2026-09-05,wk inc covid hosp,0,2026-09-05,20,quantile,0.65,12.0
2026-09-05,wk inc covid hosp,0,2026-09-05,20,quantile,0.7,12.0
2026-09-05,wk inc covid hosp,0,2026-09-05,20,quantile,0.75,13.0
2026-09-05,wk inc covid hosp,0,2026-09-05,20,quantile,0.8,14.0
2026-09-05,wk inc covid hosp,0,2026-09-05,20,quantile,0.85,15.0
2026-09-05,wk inc covid hosp,0,2026-09-05,20,quantile,0.9,16.0
2026-09-05,wk inc covid hosp,0,2026-09-05,20,quantile,0.95,18.0
2026-09-05,wk inc covid hosp,0,2026-09-05,20,quantile,0.975,20.0
2026-09-05,wk inc covid hosp,0,2026-09-05,20,quantile,0.99,22.0
2026-09-05,wk inc covid hosp,0,2026-09-05,21,quantile,0.01,8.0
2026-09-05,wk inc covid hosp,0,2026-09-05,21,quantile,0.025,10.0
2026-09-05,wk inc covid hosp,0,2026-09-05,21,quantile,0.05,12.0
2026-09-05,wk inc covid hosp,0,2026-09-05,21,quantile,0.1,15.0
2026-09-05,wk inc covid hosp,0,2026-09-05,21,quantile,0.15,16.0
2026-09-05,wk inc covid hosp,0,2026-09-05,21,quantile,0.2,17.0
2026-09-05,wk inc covid hosp,0,2026-09-05,21,quantile,0.25,19.0
2026-09-05,wk inc covid hosp,0,2026-09-05,21,quantile,0.3,19.0
2026-09-05,wk inc covid hosp,0,2026-09-05,21,quantile,0.35,20.0
2026-09-05,wk inc covid hosp,0,2026-09-05,21,quantile,0.4,21.0
2026-09-05,wk inc covid hosp,0,2026-09-05,21,quantile,0.45,22.0
2026-09-05,wk inc covid hosp,0,2026-09-05,21,quantile,0.5,23.0
2026-09-05,wk inc covid hosp,0,2026-09-05,21,quantile,0.55,24.0
2026-09-05,wk inc covid hosp,0,2026-09-05,21,quantile,0.6,24.0
2026-09-05,wk inc covid hosp,0,2026-09-05,21,quantile,0.65,25.0
2026-09-05,wk inc covid hosp,0,2026-09-05,21,quantile,0.7,26.0
2026-09-05,wk inc covid hosp,0,2026-09-05,21,quantile,0.75,27.0
2026-09-05,wk inc covid hosp,0,2026-09-05,21,quantile,0.8,28.0
2026-09-05,wk inc covid hosp,0,2026-09-05,21,quantile,0.85,29.0
2026-09-05,wk inc covid hosp,0,2026-09-05,21,quantile,0.9,31.0
2026-09-05,wk inc covid hosp,0,2026-09-05,21,quantile,0.95,33.0
2026-09-05,wk inc covid hosp,0,2026-09-05,21,quantile,0.975,35.0
2026-09-05,wk inc covid hosp,0,2026-09-05,21,quantile,0.99,38.0
2026-09-05,wk inc covid hosp,0,2026-09-05,22,quantile,0.01,16.0
2026-09-05,wk inc covid hosp,0,2026-09-05,22,quantile,0.025,26.0
2026-09-05,wk inc covid hosp,0,2026-09-05,22,quantile,0.05,34.0
2026-09-05,wk inc covid hosp,0,2026-09-05,22,quantile,0.1,43.0
2026-09-05,wk inc covid hosp,0,2026-09-05,22,quantile,0.15,50.0
2026-09-05,wk inc covid hosp,0,2026-09-05,22,quantile,0.2,55.0
2026-09-05,wk inc covid hosp,0,2026-09-05,22,quantile,0.25,59.0
2026-09-05,wk inc covid hosp,0,2026-09-05,22,quantile,0.3,63.0
2026-09-05,wk inc covid hosp,0,2026-09-05,22,quantile,0.35,67.0
2026-09-05,wk inc covid hosp,0,2026-09-05,22,quantile,0.4,70.0
2026-09-05,wk inc covid hosp,0,2026-09-05,22,quantile,0.45,73.0
2026-09-05,wk inc covid hosp,0,2026-09-05,22,quantile,0.5,77.0
2026-09-05,wk inc covid hosp,0,2026-09-05,22,quantile,0.55,80.0
2026-09-05,wk inc covid hosp,0,2026-09-05,22,quantile,0.6,83.0
2026-09-05,wk inc covid hosp,0,2026-09-05,22,quantile,0.65,87.0
2026-09-05,wk inc covid hosp,0,2026-09-05,22,quantile,0.7,90.0
2026-09-05,wk inc covid hosp,0,2026-09-05,22,quantile,0.75,94.0
2026-09-05,wk inc covid hosp,0,2026-09-05,22,quantile,0.8,99.0
2026-09-05,wk inc covid hosp,0,2026-09-05,22,quantile,0.85,104.0
2026-09-05,wk inc covid hosp,0,2026-09-05,22,quantile,0.9,110.0
2026-09-05,wk inc covid hosp,0,2026-09-05,22,quantile,0.95,120.0
2026-09-05,wk inc covid hosp,0,2026-09-05,22,quantile,0.975,128.0
2026-09-05,wk inc covid hosp,0,2026-09-05,22,quantile,0.99,137.0
2026-09-05,wk inc covid hosp,0,2026-09-05,23,quantile,0.01,1.0
2026-09-05,wk inc covid hosp,0,2026-09-05,23,quantile,0.025,1.0
2026-09-05,wk inc covid hosp,0,2026-09-05,23,quantile,0.05,1.0
2026-09-05,wk inc covid hosp,0,2026-09-05,23,quantile,0.1,1.0
2026-09-05,wk inc covid hosp,0,2026-09-05,23,quantile,0.15,1.0
2026-09-05,wk inc covid hosp,0,2026-09-05,23,quantile,0.2,1.0
2026-09-05,wk inc covid hosp,0,2026-09-05,23,quantile,0.25,1.0
2026-09-05,wk inc covid hosp,0,2026-09-05,23,quantile,0.3,1.0
2026-09-05,wk inc covid hosp,0,2026-09-05,23,quantile,0.35,1.0
2026-09-05,wk inc covid hosp,0,2026-09-05,23,quantile,0.4,1.0
2026-09-05,wk inc covid hosp,0,2026-09-05,23,quantile,0.45,1.0
2026-09-05,wk inc covid hosp,0,2026-09-05,23,quantile,0.5,1.0
2026-09-05,wk inc covid hosp,0,2026-09-05,23,quantile,0.55,1.0
2026-09-05,wk inc covid hosp,0,2026-09-05,23,quantile,0.6,2.0
2026-09-05,wk inc covid hosp,0,2026-09-05,23,quantile,0.65,2.0
2026-09-05,wk inc covid hosp,0,2026-09-05,23,quantile,0.7,3.0
2026-09-05,wk inc covid hosp,0,2026-09-05,23,quantile,0.75,3.0
2026-09-05,wk inc covid hosp,0,2026-09-05,23,quantile,0.8,3.0
2026-09-05,wk inc covid hosp,0,2026-09-05,23,quantile,0.85,4.0
2026-09-05,wk inc covid hosp,0,2026-09-05,23,quantile,0.9,5.0
2026-09-05,wk inc covid hosp,0,2026-09-05,23,quantile,0.95,6.0
2026-09-05,wk inc covid hosp,0,2026-09-05,23,quantile,0.975,7.0
2026-09-05,wk inc covid hosp,0,2026-09-05,23,quantile,0.99,8.0
2026-09-05,wk inc covid hosp,0,2026-09-05,24,quantile,0.01,2.0
2026-09-05,wk inc covid hosp,0,2026-09-05,24,quantile,0.025,3.0
2026-09-05,wk inc covid hosp,0,2026-09-05,24,quantile,0.05,3.0
2026-09-05,wk inc covid hosp,0,2026-09-05,24,quantile,0.1,5.0
2026-09-05,wk inc covid hosp,0,2026-09-05,24,quantile,0.15,6.0
2026-09-05,wk inc covid hosp,0,2026-09-05,24,quantile,0.2,7.0
2026-09-05,wk inc covid hosp,0,2026-09-05,24,quantile,0.25,8.0
2026-09-05,wk inc covid hosp,0,2026-09-05,24,quantile,0.3,9.0
2026-09-05,wk inc covid hosp,0,2026-09-05,24,quantile,0.35,10.0
2026-09-05,wk inc covid hosp,0,2026-09-05,24,quantile,0.4,10.0
2026-09-05,wk inc covid hosp,0,2026-09-05,24,quantile,0.45,11.0
2026-09-05,wk inc covid hosp,0,2026-09-05,24,quantile,0.5,12.0
2026-09-05,wk inc covid hosp,0,2026-09-05,24,quantile,0.55,12.0
2026-09-05,wk inc covid hosp,0,2026-09-05,24,quantile,0.6,13.0
2026-09-05,wk inc covid hosp,0,2026-09-05,24,quantile,0.65,14.0
2026-09-05,wk inc covid hosp,0,2026-09-05,24,quantile,0.7,14.0
2026-09-05,wk inc covid hosp,0,2026-09-05,24,quantile,0.75,15.0
2026-09-05,wk inc covid hosp,0,2026-09-05,24,quantile,0.8,16.0
2026-09-05,wk inc covid hosp,0,2026-09-05,24,quantile,0.85,17.0
2026-09-05,wk inc covid hosp,0,2026-09-05,24,quantile,0.9,18.0
2026-09-05,wk inc covid hosp,0,2026-09-05,24,quantile,0.95,20.0
2026-09-05,wk inc covid hosp,0,2026-09-05,24,quantile,0.975,22.0
2026-09-05,wk inc covid hosp,0,2026-09-05,24,quantile,0.99,24.0
2026-09-05,wk inc covid hosp,0,2026-09-05,25,quantile,0.01,8.0
2026-09-05,wk inc covid hosp,0,2026-09-05,25,quantile,0.025,12.0
2026-09-05,wk inc covid hosp,0,2026-09-05,25,quantile,0.05,15.0
2026-09-05,wk inc covid hosp,0,2026-09-05,25,quantile,0.1,19.0
2026-09-05,wk inc covid hosp,0,2026-09-05,25,quantile,0.15,22.0
2026-09-05,wk inc covid hosp,0,2026-09-05,25,quantile,0.2,24.0
2026-09-05,wk inc covid hosp,0,2026-09-05,25,quantile,0.25,26.0
2026-09-05,wk inc covid hosp,0,2026-09-05,25,quantile,0.3,28.0
2026-09-05,wk inc covid hosp,0,2026-09-05,25,quantile,0.35,29.0
2026-09-05,wk inc covid hosp,0,2026-09-05,25,quantile,0.4,31.0
2026-09-05,wk inc covid hosp,0,2026-09-05,25,quantile,0.45,32.0
2026-09-05,wk inc covid hosp,0,2026-09-05,25,quantile,0.5,33.0
2026-09-05,wk inc covid hosp,0,2026-09-05,25,quantile,0.55,35.0
2026-09-05,wk inc covid hosp,0,2026-09-05,25,quantile,0.6,36.0
2026-09-05,wk inc covid hosp,0,2026-09-05,25,quantile,0.65,38.0
2026-09-05,wk inc covid hosp,0,2026-09-05,25,quantile,0.7,39.0
2026-09-05,wk inc covid hosp,0,2026-09-05,25,quantile,0.75,41.0
2026-09-05,wk inc covid hosp,0,2026-09-05,25,quantile,0.8,42.0
2026-09-05,wk inc covid hosp,0,2026-09-05,25,quantile,0.85,45.0
2026-09-05,wk inc covid hosp,0,2026-09-05,25,quantile,0.9,47.0
2026-09-05,wk inc covid hosp,0,2026-09-05,25,quantile,0.95,51.0
2026-09-05,wk inc covid hosp,0,2026-09-05,25,quantile,0.975,55.0
2026-09-05,wk inc covid hosp,0,2026-09-05,25,quantile,0.99,59.0
2026-09-05,wk inc covid hosp,0,2026-09-05,26,quantile,0.01,5.0
2026-09-05,wk inc covid hosp,0,2026-09-05,26,quantile,0.025,6.0
2026-09-05,wk inc covid hosp,0,2026-09-05,26,quantile,0.05,7.0
2026-09-05,wk inc covid hosp,0,2026-09-05,26,quantile,0.1,12.0
2026-09-05,wk inc covid hosp,0,2026-09-05,26,quantile,0.15,16.0
2026-09-05,wk inc covid hosp,0,2026-09-05,26,quantile,0.2,18.0
2026-09-05,wk inc covid hosp,0,2026-09-05,26,quantile,0.25,20.0
2026-09-05,wk inc covid hosp,0,2026-09-05,26,quantile,0.3,22.0
2026-09-05,wk inc covid hosp,0,2026-09-05,26,quantile,0.35,24.0
2026-09-05,wk inc covid hosp,0,2026-09-05,26,quantile,0.4,26.0
2026-09-05,wk inc covid hosp,0,2026-09-05,26,quantile,0.45,28.0
2026-09-05,wk inc covid hosp,0,2026-09-05,26,quantile,0.5,29.0
2026-09-05,wk inc covid hosp,0,2026-09-05,26,quantile,0.55,31.0
2026-09-05,wk inc covid hosp,0,2026-09-05,26,quantile,0.6,33.0
2026-09-05,wk inc covid hosp,0,2026-09-05,26,quantile,0.65,35.0
2026-09-05,wk inc covid hosp,0,2026-09-05,26,quantile,0.7,36.0
2026-09-05,wk inc covid hosp,0,2026-09-05,26,quantile,0.75,38.0
2026-09-05,wk inc covid hosp,0,2026-09-05,26,quantile,0.8,41.0
2026-09-05,wk inc covid hosp,0,2026-09-05,26,quantile,0.85,43.0
2026-09-05,wk inc covid hosp,0,2026-09-05,26,quantile,0.9,47.0
2026-09-05,wk inc covid hosp,0,2026-09-05,26,quantile,0.95,51.0
2026-09-05,wk inc covid hosp,0,2026-09-05,26,quantile,0.975,56.0
2026-09-05,wk inc covid hosp,0,2026-09-05,26,quantile,0.99,61.0
2026-09-05,wk inc covid hosp,0,2026-09-05,27,quantile,0.01,2.0
2026-09-05,wk inc covid hosp,0,2026-09-05,27,quantile,0.025,5.0
2026-09-05,wk inc covid hosp,0,2026-09-05,27,quantile,0.05,7.0
2026-09-05,wk inc covid hosp,0,2026-09-05,27,quantile,0.1,10.0
2026-09-05,wk inc covid hosp,0,2026-09-05,27,quantile,0.15,12.0
2026-09-05,wk inc covid hosp,0,2026-09-05,27,quantile,0.2,14.0
2026-09-05,wk inc covid hosp,0,2026-09-05,27,quantile,0.25,15.0
2026-09-05,wk inc covid hosp,0,2026-09-05,27,quantile,0.3,16.0
2026-09-05,wk inc covid hosp,0,2026-09-05,27,quantile,0.35,17.0
2026-09-05,wk inc covid hosp,0,2026-09-05,27,quantile,0.4,18.0
2026-09-05,wk inc covid hosp,0,2026-09-05,27,quantile,0.45,19.0
2026-09-05,wk inc covid hosp,0,2026-09-05,27,quantile,0.5,20.0
2026-09-05,wk inc covid hosp,0,2026-09-05,27,quantile,0.55,21.0
2026-09-05,wk inc covid hosp,0,2026-09-05,27,quantile,0.6,22.0
2026-09-05,wk inc covid hosp,0,2026-09-05,27,quantile,0.65,23.0
2026-09-05,wk inc covid hosp,0,2026-09-05,27,quantile,0.7,24.0
2026-09-05,wk inc covid hosp,0,2026-09-05,27,quantile,0.75,25.0
2026-09-05,wk inc covid hosp,0,2026-09-05,27,quantile,0.8,27.0
2026-09-05,wk inc covid hosp,0,2026-09-05,27,quantile,0.85,28.0
2026-09-05,wk inc covid hosp,0,2026-09-05,27,quantile,0.9,30.0
2026-09-05,wk inc covid hosp,0,2026-09-05,27,quantile,0.95,33.0
2026-09-05,wk inc covid hosp,0,2026-09-05,27,quantile,0.975,35.0
2026-09-05,wk inc covid hosp,0,2026-09-05,27,quantile,0.99,38.0
2026-09-05,wk inc covid hosp,0,2026-09-05,28,quantile,0.01,10.0
2026-09-05,wk inc covid hosp,0,2026-09-05,28,quantile,0.025,13.0
2026-09-05,wk inc covid hosp,0,2026-09-05,28,quantile,0.05,15.0
2026-09-05,wk inc covid hosp,0,2026-09-05,28,quantile,0.1,18.0
2026-09-05,wk inc covid hosp,0,2026-09-05,28,quantile,0.15,20.0
2026-09-05,wk inc covid hosp,0,2026-09-05,28,quantile,0.2,22.0
2026-09-05,wk inc covid hosp,0,2026-09-05,28,quantile,0.25,23.0
2026-09-05,wk inc covid hosp,0,2026-09-05,28,quantile,0.3,25.0
2026-09-05,wk inc covid hosp,0,2026-09-05,28,quantile,0.35,26.0
2026-09-05,wk inc covid hosp,0,2026-09-05,28,quantile,0.4,27.0
2026-09-05,wk inc covid hosp,0,2026-09-05,28,quantile,0.45,28.0
2026-09-05,wk inc covid hosp,0,2026-09-05,28,quantile,0.5,29.0
2026-09-05,wk inc covid hosp,0,2026-09-05,28,quantile,0.55,30.0
2026-09-05,wk inc covid hosp,0,2026-09-05,28,quantile,0.6,31.0
2026-09-05,wk inc covid hosp,0,2026-09-05,28,quantile,0.65,32.0
2026-09-05,wk inc covid hosp,0,2026-09-05,28,quantile,0.7,33.0
2026-09-05,wk inc covid hosp,0,2026-09-05,28,quantile,0.75,35.0
2026-09-05,wk inc covid hosp,0,2026-09-05,28,quantile,0.8,36.0
2026-09-05,wk inc covid hosp,0,2026-09-05,28,quantile,0.85,38.0
2026-09-05,wk inc covid hosp,0,2026-09-05,28,quantile,0.9,40.0
2026-09-05,wk inc covid hosp,0,2026-09-05,28,quantile,0.95,43.0
2026-09-05,wk inc covid hosp,0,2026-09-05,28,quantile,0.975,45.0
2026-09-05,wk inc covid hosp,0,2026-09-05,28,quantile,0.99,48.0
2026-09-05,wk inc covid hosp,0,2026-09-05,29,quantile,0.01,3.0
2026-09-05,wk inc covid hosp,0,2026-09-05,29,quantile,0.025,8.0
2026-09-05,wk inc covid hosp,0,2026-09-05,29,quantile,0.05,12.0
2026-09-05,wk inc covid hosp,0,2026-09-05,29,quantile,0.1,17.0
2026-09-05,wk inc covid hosp,0,2026-09-05,29,quantile,0.15,21.0
2026-09-05,wk inc covid hosp,0,2026-09-05,29,quantile,0.2,23.0
2026-09-05,wk inc covid hosp,0,2026-09-05,29,quantile,0.25,26.0
2026-09-05,wk inc covid hosp,0,2026-09-05,29,quantile,0.3,28.0
2026-09-05,wk inc covid hosp,0,2026-09-05,29,quantile,0.35,30.0
2026-09-05,wk inc covid hosp,0,2026-09-05,29,quantile,0.4,32.0
2026-09-05,wk inc covid hosp,0,2026-09-05,29,quantile,0.45,34.0
2026-09-05,wk inc covid hosp,0,2026-09-05,29,quantile,0.5,35.0
2026-09-05,wk inc covid hosp,0,2026-09-05,29,quantile,0.55,37.0
2026-09-05,wk inc covid hosp,0,2026-09-05,29,quantile,0.6,39.0
2026-09-05,wk inc covid hosp,0,2026-09-05,29,quantile,0.65,41.0
2026-09-05,wk inc covid hosp,0,2026-09-05,29,quantile,0.7,43.0
2026-09-05,wk inc covid hosp,0,2026-09-05,29,quantile,0.75,45.0
2026-09-05,wk inc covid hosp,0,2026-09-05,29,quantile,0.8,47.0
2026-09-05,wk inc covid hosp,0,2026-09-05,29,quantile,0.85,50.0
2026-09-05,wk inc covid hosp,0,2026-09-05,29,quantile,0.9,54.0
2026-09-05,wk inc covid hosp,0,2026-09-05,29,quantile,0.95,59.0
2026-09-05,wk inc covid hosp,0,2026-09-05,29,quantile,0.975,63.0
2026-09-05,wk inc covid hosp,0,2026-09-05,29,quantile,0.99,69.0
2026-09-05,wk inc covid hosp,0,2026-09-05,30,quantile,0.01,1.0
2026-09-05,wk inc covid hosp,0,2026-09-05,30,quantile,0.025,1.0
2026-09-05,wk inc covid hosp,0,2026-09-05,30,quantile,0.05,1.0
2026-09-05,wk inc covid hosp,0,2026-09-05,30,quantile,0.1,1.0
2026-09-05,wk inc covid hosp,0,2026-09-05,30,quantile,0.15,1.0
2026-09-05,wk inc covid hosp,0,2026-09-05,30,quantile,0.2,1.0
2026-09-05,wk inc covid hosp,0,2026-09-05,30,quantile,0.25,1.0
2026-09-05,wk inc covid hosp,0,2026-09-05,30,quantile,0.3,2.0
2026-09-05,wk inc covid hosp,0,2026-09-05,30,quantile,0.35,2.0
2026-09-05,wk inc covid hosp,0,2026-09-05,30,quantile,0.4,3.0
2026-09-05,wk inc covid hosp,0,2026-09-05,30,quantile,0.45,4.0
2026-09-05,wk inc covid hosp,0,2026-09-05,30,quantile,0.5,5.0
2026-09-05,wk inc covid hosp,0,2026-09-05,30,quantile,0.55,5.0
2026-09-05,wk inc covid hosp,0,2026-09-05,30,quantile,0.6,6.0
2026-09-05,wk inc covid hosp,0,2026-09-05,30,quantile,0.65,7.0
2026-09-05,wk inc covid hosp,0,2026-09-05,30,quantile,0.7,7.0
2026-09-05,wk inc covid hosp,0,2026-09-05,30,quantile,0.75,8.0
2026-09-05,wk inc covid hosp,0,2026-09-05,30,quantile,0.8,9.0
2026-09-05,wk inc covid hosp,0,2026-09-05,30,quantile,0.85,10.0
2026-09-05,wk inc covid hosp,0,2026-09-05,30,quantile,0.9,12.0
2026-09-05,wk inc covid hosp,0,2026-09-05,30,quantile,0.95,14.0
2026-09-05,wk inc covid hosp,0,2026-09-05,30,quantile,0.975,15.0
2026-09-05,wk inc covid hosp,0,2026-09-05,30,quantile,0.99,17.0
2026-09-05,wk inc covid hosp,0,2026-09-05,31,quantile,0.01,1.0
2026-09-05,wk inc covid hosp,0,2026-09-05,31,quantile,0.025,1.0
2026-09-05,wk inc covid hosp,0,2026-09-05,31,quantile,0.05,1.0
2026-09-05,wk inc covid hosp,0,2026-09-05,31,quantile,0.1,2.0
2026-09-05,wk inc covid hosp,0,2026-09-05,31,quantile,0.15,3.0
2026-09-05,wk inc covid hosp,0,2026-09-05,31,quantile,0.2,4.0
2026-09-05,wk inc covid hosp,0,2026-09-05,31,quantile,0.25,5.0
2026-09-05,wk inc covid hosp,0,2026-09-05,31,quantile,0.3,6.0
2026-09-05,wk inc covid hosp,0,2026-09-05,31,quantile,0.35,7.0
2026-09-05,wk inc covid hosp,0,2026-09-05,31,quantile,0.4,7.0
2026-09-05,wk inc covid hosp,0,2026-09-05,31,quantile,0.45,8.0
2026-09-05,wk inc covid hosp,0,2026-09-05,31,quantile,0.5,9.0
2026-09-05,wk inc covid hosp,0,2026-09-05,31,quantile,0.55,9.0
2026-09-05,wk inc covid hosp,0,2026-09-05,31,quantile,0.6,10.0
2026-09-05,wk inc covid hosp,0,2026-09-05,31,quantile,0.65,11.0
2026-09-05,wk inc covid hosp,0,2026-09-05,31,quantile,0.7,11.0
2026-09-05,wk inc covid hosp,0,2026-09-05,31,quantile,0.75,12.0
2026-09-05,wk inc covid hosp,0,2026-09-05,31,quantile,0.8,13.0
2026-09-05,wk inc covid hosp,0,2026-09-05,31,quantile,0.85,14.0
2026-09-05,wk inc covid hosp,0,2026-09-05,31,quantile,0.9,15.0
2026-09-05,wk inc covid hosp,0,2026-09-05,31,quantile,0.95,17.0
2026-09-05,wk inc covid hosp,0,2026-09-05,31,quantile,0.975,19.0
2026-09-05,wk inc covid hosp,0,2026-09-05,31,quantile,0.99,20.0
2026-09-05,wk inc covid hosp,0,2026-09-05,32,quantile,0.01,2.0
2026-09-05,wk inc covid hosp,0,2026-09-05,32,quantile,0.025,3.0
2026-09-05,wk inc covid hosp,0,2026-09-05,32,quantile,0.05,4.0
2026-09-05,wk inc covid hosp,0,2026-09-05,32,quantile,0.1,6.0
2026-09-05,wk inc covid hosp,0,2026-09-05,32,quantile,0.15,8.0
2026-09-05,wk inc covid hosp,0,2026-09-05,32,quantile,0.2,9.0
2026-09-05,wk inc covid hosp,0,2026-09-05,32,quantile,0.25,10.0
2026-09-05,wk inc covid hosp,0,2026-09-05,32,quantile,0.3,11.0
2026-09-05,wk inc covid hosp,0,2026-09-05,32,quantile,0.35,12.0
2026-09-05,wk inc covid hosp,0,2026-09-05,32,quantile,0.4,13.0
2026-09-05,wk inc covid hosp,0,2026-09-05,32,quantile,0.45,14.0
2026-09-05,wk inc covid hosp,0,2026-09-05,32,quantile,0.5,14.0
2026-09-05,wk inc covid hosp,0,2026-09-05,32,quantile,0.55,15.0
2026-09-05,wk inc covid hosp,0,2026-09-05,32,quantile,0.6,16.0
2026-09-05,wk inc covid hosp,0,2026-09-05,32,quantile,0.65,17.0
2026-09-05,wk inc covid hosp,0,2026-09-05,32,quantile,0.7,18.0
2026-09-05,wk inc covid hosp,0,2026-09-05,32,quantile,0.75,19.0
2026-09-05,wk inc covid hosp,0,2026-09-05,32,quantile,0.8,20.0
2026-09-05,wk inc covid hosp,0,2026-09-05,32,quantile,0.85,21.0
2026-09-05,wk inc covid hosp,0,2026-09-05,32,quantile,0.9,22.0
2026-09-05,wk inc covid hosp,0,2026-09-05,32,quantile,0.95,25.0
2026-09-05,wk inc covid hosp,0,2026-09-05,32,quantile,0.975,27.0
2026-09-05,wk inc covid hosp,0,2026-09-05,32,quantile,0.99,29.0
2026-09-05,wk inc covid hosp,0,2026-09-05,33,quantile,0.01,1.0
2026-09-05,wk inc covid hosp,0,2026-09-05,33,quantile,0.025,1.0
2026-09-05,wk inc covid hosp,0,2026-09-05,33,quantile,0.05,1.0
2026-09-05,wk inc covid hosp,0,2026-09-05,33,quantile,0.1,1.0
2026-09-05,wk inc covid hosp,0,2026-09-05,33,quantile,0.15,1.0
2026-09-05,wk inc covid hosp,0,2026-09-05,33,quantile,0.2,2.0
2026-09-05,wk inc covid hosp,0,2026-09-05,33,quantile,0.25,2.0
2026-09-05,wk inc covid hosp,0,2026-09-05,33,quantile,0.3,2.0
2026-09-05,wk inc covid hosp,0,2026-09-05,33,quantile,0.35,3.0
2026-09-05,wk inc covid hosp,0,2026-09-05,33,quantile,0.4,3.0
2026-09-05,wk inc covid hosp,0,2026-09-05,33,quantile,0.45,4.0
2026-09-05,wk inc covid hosp,0,2026-09-05,33,quantile,0.5,4.0
2026-09-05,wk inc covid hosp,0,2026-09-05,33,quantile,0.55,4.0
2026-09-05,wk inc covid hosp,0,2026-09-05,33,quantile,0.6,5.0
2026-09-05,wk inc covid hosp,0,2026-09-05,33,quantile,0.65,5.0
2026-09-05,wk inc covid hosp,0,2026-09-05,33,quantile,0.7,5.0
2026-09-05,wk inc covid hosp,0,2026-09-05,33,quantile,0.75,6.0
2026-09-05,wk inc covid hosp,0,2026-09-05,33,quantile,0.8,6.0
2026-09-05,wk inc covid hosp,0,2026-09-05,33,quantile,0.85,7.0
2026-09-05,wk inc covid hosp,0,2026-09-05,33,quantile,0.9,8.0
2026-09-05,wk inc covid hosp,0,2026-09-05,33,quantile,0.95,9.0
2026-09-05,wk inc covid hosp,0,2026-09-05,33,quantile,0.975,10.0
2026-09-05,wk inc covid hosp,0,2026-09-05,33,quantile,0.99,11.0
2026-09-05,wk inc covid hosp,0,2026-09-05,34,quantile,0.01,45.0
2026-09-05,wk inc covid hosp,0,2026-09-05,34,quantile,0.025,55.0
2026-09-05,wk inc covid hosp,0,2026-09-05,34,quantile,0.05,62.0
2026-09-05,wk inc covid hosp,0,2026-09-05,34,quantile,0.1,72.0
2026-09-05,wk inc covid hosp,0,2026-09-05,34,quantile,0.15,78.0
2026-09-05,wk inc covid hosp,0,2026-09-05,34,quantile,0.2,82.0
2026-09-05,wk inc covid hosp,0,2026-09-05,34,quantile,0.25,87.0
2026-09-05,wk inc covid hosp,0,2026-09-05,34,quantile,0.3,90.0
2026-09-05,wk inc covid hosp,0,2026-09-05,34,quantile,0.35,94.0
2026-09-05,wk inc covid hosp,0,2026-09-05,34,quantile,0.4,97.0
2026-09-05,wk inc covid hosp,0,2026-09-05,34,quantile,0.45,100.0
2026-09-05,wk inc covid hosp,0,2026-09-05,34,quantile,0.5,103.0
2026-09-05,wk inc covid hosp,0,2026-09-05,34,quantile,0.55,107.0
2026-09-05,wk inc covid hosp,0,2026-09-05,34,quantile,0.6,110.0
2026-09-05,wk inc covid hosp,0,2026-09-05,34,quantile,0.65,113.0
2026-09-05,wk inc covid hosp,0,2026-09-05,34,quantile,0.7,117.0
2026-09-05,wk inc covid hosp,0,2026-09-05,34,quantile,0.75,120.0
2026-09-05,wk inc covid hosp,0,2026-09-05,34,quantile,0.8,124.0
2026-09-05,wk inc covid hosp,0,2026-09-05,34,quantile,0.85,129.0
2026-09-05,wk inc covid hosp,0,2026-09-05,34,quantile,0.9,135.0
2026-09-05,wk inc covid hosp,0,2026-09-05,34,quantile,0.95,144.0
2026-09-05,wk inc covid hosp,0,2026-09-05,34,quantile,0.975,152.0
2026-09-05,wk inc covid hosp,0,2026-09-05,34,quantile,0.99,161.0
2026-09-05,wk inc covid hosp,0,2026-09-05,35,quantile,0.01,2.0
2026-09-05,wk inc covid hosp,0,2026-09-05,35,quantile,0.025,3.0
2026-09-05,wk inc covid hosp,0,2026-09-05,35,quantile,0.05,4.0
2026-09-05,wk inc covid hosp,0,2026-09-05,35,quantile,0.1,6.0
2026-09-05,wk inc covid hosp,0,2026-09-05,35,quantile,0.15,8.0
2026-09-05,wk inc covid hosp,0,2026-09-05,35,quantile,0.2,10.0
2026-09-05,wk inc covid hosp,0,2026-09-05,35,quantile,0.25,11.0
2026-09-05,wk inc covid hosp,0,2026-09-05,35,quantile,0.3,12.0
2026-09-05,wk inc covid hosp,0,2026-09-05,35,quantile,0.35,13.0
2026-09-05,wk inc covid hosp,0,2026-09-05,35,quantile,0.4,14.0
2026-09-05,wk inc covid hosp,0,2026-09-05,35,quantile,0.45,15.0
2026-09-05,wk inc covid hosp,0,2026-09-05,35,quantile,0.5,16.0
2026-09-05,wk inc covid hosp,0,2026-09-05,35,quantile,0.55,17.0
2026-09-05,wk inc covid hosp,0,2026-09-05,35,quantile,0.6,18.0
2026-09-05,wk inc covid hosp,0,2026-09-05,35,quantile,0.65,19.0
2026-09-05,wk inc covid hosp,0,2026-09-05,35,quantile,0.7,20.0
2026-09-05,wk inc covid hosp,0,2026-09-05,35,quantile,0.75,21.0
2026-09-05,wk inc covid hosp,0,2026-09-05,35,quantile,0.8,22.0
2026-09-05,wk inc covid hosp,0,2026-09-05,35,quantile,0.85,24.0
2026-09-05,wk inc covid hosp,0,2026-09-05,35,quantile,0.9,26.0
2026-09-05,wk inc covid hosp,0,2026-09-05,35,quantile,0.95,28.0
2026-09-05,wk inc covid hosp,0,2026-09-05,35,quantile,0.975,31.0
2026-09-05,wk inc covid hosp,0,2026-09-05,35,quantile,0.99,33.0
2026-09-05,wk inc covid hosp,0,2026-09-05,36,quantile,0.01,101.0
2026-09-05,wk inc covid hosp,0,2026-09-05,36,quantile,0.025,119.0
2026-09-05,wk inc covid hosp,0,2026-09-05,36,quantile,0.05,134.0
2026-09-05,wk inc covid hosp,0,2026-09-05,36,quantile,0.1,151.0
2026-09-05,wk inc covid hosp,0,2026-09-05,36,quantile,0.15,163.0
2026-09-05,wk inc covid hosp,0,2026-09-05,36,quantile,0.2,172.0
2026-09-05,wk inc covid hosp,0,2026-09-05,36,quantile,0.25,180.0
2026-09-05,wk inc covid hosp,0,2026-09-05,36,quantile,0.3,187.0
2026-09-05,wk inc covid hosp,0,2026-09-05,36,quantile,0.35,194.0
2026-09-05,wk inc covid hosp,0,2026-09-05,36,quantile,0.4,200.0
2026-09-05,wk inc covid hosp,0,2026-09-05,36,quantile,0.45,206.0
2026-09-05,wk inc covid hosp,0,2026-09-05,36,quantile,0.5,212.0
2026-09-05,wk inc covid hosp,0,2026-09-05,36,quantile,0.55,218.0
2026-09-05,wk inc covid hosp,0,2026-09-05,36,quantile,0.6,224.0
2026-09-05,wk inc covid hosp,0,2026-09-05,36,quantile,0.65,230.0
2026-09-05,wk inc covid hosp,0,2026-09-05,36,quantile,0.7,237.0
2026-09-05,wk inc covid hosp,0,2026-09-05,36,quantile,0.75,244.0
2026-09-05,wk inc covid hosp,0,2026-09-05,36,quantile,0.8,252.0
2026-09-05,wk inc covid hosp,0,2026-09-05,36,quantile,0.85,261.0
2026-09-05,wk inc covid hosp,0,2026-09-05,36,quantile,0.9,273.0
2026-09-05,wk inc covid hosp,0,2026-09-05,36,quantile,0.95,290.0
2026-09-05,wk inc covid hosp,0,2026-09-05,36,quantile,0.975,305.0
2026-09-05,wk inc covid hosp,0,2026-09-05,36,quantile,0.99,323.0
2026-09-05,wk inc covid hosp,0,2026-09-05,37,quantile,0.01,52.0
2026-09-05,wk inc covid hosp,0,2026-09-05,37,quantile,0.025,64.0
2026-09-05,wk inc covid hosp,0,2026-09-05,37,quantile,0.05,75.0
2026-09-05,wk inc covid hosp,0,2026-09-05,37,quantile,0.1,87.0
2026-09-05,wk inc covid hosp,0,2026-09-05,37,quantile,0.15,95.0
2026-09-05,wk inc covid hosp,0,2026-09-05,37,quantile,0.2,102.0
2026-09-05,wk inc covid hosp,0,2026-09-05,37,quantile,0.25,108.0
2026-09-05,wk inc covid hosp,0,2026-09-05,37,quantile,0.3,113.0
2026-09-05,wk inc covid hosp,0,2026-09-05,37,quantile,0.35,117.0
2026-09-05,wk inc covid hosp,0,2026-09-05,37,quantile,0.4,122.0
2026-09-05,wk inc covid hosp,0,2026-09-05,37,quantile,0.45,126.0
2026-09-05,wk inc covid hosp,0,2026-09-05,37,quantile,0.5,130.0
2026-09-05,wk inc covid hosp,0,2026-09-05,37,quantile,0.55,135.0
2026-09-05,wk inc covid hosp,0,2026-09-05,37,quantile,0.6,139.0
2026-09-05,wk inc covid hosp,0,2026-09-05,37,quantile,0.65,143.0
2026-09-05,wk inc covid hosp,0,2026-09-05,37,quantile,0.7,148.0
2026-09-05,wk inc covid hosp,0,2026-09-05,37,quantile,0.75,153.0
2026-09-05,wk inc covid hosp,0,2026-09-05,37,quantile,0.8,159.0
2026-09-05,wk inc covid hosp,0,2026-09-05,37,quantile,0.85,165.0
2026-09-05,wk inc covid hosp,0,2026-09-05,37,quantile,0.9,174.0
2026-09-05,wk inc covid hosp,0,2026-09-05,37,quantile,0.95,186.0
2026-09-05,wk inc covid hosp,0,2026-09-05,37,quantile,0.975,196.0
2026-09-05,wk inc covid hosp,0,2026-09-05,37,quantile,0.99,209.0
2026-09-05,wk inc covid hosp,0,2026-09-05,38,quantile,0.01,0.0
2026-09-05,wk inc covid hosp,0,2026-09-05,38,quantile,0.025,1.0
2026-09-05,wk inc covid hosp,0,2026-09-05,38,quantile,0.05,1.0
2026-09-05,wk inc covid hosp,0,2026-09-05,38,quantile,0.1,1.0
2026-09-05,wk inc covid hosp,0,2026-09-05,38,quantile,0.15,1.0
2026-09-05,wk inc covid hosp,0,2026-09-05,38,quantile,0.2,1.0
2026-09-05,wk inc covid hosp,0,2026-09-05,38,quantile,0.25,1.0
2026-09-05,wk inc covid hosp,0,2026-09-05,38,quantile,0.3,1.0
2026-09-05,wk inc covid hosp,0,2026-09-05,38,quantile,0.35,1.0
2026-09-05,wk inc covid hosp,0,2026-09-05,38,quantile,0.4,1.0
2026-09-05,wk inc covid hosp,0,2026-09-05,38,quantile,0.45,1.0
2026-09-05,wk inc covid hosp,0,2026-09-05,38,quantile,0.5,1.0
2026-09-05,wk inc covid hosp,0,2026-09-05,38,quantile,0.55,1.0
2026-09-05,wk inc covid hosp,0,2026-09-05,38,quantile,0.6,2.0
2026-09-05,wk inc covid hosp,0,2026-09-05,38,quantile,0.65,2.0
2026-09-05,wk inc covid hosp,0,2026-09-05,38,quantile,0.7,2.0
2026-09-05,wk inc covid hosp,0,2026-09-05,38,quantile,0.75,3.0
2026-09-05,wk inc covid hosp,0,2026-09-05,38,quantile,0.8,3.0
2026-09-05,wk inc covid hosp,0,2026-09-05,38,quantile,0.85,4.0
2026-09-05,wk inc covid hosp,0,2026-09-05,38,quantile,0.9,5.0
2026-09-05,wk inc covid hosp,0,2026-09-05,38,quantile,0.95,6.0
2026-09-05,wk inc covid hosp,0,2026-09-05,38,quantile,0.975,6.0
2026-09-05,wk inc covid hosp,0,2026-09-05,38,quantile,0.99,7.0
2026-09-05,wk inc covid hosp,0,2026-09-05,39,quantile,0.01,7.0
2026-09-05,wk inc covid hosp,0,2026-09-05,39,quantile,0.025,14.0
2026-09-05,wk inc covid hosp,0,2026-09-05,39,quantile,0.05,20.0
2026-09-05,wk inc covid hosp,0,2026-09-05,39,quantile,0.1,27.0
2026-09-05,wk inc covid hosp,0,2026-09-05,39,quantile,0.15,32.0
2026-09-05,wk inc covid hosp,0,2026-09-05,39,quantile,0.2,36.0
2026-09-05,wk inc covid hosp,0,2026-09-05,39,quantile,0.25,39.0
2026-09-05,wk inc covid hosp,0,2026-09-05,39,quantile,0.3,42.0
2026-09-05,wk inc covid hosp,0,2026-09-05,39,quantile,0.35,45.0
2026-09-05,wk inc covid hosp,0,2026-09-05,39,quantile,0.4,48.0
2026-09-05,wk inc covid hosp,0,2026-09-05,39,quantile,0.45,50.0
2026-09-05,wk inc covid hosp,0,2026-09-05,39,quantile,0.5,53.0
2026-09-05,wk inc covid hosp,0,2026-09-05,39,quantile,0.55,55.0
2026-09-05,wk inc covid hosp,0,2026-09-05,39,quantile,0.6,58.0
2026-09-05,wk inc covid hosp,0,2026-09-05,39,quantile,0.65,60.0
2026-09-05,wk inc covid hosp,0,2026-09-05,39,quantile,0.7,63.0
2026-09-05,wk inc covid hosp,0,2026-09-05,39,quantile,0.75,66.0
2026-09-05,wk inc covid hosp,0,2026-09-05,39,quantile,0.8,69.0
2026-09-05,wk inc covid hosp,0,2026-09-05,39,quantile,0.85,73.0
2026-09-05,wk inc covid hosp,0,2026-09-05,39,quantile,0.9,78.0
2026-09-05,wk inc covid hosp,0,2026-09-05,39,quantile,0.95,85.0
2026-09-05,wk inc covid hosp,0,2026-09-05,39,quantile,0.975,92.0
2026-09-05,wk inc covid hosp,0,2026-09-05,39,quantile,0.99,99.0
2026-09-05,wk inc covid hosp,0,2026-09-05,40,quantile,0.01,4.0
2026-09-05,wk inc covid hosp,0,2026-09-05,40,quantile,0.025,5.0
2026-09-05,wk inc covid hosp,0,2026-09-05,40,quantile,0.05,7.0
2026-09-05,wk inc covid hosp,0,2026-09-05,40,quantile,0.1,11.0
2026-09-05,wk inc covid hosp,0,2026-09-05,40,quantile,0.15,13.0
2026-09-05,wk inc covid hosp,0,2026-09-05,40,quantile,0.2,15.0
2026-09-05,wk inc covid hosp,0,2026-09-05,40,quantile,0.25,16.0
2026-09-05,wk inc covid hosp,0,2026-09-05,40,quantile,0.3,18.0
2026-09-05,wk inc covid hosp,0,2026-09-05,40,quantile,0.35,19.0
2026-09-05,wk inc covid hosp,0,2026-09-05,40,quantile,0.4,20.0
2026-09-05,wk inc covid hosp,0,2026-09-05,40,quantile,0.45,21.0
2026-09-05,wk inc covid hosp,0,2026-09-05,40,quantile,0.5,22.0
2026-09-05,wk inc covid hosp,0,2026-09-05,40,quantile,0.55,23.0
2026-09-05,wk inc covid hosp,0,2026-09-05,40,quantile,0.6,25.0
2026-09-05,wk inc covid hosp,0,2026-09-05,40,quantile,0.65,26.0
2026-09-05,wk inc covid hosp,0,2026-09-05,40,quantile,0.7,27.0
2026-09-05,wk inc covid hosp,0,2026-09-05,40,quantile,0.75,28.0
2026-09-05,wk inc covid hosp,0,2026-09-05,40,quantile,0.8,30.0
2026-09-05,wk inc covid hosp,0,2026-09-05,40,quantile,0.85,32.0
2026-09-05,wk inc covid hosp,0,2026-09-05,40,quantile,0.9,34.0
2026-09-05,wk inc covid hosp,0,2026-09-05,40,quantile,0.95,37.0
2026-09-05,wk inc covid hosp,0,2026-09-05,40,quantile,0.975,40.0
2026-09-05,wk inc covid hosp,0,2026-09-05,40,quantile,0.99,43.0
2026-09-05,wk inc covid hosp,0,2026-09-05,41,quantile,0.01,2.0
2026-09-05,wk inc covid hosp,0,2026-09-05,41,quantile,0.025,3.0
2026-09-05,wk inc covid hosp,0,2026-09-05,41,quantile,0.05,5.0
2026-09-05,wk inc covid hosp,0,2026-09-05,41,quantile,0.1,8.0
2026-09-05,wk inc covid hosp,0,2026-09-05,41,quantile,0.15,11.0
2026-09-05,wk inc covid hosp,0,2026-09-05,41,quantile,0.2,13.0
2026-09-05,wk inc covid hosp,0,2026-09-05,41,quantile,0.25,14.0
2026-09-05,wk inc covid hosp,0,2026-09-05,41,quantile,0.3,16.0
2026-09-05,wk inc covid hosp,0,2026-09-05,41,quantile,0.35,17.0
2026-09-05,wk inc covid hosp,0,2026-09-05,41,quantile,0.4,18.0
2026-09-05,wk inc covid hosp,0,2026-09-05,41,quantile,0.45,19.0
2026-09-05,wk inc covid hosp,0,2026-09-05,41,quantile,0.5,21.0
2026-09-05,wk inc covid hosp,0,2026-09-05,41,quantile,0.55,22.0
2026-09-05,wk inc covid hosp,0,2026-09-05,41,quantile,0.6,23.0
2026-09-05,wk inc covid hosp,0,2026-09-05,41,quantile,0.65,24.0
2026-09-05,wk inc covid hosp,0,2026-09-05,41,quantile,0.7,26.0
2026-09-05,wk inc covid hosp,0,2026-09-05,41,quantile,0.75,27.0
2026-09-05,wk inc covid hosp,0,2026-09-05,41,quantile,0.8,29.0
2026-09-05,wk inc covid hosp,0,2026-09-05,41,quantile,0.85,31.0
2026-09-05,wk inc covid hosp,0,2026-09-05,41,quantile,0.9,33.0
2026-09-05,wk inc covid hosp,0,2026-09-05,41,quantile,0.95,37.0
2026-09-05,wk inc covid hosp,0,2026-09-05,41,quantile,0.975,40.0
2026-09-05,wk inc covid hosp,0,2026-09-05,41,quantile,0.99,43.0
2026-09-05,wk inc covid hosp,0,2026-09-05,42,quantile,0.01,23.0
2026-09-05,wk inc covid hosp,0,2026-09-05,42,quantile,0.025,32.0
2026-09-05,wk inc covid hosp,0,2026-09-05,42,quantile,0.05,40.0
2026-09-05,wk inc covid hosp,0,2026-09-05,42,quantile,0.1,49.0
2026-09-05,wk inc covid hosp,0,2026-09-05,42,quantile,0.15,55.0
2026-09-05,wk inc covid hosp,0,2026-09-05,42,quantile,0.2,60.0
2026-09-05,wk inc covid hosp,0,2026-09-05,42,quantile,0.25,64.0
2026-09-05,wk inc covid hosp,0,2026-09-05,42,quantile,0.3,68.0
2026-09-05,wk inc covid hosp,0,2026-09-05,42,quantile,0.35,72.0
2026-09-05,wk inc covid hosp,0,2026-09-05,42,quantile,0.4,75.0
2026-09-05,wk inc covid hosp,0,2026-09-05,42,quantile,0.45,78.0
2026-09-05,wk inc covid hosp,0,2026-09-05,42,quantile,0.5,81.0
2026-09-05,wk inc covid hosp,0,2026-09-05,42,quantile,0.55,85.0
2026-09-05,wk inc covid hosp,0,2026-09-05,42,quantile,0.6,88.0
2026-09-05,wk inc covid hosp,0,2026-09-05,42,quantile,0.65,91.0
2026-09-05,wk inc covid hosp,0,2026-09-05,42,quantile,0.7,95.0
2026-09-05,wk inc covid hosp,0,2026-09-05,42,quantile,0.75,98.0
2026-09-05,wk inc covid hosp,0,2026-09-05,42,quantile,0.8,103.0
2026-09-05,wk inc covid hosp,0,2026-09-05,42,quantile,0.85,107.0
2026-09-05,wk inc covid hosp,0,2026-09-05,42,quantile,0.9,114.0
2026-09-05,wk inc covid hosp,0,2026-09-05,42,quantile,0.95,123.0
2026-09-05,wk inc covid hosp,0,2026-09-05,42,quantile,0.975,131.0
2026-09-05,wk inc covid hosp,0,2026-09-05,42,quantile,0.99,140.0
2026-09-05,wk inc covid hosp,0,2026-09-05,44,quantile,0.01,1.0
2026-09-05,wk inc covid hosp,0,2026-09-05,44,quantile,0.025,1.0
2026-09-05,wk inc covid hosp,0,2026-09-05,44,quantile,0.05,1.0
2026-09-05,wk inc covid hosp,0,2026-09-05,44,quantile,0.1,1.0
2026-09-05,wk inc covid hosp,0,2026-09-05,44,quantile,0.15,1.0
2026-09-05,wk inc covid hosp,0,2026-09-05,44,quantile,0.2,1.0
2026-09-05,wk inc covid hosp,0,2026-09-05,44,quantile,0.25,2.0
2026-09-05,wk inc covid hosp,0,2026-09-05,44,quantile,0.3,2.0
2026-09-05,wk inc covid hosp,0,2026-09-05,44,quantile,0.35,3.0
2026-09-05,wk inc covid hosp,0,2026-09-05,44,quantile,0.4,3.0
2026-09-05,wk inc covid hosp,0,2026-09-05,44,quantile,0.45,3.0
2026-09-05,wk inc covid hosp,0,2026-09-05,44,quantile,0.5,4.0
2026-09-05,wk inc covid hosp,0,2026-09-05,44,quantile,0.55,4.0
2026-09-05,wk inc covid hosp,0,2026-09-05,44,quantile,0.6,5.0
2026-09-05,wk inc covid hosp,0,2026-09-05,44,quantile,0.65,5.0
2026-09-05,wk inc covid hosp,0,2026-09-05,44,quantile,0.7,5.0
2026-09-05,wk inc covid hosp,0,2026-09-05,44,quantile,0.75,6.0
2026-09-05,wk inc covid hosp,0,2026-09-05,44,quantile,0.8,6.0
2026-09-05,wk inc covid hosp,0,2026-09-05,44,quantile,0.85,7.0
2026-09-05,wk inc covid hosp,0,2026-09-05,44,quantile,0.9,7.0
2026-09-05,wk inc covid hosp,0,2026-09-05,44,quantile,0.95,8.0
2026-09-05,wk inc covid hosp,0,2026-09-05,44,quantile,0.975,9.0
2026-09-05,wk inc covid hosp,0,2026-09-05,44,quantile,0.99,10.0
2026-09-05,wk inc covid hosp,0,2026-09-05,45,quantile,0.01,9.0
2026-09-05,wk inc covid hosp,0,2026-09-05,45,quantile,0.025,18.0
2026-09-05,wk inc covid hosp,0,2026-09-05,45,quantile,0.05,25.0
2026-09-05,wk inc covid hosp,0,2026-09-05,45,quantile,0.1,33.0
2026-09-05,wk inc covid hosp,0,2026-09-05,45,quantile,0.15,39.0
2026-09-05,wk inc covid hosp,0,2026-09-05,45,quantile,0.2,43.0
2026-09-05,wk inc covid hosp,0,2026-09-05,45,quantile,0.25,47.0
2026-09-05,wk inc covid hosp,0,2026-09-05,45,quantile,0.3,50.0
2026-09-05,wk inc covid hosp,0,2026-09-05,45,quantile,0.35,54.0
2026-09-05,wk inc covid hosp,0,2026-09-05,45,quantile,0.4,57.0
2026-09-05,wk inc covid hosp,0,2026-09-05,45,quantile,0.45,60.0
2026-09-05,wk inc covid hosp,0,2026-09-05,45,quantile,0.5,62.0
2026-09-05,wk inc covid hosp,0,2026-09-05,45,quantile,0.55,65.0
2026-09-05,wk inc covid hosp,0,2026-09-05,45,quantile,0.6,68.0
2026-09-05,wk inc covid hosp,0,2026-09-05,45,quantile,0.65,71.0
2026-09-05,wk inc covid hosp,0,2026-09-05,45,quantile,0.7,74.0
2026-09-05,wk inc covid hosp,0,2026-09-05,45,quantile,0.75,78.0
2026-09-05,wk inc covid hosp,0,2026-09-05,45,quantile,0.8,82.0
2026-09-05,wk inc covid hosp,0,2026-09-05,45,quantile,0.85,86.0
2026-09-05,wk inc covid hosp,0,2026-09-05,45,quantile,0.9,92.0
2026-09-05,wk inc covid hosp,0,2026-09-05,45,quantile,0.95,100.0
2026-09-05,wk inc covid hosp,0,2026-09-05,45,quantile,0.975,107.0
2026-09-05,wk inc covid hosp,0,2026-09-05,45,quantile,0.99,116.0
2026-09-05,wk inc covid hosp,0,2026-09-05,46,quantile,0.01,1.0
2026-09-05,wk inc covid hosp,0,2026-09-05,46,quantile,0.025,1.0
2026-09-05,wk inc covid hosp,0,2026-09-05,46,quantile,0.05,1.0
2026-09-05,wk inc covid hosp,0,2026-09-05,46,quantile,0.1,1.0
2026-09-05,wk inc covid hosp,0,2026-09-05,46,quantile,0.15,1.0
2026-09-05,wk inc covid hosp,0,2026-09-05,46,quantile,0.2,1.0
2026-09-05,wk inc covid hosp,0,2026-09-05,46,quantile,0.25,2.0
2026-09-05,wk inc covid hosp,0,2026-09-05,46,quantile,0.3,3.0
2026-09-05,wk inc covid hosp,0,2026-09-05,46,quantile,0.35,3.0
2026-09-05,wk inc covid hosp,0,2026-09-05,46,quantile,0.4,4.0
2026-09-05,wk inc covid hosp,0,2026-09-05,46,quantile,0.45,4.0
2026-09-05,wk inc covid hosp,0,2026-09-05,46,quantile,0.5,4.0
2026-09-05,wk inc covid hosp,0,2026-09-05,46,quantile,0.55,5.0
2026-09-05,wk inc covid hosp,0,2026-09-05,46,quantile,0.6,5.0
2026-09-05,wk inc covid hosp,0,2026-09-05,46,quantile,0.65,6.0
2026-09-05,wk inc covid hosp,0,2026-09-05,46,quantile,0.7,6.0
2026-09-05,wk inc covid hosp,0,2026-09-05,46,quantile,0.75,7.0
2026-09-05,wk inc covid hosp,0,2026-09-05,46,quantile,0.8,7.0
2026-09-05,wk inc covid hosp,0,2026-09-05,46,quantile,0.85,8.0
2026-09-05,wk inc covid hosp,0,2026-09-05,46,quantile,0.9,9.0
2026-09-05,wk inc covid hosp,0,2026-09-05,46,quantile,0.95,10.0
2026-09-05,wk inc covid hosp,0,2026-09-05,46,quantile,0.975,11.0
2026-09-05,wk inc covid hosp,0,2026-09-05,46,quantile,0.99,13.0
2026-09-05,wk inc covid hosp,0,2026-09-05,47,quantile,0.01,34.0
2026-09-05,wk inc covid hosp,0,2026-09-05,47,quantile,0.025,42.0
2026-09-05,wk inc covid hosp,0,2026-09-05,47,quantile,0.05,48.0
2026-09-05,wk inc covid hosp,0,2026-09-05,47,quantile,0.1,55.0
2026-09-05,wk inc covid hosp,0,2026-09-05,47,quantile,0.15,60.0
2026-09-05,wk inc covid hosp,0,2026-09-05,47,quantile,0.2,64.0
2026-09-05,wk inc covid hosp,0,2026-09-05,47,quantile,0.25,68.0
2026-09-05,wk inc covid hosp,0,2026-09-05,47,quantile,0.3,71.0
2026-09-05,wk inc covid hosp,0,2026-09-05,47,quantile,0.35,74.0
2026-09-05,wk inc covid hosp,0,2026-09-05,47,quantile,0.4,76.0
2026-09-05,wk inc covid hosp,0,2026-09-05,47,quantile,0.45,79.0
2026-09-05,wk inc covid hosp,0,2026-09-05,47,quantile,0.5,81.0
2026-09-05,wk inc covid hosp,0,2026-09-05,47,quantile,0.55,84.0
2026-09-05,wk inc covid hosp,0,2026-09-05,47,quantile,0.6,87.0
2026-09-05,wk inc covid hosp,0,2026-09-05,47,quantile,0.65,89.0
2026-09-05,wk inc covid hosp,0,2026-09-05,47,quantile,0.7,92.0
2026-09-05,wk inc covid hosp,0,2026-09-05,47,quantile,0.75,95.0
2026-09-05,wk inc covid hosp,0,2026-09-05,47,quantile,0.8,99.0
2026-09-05,wk inc covid hosp,0,2026-09-05,47,quantile,0.85,102.0
2026-09-05,wk inc covid hosp,0,2026-09-05,47,quantile,0.9,107.0
2026-09-05,wk inc covid hosp,0,2026-09-05,47,quantile,0.95,115.0
2026-09-05,wk inc covid hosp,0,2026-09-05,47,quantile,0.975,121.0
2026-09-05,wk inc covid hosp,0,2026-09-05,47,quantile,0.99,129.0
2026-09-05,wk inc covid hosp,0,2026-09-05,48,quantile,0.01,238.0
2026-09-05,wk inc covid hosp,0,2026-09-05,48,quantile,0.025,273.0
2026-09-05,wk inc covid hosp,0,2026-09-05,48,quantile,0.05,303.0
2026-09-05,wk inc covid hosp,0,2026-09-05,48,quantile,0.1,337.0
2026-09-05,wk inc covid hosp,0,2026-09-05,48,quantile,0.15,360.0
2026-09-05,wk inc covid hosp,0,2026-09-05,48,quantile,0.2,379.0
2026-09-05,wk inc covid hosp,0,2026-09-05,48,quantile,0.25,395.0
2026-09-05,wk inc covid hosp,0,2026-09-05,48,quantile,0.3,409.0
2026-09-05,wk inc covid hosp,0,2026-09-05,48,quantile,0.35,422.0
2026-09-05,wk inc covid hosp,0,2026-09-05,48,quantile,0.4,434.0
2026-09-05,wk inc covid hosp,0,2026-09-05,48,quantile,0.45,447.0
2026-09-05,wk inc covid hosp,0,2026-09-05,48,quantile,0.5,458.0
2026-09-05,wk inc covid hosp,0,2026-09-05,48,quantile,0.55,470.0
2026-09-05,wk inc covid hosp,0,2026-09-05,48,quantile,0.6,482.0
2026-09-05,wk inc covid hosp,0,2026-09-05,48,quantile,0.65,495.0
2026-09-05,wk inc covid hosp,0,2026-09-05,48,quantile,0.7,508.0
2026-09-05,wk inc covid hosp,0,2026-09-05,48,quantile,0.75,522.0
2026-09-05,wk inc covid hosp,0,2026-09-05,48,quantile,0.8,538.0
2026-09-05,wk inc covid hosp,0,2026-09-05,48,quantile,0.85,557.0
2026-09-05,wk inc covid hosp,0,2026-09-05,48,quantile,0.9,580.0
2026-09-05,wk inc covid hosp,0,2026-09-05,48,quantile,0.95,614.0
2026-09-05,wk inc covid hosp,0,2026-09-05,48,quantile,0.975,644.0
2026-09-05,wk inc covid hosp,0,2026-09-05,48,quantile,0.99,679.0
2026-09-05,wk inc covid hosp,0,2026-09-05,49,quantile,0.01,1.0
2026-09-05,wk inc covid hosp,0,2026-09-05,49,quantile,0.025,1.0
2026-09-05,wk inc covid hosp,0,2026-09-05,49,quantile,0.05,1.0
2026-09-05,wk inc covid hosp,0,2026-09-05,49,quantile,0.1,3.0
2026-09-05,wk inc covid hosp,0,2026-09-05,49,quantile,0.15,4.0
2026-09-05,wk inc covid hosp,0,2026-09-05,49,quantile,0.2,5.0
2026-09-05,wk inc covid hosp,0,2026-09-05,49,quantile,0.25,6.0
2026-09-05,wk inc covid hosp,0,2026-09-05,49,quantile,0.3,7.0
2026-09-05,wk inc covid hosp,0,2026-09-05,49,quantile,0.35,8.0
2026-09-05,wk inc covid hosp,0,2026-09-05,49,quantile,0.4,8.0
2026-09-05,wk inc covid hosp,0,2026-09-05,49,quantile,0.45,9.0
2026-09-05,wk inc covid hosp,0,2026-09-05,49,quantile,0.5,10.0
2026-09-05,wk inc covid hosp,0,2026-09-05,49,quantile,0.55,10.0
2026-09-05,wk inc covid hosp,0,2026-09-05,49,quantile,0.6,11.0
2026-09-05,wk inc covid hosp,0,2026-09-05,49,quantile,0.65,12.0
2026-09-05,wk inc covid hosp,0,2026-09-05,49,quantile,0.7,13.0
2026-09-05,wk inc covid hosp,0,2026-09-05,49,quantile,0.75,13.0
2026-09-05,wk inc covid hosp,0,2026-09-05,49,quantile,0.8,14.0
2026-09-05,wk inc covid hosp,0,2026-09-05,49,quantile,0.85,15.0
2026-09-05,wk inc covid hosp,0,2026-09-05,49,quantile,0.9,17.0
2026-09-05,wk inc covid hosp,0,2026-09-05,49,quantile,0.95,19.0
2026-09-05,wk inc covid hosp,0,2026-09-05,49,quantile,0.975,20.0
2026-09-05,wk inc covid hosp,0,2026-09-05,49,quantile,0.99,23.0
2026-09-05,wk inc covid hosp,0,2026-09-05,50,quantile,0.01,0.0
2026-09-05,wk inc covid hosp,0,2026-09-05,50,quantile,0.025,0.0
2026-09-05,wk inc covid hosp,0,2026-09-05,50,quantile,0.05,0.0
2026-09-05,wk inc covid hosp,0,2026-09-05,50,quantile,0.1,0.0
2026-09-05,wk inc covid hosp,0,2026-09-05,50,quantile,0.15,0.0
2026-09-05,wk inc covid hosp,0,2026-09-05,50,quantile,0.2,0.0
2026-09-05,wk inc covid hosp,0,2026-09-05,50,quantile,0.25,1.0
2026-09-05,wk inc covid hosp,0,2026-09-05,50,quantile,0.3,1.0
2026-09-05,wk inc covid hosp,0,2026-09-05,50,quantile,0.35,1.0
2026-09-05,wk inc covid hosp,0,2026-09-05,50,quantile,0.4,1.0
2026-09-05,wk inc covid hosp,0,2026-09-05,50,quantile,0.45,1.0
2026-09-05,wk inc covid hosp,0,2026-09-05,50,quantile,0.5,1.0
2026-09-05,wk inc covid hosp,0,2026-09-05,50,quantile,0.55,2.0
2026-09-05,wk inc covid hosp,0,2026-09-05,50,quantile,0.6,2.0
2026-09-05,wk inc covid hosp,0,2026-09-05,50,quantile,0.65,2.0
2026-09-05,wk inc covid hosp,0,2026-09-05,50,quantile,0.7,3.0
2026-09-05,wk inc covid hosp,0,2026-09-05,50,quantile,0.75,3.0
2026-09-05,wk inc covid hosp,0,2026-09-05,50,quantile,0.8,4.0
2026-09-05,wk inc covid hosp,0,2026-09-05,50,quantile,0.85,4.0
2026-09-05,wk inc covid hosp,0,2026-09-05,50,quantile,0.9,5.0
2026-09-05,wk inc covid hosp,0,2026-09-05,50,quantile,0.95,6.0
2026-09-05,wk inc covid hosp,0,2026-09-05,50,quantile,0.975,7.0
2026-09-05,wk inc covid hosp,0,2026-09-05,50,quantile,0.99,8.0
2026-09-05,wk inc covid hosp,0,2026-09-05,51,quantile,0.01,10.0
2026-09-05,wk inc covid hosp,0,2026-09-05,51,quantile,0.025,14.0
2026-09-05,wk inc covid hosp,0,2026-09-05,51,quantile,0.05,18.0
2026-09-05,wk inc covid hosp,0,2026-09-05,51,quantile,0.1,23.0
2026-09-05,wk inc covid hosp,0,2026-09-05,51,quantile,0.15,26.0
2026-09-05,wk inc covid hosp,0,2026-09-05,51,quantile,0.2,29.0
2026-09-05,wk inc covid hosp,0,2026-09-05,51,quantile,0.25,31.0
2026-09-05,wk inc covid hosp,0,2026-09-05,51,quantile,0.3,33.0
2026-09-05,wk inc covid hosp,0,2026-09-05,51,quantile,0.35,35.0
2026-09-05,wk inc covid hosp,0,2026-09-05,51,quantile,0.4,37.0
2026-09-05,wk inc covid hosp,0,2026-09-05,51,quantile,0.45,38.0
2026-09-05,wk inc covid hosp,0,2026-09-05,51,quantile,0.5,40.0
2026-09-05,wk inc covid hosp,0,2026-09-05,51,quantile,0.55,41.0
2026-09-05,wk inc covid hosp,0,2026-09-05,51,quantile,0.6,43.0
2026-09-05,wk inc covid hosp,0,2026-09-05,51,quantile,0.65,45.0
2026-09-05,wk inc covid hosp,0,2026-09-05,51,quantile,0.7,47.0
2026-09-05,wk inc covid hosp,0,2026-09-05,51,quantile,0.75,49.0
2026-09-05,wk inc covid hosp,0,2026-09-05,51,quantile,0.8,51.0
2026-09-05,wk inc covid hosp,0,2026-09-05,51,quantile,0.85,53.0
2026-09-05,wk inc covid hosp,0,2026-09-05,51,quantile,0.9,57.0
2026-09-05,wk inc covid hosp,0,2026-09-05,51,quantile,0.95,61.0
2026-09-05,wk inc covid hosp,0,2026-09-05,51,quantile,0.975,65.0
2026-09-05,wk inc covid hosp,0,2026-09-05,51,quantile,0.99,70.0
2026-09-05,wk inc covid hosp,0,2026-09-05,53,quantile,0.01,10.0
2026-09-05,wk inc covid hosp,0,2026-09-05,53,quantile,0.025,17.0
2026-09-05,wk inc covid hosp,0,2026-09-05,53,quantile,0.05,23.0
2026-09-05,wk inc covid hosp,0,2026-09-05,53,quantile,0.1,30.0
2026-09-05,wk inc covid hosp,0,2026-09-05,53,quantile,0.15,35.0
2026-09-05,wk inc covid hosp,0,2026-09-05,53,quantile,0.2,39.0
2026-09-05,wk inc covid hosp,0,2026-09-05,53,quantile,0.25,42.0
2026-09-05,wk inc covid hosp,0,2026-09-05,53,quantile,0.3,45.0
2026-09-05,wk inc covid hosp,0,2026-09-05,53,quantile,0.35,48.0
2026-09-05,wk inc covid hosp,0,2026-09-05,53,quantile,0.4,51.0
2026-09-05,wk inc covid hosp,0,2026-09-05,53,quantile,0.45,53.0
2026-09-05,wk inc covid hosp,0,2026-09-05,53,quantile,0.5,56.0
2026-09-05,wk inc covid hosp,0,2026-09-05,53,quantile,0.55,58.0
2026-09-05,wk inc covid hosp,0,2026-09-05,53,quantile,0.6,61.0
2026-09-05,wk inc covid hosp,0,2026-09-05,53,quantile,0.65,63.0
2026-09-05,wk inc covid hosp,0,2026-09-05,53,quantile,0.7,66.0
2026-09-05,wk inc covid hosp,0,2026-09-05,53,quantile,0.75,69.0
2026-09-05,wk inc covid hosp,0,2026-09-05,53,quantile,0.8,72.0
2026-09-05,wk inc covid hosp,0,2026-09-05,53,quantile,0.85,76.0
2026-09-05,wk inc covid hosp,0,2026-09-05,53,quantile,0.9,81.0
2026-09-05,wk inc covid hosp,0,2026-09-05,53,quantile,0.95,88.0
2026-09-05,wk inc covid hosp,0,2026-09-05,53,quantile,0.975,94.0
2026-09-05,wk inc covid hosp,0,2026-09-05,53,quantile,0.99,102.0
2026-09-05,wk inc covid hosp,0,2026-09-05,54,quantile,0.01,1.0
2026-09-05,wk inc covid hosp,0,2026-09-05,54,quantile,0.025,1.0
2026-09-05,wk inc covid hosp,0,2026-09-05,54,quantile,0.05,2.0
2026-09-05,wk inc covid hosp,0,2026-09-05,54,quantile,0.1,2.0
2026-09-05,wk inc covid hosp,0,2026-09-05,54,quantile,0.15,2.0
2026-09-05,wk inc covid hosp,0,2026-09-05,54,quantile,0.2,3.0
2026-09-05,wk inc covid hosp,0,2026-09-05,54,quantile,0.25,4.0
2026-09-05,wk inc covid hosp,0,2026-09-05,54,quantile,0.3,4.0
2026-09-05,wk inc covid hosp,0,2026-09-05,54,quantile,0.35,5.0
2026-09-05,wk inc covid hosp,0,2026-09-05,54,quantile,0.4,5.0
2026-09-05,wk inc covid hosp,0,2026-09-05,54,quantile,0.45,5.0
2026-09-05,wk inc covid hosp,0,2026-09-05,54,quantile,0.5,6.0
2026-09-05,wk inc covid hosp,0,2026-09-05,54,quantile,0.55,6.0
2026-09-05,wk inc covid hosp,0,2026-09-05,54,quantile,0.6,7.0
2026-09-05,wk inc covid hosp,0,2026-09-05,54,quantile,0.65,7.0
2026-09-05,wk inc covid hosp,0,2026-09-05,54,quantile,0.7,8.0
2026-09-05,wk inc covid hosp,0,2026-09-05,54,quantile,0.75,8.0
2026-09-05,wk inc covid hosp,0,2026-09-05,54,quantile,0.8,9.0
2026-09-05,wk inc covid hosp,0,2026-09-05,54,quantile,0.85,9.0
2026-09-05,wk inc covid hosp,0,2026-09-05,54,quantile,0.9,10.0
2026-09-05,wk inc covid hosp,0,2026-09-05,54,quantile,0.95,11.0
2026-09-05,wk inc covid hosp,0,2026-09-05,54,quantile,0.975,13.0
2026-09-05,wk inc covid hosp,0,2026-09-05,54,quantile,0.99,14.0
2026-09-05,wk inc covid hosp,0,2026-09-05,55,quantile,0.01,3.0
2026-09-05,wk inc covid hosp,0,2026-09-05,55,quantile,0.025,3.0
2026-09-05,wk inc covid hosp,0,2026-09-05,55,quantile,0.05,5.0
2026-09-05,wk inc covid hosp,0,2026-09-05,55,quantile,0.1,10.0
2026-09-05,wk inc covid hosp,0,2026-09-05,55,quantile,0.15,14.0
2026-09-05,wk inc covid hosp,0,2026-09-05,55,quantile,0.2,17.0
2026-09-05,wk inc covid hosp,0,2026-09-05,55,quantile,0.25,19.0
2026-09-05,wk inc covid hosp,0,2026-09-05,55,quantile,0.3,21.0
2026-09-05,wk inc covid hosp,0,2026-09-05,55,quantile,0.35,23.0
2026-09-05,wk inc covid hosp,0,2026-09-05,55,quantile,0.4,25.0
2026-09-05,wk inc covid hosp,0,2026-09-05,55,quantile,0.45,27.0
2026-09-05,wk inc covid hosp,0,2026-09-05,55,quantile,0.5,29.0
2026-09-05,wk inc covid hosp,0,2026-09-05,55,quantile,0.55,31.0
2026-09-05,wk inc covid hosp,0,2026-09-05,55,quantile,0.6,33.0
2026-09-05,wk inc covid hosp,0,2026-09-05,55,quantile,0.65,35.0
2026-09-05,wk inc covid hosp,0,2026-09-05,55,quantile,0.7,37.0
2026-09-05,wk inc covid hosp,0,2026-09-05,55,quantile,0.75,39.0
2026-09-05,wk inc covid hosp,0,2026-09-05,55,quantile,0.8,41.0
2026-09-05,wk inc covid hosp,0,2026-09-05,55,quantile,0.85,44.0
2026-09-05,wk inc covid hosp,0,2026-09-05,55,quantile,0.9,48.0
2026-09-05,wk inc covid hosp,0,2026-09-05,55,quantile,0.95,53.0
2026-09-05,wk inc covid hosp,0,2026-09-05,55,quantile,0.975,58.0
2026-09-05,wk inc covid hosp,0,2026-09-05,55,quantile,0.99,63.0
2026-09-05,wk inc covid hosp,0,2026-09-05,56,quantile,0.01,0.0
2026-09-05,wk inc covid hosp,0,2026-09-05,56,quantile,0.025,0.0
2026-09-05,wk inc covid hosp,0,2026-09-05,56,quantile,0.05,0.0
2026-09-05,wk inc covid hosp,0,2026-09-05,56,quantile,0.1,0.0
2026-09-05,wk inc covid hosp,0,2026-09-05,56,quantile,0.15,1.0
2026-09-05,wk inc covid hosp,0,2026-09-05,56,quantile,0.2,1.0
2026-09-05,wk inc covid hosp,0,2026-09-05,56,quantile,0.25,1.0
2026-09-05,wk inc covid hosp,0,2026-09-05,56,quantile,0.3,1.0
2026-09-05,wk inc covid hosp,0,2026-09-05,56,quantile,0.35,1.0
2026-09-05,wk inc covid hosp,0,2026-09-05,56,quantile,0.4,2.0
2026-09-05,wk inc covid hosp,0,2026-09-05,56,quantile,0.45,2.0
2026-09-05,wk inc covid hosp,0,2026-09-05,56,quantile,0.5,2.0
2026-09-05,wk inc covid hosp,0,2026-09-05,56,quantile,0.55,3.0
2026-09-05,wk inc covid hosp,0,2026-09-05,56,quantile,0.6,3.0
2026-09-05,wk inc covid hosp,0,2026-09-05,56,quantile,0.65,3.0
2026-09-05,wk inc covid hosp,0,2026-09-05,56,quantile,0.7,4.0
2026-09-05,wk inc covid hosp,0,2026-09-05,56,quantile,0.75,4.0
2026-09-05,wk inc covid hosp,0,2026-09-05,56,quantile,0.8,5.0
2026-09-05,wk inc covid hosp,0,2026-09-05,56,quantile,0.85,5.0
2026-09-05,wk inc covid hosp,0,2026-09-05,56,quantile,0.9,6.0
2026-09-05,wk inc covid hosp,0,2026-09-05,56,quantile,0.95,7.0
2026-09-05,wk inc covid hosp,0,2026-09-05,56,quantile,0.975,8.0
2026-09-05,wk inc covid hosp,0,2026-09-05,56,quantile,0.99,9.0
2026-09-05,wk inc covid hosp,0,2026-09-05,72,quantile,0.01,3.0
2026-09-05,wk inc covid hosp,0,2026-09-05,72,quantile,0.025,4.0
2026-09-05,wk inc covid hosp,0,2026-09-05,72,quantile,0.05,4.0
2026-09-05,wk inc covid hosp,0,2026-09-05,72,quantile,0.1,5.0
2026-09-05,wk inc covid hosp,0,2026-09-05,72,quantile,0.15,5.0
2026-09-05,wk inc covid hosp,0,2026-09-05,72,quantile,0.2,24.0
2026-09-05,wk inc covid hosp,0,2026-09-05,72,quantile,0.25,43.0
2026-09-05,wk inc covid hosp,0,2026-09-05,72,quantile,0.3,61.0
2026-09-05,wk inc covid hosp,0,2026-09-05,72,quantile,0.35,76.0
2026-09-05,wk inc covid hosp,0,2026-09-05,72,quantile,0.4,92.0
2026-09-05,wk inc covid hosp,0,2026-09-05,72,quantile,0.45,106.0
2026-09-05,wk inc covid hosp,0,2026-09-05,72,quantile,0.5,121.0
2026-09-05,wk inc covid hosp,0,2026-09-05,72,quantile,0.55,135.0
2026-09-05,wk inc covid hosp,0,2026-09-05,72,quantile,0.6,150.0
2026-09-05,wk inc covid hosp,0,2026-09-05,72,quantile,0.65,165.0
2026-09-05,wk inc covid hosp,0,2026-09-05,72,quantile,0.7,181.0
2026-09-05,wk inc covid hosp,0,2026-09-05,72,quantile,0.75,198.0
2026-09-05,wk inc covid hosp,0,2026-09-05,72,quantile,0.8,217.0
2026-09-05,wk inc covid hosp,0,2026-09-05,72,quantile,0.85,240.0
2026-09-05,wk inc covid hosp,0,2026-09-05,72,quantile,0.9,268.0
2026-09-05,wk inc covid hosp,0,2026-09-05,72,quantile,0.95,309.0
2026-09-05,wk inc covid hosp,0,2026-09-05,72,quantile,0.975,346.0
2026-09-05,wk inc covid hosp,0,2026-09-05,72,quantile,0.99,388.0
2026-09-05,wk inc covid hosp,1,2026-09-12,01,quantile,0.01,7.0
2026-09-05,wk inc covid hosp,1,2026-09-12,01,quantile,0.025,16.0
2026-09-05,wk inc covid hosp,1,2026-09-12,01,quantile,0.05,25.0
2026-09-05,wk inc covid hosp,1,2026-09-12,01,quantile,0.1,35.0
2026-09-05,wk inc covid hosp,1,2026-09-12,01,quantile,0.15,42.0
2026-09-05,wk inc covid hosp,1,2026-09-12,01,quantile,0.2,48.0
2026-09-05,wk inc covid hosp,1,2026-09-12,01,quantile,0.25,53.0
2026-09-05,wk inc covid hosp,1,2026-09-12,01,quantile,0.3,57.0
2026-09-05,wk inc covid hosp,1,2026-09-12,01,quantile,0.35,61.0
2026-09-05,wk inc covid hosp,1,2026-09-12,01,quantile,0.4,65.0
2026-09-05,wk inc covid hosp,1,2026-09-12,01,quantile,0.45,68.0
2026-09-05,wk inc covid hosp,1,2026-09-12,01,quantile,0.5,72.0
2026-09-05,wk inc covid hosp,1,2026-09-12,01,quantile,0.55,76.0
2026-09-05,wk inc covid hosp,1,2026-09-12,01,quantile,0.6,79.0
2026-09-05,wk inc covid hosp,1,2026-09-12,01,quantile,0.65,83.0
2026-09-05,wk inc covid hosp,1,2026-09-12,01,quantile,0.7,87.0
2026-09-05,wk inc covid hosp,1,2026-09-12,01,quantile,0.75,91.0
2026-09-05,wk inc covid hosp,1,2026-09-12,01,quantile,0.8,96.0
2026-09-05,wk inc covid hosp,1,2026-09-12,01,quantile,0.85,102.0
2026-09-05,wk inc covid hosp,1,2026-09-12,01,quantile,0.9,109.0
2026-09-05,wk inc covid hosp,1,2026-09-12,01,quantile,0.95,119.0
2026-09-05,wk inc covid hosp,1,2026-09-12,01,quantile,0.975,128.0
2026-09-05,wk inc covid hosp,1,2026-09-12,01,quantile,0.99,139.0
2026-09-05,wk inc covid hosp,1,2026-09-12,02,quantile,0.01,0.0
2026-09-05,wk inc covid hosp,1,2026-09-12,02,quantile,0.025,1.0
2026-09-05,wk inc covid hosp,1,2026-09-12,02,quantile,0.05,1.0
2026-09-05,wk inc covid hosp,1,2026-09-12,02,quantile,0.1,1.0
2026-09-05,wk inc covid hosp,1,2026-09-12,02,quantile,0.15,1.0
2026-09-05,wk inc covid hosp,1,2026-09-12,02,quantile,0.2,1.0
2026-09-05,wk inc covid hosp,1,2026-09-12,02,quantile,0.25,1.0
2026-09-05,wk inc covid hosp,1,2026-09-12,02,quantile,0.3,1.0
2026-09-05,wk inc covid hosp,1,2026-09-12,02,quantile,0.35,2.0
2026-09-05,wk inc covid hosp,1,2026-09-12,02,quantile,0.4,3.0
2026-09-05,wk inc covid hosp,1,2026-09-12,02,quantile,0.45,4.0
2026-09-05,wk inc covid hosp,1,2026-09-12,02,quantile,0.5,4.0
2026-09-05,wk inc covid hosp,1,2026-09-12,02,quantile,0.55,5.0
2026-09-05,wk inc covid hosp,1,2026-09-12,02,quantile,0.6,6.0
2026-09-05,wk inc covid hosp,1,2026-09-12,02,quantile,0.65,7.0
2026-09-05,wk inc covid hosp,1,2026-09-12,02,quantile,0.7,8.0
2026-09-05,wk inc covid hosp,1,2026-09-12,02,quantile,0.75,9.0
2026-09-05,wk inc covid hosp,1,2026-09-12,02,quantile,0.8,10.0
2026-09-05,wk inc covid hosp,1,2026-09-12,02,quantile,0.85,11.0
2026-09-05,wk inc covid hosp,1,2026-09-12,02,quantile,0.9,12.0
2026-09-05,wk inc covid hosp,1,2026-09-12,02,quantile,0.95,15.0
2026-09-05,wk inc covid hosp,1,2026-09-12,02,quantile,0.975,16.0
2026-09-05,wk inc covid hosp,1,2026-09-12,02,quantile,0.99,19.0
2026-09-05,wk inc covid hosp,1,2026-09-12,04,quantile,0.01,21.0
2026-09-05,wk inc covid hosp,1,2026-09-12,04,quantile,0.025,30.0
2026-09-05,wk inc covid hosp,1,2026-09-12,04,quantile,0.05,38.0
2026-09-05,wk inc covid hosp,1,2026-09-12,04,quantile,0.1,47.0
2026-09-05,wk inc covid hosp,1,2026-09-12,04,quantile,0.15,53.0
2026-09-05,wk inc covid hosp,1,2026-09-12,04,quantile,0.2,58.0
2026-09-05,wk inc covid hosp,1,2026-09-12,04,quantile,0.25,62.0
2026-09-05,wk inc covid hosp,1,2026-09-12,04,quantile,0.3,65.0
2026-09-05,wk inc covid hosp,1,2026-09-12,04,quantile,0.35,69.0
2026-09-05,wk inc covid hosp,1,2026-09-12,04,quantile,0.4,72.0
2026-09-05,wk inc covid hosp,1,2026-09-12,04,quantile,0.45,75.0
2026-09-05,wk inc covid hosp,1,2026-09-12,04,quantile,0.5,78.0
2026-09-05,wk inc covid hosp,1,2026-09-12,04,quantile,0.55,82.0
2026-09-05,wk inc covid hosp,1,2026-09-12,04,quantile,0.6,85.0
2026-09-05,wk inc covid hosp,1,2026-09-12,04,quantile,0.65,88.0
2026-09-05,wk inc covid hosp,1,2026-09-12,04,quantile,0.7,91.0
2026-09-05,wk inc covid hosp,1,2026-09-12,04,quantile,0.75,95.0
2026-09-05,wk inc covid hosp,1,2026-09-12,04,quantile,0.8,99.0
2026-09-05,wk inc covid hosp,1,2026-09-12,04,quantile,0.85,104.0
2026-09-05,wk inc covid hosp,1,2026-09-12,04,quantile,0.9,110.0
2026-09-05,wk inc covid hosp,1,2026-09-12,04,quantile,0.95,119.0
2026-09-05,wk inc covid hosp,1,2026-09-12,04,quantile,0.975,127.0
2026-09-05,wk inc covid hosp,1,2026-09-12,04,quantile,0.99,136.0
2026-09-05,wk inc covid hosp,1,2026-09-12,05,quantile,0.01,3.0
2026-09-05,wk inc covid hosp,1,2026-09-12,05,quantile,0.025,4.0
2026-09-05,wk inc covid hosp,1,2026-09-12,05,quantile,0.05,5.0
2026-09-05,wk inc covid hosp,1,2026-09-12,05,quantile,0.1,7.0
2026-09-05,wk inc covid hosp,1,2026-09-12,05,quantile,0.15,9.0
2026-09-05,wk inc covid hosp,1,2026-09-12,05,quantile,0.2,10.0
2026-09-05,wk inc covid hosp,1,2026-09-12,05,quantile,0.25,11.0
2026-09-05,wk inc covid hosp,1,2026-09-12,05,quantile,0.3,12.0
2026-09-05,wk inc covid hosp,1,2026-09-12,05,quantile,0.35,13.0
2026-09-05,wk inc covid hosp,1,2026-09-12,05,quantile,0.4,14.0
2026-09-05,wk inc covid hosp,1,2026-09-12,05,quantile,0.45,15.0
2026-09-05,wk inc covid hosp,1,2026-09-12,05,quantile,0.5,16.0
2026-09-05,wk inc covid hosp,1,2026-09-12,05,quantile,0.55,16.0
2026-09-05,wk inc covid hosp,1,2026-09-12,05,quantile,0.6,17.0
2026-09-05,wk inc covid hosp,1,2026-09-12,05,quantile,0.65,18.0
2026-09-05,wk inc covid hosp,1,2026-09-12,05,quantile,0.7,19.0
2026-09-05,wk inc covid hosp,1,2026-09-12,05,quantile,0.75,20.0
2026-09-05,wk inc covid hosp,1,2026-09-12,05,quantile,0.8,21.0
2026-09-05,wk inc covid hosp,1,2026-09-12,05,quantile,0.85,23.0
2026-09-05,wk inc covid hosp,1,2026-09-12,05,quantile,0.9,24.0
2026-09-05,wk inc covid hosp,1,2026-09-12,05,quantile,0.95,27.0
2026-09-05,wk inc covid hosp,1,2026-09-12,05,quantile,0.975,29.0
2026-09-05,wk inc covid hosp,1,2026-09-12,05,quantile,0.99,31.0
2026-09-05,wk inc covid hosp,1,2026-09-12,06,quantile,0.01,189.0
2026-09-05,wk inc covid hosp,1,2026-09-12,06,quantile,0.025,237.0
2026-09-05,wk inc covid hosp,1,2026-09-12,06,quantile,0.05,279.0
2026-09-05,wk inc covid hosp,1,2026-09-12,06,quantile,0.1,327.0
2026-09-05,wk inc covid hosp,1,2026-09-12,06,quantile,0.15,359.0
2026-09-05,wk inc covid hosp,1,2026-09-12,06,quantile,0.2,385.0
2026-09-05,wk inc covid hosp,1,2026-09-12,06,quantile,0.25,407.0
2026-09-05,wk inc covid hosp,1,2026-09-12,06,quantile,0.3,426.0
2026-09-05,wk inc covid hosp,1,2026-09-12,06,quantile,0.35,445.0
2026-09-05,wk inc covid hosp,1,2026-09-12,06,quantile,0.4,462.0
2026-09-05,wk inc covid hosp,1,2026-09-12,06,quantile,0.45,479.0
2026-09-05,wk inc covid hosp,1,2026-09-12,06,quantile,0.5,495.0
2026-09-05,wk inc covid hosp,1,2026-09-12,06,quantile,0.55,512.0
2026-09-05,wk inc covid hosp,1,2026-09-12,06,quantile,0.6,529.0
2026-09-05,wk inc covid hosp,1,2026-09-12,06,quantile,0.65,546.0
2026-09-05,wk inc covid hosp,1,2026-09-12,06,quantile,0.7,564.0
2026-09-05,wk inc covid hosp,1,2026-09-12,06,quantile,0.75,584.0
2026-09-05,wk inc covid hosp,1,2026-09-12,06,quantile,0.8,606.0
2026-09-05,wk inc covid hosp,1,2026-09-12,06,quantile,0.85,632.0
2026-09-05,wk inc covid hosp,1,2026-09-12,06,quantile,0.9,664.0
2026-09-05,wk inc covid hosp,1,2026-09-12,06,quantile,0.95,712.0
2026-09-05,wk inc covid hosp,1,2026-09-12,06,quantile,0.975,753.0
2026-09-05,wk inc covid hosp,1,2026-09-12,06,quantile,0.99,802.0
2026-09-05,wk inc covid hosp,1,2026-09-12,08,quantile,0.01,3.0
2026-09-05,wk inc covid hosp,1,2026-09-12,08,quantile,0.025,4.0
2026-09-05,wk inc covid hosp,1,2026-09-12,08,quantile,0.05,5.0
2026-09-05,wk inc covid hosp,1,2026-09-12,08,quantile,0.1,6.0
2026-09-05,wk inc covid hosp,1,2026-09-12,08,quantile,0.15,10.0
2026-09-05,wk inc covid hosp,1,2026-09-12,08,quantile,0.2,12.0
2026-09-05,wk inc covid hosp,1,2026-09-12,08,quantile,0.25,15.0
2026-09-05,wk inc covid hosp,1,2026-09-12,08,quantile,0.3,17.0
2026-09-05,wk inc covid hosp,1,2026-09-12,08,quantile,0.35,19.0
2026-09-05,wk inc covid hosp,1,2026-09-12,08,quantile,0.4,21.0
2026-09-05,wk inc covid hosp,1,2026-09-12,08,quantile,0.45,23.0
2026-09-05,wk inc covid hosp,1,2026-09-12,08,quantile,0.5,25.0
2026-09-05,wk inc covid hosp,1,2026-09-12,08,quantile,0.55,27.0
2026-09-05,wk inc covid hosp,1,2026-09-12,08,quantile,0.6,29.0
2026-09-05,wk inc covid hosp,1,2026-09-12,08,quantile,0.65,31.0
2026-09-05,wk inc covid hosp,1,2026-09-12,08,quantile,0.7,33.0
2026-09-05,wk inc covid hosp,1,2026-09-12,08,quantile,0.75,35.0
2026-09-05,wk inc covid hosp,1,2026-09-12,08,quantile,0.8,38.0
2026-09-05,wk inc covid hosp,1,2026-09-12,08,quantile,0.85,40.0
2026-09-05,wk inc covid hosp,1,2026-09-12,08,quantile,0.9,44.0
2026-09-05,wk inc covid hosp,1,2026-09-12,08,quantile,0.95,50.0
2026-09-05,wk inc covid hosp,1,2026-09-12,08,quantile,0.975,54.0
2026-09-05,wk inc covid hosp,1,2026-09-12,08,quantile,0.99,60.0
2026-09-05,wk inc covid hosp,1,2026-09-12,09,quantile,0.01,2.0
2026-09-05,wk inc covid hosp,1,2026-09-12,09,quantile,0.025,3.0
2026-09-05,wk inc covid hosp,1,2026-09-12,09,quantile,0.05,5.0
2026-09-05,wk inc covid hosp,1,2026-09-12,09,quantile,0.1,8.0
2026-09-05,wk inc covid hosp,1,2026-09-12,09,quantile,0.15,10.0
2026-09-05,wk inc covid hosp,1,2026-09-12,09,quantile,0.2,11.0
2026-09-05,wk inc covid hosp,1,2026-09-12,09,quantile,0.25,12.0
2026-09-05,wk inc covid hosp,1,2026-09-12,09,quantile,0.3,14.0
2026-09-05,wk inc covid hosp,1,2026-09-12,09,quantile,0.35,15.0
2026-09-05,wk inc covid hosp,1,2026-09-12,09,quantile,0.4,16.0
2026-09-05,wk inc covid hosp,1,2026-09-12,09,quantile,0.45,17.0
2026-09-05,wk inc covid hosp,1,2026-09-12,09,quantile,0.5,18.0
2026-09-05,wk inc covid hosp,1,2026-09-12,09,quantile,0.55,19.0
2026-09-05,wk inc covid hosp,1,2026-09-12,09,quantile,0.6,20.0
2026-09-05,wk inc covid hosp,1,2026-09-12,09,quantile,0.65,21.0
2026-09-05,wk inc covid hosp,1,2026-09-12,09,quantile,0.7,22.0
2026-09-05,wk inc covid hosp,1,2026-09-12,09,quantile,0.75,23.0
2026-09-05,wk inc covid hosp,1,2026-09-12,09,quantile,0.8,24.0
2026-09-05,wk inc covid hosp,1,2026-09-12,09,quantile,0.85,26.0
2026-09-05,wk inc covid hosp,1,2026-09-12,09,quantile,0.9,28.0
2026-09-05,wk inc covid hosp,1,2026-09-12,09,quantile,0.95,30.0
2026-09-05,wk inc covid hosp,1,2026-09-12,09,quantile,0.975,33.0
2026-09-05,wk inc covid hosp,1,2026-09-12,09,quantile,0.99,36.0
2026-09-05,wk inc covid hosp,1,2026-09-12,10,quantile,0.01,1.0
2026-09-05,wk inc covid hosp,1,2026-09-12,10,quantile,0.025,1.0
2026-09-05,wk inc covid hosp,1,2026-09-12,10,quantile,0.05,1.0
2026-09-05,wk inc covid hosp,1,2026-09-12,10,quantile,0.1,1.0
2026-09-05,wk inc covid hosp,1,2026-09-12,10,quantile,0.15,2.0
2026-09-05,wk inc covid hosp,1,2026-09-12,10,quantile,0.2,2.0
2026-09-05,wk inc covid hosp,1,2026-09-12,10,quantile,0.25,3.0
2026-09-05,wk inc covid hosp,1,2026-09-12,10,quantile,0.3,3.0
2026-09-05,wk inc covid hosp,1,2026-09-12,10,quantile,0.35,4.0
2026-09-05,wk inc covid hosp,1,2026-09-12,10,quantile,0.4,4.0
2026-09-05,wk inc covid hosp,1,2026-09-12,10,quantile,0.45,5.0
2026-09-05,wk inc covid hosp,1,2026-09-12,10,quantile,0.5,6.0
2026-09-05,wk inc covid hosp,1,2026-09-12,10,quantile,0.55,6.0
2026-09-05,wk inc covid hosp,1,2026-09-12,10,quantile,0.6,7.0
2026-09-05,wk inc covid hosp,1,2026-09-12,10,quantile,0.65,7.0
2026-09-05,wk inc covid hosp,1,2026-09-12,10,quantile,0.7,8.0
2026-09-05,wk inc covid hosp,1,2026-09-12,10,quantile,0.75,9.0
2026-09-05,wk inc covid hosp,1,2026-09-12,10,quantile,0.8,9.0
2026-09-05,wk inc covid hosp,1,2026-09-12,10,quantile,0.85,10.0
2026-09-05,wk inc covid hosp,1,2026-09-12,10,quantile,0.9,12.0
2026-09-05,wk inc covid hosp,1,2026-09-12,10,quantile,0.95,13.0
2026-09-05,wk inc covid hosp,1,2026-09-12,10,quantile,0.975,15.0
2026-09-05,wk inc covid hosp,1,2026-09-12,10,quantile,0.99,16.0
2026-09-05,wk inc covid hosp,1,2026-09-12,11,quantile,0.01,1.0
2026-09-05,wk inc covid hosp,1,2026-09-12,11,quantile,0.025,1.0
2026-09-05,wk inc covid hosp,1,2026-09-12,11,quantile,0.05,1.0
2026-09-05,wk inc covid hosp,1,2026-09-12,11,quantile,0.1,1.0
2026-09-05,wk inc covid hosp,1,2026-09-12,11,quantile,0.15,1.0
2026-09-05,wk inc covid hosp,1,2026-09-12,11,quantile,0.2,1.0
2026-09-05,wk inc covid hosp,1,2026-09-12,11,quantile,0.25,1.0
2026-09-05,wk inc covid hosp,1,2026-09-12,11,quantile,0.3,2.0
2026-09-05,wk inc covid hosp,1,2026-09-12,11,quantile,0.35,2.0
2026-09-05,wk inc covid hosp,1,2026-09-12,11,quantile,0.4,3.0
2026-09-05,wk inc covid hosp,1,2026-09-12,11,quantile,0.45,4.0
2026-09-05,wk inc covid hosp,1,2026-09-12,11,quantile,0.5,4.0
2026-09-05,wk inc covid hosp,1,2026-09-12,11,quantile,0.55,5.0
2026-09-05,wk inc covid hosp,1,2026-09-12,11,quantile,0.6,6.0
2026-09-05,wk inc covid hosp,1,2026-09-12,11,quantile,0.65,6.0
2026-09-05,wk inc covid hosp,1,2026-09-12,11,quantile,0.7,7.0
2026-09-05,wk inc covid hosp,1,2026-09-12,11,quantile,0.75,8.0
2026-09-05,wk inc covid hosp,1,2026-09-12,11,quantile,0.8,8.0
2026-09-05,wk inc covid hosp,1,2026-09-12,11,quantile,0.85,9.0
2026-09-05,wk inc covid hosp,1,2026-09-12,11,quantile,0.9,11.0
2026-09-05,wk inc covid hosp,1,2026-09-12,11,quantile,0.95,12.0
2026-09-05,wk inc covid hosp,1,2026-09-12,11,quantile,0.975,14.0
2026-09-05,wk inc covid hosp,1,2026-09-12,11,quantile,0.99,16.0
2026-09-05,wk inc covid hosp,1,2026-09-12,12,quantile,0.01,142.0
2026-09-05,wk inc covid hosp,1,2026-09-12,12,quantile,0.025,179.0
2026-09-05,wk inc covid hosp,1,2026-09-12,12,quantile,0.05,211.0
2026-09-05,wk inc covid hosp,1,2026-09-12,12,quantile,0.1,248.0
2026-09-05,wk inc covid hosp,1,2026-09-12,12,quantile,0.15,272.0
2026-09-05,wk inc covid hosp,1,2026-09-12,12,quantile,0.2,292.0
2026-09-05,wk inc covid hosp,1,2026-09-12,12,quantile,0.25,309.0
2026-09-05,wk inc covid hosp,1,2026-09-12,12,quantile,0.3,324.0
2026-09-05,wk inc covid hosp,1,2026-09-12,12,quantile,0.35,338.0
2026-09-05,wk inc covid hosp,1,2026-09-12,12,quantile,0.4,351.0
2026-09-05,wk inc covid hosp,1,2026-09-12,12,quantile,0.45,364.0
2026-09-05,wk inc covid hosp,1,2026-09-12,12,quantile,0.5,377.0
2026-09-05,wk inc covid hosp,1,2026-09-12,12,quantile,0.55,390.0
2026-09-05,wk inc covid hosp,1,2026-09-12,12,quantile,0.6,403.0
2026-09-05,wk inc covid hosp,1,2026-09-12,12,quantile,0.65,416.0
2026-09-05,wk inc covid hosp,1,2026-09-12,12,quantile,0.7,430.0
2026-09-05,wk inc covid hosp,1,2026-09-12,12,quantile,0.75,445.0
2026-09-05,wk inc covid hosp,1,2026-09-12,12,quantile,0.8,462.0
2026-09-05,wk inc covid hosp,1,2026-09-12,12,quantile,0.85,482.0
2026-09-05,wk inc covid hosp,1,2026-09-12,12,quantile,0.9,506.0
2026-09-05,wk inc covid hosp,1,2026-09-12,12,quantile,0.95,543.0
2026-09-05,wk inc covid hosp,1,2026-09-12,12,quantile,0.975,575.0
2026-09-05,wk inc covid hosp,1,2026-09-12,12,quantile,0.99,612.0
2026-09-05,wk inc covid hosp,1,2026-09-12,13,quantile,0.01,15.0
2026-09-05,wk inc covid hosp,1,2026-09-12,13,quantile,0.025,31.0
2026-09-05,wk inc covid hosp,1,2026-09-12,13,quantile,0.05,46.0
2026-09-05,wk inc covid hosp,1,2026-09-12,13,quantile,0.1,62.0
2026-09-05,wk inc covid hosp,1,2026-09-12,13,quantile,0.15,73.0
2026-09-05,wk inc covid hosp,1,2026-09-12,13,quantile,0.2,82.0
2026-09-05,wk inc covid hosp,1,2026-09-12,13,quantile,0.25,90.0
2026-09-05,wk inc covid hosp,1,2026-09-12,13,quantile,0.3,96.0
2026-09-05,wk inc covid hosp,1,2026-09-12,13,quantile,0.35,103.0
2026-09-05,wk inc covid hosp,1,2026-09-12,13,quantile,0.4,109.0
2026-09-05,wk inc covid hosp,1,2026-09-12,13,quantile,0.45,114.0
2026-09-05,wk inc covid hosp,1,2026-09-12,13,quantile,0.5,120.0
2026-09-05,wk inc covid hosp,1,2026-09-12,13,quantile,0.55,126.0
2026-09-05,wk inc covid hosp,1,2026-09-12,13,quantile,0.6,131.0
2026-09-05,wk inc covid hosp,1,2026-09-12,13,quantile,0.65,137.0
2026-09-05,wk inc covid hosp,1,2026-09-12,13,quantile,0.7,144.0
2026-09-05,wk inc covid hosp,1,2026-09-12,13,quantile,0.75,150.0
2026-09-05,wk inc covid hosp,1,2026-09-12,13,quantile,0.8,158.0
2026-09-05,wk inc covid hosp,1,2026-09-12,13,quantile,0.85,167.0
2026-09-05,wk inc covid hosp,1,2026-09-12,13,quantile,0.9,178.0
2026-09-05,wk inc covid hosp,1,2026-09-12,13,quantile,0.95,194.0
2026-09-05,wk inc covid hosp,1,2026-09-12,13,quantile,0.975,209.0
2026-09-05,wk inc covid hosp,1,2026-09-12,13,quantile,0.99,225.0
2026-09-05,wk inc covid hosp,1,2026-09-12,15,quantile,0.01,2.0
2026-09-05,wk inc covid hosp,1,2026-09-12,15,quantile,0.025,2.0
2026-09-05,wk inc covid hosp,1,2026-09-12,15,quantile,0.05,2.0
2026-09-05,wk inc covid hosp,1,2026-09-12,15,quantile,0.1,3.0
2026-09-05,wk inc covid hosp,1,2026-09-12,15,quantile,0.15,4.0
2026-09-05,wk inc covid hosp,1,2026-09-12,15,quantile,0.2,8.0
2026-09-05,wk inc covid hosp,1,2026-09-12,15,quantile,0.25,12.0
2026-09-05,wk inc covid hosp,1,2026-09-12,15,quantile,0.3,15.0
2026-09-05,wk inc covid hosp,1,2026-09-12,15,quantile,0.35,18.0
2026-09-05,wk inc covid hosp,1,2026-09-12,15,quantile,0.4,21.0
2026-09-05,wk inc covid hosp,1,2026-09-12,15,quantile,0.45,23.0
2026-09-05,wk inc covid hosp,1,2026-09-12,15,quantile,0.5,26.0
2026-09-05,wk inc covid hosp,1,2026-09-12,15,quantile,0.55,28.0
2026-09-05,wk inc covid hosp,1,2026-09-12,15,quantile,0.6,31.0
2026-09-05,wk inc covid hosp,1,2026-09-12,15,quantile,0.65,34.0
2026-09-05,wk inc covid hosp,1,2026-09-12,15,quantile,0.7,37.0
2026-09-05,wk inc covid hosp,1,2026-09-12,15,quantile,0.75,40.0
2026-09-05,wk inc covid hosp,1,2026-09-12,15,quantile,0.8,43.0
2026-09-05,wk inc covid hosp,1,2026-09-12,15,quantile,0.85,47.0
2026-09-05,wk inc covid hosp,1,2026-09-12,15,quantile,0.9,52.0
2026-09-05,wk inc covid hosp,1,2026-09-12,15,quantile,0.95,60.0
2026-09-05,wk inc covid hosp,1,2026-09-12,15,quantile,0.975,66.0
2026-09-05,wk inc covid hosp,1,2026-09-12,15,quantile,0.99,74.0
2026-09-05,wk inc covid hosp,1,2026-09-12,16,quantile,0.01,1.0
2026-09-05,wk inc covid hosp,1,2026-09-12,16,quantile,0.025,1.0
2026-09-05,wk inc covid hosp,1,2026-09-12,16,quantile,0.05,2.0
2026-09-05,wk inc covid hosp,1,2026-09-12,16,quantile,0.1,2.0
2026-09-05,wk inc covid hosp,1,2026-09-12,16,quantile,0.15,3.0
2026-09-05,wk inc covid hosp,1,2026-09-12,16,quantile,0.2,3.0
2026-09-05,wk inc covid hosp,1,2026-09-12,16,quantile,0.25,3.0
2026-09-05,wk inc covid hosp,1,2026-09-12,16,quantile,0.3,3.0
2026-09-05,wk inc covid hosp,1,2026-09-12,16,quantile,0.35,5.0
2026-09-05,wk inc covid hosp,1,2026-09-12,16,quantile,0.4,8.0
2026-09-05,wk inc covid hosp,1,2026-09-12,16,quantile,0.45,11.0
2026-09-05,wk inc covid hosp,1,2026-09-12,16,quantile,0.5,14.0
2026-09-05,wk inc covid hosp,1,2026-09-12,16,quantile,0.55,16.0
2026-09-05,wk inc covid hosp,1,2026-09-12,16,quantile,0.6,19.0
2026-09-05,wk inc covid hosp,1,2026-09-12,16,quantile,0.65,22.0
2026-09-05,wk inc covid hosp,1,2026-09-12,16,quantile,0.7,25.0
2026-09-05,wk inc covid hosp,1,2026-09-12,16,quantile,0.75,28.0
2026-09-05,wk inc covid hosp,1,2026-09-12,16,quantile,0.8,32.0
2026-09-05,wk inc covid hosp,1,2026-09-12,16,quantile,0.85,36.0
2026-09-05,wk inc covid hosp,1,2026-09-12,16,quantile,0.9,41.0
2026-09-05,wk inc covid hosp,1,2026-09-12,16,quantile,0.95,49.0
2026-09-05,wk inc covid hosp,1,2026-09-12,16,quantile,0.975,56.0
2026-09-05,wk inc covid hosp,1,2026-09-12,16,quantile,0.99,64.0
2026-09-05,wk inc covid hosp,1,2026-09-12,17,quantile,0.01,9.0
2026-09-05,wk inc covid hosp,1,2026-09-12,17,quantile,0.025,13.0
2026-09-05,wk inc covid hosp,1,2026-09-12,17,quantile,0.05,19.0
2026-09-05,wk inc covid hosp,1,2026-09-12,17,quantile,0.1,26.0
2026-09-05,wk inc covid hosp,1,2026-09-12,17,quantile,0.15,31.0
2026-09-05,wk inc covid hosp,1,2026-09-12,17,quantile,0.2,35.0
2026-09-05,wk inc covid hosp,1,2026-09-12,17,quantile,0.25,38.0
2026-09-05,wk inc covid hosp,1,2026-09-12,17,quantile,0.3,41.0
2026-09-05,wk inc covid hosp,1,2026-09-12,17,quantile,0.35,44.0
2026-09-05,wk inc covid hosp,1,2026-09-12,17,quantile,0.4,46.0
2026-09-05,wk inc covid hosp,1,2026-09-12,17,quantile,0.45,49.0
2026-09-05,wk inc covid hosp,1,2026-09-12,17,quantile,0.5,51.0
2026-09-05,wk inc covid hosp,1,2026-09-12,17,quantile,0.55,54.0
2026-09-05,wk inc covid hosp,1,2026-09-12,17,quantile,0.6,56.0
2026-09-05,wk inc covid hosp,1,2026-09-12,17,quantile,0.65,59.0
2026-09-05,wk inc covid hosp,1,2026-09-12,17,quantile,0.7,61.0
2026-09-05,wk inc covid hosp,1,2026-09-12,17,quantile,0.75,64.0
2026-09-05,wk inc covid hosp,1,2026-09-12,17,quantile,0.8,68.0
2026-09-05,wk inc covid hosp,1,2026-09-12,17,quantile,0.85,71.0
2026-09-05,wk inc covid hosp,1,2026-09-12,17,quantile,0.9,76.0
2026-09-05,wk inc covid hosp,1,2026-09-12,17,quantile,0.95,83.0
2026-09-05,wk inc covid hosp,1,2026-09-12,17,quantile,0.975,89.0
2026-09-05,wk inc covid hosp,1,2026-09-12,17,quantile,0.99,96.0
2026-09-05,wk inc covid hosp,1,2026-09-12,18,quantile,0.01,5.0
2026-09-05,wk inc covid hosp,1,2026-09-12,18,quantile,0.025,6.0
2026-09-05,wk inc covid hosp,1,2026-09-12,18,quantile,0.05,8.0
2026-09-05,wk inc covid hosp,1,2026-09-12,18,quantile,0.1,9.0
2026-09-05,wk inc covid hosp,1,2026-09-12,18,quantile,0.15,12.0
2026-09-05,wk inc covid hosp,1,2026-09-12,18,quantile,0.2,14.0
2026-09-05,wk inc covid hosp,1,2026-09-12,18,quantile,0.25,16.0
2026-09-05,wk inc covid hosp,1,2026-09-12,18,quantile,0.3,17.0
2026-09-05,wk inc covid hosp,1,2026-09-12,18,quantile,0.35,19.0
2026-09-05,wk inc covid hosp,1,2026-09-12,18,quantile,0.4,20.0
2026-09-05,wk inc covid hosp,1,2026-09-12,18,quantile,0.45,22.0
2026-09-05,wk inc covid hosp,1,2026-09-12,18,quantile,0.5,23.0
2026-09-05,wk inc covid hosp,1,2026-09-12,18,quantile,0.55,24.0
2026-09-05,wk inc covid hosp,1,2026-09-12,18,quantile,0.6,26.0
2026-09-05,wk inc covid hosp,1,2026-09-12,18,quantile,0.65,27.0
2026-09-05,wk inc covid hosp,1,2026-09-12,18,quantile,0.7,29.0
2026-09-05,wk inc covid hosp,1,2026-09-12,18,quantile,0.75,30.0
2026-09-05,wk inc covid hosp,1,2026-09-12,18,quantile,0.8,32.0
2026-09-05,wk inc covid hosp,1,2026-09-12,18,quantile,0.85,34.0
2026-09-05,wk inc covid hosp,1,2026-09-12,18,quantile,0.9,37.0
2026-09-05,wk inc covid hosp,1,2026-09-12,18,quantile,0.95,40.0
2026-09-05,wk inc covid hosp,1,2026-09-12,18,quantile,0.975,44.0
2026-09-05,wk inc covid hosp,1,2026-09-12,18,quantile,0.99,48.0
2026-09-05,wk inc covid hosp,1,2026-09-12,19,quantile,0.01,2.0
2026-09-05,wk inc covid hosp,1,2026-09-12,19,quantile,0.025,3.0
2026-09-05,wk inc covid hosp,1,2026-09-12,19,quantile,0.05,3.0
2026-09-05,wk inc covid hosp,1,2026-09-12,19,quantile,0.1,4.0
2026-09-05,wk inc covid hosp,1,2026-09-12,19,quantile,0.15,6.0
2026-09-05,wk inc covid hosp,1,2026-09-12,19,quantile,0.2,6.0
2026-09-05,wk inc covid hosp,1,2026-09-12,19,quantile,0.25,7.0
2026-09-05,wk inc covid hosp,1,2026-09-12,19,quantile,0.3,8.0
2026-09-05,wk inc covid hosp,1,2026-09-12,19,quantile,0.35,9.0
2026-09-05,wk inc covid hosp,1,2026-09-12,19,quantile,0.4,9.0
2026-09-05,wk inc covid hosp,1,2026-09-12,19,quantile,0.45,10.0
2026-09-05,wk inc covid hosp,1,2026-09-12,19,quantile,0.5,10.0
2026-09-05,wk inc covid hosp,1,2026-09-12,19,quantile,0.55,11.0
2026-09-05,wk inc covid hosp,1,2026-09-12,19,quantile,0.6,12.0
2026-09-05,wk inc covid hosp,1,2026-09-12,19,quantile,0.65,12.0
2026-09-05,wk inc covid hosp,1,2026-09-12,19,quantile,0.7,13.0
2026-09-05,wk inc covid hosp,1,2026-09-12,19,quantile,0.75,14.0
2026-09-05,wk inc covid hosp,1,2026-09-12,19,quantile,0.8,15.0
2026-09-05,wk inc covid hosp,1,2026-09-12,19,quantile,0.85,15.0
2026-09-05,wk inc covid hosp,1,2026-09-12,19,quantile,0.9,17.0
2026-09-05,wk inc covid hosp,1,2026-09-12,19,quantile,0.95,18.0
2026-09-05,wk inc covid hosp,1,2026-09-12,19,quantile,0.975,20.0
2026-09-05,wk inc covid hosp,1,2026-09-12,19,quantile,0.99,22.0
2026-09-05,wk inc covid hosp,1,2026-09-12,20,quantile,0.01,2.0
2026-09-05,wk inc covid hosp,1,2026-09-12,20,quantile,0.025,2.0
2026-09-05,wk inc covid hosp,1,2026-09-12,20,quantile,0.05,3.0
2026-09-05,wk inc covid hosp,1,2026-09-12,20,quantile,0.1,4.0
2026-09-05,wk inc covid hosp,1,2026-09-12,20,quantile,0.15,4.0
2026-09-05,wk inc covid hosp,1,2026-09-12,20,quantile,0.2,5.0
2026-09-05,wk inc covid hosp,1,2026-09-12,20,quantile,0.25,6.0
2026-09-05,wk inc covid hosp,1,2026-09-12,20,quantile,0.3,7.0
2026-09-05,wk inc covid hosp,1,2026-09-12,20,quantile,0.35,8.0
2026-09-05,wk inc covid hosp,1,2026-09-12,20,quantile,0.4,10.0
2026-09-05,wk inc covid hosp,1,2026-09-12,20,quantile,0.45,10.0
2026-09-05,wk inc covid hosp,1,2026-09-12,20,quantile,0.5,11.0
2026-09-05,wk inc covid hosp,1,2026-09-12,20,quantile,0.55,12.0
2026-09-05,wk inc covid hosp,1,2026-09-12,20,quantile,0.6,13.0
2026-09-05,wk inc covid hosp,1,2026-09-12,20,quantile,0.65,14.0
2026-09-05,wk inc covid hosp,1,2026-09-12,20,quantile,0.7,16.0
2026-09-05,wk inc covid hosp,1,2026-09-12,20,quantile,0.75,17.0
2026-09-05,wk inc covid hosp,1,2026-09-12,20,quantile,0.8,18.0
2026-09-05,wk inc covid hosp,1,2026-09-12,20,quantile,0.85,20.0
2026-09-05,wk inc covid hosp,1,2026-09-12,20,quantile,0.9,21.0
2026-09-05,wk inc covid hosp,1,2026-09-12,20,quantile,0.95,24.0
2026-09-05,wk inc covid hosp,1,2026-09-12,20,quantile,0.975,27.0
2026-09-05,wk inc covid hosp,1,2026-09-12,20,quantile,0.99,30.0
2026-09-05,wk inc covid hosp,1,2026-09-12,21,quantile,0.01,6.0
2026-09-05,wk inc covid hosp,1,2026-09-12,21,quantile,0.025,8.0
2026-09-05,wk inc covid hosp,1,2026-09-12,21,quantile,0.05,12.0
2026-09-05,wk inc covid hosp,1,2026-09-12,21,quantile,0.1,15.0
2026-09-05,wk inc covid hosp,1,2026-09-12,21,quantile,0.15,18.0
2026-09-05,wk inc covid hosp,1,2026-09-12,21,quantile,0.2,20.0
2026-09-05,wk inc covid hosp,1,2026-09-12,21,quantile,0.25,22.0
2026-09-05,wk inc covid hosp,1,2026-09-12,21,quantile,0.3,23.0
2026-09-05,wk inc covid hosp,1,2026-09-12,21,quantile,0.35,25.0
2026-09-05,wk inc covid hosp,1,2026-09-12,21,quantile,0.4,26.0
2026-09-05,wk inc covid hosp,1,2026-09-12,21,quantile,0.45,27.0
2026-09-05,wk inc covid hosp,1,2026-09-12,21,quantile,0.5,29.0
2026-09-05,wk inc covid hosp,1,2026-09-12,21,quantile,0.55,30.0
2026-09-05,wk inc covid hosp,1,2026-09-12,21,quantile,0.6,31.0
2026-09-05,wk inc covid hosp,1,2026-09-12,21,quantile,0.65,33.0
2026-09-05,wk inc covid hosp,1,2026-09-12,21,quantile,0.7,34.0
2026-09-05,wk inc covid hosp,1,2026-09-12,21,quantile,0.75,36.0
2026-09-05,wk inc covid hosp,1,2026-09-12,21,quantile,0.8,37.0
2026-09-05,wk inc covid hosp,1,2026-09-12,21,quantile,0.85,39.0
2026-09-05,wk inc covid hosp,1,2026-09-12,21,quantile,0.9,42.0
2026-09-05,wk inc covid hosp,1,2026-09-12,21,quantile,0.95,46.0
2026-09-05,wk inc covid hosp,1,2026-09-12,21,quantile,0.975,49.0
2026-09-05,wk inc covid hosp,1,2026-09-12,21,quantile,0.99,53.0
2026-09-05,wk inc covid hosp,1,2026-09-12,22,quantile,0.01,6.0
2026-09-05,wk inc covid hosp,1,2026-09-12,22,quantile,0.025,8.0
2026-09-05,wk inc covid hosp,1,2026-09-12,22,quantile,0.05,15.0
2026-09-05,wk inc covid hosp,1,2026-09-12,22,quantile,0.1,28.0
2026-09-05,wk inc covid hosp,1,2026-09-12,22,quantile,0.15,37.0
2026-09-05,wk inc covid hosp,1,2026-09-12,22,quantile,0.2,44.0
2026-09-05,wk inc covid hosp,1,2026-09-12,22,quantile,0.25,50.0
2026-09-05,wk inc covid hosp,1,2026-09-12,22,quantile,0.3,55.0
2026-09-05,wk inc covid hosp,1,2026-09-12,22,quantile,0.35,60.0
2026-09-05,wk inc covid hosp,1,2026-09-12,22,quantile,0.4,65.0
2026-09-05,wk inc covid hosp,1,2026-09-12,22,quantile,0.45,69.0
2026-09-05,wk inc covid hosp,1,2026-09-12,22,quantile,0.5,73.0
2026-09-05,wk inc covid hosp,1,2026-09-12,22,quantile,0.55,78.0
2026-09-05,wk inc covid hosp,1,2026-09-12,22,quantile,0.6,82.0
2026-09-05,wk inc covid hosp,1,2026-09-12,22,quantile,0.65,87.0
2026-09-05,wk inc covid hosp,1,2026-09-12,22,quantile,0.7,92.0
2026-09-05,wk inc covid hosp,1,2026-09-12,22,quantile,0.75,97.0
2026-09-05,wk inc covid hosp,1,2026-09-12,22,quantile,0.8,103.0
2026-09-05,wk inc covid hosp,1,2026-09-12,22,quantile,0.85,110.0
2026-09-05,wk inc covid hosp,1,2026-09-12,22,quantile,0.9,119.0
2026-09-05,wk inc covid hosp,1,2026-09-12,22,quantile,0.95,132.0
2026-09-05,wk inc covid hosp,1,2026-09-12,22,quantile,0.975,143.0
2026-09-05,wk inc covid hosp,1,2026-09-12,22,quantile,0.99,156.0
2026-09-05,wk inc covid hosp,1,2026-09-12,23,quantile,0.01,1.0
2026-09-05,wk inc covid hosp,1,2026-09-12,23,quantile,0.025,1.0
2026-09-05,wk inc covid hosp,1,2026-09-12,23,quantile,0.05,1.0
2026-09-05,wk inc covid hosp,1,2026-09-12,23,quantile,0.1,1.0
2026-09-05,wk inc covid hosp,1,2026-09-12,23,quantile,0.15,1.0
2026-09-05,wk inc covid hosp,1,2026-09-12,23,quantile,0.2,2.0
2026-09-05,wk inc covid hosp,1,2026-09-12,23,quantile,0.25,2.0
2026-09-05,wk inc covid hosp,1,2026-09-12,23,quantile,0.3,2.0
2026-09-05,wk inc covid hosp,1,2026-09-12,23,quantile,0.35,2.0
2026-09-05,wk inc covid hosp,1,2026-09-12,23,quantile,0.4,2.0
2026-09-05,wk inc covid hosp,1,2026-09-12,23,quantile,0.45,2.0
2026-09-05,wk inc covid hosp,1,2026-09-12,23,quantile,0.5,2.0
2026-09-05,wk inc covid hosp,1,2026-09-12,23,quantile,0.55,3.0
2026-09-05,wk inc covid hosp,1,2026-09-12,23,quantile,0.6,3.0
2026-09-05,wk inc covid hosp,1,2026-09-12,23,quantile,0.65,3.0
2026-09-05,wk inc covid hosp,1,2026-09-12,23,quantile,0.7,4.0
2026-09-05,wk inc covid hosp,1,2026-09-12,23,quantile,0.75,4.0
2026-09-05,wk inc covid hosp,1,2026-09-12,23,quantile,0.8,4.0
2026-09-05,wk inc covid hosp,1,2026-09-12,23,quantile,0.85,5.0
2026-09-05,wk inc covid hosp,1,2026-09-12,23,quantile,0.9,6.0
2026-09-05,wk inc covid hosp,1,2026-09-12,23,quantile,0.95,7.0
2026-09-05,wk inc covid hosp,1,2026-09-12,23,quantile,0.975,8.0
2026-09-05,wk inc covid hosp,1,2026-09-12,23,quantile,0.99,9.0
2026-09-05,wk inc covid hosp,1,2026-09-12,24,quantile,0.01,4.0
2026-09-05,wk inc covid hosp,1,2026-09-12,24,quantile,0.025,5.0
2026-09-05,wk inc covid hosp,1,2026-09-12,24,quantile,0.05,5.0
2026-09-05,wk inc covid hosp,1,2026-09-12,24,quantile,0.1,6.0
2026-09-05,wk inc covid hosp,1,2026-09-12,24,quantile,0.15,7.0
2026-09-05,wk inc covid hosp,1,2026-09-12,24,quantile,0.2,9.0
2026-09-05,wk inc covid hosp,1,2026-09-12,24,quantile,0.25,10.0
2026-09-05,wk inc covid hosp,1,2026-09-12,24,quantile,0.3,11.0
2026-09-05,wk inc covid hosp,1,2026-09-12,24,quantile,0.35,12.0
2026-09-05,wk inc covid hosp,1,2026-09-12,24,quantile,0.4,13.0
2026-09-05,wk inc covid hosp,1,2026-09-12,24,quantile,0.45,14.0
2026-09-05,wk inc covid hosp,1,2026-09-12,24,quantile,0.5,15.0
2026-09-05,wk inc covid hosp,1,2026-09-12,24,quantile,0.55,16.0
2026-09-05,wk inc covid hosp,1,2026-09-12,24,quantile,0.6,18.0
2026-09-05,wk inc covid hosp,1,2026-09-12,24,quantile,0.65,19.0
2026-09-05,wk inc covid hosp,1,2026-09-12,24,quantile,0.7,20.0
2026-09-05,wk inc covid hosp,1,2026-09-12,24,quantile,0.75,21.0
2026-09-05,wk inc covid hosp,1,2026-09-12,24,quantile,0.8,22.0
2026-09-05,wk inc covid hosp,1,2026-09-12,24,quantile,0.85,24.0
2026-09-05,wk inc covid hosp,1,2026-09-12,24,quantile,0.9,26.0
2026-09-05,wk inc covid hosp,1,2026-09-12,24,quantile,0.95,29.0
2026-09-05,wk inc covid hosp,1,2026-09-12,24,quantile,0.975,31.0
2026-09-05,wk inc covid hosp,1,2026-09-12,24,quantile,0.99,34.0
2026-09-05,wk inc covid hosp,1,2026-09-12,25,quantile,0.01,4.0
2026-09-05,wk inc covid hosp,1,2026-09-12,25,quantile,0.025,6.0
2026-09-05,wk inc covid hosp,1,2026-09-12,25,quantile,0.05,10.0
2026-09-05,wk inc covid hosp,1,2026-09-12,25,quantile,0.1,15.0
2026-09-05,wk inc covid hosp,1,2026-09-12,25,quantile,0.15,19.0
2026-09-05,wk inc covid hosp,1,2026-09-12,25,quantile,0.2,22.0
2026-09-05,wk inc covid hosp,1,2026-09-12,25,quantile,0.25,25.0
2026-09-05,wk inc covid hosp,1,2026-09-12,25,quantile,0.3,27.0
2026-09-05,wk inc covid hosp,1,2026-09-12,25,quantile,0.35,30.0
2026-09-05,wk inc covid hosp,1,2026-09-12,25,quantile,0.4,32.0
2026-09-05,wk inc covid hosp,1,2026-09-12,25,quantile,0.45,34.0
2026-09-05,wk inc covid hosp,1,2026-09-12,25,quantile,0.5,36.0
2026-09-05,wk inc covid hosp,1,2026-09-12,25,quantile,0.55,38.0
2026-09-05,wk inc covid hosp,1,2026-09-12,25,quantile,0.6,40.0
2026-09-05,wk inc covid hosp,1,2026-09-12,25,quantile,0.65,42.0
2026-09-05,wk inc covid hosp,1,2026-09-12,25,quantile,0.7,44.0
2026-09-05,wk inc covid hosp,1,2026-09-12,25,quantile,0.75,46.0
2026-09-05,wk inc covid hosp,1,2026-09-12,25,quantile,0.8,49.0
2026-09-05,wk inc covid hosp,1,2026-09-12,25,quantile,0.85,52.0
2026-09-05,wk inc covid hosp,1,2026-09-12,25,quantile,0.9,56.0
2026-09-05,wk inc covid hosp,1,2026-09-12,25,quantile,0.95,62.0
2026-09-05,wk inc covid hosp,1,2026-09-12,25,quantile,0.975,67.0
2026-09-05,wk inc covid hosp,1,2026-09-12,25,quantile,0.99,72.0
2026-09-05,wk inc covid hosp,1,2026-09-12,26,quantile,0.01,7.0
2026-09-05,wk inc covid hosp,1,2026-09-12,26,quantile,0.025,9.0
2026-09-05,wk inc covid hosp,1,2026-09-12,26,quantile,0.05,10.0
2026-09-05,wk inc covid hosp,1,2026-09-12,26,quantile,0.1,13.0
2026-09-05,wk inc covid hosp,1,2026-09-12,26,quantile,0.15,14.0
2026-09-05,wk inc covid hosp,1,2026-09-12,26,quantile,0.2,18.0
2026-09-05,wk inc covid hosp,1,2026-09-12,26,quantile,0.25,22.0
2026-09-05,wk inc covid hosp,1,2026-09-12,26,quantile,0.3,25.0
2026-09-05,wk inc covid hosp,1,2026-09-12,26,quantile,0.35,28.0
2026-09-05,wk inc covid hosp,1,2026-09-12,26,quantile,0.4,31.0
2026-09-05,wk inc covid hosp,1,2026-09-12,26,quantile,0.45,33.0
2026-09-05,wk inc covid hosp,1,2026-09-12,26,quantile,0.5,36.0
2026-09-05,wk inc covid hosp,1,2026-09-12,26,quantile,0.55,38.0
2026-09-05,wk inc covid hosp,1,2026-09-12,26,quantile,0.6,41.0
2026-09-05,wk inc covid hosp,1,2026-09-12,26,quantile,0.65,44.0
2026-09-05,wk inc covid hosp,1,2026-09-12,26,quantile,0.7,47.0
2026-09-05,wk inc covid hosp,1,2026-09-12,26,quantile,0.75,50.0
2026-09-05,wk inc covid hosp,1,2026-09-12,26,quantile,0.8,53.0
2026-09-05,wk inc covid hosp,1,2026-09-12,26,quantile,0.85,57.0
2026-09-05,wk inc covid hosp,1,2026-09-12,26,quantile,0.9,62.0
2026-09-05,wk inc covid hosp,1,2026-09-12,26,quantile,0.95,70.0
2026-09-05,wk inc covid hosp,1,2026-09-12,26,quantile,0.975,76.0
2026-09-05,wk inc covid hosp,1,2026-09-12,26,quantile,0.99,84.0
2026-09-05,wk inc covid hosp,1,2026-09-12,27,quantile,0.01,3.0
2026-09-05,wk inc covid hosp,1,2026-09-12,27,quantile,0.025,4.0
2026-09-05,wk inc covid hosp,1,2026-09-12,27,quantile,0.05,5.0
2026-09-05,wk inc covid hosp,1,2026-09-12,27,quantile,0.1,8.0
2026-09-05,wk inc covid hosp,1,2026-09-12,27,quantile,0.15,11.0
2026-09-05,wk inc covid hosp,1,2026-09-12,27,quantile,0.2,13.0
2026-09-05,wk inc covid hosp,1,2026-09-12,27,quantile,0.25,15.0
2026-09-05,wk inc covid hosp,1,2026-09-12,27,quantile,0.3,17.0
2026-09-05,wk inc covid hosp,1,2026-09-12,27,quantile,0.35,18.0
2026-09-05,wk inc covid hosp,1,2026-09-12,27,quantile,0.4,20.0
2026-09-05,wk inc covid hosp,1,2026-09-12,27,quantile,0.45,21.0
2026-09-05,wk inc covid hosp,1,2026-09-12,27,quantile,0.5,22.0
2026-09-05,wk inc covid hosp,1,2026-09-12,27,quantile,0.55,24.0
2026-09-05,wk inc covid hosp,1,2026-09-12,27,quantile,0.6,25.0
2026-09-05,wk inc covid hosp,1,2026-09-12,27,quantile,0.65,27.0
2026-09-05,wk inc covid hosp,1,2026-09-12,27,quantile,0.7,28.0
2026-09-05,wk inc covid hosp,1,2026-09-12,27,quantile,0.75,30.0
2026-09-05,wk inc covid hosp,1,2026-09-12,27,quantile,0.8,32.0
2026-09-05,wk inc covid hosp,1,2026-09-12,27,quantile,0.85,34.0
2026-09-05,wk inc covid hosp,1,2026-09-12,27,quantile,0.9,37.0
2026-09-05,wk inc covid hosp,1,2026-09-12,27,quantile,0.95,41.0
2026-09-05,wk inc covid hosp,1,2026-09-12,27,quantile,0.975,45.0
2026-09-05,wk inc covid hosp,1,2026-09-12,27,quantile,0.99,49.0
2026-09-05,wk inc covid hosp,1,2026-09-12,28,quantile,0.01,4.0
2026-09-05,wk inc covid hosp,1,2026-09-12,28,quantile,0.025,7.0
2026-09-05,wk inc covid hosp,1,2026-09-12,28,quantile,0.05,11.0
2026-09-05,wk inc covid hosp,1,2026-09-12,28,quantile,0.1,15.0
2026-09-05,wk inc covid hosp,1,2026-09-12,28,quantile,0.15,18.0
2026-09-05,wk inc covid hosp,1,2026-09-12,28,quantile,0.2,20.0
2026-09-05,wk inc covid hosp,1,2026-09-12,28,quantile,0.25,22.0
2026-09-05,wk inc covid hosp,1,2026-09-12,28,quantile,0.3,24.0
2026-09-05,wk inc covid hosp,1,2026-09-12,28,quantile,0.35,26.0
2026-09-05,wk inc covid hosp,1,2026-09-12,28,quantile,0.4,27.0
2026-09-05,wk inc covid hosp,1,2026-09-12,28,quantile,0.45,29.0
2026-09-05,wk inc covid hosp,1,2026-09-12,28,quantile,0.5,30.0
2026-09-05,wk inc covid hosp,1,2026-09-12,28,quantile,0.55,32.0
2026-09-05,wk inc covid hosp,1,2026-09-12,28,quantile,0.6,33.0
2026-09-05,wk inc covid hosp,1,2026-09-12,28,quantile,0.65,35.0
2026-09-05,wk inc covid hosp,1,2026-09-12,28,quantile,0.7,36.0
2026-09-05,wk inc covid hosp,1,2026-09-12,28,quantile,0.75,38.0
2026-09-05,wk inc covid hosp,1,2026-09-12,28,quantile,0.8,40.0
2026-09-05,wk inc covid hosp,1,2026-09-12,28,quantile,0.85,42.0
2026-09-05,wk inc covid hosp,1,2026-09-12,28,quantile,0.9,45.0
2026-09-05,wk inc covid hosp,1,2026-09-12,28,quantile,0.95,49.0
2026-09-05,wk inc covid hosp,1,2026-09-12,28,quantile,0.975,53.0
2026-09-05,wk inc covid hosp,1,2026-09-12,28,quantile,0.99,57.0
2026-09-05,wk inc covid hosp,1,2026-09-12,29,quantile,0.01,4.0
2026-09-05,wk inc covid hosp,1,2026-09-12,29,quantile,0.025,5.0
2026-09-05,wk inc covid hosp,1,2026-09-12,29,quantile,0.05,7.0
2026-09-05,wk inc covid hosp,1,2026-09-12,29,quantile,0.1,11.0
2026-09-05,wk inc covid hosp,1,2026-09-12,29,quantile,0.15,16.0
2026-09-05,wk inc covid hosp,1,2026-09-12,29,quantile,0.2,20.0
2026-09-05,wk inc covid hosp,1,2026-09-12,29,quantile,0.25,23.0
2026-09-05,wk inc covid hosp,1,2026-09-12,29,quantile,0.3,26.0
2026-09-05,wk inc covid hosp,1,2026-09-12,29,quantile,0.35,29.0
2026-09-05,wk inc covid hosp,1,2026-09-12,29,quantile,0.4,32.0
2026-09-05,wk inc covid hosp,1,2026-09-12,29,quantile,0.45,34.0
2026-09-05,wk inc covid hosp,1,2026-09-12,29,quantile,0.5,37.0
2026-09-05,wk inc covid hosp,1,2026-09-12,29,quantile,0.55,39.0
2026-09-05,wk inc covid hosp,1,2026-09-12,29,quantile,0.6,42.0
2026-09-05,wk inc covid hosp,1,2026-09-12,29,quantile,0.65,45.0
2026-09-05,wk inc covid hosp,1,2026-09-12,29,quantile,0.7,48.0
2026-09-05,wk inc covid hosp,1,2026-09-12,29,quantile,0.75,51.0
2026-09-05,wk inc covid hosp,1,2026-09-12,29,quantile,0.8,54.0
2026-09-05,wk inc covid hosp,1,2026-09-12,29,quantile,0.85,58.0
2026-09-05,wk inc covid hosp,1,2026-09-12,29,quantile,0.9,63.0
2026-09-05,wk inc covid hosp,1,2026-09-12,29,quantile,0.95,70.0
2026-09-05,wk inc covid hosp,1,2026-09-12,29,quantile,0.975,77.0
2026-09-05,wk inc covid hosp,1,2026-09-12,29,quantile,0.99,84.0
2026-09-05,wk inc covid hosp,1,2026-09-12,30,quantile,0.01,1.0
2026-09-05,wk inc covid hosp,1,2026-09-12,30,quantile,0.025,1.0
2026-09-05,wk inc covid hosp,1,2026-09-12,30,quantile,0.05,1.0
2026-09-05,wk inc covid hosp,1,2026-09-12,30,quantile,0.1,1.0
2026-09-05,wk inc covid hosp,1,2026-09-12,30,quantile,0.15,2.0
2026-09-05,wk inc covid hosp,1,2026-09-12,30,quantile,0.2,2.0
2026-09-05,wk inc covid hosp,1,2026-09-12,30,quantile,0.25,2.0
2026-09-05,wk inc covid hosp,1,2026-09-12,30,quantile,0.3,2.0
2026-09-05,wk inc covid hosp,1,2026-09-12,30,quantile,0.35,2.0
2026-09-05,wk inc covid hosp,1,2026-09-12,30,quantile,0.4,3.0
2026-09-05,wk inc covid hosp,1,2026-09-12,30,quantile,0.45,4.0
2026-09-05,wk inc covid hosp,1,2026-09-12,30,quantile,0.5,5.0
2026-09-05,wk inc covid hosp,1,2026-09-12,30,quantile,0.55,6.0
2026-09-05,wk inc covid hosp,1,2026-09-12,30,quantile,0.6,7.0
2026-09-05,wk inc covid hosp,1,2026-09-12,30,quantile,0.65,9.0
2026-09-05,wk inc covid hosp,1,2026-09-12,30,quantile,0.7,10.0
2026-09-05,wk inc covid hosp,1,2026-09-12,30,quantile,0.75,11.0
2026-09-05,wk inc covid hosp,1,2026-09-12,30,quantile,0.8,13.0
2026-09-05,wk inc covid hosp,1,2026-09-12,30,quantile,0.85,15.0
2026-09-05,wk inc covid hosp,1,2026-09-12,30,quantile,0.9,17.0
2026-09-05,wk inc covid hosp,1,2026-09-12,30,quantile,0.95,20.0
2026-09-05,wk inc covid hosp,1,2026-09-12,30,quantile,0.975,23.0
2026-09-05,wk inc covid hosp,1,2026-09-12,30,quantile,0.99,27.0
2026-09-05,wk inc covid hosp,1,2026-09-12,31,quantile,0.01,1.0
2026-09-05,wk inc covid hosp,1,2026-09-12,31,quantile,0.025,2.0
2026-09-05,wk inc covid hosp,1,2026-09-12,31,quantile,0.05,2.0
2026-09-05,wk inc covid hosp,1,2026-09-12,31,quantile,0.1,2.0
2026-09-05,wk inc covid hosp,1,2026-09-12,31,quantile,0.15,3.0
2026-09-05,wk inc covid hosp,1,2026-09-12,31,quantile,0.2,3.0
2026-09-05,wk inc covid hosp,1,2026-09-12,31,quantile,0.25,4.0
2026-09-05,wk inc covid hosp,1,2026-09-12,31,quantile,0.3,5.0
2026-09-05,wk inc covid hosp,1,2026-09-12,31,quantile,0.35,7.0
2026-09-05,wk inc covid hosp,1,2026-09-12,31,quantile,0.4,7.0
2026-09-05,wk inc covid hosp,1,2026-09-12,31,quantile,0.45,8.0
2026-09-05,wk inc covid hosp,1,2026-09-12,31,quantile,0.5,9.0
2026-09-05,wk inc covid hosp,1,2026-09-12,31,quantile,0.55,10.0
2026-09-05,wk inc covid hosp,1,2026-09-12,31,quantile,0.6,11.0
2026-09-05,wk inc covid hosp,1,2026-09-12,31,quantile,0.65,12.0
2026-09-05,wk inc covid hosp,1,2026-09-12,31,quantile,0.7,13.0
2026-09-05,wk inc covid hosp,1,2026-09-12,31,quantile,0.75,14.0
2026-09-05,wk inc covid hosp,1,2026-09-12,31,quantile,0.8,16.0
2026-09-05,wk inc covid hosp,1,2026-09-12,31,quantile,0.85,17.0
2026-09-05,wk inc covid hosp,1,2026-09-12,31,quantile,0.9,19.0
2026-09-05,wk inc covid hosp,1,2026-09-12,31,quantile,0.95,22.0
2026-09-05,wk inc covid hosp,1,2026-09-12,31,quantile,0.975,24.0
2026-09-05,wk inc covid hosp,1,2026-09-12,31,quantile,0.99,27.0
2026-09-05,wk inc covid hosp,1,2026-09-12,32,quantile,0.01,3.0
2026-09-05,wk inc covid hosp,1,2026-09-12,32,quantile,0.025,4.0
2026-09-05,wk inc covid hosp,1,2026-09-12,32,quantile,0.05,5.0
2026-09-05,wk inc covid hosp,1,2026-09-12,32,quantile,0.1,5.0
2026-09-05,wk inc covid hosp,1,2026-09-12,32,quantile,0.15,7.0
2026-09-05,wk inc covid hosp,1,2026-09-12,32,quantile,0.2,9.0
2026-09-05,wk inc covid hosp,1,2026-09-12,32,quantile,0.25,10.0
2026-09-05,wk inc covid hosp,1,2026-09-12,32,quantile,0.3,12.0
2026-09-05,wk inc covid hosp,1,2026-09-12,32,quantile,0.35,13.0
2026-09-05,wk inc covid hosp,1,2026-09-12,32,quantile,0.4,14.0
2026-09-05,wk inc covid hosp,1,2026-09-12,32,quantile,0.45,15.0
2026-09-05,wk inc covid hosp,1,2026-09-12,32,quantile,0.5,17.0
2026-09-05,wk inc covid hosp,1,2026-09-12,32,quantile,0.55,18.0
2026-09-05,wk inc covid hosp,1,2026-09-12,32,quantile,0.6,19.0
2026-09-05,wk inc covid hosp,1,2026-09-12,32,quantile,0.65,20.0
2026-09-05,wk inc covid hosp,1,2026-09-12,32,quantile,0.7,22.0
2026-09-05,wk inc covid hosp,1,2026-09-12,32,quantile,0.75,23.0
2026-09-05,wk inc covid hosp,1,2026-09-12,32,quantile,0.8,25.0
2026-09-05,wk inc covid hosp,1,2026-09-12,32,quantile,0.85,26.0
2026-09-05,wk inc covid hosp,1,2026-09-12,32,quantile,0.9,29.0
2026-09-05,wk inc covid hosp,1,2026-09-12,32,quantile,0.95,32.0
2026-09-05,wk inc covid hosp,1,2026-09-12,32,quantile,0.975,35.0
2026-09-05,wk inc covid hosp,1,2026-09-12,32,quantile,0.99,38.0
2026-09-05,wk inc covid hosp,1,2026-09-12,33,quantile,0.01,1.0
2026-09-05,wk inc covid hosp,1,2026-09-12,33,quantile,0.025,1.0
2026-09-05,wk inc covid hosp,1,2026-09-12,33,quantile,0.05,1.0
2026-09-05,wk inc covid hosp,1,2026-09-12,33,quantile,0.1,2.0
2026-09-05,wk inc covid hosp,1,2026-09-12,33,quantile,0.15,2.0
2026-09-05,wk inc covid hosp,1,2026-09-12,33,quantile,0.2,2.0
2026-09-05,wk inc covid hosp,1,2026-09-12,33,quantile,0.25,2.0
2026-09-05,wk inc covid hosp,1,2026-09-12,33,quantile,0.3,3.0
2026-09-05,wk inc covid hosp,1,2026-09-12,33,quantile,0.35,3.0
2026-09-05,wk inc covid hosp,1,2026-09-12,33,quantile,0.4,4.0
2026-09-05,wk inc covid hosp,1,2026-09-12,33,quantile,0.45,4.0
2026-09-05,wk inc covid hosp,1,2026-09-12,33,quantile,0.5,5.0
2026-09-05,wk inc covid hosp,1,2026-09-12,33,quantile,0.55,5.0
2026-09-05,wk inc covid hosp,1,2026-09-12,33,quantile,0.6,6.0
2026-09-05,wk inc covid hosp,1,2026-09-12,33,quantile,0.65,6.0
2026-09-05,wk inc covid hosp,1,2026-09-12,33,quantile,0.7,7.0
2026-09-05,wk inc covid hosp,1,2026-09-12,33,quantile,0.75,8.0
2026-09-05,wk inc covid hosp,1,2026-09-12,33,quantile,0.8,8.0
2026-09-05,wk inc covid hosp,1,2026-09-12,33,quantile,0.85,9.0
2026-09-05,wk inc covid hosp,1,2026-09-12,33,quantile,0.9,10.0
2026-09-05,wk inc covid hosp,1,2026-09-12,33,quantile,0.95,12.0
2026-09-05,wk inc covid hosp,1,2026-09-12,33,quantile,0.975,13.0
2026-09-05,wk inc covid hosp,1,2026-09-12,33,quantile,0.99,14.0
2026-09-05,wk inc covid hosp,1,2026-09-12,34,quantile,0.01,23.0
2026-09-05,wk inc covid hosp,1,2026-09-12,34,quantile,0.025,36.0
2026-09-05,wk inc covid hosp,1,2026-09-12,34,quantile,0.05,47.0
2026-09-05,wk inc covid hosp,1,2026-09-12,34,quantile,0.1,60.0
2026-09-05,wk inc covid hosp,1,2026-09-12,34,quantile,0.15,68.0
2026-09-05,wk inc covid hosp,1,2026-09-12,34,quantile,0.2,75.0
2026-09-05,wk inc covid hosp,1,2026-09-12,34,quantile,0.25,81.0
2026-09-05,wk inc covid hosp,1,2026-09-12,34,quantile,0.3,86.0
2026-09-05,wk inc covid hosp,1,2026-09-12,34,quantile,0.35,91.0
2026-09-05,wk inc covid hosp,1,2026-09-12,34,quantile,0.4,96.0
2026-09-05,wk inc covid hosp,1,2026-09-12,34,quantile,0.45,101.0
2026-09-05,wk inc covid hosp,1,2026-09-12,34,quantile,0.5,105.0
2026-09-05,wk inc covid hosp,1,2026-09-12,34,quantile,0.55,109.0
2026-09-05,wk inc covid hosp,1,2026-09-12,34,quantile,0.6,114.0
2026-09-05,wk inc covid hosp,1,2026-09-12,34,quantile,0.65,119.0
2026-09-05,wk inc covid hosp,1,2026-09-12,34,quantile,0.7,123.0
2026-09-05,wk inc covid hosp,1,2026-09-12,34,quantile,0.75,129.0
2026-09-05,wk inc covid hosp,1,2026-09-12,34,quantile,0.8,135.0
2026-09-05,wk inc covid hosp,1,2026-09-12,34,quantile,0.85,142.0
2026-09-05,wk inc covid hosp,1,2026-09-12,34,quantile,0.9,150.0
2026-09-05,wk inc covid hosp,1,2026-09-12,34,quantile,0.95,163.0
2026-09-05,wk inc covid hosp,1,2026-09-12,34,quantile,0.975,174.0
2026-09-05,wk inc covid hosp,1,2026-09-12,34,quantile,0.99,187.0
2026-09-05,wk inc covid hosp,1,2026-09-12,35,quantile,0.01,3.0
2026-09-05,wk inc covid hosp,1,2026-09-12,35,quantile,0.025,4.0
2026-09-05,wk inc covid hosp,1,2026-09-12,35,quantile,0.05,4.0
2026-09-05,wk inc covid hosp,1,2026-09-12,35,quantile,0.1,5.0
2026-09-05,wk inc covid hosp,1,2026-09-12,35,quantile,0.15,7.0
2026-09-05,wk inc covid hosp,1,2026-09-12,35,quantile,0.2,9.0
2026-09-05,wk inc covid hosp,1,2026-09-12,35,quantile,0.25,11.0
2026-09-05,wk inc covid hosp,1,2026-09-12,35,quantile,0.3,12.0
2026-09-05,wk inc covid hosp,1,2026-09-12,35,quantile,0.35,14.0
2026-09-05,wk inc covid hosp,1,2026-09-12,35,quantile,0.4,15.0
2026-09-05,wk inc covid hosp,1,2026-09-12,35,quantile,0.45,17.0
2026-09-05,wk inc covid hosp,1,2026-09-12,35,quantile,0.5,18.0
2026-09-05,wk inc covid hosp,1,2026-09-12,35,quantile,0.55,19.0
2026-09-05,wk inc covid hosp,1,2026-09-12,35,quantile,0.6,21.0
2026-09-05,wk inc covid hosp,1,2026-09-12,35,quantile,0.65,22.0
2026-09-05,wk inc covid hosp,1,2026-09-12,35,quantile,0.7,24.0
2026-09-05,wk inc covid hosp,1,2026-09-12,35,quantile,0.75,25.0
2026-09-05,wk inc covid hosp,1,2026-09-12,35,quantile,0.8,27.0
2026-09-05,wk inc covid hosp,1,2026-09-12,35,quantile,0.85,29.0
2026-09-05,wk inc covid hosp,1,2026-09-12,35,quantile,0.9,32.0
2026-09-05,wk inc covid hosp,1,2026-09-12,35,quantile,0.95,36.0
2026-09-05,wk inc covid hosp,1,2026-09-12,35,quantile,0.975,40.0
2026-09-05,wk inc covid hosp,1,2026-09-12,35,quantile,0.99,44.0
2026-09-05,wk inc covid hosp,1,2026-09-12,36,quantile,0.01,57.0
2026-09-05,wk inc covid hosp,1,2026-09-12,36,quantile,0.025,82.0
2026-09-05,wk inc covid hosp,1,2026-09-12,36,quantile,0.05,103.0
2026-09-05,wk inc covid hosp,1,2026-09-12,36,quantile,0.1,128.0
2026-09-05,wk inc covid hosp,1,2026-09-12,36,quantile,0.15,145.0
2026-09-05,wk inc covid hosp,1,2026-09-12,36,quantile,0.2,158.0
2026-09-05,wk inc covid hosp,1,2026-09-12,36,quantile,0.25,169.0
2026-09-05,wk inc covid hosp,1,2026-09-12,36,quantile,0.3,180.0
2026-09-05,wk inc covid hosp,1,2026-09-12,36,quantile,0.35,189.0
2026-09-05,wk inc covid hosp,1,2026-09-12,36,quantile,0.4,198.0
2026-09-05,wk inc covid hosp,1,2026-09-12,36,quantile,0.45,207.0
2026-09-05,wk inc covid hosp,1,2026-09-12,36,quantile,0.5,215.0
2026-09-05,wk inc covid hosp,1,2026-09-12,36,quantile,0.55,224.0
2026-09-05,wk inc covid hosp,1,2026-09-12,36,quantile,0.6,232.0
2026-09-05,wk inc covid hosp,1,2026-09-12,36,quantile,0.65,241.0
2026-09-05,wk inc covid hosp,1,2026-09-12,36,quantile,0.7,251.0
2026-09-05,wk inc covid hosp,1,2026-09-12,36,quantile,0.75,261.0
2026-09-05,wk inc covid hosp,1,2026-09-12,36,quantile,0.8,272.0
2026-09-05,wk inc covid hosp,1,2026-09-12,36,quantile,0.85,286.0
2026-09-05,wk inc covid hosp,1,2026-09-12,36,quantile,0.9,302.0
2026-09-05,wk inc covid hosp,1,2026-09-12,36,quantile,0.95,327.0
2026-09-05,wk inc covid hosp,1,2026-09-12,36,quantile,0.975,348.0
2026-09-05,wk inc covid hosp,1,2026-09-12,36,quantile,0.99,373.0
2026-09-05,wk inc covid hosp,1,2026-09-12,37,quantile,0.01,21.0
2026-09-05,wk inc covid hosp,1,2026-09-12,37,quantile,0.025,38.0
2026-09-05,wk inc covid hosp,1,2026-09-12,37,quantile,0.05,53.0
2026-09-05,wk inc covid hosp,1,2026-09-12,37,quantile,0.1,70.0
2026-09-05,wk inc covid hosp,1,2026-09-12,37,quantile,0.15,82.0
2026-09-05,wk inc covid hosp,1,2026-09-12,37,quantile,0.2,91.0
2026-09-05,wk inc covid hosp,1,2026-09-12,37,quantile,0.25,99.0
2026-09-05,wk inc covid hosp,1,2026-09-12,37,quantile,0.3,106.0
2026-09-05,wk inc covid hosp,1,2026-09-12,37,quantile,0.35,112.0
2026-09-05,wk inc covid hosp,1,2026-09-12,37,quantile,0.4,119.0
2026-09-05,wk inc covid hosp,1,2026-09-12,37,quantile,0.45,125.0
2026-09-05,wk inc covid hosp,1,2026-09-12,37,quantile,0.5,131.0
2026-09-05,wk inc covid hosp,1,2026-09-12,37,quantile,0.55,137.0
2026-09-05,wk inc covid hosp,1,2026-09-12,37,quantile,0.6,143.0
2026-09-05,wk inc covid hosp,1,2026-09-12,37,quantile,0.65,149.0
2026-09-05,wk inc covid hosp,1,2026-09-12,37,quantile,0.7,155.0
2026-09-05,wk inc covid hosp,1,2026-09-12,37,quantile,0.75,162.0
2026-09-05,wk inc covid hosp,1,2026-09-12,37,quantile,0.8,170.0
2026-09-05,wk inc covid hosp,1,2026-09-12,37,quantile,0.85,179.0
2026-09-05,wk inc covid hosp,1,2026-09-12,37,quantile,0.9,191.0
2026-09-05,wk inc covid hosp,1,2026-09-12,37,quantile,0.95,208.0
2026-09-05,wk inc covid hosp,1,2026-09-12,37,quantile,0.975,223.0
2026-09-05,wk inc covid hosp,1,2026-09-12,37,quantile,0.99,240.0
2026-09-05,wk inc covid hosp,1,2026-09-12,38,quantile,0.01,1.0
2026-09-05,wk inc covid hosp,1,2026-09-12,38,quantile,0.025,1.0
2026-09-05,wk inc covid hosp,1,2026-09-12,38,quantile,0.05,1.0
2026-09-05,wk inc covid hosp,1,2026-09-12,38,quantile,0.1,1.0
2026-09-05,wk inc covid hosp,1,2026-09-12,38,quantile,0.15,1.0
2026-09-05,wk inc covid hosp,1,2026-09-12,38,quantile,0.2,1.0
2026-09-05,wk inc covid hosp,1,2026-09-12,38,quantile,0.25,2.0
2026-09-05,wk inc covid hosp,1,2026-09-12,38,quantile,0.3,2.0
2026-09-05,wk inc covid hosp,1,2026-09-12,38,quantile,0.35,2.0
2026-09-05,wk inc covid hosp,1,2026-09-12,38,quantile,0.4,2.0
2026-09-05,wk inc covid hosp,1,2026-09-12,38,quantile,0.45,2.0
2026-09-05,wk inc covid hosp,1,2026-09-12,38,quantile,0.5,2.0
2026-09-05,wk inc covid hosp,1,2026-09-12,38,quantile,0.55,2.0
2026-09-05,wk inc covid hosp,1,2026-09-12,38,quantile,0.6,3.0
2026-09-05,wk inc covid hosp,1,2026-09-12,38,quantile,0.65,3.0
2026-09-05,wk inc covid hosp,1,2026-09-12,38,quantile,0.7,3.0
2026-09-05,wk inc covid hosp,1,2026-09-12,38,quantile,0.75,4.0
2026-09-05,wk inc covid hosp,1,2026-09-12,38,quantile,0.8,4.0
2026-09-05,wk inc covid hosp,1,2026-09-12,38,quantile,0.85,5.0
2026-09-05,wk inc covid hosp,1,2026-09-12,38,quantile,0.9,5.0
2026-09-05,wk inc covid hosp,1,2026-09-12,38,quantile,0.95,6.0
2026-09-05,wk inc covid hosp,1,2026-09-12,38,quantile,0.975,7.0
2026-09-05,wk inc covid hosp,1,2026-09-12,38,quantile,0.99,8.0
2026-09-05,wk inc covid hosp,1,2026-09-12,39,quantile,0.01,9.0
2026-09-05,wk inc covid hosp,1,2026-09-12,39,quantile,0.025,11.0
2026-09-05,wk inc covid hosp,1,2026-09-12,39,quantile,0.05,14.0
2026-09-05,wk inc covid hosp,1,2026-09-12,39,quantile,0.1,21.0
2026-09-05,wk inc covid hosp,1,2026-09-12,39,quantile,0.15,28.0
2026-09-05,wk inc covid hosp,1,2026-09-12,39,quantile,0.2,34.0
2026-09-05,wk inc covid hosp,1,2026-09-12,39,quantile,0.25,39.0
2026-09-05,wk inc covid hosp,1,2026-09-12,39,quantile,0.3,43.0
2026-09-05,wk inc covid hosp,1,2026-09-12,39,quantile,0.35,47.0
2026-09-05,wk inc covid hosp,1,2026-09-12,39,quantile,0.4,51.0
2026-09-05,wk inc covid hosp,1,2026-09-12,39,quantile,0.45,55.0
2026-09-05,wk inc covid hosp,1,2026-09-12,39,quantile,0.5,58.0
2026-09-05,wk inc covid hosp,1,2026-09-12,39,quantile,0.55,62.0
2026-09-05,wk inc covid hosp,1,2026-09-12,39,quantile,0.6,66.0
2026-09-05,wk inc covid hosp,1,2026-09-12,39,quantile,0.65,70.0
2026-09-05,wk inc covid hosp,1,2026-09-12,39,quantile,0.7,74.0
2026-09-05,wk inc covid hosp,1,2026-09-12,39,quantile,0.75,78.0
2026-09-05,wk inc covid hosp,1,2026-09-12,39,quantile,0.8,83.0
2026-09-05,wk inc covid hosp,1,2026-09-12,39,quantile,0.85,89.0
2026-09-05,wk inc covid hosp,1,2026-09-12,39,quantile,0.9,96.0
2026-09-05,wk inc covid hosp,1,2026-09-12,39,quantile,0.95,106.0
2026-09-05,wk inc covid hosp,1,2026-09-12,39,quantile,0.975,116.0
2026-09-05,wk inc covid hosp,1,2026-09-12,39,quantile,0.99,126.0
2026-09-05,wk inc covid hosp,1,2026-09-12,40,quantile,0.01,5.0
2026-09-05,wk inc covid hosp,1,2026-09-12,40,quantile,0.025,7.0
2026-09-05,wk inc covid hosp,1,2026-09-12,40,quantile,0.05,8.0
2026-09-05,wk inc covid hosp,1,2026-09-12,40,quantile,0.1,10.0
2026-09-05,wk inc covid hosp,1,2026-09-12,40,quantile,0.15,13.0
2026-09-05,wk inc covid hosp,1,2026-09-12,40,quantile,0.2,16.0
2026-09-05,wk inc covid hosp,1,2026-09-12,40,quantile,0.25,18.0
2026-09-05,wk inc covid hosp,1,2026-09-12,40,quantile,0.3,20.0
2026-09-05,wk inc covid hosp,1,2026-09-12,40,quantile,0.35,22.0
2026-09-05,wk inc covid hosp,1,2026-09-12,40,quantile,0.4,24.0
2026-09-05,wk inc covid hosp,1,2026-09-12,40,quantile,0.45,26.0
2026-09-05,wk inc covid hosp,1,2026-09-12,40,quantile,0.5,27.0
2026-09-05,wk inc covid hosp,1,2026-09-12,40,quantile,0.55,29.0
2026-09-05,wk inc covid hosp,1,2026-09-12,40,quantile,0.6,31.0
2026-09-05,wk inc covid hosp,1,2026-09-12,40,quantile,0.65,33.0
2026-09-05,wk inc covid hosp,1,2026-09-12,40,quantile,0.7,35.0
2026-09-05,wk inc covid hosp,1,2026-09-12,40,quantile,0.75,37.0
2026-09-05,wk inc covid hosp,1,2026-09-12,40,quantile,0.8,39.0
2026-09-05,wk inc covid hosp,1,2026-09-12,40,quantile,0.85,42.0
2026-09-05,wk inc covid hosp,1,2026-09-12,40,quantile,0.9,46.0
2026-09-05,wk inc covid hosp,1,2026-09-12,40,quantile,0.95,51.0
2026-09-05,wk inc covid hosp,1,2026-09-12,40,quantile,0.975,55.0
2026-09-05,wk inc covid hosp,1,2026-09-12,40,quantile,0.99,60.0
2026-09-05,wk inc covid hosp,1,2026-09-12,41,quantile,0.01,2.0
2026-09-05,wk inc covid hosp,1,2026-09-12,41,quantile,0.025,3.0
2026-09-05,wk inc covid hosp,1,2026-09-12,41,quantile,0.05,4.0
2026-09-05,wk inc covid hosp,1,2026-09-12,41,quantile,0.1,5.0
2026-09-05,wk inc covid hosp,1,2026-09-12,41,quantile,0.15,7.0
2026-09-05,wk inc covid hosp,1,2026-09-12,41,quantile,0.2,10.0
2026-09-05,wk inc covid hosp,1,2026-09-12,41,quantile,0.25,13.0
2026-09-05,wk inc covid hosp,1,2026-09-12,41,quantile,0.3,15.0
2026-09-05,wk inc covid hosp,1,2026-09-12,41,quantile,0.35,17.0
2026-09-05,wk inc covid hosp,1,2026-09-12,41,quantile,0.4,19.0
2026-09-05,wk inc covid hosp,1,2026-09-12,41,quantile,0.45,21.0
2026-09-05,wk inc covid hosp,1,2026-09-12,41,quantile,0.5,22.0
2026-09-05,wk inc covid hosp,1,2026-09-12,41,quantile,0.55,24.0
2026-09-05,wk inc covid hosp,1,2026-09-12,41,quantile,0.6,26.0
2026-09-05,wk inc covid hosp,1,2026-09-12,41,quantile,0.65,28.0
2026-09-05,wk inc covid hosp,1,2026-09-12,41,quantile,0.7,30.0
2026-09-05,wk inc covid hosp,1,2026-09-12,41,quantile,0.75,32.0
2026-09-05,wk inc covid hosp,1,2026-09-12,41,quantile,0.8,35.0
2026-09-05,wk inc covid hosp,1,2026-09-12,41,quantile,0.85,37.0
2026-09-05,wk inc covid hosp,1,2026-09-12,41,quantile,0.9,41.0
2026-09-05,wk inc covid hosp,1,2026-09-12,41,quantile,0.95,46.0
2026-09-05,wk inc covid hosp,1,2026-09-12,41,quantile,0.975,51.0
2026-09-05,wk inc covid hosp,1,2026-09-12,41,quantile,0.99,56.0
2026-09-05,wk inc covid hosp,1,2026-09-12,42,quantile,0.01,25.0
2026-09-05,wk inc covid hosp,1,2026-09-12,42,quantile,0.025,35.0
2026-09-05,wk inc covid hosp,1,2026-09-12,42,quantile,0.05,43.0
2026-09-05,wk inc covid hosp,1,2026-09-12,42,quantile,0.1,53.0
2026-09-05,wk inc covid hosp,1,2026-09-12,42,quantile,0.15,60.0
2026-09-05,wk inc covid hosp,1,2026-09-12,42,quantile,0.2,66.0
2026-09-05,wk inc covid hosp,1,2026-09-12,42,quantile,0.25,70.0
2026-09-05,wk inc covid hosp,1,2026-09-12,42,quantile,0.3,74.0
2026-09-05,wk inc covid hosp,1,2026-09-12,42,quantile,0.35,78.0
2026-09-05,wk inc covid hosp,1,2026-09-12,42,quantile,0.4,82.0
2026-09-05,wk inc covid hosp,1,2026-09-12,42,quantile,0.45,85.0
2026-09-05,wk inc covid hosp,1,2026-09-12,42,quantile,0.5,89.0
2026-09-05,wk inc covid hosp,1,2026-09-12,42,quantile,0.55,92.0
2026-09-05,wk inc covid hosp,1,2026-09-12,42,quantile,0.6,96.0
2026-09-05,wk inc covid hosp,1,2026-09-12,42,quantile,0.65,99.0
2026-09-05,wk inc covid hosp,1,2026-09-12,42,quantile,0.7,103.0
2026-09-05,wk inc covid hosp,1,2026-09-12,42,quantile,0.75,107.0
2026-09-05,wk inc covid hosp,1,2026-09-12,42,quantile,0.8,112.0
2026-09-05,wk inc covid hosp,1,2026-09-12,42,quantile,0.85,117.0
2026-09-05,wk inc covid hosp,1,2026-09-12,42,quantile,0.9,124.0
2026-09-05,wk inc covid hosp,1,2026-09-12,42,quantile,0.95,134.0
2026-09-05,wk inc covid hosp,1,2026-09-12,42,quantile,0.975,143.0
2026-09-05,wk inc covid hosp,1,2026-09-12,42,quantile,0.99,153.0
2026-09-05,wk inc covid hosp,1,2026-09-12,44,quantile,0.01,1.0
2026-09-05,wk inc covid hosp,1,2026-09-12,44,quantile,0.025,1.0
2026-09-05,wk inc covid hosp,1,2026-09-12,44,quantile,0.05,1.0
2026-09-05,wk inc covid hosp,1,2026-09-12,44,quantile,0.1,2.0
2026-09-05,wk inc covid hosp,1,2026-09-12,44,quantile,0.15,2.0
2026-09-05,wk inc covid hosp,1,2026-09-12,44,quantile,0.2,2.0
2026-09-05,wk inc covid hosp,1,2026-09-12,44,quantile,0.25,2.0
2026-09-05,wk inc covid hosp,1,2026-09-12,44,quantile,0.3,3.0
2026-09-05,wk inc covid hosp,1,2026-09-12,44,quantile,0.35,3.0
2026-09-05,wk inc covid hosp,1,2026-09-12,44,quantile,0.4,4.0
2026-09-05,wk inc covid hosp,1,2026-09-12,44,quantile,0.45,4.0
2026-09-05,wk inc covid hosp,1,2026-09-12,44,quantile,0.5,5.0
2026-09-05,wk inc covid hosp,1,2026-09-12,44,quantile,0.55,5.0
2026-09-05,wk inc covid hosp,1,2026-09-12,44,quantile,0.6,6.0
2026-09-05,wk inc covid hosp,1,2026-09-12,44,quantile,0.65,6.0
2026-09-05,wk inc covid hosp,1,2026-09-12,44,quantile,0.7,7.0
2026-09-05,wk inc covid hosp,1,2026-09-12,44,quantile,0.75,7.0
2026-09-05,wk inc covid hosp,1,2026-09-12,44,quantile,0.8,8.0
2026-09-05,wk inc covid hosp,1,2026-09-12,44,quantile,0.85,8.0
2026-09-05,wk inc covid hosp,1,2026-09-12,44,quantile,0.9,9.0
2026-09-05,wk inc covid hosp,1,2026-09-12,44,quantile,0.95,11.0
2026-09-05,wk inc covid hosp,1,2026-09-12,44,quantile,0.975,12.0
2026-09-05,wk inc covid hosp,1,2026-09-12,44,quantile,0.99,13.0
2026-09-05,wk inc covid hosp,1,2026-09-12,45,quantile,0.01,7.0
2026-09-05,wk inc covid hosp,1,2026-09-12,45,quantile,0.025,8.0
2026-09-05,wk inc covid hosp,1,2026-09-12,45,quantile,0.05,10.0
2026-09-05,wk inc covid hosp,1,2026-09-12,45,quantile,0.1,21.0
2026-09-05,wk inc covid hosp,1,2026-09-12,45,quantile,0.15,29.0
2026-09-05,wk inc covid hosp,1,2026-09-12,45,quantile,0.2,35.0
2026-09-05,wk inc covid hosp,1,2026-09-12,45,quantile,0.25,41.0
2026-09-05,wk inc covid hosp,1,2026-09-12,45,quantile,0.3,45.0
2026-09-05,wk inc covid hosp,1,2026-09-12,45,quantile,0.35,50.0
2026-09-05,wk inc covid hosp,1,2026-09-12,45,quantile,0.4,54.0
2026-09-05,wk inc covid hosp,1,2026-09-12,45,quantile,0.45,58.0
2026-09-05,wk inc covid hosp,1,2026-09-12,45,quantile,0.5,62.0
2026-09-05,wk inc covid hosp,1,2026-09-12,45,quantile,0.55,66.0
2026-09-05,wk inc covid hosp,1,2026-09-12,45,quantile,0.6,70.0
2026-09-05,wk inc covid hosp,1,2026-09-12,45,quantile,0.65,74.0
2026-09-05,wk inc covid hosp,1,2026-09-12,45,quantile,0.7,78.0
2026-09-05,wk inc covid hosp,1,2026-09-12,45,quantile,0.75,83.0
2026-09-05,wk inc covid hosp,1,2026-09-12,45,quantile,0.8,88.0
2026-09-05,wk inc covid hosp,1,2026-09-12,45,quantile,0.85,94.0
2026-09-05,wk inc covid hosp,1,2026-09-12,45,quantile,0.9,102.0
2026-09-05,wk inc covid hosp,1,2026-09-12,45,quantile,0.95,114.0
2026-09-05,wk inc covid hosp,1,2026-09-12,45,quantile,0.975,123.0
2026-09-05,wk inc covid hosp,1,2026-09-12,45,quantile,0.99,135.0
2026-09-05,wk inc covid hosp,1,2026-09-12,46,quantile,0.01,1.0
2026-09-05,wk inc covid hosp,1,2026-09-12,46,quantile,0.025,1.0
2026-09-05,wk inc covid hosp,1,2026-09-12,46,quantile,0.05,1.0
2026-09-05,wk inc covid hosp,1,2026-09-12,46,quantile,0.1,1.0
2026-09-05,wk inc covid hosp,1,2026-09-12,46,quantile,0.15,1.0
2026-09-05,wk inc covid hosp,1,2026-09-12,46,quantile,0.2,2.0
2026-09-05,wk inc covid hosp,1,2026-09-12,46,quantile,0.25,2.0
2026-09-05,wk inc covid hosp,1,2026-09-12,46,quantile,0.3,2.0
2026-09-05,wk inc covid hosp,1,2026-09-12,46,quantile,0.35,3.0
2026-09-05,wk inc covid hosp,1,2026-09-12,46,quantile,0.4,3.0
2026-09-05,wk inc covid hosp,1,2026-09-12,46,quantile,0.45,4.0
2026-09-05,wk inc covid hosp,1,2026-09-12,46,quantile,0.5,5.0
2026-09-05,wk inc covid hosp,1,2026-09-12,46,quantile,0.55,6.0
2026-09-05,wk inc covid hosp,1,2026-09-12,46,quantile,0.6,6.0
2026-09-05,wk inc covid hosp,1,2026-09-12,46,quantile,0.65,7.0
2026-09-05,wk inc covid hosp,1,2026-09-12,46,quantile,0.7,8.0
2026-09-05,wk inc covid hosp,1,2026-09-12,46,quantile,0.75,9.0
2026-09-05,wk inc covid hosp,1,2026-09-12,46,quantile,0.8,9.0
2026-09-05,wk inc covid hosp,1,2026-09-12,46,quantile,0.85,11.0
2026-09-05,wk inc covid hosp,1,2026-09-12,46,quantile,0.9,12.0
2026-09-05,wk inc covid hosp,1,2026-09-12,46,quantile,0.95,14.0
2026-09-05,wk inc covid hosp,1,2026-09-12,46,quantile,0.975,16.0
2026-09-05,wk inc covid hosp,1,2026-09-12,46,quantile,0.99,18.0
2026-09-05,wk inc covid hosp,1,2026-09-12,47,quantile,0.01,15.0
2026-09-05,wk inc covid hosp,1,2026-09-12,47,quantile,0.025,26.0
2026-09-05,wk inc covid hosp,1,2026-09-12,47,quantile,0.05,35.0
2026-09-05,wk inc covid hosp,1,2026-09-12,47,quantile,0.1,45.0
2026-09-05,wk inc covid hosp,1,2026-09-12,47,quantile,0.15,52.0
2026-09-05,wk inc covid hosp,1,2026-09-12,47,quantile,0.2,57.0
2026-09-05,wk inc covid hosp,1,2026-09-12,47,quantile,0.25,62.0
2026-09-05,wk inc covid hosp,1,2026-09-12,47,quantile,0.3,66.0
2026-09-05,wk inc covid hosp,1,2026-09-12,47,quantile,0.35,70.0
2026-09-05,wk inc covid hosp,1,2026-09-12,47,quantile,0.4,74.0
2026-09-05,wk inc covid hosp,1,2026-09-12,47,quantile,0.45,77.0
2026-09-05,wk inc covid hosp,1,2026-09-12,47,quantile,0.5,81.0
2026-09-05,wk inc covid hosp,1,2026-09-12,47,quantile,0.55,84.0
2026-09-05,wk inc covid hosp,1,2026-09-12,47,quantile,0.6,88.0
2026-09-05,wk inc covid hosp,1,2026-09-12,47,quantile,0.65,92.0
2026-09-05,wk inc covid hosp,1,2026-09-12,47,quantile,0.7,96.0
2026-09-05,wk inc covid hosp,1,2026-09-12,47,quantile,0.75,100.0
2026-09-05,wk inc covid hosp,1,2026-09-12,47,quantile,0.8,105.0
2026-09-05,wk inc covid hosp,1,2026-09-12,47,quantile,0.85,110.0
2026-09-05,wk inc covid hosp,1,2026-09-12,47,quantile,0.9,117.0
2026-09-05,wk inc covid hosp,1,2026-09-12,47,quantile,0.95,127.0
2026-09-05,wk inc covid hosp,1,2026-09-12,47,quantile,0.975,136.0
2026-09-05,wk inc covid hosp,1,2026-09-12,47,quantile,0.99,146.0
2026-09-05,wk inc covid hosp,1,2026-09-12,48,quantile,0.01,133.0
2026-09-05,wk inc covid hosp,1,2026-09-12,48,quantile,0.025,180.0
2026-09-05,wk inc covid hosp,1,2026-09-12,48,quantile,0.05,221.0
2026-09-05,wk inc covid hosp,1,2026-09-12,48,quantile,0.1,268.0
2026-09-05,wk inc covid hosp,1,2026-09-12,48,quantile,0.15,300.0
2026-09-05,wk inc covid hosp,1,2026-09-12,48,quantile,0.2,325.0
2026-09-05,wk inc covid hosp,1,2026-09-12,48,quantile,0.25,347.0
2026-09-05,wk inc covid hosp,1,2026-09-12,48,quantile,0.3,366.0
2026-09-05,wk inc covid hosp,1,2026-09-12,48,quantile,0.35,384.0
2026-09-05,wk inc covid hosp,1,2026-09-12,48,quantile,0.4,401.0
2026-09-05,wk inc covid hosp,1,2026-09-12,48,quantile,0.45,418.0
2026-09-05,wk inc covid hosp,1,2026-09-12,48,quantile,0.5,434.0
2026-09-05,wk inc covid hosp,1,2026-09-12,48,quantile,0.55,450.0
2026-09-05,wk inc covid hosp,1,2026-09-12,48,quantile,0.6,467.0
2026-09-05,wk inc covid hosp,1,2026-09-12,48,quantile,0.65,484.0
2026-09-05,wk inc covid hosp,1,2026-09-12,48,quantile,0.7,502.0
2026-09-05,wk inc covid hosp,1,2026-09-12,48,quantile,0.75,521.0
2026-09-05,wk inc covid hosp,1,2026-09-12,48,quantile,0.8,543.0
2026-09-05,wk inc covid hosp,1,2026-09-12,48,quantile,0.85,568.0
2026-09-05,wk inc covid hosp,1,2026-09-12,48,quantile,0.9,600.0
2026-09-05,wk inc covid hosp,1,2026-09-12,48,quantile,0.95,647.0
2026-09-05,wk inc covid hosp,1,2026-09-12,48,quantile,0.975,688.0
2026-09-05,wk inc covid hosp,1,2026-09-12,48,quantile,0.99,735.0
2026-09-05,wk inc covid hosp,1,2026-09-12,49,quantile,0.01,1.0
2026-09-05,wk inc covid hosp,1,2026-09-12,49,quantile,0.025,2.0
2026-09-05,wk inc covid hosp,1,2026-09-12,49,quantile,0.05,2.0
2026-09-05,wk inc covid hosp,1,2026-09-12,49,quantile,0.1,2.0
2026-09-05,wk inc covid hosp,1,2026-09-12,49,quantile,0.15,3.0
2026-09-05,wk inc covid hosp,1,2026-09-12,49,quantile,0.2,4.0
2026-09-05,wk inc covid hosp,1,2026-09-12,49,quantile,0.25,5.0
2026-09-05,wk inc covid hosp,1,2026-09-12,49,quantile,0.3,6.0
2026-09-05,wk inc covid hosp,1,2026-09-12,49,quantile,0.35,7.0
2026-09-05,wk inc covid hosp,1,2026-09-12,49,quantile,0.4,8.0
2026-09-05,wk inc covid hosp,1,2026-09-12,49,quantile,0.45,9.0
2026-09-05,wk inc covid hosp,1,2026-09-12,49,quantile,0.5,10.0
2026-09-05,wk inc covid hosp,1,2026-09-12,49,quantile,0.55,11.0
2026-09-05,wk inc covid hosp,1,2026-09-12,49,quantile,0.6,12.0
2026-09-05,wk inc covid hosp,1,2026-09-12,49,quantile,0.65,14.0
2026-09-05,wk inc covid hosp,1,2026-09-12,49,quantile,0.7,15.0
2026-09-05,wk inc covid hosp,1,2026-09-12,49,quantile,0.75,16.0
2026-09-05,wk inc covid hosp,1,2026-09-12,49,quantile,0.8,17.0
2026-09-05,wk inc covid hosp,1,2026-09-12,49,quantile,0.85,19.0
2026-09-05,wk inc covid hosp,1,2026-09-12,49,quantile,0.9,21.0
2026-09-05,wk inc covid hosp,1,2026-09-12,49,quantile,0.95,24.0
2026-09-05,wk inc covid hosp,1,2026-09-12,49,quantile,0.975,26.0
2026-09-05,wk inc covid hosp,1,2026-09-12,49,quantile,0.99,29.0
2026-09-05,wk inc covid hosp,1,2026-09-12,50,quantile,0.01,0.0
2026-09-05,wk inc covid hosp,1,2026-09-12,50,quantile,0.025,0.0
2026-09-05,wk inc covid hosp,1,2026-09-12,50,quantile,0.05,1.0
2026-09-05,wk inc covid hosp,1,2026-09-12,50,quantile,0.1,1.0
2026-09-05,wk inc covid hosp,1,2026-09-12,50,quantile,0.15,1.0
2026-09-05,wk inc covid hosp,1,2026-09-12,50,quantile,0.2,1.0
2026-09-05,wk inc covid hosp,1,2026-09-12,50,quantile,0.25,1.0
2026-09-05,wk inc covid hosp,1,2026-09-12,50,quantile,0.3,1.0
2026-09-05,wk inc covid hosp,1,2026-09-12,50,quantile,0.35,1.0
2026-09-05,wk inc covid hosp,1,2026-09-12,50,quantile,0.4,1.0
2026-09-05,wk inc covid hosp,1,2026-09-12,50,quantile,0.45,2.0
2026-09-05,wk inc covid hosp,1,2026-09-12,50,quantile,0.5,2.0
2026-09-05,wk inc covid hosp,1,2026-09-12,50,quantile,0.55,2.0
2026-09-05,wk inc covid hosp,1,2026-09-12,50,quantile,0.6,3.0
2026-09-05,wk inc covid hosp,1,2026-09-12,50,quantile,0.65,3.0
2026-09-05,wk inc covid hosp,1,2026-09-12,50,quantile,0.7,3.0
2026-09-05,wk inc covid hosp,1,2026-09-12,50,quantile,0.75,4.0
2026-09-05,wk inc covid hosp,1,2026-09-12,50,quantile,0.8,4.0
2026-09-05,wk inc covid hosp,1,2026-09-12,50,quantile,0.85,5.0
2026-09-05,wk inc covid hosp,1,2026-09-12,50,quantile,0.9,6.0
2026-09-05,wk inc covid hosp,1,2026-09-12,50,quantile,0.95,7.0
2026-09-05,wk inc covid hosp,1,2026-09-12,50,quantile,0.975,8.0
2026-09-05,wk inc covid hosp,1,2026-09-12,50,quantile,0.99,9.0
2026-09-05,wk inc covid hosp,1,2026-09-12,51,quantile,0.01,5.0
2026-09-05,wk inc covid hosp,1,2026-09-12,51,quantile,0.025,7.0
2026-09-05,wk inc covid hosp,1,2026-09-12,51,quantile,0.05,12.0
2026-09-05,wk inc covid hosp,1,2026-09-12,51,quantile,0.1,18.0
2026-09-05,wk inc covid hosp,1,2026-09-12,51,quantile,0.15,23.0
2026-09-05,wk inc covid hosp,1,2026-09-12,51,quantile,0.2,26.0
2026-09-05,wk inc covid hosp,1,2026-09-12,51,quantile,0.25,29.0
2026-09-05,wk inc covid hosp,1,2026-09-12,51,quantile,0.3,32.0
2026-09-05,wk inc covid hosp,1,2026-09-12,51,quantile,0.35,35.0
2026-09-05,wk inc covid hosp,1,2026-09-12,51,quantile,0.4,37.0
2026-09-05,wk inc covid hosp,1,2026-09-12,51,quantile,0.45,39.0
2026-09-05,wk inc covid hosp,1,2026-09-12,51,quantile,0.5,42.0
2026-09-05,wk inc covid hosp,1,2026-09-12,51,quantile,0.55,44.0
2026-09-05,wk inc covid hosp,1,2026-09-12,51,quantile,0.6,46.0
2026-09-05,wk inc covid hosp,1,2026-09-12,51,quantile,0.65,49.0
2026-09-05,wk inc covid hosp,1,2026-09-12,51,quantile,0.7,51.0
2026-09-05,wk inc covid hosp,1,2026-09-12,51,quantile,0.75,54.0
2026-09-05,wk inc covid hosp,1,2026-09-12,51,quantile,0.8,57.0
2026-09-05,wk inc covid hosp,1,2026-09-12,51,quantile,0.85,61.0
2026-09-05,wk inc covid hosp,1,2026-09-12,51,quantile,0.9,65.0
2026-09-05,wk inc covid hosp,1,2026-09-12,51,quantile,0.95,72.0
2026-09-05,wk inc covid hosp,1,2026-09-12,51,quantile,0.975,78.0
2026-09-05,wk inc covid hosp,1,2026-09-12,51,quantile,0.99,84.0
2026-09-05,wk inc covid hosp,1,2026-09-12,53,quantile,0.01,4.0
2026-09-05,wk inc covid hosp,1,2026-09-12,53,quantile,0.025,6.0
2026-09-05,wk inc covid hosp,1,2026-09-12,53,quantile,0.05,10.0
2026-09-05,wk inc covid hosp,1,2026-09-12,53,quantile,0.1,20.0
2026-09-05,wk inc covid hosp,1,2026-09-12,53,quantile,0.15,27.0
2026-09-05,wk inc covid hosp,1,2026-09-12,53,quantile,0.2,32.0
2026-09-05,wk inc covid hosp,1,2026-09-12,53,quantile,0.25,37.0
2026-09-05,wk inc covid hosp,1,2026-09-12,53,quantile,0.3,41.0
2026-09-05,wk inc covid hosp,1,2026-09-12,53,quantile,0.35,45.0
2026-09-05,wk inc covid hosp,1,2026-09-12,53,quantile,0.4,48.0
2026-09-05,wk inc covid hosp,1,2026-09-12,53,quantile,0.45,52.0
2026-09-05,wk inc covid hosp,1,2026-09-12,53,quantile,0.5,55.0
2026-09-05,wk inc covid hosp,1,2026-09-12,53,quantile,0.55,59.0
2026-09-05,wk inc covid hosp,1,2026-09-12,53,quantile,0.6,62.0
2026-09-05,wk inc covid hosp,1,2026-09-12,53,quantile,0.65,66.0
2026-09-05,wk inc covid hosp,1,2026-09-12,53,quantile,0.7,70.0
2026-09-05,wk inc covid hosp,1,2026-09-12,53,quantile,0.75,74.0
2026-09-05,wk inc covid hosp,1,2026-09-12,53,quantile,0.8,79.0
2026-09-05,wk inc covid hosp,1,2026-09-12,53,quantile,0.85,84.0
2026-09-05,wk inc covid hosp,1,2026-09-12,53,quantile,0.9,91.0
2026-09-05,wk inc covid hosp,1,2026-09-12,53,quantile,0.95,101.0
2026-09-05,wk inc covid hosp,1,2026-09-12,53,quantile,0.975,110.0
2026-09-05,wk inc covid hosp,1,2026-09-12,53,quantile,0.99,120.0
2026-09-05,wk inc covid hosp,1,2026-09-12,54,quantile,0.01,2.0
2026-09-05,wk inc covid hosp,1,2026-09-12,54,quantile,0.025,2.0
2026-09-05,wk inc covid hosp,1,2026-09-12,54,quantile,0.05,3.0
2026-09-05,wk inc covid hosp,1,2026-09-12,54,quantile,0.1,3.0
2026-09-05,wk inc covid hosp,1,2026-09-12,54,quantile,0.15,4.0
2026-09-05,wk inc covid hosp,1,2026-09-12,54,quantile,0.2,4.0
2026-09-05,wk inc covid hosp,1,2026-09-12,54,quantile,0.25,5.0
2026-09-05,wk inc covid hosp,1,2026-09-12,54,quantile,0.3,5.0
2026-09-05,wk inc covid hosp,1,2026-09-12,54,quantile,0.35,6.0
2026-09-05,wk inc covid hosp,1,2026-09-12,54,quantile,0.4,7.0
2026-09-05,wk inc covid hosp,1,2026-09-12,54,quantile,0.45,7.0
2026-09-05,wk inc covid hosp,1,2026-09-12,54,quantile,0.5,8.0
2026-09-05,wk inc covid hosp,1,2026-09-12,54,quantile,0.55,8.0
2026-09-05,wk inc covid hosp,1,2026-09-12,54,quantile,0.6,9.0
2026-09-05,wk inc covid hosp,1,2026-09-12,54,quantile,0.65,10.0
2026-09-05,wk inc covid hosp,1,2026-09-12,54,quantile,0.7,10.0
2026-09-05,wk inc covid hosp,1,2026-09-12,54,quantile,0.75,11.0
2026-09-05,wk inc covid hosp,1,2026-09-12,54,quantile,0.8,12.0
2026-09-05,wk inc covid hosp,1,2026-09-12,54,quantile,0.85,12.0
2026-09-05,wk inc covid hosp,1,2026-09-12,54,quantile,0.9,13.0
2026-09-05,wk inc covid hosp,1,2026-09-12,54,quantile,0.95,15.0
2026-09-05,wk inc covid hosp,1,2026-09-12,54,quantile,0.975,16.0
2026-09-05,wk inc covid hosp,1,2026-09-12,54,quantile,0.99,18.0
2026-09-05,wk inc covid hosp,1,2026-09-12,55,quantile,0.01,4.0
2026-09-05,wk inc covid hosp,1,2026-09-12,55,quantile,0.025,5.0
2026-09-05,wk inc covid hosp,1,2026-09-12,55,quantile,0.05,6.0
2026-09-05,wk inc covid hosp,1,2026-09-12,55,quantile,0.1,8.0
2026-09-05,wk inc covid hosp,1,2026-09-12,55,quantile,0.15,9.0
2026-09-05,wk inc covid hosp,1,2026-09-12,55,quantile,0.2,13.0
2026-09-05,wk inc covid hosp,1,2026-09-12,55,quantile,0.25,16.0
2026-09-05,wk inc covid hosp,1,2026-09-12,55,quantile,0.3,20.0
2026-09-05,wk inc covid hosp,1,2026-09-12,55,quantile,0.35,23.0
2026-09-05,wk inc covid hosp,1,2026-09-12,55,quantile,0.4,25.0
2026-09-05,wk inc covid hosp,1,2026-09-12,55,quantile,0.45,28.0
2026-09-05,wk inc covid hosp,1,2026-09-12,55,quantile,0.5,31.0
2026-09-05,wk inc covid hosp,1,2026-09-12,55,quantile,0.55,34.0
2026-09-05,wk inc covid hosp,1,2026-09-12,55,quantile,0.6,36.0
2026-09-05,wk inc covid hosp,1,2026-09-12,55,quantile,0.65,39.0
2026-09-05,wk inc covid hosp,1,2026-09-12,55,quantile,0.7,42.0
2026-09-05,wk inc covid hosp,1,2026-09-12,55,quantile,0.75,45.0
2026-09-05,wk inc covid hosp,1,2026-09-12,55,quantile,0.8,49.0
2026-09-05,wk inc covid hosp,1,2026-09-12,55,quantile,0.85,53.0
2026-09-05,wk inc covid hosp,1,2026-09-12,55,quantile,0.9,58.0
2026-09-05,wk inc covid hosp,1,2026-09-12,55,quantile,0.95,66.0
2026-09-05,wk inc covid hosp,1,2026-09-12,55,quantile,0.975,73.0
2026-09-05,wk inc covid hosp,1,2026-09-12,55,quantile,0.99,81.0
2026-09-05,wk inc covid hosp,1,2026-09-12,56,quantile,0.01,0.0
2026-09-05,wk inc covid hosp,1,2026-09-12,56,quantile,0.025,1.0
2026-09-05,wk inc covid hosp,1,2026-09-12,56,quantile,0.05,1.0
2026-09-05,wk inc covid hosp,1,2026-09-12,56,quantile,0.1,1.0
2026-09-05,wk inc covid hosp,1,2026-09-12,56,quantile,0.15,1.0
2026-09-05,wk inc covid hosp,1,2026-09-12,56,quantile,0.2,1.0
2026-09-05,wk inc covid hosp,1,2026-09-12,56,quantile,0.25,1.0
2026-09-05,wk inc covid hosp,1,2026-09-12,56,quantile,0.3,1.0
2026-09-05,wk inc covid hosp,1,2026-09-12,56,quantile,0.35,1.0
2026-09-05,wk inc covid hosp,1,2026-09-12,56,quantile,0.4,2.0
2026-09-05,wk inc covid hosp,1,2026-09-12,56,quantile,0.45,2.0
2026-09-05,wk inc covid hosp,1,2026-09-12,56,quantile,0.5,3.0
2026-09-05,wk inc covid hosp,1,2026-09-12,56,quantile,0.55,3.0
2026-09-05,wk inc covid hosp,1,2026-09-12,56,quantile,0.6,4.0
2026-09-05,wk inc covid hosp,1,2026-09-12,56,quantile,0.65,4.0
2026-09-05,wk inc covid hosp,1,2026-09-12,56,quantile,0.7,5.0
2026-09-05,wk inc covid hosp,1,2026-09-12,56,quantile,0.75,5.0
2026-09-05,wk inc covid hosp,1,2026-09-12,56,quantile,0.8,6.0
2026-09-05,wk inc covid hosp,1,2026-09-12,56,quantile,0.85,6.0
2026-09-05,wk inc covid hosp,1,2026-09-12,56,quantile,0.9,7.0
2026-09-05,wk inc covid hosp,1,2026-09-12,56,quantile,0.95,9.0
2026-09-05,wk inc covid hosp,1,2026-09-12,56,quantile,0.975,10.0
2026-09-05,wk inc covid hosp,1,2026-09-12,56,quantile,0.99,11.0
2026-09-05,wk inc covid hosp,1,2026-09-12,72,quantile,0.01,5.0
2026-09-05,wk inc covid hosp,1,2026-09-12,72,quantile,0.025,6.0
2026-09-05,wk inc covid hosp,1,2026-09-12,72,quantile,0.05,7.0
2026-09-05,wk inc covid hosp,1,2026-09-12,72,quantile,0.1,8.0
2026-09-05,wk inc covid hosp,1,2026-09-12,72,quantile,0.15,9.0
2026-09-05,wk inc covid hosp,1,2026-09-12,72,quantile,0.2,9.0
2026-09-05,wk inc covid hosp,1,2026-09-12,72,quantile,0.25,10.0
2026-09-05,wk inc covid hosp,1,2026-09-12,72,quantile,0.3,13.0
2026-09-05,wk inc covid hosp,1,2026-09-12,72,quantile,0.35,38.0
2026-09-05,wk inc covid hosp,1,2026-09-12,72,quantile,0.4,61.0
2026-09-05,wk inc covid hosp,1,2026-09-12,72,quantile,0.45,84.0
2026-09-05,wk inc covid hosp,1,2026-09-12,72,quantile,0.5,106.0
2026-09-05,wk inc covid hosp,1,2026-09-12,72,quantile,0.55,129.0
2026-09-05,wk inc covid hosp,1,2026-09-12,72,quantile,0.6,152.0
2026-09-05,wk inc covid hosp,1,2026-09-12,72,quantile,0.65,175.0
2026-09-05,wk inc covid hosp,1,2026-09-12,72,quantile,0.7,200.0
2026-09-05,wk inc covid hosp,1,2026-09-12,72,quantile,0.75,227.0
2026-09-05,wk inc covid hosp,1,2026-09-12,72,quantile,0.8,257.0
2026-09-05,wk inc covid hosp,1,2026-09-12,72,quantile,0.85,291.0
2026-09-05,wk inc covid hosp,1,2026-09-12,72,quantile,0.9,335.0
2026-09-05,wk inc covid hosp,1,2026-09-12,72,quantile,0.95,400.0
2026-09-05,wk inc covid hosp,1,2026-09-12,72,quantile,0.975,456.0
2026-09-05,wk inc covid hosp,1,2026-09-12,72,quantile,0.99,521.0
2026-09-05,wk inc covid hosp,2,2026-09-19,01,quantile,0.01,7.0
2026-09-05,wk inc covid hosp,2,2026-09-19,01,quantile,0.025,11.0
2026-09-05,wk inc covid hosp,2,2026-09-19,01,quantile,0.05,17.0
2026-09-05,wk inc covid hosp,2,2026-09-19,01,quantile,0.1,29.0
2026-09-05,wk inc covid hosp,2,2026-09-19,01,quantile,0.15,37.0
2026-09-05,wk inc covid hosp,2,2026-09-19,01,quantile,0.2,43.0
2026-09-05,wk inc covid hosp,2,2026-09-19,01,quantile,0.25,48.0
2026-09-05,wk inc covid hosp,2,2026-09-19,01,quantile,0.3,53.0
2026-09-05,wk inc covid hosp,2,2026-09-19,01,quantile,0.35,58.0
2026-09-05,wk inc covid hosp,2,2026-09-19,01,quantile,0.4,62.0
2026-09-05,wk inc covid hosp,2,2026-09-19,01,quantile,0.45,66.0
2026-09-05,wk inc covid hosp,2,2026-09-19,01,quantile,0.5,70.0
2026-09-05,wk inc covid hosp,2,2026-09-19,01,quantile,0.55,74.0
2026-09-05,wk inc covid hosp,2,2026-09-19,01,quantile,0.6,78.0
2026-09-05,wk inc covid hosp,2,2026-09-19,01,quantile,0.65,83.0
2026-09-05,wk inc covid hosp,2,2026-09-19,01,quantile,0.7,87.0
2026-09-05,wk inc covid hosp,2,2026-09-19,01,quantile,0.75,92.0
2026-09-05,wk inc covid hosp,2,2026-09-19,01,quantile,0.8,97.0
2026-09-05,wk inc covid hosp,2,2026-09-19,01,quantile,0.85,104.0
2026-09-05,wk inc covid hosp,2,2026-09-19,01,quantile,0.9,112.0
2026-09-05,wk inc covid hosp,2,2026-09-19,01,quantile,0.95,123.0
2026-09-05,wk inc covid hosp,2,2026-09-19,01,quantile,0.975,134.0
2026-09-05,wk inc covid hosp,2,2026-09-19,01,quantile,0.99,145.0
2026-09-05,wk inc covid hosp,2,2026-09-19,02,quantile,0.01,0.0
2026-09-05,wk inc covid hosp,2,2026-09-19,02,quantile,0.025,1.0
2026-09-05,wk inc covid hosp,2,2026-09-19,02,quantile,0.05,1.0
2026-09-05,wk inc covid hosp,2,2026-09-19,02,quantile,0.1,1.0
2026-09-05,wk inc covid hosp,2,2026-09-19,02,quantile,0.15,1.0
2026-09-05,wk inc covid hosp,2,2026-09-19,02,quantile,0.2,2.0
2026-09-05,wk inc covid hosp,2,2026-09-19,02,quantile,0.25,2.0
2026-09-05,wk inc covid hosp,2,2026-09-19,02,quantile,0.3,2.0
2026-09-05,wk inc covid hosp,2,2026-09-19,02,quantile,0.35,2.0
2026-09-05,wk inc covid hosp,2,2026-09-19,02,quantile,0.4,3.0
2026-09-05,wk inc covid hosp,2,2026-09-19,02,quantile,0.45,4.0
2026-09-05,wk inc covid hosp,2,2026-09-19,02,quantile,0.5,5.0
2026-09-05,wk inc covid hosp,2,2026-09-19,02,quantile,0.55,5.0
2026-09-05,wk inc covid hosp,2,2026-09-19,02,quantile,0.6,6.0
2026-09-05,wk inc covid hosp,2,2026-09-19,02,quantile,0.65,7.0
2026-09-05,wk inc covid hosp,2,2026-09-19,02,quantile,0.7,8.0
2026-09-05,wk inc covid hosp,2,2026-09-19,02,quantile,0.75,10.0
2026-09-05,wk inc covid hosp,2,2026-09-19,02,quantile,0.8,11.0
2026-09-05,wk inc covid hosp,2,2026-09-19,02,quantile,0.85,12.0
2026-09-05,wk inc covid hosp,2,2026-09-19,02,quantile,0.9,14.0
2026-09-05,wk inc covid hosp,2,2026-09-19,02,quantile,0.95,17.0
2026-09-05,wk inc covid hosp,2,2026-09-19,02,quantile,0.975,19.0
2026-09-05,wk inc covid hosp,2,2026-09-19,02,quantile,0.99,22.0
2026-09-05,wk inc covid hosp,2,2026-09-19,04,quantile,0.01,9.0
2026-09-05,wk inc covid hosp,2,2026-09-19,04,quantile,0.025,20.0
2026-09-05,wk inc covid hosp,2,2026-09-19,04,quantile,0.05,29.0
2026-09-05,wk inc covid hosp,2,2026-09-19,04,quantile,0.1,39.0
2026-09-05,wk inc covid hosp,2,2026-09-19,04,quantile,0.15,47.0
2026-09-05,wk inc covid hosp,2,2026-09-19,04,quantile,0.2,52.0
2026-09-05,wk inc covid hosp,2,2026-09-19,04,quantile,0.25,57.0
2026-09-05,wk inc covid hosp,2,2026-09-19,04,quantile,0.3,61.0
2026-09-05,wk inc covid hosp,2,2026-09-19,04,quantile,0.35,65.0
2026-09-05,wk inc covid hosp,2,2026-09-19,04,quantile,0.4,69.0
2026-09-05,wk inc covid hosp,2,2026-09-19,04,quantile,0.45,73.0
2026-09-05,wk inc covid hosp,2,2026-09-19,04,quantile,0.5,77.0
2026-09-05,wk inc covid hosp,2,2026-09-19,04,quantile,0.55,80.0
2026-09-05,wk inc covid hosp,2,2026-09-19,04,quantile,0.6,84.0
2026-09-05,wk inc covid hosp,2,2026-09-19,04,quantile,0.65,88.0
2026-09-05,wk inc covid hosp,2,2026-09-19,04,quantile,0.7,92.0
2026-09-05,wk inc covid hosp,2,2026-09-19,04,quantile,0.75,96.0
2026-09-05,wk inc covid hosp,2,2026-09-19,04,quantile,0.8,101.0
2026-09-05,wk inc covid hosp,2,2026-09-19,04,quantile,0.85,107.0
2026-09-05,wk inc covid hosp,2,2026-09-19,04,quantile,0.9,114.0
2026-09-05,wk inc covid hosp,2,2026-09-19,04,quantile,0.95,125.0
2026-09-05,wk inc covid hosp,2,2026-09-19,04,quantile,0.975,134.0
2026-09-05,wk inc covid hosp,2,2026-09-19,04,quantile,0.99,144.0
2026-09-05,wk inc covid hosp,2,2026-09-19,05,quantile,0.01,3.0
2026-09-05,wk inc covid hosp,2,2026-09-19,05,quantile,0.025,5.0
2026-09-05,wk inc covid hosp,2,2026-09-19,05,quantile,0.05,7.0
2026-09-05,wk inc covid hosp,2,2026-09-19,05,quantile,0.1,9.0
2026-09-05,wk inc covid hosp,2,2026-09-19,05,quantile,0.15,11.0
2026-09-05,wk inc covid hosp,2,2026-09-19,05,quantile,0.2,12.0
2026-09-05,wk inc covid hosp,2,2026-09-19,05,quantile,0.25,14.0
2026-09-05,wk inc covid hosp,2,2026-09-19,05,quantile,0.3,16.0
2026-09-05,wk inc covid hosp,2,2026-09-19,05,quantile,0.35,17.0
2026-09-05,wk inc covid hosp,2,2026-09-19,05,quantile,0.4,18.0
2026-09-05,wk inc covid hosp,2,2026-09-19,05,quantile,0.45,19.0
2026-09-05,wk inc covid hosp,2,2026-09-19,05,quantile,0.5,21.0
2026-09-05,wk inc covid hosp,2,2026-09-19,05,quantile,0.55,22.0
2026-09-05,wk inc covid hosp,2,2026-09-19,05,quantile,0.6,23.0
2026-09-05,wk inc covid hosp,2,2026-09-19,05,quantile,0.65,24.0
2026-09-05,wk inc covid hosp,2,2026-09-19,05,quantile,0.7,26.0
2026-09-05,wk inc covid hosp,2,2026-09-19,05,quantile,0.75,27.0
2026-09-05,wk inc covid hosp,2,2026-09-19,05,quantile,0.8,29.0
2026-09-05,wk inc covid hosp,2,2026-09-19,05,quantile,0.85,31.0
2026-09-05,wk inc covid hosp,2,2026-09-19,05,quantile,0.9,33.0
2026-09-05,wk inc covid hosp,2,2026-09-19,05,quantile,0.95,36.0
2026-09-05,wk inc covid hosp,2,2026-09-19,05,quantile,0.975,39.0
2026-09-05,wk inc covid hosp,2,2026-09-19,05,quantile,0.99,43.0
2026-09-05,wk inc covid hosp,2,2026-09-19,06,quantile,0.01,108.0
2026-09-05,wk inc covid hosp,2,2026-09-19,06,quantile,0.025,166.0
2026-09-05,wk inc covid hosp,2,2026-09-19,06,quantile,0.05,216.0
2026-09-05,wk inc covid hosp,2,2026-09-19,06,quantile,0.1,274.0
2026-09-05,wk inc covid hosp,2,2026-09-19,06,quantile,0.15,312.0
2026-09-05,wk inc covid hosp,2,2026-09-19,06,quantile,0.2,343.0
2026-09-05,wk inc covid hosp,2,2026-09-19,06,quantile,0.25,370.0
2026-09-05,wk inc covid hosp,2,2026-09-19,06,quantile,0.3,393.0
2026-09-05,wk inc covid hosp,2,2026-09-19,06,quantile,0.35,415.0
2026-09-05,wk inc covid hosp,2,2026-09-19,06,quantile,0.4,436.0
2026-09-05,wk inc covid hosp,2,2026-09-19,06,quantile,0.45,457.0
2026-09-05,wk inc covid hosp,2,2026-09-19,06,quantile,0.5,476.0
2026-09-05,wk inc covid hosp,2,2026-09-19,06,quantile,0.55,496.0
2026-09-05,wk inc covid hosp,2,2026-09-19,06,quantile,0.6,516.0
2026-09-05,wk inc covid hosp,2,2026-09-19,06,quantile,0.65,537.0
2026-09-05,wk inc covid hosp,2,2026-09-19,06,quantile,0.7,559.0
2026-09-05,wk inc covid hosp,2,2026-09-19,06,quantile,0.75,583.0
2026-09-05,wk inc covid hosp,2,2026-09-19,06,quantile,0.8,610.0
2026-09-05,wk inc covid hosp,2,2026-09-19,06,quantile,0.85,640.0
2026-09-05,wk inc covid hosp,2,2026-09-19,06,quantile,0.9,679.0
2026-09-05,wk inc covid hosp,2,2026-09-19,06,quantile,0.95,737.0
2026-09-05,wk inc covid hosp,2,2026-09-19,06,quantile,0.975,786.0
2026-09-05,wk inc covid hosp,2,2026-09-19,06,quantile,0.99,844.0
2026-09-05,wk inc covid hosp,2,2026-09-19,08,quantile,0.01,3.0
2026-09-05,wk inc covid hosp,2,2026-09-19,08,quantile,0.025,4.0
2026-09-05,wk inc covid hosp,2,2026-09-19,08,quantile,0.05,5.0
2026-09-05,wk inc covid hosp,2,2026-09-19,08,quantile,0.1,8.0
2026-09-05,wk inc covid hosp,2,2026-09-19,08,quantile,0.15,9.0
2026-09-05,wk inc covid hosp,2,2026-09-19,08,quantile,0.2,12.0
2026-09-05,wk inc covid hosp,2,2026-09-19,08,quantile,0.25,15.0
2026-09-05,wk inc covid hosp,2,2026-09-19,08,quantile,0.3,18.0
2026-09-05,wk inc covid hosp,2,2026-09-19,08,quantile,0.35,20.0
2026-09-05,wk inc covid hosp,2,2026-09-19,08,quantile,0.4,22.0
2026-09-05,wk inc covid hosp,2,2026-09-19,08,quantile,0.45,25.0
2026-09-05,wk inc covid hosp,2,2026-09-19,08,quantile,0.5,27.0
2026-09-05,wk inc covid hosp,2,2026-09-19,08,quantile,0.55,29.0
2026-09-05,wk inc covid hosp,2,2026-09-19,08,quantile,0.6,32.0
2026-09-05,wk inc covid hosp,2,2026-09-19,08,quantile,0.65,34.0
2026-09-05,wk inc covid hosp,2,2026-09-19,08,quantile,0.7,36.0
2026-09-05,wk inc covid hosp,2,2026-09-19,08,quantile,0.75,39.0
2026-09-05,wk inc covid hosp,2,2026-09-19,08,quantile,0.8,42.0
2026-09-05,wk inc covid hosp,2,2026-09-19,08,quantile,0.85,46.0
2026-09-05,wk inc covid hosp,2,2026-09-19,08,quantile,0.9,50.0
2026-09-05,wk inc covid hosp,2,2026-09-19,08,quantile,0.95,57.0
2026-09-05,wk inc covid hosp,2,2026-09-19,08,quantile,0.975,62.0
2026-09-05,wk inc covid hosp,2,2026-09-19,08,quantile,0.99,69.0
2026-09-05,wk inc covid hosp,2,2026-09-19,09,quantile,0.01,2.0
2026-09-05,wk inc covid hosp,2,2026-09-19,09,quantile,0.025,3.0
2026-09-05,wk inc covid hosp,2,2026-09-19,09,quantile,0.05,5.0
2026-09-05,wk inc covid hosp,2,2026-09-19,09,quantile,0.1,7.0
2026-09-05,wk inc covid hosp,2,2026-09-19,09,quantile,0.15,9.0
2026-09-05,wk inc covid hosp,2,2026-09-19,09,quantile,0.2,11.0
2026-09-05,wk inc covid hosp,2,2026-09-19,09,quantile,0.25,13.0
2026-09-05,wk inc covid hosp,2,2026-09-19,09,quantile,0.3,14.0
2026-09-05,wk inc covid hosp,2,2026-09-19,09,quantile,0.35,16.0
2026-09-05,wk inc covid hosp,2,2026-09-19,09,quantile,0.4,17.0
2026-09-05,wk inc covid hosp,2,2026-09-19,09,quantile,0.45,18.0
2026-09-05,wk inc covid hosp,2,2026-09-19,09,quantile,0.5,19.0
2026-09-05,wk inc covid hosp,2,2026-09-19,09,quantile,0.55,21.0
2026-09-05,wk inc covid hosp,2,2026-09-19,09,quantile,0.6,22.0
2026-09-05,wk inc covid hosp,2,2026-09-19,09,quantile,0.65,23.0
2026-09-05,wk inc covid hosp,2,2026-09-19,09,quantile,0.7,24.0
2026-09-05,wk inc covid hosp,2,2026-09-19,09,quantile,0.75,26.0
2026-09-05,wk inc covid hosp,2,2026-09-19,09,quantile,0.8,28.0
2026-09-05,wk inc covid hosp,2,2026-09-19,09,quantile,0.85,29.0
2026-09-05,wk inc covid hosp,2,2026-09-19,09,quantile,0.9,32.0
2026-09-05,wk inc covid hosp,2,2026-09-19,09,quantile,0.95,35.0
2026-09-05,wk inc covid hosp,2,2026-09-19,09,quantile,0.975,38.0
2026-09-05,wk inc covid hosp,2,2026-09-19,09,quantile,0.99,42.0
2026-09-05,wk inc covid hosp,2,2026-09-19,10,quantile,0.01,1.0
2026-09-05,wk inc covid hosp,2,2026-09-19,10,quantile,0.025,1.0
2026-09-05,wk inc covid hosp,2,2026-09-19,10,quantile,0.05,2.0
2026-09-05,wk inc covid hosp,2,2026-09-19,10,quantile,0.1,2.0
2026-09-05,wk inc covid hosp,2,2026-09-19,10,quantile,0.15,2.0
2026-09-05,wk inc covid hosp,2,2026-09-19,10,quantile,0.2,3.0
2026-09-05,wk inc covid hosp,2,2026-09-19,10,quantile,0.25,3.0
2026-09-05,wk inc covid hosp,2,2026-09-19,10,quantile,0.3,3.0
2026-09-05,wk inc covid hosp,2,2026-09-19,10,quantile,0.35,4.0
2026-09-05,wk inc covid hosp,2,2026-09-19,10,quantile,0.4,5.0
2026-09-05,wk inc covid hosp,2,2026-09-19,10,quantile,0.45,5.0
2026-09-05,wk inc covid hosp,2,2026-09-19,10,quantile,0.5,6.0
2026-09-05,wk inc covid hosp,2,2026-09-19,10,quantile,0.55,7.0
2026-09-05,wk inc covid hosp,2,2026-09-19,10,quantile,0.6,7.0
2026-09-05,wk inc covid hosp,2,2026-09-19,10,quantile,0.65,8.0
2026-09-05,wk inc covid hosp,2,2026-09-19,10,quantile,0.7,9.0
2026-09-05,wk inc covid hosp,2,2026-09-19,10,quantile,0.75,10.0
2026-09-05,wk inc covid hosp,2,2026-09-19,10,quantile,0.8,10.0
2026-09-05,wk inc covid hosp,2,2026-09-19,10,quantile,0.85,11.0
2026-09-05,wk inc covid hosp,2,2026-09-19,10,quantile,0.9,13.0
2026-09-05,wk inc covid hosp,2,2026-09-19,10,quantile,0.95,15.0
2026-09-05,wk inc covid hosp,2,2026-09-19,10,quantile,0.975,16.0
2026-09-05,wk inc covid hosp,2,2026-09-19,10,quantile,0.99,18.0
2026-09-05,wk inc covid hosp,2,2026-09-19,11,quantile,0.01,0.0
2026-09-05,wk inc covid hosp,2,2026-09-19,11,quantile,0.025,1.0
2026-09-05,wk inc covid hosp,2,2026-09-19,11,quantile,0.05,1.0
2026-09-05,wk inc covid hosp,2,2026-09-19,11,quantile,0.1,1.0
2026-09-05,wk inc covid hosp,2,2026-09-19,11,quantile,0.15,2.0
2026-09-05,wk inc covid hosp,2,2026-09-19,11,quantile,0.2,2.0
2026-09-05,wk inc covid hosp,2,2026-09-19,11,quantile,0.25,2.0
2026-09-05,wk inc covid hosp,2,2026-09-19,11,quantile,0.3,2.0
2026-09-05,wk inc covid hosp,2,2026-09-19,11,quantile,0.35,2.0
2026-09-05,wk inc covid hosp,2,2026-09-19,11,quantile,0.4,3.0
2026-09-05,wk inc covid hosp,2,2026-09-19,11,quantile,0.45,4.0
2026-09-05,wk inc covid hosp,2,2026-09-19,11,quantile,0.5,4.0
2026-09-05,wk inc covid hosp,2,2026-09-19,11,quantile,0.55,5.0
2026-09-05,wk inc covid hosp,2,2026-09-19,11,quantile,0.6,6.0
2026-09-05,wk inc covid hosp,2,2026-09-19,11,quantile,0.65,7.0
2026-09-05,wk inc covid hosp,2,2026-09-19,11,quantile,0.7,7.0
2026-09-05,wk inc covid hosp,2,2026-09-19,11,quantile,0.75,8.0
2026-09-05,wk inc covid hosp,2,2026-09-19,11,quantile,0.8,9.0
2026-09-05,wk inc covid hosp,2,2026-09-19,11,quantile,0.85,10.0
2026-09-05,wk inc covid hosp,2,2026-09-19,11,quantile,0.9,12.0
2026-09-05,wk inc covid hosp,2,2026-09-19,11,quantile,0.95,14.0
2026-09-05,wk inc covid hosp,2,2026-09-19,11,quantile,0.975,15.0
2026-09-05,wk inc covid hosp,2,2026-09-19,11,quantile,0.99,18.0
2026-09-05,wk inc covid hosp,2,2026-09-19,12,quantile,0.01,77.0
2026-09-05,wk inc covid hosp,2,2026-09-19,12,quantile,0.025,120.0
2026-09-05,wk inc covid hosp,2,2026-09-19,12,quantile,0.05,156.0
2026-09-05,wk inc covid hosp,2,2026-09-19,12,quantile,0.1,199.0
2026-09-05,wk inc covid hosp,2,2026-09-19,12,quantile,0.15,227.0
2026-09-05,wk inc covid hosp,2,2026-09-19,12,quantile,0.2,249.0
2026-09-05,wk inc covid hosp,2,2026-09-19,12,quantile,0.25,269.0
2026-09-05,wk inc covid hosp,2,2026-09-19,12,quantile,0.3,286.0
2026-09-05,wk inc covid hosp,2,2026-09-19,12,quantile,0.35,302.0
2026-09-05,wk inc covid hosp,2,2026-09-19,12,quantile,0.4,318.0
2026-09-05,wk inc covid hosp,2,2026-09-19,12,quantile,0.45,332.0
2026-09-05,wk inc covid hosp,2,2026-09-19,12,quantile,0.5,347.0
2026-09-05,wk inc covid hosp,2,2026-09-19,12,quantile,0.55,362.0
2026-09-05,wk inc covid hosp,2,2026-09-19,12,quantile,0.6,376.0
2026-09-05,wk inc covid hosp,2,2026-09-19,12,quantile,0.65,392.0
2026-09-05,wk inc covid hosp,2,2026-09-19,12,quantile,0.7,408.0
2026-09-05,wk inc covid hosp,2,2026-09-19,12,quantile,0.75,425.0
2026-09-05,wk inc covid hosp,2,2026-09-19,12,quantile,0.8,445.0
2026-09-05,wk inc covid hosp,2,2026-09-19,12,quantile,0.85,467.0
2026-09-05,wk inc covid hosp,2,2026-09-19,12,quantile,0.9,495.0
2026-09-05,wk inc covid hosp,2,2026-09-19,12,quantile,0.95,538.0
2026-09-05,wk inc covid hosp,2,2026-09-19,12,quantile,0.975,574.0
2026-09-05,wk inc covid hosp,2,2026-09-19,12,quantile,0.99,617.0
2026-09-05,wk inc covid hosp,2,2026-09-19,13,quantile,0.01,12.0
2026-09-05,wk inc covid hosp,2,2026-09-19,13,quantile,0.025,18.0
2026-09-05,wk inc covid hosp,2,2026-09-19,13,quantile,0.05,32.0
2026-09-05,wk inc covid hosp,2,2026-09-19,13,quantile,0.1,50.0
2026-09-05,wk inc covid hosp,2,2026-09-19,13,quantile,0.15,63.0
2026-09-05,wk inc covid hosp,2,2026-09-19,13,quantile,0.2,72.0
2026-09-05,wk inc covid hosp,2,2026-09-19,13,quantile,0.25,81.0
2026-09-05,wk inc covid hosp,2,2026-09-19,13,quantile,0.3,89.0
2026-09-05,wk inc covid hosp,2,2026-09-19,13,quantile,0.35,96.0
2026-09-05,wk inc covid hosp,2,2026-09-19,13,quantile,0.4,102.0
2026-09-05,wk inc covid hosp,2,2026-09-19,13,quantile,0.45,109.0
2026-09-05,wk inc covid hosp,2,2026-09-19,13,quantile,0.5,115.0
2026-09-05,wk inc covid hosp,2,2026-09-19,13,quantile,0.55,122.0
2026-09-05,wk inc covid hosp,2,2026-09-19,13,quantile,0.6,128.0
2026-09-05,wk inc covid hosp,2,2026-09-19,13,quantile,0.65,135.0
2026-09-05,wk inc covid hosp,2,2026-09-19,13,quantile,0.7,142.0
2026-09-05,wk inc covid hosp,2,2026-09-19,13,quantile,0.75,150.0
2026-09-05,wk inc covid hosp,2,2026-09-19,13,quantile,0.8,158.0
2026-09-05,wk inc covid hosp,2,2026-09-19,13,quantile,0.85,168.0
2026-09-05,wk inc covid hosp,2,2026-09-19,13,quantile,0.9,181.0
2026-09-05,wk inc covid hosp,2,2026-09-19,13,quantile,0.95,199.0
2026-09-05,wk inc covid hosp,2,2026-09-19,13,quantile,0.975,215.0
2026-09-05,wk inc covid hosp,2,2026-09-19,13,quantile,0.99,234.0
2026-09-05,wk inc covid hosp,2,2026-09-19,15,quantile,0.01,2.0
2026-09-05,wk inc covid hosp,2,2026-09-19,15,quantile,0.025,2.0
2026-09-05,wk inc covid hosp,2,2026-09-19,15,quantile,0.05,3.0
2026-09-05,wk inc covid hosp,2,2026-09-19,15,quantile,0.1,4.0
2026-09-05,wk inc covid hosp,2,2026-09-19,15,quantile,0.15,4.0
2026-09-05,wk inc covid hosp,2,2026-09-19,15,quantile,0.2,5.0
2026-09-05,wk inc covid hosp,2,2026-09-19,15,quantile,0.25,8.0
2026-09-05,wk inc covid hosp,2,2026-09-19,15,quantile,0.3,11.0
2026-09-05,wk inc covid hosp,2,2026-09-19,15,quantile,0.35,14.0
2026-09-05,wk inc covid hosp,2,2026-09-19,15,quantile,0.4,17.0
2026-09-05,wk inc covid hosp,2,2026-09-19,15,quantile,0.45,20.0
2026-09-05,wk inc covid hosp,2,2026-09-19,15,quantile,0.5,22.0
2026-09-05,wk inc covid hosp,2,2026-09-19,15,quantile,0.55,25.0
2026-09-05,wk inc covid hosp,2,2026-09-19,15,quantile,0.6,28.0
2026-09-05,wk inc covid hosp,2,2026-09-19,15,quantile,0.65,31.0
2026-09-05,wk inc covid hosp,2,2026-09-19,15,quantile,0.7,34.0
2026-09-05,wk inc covid hosp,2,2026-09-19,15,quantile,0.75,37.0
2026-09-05,wk inc covid hosp,2,2026-09-19,15,quantile,0.8,41.0
2026-09-05,wk inc covid hosp,2,2026-09-19,15,quantile,0.85,45.0
2026-09-05,wk inc covid hosp,2,2026-09-19,15,quantile,0.9,50.0
2026-09-05,wk inc covid hosp,2,2026-09-19,15,quantile,0.95,58.0
2026-09-05,wk inc covid hosp,2,2026-09-19,15,quantile,0.975,65.0
2026-09-05,wk inc covid hosp,2,2026-09-19,15,quantile,0.99,73.0
2026-09-05,wk inc covid hosp,2,2026-09-19,16,quantile,0.01,1.0
2026-09-05,wk inc covid hosp,2,2026-09-19,16,quantile,0.025,1.0
2026-09-05,wk inc covid hosp,2,2026-09-19,16,quantile,0.05,2.0
2026-09-05,wk inc covid hosp,2,2026-09-19,16,quantile,0.1,3.0
2026-09-05,wk inc covid hosp,2,2026-09-19,16,quantile,0.15,4.0
2026-09-05,wk inc covid hosp,2,2026-09-19,16,quantile,0.2,4.0
2026-09-05,wk inc covid hosp,2,2026-09-19,16,quantile,0.25,5.0
2026-09-05,wk inc covid hosp,2,2026-09-19,16,quantile,0.3,5.0
2026-09-05,wk inc covid hosp,2,2026-09-19,16,quantile,0.35,6.0
2026-09-05,wk inc covid hosp,2,2026-09-19,16,quantile,0.4,7.0
2026-09-05,wk inc covid hosp,2,2026-09-19,16,quantile,0.45,10.0
2026-09-05,wk inc covid hosp,2,2026-09-19,16,quantile,0.5,14.0
2026-09-05,wk inc covid hosp,2,2026-09-19,16,quantile,0.55,17.0
2026-09-05,wk inc covid hosp,2,2026-09-19,16,quantile,0.6,20.0
2026-09-05,wk inc covid hosp,2,2026-09-19,16,quantile,0.65,24.0
2026-09-05,wk inc covid hosp,2,2026-09-19,16,quantile,0.7,27.0
2026-09-05,wk inc covid hosp,2,2026-09-19,16,quantile,0.75,31.0
2026-09-05,wk inc covid hosp,2,2026-09-19,16,quantile,0.8,35.0
2026-09-05,wk inc covid hosp,2,2026-09-19,16,quantile,0.85,40.0
2026-09-05,wk inc covid hosp,2,2026-09-19,16,quantile,0.9,47.0
2026-09-05,wk inc covid hosp,2,2026-09-19,16,quantile,0.95,56.0
2026-09-05,wk inc covid hosp,2,2026-09-19,16,quantile,0.975,64.0
2026-09-05,wk inc covid hosp,2,2026-09-19,16,quantile,0.99,73.0
2026-09-05,wk inc covid hosp,2,2026-09-19,17,quantile,0.01,8.0
2026-09-05,wk inc covid hosp,2,2026-09-19,17,quantile,0.025,13.0
2026-09-05,wk inc covid hosp,2,2026-09-19,17,quantile,0.05,18.0
2026-09-05,wk inc covid hosp,2,2026-09-19,17,quantile,0.1,28.0
2026-09-05,wk inc covid hosp,2,2026-09-19,17,quantile,0.15,34.0
2026-09-05,wk inc covid hosp,2,2026-09-19,17,quantile,0.2,39.0
2026-09-05,wk inc covid hosp,2,2026-09-19,17,quantile,0.25,44.0
2026-09-05,wk inc covid hosp,2,2026-09-19,17,quantile,0.3,48.0
2026-09-05,wk inc covid hosp,2,2026-09-19,17,quantile,0.35,51.0
2026-09-05,wk inc covid hosp,2,2026-09-19,17,quantile,0.4,55.0
2026-09-05,wk inc covid hosp,2,2026-09-19,17,quantile,0.45,58.0
2026-09-05,wk inc covid hosp,2,2026-09-19,17,quantile,0.5,62.0
2026-09-05,wk inc covid hosp,2,2026-09-19,17,quantile,0.55,65.0
2026-09-05,wk inc covid hosp,2,2026-09-19,17,quantile,0.6,68.0
2026-09-05,wk inc covid hosp,2,2026-09-19,17,quantile,0.65,72.0
2026-09-05,wk inc covid hosp,2,2026-09-19,17,quantile,0.7,75.0
2026-09-05,wk inc covid hosp,2,2026-09-19,17,quantile,0.75,79.0
2026-09-05,wk inc covid hosp,2,2026-09-19,17,quantile,0.8,84.0
2026-09-05,wk inc covid hosp,2,2026-09-19,17,quantile,0.85,89.0
2026-09-05,wk inc covid hosp,2,2026-09-19,17,quantile,0.9,95.0
2026-09-05,wk inc covid hosp,2,2026-09-19,17,quantile,0.95,105.0
2026-09-05,wk inc covid hosp,2,2026-09-19,17,quantile,0.975,113.0
2026-09-05,wk inc covid hosp,2,2026-09-19,17,quantile,0.99,123.0
2026-09-05,wk inc covid hosp,2,2026-09-19,18,quantile,0.01,4.0
2026-09-05,wk inc covid hosp,2,2026-09-19,18,quantile,0.025,7.0
2026-09-05,wk inc covid hosp,2,2026-09-19,18,quantile,0.05,10.0
2026-09-05,wk inc covid hosp,2,2026-09-19,18,quantile,0.1,13.0
2026-09-05,wk inc covid hosp,2,2026-09-19,18,quantile,0.15,16.0
2026-09-05,wk inc covid hosp,2,2026-09-19,18,quantile,0.2,19.0
2026-09-05,wk inc covid hosp,2,2026-09-19,18,quantile,0.25,21.0
2026-09-05,wk inc covid hosp,2,2026-09-19,18,quantile,0.3,23.0
2026-09-05,wk inc covid hosp,2,2026-09-19,18,quantile,0.35,25.0
2026-09-05,wk inc covid hosp,2,2026-09-19,18,quantile,0.4,27.0
2026-09-05,wk inc covid hosp,2,2026-09-19,18,quantile,0.45,29.0
2026-09-05,wk inc covid hosp,2,2026-09-19,18,quantile,0.5,30.0
2026-09-05,wk inc covid hosp,2,2026-09-19,18,quantile,0.55,32.0
2026-09-05,wk inc covid hosp,2,2026-09-19,18,quantile,0.6,34.0
2026-09-05,wk inc covid hosp,2,2026-09-19,18,quantile,0.65,36.0
2026-09-05,wk inc covid hosp,2,2026-09-19,18,quantile,0.7,38.0
2026-09-05,wk inc covid hosp,2,2026-09-19,18,quantile,0.75,40.0
2026-09-05,wk inc covid hosp,2,2026-09-19,18,quantile,0.8,42.0
2026-09-05,wk inc covid hosp,2,2026-09-19,18,quantile,0.85,45.0
2026-09-05,wk inc covid hosp,2,2026-09-19,18,quantile,0.9,48.0
2026-09-05,wk inc covid hosp,2,2026-09-19,18,quantile,0.95,53.0
2026-09-05,wk inc covid hosp,2,2026-09-19,18,quantile,0.975,57.0
2026-09-05,wk inc covid hosp,2,2026-09-19,18,quantile,0.99,63.0
2026-09-05,wk inc covid hosp,2,2026-09-19,19,quantile,0.01,2.0
2026-09-05,wk inc covid hosp,2,2026-09-19,19,quantile,0.025,3.0
2026-09-05,wk inc covid hosp,2,2026-09-19,19,quantile,0.05,4.0
2026-09-05,wk inc covid hosp,2,2026-09-19,19,quantile,0.1,5.0
2026-09-05,wk inc covid hosp,2,2026-09-19,19,quantile,0.15,7.0
2026-09-05,wk inc covid hosp,2,2026-09-19,19,quantile,0.2,8.0
2026-09-05,wk inc covid hosp,2,2026-09-19,19,quantile,0.25,9.0
2026-09-05,wk inc covid hosp,2,2026-09-19,19,quantile,0.3,10.0
2026-09-05,wk inc covid hosp,2,2026-09-19,19,quantile,0.35,11.0
2026-09-05,wk inc covid hosp,2,2026-09-19,19,quantile,0.4,12.0
2026-09-05,wk inc covid hosp,2,2026-09-19,19,quantile,0.45,13.0
2026-09-05,wk inc covid hosp,2,2026-09-19,19,quantile,0.5,13.0
2026-09-05,wk inc covid hosp,2,2026-09-19,19,quantile,0.55,14.0
2026-09-05,wk inc covid hosp,2,2026-09-19,19,quantile,0.6,15.0
2026-09-05,wk inc covid hosp,2,2026-09-19,19,quantile,0.65,16.0
2026-09-05,wk inc covid hosp,2,2026-09-19,19,quantile,0.7,17.0
2026-09-05,wk inc covid hosp,2,2026-09-19,19,quantile,0.75,18.0
2026-09-05,wk inc covid hosp,2,2026-09-19,19,quantile,0.8,19.0
2026-09-05,wk inc covid hosp,2,2026-09-19,19,quantile,0.85,20.0
2026-09-05,wk inc covid hosp,2,2026-09-19,19,quantile,0.9,22.0
2026-09-05,wk inc covid hosp,2,2026-09-19,19,quantile,0.95,24.0
2026-09-05,wk inc covid hosp,2,2026-09-19,19,quantile,0.975,27.0
2026-09-05,wk inc covid hosp,2,2026-09-19,19,quantile,0.99,29.0
2026-09-05,wk inc covid hosp,2,2026-09-19,20,quantile,0.01,2.0
2026-09-05,wk inc covid hosp,2,2026-09-19,20,quantile,0.025,3.0
2026-09-05,wk inc covid hosp,2,2026-09-19,20,quantile,0.05,4.0
2026-09-05,wk inc covid hosp,2,2026-09-19,20,quantile,0.1,5.0
2026-09-05,wk inc covid hosp,2,2026-09-19,20,quantile,0.15,6.0
2026-09-05,wk inc covid hosp,2,2026-09-19,20,quantile,0.2,7.0
2026-09-05,wk inc covid hosp,2,2026-09-19,20,quantile,0.25,7.0
2026-09-05,wk inc covid hosp,2,2026-09-19,20,quantile,0.3,9.0
2026-09-05,wk inc covid hosp,2,2026-09-19,20,quantile,0.35,10.0
2026-09-05,wk inc covid hosp,2,2026-09-19,20,quantile,0.4,11.0
2026-09-05,wk inc covid hosp,2,2026-09-19,20,quantile,0.45,13.0
2026-09-05,wk inc covid hosp,2,2026-09-19,20,quantile,0.5,14.0
2026-09-05,wk inc covid hosp,2,2026-09-19,20,quantile,0.55,15.0
2026-09-05,wk inc covid hosp,2,2026-09-19,20,quantile,0.6,16.0
2026-09-05,wk inc covid hosp,2,2026-09-19,20,quantile,0.65,18.0
2026-09-05,wk inc covid hosp,2,2026-09-19,20,quantile,0.7,19.0
2026-09-05,wk inc covid hosp,2,2026-09-19,20,quantile,0.75,20.0
2026-09-05,wk inc covid hosp,2,2026-09-19,20,quantile,0.8,22.0
2026-09-05,wk inc covid hosp,2,2026-09-19,20,quantile,0.85,24.0
2026-09-05,wk inc covid hosp,2,2026-09-19,20,quantile,0.9,26.0
2026-09-05,wk inc covid hosp,2,2026-09-19,20,quantile,0.95,30.0
2026-09-05,wk inc covid hosp,2,2026-09-19,20,quantile,0.975,33.0
2026-09-05,wk inc covid hosp,2,2026-09-19,20,quantile,0.99,36.0
2026-09-05,wk inc covid hosp,2,2026-09-19,21,quantile,0.01,6.0
2026-09-05,wk inc covid hosp,2,2026-09-19,21,quantile,0.025,10.0
2026-09-05,wk inc covid hosp,2,2026-09-19,21,quantile,0.05,13.0
2026-09-05,wk inc covid hosp,2,2026-09-19,21,quantile,0.1,17.0
2026-09-05,wk inc covid hosp,2,2026-09-19,21,quantile,0.15,21.0
2026-09-05,wk inc covid hosp,2,2026-09-19,21,quantile,0.2,24.0
2026-09-05,wk inc covid hosp,2,2026-09-19,21,quantile,0.25,26.0
2026-09-05,wk inc covid hosp,2,2026-09-19,21,quantile,0.3,29.0
2026-09-05,wk inc covid hosp,2,2026-09-19,21,quantile,0.35,31.0
2026-09-05,wk inc covid hosp,2,2026-09-19,21,quantile,0.4,33.0
2026-09-05,wk inc covid hosp,2,2026-09-19,21,quantile,0.45,35.0
2026-09-05,wk inc covid hosp,2,2026-09-19,21,quantile,0.5,36.0
2026-09-05,wk inc covid hosp,2,2026-09-19,21,quantile,0.55,38.0
2026-09-05,wk inc covid hosp,2,2026-09-19,21,quantile,0.6,40.0
2026-09-05,wk inc covid hosp,2,2026-09-19,21,quantile,0.65,42.0
2026-09-05,wk inc covid hosp,2,2026-09-19,21,quantile,0.7,44.0
2026-09-05,wk inc covid hosp,2,2026-09-19,21,quantile,0.75,46.0
2026-09-05,wk inc covid hosp,2,2026-09-19,21,quantile,0.8,49.0
2026-09-05,wk inc covid hosp,2,2026-09-19,21,quantile,0.85,52.0
2026-09-05,wk inc covid hosp,2,2026-09-19,21,quantile,0.9,55.0
2026-09-05,wk inc covid hosp,2,2026-09-19,21,quantile,0.95,61.0
2026-09-05,wk inc covid hosp,2,2026-09-19,21,quantile,0.975,65.0
2026-09-05,wk inc covid hosp,2,2026-09-19,21,quantile,0.99,71.0
2026-09-05,wk inc covid hosp,2,2026-09-19,22,quantile,0.01,5.0
2026-09-05,wk inc covid hosp,2,2026-09-19,22,quantile,0.025,9.0
2026-09-05,wk inc covid hosp,2,2026-09-19,22,quantile,0.05,12.0
2026-09-05,wk inc covid hosp,2,2026-09-19,22,quantile,0.1,19.0
2026-09-05,wk inc covid hosp,2,2026-09-19,22,quantile,0.15,29.0
2026-09-05,wk inc covid hosp,2,2026-09-19,22,quantile,0.2,36.0
2026-09-05,wk inc covid hosp,2,2026-09-19,22,quantile,0.25,43.0
2026-09-05,wk inc covid hosp,2,2026-09-19,22,quantile,0.3,49.0
2026-09-05,wk inc covid hosp,2,2026-09-19,22,quantile,0.35,54.0
2026-09-05,wk inc covid hosp,2,2026-09-19,22,quantile,0.4,59.0
2026-09-05,wk inc covid hosp,2,2026-09-19,22,quantile,0.45,64.0
2026-09-05,wk inc covid hosp,2,2026-09-19,22,quantile,0.5,69.0
2026-09-05,wk inc covid hosp,2,2026-09-19,22,quantile,0.55,74.0
2026-09-05,wk inc covid hosp,2,2026-09-19,22,quantile,0.6,79.0
2026-09-05,wk inc covid hosp,2,2026-09-19,22,quantile,0.65,84.0
2026-09-05,wk inc covid hosp,2,2026-09-19,22,quantile,0.7,89.0
2026-09-05,wk inc covid hosp,2,2026-09-19,22,quantile,0.75,95.0
2026-09-05,wk inc covid hosp,2,2026-09-19,22,quantile,0.8,102.0
2026-09-05,wk inc covid hosp,2,2026-09-19,22,quantile,0.85,109.0
2026-09-05,wk inc covid hosp,2,2026-09-19,22,quantile,0.9,119.0
2026-09-05,wk inc covid hosp,2,2026-09-19,22,quantile,0.95,133.0
2026-09-05,wk inc covid hosp,2,2026-09-19,22,quantile,0.975,145.0
2026-09-05,wk inc covid hosp,2,2026-09-19,22,quantile,0.99,159.0
2026-09-05,wk inc covid hosp,2,2026-09-19,23,quantile,0.01,1.0
2026-09-05,wk inc covid hosp,2,2026-09-19,23,quantile,0.025,1.0
2026-09-05,wk inc covid hosp,2,2026-09-19,23,quantile,0.05,1.0
2026-09-05,wk inc covid hosp,2,2026-09-19,23,quantile,0.1,2.0
2026-09-05,wk inc covid hosp,2,2026-09-19,23,quantile,0.15,2.0
2026-09-05,wk inc covid hosp,2,2026-09-19,23,quantile,0.2,2.0
2026-09-05,wk inc covid hosp,2,2026-09-19,23,quantile,0.25,3.0
2026-09-05,wk inc covid hosp,2,2026-09-19,23,quantile,0.3,3.0
2026-09-05,wk inc covid hosp,2,2026-09-19,23,quantile,0.35,3.0
2026-09-05,wk inc covid hosp,2,2026-09-19,23,quantile,0.4,3.0
2026-09-05,wk inc covid hosp,2,2026-09-19,23,quantile,0.45,3.0
2026-09-05,wk inc covid hosp,2,2026-09-19,23,quantile,0.5,4.0
2026-09-05,wk inc covid hosp,2,2026-09-19,23,quantile,0.55,4.0
2026-09-05,wk inc covid hosp,2,2026-09-19,23,quantile,0.6,4.0
2026-09-05,wk inc covid hosp,2,2026-09-19,23,quantile,0.65,5.0
2026-09-05,wk inc covid hosp,2,2026-09-19,23,quantile,0.7,5.0
2026-09-05,wk inc covid hosp,2,2026-09-19,23,quantile,0.75,6.0
2026-09-05,wk inc covid hosp,2,2026-09-19,23,quantile,0.8,6.0
2026-09-05,wk inc covid hosp,2,2026-09-19,23,quantile,0.85,7.0
2026-09-05,wk inc covid hosp,2,2026-09-19,23,quantile,0.9,7.0
2026-09-05,wk inc covid hosp,2,2026-09-19,23,quantile,0.95,8.0
2026-09-05,wk inc covid hosp,2,2026-09-19,23,quantile,0.975,9.0
2026-09-05,wk inc covid hosp,2,2026-09-19,23,quantile,0.99,10.0
2026-09-05,wk inc covid hosp,2,2026-09-19,24,quantile,0.01,3.0
2026-09-05,wk inc covid hosp,2,2026-09-19,24,quantile,0.025,5.0
2026-09-05,wk inc covid hosp,2,2026-09-19,24,quantile,0.05,7.0
2026-09-05,wk inc covid hosp,2,2026-09-19,24,quantile,0.1,9.0
2026-09-05,wk inc covid hosp,2,2026-09-19,24,quantile,0.15,11.0
2026-09-05,wk inc covid hosp,2,2026-09-19,24,quantile,0.2,12.0
2026-09-05,wk inc covid hosp,2,2026-09-19,24,quantile,0.25,13.0
2026-09-05,wk inc covid hosp,2,2026-09-19,24,quantile,0.3,15.0
2026-09-05,wk inc covid hosp,2,2026-09-19,24,quantile,0.35,16.0
2026-09-05,wk inc covid hosp,2,2026-09-19,24,quantile,0.4,18.0
2026-09-05,wk inc covid hosp,2,2026-09-19,24,quantile,0.45,19.0
2026-09-05,wk inc covid hosp,2,2026-09-19,24,quantile,0.5,20.0
2026-09-05,wk inc covid hosp,2,2026-09-19,24,quantile,0.55,22.0
2026-09-05,wk inc covid hosp,2,2026-09-19,24,quantile,0.6,23.0
2026-09-05,wk inc covid hosp,2,2026-09-19,24,quantile,0.65,25.0
2026-09-05,wk inc covid hosp,2,2026-09-19,24,quantile,0.7,26.0
2026-09-05,wk inc covid hosp,2,2026-09-19,24,quantile,0.75,28.0
2026-09-05,wk inc covid hosp,2,2026-09-19,24,quantile,0.8,30.0
2026-09-05,wk inc covid hosp,2,2026-09-19,24,quantile,0.85,32.0
2026-09-05,wk inc covid hosp,2,2026-09-19,24,quantile,0.9,34.0
2026-09-05,wk inc covid hosp,2,2026-09-19,24,quantile,0.95,38.0
2026-09-05,wk inc covid hosp,2,2026-09-19,24,quantile,0.975,42.0
2026-09-05,wk inc covid hosp,2,2026-09-19,24,quantile,0.99,46.0
2026-09-05,wk inc covid hosp,2,2026-09-19,25,quantile,0.01,4.0
2026-09-05,wk inc covid hosp,2,2026-09-19,25,quantile,0.025,6.0
2026-09-05,wk inc covid hosp,2,2026-09-19,25,quantile,0.05,9.0
2026-09-05,wk inc covid hosp,2,2026-09-19,25,quantile,0.1,14.0
2026-09-05,wk inc covid hosp,2,2026-09-19,25,quantile,0.15,19.0
2026-09-05,wk inc covid hosp,2,2026-09-19,25,quantile,0.2,22.0
2026-09-05,wk inc covid hosp,2,2026-09-19,25,quantile,0.25,26.0
2026-09-05,wk inc covid hosp,2,2026-09-19,25,quantile,0.3,29.0
2026-09-05,wk inc covid hosp,2,2026-09-19,25,quantile,0.35,31.0
2026-09-05,wk inc covid hosp,2,2026-09-19,25,quantile,0.4,34.0
2026-09-05,wk inc covid hosp,2,2026-09-19,25,quantile,0.45,36.0
2026-09-05,wk inc covid hosp,2,2026-09-19,25,quantile,0.5,39.0
2026-09-05,wk inc covid hosp,2,2026-09-19,25,quantile,0.55,41.0
2026-09-05,wk inc covid hosp,2,2026-09-19,25,quantile,0.6,44.0
2026-09-05,wk inc covid hosp,2,2026-09-19,25,quantile,0.65,46.0
2026-09-05,wk inc covid hosp,2,2026-09-19,25,quantile,0.7,49.0
2026-09-05,wk inc covid hosp,2,2026-09-19,25,quantile,0.75,52.0
2026-09-05,wk inc covid hosp,2,2026-09-19,25,quantile,0.8,55.0
2026-09-05,wk inc covid hosp,2,2026-09-19,25,quantile,0.85,59.0
2026-09-05,wk inc covid hosp,2,2026-09-19,25,quantile,0.9,64.0
2026-09-05,wk inc covid hosp,2,2026-09-19,25,quantile,0.95,71.0
2026-09-05,wk inc covid hosp,2,2026-09-19,25,quantile,0.975,77.0
2026-09-05,wk inc covid hosp,2,2026-09-19,25,quantile,0.99,84.0
2026-09-05,wk inc covid hosp,2,2026-09-19,26,quantile,0.01,6.0
2026-09-05,wk inc covid hosp,2,2026-09-19,26,quantile,0.025,10.0
2026-09-05,wk inc covid hosp,2,2026-09-19,26,quantile,0.05,14.0
2026-09-05,wk inc covid hosp,2,2026-09-19,26,quantile,0.1,18.0
2026-09-05,wk inc covid hosp,2,2026-09-19,26,quantile,0.15,21.0
2026-09-05,wk inc covid hosp,2,2026-09-19,26,quantile,0.2,23.0
2026-09-05,wk inc covid hosp,2,2026-09-19,26,quantile,0.25,26.0
2026-09-05,wk inc covid hosp,2,2026-09-19,26,quantile,0.3,30.0
2026-09-05,wk inc covid hosp,2,2026-09-19,26,quantile,0.35,34.0
2026-09-05,wk inc covid hosp,2,2026-09-19,26,quantile,0.4,38.0
2026-09-05,wk inc covid hosp,2,2026-09-19,26,quantile,0.45,41.0
2026-09-05,wk inc covid hosp,2,2026-09-19,26,quantile,0.5,44.0
2026-09-05,wk inc covid hosp,2,2026-09-19,26,quantile,0.55,48.0
2026-09-05,wk inc covid hosp,2,2026-09-19,26,quantile,0.6,51.0
2026-09-05,wk inc covid hosp,2,2026-09-19,26,quantile,0.65,55.0
2026-09-05,wk inc covid hosp,2,2026-09-19,26,quantile,0.7,58.0
2026-09-05,wk inc covid hosp,2,2026-09-19,26,quantile,0.75,62.0
2026-09-05,wk inc covid hosp,2,2026-09-19,26,quantile,0.8,67.0
2026-09-05,wk inc covid hosp,2,2026-09-19,26,quantile,0.85,72.0
2026-09-05,wk inc covid hosp,2,2026-09-19,26,quantile,0.9,78.0
2026-09-05,wk inc covid hosp,2,2026-09-19,26,quantile,0.95,88.0
2026-09-05,wk inc covid hosp,2,2026-09-19,26,quantile,0.975,97.0
2026-09-05,wk inc covid hosp,2,2026-09-19,26,quantile,0.99,106.0
2026-09-05,wk inc covid hosp,2,2026-09-19,27,quantile,0.01,3.0
2026-09-05,wk inc covid hosp,2,2026-09-19,27,quantile,0.025,5.0
2026-09-05,wk inc covid hosp,2,2026-09-19,27,quantile,0.05,7.0
2026-09-05,wk inc covid hosp,2,2026-09-19,27,quantile,0.1,9.0
2026-09-05,wk inc covid hosp,2,2026-09-19,27,quantile,0.15,11.0
2026-09-05,wk inc covid hosp,2,2026-09-19,27,quantile,0.2,14.0
2026-09-05,wk inc covid hosp,2,2026-09-19,27,quantile,0.25,16.0
2026-09-05,wk inc covid hosp,2,2026-09-19,27,quantile,0.3,18.0
2026-09-05,wk inc covid hosp,2,2026-09-19,27,quantile,0.35,20.0
2026-09-05,wk inc covid hosp,2,2026-09-19,27,quantile,0.4,22.0
2026-09-05,wk inc covid hosp,2,2026-09-19,27,quantile,0.45,24.0
2026-09-05,wk inc covid hosp,2,2026-09-19,27,quantile,0.5,25.0
2026-09-05,wk inc covid hosp,2,2026-09-19,27,quantile,0.55,27.0
2026-09-05,wk inc covid hosp,2,2026-09-19,27,quantile,0.6,29.0
2026-09-05,wk inc covid hosp,2,2026-09-19,27,quantile,0.65,31.0
2026-09-05,wk inc covid hosp,2,2026-09-19,27,quantile,0.7,33.0
2026-09-05,wk inc covid hosp,2,2026-09-19,27,quantile,0.75,35.0
2026-09-05,wk inc covid hosp,2,2026-09-19,27,quantile,0.8,37.0
2026-09-05,wk inc covid hosp,2,2026-09-19,27,quantile,0.85,40.0
2026-09-05,wk inc covid hosp,2,2026-09-19,27,quantile,0.9,43.0
2026-09-05,wk inc covid hosp,2,2026-09-19,27,quantile,0.95,48.0
2026-09-05,wk inc covid hosp,2,2026-09-19,27,quantile,0.975,53.0
2026-09-05,wk inc covid hosp,2,2026-09-19,27,quantile,0.99,58.0
2026-09-05,wk inc covid hosp,2,2026-09-19,28,quantile,0.01,4.0
2026-09-05,wk inc covid hosp,2,2026-09-19,28,quantile,0.025,6.0
2026-09-05,wk inc covid hosp,2,2026-09-19,28,quantile,0.05,8.0
2026-09-05,wk inc covid hosp,2,2026-09-19,28,quantile,0.1,13.0
2026-09-05,wk inc covid hosp,2,2026-09-19,28,quantile,0.15,17.0
2026-09-05,wk inc covid hosp,2,2026-09-19,28,quantile,0.2,20.0
2026-09-05,wk inc covid hosp,2,2026-09-19,28,quantile,0.25,22.0
2026-09-05,wk inc covid hosp,2,2026-09-19,28,quantile,0.3,24.0
2026-09-05,wk inc covid hosp,2,2026-09-19,28,quantile,0.35,26.0
2026-09-05,wk inc covid hosp,2,2026-09-19,28,quantile,0.4,28.0
2026-09-05,wk inc covid hosp,2,2026-09-19,28,quantile,0.45,30.0
2026-09-05,wk inc covid hosp,2,2026-09-19,28,quantile,0.5,31.0
2026-09-05,wk inc covid hosp,2,2026-09-19,28,quantile,0.55,33.0
2026-09-05,wk inc covid hosp,2,2026-09-19,28,quantile,0.6,35.0
2026-09-05,wk inc covid hosp,2,2026-09-19,28,quantile,0.65,37.0
2026-09-05,wk inc covid hosp,2,2026-09-19,28,quantile,0.7,39.0
2026-09-05,wk inc covid hosp,2,2026-09-19,28,quantile,0.75,41.0
2026-09-05,wk inc covid hosp,2,2026-09-19,28,quantile,0.8,43.0
2026-09-05,wk inc covid hosp,2,2026-09-19,28,quantile,0.85,46.0
2026-09-05,wk inc covid hosp,2,2026-09-19,28,quantile,0.9,49.0
2026-09-05,wk inc covid hosp,2,2026-09-19,28,quantile,0.95,55.0
2026-09-05,wk inc covid hosp,2,2026-09-19,28,quantile,0.975,59.0
2026-09-05,wk inc covid hosp,2,2026-09-19,28,quantile,0.99,64.0
2026-09-05,wk inc covid hosp,2,2026-09-19,29,quantile,0.01,4.0
2026-09-05,wk inc covid hosp,2,2026-09-19,29,quantile,0.025,6.0
2026-09-05,wk inc covid hosp,2,2026-09-19,29,quantile,0.05,8.0
2026-09-05,wk inc covid hosp,2,2026-09-19,29,quantile,0.1,11.0
2026-09-05,wk inc covid hosp,2,2026-09-19,29,quantile,0.15,14.0
2026-09-05,wk inc covid hosp,2,2026-09-19,29,quantile,0.2,19.0
2026-09-05,wk inc covid hosp,2,2026-09-19,29,quantile,0.25,23.0
2026-09-05,wk inc covid hosp,2,2026-09-19,29,quantile,0.3,26.0
2026-09-05,wk inc covid hosp,2,2026-09-19,29,quantile,0.35,30.0
2026-09-05,wk inc covid hosp,2,2026-09-19,29,quantile,0.4,33.0
2026-09-05,wk inc covid hosp,2,2026-09-19,29,quantile,0.45,36.0
2026-09-05,wk inc covid hosp,2,2026-09-19,29,quantile,0.5,39.0
2026-09-05,wk inc covid hosp,2,2026-09-19,29,quantile,0.55,42.0
2026-09-05,wk inc covid hosp,2,2026-09-19,29,quantile,0.6,45.0
2026-09-05,wk inc covid hosp,2,2026-09-19,29,quantile,0.65,48.0
2026-09-05,wk inc covid hosp,2,2026-09-19,29,quantile,0.7,51.0
2026-09-05,wk inc covid hosp,2,2026-09-19,29,quantile,0.75,55.0
2026-09-05,wk inc covid hosp,2,2026-09-19,29,quantile,0.8,59.0
2026-09-05,wk inc covid hosp,2,2026-09-19,29,quantile,0.85,64.0
2026-09-05,wk inc covid hosp,2,2026-09-19,29,quantile,0.9,69.0
2026-09-05,wk inc covid hosp,2,2026-09-19,29,quantile,0.95,78.0
2026-09-05,wk inc covid hosp,2,2026-09-19,29,quantile,0.975,86.0
2026-09-05,wk inc covid hosp,2,2026-09-19,29,quantile,0.99,94.0
2026-09-05,wk inc covid hosp,2,2026-09-19,30,quantile,0.01,1.0
2026-09-05,wk inc covid hosp,2,2026-09-19,30,quantile,0.025,1.0
2026-09-05,wk inc covid hosp,2,2026-09-19,30,quantile,0.05,1.0
2026-09-05,wk inc covid hosp,2,2026-09-19,30,quantile,0.1,2.0
2026-09-05,wk inc covid hosp,2,2026-09-19,30,quantile,0.15,2.0
2026-09-05,wk inc covid hosp,2,2026-09-19,30,quantile,0.2,3.0
2026-09-05,wk inc covid hosp,2,2026-09-19,30,quantile,0.25,3.0
2026-09-05,wk inc covid hosp,2,2026-09-19,30,quantile,0.3,3.0
2026-09-05,wk inc covid hosp,2,2026-09-19,30,quantile,0.35,3.0
2026-09-05,wk inc covid hosp,2,2026-09-19,30,quantile,0.4,3.0
2026-09-05,wk inc covid hosp,2,2026-09-19,30,quantile,0.45,4.0
2026-09-05,wk inc covid hosp,2,2026-09-19,30,quantile,0.5,6.0
2026-09-05,wk inc covid hosp,2,2026-09-19,30,quantile,0.55,7.0
2026-09-05,wk inc covid hosp,2,2026-09-19,30,quantile,0.6,9.0
2026-09-05,wk inc covid hosp,2,2026-09-19,30,quantile,0.65,10.0
2026-09-05,wk inc covid hosp,2,2026-09-19,30,quantile,0.7,12.0
2026-09-05,wk inc covid hosp,2,2026-09-19,30,quantile,0.75,14.0
2026-09-05,wk inc covid hosp,2,2026-09-19,30,quantile,0.8,16.0
2026-09-05,wk inc covid hosp,2,2026-09-19,30,quantile,0.85,18.0
2026-09-05,wk inc covid hosp,2,2026-09-19,30,quantile,0.9,21.0
2026-09-05,wk inc covid hosp,2,2026-09-19,30,quantile,0.95,25.0
2026-09-05,wk inc covid hosp,2,2026-09-19,30,quantile,0.975,29.0
2026-09-05,wk inc covid hosp,2,2026-09-19,30,quantile,0.99,33.0
2026-09-05,wk inc covid hosp,2,2026-09-19,31,quantile,0.01,1.0
2026-09-05,wk inc covid hosp,2,2026-09-19,31,quantile,0.025,2.0
2026-09-05,wk inc covid hosp,2,2026-09-19,31,quantile,0.05,2.0
2026-09-05,wk inc covid hosp,2,2026-09-19,31,quantile,0.1,3.0
2026-09-05,wk inc covid hosp,2,2026-09-19,31,quantile,0.15,4.0
2026-09-05,wk inc covid hosp,2,2026-09-19,31,quantile,0.2,4.0
2026-09-05,wk inc covid hosp,2,2026-09-19,31,quantile,0.25,5.0
2026-09-05,wk inc covid hosp,2,2026-09-19,31,quantile,0.3,6.0
2026-09-05,wk inc covid hosp,2,2026-09-19,31,quantile,0.35,7.0
2026-09-05,wk inc covid hosp,2,2026-09-19,31,quantile,0.4,8.0
2026-09-05,wk inc covid hosp,2,2026-09-19,31,quantile,0.45,9.0
2026-09-05,wk inc covid hosp,2,2026-09-19,31,quantile,0.5,10.0
2026-09-05,wk inc covid hosp,2,2026-09-19,31,quantile,0.55,11.0
2026-09-05,wk inc covid hosp,2,2026-09-19,31,quantile,0.6,13.0
2026-09-05,wk inc covid hosp,2,2026-09-19,31,quantile,0.65,14.0
2026-09-05,wk inc covid hosp,2,2026-09-19,31,quantile,0.7,15.0
2026-09-05,wk inc covid hosp,2,2026-09-19,31,quantile,0.75,16.0
2026-09-05,wk inc covid hosp,2,2026-09-19,31,quantile,0.8,18.0
2026-09-05,wk inc covid hosp,2,2026-09-19,31,quantile,0.85,19.0
2026-09-05,wk inc covid hosp,2,2026-09-19,31,quantile,0.9,21.0
2026-09-05,wk inc covid hosp,2,2026-09-19,31,quantile,0.95,25.0
2026-09-05,wk inc covid hosp,2,2026-09-19,31,quantile,0.975,27.0
2026-09-05,wk inc covid hosp,2,2026-09-19,31,quantile,0.99,31.0
2026-09-05,wk inc covid hosp,2,2026-09-19,32,quantile,0.01,3.0
2026-09-05,wk inc covid hosp,2,2026-09-19,32,quantile,0.025,5.0
2026-09-05,wk inc covid hosp,2,2026-09-19,32,quantile,0.05,6.0
2026-09-05,wk inc covid hosp,2,2026-09-19,32,quantile,0.1,8.0
2026-09-05,wk inc covid hosp,2,2026-09-19,32,quantile,0.15,9.0
2026-09-05,wk inc covid hosp,2,2026-09-19,32,quantile,0.2,10.0
2026-09-05,wk inc covid hosp,2,2026-09-19,32,quantile,0.25,12.0
2026-09-05,wk inc covid hosp,2,2026-09-19,32,quantile,0.3,14.0
2026-09-05,wk inc covid hosp,2,2026-09-19,32,quantile,0.35,15.0
2026-09-05,wk inc covid hosp,2,2026-09-19,32,quantile,0.4,17.0
2026-09-05,wk inc covid hosp,2,2026-09-19,32,quantile,0.45,18.0
2026-09-05,wk inc covid hosp,2,2026-09-19,32,quantile,0.5,20.0
2026-09-05,wk inc covid hosp,2,2026-09-19,32,quantile,0.55,21.0
2026-09-05,wk inc covid hosp,2,2026-09-19,32,quantile,0.6,23.0
2026-09-05,wk inc covid hosp,2,2026-09-19,32,quantile,0.65,24.0
2026-09-05,wk inc covid hosp,2,2026-09-19,32,quantile,0.7,26.0
2026-09-05,wk inc covid hosp,2,2026-09-19,32,quantile,0.75,28.0
2026-09-05,wk inc covid hosp,2,2026-09-19,32,quantile,0.8,30.0
2026-09-05,wk inc covid hosp,2,2026-09-19,32,quantile,0.85,32.0
2026-09-05,wk inc covid hosp,2,2026-09-19,32,quantile,0.9,35.0
2026-09-05,wk inc covid hosp,2,2026-09-19,32,quantile,0.95,39.0
2026-09-05,wk inc covid hosp,2,2026-09-19,32,quantile,0.975,42.0
2026-09-05,wk inc covid hosp,2,2026-09-19,32,quantile,0.99,47.0
2026-09-05,wk inc covid hosp,2,2026-09-19,33,quantile,0.01,1.0
2026-09-05,wk inc covid hosp,2,2026-09-19,33,quantile,0.025,1.0
2026-09-05,wk inc covid hosp,2,2026-09-19,33,quantile,0.05,2.0
2026-09-05,wk inc covid hosp,2,2026-09-19,33,quantile,0.1,2.0
2026-09-05,wk inc covid hosp,2,2026-09-19,33,quantile,0.15,3.0
2026-09-05,wk inc covid hosp,2,2026-09-19,33,quantile,0.2,3.0
2026-09-05,wk inc covid hosp,2,2026-09-19,33,quantile,0.25,4.0
2026-09-05,wk inc covid hosp,2,2026-09-19,33,quantile,0.3,4.0
2026-09-05,wk inc covid hosp,2,2026-09-19,33,quantile,0.35,4.0
2026-09-05,wk inc covid hosp,2,2026-09-19,33,quantile,0.4,5.0
2026-09-05,wk inc covid hosp,2,2026-09-19,33,quantile,0.45,6.0
2026-09-05,wk inc covid hosp,2,2026-09-19,33,quantile,0.5,6.0
2026-09-05,wk inc covid hosp,2,2026-09-19,33,quantile,0.55,7.0
2026-09-05,wk inc covid hosp,2,2026-09-19,33,quantile,0.6,8.0
2026-09-05,wk inc covid hosp,2,2026-09-19,33,quantile,0.65,8.0
2026-09-05,wk inc covid hosp,2,2026-09-19,33,quantile,0.7,9.0
2026-09-05,wk inc covid hosp,2,2026-09-19,33,quantile,0.75,10.0
2026-09-05,wk inc covid hosp,2,2026-09-19,33,quantile,0.8,10.0
2026-09-05,wk inc covid hosp,2,2026-09-19,33,quantile,0.85,11.0
2026-09-05,wk inc covid hosp,2,2026-09-19,33,quantile,0.9,13.0
2026-09-05,wk inc covid hosp,2,2026-09-19,33,quantile,0.95,15.0
2026-09-05,wk inc covid hosp,2,2026-09-19,33,quantile,0.975,16.0
2026-09-05,wk inc covid hosp,2,2026-09-19,33,quantile,0.99,18.0
2026-09-05,wk inc covid hosp,2,2026-09-19,34,quantile,0.01,13.0
2026-09-05,wk inc covid hosp,2,2026-09-19,34,quantile,0.025,24.0
2026-09-05,wk inc covid hosp,2,2026-09-19,34,quantile,0.05,37.0
2026-09-05,wk inc covid hosp,2,2026-09-19,34,quantile,0.1,52.0
2026-09-05,wk inc covid hosp,2,2026-09-19,34,quantile,0.15,63.0
2026-09-05,wk inc covid hosp,2,2026-09-19,34,quantile,0.2,71.0
2026-09-05,wk inc covid hosp,2,2026-09-19,34,quantile,0.25,78.0
2026-09-05,wk inc covid hosp,2,2026-09-19,34,quantile,0.3,85.0
2026-09-05,wk inc covid hosp,2,2026-09-19,34,quantile,0.35,91.0
2026-09-05,wk inc covid hosp,2,2026-09-19,34,quantile,0.4,96.0
2026-09-05,wk inc covid hosp,2,2026-09-19,34,quantile,0.45,102.0
2026-09-05,wk inc covid hosp,2,2026-09-19,34,quantile,0.5,107.0
2026-09-05,wk inc covid hosp,2,2026-09-19,34,quantile,0.55,112.0
2026-09-05,wk inc covid hosp,2,2026-09-19,34,quantile,0.6,118.0
2026-09-05,wk inc covid hosp,2,2026-09-19,34,quantile,0.65,123.0
2026-09-05,wk inc covid hosp,2,2026-09-19,34,quantile,0.7,129.0
2026-09-05,wk inc covid hosp,2,2026-09-19,34,quantile,0.75,136.0
2026-09-05,wk inc covid hosp,2,2026-09-19,34,quantile,0.8,143.0
2026-09-05,wk inc covid hosp,2,2026-09-19,34,quantile,0.85,151.0
2026-09-05,wk inc covid hosp,2,2026-09-19,34,quantile,0.9,161.0
2026-09-05,wk inc covid hosp,2,2026-09-19,34,quantile,0.95,177.0
2026-09-05,wk inc covid hosp,2,2026-09-19,34,quantile,0.975,190.0
2026-09-05,wk inc covid hosp,2,2026-09-19,34,quantile,0.99,206.0
2026-09-05,wk inc covid hosp,2,2026-09-19,35,quantile,0.01,2.0
2026-09-05,wk inc covid hosp,2,2026-09-19,35,quantile,0.025,4.0
2026-09-05,wk inc covid hosp,2,2026-09-19,35,quantile,0.05,6.0
2026-09-05,wk inc covid hosp,2,2026-09-19,35,quantile,0.1,7.0
2026-09-05,wk inc covid hosp,2,2026-09-19,35,quantile,0.15,9.0
2026-09-05,wk inc covid hosp,2,2026-09-19,35,quantile,0.2,10.0
2026-09-05,wk inc covid hosp,2,2026-09-19,35,quantile,0.25,12.0
2026-09-05,wk inc covid hosp,2,2026-09-19,35,quantile,0.3,14.0
2026-09-05,wk inc covid hosp,2,2026-09-19,35,quantile,0.35,15.0
2026-09-05,wk inc covid hosp,2,2026-09-19,35,quantile,0.4,17.0
2026-09-05,wk inc covid hosp,2,2026-09-19,35,quantile,0.45,19.0
2026-09-05,wk inc covid hosp,2,2026-09-19,35,quantile,0.5,21.0
2026-09-05,wk inc covid hosp,2,2026-09-19,35,quantile,0.55,22.0
2026-09-05,wk inc covid hosp,2,2026-09-19,35,quantile,0.6,24.0
2026-09-05,wk inc covid hosp,2,2026-09-19,35,quantile,0.65,26.0
2026-09-05,wk inc covid hosp,2,2026-09-19,35,quantile,0.7,28.0
2026-09-05,wk inc covid hosp,2,2026-09-19,35,quantile,0.75,30.0
2026-09-05,wk inc covid hosp,2,2026-09-19,35,quantile,0.8,32.0
2026-09-05,wk inc covid hosp,2,2026-09-19,35,quantile,0.85,35.0
2026-09-05,wk inc covid hosp,2,2026-09-19,35,quantile,0.9,38.0
2026-09-05,wk inc covid hosp,2,2026-09-19,35,quantile,0.95,43.0
2026-09-05,wk inc covid hosp,2,2026-09-19,35,quantile,0.975,47.0
2026-09-05,wk inc covid hosp,2,2026-09-19,35,quantile,0.99,52.0
2026-09-05,wk inc covid hosp,2,2026-09-19,36,quantile,0.01,26.0
2026-09-05,wk inc covid hosp,2,2026-09-19,36,quantile,0.025,57.0
2026-09-05,wk inc covid hosp,2,2026-09-19,36,quantile,0.05,83.0
2026-09-05,wk inc covid hosp,2,2026-09-19,36,quantile,0.1,113.0
2026-09-05,wk inc covid hosp,2,2026-09-19,36,quantile,0.15,133.0
2026-09-05,wk inc covid hosp,2,2026-09-19,36,quantile,0.2,150.0
2026-09-05,wk inc covid hosp,2,2026-09-19,36,quantile,0.25,163.0
2026-09-05,wk inc covid hosp,2,2026-09-19,36,quantile,0.3,176.0
2026-09-05,wk inc covid hosp,2,2026-09-19,36,quantile,0.35,187.0
2026-09-05,wk inc covid hosp,2,2026-09-19,36,quantile,0.4,198.0
2026-09-05,wk inc covid hosp,2,2026-09-19,36,quantile,0.45,209.0
2026-09-05,wk inc covid hosp,2,2026-09-19,36,quantile,0.5,219.0
2026-09-05,wk inc covid hosp,2,2026-09-19,36,quantile,0.55,230.0
2026-09-05,wk inc covid hosp,2,2026-09-19,36,quantile,0.6,240.0
2026-09-05,wk inc covid hosp,2,2026-09-19,36,quantile,0.65,251.0
2026-09-05,wk inc covid hosp,2,2026-09-19,36,quantile,0.7,263.0
2026-09-05,wk inc covid hosp,2,2026-09-19,36,quantile,0.75,275.0
2026-09-05,wk inc covid hosp,2,2026-09-19,36,quantile,0.8,289.0
2026-09-05,wk inc covid hosp,2,2026-09-19,36,quantile,0.85,305.0
2026-09-05,wk inc covid hosp,2,2026-09-19,36,quantile,0.9,326.0
2026-09-05,wk inc covid hosp,2,2026-09-19,36,quantile,0.95,356.0
2026-09-05,wk inc covid hosp,2,2026-09-19,36,quantile,0.975,382.0
2026-09-05,wk inc covid hosp,2,2026-09-19,36,quantile,0.99,412.0
2026-09-05,wk inc covid hosp,2,2026-09-19,37,quantile,0.01,15.0
2026-09-05,wk inc covid hosp,2,2026-09-19,37,quantile,0.025,23.0
2026-09-05,wk inc covid hosp,2,2026-09-19,37,quantile,0.05,40.0
2026-09-05,wk inc covid hosp,2,2026-09-19,37,quantile,0.1,60.0
2026-09-05,wk inc covid hosp,2,2026-09-19,37,quantile,0.15,74.0
2026-09-05,wk inc covid hosp,2,2026-09-19,37,quantile,0.2,85.0
2026-09-05,wk inc covid hosp,2,2026-09-19,37,quantile,0.25,94.0
2026-09-05,wk inc covid hosp,2,2026-09-19,37,quantile,0.3,102.0
2026-09-05,wk inc covid hosp,2,2026-09-19,37,quantile,0.35,110.0
2026-09-05,wk inc covid hosp,2,2026-09-19,37,quantile,0.4,117.0
2026-09-05,wk inc covid hosp,2,2026-09-19,37,quantile,0.45,124.0
2026-09-05,wk inc covid hosp,2,2026-09-19,37,quantile,0.5,131.0
2026-09-05,wk inc covid hosp,2,2026-09-19,37,quantile,0.55,138.0
2026-09-05,wk inc covid hosp,2,2026-09-19,37,quantile,0.6,145.0
2026-09-05,wk inc covid hosp,2,2026-09-19,37,quantile,0.65,152.0
2026-09-05,wk inc covid hosp,2,2026-09-19,37,quantile,0.7,160.0
2026-09-05,wk inc covid hosp,2,2026-09-19,37,quantile,0.75,168.0
2026-09-05,wk inc covid hosp,2,2026-09-19,37,quantile,0.8,177.0
2026-09-05,wk inc covid hosp,2,2026-09-19,37,quantile,0.85,188.0
2026-09-05,wk inc covid hosp,2,2026-09-19,37,quantile,0.9,202.0
2026-09-05,wk inc covid hosp,2,2026-09-19,37,quantile,0.95,222.0
2026-09-05,wk inc covid hosp,2,2026-09-19,37,quantile,0.975,239.0
2026-09-05,wk inc covid hosp,2,2026-09-19,37,quantile,0.99,259.0
2026-09-05,wk inc covid hosp,2,2026-09-19,38,quantile,0.01,1.0
2026-09-05,wk inc covid hosp,2,2026-09-19,38,quantile,0.025,1.0
2026-09-05,wk inc covid hosp,2,2026-09-19,38,quantile,0.05,1.0
2026-09-05,wk inc covid hosp,2,2026-09-19,38,quantile,0.1,2.0
2026-09-05,wk inc covid hosp,2,2026-09-19,38,quantile,0.15,2.0
2026-09-05,wk inc covid hosp,2,2026-09-19,38,quantile,0.2,2.0
2026-09-05,wk inc covid hosp,2,2026-09-19,38,quantile,0.25,2.0
2026-09-05,wk inc covid hosp,2,2026-09-19,38,quantile,0.3,3.0
2026-09-05,wk inc covid hosp,2,2026-09-19,38,quantile,0.35,3.0
2026-09-05,wk inc covid hosp,2,2026-09-19,38,quantile,0.4,3.0
2026-09-05,wk inc covid hosp,2,2026-09-19,38,quantile,0.45,3.0
2026-09-05,wk inc covid hosp,2,2026-09-19,38,quantile,0.5,3.0
2026-09-05,wk inc covid hosp,2,2026-09-19,38,quantile,0.55,4.0
2026-09-05,wk inc covid hosp,2,2026-09-19,38,quantile,0.6,4.0
2026-09-05,wk inc covid hosp,2,2026-09-19,38,quantile,0.65,4.0
2026-09-05,wk inc covid hosp,2,2026-09-19,38,quantile,0.7,5.0
2026-09-05,wk inc covid hosp,2,2026-09-19,38,quantile,0.75,5.0
2026-09-05,wk inc covid hosp,2,2026-09-19,38,quantile,0.8,6.0
2026-09-05,wk inc covid hosp,2,2026-09-19,38,quantile,0.85,6.0
2026-09-05,wk inc covid hosp,2,2026-09-19,38,quantile,0.9,7.0
2026-09-05,wk inc covid hosp,2,2026-09-19,38,quantile,0.95,8.0
2026-09-05,wk inc covid hosp,2,2026-09-19,38,quantile,0.975,9.0
2026-09-05,wk inc covid hosp,2,2026-09-19,38,quantile,0.99,10.0
2026-09-05,wk inc covid hosp,2,2026-09-19,39,quantile,0.01,8.0
2026-09-05,wk inc covid hosp,2,2026-09-19,39,quantile,0.025,13.0
2026-09-05,wk inc covid hosp,2,2026-09-19,39,quantile,0.05,18.0
2026-09-05,wk inc covid hosp,2,2026-09-19,39,quantile,0.1,23.0
2026-09-05,wk inc covid hosp,2,2026-09-19,39,quantile,0.15,29.0
2026-09-05,wk inc covid hosp,2,2026-09-19,39,quantile,0.2,36.0
2026-09-05,wk inc covid hosp,2,2026-09-19,39,quantile,0.25,42.0
2026-09-05,wk inc covid hosp,2,2026-09-19,39,quantile,0.3,47.0
2026-09-05,wk inc covid hosp,2,2026-09-19,39,quantile,0.35,52.0
2026-09-05,wk inc covid hosp,2,2026-09-19,39,quantile,0.4,57.0
2026-09-05,wk inc covid hosp,2,2026-09-19,39,quantile,0.45,62.0
2026-09-05,wk inc covid hosp,2,2026-09-19,39,quantile,0.5,66.0
2026-09-05,wk inc covid hosp,2,2026-09-19,39,quantile,0.55,71.0
2026-09-05,wk inc covid hosp,2,2026-09-19,39,quantile,0.6,75.0
2026-09-05,wk inc covid hosp,2,2026-09-19,39,quantile,0.65,80.0
2026-09-05,wk inc covid hosp,2,2026-09-19,39,quantile,0.7,85.0
2026-09-05,wk inc covid hosp,2,2026-09-19,39,quantile,0.75,90.0
2026-09-05,wk inc covid hosp,2,2026-09-19,39,quantile,0.8,96.0
2026-09-05,wk inc covid hosp,2,2026-09-19,39,quantile,0.85,103.0
2026-09-05,wk inc covid hosp,2,2026-09-19,39,quantile,0.9,112.0
2026-09-05,wk inc covid hosp,2,2026-09-19,39,quantile,0.95,125.0
2026-09-05,wk inc covid hosp,2,2026-09-19,39,quantile,0.975,137.0
2026-09-05,wk inc covid hosp,2,2026-09-19,39,quantile,0.99,150.0
2026-09-05,wk inc covid hosp,2,2026-09-19,40,quantile,0.01,4.0
2026-09-05,wk inc covid hosp,2,2026-09-19,40,quantile,0.025,8.0
2026-09-05,wk inc covid hosp,2,2026-09-19,40,quantile,0.05,11.0
2026-09-05,wk inc covid hosp,2,2026-09-19,40,quantile,0.1,14.0
2026-09-05,wk inc covid hosp,2,2026-09-19,40,quantile,0.15,16.0
2026-09-05,wk inc covid hosp,2,2026-09-19,40,quantile,0.2,19.0
2026-09-05,wk inc covid hosp,2,2026-09-19,40,quantile,0.25,22.0
2026-09-05,wk inc covid hosp,2,2026-09-19,40,quantile,0.3,25.0
2026-09-05,wk inc covid hosp,2,2026-09-19,40,quantile,0.35,27.0
2026-09-05,wk inc covid hosp,2,2026-09-19,40,quantile,0.4,30.0
2026-09-05,wk inc covid hosp,2,2026-09-19,40,quantile,0.45,32.0
2026-09-05,wk inc covid hosp,2,2026-09-19,40,quantile,0.5,34.0
2026-09-05,wk inc covid hosp,2,2026-09-19,40,quantile,0.55,37.0
2026-09-05,wk inc covid hosp,2,2026-09-19,40,quantile,0.6,39.0
2026-09-05,wk inc covid hosp,2,2026-09-19,40,quantile,0.65,42.0
2026-09-05,wk inc covid hosp,2,2026-09-19,40,quantile,0.7,44.0
2026-09-05,wk inc covid hosp,2,2026-09-19,40,quantile,0.75,47.0
2026-09-05,wk inc covid hosp,2,2026-09-19,40,quantile,0.8,50.0
2026-09-05,wk inc covid hosp,2,2026-09-19,40,quantile,0.85,54.0
2026-09-05,wk inc covid hosp,2,2026-09-19,40,quantile,0.9,59.0
2026-09-05,wk inc covid hosp,2,2026-09-19,40,quantile,0.95,65.0
2026-09-05,wk inc covid hosp,2,2026-09-19,40,quantile,0.975,71.0
2026-09-05,wk inc covid hosp,2,2026-09-19,40,quantile,0.99,78.0
2026-09-05,wk inc covid hosp,2,2026-09-19,41,quantile,0.01,2.0
2026-09-05,wk inc covid hosp,2,2026-09-19,41,quantile,0.025,3.0
2026-09-05,wk inc covid hosp,2,2026-09-19,41,quantile,0.05,5.0
2026-09-05,wk inc covid hosp,2,2026-09-19,41,quantile,0.1,7.0
2026-09-05,wk inc covid hosp,2,2026-09-19,41,quantile,0.15,9.0
2026-09-05,wk inc covid hosp,2,2026-09-19,41,quantile,0.2,10.0
2026-09-05,wk inc covid hosp,2,2026-09-19,41,quantile,0.25,13.0
2026-09-05,wk inc covid hosp,2,2026-09-19,41,quantile,0.3,16.0
2026-09-05,wk inc covid hosp,2,2026-09-19,41,quantile,0.35,18.0
2026-09-05,wk inc covid hosp,2,2026-09-19,41,quantile,0.4,20.0
2026-09-05,wk inc covid hosp,2,2026-09-19,41,quantile,0.45,23.0
2026-09-05,wk inc covid hosp,2,2026-09-19,41,quantile,0.5,25.0
2026-09-05,wk inc covid hosp,2,2026-09-19,41,quantile,0.55,27.0
2026-09-05,wk inc covid hosp,2,2026-09-19,41,quantile,0.6,29.0
2026-09-05,wk inc covid hosp,2,2026-09-19,41,quantile,0.65,31.0
2026-09-05,wk inc covid hosp,2,2026-09-19,41,quantile,0.7,34.0
2026-09-05,wk inc covid hosp,2,2026-09-19,41,quantile,0.75,37.0
2026-09-05,wk inc covid hosp,2,2026-09-19,41,quantile,0.8,39.0
2026-09-05,wk inc covid hosp,2,2026-09-19,41,quantile,0.85,43.0
2026-09-05,wk inc covid hosp,2,2026-09-19,41,quantile,0.9,47.0
2026-09-05,wk inc covid hosp,2,2026-09-19,41,quantile,0.95,54.0
2026-09-05,wk inc covid hosp,2,2026-09-19,41,quantile,0.975,59.0
2026-09-05,wk inc covid hosp,2,2026-09-19,41,quantile,0.99,65.0
2026-09-05,wk inc covid hosp,2,2026-09-19,42,quantile,0.01,15.0
2026-09-05,wk inc covid hosp,2,2026-09-19,42,quantile,0.025,28.0
2026-09-05,wk inc covid hosp,2,2026-09-19,42,quantile,0.05,39.0
2026-09-05,wk inc covid hosp,2,2026-09-19,42,quantile,0.1,52.0
2026-09-05,wk inc covid hosp,2,2026-09-19,42,quantile,0.15,61.0
2026-09-05,wk inc covid hosp,2,2026-09-19,42,quantile,0.2,68.0
2026-09-05,wk inc covid hosp,2,2026-09-19,42,quantile,0.25,74.0
2026-09-05,wk inc covid hosp,2,2026-09-19,42,quantile,0.3,80.0
2026-09-05,wk inc covid hosp,2,2026-09-19,42,quantile,0.35,85.0
2026-09-05,wk inc covid hosp,2,2026-09-19,42,quantile,0.4,89.0
2026-09-05,wk inc covid hosp,2,2026-09-19,42,quantile,0.45,94.0
2026-09-05,wk inc covid hosp,2,2026-09-19,42,quantile,0.5,99.0
2026-09-05,wk inc covid hosp,2,2026-09-19,42,quantile,0.55,103.0
2026-09-05,wk inc covid hosp,2,2026-09-19,42,quantile,0.6,108.0
2026-09-05,wk inc covid hosp,2,2026-09-19,42,quantile,0.65,112.0
2026-09-05,wk inc covid hosp,2,2026-09-19,42,quantile,0.7,117.0
2026-09-05,wk inc covid hosp,2,2026-09-19,42,quantile,0.75,123.0
2026-09-05,wk inc covid hosp,2,2026-09-19,42,quantile,0.8,129.0
2026-09-05,wk inc covid hosp,2,2026-09-19,42,quantile,0.85,136.0
2026-09-05,wk inc covid hosp,2,2026-09-19,42,quantile,0.9,145.0
2026-09-05,wk inc covid hosp,2,2026-09-19,42,quantile,0.95,158.0
2026-09-05,wk inc covid hosp,2,2026-09-19,42,quantile,0.975,169.0
2026-09-05,wk inc covid hosp,2,2026-09-19,42,quantile,0.99,182.0
2026-09-05,wk inc covid hosp,2,2026-09-19,44,quantile,0.01,1.0
2026-09-05,wk inc covid hosp,2,2026-09-19,44,quantile,0.025,1.0
2026-09-05,wk inc covid hosp,2,2026-09-19,44,quantile,0.05,2.0
2026-09-05,wk inc covid hosp,2,2026-09-19,44,quantile,0.1,2.0
2026-09-05,wk inc covid hosp,2,2026-09-19,44,quantile,0.15,3.0
2026-09-05,wk inc covid hosp,2,2026-09-19,44,quantile,0.2,3.0
2026-09-05,wk inc covid hosp,2,2026-09-19,44,quantile,0.25,3.0
2026-09-05,wk inc covid hosp,2,2026-09-19,44,quantile,0.3,3.0
2026-09-05,wk inc covid hosp,2,2026-09-19,44,quantile,0.35,4.0
2026-09-05,wk inc covid hosp,2,2026-09-19,44,quantile,0.4,5.0
2026-09-05,wk inc covid hosp,2,2026-09-19,44,quantile,0.45,5.0
2026-09-05,wk inc covid hosp,2,2026-09-19,44,quantile,0.5,6.0
2026-09-05,wk inc covid hosp,2,2026-09-19,44,quantile,0.55,6.0
2026-09-05,wk inc covid hosp,2,2026-09-19,44,quantile,0.6,7.0
2026-09-05,wk inc covid hosp,2,2026-09-19,44,quantile,0.65,8.0
2026-09-05,wk inc covid hosp,2,2026-09-19,44,quantile,0.7,8.0
2026-09-05,wk inc covid hosp,2,2026-09-19,44,quantile,0.75,9.0
2026-09-05,wk inc covid hosp,2,2026-09-19,44,quantile,0.8,10.0
2026-09-05,wk inc covid hosp,2,2026-09-19,44,quantile,0.85,10.0
2026-09-05,wk inc covid hosp,2,2026-09-19,44,quantile,0.9,11.0
2026-09-05,wk inc covid hosp,2,2026-09-19,44,quantile,0.95,13.0
2026-09-05,wk inc covid hosp,2,2026-09-19,44,quantile,0.975,14.0
2026-09-05,wk inc covid hosp,2,2026-09-19,44,quantile,0.99,16.0
2026-09-05,wk inc covid hosp,2,2026-09-19,45,quantile,0.01,7.0
2026-09-05,wk inc covid hosp,2,2026-09-19,45,quantile,0.025,10.0
2026-09-05,wk inc covid hosp,2,2026-09-19,45,quantile,0.05,13.0
2026-09-05,wk inc covid hosp,2,2026-09-19,45,quantile,0.1,17.0
2026-09-05,wk inc covid hosp,2,2026-09-19,45,quantile,0.15,25.0
2026-09-05,wk inc covid hosp,2,2026-09-19,45,quantile,0.2,31.0
2026-09-05,wk inc covid hosp,2,2026-09-19,45,quantile,0.25,37.0
2026-09-05,wk inc covid hosp,2,2026-09-19,45,quantile,0.3,43.0
2026-09-05,wk inc covid hosp,2,2026-09-19,45,quantile,0.35,47.0
2026-09-05,wk inc covid hosp,2,2026-09-19,45,quantile,0.4,52.0
2026-09-05,wk inc covid hosp,2,2026-09-19,45,quantile,0.45,57.0
2026-09-05,wk inc covid hosp,2,2026-09-19,45,quantile,0.5,61.0
2026-09-05,wk inc covid hosp,2,2026-09-19,45,quantile,0.55,65.0
2026-09-05,wk inc covid hosp,2,2026-09-19,45,quantile,0.6,70.0
2026-09-05,wk inc covid hosp,2,2026-09-19,45,quantile,0.65,74.0
2026-09-05,wk inc covid hosp,2,2026-09-19,45,quantile,0.7,79.0
2026-09-05,wk inc covid hosp,2,2026-09-19,45,quantile,0.75,85.0
2026-09-05,wk inc covid hosp,2,2026-09-19,45,quantile,0.8,90.0
2026-09-05,wk inc covid hosp,2,2026-09-19,45,quantile,0.85,97.0
2026-09-05,wk inc covid hosp,2,2026-09-19,45,quantile,0.9,106.0
2026-09-05,wk inc covid hosp,2,2026-09-19,45,quantile,0.95,119.0
2026-09-05,wk inc covid hosp,2,2026-09-19,45,quantile,0.975,130.0
2026-09-05,wk inc covid hosp,2,2026-09-19,45,quantile,0.99,143.0
2026-09-05,wk inc covid hosp,2,2026-09-19,46,quantile,0.01,1.0
2026-09-05,wk inc covid hosp,2,2026-09-19,46,quantile,0.025,1.0
2026-09-05,wk inc covid hosp,2,2026-09-19,46,quantile,0.05,1.0
2026-09-05,wk inc covid hosp,2,2026-09-19,46,quantile,0.1,2.0
2026-09-05,wk inc covid hosp,2,2026-09-19,46,quantile,0.15,2.0
2026-09-05,wk inc covid hosp,2,2026-09-19,46,quantile,0.2,2.0
2026-09-05,wk inc covid hosp,2,2026-09-19,46,quantile,0.25,2.0
2026-09-05,wk inc covid hosp,2,2026-09-19,46,quantile,0.3,3.0
2026-09-05,wk inc covid hosp,2,2026-09-19,46,quantile,0.35,3.0
2026-09-05,wk inc covid hosp,2,2026-09-19,46,quantile,0.4,4.0
2026-09-05,wk inc covid hosp,2,2026-09-19,46,quantile,0.45,5.0
2026-09-05,wk inc covid hosp,2,2026-09-19,46,quantile,0.5,5.0
2026-09-05,wk inc covid hosp,2,2026-09-19,46,quantile,0.55,6.0
2026-09-05,wk inc covid hosp,2,2026-09-19,46,quantile,0.6,7.0
2026-09-05,wk inc covid hosp,2,2026-09-19,46,quantile,0.65,8.0
2026-09-05,wk inc covid hosp,2,2026-09-19,46,quantile,0.7,9.0
2026-09-05,wk inc covid hosp,2,2026-09-19,46,quantile,0.75,10.0
2026-09-05,wk inc covid hosp,2,2026-09-19,46,quantile,0.8,11.0
2026-09-05,wk inc covid hosp,2,2026-09-19,46,quantile,0.85,12.0
2026-09-05,wk inc covid hosp,2,2026-09-19,46,quantile,0.9,14.0
2026-09-05,wk inc covid hosp,2,2026-09-19,46,quantile,0.95,16.0
2026-09-05,wk inc covid hosp,2,2026-09-19,46,quantile,0.975,18.0
2026-09-05,wk inc covid hosp,2,2026-09-19,46,quantile,0.99,21.0
2026-09-05,wk inc covid hosp,2,2026-09-19,47,quantile,0.01,9.0
2026-09-05,wk inc covid hosp,2,2026-09-19,47,quantile,0.025,16.0
2026-09-05,wk inc covid hosp,2,2026-09-19,47,quantile,0.05,26.0
2026-09-05,wk inc covid hosp,2,2026-09-19,47,quantile,0.1,38.0
2026-09-05,wk inc covid hosp,2,2026-09-19,47,quantile,0.15,46.0
2026-09-05,wk inc covid hosp,2,2026-09-19,47,quantile,0.2,53.0
2026-09-05,wk inc covid hosp,2,2026-09-19,47,quantile,0.25,58.0
2026-09-05,wk inc covid hosp,2,2026-09-19,47,quantile,0.3,63.0
2026-09-05,wk inc covid hosp,2,2026-09-19,47,quantile,0.35,68.0
2026-09-05,wk inc covid hosp,2,2026-09-19,47,quantile,0.4,72.0
2026-09-05,wk inc covid hosp,2,2026-09-19,47,quantile,0.45,76.0
2026-09-05,wk inc covid hosp,2,2026-09-19,47,quantile,0.5,80.0
2026-09-05,wk inc covid hosp,2,2026-09-19,47,quantile,0.55,84.0
2026-09-05,wk inc covid hosp,2,2026-09-19,47,quantile,0.6,89.0
2026-09-05,wk inc covid hosp,2,2026-09-19,47,quantile,0.65,93.0
2026-09-05,wk inc covid hosp,2,2026-09-19,47,quantile,0.7,97.0
2026-09-05,wk inc covid hosp,2,2026-09-19,47,quantile,0.75,102.0
2026-09-05,wk inc covid hosp,2,2026-09-19,47,quantile,0.8,108.0
2026-09-05,wk inc covid hosp,2,2026-09-19,47,quantile,0.85,114.0
2026-09-05,wk inc covid hosp,2,2026-09-19,47,quantile,0.9,122.0
2026-09-05,wk inc covid hosp,2,2026-09-19,47,quantile,0.95,134.0
2026-09-05,wk inc covid hosp,2,2026-09-19,47,quantile,0.975,145.0
2026-09-05,wk inc covid hosp,2,2026-09-19,47,quantile,0.99,157.0
2026-09-05,wk inc covid hosp,2,2026-09-19,48,quantile,0.01,55.0
2026-09-05,wk inc covid hosp,2,2026-09-19,48,quantile,0.025,109.0
2026-09-05,wk inc covid hosp,2,2026-09-19,48,quantile,0.05,156.0
2026-09-05,wk inc covid hosp,2,2026-09-19,48,quantile,0.1,210.0
2026-09-05,wk inc covid hosp,2,2026-09-19,48,quantile,0.15,247.0
2026-09-05,wk inc covid hosp,2,2026-09-19,48,quantile,0.2,276.0
2026-09-05,wk inc covid hosp,2,2026-09-19,48,quantile,0.25,301.0
2026-09-05,wk inc covid hosp,2,2026-09-19,48,quantile,0.3,323.0
2026-09-05,wk inc covid hosp,2,2026-09-19,48,quantile,0.35,344.0
2026-09-05,wk inc covid hosp,2,2026-09-19,48,quantile,0.4,363.0
2026-09-05,wk inc covid hosp,2,2026-09-19,48,quantile,0.45,382.0
2026-09-05,wk inc covid hosp,2,2026-09-19,48,quantile,0.5,401.0
2026-09-05,wk inc covid hosp,2,2026-09-19,48,quantile,0.55,420.0
2026-09-05,wk inc covid hosp,2,2026-09-19,48,quantile,0.6,439.0
2026-09-05,wk inc covid hosp,2,2026-09-19,48,quantile,0.65,459.0
2026-09-05,wk inc covid hosp,2,2026-09-19,48,quantile,0.7,479.0
2026-09-05,wk inc covid hosp,2,2026-09-19,48,quantile,0.75,502.0
2026-09-05,wk inc covid hosp,2,2026-09-19,48,quantile,0.8,527.0
2026-09-05,wk inc covid hosp,2,2026-09-19,48,quantile,0.85,556.0
2026-09-05,wk inc covid hosp,2,2026-09-19,48,quantile,0.9,592.0
2026-09-05,wk inc covid hosp,2,2026-09-19,48,quantile,0.95,646.0
2026-09-05,wk inc covid hosp,2,2026-09-19,48,quantile,0.975,693.0
2026-09-05,wk inc covid hosp,2,2026-09-19,48,quantile,0.99,748.0
2026-09-05,wk inc covid hosp,2,2026-09-19,49,quantile,0.01,1.0
2026-09-05,wk inc covid hosp,2,2026-09-19,49,quantile,0.025,2.0
2026-09-05,wk inc covid hosp,2,2026-09-19,49,quantile,0.05,2.0
2026-09-05,wk inc covid hosp,2,2026-09-19,49,quantile,0.1,3.0
2026-09-05,wk inc covid hosp,2,2026-09-19,49,quantile,0.15,4.0
2026-09-05,wk inc covid hosp,2,2026-09-19,49,quantile,0.2,5.0
2026-09-05,wk inc covid hosp,2,2026-09-19,49,quantile,0.25,5.0
2026-09-05,wk inc covid hosp,2,2026-09-19,49,quantile,0.3,6.0
2026-09-05,wk inc covid hosp,2,2026-09-19,49,quantile,0.35,8.0
2026-09-05,wk inc covid hosp,2,2026-09-19,49,quantile,0.4,9.0
2026-09-05,wk inc covid hosp,2,2026-09-19,49,quantile,0.45,10.0
2026-09-05,wk inc covid hosp,2,2026-09-19,49,quantile,0.5,11.0
2026-09-05,wk inc covid hosp,2,2026-09-19,49,quantile,0.55,13.0
2026-09-05,wk inc covid hosp,2,2026-09-19,49,quantile,0.6,14.0
2026-09-05,wk inc covid hosp,2,2026-09-19,49,quantile,0.65,15.0
2026-09-05,wk inc covid hosp,2,2026-09-19,49,quantile,0.7,16.0
2026-09-05,wk inc covid hosp,2,2026-09-19,49,quantile,0.75,18.0
2026-09-05,wk inc covid hosp,2,2026-09-19,49,quantile,0.8,19.0
2026-09-05,wk inc covid hosp,2,2026-09-19,49,quantile,0.85,21.0
2026-09-05,wk inc covid hosp,2,2026-09-19,49,quantile,0.9,24.0
2026-09-05,wk inc covid hosp,2,2026-09-19,49,quantile,0.95,27.0
2026-09-05,wk inc covid hosp,2,2026-09-19,49,quantile,0.975,30.0
2026-09-05,wk inc covid hosp,2,2026-09-19,49,quantile,0.99,34.0
2026-09-05,wk inc covid hosp,2,2026-09-19,50,quantile,0.01,0.0
2026-09-05,wk inc covid hosp,2,2026-09-19,50,quantile,0.025,1.0
2026-09-05,wk inc covid hosp,2,2026-09-19,50,quantile,0.05,1.0
2026-09-05,wk inc covid hosp,2,2026-09-19,50,quantile,0.1,1.0
2026-09-05,wk inc covid hosp,2,2026-09-19,50,quantile,0.15,1.0
2026-09-05,wk inc covid hosp,2,2026-09-19,50,quantile,0.2,1.0
2026-09-05,wk inc covid hosp,2,2026-09-19,50,quantile,0.25,1.0
2026-09-05,wk inc covid hosp,2,2026-09-19,50,quantile,0.3,2.0
2026-09-05,wk inc covid hosp,2,2026-09-19,50,quantile,0.35,2.0
2026-09-05,wk inc covid hosp,2,2026-09-19,50,quantile,0.4,2.0
2026-09-05,wk inc covid hosp,2,2026-09-19,50,quantile,0.45,2.0
2026-09-05,wk inc covid hosp,2,2026-09-19,50,quantile,0.5,2.0
2026-09-05,wk inc covid hosp,2,2026-09-19,50,quantile,0.55,3.0
2026-09-05,wk inc covid hosp,2,2026-09-19,50,quantile,0.6,3.0
2026-09-05,wk inc covid hosp,2,2026-09-19,50,quantile,0.65,4.0
2026-09-05,wk inc covid hosp,2,2026-09-19,50,quantile,0.7,4.0
2026-09-05,wk inc covid hosp,2,2026-09-19,50,quantile,0.75,5.0
2026-09-05,wk inc covid hosp,2,2026-09-19,50,quantile,0.8,6.0
2026-09-05,wk inc covid hosp,2,2026-09-19,50,quantile,0.85,6.0
2026-09-05,wk inc covid hosp,2,2026-09-19,50,quantile,0.9,7.0
2026-09-05,wk inc covid hosp,2,2026-09-19,50,quantile,0.95,8.0
2026-09-05,wk inc covid hosp,2,2026-09-19,50,quantile,0.975,10.0
2026-09-05,wk inc covid hosp,2,2026-09-19,50,quantile,0.99,11.0
2026-09-05,wk inc covid hosp,2,2026-09-19,51,quantile,0.01,5.0
2026-09-05,wk inc covid hosp,2,2026-09-19,51,quantile,0.025,8.0
2026-09-05,wk inc covid hosp,2,2026-09-19,51,quantile,0.05,11.0
2026-09-05,wk inc covid hosp,2,2026-09-19,51,quantile,0.1,16.0
2026-09-05,wk inc covid hosp,2,2026-09-19,51,quantile,0.15,22.0
2026-09-05,wk inc covid hosp,2,2026-09-19,51,quantile,0.2,26.0
2026-09-05,wk inc covid hosp,2,2026-09-19,51,quantile,0.25,29.0
2026-09-05,wk inc covid hosp,2,2026-09-19,51,quantile,0.3,33.0
2026-09-05,wk inc covid hosp,2,2026-09-19,51,quantile,0.35,36.0
2026-09-05,wk inc covid hosp,2,2026-09-19,51,quantile,0.4,39.0
2026-09-05,wk inc covid hosp,2,2026-09-19,51,quantile,0.45,41.0
2026-09-05,wk inc covid hosp,2,2026-09-19,51,quantile,0.5,44.0
2026-09-05,wk inc covid hosp,2,2026-09-19,51,quantile,0.55,47.0
2026-09-05,wk inc covid hosp,2,2026-09-19,51,quantile,0.6,50.0
2026-09-05,wk inc covid hosp,2,2026-09-19,51,quantile,0.65,53.0
2026-09-05,wk inc covid hosp,2,2026-09-19,51,quantile,0.7,56.0
2026-09-05,wk inc covid hosp,2,2026-09-19,51,quantile,0.75,59.0
2026-09-05,wk inc covid hosp,2,2026-09-19,51,quantile,0.8,63.0
2026-09-05,wk inc covid hosp,2,2026-09-19,51,quantile,0.85,67.0
2026-09-05,wk inc covid hosp,2,2026-09-19,51,quantile,0.9,72.0
2026-09-05,wk inc covid hosp,2,2026-09-19,51,quantile,0.95,80.0
2026-09-05,wk inc covid hosp,2,2026-09-19,51,quantile,0.975,87.0
2026-09-05,wk inc covid hosp,2,2026-09-19,51,quantile,0.99,95.0
2026-09-05,wk inc covid hosp,2,2026-09-19,53,quantile,0.01,3.0
2026-09-05,wk inc covid hosp,2,2026-09-19,53,quantile,0.025,5.0
2026-09-05,wk inc covid hosp,2,2026-09-19,53,quantile,0.05,9.0
2026-09-05,wk inc covid hosp,2,2026-09-19,53,quantile,0.1,14.0
2026-09-05,wk inc covid hosp,2,2026-09-19,53,quantile,0.15,22.0
2026-09-05,wk inc covid hosp,2,2026-09-19,53,quantile,0.2,28.0
2026-09-05,wk inc covid hosp,2,2026-09-19,53,quantile,0.25,33.0
2026-09-05,wk inc covid hosp,2,2026-09-19,53,quantile,0.3,38.0
2026-09-05,wk inc covid hosp,2,2026-09-19,53,quantile,0.35,42.0
2026-09-05,wk inc covid hosp,2,2026-09-19,53,quantile,0.4,47.0
2026-09-05,wk inc covid hosp,2,2026-09-19,53,quantile,0.45,51.0
2026-09-05,wk inc covid hosp,2,2026-09-19,53,quantile,0.5,55.0
2026-09-05,wk inc covid hosp,2,2026-09-19,53,quantile,0.55,59.0
2026-09-05,wk inc covid hosp,2,2026-09-19,53,quantile,0.6,63.0
2026-09-05,wk inc covid hosp,2,2026-09-19,53,quantile,0.65,67.0
2026-09-05,wk inc covid hosp,2,2026-09-19,53,quantile,0.7,72.0
2026-09-05,wk inc covid hosp,2,2026-09-19,53,quantile,0.75,76.0
2026-09-05,wk inc covid hosp,2,2026-09-19,53,quantile,0.8,82.0
2026-09-05,wk inc covid hosp,2,2026-09-19,53,quantile,0.85,88.0
2026-09-05,wk inc covid hosp,2,2026-09-19,53,quantile,0.9,96.0
2026-09-05,wk inc covid hosp,2,2026-09-19,53,quantile,0.95,108.0
2026-09-05,wk inc covid hosp,2,2026-09-19,53,quantile,0.975,118.0
2026-09-05,wk inc covid hosp,2,2026-09-19,53,quantile,0.99,129.0
2026-09-05,wk inc covid hosp,2,2026-09-19,54,quantile,0.01,2.0
2026-09-05,wk inc covid hosp,2,2026-09-19,54,quantile,0.025,3.0
2026-09-05,wk inc covid hosp,2,2026-09-19,54,quantile,0.05,4.0
2026-09-05,wk inc covid hosp,2,2026-09-19,54,quantile,0.1,5.0
2026-09-05,wk inc covid hosp,2,2026-09-19,54,quantile,0.15,5.0
2026-09-05,wk inc covid hosp,2,2026-09-19,54,quantile,0.2,6.0
2026-09-05,wk inc covid hosp,2,2026-09-19,54,quantile,0.25,6.0
2026-09-05,wk inc covid hosp,2,2026-09-19,54,quantile,0.3,7.0
2026-09-05,wk inc covid hosp,2,2026-09-19,54,quantile,0.35,8.0
2026-09-05,wk inc covid hosp,2,2026-09-19,54,quantile,0.4,9.0
2026-09-05,wk inc covid hosp,2,2026-09-19,54,quantile,0.45,10.0
2026-09-05,wk inc covid hosp,2,2026-09-19,54,quantile,0.5,10.0
2026-09-05,wk inc covid hosp,2,2026-09-19,54,quantile,0.55,11.0
2026-09-05,wk inc covid hosp,2,2026-09-19,54,quantile,0.6,12.0
2026-09-05,wk inc covid hosp,2,2026-09-19,54,quantile,0.65,13.0
2026-09-05,wk inc covid hosp,2,2026-09-19,54,quantile,0.7,13.0
2026-09-05,wk inc covid hosp,2,2026-09-19,54,quantile,0.75,14.0
2026-09-05,wk inc covid hosp,2,2026-09-19,54,quantile,0.8,15.0
2026-09-05,wk inc covid hosp,2,2026-09-19,54,quantile,0.85,16.0
2026-09-05,wk inc covid hosp,2,2026-09-19,54,quantile,0.9,18.0
2026-09-05,wk inc covid hosp,2,2026-09-19,54,quantile,0.95,20.0
2026-09-05,wk inc covid hosp,2,2026-09-19,54,quantile,0.975,22.0
2026-09-05,wk inc covid hosp,2,2026-09-19,54,quantile,0.99,24.0
2026-09-05,wk inc covid hosp,2,2026-09-19,55,quantile,0.01,4.0
2026-09-05,wk inc covid hosp,2,2026-09-19,55,quantile,0.025,6.0
2026-09-05,wk inc covid hosp,2,2026-09-19,55,quantile,0.05,8.0
2026-09-05,wk inc covid hosp,2,2026-09-19,55,quantile,0.1,11.0
2026-09-05,wk inc covid hosp,2,2026-09-19,55,quantile,0.15,13.0
2026-09-05,wk inc covid hosp,2,2026-09-19,55,quantile,0.2,14.0
2026-09-05,wk inc covid hosp,2,2026-09-19,55,quantile,0.25,17.0
2026-09-05,wk inc covid hosp,2,2026-09-19,55,quantile,0.3,20.0
2026-09-05,wk inc covid hosp,2,2026-09-19,55,quantile,0.35,24.0
2026-09-05,wk inc covid hosp,2,2026-09-19,55,quantile,0.4,27.0
2026-09-05,wk inc covid hosp,2,2026-09-19,55,quantile,0.45,30.0
2026-09-05,wk inc covid hosp,2,2026-09-19,55,quantile,0.5,33.0
2026-09-05,wk inc covid hosp,2,2026-09-19,55,quantile,0.55,37.0
2026-09-05,wk inc covid hosp,2,2026-09-19,55,quantile,0.6,40.0
2026-09-05,wk inc covid hosp,2,2026-09-19,55,quantile,0.65,43.0
2026-09-05,wk inc covid hosp,2,2026-09-19,55,quantile,0.7,47.0
2026-09-05,wk inc covid hosp,2,2026-09-19,55,quantile,0.75,50.0
2026-09-05,wk inc covid hosp,2,2026-09-19,55,quantile,0.8,55.0
2026-09-05,wk inc covid hosp,2,2026-09-19,55,quantile,0.85,59.0
2026-09-05,wk inc covid hosp,2,2026-09-19,55,quantile,0.9,66.0
2026-09-05,wk inc covid hosp,2,2026-09-19,55,quantile,0.95,75.0
2026-09-05,wk inc covid hosp,2,2026-09-19,55,quantile,0.975,83.0
2026-09-05,wk inc covid hosp,2,2026-09-19,55,quantile,0.99,92.0
2026-09-05,wk inc covid hosp,2,2026-09-19,56,quantile,0.01,0.0
2026-09-05,wk inc covid hosp,2,2026-09-19,56,quantile,0.025,1.0
2026-09-05,wk inc covid hosp,2,2026-09-19,56,quantile,0.05,1.0
2026-09-05,wk inc covid hosp,2,2026-09-19,56,quantile,0.1,1.0
2026-09-05,wk inc covid hosp,2,2026-09-19,56,quantile,0.15,1.0
2026-09-05,wk inc covid hosp,2,2026-09-19,56,quantile,0.2,2.0
2026-09-05,wk inc covid hosp,2,2026-09-19,56,quantile,0.25,2.0
2026-09-05,wk inc covid hosp,2,2026-09-19,56,quantile,0.3,2.0
2026-09-05,wk inc covid hosp,2,2026-09-19,56,quantile,0.35,2.0
2026-09-05,wk inc covid hosp,2,2026-09-19,56,quantile,0.4,2.0
2026-09-05,wk inc covid hosp,2,2026-09-19,56,quantile,0.45,3.0
2026-09-05,wk inc covid hosp,2,2026-09-19,56,quantile,0.5,3.0
2026-09-05,wk inc covid hosp,2,2026-09-19,56,quantile,0.55,4.0
2026-09-05,wk inc covid hosp,2,2026-09-19,56,quantile,0.6,4.0
2026-09-05,wk inc covid hosp,2,2026-09-19,56,quantile,0.65,5.0
2026-09-05,wk inc covid hosp,2,2026-09-19,56,quantile,0.7,6.0
2026-09-05,wk inc covid hosp,2,2026-09-19,56,quantile,0.75,6.0
2026-09-05,wk inc covid hosp,2,2026-09-19,56,quantile,0.8,7.0
2026-09-05,wk inc covid hosp,2,2026-09-19,56,quantile,0.85,8.0
2026-09-05,wk inc covid hosp,2,2026-09-19,56,quantile,0.9,9.0
2026-09-05,wk inc covid hosp,2,2026-09-19,56,quantile,0.95,10.0
2026-09-05,wk inc covid hosp,2,2026-09-19,56,quantile,0.975,12.0
2026-09-05,wk inc covid hosp,2,2026-09-19,56,quantile,0.99,13.0
2026-09-05,wk inc covid hosp,2,2026-09-19,72,quantile,0.01,5.0
2026-09-05,wk inc covid hosp,2,2026-09-19,72,quantile,0.025,7.0
2026-09-05,wk inc covid hosp,2,2026-09-19,72,quantile,0.05,9.0
2026-09-05,wk inc covid hosp,2,2026-09-19,72,quantile,0.1,11.0
2026-09-05,wk inc covid hosp,2,2026-09-19,72,quantile,0.15,13.0
2026-09-05,wk inc covid hosp,2,2026-09-19,72,quantile,0.2,14.0
2026-09-05,wk inc covid hosp,2,2026-09-19,72,quantile,0.25,15.0
2026-09-05,wk inc covid hosp,2,2026-09-19,72,quantile,0.3,16.0
2026-09-05,wk inc covid hosp,2,2026-09-19,72,quantile,0.35,17.0
2026-09-05,wk inc covid hosp,2,2026-09-19,72,quantile,0.4,35.0
2026-09-05,wk inc covid hosp,2,2026-09-19,72,quantile,0.45,62.0
2026-09-05,wk inc covid hosp,2,2026-09-19,72,quantile,0.5,87.0
2026-09-05,wk inc covid hosp,2,2026-09-19,72,quantile,0.55,113.0
2026-09-05,wk inc covid hosp,2,2026-09-19,72,quantile,0.6,139.0
2026-09-05,wk inc covid hosp,2,2026-09-19,72,quantile,0.65,166.0
2026-09-05,wk inc covid hosp,2,2026-09-19,72,quantile,0.7,195.0
2026-09-05,wk inc covid hosp,2,2026-09-19,72,quantile,0.75,226.0
2026-09-05,wk inc covid hosp,2,2026-09-19,72,quantile,0.8,260.0
2026-09-05,wk inc covid hosp,2,2026-09-19,72,quantile,0.85,300.0
2026-09-05,wk inc covid hosp,2,2026-09-19,72,quantile,0.9,350.0
2026-09-05,wk inc covid hosp,2,2026-09-19,72,quantile,0.95,424.0
2026-09-05,wk inc covid hosp,2,2026-09-19,72,quantile,0.975,489.0
2026-09-05,wk inc covid hosp,2,2026-09-19,72,quantile,0.99,564.0
2026-09-05,wk inc covid hosp,3,2026-09-26,01,quantile,0.01,4.0
2026-09-05,wk inc covid hosp,3,2026-09-26,01,quantile,0.025,10.0
2026-09-05,wk inc covid hosp,3,2026-09-26,01,quantile,0.05,15.0
2026-09-05,wk inc covid hosp,3,2026-09-26,01,quantile,0.1,24.0
2026-09-05,wk inc covid hosp,3,2026-09-26,01,quantile,0.15,32.0
2026-09-05,wk inc covid hosp,3,2026-09-26,01,quantile,0.2,39.0
2026-09-05,wk inc covid hosp,3,2026-09-26,01,quantile,0.25,45.0
2026-09-05,wk inc covid hosp,3,2026-09-26,01,quantile,0.3,50.0
2026-09-05,wk inc covid hosp,3,2026-09-26,01,quantile,0.35,55.0
2026-09-05,wk inc covid hosp,3,2026-09-26,01,quantile,0.4,60.0
2026-09-05,wk inc covid hosp,3,2026-09-26,01,quantile,0.45,64.0
2026-09-05,wk inc covid hosp,3,2026-09-26,01,quantile,0.5,69.0
2026-09-05,wk inc covid hosp,3,2026-09-26,01,quantile,0.55,73.0
2026-09-05,wk inc covid hosp,3,2026-09-26,01,quantile,0.6,77.0
2026-09-05,wk inc covid hosp,3,2026-09-26,01,quantile,0.65,82.0
2026-09-05,wk inc covid hosp,3,2026-09-26,01,quantile,0.7,87.0
2026-09-05,wk inc covid hosp,3,2026-09-26,01,quantile,0.75,92.0
2026-09-05,wk inc covid hosp,3,2026-09-26,01,quantile,0.8,98.0
2026-09-05,wk inc covid hosp,3,2026-09-26,01,quantile,0.85,105.0
2026-09-05,wk inc covid hosp,3,2026-09-26,01,quantile,0.9,113.0
2026-09-05,wk inc covid hosp,3,2026-09-26,01,quantile,0.95,126.0
2026-09-05,wk inc covid hosp,3,2026-09-26,01,quantile,0.975,137.0
2026-09-05,wk inc covid hosp,3,2026-09-26,01,quantile,0.99,150.0
2026-09-05,wk inc covid hosp,3,2026-09-26,02,quantile,0.01,0.0
2026-09-05,wk inc covid hosp,3,2026-09-26,02,quantile,0.025,0.0
2026-09-05,wk inc covid hosp,3,2026-09-26,02,quantile,0.05,1.0
2026-09-05,wk inc covid hosp,3,2026-09-26,02,quantile,0.1,1.0
2026-09-05,wk inc covid hosp,3,2026-09-26,02,quantile,0.15,2.0
2026-09-05,wk inc covid hosp,3,2026-09-26,02,quantile,0.2,2.0
2026-09-05,wk inc covid hosp,3,2026-09-26,02,quantile,0.25,2.0
2026-09-05,wk inc covid hosp,3,2026-09-26,02,quantile,0.3,3.0
2026-09-05,wk inc covid hosp,3,2026-09-26,02,quantile,0.35,3.0
2026-09-05,wk inc covid hosp,3,2026-09-26,02,quantile,0.4,3.0
2026-09-05,wk inc covid hosp,3,2026-09-26,02,quantile,0.45,4.0
2026-09-05,wk inc covid hosp,3,2026-09-26,02,quantile,0.5,5.0
2026-09-05,wk inc covid hosp,3,2026-09-26,02,quantile,0.55,6.0
2026-09-05,wk inc covid hosp,3,2026-09-26,02,quantile,0.6,7.0
2026-09-05,wk inc covid hosp,3,2026-09-26,02,quantile,0.65,8.0
2026-09-05,wk inc covid hosp,3,2026-09-26,02,quantile,0.7,9.0
2026-09-05,wk inc covid hosp,3,2026-09-26,02,quantile,0.75,10.0
2026-09-05,wk inc covid hosp,3,2026-09-26,02,quantile,0.8,11.0
2026-09-05,wk inc covid hosp,3,2026-09-26,02,quantile,0.85,13.0
2026-09-05,wk inc covid hosp,3,2026-09-26,02,quantile,0.9,15.0
2026-09-05,wk inc covid hosp,3,2026-09-26,02,quantile,0.95,18.0
2026-09-05,wk inc covid hosp,3,2026-09-26,02,quantile,0.975,20.0
2026-09-05,wk inc covid hosp,3,2026-09-26,02,quantile,0.99,23.0
2026-09-05,wk inc covid hosp,3,2026-09-26,04,quantile,0.01,4.0
2026-09-05,wk inc covid hosp,3,2026-09-26,04,quantile,0.025,11.0
2026-09-05,wk inc covid hosp,3,2026-09-26,04,quantile,0.05,22.0
2026-09-05,wk inc covid hosp,3,2026-09-26,04,quantile,0.1,34.0
2026-09-05,wk inc covid hosp,3,2026-09-26,04,quantile,0.15,42.0
2026-09-05,wk inc covid hosp,3,2026-09-26,04,quantile,0.2,48.0
2026-09-05,wk inc covid hosp,3,2026-09-26,04,quantile,0.25,53.0
2026-09-05,wk inc covid hosp,3,2026-09-26,04,quantile,0.3,58.0
2026-09-05,wk inc covid hosp,3,2026-09-26,04,quantile,0.35,63.0
2026-09-05,wk inc covid hosp,3,2026-09-26,04,quantile,0.4,67.0
2026-09-05,wk inc covid hosp,3,2026-09-26,04,quantile,0.45,71.0
2026-09-05,wk inc covid hosp,3,2026-09-26,04,quantile,0.5,75.0
2026-09-05,wk inc covid hosp,3,2026-09-26,04,quantile,0.55,79.0
2026-09-05,wk inc covid hosp,3,2026-09-26,04,quantile,0.6,84.0
2026-09-05,wk inc covid hosp,3,2026-09-26,04,quantile,0.65,88.0
2026-09-05,wk inc covid hosp,3,2026-09-26,04,quantile,0.7,92.0
2026-09-05,wk inc covid hosp,3,2026-09-26,04,quantile,0.75,97.0
2026-09-05,wk inc covid hosp,3,2026-09-26,04,quantile,0.8,103.0
2026-09-05,wk inc covid hosp,3,2026-09-26,04,quantile,0.85,109.0
2026-09-05,wk inc covid hosp,3,2026-09-26,04,quantile,0.9,117.0
2026-09-05,wk inc covid hosp,3,2026-09-26,04,quantile,0.95,129.0
2026-09-05,wk inc covid hosp,3,2026-09-26,04,quantile,0.975,139.0
2026-09-05,wk inc covid hosp,3,2026-09-26,04,quantile,0.99,151.0
2026-09-05,wk inc covid hosp,3,2026-09-26,05,quantile,0.01,1.0
2026-09-05,wk inc covid hosp,3,2026-09-26,05,quantile,0.025,4.0
2026-09-05,wk inc covid hosp,3,2026-09-26,05,quantile,0.05,6.0
2026-09-05,wk inc covid hosp,3,2026-09-26,05,quantile,0.1,10.0
2026-09-05,wk inc covid hosp,3,2026-09-26,05,quantile,0.15,12.0
2026-09-05,wk inc covid hosp,3,2026-09-26,05,quantile,0.2,14.0
2026-09-05,wk inc covid hosp,3,2026-09-26,05,quantile,0.25,16.0
2026-09-05,wk inc covid hosp,3,2026-09-26,05,quantile,0.3,18.0
2026-09-05,wk inc covid hosp,3,2026-09-26,05,quantile,0.35,20.0
2026-09-05,wk inc covid hosp,3,2026-09-26,05,quantile,0.4,21.0
2026-09-05,wk inc covid hosp,3,2026-09-26,05,quantile,0.45,23.0
2026-09-05,wk inc covid hosp,3,2026-09-26,05,quantile,0.5,24.0
2026-09-05,wk inc covid hosp,3,2026-09-26,05,quantile,0.55,26.0
2026-09-05,wk inc covid hosp,3,2026-09-26,05,quantile,0.6,28.0
2026-09-05,wk inc covid hosp,3,2026-09-26,05,quantile,0.65,29.0
2026-09-05,wk inc covid hosp,3,2026-09-26,05,quantile,0.7,31.0
2026-09-05,wk inc covid hosp,3,2026-09-26,05,quantile,0.75,33.0
2026-09-05,wk inc covid hosp,3,2026-09-26,05,quantile,0.8,35.0
2026-09-05,wk inc covid hosp,3,2026-09-26,05,quantile,0.85,37.0
2026-09-05,wk inc covid hosp,3,2026-09-26,05,quantile,0.9,40.0
2026-09-05,wk inc covid hosp,3,2026-09-26,05,quantile,0.95,45.0
2026-09-05,wk inc covid hosp,3,2026-09-26,05,quantile,0.975,49.0
2026-09-05,wk inc covid hosp,3,2026-09-26,05,quantile,0.99,53.0
2026-09-05,wk inc covid hosp,3,2026-09-26,06,quantile,0.01,42.0
2026-09-05,wk inc covid hosp,3,2026-09-26,06,quantile,0.025,108.0
2026-09-05,wk inc covid hosp,3,2026-09-26,06,quantile,0.05,165.0
2026-09-05,wk inc covid hosp,3,2026-09-26,06,quantile,0.1,230.0
2026-09-05,wk inc covid hosp,3,2026-09-26,06,quantile,0.15,275.0
2026-09-05,wk inc covid hosp,3,2026-09-26,06,quantile,0.2,310.0
2026-09-05,wk inc covid hosp,3,2026-09-26,06,quantile,0.25,340.0
2026-09-05,wk inc covid hosp,3,2026-09-26,06,quantile,0.3,367.0
2026-09-05,wk inc covid hosp,3,2026-09-26,06,quantile,0.35,392.0
2026-09-05,wk inc covid hosp,3,2026-09-26,06,quantile,0.4,416.0
2026-09-05,wk inc covid hosp,3,2026-09-26,06,quantile,0.45,439.0
2026-09-05,wk inc covid hosp,3,2026-09-26,06,quantile,0.5,462.0
2026-09-05,wk inc covid hosp,3,2026-09-26,06,quantile,0.55,485.0
2026-09-05,wk inc covid hosp,3,2026-09-26,06,quantile,0.6,508.0
2026-09-05,wk inc covid hosp,3,2026-09-26,06,quantile,0.65,532.0
2026-09-05,wk inc covid hosp,3,2026-09-26,06,quantile,0.7,557.0
2026-09-05,wk inc covid hosp,3,2026-09-26,06,quantile,0.75,584.0
2026-09-05,wk inc covid hosp,3,2026-09-26,06,quantile,0.8,614.0
2026-09-05,wk inc covid hosp,3,2026-09-26,06,quantile,0.85,650.0
2026-09-05,wk inc covid hosp,3,2026-09-26,06,quantile,0.9,694.0
2026-09-05,wk inc covid hosp,3,2026-09-26,06,quantile,0.95,759.0
2026-09-05,wk inc covid hosp,3,2026-09-26,06,quantile,0.975,816.0
2026-09-05,wk inc covid hosp,3,2026-09-26,06,quantile,0.99,883.0
2026-09-05,wk inc covid hosp,3,2026-09-26,08,quantile,0.01,1.0
2026-09-05,wk inc covid hosp,3,2026-09-26,08,quantile,0.025,3.0
2026-09-05,wk inc covid hosp,3,2026-09-26,08,quantile,0.05,5.0
2026-09-05,wk inc covid hosp,3,2026-09-26,08,quantile,0.1,8.0
2026-09-05,wk inc covid hosp,3,2026-09-26,08,quantile,0.15,10.0
2026-09-05,wk inc covid hosp,3,2026-09-26,08,quantile,0.2,12.0
2026-09-05,wk inc covid hosp,3,2026-09-26,08,quantile,0.25,15.0
2026-09-05,wk inc covid hosp,3,2026-09-26,08,quantile,0.3,18.0
2026-09-05,wk inc covid hosp,3,2026-09-26,08,quantile,0.35,21.0
2026-09-05,wk inc covid hosp,3,2026-09-26,08,quantile,0.4,23.0
2026-09-05,wk inc covid hosp,3,2026-09-26,08,quantile,0.45,26.0
2026-09-05,wk inc covid hosp,3,2026-09-26,08,quantile,0.5,29.0
2026-09-05,wk inc covid hosp,3,2026-09-26,08,quantile,0.55,31.0
2026-09-05,wk inc covid hosp,3,2026-09-26,08,quantile,0.6,34.0
2026-09-05,wk inc covid hosp,3,2026-09-26,08,quantile,0.65,36.0
2026-09-05,wk inc covid hosp,3,2026-09-26,08,quantile,0.7,39.0
2026-09-05,wk inc covid hosp,3,2026-09-26,08,quantile,0.75,42.0
2026-09-05,wk inc covid hosp,3,2026-09-26,08,quantile,0.8,46.0
2026-09-05,wk inc covid hosp,3,2026-09-26,08,quantile,0.85,50.0
2026-09-05,wk inc covid hosp,3,2026-09-26,08,quantile,0.9,54.0
2026-09-05,wk inc covid hosp,3,2026-09-26,08,quantile,0.95,62.0
2026-09-05,wk inc covid hosp,3,2026-09-26,08,quantile,0.975,68.0
2026-09-05,wk inc covid hosp,3,2026-09-26,08,quantile,0.99,76.0
2026-09-05,wk inc covid hosp,3,2026-09-26,09,quantile,0.01,1.0
2026-09-05,wk inc covid hosp,3,2026-09-26,09,quantile,0.025,3.0
2026-09-05,wk inc covid hosp,3,2026-09-26,09,quantile,0.05,4.0
2026-09-05,wk inc covid hosp,3,2026-09-26,09,quantile,0.1,7.0
2026-09-05,wk inc covid hosp,3,2026-09-26,09,quantile,0.15,9.0
2026-09-05,wk inc covid hosp,3,2026-09-26,09,quantile,0.2,11.0
2026-09-05,wk inc covid hosp,3,2026-09-26,09,quantile,0.25,13.0
2026-09-05,wk inc covid hosp,3,2026-09-26,09,quantile,0.3,15.0
2026-09-05,wk inc covid hosp,3,2026-09-26,09,quantile,0.35,16.0
2026-09-05,wk inc covid hosp,3,2026-09-26,09,quantile,0.4,18.0
2026-09-05,wk inc covid hosp,3,2026-09-26,09,quantile,0.45,19.0
2026-09-05,wk inc covid hosp,3,2026-09-26,09,quantile,0.5,21.0
2026-09-05,wk inc covid hosp,3,2026-09-26,09,quantile,0.55,22.0
2026-09-05,wk inc covid hosp,3,2026-09-26,09,quantile,0.6,24.0
2026-09-05,wk inc covid hosp,3,2026-09-26,09,quantile,0.65,25.0
2026-09-05,wk inc covid hosp,3,2026-09-26,09,quantile,0.7,27.0
2026-09-05,wk inc covid hosp,3,2026-09-26,09,quantile,0.75,28.0
2026-09-05,wk inc covid hosp,3,2026-09-26,09,quantile,0.8,30.0
2026-09-05,wk inc covid hosp,3,2026-09-26,09,quantile,0.85,33.0
2026-09-05,wk inc covid hosp,3,2026-09-26,09,quantile,0.9,35.0
2026-09-05,wk inc covid hosp,3,2026-09-26,09,quantile,0.95,39.0
2026-09-05,wk inc covid hosp,3,2026-09-26,09,quantile,0.975,43.0
2026-09-05,wk inc covid hosp,3,2026-09-26,09,quantile,0.99,47.0
2026-09-05,wk inc covid hosp,3,2026-09-26,10,quantile,0.01,0.0
2026-09-05,wk inc covid hosp,3,2026-09-26,10,quantile,0.025,1.0
2026-09-05,wk inc covid hosp,3,2026-09-26,10,quantile,0.05,2.0
2026-09-05,wk inc covid hosp,3,2026-09-26,10,quantile,0.1,2.0
2026-09-05,wk inc covid hosp,3,2026-09-26,10,quantile,0.15,3.0
2026-09-05,wk inc covid hosp,3,2026-09-26,10,quantile,0.2,3.0
2026-09-05,wk inc covid hosp,3,2026-09-26,10,quantile,0.25,3.0
2026-09-05,wk inc covid hosp,3,2026-09-26,10,quantile,0.3,4.0
2026-09-05,wk inc covid hosp,3,2026-09-26,10,quantile,0.35,4.0
2026-09-05,wk inc covid hosp,3,2026-09-26,10,quantile,0.4,5.0
2026-09-05,wk inc covid hosp,3,2026-09-26,10,quantile,0.45,6.0
2026-09-05,wk inc covid hosp,3,2026-09-26,10,quantile,0.5,6.0
2026-09-05,wk inc covid hosp,3,2026-09-26,10,quantile,0.55,7.0
2026-09-05,wk inc covid hosp,3,2026-09-26,10,quantile,0.6,8.0
2026-09-05,wk inc covid hosp,3,2026-09-26,10,quantile,0.65,8.0
2026-09-05,wk inc covid hosp,3,2026-09-26,10,quantile,0.7,9.0
2026-09-05,wk inc covid hosp,3,2026-09-26,10,quantile,0.75,10.0
2026-09-05,wk inc covid hosp,3,2026-09-26,10,quantile,0.8,11.0
2026-09-05,wk inc covid hosp,3,2026-09-26,10,quantile,0.85,12.0
2026-09-05,wk inc covid hosp,3,2026-09-26,10,quantile,0.9,13.0
2026-09-05,wk inc covid hosp,3,2026-09-26,10,quantile,0.95,15.0
2026-09-05,wk inc covid hosp,3,2026-09-26,10,quantile,0.975,17.0
2026-09-05,wk inc covid hosp,3,2026-09-26,10,quantile,0.99,19.0
2026-09-05,wk inc covid hosp,3,2026-09-26,11,quantile,0.01,0.0
2026-09-05,wk inc covid hosp,3,2026-09-26,11,quantile,0.025,1.0
2026-09-05,wk inc covid hosp,3,2026-09-26,11,quantile,0.05,1.0
2026-09-05,wk inc covid hosp,3,2026-09-26,11,quantile,0.1,2.0
2026-09-05,wk inc covid hosp,3,2026-09-26,11,quantile,0.15,2.0
2026-09-05,wk inc covid hosp,3,2026-09-26,11,quantile,0.2,2.0
2026-09-05,wk inc covid hosp,3,2026-09-26,11,quantile,0.25,2.0
2026-09-05,wk inc covid hosp,3,2026-09-26,11,quantile,0.3,3.0
2026-09-05,wk inc covid hosp,3,2026-09-26,11,quantile,0.35,3.0
2026-09-05,wk inc covid hosp,3,2026-09-26,11,quantile,0.4,3.0
2026-09-05,wk inc covid hosp,3,2026-09-26,11,quantile,0.45,4.0
2026-09-05,wk inc covid hosp,3,2026-09-26,11,quantile,0.5,5.0
2026-09-05,wk inc covid hosp,3,2026-09-26,11,quantile,0.55,5.0
2026-09-05,wk inc covid hosp,3,2026-09-26,11,quantile,0.6,6.0
2026-09-05,wk inc covid hosp,3,2026-09-26,11,quantile,0.65,7.0
2026-09-05,wk inc covid hosp,3,2026-09-26,11,quantile,0.7,8.0
2026-09-05,wk inc covid hosp,3,2026-09-26,11,quantile,0.75,9.0
2026-09-05,wk inc covid hosp,3,2026-09-26,11,quantile,0.8,10.0
2026-09-05,wk inc covid hosp,3,2026-09-26,11,quantile,0.85,11.0
2026-09-05,wk inc covid hosp,3,2026-09-26,11,quantile,0.9,12.0
2026-09-05,wk inc covid hosp,3,2026-09-26,11,quantile,0.95,14.0
2026-09-05,wk inc covid hosp,3,2026-09-26,11,quantile,0.975,16.0
2026-09-05,wk inc covid hosp,3,2026-09-26,11,quantile,0.99,18.0
2026-09-05,wk inc covid hosp,3,2026-09-26,12,quantile,0.01,28.0
2026-09-05,wk inc covid hosp,3,2026-09-26,12,quantile,0.025,75.0
2026-09-05,wk inc covid hosp,3,2026-09-26,12,quantile,0.05,115.0
2026-09-05,wk inc covid hosp,3,2026-09-26,12,quantile,0.1,161.0
2026-09-05,wk inc covid hosp,3,2026-09-26,12,quantile,0.15,192.0
2026-09-05,wk inc covid hosp,3,2026-09-26,12,quantile,0.2,217.0
2026-09-05,wk inc covid hosp,3,2026-09-26,12,quantile,0.25,239.0
2026-09-05,wk inc covid hosp,3,2026-09-26,12,quantile,0.3,258.0
2026-09-05,wk inc covid hosp,3,2026-09-26,12,quantile,0.35,275.0
2026-09-05,wk inc covid hosp,3,2026-09-26,12,quantile,0.4,292.0
2026-09-05,wk inc covid hosp,3,2026-09-26,12,quantile,0.45,308.0
2026-09-05,wk inc covid hosp,3,2026-09-26,12,quantile,0.5,325.0
2026-09-05,wk inc covid hosp,3,2026-09-26,12,quantile,0.55,341.0
2026-09-05,wk inc covid hosp,3,2026-09-26,12,quantile,0.6,357.0
2026-09-05,wk inc covid hosp,3,2026-09-26,12,quantile,0.65,374.0
2026-09-05,wk inc covid hosp,3,2026-09-26,12,quantile,0.7,391.0
2026-09-05,wk inc covid hosp,3,2026-09-26,12,quantile,0.75,410.0
2026-09-05,wk inc covid hosp,3,2026-09-26,12,quantile,0.8,432.0
2026-09-05,wk inc covid hosp,3,2026-09-26,12,quantile,0.85,457.0
2026-09-05,wk inc covid hosp,3,2026-09-26,12,quantile,0.9,488.0
2026-09-05,wk inc covid hosp,3,2026-09-26,12,quantile,0.95,534.0
2026-09-05,wk inc covid hosp,3,2026-09-26,12,quantile,0.975,574.0
2026-09-05,wk inc covid hosp,3,2026-09-26,12,quantile,0.99,621.0
2026-09-05,wk inc covid hosp,3,2026-09-26,13,quantile,0.01,6.0
2026-09-05,wk inc covid hosp,3,2026-09-26,13,quantile,0.025,16.0
2026-09-05,wk inc covid hosp,3,2026-09-26,13,quantile,0.05,24.0
2026-09-05,wk inc covid hosp,3,2026-09-26,13,quantile,0.1,42.0
2026-09-05,wk inc covid hosp,3,2026-09-26,13,quantile,0.15,55.0
2026-09-05,wk inc covid hosp,3,2026-09-26,13,quantile,0.2,66.0
2026-09-05,wk inc covid hosp,3,2026-09-26,13,quantile,0.25,75.0
2026-09-05,wk inc covid hosp,3,2026-09-26,13,quantile,0.3,83.0
2026-09-05,wk inc covid hosp,3,2026-09-26,13,quantile,0.35,91.0
2026-09-05,wk inc covid hosp,3,2026-09-26,13,quantile,0.4,98.0
2026-09-05,wk inc covid hosp,3,2026-09-26,13,quantile,0.45,105.0
2026-09-05,wk inc covid hosp,3,2026-09-26,13,quantile,0.5,112.0
2026-09-05,wk inc covid hosp,3,2026-09-26,13,quantile,0.55,119.0
2026-09-05,wk inc covid hosp,3,2026-09-26,13,quantile,0.6,126.0
2026-09-05,wk inc covid hosp,3,2026-09-26,13,quantile,0.65,133.0
2026-09-05,wk inc covid hosp,3,2026-09-26,13,quantile,0.7,141.0
2026-09-05,wk inc covid hosp,3,2026-09-26,13,quantile,0.75,149.0
2026-09-05,wk inc covid hosp,3,2026-09-26,13,quantile,0.8,158.0
2026-09-05,wk inc covid hosp,3,2026-09-26,13,quantile,0.85,169.0
2026-09-05,wk inc covid hosp,3,2026-09-26,13,quantile,0.9,182.0
2026-09-05,wk inc covid hosp,3,2026-09-26,13,quantile,0.95,202.0
2026-09-05,wk inc covid hosp,3,2026-09-26,13,quantile,0.975,219.0
2026-09-05,wk inc covid hosp,3,2026-09-26,13,quantile,0.99,239.0
2026-09-05,wk inc covid hosp,3,2026-09-26,15,quantile,0.01,1.0
2026-09-05,wk inc covid hosp,3,2026-09-26,15,quantile,0.025,2.0
2026-09-05,wk inc covid hosp,3,2026-09-26,15,quantile,0.05,3.0
2026-09-05,wk inc covid hosp,3,2026-09-26,15,quantile,0.1,4.0
2026-09-05,wk inc covid hosp,3,2026-09-26,15,quantile,0.15,5.0
2026-09-05,wk inc covid hosp,3,2026-09-26,15,quantile,0.2,6.0
2026-09-05,wk inc covid hosp,3,2026-09-26,15,quantile,0.25,7.0
2026-09-05,wk inc covid hosp,3,2026-09-26,15,quantile,0.3,9.0
2026-09-05,wk inc covid hosp,3,2026-09-26,15,quantile,0.35,12.0
2026-09-05,wk inc covid hosp,3,2026-09-26,15,quantile,0.4,14.0
2026-09-05,wk inc covid hosp,3,2026-09-26,15,quantile,0.45,17.0
2026-09-05,wk inc covid hosp,3,2026-09-26,15,quantile,0.5,20.0
2026-09-05,wk inc covid hosp,3,2026-09-26,15,quantile,0.55,22.0
2026-09-05,wk inc covid hosp,3,2026-09-26,15,quantile,0.6,25.0
2026-09-05,wk inc covid hosp,3,2026-09-26,15,quantile,0.65,28.0
2026-09-05,wk inc covid hosp,3,2026-09-26,15,quantile,0.7,31.0
2026-09-05,wk inc covid hosp,3,2026-09-26,15,quantile,0.75,34.0
2026-09-05,wk inc covid hosp,3,2026-09-26,15,quantile,0.8,38.0
2026-09-05,wk inc covid hosp,3,2026-09-26,15,quantile,0.85,42.0
2026-09-05,wk inc covid hosp,3,2026-09-26,15,quantile,0.9,47.0
2026-09-05,wk inc covid hosp,3,2026-09-26,15,quantile,0.95,55.0
2026-09-05,wk inc covid hosp,3,2026-09-26,15,quantile,0.975,61.0
2026-09-05,wk inc covid hosp,3,2026-09-26,15,quantile,0.99,69.0
2026-09-05,wk inc covid hosp,3,2026-09-26,16,quantile,0.01,0.0
2026-09-05,wk inc covid hosp,3,2026-09-26,16,quantile,0.025,1.0
2026-09-05,wk inc covid hosp,3,2026-09-26,16,quantile,0.05,2.0
2026-09-05,wk inc covid hosp,3,2026-09-26,16,quantile,0.1,3.0
2026-09-05,wk inc covid hosp,3,2026-09-26,16,quantile,0.15,4.0
2026-09-05,wk inc covid hosp,3,2026-09-26,16,quantile,0.2,5.0
2026-09-05,wk inc covid hosp,3,2026-09-26,16,quantile,0.25,6.0
2026-09-05,wk inc covid hosp,3,2026-09-26,16,quantile,0.3,6.0
2026-09-05,wk inc covid hosp,3,2026-09-26,16,quantile,0.35,7.0
2026-09-05,wk inc covid hosp,3,2026-09-26,16,quantile,0.4,8.0
2026-09-05,wk inc covid hosp,3,2026-09-26,16,quantile,0.45,10.0
2026-09-05,wk inc covid hosp,3,2026-09-26,16,quantile,0.5,13.0
2026-09-05,wk inc covid hosp,3,2026-09-26,16,quantile,0.55,17.0
2026-09-05,wk inc covid hosp,3,2026-09-26,16,quantile,0.6,21.0
2026-09-05,wk inc covid hosp,3,2026-09-26,16,quantile,0.65,24.0
2026-09-05,wk inc covid hosp,3,2026-09-26,16,quantile,0.7,28.0
2026-09-05,wk inc covid hosp,3,2026-09-26,16,quantile,0.75,32.0
2026-09-05,wk inc covid hosp,3,2026-09-26,16,quantile,0.8,37.0
2026-09-05,wk inc covid hosp,3,2026-09-26,16,quantile,0.85,42.0
2026-09-05,wk inc covid hosp,3,2026-09-26,16,quantile,0.9,49.0
2026-09-05,wk inc covid hosp,3,2026-09-26,16,quantile,0.95,59.0
2026-09-05,wk inc covid hosp,3,2026-09-26,16,quantile,0.975,68.0
2026-09-05,wk inc covid hosp,3,2026-09-26,16,quantile,0.99,79.0
2026-09-05,wk inc covid hosp,3,2026-09-26,17,quantile,0.01,4.0
2026-09-05,wk inc covid hosp,3,2026-09-26,17,quantile,0.025,10.0
2026-09-05,wk inc covid hosp,3,2026-09-26,17,quantile,0.05,17.0
2026-09-05,wk inc covid hosp,3,2026-09-26,17,quantile,0.1,27.0
2026-09-05,wk inc covid hosp,3,2026-09-26,17,quantile,0.15,35.0
2026-09-05,wk inc covid hosp,3,2026-09-26,17,quantile,0.2,41.0
2026-09-05,wk inc covid hosp,3,2026-09-26,17,quantile,0.25,47.0
2026-09-05,wk inc covid hosp,3,2026-09-26,17,quantile,0.3,52.0
2026-09-05,wk inc covid hosp,3,2026-09-26,17,quantile,0.35,56.0
2026-09-05,wk inc covid hosp,3,2026-09-26,17,quantile,0.4,61.0
2026-09-05,wk inc covid hosp,3,2026-09-26,17,quantile,0.45,65.0
2026-09-05,wk inc covid hosp,3,2026-09-26,17,quantile,0.5,69.0
2026-09-05,wk inc covid hosp,3,2026-09-26,17,quantile,0.55,73.0
2026-09-05,wk inc covid hosp,3,2026-09-26,17,quantile,0.6,78.0
2026-09-05,wk inc covid hosp,3,2026-09-26,17,quantile,0.65,82.0
2026-09-05,wk inc covid hosp,3,2026-09-26,17,quantile,0.7,87.0
2026-09-05,wk inc covid hosp,3,2026-09-26,17,quantile,0.75,92.0
2026-09-05,wk inc covid hosp,3,2026-09-26,17,quantile,0.8,97.0
2026-09-05,wk inc covid hosp,3,2026-09-26,17,quantile,0.85,104.0
2026-09-05,wk inc covid hosp,3,2026-09-26,17,quantile,0.9,112.0
2026-09-05,wk inc covid hosp,3,2026-09-26,17,quantile,0.95,124.0
2026-09-05,wk inc covid hosp,3,2026-09-26,17,quantile,0.975,134.0
2026-09-05,wk inc covid hosp,3,2026-09-26,17,quantile,0.99,146.0
2026-09-05,wk inc covid hosp,3,2026-09-26,18,quantile,0.01,2.0
2026-09-05,wk inc covid hosp,3,2026-09-26,18,quantile,0.025,6.0
2026-09-05,wk inc covid hosp,3,2026-09-26,18,quantile,0.05,10.0
2026-09-05,wk inc covid hosp,3,2026-09-26,18,quantile,0.1,15.0
2026-09-05,wk inc covid hosp,3,2026-09-26,18,quantile,0.15,18.0
2026-09-05,wk inc covid hosp,3,2026-09-26,18,quantile,0.2,21.0
2026-09-05,wk inc covid hosp,3,2026-09-26,18,quantile,0.25,24.0
2026-09-05,wk inc covid hosp,3,2026-09-26,18,quantile,0.3,26.0
2026-09-05,wk inc covid hosp,3,2026-09-26,18,quantile,0.35,29.0
2026-09-05,wk inc covid hosp,3,2026-09-26,18,quantile,0.4,31.0
2026-09-05,wk inc covid hosp,3,2026-09-26,18,quantile,0.45,34.0
2026-09-05,wk inc covid hosp,3,2026-09-26,18,quantile,0.5,36.0
2026-09-05,wk inc covid hosp,3,2026-09-26,18,quantile,0.55,38.0
2026-09-05,wk inc covid hosp,3,2026-09-26,18,quantile,0.6,40.0
2026-09-05,wk inc covid hosp,3,2026-09-26,18,quantile,0.65,43.0
2026-09-05,wk inc covid hosp,3,2026-09-26,18,quantile,0.7,45.0
2026-09-05,wk inc covid hosp,3,2026-09-26,18,quantile,0.75,48.0
2026-09-05,wk inc covid hosp,3,2026-09-26,18,quantile,0.8,51.0
2026-09-05,wk inc covid hosp,3,2026-09-26,18,quantile,0.85,54.0
2026-09-05,wk inc covid hosp,3,2026-09-26,18,quantile,0.9,59.0
2026-09-05,wk inc covid hosp,3,2026-09-26,18,quantile,0.95,65.0
2026-09-05,wk inc covid hosp,3,2026-09-26,18,quantile,0.975,71.0
2026-09-05,wk inc covid hosp,3,2026-09-26,18,quantile,0.99,77.0
2026-09-05,wk inc covid hosp,3,2026-09-26,19,quantile,0.01,1.0
2026-09-05,wk inc covid hosp,3,2026-09-26,19,quantile,0.025,2.0
2026-09-05,wk inc covid hosp,3,2026-09-26,19,quantile,0.05,4.0
2026-09-05,wk inc covid hosp,3,2026-09-26,19,quantile,0.1,6.0
2026-09-05,wk inc covid hosp,3,2026-09-26,19,quantile,0.15,7.0
2026-09-05,wk inc covid hosp,3,2026-09-26,19,quantile,0.2,9.0
2026-09-05,wk inc covid hosp,3,2026-09-26,19,quantile,0.25,10.0
2026-09-05,wk inc covid hosp,3,2026-09-26,19,quantile,0.3,11.0
2026-09-05,wk inc covid hosp,3,2026-09-26,19,quantile,0.35,12.0
2026-09-05,wk inc covid hosp,3,2026-09-26,19,quantile,0.4,14.0
2026-09-05,wk inc covid hosp,3,2026-09-26,19,quantile,0.45,15.0
2026-09-05,wk inc covid hosp,3,2026-09-26,19,quantile,0.5,16.0
2026-09-05,wk inc covid hosp,3,2026-09-26,19,quantile,0.55,17.0
2026-09-05,wk inc covid hosp,3,2026-09-26,19,quantile,0.6,18.0
2026-09-05,wk inc covid hosp,3,2026-09-26,19,quantile,0.65,19.0
2026-09-05,wk inc covid hosp,3,2026-09-26,19,quantile,0.7,20.0
2026-09-05,wk inc covid hosp,3,2026-09-26,19,quantile,0.75,21.0
2026-09-05,wk inc covid hosp,3,2026-09-26,19,quantile,0.8,23.0
2026-09-05,wk inc covid hosp,3,2026-09-26,19,quantile,0.85,24.0
2026-09-05,wk inc covid hosp,3,2026-09-26,19,quantile,0.9,27.0
2026-09-05,wk inc covid hosp,3,2026-09-26,19,quantile,0.95,30.0
2026-09-05,wk inc covid hosp,3,2026-09-26,19,quantile,0.975,32.0
2026-09-05,wk inc covid hosp,3,2026-09-26,19,quantile,0.99,35.0
2026-09-05,wk inc covid hosp,3,2026-09-26,20,quantile,0.01,1.0
2026-09-05,wk inc covid hosp,3,2026-09-26,20,quantile,0.025,2.0
2026-09-05,wk inc covid hosp,3,2026-09-26,20,quantile,0.05,3.0
2026-09-05,wk inc covid hosp,3,2026-09-26,20,quantile,0.1,6.0
2026-09-05,wk inc covid hosp,3,2026-09-26,20,quantile,0.15,7.0
2026-09-05,wk inc covid hosp,3,2026-09-26,20,quantile,0.2,8.0
2026-09-05,wk inc covid hosp,3,2026-09-26,20,quantile,0.25,9.0
2026-09-05,wk inc covid hosp,3,2026-09-26,20,quantile,0.3,10.0
2026-09-05,wk inc covid hosp,3,2026-09-26,20,quantile,0.35,11.0
2026-09-05,wk inc covid hosp,3,2026-09-26,20,quantile,0.4,13.0
2026-09-05,wk inc covid hosp,3,2026-09-26,20,quantile,0.45,14.0
2026-09-05,wk inc covid hosp,3,2026-09-26,20,quantile,0.5,16.0
2026-09-05,wk inc covid hosp,3,2026-09-26,20,quantile,0.55,17.0
2026-09-05,wk inc covid hosp,3,2026-09-26,20,quantile,0.6,18.0
2026-09-05,wk inc covid hosp,3,2026-09-26,20,quantile,0.65,20.0
2026-09-05,wk inc covid hosp,3,2026-09-26,20,quantile,0.7,21.0
2026-09-05,wk inc covid hosp,3,2026-09-26,20,quantile,0.75,23.0
2026-09-05,wk inc covid hosp,3,2026-09-26,20,quantile,0.8,25.0
2026-09-05,wk inc covid hosp,3,2026-09-26,20,quantile,0.85,27.0
2026-09-05,wk inc covid hosp,3,2026-09-26,20,quantile,0.9,30.0
2026-09-05,wk inc covid hosp,3,2026-09-26,20,quantile,0.95,34.0
2026-09-05,wk inc covid hosp,3,2026-09-26,20,quantile,0.975,38.0
2026-09-05,wk inc covid hosp,3,2026-09-26,20,quantile,0.99,42.0
2026-09-05,wk inc covid hosp,3,2026-09-26,21,quantile,0.01,3.0
2026-09-05,wk inc covid hosp,3,2026-09-26,21,quantile,0.025,8.0
2026-09-05,wk inc covid hosp,3,2026-09-26,21,quantile,0.05,13.0
2026-09-05,wk inc covid hosp,3,2026-09-26,21,quantile,0.1,18.0
2026-09-05,wk inc covid hosp,3,2026-09-26,21,quantile,0.15,23.0
2026-09-05,wk inc covid hosp,3,2026-09-26,21,quantile,0.2,26.0
2026-09-05,wk inc covid hosp,3,2026-09-26,21,quantile,0.25,30.0
2026-09-05,wk inc covid hosp,3,2026-09-26,21,quantile,0.3,32.0
2026-09-05,wk inc covid hosp,3,2026-09-26,21,quantile,0.35,35.0
2026-09-05,wk inc covid hosp,3,2026-09-26,21,quantile,0.4,37.0
2026-09-05,wk inc covid hosp,3,2026-09-26,21,quantile,0.45,40.0
2026-09-05,wk inc covid hosp,3,2026-09-26,21,quantile,0.5,42.0
2026-09-05,wk inc covid hosp,3,2026-09-26,21,quantile,0.55,45.0
2026-09-05,wk inc covid hosp,3,2026-09-26,21,quantile,0.6,47.0
2026-09-05,wk inc covid hosp,3,2026-09-26,21,quantile,0.65,50.0
2026-09-05,wk inc covid hosp,3,2026-09-26,21,quantile,0.7,52.0
2026-09-05,wk inc covid hosp,3,2026-09-26,21,quantile,0.75,55.0
2026-09-05,wk inc covid hosp,3,2026-09-26,21,quantile,0.8,58.0
2026-09-05,wk inc covid hosp,3,2026-09-26,21,quantile,0.85,62.0
2026-09-05,wk inc covid hosp,3,2026-09-26,21,quantile,0.9,66.0
2026-09-05,wk inc covid hosp,3,2026-09-26,21,quantile,0.95,73.0
2026-09-05,wk inc covid hosp,3,2026-09-26,21,quantile,0.975,79.0
2026-09-05,wk inc covid hosp,3,2026-09-26,21,quantile,0.99,86.0
2026-09-05,wk inc covid hosp,3,2026-09-26,22,quantile,0.01,1.0
2026-09-05,wk inc covid hosp,3,2026-09-26,22,quantile,0.025,6.0
2026-09-05,wk inc covid hosp,3,2026-09-26,22,quantile,0.05,11.0
2026-09-05,wk inc covid hosp,3,2026-09-26,22,quantile,0.1,17.0
2026-09-05,wk inc covid hosp,3,2026-09-26,22,quantile,0.15,24.0
2026-09-05,wk inc covid hosp,3,2026-09-26,22,quantile,0.2,32.0
2026-09-05,wk inc covid hosp,3,2026-09-26,22,quantile,0.25,39.0
2026-09-05,wk inc covid hosp,3,2026-09-26,22,quantile,0.3,45.0
2026-09-05,wk inc covid hosp,3,2026-09-26,22,quantile,0.35,50.0
2026-09-05,wk inc covid hosp,3,2026-09-26,22,quantile,0.4,56.0
2026-09-05,wk inc covid hosp,3,2026-09-26,22,quantile,0.45,61.0
2026-09-05,wk inc covid hosp,3,2026-09-26,22,quantile,0.5,66.0
2026-09-05,wk inc covid hosp,3,2026-09-26,22,quantile,0.55,71.0
2026-09-05,wk inc covid hosp,3,2026-09-26,22,quantile,0.6,76.0
2026-09-05,wk inc covid hosp,3,2026-09-26,22,quantile,0.65,81.0
2026-09-05,wk inc covid hosp,3,2026-09-26,22,quantile,0.7,87.0
2026-09-05,wk inc covid hosp,3,2026-09-26,22,quantile,0.75,93.0
2026-09-05,wk inc covid hosp,3,2026-09-26,22,quantile,0.8,100.0
2026-09-05,wk inc covid hosp,3,2026-09-26,22,quantile,0.85,108.0
2026-09-05,wk inc covid hosp,3,2026-09-26,22,quantile,0.9,118.0
2026-09-05,wk inc covid hosp,3,2026-09-26,22,quantile,0.95,132.0
2026-09-05,wk inc covid hosp,3,2026-09-26,22,quantile,0.975,145.0
2026-09-05,wk inc covid hosp,3,2026-09-26,22,quantile,0.99,160.0
2026-09-05,wk inc covid hosp,3,2026-09-26,23,quantile,0.01,0.0
2026-09-05,wk inc covid hosp,3,2026-09-26,23,quantile,0.025,1.0
2026-09-05,wk inc covid hosp,3,2026-09-26,23,quantile,0.05,1.0
2026-09-05,wk inc covid hosp,3,2026-09-26,23,quantile,0.1,2.0
2026-09-05,wk inc covid hosp,3,2026-09-26,23,quantile,0.15,3.0
2026-09-05,wk inc covid hosp,3,2026-09-26,23,quantile,0.2,3.0
2026-09-05,wk inc covid hosp,3,2026-09-26,23,quantile,0.25,3.0
2026-09-05,wk inc covid hosp,3,2026-09-26,23,quantile,0.3,4.0
2026-09-05,wk inc covid hosp,3,2026-09-26,23,quantile,0.35,4.0
2026-09-05,wk inc covid hosp,3,2026-09-26,23,quantile,0.4,4.0
2026-09-05,wk inc covid hosp,3,2026-09-26,23,quantile,0.45,4.0
2026-09-05,wk inc covid hosp,3,2026-09-26,23,quantile,0.5,5.0
2026-09-05,wk inc covid hosp,3,2026-09-26,23,quantile,0.55,5.0
2026-09-05,wk inc covid hosp,3,2026-09-26,23,quantile,0.6,5.0
2026-09-05,wk inc covid hosp,3,2026-09-26,23,quantile,0.65,6.0
2026-09-05,wk inc covid hosp,3,2026-09-26,23,quantile,0.7,6.0
2026-09-05,wk inc covid hosp,3,2026-09-26,23,quantile,0.75,7.0
2026-09-05,wk inc covid hosp,3,2026-09-26,23,quantile,0.8,7.0
2026-09-05,wk inc covid hosp,3,2026-09-26,23,quantile,0.85,8.0
2026-09-05,wk inc covid hosp,3,2026-09-26,23,quantile,0.9,9.0
2026-09-05,wk inc covid hosp,3,2026-09-26,23,quantile,0.95,10.0
2026-09-05,wk inc covid hosp,3,2026-09-26,23,quantile,0.975,11.0
2026-09-05,wk inc covid hosp,3,2026-09-26,23,quantile,0.99,12.0
2026-09-05,wk inc covid hosp,3,2026-09-26,24,quantile,0.01,1.0
2026-09-05,wk inc covid hosp,3,2026-09-26,24,quantile,0.025,4.0
2026-09-05,wk inc covid hosp,3,2026-09-26,24,quantile,0.05,7.0
2026-09-05,wk inc covid hosp,3,2026-09-26,24,quantile,0.1,10.0
2026-09-05,wk inc covid hosp,3,2026-09-26,24,quantile,0.15,12.0
2026-09-05,wk inc covid hosp,3,2026-09-26,24,quantile,0.2,14.0
2026-09-05,wk inc covid hosp,3,2026-09-26,24,quantile,0.25,16.0
2026-09-05,wk inc covid hosp,3,2026-09-26,24,quantile,0.3,17.0
2026-09-05,wk inc covid hosp,3,2026-09-26,24,quantile,0.35,19.0
2026-09-05,wk inc covid hosp,3,2026-09-26,24,quantile,0.4,21.0
2026-09-05,wk inc covid hosp,3,2026-09-26,24,quantile,0.45,23.0
2026-09-05,wk inc covid hosp,3,2026-09-26,24,quantile,0.5,24.0
2026-09-05,wk inc covid hosp,3,2026-09-26,24,quantile,0.55,26.0
2026-09-05,wk inc covid hosp,3,2026-09-26,24,quantile,0.6,28.0
2026-09-05,wk inc covid hosp,3,2026-09-26,24,quantile,0.65,29.0
2026-09-05,wk inc covid hosp,3,2026-09-26,24,quantile,0.7,31.0
2026-09-05,wk inc covid hosp,3,2026-09-26,24,quantile,0.75,33.0
2026-09-05,wk inc covid hosp,3,2026-09-26,24,quantile,0.8,36.0
2026-09-05,wk inc covid hosp,3,2026-09-26,24,quantile,0.85,38.0
2026-09-05,wk inc covid hosp,3,2026-09-26,24,quantile,0.9,41.0
2026-09-05,wk inc covid hosp,3,2026-09-26,24,quantile,0.95,46.0
2026-09-05,wk inc covid hosp,3,2026-09-26,24,quantile,0.975,51.0
2026-09-05,wk inc covid hosp,3,2026-09-26,24,quantile,0.99,55.0
2026-09-05,wk inc covid hosp,3,2026-09-26,25,quantile,0.01,2.0
2026-09-05,wk inc covid hosp,3,2026-09-26,25,quantile,0.025,5.0
2026-09-05,wk inc covid hosp,3,2026-09-26,25,quantile,0.05,8.0
2026-09-05,wk inc covid hosp,3,2026-09-26,25,quantile,0.1,13.0
2026-09-05,wk inc covid hosp,3,2026-09-26,25,quantile,0.15,18.0
2026-09-05,wk inc covid hosp,3,2026-09-26,25,quantile,0.2,22.0
2026-09-05,wk inc covid hosp,3,2026-09-26,25,quantile,0.25,26.0
2026-09-05,wk inc covid hosp,3,2026-09-26,25,quantile,0.3,29.0
2026-09-05,wk inc covid hosp,3,2026-09-26,25,quantile,0.35,32.0
2026-09-05,wk inc covid hosp,3,2026-09-26,25,quantile,0.4,35.0
2026-09-05,wk inc covid hosp,3,2026-09-26,25,quantile,0.45,38.0
2026-09-05,wk inc covid hosp,3,2026-09-26,25,quantile,0.5,41.0
2026-09-05,wk inc covid hosp,3,2026-09-26,25,quantile,0.55,44.0
2026-09-05,wk inc covid hosp,3,2026-09-26,25,quantile,0.6,47.0
2026-09-05,wk inc covid hosp,3,2026-09-26,25,quantile,0.65,50.0
2026-09-05,wk inc covid hosp,3,2026-09-26,25,quantile,0.7,53.0
2026-09-05,wk inc covid hosp,3,2026-09-26,25,quantile,0.75,57.0
2026-09-05,wk inc covid hosp,3,2026-09-26,25,quantile,0.8,60.0
2026-09-05,wk inc covid hosp,3,2026-09-26,25,quantile,0.85,65.0
2026-09-05,wk inc covid hosp,3,2026-09-26,25,quantile,0.9,70.0
2026-09-05,wk inc covid hosp,3,2026-09-26,25,quantile,0.95,79.0
2026-09-05,wk inc covid hosp,3,2026-09-26,25,quantile,0.975,86.0
2026-09-05,wk inc covid hosp,3,2026-09-26,25,quantile,0.99,94.0
2026-09-05,wk inc covid hosp,3,2026-09-26,26,quantile,0.01,3.0
2026-09-05,wk inc covid hosp,3,2026-09-26,26,quantile,0.025,8.0
2026-09-05,wk inc covid hosp,3,2026-09-26,26,quantile,0.05,13.0
2026-09-05,wk inc covid hosp,3,2026-09-26,26,quantile,0.1,20.0
2026-09-05,wk inc covid hosp,3,2026-09-26,26,quantile,0.15,24.0
2026-09-05,wk inc covid hosp,3,2026-09-26,26,quantile,0.2,28.0
2026-09-05,wk inc covid hosp,3,2026-09-26,26,quantile,0.25,31.0
2026-09-05,wk inc covid hosp,3,2026-09-26,26,quantile,0.3,34.0
2026-09-05,wk inc covid hosp,3,2026-09-26,26,quantile,0.35,38.0
2026-09-05,wk inc covid hosp,3,2026-09-26,26,quantile,0.4,43.0
2026-09-05,wk inc covid hosp,3,2026-09-26,26,quantile,0.45,47.0
2026-09-05,wk inc covid hosp,3,2026-09-26,26,quantile,0.5,51.0
2026-09-05,wk inc covid hosp,3,2026-09-26,26,quantile,0.55,55.0
2026-09-05,wk inc covid hosp,3,2026-09-26,26,quantile,0.6,59.0
2026-09-05,wk inc covid hosp,3,2026-09-26,26,quantile,0.65,63.0
2026-09-05,wk inc covid hosp,3,2026-09-26,26,quantile,0.7,67.0
2026-09-05,wk inc covid hosp,3,2026-09-26,26,quantile,0.75,72.0
2026-09-05,wk inc covid hosp,3,2026-09-26,26,quantile,0.8,77.0
2026-09-05,wk inc covid hosp,3,2026-09-26,26,quantile,0.85,83.0
2026-09-05,wk inc covid hosp,3,2026-09-26,26,quantile,0.9,91.0
2026-09-05,wk inc covid hosp,3,2026-09-26,26,quantile,0.95,103.0
2026-09-05,wk inc covid hosp,3,2026-09-26,26,quantile,0.975,113.0
2026-09-05,wk inc covid hosp,3,2026-09-26,26,quantile,0.99,124.0
2026-09-05,wk inc covid hosp,3,2026-09-26,27,quantile,0.01,1.0
2026-09-05,wk inc covid hosp,3,2026-09-26,27,quantile,0.025,4.0
2026-09-05,wk inc covid hosp,3,2026-09-26,27,quantile,0.05,7.0
2026-09-05,wk inc covid hosp,3,2026-09-26,27,quantile,0.1,10.0
2026-09-05,wk inc covid hosp,3,2026-09-26,27,quantile,0.15,12.0
2026-09-05,wk inc covid hosp,3,2026-09-26,27,quantile,0.2,14.0
2026-09-05,wk inc covid hosp,3,2026-09-26,27,quantile,0.25,17.0
2026-09-05,wk inc covid hosp,3,2026-09-26,27,quantile,0.3,19.0
2026-09-05,wk inc covid hosp,3,2026-09-26,27,quantile,0.35,21.0
2026-09-05,wk inc covid hosp,3,2026-09-26,27,quantile,0.4,24.0
2026-09-05,wk inc covid hosp,3,2026-09-26,27,quantile,0.45,26.0
2026-09-05,wk inc covid hosp,3,2026-09-26,27,quantile,0.5,28.0
2026-09-05,wk inc covid hosp,3,2026-09-26,27,quantile,0.55,30.0
2026-09-05,wk inc covid hosp,3,2026-09-26,27,quantile,0.6,32.0
2026-09-05,wk inc covid hosp,3,2026-09-26,27,quantile,0.65,34.0
2026-09-05,wk inc covid hosp,3,2026-09-26,27,quantile,0.7,36.0
2026-09-05,wk inc covid hosp,3,2026-09-26,27,quantile,0.75,39.0
2026-09-05,wk inc covid hosp,3,2026-09-26,27,quantile,0.8,41.0
2026-09-05,wk inc covid hosp,3,2026-09-26,27,quantile,0.85,44.0
2026-09-05,wk inc covid hosp,3,2026-09-26,27,quantile,0.9,48.0
2026-09-05,wk inc covid hosp,3,2026-09-26,27,quantile,0.95,54.0
2026-09-05,wk inc covid hosp,3,2026-09-26,27,quantile,0.975,59.0
2026-09-05,wk inc covid hosp,3,2026-09-26,27,quantile,0.99,65.0
2026-09-05,wk inc covid hosp,3,2026-09-26,28,quantile,0.01,2.0
2026-09-05,wk inc covid hosp,3,2026-09-26,28,quantile,0.025,5.0
2026-09-05,wk inc covid hosp,3,2026-09-26,28,quantile,0.05,8.0
2026-09-05,wk inc covid hosp,3,2026-09-26,28,quantile,0.1,12.0
2026-09-05,wk inc covid hosp,3,2026-09-26,28,quantile,0.15,16.0
2026-09-05,wk inc covid hosp,3,2026-09-26,28,quantile,0.2,19.0
2026-09-05,wk inc covid hosp,3,2026-09-26,28,quantile,0.25,22.0
2026-09-05,wk inc covid hosp,3,2026-09-26,28,quantile,0.3,24.0
2026-09-05,wk inc covid hosp,3,2026-09-26,28,quantile,0.35,26.0
2026-09-05,wk inc covid hosp,3,2026-09-26,28,quantile,0.4,28.0
2026-09-05,wk inc covid hosp,3,2026-09-26,28,quantile,0.45,30.0
2026-09-05,wk inc covid hosp,3,2026-09-26,28,quantile,0.5,32.0
2026-09-05,wk inc covid hosp,3,2026-09-26,28,quantile,0.55,34.0
2026-09-05,wk inc covid hosp,3,2026-09-26,28,quantile,0.6,36.0
2026-09-05,wk inc covid hosp,3,2026-09-26,28,quantile,0.65,39.0
2026-09-05,wk inc covid hosp,3,2026-09-26,28,quantile,0.7,41.0
2026-09-05,wk inc covid hosp,3,2026-09-26,28,quantile,0.75,43.0
2026-09-05,wk inc covid hosp,3,2026-09-26,28,quantile,0.8,46.0
2026-09-05,wk inc covid hosp,3,2026-09-26,28,quantile,0.85,49.0
2026-09-05,wk inc covid hosp,3,2026-09-26,28,quantile,0.9,53.0
2026-09-05,wk inc covid hosp,3,2026-09-26,28,quantile,0.95,59.0
2026-09-05,wk inc covid hosp,3,2026-09-26,28,quantile,0.975,64.0
2026-09-05,wk inc covid hosp,3,2026-09-26,28,quantile,0.99,69.0
2026-09-05,wk inc covid hosp,3,2026-09-26,29,quantile,0.01,2.0
2026-09-05,wk inc covid hosp,3,2026-09-26,29,quantile,0.025,5.0
2026-09-05,wk inc covid hosp,3,2026-09-26,29,quantile,0.05,8.0
2026-09-05,wk inc covid hosp,3,2026-09-26,29,quantile,0.1,12.0
2026-09-05,wk inc covid hosp,3,2026-09-26,29,quantile,0.15,15.0
2026-09-05,wk inc covid hosp,3,2026-09-26,29,quantile,0.2,18.0
2026-09-05,wk inc covid hosp,3,2026-09-26,29,quantile,0.25,22.0
2026-09-05,wk inc covid hosp,3,2026-09-26,29,quantile,0.3,26.0
2026-09-05,wk inc covid hosp,3,2026-09-26,29,quantile,0.35,30.0
2026-09-05,wk inc covid hosp,3,2026-09-26,29,quantile,0.4,34.0
2026-09-05,wk inc covid hosp,3,2026-09-26,29,quantile,0.45,37.0
2026-09-05,wk inc covid hosp,3,2026-09-26,29,quantile,0.5,40.0
2026-09-05,wk inc covid hosp,3,2026-09-26,29,quantile,0.55,44.0
2026-09-05,wk inc covid hosp,3,2026-09-26,29,quantile,0.6,47.0
2026-09-05,wk inc covid hosp,3,2026-09-26,29,quantile,0.65,50.0
2026-09-05,wk inc covid hosp,3,2026-09-26,29,quantile,0.7,54.0
2026-09-05,wk inc covid hosp,3,2026-09-26,29,quantile,0.75,58.0
2026-09-05,wk inc covid hosp,3,2026-09-26,29,quantile,0.8,63.0
2026-09-05,wk inc covid hosp,3,2026-09-26,29,quantile,0.85,68.0
2026-09-05,wk inc covid hosp,3,2026-09-26,29,quantile,0.9,74.0
2026-09-05,wk inc covid hosp,3,2026-09-26,29,quantile,0.95,84.0
2026-09-05,wk inc covid hosp,3,2026-09-26,29,quantile,0.975,92.0
2026-09-05,wk inc covid hosp,3,2026-09-26,29,quantile,0.99,102.0
2026-09-05,wk inc covid hosp,3,2026-09-26,30,quantile,0.01,0.0
2026-09-05,wk inc covid hosp,3,2026-09-26,30,quantile,0.025,1.0
2026-09-05,wk inc covid hosp,3,2026-09-26,30,quantile,0.05,1.0
2026-09-05,wk inc covid hosp,3,2026-09-26,30,quantile,0.1,2.0
2026-09-05,wk inc covid hosp,3,2026-09-26,30,quantile,0.15,2.0
2026-09-05,wk inc covid hosp,3,2026-09-26,30,quantile,0.2,3.0
2026-09-05,wk inc covid hosp,3,2026-09-26,30,quantile,0.25,3.0
2026-09-05,wk inc covid hosp,3,2026-09-26,30,quantile,0.3,4.0
2026-09-05,wk inc covid hosp,3,2026-09-26,30,quantile,0.35,4.0
2026-09-05,wk inc covid hosp,3,2026-09-26,30,quantile,0.4,4.0
2026-09-05,wk inc covid hosp,3,2026-09-26,30,quantile,0.45,5.0
2026-09-05,wk inc covid hosp,3,2026-09-26,30,quantile,0.5,6.0
2026-09-05,wk inc covid hosp,3,2026-09-26,30,quantile,0.55,8.0
2026-09-05,wk inc covid hosp,3,2026-09-26,30,quantile,0.6,10.0
2026-09-05,wk inc covid hosp,3,2026-09-26,30,quantile,0.65,12.0
2026-09-05,wk inc covid hosp,3,2026-09-26,30,quantile,0.7,13.0
2026-09-05,wk inc covid hosp,3,2026-09-26,30,quantile,0.75,16.0
2026-09-05,wk inc covid hosp,3,2026-09-26,30,quantile,0.8,18.0
2026-09-05,wk inc covid hosp,3,2026-09-26,30,quantile,0.85,20.0
2026-09-05,wk inc covid hosp,3,2026-09-26,30,quantile,0.9,24.0
2026-09-05,wk inc covid hosp,3,2026-09-26,30,quantile,0.95,29.0
2026-09-05,wk inc covid hosp,3,2026-09-26,30,quantile,0.975,33.0
2026-09-05,wk inc covid hosp,3,2026-09-26,30,quantile,0.99,38.0
2026-09-05,wk inc covid hosp,3,2026-09-26,31,quantile,0.01,1.0
2026-09-05,wk inc covid hosp,3,2026-09-26,31,quantile,0.025,1.0
2026-09-05,wk inc covid hosp,3,2026-09-26,31,quantile,0.05,2.0
2026-09-05,wk inc covid hosp,3,2026-09-26,31,quantile,0.1,4.0
2026-09-05,wk inc covid hosp,3,2026-09-26,31,quantile,0.15,4.0
2026-09-05,wk inc covid hosp,3,2026-09-26,31,quantile,0.2,5.0
2026-09-05,wk inc covid hosp,3,2026-09-26,31,quantile,0.25,6.0
2026-09-05,wk inc covid hosp,3,2026-09-26,31,quantile,0.3,6.0
2026-09-05,wk inc covid hosp,3,2026-09-26,31,quantile,0.35,7.0
2026-09-05,wk inc covid hosp,3,2026-09-26,31,quantile,0.4,9.0
2026-09-05,wk inc covid hosp,3,2026-09-26,31,quantile,0.45,10.0
2026-09-05,wk inc covid hosp,3,2026-09-26,31,quantile,0.5,11.0
2026-09-05,wk inc covid hosp,3,2026-09-26,31,quantile,0.55,12.0
2026-09-05,wk inc covid hosp,3,2026-09-26,31,quantile,0.6,13.0
2026-09-05,wk inc covid hosp,3,2026-09-26,31,quantile,0.65,15.0
2026-09-05,wk inc covid hosp,3,2026-09-26,31,quantile,0.7,16.0
2026-09-05,wk inc covid hosp,3,2026-09-26,31,quantile,0.75,17.0
2026-09-05,wk inc covid hosp,3,2026-09-26,31,quantile,0.8,19.0
2026-09-05,wk inc covid hosp,3,2026-09-26,31,quantile,0.85,21.0
2026-09-05,wk inc covid hosp,3,2026-09-26,31,quantile,0.9,23.0
2026-09-05,wk inc covid hosp,3,2026-09-26,31,quantile,0.95,27.0
2026-09-05,wk inc covid hosp,3,2026-09-26,31,quantile,0.975,30.0
2026-09-05,wk inc covid hosp,3,2026-09-26,31,quantile,0.99,33.0
2026-09-05,wk inc covid hosp,3,2026-09-26,32,quantile,0.01,2.0
2026-09-05,wk inc covid hosp,3,2026-09-26,32,quantile,0.025,4.0
2026-09-05,wk inc covid hosp,3,2026-09-26,32,quantile,0.05,6.0
2026-09-05,wk inc covid hosp,3,2026-09-26,32,quantile,0.1,9.0
2026-09-05,wk inc covid hosp,3,2026-09-26,32,quantile,0.15,11.0
2026-09-05,wk inc covid hosp,3,2026-09-26,32,quantile,0.2,12.0
2026-09-05,wk inc covid hosp,3,2026-09-26,32,quantile,0.25,13.0
2026-09-05,wk inc covid hosp,3,2026-09-26,32,quantile,0.3,15.0
2026-09-05,wk inc covid hosp,3,2026-09-26,32,quantile,0.35,17.0
2026-09-05,wk inc covid hosp,3,2026-09-26,32,quantile,0.4,19.0
2026-09-05,wk inc covid hosp,3,2026-09-26,32,quantile,0.45,20.0
2026-09-05,wk inc covid hosp,3,2026-09-26,32,quantile,0.5,22.0
2026-09-05,wk inc covid hosp,3,2026-09-26,32,quantile,0.55,24.0
2026-09-05,wk inc covid hosp,3,2026-09-26,32,quantile,0.6,25.0
2026-09-05,wk inc covid hosp,3,2026-09-26,32,quantile,0.65,27.0
2026-09-05,wk inc covid hosp,3,2026-09-26,32,quantile,0.7,29.0
2026-09-05,wk inc covid hosp,3,2026-09-26,32,quantile,0.75,31.0
2026-09-05,wk inc covid hosp,3,2026-09-26,32,quantile,0.8,33.0
2026-09-05,wk inc covid hosp,3,2026-09-26,32,quantile,0.85,36.0
2026-09-05,wk inc covid hosp,3,2026-09-26,32,quantile,0.9,39.0
2026-09-05,wk inc covid hosp,3,2026-09-26,32,quantile,0.95,44.0
2026-09-05,wk inc covid hosp,3,2026-09-26,32,quantile,0.975,48.0
2026-09-05,wk inc covid hosp,3,2026-09-26,32,quantile,0.99,53.0
2026-09-05,wk inc covid hosp,3,2026-09-26,33,quantile,0.01,0.0
2026-09-05,wk inc covid hosp,3,2026-09-26,33,quantile,0.025,1.0
2026-09-05,wk inc covid hosp,3,2026-09-26,33,quantile,0.05,2.0
2026-09-05,wk inc covid hosp,3,2026-09-26,33,quantile,0.1,3.0
2026-09-05,wk inc covid hosp,3,2026-09-26,33,quantile,0.15,3.0
2026-09-05,wk inc covid hosp,3,2026-09-26,33,quantile,0.2,4.0
2026-09-05,wk inc covid hosp,3,2026-09-26,33,quantile,0.25,4.0
2026-09-05,wk inc covid hosp,3,2026-09-26,33,quantile,0.3,5.0
2026-09-05,wk inc covid hosp,3,2026-09-26,33,quantile,0.35,5.0
2026-09-05,wk inc covid hosp,3,2026-09-26,33,quantile,0.4,6.0
2026-09-05,wk inc covid hosp,3,2026-09-26,33,quantile,0.45,6.0
2026-09-05,wk inc covid hosp,3,2026-09-26,33,quantile,0.5,7.0
2026-09-05,wk inc covid hosp,3,2026-09-26,33,quantile,0.55,8.0
2026-09-05,wk inc covid hosp,3,2026-09-26,33,quantile,0.6,9.0
2026-09-05,wk inc covid hosp,3,2026-09-26,33,quantile,0.65,9.0
2026-09-05,wk inc covid hosp,3,2026-09-26,33,quantile,0.7,10.0
2026-09-05,wk inc covid hosp,3,2026-09-26,33,quantile,0.75,11.0
2026-09-05,wk inc covid hosp,3,2026-09-26,33,quantile,0.8,12.0
2026-09-05,wk inc covid hosp,3,2026-09-26,33,quantile,0.85,13.0
2026-09-05,wk inc covid hosp,3,2026-09-26,33,quantile,0.9,15.0
2026-09-05,wk inc covid hosp,3,2026-09-26,33,quantile,0.95,17.0
2026-09-05,wk inc covid hosp,3,2026-09-26,33,quantile,0.975,19.0
2026-09-05,wk inc covid hosp,3,2026-09-26,33,quantile,0.99,21.0
2026-09-05,wk inc covid hosp,3,2026-09-26,34,quantile,0.01,7.0
2026-09-05,wk inc covid hosp,3,2026-09-26,34,quantile,0.025,17.0
2026-09-05,wk inc covid hosp,3,2026-09-26,34,quantile,0.05,29.0
2026-09-05,wk inc covid hosp,3,2026-09-26,34,quantile,0.1,46.0
2026-09-05,wk inc covid hosp,3,2026-09-26,34,quantile,0.15,58.0
2026-09-05,wk inc covid hosp,3,2026-09-26,34,quantile,0.2,68.0
2026-09-05,wk inc covid hosp,3,2026-09-26,34,quantile,0.25,76.0
2026-09-05,wk inc covid hosp,3,2026-09-26,34,quantile,0.3,83.0
2026-09-05,wk inc covid hosp,3,2026-09-26,34,quantile,0.35,90.0
2026-09-05,wk inc covid hosp,3,2026-09-26,34,quantile,0.4,96.0
2026-09-05,wk inc covid hosp,3,2026-09-26,34,quantile,0.45,102.0
2026-09-05,wk inc covid hosp,3,2026-09-26,34,quantile,0.5,108.0
2026-09-05,wk inc covid hosp,3,2026-09-26,34,quantile,0.55,114.0
2026-09-05,wk inc covid hosp,3,2026-09-26,34,quantile,0.6,121.0
2026-09-05,wk inc covid hosp,3,2026-09-26,34,quantile,0.65,127.0
2026-09-05,wk inc covid hosp,3,2026-09-26,34,quantile,0.7,134.0
2026-09-05,wk inc covid hosp,3,2026-09-26,34,quantile,0.75,141.0
2026-09-05,wk inc covid hosp,3,2026-09-26,34,quantile,0.8,149.0
2026-09-05,wk inc covid hosp,3,2026-09-26,34,quantile,0.85,159.0
2026-09-05,wk inc covid hosp,3,2026-09-26,34,quantile,0.9,170.0
2026-09-05,wk inc covid hosp,3,2026-09-26,34,quantile,0.95,188.0
2026-09-05,wk inc covid hosp,3,2026-09-26,34,quantile,0.975,203.0
2026-09-05,wk inc covid hosp,3,2026-09-26,34,quantile,0.99,221.0
2026-09-05,wk inc covid hosp,3,2026-09-26,35,quantile,0.01,1.0
2026-09-05,wk inc covid hosp,3,2026-09-26,35,quantile,0.025,3.0
2026-09-05,wk inc covid hosp,3,2026-09-26,35,quantile,0.05,5.0
2026-09-05,wk inc covid hosp,3,2026-09-26,35,quantile,0.1,8.0
2026-09-05,wk inc covid hosp,3,2026-09-26,35,quantile,0.15,10.0
2026-09-05,wk inc covid hosp,3,2026-09-26,35,quantile,0.2,11.0
2026-09-05,wk inc covid hosp,3,2026-09-26,35,quantile,0.25,13.0
2026-09-05,wk inc covid hosp,3,2026-09-26,35,quantile,0.3,15.0
2026-09-05,wk inc covid hosp,3,2026-09-26,35,quantile,0.35,17.0
2026-09-05,wk inc covid hosp,3,2026-09-26,35,quantile,0.4,19.0
2026-09-05,wk inc covid hosp,3,2026-09-26,35,quantile,0.45,21.0
2026-09-05,wk inc covid hosp,3,2026-09-26,35,quantile,0.5,23.0
2026-09-05,wk inc covid hosp,3,2026-09-26,35,quantile,0.55,25.0
2026-09-05,wk inc covid hosp,3,2026-09-26,35,quantile,0.6,27.0
2026-09-05,wk inc covid hosp,3,2026-09-26,35,quantile,0.65,29.0
2026-09-05,wk inc covid hosp,3,2026-09-26,35,quantile,0.7,31.0
2026-09-05,wk inc covid hosp,3,2026-09-26,35,quantile,0.75,33.0
2026-09-05,wk inc covid hosp,3,2026-09-26,35,quantile,0.8,36.0
2026-09-05,wk inc covid hosp,3,2026-09-26,35,quantile,0.85,39.0
2026-09-05,wk inc covid hosp,3,2026-09-26,35,quantile,0.9,42.0
2026-09-05,wk inc covid hosp,3,2026-09-26,35,quantile,0.95,48.0
2026-09-05,wk inc covid hosp,3,2026-09-26,35,quantile,0.975,53.0
2026-09-05,wk inc covid hosp,3,2026-09-26,35,quantile,0.99,58.0
2026-09-05,wk inc covid hosp,3,2026-09-26,36,quantile,0.01,13.0
2026-09-05,wk inc covid hosp,3,2026-09-26,36,quantile,0.025,35.0
2026-09-05,wk inc covid hosp,3,2026-09-26,36,quantile,0.05,65.0
2026-09-05,wk inc covid hosp,3,2026-09-26,36,quantile,0.1,100.0
2026-09-05,wk inc covid hosp,3,2026-09-26,36,quantile,0.15,123.0
2026-09-05,wk inc covid hosp,3,2026-09-26,36,quantile,0.2,142.0
2026-09-05,wk inc covid hosp,3,2026-09-26,36,quantile,0.25,158.0
2026-09-05,wk inc covid hosp,3,2026-09-26,36,quantile,0.3,172.0
2026-09-05,wk inc covid hosp,3,2026-09-26,36,quantile,0.35,186.0
2026-09-05,wk inc covid hosp,3,2026-09-26,36,quantile,0.4,198.0
2026-09-05,wk inc covid hosp,3,2026-09-26,36,quantile,0.45,210.0
2026-09-05,wk inc covid hosp,3,2026-09-26,36,quantile,0.5,222.0
2026-09-05,wk inc covid hosp,3,2026-09-26,36,quantile,0.55,234.0
2026-09-05,wk inc covid hosp,3,2026-09-26,36,quantile,0.6,247.0
2026-09-05,wk inc covid hosp,3,2026-09-26,36,quantile,0.65,259.0
2026-09-05,wk inc covid hosp,3,2026-09-26,36,quantile,0.7,273.0
2026-09-05,wk inc covid hosp,3,2026-09-26,36,quantile,0.75,287.0
2026-09-05,wk inc covid hosp,3,2026-09-26,36,quantile,0.8,303.0
2026-09-05,wk inc covid hosp,3,2026-09-26,36,quantile,0.85,322.0
2026-09-05,wk inc covid hosp,3,2026-09-26,36,quantile,0.9,345.0
2026-09-05,wk inc covid hosp,3,2026-09-26,36,quantile,0.95,380.0
2026-09-05,wk inc covid hosp,3,2026-09-26,36,quantile,0.975,410.0
2026-09-05,wk inc covid hosp,3,2026-09-26,36,quantile,0.99,445.0
2026-09-05,wk inc covid hosp,3,2026-09-26,37,quantile,0.01,8.0
2026-09-05,wk inc covid hosp,3,2026-09-26,37,quantile,0.025,20.0
2026-09-05,wk inc covid hosp,3,2026-09-26,37,quantile,0.05,31.0
2026-09-05,wk inc covid hosp,3,2026-09-26,37,quantile,0.1,52.0
2026-09-05,wk inc covid hosp,3,2026-09-26,37,quantile,0.15,67.0
2026-09-05,wk inc covid hosp,3,2026-09-26,37,quantile,0.2,79.0
2026-09-05,wk inc covid hosp,3,2026-09-26,37,quantile,0.25,90.0
2026-09-05,wk inc covid hosp,3,2026-09-26,37,quantile,0.3,99.0
2026-09-05,wk inc covid hosp,3,2026-09-26,37,quantile,0.35,108.0
2026-09-05,wk inc covid hosp,3,2026-09-26,37,quantile,0.4,116.0
2026-09-05,wk inc covid hosp,3,2026-09-26,37,quantile,0.45,124.0
2026-09-05,wk inc covid hosp,3,2026-09-26,37,quantile,0.5,131.0
2026-09-05,wk inc covid hosp,3,2026-09-26,37,quantile,0.55,139.0
2026-09-05,wk inc covid hosp,3,2026-09-26,37,quantile,0.6,147.0
2026-09-05,wk inc covid hosp,3,2026-09-26,37,quantile,0.65,155.0
2026-09-05,wk inc covid hosp,3,2026-09-26,37,quantile,0.7,164.0
2026-09-05,wk inc covid hosp,3,2026-09-26,37,quantile,0.75,173.0
2026-09-05,wk inc covid hosp,3,2026-09-26,37,quantile,0.8,183.0
2026-09-05,wk inc covid hosp,3,2026-09-26,37,quantile,0.85,195.0
2026-09-05,wk inc covid hosp,3,2026-09-26,37,quantile,0.9,210.0
2026-09-05,wk inc covid hosp,3,2026-09-26,37,quantile,0.95,233.0
2026-09-05,wk inc covid hosp,3,2026-09-26,37,quantile,0.975,252.0
2026-09-05,wk inc covid hosp,3,2026-09-26,37,quantile,0.99,275.0
2026-09-05,wk inc covid hosp,3,2026-09-26,38,quantile,0.01,0.0
2026-09-05,wk inc covid hosp,3,2026-09-26,38,quantile,0.025,1.0
2026-09-05,wk inc covid hosp,3,2026-09-26,38,quantile,0.05,1.0
2026-09-05,wk inc covid hosp,3,2026-09-26,38,quantile,0.1,2.0
2026-09-05,wk inc covid hosp,3,2026-09-26,38,quantile,0.15,2.0
2026-09-05,wk inc covid hosp,3,2026-09-26,38,quantile,0.2,3.0
2026-09-05,wk inc covid hosp,3,2026-09-26,38,quantile,0.25,3.0
2026-09-05,wk inc covid hosp,3,2026-09-26,38,quantile,0.3,3.0
2026-09-05,wk inc covid hosp,3,2026-09-26,38,quantile,0.35,3.0
2026-09-05,wk inc covid hosp,3,2026-09-26,38,quantile,0.4,4.0
2026-09-05,wk inc covid hosp,3,2026-09-26,38,quantile,0.45,4.0
2026-09-05,wk inc covid hosp,3,2026-09-26,38,quantile,0.5,4.0
2026-09-05,wk inc covid hosp,3,2026-09-26,38,quantile,0.55,5.0
2026-09-05,wk inc covid hosp,3,2026-09-26,38,quantile,0.6,5.0
2026-09-05,wk inc covid hosp,3,2026-09-26,38,quantile,0.65,6.0
2026-09-05,wk inc covid hosp,3,2026-09-26,38,quantile,0.7,6.0
2026-09-05,wk inc covid hosp,3,2026-09-26,38,quantile,0.75,6.0
2026-09-05,wk inc covid hosp,3,2026-09-26,38,quantile,0.8,7.0
2026-09-05,wk inc covid hosp,3,2026-09-26,38,quantile,0.85,8.0
2026-09-05,wk inc covid hosp,3,2026-09-26,38,quantile,0.9,8.0
2026-09-05,wk inc covid hosp,3,2026-09-26,38,quantile,0.95,10.0
2026-09-05,wk inc covid hosp,3,2026-09-26,38,quantile,0.975,11.0
2026-09-05,wk inc covid hosp,3,2026-09-26,38,quantile,0.99,12.0
2026-09-05,wk inc covid hosp,3,2026-09-26,39,quantile,0.01,4.0
2026-09-05,wk inc covid hosp,3,2026-09-26,39,quantile,0.025,10.0
2026-09-05,wk inc covid hosp,3,2026-09-26,39,quantile,0.05,17.0
2026-09-05,wk inc covid hosp,3,2026-09-26,39,quantile,0.1,26.0
2026-09-05,wk inc covid hosp,3,2026-09-26,39,quantile,0.15,31.0
2026-09-05,wk inc covid hosp,3,2026-09-26,39,quantile,0.2,37.0
2026-09-05,wk inc covid hosp,3,2026-09-26,39,quantile,0.25,44.0
2026-09-05,wk inc covid hosp,3,2026-09-26,39,quantile,0.3,50.0
2026-09-05,wk inc covid hosp,3,2026-09-26,39,quantile,0.35,56.0
2026-09-05,wk inc covid hosp,3,2026-09-26,39,quantile,0.4,61.0
2026-09-05,wk inc covid hosp,3,2026-09-26,39,quantile,0.45,67.0
2026-09-05,wk inc covid hosp,3,2026-09-26,39,quantile,0.5,72.0
2026-09-05,wk inc covid hosp,3,2026-09-26,39,quantile,0.55,77.0
2026-09-05,wk inc covid hosp,3,2026-09-26,39,quantile,0.6,82.0
2026-09-05,wk inc covid hosp,3,2026-09-26,39,quantile,0.65,88.0
2026-09-05,wk inc covid hosp,3,2026-09-26,39,quantile,0.7,94.0
2026-09-05,wk inc covid hosp,3,2026-09-26,39,quantile,0.75,100.0
2026-09-05,wk inc covid hosp,3,2026-09-26,39,quantile,0.8,107.0
2026-09-05,wk inc covid hosp,3,2026-09-26,39,quantile,0.85,115.0
2026-09-05,wk inc covid hosp,3,2026-09-26,39,quantile,0.9,125.0
2026-09-05,wk inc covid hosp,3,2026-09-26,39,quantile,0.95,140.0
2026-09-05,wk inc covid hosp,3,2026-09-26,39,quantile,0.975,153.0
2026-09-05,wk inc covid hosp,3,2026-09-26,39,quantile,0.99,169.0
2026-09-05,wk inc covid hosp,3,2026-09-26,40,quantile,0.01,1.0
2026-09-05,wk inc covid hosp,3,2026-09-26,40,quantile,0.025,6.0
2026-09-05,wk inc covid hosp,3,2026-09-26,40,quantile,0.05,10.0
2026-09-05,wk inc covid hosp,3,2026-09-26,40,quantile,0.1,15.0
2026-09-05,wk inc covid hosp,3,2026-09-26,40,quantile,0.15,19.0
2026-09-05,wk inc covid hosp,3,2026-09-26,40,quantile,0.2,22.0
2026-09-05,wk inc covid hosp,3,2026-09-26,40,quantile,0.25,24.0
2026-09-05,wk inc covid hosp,3,2026-09-26,40,quantile,0.3,28.0
2026-09-05,wk inc covid hosp,3,2026-09-26,40,quantile,0.35,31.0
2026-09-05,wk inc covid hosp,3,2026-09-26,40,quantile,0.4,34.0
2026-09-05,wk inc covid hosp,3,2026-09-26,40,quantile,0.45,37.0
2026-09-05,wk inc covid hosp,3,2026-09-26,40,quantile,0.5,40.0
2026-09-05,wk inc covid hosp,3,2026-09-26,40,quantile,0.55,43.0
2026-09-05,wk inc covid hosp,3,2026-09-26,40,quantile,0.6,46.0
2026-09-05,wk inc covid hosp,3,2026-09-26,40,quantile,0.65,49.0
2026-09-05,wk inc covid hosp,3,2026-09-26,40,quantile,0.7,52.0
2026-09-05,wk inc covid hosp,3,2026-09-26,40,quantile,0.75,55.0
2026-09-05,wk inc covid hosp,3,2026-09-26,40,quantile,0.8,59.0
2026-09-05,wk inc covid hosp,3,2026-09-26,40,quantile,0.85,63.0
2026-09-05,wk inc covid hosp,3,2026-09-26,40,quantile,0.9,69.0
2026-09-05,wk inc covid hosp,3,2026-09-26,40,quantile,0.95,77.0
2026-09-05,wk inc covid hosp,3,2026-09-26,40,quantile,0.975,85.0
2026-09-05,wk inc covid hosp,3,2026-09-26,40,quantile,0.99,93.0
2026-09-05,wk inc covid hosp,3,2026-09-26,41,quantile,0.01,1.0
2026-09-05,wk inc covid hosp,3,2026-09-26,41,quantile,0.025,3.0
2026-09-05,wk inc covid hosp,3,2026-09-26,41,quantile,0.05,4.0
2026-09-05,wk inc covid hosp,3,2026-09-26,41,quantile,0.1,7.0
2026-09-05,wk inc covid hosp,3,2026-09-26,41,quantile,0.15,10.0
2026-09-05,wk inc covid hosp,3,2026-09-26,41,quantile,0.2,12.0
2026-09-05,wk inc covid hosp,3,2026-09-26,41,quantile,0.25,13.0
2026-09-05,wk inc covid hosp,3,2026-09-26,41,quantile,0.3,16.0
2026-09-05,wk inc covid hosp,3,2026-09-26,41,quantile,0.35,19.0
2026-09-05,wk inc covid hosp,3,2026-09-26,41,quantile,0.4,21.0
2026-09-05,wk inc covid hosp,3,2026-09-26,41,quantile,0.45,24.0
2026-09-05,wk inc covid hosp,3,2026-09-26,41,quantile,0.5,26.0
2026-09-05,wk inc covid hosp,3,2026-09-26,41,quantile,0.55,29.0
2026-09-05,wk inc covid hosp,3,2026-09-26,41,quantile,0.6,31.0
2026-09-05,wk inc covid hosp,3,2026-09-26,41,quantile,0.65,34.0
2026-09-05,wk inc covid hosp,3,2026-09-26,41,quantile,0.7,37.0
2026-09-05,wk inc covid hosp,3,2026-09-26,41,quantile,0.75,40.0
2026-09-05,wk inc covid hosp,3,2026-09-26,41,quantile,0.8,43.0
2026-09-05,wk inc covid hosp,3,2026-09-26,41,quantile,0.85,47.0
2026-09-05,wk inc covid hosp,3,2026-09-26,41,quantile,0.9,52.0
2026-09-05,wk inc covid hosp,3,2026-09-26,41,quantile,0.95,59.0
2026-09-05,wk inc covid hosp,3,2026-09-26,41,quantile,0.975,65.0
2026-09-05,wk inc covid hosp,3,2026-09-26,41,quantile,0.99,73.0
2026-09-05,wk inc covid hosp,3,2026-09-26,42,quantile,0.01,5.0
2026-09-05,wk inc covid hosp,3,2026-09-26,42,quantile,0.025,18.0
2026-09-05,wk inc covid hosp,3,2026-09-26,42,quantile,0.05,32.0
2026-09-05,wk inc covid hosp,3,2026-09-26,42,quantile,0.1,49.0
2026-09-05,wk inc covid hosp,3,2026-09-26,42,quantile,0.15,60.0
2026-09-05,wk inc covid hosp,3,2026-09-26,42,quantile,0.2,68.0
2026-09-05,wk inc covid hosp,3,2026-09-26,42,quantile,0.25,76.0
2026-09-05,wk inc covid hosp,3,2026-09-26,42,quantile,0.3,83.0
2026-09-05,wk inc covid hosp,3,2026-09-26,42,quantile,0.35,89.0
2026-09-05,wk inc covid hosp,3,2026-09-26,42,quantile,0.4,95.0
2026-09-05,wk inc covid hosp,3,2026-09-26,42,quantile,0.45,100.0
2026-09-05,wk inc covid hosp,3,2026-09-26,42,quantile,0.5,106.0
2026-09-05,wk inc covid hosp,3,2026-09-26,42,quantile,0.55,112.0
2026-09-05,wk inc covid hosp,3,2026-09-26,42,quantile,0.6,117.0
2026-09-05,wk inc covid hosp,3,2026-09-26,42,quantile,0.65,123.0
2026-09-05,wk inc covid hosp,3,2026-09-26,42,quantile,0.7,129.0
2026-09-05,wk inc covid hosp,3,2026-09-26,42,quantile,0.75,136.0
2026-09-05,wk inc covid hosp,3,2026-09-26,42,quantile,0.8,144.0
2026-09-05,wk inc covid hosp,3,2026-09-26,42,quantile,0.85,152.0
2026-09-05,wk inc covid hosp,3,2026-09-26,42,quantile,0.9,163.0
2026-09-05,wk inc covid hosp,3,2026-09-26,42,quantile,0.95,179.0
2026-09-05,wk inc covid hosp,3,2026-09-26,42,quantile,0.975,194.0
2026-09-05,wk inc covid hosp,3,2026-09-26,42,quantile,0.99,210.0
2026-09-05,wk inc covid hosp,3,2026-09-26,44,quantile,0.01,0.0
2026-09-05,wk inc covid hosp,3,2026-09-26,44,quantile,0.025,1.0
2026-09-05,wk inc covid hosp,3,2026-09-26,44,quantile,0.05,1.0
2026-09-05,wk inc covid hosp,3,2026-09-26,44,quantile,0.1,2.0
2026-09-05,wk inc covid hosp,3,2026-09-26,44,quantile,0.15,3.0
2026-09-05,wk inc covid hosp,3,2026-09-26,44,quantile,0.2,4.0
2026-09-05,wk inc covid hosp,3,2026-09-26,44,quantile,0.25,4.0
2026-09-05,wk inc covid hosp,3,2026-09-26,44,quantile,0.3,4.0
2026-09-05,wk inc covid hosp,3,2026-09-26,44,quantile,0.35,5.0
2026-09-05,wk inc covid hosp,3,2026-09-26,44,quantile,0.4,5.0
2026-09-05,wk inc covid hosp,3,2026-09-26,44,quantile,0.45,6.0
2026-09-05,wk inc covid hosp,3,2026-09-26,44,quantile,0.5,7.0
2026-09-05,wk inc covid hosp,3,2026-09-26,44,quantile,0.55,7.0
2026-09-05,wk inc covid hosp,3,2026-09-26,44,quantile,0.6,8.0
2026-09-05,wk inc covid hosp,3,2026-09-26,44,quantile,0.65,9.0
2026-09-05,wk inc covid hosp,3,2026-09-26,44,quantile,0.7,9.0
2026-09-05,wk inc covid hosp,3,2026-09-26,44,quantile,0.75,10.0
2026-09-05,wk inc covid hosp,3,2026-09-26,44,quantile,0.8,11.0
2026-09-05,wk inc covid hosp,3,2026-09-26,44,quantile,0.85,12.0
2026-09-05,wk inc covid hosp,3,2026-09-26,44,quantile,0.9,13.0
2026-09-05,wk inc covid hosp,3,2026-09-26,44,quantile,0.95,15.0
2026-09-05,wk inc covid hosp,3,2026-09-26,44,quantile,0.975,17.0
2026-09-05,wk inc covid hosp,3,2026-09-26,44,quantile,0.99,19.0
2026-09-05,wk inc covid hosp,3,2026-09-26,45,quantile,0.01,3.0
2026-09-05,wk inc covid hosp,3,2026-09-26,45,quantile,0.025,9.0
2026-09-05,wk inc covid hosp,3,2026-09-26,45,quantile,0.05,14.0
2026-09-05,wk inc covid hosp,3,2026-09-26,45,quantile,0.1,19.0
2026-09-05,wk inc covid hosp,3,2026-09-26,45,quantile,0.15,23.0
2026-09-05,wk inc covid hosp,3,2026-09-26,45,quantile,0.2,29.0
2026-09-05,wk inc covid hosp,3,2026-09-26,45,quantile,0.25,35.0
2026-09-05,wk inc covid hosp,3,2026-09-26,45,quantile,0.3,41.0
2026-09-05,wk inc covid hosp,3,2026-09-26,45,quantile,0.35,46.0
2026-09-05,wk inc covid hosp,3,2026-09-26,45,quantile,0.4,51.0
2026-09-05,wk inc covid hosp,3,2026-09-26,45,quantile,0.45,56.0
2026-09-05,wk inc covid hosp,3,2026-09-26,45,quantile,0.5,60.0
2026-09-05,wk inc covid hosp,3,2026-09-26,45,quantile,0.55,65.0
2026-09-05,wk inc covid hosp,3,2026-09-26,45,quantile,0.6,70.0
2026-09-05,wk inc covid hosp,3,2026-09-26,45,quantile,0.65,75.0
2026-09-05,wk inc covid hosp,3,2026-09-26,45,quantile,0.7,80.0
2026-09-05,wk inc covid hosp,3,2026-09-26,45,quantile,0.75,85.0
2026-09-05,wk inc covid hosp,3,2026-09-26,45,quantile,0.8,91.0
2026-09-05,wk inc covid hosp,3,2026-09-26,45,quantile,0.85,99.0
2026-09-05,wk inc covid hosp,3,2026-09-26,45,quantile,0.9,108.0
2026-09-05,wk inc covid hosp,3,2026-09-26,45,quantile,0.95,121.0
2026-09-05,wk inc covid hosp,3,2026-09-26,45,quantile,0.975,133.0
2026-09-05,wk inc covid hosp,3,2026-09-26,45,quantile,0.99,146.0
2026-09-05,wk inc covid hosp,3,2026-09-26,46,quantile,0.01,0.0
2026-09-05,wk inc covid hosp,3,2026-09-26,46,quantile,0.025,1.0
2026-09-05,wk inc covid hosp,3,2026-09-26,46,quantile,0.05,1.0
2026-09-05,wk inc covid hosp,3,2026-09-26,46,quantile,0.1,2.0
2026-09-05,wk inc covid hosp,3,2026-09-26,46,quantile,0.15,2.0
2026-09-05,wk inc covid hosp,3,2026-09-26,46,quantile,0.2,3.0
2026-09-05,wk inc covid hosp,3,2026-09-26,46,quantile,0.25,3.0
2026-09-05,wk inc covid hosp,3,2026-09-26,46,quantile,0.3,3.0
2026-09-05,wk inc covid hosp,3,2026-09-26,46,quantile,0.35,4.0
2026-09-05,wk inc covid hosp,3,2026-09-26,46,quantile,0.4,4.0
2026-09-05,wk inc covid hosp,3,2026-09-26,46,quantile,0.45,5.0
2026-09-05,wk inc covid hosp,3,2026-09-26,46,quantile,0.5,6.0
2026-09-05,wk inc covid hosp,3,2026-09-26,46,quantile,0.55,7.0
2026-09-05,wk inc covid hosp,3,2026-09-26,46,quantile,0.6,8.0
2026-09-05,wk inc covid hosp,3,2026-09-26,46,quantile,0.65,9.0
2026-09-05,wk inc covid hosp,3,2026-09-26,46,quantile,0.7,10.0
2026-09-05,wk inc covid hosp,3,2026-09-26,46,quantile,0.75,11.0
2026-09-05,wk inc covid hosp,3,2026-09-26,46,quantile,0.8,12.0
2026-09-05,wk inc covid hosp,3,2026-09-26,46,quantile,0.85,13.0
2026-09-05,wk inc covid hosp,3,2026-09-26,46,quantile,0.9,15.0
2026-09-05,wk inc covid hosp,3,2026-09-26,46,quantile,0.95,18.0
2026-09-05,wk inc covid hosp,3,2026-09-26,46,quantile,0.975,20.0
2026-09-05,wk inc covid hosp,3,2026-09-26,46,quantile,0.99,22.0
2026-09-05,wk inc covid hosp,3,2026-09-26,47,quantile,0.01,5.0
2026-09-05,wk inc covid hosp,3,2026-09-26,47,quantile,0.025,12.0
2026-09-05,wk inc covid hosp,3,2026-09-26,47,quantile,0.05,19.0
2026-09-05,wk inc covid hosp,3,2026-09-26,47,quantile,0.1,33.0
2026-09-05,wk inc covid hosp,3,2026-09-26,47,quantile,0.15,42.0
2026-09-05,wk inc covid hosp,3,2026-09-26,47,quantile,0.2,49.0
2026-09-05,wk inc covid hosp,3,2026-09-26,47,quantile,0.25,55.0
2026-09-05,wk inc covid hosp,3,2026-09-26,47,quantile,0.3,60.0
2026-09-05,wk inc covid hosp,3,2026-09-26,47,quantile,0.35,66.0
2026-09-05,wk inc covid hosp,3,2026-09-26,47,quantile,0.4,70.0
2026-09-05,wk inc covid hosp,3,2026-09-26,47,quantile,0.45,75.0
2026-09-05,wk inc covid hosp,3,2026-09-26,47,quantile,0.5,80.0
2026-09-05,wk inc covid hosp,3,2026-09-26,47,quantile,0.55,84.0
2026-09-05,wk inc covid hosp,3,2026-09-26,47,quantile,0.6,89.0
2026-09-05,wk inc covid hosp,3,2026-09-26,47,quantile,0.65,94.0
2026-09-05,wk inc covid hosp,3,2026-09-26,47,quantile,0.7,99.0
2026-09-05,wk inc covid hosp,3,2026-09-26,47,quantile,0.75,104.0
2026-09-05,wk inc covid hosp,3,2026-09-26,47,quantile,0.8,111.0
2026-09-05,wk inc covid hosp,3,2026-09-26,47,quantile,0.85,118.0
2026-09-05,wk inc covid hosp,3,2026-09-26,47,quantile,0.9,127.0
2026-09-05,wk inc covid hosp,3,2026-09-26,47,quantile,0.95,140.0
2026-09-05,wk inc covid hosp,3,2026-09-26,47,quantile,0.975,151.0
2026-09-05,wk inc covid hosp,3,2026-09-26,47,quantile,0.99,165.0
2026-09-05,wk inc covid hosp,3,2026-09-26,48,quantile,0.01,7.0
2026-09-05,wk inc covid hosp,3,2026-09-26,48,quantile,0.025,55.0
2026-09-05,wk inc covid hosp,3,2026-09-26,48,quantile,0.05,107.0
2026-09-05,wk inc covid hosp,3,2026-09-26,48,quantile,0.1,166.0
2026-09-05,wk inc covid hosp,3,2026-09-26,48,quantile,0.15,206.0
2026-09-05,wk inc covid hosp,3,2026-09-26,48,quantile,0.2,238.0
2026-09-05,wk inc covid hosp,3,2026-09-26,48,quantile,0.25,266.0
2026-09-05,wk inc covid hosp,3,2026-09-26,48,quantile,0.3,290.0
2026-09-05,wk inc covid hosp,3,2026-09-26,48,quantile,0.35,313.0
2026-09-05,wk inc covid hosp,3,2026-09-26,48,quantile,0.4,335.0
2026-09-05,wk inc covid hosp,3,2026-09-26,48,quantile,0.45,356.0
2026-09-05,wk inc covid hosp,3,2026-09-26,48,quantile,0.5,377.0
2026-09-05,wk inc covid hosp,3,2026-09-26,48,quantile,0.55,397.0
2026-09-05,wk inc covid hosp,3,2026-09-26,48,quantile,0.6,418.0
2026-09-05,wk inc covid hosp,3,2026-09-26,48,quantile,0.65,440.0
2026-09-05,wk inc covid hosp,3,2026-09-26,48,quantile,0.7,463.0
2026-09-05,wk inc covid hosp,3,2026-09-26,48,quantile,0.75,487.0
2026-09-05,wk inc covid hosp,3,2026-09-26,48,quantile,0.8,515.0
2026-09-05,wk inc covid hosp,3,2026-09-26,48,quantile,0.85,547.0
2026-09-05,wk inc covid hosp,3,2026-09-26,48,quantile,0.9,587.0
2026-09-05,wk inc covid hosp,3,2026-09-26,48,quantile,0.95,647.0
2026-09-05,wk inc covid hosp,3,2026-09-26,48,quantile,0.975,698.0
2026-09-05,wk inc covid hosp,3,2026-09-26,48,quantile,0.99,759.0
2026-09-05,wk inc covid hosp,3,2026-09-26,49,quantile,0.01,1.0
2026-09-05,wk inc covid hosp,3,2026-09-26,49,quantile,0.025,2.0
2026-09-05,wk inc covid hosp,3,2026-09-26,49,quantile,0.05,2.0
2026-09-05,wk inc covid hosp,3,2026-09-26,49,quantile,0.1,3.0
2026-09-05,wk inc covid hosp,3,2026-09-26,49,quantile,0.15,4.0
2026-09-05,wk inc covid hosp,3,2026-09-26,49,quantile,0.2,5.0
2026-09-05,wk inc covid hosp,3,2026-09-26,49,quantile,0.25,6.0
2026-09-05,wk inc covid hosp,3,2026-09-26,49,quantile,0.3,7.0
2026-09-05,wk inc covid hosp,3,2026-09-26,49,quantile,0.35,8.0
2026-09-05,wk inc covid hosp,3,2026-09-26,49,quantile,0.4,9.0
2026-09-05,wk inc covid hosp,3,2026-09-26,49,quantile,0.45,11.0
2026-09-05,wk inc covid hosp,3,2026-09-26,49,quantile,0.5,12.0
2026-09-05,wk inc covid hosp,3,2026-09-26,49,quantile,0.55,13.0
2026-09-05,wk inc covid hosp,3,2026-09-26,49,quantile,0.6,15.0
2026-09-05,wk inc covid hosp,3,2026-09-26,49,quantile,0.65,16.0
2026-09-05,wk inc covid hosp,3,2026-09-26,49,quantile,0.7,18.0
2026-09-05,wk inc covid hosp,3,2026-09-26,49,quantile,0.75,19.0
2026-09-05,wk inc covid hosp,3,2026-09-26,49,quantile,0.8,21.0
2026-09-05,wk inc covid hosp,3,2026-09-26,49,quantile,0.85,23.0
2026-09-05,wk inc covid hosp,3,2026-09-26,49,quantile,0.9,26.0
2026-09-05,wk inc covid hosp,3,2026-09-26,49,quantile,0.95,30.0
2026-09-05,wk inc covid hosp,3,2026-09-26,49,quantile,0.975,33.0
2026-09-05,wk inc covid hosp,3,2026-09-26,49,quantile,0.99,37.0
2026-09-05,wk inc covid hosp,3,2026-09-26,50,quantile,0.01,0.0
2026-09-05,wk inc covid hosp,3,2026-09-26,50,quantile,0.025,0.0
2026-09-05,wk inc covid hosp,3,2026-09-26,50,quantile,0.05,1.0
2026-09-05,wk inc covid hosp,3,2026-09-26,50,quantile,0.1,1.0
2026-09-05,wk inc covid hosp,3,2026-09-26,50,quantile,0.15,1.0
2026-09-05,wk inc covid hosp,3,2026-09-26,50,quantile,0.2,2.0
2026-09-05,wk inc covid hosp,3,2026-09-26,50,quantile,0.25,2.0
2026-09-05,wk inc covid hosp,3,2026-09-26,50,quantile,0.3,2.0
2026-09-05,wk inc covid hosp,3,2026-09-26,50,quantile,0.35,2.0
2026-09-05,wk inc covid hosp,3,2026-09-26,50,quantile,0.4,2.0
2026-09-05,wk inc covid hosp,3,2026-09-26,50,quantile,0.45,2.0
2026-09-05,wk inc covid hosp,3,2026-09-26,50,quantile,0.5,3.0
2026-09-05,wk inc covid hosp,3,2026-09-26,50,quantile,0.55,3.0
2026-09-05,wk inc covid hosp,3,2026-09-26,50,quantile,0.6,4.0
2026-09-05,wk inc covid hosp,3,2026-09-26,50,quantile,0.65,5.0
2026-09-05,wk inc covid hosp,3,2026-09-26,50,quantile,0.7,5.0
2026-09-05,wk inc covid hosp,3,2026-09-26,50,quantile,0.75,6.0
2026-09-05,wk inc covid hosp,3,2026-09-26,50,quantile,0.8,6.0
2026-09-05,wk inc covid hosp,3,2026-09-26,50,quantile,0.85,7.0
2026-09-05,wk inc covid hosp,3,2026-09-26,50,quantile,0.9,8.0
2026-09-05,wk inc covid hosp,3,2026-09-26,50,quantile,0.95,10.0
2026-09-05,wk inc covid hosp,3,2026-09-26,50,quantile,0.975,11.0
2026-09-05,wk inc covid hosp,3,2026-09-26,50,quantile,0.99,13.0
2026-09-05,wk inc covid hosp,3,2026-09-26,51,quantile,0.01,2.0
2026-09-05,wk inc covid hosp,3,2026-09-26,51,quantile,0.025,7.0
2026-09-05,wk inc covid hosp,3,2026-09-26,51,quantile,0.05,11.0
2026-09-05,wk inc covid hosp,3,2026-09-26,51,quantile,0.1,16.0
2026-09-05,wk inc covid hosp,3,2026-09-26,51,quantile,0.15,21.0
2026-09-05,wk inc covid hosp,3,2026-09-26,51,quantile,0.2,25.0
2026-09-05,wk inc covid hosp,3,2026-09-26,51,quantile,0.25,29.0
2026-09-05,wk inc covid hosp,3,2026-09-26,51,quantile,0.3,33.0
2026-09-05,wk inc covid hosp,3,2026-09-26,51,quantile,0.35,37.0
2026-09-05,wk inc covid hosp,3,2026-09-26,51,quantile,0.4,40.0
2026-09-05,wk inc covid hosp,3,2026-09-26,51,quantile,0.45,43.0
2026-09-05,wk inc covid hosp,3,2026-09-26,51,quantile,0.5,46.0
2026-09-05,wk inc covid hosp,3,2026-09-26,51,quantile,0.55,49.0
2026-09-05,wk inc covid hosp,3,2026-09-26,51,quantile,0.6,52.0
2026-09-05,wk inc covid hosp,3,2026-09-26,51,quantile,0.65,55.0
2026-09-05,wk inc covid hosp,3,2026-09-26,51,quantile,0.7,59.0
2026-09-05,wk inc covid hosp,3,2026-09-26,51,quantile,0.75,63.0
2026-09-05,wk inc covid hosp,3,2026-09-26,51,quantile,0.8,67.0
2026-09-05,wk inc covid hosp,3,2026-09-26,51,quantile,0.85,71.0
2026-09-05,wk inc covid hosp,3,2026-09-26,51,quantile,0.9,77.0
2026-09-05,wk inc covid hosp,3,2026-09-26,51,quantile,0.95,86.0
2026-09-05,wk inc covid hosp,3,2026-09-26,51,quantile,0.975,94.0
2026-09-05,wk inc covid hosp,3,2026-09-26,51,quantile,0.99,103.0
2026-09-05,wk inc covid hosp,3,2026-09-26,53,quantile,0.01,2.0
2026-09-05,wk inc covid hosp,3,2026-09-26,53,quantile,0.025,4.0
2026-09-05,wk inc covid hosp,3,2026-09-26,53,quantile,0.05,7.0
2026-09-05,wk inc covid hosp,3,2026-09-26,53,quantile,0.1,13.0
2026-09-05,wk inc covid hosp,3,2026-09-26,53,quantile,0.15,18.0
2026-09-05,wk inc covid hosp,3,2026-09-26,53,quantile,0.2,25.0
2026-09-05,wk inc covid hosp,3,2026-09-26,53,quantile,0.25,31.0
2026-09-05,wk inc covid hosp,3,2026-09-26,53,quantile,0.3,36.0
2026-09-05,wk inc covid hosp,3,2026-09-26,53,quantile,0.35,41.0
2026-09-05,wk inc covid hosp,3,2026-09-26,53,quantile,0.4,46.0
2026-09-05,wk inc covid hosp,3,2026-09-26,53,quantile,0.45,50.0
2026-09-05,wk inc covid hosp,3,2026-09-26,53,quantile,0.5,54.0
2026-09-05,wk inc covid hosp,3,2026-09-26,53,quantile,0.55,59.0
2026-09-05,wk inc covid hosp,3,2026-09-26,53,quantile,0.6,63.0
2026-09-05,wk inc covid hosp,3,2026-09-26,53,quantile,0.65,68.0
2026-09-05,wk inc covid hosp,3,2026-09-26,53,quantile,0.7,73.0
2026-09-05,wk inc covid hosp,3,2026-09-26,53,quantile,0.75,78.0
2026-09-05,wk inc covid hosp,3,2026-09-26,53,quantile,0.8,84.0
2026-09-05,wk inc covid hosp,3,2026-09-26,53,quantile,0.85,91.0
2026-09-05,wk inc covid hosp,3,2026-09-26,53,quantile,0.9,100.0
2026-09-05,wk inc covid hosp,3,2026-09-26,53,quantile,0.95,112.0
2026-09-05,wk inc covid hosp,3,2026-09-26,53,quantile,0.975,123.0
2026-09-05,wk inc covid hosp,3,2026-09-26,53,quantile,0.99,136.0
2026-09-05,wk inc covid hosp,3,2026-09-26,54,quantile,0.01,1.0
2026-09-05,wk inc covid hosp,3,2026-09-26,54,quantile,0.025,2.0
2026-09-05,wk inc covid hosp,3,2026-09-26,54,quantile,0.05,4.0
2026-09-05,wk inc covid hosp,3,2026-09-26,54,quantile,0.1,5.0
2026-09-05,wk inc covid hosp,3,2026-09-26,54,quantile,0.15,6.0
2026-09-05,wk inc covid hosp,3,2026-09-26,54,quantile,0.2,7.0
2026-09-05,wk inc covid hosp,3,2026-09-26,54,quantile,0.25,8.0
2026-09-05,wk inc covid hosp,3,2026-09-26,54,quantile,0.3,9.0
2026-09-05,wk inc covid hosp,3,2026-09-26,54,quantile,0.35,10.0
2026-09-05,wk inc covid hosp,3,2026-09-26,54,quantile,0.4,10.0
2026-09-05,wk inc covid hosp,3,2026-09-26,54,quantile,0.45,11.0
2026-09-05,wk inc covid hosp,3,2026-09-26,54,quantile,0.5,12.0
2026-09-05,wk inc covid hosp,3,2026-09-26,54,quantile,0.55,13.0
2026-09-05,wk inc covid hosp,3,2026-09-26,54,quantile,0.6,14.0
2026-09-05,wk inc covid hosp,3,2026-09-26,54,quantile,0.65,15.0
2026-09-05,wk inc covid hosp,3,2026-09-26,54,quantile,0.7,16.0
2026-09-05,wk inc covid hosp,3,2026-09-26,54,quantile,0.75,17.0
2026-09-05,wk inc covid hosp,3,2026-09-26,54,quantile,0.8,18.0
2026-09-05,wk inc covid hosp,3,2026-09-26,54,quantile,0.85,20.0
2026-09-05,wk inc covid hosp,3,2026-09-26,54,quantile,0.9,21.0
2026-09-05,wk inc covid hosp,3,2026-09-26,54,quantile,0.95,24.0
2026-09-05,wk inc covid hosp,3,2026-09-26,54,quantile,0.975,26.0
2026-09-05,wk inc covid hosp,3,2026-09-26,54,quantile,0.99,29.0
2026-09-05,wk inc covid hosp,3,2026-09-26,55,quantile,0.01,2.0
2026-09-05,wk inc covid hosp,3,2026-09-26,55,quantile,0.025,5.0
2026-09-05,wk inc covid hosp,3,2026-09-26,55,quantile,0.05,8.0
2026-09-05,wk inc covid hosp,3,2026-09-26,55,quantile,0.1,12.0
2026-09-05,wk inc covid hosp,3,2026-09-26,55,quantile,0.15,15.0
2026-09-05,wk inc covid hosp,3,2026-09-26,55,quantile,0.2,17.0
2026-09-05,wk inc covid hosp,3,2026-09-26,55,quantile,0.25,19.0
2026-09-05,wk inc covid hosp,3,2026-09-26,55,quantile,0.3,21.0
2026-09-05,wk inc covid hosp,3,2026-09-26,55,quantile,0.35,25.0
2026-09-05,wk inc covid hosp,3,2026-09-26,55,quantile,0.4,28.0
2026-09-05,wk inc covid hosp,3,2026-09-26,55,quantile,0.45,32.0
2026-09-05,wk inc covid hosp,3,2026-09-26,55,quantile,0.5,35.0
2026-09-05,wk inc covid hosp,3,2026-09-26,55,quantile,0.55,39.0
2026-09-05,wk inc covid hosp,3,2026-09-26,55,quantile,0.6,42.0
2026-09-05,wk inc covid hosp,3,2026-09-26,55,quantile,0.65,46.0
2026-09-05,wk inc covid hosp,3,2026-09-26,55,quantile,0.7,50.0
2026-09-05,wk inc covid hosp,3,2026-09-26,55,quantile,0.75,54.0
2026-09-05,wk inc covid hosp,3,2026-09-26,55,quantile,0.8,58.0
2026-09-05,wk inc covid hosp,3,2026-09-26,55,quantile,0.85,64.0
2026-09-05,wk inc covid hosp,3,2026-09-26,55,quantile,0.9,70.0
2026-09-05,wk inc covid hosp,3,2026-09-26,55,quantile,0.95,80.0
2026-09-05,wk inc covid hosp,3,2026-09-26,55,quantile,0.975,89.0
2026-09-05,wk inc covid hosp,3,2026-09-26,55,quantile,0.99,99.0
2026-09-05,wk inc covid hosp,3,2026-09-26,56,quantile,0.01,0.0
2026-09-05,wk inc covid hosp,3,2026-09-26,56,quantile,0.025,0.0
2026-09-05,wk inc covid hosp,3,2026-09-26,56,quantile,0.05,1.0
2026-09-05,wk inc covid hosp,3,2026-09-26,56,quantile,0.1,1.0
2026-09-05,wk inc covid hosp,3,2026-09-26,56,quantile,0.15,1.0
2026-09-05,wk inc covid hosp,3,2026-09-26,56,quantile,0.2,2.0
2026-09-05,wk inc covid hosp,3,2026-09-26,56,quantile,0.25,2.0
2026-09-05,wk inc covid hosp,3,2026-09-26,56,quantile,0.3,2.0
2026-09-05,wk inc covid hosp,3,2026-09-26,56,quantile,0.35,2.0
2026-09-05,wk inc covid hosp,3,2026-09-26,56,quantile,0.4,3.0
2026-09-05,wk inc covid hosp,3,2026-09-26,56,quantile,0.45,3.0
2026-09-05,wk inc covid hosp,3,2026-09-26,56,quantile,0.5,4.0
2026-09-05,wk inc covid hosp,3,2026-09-26,56,quantile,0.55,4.0
2026-09-05,wk inc covid hosp,3,2026-09-26,56,quantile,0.6,5.0
2026-09-05,wk inc covid hosp,3,2026-09-26,56,quantile,0.65,6.0
2026-09-05,wk inc covid hosp,3,2026-09-26,56,quantile,0.7,6.0
2026-09-05,wk inc covid hosp,3,2026-09-26,56,quantile,0.75,7.0
2026-09-05,wk inc covid hosp,3,2026-09-26,56,quantile,0.8,8.0
2026-09-05,wk inc covid hosp,3,2026-09-26,56,quantile,0.85,9.0
2026-09-05,wk inc covid hosp,3,2026-09-26,56,quantile,0.9,10.0
2026-09-05,wk inc covid hosp,3,2026-09-26,56,quantile,0.95,12.0
2026-09-05,wk inc covid hosp,3,2026-09-26,56,quantile,0.975,13.0
2026-09-05,wk inc covid hosp,3,2026-09-26,56,quantile,0.99,15.0
2026-09-05,wk inc covid hosp,3,2026-09-26,72,quantile,0.01,2.0
2026-09-05,wk inc covid hosp,3,2026-09-26,72,quantile,0.025,6.0
2026-09-05,wk inc covid hosp,3,2026-09-26,72,quantile,0.05,9.0
2026-09-05,wk inc covid hosp,3,2026-09-26,72,quantile,0.1,13.0
2026-09-05,wk inc covid hosp,3,2026-09-26,72,quantile,0.15,15.0
2026-09-05,wk inc covid hosp,3,2026-09-26,72,quantile,0.2,17.0
2026-09-05,wk inc covid hosp,3,2026-09-26,72,quantile,0.25,19.0
2026-09-05,wk inc covid hosp,3,2026-09-26,72,quantile,0.3,21.0
2026-09-05,wk inc covid hosp,3,2026-09-26,72,quantile,0.35,22.0
2026-09-05,wk inc covid hosp,3,2026-09-26,72,quantile,0.4,23.0
2026-09-05,wk inc covid hosp,3,2026-09-26,72,quantile,0.45,46.0
2026-09-05,wk inc covid hosp,3,2026-09-26,72,quantile,0.5,73.0
2026-09-05,wk inc covid hosp,3,2026-09-26,72,quantile,0.55,100.0
2026-09-05,wk inc covid hosp,3,2026-09-26,72,quantile,0.6,127.0
2026-09-05,wk inc covid hosp,3,2026-09-26,72,quantile,0.65,155.0
2026-09-05,wk inc covid hosp,3,2026-09-26,72,quantile,0.7,185.0
2026-09-05,wk inc covid hosp,3,2026-09-26,72,quantile,0.75,217.0
2026-09-05,wk inc covid hosp,3,2026-09-26,72,quantile,0.8,253.0
2026-09-05,wk inc covid hosp,3,2026-09-26,72,quantile,0.85,294.0
2026-09-05,wk inc covid hosp,3,2026-09-26,72,quantile,0.9,347.0
2026-09-05,wk inc covid hosp,3,2026-09-26,72,quantile,0.95,424.0
2026-09-05,wk inc covid hosp,3,2026-09-26,72,quantile,0.975,491.0
2026-09-05,wk inc covid hosp,3,2026-09-26,72,quantile,0.99,569.0
