{"0": 1.6102566638642994, "1": 3.5330946180555554, "2": 20.752708731676226, "3": 20.939549839228295}