{"0": 2.3499566974595845, "1": 4.00652147163775, "2": 25.59827044025157, "3": 22.2259385665529, "4": 5.115632364493323, "5": 29.899908172635445, "6": 109.63299663299664, "7": 361.7888888888889}