{"fnlwgt": [189778.36651208502, 105549.97769702224], "education-num": [10.0806793403151, 2.5727203320673877], "capital-loss": [87.303829734959, 402.9602186489998], "age": [38.58164675532078, 13.640432553581341], "capital-gain": [1077.6488437087312, 7385.292084840338], "hours-per-week": [40.437455852092995, 12.347428681731843]}